Source,Target,Weight,Source_Type,Target_Type
4234,5899,2,Expanded_Known_Family,Known_Family_Only
4234,68,1,Expanded_Known_Family,Expanded_Known_Family
4234,526,3,Expanded_Known_Family,Potential_Novel_Family
4234,12653,1,Expanded_Known_Family,Known_Family_Only
5633,7903,1,Potential_Novel_Family,Potential_Novel_Family
119,5902,2,Expanded_Known_Family,Expanded_Known_Family
2041,9303,1,Known_Family_Only,Potential_Novel_Family
3837,6695,1,Expanded_Known_Family,Potential_Novel_Family
3837,12505,1,Expanded_Known_Family,Expanded_Known_Family
3837,7838,1,Expanded_Known_Family,Expanded_Known_Family
3837,40,1,Expanded_Known_Family,Expanded_Known_Family
3837,9039,1,Expanded_Known_Family,Expanded_Known_Family
3837,12525,1,Expanded_Known_Family,Potential_Novel_Family
3837,1456,1,Expanded_Known_Family,Potential_Novel_Family
3837,11658,1,Expanded_Known_Family,Known_Family_Only
3837,3583,1,Expanded_Known_Family,Potential_Novel_Family
7321,8633,7,Expanded_Known_Family,Expanded_Known_Family
7321,8779,3,Expanded_Known_Family,Potential_Novel_Family
7321,8908,2,Expanded_Known_Family,Expanded_Known_Family
793,1196,3,Expanded_Known_Family,Expanded_Known_Family
793,1001,1,Expanded_Known_Family,Expanded_Known_Family
793,2213,1,Expanded_Known_Family,Expanded_Known_Family
793,2688,1,Expanded_Known_Family,Potential_Novel_Family
1196,1001,1,Expanded_Known_Family,Expanded_Known_Family
1361,2561,5,Expanded_Known_Family,Expanded_Known_Family
1361,199,1,Expanded_Known_Family,Expanded_Known_Family
1361,1978,6,Expanded_Known_Family,Expanded_Known_Family
1361,1784,1,Expanded_Known_Family,Potential_Novel_Family
1361,4833,1,Expanded_Known_Family,Potential_Novel_Family
1361,5304,1,Expanded_Known_Family,Potential_Novel_Family
1361,8335,1,Expanded_Known_Family,Expanded_Known_Family
1361,1036,1,Expanded_Known_Family,Expanded_Known_Family
1361,1523,1,Expanded_Known_Family,Potential_Novel_Family
1361,6227,1,Expanded_Known_Family,Potential_Novel_Family
1361,12376,1,Expanded_Known_Family,Potential_Novel_Family
1361,7197,1,Expanded_Known_Family,Potential_Novel_Family
1361,3035,1,Expanded_Known_Family,Potential_Novel_Family
1361,4317,1,Expanded_Known_Family,Expanded_Known_Family
1361,11575,1,Expanded_Known_Family,Potential_Novel_Family
1361,11150,1,Expanded_Known_Family,Known_Family_Only
1361,4109,1,Expanded_Known_Family,Potential_Novel_Family
1361,2088,1,Expanded_Known_Family,Known_Family_Only
2561,2748,6,Expanded_Known_Family,Expanded_Known_Family
1260,5723,1,Potential_Novel_Family,Known_Family_Only
3018,4668,1,Potential_Novel_Family,Known_Family_Only
829,9532,1,Expanded_Known_Family,Potential_Novel_Family
829,2985,1,Expanded_Known_Family,Potential_Novel_Family
829,9226,7,Expanded_Known_Family,Expanded_Known_Family
829,10252,1,Expanded_Known_Family,Potential_Novel_Family
829,8712,1,Expanded_Known_Family,Expanded_Known_Family
531,7047,1,Expanded_Known_Family,Potential_Novel_Family
531,1714,5,Expanded_Known_Family,Expanded_Known_Family
531,1454,6,Expanded_Known_Family,Expanded_Known_Family
531,4846,1,Expanded_Known_Family,Potential_Novel_Family
531,10180,2,Expanded_Known_Family,Expanded_Known_Family
6092,9153,1,Known_Family_Only,Expanded_Known_Family
9153,2108,5,Expanded_Known_Family,Expanded_Known_Family
5811,6465,1,Potential_Novel_Family,Potential_Novel_Family
747,4381,2,Expanded_Known_Family,Known_Family_Only
747,5531,3,Expanded_Known_Family,Potential_Novel_Family
747,4087,4,Expanded_Known_Family,Expanded_Known_Family
747,2139,1,Expanded_Known_Family,Expanded_Known_Family
747,8049,1,Expanded_Known_Family,Known_Family_Only
11221,11908,27,Expanded_Known_Family,Expanded_Known_Family
11221,11746,14,Expanded_Known_Family,Expanded_Known_Family
11221,184,5,Expanded_Known_Family,Expanded_Known_Family
11221,1823,5,Expanded_Known_Family,Expanded_Known_Family
11221,3213,5,Expanded_Known_Family,Expanded_Known_Family
11221,7456,5,Expanded_Known_Family,Expanded_Known_Family
11221,11274,2,Expanded_Known_Family,Expanded_Known_Family
11221,11873,7,Expanded_Known_Family,Expanded_Known_Family
11221,12270,2,Expanded_Known_Family,Known_Family_Only
11221,10574,1,Expanded_Known_Family,Expanded_Known_Family
11221,9603,1,Expanded_Known_Family,Known_Family_Only
11221,10170,1,Expanded_Known_Family,Potential_Novel_Family
11221,11745,3,Expanded_Known_Family,Potential_Novel_Family
11221,139,1,Expanded_Known_Family,Expanded_Known_Family
11908,11437,1,Expanded_Known_Family,Potential_Novel_Family
11908,184,5,Expanded_Known_Family,Expanded_Known_Family
11908,1823,5,Expanded_Known_Family,Expanded_Known_Family
11908,3213,5,Expanded_Known_Family,Expanded_Known_Family
11908,7456,5,Expanded_Known_Family,Expanded_Known_Family
11908,11197,2,Expanded_Known_Family,Expanded_Known_Family
11908,9603,1,Expanded_Known_Family,Known_Family_Only
11908,11052,4,Expanded_Known_Family,Expanded_Known_Family
11908,11862,1,Expanded_Known_Family,Potential_Novel_Family
11908,7956,1,Expanded_Known_Family,Potential_Novel_Family
11908,11397,3,Expanded_Known_Family,Expanded_Known_Family
11908,11293,2,Expanded_Known_Family,Expanded_Known_Family
11908,11174,1,Expanded_Known_Family,Expanded_Known_Family
11908,11576,1,Expanded_Known_Family,Expanded_Known_Family
1376,5260,2,Potential_Novel_Family,Expanded_Known_Family
8969,9186,1,Known_Family_Only,Potential_Novel_Family
1850,11538,1,Known_Family_Only,Potential_Novel_Family
519,8228,2,Expanded_Known_Family,Expanded_Known_Family
3677,10289,1,Potential_Novel_Family,Known_Family_Only
4083,5012,3,Expanded_Known_Family,Potential_Novel_Family
4083,10208,1,Expanded_Known_Family,Known_Family_Only
4083,11088,2,Expanded_Known_Family,Potential_Novel_Family
4083,6177,1,Expanded_Known_Family,Expanded_Known_Family
9067,10938,1,Known_Family_Only,Potential_Novel_Family
128,9954,1,Known_Family_Only,Potential_Novel_Family
128,181,1,Known_Family_Only,Expanded_Known_Family
128,5085,1,Known_Family_Only,Potential_Novel_Family
2174,9036,1,Known_Family_Only,Potential_Novel_Family
2174,2614,1,Known_Family_Only,Potential_Novel_Family
5791,9548,2,Potential_Novel_Family,Potential_Novel_Family
9548,6147,1,Potential_Novel_Family,Potential_Novel_Family
230,861,1,Expanded_Known_Family,Potential_Novel_Family
230,7142,1,Expanded_Known_Family,Potential_Novel_Family
230,660,1,Expanded_Known_Family,Expanded_Known_Family
861,483,2,Potential_Novel_Family,Expanded_Known_Family
861,1437,1,Potential_Novel_Family,Expanded_Known_Family
1705,7391,1,Potential_Novel_Family,Potential_Novel_Family
1705,4231,3,Potential_Novel_Family,Expanded_Known_Family
5040,8781,15,Expanded_Known_Family,Expanded_Known_Family
5040,11412,6,Expanded_Known_Family,Expanded_Known_Family
5040,12317,1,Expanded_Known_Family,Known_Family_Only
5040,9188,4,Expanded_Known_Family,Expanded_Known_Family
5040,5295,1,Expanded_Known_Family,Expanded_Known_Family
5040,8316,2,Expanded_Known_Family,Expanded_Known_Family
5040,2058,3,Expanded_Known_Family,Expanded_Known_Family
5040,4621,1,Expanded_Known_Family,Potential_Novel_Family
5040,6584,1,Expanded_Known_Family,Potential_Novel_Family
5040,11252,1,Expanded_Known_Family,Expanded_Known_Family
5040,1353,2,Expanded_Known_Family,Potential_Novel_Family
5040,3743,1,Expanded_Known_Family,Potential_Novel_Family
5040,2360,1,Expanded_Known_Family,Potential_Novel_Family
5040,7928,1,Expanded_Known_Family,Potential_Novel_Family
5040,9362,1,Expanded_Known_Family,Expanded_Known_Family
5040,1862,1,Expanded_Known_Family,Known_Family_Only
5040,9689,1,Expanded_Known_Family,Known_Family_Only
5040,9426,1,Expanded_Known_Family,Known_Family_Only
5040,1483,1,Expanded_Known_Family,Potential_Novel_Family
8781,4670,5,Expanded_Known_Family,Expanded_Known_Family
8781,12749,1,Expanded_Known_Family,Potential_Novel_Family
7341,9182,5,Expanded_Known_Family,Expanded_Known_Family
7341,9842,1,Expanded_Known_Family,Expanded_Known_Family
7341,1937,1,Expanded_Known_Family,Expanded_Known_Family
7341,9145,1,Expanded_Known_Family,Expanded_Known_Family
7341,10155,1,Expanded_Known_Family,Known_Family_Only
9182,8317,1,Expanded_Known_Family,Known_Family_Only
9182,7453,1,Expanded_Known_Family,Potential_Novel_Family
9182,7297,3,Expanded_Known_Family,Expanded_Known_Family
9182,1,1,Expanded_Known_Family,Expanded_Known_Family
5778,9094,1,Known_Family_Only,Expanded_Known_Family
9094,11271,1,Expanded_Known_Family,Potential_Novel_Family
3057,3621,1,Known_Family_Only,Potential_Novel_Family
75,12443,1,Known_Family_Only,Potential_Novel_Family
75,77,1,Known_Family_Only,Expanded_Known_Family
11746,11174,7,Expanded_Known_Family,Expanded_Known_Family
243,4260,2,Expanded_Known_Family,Expanded_Known_Family
243,9728,1,Expanded_Known_Family,Known_Family_Only
243,390,1,Expanded_Known_Family,Potential_Novel_Family
243,3112,1,Expanded_Known_Family,Known_Family_Only
243,3113,1,Expanded_Known_Family,Known_Family_Only
243,690,1,Expanded_Known_Family,Expanded_Known_Family
243,823,1,Expanded_Known_Family,Potential_Novel_Family
4260,1262,2,Expanded_Known_Family,Expanded_Known_Family
4260,2493,3,Expanded_Known_Family,Expanded_Known_Family
5388,5634,1,Potential_Novel_Family,Potential_Novel_Family
5634,11275,3,Potential_Novel_Family,Known_Family_Only
7526,12633,1,Expanded_Known_Family,Potential_Novel_Family
7526,11812,1,Expanded_Known_Family,Known_Family_Only
7526,9596,1,Expanded_Known_Family,Known_Family_Only
7526,10848,4,Expanded_Known_Family,Potential_Novel_Family
7526,12285,4,Expanded_Known_Family,Expanded_Known_Family
7526,9933,8,Expanded_Known_Family,Expanded_Known_Family
7526,7481,1,Expanded_Known_Family,Known_Family_Only
7526,12879,1,Expanded_Known_Family,Potential_Novel_Family
7526,9800,1,Expanded_Known_Family,Potential_Novel_Family
7526,203,1,Expanded_Known_Family,Expanded_Known_Family
1107,9009,6,Expanded_Known_Family,Expanded_Known_Family
1107,5315,1,Expanded_Known_Family,Potential_Novel_Family
1107,7939,33,Expanded_Known_Family,Expanded_Known_Family
1107,2442,1,Expanded_Known_Family,Expanded_Known_Family
1107,5027,4,Expanded_Known_Family,Potential_Novel_Family
1107,7818,6,Expanded_Known_Family,Expanded_Known_Family
1107,7308,12,Expanded_Known_Family,Potential_Novel_Family
1107,8236,2,Expanded_Known_Family,Expanded_Known_Family
1107,8396,6,Expanded_Known_Family,Expanded_Known_Family
1107,9136,1,Expanded_Known_Family,Potential_Novel_Family
1107,108,1,Expanded_Known_Family,Expanded_Known_Family
1107,8221,1,Expanded_Known_Family,Known_Family_Only
1575,3576,1,Known_Family_Only,Expanded_Known_Family
1575,2662,1,Known_Family_Only,Potential_Novel_Family
1575,3920,1,Known_Family_Only,Potential_Novel_Family
3576,4948,1,Expanded_Known_Family,Potential_Novel_Family
3576,11748,1,Expanded_Known_Family,Potential_Novel_Family
1166,5157,1,Potential_Novel_Family,Known_Family_Only
5870,9808,1,Potential_Novel_Family,Known_Family_Only
4084,12705,1,Expanded_Known_Family,Potential_Novel_Family
4084,2154,1,Expanded_Known_Family,Potential_Novel_Family
4084,6461,1,Expanded_Known_Family,Potential_Novel_Family
750,7943,1,Potential_Novel_Family,Known_Family_Only
807,7503,1,Expanded_Known_Family,Potential_Novel_Family
807,10335,1,Expanded_Known_Family,Expanded_Known_Family
807,358,1,Expanded_Known_Family,Expanded_Known_Family
807,7733,1,Expanded_Known_Family,Potential_Novel_Family
8372,9991,2,Expanded_Known_Family,Potential_Novel_Family
8372,9791,1,Expanded_Known_Family,Potential_Novel_Family
8372,6739,1,Expanded_Known_Family,Potential_Novel_Family
9991,8371,2,Potential_Novel_Family,Expanded_Known_Family
99,4669,1,Expanded_Known_Family,Expanded_Known_Family
99,163,1,Expanded_Known_Family,Known_Family_Only
4669,4997,1,Expanded_Known_Family,Potential_Novel_Family
10207,11539,1,Known_Family_Only,Potential_Novel_Family
3882,4029,1,Expanded_Known_Family,Known_Family_Only
547,1024,1,Expanded_Known_Family,Potential_Novel_Family
547,1542,1,Expanded_Known_Family,Expanded_Known_Family
547,1703,1,Expanded_Known_Family,Known_Family_Only
1024,1542,1,Potential_Novel_Family,Expanded_Known_Family
1542,529,2,Expanded_Known_Family,Expanded_Known_Family
1542,533,1,Expanded_Known_Family,Potential_Novel_Family
1542,990,1,Expanded_Known_Family,Expanded_Known_Family
1542,11760,1,Expanded_Known_Family,Known_Family_Only
1542,10259,1,Expanded_Known_Family,Potential_Novel_Family
2320,6292,13,Expanded_Known_Family,Expanded_Known_Family
2320,7225,20,Expanded_Known_Family,Expanded_Known_Family
2320,6676,6,Expanded_Known_Family,Expanded_Known_Family
2320,1316,1,Expanded_Known_Family,Expanded_Known_Family
2320,6726,8,Expanded_Known_Family,Expanded_Known_Family
2320,2819,5,Expanded_Known_Family,Potential_Novel_Family
2320,3378,2,Expanded_Known_Family,Potential_Novel_Family
2320,11940,2,Expanded_Known_Family,Expanded_Known_Family
2320,7986,1,Expanded_Known_Family,Known_Family_Only
5582,7829,2,Expanded_Known_Family,Expanded_Known_Family
5582,8235,1,Expanded_Known_Family,Potential_Novel_Family
5582,7536,1,Expanded_Known_Family,Expanded_Known_Family
7829,2610,1,Expanded_Known_Family,Expanded_Known_Family
7829,7536,1,Expanded_Known_Family,Expanded_Known_Family
7829,3610,1,Expanded_Known_Family,Known_Family_Only
2139,4439,1,Expanded_Known_Family,Expanded_Known_Family
2139,10381,1,Expanded_Known_Family,Known_Family_Only
2139,6009,1,Expanded_Known_Family,Potential_Novel_Family
2139,8040,2,Expanded_Known_Family,Expanded_Known_Family
2139,4974,1,Expanded_Known_Family,Potential_Novel_Family
2139,11671,1,Expanded_Known_Family,Potential_Novel_Family
2139,6762,1,Expanded_Known_Family,Potential_Novel_Family
2139,1749,1,Expanded_Known_Family,Expanded_Known_Family
2139,1937,1,Expanded_Known_Family,Expanded_Known_Family
2139,11160,1,Expanded_Known_Family,Expanded_Known_Family
4439,10381,1,Expanded_Known_Family,Known_Family_Only
4439,9959,1,Expanded_Known_Family,Known_Family_Only
4439,10239,1,Expanded_Known_Family,Potential_Novel_Family
4439,8069,2,Expanded_Known_Family,Potential_Novel_Family
4439,5952,1,Expanded_Known_Family,Potential_Novel_Family
4439,9120,1,Expanded_Known_Family,Potential_Novel_Family
4127,6769,1,Expanded_Known_Family,Potential_Novel_Family
4127,388,1,Expanded_Known_Family,Potential_Novel_Family
4127,132,1,Expanded_Known_Family,Expanded_Known_Family
4127,12746,1,Expanded_Known_Family,Potential_Novel_Family
4127,613,4,Expanded_Known_Family,Expanded_Known_Family
4127,12025,1,Expanded_Known_Family,Potential_Novel_Family
4216,4967,2,Known_Family_Only,Potential_Novel_Family
2928,10304,1,Potential_Novel_Family,Potential_Novel_Family
10304,7028,4,Potential_Novel_Family,Expanded_Known_Family
10304,6850,1,Potential_Novel_Family,Known_Family_Only
10304,11961,1,Potential_Novel_Family,Known_Family_Only
634,11621,1,Expanded_Known_Family,Potential_Novel_Family
634,10708,1,Expanded_Known_Family,Known_Family_Only
6867,12787,1,Potential_Novel_Family,Potential_Novel_Family
2462,8774,1,Expanded_Known_Family,Expanded_Known_Family
2462,9042,1,Expanded_Known_Family,Expanded_Known_Family
2462,469,1,Expanded_Known_Family,Expanded_Known_Family
8774,2430,5,Expanded_Known_Family,Expanded_Known_Family
8774,4770,3,Expanded_Known_Family,Expanded_Known_Family
8774,4952,2,Expanded_Known_Family,Expanded_Known_Family
3973,10641,1,Known_Family_Only,Potential_Novel_Family
3894,8937,1,Expanded_Known_Family,Known_Family_Only
3894,4954,2,Expanded_Known_Family,Potential_Novel_Family
3894,12227,1,Expanded_Known_Family,Potential_Novel_Family
3894,6260,1,Expanded_Known_Family,Expanded_Known_Family
5423,9154,1,Known_Family_Only,Potential_Novel_Family
12067,12504,1,Known_Family_Only,Potential_Novel_Family
1572,11156,1,Potential_Novel_Family,Known_Family_Only
946,8525,1,Expanded_Known_Family,Potential_Novel_Family
946,4582,1,Expanded_Known_Family,Potential_Novel_Family
946,6974,1,Expanded_Known_Family,Potential_Novel_Family
946,147,4,Expanded_Known_Family,Expanded_Known_Family
946,3746,3,Expanded_Known_Family,Known_Family_Only
946,3244,1,Expanded_Known_Family,Known_Family_Only
946,4583,1,Expanded_Known_Family,Potential_Novel_Family
946,3321,2,Expanded_Known_Family,Expanded_Known_Family
946,631,1,Expanded_Known_Family,Expanded_Known_Family
946,3109,1,Expanded_Known_Family,Known_Family_Only
946,6599,1,Expanded_Known_Family,Potential_Novel_Family
946,800,1,Expanded_Known_Family,Known_Family_Only
946,8296,1,Expanded_Known_Family,Potential_Novel_Family
946,4334,1,Expanded_Known_Family,Potential_Novel_Family
946,3036,4,Expanded_Known_Family,Known_Family_Only
946,2147,3,Expanded_Known_Family,Potential_Novel_Family
946,3155,1,Expanded_Known_Family,Known_Family_Only
1978,11272,1,Expanded_Known_Family,Known_Family_Only
1978,3553,1,Expanded_Known_Family,Known_Family_Only
1978,9615,1,Expanded_Known_Family,Potential_Novel_Family
1291,5185,1,Potential_Novel_Family,Known_Family_Only
5724,10987,1,Known_Family_Only,Expanded_Known_Family
10987,8713,1,Expanded_Known_Family,Potential_Novel_Family
10987,1691,1,Expanded_Known_Family,Potential_Novel_Family
10987,3368,1,Expanded_Known_Family,Expanded_Known_Family
10987,3860,1,Expanded_Known_Family,Known_Family_Only
10987,7970,1,Expanded_Known_Family,Expanded_Known_Family
10987,2265,1,Expanded_Known_Family,Expanded_Known_Family
10987,10221,1,Expanded_Known_Family,Potential_Novel_Family
652,712,1,Known_Family_Only,Potential_Novel_Family
2309,5749,1,Potential_Novel_Family,Potential_Novel_Family
1154,1220,1,Known_Family_Only,Potential_Novel_Family
1154,3235,1,Known_Family_Only,Known_Family_Only
1154,147,1,Known_Family_Only,Expanded_Known_Family
1220,3235,1,Potential_Novel_Family,Known_Family_Only
4,360,1,Expanded_Known_Family,Known_Family_Only
4,456,1,Expanded_Known_Family,Expanded_Known_Family
4,5813,1,Expanded_Known_Family,Potential_Novel_Family
4,1761,2,Expanded_Known_Family,Expanded_Known_Family
4,10657,1,Expanded_Known_Family,Known_Family_Only
360,456,1,Known_Family_Only,Expanded_Known_Family
360,2849,1,Known_Family_Only,Potential_Novel_Family
360,1894,1,Known_Family_Only,Potential_Novel_Family
456,11223,1,Expanded_Known_Family,Potential_Novel_Family
456,11106,1,Expanded_Known_Family,Potential_Novel_Family
456,10457,1,Expanded_Known_Family,Potential_Novel_Family
223,1651,1,Known_Family_Only,Potential_Novel_Family
223,5389,1,Known_Family_Only,Known_Family_Only
223,5725,1,Known_Family_Only,Known_Family_Only
1651,5389,1,Potential_Novel_Family,Known_Family_Only
1651,5725,1,Potential_Novel_Family,Known_Family_Only
5389,5725,1,Known_Family_Only,Known_Family_Only
3949,10246,1,Potential_Novel_Family,Expanded_Known_Family
10246,11618,1,Expanded_Known_Family,Expanded_Known_Family
10246,10569,1,Expanded_Known_Family,Potential_Novel_Family
10246,12391,1,Expanded_Known_Family,Expanded_Known_Family
10246,12267,2,Expanded_Known_Family,Expanded_Known_Family
10246,11013,7,Expanded_Known_Family,Expanded_Known_Family
72,4868,1,Potential_Novel_Family,Known_Family_Only
72,87,1,Potential_Novel_Family,Expanded_Known_Family
72,1345,1,Potential_Novel_Family,Known_Family_Only
4339,9304,1,Known_Family_Only,Potential_Novel_Family
311,991,1,Known_Family_Only,Potential_Novel_Family
2670,11433,1,Expanded_Known_Family,Potential_Novel_Family
2670,938,2,Expanded_Known_Family,Expanded_Known_Family
2670,1379,1,Expanded_Known_Family,Known_Family_Only
2670,12760,1,Expanded_Known_Family,Known_Family_Only
2670,11615,1,Expanded_Known_Family,Potential_Novel_Family
2670,12096,1,Expanded_Known_Family,Potential_Novel_Family
3622,9037,1,Known_Family_Only,Potential_Novel_Family
8157,10734,1,Potential_Novel_Family,Potential_Novel_Family
1204,4901,1,Potential_Novel_Family,Known_Family_Only
1937,5608,1,Expanded_Known_Family,Expanded_Known_Family
1937,5613,1,Expanded_Known_Family,Expanded_Known_Family
1937,6057,1,Expanded_Known_Family,Known_Family_Only
1937,3245,1,Expanded_Known_Family,Expanded_Known_Family
1937,525,2,Expanded_Known_Family,Known_Family_Only
1937,6595,4,Expanded_Known_Family,Expanded_Known_Family
1937,2078,1,Expanded_Known_Family,Known_Family_Only
1937,448,5,Expanded_Known_Family,Expanded_Known_Family
1937,1879,1,Expanded_Known_Family,Expanded_Known_Family
1937,3700,1,Expanded_Known_Family,Known_Family_Only
1937,9632,1,Expanded_Known_Family,Expanded_Known_Family
1937,4176,1,Expanded_Known_Family,Expanded_Known_Family
1937,2046,1,Expanded_Known_Family,Known_Family_Only
1937,2260,1,Expanded_Known_Family,Known_Family_Only
1937,8138,1,Expanded_Known_Family,Known_Family_Only
1937,3924,1,Expanded_Known_Family,Known_Family_Only
1937,3171,1,Expanded_Known_Family,Potential_Novel_Family
1937,2029,2,Expanded_Known_Family,Expanded_Known_Family
1937,1749,2,Expanded_Known_Family,Expanded_Known_Family
1937,1341,1,Expanded_Known_Family,Expanded_Known_Family
1937,689,1,Expanded_Known_Family,Known_Family_Only
1937,1757,1,Expanded_Known_Family,Expanded_Known_Family
1937,5605,1,Expanded_Known_Family,Potential_Novel_Family
1937,5573,1,Expanded_Known_Family,Known_Family_Only
1937,3507,1,Expanded_Known_Family,Potential_Novel_Family
1937,1887,1,Expanded_Known_Family,Known_Family_Only
1937,7336,1,Expanded_Known_Family,Known_Family_Only
1937,8636,1,Expanded_Known_Family,Potential_Novel_Family
1937,3720,1,Expanded_Known_Family,Expanded_Known_Family
5608,5613,11,Expanded_Known_Family,Expanded_Known_Family
5608,4837,1,Expanded_Known_Family,Potential_Novel_Family
5608,602,1,Expanded_Known_Family,Expanded_Known_Family
5608,147,1,Expanded_Known_Family,Expanded_Known_Family
5613,5672,1,Expanded_Known_Family,Potential_Novel_Family
5613,9761,1,Expanded_Known_Family,Known_Family_Only
5613,11449,1,Expanded_Known_Family,Known_Family_Only
5613,4837,1,Expanded_Known_Family,Potential_Novel_Family
5613,147,1,Expanded_Known_Family,Expanded_Known_Family
1650,9246,2,Expanded_Known_Family,Expanded_Known_Family
1650,199,1,Expanded_Known_Family,Expanded_Known_Family
1650,7224,1,Expanded_Known_Family,Potential_Novel_Family
1650,10461,1,Expanded_Known_Family,Potential_Novel_Family
9246,6684,1,Expanded_Known_Family,Expanded_Known_Family
555,5158,1,Expanded_Known_Family,Potential_Novel_Family
555,1934,1,Expanded_Known_Family,Expanded_Known_Family
555,1169,1,Expanded_Known_Family,Expanded_Known_Family
555,8644,1,Expanded_Known_Family,Expanded_Known_Family
1519,4113,1,Expanded_Known_Family,Expanded_Known_Family
1519,7282,1,Expanded_Known_Family,Potential_Novel_Family
1519,12107,1,Expanded_Known_Family,Potential_Novel_Family
1519,11385,1,Expanded_Known_Family,Potential_Novel_Family
1519,6496,2,Expanded_Known_Family,Expanded_Known_Family
1519,10949,1,Expanded_Known_Family,Potential_Novel_Family
1519,599,1,Expanded_Known_Family,Known_Family_Only
4113,7114,1,Expanded_Known_Family,Potential_Novel_Family
574,688,1,Expanded_Known_Family,Potential_Novel_Family
574,603,2,Expanded_Known_Family,Potential_Novel_Family
574,5656,1,Expanded_Known_Family,Expanded_Known_Family
3142,5255,1,Expanded_Known_Family,Potential_Novel_Family
3142,329,1,Expanded_Known_Family,Potential_Novel_Family
3142,9301,1,Expanded_Known_Family,Potential_Novel_Family
1146,9955,1,Potential_Novel_Family,Known_Family_Only
1146,7179,1,Potential_Novel_Family,Potential_Novel_Family
3429,3623,1,Potential_Novel_Family,Potential_Novel_Family
3429,4130,1,Potential_Novel_Family,Potential_Novel_Family
3623,4130,1,Potential_Novel_Family,Potential_Novel_Family
3623,10540,1,Potential_Novel_Family,Known_Family_Only
3623,12039,1,Potential_Novel_Family,Known_Family_Only
6146,8431,2,Potential_Novel_Family,Expanded_Known_Family
8431,6047,1,Expanded_Known_Family,Known_Family_Only
1836,11806,1,Expanded_Known_Family,Potential_Novel_Family
1836,7623,1,Expanded_Known_Family,Potential_Novel_Family
1836,6924,1,Expanded_Known_Family,Known_Family_Only
1836,9581,1,Expanded_Known_Family,Known_Family_Only
1836,10044,1,Expanded_Known_Family,Potential_Novel_Family
5314,8800,1,Potential_Novel_Family,Known_Family_Only
638,3571,1,Expanded_Known_Family,Expanded_Known_Family
638,6962,1,Expanded_Known_Family,Potential_Novel_Family
3571,10511,1,Expanded_Known_Family,Potential_Novel_Family
3571,1380,1,Expanded_Known_Family,Expanded_Known_Family
3571,10492,1,Expanded_Known_Family,Expanded_Known_Family
3571,8009,1,Expanded_Known_Family,Expanded_Known_Family
3571,565,3,Expanded_Known_Family,Expanded_Known_Family
3571,11288,1,Expanded_Known_Family,Known_Family_Only
3571,10666,1,Expanded_Known_Family,Potential_Novel_Family
3571,10406,2,Expanded_Known_Family,Known_Family_Only
9270,11846,1,Potential_Novel_Family,Potential_Novel_Family
10463,11507,1,Potential_Novel_Family,Expanded_Known_Family
11507,10482,30,Expanded_Known_Family,Expanded_Known_Family
11507,8000,6,Expanded_Known_Family,Expanded_Known_Family
11507,10998,9,Expanded_Known_Family,Expanded_Known_Family
11507,8964,2,Expanded_Known_Family,Expanded_Known_Family
11507,300,1,Expanded_Known_Family,Potential_Novel_Family
11507,3020,1,Expanded_Known_Family,Known_Family_Only
11507,11066,3,Expanded_Known_Family,Expanded_Known_Family
11507,12637,1,Expanded_Known_Family,Potential_Novel_Family
11507,12888,1,Expanded_Known_Family,Known_Family_Only
11507,948,1,Expanded_Known_Family,Potential_Novel_Family
11507,1672,1,Expanded_Known_Family,Expanded_Known_Family
11507,10601,1,Expanded_Known_Family,Potential_Novel_Family
11507,11442,5,Expanded_Known_Family,Expanded_Known_Family
11507,2493,1,Expanded_Known_Family,Expanded_Known_Family
11507,9200,1,Expanded_Known_Family,Known_Family_Only
11507,822,1,Expanded_Known_Family,Expanded_Known_Family
11507,10718,1,Expanded_Known_Family,Known_Family_Only
11507,4458,1,Expanded_Known_Family,Expanded_Known_Family
11507,11724,1,Expanded_Known_Family,Known_Family_Only
11507,13,1,Expanded_Known_Family,Expanded_Known_Family
11507,3428,1,Expanded_Known_Family,Potential_Novel_Family
3883,8588,1,Potential_Novel_Family,Potential_Novel_Family
1535,6810,1,Expanded_Known_Family,Known_Family_Only
1535,437,2,Expanded_Known_Family,Expanded_Known_Family
1535,1576,2,Expanded_Known_Family,Expanded_Known_Family
1535,1588,1,Expanded_Known_Family,Potential_Novel_Family
1535,4383,1,Expanded_Known_Family,Potential_Novel_Family
1535,3514,2,Expanded_Known_Family,Potential_Novel_Family
1535,1897,2,Expanded_Known_Family,Expanded_Known_Family
1535,1427,1,Expanded_Known_Family,Known_Family_Only
1535,1511,1,Expanded_Known_Family,Expanded_Known_Family
1535,4020,1,Expanded_Known_Family,Potential_Novel_Family
1535,4332,1,Expanded_Known_Family,Potential_Novel_Family
4476,12564,1,Potential_Novel_Family,Known_Family_Only
3381,5988,1,Expanded_Known_Family,Expanded_Known_Family
3381,8810,1,Expanded_Known_Family,Potential_Novel_Family
3381,7209,1,Expanded_Known_Family,Known_Family_Only
5988,1511,1,Expanded_Known_Family,Expanded_Known_Family
5988,3162,1,Expanded_Known_Family,Expanded_Known_Family
5988,12459,1,Expanded_Known_Family,Potential_Novel_Family
5988,1676,1,Expanded_Known_Family,Expanded_Known_Family
5988,448,1,Expanded_Known_Family,Expanded_Known_Family
5988,1830,2,Expanded_Known_Family,Expanded_Known_Family
3427,9533,1,Expanded_Known_Family,Potential_Novel_Family
3427,8624,2,Expanded_Known_Family,Known_Family_Only
3427,8643,1,Expanded_Known_Family,Potential_Novel_Family
3427,10427,1,Expanded_Known_Family,Known_Family_Only
3427,1493,1,Expanded_Known_Family,Expanded_Known_Family
5662,7163,1,Known_Family_Only,Expanded_Known_Family
7163,2646,1,Expanded_Known_Family,Potential_Novel_Family
7163,3639,2,Expanded_Known_Family,Expanded_Known_Family
7163,963,1,Expanded_Known_Family,Expanded_Known_Family
7163,2828,1,Expanded_Known_Family,Known_Family_Only
7163,4524,1,Expanded_Known_Family,Potential_Novel_Family
7163,2924,1,Expanded_Known_Family,Known_Family_Only
7163,5155,1,Expanded_Known_Family,Known_Family_Only
7163,6316,1,Expanded_Known_Family,Potential_Novel_Family
7306,8801,1,Potential_Novel_Family,Known_Family_Only
2789,3038,1,Potential_Novel_Family,Expanded_Known_Family
5026,7965,3,Expanded_Known_Family,Potential_Novel_Family
5026,6546,6,Expanded_Known_Family,Expanded_Known_Family
5026,4839,1,Expanded_Known_Family,Expanded_Known_Family
5026,10535,1,Expanded_Known_Family,Potential_Novel_Family
5026,2749,3,Expanded_Known_Family,Expanded_Known_Family
5026,11547,1,Expanded_Known_Family,Potential_Novel_Family
5026,8353,1,Expanded_Known_Family,Potential_Novel_Family
5026,3591,1,Expanded_Known_Family,Expanded_Known_Family
5026,8436,2,Expanded_Known_Family,Expanded_Known_Family
5026,53,1,Expanded_Known_Family,Expanded_Known_Family
5026,4556,1,Expanded_Known_Family,Potential_Novel_Family
5026,7588,1,Expanded_Known_Family,Expanded_Known_Family
5026,11146,1,Expanded_Known_Family,Expanded_Known_Family
5026,133,1,Expanded_Known_Family,Expanded_Known_Family
5026,893,1,Expanded_Known_Family,Expanded_Known_Family
5026,2440,1,Expanded_Known_Family,Potential_Novel_Family
5026,3753,1,Expanded_Known_Family,Known_Family_Only
5026,7259,1,Expanded_Known_Family,Expanded_Known_Family
5026,9497,1,Expanded_Known_Family,Expanded_Known_Family
5026,777,1,Expanded_Known_Family,Expanded_Known_Family
7965,5875,1,Potential_Novel_Family,Known_Family_Only
986,1383,1,Known_Family_Only,Expanded_Known_Family
1383,12112,1,Expanded_Known_Family,Expanded_Known_Family
1383,1262,3,Expanded_Known_Family,Expanded_Known_Family
1383,2699,2,Expanded_Known_Family,Potential_Novel_Family
1383,2867,1,Expanded_Known_Family,Known_Family_Only
1383,3984,2,Expanded_Known_Family,Expanded_Known_Family
1383,549,1,Expanded_Known_Family,Potential_Novel_Family
1383,7579,1,Expanded_Known_Family,Potential_Novel_Family
2140,4300,1,Potential_Novel_Family,Known_Family_Only
992,7780,1,Expanded_Known_Family,Potential_Novel_Family
992,7614,1,Expanded_Known_Family,Known_Family_Only
7585,10018,1,Potential_Novel_Family,Potential_Novel_Family
12384,12795,1,Potential_Novel_Family,Known_Family_Only
71,926,1,Potential_Novel_Family,Known_Family_Only
71,12446,1,Potential_Novel_Family,Known_Family_Only
3245,5023,1,Expanded_Known_Family,Potential_Novel_Family
3733,7076,1,Potential_Novel_Family,Known_Family_Only
1722,3413,1,Expanded_Known_Family,Potential_Novel_Family
1722,3042,1,Expanded_Known_Family,Potential_Novel_Family
1722,353,1,Expanded_Known_Family,Known_Family_Only
6120,7007,1,Expanded_Known_Family,Known_Family_Only
6120,10097,1,Expanded_Known_Family,Known_Family_Only
6120,6693,1,Expanded_Known_Family,Potential_Novel_Family
6656,7166,1,Expanded_Known_Family,Potential_Novel_Family
6656,4073,1,Expanded_Known_Family,Potential_Novel_Family
7166,12604,1,Potential_Novel_Family,Known_Family_Only
7166,5361,1,Potential_Novel_Family,Expanded_Known_Family
3327,3652,1,Potential_Novel_Family,Potential_Novel_Family
3327,3352,9,Potential_Novel_Family,Expanded_Known_Family
3652,10465,2,Potential_Novel_Family,Expanded_Known_Family
3652,3437,1,Potential_Novel_Family,Known_Family_Only
11992,12164,2,Potential_Novel_Family,Potential_Novel_Family
388,5383,1,Potential_Novel_Family,Expanded_Known_Family
388,7972,1,Potential_Novel_Family,Expanded_Known_Family
5383,7972,1,Expanded_Known_Family,Expanded_Known_Family
5383,2549,1,Expanded_Known_Family,Known_Family_Only
5383,10492,2,Expanded_Known_Family,Expanded_Known_Family
5383,9029,1,Expanded_Known_Family,Expanded_Known_Family
5383,12650,1,Expanded_Known_Family,Potential_Novel_Family
5383,27,1,Expanded_Known_Family,Expanded_Known_Family
5383,12529,1,Expanded_Known_Family,Known_Family_Only
7972,11383,1,Expanded_Known_Family,Potential_Novel_Family
7200,10480,1,Potential_Novel_Family,Known_Family_Only
319,716,2,Expanded_Known_Family,Expanded_Known_Family
319,2486,1,Expanded_Known_Family,Known_Family_Only
716,2486,1,Expanded_Known_Family,Known_Family_Only
8708,10589,1,Potential_Novel_Family,Potential_Novel_Family
327,4820,1,Potential_Novel_Family,Potential_Novel_Family
327,12568,1,Potential_Novel_Family,Known_Family_Only
907,6027,1,Expanded_Known_Family,Potential_Novel_Family
907,6837,1,Expanded_Known_Family,Known_Family_Only
907,777,1,Expanded_Known_Family,Expanded_Known_Family
907,2305,1,Expanded_Known_Family,Known_Family_Only
6027,6837,1,Potential_Novel_Family,Known_Family_Only
4681,10939,3,Expanded_Known_Family,Expanded_Known_Family
10939,5506,1,Expanded_Known_Family,Potential_Novel_Family
10939,5326,1,Expanded_Known_Family,Potential_Novel_Family
1348,1830,1,Known_Family_Only,Expanded_Known_Family
1445,7719,2,Expanded_Known_Family,Expanded_Known_Family
1445,2161,1,Expanded_Known_Family,Potential_Novel_Family
7719,1839,5,Expanded_Known_Family,Expanded_Known_Family
5694,9620,1,Potential_Novel_Family,Known_Family_Only
3181,8676,1,Potential_Novel_Family,Known_Family_Only
4143,10789,1,Expanded_Known_Family,Potential_Novel_Family
4143,9792,1,Expanded_Known_Family,Potential_Novel_Family
4143,8990,1,Expanded_Known_Family,Potential_Novel_Family
4143,10726,1,Expanded_Known_Family,Potential_Novel_Family
8938,9127,1,Potential_Novel_Family,Known_Family_Only
45,234,1,Known_Family_Only,Known_Family_Only
45,278,1,Known_Family_Only,Known_Family_Only
45,610,1,Known_Family_Only,Known_Family_Only
45,867,1,Known_Family_Only,Potential_Novel_Family
45,5583,1,Known_Family_Only,Known_Family_Only
45,7471,1,Known_Family_Only,Known_Family_Only
45,9494,1,Known_Family_Only,Known_Family_Only
234,278,1,Known_Family_Only,Known_Family_Only
234,610,1,Known_Family_Only,Known_Family_Only
234,867,1,Known_Family_Only,Potential_Novel_Family
234,5583,1,Known_Family_Only,Known_Family_Only
234,7471,1,Known_Family_Only,Known_Family_Only
234,9494,1,Known_Family_Only,Known_Family_Only
278,610,1,Known_Family_Only,Known_Family_Only
278,867,1,Known_Family_Only,Potential_Novel_Family
278,5583,1,Known_Family_Only,Known_Family_Only
278,7471,1,Known_Family_Only,Known_Family_Only
278,9494,1,Known_Family_Only,Known_Family_Only
610,867,1,Known_Family_Only,Potential_Novel_Family
610,5583,1,Known_Family_Only,Known_Family_Only
610,7471,1,Known_Family_Only,Known_Family_Only
610,9494,1,Known_Family_Only,Known_Family_Only
867,5583,1,Potential_Novel_Family,Known_Family_Only
867,7471,1,Potential_Novel_Family,Known_Family_Only
867,9494,1,Potential_Novel_Family,Known_Family_Only
5583,7471,1,Known_Family_Only,Known_Family_Only
5583,9494,1,Known_Family_Only,Known_Family_Only
7471,9494,1,Known_Family_Only,Known_Family_Only
7471,667,1,Known_Family_Only,Expanded_Known_Family
768,7905,1,Potential_Novel_Family,Known_Family_Only
131,1718,1,Potential_Novel_Family,Known_Family_Only
107,425,1,Expanded_Known_Family,Expanded_Known_Family
107,1909,2,Expanded_Known_Family,Potential_Novel_Family
107,3856,1,Expanded_Known_Family,Known_Family_Only
425,1909,1,Expanded_Known_Family,Potential_Novel_Family
425,8015,1,Expanded_Known_Family,Known_Family_Only
1909,134,1,Potential_Novel_Family,Known_Family_Only
1909,428,1,Potential_Novel_Family,Known_Family_Only
5091,12669,1,Potential_Novel_Family,Potential_Novel_Family
3618,7226,1,Expanded_Known_Family,Known_Family_Only
3618,1568,1,Expanded_Known_Family,Potential_Novel_Family
1520,11698,1,Expanded_Known_Family,Potential_Novel_Family
1520,11795,1,Expanded_Known_Family,Expanded_Known_Family
1520,1762,2,Expanded_Known_Family,Expanded_Known_Family
1520,7772,1,Expanded_Known_Family,Potential_Novel_Family
2413,7201,1,Known_Family_Only,Potential_Novel_Family
4301,7904,1,Known_Family_Only,Potential_Novel_Family
9982,11091,1,Potential_Novel_Family,Potential_Novel_Family
11091,12636,3,Potential_Novel_Family,Expanded_Known_Family
11091,6631,2,Potential_Novel_Family,Expanded_Known_Family
5497,11622,1,Known_Family_Only,Potential_Novel_Family
2458,4749,1,Expanded_Known_Family,Potential_Novel_Family
2458,9811,1,Expanded_Known_Family,Potential_Novel_Family
2458,12393,1,Expanded_Known_Family,Known_Family_Only
2458,7170,1,Expanded_Known_Family,Expanded_Known_Family
6751,12550,1,Potential_Novel_Family,Potential_Novel_Family
1467,12565,1,Potential_Novel_Family,Potential_Novel_Family
1467,1123,1,Potential_Novel_Family,Potential_Novel_Family
10608,12019,13,Expanded_Known_Family,Expanded_Known_Family
10608,11427,4,Expanded_Known_Family,Expanded_Known_Family
10608,11653,12,Expanded_Known_Family,Expanded_Known_Family
10608,302,1,Expanded_Known_Family,Known_Family_Only
10608,336,1,Expanded_Known_Family,Expanded_Known_Family
10608,5342,1,Expanded_Known_Family,Expanded_Known_Family
10608,11823,1,Expanded_Known_Family,Expanded_Known_Family
10608,10402,1,Expanded_Known_Family,Expanded_Known_Family
10608,5060,1,Expanded_Known_Family,Known_Family_Only
12019,302,1,Expanded_Known_Family,Known_Family_Only
12019,336,1,Expanded_Known_Family,Expanded_Known_Family
12019,11378,1,Expanded_Known_Family,Expanded_Known_Family
12019,5060,1,Expanded_Known_Family,Known_Family_Only
12019,11067,3,Expanded_Known_Family,Known_Family_Only
12019,11042,1,Expanded_Known_Family,Expanded_Known_Family
4409,11888,1,Known_Family_Only,Potential_Novel_Family
389,5750,1,Potential_Novel_Family,Known_Family_Only
4340,9187,1,Known_Family_Only,Potential_Novel_Family
4902,10481,1,Known_Family_Only,Potential_Novel_Family
10818,10844,1,Potential_Novel_Family,Known_Family_Only
2619,12130,1,Potential_Novel_Family,Known_Family_Only
5392,7504,5,Expanded_Known_Family,Expanded_Known_Family
5392,8092,10,Expanded_Known_Family,Expanded_Known_Family
5392,8259,5,Expanded_Known_Family,Expanded_Known_Family
5392,8272,1,Expanded_Known_Family,Known_Family_Only
5392,8232,5,Expanded_Known_Family,Expanded_Known_Family
5392,8344,5,Expanded_Known_Family,Expanded_Known_Family
5392,7473,8,Expanded_Known_Family,Expanded_Known_Family
5392,8628,3,Expanded_Known_Family,Potential_Novel_Family
5392,7318,13,Expanded_Known_Family,Expanded_Known_Family
5392,8546,3,Expanded_Known_Family,Expanded_Known_Family
5392,8070,1,Expanded_Known_Family,Known_Family_Only
5392,8139,1,Expanded_Known_Family,Expanded_Known_Family
5392,8239,2,Expanded_Known_Family,Expanded_Known_Family
5392,7630,12,Expanded_Known_Family,Expanded_Known_Family
5392,8172,1,Expanded_Known_Family,Potential_Novel_Family
5392,7833,2,Expanded_Known_Family,Potential_Novel_Family
5392,8133,1,Expanded_Known_Family,Known_Family_Only
5392,2070,1,Expanded_Known_Family,Potential_Novel_Family
5392,8165,1,Expanded_Known_Family,Potential_Novel_Family
5392,8090,1,Expanded_Known_Family,Potential_Novel_Family
5392,803,1,Expanded_Known_Family,Known_Family_Only
5392,1793,1,Expanded_Known_Family,Known_Family_Only
16,7973,1,Expanded_Known_Family,Potential_Novel_Family
16,6720,1,Expanded_Known_Family,Expanded_Known_Family
16,358,2,Expanded_Known_Family,Expanded_Known_Family
16,7150,1,Expanded_Known_Family,Known_Family_Only
16,1627,1,Expanded_Known_Family,Expanded_Known_Family
16,12424,1,Expanded_Known_Family,Known_Family_Only
16,1360,1,Expanded_Known_Family,Potential_Novel_Family
7170,12129,1,Expanded_Known_Family,Potential_Novel_Family
7170,9407,1,Expanded_Known_Family,Potential_Novel_Family
7170,9050,1,Expanded_Known_Family,Potential_Novel_Family
7170,10493,1,Expanded_Known_Family,Known_Family_Only
7170,12377,1,Expanded_Known_Family,Potential_Novel_Family
7170,3369,1,Expanded_Known_Family,Potential_Novel_Family
7170,9953,1,Expanded_Known_Family,Potential_Novel_Family
1262,12279,1,Expanded_Known_Family,Expanded_Known_Family
1262,11544,1,Expanded_Known_Family,Known_Family_Only
1262,12573,1,Expanded_Known_Family,Known_Family_Only
1262,5363,2,Expanded_Known_Family,Expanded_Known_Family
1262,12117,1,Expanded_Known_Family,Potential_Novel_Family
1262,83,1,Expanded_Known_Family,Expanded_Known_Family
1262,843,1,Expanded_Known_Family,Expanded_Known_Family
12279,10587,1,Expanded_Known_Family,Potential_Novel_Family
5361,10762,1,Expanded_Known_Family,Potential_Novel_Family
5361,11934,2,Expanded_Known_Family,Expanded_Known_Family
2430,7028,1,Expanded_Known_Family,Expanded_Known_Family
2430,4770,2,Expanded_Known_Family,Expanded_Known_Family
2430,8712,1,Expanded_Known_Family,Expanded_Known_Family
2430,10079,1,Expanded_Known_Family,Known_Family_Only
2430,1221,1,Expanded_Known_Family,Potential_Novel_Family
2430,3807,2,Expanded_Known_Family,Expanded_Known_Family
2430,3685,1,Expanded_Known_Family,Expanded_Known_Family
2430,10573,1,Expanded_Known_Family,Potential_Novel_Family
2430,4952,6,Expanded_Known_Family,Expanded_Known_Family
2430,469,1,Expanded_Known_Family,Expanded_Known_Family
2430,1787,1,Expanded_Known_Family,Expanded_Known_Family
2430,1815,1,Expanded_Known_Family,Expanded_Known_Family
2430,528,1,Expanded_Known_Family,Expanded_Known_Family
2430,9527,1,Expanded_Known_Family,Known_Family_Only
2430,4392,1,Expanded_Known_Family,Expanded_Known_Family
2430,10716,1,Expanded_Known_Family,Expanded_Known_Family
11303,11889,7,Expanded_Known_Family,Expanded_Known_Family
11303,12034,1,Expanded_Known_Family,Potential_Novel_Family
11303,11993,3,Expanded_Known_Family,Potential_Novel_Family
11303,12358,3,Expanded_Known_Family,Potential_Novel_Family
11303,12141,1,Expanded_Known_Family,Potential_Novel_Family
11303,12315,2,Expanded_Known_Family,Potential_Novel_Family
11303,2815,1,Expanded_Known_Family,Potential_Novel_Family
11303,12853,1,Expanded_Known_Family,Potential_Novel_Family
11303,11578,1,Expanded_Known_Family,Potential_Novel_Family
11889,6945,3,Expanded_Known_Family,Potential_Novel_Family
8120,11085,1,Known_Family_Only,Potential_Novel_Family
8120,6353,1,Known_Family_Only,Expanded_Known_Family
4975,6770,1,Expanded_Known_Family,Potential_Novel_Family
4975,6736,4,Expanded_Known_Family,Potential_Novel_Family
2714,5954,1,Potential_Novel_Family,Potential_Novel_Family
5162,7108,1,Potential_Novel_Family,Known_Family_Only
5162,6381,1,Potential_Novel_Family,Potential_Novel_Family
2765,12829,1,Known_Family_Only,Potential_Novel_Family
731,9128,1,Expanded_Known_Family,Potential_Novel_Family
731,2826,1,Expanded_Known_Family,Potential_Novel_Family
301,3002,3,Expanded_Known_Family,Expanded_Known_Family
301,3277,1,Expanded_Known_Family,Potential_Novel_Family
301,2524,1,Expanded_Known_Family,Known_Family_Only
1896,10590,1,Potential_Novel_Family,Potential_Novel_Family
1896,6352,1,Potential_Novel_Family,Expanded_Known_Family
1610,2820,1,Potential_Novel_Family,Expanded_Known_Family
2820,3909,1,Expanded_Known_Family,Expanded_Known_Family
1559,2188,1,Potential_Novel_Family,Expanded_Known_Family
1559,7682,1,Potential_Novel_Family,Known_Family_Only
2188,5673,1,Expanded_Known_Family,Expanded_Known_Family
2188,10336,1,Expanded_Known_Family,Known_Family_Only
2188,9772,1,Expanded_Known_Family,Potential_Novel_Family
8970,12097,1,Potential_Novel_Family,Known_Family_Only
1375,5281,2,Expanded_Known_Family,Known_Family_Only
1375,4606,3,Expanded_Known_Family,Expanded_Known_Family
1375,5559,1,Expanded_Known_Family,Potential_Novel_Family
1375,5702,1,Expanded_Known_Family,Potential_Novel_Family
1375,5648,1,Expanded_Known_Family,Potential_Novel_Family
1375,5916,1,Expanded_Known_Family,Known_Family_Only
1375,5997,1,Expanded_Known_Family,Potential_Novel_Family
1375,10172,1,Expanded_Known_Family,Potential_Novel_Family
1375,5569,1,Expanded_Known_Family,Potential_Novel_Family
1375,6614,1,Expanded_Known_Family,Potential_Novel_Family
1375,10869,1,Expanded_Known_Family,Potential_Novel_Family
6006,7654,1,Potential_Novel_Family,Potential_Novel_Family
4364,5845,1,Known_Family_Only,Potential_Novel_Family
4606,10906,1,Expanded_Known_Family,Potential_Novel_Family
4606,12357,1,Expanded_Known_Family,Potential_Novel_Family
4606,3471,1,Expanded_Known_Family,Potential_Novel_Family
9068,11086,1,Potential_Novel_Family,Known_Family_Only
483,1120,1,Expanded_Known_Family,Potential_Novel_Family
6220,8371,1,Expanded_Known_Family,Expanded_Known_Family
6220,8842,2,Expanded_Known_Family,Known_Family_Only
6220,10030,3,Expanded_Known_Family,Expanded_Known_Family
6220,1131,1,Expanded_Known_Family,Expanded_Known_Family
6220,4158,1,Expanded_Known_Family,Expanded_Known_Family
6220,11491,1,Expanded_Known_Family,Known_Family_Only
6220,9641,1,Expanded_Known_Family,Potential_Novel_Family
8371,2825,1,Expanded_Known_Family,Potential_Novel_Family
8371,8899,1,Expanded_Known_Family,Known_Family_Only
1792,4477,1,Potential_Novel_Family,Known_Family_Only
10675,11250,1,Potential_Novel_Family,Expanded_Known_Family
11250,1954,1,Expanded_Known_Family,Expanded_Known_Family
11250,6,1,Expanded_Known_Family,Potential_Novel_Family
6012,7258,11,Expanded_Known_Family,Expanded_Known_Family
7258,6558,1,Expanded_Known_Family,Expanded_Known_Family
7258,3628,1,Expanded_Known_Family,Expanded_Known_Family
8919,9464,1,Potential_Novel_Family,Potential_Novel_Family
8919,10423,1,Potential_Novel_Family,Known_Family_Only
5695,7781,1,Potential_Novel_Family,Potential_Novel_Family
170,335,1,Expanded_Known_Family,Potential_Novel_Family
170,1638,1,Expanded_Known_Family,Known_Family_Only
170,359,1,Expanded_Known_Family,Expanded_Known_Family
335,408,1,Potential_Novel_Family,Known_Family_Only
2518,7505,1,Potential_Novel_Family,Potential_Novel_Family
358,7915,6,Expanded_Known_Family,Expanded_Known_Family
358,2112,1,Expanded_Known_Family,Known_Family_Only
358,9433,1,Expanded_Known_Family,Potential_Novel_Family
358,3103,1,Expanded_Known_Family,Potential_Novel_Family
358,8343,1,Expanded_Known_Family,Potential_Novel_Family
358,12732,1,Expanded_Known_Family,Potential_Novel_Family
358,8681,1,Expanded_Known_Family,Potential_Novel_Family
358,9663,3,Expanded_Known_Family,Expanded_Known_Family
358,7733,1,Expanded_Known_Family,Potential_Novel_Family
358,5411,1,Expanded_Known_Family,Potential_Novel_Family
358,1673,1,Expanded_Known_Family,Potential_Novel_Family
358,2446,1,Expanded_Known_Family,Expanded_Known_Family
358,7992,1,Expanded_Known_Family,Known_Family_Only
358,5440,1,Expanded_Known_Family,Potential_Novel_Family
358,11986,1,Expanded_Known_Family,Potential_Novel_Family
358,2146,1,Expanded_Known_Family,Known_Family_Only
358,9218,1,Expanded_Known_Family,Potential_Novel_Family
358,10230,1,Expanded_Known_Family,Expanded_Known_Family
7915,7545,1,Expanded_Known_Family,Known_Family_Only
7915,9663,8,Expanded_Known_Family,Expanded_Known_Family
7915,9782,1,Expanded_Known_Family,Known_Family_Only
7915,10230,3,Expanded_Known_Family,Expanded_Known_Family
7915,11647,1,Expanded_Known_Family,Potential_Novel_Family
7915,7464,2,Expanded_Known_Family,Known_Family_Only
7915,5673,1,Expanded_Known_Family,Expanded_Known_Family
3585,3649,1,Potential_Novel_Family,Expanded_Known_Family
3649,6990,1,Expanded_Known_Family,Known_Family_Only
3649,3958,3,Expanded_Known_Family,Known_Family_Only
3649,10388,1,Expanded_Known_Family,Potential_Novel_Family
3649,9966,1,Expanded_Known_Family,Potential_Novel_Family
3649,400,1,Expanded_Known_Family,Expanded_Known_Family
5092,12774,1,Known_Family_Only,Potential_Novel_Family
1135,3058,2,Expanded_Known_Family,Potential_Novel_Family
2340,2711,1,Expanded_Known_Family,Expanded_Known_Family
2340,6944,3,Expanded_Known_Family,Expanded_Known_Family
2340,5955,2,Expanded_Known_Family,Expanded_Known_Family
2340,690,9,Expanded_Known_Family,Expanded_Known_Family
2340,7147,1,Expanded_Known_Family,Known_Family_Only
2340,2706,1,Expanded_Known_Family,Expanded_Known_Family
2340,3850,1,Expanded_Known_Family,Known_Family_Only
2340,7033,1,Expanded_Known_Family,Expanded_Known_Family
2340,11175,1,Expanded_Known_Family,Expanded_Known_Family
2340,5522,1,Expanded_Known_Family,Known_Family_Only
2340,12230,1,Expanded_Known_Family,Potential_Novel_Family
2340,979,1,Expanded_Known_Family,Known_Family_Only
2340,11884,1,Expanded_Known_Family,Known_Family_Only
2340,5088,1,Expanded_Known_Family,Potential_Novel_Family
2340,5579,1,Expanded_Known_Family,Known_Family_Only
2711,8149,6,Expanded_Known_Family,Expanded_Known_Family
2711,1455,1,Expanded_Known_Family,Known_Family_Only
208,3584,1,Potential_Novel_Family,Potential_Novel_Family
208,7629,1,Potential_Novel_Family,Potential_Novel_Family
2076,5186,1,Potential_Novel_Family,Potential_Novel_Family
2076,3844,1,Potential_Novel_Family,Expanded_Known_Family
1062,6208,1,Expanded_Known_Family,Potential_Novel_Family
1062,1451,1,Expanded_Known_Family,Known_Family_Only
1062,1734,1,Expanded_Known_Family,Potential_Novel_Family
1458,2134,3,Expanded_Known_Family,Expanded_Known_Family
1458,4620,1,Expanded_Known_Family,Potential_Novel_Family
1458,11528,1,Expanded_Known_Family,Known_Family_Only
2134,3474,3,Expanded_Known_Family,Expanded_Known_Family
2134,8084,1,Expanded_Known_Family,Potential_Novel_Family
2134,12082,1,Expanded_Known_Family,Known_Family_Only
2134,8086,2,Expanded_Known_Family,Expanded_Known_Family
227,2907,1,Potential_Novel_Family,Expanded_Known_Family
227,2956,1,Potential_Novel_Family,Known_Family_Only
227,5016,1,Potential_Novel_Family,Known_Family_Only
227,7242,1,Potential_Novel_Family,Expanded_Known_Family
2907,250,1,Expanded_Known_Family,Expanded_Known_Family
2907,1178,1,Expanded_Known_Family,Expanded_Known_Family
2907,1898,1,Expanded_Known_Family,Known_Family_Only
2907,3468,1,Expanded_Known_Family,Known_Family_Only
7394,8480,1,Expanded_Known_Family,Known_Family_Only
7394,8362,3,Expanded_Known_Family,Expanded_Known_Family
7394,3933,5,Expanded_Known_Family,Expanded_Known_Family
7274,10819,2,Potential_Novel_Family,Expanded_Known_Family
2778,5390,1,Expanded_Known_Family,Known_Family_Only
2778,6868,1,Expanded_Known_Family,Known_Family_Only
2778,6402,1,Expanded_Known_Family,Expanded_Known_Family
2778,11643,1,Expanded_Known_Family,Potential_Novel_Family
2778,2345,1,Expanded_Known_Family,Potential_Novel_Family
5390,6868,1,Known_Family_Only,Known_Family_Only
5390,9703,1,Known_Family_Only,Potential_Novel_Family
4320,9038,1,Potential_Novel_Family,Known_Family_Only
455,2198,1,Potential_Novel_Family,Potential_Novel_Family
5635,9564,1,Potential_Novel_Family,Potential_Novel_Family
2558,3827,1,Known_Family_Only,Expanded_Known_Family
2558,9277,1,Known_Family_Only,Expanded_Known_Family
3827,9277,1,Expanded_Known_Family,Expanded_Known_Family
3827,8596,2,Expanded_Known_Family,Expanded_Known_Family
3827,150,1,Expanded_Known_Family,Expanded_Known_Family
3827,337,1,Expanded_Known_Family,Known_Family_Only
3827,1362,1,Expanded_Known_Family,Potential_Novel_Family
3827,8050,1,Expanded_Known_Family,Expanded_Known_Family
9277,691,1,Expanded_Known_Family,Known_Family_Only
9277,3209,1,Expanded_Known_Family,Potential_Novel_Family
500,789,5,Expanded_Known_Family,Expanded_Known_Family
789,236,1,Expanded_Known_Family,Expanded_Known_Family
789,4157,1,Expanded_Known_Family,Potential_Novel_Family
789,5772,2,Expanded_Known_Family,Potential_Novel_Family
4750,5523,1,Known_Family_Only,Potential_Novel_Family
5523,4677,1,Potential_Novel_Family,Known_Family_Only
3528,4751,1,Known_Family_Only,Potential_Novel_Family
3049,10591,1,Expanded_Known_Family,Potential_Novel_Family
3049,4160,1,Expanded_Known_Family,Potential_Novel_Family
3049,3711,1,Expanded_Known_Family,Known_Family_Only
5108,7720,1,Potential_Novel_Family,Known_Family_Only
2792,10134,1,Expanded_Known_Family,Potential_Novel_Family
2792,1649,1,Expanded_Known_Family,Expanded_Known_Family
2792,4420,2,Expanded_Known_Family,Potential_Novel_Family
2792,9473,2,Expanded_Known_Family,Known_Family_Only
2792,5617,1,Expanded_Known_Family,Known_Family_Only
2792,5244,1,Expanded_Known_Family,Potential_Novel_Family
2792,11556,1,Expanded_Known_Family,Known_Family_Only
2792,6926,1,Expanded_Known_Family,Known_Family_Only
2792,7462,2,Expanded_Known_Family,Expanded_Known_Family
7996,8191,1,Potential_Novel_Family,Potential_Novel_Family
7996,10510,1,Potential_Novel_Family,Known_Family_Only
7996,4159,1,Potential_Novel_Family,Known_Family_Only
7996,9241,1,Potential_Novel_Family,Potential_Novel_Family
7996,8156,1,Potential_Novel_Family,Known_Family_Only
487,1152,2,Potential_Novel_Family,Known_Family_Only
487,3182,1,Potential_Novel_Family,Expanded_Known_Family
487,2090,1,Potential_Novel_Family,Known_Family_Only
1152,3182,1,Known_Family_Only,Expanded_Known_Family
1152,2090,1,Known_Family_Only,Known_Family_Only
3182,2793,6,Expanded_Known_Family,Expanded_Known_Family
3182,8896,2,Expanded_Known_Family,Expanded_Known_Family
12505,10324,1,Expanded_Known_Family,Known_Family_Only
12505,12283,1,Expanded_Known_Family,Known_Family_Only
12505,194,1,Expanded_Known_Family,Expanded_Known_Family
12505,1942,3,Expanded_Known_Family,Potential_Novel_Family
12505,17,1,Expanded_Known_Family,Expanded_Known_Family
12505,11131,1,Expanded_Known_Family,Potential_Novel_Family
12505,10575,2,Expanded_Known_Family,Expanded_Known_Family
12505,10805,1,Expanded_Known_Family,Potential_Novel_Family
12505,8358,1,Expanded_Known_Family,Expanded_Known_Family
12505,11,1,Expanded_Known_Family,Expanded_Known_Family
12505,10354,1,Expanded_Known_Family,Known_Family_Only
679,2559,1,Known_Family_Only,Expanded_Known_Family
2559,7760,1,Expanded_Known_Family,Potential_Novel_Family
2559,8036,1,Expanded_Known_Family,Expanded_Known_Family
7906,8555,1,Potential_Novel_Family,Known_Family_Only
10107,11037,1,Known_Family_Only,Potential_Novel_Family
11037,4305,1,Potential_Novel_Family,Potential_Novel_Family
11037,3433,2,Potential_Novel_Family,Expanded_Known_Family
11037,3454,1,Potential_Novel_Family,Known_Family_Only
4088,4775,1,Known_Family_Only,Potential_Novel_Family
4088,5657,1,Known_Family_Only,Potential_Novel_Family
11847,11923,1,Potential_Novel_Family,Potential_Novel_Family
4996,8684,3,Expanded_Known_Family,Expanded_Known_Family
8684,9178,2,Expanded_Known_Family,Expanded_Known_Family
8684,9979,1,Expanded_Known_Family,Known_Family_Only
8709,10407,1,Potential_Novel_Family,Known_Family_Only
5041,9271,1,Potential_Novel_Family,Potential_Novel_Family
5041,11924,1,Potential_Novel_Family,Potential_Novel_Family
9271,11924,1,Potential_Novel_Family,Potential_Novel_Family
1377,5726,1,Known_Family_Only,Potential_Novel_Family
481,526,1,Expanded_Known_Family,Potential_Novel_Family
481,11767,1,Expanded_Known_Family,Known_Family_Only
481,3167,1,Expanded_Known_Family,Potential_Novel_Family
481,1140,1,Expanded_Known_Family,Expanded_Known_Family
481,7288,1,Expanded_Known_Family,Expanded_Known_Family
481,5120,1,Expanded_Known_Family,Potential_Novel_Family
481,9820,1,Expanded_Known_Family,Expanded_Known_Family
481,11110,1,Expanded_Known_Family,Potential_Novel_Family
526,11015,1,Potential_Novel_Family,Potential_Novel_Family
3000,4642,1,Known_Family_Only,Expanded_Known_Family
3000,8297,1,Known_Family_Only,Potential_Novel_Family
4642,3740,7,Expanded_Known_Family,Expanded_Known_Family
4642,2137,2,Expanded_Known_Family,Expanded_Known_Family
4642,5614,4,Expanded_Known_Family,Expanded_Known_Family
4642,7018,3,Expanded_Known_Family,Expanded_Known_Family
4642,2838,1,Expanded_Known_Family,Expanded_Known_Family
4642,11827,1,Expanded_Known_Family,Potential_Novel_Family
4642,6685,1,Expanded_Known_Family,Known_Family_Only
7364,9781,1,Known_Family_Only,Potential_Novel_Family
6238,8131,26,Expanded_Known_Family,Expanded_Known_Family
6238,822,1,Expanded_Known_Family,Expanded_Known_Family
6238,8114,2,Expanded_Known_Family,Expanded_Known_Family
6238,4475,1,Expanded_Known_Family,Known_Family_Only
8131,822,1,Expanded_Known_Family,Expanded_Known_Family
8131,631,1,Expanded_Known_Family,Expanded_Known_Family
8131,6370,1,Expanded_Known_Family,Potential_Novel_Family
8131,5600,1,Expanded_Known_Family,Known_Family_Only
11412,3611,1,Expanded_Known_Family,Expanded_Known_Family
4478,8638,1,Known_Family_Only,Potential_Novel_Family
4478,8385,1,Known_Family_Only,Expanded_Known_Family
5630,6200,4,Known_Family_Only,Expanded_Known_Family
5630,5907,2,Known_Family_Only,Potential_Novel_Family
6200,3782,1,Expanded_Known_Family,Expanded_Known_Family
6200,6244,21,Expanded_Known_Family,Expanded_Known_Family
6200,5907,2,Expanded_Known_Family,Potential_Novel_Family
6200,9695,1,Expanded_Known_Family,Known_Family_Only
7685,8737,1,Expanded_Known_Family,Potential_Novel_Family
7685,1131,6,Expanded_Known_Family,Expanded_Known_Family
9791,7287,1,Potential_Novel_Family,Potential_Novel_Family
8158,11121,1,Expanded_Known_Family,Potential_Novel_Family
8158,5574,1,Expanded_Known_Family,Known_Family_Only
42,1960,1,Expanded_Known_Family,Expanded_Known_Family
42,173,1,Expanded_Known_Family,Expanded_Known_Family
42,1590,1,Expanded_Known_Family,Expanded_Known_Family
1960,5061,1,Expanded_Known_Family,Potential_Novel_Family
1960,4392,1,Expanded_Known_Family,Expanded_Known_Family
5444,11699,1,Expanded_Known_Family,Known_Family_Only
5444,4644,2,Expanded_Known_Family,Expanded_Known_Family
5444,6269,1,Expanded_Known_Family,Potential_Novel_Family
5444,675,1,Expanded_Known_Family,Expanded_Known_Family
5444,1405,1,Expanded_Known_Family,Potential_Novel_Family
5444,8173,1,Expanded_Known_Family,Known_Family_Only
5444,6386,1,Expanded_Known_Family,Known_Family_Only
5444,4564,1,Expanded_Known_Family,Potential_Novel_Family
5444,4999,1,Expanded_Known_Family,Known_Family_Only
5444,2529,1,Expanded_Known_Family,Expanded_Known_Family
5444,5381,1,Expanded_Known_Family,Known_Family_Only
5444,10404,1,Expanded_Known_Family,Potential_Novel_Family
5444,8247,1,Expanded_Known_Family,Expanded_Known_Family
5444,9220,1,Expanded_Known_Family,Potential_Novel_Family
5444,461,1,Expanded_Known_Family,Potential_Novel_Family
5444,11336,1,Expanded_Known_Family,Known_Family_Only
1714,539,17,Expanded_Known_Family,Expanded_Known_Family
1270,2745,2,Expanded_Known_Family,Expanded_Known_Family
8092,5699,1,Expanded_Known_Family,Expanded_Known_Family
8092,803,1,Expanded_Known_Family,Known_Family_Only
8092,1793,1,Expanded_Known_Family,Known_Family_Only
824,8036,1,Potential_Novel_Family,Expanded_Known_Family
824,3717,1,Potential_Novel_Family,Expanded_Known_Family
824,1743,1,Potential_Novel_Family,Known_Family_Only
8036,2703,2,Expanded_Known_Family,Expanded_Known_Family
8036,9727,1,Expanded_Known_Family,Known_Family_Only
8036,9917,2,Expanded_Known_Family,Potential_Novel_Family
1424,9837,1,Expanded_Known_Family,Known_Family_Only
1424,5009,1,Expanded_Known_Family,Potential_Novel_Family
1424,896,1,Expanded_Known_Family,Expanded_Known_Family
7686,9428,2,Potential_Novel_Family,Expanded_Known_Family
9428,7574,1,Expanded_Known_Family,Expanded_Known_Family
9428,7524,1,Expanded_Known_Family,Expanded_Known_Family
10482,12281,9,Expanded_Known_Family,Potential_Novel_Family
10482,95,1,Expanded_Known_Family,Expanded_Known_Family
10482,11768,2,Expanded_Known_Family,Potential_Novel_Family
10482,883,1,Expanded_Known_Family,Expanded_Known_Family
10482,12218,5,Expanded_Known_Family,Expanded_Known_Family
5159,11087,1,Known_Family_Only,Potential_Novel_Family
5751,9725,1,Known_Family_Only,Potential_Novel_Family
2341,6510,1,Expanded_Known_Family,Potential_Novel_Family
2341,3482,1,Expanded_Known_Family,Expanded_Known_Family
2253,5004,1,Potential_Novel_Family,Known_Family_Only
2253,6061,1,Potential_Novel_Family,Potential_Novel_Family
2253,9046,1,Potential_Novel_Family,Potential_Novel_Family
2253,5881,1,Potential_Novel_Family,Known_Family_Only
2253,11381,1,Potential_Novel_Family,Potential_Novel_Family
2253,11382,1,Potential_Novel_Family,Potential_Novel_Family
2253,10755,1,Potential_Novel_Family,Expanded_Known_Family
9039,9528,1,Expanded_Known_Family,Expanded_Known_Family
9039,10761,1,Expanded_Known_Family,Expanded_Known_Family
9039,11398,3,Expanded_Known_Family,Potential_Novel_Family
9528,10761,1,Expanded_Known_Family,Expanded_Known_Family
9528,8414,1,Expanded_Known_Family,Potential_Novel_Family
9528,82,1,Expanded_Known_Family,Expanded_Known_Family
9528,4684,1,Expanded_Known_Family,Potential_Novel_Family
9528,2930,1,Expanded_Known_Family,Expanded_Known_Family
9528,1880,1,Expanded_Known_Family,Expanded_Known_Family
9528,5405,1,Expanded_Known_Family,Expanded_Known_Family
9528,9842,1,Expanded_Known_Family,Expanded_Known_Family
9528,9029,1,Expanded_Known_Family,Expanded_Known_Family
10761,3463,1,Expanded_Known_Family,Known_Family_Only
10761,1923,1,Expanded_Known_Family,Expanded_Known_Family
10761,5,1,Expanded_Known_Family,Expanded_Known_Family
10761,9240,1,Expanded_Known_Family,Known_Family_Only
10761,2985,2,Expanded_Known_Family,Potential_Novel_Family
3019,4111,1,Known_Family_Only,Potential_Novel_Family
2307,11217,1,Expanded_Known_Family,Potential_Novel_Family
2307,6214,1,Expanded_Known_Family,Expanded_Known_Family
2307,10123,1,Expanded_Known_Family,Potential_Novel_Family
2307,8927,1,Expanded_Known_Family,Potential_Novel_Family
2307,4008,1,Expanded_Known_Family,Potential_Novel_Family
2307,4925,1,Expanded_Known_Family,Potential_Novel_Family
12344,12854,1,Potential_Novel_Family,Potential_Novel_Family
2381,6577,2,Expanded_Known_Family,Potential_Novel_Family
2381,1370,1,Expanded_Known_Family,Potential_Novel_Family
5612,6240,1,Expanded_Known_Family,Potential_Novel_Family
5612,8988,1,Expanded_Known_Family,Known_Family_Only
2519,8834,1,Potential_Novel_Family,Known_Family_Only
886,1324,3,Expanded_Known_Family,Expanded_Known_Family
886,4003,1,Expanded_Known_Family,Known_Family_Only
1324,4003,1,Expanded_Known_Family,Known_Family_Only
1324,2087,1,Expanded_Known_Family,Potential_Novel_Family
3368,5362,1,Expanded_Known_Family,Expanded_Known_Family
3368,1434,5,Expanded_Known_Family,Potential_Novel_Family
3368,5874,1,Expanded_Known_Family,Potential_Novel_Family
3368,2052,1,Expanded_Known_Family,Expanded_Known_Family
3368,7976,1,Expanded_Known_Family,Expanded_Known_Family
3368,9432,1,Expanded_Known_Family,Known_Family_Only
3368,419,1,Expanded_Known_Family,Known_Family_Only
3368,2823,1,Expanded_Known_Family,Expanded_Known_Family
3368,5239,1,Expanded_Known_Family,Known_Family_Only
3368,3860,1,Expanded_Known_Family,Known_Family_Only
3368,7970,1,Expanded_Known_Family,Expanded_Known_Family
3368,8651,1,Expanded_Known_Family,Known_Family_Only
3368,316,2,Expanded_Known_Family,Expanded_Known_Family
3368,380,2,Expanded_Known_Family,Expanded_Known_Family
3368,3768,1,Expanded_Known_Family,Expanded_Known_Family
3368,4397,1,Expanded_Known_Family,Known_Family_Only
3368,8377,1,Expanded_Known_Family,Expanded_Known_Family
3368,10806,1,Expanded_Known_Family,Expanded_Known_Family
3368,3832,1,Expanded_Known_Family,Potential_Novel_Family
3368,6032,1,Expanded_Known_Family,Expanded_Known_Family
3368,6109,1,Expanded_Known_Family,Expanded_Known_Family
3368,931,1,Expanded_Known_Family,Expanded_Known_Family
3368,11390,1,Expanded_Known_Family,Potential_Novel_Family
3368,2842,1,Expanded_Known_Family,Expanded_Known_Family
3368,246,1,Expanded_Known_Family,Expanded_Known_Family
3368,3504,1,Expanded_Known_Family,Potential_Novel_Family
3368,711,2,Expanded_Known_Family,Expanded_Known_Family
3368,2616,1,Expanded_Known_Family,Potential_Novel_Family
3368,7870,1,Expanded_Known_Family,Potential_Novel_Family
3368,2305,1,Expanded_Known_Family,Known_Family_Only
3368,1301,1,Expanded_Known_Family,Expanded_Known_Family
3368,777,1,Expanded_Known_Family,Expanded_Known_Family
3368,3568,1,Expanded_Known_Family,Expanded_Known_Family
3368,338,1,Expanded_Known_Family,Expanded_Known_Family
3368,2700,1,Expanded_Known_Family,Expanded_Known_Family
3368,193,1,Expanded_Known_Family,Expanded_Known_Family
5362,10665,1,Expanded_Known_Family,Potential_Novel_Family
1834,10159,1,Expanded_Known_Family,Potential_Novel_Family
1834,12437,1,Expanded_Known_Family,Potential_Novel_Family
10159,11963,3,Potential_Novel_Family,Expanded_Known_Family
5636,8556,2,Potential_Novel_Family,Expanded_Known_Family
3925,9621,1,Expanded_Known_Family,Known_Family_Only
3925,11186,2,Expanded_Known_Family,Expanded_Known_Family
3925,36,1,Expanded_Known_Family,Expanded_Known_Family
6018,8672,2,Expanded_Known_Family,Known_Family_Only
6018,8646,1,Expanded_Known_Family,Expanded_Known_Family
6018,7683,4,Expanded_Known_Family,Expanded_Known_Family
3204,8738,2,Potential_Novel_Family,Expanded_Known_Family
520,1232,1,Expanded_Known_Family,Expanded_Known_Family
520,4051,3,Expanded_Known_Family,Expanded_Known_Family
1232,6180,1,Expanded_Known_Family,Potential_Novel_Family
1232,10137,1,Expanded_Known_Family,Potential_Novel_Family
1232,4947,1,Expanded_Known_Family,Potential_Novel_Family
9272,12506,1,Potential_Novel_Family,Known_Family_Only
2047,8097,1,Expanded_Known_Family,Known_Family_Only
2047,10748,1,Expanded_Known_Family,Potential_Novel_Family
1174,2904,7,Expanded_Known_Family,Expanded_Known_Family
1174,3724,6,Expanded_Known_Family,Expanded_Known_Family
1174,4696,1,Expanded_Known_Family,Potential_Novel_Family
2904,3724,4,Expanded_Known_Family,Expanded_Known_Family
1874,6121,1,Potential_Novel_Family,Known_Family_Only
8000,12345,1,Expanded_Known_Family,Expanded_Known_Family
8000,10799,2,Expanded_Known_Family,Potential_Novel_Family
8000,12390,1,Expanded_Known_Family,Potential_Novel_Family
8000,11506,1,Expanded_Known_Family,Expanded_Known_Family
8000,9200,1,Expanded_Known_Family,Known_Family_Only
8000,12153,1,Expanded_Known_Family,Potential_Novel_Family
8000,4594,1,Expanded_Known_Family,Expanded_Known_Family
8000,11994,2,Expanded_Known_Family,Expanded_Known_Family
2285,10706,1,Expanded_Known_Family,Potential_Novel_Family
2285,3298,1,Expanded_Known_Family,Potential_Novel_Family
3959,6471,4,Expanded_Known_Family,Expanded_Known_Family
3959,6152,2,Expanded_Known_Family,Potential_Novel_Family
3959,6984,2,Expanded_Known_Family,Potential_Novel_Family
3959,6437,1,Expanded_Known_Family,Expanded_Known_Family
3959,6438,2,Expanded_Known_Family,Expanded_Known_Family
3959,34,1,Expanded_Known_Family,Expanded_Known_Family
6471,2027,1,Expanded_Known_Family,Expanded_Known_Family
6471,4057,2,Expanded_Known_Family,Expanded_Known_Family
6471,7951,1,Expanded_Known_Family,Potential_Novel_Family
6471,423,1,Expanded_Known_Family,Expanded_Known_Family
6471,1199,1,Expanded_Known_Family,Potential_Novel_Family
2372,9842,1,Potential_Novel_Family,Expanded_Known_Family
9842,2176,1,Expanded_Known_Family,Known_Family_Only
9842,8741,1,Expanded_Known_Family,Known_Family_Only
2234,12035,2,Potential_Novel_Family,Known_Family_Only
2234,5283,1,Potential_Novel_Family,Potential_Novel_Family
2234,6457,1,Potential_Novel_Family,Potential_Novel_Family
2234,6131,1,Potential_Novel_Family,Potential_Novel_Family
5812,6811,7,Expanded_Known_Family,Expanded_Known_Family
5812,9699,3,Expanded_Known_Family,Known_Family_Only
5812,6433,14,Expanded_Known_Family,Expanded_Known_Family
5812,3811,1,Expanded_Known_Family,Potential_Novel_Family
5812,4839,1,Expanded_Known_Family,Expanded_Known_Family
5812,7093,1,Expanded_Known_Family,Expanded_Known_Family
6811,9699,3,Expanded_Known_Family,Known_Family_Only
674,3253,2,Expanded_Known_Family,Potential_Novel_Family
674,739,7,Expanded_Known_Family,Potential_Novel_Family
674,756,5,Expanded_Known_Family,Expanded_Known_Family
674,91,1,Expanded_Known_Family,Expanded_Known_Family
674,255,1,Expanded_Known_Family,Known_Family_Only
674,584,1,Expanded_Known_Family,Known_Family_Only
674,6324,1,Expanded_Known_Family,Known_Family_Only
674,10878,1,Expanded_Known_Family,Potential_Novel_Family
674,2204,1,Expanded_Known_Family,Potential_Novel_Family
674,1126,1,Expanded_Known_Family,Potential_Novel_Family
674,3620,1,Expanded_Known_Family,Potential_Novel_Family
674,1620,1,Expanded_Known_Family,Potential_Novel_Family
674,3149,1,Expanded_Known_Family,Potential_Novel_Family
674,4120,1,Expanded_Known_Family,Expanded_Known_Family
674,11244,1,Expanded_Known_Family,Expanded_Known_Family
3253,5524,1,Potential_Novel_Family,Expanded_Known_Family
3253,8771,1,Potential_Novel_Family,Known_Family_Only
3253,11708,1,Potential_Novel_Family,Potential_Novel_Family
3253,4186,1,Potential_Novel_Family,Known_Family_Only
3253,1814,2,Potential_Novel_Family,Expanded_Known_Family
1136,4395,1,Potential_Novel_Family,Potential_Novel_Family
1136,6403,1,Potential_Novel_Family,Potential_Novel_Family
1136,814,3,Potential_Novel_Family,Potential_Novel_Family
1136,7006,1,Potential_Novel_Family,Potential_Novel_Family
1136,5928,1,Potential_Novel_Family,Potential_Novel_Family
4395,225,1,Potential_Novel_Family,Expanded_Known_Family
6178,7618,1,Potential_Novel_Family,Known_Family_Only
232,2424,13,Expanded_Known_Family,Expanded_Known_Family
232,2620,6,Expanded_Known_Family,Expanded_Known_Family
232,8159,15,Expanded_Known_Family,Expanded_Known_Family
232,1653,6,Expanded_Known_Family,Expanded_Known_Family
232,2431,6,Expanded_Known_Family,Expanded_Known_Family
2424,2620,5,Expanded_Known_Family,Expanded_Known_Family
2424,8159,15,Expanded_Known_Family,Expanded_Known_Family
2424,1653,9,Expanded_Known_Family,Expanded_Known_Family
2424,2431,6,Expanded_Known_Family,Expanded_Known_Family
2620,8159,6,Expanded_Known_Family,Expanded_Known_Family
2620,1653,3,Expanded_Known_Family,Expanded_Known_Family
8159,1653,7,Expanded_Known_Family,Expanded_Known_Family
8159,2431,6,Expanded_Known_Family,Expanded_Known_Family
3246,9491,1,Known_Family_Only,Potential_Novel_Family
9491,1197,1,Potential_Novel_Family,Known_Family_Only
1056,10353,4,Expanded_Known_Family,Expanded_Known_Family
1056,3206,3,Expanded_Known_Family,Expanded_Known_Family
2658,9534,1,Expanded_Known_Family,Potential_Novel_Family
2658,1068,1,Expanded_Known_Family,Known_Family_Only
2658,4095,1,Expanded_Known_Family,Known_Family_Only
2658,12527,7,Expanded_Known_Family,Expanded_Known_Family
2658,10279,1,Expanded_Known_Family,Potential_Novel_Family
2658,966,2,Expanded_Known_Family,Expanded_Known_Family
1288,9629,3,Expanded_Known_Family,Expanded_Known_Family
1288,4527,2,Expanded_Known_Family,Known_Family_Only
1288,5217,1,Expanded_Known_Family,Known_Family_Only
1288,4337,5,Expanded_Known_Family,Expanded_Known_Family
1288,4562,2,Expanded_Known_Family,Expanded_Known_Family
1288,1208,1,Expanded_Known_Family,Expanded_Known_Family
1288,5083,1,Expanded_Known_Family,Known_Family_Only
9629,4337,1,Expanded_Known_Family,Expanded_Known_Family
9629,1238,1,Expanded_Known_Family,Expanded_Known_Family
9629,5083,1,Expanded_Known_Family,Known_Family_Only
4471,5977,2,Expanded_Known_Family,Expanded_Known_Family
7307,10046,1,Known_Family_Only,Potential_Novel_Family
4031,6116,8,Expanded_Known_Family,Expanded_Known_Family
4031,6036,5,Expanded_Known_Family,Expanded_Known_Family
6116,6481,1,Expanded_Known_Family,Potential_Novel_Family
6116,4059,1,Expanded_Known_Family,Potential_Novel_Family
650,12870,1,Expanded_Known_Family,Known_Family_Only
650,9333,2,Expanded_Known_Family,Expanded_Known_Family
650,6112,1,Expanded_Known_Family,Potential_Novel_Family
8971,12634,1,Potential_Novel_Family,Known_Family_Only
4503,5663,4,Potential_Novel_Family,Expanded_Known_Family
3221,10791,3,Potential_Novel_Family,Expanded_Known_Family
10791,6242,2,Expanded_Known_Family,Potential_Novel_Family
10791,4131,1,Expanded_Known_Family,Potential_Novel_Family
10791,9851,1,Expanded_Known_Family,Expanded_Known_Family
5109,8448,1,Potential_Novel_Family,Expanded_Known_Family
8448,4798,20,Expanded_Known_Family,Expanded_Known_Family
8448,4801,8,Expanded_Known_Family,Expanded_Known_Family
5851,8340,1,Expanded_Known_Family,Potential_Novel_Family
5851,5775,2,Expanded_Known_Family,Expanded_Known_Family
5851,11425,1,Expanded_Known_Family,Potential_Novel_Family
10208,11088,1,Known_Family_Only,Potential_Novel_Family
11088,11351,1,Potential_Novel_Family,Known_Family_Only
3461,7014,3,Expanded_Known_Family,Expanded_Known_Family
3461,7946,1,Expanded_Known_Family,Potential_Novel_Family
3461,5267,1,Expanded_Known_Family,Expanded_Known_Family
7014,7946,1,Expanded_Known_Family,Potential_Novel_Family
7014,1706,1,Expanded_Known_Family,Expanded_Known_Family
6546,5346,4,Expanded_Known_Family,Expanded_Known_Family
6546,4839,1,Expanded_Known_Family,Expanded_Known_Family
6546,5194,3,Expanded_Known_Family,Expanded_Known_Family
6546,10415,2,Expanded_Known_Family,Potential_Novel_Family
6546,6918,2,Expanded_Known_Family,Expanded_Known_Family
6546,10142,1,Expanded_Known_Family,Potential_Novel_Family
6546,5551,2,Expanded_Known_Family,Potential_Novel_Family
6546,12431,1,Expanded_Known_Family,Potential_Novel_Family
6546,11016,1,Expanded_Known_Family,Known_Family_Only
6546,10077,1,Expanded_Known_Family,Expanded_Known_Family
6546,8316,1,Expanded_Known_Family,Expanded_Known_Family
6546,133,1,Expanded_Known_Family,Expanded_Known_Family
6546,893,1,Expanded_Known_Family,Expanded_Known_Family
6546,2440,1,Expanded_Known_Family,Potential_Novel_Family
6546,3753,1,Expanded_Known_Family,Known_Family_Only
6546,12585,1,Expanded_Known_Family,Potential_Novel_Family
6546,12665,1,Expanded_Known_Family,Known_Family_Only
6546,971,1,Expanded_Known_Family,Expanded_Known_Family
6546,777,1,Expanded_Known_Family,Expanded_Known_Family
6771,9331,1,Potential_Novel_Family,Known_Family_Only
6093,8526,1,Known_Family_Only,Potential_Novel_Family
3782,4176,1,Expanded_Known_Family,Expanded_Known_Family
8270,8901,1,Potential_Novel_Family,Potential_Novel_Family
3586,12385,1,Potential_Novel_Family,Potential_Novel_Family
3390,4944,2,Expanded_Known_Family,Expanded_Known_Family
3390,5306,5,Expanded_Known_Family,Expanded_Known_Family
8037,12318,6,Expanded_Known_Family,Expanded_Known_Family
12318,4287,2,Expanded_Known_Family,Potential_Novel_Family
12318,12434,1,Expanded_Known_Family,Potential_Novel_Family
50,8557,1,Expanded_Known_Family,Expanded_Known_Family
50,9652,1,Expanded_Known_Family,Potential_Novel_Family
50,601,1,Expanded_Known_Family,Known_Family_Only
50,5820,1,Expanded_Known_Family,Known_Family_Only
8557,9652,3,Expanded_Known_Family,Potential_Novel_Family
8557,2157,2,Expanded_Known_Family,Potential_Novel_Family
9652,12710,1,Potential_Novel_Family,Potential_Novel_Family
2752,4706,8,Known_Family_Only,Potential_Novel_Family
7472,7907,1,Known_Family_Only,Potential_Novel_Family
6085,10773,3,Expanded_Known_Family,Expanded_Known_Family
6085,2066,1,Expanded_Known_Family,Potential_Novel_Family
6085,6619,2,Expanded_Known_Family,Expanded_Known_Family
6085,4814,2,Expanded_Known_Family,Expanded_Known_Family
10773,6673,3,Expanded_Known_Family,Expanded_Known_Family
10773,1004,1,Expanded_Known_Family,Expanded_Known_Family
10773,6002,1,Expanded_Known_Family,Expanded_Known_Family
10773,3435,1,Expanded_Known_Family,Known_Family_Only
997,7227,1,Known_Family_Only,Potential_Novel_Family
1745,2769,2,Expanded_Known_Family,Expanded_Known_Family
1745,1158,1,Expanded_Known_Family,Known_Family_Only
1745,2790,3,Expanded_Known_Family,Potential_Novel_Family
1745,1477,2,Expanded_Known_Family,Expanded_Known_Family
1745,4519,1,Expanded_Known_Family,Potential_Novel_Family
1745,210,1,Expanded_Known_Family,Potential_Novel_Family
1035,5093,1,Expanded_Known_Family,Known_Family_Only
1035,3329,2,Expanded_Known_Family,Expanded_Known_Family
1035,5817,1,Expanded_Known_Family,Potential_Novel_Family
1035,3179,1,Expanded_Known_Family,Expanded_Known_Family
1035,2690,1,Expanded_Known_Family,Known_Family_Only
1035,2546,1,Expanded_Known_Family,Potential_Novel_Family
1035,253,6,Expanded_Known_Family,Expanded_Known_Family
1035,11129,3,Expanded_Known_Family,Expanded_Known_Family
1035,12270,3,Expanded_Known_Family,Known_Family_Only
1035,5756,1,Expanded_Known_Family,Potential_Novel_Family
1035,2739,4,Expanded_Known_Family,Expanded_Known_Family
1035,1355,1,Expanded_Known_Family,Potential_Novel_Family
1035,1785,1,Expanded_Known_Family,Known_Family_Only
1035,2605,3,Expanded_Known_Family,Expanded_Known_Family
1035,7430,1,Expanded_Known_Family,Known_Family_Only
1035,2522,1,Expanded_Known_Family,Potential_Novel_Family
1035,2609,2,Expanded_Known_Family,Expanded_Known_Family
1035,3537,1,Expanded_Known_Family,Known_Family_Only
1035,3250,1,Expanded_Known_Family,Expanded_Known_Family
1035,4956,1,Expanded_Known_Family,Potential_Novel_Family
1035,3358,2,Expanded_Known_Family,Expanded_Known_Family
1035,7407,1,Expanded_Known_Family,Known_Family_Only
1035,1054,1,Expanded_Known_Family,Potential_Novel_Family
1035,10,1,Expanded_Known_Family,Expanded_Known_Family
1035,7675,1,Expanded_Known_Family,Potential_Novel_Family
1035,1821,1,Expanded_Known_Family,Potential_Novel_Family
1035,3258,1,Expanded_Known_Family,Known_Family_Only
1035,6298,1,Expanded_Known_Family,Expanded_Known_Family
1035,5491,1,Expanded_Known_Family,Potential_Novel_Family
1035,2913,1,Expanded_Known_Family,Potential_Novel_Family
1035,3410,1,Expanded_Known_Family,Expanded_Known_Family
1035,1930,1,Expanded_Known_Family,Known_Family_Only
1035,7390,1,Expanded_Known_Family,Known_Family_Only
1035,4026,1,Expanded_Known_Family,Potential_Novel_Family
1035,2743,1,Expanded_Known_Family,Potential_Novel_Family
1035,4176,1,Expanded_Known_Family,Expanded_Known_Family
1035,2118,2,Expanded_Known_Family,Expanded_Known_Family
1035,4817,2,Expanded_Known_Family,Potential_Novel_Family
5342,9014,23,Expanded_Known_Family,Expanded_Known_Family
1934,4171,1,Expanded_Known_Family,Potential_Novel_Family
1934,9248,1,Expanded_Known_Family,Potential_Novel_Family
1934,454,1,Expanded_Known_Family,Expanded_Known_Family
1934,6260,1,Expanded_Known_Family,Expanded_Known_Family
1934,8389,1,Expanded_Known_Family,Expanded_Known_Family
1934,5227,1,Expanded_Known_Family,Potential_Novel_Family
4171,5966,3,Potential_Novel_Family,Expanded_Known_Family
6241,12319,1,Potential_Novel_Family,Potential_Novel_Family
4217,5337,1,Potential_Novel_Family,Potential_Novel_Family
11807,12165,2,Potential_Novel_Family,Expanded_Known_Family
12165,7601,3,Expanded_Known_Family,Potential_Novel_Family
11067,11427,10,Known_Family_Only,Expanded_Known_Family
11067,12539,2,Known_Family_Only,Potential_Novel_Family
11067,12589,2,Known_Family_Only,Potential_Novel_Family
11067,12747,1,Known_Family_Only,Potential_Novel_Family
11427,10077,6,Expanded_Known_Family,Expanded_Known_Family
11427,7187,1,Expanded_Known_Family,Potential_Novel_Family
11427,10177,1,Expanded_Known_Family,Expanded_Known_Family
2531,3482,10,Expanded_Known_Family,Expanded_Known_Family
2531,6431,4,Expanded_Known_Family,Expanded_Known_Family
3482,6431,3,Expanded_Known_Family,Expanded_Known_Family
3482,3722,1,Expanded_Known_Family,Potential_Novel_Family
3482,6188,2,Expanded_Known_Family,Expanded_Known_Family
3482,4418,1,Expanded_Known_Family,Potential_Novel_Family
5359,6345,1,Expanded_Known_Family,Potential_Novel_Family
5359,5220,1,Expanded_Known_Family,Potential_Novel_Family
5359,4655,2,Expanded_Known_Family,Potential_Novel_Family
5359,6748,1,Expanded_Known_Family,Potential_Novel_Family
1880,5025,1,Expanded_Known_Family,Expanded_Known_Family
1880,5187,4,Expanded_Known_Family,Expanded_Known_Family
1880,6156,1,Expanded_Known_Family,Known_Family_Only
1880,9192,1,Expanded_Known_Family,Expanded_Known_Family
1880,4398,2,Expanded_Known_Family,Known_Family_Only
1880,752,1,Expanded_Known_Family,Expanded_Known_Family
1880,6700,2,Expanded_Known_Family,Expanded_Known_Family
1880,1607,1,Expanded_Known_Family,Known_Family_Only
1880,7001,1,Expanded_Known_Family,Potential_Novel_Family
1880,5103,1,Expanded_Known_Family,Potential_Novel_Family
1880,4888,2,Expanded_Known_Family,Known_Family_Only
1880,6967,2,Expanded_Known_Family,Known_Family_Only
1880,4491,2,Expanded_Known_Family,Known_Family_Only
1880,4794,1,Expanded_Known_Family,Potential_Novel_Family
1880,2850,1,Expanded_Known_Family,Potential_Novel_Family
1880,9719,1,Expanded_Known_Family,Known_Family_Only
1880,5183,1,Expanded_Known_Family,Potential_Novel_Family
1880,3879,1,Expanded_Known_Family,Potential_Novel_Family
5025,2776,1,Expanded_Known_Family,Expanded_Known_Family
5025,6700,1,Expanded_Known_Family,Expanded_Known_Family
5025,10380,1,Expanded_Known_Family,Known_Family_Only
8558,10967,1,Potential_Novel_Family,Known_Family_Only
3661,6174,3,Expanded_Known_Family,Potential_Novel_Family
739,11244,1,Potential_Novel_Family,Expanded_Known_Family
4776,10707,1,Potential_Novel_Family,Known_Family_Only
2442,8307,1,Expanded_Known_Family,Expanded_Known_Family
2442,8527,1,Expanded_Known_Family,Known_Family_Only
2442,9956,2,Expanded_Known_Family,Expanded_Known_Family
2442,464,1,Expanded_Known_Family,Expanded_Known_Family
2442,8049,1,Expanded_Known_Family,Known_Family_Only
2442,9574,1,Expanded_Known_Family,Known_Family_Only
2442,293,1,Expanded_Known_Family,Known_Family_Only
2442,2706,1,Expanded_Known_Family,Expanded_Known_Family
2442,8366,1,Expanded_Known_Family,Potential_Novel_Family
8307,705,1,Expanded_Known_Family,Expanded_Known_Family
7340,10262,2,Expanded_Known_Family,Potential_Novel_Family
6268,9653,1,Potential_Novel_Family,Potential_Novel_Family
4869,6578,1,Expanded_Known_Family,Expanded_Known_Family
4869,6504,1,Expanded_Known_Family,Expanded_Known_Family
4869,4733,1,Expanded_Known_Family,Expanded_Known_Family
6578,4803,1,Expanded_Known_Family,Known_Family_Only
6578,4623,1,Expanded_Known_Family,Potential_Novel_Family
6578,1510,1,Expanded_Known_Family,Potential_Novel_Family
6578,4351,2,Expanded_Known_Family,Expanded_Known_Family
6578,4890,1,Expanded_Known_Family,Known_Family_Only
6578,4496,1,Expanded_Known_Family,Potential_Novel_Family
512,10968,1,Known_Family_Only,Potential_Novel_Family
10968,1514,1,Potential_Novel_Family,Expanded_Known_Family
2985,9803,1,Potential_Novel_Family,Expanded_Known_Family
2985,8977,1,Potential_Novel_Family,Expanded_Known_Family
2985,11879,1,Potential_Novel_Family,Potential_Novel_Family
3823,7368,5,Potential_Novel_Family,Expanded_Known_Family
3823,7843,2,Potential_Novel_Family,Expanded_Known_Family
3823,7351,1,Potential_Novel_Family,Expanded_Known_Family
3823,7849,2,Potential_Novel_Family,Expanded_Known_Family
3823,226,1,Potential_Novel_Family,Expanded_Known_Family
3823,8035,1,Potential_Novel_Family,Known_Family_Only
7368,3720,3,Expanded_Known_Family,Expanded_Known_Family
2150,7619,3,Expanded_Known_Family,Potential_Novel_Family
2150,7248,1,Expanded_Known_Family,Expanded_Known_Family
1071,6058,1,Expanded_Known_Family,Potential_Novel_Family
1071,3851,1,Expanded_Known_Family,Potential_Novel_Family
1071,6694,2,Expanded_Known_Family,Expanded_Known_Family
4870,5256,1,Known_Family_Only,Potential_Novel_Family
4238,6435,4,Expanded_Known_Family,Expanded_Known_Family
2584,3005,3,Expanded_Known_Family,Expanded_Known_Family
2584,9364,4,Expanded_Known_Family,Potential_Novel_Family
3005,9364,1,Expanded_Known_Family,Potential_Novel_Family
12345,11410,1,Expanded_Known_Family,Known_Family_Only
404,921,4,Expanded_Known_Family,Expanded_Known_Family
404,65,2,Expanded_Known_Family,Expanded_Known_Family
404,93,1,Expanded_Known_Family,Potential_Novel_Family
404,11422,1,Expanded_Known_Family,Potential_Novel_Family
3974,10047,2,Known_Family_Only,Potential_Novel_Family
9429,10290,1,Potential_Novel_Family,Known_Family_Only
86,3861,1,Expanded_Known_Family,Potential_Novel_Family
86,11849,1,Expanded_Known_Family,Potential_Novel_Family
4389,10988,1,Expanded_Known_Family,Potential_Novel_Family
4389,11093,1,Expanded_Known_Family,Known_Family_Only
4389,2708,1,Expanded_Known_Family,Potential_Novel_Family
4232,7275,2,Known_Family_Only,Potential_Novel_Family
4483,12098,1,Expanded_Known_Family,Potential_Novel_Family
4483,2214,5,Expanded_Known_Family,Expanded_Known_Family
4483,3330,1,Expanded_Known_Family,Potential_Novel_Family
4483,1122,1,Expanded_Known_Family,Potential_Novel_Family
4483,8022,1,Expanded_Known_Family,Expanded_Known_Family
4483,1050,1,Expanded_Known_Family,Potential_Novel_Family
6944,7033,1,Expanded_Known_Family,Expanded_Known_Family
6944,3850,1,Expanded_Known_Family,Known_Family_Only
6944,1584,1,Expanded_Known_Family,Expanded_Known_Family
139,350,6,Expanded_Known_Family,Expanded_Known_Family
139,6246,1,Expanded_Known_Family,Potential_Novel_Family
139,7958,1,Expanded_Known_Family,Expanded_Known_Family
139,3202,1,Expanded_Known_Family,Known_Family_Only
139,339,4,Expanded_Known_Family,Expanded_Known_Family
350,7148,1,Expanded_Known_Family,Potential_Novel_Family
350,11152,1,Expanded_Known_Family,Known_Family_Only
11273,11765,5,Known_Family_Only,Potential_Novel_Family
7405,7974,3,Expanded_Known_Family,Potential_Novel_Family
7405,2181,1,Expanded_Known_Family,Expanded_Known_Family
7405,9329,1,Expanded_Known_Family,Potential_Novel_Family
7974,12402,1,Potential_Novel_Family,Expanded_Known_Family
1923,10464,1,Expanded_Known_Family,Potential_Novel_Family
1923,4354,1,Expanded_Known_Family,Expanded_Known_Family
3059,6028,1,Potential_Novel_Family,Potential_Novel_Family
7392,10108,1,Potential_Novel_Family,Potential_Novel_Family
10434,11925,1,Potential_Novel_Family,Known_Family_Only
7544,7570,3,Known_Family_Only,Expanded_Known_Family
7570,985,1,Expanded_Known_Family,Expanded_Known_Family
3950,7975,1,Known_Family_Only,Potential_Novel_Family
2821,9430,1,Potential_Novel_Family,Potential_Novel_Family
309,12320,1,Potential_Novel_Family,Known_Family_Only
309,12267,1,Potential_Novel_Family,Expanded_Known_Family
10998,10993,1,Expanded_Known_Family,Expanded_Known_Family
10998,12284,1,Expanded_Known_Family,Expanded_Known_Family
10998,12888,1,Expanded_Known_Family,Known_Family_Only
10998,12218,1,Expanded_Known_Family,Expanded_Known_Family
10998,12297,1,Expanded_Known_Family,Potential_Novel_Family
10998,12404,1,Expanded_Known_Family,Potential_Novel_Family
4227,4479,1,Expanded_Known_Family,Potential_Novel_Family
4227,1641,1,Expanded_Known_Family,Expanded_Known_Family
4227,9918,2,Expanded_Known_Family,Expanded_Known_Family
4227,7731,2,Expanded_Known_Family,Known_Family_Only
4227,174,1,Expanded_Known_Family,Expanded_Known_Family
4227,5614,1,Expanded_Known_Family,Expanded_Known_Family
4227,11019,1,Expanded_Known_Family,Potential_Novel_Family
4227,6422,1,Expanded_Known_Family,Potential_Novel_Family
4227,9269,1,Expanded_Known_Family,Potential_Novel_Family
5505,5538,2,Expanded_Known_Family,Potential_Novel_Family
7228,8481,2,Known_Family_Only,Potential_Novel_Family
12287,12706,1,Expanded_Known_Family,Known_Family_Only
12287,11935,1,Expanded_Known_Family,Known_Family_Only
12287,10920,5,Expanded_Known_Family,Expanded_Known_Family
12287,5711,1,Expanded_Known_Family,Potential_Novel_Family
12287,10352,1,Expanded_Known_Family,Known_Family_Only
12287,1639,1,Expanded_Known_Family,Expanded_Known_Family
4437,5779,5,Potential_Novel_Family,Expanded_Known_Family
8964,2159,1,Expanded_Known_Family,Known_Family_Only
6772,9591,4,Known_Family_Only,Potential_Novel_Family
6242,2332,1,Potential_Novel_Family,Potential_Novel_Family
4700,11890,1,Expanded_Known_Family,Potential_Novel_Family
4700,9045,1,Expanded_Known_Family,Potential_Novel_Family
4700,3555,1,Expanded_Known_Family,Expanded_Known_Family
4700,9485,1,Expanded_Known_Family,Potential_Novel_Family
4700,6352,1,Expanded_Known_Family,Expanded_Known_Family
10076,11187,1,Potential_Novel_Family,Known_Family_Only
5755,8835,1,Potential_Novel_Family,Potential_Novel_Family
5755,10165,1,Potential_Novel_Family,Known_Family_Only
5755,9689,1,Potential_Novel_Family,Known_Family_Only
11623,12707,1,Potential_Novel_Family,Potential_Novel_Family
5005,5931,1,Potential_Novel_Family,Expanded_Known_Family
5931,1095,2,Expanded_Known_Family,Potential_Novel_Family
5931,9575,1,Expanded_Known_Family,Known_Family_Only
5931,1189,1,Expanded_Known_Family,Potential_Novel_Family
1752,9305,1,Potential_Novel_Family,Known_Family_Only
2549,9983,1,Known_Family_Only,Potential_Novel_Family
2549,10492,1,Known_Family_Only,Expanded_Known_Family
3902,6346,1,Expanded_Known_Family,Potential_Novel_Family
3902,8948,1,Expanded_Known_Family,Potential_Novel_Family
3902,6075,1,Expanded_Known_Family,Potential_Novel_Family
7048,8868,1,Potential_Novel_Family,Known_Family_Only
2487,8559,1,Potential_Novel_Family,Known_Family_Only
5704,8710,6,Expanded_Known_Family,Expanded_Known_Family
5704,108,1,Expanded_Known_Family,Expanded_Known_Family
5704,6244,1,Expanded_Known_Family,Expanded_Known_Family
8710,108,1,Expanded_Known_Family,Expanded_Known_Family
2645,8802,3,Known_Family_Only,Potential_Novel_Family
9752,11662,1,Known_Family_Only,Potential_Novel_Family
1563,11338,1,Expanded_Known_Family,Potential_Novel_Family
1563,776,1,Expanded_Known_Family,Known_Family_Only
1563,1835,1,Expanded_Known_Family,Known_Family_Only
4992,6647,2,Potential_Novel_Family,Known_Family_Only
10235,10408,1,Potential_Novel_Family,Known_Family_Only
2242,12036,1,Potential_Novel_Family,Potential_Novel_Family
2286,2353,1,Potential_Novel_Family,Known_Family_Only
2286,7080,1,Potential_Novel_Family,Expanded_Known_Family
2353,7080,1,Known_Family_Only,Expanded_Known_Family
7080,11736,1,Expanded_Known_Family,Potential_Novel_Family
3407,5967,2,Potential_Novel_Family,Expanded_Known_Family
3407,7922,1,Potential_Novel_Family,Potential_Novel_Family
5967,8816,1,Expanded_Known_Family,Potential_Novel_Family
5967,3502,1,Expanded_Known_Family,Potential_Novel_Family
6721,7763,1,Known_Family_Only,Expanded_Known_Family
6721,11629,1,Known_Family_Only,Potential_Novel_Family
7763,7863,5,Expanded_Known_Family,Expanded_Known_Family
7763,142,4,Expanded_Known_Family,Expanded_Known_Family
7763,2122,1,Expanded_Known_Family,Potential_Novel_Family
7763,129,2,Expanded_Known_Family,Expanded_Known_Family
7763,133,1,Expanded_Known_Family,Expanded_Known_Family
7763,66,1,Expanded_Known_Family,Expanded_Known_Family
7763,244,1,Expanded_Known_Family,Expanded_Known_Family
7763,8486,1,Expanded_Known_Family,Expanded_Known_Family
1825,10592,6,Potential_Novel_Family,Potential_Novel_Family
2371,2532,1,Expanded_Known_Family,Potential_Novel_Family
2371,762,1,Expanded_Known_Family,Potential_Novel_Family
2371,5610,1,Expanded_Known_Family,Potential_Novel_Family
2371,6972,2,Expanded_Known_Family,Potential_Novel_Family
819,10182,2,Expanded_Known_Family,Potential_Novel_Family
819,3457,1,Expanded_Known_Family,Expanded_Known_Family
1079,2437,2,Expanded_Known_Family,Potential_Novel_Family
1079,11973,2,Expanded_Known_Family,Expanded_Known_Family
2237,10318,1,Expanded_Known_Family,Expanded_Known_Family
2237,4617,2,Expanded_Known_Family,Expanded_Known_Family
2237,3105,9,Expanded_Known_Family,Expanded_Known_Family
2237,11557,1,Expanded_Known_Family,Known_Family_Only
2237,11583,1,Expanded_Known_Family,Expanded_Known_Family
2237,12093,1,Expanded_Known_Family,Potential_Novel_Family
10318,8057,1,Expanded_Known_Family,Potential_Novel_Family
4670,9362,2,Expanded_Known_Family,Expanded_Known_Family
4670,6445,1,Expanded_Known_Family,Potential_Novel_Family
4670,1353,2,Expanded_Known_Family,Potential_Novel_Family
4670,602,1,Expanded_Known_Family,Expanded_Known_Family
4670,9605,1,Expanded_Known_Family,Potential_Novel_Family
4670,10674,1,Expanded_Known_Family,Potential_Novel_Family
4670,9681,1,Expanded_Known_Family,Potential_Novel_Family
4670,4741,1,Expanded_Known_Family,Potential_Novel_Family
4670,1570,1,Expanded_Known_Family,Expanded_Known_Family
4670,8299,1,Expanded_Known_Family,Potential_Novel_Family
5398,7171,10,Expanded_Known_Family,Expanded_Known_Family
5398,4239,1,Expanded_Known_Family,Known_Family_Only
5398,7050,3,Expanded_Known_Family,Expanded_Known_Family
5398,6993,1,Expanded_Known_Family,Potential_Novel_Family
5398,1735,1,Expanded_Known_Family,Known_Family_Only
5398,8262,1,Expanded_Known_Family,Potential_Novel_Family
5398,8405,1,Expanded_Known_Family,Known_Family_Only
9700,10642,1,Potential_Novel_Family,Expanded_Known_Family
10642,3849,1,Expanded_Known_Family,Potential_Novel_Family
1815,1857,1,Expanded_Known_Family,Potential_Novel_Family
1815,3717,2,Expanded_Known_Family,Expanded_Known_Family
1815,7694,2,Expanded_Known_Family,Expanded_Known_Family
1857,7386,1,Potential_Novel_Family,Potential_Novel_Family
1857,1970,2,Potential_Novel_Family,Expanded_Known_Family
1857,5208,1,Potential_Novel_Family,Known_Family_Only
3732,5903,2,Expanded_Known_Family,Expanded_Known_Family
33,8482,1,Expanded_Known_Family,Potential_Novel_Family
33,10901,2,Expanded_Known_Family,Potential_Novel_Family
33,4120,1,Expanded_Known_Family,Expanded_Known_Family
5462,6347,1,Known_Family_Only,Potential_Novel_Family
5462,8775,1,Known_Family_Only,Potential_Novel_Family
5462,8806,2,Known_Family_Only,Potential_Novel_Family
6347,8775,1,Potential_Novel_Family,Potential_Novel_Family
8775,5110,1,Potential_Novel_Family,Known_Family_Only
3396,3765,1,Known_Family_Only,Expanded_Known_Family
3765,10176,1,Expanded_Known_Family,Potential_Novel_Family
4365,6432,1,Potential_Novel_Family,Known_Family_Only
7998,11041,1,Potential_Novel_Family,Expanded_Known_Family
11041,11766,1,Expanded_Known_Family,Potential_Novel_Family
11041,11712,1,Expanded_Known_Family,Potential_Novel_Family
11041,2975,1,Expanded_Known_Family,Expanded_Known_Family
11041,5272,1,Expanded_Known_Family,Potential_Novel_Family
11041,3499,2,Expanded_Known_Family,Known_Family_Only
11041,10993,1,Expanded_Known_Family,Expanded_Known_Family
1853,2373,2,Expanded_Known_Family,Expanded_Known_Family
2373,5596,1,Expanded_Known_Family,Potential_Novel_Family
2373,1212,1,Expanded_Known_Family,Potential_Novel_Family
3734,7925,1,Known_Family_Only,Potential_Novel_Family
7925,3706,1,Potential_Novel_Family,Potential_Novel_Family
643,10561,1,Potential_Novel_Family,Known_Family_Only
8869,9495,1,Known_Family_Only,Expanded_Known_Family
8869,12099,1,Known_Family_Only,Potential_Novel_Family
9495,12099,3,Expanded_Known_Family,Potential_Novel_Family
184,7456,15,Expanded_Known_Family,Expanded_Known_Family
184,3213,22,Expanded_Known_Family,Expanded_Known_Family
184,1823,11,Expanded_Known_Family,Expanded_Known_Family
184,3266,2,Expanded_Known_Family,Potential_Novel_Family
184,6410,1,Expanded_Known_Family,Potential_Novel_Family
184,492,1,Expanded_Known_Family,Known_Family_Only
184,58,1,Expanded_Known_Family,Potential_Novel_Family
7456,1823,15,Expanded_Known_Family,Expanded_Known_Family
7456,11665,1,Expanded_Known_Family,Potential_Novel_Family
7456,12112,1,Expanded_Known_Family,Expanded_Known_Family
7456,3213,9,Expanded_Known_Family,Expanded_Known_Family
7456,492,1,Expanded_Known_Family,Known_Family_Only
7456,58,1,Expanded_Known_Family,Potential_Novel_Family
217,2032,1,Expanded_Known_Family,Known_Family_Only
217,446,1,Expanded_Known_Family,Expanded_Known_Family
217,406,1,Expanded_Known_Family,Known_Family_Only
217,452,1,Expanded_Known_Family,Known_Family_Only
217,2936,1,Expanded_Known_Family,Potential_Novel_Family
217,1466,1,Expanded_Known_Family,Known_Family_Only
8589,10870,1,Potential_Novel_Family,Known_Family_Only
8589,11542,1,Potential_Novel_Family,Known_Family_Only
4701,5727,1,Potential_Novel_Family,Known_Family_Only
4798,4994,1,Expanded_Known_Family,Known_Family_Only
4798,6319,1,Expanded_Known_Family,Known_Family_Only
4089,11188,1,Potential_Novel_Family,Known_Family_Only
1158,473,1,Known_Family_Only,Expanded_Known_Family
1281,9654,1,Known_Family_Only,Potential_Novel_Family
6244,2206,1,Expanded_Known_Family,Expanded_Known_Family
6244,9695,1,Expanded_Known_Family,Known_Family_Only
5094,6773,1,Known_Family_Only,Potential_Novel_Family
3247,4752,1,Potential_Novel_Family,Potential_Novel_Family
3136,9040,6,Expanded_Known_Family,Potential_Novel_Family
1316,11562,1,Expanded_Known_Family,Potential_Novel_Family
1316,10453,1,Expanded_Known_Family,Potential_Novel_Family
1316,387,3,Expanded_Known_Family,Expanded_Known_Family
1316,3817,1,Expanded_Known_Family,Potential_Novel_Family
1316,9693,1,Expanded_Known_Family,Known_Family_Only
1316,5087,2,Expanded_Known_Family,Expanded_Known_Family
7687,10894,1,Potential_Novel_Family,Potential_Novel_Family
1378,6209,1,Potential_Novel_Family,Known_Family_Only
7879,11869,1,Known_Family_Only,Expanded_Known_Family
11869,8659,1,Expanded_Known_Family,Potential_Novel_Family
464,10989,1,Expanded_Known_Family,Potential_Novel_Family
464,3214,1,Expanded_Known_Family,Potential_Novel_Family
464,11829,1,Expanded_Known_Family,Potential_Novel_Family
464,4184,1,Expanded_Known_Family,Known_Family_Only
464,8403,1,Expanded_Known_Family,Potential_Novel_Family
464,471,1,Expanded_Known_Family,Expanded_Known_Family
464,6297,1,Expanded_Known_Family,Expanded_Known_Family
10989,4070,1,Potential_Novel_Family,Known_Family_Only
9042,10492,1,Expanded_Known_Family,Expanded_Known_Family
10492,65,1,Expanded_Known_Family,Expanded_Known_Family
10492,7266,1,Expanded_Known_Family,Potential_Novel_Family
4225,8590,2,Expanded_Known_Family,Potential_Novel_Family
4225,3702,1,Expanded_Known_Family,Potential_Novel_Family
4225,8385,2,Expanded_Known_Family,Expanded_Known_Family
4225,8509,3,Expanded_Known_Family,Potential_Novel_Family
4225,621,1,Expanded_Known_Family,Potential_Novel_Family
1514,6910,2,Expanded_Known_Family,Potential_Novel_Family
1514,11400,1,Expanded_Known_Family,Potential_Novel_Family
1514,11979,1,Expanded_Known_Family,Potential_Novel_Family
2600,5923,2,Potential_Novel_Family,Expanded_Known_Family
2600,2596,1,Potential_Novel_Family,Expanded_Known_Family
5923,2465,14,Expanded_Known_Family,Potential_Novel_Family
5923,495,1,Expanded_Known_Family,Expanded_Known_Family
3993,11795,19,Expanded_Known_Family,Expanded_Known_Family
3993,4727,1,Expanded_Known_Family,Expanded_Known_Family
3993,7053,4,Expanded_Known_Family,Known_Family_Only
3993,11814,4,Expanded_Known_Family,Expanded_Known_Family
3993,3472,6,Expanded_Known_Family,Expanded_Known_Family
3993,8108,1,Expanded_Known_Family,Known_Family_Only
3993,7961,2,Expanded_Known_Family,Potential_Novel_Family
3993,3904,2,Expanded_Known_Family,Expanded_Known_Family
3993,5459,1,Expanded_Known_Family,Potential_Novel_Family
11795,4727,1,Expanded_Known_Family,Expanded_Known_Family
11795,7053,3,Expanded_Known_Family,Known_Family_Only
11795,385,1,Expanded_Known_Family,Potential_Novel_Family
11795,3472,5,Expanded_Known_Family,Expanded_Known_Family
11795,8108,1,Expanded_Known_Family,Known_Family_Only
11795,7961,2,Expanded_Known_Family,Potential_Novel_Family
2640,7365,2,Expanded_Known_Family,Potential_Novel_Family
2640,7620,2,Expanded_Known_Family,Potential_Novel_Family
2640,11062,1,Expanded_Known_Family,Potential_Novel_Family
2640,9090,1,Expanded_Known_Family,Known_Family_Only
2746,11964,1,Potential_Novel_Family,Potential_Novel_Family
561,5316,1,Expanded_Known_Family,Potential_Novel_Family
561,8999,1,Expanded_Known_Family,Known_Family_Only
561,4664,1,Expanded_Known_Family,Potential_Novel_Family
561,7616,1,Expanded_Known_Family,Known_Family_Only
10806,11357,9,Expanded_Known_Family,Expanded_Known_Family
10806,11796,2,Expanded_Known_Family,Expanded_Known_Family
11357,1398,1,Expanded_Known_Family,Known_Family_Only
11357,3457,1,Expanded_Known_Family,Expanded_Known_Family
11357,10883,3,Expanded_Known_Family,Expanded_Known_Family
11357,8913,1,Expanded_Known_Family,Expanded_Known_Family
11357,10766,1,Expanded_Known_Family,Expanded_Known_Family
11357,911,1,Expanded_Known_Family,Expanded_Known_Family
11357,7158,1,Expanded_Known_Family,Potential_Novel_Family
11357,10759,1,Expanded_Known_Family,Potential_Novel_Family
2391,11926,1,Potential_Novel_Family,Known_Family_Only
3720,7983,1,Expanded_Known_Family,Expanded_Known_Family
3720,10668,1,Expanded_Known_Family,Expanded_Known_Family
3720,1336,1,Expanded_Known_Family,Potential_Novel_Family
3720,6245,1,Expanded_Known_Family,Known_Family_Only
3720,3785,1,Expanded_Known_Family,Known_Family_Only
3720,7989,2,Expanded_Known_Family,Expanded_Known_Family
3720,7659,2,Expanded_Known_Family,Expanded_Known_Family
3720,7351,4,Expanded_Known_Family,Expanded_Known_Family
3720,756,1,Expanded_Known_Family,Expanded_Known_Family
3720,2834,1,Expanded_Known_Family,Expanded_Known_Family
7983,4062,2,Expanded_Known_Family,Expanded_Known_Family
7983,3936,1,Expanded_Known_Family,Expanded_Known_Family
6567,8160,2,Expanded_Known_Family,Expanded_Known_Family
6567,8412,1,Expanded_Known_Family,Expanded_Known_Family
8160,1017,2,Expanded_Known_Family,Expanded_Known_Family
8160,2175,1,Expanded_Known_Family,Potential_Novel_Family
8160,8412,2,Expanded_Known_Family,Expanded_Known_Family
8160,8925,1,Expanded_Known_Family,Known_Family_Only
9247,11219,1,Potential_Novel_Family,Known_Family_Only
4754,4903,1,Potential_Novel_Family,Known_Family_Only
4754,3588,1,Potential_Novel_Family,Potential_Novel_Family
3884,8373,1,Potential_Novel_Family,Known_Family_Only
529,533,1,Expanded_Known_Family,Potential_Novel_Family
9753,10562,1,Potential_Novel_Family,Known_Family_Only
740,1047,1,Expanded_Known_Family,Known_Family_Only
740,1532,23,Expanded_Known_Family,Expanded_Known_Family
740,6272,1,Expanded_Known_Family,Potential_Novel_Family
740,2399,1,Expanded_Known_Family,Known_Family_Only
740,164,1,Expanded_Known_Family,Potential_Novel_Family
740,5961,1,Expanded_Known_Family,Potential_Novel_Family
1047,1532,1,Known_Family_Only,Expanded_Known_Family
1532,2399,1,Expanded_Known_Family,Known_Family_Only
11582,11701,1,Known_Family_Only,Potential_Novel_Family
3717,7694,10,Expanded_Known_Family,Expanded_Known_Family
3717,9818,1,Expanded_Known_Family,Potential_Novel_Family
7694,5044,1,Expanded_Known_Family,Potential_Novel_Family
7694,2361,1,Expanded_Known_Family,Known_Family_Only
7694,11970,1,Expanded_Known_Family,Potential_Novel_Family
7694,1970,1,Expanded_Known_Family,Expanded_Known_Family
7694,12055,1,Expanded_Known_Family,Known_Family_Only
3564,5064,2,Expanded_Known_Family,Expanded_Known_Family
3564,3097,1,Expanded_Known_Family,Potential_Novel_Family
3564,5860,1,Expanded_Known_Family,Potential_Novel_Family
3564,2460,1,Expanded_Known_Family,Potential_Novel_Family
5064,7116,2,Expanded_Known_Family,Known_Family_Only
5064,8377,1,Expanded_Known_Family,Expanded_Known_Family
5064,9634,1,Expanded_Known_Family,Known_Family_Only
5064,6792,1,Expanded_Known_Family,Known_Family_Only
5064,8251,1,Expanded_Known_Family,Potential_Novel_Family
5064,6793,2,Expanded_Known_Family,Expanded_Known_Family
5064,6042,1,Expanded_Known_Family,Expanded_Known_Family
5064,4771,1,Expanded_Known_Family,Potential_Novel_Family
5064,11577,1,Expanded_Known_Family,Expanded_Known_Family
2060,12871,1,Expanded_Known_Family,Potential_Novel_Family
2060,3611,1,Expanded_Known_Family,Expanded_Known_Family
3462,5555,26,Expanded_Known_Family,Expanded_Known_Family
3462,1318,1,Expanded_Known_Family,Expanded_Known_Family
3462,3788,1,Expanded_Known_Family,Expanded_Known_Family
3462,510,3,Expanded_Known_Family,Potential_Novel_Family
3462,5679,1,Expanded_Known_Family,Expanded_Known_Family
3462,3953,1,Expanded_Known_Family,Expanded_Known_Family
3462,5974,2,Expanded_Known_Family,Expanded_Known_Family
3462,6645,1,Expanded_Known_Family,Expanded_Known_Family
3462,6014,1,Expanded_Known_Family,Expanded_Known_Family
5555,1318,1,Expanded_Known_Family,Expanded_Known_Family
5555,3788,1,Expanded_Known_Family,Expanded_Known_Family
5555,510,6,Expanded_Known_Family,Potential_Novel_Family
5555,9860,1,Expanded_Known_Family,Potential_Novel_Family
5555,3953,1,Expanded_Known_Family,Expanded_Known_Family
5555,5974,1,Expanded_Known_Family,Expanded_Known_Family
5555,6014,1,Expanded_Known_Family,Expanded_Known_Family
6433,4839,1,Expanded_Known_Family,Expanded_Known_Family
6433,7093,1,Expanded_Known_Family,Expanded_Known_Family
694,2374,2,Potential_Novel_Family,Expanded_Known_Family
11388,12830,1,Known_Family_Only,Potential_Novel_Family
11388,2124,1,Known_Family_Only,Potential_Novel_Family
106,11965,1,Known_Family_Only,Potential_Novel_Family
106,4268,1,Known_Family_Only,Potential_Novel_Family
90,11341,1,Potential_Novel_Family,Potential_Novel_Family
90,10056,1,Potential_Novel_Family,Expanded_Known_Family
90,7247,1,Potential_Novel_Family,Potential_Novel_Family
11341,5527,1,Potential_Novel_Family,Known_Family_Only
11341,11606,1,Potential_Novel_Family,Expanded_Known_Family
11341,10766,2,Potential_Novel_Family,Expanded_Known_Family
11341,10280,1,Potential_Novel_Family,Known_Family_Only
11341,1985,1,Potential_Novel_Family,Expanded_Known_Family
11341,25,1,Potential_Novel_Family,Expanded_Known_Family
12205,12768,1,Expanded_Known_Family,Potential_Novel_Family
12205,387,1,Expanded_Known_Family,Expanded_Known_Family
12205,12571,1,Expanded_Known_Family,Potential_Novel_Family
256,5968,2,Expanded_Known_Family,Expanded_Known_Family
256,4908,1,Expanded_Known_Family,Potential_Novel_Family
256,9649,1,Expanded_Known_Family,Potential_Novel_Family
5968,4900,1,Expanded_Known_Family,Potential_Novel_Family
5968,5393,1,Expanded_Known_Family,Potential_Novel_Family
11122,12566,30,Expanded_Known_Family,Potential_Novel_Family
1573,9069,2,Potential_Novel_Family,Expanded_Known_Family
3080,9911,2,Potential_Novel_Family,Known_Family_Only
473,6336,1,Expanded_Known_Family,Potential_Novel_Family
473,7269,3,Expanded_Known_Family,Expanded_Known_Family
473,8644,1,Expanded_Known_Family,Expanded_Known_Family
473,690,1,Expanded_Known_Family,Expanded_Known_Family
473,11094,1,Expanded_Known_Family,Expanded_Known_Family
473,5068,1,Expanded_Known_Family,Potential_Novel_Family
473,3988,1,Expanded_Known_Family,Potential_Novel_Family
473,10703,1,Expanded_Known_Family,Known_Family_Only
10990,11700,6,Expanded_Known_Family,Expanded_Known_Family
11700,10755,4,Expanded_Known_Family,Expanded_Known_Family
11700,10663,1,Expanded_Known_Family,Known_Family_Only
2964,9070,1,Potential_Novel_Family,Potential_Novel_Family
238,6466,1,Potential_Novel_Family,Known_Family_Only
488,4237,1,Potential_Novel_Family,Potential_Novel_Family
9655,10940,1,Known_Family_Only,Potential_Novel_Family
11218,11472,1,Potential_Novel_Family,Potential_Novel_Family
367,3643,2,Known_Family_Only,Expanded_Known_Family
3643,6624,1,Expanded_Known_Family,Potential_Novel_Family
3643,1698,1,Expanded_Known_Family,Potential_Novel_Family
3643,392,1,Expanded_Known_Family,Potential_Novel_Family
3643,8188,1,Expanded_Known_Family,Known_Family_Only
5664,7008,1,Expanded_Known_Family,Potential_Novel_Family
5664,12115,1,Expanded_Known_Family,Known_Family_Only
5664,8759,1,Expanded_Known_Family,Expanded_Known_Family
1167,11508,1,Potential_Novel_Family,Known_Family_Only
199,6922,1,Expanded_Known_Family,Expanded_Known_Family
199,1917,1,Expanded_Known_Family,Potential_Novel_Family
6318,10808,1,Potential_Novel_Family,Expanded_Known_Family
10808,2023,2,Expanded_Known_Family,Expanded_Known_Family
10808,1993,4,Expanded_Known_Family,Potential_Novel_Family
10808,7208,1,Expanded_Known_Family,Expanded_Known_Family
3100,12166,1,Potential_Novel_Family,Known_Family_Only
3740,3611,1,Expanded_Known_Family,Expanded_Known_Family
5295,5729,1,Expanded_Known_Family,Potential_Novel_Family
5295,7693,1,Expanded_Known_Family,Potential_Novel_Family
5295,2841,1,Expanded_Known_Family,Potential_Novel_Family
7009,10048,5,Expanded_Known_Family,Expanded_Known_Family
3205,4480,1,Potential_Novel_Family,Known_Family_Only
1394,10563,1,Expanded_Known_Family,Potential_Novel_Family
1394,10517,1,Expanded_Known_Family,Known_Family_Only
1394,2579,2,Expanded_Known_Family,Potential_Novel_Family
1653,2431,1,Expanded_Known_Family,Expanded_Known_Family
2331,9095,3,Expanded_Known_Family,Potential_Novel_Family
5930,10209,1,Potential_Novel_Family,Known_Family_Only
3141,3290,2,Expanded_Known_Family,Expanded_Known_Family
3141,1786,1,Expanded_Known_Family,Expanded_Known_Family
3141,3126,1,Expanded_Known_Family,Expanded_Known_Family
3141,720,2,Expanded_Known_Family,Expanded_Known_Family
3141,3197,1,Expanded_Known_Family,Expanded_Known_Family
3141,3788,1,Expanded_Known_Family,Expanded_Known_Family
3141,4009,1,Expanded_Known_Family,Known_Family_Only
3290,720,1,Expanded_Known_Family,Expanded_Known_Family
3290,3788,1,Expanded_Known_Family,Expanded_Known_Family
5424,7812,1,Known_Family_Only,Potential_Novel_Family
8689,12752,1,Expanded_Known_Family,Potential_Novel_Family
8689,12423,1,Expanded_Known_Family,Potential_Novel_Family
8689,5197,2,Expanded_Known_Family,Potential_Novel_Family
4589,6619,1,Potential_Novel_Family,Expanded_Known_Family
4589,12346,1,Potential_Novel_Family,Known_Family_Only
4589,5224,2,Potential_Novel_Family,Expanded_Known_Family
4589,8881,1,Potential_Novel_Family,Known_Family_Only
4589,5542,1,Potential_Novel_Family,Potential_Novel_Family
4589,10217,1,Potential_Novel_Family,Potential_Novel_Family
4589,12748,1,Potential_Novel_Family,Known_Family_Only
6619,12346,1,Expanded_Known_Family,Known_Family_Only
6619,10792,1,Expanded_Known_Family,Known_Family_Only
6619,3314,6,Expanded_Known_Family,Expanded_Known_Family
6619,8350,1,Expanded_Known_Family,Potential_Novel_Family
6619,11620,1,Expanded_Known_Family,Known_Family_Only
6619,5495,1,Expanded_Known_Family,Potential_Novel_Family
6619,9937,1,Expanded_Known_Family,Known_Family_Only
3213,1823,9,Expanded_Known_Family,Expanded_Known_Family
3213,5597,1,Expanded_Known_Family,Expanded_Known_Family
3213,58,1,Expanded_Known_Family,Potential_Novel_Family
11244,12608,1,Expanded_Known_Family,Potential_Novel_Family
11244,12693,1,Expanded_Known_Family,Known_Family_Only
11244,4012,1,Expanded_Known_Family,Expanded_Known_Family
11244,6163,1,Expanded_Known_Family,Expanded_Known_Family
3248,6838,1,Potential_Novel_Family,Known_Family_Only
3248,12339,1,Potential_Novel_Family,Potential_Novel_Family
11540,11994,1,Potential_Novel_Family,Expanded_Known_Family
11994,9382,1,Expanded_Known_Family,Potential_Novel_Family
5606,7473,1,Expanded_Known_Family,Expanded_Known_Family
5606,7318,2,Expanded_Known_Family,Expanded_Known_Family
5606,8508,1,Expanded_Known_Family,Potential_Novel_Family
5606,8259,2,Expanded_Known_Family,Expanded_Known_Family
1033,3587,1,Expanded_Known_Family,Potential_Novel_Family
1033,5192,1,Expanded_Known_Family,Expanded_Known_Family
1033,909,1,Expanded_Known_Family,Known_Family_Only
1033,7281,1,Expanded_Known_Family,Expanded_Known_Family
1033,7043,1,Expanded_Known_Family,Potential_Novel_Family
3587,5192,1,Potential_Novel_Family,Expanded_Known_Family
5192,7013,1,Expanded_Known_Family,Potential_Novel_Family
5192,5616,2,Expanded_Known_Family,Expanded_Known_Family
5192,5236,1,Expanded_Known_Family,Potential_Novel_Family
5192,398,1,Expanded_Known_Family,Expanded_Known_Family
5192,2733,1,Expanded_Known_Family,Known_Family_Only
5192,1157,1,Expanded_Known_Family,Known_Family_Only
5192,406,2,Expanded_Known_Family,Known_Family_Only
5192,1110,2,Expanded_Known_Family,Expanded_Known_Family
5192,5946,1,Expanded_Known_Family,Known_Family_Only
5192,4721,1,Expanded_Known_Family,Potential_Novel_Family
5192,6969,1,Expanded_Known_Family,Known_Family_Only
5192,10347,1,Expanded_Known_Family,Potential_Novel_Family
579,10135,1,Potential_Novel_Family,Potential_Novel_Family
684,832,1,Potential_Novel_Family,Potential_Novel_Family
684,1826,1,Potential_Novel_Family,Expanded_Known_Family
684,12108,1,Potential_Novel_Family,Expanded_Known_Family
832,1826,1,Potential_Novel_Family,Expanded_Known_Family
832,174,1,Potential_Novel_Family,Expanded_Known_Family
1826,3162,1,Expanded_Known_Family,Expanded_Known_Family
1826,3729,1,Expanded_Known_Family,Known_Family_Only
4671,6696,1,Potential_Novel_Family,Known_Family_Only
6774,10435,1,Known_Family_Only,Potential_Novel_Family
6,409,1,Potential_Novel_Family,Known_Family_Only
6,1676,1,Potential_Novel_Family,Expanded_Known_Family
6,3060,1,Potential_Novel_Family,Known_Family_Only
6,6243,1,Potential_Novel_Family,Known_Family_Only
6,9155,1,Potential_Novel_Family,Known_Family_Only
6,12297,1,Potential_Novel_Family,Potential_Novel_Family
409,1676,1,Known_Family_Only,Expanded_Known_Family
409,3060,1,Known_Family_Only,Known_Family_Only
409,6243,1,Known_Family_Only,Known_Family_Only
409,9155,1,Known_Family_Only,Known_Family_Only
409,3806,1,Known_Family_Only,Potential_Novel_Family
1676,3060,1,Expanded_Known_Family,Known_Family_Only
1676,6243,1,Expanded_Known_Family,Known_Family_Only
1676,9155,1,Expanded_Known_Family,Known_Family_Only
1676,3023,1,Expanded_Known_Family,Potential_Novel_Family
1676,3737,1,Expanded_Known_Family,Known_Family_Only
1676,4117,1,Expanded_Known_Family,Known_Family_Only
1676,5325,1,Expanded_Known_Family,Potential_Novel_Family
1676,3898,1,Expanded_Known_Family,Expanded_Known_Family
1676,3052,1,Expanded_Known_Family,Potential_Novel_Family
3060,6243,1,Known_Family_Only,Known_Family_Only
3060,9155,1,Known_Family_Only,Known_Family_Only
6243,9155,1,Known_Family_Only,Known_Family_Only
5499,9988,1,Potential_Novel_Family,Known_Family_Only
9988,7784,1,Known_Family_Only,Potential_Novel_Family
6148,9223,1,Potential_Novel_Family,Known_Family_Only
6148,2059,1,Potential_Novel_Family,Known_Family_Only
7366,7721,1,Potential_Novel_Family,Expanded_Known_Family
7721,843,1,Expanded_Known_Family,Expanded_Known_Family
7721,12192,1,Expanded_Known_Family,Potential_Novel_Family
7721,3988,1,Expanded_Known_Family,Potential_Novel_Family
4278,5498,1,Potential_Novel_Family,Potential_Novel_Family
5498,3940,1,Potential_Novel_Family,Known_Family_Only
34,1971,1,Expanded_Known_Family,Potential_Novel_Family
34,10795,1,Expanded_Known_Family,Known_Family_Only
34,10779,1,Expanded_Known_Family,Known_Family_Only
2621,5131,1,Potential_Novel_Family,Known_Family_Only
181,1364,5,Expanded_Known_Family,Expanded_Known_Family
181,6622,1,Expanded_Known_Family,Expanded_Known_Family
181,8207,1,Expanded_Known_Family,Known_Family_Only
181,6605,1,Expanded_Known_Family,Known_Family_Only
181,6537,1,Expanded_Known_Family,Potential_Novel_Family
1364,6622,1,Expanded_Known_Family,Expanded_Known_Family
1364,6605,1,Expanded_Known_Family,Known_Family_Only
1364,6537,1,Expanded_Known_Family,Potential_Novel_Family
1364,6463,1,Expanded_Known_Family,Potential_Novel_Family
6622,1312,2,Expanded_Known_Family,Potential_Novel_Family
331,711,2,Known_Family_Only,Expanded_Known_Family
331,2056,2,Known_Family_Only,Potential_Novel_Family
331,3898,2,Known_Family_Only,Expanded_Known_Family
331,8050,2,Known_Family_Only,Expanded_Known_Family
331,1335,1,Known_Family_Only,Expanded_Known_Family
331,5853,1,Known_Family_Only,Potential_Novel_Family
331,2203,1,Known_Family_Only,Expanded_Known_Family
331,2851,1,Known_Family_Only,Potential_Novel_Family
331,5999,1,Known_Family_Only,Expanded_Known_Family
331,1945,1,Known_Family_Only,Potential_Novel_Family
331,2617,1,Known_Family_Only,Known_Family_Only
331,6377,1,Known_Family_Only,Potential_Novel_Family
711,2056,2,Expanded_Known_Family,Potential_Novel_Family
711,3898,1,Expanded_Known_Family,Expanded_Known_Family
711,8050,1,Expanded_Known_Family,Expanded_Known_Family
711,3256,1,Expanded_Known_Family,Known_Family_Only
711,416,1,Expanded_Known_Family,Expanded_Known_Family
711,3008,1,Expanded_Known_Family,Potential_Novel_Family
711,2203,1,Expanded_Known_Family,Expanded_Known_Family
711,2851,1,Expanded_Known_Family,Potential_Novel_Family
711,24,1,Expanded_Known_Family,Expanded_Known_Family
711,5461,1,Expanded_Known_Family,Potential_Novel_Family
711,2346,1,Expanded_Known_Family,Potential_Novel_Family
711,2616,1,Expanded_Known_Family,Potential_Novel_Family
711,2126,1,Expanded_Known_Family,Potential_Novel_Family
711,2305,1,Expanded_Known_Family,Known_Family_Only
711,342,1,Expanded_Known_Family,Known_Family_Only
2056,3898,1,Potential_Novel_Family,Expanded_Known_Family
2056,8050,1,Potential_Novel_Family,Expanded_Known_Family
3898,8050,8,Expanded_Known_Family,Expanded_Known_Family
3898,144,1,Expanded_Known_Family,Known_Family_Only
3898,541,2,Expanded_Known_Family,Expanded_Known_Family
3898,3061,1,Expanded_Known_Family,Known_Family_Only
3898,4455,1,Expanded_Known_Family,Potential_Novel_Family
3898,8003,3,Expanded_Known_Family,Expanded_Known_Family
3898,7783,2,Expanded_Known_Family,Expanded_Known_Family
3898,171,1,Expanded_Known_Family,Expanded_Known_Family
3898,2902,1,Expanded_Known_Family,Known_Family_Only
3898,893,1,Expanded_Known_Family,Expanded_Known_Family
3898,7527,1,Expanded_Known_Family,Known_Family_Only
3898,7987,4,Expanded_Known_Family,Expanded_Known_Family
3898,8293,1,Expanded_Known_Family,Known_Family_Only
3898,11614,1,Expanded_Known_Family,Potential_Novel_Family
3898,10309,1,Expanded_Known_Family,Potential_Novel_Family
3898,11395,1,Expanded_Known_Family,Known_Family_Only
8050,336,1,Expanded_Known_Family,Expanded_Known_Family
8050,517,1,Expanded_Known_Family,Known_Family_Only
8050,629,1,Expanded_Known_Family,Potential_Novel_Family
8050,4314,2,Expanded_Known_Family,Expanded_Known_Family
8050,893,1,Expanded_Known_Family,Expanded_Known_Family
1787,7010,3,Expanded_Known_Family,Expanded_Known_Family
1787,1463,1,Expanded_Known_Family,Expanded_Known_Family
1787,105,1,Expanded_Known_Family,Expanded_Known_Family
1787,8531,2,Expanded_Known_Family,Expanded_Known_Family
1787,4809,1,Expanded_Known_Family,Potential_Novel_Family
1787,6988,1,Expanded_Known_Family,Known_Family_Only
1787,635,1,Expanded_Known_Family,Expanded_Known_Family
1787,4849,1,Expanded_Known_Family,Potential_Novel_Family
1787,10855,1,Expanded_Known_Family,Known_Family_Only
1787,5307,1,Expanded_Known_Family,Known_Family_Only
1787,4969,1,Expanded_Known_Family,Potential_Novel_Family
1787,6462,1,Expanded_Known_Family,Potential_Novel_Family
1787,6860,1,Expanded_Known_Family,Potential_Novel_Family
1787,3945,1,Expanded_Known_Family,Potential_Novel_Family
1787,2543,1,Expanded_Known_Family,Potential_Novel_Family
1787,3595,1,Expanded_Known_Family,Known_Family_Only
2892,8161,2,Known_Family_Only,Potential_Novel_Family
2892,67,3,Known_Family_Only,Expanded_Known_Family
2892,1866,3,Known_Family_Only,Expanded_Known_Family
2892,1780,1,Known_Family_Only,Expanded_Known_Family
5955,11563,1,Expanded_Known_Family,Potential_Novel_Family
505,1132,1,Potential_Novel_Family,Known_Family_Only
1997,11033,1,Known_Family_Only,Potential_Novel_Family
1786,2949,1,Expanded_Known_Family,Potential_Novel_Family
1786,3417,1,Expanded_Known_Family,Potential_Novel_Family
1786,3126,1,Expanded_Known_Family,Expanded_Known_Family
1786,3030,1,Expanded_Known_Family,Potential_Novel_Family
1786,720,2,Expanded_Known_Family,Expanded_Known_Family
1786,3201,1,Expanded_Known_Family,Known_Family_Only
1786,73,1,Expanded_Known_Family,Potential_Novel_Family
1786,723,3,Expanded_Known_Family,Expanded_Known_Family
1786,3635,1,Expanded_Known_Family,Potential_Novel_Family
1786,2418,1,Expanded_Known_Family,Potential_Novel_Family
1786,85,1,Expanded_Known_Family,Potential_Novel_Family
1786,3424,1,Expanded_Known_Family,Known_Family_Only
1786,4774,1,Expanded_Known_Family,Potential_Novel_Family
1786,6543,1,Expanded_Known_Family,Potential_Novel_Family
1036,2781,2,Expanded_Known_Family,Potential_Novel_Family
1036,5974,1,Expanded_Known_Family,Expanded_Known_Family
1036,6294,1,Expanded_Known_Family,Known_Family_Only
1036,7658,1,Expanded_Known_Family,Potential_Novel_Family
1036,9669,1,Expanded_Known_Family,Potential_Novel_Family
1036,12330,2,Expanded_Known_Family,Expanded_Known_Family
1036,3813,1,Expanded_Known_Family,Known_Family_Only
1036,2403,1,Expanded_Known_Family,Potential_Novel_Family
1036,10602,1,Expanded_Known_Family,Potential_Novel_Family
1036,1499,1,Expanded_Known_Family,Potential_Novel_Family
1036,4841,1,Expanded_Known_Family,Potential_Novel_Family
1036,197,1,Expanded_Known_Family,Expanded_Known_Family
1036,4663,1,Expanded_Known_Family,Expanded_Known_Family
2781,8408,1,Potential_Novel_Family,Expanded_Known_Family
1009,1229,2,Potential_Novel_Family,Expanded_Known_Family
1229,8946,1,Expanded_Known_Family,Known_Family_Only
1229,4839,1,Expanded_Known_Family,Expanded_Known_Family
1229,7242,1,Expanded_Known_Family,Expanded_Known_Family
8591,10210,1,Potential_Novel_Family,Known_Family_Only
2214,6517,3,Expanded_Known_Family,Potential_Novel_Family
2214,8560,2,Expanded_Known_Family,Expanded_Known_Family
2214,12386,1,Expanded_Known_Family,Potential_Novel_Family
2214,1844,1,Expanded_Known_Family,Potential_Novel_Family
1463,7232,1,Expanded_Known_Family,Expanded_Known_Family
1463,660,3,Expanded_Known_Family,Expanded_Known_Family
7232,11344,2,Expanded_Known_Family,Expanded_Known_Family
7232,3092,1,Expanded_Known_Family,Known_Family_Only
7232,10801,4,Expanded_Known_Family,Potential_Novel_Family
7232,9202,1,Expanded_Known_Family,Expanded_Known_Family
7232,9647,1,Expanded_Known_Family,Potential_Novel_Family
355,2052,3,Expanded_Known_Family,Expanded_Known_Family
355,7976,4,Expanded_Known_Family,Expanded_Known_Family
355,11022,1,Expanded_Known_Family,Potential_Novel_Family
2052,7976,7,Expanded_Known_Family,Expanded_Known_Family
2052,9432,1,Expanded_Known_Family,Known_Family_Only
7976,9432,1,Expanded_Known_Family,Known_Family_Only
10291,12100,2,Expanded_Known_Family,Potential_Novel_Family
135,12347,1,Expanded_Known_Family,Potential_Novel_Family
135,4366,1,Expanded_Known_Family,Known_Family_Only
135,5348,1,Expanded_Known_Family,Expanded_Known_Family
2704,6094,4,Expanded_Known_Family,Potential_Novel_Family
2704,7651,1,Expanded_Known_Family,Potential_Novel_Family
3678,10790,4,Potential_Novel_Family,Potential_Novel_Family
3678,9702,1,Potential_Novel_Family,Potential_Novel_Family
305,6839,1,Expanded_Known_Family,Potential_Novel_Family
305,3039,1,Expanded_Known_Family,Potential_Novel_Family
4157,11808,1,Potential_Novel_Family,Known_Family_Only
2090,8339,2,Known_Family_Only,Expanded_Known_Family
2090,5520,1,Known_Family_Only,Potential_Novel_Family
2090,214,1,Known_Family_Only,Expanded_Known_Family
2090,2947,1,Known_Family_Only,Potential_Novel_Family
8339,214,1,Expanded_Known_Family,Expanded_Known_Family
8339,2947,1,Expanded_Known_Family,Potential_Novel_Family
270,6658,3,Known_Family_Only,Potential_Novel_Family
1723,4341,4,Expanded_Known_Family,Expanded_Known_Family
1723,11772,1,Expanded_Known_Family,Expanded_Known_Family
4341,11772,1,Expanded_Known_Family,Expanded_Known_Family
11772,2093,3,Expanded_Known_Family,Expanded_Known_Family
11772,1484,1,Expanded_Known_Family,Known_Family_Only
11772,4284,1,Expanded_Known_Family,Known_Family_Only
11772,12001,1,Expanded_Known_Family,Known_Family_Only
5494,8374,15,Expanded_Known_Family,Expanded_Known_Family
5494,10723,1,Expanded_Known_Family,Expanded_Known_Family
8374,5743,10,Expanded_Known_Family,Expanded_Known_Family
8374,5382,1,Expanded_Known_Family,Known_Family_Only
193,1511,1,Expanded_Known_Family,Expanded_Known_Family
193,3508,1,Expanded_Known_Family,Known_Family_Only
193,2705,1,Expanded_Known_Family,Potential_Novel_Family
193,6814,1,Expanded_Known_Family,Expanded_Known_Family
193,11682,1,Expanded_Known_Family,Potential_Novel_Family
193,4046,1,Expanded_Known_Family,Potential_Novel_Family
193,4522,1,Expanded_Known_Family,Known_Family_Only
193,8385,1,Expanded_Known_Family,Expanded_Known_Family
193,1766,1,Expanded_Known_Family,Potential_Novel_Family
193,3852,1,Expanded_Known_Family,Known_Family_Only
193,7716,1,Expanded_Known_Family,Potential_Novel_Family
1511,3508,1,Expanded_Known_Family,Known_Family_Only
1511,3162,1,Expanded_Known_Family,Expanded_Known_Family
1511,4046,1,Expanded_Known_Family,Potential_Novel_Family
1511,177,2,Expanded_Known_Family,Expanded_Known_Family
1511,1427,1,Expanded_Known_Family,Known_Family_Only
1511,1897,1,Expanded_Known_Family,Expanded_Known_Family
1511,4020,1,Expanded_Known_Family,Potential_Novel_Family
1511,7893,1,Expanded_Known_Family,Known_Family_Only
1511,3267,1,Expanded_Known_Family,Expanded_Known_Family
1511,3365,1,Expanded_Known_Family,Known_Family_Only
1511,3592,1,Expanded_Known_Family,Potential_Novel_Family
1511,3198,1,Expanded_Known_Family,Known_Family_Only
1511,3410,1,Expanded_Known_Family,Expanded_Known_Family
1511,5609,1,Expanded_Known_Family,Potential_Novel_Family
1511,3901,1,Expanded_Known_Family,Potential_Novel_Family
1511,10075,1,Expanded_Known_Family,Known_Family_Only
10506,12670,8,Expanded_Known_Family,Potential_Novel_Family
29,10820,1,Potential_Novel_Family,Known_Family_Only
29,10644,1,Potential_Novel_Family,Potential_Novel_Family
909,3457,1,Known_Family_Only,Expanded_Known_Family
1168,2310,1,Known_Family_Only,Potential_Novel_Family
11590,12567,1,Potential_Novel_Family,Known_Family_Only
11590,9008,1,Potential_Novel_Family,Known_Family_Only
5994,8711,1,Expanded_Known_Family,Known_Family_Only
5994,12516,1,Expanded_Known_Family,Potential_Novel_Family
5994,3655,1,Expanded_Known_Family,Potential_Novel_Family
5994,2514,1,Expanded_Known_Family,Potential_Novel_Family
604,2601,1,Expanded_Known_Family,Expanded_Known_Family
604,7688,1,Expanded_Known_Family,Potential_Novel_Family
604,642,3,Expanded_Known_Family,Expanded_Known_Family
604,993,2,Expanded_Known_Family,Potential_Novel_Family
604,2872,1,Expanded_Known_Family,Expanded_Known_Family
2601,8803,1,Expanded_Known_Family,Known_Family_Only
2601,239,1,Expanded_Known_Family,Known_Family_Only
7757,11541,1,Potential_Novel_Family,Known_Family_Only
7757,641,1,Potential_Novel_Family,Known_Family_Only
85,1782,2,Potential_Novel_Family,Potential_Novel_Family
85,4488,1,Potential_Novel_Family,Expanded_Known_Family
85,723,1,Potential_Novel_Family,Expanded_Known_Family
85,3424,1,Potential_Novel_Family,Known_Family_Only
571,9592,1,Potential_Novel_Family,Known_Family_Only
698,2887,1,Expanded_Known_Family,Potential_Novel_Family
698,8410,1,Expanded_Known_Family,Potential_Novel_Family
698,541,1,Expanded_Known_Family,Expanded_Known_Family
698,1278,1,Expanded_Known_Family,Known_Family_Only
698,3682,1,Expanded_Known_Family,Potential_Novel_Family
698,2918,1,Expanded_Known_Family,Known_Family_Only
698,4116,2,Expanded_Known_Family,Expanded_Known_Family
698,5682,1,Expanded_Known_Family,Potential_Novel_Family
698,3277,1,Expanded_Known_Family,Potential_Novel_Family
2887,186,1,Potential_Novel_Family,Expanded_Known_Family
1618,2888,1,Potential_Novel_Family,Known_Family_Only
1618,2663,1,Potential_Novel_Family,Expanded_Known_Family
1618,8725,1,Potential_Novel_Family,Potential_Novel_Family
839,990,1,Known_Family_Only,Expanded_Known_Family
990,6128,1,Expanded_Known_Family,Potential_Novel_Family
990,5140,2,Expanded_Known_Family,Expanded_Known_Family
9496,10319,1,Potential_Novel_Family,Known_Family_Only
10533,11995,1,Potential_Novel_Family,Potential_Novel_Family
5907,5974,6,Potential_Novel_Family,Expanded_Known_Family
5974,6014,8,Expanded_Known_Family,Expanded_Known_Family
5974,5070,1,Expanded_Known_Family,Potential_Novel_Family
5974,6294,1,Expanded_Known_Family,Known_Family_Only
5974,10162,1,Expanded_Known_Family,Potential_Novel_Family
5974,299,2,Expanded_Known_Family,Expanded_Known_Family
5974,6382,4,Expanded_Known_Family,Expanded_Known_Family
5974,6523,5,Expanded_Known_Family,Expanded_Known_Family
5974,6645,3,Expanded_Known_Family,Expanded_Known_Family
5974,5914,1,Expanded_Known_Family,Potential_Novel_Family
5974,9447,1,Expanded_Known_Family,Known_Family_Only
5974,6282,2,Expanded_Known_Family,Potential_Novel_Family
5974,6572,4,Expanded_Known_Family,Potential_Novel_Family
5974,5236,1,Expanded_Known_Family,Potential_Novel_Family
9726,11853,1,Potential_Novel_Family,Expanded_Known_Family
11853,11587,10,Expanded_Known_Family,Expanded_Known_Family
11853,11770,2,Expanded_Known_Family,Expanded_Known_Family
11853,11594,1,Expanded_Known_Family,Potential_Novel_Family
11853,11607,1,Expanded_Known_Family,Expanded_Known_Family
3704,8176,3,Potential_Novel_Family,Expanded_Known_Family
3704,3313,1,Potential_Novel_Family,Known_Family_Only
3704,7533,1,Potential_Novel_Family,Known_Family_Only
6514,8341,3,Expanded_Known_Family,Expanded_Known_Family
8341,28,1,Expanded_Known_Family,Expanded_Known_Family
8341,8218,2,Expanded_Known_Family,Potential_Novel_Family
9325,9809,2,Potential_Novel_Family,Potential_Novel_Family
9325,10895,1,Potential_Novel_Family,Known_Family_Only
9809,10895,1,Potential_Novel_Family,Known_Family_Only
6036,4262,1,Expanded_Known_Family,Potential_Novel_Family
6036,4248,1,Expanded_Known_Family,Potential_Novel_Family
7109,12167,1,Known_Family_Only,Potential_Novel_Family
6434,7621,3,Potential_Novel_Family,Known_Family_Only
149,6657,1,Potential_Novel_Family,Potential_Novel_Family
149,5365,1,Potential_Novel_Family,Expanded_Known_Family
1277,5780,1,Expanded_Known_Family,Known_Family_Only
1277,7880,1,Expanded_Known_Family,Potential_Novel_Family
1277,5547,1,Expanded_Known_Family,Potential_Novel_Family
5780,7880,1,Known_Family_Only,Potential_Novel_Family
7880,7957,1,Potential_Novel_Family,Potential_Novel_Family
7880,8754,1,Potential_Novel_Family,Known_Family_Only
7880,4297,1,Potential_Novel_Family,Potential_Novel_Family
893,7447,1,Expanded_Known_Family,Potential_Novel_Family
893,7727,1,Expanded_Known_Family,Potential_Novel_Family
893,2663,1,Expanded_Known_Family,Expanded_Known_Family
893,133,1,Expanded_Known_Family,Expanded_Known_Family
893,2440,1,Expanded_Known_Family,Potential_Novel_Family
893,3753,1,Expanded_Known_Family,Known_Family_Only
893,2570,1,Expanded_Known_Family,Known_Family_Only
893,4813,1,Expanded_Known_Family,Known_Family_Only
7545,9663,1,Known_Family_Only,Expanded_Known_Family
9663,7115,1,Expanded_Known_Family,Potential_Novel_Family
9663,8681,5,Expanded_Known_Family,Potential_Novel_Family
9663,10329,2,Expanded_Known_Family,Potential_Novel_Family
9663,901,1,Expanded_Known_Family,Known_Family_Only
9663,253,1,Expanded_Known_Family,Expanded_Known_Family
9663,7238,1,Expanded_Known_Family,Potential_Novel_Family
9663,10303,1,Expanded_Known_Family,Potential_Novel_Family
9663,11647,1,Expanded_Known_Family,Potential_Novel_Family
8342,12589,1,Known_Family_Only,Potential_Novel_Family
10019,10896,1,Known_Family_Only,Potential_Novel_Family
6014,5070,1,Expanded_Known_Family,Potential_Novel_Family
6014,6472,5,Expanded_Known_Family,Expanded_Known_Family
6014,6744,2,Expanded_Known_Family,Expanded_Known_Family
1371,11583,5,Expanded_Known_Family,Expanded_Known_Family
1371,4077,1,Expanded_Known_Family,Potential_Novel_Family
1371,11628,1,Expanded_Known_Family,Known_Family_Only
1371,7698,1,Expanded_Known_Family,Potential_Novel_Family
1371,9134,1,Expanded_Known_Family,Known_Family_Only
1371,10826,1,Expanded_Known_Family,Expanded_Known_Family
11583,4941,1,Expanded_Known_Family,Potential_Novel_Family
11066,12507,1,Expanded_Known_Family,Potential_Novel_Family
11066,300,1,Expanded_Known_Family,Potential_Novel_Family
11066,3020,1,Expanded_Known_Family,Known_Family_Only
11066,2991,4,Expanded_Known_Family,Expanded_Known_Family
11066,12329,5,Expanded_Known_Family,Expanded_Known_Family
11066,9546,2,Expanded_Known_Family,Potential_Novel_Family
11066,10803,1,Expanded_Known_Family,Potential_Novel_Family
11066,12284,1,Expanded_Known_Family,Expanded_Known_Family
11066,7535,1,Expanded_Known_Family,Expanded_Known_Family
5500,9465,1,Potential_Novel_Family,Known_Family_Only
5500,10160,1,Potential_Novel_Family,Known_Family_Only
241,345,1,Potential_Novel_Family,Known_Family_Only
241,12685,1,Potential_Novel_Family,Known_Family_Only
2646,3639,1,Potential_Novel_Family,Expanded_Known_Family
3639,963,1,Expanded_Known_Family,Expanded_Known_Family
3639,2828,1,Expanded_Known_Family,Known_Family_Only
125,2655,1,Expanded_Known_Family,Potential_Novel_Family
125,10863,1,Expanded_Known_Family,Potential_Novel_Family
3532,3679,3,Known_Family_Only,Expanded_Known_Family
3532,5338,2,Known_Family_Only,Potential_Novel_Family
3532,3844,1,Known_Family_Only,Expanded_Known_Family
3679,5338,2,Expanded_Known_Family,Potential_Novel_Family
3679,4107,1,Expanded_Known_Family,Known_Family_Only
4302,5665,2,Potential_Novel_Family,Expanded_Known_Family
9510,9593,1,Known_Family_Only,Potential_Novel_Family
9510,9285,2,Known_Family_Only,Potential_Novel_Family
4011,7944,3,Expanded_Known_Family,Expanded_Known_Family
4011,5865,1,Expanded_Known_Family,Known_Family_Only
7944,5865,1,Expanded_Known_Family,Known_Family_Only
2154,9444,1,Potential_Novel_Family,Known_Family_Only
2154,4316,2,Potential_Novel_Family,Expanded_Known_Family
1707,10676,1,Potential_Novel_Family,Known_Family_Only
1707,5775,1,Potential_Novel_Family,Expanded_Known_Family
1890,7172,1,Potential_Novel_Family,Potential_Novel_Family
7813,8483,1,Known_Family_Only,Potential_Novel_Family
963,5175,1,Expanded_Known_Family,Expanded_Known_Family
963,5218,4,Expanded_Known_Family,Potential_Novel_Family
963,2828,3,Expanded_Known_Family,Known_Family_Only
963,253,1,Expanded_Known_Family,Expanded_Known_Family
963,2767,2,Expanded_Known_Family,Expanded_Known_Family
963,7238,1,Expanded_Known_Family,Potential_Novel_Family
963,10303,1,Expanded_Known_Family,Potential_Novel_Family
963,5308,1,Expanded_Known_Family,Potential_Novel_Family
5175,999,1,Expanded_Known_Family,Expanded_Known_Family
420,3158,1,Expanded_Known_Family,Potential_Novel_Family
420,5815,1,Expanded_Known_Family,Known_Family_Only
420,10504,2,Expanded_Known_Family,Known_Family_Only
420,11576,1,Expanded_Known_Family,Expanded_Known_Family
1627,3414,1,Expanded_Known_Family,Potential_Novel_Family
1627,12389,1,Expanded_Known_Family,Potential_Novel_Family
1627,8306,1,Expanded_Known_Family,Known_Family_Only
10941,11723,1,Potential_Novel_Family,Potential_Novel_Family
11723,11576,1,Potential_Novel_Family,Expanded_Known_Family
536,1951,2,Expanded_Known_Family,Potential_Novel_Family
4453,6210,7,Expanded_Known_Family,Expanded_Known_Family
4453,9895,8,Expanded_Known_Family,Expanded_Known_Family
6210,9895,8,Expanded_Known_Family,Expanded_Known_Family
9895,4424,2,Expanded_Known_Family,Expanded_Known_Family
9895,4231,1,Expanded_Known_Family,Expanded_Known_Family
11809,11927,1,Potential_Novel_Family,Potential_Novel_Family
3847,4481,2,Potential_Novel_Family,Known_Family_Only
1453,4303,1,Potential_Novel_Family,Potential_Novel_Family
1453,4649,1,Potential_Novel_Family,Potential_Novel_Family
685,1918,12,Expanded_Known_Family,Expanded_Known_Family
685,1624,1,Expanded_Known_Family,Potential_Novel_Family
685,1589,2,Expanded_Known_Family,Expanded_Known_Family
685,8241,1,Expanded_Known_Family,Expanded_Known_Family
685,7327,1,Expanded_Known_Family,Potential_Novel_Family
685,1422,1,Expanded_Known_Family,Potential_Novel_Family
685,11116,1,Expanded_Known_Family,Potential_Novel_Family
685,11366,1,Expanded_Known_Family,Potential_Novel_Family
1918,1624,1,Expanded_Known_Family,Potential_Novel_Family
1918,1589,3,Expanded_Known_Family,Expanded_Known_Family
1918,8241,1,Expanded_Known_Family,Expanded_Known_Family
1918,7092,1,Expanded_Known_Family,Potential_Novel_Family
1918,3215,1,Expanded_Known_Family,Known_Family_Only
1918,1422,1,Expanded_Known_Family,Potential_Novel_Family
1918,3456,1,Expanded_Known_Family,Potential_Novel_Family
1918,2872,1,Expanded_Known_Family,Expanded_Known_Family
1918,749,1,Expanded_Known_Family,Known_Family_Only
1918,3177,1,Expanded_Known_Family,Known_Family_Only
1918,1903,1,Expanded_Known_Family,Potential_Novel_Family
1918,1892,1,Expanded_Known_Family,Potential_Novel_Family
4012,6812,1,Expanded_Known_Family,Potential_Novel_Family
5283,2104,1,Potential_Novel_Family,Potential_Novel_Family
11618,4048,4,Expanded_Known_Family,Expanded_Known_Family
11618,6708,2,Expanded_Known_Family,Known_Family_Only
11618,3380,1,Expanded_Known_Family,Potential_Novel_Family
11618,10993,1,Expanded_Known_Family,Expanded_Known_Family
11618,10766,3,Expanded_Known_Family,Expanded_Known_Family
11618,229,1,Expanded_Known_Family,Potential_Novel_Family
11618,10043,1,Expanded_Known_Family,Known_Family_Only
2287,5696,1,Potential_Novel_Family,Potential_Novel_Family
5306,2523,1,Expanded_Known_Family,Potential_Novel_Family
5306,5591,1,Expanded_Known_Family,Known_Family_Only
5306,8926,1,Expanded_Known_Family,Potential_Novel_Family
1956,2987,1,Expanded_Known_Family,Expanded_Known_Family
1956,2583,2,Expanded_Known_Family,Expanded_Known_Family
1956,6352,1,Expanded_Known_Family,Expanded_Known_Family
1956,8791,2,Expanded_Known_Family,Potential_Novel_Family
1956,12108,2,Expanded_Known_Family,Expanded_Known_Family
1956,11054,1,Expanded_Known_Family,Known_Family_Only
2987,6786,1,Expanded_Known_Family,Potential_Novel_Family
2987,6885,1,Expanded_Known_Family,Expanded_Known_Family
2987,1448,1,Expanded_Known_Family,Potential_Novel_Family
2987,911,1,Expanded_Known_Family,Expanded_Known_Family
2987,864,1,Expanded_Known_Family,Potential_Novel_Family
938,6511,2,Expanded_Known_Family,Known_Family_Only
938,12415,1,Expanded_Known_Family,Potential_Novel_Family
938,4061,1,Expanded_Known_Family,Expanded_Known_Family
938,12075,1,Expanded_Known_Family,Potential_Novel_Family
938,11942,1,Expanded_Known_Family,Potential_Novel_Family
938,2300,1,Expanded_Known_Family,Expanded_Known_Family
938,6367,1,Expanded_Known_Family,Potential_Novel_Family
938,6163,1,Expanded_Known_Family,Expanded_Known_Family
938,8401,2,Expanded_Known_Family,Potential_Novel_Family
938,11959,1,Expanded_Known_Family,Known_Family_Only
6511,7033,1,Known_Family_Only,Expanded_Known_Family
6511,2706,1,Known_Family_Only,Expanded_Known_Family
6511,7361,2,Known_Family_Only,Potential_Novel_Family
2118,10534,1,Expanded_Known_Family,Known_Family_Only
2118,4817,2,Expanded_Known_Family,Potential_Novel_Family
2773,4172,3,Expanded_Known_Family,Potential_Novel_Family
1738,2119,1,Known_Family_Only,Expanded_Known_Family
2119,3147,1,Expanded_Known_Family,Potential_Novel_Family
9466,11584,1,Potential_Novel_Family,Known_Family_Only
10574,12284,1,Expanded_Known_Family,Expanded_Known_Family
10574,12510,2,Expanded_Known_Family,Potential_Novel_Family
10574,12578,1,Expanded_Known_Family,Potential_Novel_Family
10574,12196,2,Expanded_Known_Family,Expanded_Known_Family
10574,8659,1,Expanded_Known_Family,Potential_Novel_Family
10574,12445,1,Expanded_Known_Family,Expanded_Known_Family
10574,12520,1,Expanded_Known_Family,Potential_Novel_Family
10574,12546,1,Expanded_Known_Family,Known_Family_Only
9273,11473,2,Expanded_Known_Family,Potential_Novel_Family
9273,11848,1,Expanded_Known_Family,Potential_Novel_Family
9273,10446,1,Expanded_Known_Family,Known_Family_Only
242,470,1,Known_Family_Only,Potential_Novel_Family
475,1500,1,Known_Family_Only,Potential_Novel_Family
152,4482,2,Expanded_Known_Family,Potential_Novel_Family
152,7344,1,Expanded_Known_Family,Known_Family_Only
606,7077,3,Expanded_Known_Family,Expanded_Known_Family
7623,1872,1,Potential_Novel_Family,Known_Family_Only
7623,12017,2,Potential_Novel_Family,Potential_Novel_Family
2075,4945,2,Known_Family_Only,Potential_Novel_Family
1780,7168,1,Expanded_Known_Family,Potential_Novel_Family
1780,163,1,Expanded_Known_Family,Known_Family_Only
1780,2516,1,Expanded_Known_Family,Expanded_Known_Family
7168,1794,1,Potential_Novel_Family,Known_Family_Only
2045,5139,1,Potential_Novel_Family,Known_Family_Only
5139,6452,1,Known_Family_Only,Potential_Novel_Family
7622,8592,1,Known_Family_Only,Potential_Novel_Family
3644,5584,1,Potential_Novel_Family,Known_Family_Only
4195,9984,1,Known_Family_Only,Potential_Novel_Family
4968,7276,1,Expanded_Known_Family,Potential_Novel_Family
4968,2228,1,Expanded_Known_Family,Potential_Novel_Family
4968,21,1,Expanded_Known_Family,Expanded_Known_Family
4968,11428,1,Expanded_Known_Family,Potential_Novel_Family
2199,12218,1,Known_Family_Only,Expanded_Known_Family
413,8484,2,Potential_Novel_Family,Expanded_Known_Family
8484,9023,1,Expanded_Known_Family,Potential_Novel_Family
8484,6601,1,Expanded_Known_Family,Potential_Novel_Family
8484,8515,1,Expanded_Known_Family,Known_Family_Only
8484,11464,1,Expanded_Known_Family,Known_Family_Only
8484,9179,1,Expanded_Known_Family,Potential_Novel_Family
4342,12204,2,Potential_Novel_Family,Known_Family_Only
158,8961,8,Expanded_Known_Family,Expanded_Known_Family
158,4393,2,Expanded_Known_Family,Expanded_Known_Family
158,162,1,Expanded_Known_Family,Expanded_Known_Family
158,12438,1,Expanded_Known_Family,Potential_Novel_Family
158,6710,1,Expanded_Known_Family,Known_Family_Only
158,12727,1,Expanded_Known_Family,Known_Family_Only
8961,4393,6,Expanded_Known_Family,Expanded_Known_Family
8961,172,1,Expanded_Known_Family,Expanded_Known_Family
8961,1021,1,Expanded_Known_Family,Known_Family_Only
8961,5913,1,Expanded_Known_Family,Potential_Novel_Family
8961,162,4,Expanded_Known_Family,Expanded_Known_Family
8961,12438,1,Expanded_Known_Family,Potential_Novel_Family
8961,7442,1,Expanded_Known_Family,Potential_Novel_Family
8961,11754,1,Expanded_Known_Family,Potential_Novel_Family
8961,6710,1,Expanded_Known_Family,Known_Family_Only
8961,286,1,Expanded_Known_Family,Known_Family_Only
8961,4147,1,Expanded_Known_Family,Potential_Novel_Family
3003,10092,1,Expanded_Known_Family,Expanded_Known_Family
3003,3626,2,Expanded_Known_Family,Expanded_Known_Family
3003,8983,2,Expanded_Known_Family,Expanded_Known_Family
3003,2741,1,Expanded_Known_Family,Potential_Novel_Family
10092,10152,1,Expanded_Known_Family,Expanded_Known_Family
10092,9060,1,Expanded_Known_Family,Potential_Novel_Family
10092,3581,1,Expanded_Known_Family,Expanded_Known_Family
10092,4197,1,Expanded_Known_Family,Expanded_Known_Family
11442,11804,10,Expanded_Known_Family,Expanded_Known_Family
11442,11929,5,Expanded_Known_Family,Expanded_Known_Family
11804,11403,1,Expanded_Known_Family,Known_Family_Only
11804,11660,2,Expanded_Known_Family,Potential_Novel_Family
7655,10991,3,Expanded_Known_Family,Potential_Novel_Family
9414,11996,5,Expanded_Known_Family,Potential_Novel_Family
9414,11013,1,Expanded_Known_Family,Expanded_Known_Family
2157,4565,1,Potential_Novel_Family,Expanded_Known_Family
2157,9944,1,Potential_Novel_Family,Potential_Novel_Family
1613,2319,3,Expanded_Known_Family,Potential_Novel_Family
1613,659,1,Expanded_Known_Family,Known_Family_Only
6558,8223,8,Expanded_Known_Family,Expanded_Known_Family
6558,8308,17,Expanded_Known_Family,Expanded_Known_Family
6558,8413,1,Expanded_Known_Family,Known_Family_Only
6558,8192,1,Expanded_Known_Family,Expanded_Known_Family
6558,8390,2,Expanded_Known_Family,Potential_Novel_Family
6558,7953,2,Expanded_Known_Family,Potential_Novel_Family
6558,8351,2,Expanded_Known_Family,Potential_Novel_Family
8223,6539,1,Expanded_Known_Family,Potential_Novel_Family
8223,6310,1,Expanded_Known_Family,Expanded_Known_Family
976,9871,2,Expanded_Known_Family,Known_Family_Only
976,6031,1,Expanded_Known_Family,Potential_Novel_Family
976,4067,1,Expanded_Known_Family,Expanded_Known_Family
3735,8939,1,Known_Family_Only,Potential_Novel_Family
3397,5876,1,Potential_Novel_Family,Known_Family_Only
5876,12353,1,Known_Family_Only,Potential_Novel_Family
11339,12068,1,Known_Family_Only,Potential_Novel_Family
12068,12150,1,Potential_Novel_Family,Known_Family_Only
12068,4693,1,Potential_Novel_Family,Potential_Novel_Family
4871,9622,1,Known_Family_Only,Potential_Novel_Family
2878,4946,1,Expanded_Known_Family,Potential_Novel_Family
2878,3645,1,Expanded_Known_Family,Potential_Novel_Family
2878,8380,3,Expanded_Known_Family,Expanded_Known_Family
2878,8333,7,Expanded_Known_Family,Expanded_Known_Family
2878,8912,2,Expanded_Known_Family,Potential_Novel_Family
2878,10925,1,Expanded_Known_Family,Known_Family_Only
2878,4308,3,Expanded_Known_Family,Expanded_Known_Family
2878,3234,4,Expanded_Known_Family,Expanded_Known_Family
2878,329,1,Expanded_Known_Family,Potential_Novel_Family
2878,7243,1,Expanded_Known_Family,Potential_Novel_Family
2878,3358,1,Expanded_Known_Family,Expanded_Known_Family
4946,4432,1,Potential_Novel_Family,Potential_Novel_Family
5752,6512,1,Potential_Novel_Family,Known_Family_Only
11123,12775,1,Potential_Novel_Family,Expanded_Known_Family
12775,12553,1,Expanded_Known_Family,Expanded_Known_Family
5871,7656,1,Expanded_Known_Family,Potential_Novel_Family
5871,2453,1,Expanded_Known_Family,Expanded_Known_Family
7656,4824,1,Potential_Novel_Family,Known_Family_Only
11304,12101,2,Expanded_Known_Family,Potential_Novel_Family
8485,11928,1,Potential_Novel_Family,Potential_Novel_Family
12131,12452,1,Known_Family_Only,Potential_Novel_Family
12452,11903,1,Potential_Novel_Family,Potential_Novel_Family
9872,10320,1,Known_Family_Only,Potential_Novel_Family
1249,4993,2,Potential_Novel_Family,Potential_Novel_Family
7999,9933,1,Known_Family_Only,Expanded_Known_Family
9933,4900,4,Expanded_Known_Family,Potential_Novel_Family
5781,12132,1,Potential_Novel_Family,Potential_Novel_Family
4062,7847,1,Expanded_Known_Family,Potential_Novel_Family
6631,8162,2,Expanded_Known_Family,Potential_Novel_Family
3783,6438,14,Expanded_Known_Family,Expanded_Known_Family
3783,6815,2,Expanded_Known_Family,Expanded_Known_Family
3783,4441,1,Expanded_Known_Family,Potential_Novel_Family
3783,7697,1,Expanded_Known_Family,Potential_Novel_Family
3783,6362,1,Expanded_Known_Family,Potential_Novel_Family
5087,8408,2,Expanded_Known_Family,Expanded_Known_Family
5087,6835,1,Expanded_Known_Family,Potential_Novel_Family
8408,4249,7,Expanded_Known_Family,Expanded_Known_Family
8408,2389,1,Expanded_Known_Family,Expanded_Known_Family
8408,272,1,Expanded_Known_Family,Expanded_Known_Family
8408,8846,1,Expanded_Known_Family,Known_Family_Only
3164,5637,1,Expanded_Known_Family,Potential_Novel_Family
3164,11938,1,Expanded_Known_Family,Expanded_Known_Family
9838,10992,1,Known_Family_Only,Potential_Novel_Family
5095,10821,1,Potential_Novel_Family,Potential_Novel_Family
4410,10564,2,Potential_Novel_Family,Known_Family_Only
4410,2599,1,Potential_Novel_Family,Potential_Novel_Family
160,5239,4,Expanded_Known_Family,Known_Family_Only
160,4514,4,Expanded_Known_Family,Known_Family_Only
160,277,1,Expanded_Known_Family,Expanded_Known_Family
5239,7844,1,Known_Family_Only,Expanded_Known_Family
5239,295,1,Known_Family_Only,Known_Family_Only
5239,931,1,Known_Family_Only,Expanded_Known_Family
5239,2687,1,Known_Family_Only,Known_Family_Only
5239,5096,1,Known_Family_Only,Known_Family_Only
5239,6976,1,Known_Family_Only,Potential_Novel_Family
5239,419,1,Known_Family_Only,Known_Family_Only
5239,2823,1,Known_Family_Only,Expanded_Known_Family
5239,3932,1,Known_Family_Only,Potential_Novel_Family
5239,3314,1,Known_Family_Only,Expanded_Known_Family
5239,11256,1,Known_Family_Only,Potential_Novel_Family
5239,9238,1,Known_Family_Only,Potential_Novel_Family
4940,6840,2,Expanded_Known_Family,Potential_Novel_Family
4940,541,1,Expanded_Known_Family,Expanded_Known_Family
4940,5055,1,Expanded_Known_Family,Known_Family_Only
2874,10735,1,Potential_Novel_Family,Known_Family_Only
2874,6274,1,Potential_Novel_Family,Known_Family_Only
2874,4857,3,Potential_Novel_Family,Known_Family_Only
11434,12321,1,Potential_Novel_Family,Potential_Novel_Family
9363,11509,1,Potential_Novel_Family,Expanded_Known_Family
9363,8240,2,Potential_Novel_Family,Expanded_Known_Family
11509,1661,1,Expanded_Known_Family,Potential_Novel_Family
84,7078,1,Expanded_Known_Family,Potential_Novel_Family
84,7436,1,Expanded_Known_Family,Known_Family_Only
84,12498,1,Expanded_Known_Family,Potential_Novel_Family
3374,6547,2,Known_Family_Only,Potential_Novel_Family
3374,3044,1,Known_Family_Only,Expanded_Known_Family
11591,12072,6,Expanded_Known_Family,Expanded_Known_Family
11817,12280,1,Expanded_Known_Family,Potential_Novel_Family
11817,11932,4,Expanded_Known_Family,Potential_Novel_Family
11817,537,1,Expanded_Known_Family,Expanded_Known_Family
11817,501,1,Expanded_Known_Family,Known_Family_Only
3010,3259,1,Expanded_Known_Family,Expanded_Known_Family
3010,375,1,Expanded_Known_Family,Potential_Novel_Family
3010,5247,1,Expanded_Known_Family,Potential_Novel_Family
3010,322,1,Expanded_Known_Family,Known_Family_Only
3010,4378,1,Expanded_Known_Family,Potential_Novel_Family
3010,8551,1,Expanded_Known_Family,Potential_Novel_Family
3259,10880,1,Expanded_Known_Family,Known_Family_Only
10718,10763,3,Known_Family_Only,Potential_Novel_Family
10718,9507,1,Known_Family_Only,Potential_Novel_Family
10718,6800,1,Known_Family_Only,Potential_Novel_Family
147,3746,3,Expanded_Known_Family,Known_Family_Only
147,631,1,Expanded_Known_Family,Expanded_Known_Family
147,1493,1,Expanded_Known_Family,Expanded_Known_Family
147,250,1,Expanded_Known_Family,Expanded_Known_Family
147,800,1,Expanded_Known_Family,Known_Family_Only
147,3321,1,Expanded_Known_Family,Expanded_Known_Family
147,6206,1,Expanded_Known_Family,Known_Family_Only
3746,631,1,Known_Family_Only,Expanded_Known_Family
1744,12549,5,Expanded_Known_Family,Expanded_Known_Family
1744,5368,1,Expanded_Known_Family,Expanded_Known_Family
1744,10777,1,Expanded_Known_Family,Potential_Novel_Family
6538,10544,12,Expanded_Known_Family,Expanded_Known_Family
6538,6029,1,Expanded_Known_Family,Potential_Novel_Family
6538,10596,1,Expanded_Known_Family,Potential_Novel_Family
6538,6999,3,Expanded_Known_Family,Expanded_Known_Family
6538,7959,1,Expanded_Known_Family,Potential_Novel_Family
7908,11399,1,Potential_Novel_Family,Known_Family_Only
1257,5071,2,Expanded_Known_Family,Known_Family_Only
1257,10572,2,Expanded_Known_Family,Expanded_Known_Family
1617,7844,4,Expanded_Known_Family,Expanded_Known_Family
1617,10354,1,Expanded_Known_Family,Known_Family_Only
1617,5705,1,Expanded_Known_Family,Expanded_Known_Family
7844,7237,1,Expanded_Known_Family,Potential_Novel_Family
7844,2940,1,Expanded_Known_Family,Known_Family_Only
2817,7890,6,Expanded_Known_Family,Expanded_Known_Family
7033,5862,1,Expanded_Known_Family,Expanded_Known_Family
10049,12609,1,Potential_Novel_Family,Known_Family_Only
10049,103,1,Potential_Novel_Family,Expanded_Known_Family
4200,9539,2,Potential_Novel_Family,Expanded_Known_Family
4454,7011,1,Potential_Novel_Family,Known_Family_Only
10993,3499,1,Expanded_Known_Family,Known_Family_Only
59,10321,1,Potential_Novel_Family,Potential_Novel_Family
59,10736,1,Potential_Novel_Family,Known_Family_Only
11653,11042,2,Expanded_Known_Family,Expanded_Known_Family
3244,4583,1,Known_Family_Only,Potential_Novel_Family
3244,250,1,Known_Family_Only,Expanded_Known_Family
3244,1431,1,Known_Family_Only,Known_Family_Only
851,2129,1,Known_Family_Only,Potential_Novel_Family
2129,4177,1,Potential_Novel_Family,Potential_Novel_Family
2129,7838,1,Potential_Novel_Family,Expanded_Known_Family
2129,1765,1,Potential_Novel_Family,Known_Family_Only
2129,1666,1,Potential_Novel_Family,Expanded_Known_Family
3296,8163,1,Potential_Novel_Family,Known_Family_Only
3296,8649,4,Potential_Novel_Family,Expanded_Known_Family
3296,12143,4,Potential_Novel_Family,Expanded_Known_Family
3296,2110,1,Potential_Novel_Family,Known_Family_Only
5983,8030,2,Potential_Novel_Family,Expanded_Known_Family
10587,1396,1,Potential_Novel_Family,Expanded_Known_Family
11274,12472,1,Expanded_Known_Family,Potential_Novel_Family
11274,12171,1,Expanded_Known_Family,Expanded_Known_Family
11274,12388,1,Expanded_Known_Family,Expanded_Known_Family
11274,11873,2,Expanded_Known_Family,Expanded_Known_Family
11274,12270,2,Expanded_Known_Family,Known_Family_Only
11274,12250,2,Expanded_Known_Family,Expanded_Known_Family
11274,1443,1,Expanded_Known_Family,Expanded_Known_Family
11274,11013,1,Expanded_Known_Family,Expanded_Known_Family
2950,9467,12,Expanded_Known_Family,Expanded_Known_Family
966,4120,6,Expanded_Known_Family,Expanded_Known_Family
966,7081,1,Expanded_Known_Family,Potential_Novel_Family
966,3085,1,Expanded_Known_Family,Known_Family_Only
966,6396,1,Expanded_Known_Family,Known_Family_Only
4120,8002,1,Expanded_Known_Family,Known_Family_Only
4120,6902,4,Expanded_Known_Family,Expanded_Known_Family
4120,923,5,Expanded_Known_Family,Expanded_Known_Family
4120,9627,1,Expanded_Known_Family,Potential_Novel_Family
4120,7081,1,Expanded_Known_Family,Potential_Novel_Family
4120,6915,3,Expanded_Known_Family,Expanded_Known_Family
4120,955,4,Expanded_Known_Family,Expanded_Known_Family
4120,4709,1,Expanded_Known_Family,Known_Family_Only
4120,883,3,Expanded_Known_Family,Expanded_Known_Family
4120,1010,3,Expanded_Known_Family,Known_Family_Only
4120,9228,1,Expanded_Known_Family,Known_Family_Only
4120,6633,2,Expanded_Known_Family,Expanded_Known_Family
4120,12185,1,Expanded_Known_Family,Expanded_Known_Family
4120,6338,1,Expanded_Known_Family,Known_Family_Only
4120,2831,1,Expanded_Known_Family,Known_Family_Only
4120,2054,1,Expanded_Known_Family,Potential_Novel_Family
4120,6747,1,Expanded_Known_Family,Potential_Novel_Family
4120,856,1,Expanded_Known_Family,Expanded_Known_Family
4120,6486,1,Expanded_Known_Family,Expanded_Known_Family
8164,8902,2,Potential_Novel_Family,Potential_Novel_Family
11844,11938,12,Expanded_Known_Family,Expanded_Known_Family
11938,4520,1,Expanded_Known_Family,Potential_Novel_Family
11938,11251,1,Expanded_Known_Family,Potential_Novel_Family
7586,9656,1,Known_Family_Only,Potential_Novel_Family
7586,7184,1,Known_Family_Only,Potential_Novel_Family
6007,6379,1,Potential_Novel_Family,Potential_Novel_Family
8972,9306,1,Potential_Novel_Family,Known_Family_Only
8972,10593,1,Potential_Novel_Family,Known_Family_Only
8972,12803,1,Potential_Novel_Family,Known_Family_Only
8972,12033,1,Potential_Novel_Family,Known_Family_Only
9306,10593,1,Known_Family_Only,Known_Family_Only
9306,12803,1,Known_Family_Only,Known_Family_Only
10593,12803,1,Known_Family_Only,Known_Family_Only
6008,12348,1,Potential_Novel_Family,Potential_Novel_Family
10109,11811,2,Expanded_Known_Family,Potential_Novel_Family
5813,11,1,Potential_Novel_Family,Expanded_Known_Family
448,2342,1,Expanded_Known_Family,Potential_Novel_Family
448,1879,2,Expanded_Known_Family,Expanded_Known_Family
448,1964,3,Expanded_Known_Family,Potential_Novel_Family
448,2260,1,Expanded_Known_Family,Known_Family_Only
448,1749,1,Expanded_Known_Family,Expanded_Known_Family
448,3145,1,Expanded_Known_Family,Potential_Novel_Family
448,3343,1,Expanded_Known_Family,Known_Family_Only
448,2482,1,Expanded_Known_Family,Potential_Novel_Family
448,1969,1,Expanded_Known_Family,Known_Family_Only
448,1887,1,Expanded_Known_Family,Known_Family_Only
448,2029,1,Expanded_Known_Family,Expanded_Known_Family
7418,7474,1,Expanded_Known_Family,Potential_Novel_Family
7418,3596,3,Expanded_Known_Family,Expanded_Known_Family
2213,9604,1,Expanded_Known_Family,Expanded_Known_Family
2213,12387,1,Expanded_Known_Family,Known_Family_Only
2213,7884,1,Expanded_Known_Family,Expanded_Known_Family
2213,9313,1,Expanded_Known_Family,Potential_Novel_Family
2213,5252,1,Expanded_Known_Family,Expanded_Known_Family
2213,9522,1,Expanded_Known_Family,Known_Family_Only
2213,11659,1,Expanded_Known_Family,Potential_Novel_Family
2213,2557,1,Expanded_Known_Family,Potential_Novel_Family
9604,3632,1,Expanded_Known_Family,Potential_Novel_Family
9604,7326,1,Expanded_Known_Family,Potential_Novel_Family
9604,4434,1,Expanded_Known_Family,Potential_Novel_Family
12133,12473,1,Potential_Novel_Family,Potential_Novel_Family
12473,11371,3,Potential_Novel_Family,Expanded_Known_Family
175,5282,1,Known_Family_Only,Potential_Novel_Family
6149,10436,1,Expanded_Known_Family,Potential_Novel_Family
6149,6584,1,Expanded_Known_Family,Potential_Novel_Family
6149,11619,2,Expanded_Known_Family,Potential_Novel_Family
6149,11463,1,Expanded_Known_Family,Potential_Novel_Family
546,1657,1,Known_Family_Only,Potential_Novel_Family
4527,5217,1,Known_Family_Only,Known_Family_Only
1398,3457,1,Known_Family_Only,Expanded_Known_Family
3236,5257,1,Potential_Novel_Family,Known_Family_Only
5984,12804,1,Known_Family_Only,Potential_Novel_Family
897,9071,2,Expanded_Known_Family,Potential_Novel_Family
897,8809,1,Expanded_Known_Family,Potential_Novel_Family
897,10384,1,Expanded_Known_Family,Potential_Novel_Family
897,896,1,Expanded_Known_Family,Expanded_Known_Family
897,1097,1,Expanded_Known_Family,Potential_Novel_Family
897,3557,1,Expanded_Known_Family,Potential_Novel_Family
9071,896,2,Potential_Novel_Family,Expanded_Known_Family
9071,9019,1,Potential_Novel_Family,Potential_Novel_Family
4151,11663,2,Expanded_Known_Family,Potential_Novel_Family
1796,5072,1,Expanded_Known_Family,Potential_Novel_Family
1796,4403,1,Expanded_Known_Family,Potential_Novel_Family
1796,4473,1,Expanded_Known_Family,Known_Family_Only
10969,12134,1,Potential_Novel_Family,Potential_Novel_Family
3017,6211,1,Potential_Novel_Family,Potential_Novel_Family
3017,10133,1,Potential_Novel_Family,Expanded_Known_Family
40,11585,1,Expanded_Known_Family,Expanded_Known_Family
40,10197,1,Expanded_Known_Family,Known_Family_Only
11585,12493,1,Expanded_Known_Family,Known_Family_Only
133,1972,3,Expanded_Known_Family,Potential_Novel_Family
133,5191,1,Expanded_Known_Family,Potential_Novel_Family
133,2535,5,Expanded_Known_Family,Expanded_Known_Family
133,5935,1,Expanded_Known_Family,Potential_Novel_Family
133,931,3,Expanded_Known_Family,Expanded_Known_Family
133,1392,1,Expanded_Known_Family,Potential_Novel_Family
133,2829,1,Expanded_Known_Family,Known_Family_Only
133,3013,1,Expanded_Known_Family,Known_Family_Only
133,8012,1,Expanded_Known_Family,Known_Family_Only
133,706,1,Expanded_Known_Family,Known_Family_Only
133,2538,1,Expanded_Known_Family,Known_Family_Only
133,142,1,Expanded_Known_Family,Expanded_Known_Family
133,2712,1,Expanded_Known_Family,Potential_Novel_Family
133,2440,1,Expanded_Known_Family,Potential_Novel_Family
133,3753,1,Expanded_Known_Family,Known_Family_Only
133,3778,1,Expanded_Known_Family,Potential_Novel_Family
2323,4799,1,Expanded_Known_Family,Potential_Novel_Family
2323,6281,6,Expanded_Known_Family,Potential_Novel_Family
2323,7073,2,Expanded_Known_Family,Known_Family_Only
12069,12168,1,Known_Family_Only,Potential_Novel_Family
316,380,10,Expanded_Known_Family,Expanded_Known_Family
316,237,2,Expanded_Known_Family,Expanded_Known_Family
316,1945,1,Expanded_Known_Family,Potential_Novel_Family
316,2339,1,Expanded_Known_Family,Expanded_Known_Family
380,5,1,Expanded_Known_Family,Expanded_Known_Family
380,1574,1,Expanded_Known_Family,Potential_Novel_Family
380,1030,1,Expanded_Known_Family,Expanded_Known_Family
380,1667,1,Expanded_Known_Family,Potential_Novel_Family
9468,11624,2,Potential_Novel_Family,Expanded_Known_Family
11624,4508,1,Expanded_Known_Family,Potential_Novel_Family
11624,9578,1,Expanded_Known_Family,Known_Family_Only
3529,11810,1,Expanded_Known_Family,Potential_Novel_Family
3529,9310,1,Expanded_Known_Family,Potential_Novel_Family
3529,1309,1,Expanded_Known_Family,Expanded_Known_Family
3529,3875,1,Expanded_Known_Family,Potential_Novel_Family
291,9172,1,Expanded_Known_Family,Expanded_Known_Family
291,12238,1,Expanded_Known_Family,Known_Family_Only
291,8615,2,Expanded_Known_Family,Expanded_Known_Family
291,3250,1,Expanded_Known_Family,Expanded_Known_Family
9172,843,1,Expanded_Known_Family,Expanded_Known_Family
1797,9072,1,Potential_Novel_Family,Known_Family_Only
3697,7110,1,Known_Family_Only,Potential_Novel_Family
10292,12414,1,Known_Family_Only,Potential_Novel_Family
5111,10322,2,Expanded_Known_Family,Expanded_Known_Family
264,10382,1,Known_Family_Only,Potential_Novel_Family
10382,10350,1,Potential_Novel_Family,Potential_Novel_Family
2662,11625,1,Potential_Novel_Family,Potential_Novel_Family
10755,12240,2,Expanded_Known_Family,Expanded_Known_Family
10755,236,1,Expanded_Known_Family,Expanded_Known_Family
4928,8375,1,Known_Family_Only,Potential_Novel_Family
1182,3893,2,Expanded_Known_Family,Potential_Novel_Family
1958,6579,1,Expanded_Known_Family,Potential_Novel_Family
1958,11499,1,Expanded_Known_Family,Known_Family_Only
10211,11543,2,Potential_Novel_Family,Potential_Novel_Family
3624,5189,1,Potential_Novel_Family,Expanded_Known_Family
5189,8726,1,Expanded_Known_Family,Potential_Novel_Family
6059,8836,2,Potential_Novel_Family,Known_Family_Only
1073,3183,2,Expanded_Known_Family,Expanded_Known_Family
1073,10845,1,Expanded_Known_Family,Potential_Novel_Family
1073,1271,1,Expanded_Known_Family,Potential_Novel_Family
1073,17,1,Expanded_Known_Family,Expanded_Known_Family
187,3307,2,Known_Family_Only,Potential_Novel_Family
299,5638,1,Expanded_Known_Family,Known_Family_Only
299,263,1,Expanded_Known_Family,Known_Family_Only
299,3355,1,Expanded_Known_Family,Expanded_Known_Family
299,7117,1,Expanded_Known_Family,Known_Family_Only
299,6382,2,Expanded_Known_Family,Expanded_Known_Family
299,3551,1,Expanded_Known_Family,Expanded_Known_Family
2101,2729,1,Potential_Novel_Family,Known_Family_Only
2101,9075,1,Potential_Novel_Family,Known_Family_Only
2101,10772,1,Potential_Novel_Family,Known_Family_Only
2101,6852,1,Potential_Novel_Family,Potential_Novel_Family
2101,2128,1,Potential_Novel_Family,Expanded_Known_Family
5187,3879,2,Expanded_Known_Family,Potential_Novel_Family
5187,7529,1,Expanded_Known_Family,Expanded_Known_Family
12444,12805,1,Potential_Novel_Family,Potential_Novel_Family
2622,12855,1,Expanded_Known_Family,Potential_Novel_Family
2622,10459,1,Expanded_Known_Family,Expanded_Known_Family
3599,4777,1,Potential_Novel_Family,Potential_Novel_Family
2225,9332,1,Potential_Novel_Family,Known_Family_Only
2225,1471,1,Potential_Novel_Family,Expanded_Known_Family
9041,10323,1,Potential_Novel_Family,Potential_Novel_Family
1526,5339,1,Known_Family_Only,Potential_Novel_Family
5167,5544,4,Expanded_Known_Family,Expanded_Known_Family
5167,10306,1,Expanded_Known_Family,Known_Family_Only
5544,5769,6,Expanded_Known_Family,Potential_Novel_Family
5544,10921,1,Expanded_Known_Family,Expanded_Known_Family
2647,2836,1,Potential_Novel_Family,Potential_Novel_Family
300,3020,1,Potential_Novel_Family,Known_Family_Only
11089,12474,1,Potential_Novel_Family,Potential_Novel_Family
26,6693,1,Expanded_Known_Family,Potential_Novel_Family
26,1636,1,Expanded_Known_Family,Expanded_Known_Family
26,9497,1,Expanded_Known_Family,Expanded_Known_Family
26,11046,1,Expanded_Known_Family,Potential_Novel_Family
26,759,1,Expanded_Known_Family,Potential_Novel_Family
26,4644,1,Expanded_Known_Family,Expanded_Known_Family
1176,10050,1,Expanded_Known_Family,Known_Family_Only
1176,266,1,Expanded_Known_Family,Expanded_Known_Family
1176,2370,2,Expanded_Known_Family,Expanded_Known_Family
1176,8278,1,Expanded_Known_Family,Potential_Novel_Family
1176,1833,1,Expanded_Known_Family,Potential_Novel_Family
3951,4343,1,Potential_Novel_Family,Potential_Novel_Family
12281,759,1,Potential_Novel_Family,Potential_Novel_Family
4821,5846,1,Known_Family_Only,Potential_Novel_Family
5846,4576,3,Potential_Novel_Family,Expanded_Known_Family
8639,12349,1,Known_Family_Only,Potential_Novel_Family
594,11732,1,Expanded_Known_Family,Known_Family_Only
594,5882,1,Expanded_Known_Family,Potential_Novel_Family
594,951,1,Expanded_Known_Family,Potential_Novel_Family
4311,8452,10,Expanded_Known_Family,Expanded_Known_Family
4311,8677,3,Expanded_Known_Family,Expanded_Known_Family
4311,9133,1,Expanded_Known_Family,Potential_Novel_Family
4311,8422,2,Expanded_Known_Family,Potential_Novel_Family
4311,6173,2,Expanded_Known_Family,Expanded_Known_Family
4311,1279,1,Expanded_Known_Family,Potential_Novel_Family
4311,4840,1,Expanded_Known_Family,Potential_Novel_Family
9839,11034,1,Potential_Novel_Family,Known_Family_Only
7184,7546,1,Potential_Novel_Family,Potential_Novel_Family
7184,7522,1,Potential_Novel_Family,Potential_Novel_Family
843,6430,3,Expanded_Known_Family,Expanded_Known_Family
843,4464,1,Expanded_Known_Family,Expanded_Known_Family
843,8506,1,Expanded_Known_Family,Potential_Novel_Family
843,11729,1,Expanded_Known_Family,Potential_Novel_Family
8098,8870,1,Expanded_Known_Family,Known_Family_Only
8098,6659,3,Expanded_Known_Family,Potential_Novel_Family
2359,5238,1,Potential_Novel_Family,Known_Family_Only
2359,5373,1,Potential_Novel_Family,Potential_Novel_Family
344,7524,1,Expanded_Known_Family,Expanded_Known_Family
344,5667,1,Expanded_Known_Family,Expanded_Known_Family
344,1470,4,Expanded_Known_Family,Expanded_Known_Family
344,1740,1,Expanded_Known_Family,Potential_Novel_Family
344,4042,1,Expanded_Known_Family,Known_Family_Only
344,4307,1,Expanded_Known_Family,Known_Family_Only
344,5252,1,Expanded_Known_Family,Expanded_Known_Family
344,3634,1,Expanded_Known_Family,Known_Family_Only
344,3289,3,Expanded_Known_Family,Expanded_Known_Family
7524,9057,4,Expanded_Known_Family,Potential_Novel_Family
7524,4646,1,Expanded_Known_Family,Known_Family_Only
2093,4292,1,Expanded_Known_Family,Expanded_Known_Family
2093,5513,1,Expanded_Known_Family,Expanded_Known_Family
2093,12374,1,Expanded_Known_Family,Expanded_Known_Family
17,9704,1,Expanded_Known_Family,Expanded_Known_Family
17,4672,1,Expanded_Known_Family,Expanded_Known_Family
17,9536,1,Expanded_Known_Family,Potential_Novel_Family
9704,10023,2,Expanded_Known_Family,Potential_Novel_Family
1501,1732,1,Potential_Novel_Family,Known_Family_Only
9803,12535,2,Expanded_Known_Family,Expanded_Known_Family
9803,12558,1,Expanded_Known_Family,Potential_Novel_Family
11174,11954,1,Expanded_Known_Family,Expanded_Known_Family
11174,266,1,Expanded_Known_Family,Expanded_Known_Family
11174,10723,1,Expanded_Known_Family,Expanded_Known_Family
11954,1126,1,Expanded_Known_Family,Potential_Novel_Family
5346,7259,2,Expanded_Known_Family,Expanded_Known_Family
5346,8389,3,Expanded_Known_Family,Expanded_Known_Family
5346,8436,3,Expanded_Known_Family,Expanded_Known_Family
5346,1664,1,Expanded_Known_Family,Potential_Novel_Family
5346,9003,1,Expanded_Known_Family,Potential_Novel_Family
2776,5956,1,Expanded_Known_Family,Potential_Novel_Family
2776,6700,1,Expanded_Known_Family,Expanded_Known_Family
2776,1227,1,Expanded_Known_Family,Potential_Novel_Family
2776,4224,1,Expanded_Known_Family,Known_Family_Only
2776,1210,1,Expanded_Known_Family,Expanded_Known_Family
102,297,1,Known_Family_Only,Potential_Novel_Family
9497,10263,1,Expanded_Known_Family,Potential_Novel_Family
9497,12509,1,Expanded_Known_Family,Expanded_Known_Family
9497,10936,1,Expanded_Known_Family,Expanded_Known_Family
9497,7259,1,Expanded_Known_Family,Expanded_Known_Family
12386,12528,1,Potential_Novel_Family,Known_Family_Only
6348,6467,1,Known_Family_Only,Potential_Novel_Family
539,1454,3,Expanded_Known_Family,Expanded_Known_Family
539,4846,3,Expanded_Known_Family,Potential_Novel_Family
539,5763,1,Expanded_Known_Family,Potential_Novel_Family
539,8328,1,Expanded_Known_Family,Known_Family_Only
539,6895,1,Expanded_Known_Family,Potential_Novel_Family
5317,7173,1,Potential_Novel_Family,Known_Family_Only
5043,8018,13,Expanded_Known_Family,Expanded_Known_Family
8018,1452,1,Expanded_Known_Family,Potential_Novel_Family
10307,11510,1,Potential_Novel_Family,Potential_Novel_Family
10307,4882,2,Potential_Novel_Family,Potential_Novel_Family
10307,8332,1,Potential_Novel_Family,Known_Family_Only
4994,6319,1,Known_Family_Only,Known_Family_Only
8249,11702,1,Expanded_Known_Family,Known_Family_Only
8249,9236,5,Expanded_Known_Family,Potential_Novel_Family
8249,11785,1,Expanded_Known_Family,Potential_Novel_Family
8249,10013,2,Expanded_Known_Family,Known_Family_Only
3879,3443,1,Potential_Novel_Family,Known_Family_Only
3879,5896,1,Potential_Novel_Family,Expanded_Known_Family
3879,5909,1,Potential_Novel_Family,Expanded_Known_Family
1421,4346,4,Expanded_Known_Family,Expanded_Known_Family
1421,1344,1,Expanded_Known_Family,Known_Family_Only
1421,2337,2,Expanded_Known_Family,Expanded_Known_Family
4346,11704,1,Expanded_Known_Family,Known_Family_Only
4346,8701,1,Expanded_Known_Family,Potential_Novel_Family
4346,2337,1,Expanded_Known_Family,Expanded_Known_Family
7277,12102,2,Potential_Novel_Family,Expanded_Known_Family
1470,3308,1,Expanded_Known_Family,Potential_Novel_Family
1470,541,2,Expanded_Known_Family,Expanded_Known_Family
1470,1740,1,Expanded_Known_Family,Potential_Novel_Family
1470,4042,1,Expanded_Known_Family,Known_Family_Only
1470,4307,1,Expanded_Known_Family,Known_Family_Only
1470,5252,1,Expanded_Known_Family,Expanded_Known_Family
1470,5701,1,Expanded_Known_Family,Potential_Novel_Family
1470,3289,4,Expanded_Known_Family,Expanded_Known_Family
1470,3634,1,Expanded_Known_Family,Known_Family_Only
1470,10033,1,Expanded_Known_Family,Potential_Novel_Family
1470,11186,1,Expanded_Known_Family,Expanded_Known_Family
1470,8385,1,Expanded_Known_Family,Expanded_Known_Family
1470,8478,1,Expanded_Known_Family,Potential_Novel_Family
3581,5318,1,Expanded_Known_Family,Potential_Novel_Family
3581,10219,1,Expanded_Known_Family,Potential_Novel_Family
3581,4197,1,Expanded_Known_Family,Expanded_Known_Family
3581,8391,1,Expanded_Known_Family,Expanded_Known_Family
955,6468,1,Expanded_Known_Family,Potential_Novel_Family
955,6753,1,Expanded_Known_Family,Potential_Novel_Family
955,9887,5,Expanded_Known_Family,Expanded_Known_Family
955,4709,1,Expanded_Known_Family,Known_Family_Only
955,12731,1,Expanded_Known_Family,Potential_Novel_Family
5718,6814,2,Potential_Novel_Family,Expanded_Known_Family
5718,4124,1,Potential_Novel_Family,Known_Family_Only
6814,1349,1,Expanded_Known_Family,Expanded_Known_Family
228,3159,1,Expanded_Known_Family,Potential_Novel_Family
228,3184,3,Expanded_Known_Family,Expanded_Known_Family
228,1509,1,Expanded_Known_Family,Potential_Novel_Family
228,3388,1,Expanded_Known_Family,Potential_Novel_Family
228,1864,1,Expanded_Known_Family,Potential_Novel_Family
6904,7587,1,Potential_Novel_Family,Known_Family_Only
4640,9535,1,Potential_Novel_Family,Known_Family_Only
8871,12530,2,Potential_Novel_Family,Expanded_Known_Family
12530,12684,1,Expanded_Known_Family,Potential_Novel_Family
5697,5909,2,Expanded_Known_Family,Expanded_Known_Family
5909,2100,7,Expanded_Known_Family,Expanded_Known_Family
5909,10361,1,Expanded_Known_Family,Known_Family_Only
5909,3066,2,Expanded_Known_Family,Expanded_Known_Family
5909,6649,2,Expanded_Known_Family,Expanded_Known_Family
5909,378,2,Expanded_Known_Family,Known_Family_Only
5909,5896,2,Expanded_Known_Family,Expanded_Known_Family
5909,6575,1,Expanded_Known_Family,Potential_Novel_Family
6830,11035,1,Expanded_Known_Family,Potential_Novel_Family
6830,969,1,Expanded_Known_Family,Potential_Novel_Family
429,7506,1,Expanded_Known_Family,Known_Family_Only
429,10696,1,Expanded_Known_Family,Potential_Novel_Family
429,370,1,Expanded_Known_Family,Expanded_Known_Family
7506,7262,2,Known_Family_Only,Potential_Novel_Family
700,2586,1,Potential_Novel_Family,Known_Family_Only
700,7520,1,Potential_Novel_Family,Known_Family_Only
700,1594,1,Potential_Novel_Family,Expanded_Known_Family
2586,620,1,Known_Family_Only,Potential_Novel_Family
1842,8607,2,Expanded_Known_Family,Potential_Novel_Family
8607,2894,1,Potential_Novel_Family,Known_Family_Only
8607,5883,1,Potential_Novel_Family,Potential_Novel_Family
8607,9033,1,Potential_Novel_Family,Potential_Novel_Family
4604,7143,1,Potential_Novel_Family,Known_Family_Only
2100,7411,1,Expanded_Known_Family,Potential_Novel_Family
2100,12351,1,Expanded_Known_Family,Potential_Novel_Family
3040,4304,1,Potential_Novel_Family,Known_Family_Only
4304,1323,1,Known_Family_Only,Potential_Novel_Family
1489,2077,3,Potential_Novel_Family,Expanded_Known_Family
1489,7367,3,Potential_Novel_Family,Known_Family_Only
2077,7367,3,Expanded_Known_Family,Known_Family_Only
4337,1208,3,Expanded_Known_Family,Expanded_Known_Family
3953,4550,2,Expanded_Known_Family,Potential_Novel_Family
3953,4827,1,Expanded_Known_Family,Known_Family_Only
3953,4390,1,Expanded_Known_Family,Potential_Novel_Family
1457,2226,2,Potential_Novel_Family,Expanded_Known_Family
1457,7507,2,Potential_Novel_Family,Potential_Novel_Family
1457,10020,2,Potential_Novel_Family,Potential_Novel_Family
2226,7507,2,Expanded_Known_Family,Potential_Novel_Family
2226,10020,2,Expanded_Known_Family,Potential_Novel_Family
7507,10020,2,Potential_Novel_Family,Potential_Novel_Family
11370,12350,1,Potential_Novel_Family,Expanded_Known_Family
12350,12808,1,Expanded_Known_Family,Potential_Novel_Family
12350,6962,1,Expanded_Known_Family,Potential_Novel_Family
12350,12583,1,Expanded_Known_Family,Potential_Novel_Family
12350,5656,1,Expanded_Known_Family,Expanded_Known_Family
6623,10437,1,Potential_Novel_Family,Known_Family_Only
2166,5445,1,Potential_Novel_Family,Expanded_Known_Family
2166,8459,1,Potential_Novel_Family,Known_Family_Only
5445,2883,1,Expanded_Known_Family,Potential_Novel_Family
8538,10764,1,Expanded_Known_Family,Potential_Novel_Family
8538,11525,1,Expanded_Known_Family,Known_Family_Only
5132,9005,1,Known_Family_Only,Potential_Novel_Family
2835,5659,2,Potential_Novel_Family,Expanded_Known_Family
5659,635,1,Expanded_Known_Family,Expanded_Known_Family
2889,9364,1,Known_Family_Only,Potential_Novel_Family
896,1097,1,Expanded_Known_Family,Potential_Novel_Family
896,3557,1,Expanded_Known_Family,Potential_Novel_Family
5728,11053,5,Potential_Novel_Family,Expanded_Known_Family
2160,11891,1,Expanded_Known_Family,Known_Family_Only
2160,4629,1,Expanded_Known_Family,Potential_Novel_Family
1005,1233,2,Expanded_Known_Family,Potential_Novel_Family
1005,2880,1,Expanded_Known_Family,Potential_Novel_Family
1005,7605,1,Expanded_Known_Family,Potential_Novel_Family
1233,614,1,Potential_Novel_Family,Expanded_Known_Family
9883,12708,1,Potential_Novel_Family,Known_Family_Only
9883,11010,1,Potential_Novel_Family,Potential_Novel_Family
9883,4757,1,Potential_Novel_Family,Expanded_Known_Family
9883,7981,2,Potential_Novel_Family,Known_Family_Only
12531,12831,1,Potential_Novel_Family,Potential_Novel_Family
2354,10643,1,Potential_Novel_Family,Known_Family_Only
7508,12776,1,Potential_Novel_Family,Known_Family_Only
4839,7093,3,Expanded_Known_Family,Expanded_Known_Family
4839,5465,1,Expanded_Known_Family,Potential_Novel_Family
4839,7242,1,Expanded_Known_Family,Expanded_Known_Family
4839,7144,1,Expanded_Known_Family,Expanded_Known_Family
7093,5465,1,Expanded_Known_Family,Potential_Novel_Family
2461,4840,1,Known_Family_Only,Potential_Novel_Family
2461,8928,1,Known_Family_Only,Expanded_Known_Family
4840,8928,7,Potential_Novel_Family,Expanded_Known_Family
4840,8583,1,Potential_Novel_Family,Known_Family_Only
8928,4631,2,Expanded_Known_Family,Expanded_Known_Family
12196,12475,1,Expanded_Known_Family,Potential_Novel_Family
12196,5343,1,Expanded_Known_Family,Expanded_Known_Family
12196,12396,2,Expanded_Known_Family,Potential_Novel_Family
12196,8546,1,Expanded_Known_Family,Expanded_Known_Family
12196,10687,1,Expanded_Known_Family,Known_Family_Only
12196,10242,1,Expanded_Known_Family,Known_Family_Only
12196,10575,9,Expanded_Known_Family,Expanded_Known_Family
12196,11492,1,Expanded_Known_Family,Potential_Novel_Family
12196,5877,1,Expanded_Known_Family,Potential_Novel_Family
12196,2728,1,Expanded_Known_Family,Potential_Novel_Family
12196,10070,1,Expanded_Known_Family,Known_Family_Only
12196,11075,2,Expanded_Known_Family,Expanded_Known_Family
12196,7884,1,Expanded_Known_Family,Expanded_Known_Family
12196,168,2,Expanded_Known_Family,Expanded_Known_Family
12196,10234,1,Expanded_Known_Family,Potential_Novel_Family
12196,2389,1,Expanded_Known_Family,Expanded_Known_Family
2676,9006,2,Potential_Novel_Family,Potential_Novel_Family
8316,11225,1,Expanded_Known_Family,Potential_Novel_Family
95,10021,1,Expanded_Known_Family,Known_Family_Only
95,2435,1,Expanded_Known_Family,Expanded_Known_Family
95,11214,1,Expanded_Known_Family,Potential_Novel_Family
5639,9403,1,Expanded_Known_Family,Potential_Novel_Family
5639,5944,1,Expanded_Known_Family,Potential_Novel_Family
8640,12635,1,Potential_Novel_Family,Potential_Novel_Family
1238,3805,3,Expanded_Known_Family,Known_Family_Only
1238,3848,5,Expanded_Known_Family,Expanded_Known_Family
1238,1208,1,Expanded_Known_Family,Expanded_Known_Family
1238,9766,1,Expanded_Known_Family,Known_Family_Only
1238,9688,1,Expanded_Known_Family,Known_Family_Only
6349,8486,1,Known_Family_Only,Expanded_Known_Family
1492,2988,1,Potential_Novel_Family,Known_Family_Only
1492,1562,1,Potential_Novel_Family,Expanded_Known_Family
1527,4632,1,Expanded_Known_Family,Potential_Novel_Family
1527,5722,1,Expanded_Known_Family,Expanded_Known_Family
1527,4764,1,Expanded_Known_Family,Known_Family_Only
4632,2700,1,Potential_Novel_Family,Expanded_Known_Family
91,2336,1,Expanded_Known_Family,Expanded_Known_Family
91,255,1,Expanded_Known_Family,Known_Family_Only
91,584,1,Expanded_Known_Family,Known_Family_Only
91,6324,1,Expanded_Known_Family,Known_Family_Only
2336,422,1,Expanded_Known_Family,Expanded_Known_Family
2336,3838,1,Expanded_Known_Family,Potential_Novel_Family
11320,11882,18,Expanded_Known_Family,Expanded_Known_Family
11320,11448,1,Expanded_Known_Family,Expanded_Known_Family
5632,6212,1,Potential_Novel_Family,Known_Family_Only
5632,2863,1,Potential_Novel_Family,Expanded_Known_Family
6281,11947,2,Potential_Novel_Family,Known_Family_Only
8229,11246,1,Known_Family_Only,Potential_Novel_Family
8229,2728,1,Known_Family_Only,Potential_Novel_Family
4615,6752,1,Expanded_Known_Family,Potential_Novel_Family
4615,12801,1,Expanded_Known_Family,Known_Family_Only
5188,5872,1,Potential_Novel_Family,Expanded_Known_Family
5188,1641,1,Potential_Novel_Family,Expanded_Known_Family
5872,10039,1,Expanded_Known_Family,Potential_Novel_Family
41,3415,1,Expanded_Known_Family,Known_Family_Only
41,1415,2,Expanded_Known_Family,Potential_Novel_Family
41,5754,1,Expanded_Known_Family,Known_Family_Only
41,10214,1,Expanded_Known_Family,Known_Family_Only
810,6513,1,Potential_Novel_Family,Known_Family_Only
3101,3588,6,Expanded_Known_Family,Potential_Novel_Family
2837,8593,1,Known_Family_Only,Potential_Novel_Family
2793,8896,2,Expanded_Known_Family,Expanded_Known_Family
5985,11930,1,Potential_Novel_Family,Potential_Novel_Family
11664,12169,2,Potential_Novel_Family,Potential_Novel_Family
3309,8441,4,Known_Family_Only,Potential_Novel_Family
168,720,1,Expanded_Known_Family,Expanded_Known_Family
720,3197,2,Expanded_Known_Family,Expanded_Known_Family
720,3126,1,Expanded_Known_Family,Expanded_Known_Family
720,3492,1,Expanded_Known_Family,Potential_Novel_Family
720,3201,1,Expanded_Known_Family,Known_Family_Only
720,3788,1,Expanded_Known_Family,Expanded_Known_Family
720,2418,1,Expanded_Known_Family,Potential_Novel_Family
720,4401,1,Expanded_Known_Family,Known_Family_Only
12170,12532,1,Potential_Novel_Family,Potential_Novel_Family
12532,10614,1,Potential_Novel_Family,Potential_Novel_Family
446,10183,1,Expanded_Known_Family,Potential_Novel_Family
446,285,1,Expanded_Known_Family,Potential_Novel_Family
446,7528,1,Expanded_Known_Family,Potential_Novel_Family
3870,10883,1,Expanded_Known_Family,Expanded_Known_Family
3870,2898,1,Expanded_Known_Family,Potential_Novel_Family
3870,11263,2,Expanded_Known_Family,Potential_Novel_Family
10883,11796,2,Expanded_Known_Family,Expanded_Known_Family
1131,4098,2,Expanded_Known_Family,Potential_Novel_Family
1131,8906,1,Expanded_Known_Family,Known_Family_Only
1131,8683,6,Expanded_Known_Family,Expanded_Known_Family
1131,11489,1,Expanded_Known_Family,Potential_Novel_Family
1131,7866,1,Expanded_Known_Family,Known_Family_Only
1131,11082,1,Expanded_Known_Family,Potential_Novel_Family
4098,6806,1,Potential_Novel_Family,Potential_Novel_Family
4098,12066,1,Potential_Novel_Family,Potential_Novel_Family
7571,10051,2,Expanded_Known_Family,Potential_Novel_Family
7571,2585,5,Expanded_Known_Family,Potential_Novel_Family
7571,11865,1,Expanded_Known_Family,Known_Family_Only
67,10709,1,Expanded_Known_Family,Potential_Novel_Family
67,1866,2,Expanded_Known_Family,Expanded_Known_Family
67,7950,1,Expanded_Known_Family,Potential_Novel_Family
67,2191,1,Expanded_Known_Family,Known_Family_Only
67,2842,1,Expanded_Known_Family,Expanded_Known_Family
67,9644,1,Expanded_Known_Family,Potential_Novel_Family
67,12116,1,Expanded_Known_Family,Known_Family_Only
67,5222,1,Expanded_Known_Family,Potential_Novel_Family
67,11803,1,Expanded_Known_Family,Expanded_Known_Family
5391,9274,2,Expanded_Known_Family,Potential_Novel_Family
1078,6179,5,Potential_Novel_Family,Expanded_Known_Family
4235,9701,1,Expanded_Known_Family,Known_Family_Only
4235,9936,1,Expanded_Known_Family,Potential_Novel_Family
8527,9956,1,Known_Family_Only,Expanded_Known_Family
336,517,2,Expanded_Known_Family,Known_Family_Only
336,2915,1,Expanded_Known_Family,Known_Family_Only
336,302,1,Expanded_Known_Family,Known_Family_Only
336,629,1,Expanded_Known_Family,Potential_Novel_Family
336,4314,1,Expanded_Known_Family,Expanded_Known_Family
336,8491,2,Expanded_Known_Family,Expanded_Known_Family
336,312,1,Expanded_Known_Family,Expanded_Known_Family
517,629,1,Known_Family_Only,Potential_Novel_Family
517,4314,1,Known_Family_Only,Expanded_Known_Family
517,3341,1,Known_Family_Only,Expanded_Known_Family
10933,12416,5,Potential_Novel_Family,Expanded_Known_Family
10933,10865,1,Potential_Novel_Family,Known_Family_Only
12416,10865,1,Expanded_Known_Family,Known_Family_Only
1086,5666,1,Expanded_Known_Family,Potential_Novel_Family
1086,10813,1,Expanded_Known_Family,Potential_Novel_Family
1210,3625,1,Expanded_Known_Family,Expanded_Known_Family
1210,3122,1,Expanded_Known_Family,Expanded_Known_Family
1210,9651,1,Expanded_Known_Family,Known_Family_Only
3625,4045,1,Expanded_Known_Family,Expanded_Known_Family
5042,5446,1,Potential_Novel_Family,Known_Family_Only
6649,10136,1,Expanded_Known_Family,Potential_Novel_Family
6649,3066,3,Expanded_Known_Family,Expanded_Known_Family
6649,6700,2,Expanded_Known_Family,Expanded_Known_Family
6649,10781,1,Expanded_Known_Family,Known_Family_Only
6649,7265,1,Expanded_Known_Family,Known_Family_Only
9594,11189,1,Potential_Novel_Family,Known_Family_Only
7775,8598,19,Expanded_Known_Family,Expanded_Known_Family
5873,12753,1,Potential_Novel_Family,Known_Family_Only
2295,6946,1,Expanded_Known_Family,Known_Family_Only
2295,338,1,Expanded_Known_Family,Expanded_Known_Family
2295,2855,1,Expanded_Known_Family,Potential_Novel_Family
2890,5258,1,Expanded_Known_Family,Potential_Novel_Family
2890,1970,1,Expanded_Known_Family,Expanded_Known_Family
2890,2183,1,Expanded_Known_Family,Known_Family_Only
4411,8739,2,Expanded_Known_Family,Potential_Novel_Family
5363,7012,1,Expanded_Known_Family,Potential_Novel_Family
5667,1358,1,Expanded_Known_Family,Potential_Novel_Family
9073,12185,1,Expanded_Known_Family,Expanded_Known_Family
9073,10955,1,Expanded_Known_Family,Potential_Novel_Family
12185,12887,4,Expanded_Known_Family,Potential_Novel_Family
12185,682,1,Expanded_Known_Family,Potential_Novel_Family
12185,2597,1,Expanded_Known_Family,Potential_Novel_Family
5814,8165,2,Expanded_Known_Family,Potential_Novel_Family
5814,8502,1,Expanded_Known_Family,Known_Family_Only
8165,11784,1,Potential_Novel_Family,Potential_Novel_Family
4067,7098,1,Expanded_Known_Family,Expanded_Known_Family
4067,8140,1,Expanded_Known_Family,Known_Family_Only
4067,4270,1,Expanded_Known_Family,Known_Family_Only
4067,4730,1,Expanded_Known_Family,Expanded_Known_Family
7098,4695,1,Expanded_Known_Family,Expanded_Known_Family
2018,7547,1,Expanded_Known_Family,Known_Family_Only
2018,7642,7,Expanded_Known_Family,Expanded_Known_Family
2018,11707,1,Expanded_Known_Family,Known_Family_Only
2018,7868,2,Expanded_Known_Family,Known_Family_Only
6353,11310,1,Expanded_Known_Family,Expanded_Known_Family
3249,3680,1,Known_Family_Only,Potential_Novel_Family
6402,2023,5,Expanded_Known_Family,Expanded_Known_Family
6402,8006,1,Expanded_Known_Family,Known_Family_Only
6402,2579,1,Expanded_Known_Family,Potential_Novel_Family
6402,9696,1,Expanded_Known_Family,Potential_Novel_Family
4663,10507,1,Expanded_Known_Family,Potential_Novel_Family
4663,6239,1,Expanded_Known_Family,Known_Family_Only
4663,7072,1,Expanded_Known_Family,Potential_Novel_Family
2891,10846,1,Potential_Novel_Family,Potential_Novel_Family
368,2227,1,Expanded_Known_Family,Expanded_Known_Family
368,4205,1,Expanded_Known_Family,Expanded_Known_Family
368,4382,1,Expanded_Known_Family,Potential_Novel_Family
368,7835,1,Expanded_Known_Family,Known_Family_Only
2227,4205,1,Expanded_Known_Family,Expanded_Known_Family
2227,4382,1,Expanded_Known_Family,Potential_Novel_Family
2227,11322,1,Expanded_Known_Family,Potential_Novel_Family
4205,4382,1,Expanded_Known_Family,Potential_Novel_Family
4205,1478,1,Expanded_Known_Family,Known_Family_Only
4205,3111,1,Expanded_Known_Family,Potential_Novel_Family
993,12410,1,Potential_Novel_Family,Potential_Novel_Family
993,642,2,Potential_Novel_Family,Expanded_Known_Family
12410,704,1,Potential_Novel_Family,Expanded_Known_Family
4354,5409,1,Expanded_Known_Family,Potential_Novel_Family
4354,12433,1,Expanded_Known_Family,Potential_Novel_Family
4354,6766,1,Expanded_Known_Family,Potential_Novel_Family
117,6947,1,Potential_Novel_Family,Known_Family_Only
117,6019,1,Potential_Novel_Family,Expanded_Known_Family
117,4864,1,Potential_Novel_Family,Known_Family_Only
4163,10110,1,Expanded_Known_Family,Known_Family_Only
4163,5783,1,Expanded_Known_Family,Potential_Novel_Family
4163,10424,2,Expanded_Known_Family,Expanded_Known_Family
4163,2976,1,Expanded_Known_Family,Potential_Novel_Family
4163,3774,1,Expanded_Known_Family,Expanded_Known_Family
4163,12509,1,Expanded_Known_Family,Expanded_Known_Family
201,3222,1,Known_Family_Only,Potential_Novel_Family
5597,9275,1,Expanded_Known_Family,Potential_Novel_Family
5597,3657,1,Expanded_Known_Family,Potential_Novel_Family
7111,7202,3,Expanded_Known_Family,Potential_Novel_Family
5163,8940,1,Expanded_Known_Family,Potential_Novel_Family
5163,9551,1,Expanded_Known_Family,Expanded_Known_Family
1145,1435,1,Known_Family_Only,Potential_Novel_Family
387,8077,1,Expanded_Known_Family,Potential_Novel_Family
387,11239,1,Expanded_Known_Family,Known_Family_Only
387,7878,1,Expanded_Known_Family,Potential_Novel_Family
8896,507,6,Expanded_Known_Family,Expanded_Known_Family
8896,3025,6,Expanded_Known_Family,Expanded_Known_Family
8896,5859,1,Expanded_Known_Family,Expanded_Known_Family
8896,5731,3,Expanded_Known_Family,Expanded_Known_Family
8896,493,1,Expanded_Known_Family,Known_Family_Only
6163,11511,2,Expanded_Known_Family,Expanded_Known_Family
6163,2710,2,Expanded_Known_Family,Potential_Novel_Family
96,5180,3,Expanded_Known_Family,Potential_Novel_Family
96,10369,1,Expanded_Known_Family,Potential_Novel_Family
96,3626,1,Expanded_Known_Family,Expanded_Known_Family
96,9116,1,Expanded_Known_Family,Potential_Novel_Family
5180,426,2,Potential_Novel_Family,Expanded_Known_Family
10383,11220,1,Known_Family_Only,Potential_Novel_Family
12171,9261,1,Expanded_Known_Family,Potential_Novel_Family
12171,10766,1,Expanded_Known_Family,Expanded_Known_Family
5425,7112,1,Known_Family_Only,Potential_Novel_Family
4726,4904,1,Potential_Novel_Family,Potential_Novel_Family
1159,2400,4,Potential_Novel_Family,Expanded_Known_Family
1159,2244,1,Potential_Novel_Family,Known_Family_Only
2400,3706,2,Expanded_Known_Family,Potential_Novel_Family
2400,11193,1,Expanded_Known_Family,Known_Family_Only
2400,37,1,Expanded_Known_Family,Potential_Novel_Family
2400,10466,1,Expanded_Known_Family,Known_Family_Only
2400,12712,1,Expanded_Known_Family,Known_Family_Only
2400,5963,1,Expanded_Known_Family,Known_Family_Only
2400,11645,1,Expanded_Known_Family,Potential_Novel_Family
2400,10178,2,Expanded_Known_Family,Expanded_Known_Family
2400,5601,1,Expanded_Known_Family,Expanded_Known_Family
2400,2183,1,Expanded_Known_Family,Known_Family_Only
5860,10355,1,Potential_Novel_Family,Potential_Novel_Family
535,3291,1,Potential_Novel_Family,Known_Family_Only
535,6213,1,Potential_Novel_Family,Known_Family_Only
3291,6213,1,Known_Family_Only,Known_Family_Only
1124,11372,1,Potential_Novel_Family,Known_Family_Only
2989,8271,2,Potential_Novel_Family,Expanded_Known_Family
1739,5028,1,Expanded_Known_Family,Potential_Novel_Family
1739,1642,1,Expanded_Known_Family,Potential_Novel_Family
756,10999,1,Expanded_Known_Family,Potential_Novel_Family
756,2834,1,Expanded_Known_Family,Expanded_Known_Family
4218,5426,1,Known_Family_Only,Potential_Novel_Family
1224,1851,1,Known_Family_Only,Potential_Novel_Family
4321,6095,1,Potential_Novel_Family,Potential_Novel_Family
507,3025,6,Expanded_Known_Family,Expanded_Known_Family
507,5859,1,Expanded_Known_Family,Expanded_Known_Family
507,5731,3,Expanded_Known_Family,Expanded_Known_Family
3025,5859,1,Expanded_Known_Family,Expanded_Known_Family
3025,5731,3,Expanded_Known_Family,Expanded_Known_Family
3025,8799,1,Expanded_Known_Family,Potential_Novel_Family
2580,2929,1,Known_Family_Only,Potential_Novel_Family
9431,12730,1,Known_Family_Only,Potential_Novel_Family
2623,10942,1,Potential_Novel_Family,Potential_Novel_Family
6515,8442,1,Potential_Novel_Family,Known_Family_Only
2602,10356,1,Known_Family_Only,Potential_Novel_Family
251,1860,1,Expanded_Known_Family,Potential_Novel_Family
251,4041,1,Expanded_Known_Family,Potential_Novel_Family
1860,36,1,Potential_Novel_Family,Expanded_Known_Family
1860,2994,1,Potential_Novel_Family,Potential_Novel_Family
1860,9554,1,Potential_Novel_Family,Potential_Novel_Family
12,11586,1,Potential_Novel_Family,Expanded_Known_Family
12,478,1,Potential_Novel_Family,Expanded_Known_Family
12,11841,1,Potential_Novel_Family,Known_Family_Only
11586,12629,1,Expanded_Known_Family,Known_Family_Only
717,8678,1,Known_Family_Only,Potential_Novel_Family
8678,7317,1,Potential_Novel_Family,Known_Family_Only
6753,11644,1,Potential_Novel_Family,Potential_Novel_Family
271,589,1,Known_Family_Only,Expanded_Known_Family
271,2914,1,Known_Family_Only,Known_Family_Only
589,2914,1,Expanded_Known_Family,Known_Family_Only
589,2756,1,Expanded_Known_Family,Potential_Novel_Family
589,9950,1,Expanded_Known_Family,Potential_Novel_Family
589,4361,1,Expanded_Known_Family,Potential_Novel_Family
1866,2516,1,Expanded_Known_Family,Expanded_Known_Family
857,1261,1,Potential_Novel_Family,Expanded_Known_Family
1261,4518,1,Expanded_Known_Family,Potential_Novel_Family
6660,8903,1,Known_Family_Only,Potential_Novel_Family
1798,4551,2,Known_Family_Only,Potential_Novel_Family
686,4408,8,Potential_Novel_Family,Expanded_Known_Family
4408,11438,1,Expanded_Known_Family,Potential_Novel_Family
4344,4605,1,Known_Family_Only,Potential_Novel_Family
644,752,1,Potential_Novel_Family,Expanded_Known_Family
752,677,1,Expanded_Known_Family,Potential_Novel_Family
752,4037,1,Expanded_Known_Family,Potential_Novel_Family
752,616,1,Expanded_Known_Family,Potential_Novel_Family
752,612,1,Expanded_Known_Family,Known_Family_Only
625,7845,2,Expanded_Known_Family,Potential_Novel_Family
4641,5904,2,Known_Family_Only,Potential_Novel_Family
11587,12135,1,Expanded_Known_Family,Potential_Novel_Family
11587,12011,1,Expanded_Known_Family,Expanded_Known_Family
11587,370,1,Expanded_Known_Family,Expanded_Known_Family
11587,12054,1,Expanded_Known_Family,Potential_Novel_Family
4672,9536,1,Expanded_Known_Family,Potential_Novel_Family
4672,3791,1,Expanded_Known_Family,Potential_Novel_Family
4672,8665,1,Expanded_Known_Family,Potential_Novel_Family
4672,10345,1,Expanded_Known_Family,Potential_Novel_Family
932,12856,1,Expanded_Known_Family,Known_Family_Only
932,2686,1,Expanded_Known_Family,Expanded_Known_Family
64,6869,1,Potential_Novel_Family,Known_Family_Only
64,10710,1,Potential_Novel_Family,Potential_Novel_Family
64,10946,1,Potential_Novel_Family,Expanded_Known_Family
6869,10710,1,Known_Family_Only,Potential_Novel_Family
1628,3551,1,Potential_Novel_Family,Expanded_Known_Family
3551,8562,4,Expanded_Known_Family,Expanded_Known_Family
3551,8493,3,Expanded_Known_Family,Expanded_Known_Family
3551,971,1,Expanded_Known_Family,Expanded_Known_Family
3551,2912,2,Expanded_Known_Family,Known_Family_Only
3551,8517,1,Expanded_Known_Family,Potential_Novel_Family
10668,9749,1,Expanded_Known_Family,Potential_Novel_Family
10668,11537,1,Expanded_Known_Family,Potential_Novel_Family
3160,7475,2,Expanded_Known_Family,Expanded_Known_Family
3160,8060,1,Expanded_Known_Family,Potential_Novel_Family
3160,1013,1,Expanded_Known_Family,Potential_Novel_Family
7475,4274,1,Expanded_Known_Family,Potential_Novel_Family
275,1322,1,Potential_Novel_Family,Potential_Novel_Family
275,12510,1,Potential_Novel_Family,Potential_Novel_Family
275,237,1,Potential_Novel_Family,Expanded_Known_Family
1322,8879,1,Potential_Novel_Family,Potential_Novel_Family
1823,11665,1,Expanded_Known_Family,Potential_Novel_Family
1823,12112,1,Expanded_Known_Family,Expanded_Known_Family
1823,8612,1,Expanded_Known_Family,Known_Family_Only
1823,58,1,Expanded_Known_Family,Potential_Novel_Family
11665,12112,4,Potential_Novel_Family,Expanded_Known_Family
12112,12518,2,Expanded_Known_Family,Potential_Novel_Family
12112,7705,1,Expanded_Known_Family,Known_Family_Only
12112,2247,1,Expanded_Known_Family,Expanded_Known_Family
10357,12709,1,Potential_Novel_Family,Potential_Novel_Family
4196,7548,1,Known_Family_Only,Potential_Novel_Family
726,1556,1,Expanded_Known_Family,Expanded_Known_Family
726,11124,1,Expanded_Known_Family,Potential_Novel_Family
726,615,1,Expanded_Known_Family,Expanded_Known_Family
726,3828,1,Expanded_Known_Family,Potential_Novel_Family
726,9711,1,Expanded_Known_Family,Potential_Novel_Family
1556,5367,1,Expanded_Known_Family,Potential_Novel_Family
1556,9549,1,Expanded_Known_Family,Known_Family_Only
3021,9537,1,Known_Family_Only,Potential_Novel_Family
9129,12417,1,Potential_Novel_Family,Known_Family_Only
11474,11850,1,Potential_Novel_Family,Known_Family_Only
5782,6661,2,Expanded_Known_Family,Potential_Novel_Family
8409,11401,1,Potential_Novel_Family,Known_Family_Only
2545,9985,1,Expanded_Known_Family,Known_Family_Only
2545,4541,1,Expanded_Known_Family,Potential_Novel_Family
4552,7113,2,Potential_Novel_Family,Known_Family_Only
4552,5511,1,Potential_Novel_Family,Expanded_Known_Family
5957,7393,1,Known_Family_Only,Potential_Novel_Family
4630,6190,5,Expanded_Known_Family,Expanded_Known_Family
6190,8083,1,Expanded_Known_Family,Expanded_Known_Family
7722,10871,1,Potential_Novel_Family,Known_Family_Only
333,1080,1,Expanded_Known_Family,Known_Family_Only
333,9626,1,Expanded_Known_Family,Known_Family_Only
333,10055,1,Expanded_Known_Family,Potential_Novel_Family
333,670,1,Expanded_Known_Family,Potential_Novel_Family
1080,2706,1,Known_Family_Only,Expanded_Known_Family
1581,2449,1,Potential_Novel_Family,Known_Family_Only
3806,11435,1,Potential_Novel_Family,Potential_Novel_Family
5614,7375,2,Expanded_Known_Family,Expanded_Known_Family
5614,2517,1,Expanded_Known_Family,Expanded_Known_Family
5614,576,1,Expanded_Known_Family,Expanded_Known_Family
5614,5941,1,Expanded_Known_Family,Expanded_Known_Family
7375,11599,1,Expanded_Known_Family,Potential_Novel_Family
1336,6245,1,Potential_Novel_Family,Known_Family_Only
2747,4367,1,Potential_Novel_Family,Known_Family_Only
865,11588,1,Known_Family_Only,Potential_Novel_Family
2583,11626,1,Expanded_Known_Family,Potential_Novel_Family
2583,5628,1,Expanded_Known_Family,Potential_Novel_Family
3903,8121,1,Potential_Novel_Family,Known_Family_Only
2033,10677,1,Known_Family_Only,Potential_Novel_Family
8804,11157,1,Known_Family_Only,Potential_Novel_Family
6030,8230,1,Known_Family_Only,Expanded_Known_Family
8230,1358,1,Expanded_Known_Family,Potential_Novel_Family
8230,10185,2,Expanded_Known_Family,Potential_Novel_Family
8230,10036,1,Expanded_Known_Family,Potential_Novel_Family
1515,7846,1,Potential_Novel_Family,Potential_Novel_Family
6310,8192,5,Expanded_Known_Family,Expanded_Known_Family
6310,8418,5,Expanded_Known_Family,Expanded_Known_Family
6310,3799,1,Expanded_Known_Family,Known_Family_Only
1840,4705,1,Known_Family_Only,Expanded_Known_Family
1840,5038,1,Known_Family_Only,Expanded_Known_Family
1840,6010,1,Known_Family_Only,Known_Family_Only
4705,5038,6,Expanded_Known_Family,Expanded_Known_Family
4705,6010,1,Expanded_Known_Family,Known_Family_Only
4705,6293,1,Expanded_Known_Family,Known_Family_Only
5038,6010,1,Expanded_Known_Family,Known_Family_Only
5038,1680,1,Expanded_Known_Family,Known_Family_Only
273,4822,1,Known_Family_Only,Potential_Novel_Family
7549,12388,2,Expanded_Known_Family,Expanded_Known_Family
7549,12267,2,Expanded_Known_Family,Expanded_Known_Family
12388,11498,1,Expanded_Known_Family,Potential_Novel_Family
675,3328,1,Expanded_Known_Family,Known_Family_Only
675,4504,1,Expanded_Known_Family,Potential_Novel_Family
675,6181,1,Expanded_Known_Family,Known_Family_Only
675,9878,1,Expanded_Known_Family,Potential_Novel_Family
3328,4504,1,Known_Family_Only,Potential_Novel_Family
3328,6181,1,Known_Family_Only,Known_Family_Only
4504,6181,1,Potential_Novel_Family,Known_Family_Only
1125,11769,1,Expanded_Known_Family,Known_Family_Only
1125,25,1,Expanded_Known_Family,Expanded_Known_Family
1125,10749,1,Expanded_Known_Family,Known_Family_Only
1125,2184,1,Expanded_Known_Family,Expanded_Known_Family
8122,8528,1,Potential_Novel_Family,Known_Family_Only
320,1582,1,Potential_Novel_Family,Expanded_Known_Family
320,369,1,Potential_Novel_Family,Expanded_Known_Family
1582,940,1,Expanded_Known_Family,Expanded_Known_Family
541,144,1,Expanded_Known_Family,Known_Family_Only
541,3061,1,Expanded_Known_Family,Known_Family_Only
541,4455,1,Expanded_Known_Family,Potential_Novel_Family
541,8003,2,Expanded_Known_Family,Expanded_Known_Family
541,171,1,Expanded_Known_Family,Expanded_Known_Family
541,2902,2,Expanded_Known_Family,Known_Family_Only
541,4309,3,Expanded_Known_Family,Potential_Novel_Family
541,7057,3,Expanded_Known_Family,Expanded_Known_Family
541,10659,1,Expanded_Known_Family,Potential_Novel_Family
541,5864,1,Expanded_Known_Family,Known_Family_Only
5160,11055,1,Known_Family_Only,Potential_Novel_Family
6673,9733,1,Expanded_Known_Family,Potential_Novel_Family
6673,3435,1,Expanded_Known_Family,Known_Family_Only
1243,1327,2,Expanded_Known_Family,Expanded_Known_Family
7476,10994,1,Known_Family_Only,Potential_Novel_Family
5524,8771,2,Expanded_Known_Family,Known_Family_Only
5524,8529,2,Expanded_Known_Family,Expanded_Known_Family
5524,8848,1,Expanded_Known_Family,Expanded_Known_Family
2111,4112,1,Potential_Novel_Family,Potential_Novel_Family
2120,9657,1,Potential_Novel_Family,Known_Family_Only
1806,12322,1,Known_Family_Only,Potential_Novel_Family
4306,8001,1,Known_Family_Only,Potential_Novel_Family
10946,11475,1,Expanded_Known_Family,Potential_Novel_Family
10946,852,1,Expanded_Known_Family,Expanded_Known_Family
10946,11818,1,Expanded_Known_Family,Potential_Novel_Family
10946,10298,1,Expanded_Known_Family,Known_Family_Only
10946,6389,1,Expanded_Known_Family,Potential_Novel_Family
10946,11144,1,Expanded_Known_Family,Known_Family_Only
10946,4357,1,Expanded_Known_Family,Potential_Novel_Family
10946,12501,1,Expanded_Known_Family,Known_Family_Only
10946,8615,1,Expanded_Known_Family,Expanded_Known_Family
11475,10904,1,Potential_Novel_Family,Potential_Novel_Family
5149,5753,1,Expanded_Known_Family,Potential_Novel_Family
5149,8682,1,Expanded_Known_Family,Potential_Novel_Family
5149,11479,2,Expanded_Known_Family,Known_Family_Only
5149,7451,1,Expanded_Known_Family,Expanded_Known_Family
5149,11132,1,Expanded_Known_Family,Known_Family_Only
5149,7979,1,Expanded_Known_Family,Expanded_Known_Family
5149,7218,2,Expanded_Known_Family,Potential_Novel_Family
5149,7645,1,Expanded_Known_Family,Known_Family_Only
5149,5,1,Expanded_Known_Family,Expanded_Known_Family
1104,3004,1,Known_Family_Only,Known_Family_Only
1104,5393,1,Known_Family_Only,Potential_Novel_Family
1104,7477,1,Known_Family_Only,Potential_Novel_Family
1104,5140,1,Known_Family_Only,Expanded_Known_Family
3004,5393,1,Known_Family_Only,Potential_Novel_Family
3004,7477,1,Known_Family_Only,Potential_Novel_Family
5393,7477,1,Potential_Novel_Family,Potential_Novel_Family
660,8776,1,Expanded_Known_Family,Potential_Novel_Family
660,4969,3,Expanded_Known_Family,Potential_Novel_Family
660,635,2,Expanded_Known_Family,Expanded_Known_Family
660,8985,1,Expanded_Known_Family,Potential_Novel_Family
660,12535,1,Expanded_Known_Family,Expanded_Known_Family
660,9202,1,Expanded_Known_Family,Expanded_Known_Family
3375,4222,1,Known_Family_Only,Potential_Novel_Family
4222,6275,1,Potential_Novel_Family,Potential_Novel_Family
12152,12842,1,Potential_Novel_Family,Potential_Novel_Family
12152,11068,1,Potential_Novel_Family,Known_Family_Only
12842,12382,1,Potential_Novel_Family,Known_Family_Only
7448,9938,1,Known_Family_Only,Potential_Novel_Family
2186,2429,1,Known_Family_Only,Potential_Novel_Family
2429,11459,5,Potential_Novel_Family,Expanded_Known_Family
2429,831,1,Potential_Novel_Family,Known_Family_Only
7509,10711,1,Known_Family_Only,Potential_Novel_Family
3161,4197,1,Potential_Novel_Family,Expanded_Known_Family
4197,10,1,Expanded_Known_Family,Expanded_Known_Family
4197,11706,3,Expanded_Known_Family,Expanded_Known_Family
4197,11858,1,Expanded_Known_Family,Potential_Novel_Family
4197,11065,1,Expanded_Known_Family,Known_Family_Only
4197,1990,1,Expanded_Known_Family,Expanded_Known_Family
4197,11291,1,Expanded_Known_Family,Potential_Novel_Family
4197,423,1,Expanded_Known_Family,Expanded_Known_Family
4197,8440,1,Expanded_Known_Family,Potential_Novel_Family
538,1973,2,Known_Family_Only,Potential_Novel_Family
304,3769,1,Potential_Novel_Family,Expanded_Known_Family
3769,3907,1,Expanded_Known_Family,Known_Family_Only
9448,9595,1,Potential_Novel_Family,Potential_Novel_Family
9448,4138,1,Potential_Novel_Family,Potential_Novel_Family
1839,8680,1,Expanded_Known_Family,Expanded_Known_Family
1839,7212,1,Expanded_Known_Family,Known_Family_Only
1839,9776,1,Expanded_Known_Family,Potential_Novel_Family
3822,4060,2,Potential_Novel_Family,Potential_Novel_Family
8231,11075,1,Known_Family_Only,Expanded_Known_Family
12533,12741,1,Known_Family_Only,Potential_Novel_Family
12509,8273,1,Expanded_Known_Family,Potential_Novel_Family
12509,11579,1,Expanded_Known_Family,Known_Family_Only
6096,11373,1,Known_Family_Only,Potential_Novel_Family
5394,10822,2,Potential_Novel_Family,Potential_Novel_Family
3267,7510,1,Expanded_Known_Family,Potential_Novel_Family
3267,14,1,Expanded_Known_Family,Expanded_Known_Family
3267,4174,1,Expanded_Known_Family,Expanded_Known_Family
3267,9914,1,Expanded_Known_Family,Known_Family_Only
3267,4308,2,Expanded_Known_Family,Expanded_Known_Family
3267,11677,1,Expanded_Known_Family,Potential_Novel_Family
3267,3365,1,Expanded_Known_Family,Known_Family_Only
364,3350,1,Expanded_Known_Family,Potential_Novel_Family
364,2402,1,Expanded_Known_Family,Expanded_Known_Family
364,5943,1,Expanded_Known_Family,Known_Family_Only
3440,3952,2,Expanded_Known_Family,Expanded_Known_Family
3440,6296,2,Expanded_Known_Family,Expanded_Known_Family
3440,8453,6,Expanded_Known_Family,Expanded_Known_Family
3440,3357,2,Expanded_Known_Family,Expanded_Known_Family
3440,70,2,Expanded_Known_Family,Known_Family_Only
3440,511,2,Expanded_Known_Family,Expanded_Known_Family
3440,2751,1,Expanded_Known_Family,Expanded_Known_Family
3440,11693,1,Expanded_Known_Family,Potential_Novel_Family
3952,6296,3,Expanded_Known_Family,Expanded_Known_Family
2951,10943,1,Potential_Novel_Family,Known_Family_Only
6726,6086,1,Expanded_Known_Family,Expanded_Known_Family
6726,1990,1,Expanded_Known_Family,Expanded_Known_Family
4969,6125,1,Potential_Novel_Family,Expanded_Known_Family
8904,11997,1,Known_Family_Only,Potential_Novel_Family
1450,7342,1,Potential_Novel_Family,Potential_Novel_Family
871,7079,1,Known_Family_Only,Potential_Novel_Family
7411,12351,1,Potential_Novel_Family,Potential_Novel_Family
7411,9346,1,Potential_Novel_Family,Potential_Novel_Family
3992,8166,1,Potential_Novel_Family,Known_Family_Only
11931,12508,1,Expanded_Known_Family,Potential_Novel_Family
11931,11752,2,Expanded_Known_Family,Potential_Novel_Family
11931,12448,2,Expanded_Known_Family,Expanded_Known_Family
11931,12090,1,Expanded_Known_Family,Potential_Novel_Family
11931,9697,1,Expanded_Known_Family,Known_Family_Only
1878,7909,1,Known_Family_Only,Potential_Novel_Family
783,11899,1,Expanded_Known_Family,Expanded_Known_Family
783,6074,1,Expanded_Known_Family,Known_Family_Only
783,1819,1,Expanded_Known_Family,Potential_Novel_Family
11899,12424,1,Expanded_Known_Family,Known_Family_Only
11899,12051,2,Expanded_Known_Family,Potential_Novel_Family
11899,12378,1,Expanded_Known_Family,Potential_Novel_Family
4673,10358,1,Potential_Novel_Family,Known_Family_Only
3430,3696,1,Known_Family_Only,Potential_Novel_Family
3696,2858,1,Potential_Novel_Family,Potential_Novel_Family
5395,12590,1,Known_Family_Only,Potential_Novel_Family
9333,9986,1,Expanded_Known_Family,Potential_Novel_Family
4607,10111,1,Known_Family_Only,Potential_Novel_Family
4553,6320,1,Expanded_Known_Family,Potential_Novel_Family
4553,4880,1,Expanded_Known_Family,Potential_Novel_Family
1768,6975,1,Expanded_Known_Family,Known_Family_Only
1768,4385,1,Expanded_Known_Family,Known_Family_Only
1768,1954,1,Expanded_Known_Family,Expanded_Known_Family
1768,9509,1,Expanded_Known_Family,Potential_Novel_Family
1768,1930,1,Expanded_Known_Family,Known_Family_Only
1768,3562,2,Expanded_Known_Family,Expanded_Known_Family
1768,4106,1,Expanded_Known_Family,Known_Family_Only
1768,4110,1,Expanded_Known_Family,Known_Family_Only
1740,4042,1,Potential_Novel_Family,Known_Family_Only
1740,4307,1,Potential_Novel_Family,Known_Family_Only
1740,5252,1,Potential_Novel_Family,Expanded_Known_Family
4042,4307,1,Known_Family_Only,Known_Family_Only
4042,5252,1,Known_Family_Only,Expanded_Known_Family
4307,5252,1,Known_Family_Only,Expanded_Known_Family
5252,4014,3,Expanded_Known_Family,Expanded_Known_Family
5252,4209,2,Expanded_Known_Family,Expanded_Known_Family
5252,4194,2,Expanded_Known_Family,Potential_Novel_Family
4727,7053,1,Expanded_Known_Family,Known_Family_Only
4727,1295,1,Expanded_Known_Family,Expanded_Known_Family
4727,5459,1,Expanded_Known_Family,Potential_Novel_Family
7053,888,1,Known_Family_Only,Potential_Novel_Family
7053,11909,1,Known_Family_Only,Potential_Novel_Family
3773,6060,1,Expanded_Known_Family,Known_Family_Only
3773,5825,2,Expanded_Known_Family,Known_Family_Only
3773,5655,1,Expanded_Known_Family,Potential_Novel_Family
3773,2262,1,Expanded_Known_Family,Potential_Novel_Family
5668,9309,3,Potential_Novel_Family,Expanded_Known_Family
9309,5669,1,Expanded_Known_Family,Expanded_Known_Family
9309,5589,1,Expanded_Known_Family,Potential_Novel_Family
6321,8487,1,Known_Family_Only,Potential_Novel_Family
6321,7433,1,Known_Family_Only,Potential_Novel_Family
7910,8594,1,Known_Family_Only,Expanded_Known_Family
8594,7246,1,Expanded_Known_Family,Potential_Novel_Family
3120,12282,1,Known_Family_Only,Potential_Novel_Family
5743,8732,2,Expanded_Known_Family,Potential_Novel_Family
4697,5862,2,Potential_Novel_Family,Expanded_Known_Family
5862,12569,1,Expanded_Known_Family,Known_Family_Only
5862,118,1,Expanded_Known_Family,Expanded_Known_Family
5862,140,5,Expanded_Known_Family,Expanded_Known_Family
5862,7919,5,Expanded_Known_Family,Potential_Novel_Family
5862,103,1,Expanded_Known_Family,Expanded_Known_Family
5862,8958,1,Expanded_Known_Family,Potential_Novel_Family
5862,2706,1,Expanded_Known_Family,Expanded_Known_Family
5862,7169,1,Expanded_Known_Family,Known_Family_Only
5862,9267,1,Expanded_Known_Family,Potential_Novel_Family
5862,9869,1,Expanded_Known_Family,Potential_Novel_Family
6720,12591,1,Expanded_Known_Family,Known_Family_Only
173,5652,2,Expanded_Known_Family,Potential_Novel_Family
6386,11733,1,Known_Family_Only,Potential_Novel_Family
6386,12323,1,Known_Family_Only,Potential_Novel_Family
6386,5097,1,Known_Family_Only,Expanded_Known_Family
11733,12323,1,Potential_Novel_Family,Potential_Novel_Family
1399,7782,1,Known_Family_Only,Potential_Novel_Family
4174,5816,1,Expanded_Known_Family,Expanded_Known_Family
4174,14,1,Expanded_Known_Family,Expanded_Known_Family
4174,1250,1,Expanded_Known_Family,Known_Family_Only
4174,12645,1,Expanded_Known_Family,Known_Family_Only
4174,12460,1,Expanded_Known_Family,Potential_Novel_Family
4174,8385,1,Expanded_Known_Family,Expanded_Known_Family
4174,10286,1,Expanded_Known_Family,Potential_Novel_Family
5816,10936,1,Expanded_Known_Family,Expanded_Known_Family
2023,9765,1,Expanded_Known_Family,Expanded_Known_Family
2023,12561,1,Expanded_Known_Family,Potential_Novel_Family
2023,11241,1,Expanded_Known_Family,Potential_Novel_Family
1961,4702,1,Potential_Novel_Family,Known_Family_Only
2162,12551,1,Expanded_Known_Family,Known_Family_Only
2162,7312,1,Expanded_Known_Family,Potential_Novel_Family
2162,8547,2,Expanded_Known_Family,Expanded_Known_Family
6864,8213,2,Expanded_Known_Family,Expanded_Known_Family
6864,3718,2,Expanded_Known_Family,Potential_Novel_Family
6864,12541,1,Expanded_Known_Family,Known_Family_Only
6864,10733,1,Expanded_Known_Family,Known_Family_Only
8213,8447,1,Expanded_Known_Family,Potential_Novel_Family
8213,1014,2,Expanded_Known_Family,Expanded_Known_Family
8213,109,1,Expanded_Known_Family,Expanded_Known_Family
8213,1112,1,Expanded_Known_Family,Expanded_Known_Family
8213,9736,1,Expanded_Known_Family,Potential_Novel_Family
8213,1118,1,Expanded_Known_Family,Known_Family_Only
8213,5971,2,Expanded_Known_Family,Expanded_Known_Family
8213,10957,1,Expanded_Known_Family,Expanded_Known_Family
451,1759,2,Known_Family_Only,Potential_Novel_Family
9,166,1,Expanded_Known_Family,Known_Family_Only
9,5364,1,Expanded_Known_Family,Potential_Novel_Family
9,11633,1,Expanded_Known_Family,Potential_Novel_Family
166,5364,1,Known_Family_Only,Potential_Novel_Family
200,6182,1,Expanded_Known_Family,Potential_Novel_Family
200,156,1,Expanded_Known_Family,Potential_Novel_Family
1258,4823,1,Potential_Novel_Family,Potential_Novel_Family
653,940,1,Potential_Novel_Family,Expanded_Known_Family
653,10398,1,Potential_Novel_Family,Potential_Novel_Family
940,4094,1,Expanded_Known_Family,Known_Family_Only
940,4360,1,Expanded_Known_Family,Known_Family_Only
6011,6436,1,Known_Family_Only,Potential_Novel_Family
4076,7911,1,Known_Family_Only,Potential_Novel_Family
7318,5699,2,Expanded_Known_Family,Expanded_Known_Family
7343,12103,1,Potential_Novel_Family,Known_Family_Only
245,1987,1,Potential_Novel_Family,Potential_Novel_Family
8726,5917,2,Potential_Novel_Family,Potential_Novel_Family
6848,8949,4,Expanded_Known_Family,Potential_Novel_Family
6848,7402,1,Expanded_Known_Family,Expanded_Known_Family
3376,6948,1,Known_Family_Only,Potential_Novel_Family
600,6380,1,Potential_Novel_Family,Known_Family_Only
1016,2311,2,Potential_Novel_Family,Known_Family_Only
3464,7723,1,Potential_Novel_Family,Known_Family_Only
1755,1930,1,Expanded_Known_Family,Known_Family_Only
1755,5585,1,Expanded_Known_Family,Potential_Novel_Family
1755,2402,1,Expanded_Known_Family,Expanded_Known_Family
1755,3491,1,Expanded_Known_Family,Potential_Novel_Family
1755,246,1,Expanded_Known_Family,Expanded_Known_Family
1755,6890,1,Expanded_Known_Family,Potential_Novel_Family
1930,5585,1,Known_Family_Only,Potential_Novel_Family
1930,2739,1,Known_Family_Only,Expanded_Known_Family
1930,7390,1,Known_Family_Only,Known_Family_Only
2042,10359,1,Known_Family_Only,Potential_Novel_Family
10359,1795,1,Potential_Novel_Family,Known_Family_Only
5,1574,1,Expanded_Known_Family,Potential_Novel_Family
5,3867,1,Expanded_Known_Family,Potential_Novel_Family
5,12522,1,Expanded_Known_Family,Potential_Novel_Family
5,12123,1,Expanded_Known_Family,Known_Family_Only
9007,9404,1,Known_Family_Only,Potential_Novel_Family
11276,11758,1,Known_Family_Only,Expanded_Known_Family
11758,11130,1,Expanded_Known_Family,Expanded_Known_Family
1027,2200,1,Expanded_Known_Family,Known_Family_Only
1027,2477,1,Expanded_Known_Family,Known_Family_Only
1027,6883,1,Expanded_Known_Family,Potential_Novel_Family
1027,2149,1,Expanded_Known_Family,Potential_Novel_Family
631,10184,1,Expanded_Known_Family,Potential_Novel_Family
631,4554,1,Expanded_Known_Family,Known_Family_Only
631,5396,1,Expanded_Known_Family,Potential_Novel_Family
631,1816,2,Expanded_Known_Family,Potential_Novel_Family
226,231,1,Expanded_Known_Family,Expanded_Known_Family
226,369,2,Expanded_Known_Family,Expanded_Known_Family
226,374,1,Expanded_Known_Family,Potential_Novel_Family
231,6889,1,Expanded_Known_Family,Expanded_Known_Family
231,12499,1,Expanded_Known_Family,Potential_Novel_Family
231,7501,1,Expanded_Known_Family,Known_Family_Only
484,6775,1,Potential_Novel_Family,Potential_Novel_Family
5029,12234,1,Potential_Novel_Family,Known_Family_Only
2618,8411,1,Known_Family_Only,Potential_Novel_Family
2618,280,1,Known_Family_Only,Potential_Novel_Family
5190,5986,1,Known_Family_Only,Potential_Novel_Family
28,8529,1,Expanded_Known_Family,Expanded_Known_Family
28,11545,1,Expanded_Known_Family,Potential_Novel_Family
28,6258,1,Expanded_Known_Family,Known_Family_Only
8529,6123,4,Expanded_Known_Family,Potential_Novel_Family
295,931,1,Known_Family_Only,Expanded_Known_Family
295,2687,1,Known_Family_Only,Known_Family_Only
295,5096,1,Known_Family_Only,Known_Family_Only
295,6976,1,Known_Family_Only,Potential_Novel_Family
295,3918,1,Known_Family_Only,Potential_Novel_Family
295,8997,1,Known_Family_Only,Potential_Novel_Family
931,2687,1,Expanded_Known_Family,Known_Family_Only
931,5096,1,Expanded_Known_Family,Known_Family_Only
931,6976,1,Expanded_Known_Family,Potential_Novel_Family
931,2535,2,Expanded_Known_Family,Expanded_Known_Family
931,1597,1,Expanded_Known_Family,Potential_Novel_Family
931,2712,1,Expanded_Known_Family,Potential_Novel_Family
931,3918,1,Expanded_Known_Family,Potential_Novel_Family
931,8997,1,Expanded_Known_Family,Potential_Novel_Family
931,10930,1,Expanded_Known_Family,Known_Family_Only
931,4450,1,Expanded_Known_Family,Potential_Novel_Family
931,2653,1,Expanded_Known_Family,Potential_Novel_Family
2687,5096,1,Known_Family_Only,Known_Family_Only
2687,6976,1,Known_Family_Only,Potential_Novel_Family
2687,7465,2,Known_Family_Only,Potential_Novel_Family
5096,6976,1,Known_Family_Only,Potential_Novel_Family
2706,3784,1,Expanded_Known_Family,Potential_Novel_Family
2706,9253,1,Expanded_Known_Family,Known_Family_Only
2706,9899,1,Expanded_Known_Family,Potential_Novel_Family
2706,9180,1,Expanded_Known_Family,Potential_Novel_Family
2706,10671,1,Expanded_Known_Family,Known_Family_Only
3807,8973,1,Expanded_Known_Family,Potential_Novel_Family
3807,27,1,Expanded_Known_Family,Expanded_Known_Family
3807,1221,1,Expanded_Known_Family,Potential_Novel_Family
3807,9105,1,Expanded_Known_Family,Known_Family_Only
3807,903,1,Expanded_Known_Family,Expanded_Known_Family
3807,8712,1,Expanded_Known_Family,Expanded_Known_Family
9623,12445,1,Potential_Novel_Family,Expanded_Known_Family
12445,11057,1,Expanded_Known_Family,Potential_Novel_Family
12445,12399,1,Expanded_Known_Family,Potential_Novel_Family
12445,10575,1,Expanded_Known_Family,Expanded_Known_Family
12445,5975,1,Expanded_Known_Family,Potential_Novel_Family
12445,11300,1,Expanded_Known_Family,Known_Family_Only
8124,8759,1,Potential_Novel_Family,Expanded_Known_Family
8124,11125,1,Potential_Novel_Family,Known_Family_Only
8124,5818,1,Potential_Novel_Family,Known_Family_Only
8124,2,1,Potential_Novel_Family,Expanded_Known_Family
8759,11125,1,Expanded_Known_Family,Known_Family_Only
144,3061,1,Known_Family_Only,Known_Family_Only
144,4455,1,Known_Family_Only,Potential_Novel_Family
144,8003,1,Known_Family_Only,Expanded_Known_Family
144,2397,1,Known_Family_Only,Potential_Novel_Family
3061,4455,1,Known_Family_Only,Potential_Novel_Family
3061,8003,1,Known_Family_Only,Expanded_Known_Family
4455,8003,1,Potential_Novel_Family,Expanded_Known_Family
8003,171,1,Expanded_Known_Family,Expanded_Known_Family
8003,2902,1,Expanded_Known_Family,Known_Family_Only
4057,6437,2,Expanded_Known_Family,Expanded_Known_Family
4057,6984,1,Expanded_Known_Family,Potential_Novel_Family
4057,7415,1,Expanded_Known_Family,Potential_Novel_Family
6437,4315,2,Expanded_Known_Family,Expanded_Known_Family
6097,10212,1,Known_Family_Only,Potential_Novel_Family
8740,9658,1,Potential_Novel_Family,Potential_Novel_Family
8740,3243,1,Potential_Novel_Family,Known_Family_Only
5917,8646,1,Potential_Novel_Family,Expanded_Known_Family
8646,10104,1,Expanded_Known_Family,Known_Family_Only
10957,11966,1,Expanded_Known_Family,Potential_Novel_Family
1285,8595,1,Expanded_Known_Family,Known_Family_Only
1285,4226,1,Expanded_Known_Family,Potential_Novel_Family
1285,4245,1,Expanded_Known_Family,Known_Family_Only
1285,3562,2,Expanded_Known_Family,Expanded_Known_Family
1285,8887,1,Expanded_Known_Family,Potential_Novel_Family
1285,6935,1,Expanded_Known_Family,Known_Family_Only
1285,5493,1,Expanded_Known_Family,Potential_Novel_Family
1285,6344,1,Expanded_Known_Family,Known_Family_Only
1285,1747,1,Expanded_Known_Family,Known_Family_Only
4505,7057,2,Known_Family_Only,Expanded_Known_Family
7057,4618,1,Expanded_Known_Family,Potential_Novel_Family
7057,5259,1,Expanded_Known_Family,Potential_Novel_Family
7057,4469,2,Expanded_Known_Family,Potential_Novel_Family
7057,4995,1,Expanded_Known_Family,Potential_Novel_Family
7057,4309,3,Expanded_Known_Family,Potential_Novel_Family
7057,4532,1,Expanded_Known_Family,Potential_Novel_Family
7057,5456,1,Expanded_Known_Family,Known_Family_Only
7057,4571,2,Expanded_Known_Family,Expanded_Known_Family
7057,5488,2,Expanded_Known_Family,Potential_Novel_Family
7057,5864,1,Expanded_Known_Family,Known_Family_Only
7057,6089,1,Expanded_Known_Family,Potential_Novel_Family
7057,5611,1,Expanded_Known_Family,Potential_Novel_Family
7057,6236,1,Expanded_Known_Family,Potential_Novel_Family
816,11892,1,Potential_Novel_Family,Potential_Novel_Family
816,4657,1,Potential_Novel_Family,Potential_Novel_Family
816,11917,1,Potential_Novel_Family,Known_Family_Only
6595,12843,1,Expanded_Known_Family,Potential_Novel_Family
6595,2078,1,Expanded_Known_Family,Known_Family_Only
6595,3700,1,Expanded_Known_Family,Known_Family_Only
6595,5562,1,Expanded_Known_Family,Expanded_Known_Family
6595,5858,1,Expanded_Known_Family,Known_Family_Only
6595,7734,1,Expanded_Known_Family,Potential_Novel_Family
10766,11013,6,Expanded_Known_Family,Expanded_Known_Family
10766,12267,11,Expanded_Known_Family,Expanded_Known_Family
10766,12391,2,Expanded_Known_Family,Expanded_Known_Family
10766,10566,1,Expanded_Known_Family,Known_Family_Only
10766,8913,1,Expanded_Known_Family,Expanded_Known_Family
10766,12269,1,Expanded_Known_Family,Expanded_Known_Family
10766,11494,1,Expanded_Known_Family,Expanded_Known_Family
11013,12430,1,Expanded_Known_Family,Potential_Novel_Family
11013,570,1,Expanded_Known_Family,Expanded_Known_Family
11013,1443,1,Expanded_Known_Family,Expanded_Known_Family
11013,22,1,Expanded_Known_Family,Expanded_Known_Family
10872,12744,1,Potential_Novel_Family,Potential_Novel_Family
12744,7029,2,Potential_Novel_Family,Expanded_Known_Family
14,2654,1,Expanded_Known_Family,Potential_Novel_Family
14,5970,1,Expanded_Known_Family,Potential_Novel_Family
14,8402,1,Expanded_Known_Family,Potential_Novel_Family
22,1340,2,Expanded_Known_Family,Known_Family_Only
22,1924,2,Expanded_Known_Family,Expanded_Known_Family
22,804,1,Expanded_Known_Family,Expanded_Known_Family
22,9192,1,Expanded_Known_Family,Expanded_Known_Family
1340,1924,2,Known_Family_Only,Expanded_Known_Family
2708,9405,1,Potential_Novel_Family,Potential_Novel_Family
2708,2604,3,Potential_Novel_Family,Expanded_Known_Family
2708,2766,1,Potential_Novel_Family,Known_Family_Only
2708,2377,4,Potential_Novel_Family,Expanded_Known_Family
2708,1401,1,Potential_Novel_Family,Potential_Novel_Family
2708,2168,1,Potential_Novel_Family,Potential_Novel_Family
8443,9224,1,Known_Family_Only,Potential_Novel_Family
9957,12520,1,Known_Family_Only,Potential_Novel_Family
12520,11391,1,Potential_Novel_Family,Known_Family_Only
12520,10698,1,Potential_Novel_Family,Known_Family_Only
1988,9043,1,Known_Family_Only,Potential_Novel_Family
1207,11589,1,Known_Family_Only,Potential_Novel_Family
11627,12476,1,Known_Family_Only,Potential_Novel_Family
6662,7912,1,Known_Family_Only,Potential_Novel_Family
7989,5683,1,Expanded_Known_Family,Potential_Novel_Family
6460,9754,1,Expanded_Known_Family,Potential_Novel_Family
6460,8616,2,Expanded_Known_Family,Expanded_Known_Family
6460,9691,1,Expanded_Known_Family,Potential_Novel_Family
811,2364,1,Known_Family_Only,Potential_Novel_Family
447,1940,2,Known_Family_Only,Potential_Novel_Family
1940,427,1,Potential_Novel_Family,Known_Family_Only
27,1690,1,Expanded_Known_Family,Potential_Novel_Family
27,12529,1,Expanded_Known_Family,Known_Family_Only
8872,10897,1,Known_Family_Only,Potential_Novel_Family
3549,12324,1,Known_Family_Only,Potential_Novel_Family
437,1576,2,Expanded_Known_Family,Expanded_Known_Family
437,1588,1,Expanded_Known_Family,Potential_Novel_Family
437,4383,1,Expanded_Known_Family,Potential_Novel_Family
437,3558,1,Expanded_Known_Family,Known_Family_Only
1576,1588,1,Expanded_Known_Family,Potential_Novel_Family
1576,4383,1,Expanded_Known_Family,Potential_Novel_Family
1576,10732,1,Expanded_Known_Family,Potential_Novel_Family
1588,4383,1,Potential_Novel_Family,Potential_Novel_Family
10737,12352,1,Potential_Novel_Family,Potential_Novel_Family
667,12483,1,Expanded_Known_Family,Known_Family_Only
667,6934,1,Expanded_Known_Family,Potential_Novel_Family
7049,8274,1,Potential_Novel_Family,Known_Family_Only
7429,11813,1,Potential_Novel_Family,Potential_Novel_Family
7429,11348,1,Potential_Novel_Family,Potential_Novel_Family
3600,11277,1,Potential_Novel_Family,Known_Family_Only
983,2450,1,Potential_Novel_Family,Potential_Novel_Family
4345,6841,1,Potential_Novel_Family,Known_Family_Only
12267,10566,1,Expanded_Known_Family,Known_Family_Only
12267,11322,2,Expanded_Known_Family,Potential_Novel_Family
12267,11129,1,Expanded_Known_Family,Expanded_Known_Family
12267,6617,1,Expanded_Known_Family,Expanded_Known_Family
6548,6912,1,Potential_Novel_Family,Known_Family_Only
6912,12420,2,Known_Family_Only,Potential_Novel_Family
10052,12788,1,Known_Family_Only,Potential_Novel_Family
2000,5291,1,Expanded_Known_Family,Expanded_Known_Family
2000,11515,1,Expanded_Known_Family,Potential_Novel_Family
2000,2967,2,Expanded_Known_Family,Potential_Novel_Family
5291,4742,1,Expanded_Known_Family,Potential_Novel_Family
3102,8530,1,Known_Family_Only,Potential_Novel_Family
2130,8167,1,Potential_Novel_Family,Potential_Novel_Family
2130,10793,3,Potential_Novel_Family,Expanded_Known_Family
833,5153,1,Known_Family_Only,Potential_Novel_Family
5153,799,1,Potential_Novel_Family,Known_Family_Only
6580,7689,1,Known_Family_Only,Potential_Novel_Family
6977,8941,1,Known_Family_Only,Potential_Novel_Family
1881,5640,1,Expanded_Known_Family,Potential_Novel_Family
1881,6413,2,Expanded_Known_Family,Potential_Novel_Family
8233,11436,1,Known_Family_Only,Potential_Novel_Family
9156,11126,1,Known_Family_Only,Potential_Novel_Family
6813,8660,5,Expanded_Known_Family,Potential_Novel_Family
8660,6831,1,Potential_Novel_Family,Potential_Novel_Family
2807,9659,1,Potential_Novel_Family,Expanded_Known_Family
2807,6484,1,Potential_Novel_Family,Known_Family_Only
2807,10860,1,Potential_Novel_Family,Known_Family_Only
9659,791,1,Expanded_Known_Family,Potential_Novel_Family
1161,1669,3,Expanded_Known_Family,Potential_Novel_Family
1161,2057,3,Expanded_Known_Family,Expanded_Known_Family
1161,524,2,Expanded_Known_Family,Expanded_Known_Family
1669,2057,4,Potential_Novel_Family,Expanded_Known_Family
1669,1108,1,Potential_Novel_Family,Potential_Novel_Family
3994,8039,1,Potential_Novel_Family,Known_Family_Only
4778,4905,1,Known_Family_Only,Potential_Novel_Family
2300,4825,1,Expanded_Known_Family,Potential_Novel_Family
2300,4545,3,Expanded_Known_Family,Expanded_Known_Family
2300,849,1,Expanded_Known_Family,Potential_Novel_Family
2300,8867,1,Expanded_Known_Family,Known_Family_Only
2300,8831,1,Expanded_Known_Family,Known_Family_Only
4825,3282,1,Potential_Novel_Family,Known_Family_Only
2435,6549,4,Expanded_Known_Family,Potential_Novel_Family
489,1417,8,Expanded_Known_Family,Expanded_Known_Family
489,8038,1,Expanded_Known_Family,Potential_Novel_Family
489,1304,1,Expanded_Known_Family,Potential_Novel_Family
489,2106,1,Expanded_Known_Family,Potential_Novel_Family
489,1616,3,Expanded_Known_Family,Potential_Novel_Family
489,5001,1,Expanded_Known_Family,Potential_Novel_Family
1417,8038,1,Expanded_Known_Family,Potential_Novel_Family
1417,757,1,Expanded_Known_Family,Expanded_Known_Family
1417,1304,1,Expanded_Known_Family,Potential_Novel_Family
1417,7243,1,Expanded_Known_Family,Potential_Novel_Family
1417,9737,1,Expanded_Known_Family,Potential_Novel_Family
1417,1430,1,Expanded_Known_Family,Potential_Novel_Family
1417,5654,1,Expanded_Known_Family,Known_Family_Only
1417,2872,1,Expanded_Known_Family,Expanded_Known_Family
1417,2572,1,Expanded_Known_Family,Potential_Novel_Family
9810,10438,4,Potential_Novel_Family,Potential_Novel_Family
9810,862,1,Potential_Novel_Family,Potential_Novel_Family
10765,11247,1,Known_Family_Only,Potential_Novel_Family
778,1603,1,Expanded_Known_Family,Expanded_Known_Family
778,10769,1,Expanded_Known_Family,Potential_Novel_Family
778,1742,2,Expanded_Known_Family,Potential_Novel_Family
1603,7947,2,Expanded_Known_Family,Known_Family_Only
1603,12207,1,Expanded_Known_Family,Known_Family_Only
1603,3723,1,Expanded_Known_Family,Potential_Novel_Family
1603,11103,1,Expanded_Known_Family,Potential_Novel_Family
1603,10984,1,Expanded_Known_Family,Potential_Novel_Family
1603,4497,1,Expanded_Known_Family,Known_Family_Only
1603,1666,1,Expanded_Known_Family,Expanded_Known_Family
4077,11628,1,Potential_Novel_Family,Known_Family_Only
197,2864,2,Expanded_Known_Family,Potential_Novel_Family
197,1001,1,Expanded_Known_Family,Expanded_Known_Family
197,5671,1,Expanded_Known_Family,Potential_Novel_Family
197,1293,2,Expanded_Known_Family,Potential_Novel_Family
197,1916,1,Expanded_Known_Family,Known_Family_Only
197,5460,1,Expanded_Known_Family,Potential_Novel_Family
197,6855,1,Expanded_Known_Family,Potential_Novel_Family
197,434,1,Expanded_Known_Family,Potential_Novel_Family
197,2107,1,Expanded_Known_Family,Known_Family_Only
197,9089,1,Expanded_Known_Family,Known_Family_Only
197,12028,1,Expanded_Known_Family,Potential_Novel_Family
3184,2876,1,Expanded_Known_Family,Potential_Novel_Family
4865,6684,1,Potential_Novel_Family,Expanded_Known_Family
4865,856,1,Potential_Novel_Family,Expanded_Known_Family
6684,5011,1,Expanded_Known_Family,Potential_Novel_Family
6684,7488,1,Expanded_Known_Family,Potential_Novel_Family
6684,9144,1,Expanded_Known_Family,Potential_Novel_Family
6684,3804,1,Expanded_Known_Family,Potential_Novel_Family
884,6136,1,Known_Family_Only,Expanded_Known_Family
6136,441,1,Expanded_Known_Family,Expanded_Known_Family
6136,2113,1,Expanded_Known_Family,Known_Family_Only
6136,808,1,Expanded_Known_Family,Expanded_Known_Family
6136,4891,1,Expanded_Known_Family,Potential_Novel_Family
6136,5838,1,Expanded_Known_Family,Known_Family_Only
2343,4240,1,Known_Family_Only,Potential_Novel_Family
1225,2208,1,Potential_Novel_Family,Potential_Novel_Family
2208,1867,1,Potential_Novel_Family,Potential_Novel_Family
4844,5447,1,Potential_Novel_Family,Known_Family_Only
11814,3472,1,Expanded_Known_Family,Expanded_Known_Family
57,11734,1,Expanded_Known_Family,Known_Family_Only
57,5406,1,Expanded_Known_Family,Expanded_Known_Family
57,1390,4,Expanded_Known_Family,Expanded_Known_Family
57,1236,1,Expanded_Known_Family,Expanded_Known_Family
57,8335,1,Expanded_Known_Family,Expanded_Known_Family
57,4299,1,Expanded_Known_Family,Known_Family_Only
2034,6150,1,Potential_Novel_Family,Known_Family_Only
2443,6905,1,Potential_Novel_Family,Potential_Novel_Family
4962,6870,1,Potential_Novel_Family,Known_Family_Only
4962,3921,1,Potential_Novel_Family,Known_Family_Only
6183,6295,1,Known_Family_Only,Potential_Novel_Family
5475,9840,1,Potential_Novel_Family,Potential_Novel_Family
5475,10074,1,Potential_Novel_Family,Potential_Novel_Family
504,2686,2,Expanded_Known_Family,Expanded_Known_Family
504,9499,1,Expanded_Known_Family,Known_Family_Only
2686,501,1,Expanded_Known_Family,Known_Family_Only
2686,970,1,Expanded_Known_Family,Potential_Novel_Family
2677,4090,2,Potential_Novel_Family,Potential_Novel_Family
2677,3069,1,Potential_Novel_Family,Expanded_Known_Family
3391,6271,4,Expanded_Known_Family,Potential_Novel_Family
5319,12494,1,Expanded_Known_Family,Potential_Novel_Family
5319,6479,1,Expanded_Known_Family,Expanded_Known_Family
5319,12607,1,Expanded_Known_Family,Potential_Novel_Family
12494,4152,2,Potential_Novel_Family,Expanded_Known_Family
12494,10199,3,Potential_Novel_Family,Expanded_Known_Family
4219,10847,1,Potential_Novel_Family,Potential_Novel_Family
4506,10508,1,Potential_Novel_Family,Potential_Novel_Family
1770,3995,2,Known_Family_Only,Potential_Novel_Family
1292,3509,1,Known_Family_Only,Potential_Novel_Family
6922,10594,1,Expanded_Known_Family,Known_Family_Only
6922,12189,1,Expanded_Known_Family,Potential_Novel_Family
6922,8321,1,Expanded_Known_Family,Potential_Novel_Family
6922,7962,1,Expanded_Known_Family,Potential_Novel_Family
6922,2967,1,Expanded_Known_Family,Potential_Novel_Family
365,3431,1,Expanded_Known_Family,Potential_Novel_Family
365,1042,1,Expanded_Known_Family,Potential_Novel_Family
365,2779,1,Expanded_Known_Family,Potential_Novel_Family
365,12689,1,Expanded_Known_Family,Potential_Novel_Family
8596,1362,1,Expanded_Known_Family,Potential_Novel_Family
11090,12059,1,Potential_Novel_Family,Expanded_Known_Family
12059,8282,1,Expanded_Known_Family,Potential_Novel_Family
12059,265,1,Expanded_Known_Family,Expanded_Known_Family
9987,10509,1,Potential_Novel_Family,Known_Family_Only
3626,9116,1,Expanded_Known_Family,Potential_Novel_Family
3626,88,1,Expanded_Known_Family,Expanded_Known_Family
3626,51,1,Expanded_Known_Family,Expanded_Known_Family
240,6109,1,Known_Family_Only,Expanded_Known_Family
6109,6032,3,Expanded_Known_Family,Expanded_Known_Family
6109,2206,1,Expanded_Known_Family,Expanded_Known_Family
11666,12070,7,Expanded_Known_Family,Expanded_Known_Family
39,8679,1,Expanded_Known_Family,Potential_Novel_Family
39,9311,1,Expanded_Known_Family,Potential_Novel_Family
39,2291,1,Expanded_Known_Family,Potential_Novel_Family
39,2632,1,Expanded_Known_Family,Potential_Novel_Family
39,395,1,Expanded_Known_Family,Potential_Novel_Family
39,2763,1,Expanded_Known_Family,Potential_Novel_Family
3962,6046,2,Potential_Novel_Family,Potential_Novel_Family
6046,8088,3,Potential_Novel_Family,Expanded_Known_Family
4554,5396,1,Known_Family_Only,Potential_Novel_Family
1931,9044,1,Expanded_Known_Family,Known_Family_Only
1931,3473,1,Expanded_Known_Family,Known_Family_Only
1931,10727,1,Expanded_Known_Family,Known_Family_Only
1931,10153,1,Expanded_Known_Family,Potential_Novel_Family
1931,10918,1,Expanded_Known_Family,Potential_Novel_Family
4152,10264,1,Expanded_Known_Family,Potential_Novel_Family
4152,1448,1,Expanded_Known_Family,Potential_Novel_Family
4152,10199,2,Expanded_Known_Family,Expanded_Known_Family
4152,10315,1,Expanded_Known_Family,Potential_Novel_Family
6663,6776,1,Known_Family_Only,Potential_Novel_Family
7369,11056,1,Potential_Novel_Family,Potential_Novel_Family
2775,6469,7,Expanded_Known_Family,Expanded_Known_Family
2775,10744,1,Expanded_Known_Family,Known_Family_Only
2775,10745,1,Expanded_Known_Family,Potential_Novel_Family
6469,10745,1,Expanded_Known_Family,Potential_Novel_Family
4608,11158,1,Potential_Novel_Family,Known_Family_Only
4406,6871,5,Expanded_Known_Family,Potential_Novel_Family
4406,6454,1,Expanded_Known_Family,Potential_Novel_Family
4406,7968,1,Expanded_Known_Family,Potential_Novel_Family
6871,6454,1,Potential_Novel_Family,Potential_Novel_Family
6871,7968,1,Potential_Novel_Family,Potential_Novel_Family
11703,11706,1,Potential_Novel_Family,Expanded_Known_Family
11706,10931,2,Expanded_Known_Family,Known_Family_Only
11706,12723,1,Expanded_Known_Family,Known_Family_Only
8629,9624,4,Expanded_Known_Family,Expanded_Known_Family
527,918,6,Expanded_Known_Family,Expanded_Known_Family
918,3227,1,Expanded_Known_Family,Expanded_Known_Family
3550,7945,1,Potential_Novel_Family,Known_Family_Only
2560,8905,1,Potential_Novel_Family,Known_Family_Only
602,8974,1,Expanded_Known_Family,Potential_Novel_Family
602,8312,1,Expanded_Known_Family,Potential_Novel_Family
602,10622,1,Expanded_Known_Family,Potential_Novel_Family
602,8511,2,Expanded_Known_Family,Expanded_Known_Family
602,9605,1,Expanded_Known_Family,Potential_Novel_Family
2808,6842,1,Potential_Novel_Family,Known_Family_Only
8957,12206,1,Potential_Novel_Family,Known_Family_Only
8957,7794,1,Potential_Novel_Family,Expanded_Known_Family
8957,901,1,Potential_Novel_Family,Known_Family_Only
8957,8833,1,Potential_Novel_Family,Potential_Novel_Family
4021,4872,2,Potential_Novel_Family,Known_Family_Only
6906,9276,1,Potential_Novel_Family,Known_Family_Only
3673,9365,2,Potential_Novel_Family,Expanded_Known_Family
3673,8861,1,Potential_Novel_Family,Potential_Novel_Family
5669,9179,1,Expanded_Known_Family,Potential_Novel_Family
11340,11851,3,Expanded_Known_Family,Potential_Novel_Family
11851,11165,1,Potential_Novel_Family,Expanded_Known_Family
60,2877,2,Expanded_Known_Family,Potential_Novel_Family
60,10873,1,Expanded_Known_Family,Known_Family_Only
11936,12038,4,Expanded_Known_Family,Expanded_Known_Family
11936,11679,4,Expanded_Known_Family,Expanded_Known_Family
11936,11444,3,Expanded_Known_Family,Potential_Novel_Family
12038,12144,1,Expanded_Known_Family,Expanded_Known_Family
10483,12071,1,Potential_Novel_Family,Potential_Novel_Family
12071,7058,1,Potential_Novel_Family,Known_Family_Only
12071,10222,1,Potential_Novel_Family,Potential_Novel_Family
12071,12690,1,Potential_Novel_Family,Potential_Novel_Family
7913,10512,1,Potential_Novel_Family,Known_Family_Only
237,3510,1,Expanded_Known_Family,Potential_Novel_Family
237,410,3,Expanded_Known_Family,Expanded_Known_Family
237,4912,1,Expanded_Known_Family,Potential_Novel_Family
3510,2993,1,Potential_Novel_Family,Expanded_Known_Family
5045,10161,1,Potential_Novel_Family,Known_Family_Only
8168,11815,11,Expanded_Known_Family,Expanded_Known_Family
8168,7489,1,Expanded_Known_Family,Potential_Novel_Family
4770,4952,3,Expanded_Known_Family,Expanded_Known_Family
4770,1970,1,Expanded_Known_Family,Expanded_Known_Family
4770,10489,1,Expanded_Known_Family,Potential_Novel_Family
4770,10027,1,Expanded_Known_Family,Potential_Novel_Family
4770,609,1,Expanded_Known_Family,Potential_Novel_Family
4770,2127,9,Expanded_Known_Family,Expanded_Known_Family
4770,10302,1,Expanded_Known_Family,Known_Family_Only
4770,2085,3,Expanded_Known_Family,Expanded_Known_Family
4770,11451,1,Expanded_Known_Family,Known_Family_Only
4770,10859,1,Expanded_Known_Family,Known_Family_Only
4770,10194,1,Expanded_Known_Family,Potential_Novel_Family
4770,4937,1,Expanded_Known_Family,Known_Family_Only
4770,2082,4,Expanded_Known_Family,Expanded_Known_Family
4770,9268,1,Expanded_Known_Family,Known_Family_Only
253,3250,3,Expanded_Known_Family,Expanded_Known_Family
253,4158,1,Expanded_Known_Family,Expanded_Known_Family
253,3207,1,Expanded_Known_Family,Known_Family_Only
253,11129,3,Expanded_Known_Family,Expanded_Known_Family
253,12270,3,Expanded_Known_Family,Known_Family_Only
253,7238,2,Expanded_Known_Family,Potential_Novel_Family
253,10303,2,Expanded_Known_Family,Potential_Novel_Family
253,2767,1,Expanded_Known_Family,Expanded_Known_Family
253,3358,1,Expanded_Known_Family,Expanded_Known_Family
253,3911,1,Expanded_Known_Family,Potential_Novel_Family
253,5861,1,Expanded_Known_Family,Potential_Novel_Family
253,2609,3,Expanded_Known_Family,Expanded_Known_Family
253,3501,1,Expanded_Known_Family,Potential_Novel_Family
253,2605,1,Expanded_Known_Family,Expanded_Known_Family
3250,4158,1,Expanded_Known_Family,Expanded_Known_Family
4158,8842,1,Expanded_Known_Family,Known_Family_Only
4044,9912,1,Potential_Novel_Family,Known_Family_Only
6949,10265,1,Potential_Novel_Family,Known_Family_Only
2814,2875,1,Expanded_Known_Family,Potential_Novel_Family
2814,9081,1,Expanded_Known_Family,Known_Family_Only
2814,171,1,Expanded_Known_Family,Expanded_Known_Family
2814,8147,1,Expanded_Known_Family,Known_Family_Only
1006,8044,2,Potential_Novel_Family,Expanded_Known_Family
6907,8837,1,Known_Family_Only,Potential_Novel_Family
4643,8123,1,Known_Family_Only,Potential_Novel_Family
6322,7550,1,Potential_Novel_Family,Known_Family_Only
10823,11190,1,Known_Family_Only,Potential_Novel_Family
9267,10678,1,Potential_Novel_Family,Potential_Novel_Family
9267,9869,1,Potential_Novel_Family,Potential_Novel_Family
804,2273,1,Expanded_Known_Family,Potential_Novel_Family
525,12651,1,Known_Family_Only,Potential_Novel_Family
525,7336,1,Known_Family_Only,Known_Family_Only
525,8636,1,Known_Family_Only,Potential_Novel_Family
12353,12850,1,Potential_Novel_Family,Known_Family_Only
12353,11416,1,Potential_Novel_Family,Known_Family_Only
4826,6260,8,Expanded_Known_Family,Expanded_Known_Family
4826,191,1,Expanded_Known_Family,Known_Family_Only
4826,6387,1,Expanded_Known_Family,Potential_Novel_Family
4826,2259,1,Expanded_Known_Family,Potential_Novel_Family
4826,5732,1,Expanded_Known_Family,Known_Family_Only
4826,6253,1,Expanded_Known_Family,Known_Family_Only
4826,5830,1,Expanded_Known_Family,Potential_Novel_Family
6260,2259,1,Expanded_Known_Family,Potential_Novel_Family
6260,5732,1,Expanded_Known_Family,Known_Family_Only
6260,6253,1,Expanded_Known_Family,Known_Family_Only
6260,6536,1,Expanded_Known_Family,Potential_Novel_Family
852,9511,5,Expanded_Known_Family,Potential_Novel_Family
852,9370,1,Expanded_Known_Family,Potential_Novel_Family
852,3885,1,Expanded_Known_Family,Known_Family_Only
852,4921,1,Expanded_Known_Family,Potential_Novel_Family
2846,7551,1,Known_Family_Only,Potential_Novel_Family
4619,5525,6,Known_Family_Only,Potential_Novel_Family
3331,4043,1,Known_Family_Only,Potential_Novel_Family
3377,9565,1,Expanded_Known_Family,Potential_Novel_Family
3377,5842,1,Expanded_Known_Family,Potential_Novel_Family
4259,8309,1,Known_Family_Only,Potential_Novel_Family
2270,3062,1,Expanded_Known_Family,Potential_Novel_Family
2270,1503,1,Expanded_Known_Family,Potential_Novel_Family
2270,1817,1,Expanded_Known_Family,Known_Family_Only
10484,11278,1,Known_Family_Only,Potential_Novel_Family
11998,12412,1,Known_Family_Only,Expanded_Known_Family
12412,9698,1,Expanded_Known_Family,Potential_Novel_Family
12412,11240,1,Expanded_Known_Family,Potential_Novel_Family
5321,6581,4,Expanded_Known_Family,Expanded_Known_Family
5321,11058,1,Expanded_Known_Family,Expanded_Known_Family
5321,562,1,Expanded_Known_Family,Expanded_Known_Family
5321,6793,1,Expanded_Known_Family,Expanded_Known_Family
5321,5947,1,Expanded_Known_Family,Expanded_Known_Family
6581,11058,1,Expanded_Known_Family,Expanded_Known_Family
6581,2206,1,Expanded_Known_Family,Expanded_Known_Family
6581,6185,1,Expanded_Known_Family,Expanded_Known_Family
6581,562,1,Expanded_Known_Family,Expanded_Known_Family
6581,1686,1,Expanded_Known_Family,Expanded_Known_Family
11058,12241,1,Expanded_Known_Family,Potential_Novel_Family
2581,11667,1,Potential_Novel_Family,Potential_Novel_Family
10005,12411,3,Expanded_Known_Family,Expanded_Known_Family
10005,12677,1,Expanded_Known_Family,Potential_Novel_Family
10005,9798,1,Expanded_Known_Family,Known_Family_Only
12411,12307,1,Expanded_Known_Family,Potential_Novel_Family
12411,12381,1,Expanded_Known_Family,Known_Family_Only
12411,4498,1,Expanded_Known_Family,Expanded_Known_Family
845,1411,1,Expanded_Known_Family,Expanded_Known_Family
845,10832,1,Expanded_Known_Family,Known_Family_Only
845,10595,1,Expanded_Known_Family,Potential_Novel_Family
845,11119,1,Expanded_Known_Family,Potential_Novel_Family
1411,1647,1,Expanded_Known_Family,Potential_Novel_Family
1411,4119,1,Expanded_Known_Family,Known_Family_Only
1411,6368,1,Expanded_Known_Family,Potential_Novel_Family
1411,2071,1,Expanded_Known_Family,Expanded_Known_Family
261,7552,1,Known_Family_Only,Potential_Novel_Family
9873,11735,1,Known_Family_Only,Potential_Novel_Family
12521,12777,1,Potential_Novel_Family,Potential_Novel_Family
12521,7250,1,Potential_Novel_Family,Potential_Novel_Family
1349,7858,1,Expanded_Known_Family,Potential_Novel_Family
2790,2365,1,Potential_Novel_Family,Potential_Novel_Family
1310,9625,1,Expanded_Known_Family,Potential_Novel_Family
1310,9265,1,Expanded_Known_Family,Potential_Novel_Family
1594,11512,1,Expanded_Known_Family,Potential_Novel_Family
1594,7635,1,Expanded_Known_Family,Potential_Novel_Family
214,4703,1,Expanded_Known_Family,Potential_Novel_Family
214,2947,2,Expanded_Known_Family,Potential_Novel_Family
4703,10499,1,Potential_Novel_Family,Potential_Novel_Family
266,2370,3,Expanded_Known_Family,Expanded_Known_Family
7632,11127,1,Potential_Novel_Family,Potential_Novel_Family
7632,5911,1,Potential_Novel_Family,Known_Family_Only
6363,10738,1,Potential_Novel_Family,Potential_Novel_Family
6363,7737,1,Potential_Novel_Family,Known_Family_Only
2104,1908,1,Potential_Novel_Family,Expanded_Known_Family
1506,4584,1,Potential_Novel_Family,Known_Family_Only
1506,10565,1,Potential_Novel_Family,Known_Family_Only
4584,10565,1,Known_Family_Only,Known_Family_Only
3351,7174,1,Potential_Novel_Family,Potential_Novel_Family
4704,6582,1,Known_Family_Only,Potential_Novel_Family
6582,4623,2,Potential_Novel_Family,Potential_Novel_Family
6582,4780,1,Potential_Novel_Family,Potential_Novel_Family
6582,4576,1,Potential_Novel_Family,Expanded_Known_Family
6582,4922,1,Potential_Novel_Family,Known_Family_Only
6582,5069,1,Potential_Novel_Family,Known_Family_Only
6488,6978,1,Known_Family_Only,Potential_Novel_Family
8275,9130,1,Potential_Novel_Family,Potential_Novel_Family
614,2723,2,Expanded_Known_Family,Potential_Novel_Family
614,2751,2,Expanded_Known_Family,Expanded_Known_Family
614,1384,2,Expanded_Known_Family,Expanded_Known_Family
614,12821,1,Expanded_Known_Family,Potential_Novel_Family
614,5686,1,Expanded_Known_Family,Potential_Novel_Family
2723,12733,1,Potential_Novel_Family,Potential_Novel_Family
2723,7461,1,Potential_Novel_Family,Known_Family_Only
2723,3876,2,Potential_Novel_Family,Known_Family_Only
3698,6995,1,Potential_Novel_Family,Expanded_Known_Family
3698,6545,1,Potential_Novel_Family,Expanded_Known_Family
6995,11099,2,Expanded_Known_Family,Potential_Novel_Family
6995,2978,1,Expanded_Known_Family,Potential_Novel_Family
3237,5171,2,Potential_Novel_Family,Known_Family_Only
903,8712,5,Expanded_Known_Family,Expanded_Known_Family
8712,10716,1,Expanded_Known_Family,Expanded_Known_Family
8712,123,1,Expanded_Known_Family,Potential_Novel_Family
8712,5354,1,Expanded_Known_Family,Expanded_Known_Family
4730,7690,1,Expanded_Known_Family,Potential_Novel_Family
4730,7345,1,Expanded_Known_Family,Known_Family_Only
2173,10248,5,Potential_Novel_Family,Expanded_Known_Family
4568,12136,1,Expanded_Known_Family,Known_Family_Only
4568,4391,1,Expanded_Known_Family,Potential_Novel_Family
4568,12014,3,Expanded_Known_Family,Expanded_Known_Family
4568,12251,3,Expanded_Known_Family,Expanded_Known_Family
5006,6908,1,Known_Family_Only,Potential_Novel_Family
8805,11893,1,Potential_Novel_Family,Known_Family_Only
8093,10898,1,Expanded_Known_Family,Potential_Novel_Family
8093,6806,1,Expanded_Known_Family,Potential_Novel_Family
10995,12844,1,Known_Family_Only,Potential_Novel_Family
5905,7449,1,Potential_Novel_Family,Potential_Novel_Family
5161,9709,2,Expanded_Known_Family,Expanded_Known_Family
5161,9743,1,Expanded_Known_Family,Known_Family_Only
1706,6872,1,Expanded_Known_Family,Potential_Novel_Family
1706,10444,1,Expanded_Known_Family,Potential_Novel_Family
1706,3915,1,Expanded_Known_Family,Known_Family_Only
1706,5267,1,Expanded_Known_Family,Expanded_Known_Family
2819,7638,1,Potential_Novel_Family,Known_Family_Only
3736,3808,1,Potential_Novel_Family,Potential_Novel_Family
3808,962,1,Potential_Novel_Family,Potential_Novel_Family
5526,11402,1,Known_Family_Only,Potential_Novel_Family
4800,8234,1,Potential_Novel_Family,Potential_Novel_Family
6350,9597,1,Potential_Novel_Family,Potential_Novel_Family
4456,7691,1,Potential_Novel_Family,Potential_Novel_Family
987,2822,1,Potential_Novel_Family,Known_Family_Only
3530,4091,1,Potential_Novel_Family,Known_Family_Only
8356,10325,1,Expanded_Known_Family,Potential_Novel_Family
8356,3344,2,Expanded_Known_Family,Known_Family_Only
8356,3445,1,Expanded_Known_Family,Potential_Novel_Family
1965,7229,1,Potential_Novel_Family,Expanded_Known_Family
1965,5565,2,Potential_Novel_Family,Expanded_Known_Family
1965,6416,1,Potential_Novel_Family,Potential_Novel_Family
1965,10449,1,Potential_Novel_Family,Known_Family_Only
7229,12108,1,Expanded_Known_Family,Expanded_Known_Family
2451,8597,1,Potential_Novel_Family,Known_Family_Only
4949,8641,1,Known_Family_Only,Potential_Novel_Family
4949,4958,1,Known_Family_Only,Potential_Novel_Family
1000,5987,1,Potential_Novel_Family,Potential_Novel_Family
7914,11210,1,Potential_Novel_Family,Expanded_Known_Family
11210,11147,1,Expanded_Known_Family,Known_Family_Only
3041,10236,1,Potential_Novel_Family,Potential_Novel_Family
10948,11179,2,Expanded_Known_Family,Expanded_Known_Family
10948,12892,1,Expanded_Known_Family,Potential_Novel_Family
10948,6196,1,Expanded_Known_Family,Expanded_Known_Family
11179,10281,1,Expanded_Known_Family,Known_Family_Only
11279,12172,1,Known_Family_Only,Potential_Novel_Family
1623,11280,1,Potential_Novel_Family,Known_Family_Only
1623,1970,1,Potential_Novel_Family,Expanded_Known_Family
2474,9366,1,Potential_Novel_Family,Known_Family_Only
9498,9783,1,Potential_Novel_Family,Potential_Novel_Family
3310,10293,1,Known_Family_Only,Potential_Novel_Family
4363,10712,1,Potential_Novel_Family,Potential_Novel_Family
4363,9111,1,Potential_Novel_Family,Known_Family_Only
4363,10106,1,Potential_Novel_Family,Known_Family_Only
6151,6439,2,Potential_Novel_Family,Potential_Novel_Family
2251,2883,4,Expanded_Known_Family,Potential_Novel_Family
2251,7540,1,Expanded_Known_Family,Known_Family_Only
2883,5430,1,Potential_Novel_Family,Expanded_Known_Family
2883,2941,4,Potential_Novel_Family,Expanded_Known_Family
4950,7144,1,Known_Family_Only,Expanded_Known_Family
598,3521,1,Expanded_Known_Family,Potential_Novel_Family
598,4645,1,Expanded_Known_Family,Known_Family_Only
3521,5374,1,Potential_Novel_Family,Potential_Novel_Family
709,1236,2,Potential_Novel_Family,Expanded_Known_Family
1236,792,1,Expanded_Known_Family,Known_Family_Only
7309,7657,1,Potential_Novel_Family,Potential_Novel_Family
328,3022,1,Known_Family_Only,Potential_Novel_Family
328,3799,1,Known_Family_Only,Known_Family_Only
3022,3799,1,Potential_Novel_Family,Known_Family_Only
3799,4298,2,Known_Family_Only,Potential_Novel_Family
2254,6351,1,Potential_Novel_Family,Potential_Novel_Family
6351,1547,1,Potential_Novel_Family,Potential_Novel_Family
4555,7450,3,Potential_Novel_Family,Expanded_Known_Family
680,988,1,Potential_Novel_Family,Potential_Novel_Family
1017,2175,1,Expanded_Known_Family,Potential_Novel_Family
1017,8412,1,Expanded_Known_Family,Expanded_Known_Family
1017,6303,1,Expanded_Known_Family,Potential_Novel_Family
1017,8925,1,Expanded_Known_Family,Known_Family_Only
2175,8412,1,Potential_Novel_Family,Expanded_Known_Family
2276,2856,1,Expanded_Known_Family,Expanded_Known_Family
2276,2394,1,Expanded_Known_Family,Known_Family_Only
2856,8428,1,Expanded_Known_Family,Potential_Novel_Family
2187,9841,1,Potential_Novel_Family,Potential_Novel_Family
6742,12173,1,Expanded_Known_Family,Potential_Novel_Family
6742,3502,2,Expanded_Known_Family,Potential_Novel_Family
1913,8873,1,Potential_Novel_Family,Known_Family_Only
1913,895,1,Potential_Novel_Family,Expanded_Known_Family
1985,8444,1,Expanded_Known_Family,Potential_Novel_Family
1985,2700,1,Expanded_Known_Family,Expanded_Known_Family
1985,7865,1,Expanded_Known_Family,Expanded_Known_Family
1985,5504,1,Expanded_Known_Family,Potential_Novel_Family
1985,8314,4,Expanded_Known_Family,Expanded_Known_Family
1985,2027,2,Expanded_Known_Family,Expanded_Known_Family
1985,8430,1,Expanded_Known_Family,Potential_Novel_Family
1985,6896,1,Expanded_Known_Family,Potential_Novel_Family
1985,973,1,Expanded_Known_Family,Potential_Novel_Family
12391,11610,1,Expanded_Known_Family,Known_Family_Only
6550,9784,1,Known_Family_Only,Potential_Novel_Family
1464,2715,1,Potential_Novel_Family,Known_Family_Only
3554,8777,1,Potential_Novel_Family,Expanded_Known_Family
3554,6643,2,Potential_Novel_Family,Known_Family_Only
8777,11945,1,Expanded_Known_Family,Potential_Novel_Family
974,2942,3,Known_Family_Only,Expanded_Known_Family
974,3332,3,Known_Family_Only,Expanded_Known_Family
974,6197,1,Known_Family_Only,Potential_Novel_Family
2942,3332,3,Expanded_Known_Family,Expanded_Known_Family
2942,6197,1,Expanded_Known_Family,Potential_Novel_Family
3332,6197,1,Expanded_Known_Family,Potential_Novel_Family
1552,3044,1,Known_Family_Only,Expanded_Known_Family
3044,10874,1,Expanded_Known_Family,Potential_Novel_Family
3044,5451,1,Expanded_Known_Family,Potential_Novel_Family
3044,1074,3,Expanded_Known_Family,Potential_Novel_Family
3485,4279,2,Known_Family_Only,Potential_Novel_Family
9939,11305,1,Potential_Novel_Family,Known_Family_Only
1126,9074,1,Potential_Novel_Family,Known_Family_Only
5073,8734,1,Potential_Novel_Family,Expanded_Known_Family
8734,2103,1,Expanded_Known_Family,Potential_Novel_Family
8734,1717,1,Expanded_Known_Family,Potential_Novel_Family
8734,4616,1,Expanded_Known_Family,Known_Family_Only
2050,6323,1,Potential_Novel_Family,Known_Family_Only
5410,10899,1,Potential_Novel_Family,Known_Family_Only
5410,11852,1,Potential_Novel_Family,Potential_Novel_Family
5410,3227,1,Potential_Novel_Family,Expanded_Known_Family
10899,11852,1,Known_Family_Only,Potential_Novel_Family
7175,12325,1,Potential_Novel_Family,Potential_Novel_Family
7175,9063,1,Potential_Novel_Family,Potential_Novel_Family
8511,9891,2,Expanded_Known_Family,Potential_Novel_Family
10,3081,1,Expanded_Known_Family,Expanded_Known_Family
10,3567,1,Expanded_Known_Family,Potential_Novel_Family
10,10960,1,Expanded_Known_Family,Potential_Novel_Family
12510,9092,1,Potential_Novel_Family,Potential_Novel_Family
1562,2533,1,Expanded_Known_Family,Known_Family_Only
1562,4970,13,Expanded_Known_Family,Expanded_Known_Family
1562,4929,6,Expanded_Known_Family,Expanded_Known_Family
1562,10195,1,Expanded_Known_Family,Potential_Novel_Family
1562,10729,2,Expanded_Known_Family,Known_Family_Only
6697,6979,1,Potential_Novel_Family,Known_Family_Only
1528,3596,1,Potential_Novel_Family,Expanded_Known_Family
3596,9399,1,Expanded_Known_Family,Potential_Novel_Family
379,4674,1,Potential_Novel_Family,Known_Family_Only
379,5046,1,Potential_Novel_Family,Potential_Novel_Family
4674,5046,1,Known_Family_Only,Potential_Novel_Family
4674,8807,1,Known_Family_Only,Potential_Novel_Family
8418,3768,1,Expanded_Known_Family,Expanded_Known_Family
8418,6620,1,Expanded_Known_Family,Potential_Novel_Family
8561,9406,1,Expanded_Known_Family,Potential_Novel_Family
8561,8196,1,Expanded_Known_Family,Known_Family_Only
3179,250,1,Expanded_Known_Family,Expanded_Known_Family
9076,9131,1,Known_Family_Only,Potential_Novel_Family
11459,370,1,Expanded_Known_Family,Expanded_Known_Family
11459,831,1,Expanded_Known_Family,Known_Family_Only
10077,11049,4,Expanded_Known_Family,Expanded_Known_Family
11049,4498,1,Expanded_Known_Family,Expanded_Known_Family
11049,8987,1,Expanded_Known_Family,Potential_Novel_Family
11049,10128,1,Expanded_Known_Family,Expanded_Known_Family
11049,9348,1,Expanded_Known_Family,Potential_Novel_Family
11049,9771,1,Expanded_Known_Family,Known_Family_Only
1807,6122,3,Expanded_Known_Family,Potential_Novel_Family
6122,4569,1,Potential_Novel_Family,Potential_Novel_Family
1641,5593,1,Expanded_Known_Family,Potential_Novel_Family
1641,6903,1,Expanded_Known_Family,Known_Family_Only
8029,9456,5,Expanded_Known_Family,Expanded_Known_Family
733,3707,1,Expanded_Known_Family,Potential_Novel_Family
733,9083,1,Expanded_Known_Family,Known_Family_Only
3707,467,1,Potential_Novel_Family,Known_Family_Only
3707,584,1,Potential_Novel_Family,Known_Family_Only
385,10609,1,Potential_Novel_Family,Potential_Novel_Family
784,3766,1,Potential_Novel_Family,Expanded_Known_Family
3766,2301,1,Expanded_Known_Family,Expanded_Known_Family
3766,2094,1,Expanded_Known_Family,Expanded_Known_Family
318,9206,1,Potential_Novel_Family,Expanded_Known_Family
318,10349,1,Potential_Novel_Family,Known_Family_Only
9206,5622,1,Expanded_Known_Family,Potential_Novel_Family
5427,6843,1,Potential_Novel_Family,Known_Family_Only
4030,12857,1,Known_Family_Only,Potential_Novel_Family
2176,8741,1,Known_Family_Only,Known_Family_Only
422,8310,1,Expanded_Known_Family,Potential_Novel_Family
422,10975,1,Expanded_Known_Family,Known_Family_Only
422,3797,1,Expanded_Known_Family,Potential_Novel_Family
422,2408,1,Expanded_Known_Family,Potential_Novel_Family
422,3838,1,Expanded_Known_Family,Potential_Novel_Family
65,1162,1,Expanded_Known_Family,Potential_Novel_Family
65,3559,1,Expanded_Known_Family,Known_Family_Only
65,960,1,Expanded_Known_Family,Potential_Novel_Family
5819,7971,2,Potential_Novel_Family,Known_Family_Only
4368,5007,1,Expanded_Known_Family,Known_Family_Only
4368,233,1,Expanded_Known_Family,Potential_Novel_Family
11576,12392,1,Expanded_Known_Family,Potential_Novel_Family
11576,513,1,Expanded_Known_Family,Expanded_Known_Family
11576,10963,1,Expanded_Known_Family,Potential_Novel_Family
11576,11397,1,Expanded_Known_Family,Expanded_Known_Family
6664,11592,1,Potential_Novel_Family,Potential_Novel_Family
406,4658,2,Known_Family_Only,Potential_Novel_Family
406,1110,3,Known_Family_Only,Expanded_Known_Family
406,452,1,Known_Family_Only,Known_Family_Only
406,4721,1,Known_Family_Only,Potential_Novel_Family
6665,11816,1,Known_Family_Only,Potential_Novel_Family
1493,1502,2,Expanded_Known_Family,Known_Family_Only
1493,874,1,Expanded_Known_Family,Potential_Novel_Family
414,9913,1,Expanded_Known_Family,Known_Family_Only
414,3846,6,Expanded_Known_Family,Potential_Novel_Family
414,2529,1,Expanded_Known_Family,Expanded_Known_Family
444,654,1,Potential_Novel_Family,Known_Family_Only
1649,25,1,Expanded_Known_Family,Expanded_Known_Family
1649,742,1,Expanded_Known_Family,Known_Family_Only
1649,8437,3,Expanded_Known_Family,Expanded_Known_Family
3691,10326,1,Expanded_Known_Family,Potential_Novel_Family
3691,10652,1,Expanded_Known_Family,Known_Family_Only
1332,6950,1,Potential_Novel_Family,Known_Family_Only
1332,7492,1,Potential_Novel_Family,Known_Family_Only
2749,7588,7,Expanded_Known_Family,Expanded_Known_Family
2749,53,6,Expanded_Known_Family,Expanded_Known_Family
2749,4556,3,Expanded_Known_Family,Potential_Novel_Family
7588,53,6,Expanded_Known_Family,Expanded_Known_Family
7588,4556,3,Expanded_Known_Family,Potential_Novel_Family
3311,6440,1,Potential_Novel_Family,Known_Family_Only
6551,7881,1,Potential_Novel_Family,Potential_Novel_Family
6551,1040,1,Potential_Novel_Family,Potential_Novel_Family
255,584,1,Known_Family_Only,Known_Family_Only
255,6324,1,Known_Family_Only,Known_Family_Only
255,11149,1,Known_Family_Only,Potential_Novel_Family
584,6324,1,Known_Family_Only,Known_Family_Only
6489,9469,1,Potential_Novel_Family,Potential_Novel_Family
6214,3278,2,Expanded_Known_Family,Expanded_Known_Family
975,6583,2,Known_Family_Only,Potential_Novel_Family
975,6576,1,Known_Family_Only,Potential_Novel_Family
3416,8680,1,Potential_Novel_Family,Expanded_Known_Family
522,1590,1,Known_Family_Only,Expanded_Known_Family
1590,11133,1,Expanded_Known_Family,Potential_Novel_Family
1590,9087,1,Expanded_Known_Family,Known_Family_Only
1590,12628,1,Expanded_Known_Family,Potential_Novel_Family
224,5428,1,Known_Family_Only,Potential_Novel_Family
224,7395,1,Known_Family_Only,Known_Family_Only
224,9874,1,Known_Family_Only,Known_Family_Only
5428,7395,1,Potential_Novel_Family,Known_Family_Only
5428,9874,1,Potential_Novel_Family,Known_Family_Only
7395,9874,1,Known_Family_Only,Known_Family_Only
6698,10996,2,Expanded_Known_Family,Potential_Novel_Family
5134,5219,1,Expanded_Known_Family,Potential_Novel_Family
5134,7679,1,Expanded_Known_Family,Potential_Novel_Family
1771,3786,1,Potential_Novel_Family,Potential_Novel_Family
329,330,1,Potential_Novel_Family,Expanded_Known_Family
330,3511,2,Expanded_Known_Family,Potential_Novel_Family
330,5670,2,Expanded_Known_Family,Potential_Novel_Family
11483,12174,4,Expanded_Known_Family,Expanded_Known_Family
11483,12145,1,Expanded_Known_Family,Potential_Novel_Family
11483,12110,2,Expanded_Known_Family,Expanded_Known_Family
480,8125,2,Expanded_Known_Family,Potential_Novel_Family
480,3227,1,Expanded_Known_Family,Expanded_Known_Family
7310,11967,1,Potential_Novel_Family,Potential_Novel_Family
5476,11159,1,Known_Family_Only,Potential_Novel_Family
11159,12811,1,Potential_Novel_Family,Potential_Novel_Family
11705,12570,1,Potential_Novel_Family,Known_Family_Only
3333,5641,2,Potential_Novel_Family,Expanded_Known_Family
11476,11548,1,Expanded_Known_Family,Potential_Novel_Family
11476,11913,1,Expanded_Known_Family,Potential_Novel_Family
11476,9214,2,Expanded_Known_Family,Potential_Novel_Family
11548,11000,1,Potential_Novel_Family,Potential_Novel_Family
11548,9193,1,Potential_Novel_Family,Potential_Novel_Family
4061,4815,1,Expanded_Known_Family,Potential_Novel_Family
4061,7164,1,Expanded_Known_Family,Potential_Novel_Family
6490,7015,6,Expanded_Known_Family,Potential_Novel_Family
3531,4347,1,Potential_Novel_Family,Known_Family_Only
6584,4470,1,Potential_Novel_Family,Expanded_Known_Family
4045,6861,1,Expanded_Known_Family,Expanded_Known_Family
4045,10890,1,Expanded_Known_Family,Potential_Novel_Family
6861,12631,1,Expanded_Known_Family,Potential_Novel_Family
2290,5097,1,Potential_Novel_Family,Expanded_Known_Family
2290,6125,1,Potential_Novel_Family,Expanded_Known_Family
5097,5079,1,Expanded_Known_Family,Potential_Novel_Family
5097,2529,1,Expanded_Known_Family,Expanded_Known_Family
6325,10824,1,Known_Family_Only,Potential_Novel_Family
6486,10997,1,Expanded_Known_Family,Known_Family_Only
6486,4261,1,Expanded_Known_Family,Expanded_Known_Family
9830,11668,1,Potential_Novel_Family,Known_Family_Only
9830,11569,1,Potential_Novel_Family,Known_Family_Only
5343,2521,1,Expanded_Known_Family,Potential_Novel_Family
4622,8742,1,Potential_Novel_Family,Potential_Novel_Family
2774,6470,1,Expanded_Known_Family,Expanded_Known_Family
2774,6666,1,Expanded_Known_Family,Known_Family_Only
2774,12754,1,Expanded_Known_Family,Potential_Novel_Family
2774,10829,1,Expanded_Known_Family,Potential_Novel_Family
2774,12758,1,Expanded_Known_Family,Known_Family_Only
2774,4686,1,Expanded_Known_Family,Potential_Novel_Family
2774,8788,2,Expanded_Known_Family,Expanded_Known_Family
2774,9925,1,Expanded_Known_Family,Known_Family_Only
6470,6666,2,Expanded_Known_Family,Known_Family_Only
6470,11094,1,Expanded_Known_Family,Expanded_Known_Family
6470,6997,1,Expanded_Known_Family,Known_Family_Only
6470,6501,2,Expanded_Known_Family,Potential_Novel_Family
6470,6715,1,Expanded_Known_Family,Potential_Novel_Family
1075,3699,1,Known_Family_Only,Potential_Novel_Family
7814,9958,1,Potential_Novel_Family,Known_Family_Only
3650,9096,2,Potential_Novel_Family,Expanded_Known_Family
3650,8721,1,Potential_Novel_Family,Known_Family_Only
1783,4951,1,Potential_Novel_Family,Known_Family_Only
5135,11737,1,Known_Family_Only,Potential_Novel_Family
2582,7692,1,Known_Family_Only,Potential_Novel_Family
11895,12312,1,Potential_Novel_Family,Expanded_Known_Family
12312,11656,1,Expanded_Known_Family,Potential_Novel_Family
777,2271,1,Expanded_Known_Family,Potential_Novel_Family
777,2305,1,Expanded_Known_Family,Known_Family_Only
777,1118,1,Expanded_Known_Family,Known_Family_Only
777,2801,1,Expanded_Known_Family,Potential_Novel_Family
777,2203,1,Expanded_Known_Family,Expanded_Known_Family
6777,11894,1,Potential_Novel_Family,Potential_Novel_Family
419,2823,7,Known_Family_Only,Expanded_Known_Family
419,6746,1,Known_Family_Only,Potential_Novel_Family
2823,1099,1,Expanded_Known_Family,Known_Family_Only
2823,6746,1,Expanded_Known_Family,Potential_Novel_Family
2823,530,1,Expanded_Known_Family,Known_Family_Only
9216,10078,2,Potential_Novel_Family,Expanded_Known_Family
9216,418,1,Potential_Novel_Family,Potential_Novel_Family
9080,12778,3,Expanded_Known_Family,Potential_Novel_Family
12778,10650,1,Potential_Novel_Family,Known_Family_Only
12778,11779,1,Potential_Novel_Family,Known_Family_Only
6134,8291,2,Potential_Novel_Family,Expanded_Known_Family
6134,9017,2,Potential_Novel_Family,Potential_Novel_Family
6134,8543,1,Potential_Novel_Family,Known_Family_Only
6134,8959,1,Potential_Novel_Family,Potential_Novel_Family
2163,10739,1,Potential_Novel_Family,Known_Family_Only
3023,3737,1,Potential_Novel_Family,Known_Family_Only
215,10266,1,Expanded_Known_Family,Potential_Novel_Family
215,782,1,Expanded_Known_Family,Potential_Novel_Family
215,6608,1,Expanded_Known_Family,Potential_Novel_Family
1729,2091,1,Potential_Novel_Family,Known_Family_Only
3862,6885,2,Expanded_Known_Family,Expanded_Known_Family
3862,5681,1,Expanded_Known_Family,Potential_Novel_Family
3862,8292,1,Expanded_Known_Family,Potential_Novel_Family
5448,10485,1,Potential_Novel_Family,Known_Family_Only
1507,5698,1,Expanded_Known_Family,Potential_Novel_Family
1507,2393,1,Expanded_Known_Family,Potential_Novel_Family
1644,7867,1,Potential_Novel_Family,Known_Family_Only
7867,12601,1,Known_Family_Only,Expanded_Known_Family
2815,4845,4,Potential_Novel_Family,Expanded_Known_Family
2815,6015,2,Potential_Novel_Family,Known_Family_Only
4845,6015,3,Expanded_Known_Family,Known_Family_Only
5365,7022,1,Expanded_Known_Family,Potential_Novel_Family
8987,11209,2,Potential_Novel_Family,Expanded_Known_Family
4779,12137,1,Potential_Novel_Family,Known_Family_Only
4832,7016,2,Known_Family_Only,Potential_Novel_Family
4832,10860,1,Known_Family_Only,Known_Family_Only
4832,5144,1,Known_Family_Only,Known_Family_Only
4832,6020,1,Known_Family_Only,Potential_Novel_Family
4832,8569,1,Known_Family_Only,Known_Family_Only
4832,10919,1,Known_Family_Only,Known_Family_Only
4832,11898,1,Known_Family_Only,Known_Family_Only
7016,10860,1,Potential_Novel_Family,Known_Family_Only
2017,3465,1,Potential_Novel_Family,Potential_Novel_Family
518,12073,1,Potential_Novel_Family,Potential_Novel_Family
2027,3672,1,Expanded_Known_Family,Potential_Novel_Family
4322,8099,1,Potential_Novel_Family,Known_Family_Only
2051,5644,4,Expanded_Known_Family,Expanded_Known_Family
9367,9566,6,Expanded_Known_Family,Potential_Novel_Family
6388,6585,2,Potential_Novel_Family,Expanded_Known_Family
537,6021,1,Expanded_Known_Family,Potential_Novel_Family
66,244,7,Expanded_Known_Family,Expanded_Known_Family
66,10040,1,Expanded_Known_Family,Known_Family_Only
66,142,1,Expanded_Known_Family,Expanded_Known_Family
66,7863,1,Expanded_Known_Family,Expanded_Known_Family
66,10558,1,Expanded_Known_Family,Known_Family_Only
244,142,1,Expanded_Known_Family,Expanded_Known_Family
244,7863,1,Expanded_Known_Family,Expanded_Known_Family
4970,4929,6,Expanded_Known_Family,Expanded_Known_Family
5340,5877,1,Known_Family_Only,Potential_Novel_Family
5877,7,1,Potential_Novel_Family,Expanded_Known_Family
5877,3271,1,Potential_Novel_Family,Known_Family_Only
8713,11160,2,Potential_Novel_Family,Expanded_Known_Family
730,12610,1,Expanded_Known_Family,Potential_Novel_Family
730,11084,2,Expanded_Known_Family,Expanded_Known_Family
5366,11630,1,Expanded_Known_Family,Known_Family_Only
5366,6444,1,Expanded_Known_Family,Potential_Novel_Family
5366,10410,1,Expanded_Known_Family,Known_Family_Only
5366,9024,1,Expanded_Known_Family,Potential_Novel_Family
5366,10316,1,Expanded_Known_Family,Known_Family_Only
1486,4280,6,Expanded_Known_Family,Potential_Novel_Family
2229,3975,3,Expanded_Known_Family,Potential_Novel_Family
2229,2926,1,Expanded_Known_Family,Potential_Novel_Family
3975,225,1,Potential_Novel_Family,Expanded_Known_Family
2968,12691,2,Potential_Novel_Family,Known_Family_Only
11506,10243,1,Expanded_Known_Family,Potential_Novel_Family
11506,12413,1,Expanded_Known_Family,Potential_Novel_Family
11506,12794,1,Expanded_Known_Family,Potential_Novel_Family
779,10294,1,Potential_Novel_Family,Known_Family_Only
2965,9500,1,Potential_Novel_Family,Known_Family_Only
92,2550,1,Potential_Novel_Family,Known_Family_Only
92,3323,1,Potential_Novel_Family,Potential_Novel_Family
2550,12697,1,Known_Family_Only,Potential_Novel_Family
6441,7311,1,Potential_Novel_Family,Known_Family_Only
6552,11419,2,Potential_Novel_Family,Potential_Novel_Family
1832,3954,1,Potential_Novel_Family,Known_Family_Only
1832,4759,1,Potential_Novel_Family,Potential_Novel_Family
5333,6062,1,Expanded_Known_Family,Potential_Novel_Family
5333,1939,1,Expanded_Known_Family,Known_Family_Only
5333,11369,1,Expanded_Known_Family,Potential_Novel_Family
5333,2212,1,Expanded_Known_Family,Expanded_Known_Family
10185,11191,4,Potential_Novel_Family,Potential_Novel_Family
4114,6741,1,Potential_Novel_Family,Known_Family_Only
6741,4421,1,Known_Family_Only,Potential_Novel_Family
80,417,2,Potential_Novel_Family,Expanded_Known_Family
80,4323,1,Potential_Novel_Family,Known_Family_Only
417,4323,1,Expanded_Known_Family,Known_Family_Only
2221,7815,1,Known_Family_Only,Potential_Novel_Family
7511,7554,1,Potential_Novel_Family,Known_Family_Only
7511,11631,1,Potential_Novel_Family,Known_Family_Only
7554,11631,1,Known_Family_Only,Known_Family_Only
3511,5670,2,Potential_Novel_Family,Potential_Novel_Family
6909,8028,2,Known_Family_Only,Potential_Novel_Family
6909,7300,1,Known_Family_Only,Potential_Novel_Family
8028,7300,1,Potential_Novel_Family,Potential_Novel_Family
948,6980,5,Potential_Novel_Family,Potential_Novel_Family
948,4689,1,Potential_Novel_Family,Expanded_Known_Family
9226,11742,2,Expanded_Known_Family,Potential_Novel_Family
882,2666,3,Known_Family_Only,Expanded_Known_Family
882,11003,2,Known_Family_Only,Potential_Novel_Family
882,1491,1,Known_Family_Only,Known_Family_Only
2666,11003,3,Expanded_Known_Family,Potential_Novel_Family
2666,1491,1,Expanded_Known_Family,Known_Family_Only
4753,6098,1,Known_Family_Only,Potential_Novel_Family
7784,12074,1,Potential_Novel_Family,Potential_Novel_Family
439,782,1,Known_Family_Only,Potential_Novel_Family
782,812,1,Potential_Novel_Family,Expanded_Known_Family
782,9101,1,Potential_Novel_Family,Known_Family_Only
782,9788,1,Potential_Novel_Family,Known_Family_Only
782,7437,1,Potential_Novel_Family,Expanded_Known_Family
1684,8248,1,Potential_Novel_Family,Potential_Novel_Family
8248,10858,1,Potential_Novel_Family,Known_Family_Only
7553,7882,1,Potential_Novel_Family,Potential_Novel_Family
10825,12418,3,Known_Family_Only,Potential_Novel_Family
3681,11092,1,Potential_Novel_Family,Known_Family_Only
272,4412,1,Expanded_Known_Family,Potential_Novel_Family
272,5529,1,Expanded_Known_Family,Expanded_Known_Family
272,8389,1,Expanded_Known_Family,Expanded_Known_Family
272,4611,1,Expanded_Known_Family,Potential_Novel_Family
272,4249,1,Expanded_Known_Family,Expanded_Known_Family
272,2700,1,Expanded_Known_Family,Expanded_Known_Family
272,7865,1,Expanded_Known_Family,Expanded_Known_Family
272,5418,1,Expanded_Known_Family,Potential_Novel_Family
6063,6326,1,Potential_Novel_Family,Known_Family_Only
1328,5236,1,Known_Family_Only,Potential_Novel_Family
5236,8117,1,Potential_Novel_Family,Known_Family_Only
11439,11720,1,Potential_Novel_Family,Expanded_Known_Family
11720,11203,1,Expanded_Known_Family,Expanded_Known_Family
11720,11337,1,Expanded_Known_Family,Known_Family_Only
1432,3904,2,Expanded_Known_Family,Expanded_Known_Family
1432,863,2,Expanded_Known_Family,Expanded_Known_Family
6531,8575,3,Potential_Novel_Family,Expanded_Known_Family
6531,9924,1,Potential_Novel_Family,Known_Family_Only
12189,12188,1,Potential_Novel_Family,Known_Family_Only
12189,11180,1,Potential_Novel_Family,Potential_Novel_Family
534,6153,1,Known_Family_Only,Potential_Novel_Family
534,10233,1,Known_Family_Only,Potential_Novel_Family
7987,9660,1,Expanded_Known_Family,Known_Family_Only
635,11819,1,Expanded_Known_Family,Expanded_Known_Family
635,10905,1,Expanded_Known_Family,Known_Family_Only
635,9961,1,Expanded_Known_Family,Potential_Novel_Family
635,6589,1,Expanded_Known_Family,Potential_Novel_Family
635,2181,1,Expanded_Known_Family,Expanded_Known_Family
635,7152,1,Expanded_Known_Family,Known_Family_Only
635,2957,1,Expanded_Known_Family,Known_Family_Only
635,11833,1,Expanded_Known_Family,Potential_Novel_Family
635,5693,1,Expanded_Known_Family,Potential_Novel_Family
635,9650,1,Expanded_Known_Family,Potential_Novel_Family
635,1781,1,Expanded_Known_Family,Known_Family_Only
922,1384,6,Expanded_Known_Family,Expanded_Known_Family
1384,883,4,Expanded_Known_Family,Expanded_Known_Family
204,9368,3,Expanded_Known_Family,Expanded_Known_Family
204,12619,1,Expanded_Known_Family,Potential_Novel_Family
9368,1560,1,Expanded_Known_Family,Known_Family_Only
7176,9501,1,Potential_Novel_Family,Potential_Novel_Family
9097,9598,1,Known_Family_Only,Potential_Novel_Family
9755,11192,1,Potential_Novel_Family,Known_Family_Only
115,1137,1,Potential_Novel_Family,Potential_Novel_Family
115,1708,1,Potential_Novel_Family,Known_Family_Only
1137,1708,1,Potential_Novel_Family,Known_Family_Only
9164,9334,1,Potential_Novel_Family,Known_Family_Only
9164,10520,1,Potential_Novel_Family,Potential_Novel_Family
7115,8681,1,Potential_Novel_Family,Potential_Novel_Family
8681,901,4,Potential_Novel_Family,Known_Family_Only
8875,9732,1,Potential_Novel_Family,Expanded_Known_Family
9732,6276,1,Expanded_Known_Family,Potential_Novel_Family
6442,9756,1,Potential_Novel_Family,Known_Family_Only
87,1345,3,Expanded_Known_Family,Known_Family_Only
6327,8874,3,Expanded_Known_Family,Potential_Novel_Family
6327,4055,1,Expanded_Known_Family,Known_Family_Only
8874,4055,2,Potential_Novel_Family,Known_Family_Only
8874,6500,2,Potential_Novel_Family,Expanded_Known_Family
3223,9029,2,Potential_Novel_Family,Expanded_Known_Family
11679,10274,1,Expanded_Known_Family,Known_Family_Only
11679,11094,2,Expanded_Known_Family,Expanded_Known_Family
11679,12696,1,Expanded_Known_Family,Potential_Novel_Family
11679,11916,1,Expanded_Known_Family,Expanded_Known_Family
11679,11260,1,Expanded_Known_Family,Potential_Novel_Family
11679,12815,1,Expanded_Known_Family,Potential_Novel_Family
11679,11505,1,Expanded_Known_Family,Potential_Novel_Family
4545,9000,1,Expanded_Known_Family,Known_Family_Only
118,2079,1,Expanded_Known_Family,Potential_Novel_Family
118,3706,1,Expanded_Known_Family,Potential_Novel_Family
9661,10486,1,Potential_Novel_Family,Potential_Novel_Family
5615,7785,1,Potential_Novel_Family,Potential_Novel_Family
4457,6154,6,Potential_Novel_Family,Expanded_Known_Family
4457,10516,1,Potential_Novel_Family,Known_Family_Only
10267,10740,1,Potential_Novel_Family,Known_Family_Only
817,5136,1,Known_Family_Only,Potential_Novel_Family
817,6889,1,Known_Family_Only,Expanded_Known_Family
5136,6889,1,Potential_Novel_Family,Expanded_Known_Family
218,2475,1,Expanded_Known_Family,Potential_Novel_Family
218,3812,1,Expanded_Known_Family,Potential_Novel_Family
494,1660,2,Expanded_Known_Family,Expanded_Known_Family
757,9098,3,Expanded_Known_Family,Potential_Novel_Family
6789,11823,2,Potential_Novel_Family,Expanded_Known_Family
11823,12537,1,Expanded_Known_Family,Potential_Novel_Family
11823,6718,1,Expanded_Known_Family,Expanded_Known_Family
3719,9249,2,Known_Family_Only,Potential_Novel_Family
11643,2905,1,Potential_Novel_Family,Known_Family_Only
2476,10902,1,Known_Family_Only,Potential_Novel_Family
5508,9434,1,Potential_Novel_Family,Potential_Novel_Family
5508,998,1,Potential_Novel_Family,Potential_Novel_Family
2501,2954,1,Potential_Novel_Family,Expanded_Known_Family
2954,12455,1,Expanded_Known_Family,Known_Family_Only
4930,5008,1,Known_Family_Only,Potential_Novel_Family
2534,3137,1,Potential_Novel_Family,Known_Family_Only
2534,4507,1,Potential_Novel_Family,Known_Family_Only
2534,10826,1,Potential_Novel_Family,Expanded_Known_Family
3137,4507,1,Known_Family_Only,Known_Family_Only
3137,10826,1,Known_Family_Only,Expanded_Known_Family
4507,10826,1,Known_Family_Only,Expanded_Known_Family
4507,3029,1,Known_Family_Only,Potential_Novel_Family
4507,4019,1,Known_Family_Only,Known_Family_Only
10826,9134,1,Expanded_Known_Family,Known_Family_Only
7642,11714,1,Expanded_Known_Family,Known_Family_Only
35,4728,1,Expanded_Known_Family,Known_Family_Only
35,2,3,Expanded_Known_Family,Expanded_Known_Family
35,2358,1,Expanded_Known_Family,Known_Family_Only
1818,5226,2,Potential_Novel_Family,Known_Family_Only
7883,8048,4,Potential_Novel_Family,Expanded_Known_Family
7177,8808,2,Potential_Novel_Family,Known_Family_Only
4241,7451,1,Known_Family_Only,Expanded_Known_Family
7451,7979,1,Expanded_Known_Family,Expanded_Known_Family
5401,9989,2,Known_Family_Only,Potential_Novel_Family
2707,10409,2,Potential_Novel_Family,Potential_Novel_Family
5563,5958,1,Potential_Novel_Family,Known_Family_Only
5563,4986,1,Potential_Novel_Family,Known_Family_Only
5449,11248,1,Potential_Novel_Family,Known_Family_Only
5449,9721,1,Potential_Novel_Family,Known_Family_Only
471,6297,4,Expanded_Known_Family,Expanded_Known_Family
471,8843,2,Expanded_Known_Family,Potential_Novel_Family
1194,9757,1,Expanded_Known_Family,Potential_Novel_Family
1194,10774,1,Expanded_Known_Family,Expanded_Known_Family
6586,11306,1,Known_Family_Only,Potential_Novel_Family
53,4556,4,Expanded_Known_Family,Potential_Novel_Family
53,7482,1,Expanded_Known_Family,Potential_Novel_Family
53,4592,1,Expanded_Known_Family,Known_Family_Only
4556,4032,1,Potential_Novel_Family,Known_Family_Only
4631,10454,1,Expanded_Known_Family,Potential_Novel_Family
4631,9302,1,Expanded_Known_Family,Potential_Novel_Family
1990,9011,2,Expanded_Known_Family,Potential_Novel_Family
1990,4529,1,Expanded_Known_Family,Potential_Novel_Family
1990,4182,1,Expanded_Known_Family,Expanded_Known_Family
1990,7245,1,Expanded_Known_Family,Potential_Novel_Family
1990,4523,2,Expanded_Known_Family,Potential_Novel_Family
1990,5357,1,Expanded_Known_Family,Potential_Novel_Family
112,12138,2,Expanded_Known_Family,Potential_Novel_Family
112,1854,1,Expanded_Known_Family,Potential_Novel_Family
112,2785,1,Expanded_Known_Family,Known_Family_Only
112,2802,1,Expanded_Known_Family,Known_Family_Only
112,3086,1,Expanded_Known_Family,Potential_Novel_Family
112,5773,1,Expanded_Known_Family,Expanded_Known_Family
112,7496,1,Expanded_Known_Family,Known_Family_Only
12138,7752,1,Potential_Novel_Family,Expanded_Known_Family
12138,12765,1,Potential_Novel_Family,Potential_Novel_Family
3666,11669,1,Potential_Novel_Family,Known_Family_Only
3666,8426,1,Potential_Novel_Family,Known_Family_Only
8276,11873,1,Expanded_Known_Family,Expanded_Known_Family
8276,9010,1,Expanded_Known_Family,Potential_Novel_Family
11873,11052,1,Expanded_Known_Family,Expanded_Known_Family
11873,12270,2,Expanded_Known_Family,Known_Family_Only
11873,11197,1,Expanded_Known_Family,Expanded_Known_Family
11873,11295,1,Expanded_Known_Family,Known_Family_Only
11873,8621,1,Expanded_Known_Family,Potential_Novel_Family
11873,11268,2,Expanded_Known_Family,Potential_Novel_Family
11873,622,1,Expanded_Known_Family,Expanded_Known_Family
11873,10588,1,Expanded_Known_Family,Known_Family_Only
4557,5047,1,Potential_Novel_Family,Known_Family_Only
6352,7083,3,Expanded_Known_Family,Expanded_Known_Family
6352,8975,3,Expanded_Known_Family,Known_Family_Only
6352,2098,1,Expanded_Known_Family,Potential_Novel_Family
6352,11458,1,Expanded_Known_Family,Known_Family_Only
6352,7896,2,Expanded_Known_Family,Potential_Novel_Family
6352,2842,1,Expanded_Known_Family,Expanded_Known_Family
3863,9875,1,Potential_Novel_Family,Known_Family_Only
3863,11186,1,Potential_Novel_Family,Expanded_Known_Family
12175,12447,1,Potential_Novel_Family,Potential_Novel_Family
4484,8445,1,Known_Family_Only,Potential_Novel_Family
10053,11933,1,Potential_Novel_Family,Known_Family_Only
3848,1208,1,Expanded_Known_Family,Expanded_Known_Family
2255,2502,1,Potential_Novel_Family,Potential_Novel_Family
2255,6013,1,Potential_Novel_Family,Potential_Novel_Family
2502,6013,1,Potential_Novel_Family,Potential_Novel_Family
8193,11307,1,Potential_Novel_Family,Known_Family_Only
2382,11477,1,Potential_Novel_Family,Known_Family_Only
5284,6844,1,Potential_Novel_Family,Potential_Novel_Family
4528,5048,1,Potential_Novel_Family,Potential_Novel_Family
1952,3601,1,Potential_Novel_Family,Known_Family_Only
6491,9918,1,Known_Family_Only,Expanded_Known_Family
6491,10054,1,Known_Family_Only,Known_Family_Only
9918,10054,1,Expanded_Known_Family,Known_Family_Only
11186,3665,2,Expanded_Known_Family,Expanded_Known_Family
11186,2423,1,Expanded_Known_Family,Known_Family_Only
132,5408,1,Expanded_Known_Family,Potential_Novel_Family
4952,4918,1,Expanded_Known_Family,Expanded_Known_Family
1067,11670,1,Expanded_Known_Family,Known_Family_Only
1067,6522,1,Expanded_Known_Family,Potential_Novel_Family
796,1629,2,Known_Family_Only,Potential_Novel_Family
6722,10536,2,Expanded_Known_Family,Potential_Novel_Family
6722,11429,1,Expanded_Known_Family,Known_Family_Only
2383,10080,1,Expanded_Known_Family,Potential_Novel_Family
2383,8578,1,Expanded_Known_Family,Known_Family_Only
6625,12638,1,Known_Family_Only,Potential_Novel_Family
2952,7278,1,Known_Family_Only,Potential_Novel_Family
2952,6655,1,Known_Family_Only,Potential_Novel_Family
2280,8111,3,Expanded_Known_Family,Potential_Novel_Family
11819,3659,1,Expanded_Known_Family,Expanded_Known_Family
4198,9662,1,Known_Family_Only,Potential_Novel_Family
1380,9077,1,Expanded_Known_Family,Potential_Novel_Family
10970,11440,1,Potential_Novel_Family,Known_Family_Only
3738,11374,2,Expanded_Known_Family,Potential_Novel_Family
1733,10360,1,Potential_Novel_Family,Potential_Novel_Family
2520,3608,1,Known_Family_Only,Expanded_Known_Family
3608,5854,1,Expanded_Known_Family,Potential_Novel_Family
10684,12394,1,Expanded_Known_Family,Potential_Novel_Family
10684,7851,1,Expanded_Known_Family,Potential_Novel_Family
10684,10216,2,Expanded_Known_Family,Expanded_Known_Family
10684,12739,1,Expanded_Known_Family,Potential_Novel_Family
10537,12671,1,Potential_Novel_Family,Potential_Novel_Family
3353,8778,1,Known_Family_Only,Potential_Novel_Family
1072,4438,1,Known_Family_Only,Potential_Novel_Family
5581,6587,1,Potential_Novel_Family,Expanded_Known_Family
5581,6911,1,Potential_Novel_Family,Potential_Novel_Family
5581,7075,1,Potential_Novel_Family,Potential_Novel_Family
5581,11580,1,Potential_Novel_Family,Potential_Novel_Family
6587,6911,1,Expanded_Known_Family,Potential_Novel_Family
6587,1843,1,Expanded_Known_Family,Known_Family_Only
6587,3104,1,Expanded_Known_Family,Potential_Novel_Family
6587,7183,1,Expanded_Known_Family,Known_Family_Only
6587,9569,1,Expanded_Known_Family,Known_Family_Only
4173,5528,1,Potential_Novel_Family,Known_Family_Only
6700,10112,1,Expanded_Known_Family,Potential_Novel_Family
6700,11162,1,Expanded_Known_Family,Potential_Novel_Family
6700,1181,2,Expanded_Known_Family,Expanded_Known_Family
6700,11202,1,Expanded_Known_Family,Known_Family_Only
6700,10781,1,Expanded_Known_Family,Known_Family_Only
3399,9990,1,Known_Family_Only,Potential_Novel_Family
7145,7205,1,Potential_Novel_Family,Expanded_Known_Family
7205,7372,2,Expanded_Known_Family,Potential_Novel_Family
7205,1265,1,Expanded_Known_Family,Potential_Novel_Family
7205,12817,2,Expanded_Known_Family,Potential_Novel_Family
7205,11730,1,Expanded_Known_Family,Potential_Novel_Family
7279,8376,1,Known_Family_Only,Potential_Novel_Family
2809,8942,1,Potential_Novel_Family,Potential_Novel_Family
9250,10268,1,Known_Family_Only,Potential_Novel_Family
1393,1709,1,Potential_Novel_Family,Known_Family_Only
2007,5642,1,Known_Family_Only,Potential_Novel_Family
1354,9812,1,Potential_Novel_Family,Known_Family_Only
8446,9876,1,Potential_Novel_Family,Known_Family_Only
1200,4281,2,Expanded_Known_Family,Expanded_Known_Family
5878,11824,3,Expanded_Known_Family,Expanded_Known_Family
11824,12007,3,Expanded_Known_Family,Potential_Novel_Family
11824,12545,2,Expanded_Known_Family,Potential_Novel_Family
11824,6938,1,Expanded_Known_Family,Potential_Novel_Family
5556,9435,1,Potential_Novel_Family,Known_Family_Only
3314,860,5,Expanded_Known_Family,Potential_Novel_Family
3314,7122,1,Expanded_Known_Family,Potential_Novel_Family
3314,8548,1,Expanded_Known_Family,Potential_Novel_Family
2328,6845,1,Known_Family_Only,Known_Family_Only
2328,7257,1,Known_Family_Only,Known_Family_Only
2328,9729,1,Known_Family_Only,Potential_Novel_Family
6845,7257,1,Known_Family_Only,Known_Family_Only
6845,9729,1,Known_Family_Only,Potential_Novel_Family
7257,9729,1,Known_Family_Only,Potential_Novel_Family
7257,5203,1,Known_Family_Only,Potential_Novel_Family
195,1041,1,Potential_Novel_Family,Known_Family_Only
195,1419,1,Potential_Novel_Family,Known_Family_Only
195,2990,1,Potential_Novel_Family,Potential_Novel_Family
195,3501,1,Potential_Novel_Family,Potential_Novel_Family
195,8068,1,Potential_Novel_Family,Known_Family_Only
1041,1419,1,Known_Family_Only,Known_Family_Only
1041,2990,1,Known_Family_Only,Potential_Novel_Family
1041,3501,1,Known_Family_Only,Potential_Novel_Family
1041,8068,1,Known_Family_Only,Known_Family_Only
1419,2990,1,Known_Family_Only,Potential_Novel_Family
1419,3501,1,Known_Family_Only,Potential_Novel_Family
1419,8068,1,Known_Family_Only,Known_Family_Only
2990,3501,1,Potential_Novel_Family,Potential_Novel_Family
2990,8068,1,Potential_Novel_Family,Known_Family_Only
3501,8068,1,Potential_Novel_Family,Known_Family_Only
3501,4135,1,Potential_Novel_Family,Expanded_Known_Family
3501,2609,1,Potential_Novel_Family,Expanded_Known_Family
3501,3410,1,Potential_Novel_Family,Expanded_Known_Family
1702,9785,1,Potential_Novel_Family,Known_Family_Only
1702,570,1,Potential_Novel_Family,Expanded_Known_Family
1702,586,1,Potential_Novel_Family,Potential_Novel_Family
3379,4199,1,Potential_Novel_Family,Known_Family_Only
97,10513,1,Potential_Novel_Family,Known_Family_Only
97,7628,1,Potential_Novel_Family,Potential_Novel_Family
97,12294,1,Potential_Novel_Family,Potential_Novel_Family
2730,6270,1,Potential_Novel_Family,Known_Family_Only
11070,12176,1,Potential_Novel_Family,Potential_Novel_Family
11070,12582,1,Potential_Novel_Family,Known_Family_Only
1907,2648,1,Known_Family_Only,Known_Family_Only
1907,3787,1,Known_Family_Only,Known_Family_Only
1907,6443,1,Known_Family_Only,Potential_Novel_Family
2648,3787,1,Known_Family_Only,Known_Family_Only
2648,6443,1,Known_Family_Only,Potential_Novel_Family
3787,6443,1,Known_Family_Only,Potential_Novel_Family
1692,2974,1,Known_Family_Only,Potential_Novel_Family
1741,8355,1,Potential_Novel_Family,Expanded_Known_Family
8355,3752,1,Expanded_Known_Family,Expanded_Known_Family
8355,6196,1,Expanded_Known_Family,Expanded_Known_Family
8355,11108,1,Expanded_Known_Family,Known_Family_Only
6064,10487,1,Potential_Novel_Family,Known_Family_Only
1175,2243,1,Known_Family_Only,Potential_Novel_Family
2243,6955,1,Potential_Novel_Family,Known_Family_Only
4436,7315,2,Potential_Novel_Family,Known_Family_Only
18,4609,1,Expanded_Known_Family,Potential_Novel_Family
18,10203,1,Expanded_Known_Family,Known_Family_Only
18,12064,1,Expanded_Known_Family,Potential_Novel_Family
11002,12212,1,Known_Family_Only,Potential_Novel_Family
11376,12833,1,Known_Family_Only,Potential_Novel_Family
11606,11830,1,Expanded_Known_Family,Known_Family_Only
11606,3683,1,Expanded_Known_Family,Potential_Novel_Family
3487,6430,2,Potential_Novel_Family,Expanded_Known_Family
6430,763,1,Expanded_Known_Family,Potential_Novel_Family
6430,3359,1,Expanded_Known_Family,Potential_Novel_Family
6430,10072,1,Expanded_Known_Family,Potential_Novel_Family
2301,8428,1,Expanded_Known_Family,Potential_Novel_Family
2978,12512,1,Potential_Novel_Family,Known_Family_Only
2978,4079,1,Potential_Novel_Family,Known_Family_Only
2978,3905,2,Potential_Novel_Family,Expanded_Known_Family
2978,274,1,Potential_Novel_Family,Potential_Novel_Family
6588,9664,1,Potential_Novel_Family,Known_Family_Only
3926,5932,1,Potential_Novel_Family,Known_Family_Only
5049,10295,1,Potential_Novel_Family,Known_Family_Only
7589,12235,1,Potential_Novel_Family,Potential_Novel_Family
6404,11308,1,Potential_Novel_Family,Expanded_Known_Family
11308,10272,4,Expanded_Known_Family,Potential_Novel_Family
11308,12127,1,Expanded_Known_Family,Potential_Novel_Family
7017,7751,1,Potential_Novel_Family,Potential_Novel_Family
12487,12639,2,Expanded_Known_Family,Known_Family_Only
12487,2212,1,Expanded_Known_Family,Expanded_Known_Family
12487,12016,1,Expanded_Known_Family,Potential_Novel_Family
12487,2651,1,Expanded_Known_Family,Potential_Novel_Family
8311,10767,1,Potential_Novel_Family,Potential_Novel_Family
5397,9047,1,Expanded_Known_Family,Potential_Novel_Family
5397,790,1,Expanded_Known_Family,Known_Family_Only
5397,6933,1,Expanded_Known_Family,Potential_Novel_Family
11309,12448,1,Known_Family_Only,Expanded_Known_Family
12448,5788,1,Expanded_Known_Family,Potential_Novel_Family
12448,12865,1,Expanded_Known_Family,Potential_Novel_Family
12448,10374,1,Expanded_Known_Family,Potential_Novel_Family
12448,10794,1,Expanded_Known_Family,Expanded_Known_Family
12448,11504,1,Expanded_Known_Family,Known_Family_Only
2751,10903,2,Expanded_Known_Family,Known_Family_Only
2751,8783,1,Expanded_Known_Family,Potential_Novel_Family
2751,3706,2,Expanded_Known_Family,Potential_Novel_Family
2751,6264,1,Expanded_Known_Family,Known_Family_Only
2751,6019,1,Expanded_Known_Family,Expanded_Known_Family
2751,8453,1,Expanded_Known_Family,Expanded_Known_Family
2751,11693,1,Expanded_Known_Family,Potential_Novel_Family
1208,3637,1,Expanded_Known_Family,Potential_Novel_Family
900,5320,2,Potential_Novel_Family,Expanded_Known_Family
5933,8238,4,Expanded_Known_Family,Expanded_Known_Family
697,1365,1,Known_Family_Only,Expanded_Known_Family
697,3121,1,Known_Family_Only,Potential_Novel_Family
697,1387,1,Known_Family_Only,Expanded_Known_Family
697,10695,1,Known_Family_Only,Potential_Novel_Family
1365,3121,1,Expanded_Known_Family,Potential_Novel_Family
1365,2999,2,Expanded_Known_Family,Known_Family_Only
3121,4318,1,Potential_Novel_Family,Known_Family_Only
754,3955,1,Known_Family_Only,Potential_Novel_Family
754,774,1,Known_Family_Only,Potential_Novel_Family
754,7490,1,Known_Family_Only,Potential_Novel_Family
2991,6248,1,Expanded_Known_Family,Potential_Novel_Family
8194,11342,1,Potential_Novel_Family,Known_Family_Only
5050,12326,2,Potential_Novel_Family,Known_Family_Only
1953,9567,1,Potential_Novel_Family,Known_Family_Only
5775,5847,1,Expanded_Known_Family,Known_Family_Only
5775,8953,1,Expanded_Known_Family,Potential_Novel_Family
10904,11546,1,Potential_Novel_Family,Potential_Novel_Family
7659,3936,1,Expanded_Known_Family,Expanded_Known_Family
5651,6206,3,Expanded_Known_Family,Known_Family_Only
5651,11975,1,Expanded_Known_Family,Known_Family_Only
5651,6041,1,Expanded_Known_Family,Potential_Novel_Family
5651,1217,1,Expanded_Known_Family,Potential_Novel_Family
8796,8907,3,Expanded_Known_Family,Potential_Novel_Family
8796,7102,1,Expanded_Known_Family,Potential_Novel_Family
3927,9843,1,Potential_Novel_Family,Potential_Novel_Family
2731,10794,1,Potential_Novel_Family,Expanded_Known_Family
1083,4675,2,Expanded_Known_Family,Potential_Novel_Family
1083,1164,1,Expanded_Known_Family,Expanded_Known_Family
1083,5228,1,Expanded_Known_Family,Potential_Novel_Family
1083,562,1,Expanded_Known_Family,Expanded_Known_Family
9626,10055,1,Known_Family_Only,Potential_Novel_Family
10055,98,1,Potential_Novel_Family,Expanded_Known_Family
171,2902,1,Expanded_Known_Family,Known_Family_Only
2115,11934,1,Known_Family_Only,Expanded_Known_Family
2115,314,1,Known_Family_Only,Potential_Novel_Family
11934,8195,1,Expanded_Known_Family,Expanded_Known_Family
11934,11285,1,Expanded_Known_Family,Known_Family_Only
11934,1404,1,Expanded_Known_Family,Potential_Novel_Family
11934,12266,1,Expanded_Known_Family,Potential_Novel_Family
6408,6873,1,Expanded_Known_Family,Potential_Novel_Family
6408,5960,7,Expanded_Known_Family,Expanded_Known_Family
8004,10538,1,Potential_Novel_Family,Known_Family_Only
2865,10081,1,Potential_Novel_Family,Known_Family_Only
2312,10741,1,Known_Family_Only,Potential_Novel_Family
5051,9157,3,Potential_Novel_Family,Known_Family_Only
402,3252,1,Known_Family_Only,Potential_Novel_Family
11820,12731,2,Potential_Novel_Family,Potential_Novel_Family
12731,10213,1,Potential_Novel_Family,Known_Family_Only
167,2355,2,Known_Family_Only,Potential_Novel_Family
2750,12419,1,Known_Family_Only,Potential_Novel_Family
6815,7697,1,Expanded_Known_Family,Potential_Novel_Family
339,3122,2,Expanded_Known_Family,Expanded_Known_Family
339,10117,1,Expanded_Known_Family,Potential_Novel_Family
339,1468,1,Expanded_Known_Family,Expanded_Known_Family
3122,4093,1,Expanded_Known_Family,Potential_Novel_Family
3122,12268,1,Expanded_Known_Family,Potential_Novel_Family
655,3512,2,Potential_Novel_Family,Expanded_Known_Family
7116,8377,1,Known_Family_Only,Expanded_Known_Family
7116,6042,1,Known_Family_Only,Expanded_Known_Family
8377,3768,1,Expanded_Known_Family,Expanded_Known_Family
8377,4397,1,Expanded_Known_Family,Known_Family_Only
8926,12354,1,Potential_Novel_Family,Known_Family_Only
8926,1446,1,Potential_Novel_Family,Known_Family_Only
8926,2700,1,Potential_Novel_Family,Expanded_Known_Family
8926,7865,1,Potential_Novel_Family,Expanded_Known_Family
8926,4022,1,Potential_Novel_Family,Known_Family_Only
8926,10613,1,Potential_Novel_Family,Potential_Novel_Family
11052,11860,1,Expanded_Known_Family,Expanded_Known_Family
11052,11907,1,Expanded_Known_Family,Potential_Novel_Family
10237,10514,5,Potential_Novel_Family,Expanded_Known_Family
4676,5240,5,Expanded_Known_Family,Expanded_Known_Family
4676,613,1,Expanded_Known_Family,Expanded_Known_Family
2361,3932,1,Known_Family_Only,Potential_Novel_Family
10082,11252,1,Potential_Novel_Family,Expanded_Known_Family
11252,2937,1,Expanded_Known_Family,Potential_Novel_Family
1106,3845,1,Potential_Novel_Family,Known_Family_Only
1762,4565,4,Expanded_Known_Family,Expanded_Known_Family
4565,9944,1,Expanded_Known_Family,Potential_Novel_Family
4565,7066,1,Expanded_Known_Family,Potential_Novel_Family
4565,11462,1,Expanded_Known_Family,Known_Family_Only
4565,890,1,Expanded_Known_Family,Known_Family_Only
289,958,1,Potential_Novel_Family,Known_Family_Only
681,1622,2,Potential_Novel_Family,Known_Family_Only
681,1630,3,Potential_Novel_Family,Expanded_Known_Family
681,5034,1,Potential_Novel_Family,Known_Family_Only
1622,1630,2,Known_Family_Only,Expanded_Known_Family
872,1253,1,Known_Family_Only,Potential_Novel_Family
10056,11222,1,Expanded_Known_Family,Potential_Novel_Family
10056,7398,1,Expanded_Known_Family,Potential_Novel_Family
10056,7962,1,Expanded_Known_Family,Potential_Novel_Family
10056,12869,1,Expanded_Known_Family,Potential_Novel_Family
877,7019,1,Potential_Novel_Family,Known_Family_Only
877,10864,1,Potential_Novel_Family,Known_Family_Only
3928,12209,1,Known_Family_Only,Expanded_Known_Family
12209,8268,1,Expanded_Known_Family,Potential_Novel_Family
172,11004,1,Expanded_Known_Family,Potential_Novel_Family
172,1021,1,Expanded_Known_Family,Known_Family_Only
172,5913,1,Expanded_Known_Family,Potential_Novel_Family
11004,1286,2,Potential_Novel_Family,Expanded_Known_Family
11004,12594,1,Potential_Novel_Family,Potential_Novel_Family
8449,10186,1,Known_Family_Only,Potential_Novel_Family
6065,6626,5,Expanded_Known_Family,Expanded_Known_Family
4048,8880,2,Expanded_Known_Family,Potential_Novel_Family
4048,6708,1,Expanded_Known_Family,Known_Family_Only
835,2384,1,Expanded_Known_Family,Potential_Novel_Family
105,1761,1,Expanded_Known_Family,Expanded_Known_Family
7603,12477,1,Potential_Novel_Family,Expanded_Known_Family
7603,3539,1,Potential_Novel_Family,Known_Family_Only
12477,12874,1,Expanded_Known_Family,Potential_Novel_Family
12477,9778,1,Expanded_Known_Family,Known_Family_Only
6472,6744,2,Expanded_Known_Family,Expanded_Known_Family
6472,6177,1,Expanded_Known_Family,Expanded_Known_Family
2084,12208,1,Potential_Novel_Family,Known_Family_Only
2084,570,1,Potential_Novel_Family,Expanded_Known_Family
2387,12848,2,Potential_Novel_Family,Expanded_Known_Family
4092,5784,8,Expanded_Known_Family,Expanded_Known_Family
4092,8100,1,Expanded_Known_Family,Known_Family_Only
5784,8100,1,Expanded_Known_Family,Known_Family_Only
373,486,1,Expanded_Known_Family,Known_Family_Only
373,11484,1,Expanded_Known_Family,Potential_Novel_Family
373,566,1,Expanded_Known_Family,Potential_Novel_Family
486,3153,1,Known_Family_Only,Potential_Novel_Family
93,12355,1,Potential_Novel_Family,Known_Family_Only
1645,10567,2,Expanded_Known_Family,Expanded_Known_Family
3334,3739,1,Potential_Novel_Family,Potential_Novel_Family
846,12236,1,Potential_Novel_Family,Known_Family_Only
3227,5921,1,Expanded_Known_Family,Potential_Novel_Family
7313,10768,1,Known_Family_Only,Potential_Novel_Family
1531,4282,4,Potential_Novel_Family,Known_Family_Only
3565,9189,1,Potential_Novel_Family,Known_Family_Only
6405,7396,1,Known_Family_Only,Potential_Novel_Family
10327,12511,1,Known_Family_Only,Potential_Novel_Family
3591,11441,1,Expanded_Known_Family,Known_Family_Only
3591,11999,1,Expanded_Known_Family,Potential_Novel_Family
3591,11673,1,Expanded_Known_Family,Potential_Novel_Family
3591,6918,1,Expanded_Known_Family,Expanded_Known_Family
3591,109,1,Expanded_Known_Family,Expanded_Known_Family
3591,3094,1,Expanded_Known_Family,Potential_Novel_Family
11441,11999,1,Known_Family_Only,Potential_Novel_Family
3292,4369,1,Potential_Novel_Family,Potential_Novel_Family
923,6915,4,Expanded_Known_Family,Expanded_Known_Family
695,12395,1,Potential_Novel_Family,Potential_Novel_Family
11593,12692,3,Potential_Novel_Family,Potential_Novel_Family
4242,9280,2,Potential_Novel_Family,Potential_Novel_Family
381,4558,1,Known_Family_Only,Potential_Novel_Family
381,6155,1,Known_Family_Only,Known_Family_Only
4558,6155,1,Potential_Novel_Family,Known_Family_Only
4013,6247,1,Known_Family_Only,Potential_Novel_Family
4348,11343,1,Potential_Novel_Family,Potential_Novel_Family
3355,7190,2,Expanded_Known_Family,Potential_Novel_Family
3355,7117,1,Expanded_Known_Family,Known_Family_Only
3355,10061,1,Expanded_Known_Family,Known_Family_Only
3355,8388,1,Expanded_Known_Family,Known_Family_Only
3355,8784,2,Expanded_Known_Family,Expanded_Known_Family
3355,7607,1,Expanded_Known_Family,Known_Family_Only
7203,8126,1,Known_Family_Only,Potential_Novel_Family
873,11854,1,Potential_Novel_Family,Known_Family_Only
1570,7948,1,Expanded_Known_Family,Potential_Novel_Family
1570,5017,1,Expanded_Known_Family,Potential_Novel_Family
1570,8476,1,Expanded_Known_Family,Known_Family_Only
8599,10138,1,Known_Family_Only,Potential_Novel_Family
4324,12210,1,Known_Family_Only,Potential_Novel_Family
7590,8488,1,Potential_Novel_Family,Potential_Novel_Family
1636,2170,1,Expanded_Known_Family,Known_Family_Only
2664,8600,1,Potential_Novel_Family,Known_Family_Only
719,9225,1,Potential_Novel_Family,Potential_Novel_Family
719,3131,1,Potential_Novel_Family,Known_Family_Only
1646,4413,1,Potential_Novel_Family,Known_Family_Only
1646,5375,1,Potential_Novel_Family,Known_Family_Only
7051,9992,1,Potential_Novel_Family,Known_Family_Only
5030,8943,1,Potential_Novel_Family,Known_Family_Only
2222,11224,2,Expanded_Known_Family,Expanded_Known_Family
2222,6600,1,Expanded_Known_Family,Potential_Novel_Family
2222,7296,1,Expanded_Known_Family,Potential_Novel_Family
7020,11375,1,Potential_Novel_Family,Known_Family_Only
10163,11211,2,Potential_Novel_Family,Expanded_Known_Family
6516,10024,1,Expanded_Known_Family,Potential_Novel_Family
6516,12655,2,Expanded_Known_Family,Expanded_Known_Family
3163,8237,1,Known_Family_Only,Potential_Novel_Family
10999,7712,1,Potential_Novel_Family,Potential_Novel_Family
10679,12478,1,Potential_Novel_Family,Potential_Novel_Family
2824,5052,1,Potential_Novel_Family,Expanded_Known_Family
2824,8876,1,Potential_Novel_Family,Known_Family_Only
5052,8876,1,Expanded_Known_Family,Known_Family_Only
5052,10308,1,Expanded_Known_Family,Expanded_Known_Family
10796,12672,1,Potential_Novel_Family,Potential_Novel_Family
6328,7624,1,Known_Family_Only,Potential_Novel_Family
3275,6451,6,Expanded_Known_Family,Expanded_Known_Family
3275,265,3,Expanded_Known_Family,Expanded_Known_Family
3275,633,2,Expanded_Known_Family,Expanded_Known_Family
3275,3106,1,Expanded_Known_Family,Potential_Novel_Family
6451,265,3,Expanded_Known_Family,Expanded_Known_Family
6451,633,2,Expanded_Known_Family,Expanded_Known_Family
6451,3106,1,Expanded_Known_Family,Potential_Novel_Family
5146,7555,1,Expanded_Known_Family,Potential_Novel_Family
5146,7495,3,Expanded_Known_Family,Potential_Novel_Family
605,3400,1,Expanded_Known_Family,Potential_Novel_Family
605,8427,1,Expanded_Known_Family,Potential_Novel_Family
605,3283,3,Expanded_Known_Family,Expanded_Known_Family
605,1838,3,Expanded_Known_Family,Expanded_Known_Family
605,3409,1,Expanded_Known_Family,Known_Family_Only
605,6101,1,Expanded_Known_Family,Potential_Novel_Family
605,6307,1,Expanded_Known_Family,Expanded_Known_Family
704,2641,1,Expanded_Known_Family,Expanded_Known_Family
2641,5808,1,Expanded_Known_Family,Known_Family_Only
2641,4861,1,Expanded_Known_Family,Potential_Novel_Family
4541,10786,1,Potential_Novel_Family,Known_Family_Only
351,1171,1,Known_Family_Only,Potential_Novel_Family
9054,9099,1,Expanded_Known_Family,Known_Family_Only
9054,3105,1,Expanded_Known_Family,Expanded_Known_Family
1614,6667,1,Expanded_Known_Family,Potential_Novel_Family
1614,7061,2,Expanded_Known_Family,Expanded_Known_Family
5989,10238,1,Potential_Novel_Family,Potential_Novel_Family
1191,6778,1,Potential_Novel_Family,Known_Family_Only
11443,12479,3,Potential_Novel_Family,Potential_Novel_Family
302,312,1,Known_Family_Only,Expanded_Known_Family
8227,9048,4,Expanded_Known_Family,Expanded_Known_Family
8227,8854,1,Expanded_Known_Family,Known_Family_Only
9048,8054,9,Expanded_Known_Family,Expanded_Known_Family
2732,3627,1,Potential_Novel_Family,Known_Family_Only
3627,9796,1,Known_Family_Only,Potential_Novel_Family
1742,7556,1,Potential_Novel_Family,Potential_Novel_Family
4139,10057,2,Expanded_Known_Family,Expanded_Known_Family
4139,10909,3,Expanded_Known_Family,Expanded_Known_Family
4139,5599,1,Expanded_Known_Family,Potential_Novel_Family
10057,10909,2,Expanded_Known_Family,Expanded_Known_Family
10909,11194,1,Expanded_Known_Family,Known_Family_Only
10909,12041,1,Expanded_Known_Family,Known_Family_Only
10909,9546,1,Expanded_Known_Family,Potential_Novel_Family
10909,11490,2,Expanded_Known_Family,Expanded_Known_Family
10909,9770,1,Expanded_Known_Family,Known_Family_Only
10909,9904,1,Expanded_Known_Family,Potential_Novel_Family
6228,7146,1,Potential_Novel_Family,Known_Family_Only
6228,6369,1,Potential_Novel_Family,Known_Family_Only
10680,12402,1,Potential_Novel_Family,Expanded_Known_Family
12402,1608,1,Expanded_Known_Family,Expanded_Known_Family
12402,10001,1,Expanded_Known_Family,Potential_Novel_Family
1226,8489,1,Potential_Novel_Family,Potential_Novel_Family
5399,7660,1,Potential_Novel_Family,Known_Family_Only
8714,9538,1,Known_Family_Only,Potential_Novel_Family
8127,12104,1,Potential_Novel_Family,Potential_Novel_Family
250,4145,1,Expanded_Known_Family,Potential_Novel_Family
250,9568,1,Expanded_Known_Family,Known_Family_Only
250,3185,1,Expanded_Known_Family,Potential_Novel_Family
250,1178,1,Expanded_Known_Family,Expanded_Known_Family
250,1898,1,Expanded_Known_Family,Known_Family_Only
250,3468,1,Expanded_Known_Family,Known_Family_Only
250,1431,1,Expanded_Known_Family,Known_Family_Only
250,101,1,Expanded_Known_Family,Expanded_Known_Family
4145,9568,1,Potential_Novel_Family,Known_Family_Only
4145,100,1,Potential_Novel_Family,Known_Family_Only
4145,142,1,Potential_Novel_Family,Expanded_Known_Family
4017,11036,1,Potential_Novel_Family,Known_Family_Only
4017,9825,2,Potential_Novel_Family,Potential_Novel_Family
1521,1760,1,Potential_Novel_Family,Known_Family_Only
4971,7021,1,Potential_Novel_Family,Known_Family_Only
81,6356,4,Expanded_Known_Family,Expanded_Known_Family
81,5377,1,Expanded_Known_Family,Potential_Novel_Family
81,1920,1,Expanded_Known_Family,Expanded_Known_Family
6356,10060,1,Expanded_Known_Family,Potential_Novel_Family
647,4830,1,Expanded_Known_Family,Potential_Novel_Family
647,8313,1,Expanded_Known_Family,Potential_Novel_Family
647,5868,1,Expanded_Known_Family,Potential_Novel_Family
4830,2692,2,Potential_Novel_Family,Known_Family_Only
4830,12471,1,Potential_Novel_Family,Known_Family_Only
5529,8389,2,Expanded_Known_Family,Expanded_Known_Family
183,7204,1,Potential_Novel_Family,Known_Family_Only
183,1565,1,Potential_Novel_Family,Potential_Novel_Family
2329,3824,1,Potential_Novel_Family,Potential_Novel_Family
3752,6196,9,Expanded_Known_Family,Expanded_Known_Family
3752,1883,1,Expanded_Known_Family,Known_Family_Only
3752,11108,1,Expanded_Known_Family,Known_Family_Only
3752,11109,1,Expanded_Known_Family,Potential_Novel_Family
6196,1883,1,Expanded_Known_Family,Known_Family_Only
6196,11108,1,Expanded_Known_Family,Known_Family_Only
6196,11109,1,Expanded_Known_Family,Potential_Novel_Family
6196,5549,2,Expanded_Known_Family,Expanded_Known_Family
6196,5106,2,Expanded_Known_Family,Potential_Novel_Family
5700,8128,1,Known_Family_Only,Potential_Novel_Family
615,6495,1,Expanded_Known_Family,Expanded_Known_Family
615,3265,1,Expanded_Known_Family,Known_Family_Only
615,3834,1,Expanded_Known_Family,Known_Family_Only
615,4866,1,Expanded_Known_Family,Known_Family_Only
7397,8838,1,Potential_Novel_Family,Potential_Novel_Family
68,8860,1,Expanded_Known_Family,Potential_Novel_Family
8077,12714,1,Potential_Novel_Family,Known_Family_Only
5530,7230,2,Known_Family_Only,Potential_Novel_Family
5906,8601,1,Potential_Novel_Family,Potential_Novel_Family
3555,9540,1,Expanded_Known_Family,Known_Family_Only
3555,10861,1,Expanded_Known_Family,Potential_Novel_Family
3555,1497,2,Expanded_Known_Family,Known_Family_Only
3555,8614,1,Expanded_Known_Family,Known_Family_Only
568,3991,2,Expanded_Known_Family,Expanded_Known_Family
568,4634,2,Expanded_Known_Family,Expanded_Known_Family
3991,2587,1,Expanded_Known_Family,Known_Family_Only
3991,645,1,Expanded_Known_Family,Expanded_Known_Family
3991,708,1,Expanded_Known_Family,Known_Family_Only
2131,8041,1,Potential_Novel_Family,Potential_Novel_Family
1026,3208,2,Expanded_Known_Family,Potential_Novel_Family
1026,550,2,Expanded_Known_Family,Potential_Novel_Family
1026,9183,1,Expanded_Known_Family,Known_Family_Only
450,636,1,Known_Family_Only,Potential_Novel_Family
6336,4136,1,Potential_Novel_Family,Known_Family_Only
4918,8697,1,Expanded_Known_Family,Potential_Novel_Family
4918,12559,1,Expanded_Known_Family,Known_Family_Only
7370,9758,2,Expanded_Known_Family,Expanded_Known_Family
2141,7661,1,Potential_Novel_Family,Potential_Novel_Family
4384,8042,1,Potential_Novel_Family,Known_Family_Only
2339,7454,2,Expanded_Known_Family,Potential_Novel_Family
2339,7790,2,Expanded_Known_Family,Known_Family_Only
2339,7888,1,Expanded_Known_Family,Known_Family_Only
2339,3917,4,Expanded_Known_Family,Expanded_Known_Family
2339,2834,1,Expanded_Known_Family,Expanded_Known_Family
8378,9502,1,Known_Family_Only,Potential_Novel_Family
8450,11896,1,Potential_Novel_Family,Potential_Novel_Family
8490,10452,1,Potential_Novel_Family,Expanded_Known_Family
10452,4809,1,Expanded_Known_Family,Potential_Novel_Family
259,1468,2,Potential_Novel_Family,Expanded_Known_Family
259,354,2,Potential_Novel_Family,Potential_Novel_Family
1468,279,1,Expanded_Known_Family,Expanded_Known_Family
3706,1928,1,Potential_Novel_Family,Potential_Novel_Family
3706,2283,1,Potential_Novel_Family,Potential_Novel_Family
8022,11632,1,Expanded_Known_Family,Known_Family_Only
8022,11709,1,Expanded_Known_Family,Potential_Novel_Family
8022,11617,2,Expanded_Known_Family,Expanded_Known_Family
4559,10259,1,Known_Family_Only,Potential_Novel_Family
5643,10944,1,Potential_Novel_Family,Known_Family_Only
2177,3589,1,Potential_Novel_Family,Known_Family_Only
3432,6492,7,Expanded_Known_Family,Expanded_Known_Family
10187,12076,1,Potential_Novel_Family,Potential_Novel_Family
8743,9877,1,Known_Family_Only,Potential_Novel_Family
6411,7884,1,Potential_Novel_Family,Expanded_Known_Family
6411,4679,1,Potential_Novel_Family,Known_Family_Only
7884,6407,1,Expanded_Known_Family,Potential_Novel_Family
7884,10862,1,Expanded_Known_Family,Potential_Novel_Family
7884,286,1,Expanded_Known_Family,Known_Family_Only
7884,12276,1,Expanded_Known_Family,Potential_Novel_Family
12211,12872,1,Potential_Novel_Family,Known_Family_Only
1998,3238,1,Potential_Novel_Family,Known_Family_Only
2529,12779,1,Expanded_Known_Family,Known_Family_Only
2529,12820,1,Expanded_Known_Family,Potential_Novel_Family
2529,229,1,Expanded_Known_Family,Potential_Novel_Family
2529,8247,1,Expanded_Known_Family,Expanded_Known_Family
2529,8542,1,Expanded_Known_Family,Known_Family_Only
2529,6367,1,Expanded_Known_Family,Potential_Novel_Family
618,11968,1,Potential_Novel_Family,Known_Family_Only
618,1279,1,Potential_Novel_Family,Potential_Novel_Family
618,2428,1,Potential_Novel_Family,Known_Family_Only
6406,9251,1,Known_Family_Only,Potential_Novel_Family
10848,12285,4,Potential_Novel_Family,Expanded_Known_Family
1867,11611,1,Potential_Novel_Family,Potential_Novel_Family
7,12237,1,Expanded_Known_Family,Known_Family_Only
7,10467,1,Expanded_Known_Family,Potential_Novel_Family
7,12578,1,Expanded_Known_Family,Potential_Novel_Family
7,12111,1,Expanded_Known_Family,Expanded_Known_Family
7,3878,1,Expanded_Known_Family,Potential_Novel_Family
7,10133,1,Expanded_Known_Family,Expanded_Known_Family
8195,11798,1,Expanded_Known_Family,Known_Family_Only
268,2716,2,Expanded_Known_Family,Expanded_Known_Family
268,2263,1,Expanded_Known_Family,Expanded_Known_Family
268,3362,1,Expanded_Known_Family,Known_Family_Only
268,8352,1,Expanded_Known_Family,Potential_Novel_Family
268,10982,1,Expanded_Known_Family,Known_Family_Only
268,2843,1,Expanded_Known_Family,Known_Family_Only
1128,6184,1,Potential_Novel_Family,Known_Family_Only
1063,4729,1,Known_Family_Only,Potential_Novel_Family
1063,6981,1,Known_Family_Only,Known_Family_Only
4729,6981,1,Potential_Novel_Family,Known_Family_Only
11175,12286,1,Expanded_Known_Family,Potential_Novel_Family
6215,9705,1,Potential_Novel_Family,Potential_Novel_Family
4755,6249,1,Potential_Novel_Family,Potential_Novel_Family
996,8379,1,Potential_Novel_Family,Expanded_Known_Family
996,8832,1,Potential_Novel_Family,Known_Family_Only
8379,786,1,Expanded_Known_Family,Known_Family_Only
4351,6504,2,Expanded_Known_Family,Expanded_Known_Family
6504,4917,1,Expanded_Known_Family,Potential_Novel_Family
6504,4793,1,Expanded_Known_Family,Potential_Novel_Family
2272,11281,1,Known_Family_Only,Potential_Novel_Family
3996,10328,1,Known_Family_Only,Potential_Novel_Family
6754,8451,1,Potential_Novel_Family,Potential_Novel_Family
8451,6329,1,Potential_Novel_Family,Known_Family_Only
1925,5557,2,Potential_Novel_Family,Known_Family_Only
4509,11478,1,Potential_Novel_Family,Potential_Novel_Family
7786,11249,1,Potential_Novel_Family,Potential_Novel_Family
1169,6124,1,Expanded_Known_Family,Potential_Novel_Family
1169,7717,1,Expanded_Known_Family,Expanded_Known_Family
1169,7649,1,Expanded_Known_Family,Known_Family_Only
1169,5327,1,Expanded_Known_Family,Known_Family_Only
1169,9152,1,Expanded_Known_Family,Potential_Novel_Family
176,6382,2,Expanded_Known_Family,Expanded_Known_Family
9759,11671,1,Known_Family_Only,Potential_Novel_Family
11671,11776,1,Potential_Novel_Family,Known_Family_Only
6982,8532,1,Known_Family_Only,Potential_Novel_Family
5990,9369,1,Known_Family_Only,Potential_Novel_Family
10971,12421,1,Potential_Novel_Family,Potential_Novel_Family
10539,12105,1,Potential_Novel_Family,Known_Family_Only
6473,7280,1,Potential_Novel_Family,Potential_Novel_Family
6473,7208,4,Potential_Novel_Family,Expanded_Known_Family
6473,2492,2,Potential_Novel_Family,Expanded_Known_Family
394,11771,1,Expanded_Known_Family,Known_Family_Only
394,8136,1,Expanded_Known_Family,Potential_Novel_Family
394,4501,1,Expanded_Known_Family,Known_Family_Only
394,4267,1,Expanded_Known_Family,Potential_Novel_Family
394,9328,1,Expanded_Known_Family,Potential_Novel_Family
6493,6874,1,Known_Family_Only,Potential_Novel_Family
622,8005,1,Expanded_Known_Family,Potential_Novel_Family
622,7662,1,Expanded_Known_Family,Potential_Novel_Family
622,9254,1,Expanded_Known_Family,Potential_Novel_Family
622,7002,1,Expanded_Known_Family,Potential_Novel_Family
622,11268,1,Expanded_Known_Family,Potential_Novel_Family
622,5897,1,Expanded_Known_Family,Known_Family_Only
1263,5112,1,Known_Family_Only,Potential_Novel_Family
1263,6592,1,Known_Family_Only,Known_Family_Only
5112,6592,2,Potential_Novel_Family,Known_Family_Only
5112,899,1,Potential_Novel_Family,Potential_Novel_Family
6592,899,1,Known_Family_Only,Potential_Novel_Family
3721,7281,1,Known_Family_Only,Expanded_Known_Family
440,1577,1,Potential_Novel_Family,Potential_Novel_Family
4261,8685,1,Expanded_Known_Family,Potential_Novel_Family
4261,10911,1,Expanded_Known_Family,Known_Family_Only
10681,12832,1,Potential_Novel_Family,Potential_Novel_Family
2916,4153,2,Expanded_Known_Family,Expanded_Known_Family
2916,30,2,Expanded_Known_Family,Potential_Novel_Family
5848,8116,1,Potential_Novel_Family,Known_Family_Only
5848,2935,1,Potential_Novel_Family,Known_Family_Only
8116,1583,1,Known_Family_Only,Potential_Novel_Family
713,10411,1,Potential_Novel_Family,Potential_Novel_Family
713,4586,1,Potential_Novel_Family,Potential_Novel_Family
1583,10972,1,Potential_Novel_Family,Potential_Novel_Family
2151,12849,1,Potential_Novel_Family,Known_Family_Only
1962,5532,1,Potential_Novel_Family,Known_Family_Only
129,8109,2,Expanded_Known_Family,Expanded_Known_Family
129,8495,4,Expanded_Known_Family,Expanded_Known_Family
129,142,1,Expanded_Known_Family,Expanded_Known_Family
129,7863,1,Expanded_Known_Family,Expanded_Known_Family
129,8748,2,Expanded_Known_Family,Expanded_Known_Family
8109,8495,4,Expanded_Known_Family,Expanded_Known_Family
8495,8748,3,Expanded_Known_Family,Expanded_Known_Family
8495,4465,1,Expanded_Known_Family,Potential_Novel_Family
8495,142,1,Expanded_Known_Family,Expanded_Known_Family
8495,2055,1,Expanded_Known_Family,Known_Family_Only
8495,9148,1,Expanded_Known_Family,Potential_Novel_Family
5558,7816,1,Potential_Novel_Family,Known_Family_Only
1001,5671,1,Expanded_Known_Family,Potential_Novel_Family
1001,3868,2,Expanded_Known_Family,Expanded_Known_Family
1001,608,1,Expanded_Known_Family,Known_Family_Only
1001,3686,1,Expanded_Known_Family,Known_Family_Only
1001,6289,1,Expanded_Known_Family,Known_Family_Only
165,6330,4,Expanded_Known_Family,Expanded_Known_Family
165,1871,6,Expanded_Known_Family,Expanded_Known_Family
165,3241,3,Expanded_Known_Family,Known_Family_Only
6330,1871,3,Expanded_Known_Family,Expanded_Known_Family
6330,3241,1,Expanded_Known_Family,Known_Family_Only
8380,3288,1,Expanded_Known_Family,Expanded_Known_Family
7848,7917,1,Potential_Novel_Family,Potential_Novel_Family
4115,10515,1,Potential_Novel_Family,Known_Family_Only
1764,9844,2,Known_Family_Only,Potential_Novel_Family
122,4510,1,Known_Family_Only,Potential_Novel_Family
6474,7178,1,Known_Family_Only,Potential_Novel_Family
6474,338,1,Known_Family_Only,Expanded_Known_Family
5140,23,1,Expanded_Known_Family,Potential_Novel_Family
5140,3337,1,Expanded_Known_Family,Known_Family_Only
5140,7702,1,Expanded_Known_Family,Potential_Novel_Family
2881,2975,1,Potential_Novel_Family,Expanded_Known_Family
2881,2882,1,Potential_Novel_Family,Potential_Novel_Family
2425,11059,1,Potential_Novel_Family,Known_Family_Only
5031,6723,1,Known_Family_Only,Potential_Novel_Family
6066,9786,1,Potential_Novel_Family,Known_Family_Only
4520,3452,1,Potential_Novel_Family,Known_Family_Only
1151,1303,1,Potential_Novel_Family,Known_Family_Only
1151,1425,2,Potential_Novel_Family,Known_Family_Only
1151,1440,1,Potential_Novel_Family,Expanded_Known_Family
1303,1425,1,Known_Family_Only,Known_Family_Only
1637,4624,1,Expanded_Known_Family,Potential_Novel_Family
1637,8893,1,Expanded_Known_Family,Potential_Novel_Family
12177,12611,1,Potential_Novel_Family,Known_Family_Only
1954,11195,1,Expanded_Known_Family,Known_Family_Only
1954,9052,1,Expanded_Known_Family,Potential_Novel_Family
2493,6099,1,Expanded_Known_Family,Potential_Novel_Family
2493,12845,1,Expanded_Known_Family,Known_Family_Only
2493,2598,1,Expanded_Known_Family,Expanded_Known_Family
2493,12292,1,Expanded_Known_Family,Known_Family_Only
2493,4316,1,Expanded_Known_Family,Expanded_Known_Family
2493,9289,1,Expanded_Known_Family,Known_Family_Only
2493,11983,1,Expanded_Known_Family,Known_Family_Only
2493,4934,1,Expanded_Known_Family,Expanded_Known_Family
2493,9867,1,Expanded_Known_Family,Potential_Novel_Family
3741,12327,1,Expanded_Known_Family,Potential_Novel_Family
3741,9870,1,Expanded_Known_Family,Known_Family_Only
3081,6113,2,Expanded_Known_Family,Potential_Novel_Family
5075,8345,10,Expanded_Known_Family,Expanded_Known_Family
2392,6250,1,Known_Family_Only,Potential_Novel_Family
2392,3186,1,Known_Family_Only,Potential_Novel_Family
7292,11710,1,Expanded_Known_Family,Potential_Novel_Family
7292,11201,1,Expanded_Known_Family,Known_Family_Only
7292,11245,1,Expanded_Known_Family,Known_Family_Only
2463,8877,1,Potential_Novel_Family,Potential_Novel_Family
691,3209,1,Known_Family_Only,Potential_Novel_Family
7428,9145,2,Potential_Novel_Family,Expanded_Known_Family
12270,11129,3,Known_Family_Only,Expanded_Known_Family
12270,4833,1,Known_Family_Only,Potential_Novel_Family
7082,10362,1,Known_Family_Only,Potential_Novel_Family
1827,12612,1,Known_Family_Only,Potential_Novel_Family
6834,7314,1,Expanded_Known_Family,Potential_Novel_Family
6834,6138,1,Expanded_Known_Family,Potential_Novel_Family
3293,6067,1,Expanded_Known_Family,Known_Family_Only
3293,3825,1,Expanded_Known_Family,Potential_Novel_Family
2507,4485,1,Potential_Novel_Family,Expanded_Known_Family
4485,4425,1,Expanded_Known_Family,Potential_Novel_Family
477,10009,2,Potential_Novel_Family,Expanded_Known_Family
937,2810,4,Expanded_Known_Family,Expanded_Known_Family
937,4873,1,Expanded_Known_Family,Potential_Novel_Family
937,9278,3,Expanded_Known_Family,Expanded_Known_Family
2810,4873,2,Expanded_Known_Family,Potential_Novel_Family
2810,9278,4,Expanded_Known_Family,Expanded_Known_Family
2810,4612,1,Expanded_Known_Family,Potential_Novel_Family
4873,9278,2,Potential_Novel_Family,Expanded_Known_Family
4873,32,1,Potential_Novel_Family,Expanded_Known_Family
4873,8226,1,Potential_Novel_Family,Known_Family_Only
1626,7738,3,Known_Family_Only,Expanded_Known_Family
7738,12680,3,Expanded_Known_Family,Potential_Novel_Family
7738,7254,1,Expanded_Known_Family,Potential_Novel_Family
359,1522,1,Expanded_Known_Family,Expanded_Known_Family
359,1927,2,Expanded_Known_Family,Potential_Novel_Family
6627,8811,1,Known_Family_Only,Potential_Novel_Family
4511,8715,1,Known_Family_Only,Potential_Novel_Family
2665,9335,1,Known_Family_Only,Potential_Novel_Family
6383,6553,1,Potential_Novel_Family,Potential_Novel_Family
1451,1734,1,Known_Family_Only,Potential_Novel_Family
9279,10296,1,Potential_Novel_Family,Potential_Novel_Family
9279,11788,1,Potential_Novel_Family,Potential_Novel_Family
5241,8381,1,Expanded_Known_Family,Potential_Novel_Family
5241,1889,1,Expanded_Known_Family,Potential_Novel_Family
5241,9804,1,Expanded_Known_Family,Potential_Novel_Family
7478,10849,1,Known_Family_Only,Potential_Novel_Family
6816,9845,1,Known_Family_Only,Potential_Novel_Family
9503,12572,1,Potential_Novel_Family,Known_Family_Only
150,337,3,Expanded_Known_Family,Known_Family_Only
150,9471,1,Expanded_Known_Family,Known_Family_Only
150,12108,1,Expanded_Known_Family,Expanded_Known_Family
150,6611,1,Expanded_Known_Family,Expanded_Known_Family
150,9880,1,Expanded_Known_Family,Potential_Novel_Family
337,9471,1,Known_Family_Only,Known_Family_Only
337,6611,1,Known_Family_Only,Expanded_Known_Family
337,9880,1,Known_Family_Only,Potential_Novel_Family
2288,4906,1,Potential_Novel_Family,Potential_Novel_Family
155,11897,3,Expanded_Known_Family,Potential_Novel_Family
155,1473,1,Expanded_Known_Family,Potential_Novel_Family
155,4735,1,Expanded_Known_Family,Known_Family_Only
155,5919,1,Expanded_Known_Family,Known_Family_Only
11897,3398,1,Potential_Novel_Family,Potential_Novel_Family
1057,1504,2,Known_Family_Only,Expanded_Known_Family
1057,1508,2,Known_Family_Only,Expanded_Known_Family
1057,5262,1,Known_Family_Only,Potential_Novel_Family
1504,1508,3,Expanded_Known_Family,Expanded_Known_Family
280,340,7,Potential_Novel_Family,Expanded_Known_Family
5429,8101,1,Potential_Novel_Family,Known_Family_Only
3433,12864,1,Expanded_Known_Family,Known_Family_Only
3864,5533,1,Known_Family_Only,Potential_Novel_Family
8944,9190,1,Potential_Novel_Family,Known_Family_Only
927,7817,1,Expanded_Known_Family,Potential_Novel_Family
927,3230,1,Expanded_Known_Family,Known_Family_Only
927,3496,1,Expanded_Known_Family,Known_Family_Only
927,3709,1,Expanded_Known_Family,Potential_Novel_Family
927,5350,1,Expanded_Known_Family,Known_Family_Only
927,6083,1,Expanded_Known_Family,Potential_Novel_Family
8744,9628,3,Expanded_Known_Family,Potential_Novel_Family
8744,8360,1,Expanded_Known_Family,Potential_Novel_Family
6554,8346,1,Potential_Novel_Family,Potential_Novel_Family
1932,9846,1,Known_Family_Only,Potential_Novel_Family
3165,4078,3,Expanded_Known_Family,Expanded_Known_Family
3165,9339,2,Expanded_Known_Family,Potential_Novel_Family
4078,9339,2,Expanded_Known_Family,Potential_Novel_Family
2791,6314,2,Potential_Novel_Family,Expanded_Known_Family
6314,3119,1,Expanded_Known_Family,Potential_Novel_Family
6314,3287,1,Expanded_Known_Family,Potential_Novel_Family
11,4802,1,Expanded_Known_Family,Known_Family_Only
11,12183,1,Expanded_Known_Family,Potential_Novel_Family
11,12340,1,Expanded_Known_Family,Potential_Novel_Family
1871,3241,3,Expanded_Known_Family,Known_Family_Only
1871,9898,1,Expanded_Known_Family,Known_Family_Only
3486,10439,1,Potential_Novel_Family,Potential_Novel_Family
4585,5879,1,Known_Family_Only,Potential_Novel_Family
6518,10742,1,Known_Family_Only,Potential_Novel_Family
6724,11634,1,Potential_Novel_Family,Potential_Novel_Family
1680,11937,1,Known_Family_Only,Potential_Novel_Family
1680,12699,1,Known_Family_Only,Potential_Novel_Family
4576,5841,1,Expanded_Known_Family,Potential_Novel_Family
5400,6725,4,Potential_Novel_Family,Potential_Novel_Family
6725,5712,1,Potential_Novel_Family,Known_Family_Only
8909,11128,1,Potential_Novel_Family,Known_Family_Only
542,8642,1,Known_Family_Only,Potential_Novel_Family
542,11915,1,Known_Family_Only,Potential_Novel_Family
10713,12106,1,Potential_Novel_Family,Known_Family_Only
3199,10802,1,Expanded_Known_Family,Expanded_Known_Family
3199,6936,1,Expanded_Known_Family,Known_Family_Only
10802,12231,6,Expanded_Known_Family,Expanded_Known_Family
10802,12249,2,Expanded_Known_Family,Potential_Novel_Family
10802,10460,2,Expanded_Known_Family,Expanded_Known_Family
10802,12018,1,Expanded_Known_Family,Potential_Novel_Family
10802,11531,1,Expanded_Known_Family,Known_Family_Only
3082,8563,1,Known_Family_Only,Potential_Novel_Family
7231,10440,2,Expanded_Known_Family,Potential_Novel_Family
6102,6699,4,Potential_Novel_Family,Known_Family_Only
6102,5732,1,Potential_Novel_Family,Known_Family_Only
6102,6127,2,Potential_Novel_Family,Potential_Novel_Family
6102,12032,1,Potential_Novel_Family,Known_Family_Only
4972,9541,2,Potential_Novel_Family,Potential_Novel_Family
591,1199,1,Potential_Novel_Family,Potential_Novel_Family
1199,423,2,Potential_Novel_Family,Expanded_Known_Family
1199,4058,1,Potential_Novel_Family,Known_Family_Only
2953,6780,1,Expanded_Known_Family,Potential_Novel_Family
2953,453,1,Expanded_Known_Family,Potential_Novel_Family
3865,9542,1,Known_Family_Only,Potential_Novel_Family
11310,12155,1,Expanded_Known_Family,Potential_Novel_Family
441,2092,1,Expanded_Known_Family,Potential_Novel_Family
441,6590,1,Expanded_Known_Family,Known_Family_Only
8277,10139,5,Potential_Novel_Family,Expanded_Known_Family
8277,453,1,Potential_Novel_Family,Potential_Novel_Family
8277,2606,1,Potential_Novel_Family,Expanded_Known_Family
8277,9349,4,Potential_Novel_Family,Expanded_Known_Family
8277,4564,1,Potential_Novel_Family,Potential_Novel_Family
4514,4981,1,Known_Family_Only,Potential_Novel_Family
4514,6234,1,Known_Family_Only,Potential_Novel_Family
4514,10962,1,Known_Family_Only,Known_Family_Only
6779,10714,1,Potential_Novel_Family,Potential_Novel_Family
12552,12780,1,Potential_Novel_Family,Known_Family_Only
4731,11969,2,Potential_Novel_Family,Expanded_Known_Family
11969,9556,1,Expanded_Known_Family,Potential_Novel_Family
10682,11738,1,Potential_Novel_Family,Potential_Novel_Family
1214,1341,1,Potential_Novel_Family,Expanded_Known_Family
1341,10413,1,Expanded_Known_Family,Potential_Novel_Family
7752,25,1,Expanded_Known_Family,Expanded_Known_Family
462,1115,1,Known_Family_Only,Potential_Novel_Family
2681,10715,3,Expanded_Known_Family,Potential_Novel_Family
2206,6185,4,Expanded_Known_Family,Expanded_Known_Family
2206,6783,1,Expanded_Known_Family,Known_Family_Only
377,2727,2,Expanded_Known_Family,Potential_Novel_Family
2727,617,1,Potential_Novel_Family,Expanded_Known_Family
1598,5501,1,Known_Family_Only,Potential_Novel_Family
1598,1049,2,Known_Family_Only,Potential_Novel_Family
130,8347,1,Known_Family_Only,Potential_Novel_Family
130,225,1,Known_Family_Only,Expanded_Known_Family
11129,12291,2,Expanded_Known_Family,Potential_Novel_Family
11129,12216,1,Expanded_Known_Family,Expanded_Known_Family
9100,9436,1,Potential_Novel_Family,Potential_Novel_Family
11635,12711,1,Potential_Novel_Family,Known_Family_Only
2606,11146,1,Expanded_Known_Family,Expanded_Known_Family
2606,2709,3,Expanded_Known_Family,Expanded_Known_Family
2606,3009,1,Expanded_Known_Family,Known_Family_Only
11146,11135,1,Expanded_Known_Family,Potential_Novel_Family
10770,11161,1,Potential_Novel_Family,Known_Family_Only
11161,11909,1,Known_Family_Only,Potential_Novel_Family
7557,8745,4,Expanded_Known_Family,Expanded_Known_Family
10595,12422,4,Potential_Novel_Family,Expanded_Known_Family
664,4718,2,Known_Family_Only,Expanded_Known_Family
4718,590,1,Expanded_Known_Family,Potential_Novel_Family
4718,668,1,Expanded_Known_Family,Known_Family_Only
4718,744,1,Expanded_Known_Family,Potential_Novel_Family
4718,669,1,Expanded_Known_Family,Known_Family_Only
4718,3288,2,Expanded_Known_Family,Expanded_Known_Family
6251,9730,4,Potential_Novel_Family,Expanded_Known_Family
6251,4914,1,Potential_Novel_Family,Known_Family_Only
7297,9245,2,Expanded_Known_Family,Expanded_Known_Family
9245,7774,1,Expanded_Known_Family,Potential_Novel_Family
4262,6453,1,Potential_Novel_Family,Known_Family_Only
7591,9437,1,Expanded_Known_Family,Potential_Novel_Family
7591,1750,1,Expanded_Known_Family,Potential_Novel_Family
8054,7191,1,Expanded_Known_Family,Potential_Novel_Family
8054,10804,1,Expanded_Known_Family,Expanded_Known_Family
8054,12057,1,Expanded_Known_Family,Potential_Novel_Family
5934,10441,1,Known_Family_Only,Potential_Novel_Family
3186,3648,1,Potential_Novel_Family,Potential_Novel_Family
3648,4875,1,Potential_Novel_Family,Known_Family_Only
9192,9418,1,Expanded_Known_Family,Potential_Novel_Family
56,8102,1,Potential_Novel_Family,Known_Family_Only
3083,3603,1,Potential_Novel_Family,Potential_Novel_Family
2230,12178,1,Known_Family_Only,Potential_Novel_Family
7512,7663,1,Potential_Novel_Family,Known_Family_Only
3123,4370,1,Potential_Novel_Family,Potential_Novel_Family
3628,8061,2,Expanded_Known_Family,Expanded_Known_Family
5074,5959,1,Known_Family_Only,Potential_Novel_Family
3566,7233,1,Potential_Novel_Family,Known_Family_Only
3335,12673,1,Potential_Novel_Family,Known_Family_Only
3335,12091,1,Potential_Novel_Family,Potential_Novel_Family
3466,12037,1,Potential_Novel_Family,Known_Family_Only
2700,7865,6,Expanded_Known_Family,Expanded_Known_Family
2700,7651,3,Expanded_Known_Family,Potential_Novel_Family
2700,338,2,Expanded_Known_Family,Expanded_Known_Family
11909,6384,1,Potential_Novel_Family,Potential_Novel_Family
11909,11137,1,Potential_Novel_Family,Potential_Novel_Family
11909,12889,1,Potential_Novel_Family,Potential_Novel_Family
4393,9056,1,Expanded_Known_Family,Known_Family_Only
10112,11162,1,Potential_Novel_Family,Potential_Novel_Family
7802,10083,7,Expanded_Known_Family,Expanded_Known_Family
37,6496,1,Potential_Novel_Family,Expanded_Known_Family
37,3439,1,Potential_Novel_Family,Potential_Novel_Family
37,2840,1,Potential_Novel_Family,Potential_Novel_Family
10330,11595,1,Known_Family_Only,Potential_Novel_Family
1358,7400,5,Potential_Novel_Family,Expanded_Known_Family
1358,1440,1,Potential_Novel_Family,Expanded_Known_Family
1358,8416,1,Potential_Novel_Family,Known_Family_Only
1358,8815,2,Potential_Novel_Family,Potential_Novel_Family
1358,12370,1,Potential_Novel_Family,Potential_Novel_Family
1358,11467,1,Potential_Novel_Family,Known_Family_Only
1358,2184,1,Potential_Novel_Family,Expanded_Known_Family
1358,8094,1,Potential_Novel_Family,Known_Family_Only
3024,5560,2,Potential_Novel_Family,Expanded_Known_Family
3063,10164,1,Potential_Novel_Family,Potential_Novel_Family
1076,6216,1,Known_Family_Only,Potential_Novel_Family
6817,8686,1,Potential_Novel_Family,Known_Family_Only
3187,5549,1,Potential_Novel_Family,Expanded_Known_Family
5549,6790,1,Expanded_Known_Family,Known_Family_Only
4414,6068,1,Potential_Novel_Family,Potential_Novel_Family
3976,8129,1,Potential_Novel_Family,Known_Family_Only
3976,9252,1,Potential_Novel_Family,Known_Family_Only
8129,9252,1,Known_Family_Only,Known_Family_Only
3997,4560,1,Potential_Novel_Family,Known_Family_Only
3997,5341,1,Potential_Novel_Family,Known_Family_Only
4560,5341,1,Known_Family_Only,Known_Family_Only
2201,8878,1,Known_Family_Only,Potential_Novel_Family
1970,8279,2,Expanded_Known_Family,Known_Family_Only
953,3224,1,Potential_Novel_Family,Known_Family_Only
953,2931,1,Potential_Novel_Family,Known_Family_Only
11513,11939,2,Potential_Novel_Family,Known_Family_Only
4973,5880,1,Known_Family_Only,Potential_Novel_Family
1557,2938,1,Potential_Novel_Family,Potential_Novel_Family
1557,7664,1,Potential_Novel_Family,Known_Family_Only
2938,7664,1,Potential_Novel_Family,Known_Family_Only
2938,12015,1,Potential_Novel_Family,Known_Family_Only
1895,10568,1,Expanded_Known_Family,Known_Family_Only
1895,454,1,Expanded_Known_Family,Expanded_Known_Family
1895,485,1,Expanded_Known_Family,Known_Family_Only
1895,7950,1,Expanded_Known_Family,Potential_Novel_Family
1895,8417,1,Expanded_Known_Family,Known_Family_Only
2444,5645,1,Known_Family_Only,Potential_Novel_Family
398,2733,2,Expanded_Known_Family,Known_Family_Only
12328,12806,1,Potential_Novel_Family,Known_Family_Only
6818,8839,1,Potential_Novel_Family,Potential_Novel_Family
7118,9012,1,Potential_Novel_Family,Known_Family_Only
3116,8643,1,Expanded_Known_Family,Potential_Novel_Family
3116,8420,4,Expanded_Known_Family,Expanded_Known_Family
3116,3074,1,Expanded_Known_Family,Potential_Novel_Family
8382,12139,1,Potential_Novel_Family,Potential_Novel_Family
281,6983,1,Known_Family_Only,Potential_Novel_Family
8071,9013,1,Potential_Novel_Family,Known_Family_Only
6819,11739,1,Potential_Novel_Family,Known_Family_Only
1121,12534,1,Expanded_Known_Family,Potential_Novel_Family
1121,6628,2,Expanded_Known_Family,Expanded_Known_Family
3646,7819,1,Potential_Novel_Family,Potential_Novel_Family
1415,5754,1,Potential_Novel_Family,Known_Family_Only
1415,10214,1,Potential_Novel_Family,Known_Family_Only
8353,12154,1,Potential_Novel_Family,Potential_Novel_Family
4201,6171,2,Potential_Novel_Family,Known_Family_Only
6384,1193,1,Potential_Novel_Family,Expanded_Known_Family
4391,12538,1,Potential_Novel_Family,Known_Family_Only
5010,5607,1,Known_Family_Only,Potential_Novel_Family
5607,6262,1,Potential_Novel_Family,Potential_Novel_Family
4874,10188,1,Expanded_Known_Family,Potential_Novel_Family
4874,11359,1,Expanded_Known_Family,Expanded_Known_Family
4007,4732,2,Expanded_Known_Family,Known_Family_Only
4007,7185,1,Expanded_Known_Family,Potential_Novel_Family
4007,2062,1,Expanded_Known_Family,Known_Family_Only
4007,6709,1,Expanded_Known_Family,Known_Family_Only
812,9101,1,Expanded_Known_Family,Known_Family_Only
812,9788,1,Expanded_Known_Family,Known_Family_Only
812,315,1,Expanded_Known_Family,Potential_Novel_Family
812,7636,1,Expanded_Known_Family,Known_Family_Only
9101,9788,1,Known_Family_Only,Known_Family_Only
601,5820,1,Known_Family_Only,Known_Family_Only
6016,11001,1,Potential_Novel_Family,Known_Family_Only
6016,11898,1,Potential_Novel_Family,Known_Family_Only
11001,11898,1,Known_Family_Only,Known_Family_Only
11898,5144,1,Known_Family_Only,Known_Family_Only
11898,6020,1,Known_Family_Only,Potential_Novel_Family
11898,8569,1,Known_Family_Only,Known_Family_Only
11898,10919,1,Known_Family_Only,Known_Family_Only
1227,5286,2,Potential_Novel_Family,Expanded_Known_Family
2603,11577,1,Known_Family_Only,Expanded_Known_Family
2603,4989,1,Known_Family_Only,Potential_Novel_Family
11577,4709,1,Expanded_Known_Family,Known_Family_Only
11577,8847,1,Expanded_Known_Family,Known_Family_Only
3636,8383,2,Expanded_Known_Family,Known_Family_Only
3636,10541,1,Expanded_Known_Family,Potential_Novel_Family
3636,12118,1,Expanded_Known_Family,Potential_Novel_Family
8383,10541,1,Known_Family_Only,Potential_Novel_Family
7346,12807,1,Potential_Novel_Family,Known_Family_Only
9504,9787,1,Potential_Novel_Family,Known_Family_Only
9787,7558,1,Known_Family_Only,Known_Family_Only
9787,8718,1,Known_Family_Only,Potential_Novel_Family
8008,8780,1,Potential_Novel_Family,Potential_Novel_Family
1331,1592,1,Known_Family_Only,Potential_Novel_Family
1592,7927,1,Potential_Novel_Family,Expanded_Known_Family
4781,9706,1,Known_Family_Only,Potential_Novel_Family
834,3214,1,Potential_Novel_Family,Potential_Novel_Family
3214,11255,1,Potential_Novel_Family,Expanded_Known_Family
3844,8387,1,Expanded_Known_Family,Potential_Novel_Family
7023,11445,1,Known_Family_Only,Potential_Novel_Family
5730,7068,2,Expanded_Known_Family,Expanded_Known_Family
7068,11012,1,Expanded_Known_Family,Potential_Novel_Family
12111,12356,1,Expanded_Known_Family,Known_Family_Only
7386,4637,1,Potential_Novel_Family,Potential_Novel_Family
7386,6049,1,Potential_Novel_Family,Known_Family_Only
3126,3492,1,Expanded_Known_Family,Potential_Novel_Family
5534,11711,1,Potential_Novel_Family,Known_Family_Only
9960,11514,1,Known_Family_Only,Potential_Novel_Family
1096,4220,1,Known_Family_Only,Potential_Novel_Family
2866,3647,1,Known_Family_Only,Potential_Novel_Family
3647,3051,1,Potential_Novel_Family,Known_Family_Only
2678,11377,1,Known_Family_Only,Potential_Novel_Family
887,1537,2,Expanded_Known_Family,Expanded_Known_Family
887,3692,1,Expanded_Known_Family,Potential_Novel_Family
1537,3692,1,Expanded_Known_Family,Potential_Novel_Family
1537,4202,1,Expanded_Known_Family,Potential_Novel_Family
1537,11317,1,Expanded_Known_Family,Potential_Novel_Family
1537,110,1,Expanded_Known_Family,Expanded_Known_Family
3692,12229,1,Potential_Novel_Family,Potential_Novel_Family
401,4847,1,Potential_Novel_Family,Potential_Novel_Family
401,9617,1,Potential_Novel_Family,Known_Family_Only
5586,12640,1,Potential_Novel_Family,Known_Family_Only
4047,6951,1,Potential_Novel_Family,Potential_Novel_Family
4047,11803,1,Potential_Novel_Family,Expanded_Known_Family
6951,4502,1,Potential_Novel_Family,Potential_Novel_Family
4349,8072,1,Known_Family_Only,Potential_Novel_Family
3758,5076,3,Expanded_Known_Family,Potential_Novel_Family
3758,10346,1,Expanded_Known_Family,Potential_Novel_Family
5076,10346,1,Potential_Novel_Family,Potential_Novel_Family
78,1704,1,Expanded_Known_Family,Potential_Novel_Family
78,1631,1,Expanded_Known_Family,Potential_Novel_Family
78,735,1,Expanded_Known_Family,Known_Family_Only
78,1142,1,Expanded_Known_Family,Expanded_Known_Family
6446,8197,1,Known_Family_Only,Potential_Novel_Family
3294,4154,1,Known_Family_Only,Potential_Novel_Family
3629,8602,1,Potential_Novel_Family,Known_Family_Only
6273,12574,1,Potential_Novel_Family,Potential_Novel_Family
2679,4931,1,Potential_Novel_Family,Potential_Novel_Family
2289,4953,1,Potential_Novel_Family,Known_Family_Only
3239,3960,1,Potential_Novel_Family,Expanded_Known_Family
3960,9445,1,Expanded_Known_Family,Known_Family_Only
3438,9281,1,Expanded_Known_Family,Potential_Novel_Family
3438,11911,5,Expanded_Known_Family,Expanded_Known_Family
8169,8385,1,Potential_Novel_Family,Expanded_Known_Family
8385,4264,4,Expanded_Known_Family,Known_Family_Only
8385,3702,1,Expanded_Known_Family,Potential_Novel_Family
8385,4522,1,Expanded_Known_Family,Known_Family_Only
8385,310,1,Expanded_Known_Family,Potential_Novel_Family
5611,11793,1,Potential_Novel_Family,Potential_Novel_Family
11793,944,1,Potential_Novel_Family,Potential_Novel_Family
11793,6361,1,Potential_Novel_Family,Expanded_Known_Family
11793,12791,1,Potential_Novel_Family,Known_Family_Only
306,1611,2,Known_Family_Only,Potential_Novel_Family
1908,950,1,Expanded_Known_Family,Potential_Novel_Family
143,1153,1,Potential_Novel_Family,Expanded_Known_Family
143,127,1,Potential_Novel_Family,Known_Family_Only
1153,5766,1,Expanded_Known_Family,Potential_Novel_Family
11282,11345,1,Known_Family_Only,Potential_Novel_Family
1989,6913,1,Potential_Novel_Family,Expanded_Known_Family
6913,6894,1,Expanded_Known_Family,Known_Family_Only
1652,11516,1,Potential_Novel_Family,Known_Family_Only
1245,5053,2,Potential_Novel_Family,Expanded_Known_Family
9813,12397,1,Known_Family_Only,Potential_Novel_Family
7918,9470,1,Potential_Novel_Family,Potential_Novel_Family
6475,10058,1,Known_Family_Only,Potential_Novel_Family
5457,11163,1,Expanded_Known_Family,Known_Family_Only
5457,3792,3,Expanded_Known_Family,Potential_Novel_Family
736,5731,2,Known_Family_Only,Expanded_Known_Family
9551,10277,1,Expanded_Known_Family,Potential_Novel_Family
9940,12535,1,Potential_Novel_Family,Expanded_Known_Family
9940,6669,1,Potential_Novel_Family,Expanded_Known_Family
9940,6711,1,Potential_Novel_Family,Expanded_Known_Family
12535,10575,2,Expanded_Known_Family,Expanded_Known_Family
12535,12666,1,Expanded_Known_Family,Potential_Novel_Family
3105,5296,1,Expanded_Known_Family,Potential_Novel_Family
3064,10297,1,Known_Family_Only,Potential_Novel_Family
194,8216,2,Expanded_Known_Family,Potential_Novel_Family
2521,1231,1,Potential_Novel_Family,Known_Family_Only
12144,11834,3,Expanded_Known_Family,Expanded_Known_Family
3188,5849,1,Potential_Novel_Family,Potential_Novel_Family
562,7123,1,Expanded_Known_Family,Potential_Novel_Family
562,1061,2,Expanded_Known_Family,Expanded_Known_Family
7513,9760,1,Known_Family_Only,Potential_Novel_Family
6355,8130,1,Potential_Novel_Family,Potential_Novel_Family
6355,8114,3,Potential_Novel_Family,Expanded_Known_Family
12288,12657,1,Known_Family_Only,Potential_Novel_Family
12657,11283,1,Potential_Novel_Family,Expanded_Known_Family
9057,7574,3,Potential_Novel_Family,Expanded_Known_Family
9057,7798,1,Potential_Novel_Family,Known_Family_Only
1222,7625,2,Known_Family_Only,Potential_Novel_Family
3006,5502,1,Potential_Novel_Family,Potential_Novel_Family
36,7371,1,Expanded_Known_Family,Potential_Novel_Family
36,5099,1,Expanded_Known_Family,Known_Family_Only
36,8024,1,Expanded_Known_Family,Known_Family_Only
36,10174,1,Expanded_Known_Family,Potential_Novel_Family
36,236,1,Expanded_Known_Family,Expanded_Known_Family
36,5892,1,Expanded_Known_Family,Known_Family_Only
3472,10884,1,Expanded_Known_Family,Potential_Novel_Family
10860,6484,1,Known_Family_Only,Known_Family_Only
3276,4371,2,Expanded_Known_Family,Expanded_Known_Family
3276,2181,2,Expanded_Known_Family,Expanded_Known_Family
2144,2680,2,Expanded_Known_Family,Expanded_Known_Family
781,9665,1,Potential_Novel_Family,Potential_Novel_Family
781,2433,2,Potential_Novel_Family,Known_Family_Only
5098,9993,1,Potential_Novel_Family,Known_Family_Only
3774,11446,3,Expanded_Known_Family,Potential_Novel_Family
3774,3633,1,Expanded_Known_Family,Potential_Novel_Family
3774,5118,2,Expanded_Known_Family,Potential_Novel_Family
5859,1536,1,Expanded_Known_Family,Potential_Novel_Family
5859,4743,1,Expanded_Known_Family,Known_Family_Only
661,4707,1,Expanded_Known_Family,Known_Family_Only
661,8134,2,Expanded_Known_Family,Potential_Novel_Family
661,9237,1,Expanded_Known_Family,Potential_Novel_Family
2573,5477,1,Expanded_Known_Family,Potential_Novel_Family
2573,4772,2,Expanded_Known_Family,Known_Family_Only
2525,12873,1,Expanded_Known_Family,Potential_Novel_Family
2525,9545,1,Expanded_Known_Family,Known_Family_Only
2525,7634,1,Expanded_Known_Family,Potential_Novel_Family
710,5561,1,Expanded_Known_Family,Known_Family_Only
710,2530,2,Expanded_Known_Family,Potential_Novel_Family
9102,11404,1,Potential_Novel_Family,Known_Family_Only
8139,5623,1,Expanded_Known_Family,Expanded_Known_Family
8011,11060,1,Expanded_Known_Family,Potential_Novel_Family
8011,5370,2,Expanded_Known_Family,Potential_Novel_Family
8011,7542,1,Expanded_Known_Family,Potential_Novel_Family
8716,12809,1,Potential_Novel_Family,Known_Family_Only
384,6519,1,Known_Family_Only,Potential_Novel_Family
2508,10743,1,Expanded_Known_Family,Potential_Novel_Family
2508,2121,1,Expanded_Known_Family,Potential_Novel_Family
3889,9158,1,Known_Family_Only,Potential_Novel_Family
3889,12010,1,Known_Family_Only,Potential_Novel_Family
3889,10038,1,Known_Family_Only,Potential_Novel_Family
3889,580,1,Known_Family_Only,Expanded_Known_Family
8603,11672,1,Known_Family_Only,Potential_Novel_Family
312,8491,2,Expanded_Known_Family,Expanded_Known_Family
5503,8358,1,Potential_Novel_Family,Expanded_Known_Family
6555,7626,1,Potential_Novel_Family,Known_Family_Only
2585,10689,1,Potential_Novel_Family,Known_Family_Only
5312,7479,5,Expanded_Known_Family,Expanded_Known_Family
1533,3866,2,Expanded_Known_Family,Expanded_Known_Family
1373,2917,1,Known_Family_Only,Potential_Novel_Family
1373,2613,1,Known_Family_Only,Potential_Novel_Family
1372,9630,1,Known_Family_Only,Potential_Novel_Family
313,5113,1,Potential_Novel_Family,Potential_Novel_Family
1064,11061,1,Known_Family_Only,Potential_Novel_Family
1487,9599,5,Expanded_Known_Family,Expanded_Known_Family
1487,9210,1,Expanded_Known_Family,Potential_Novel_Family
9599,1387,1,Expanded_Known_Family,Expanded_Known_Family
3354,7753,1,Potential_Novel_Family,Known_Family_Only
3210,5322,2,Potential_Novel_Family,Known_Family_Only
3232,3254,1,Potential_Novel_Family,Known_Family_Only
3232,9686,1,Potential_Novel_Family,Known_Family_Only
21,1761,1,Expanded_Known_Family,Expanded_Known_Family
463,6755,1,Potential_Novel_Family,Known_Family_Only
3488,7820,1,Potential_Novel_Family,Known_Family_Only
1658,6781,1,Potential_Novel_Family,Known_Family_Only
6069,12000,1,Potential_Novel_Family,Known_Family_Only
6503,10140,2,Potential_Novel_Family,Expanded_Known_Family
6503,10981,1,Potential_Novel_Family,Potential_Novel_Family
5221,11740,1,Potential_Novel_Family,Known_Family_Only
1712,6985,2,Potential_Novel_Family,Known_Family_Only
11378,10879,1,Expanded_Known_Family,Potential_Novel_Family
1753,5261,1,Potential_Novel_Family,Potential_Novel_Family
8604,10412,1,Expanded_Known_Family,Potential_Novel_Family
8604,4964,1,Expanded_Known_Family,Potential_Novel_Family
11003,1491,1,Potential_Novel_Family,Known_Family_Only
7480,12398,1,Potential_Novel_Family,Potential_Novel_Family
10141,11636,1,Potential_Novel_Family,Potential_Novel_Family
6100,8717,1,Known_Family_Only,Potential_Novel_Family
6914,7514,1,Potential_Novel_Family,Potential_Novel_Family
6986,12179,2,Potential_Novel_Family,Potential_Novel_Family
10113,12449,2,Expanded_Known_Family,Expanded_Known_Family
12449,12620,1,Expanded_Known_Family,Potential_Novel_Family
12449,4719,1,Expanded_Known_Family,Potential_Novel_Family
12449,11298,2,Expanded_Known_Family,Potential_Novel_Family
1670,11637,1,Potential_Novel_Family,Known_Family_Only
6847,8384,1,Potential_Novel_Family,Known_Family_Only
6846,7885,1,Known_Family_Only,Potential_Novel_Family
2094,4080,1,Expanded_Known_Family,Known_Family_Only
7515,9994,1,Potential_Novel_Family,Known_Family_Only
11283,20,1,Expanded_Known_Family,Known_Family_Only
6756,11741,1,Potential_Novel_Family,Potential_Novel_Family
2351,6274,1,Expanded_Known_Family,Known_Family_Only
2351,1356,1,Expanded_Known_Family,Potential_Novel_Family
2351,8823,1,Expanded_Known_Family,Potential_Novel_Family
9995,10850,1,Potential_Novel_Family,Known_Family_Only
10850,5822,1,Known_Family_Only,Potential_Novel_Family
5344,11346,1,Known_Family_Only,Potential_Novel_Family
3604,10623,1,Known_Family_Only,Potential_Novel_Family
396,2215,4,Known_Family_Only,Potential_Novel_Family
705,9847,1,Expanded_Known_Family,Potential_Novel_Family
20,2933,1,Known_Family_Only,Known_Family_Only
20,6072,1,Known_Family_Only,Potential_Novel_Family
5991,7575,1,Known_Family_Only,Expanded_Known_Family
5991,10488,1,Known_Family_Only,Potential_Novel_Family
7575,10488,1,Expanded_Known_Family,Potential_Novel_Family
7575,7606,1,Expanded_Known_Family,Potential_Novel_Family
7593,9078,1,Potential_Novel_Family,Potential_Novel_Family
7492,10548,1,Known_Family_Only,Potential_Novel_Family
3701,9307,1,Potential_Novel_Family,Potential_Novel_Family
515,7592,2,Expanded_Known_Family,Potential_Novel_Family
6987,7052,1,Potential_Novel_Family,Known_Family_Only
5242,10166,3,Expanded_Known_Family,Expanded_Known_Family
4386,6494,1,Known_Family_Only,Potential_Novel_Family
3418,3929,1,Known_Family_Only,Potential_Novel_Family
592,5054,1,Potential_Novel_Family,Known_Family_Only
3630,5535,2,Known_Family_Only,Potential_Novel_Family
626,3998,1,Potential_Novel_Family,Known_Family_Only
7558,8718,1,Known_Family_Only,Potential_Novel_Family
1914,3742,1,Known_Family_Only,Potential_Novel_Family
1914,9505,1,Known_Family_Only,Known_Family_Only
3742,9505,1,Potential_Novel_Family,Known_Family_Only
5137,11038,1,Potential_Novel_Family,Known_Family_Only
1029,3809,1,Known_Family_Only,Potential_Novel_Family
4976,10570,3,Expanded_Known_Family,Expanded_Known_Family
4976,10551,2,Expanded_Known_Family,Known_Family_Only
10570,10551,2,Expanded_Known_Family,Known_Family_Only
6701,12575,1,Potential_Novel_Family,Potential_Novel_Family
412,607,3,Potential_Novel_Family,Known_Family_Only
412,4328,1,Potential_Novel_Family,Potential_Novel_Family
1374,3513,1,Potential_Novel_Family,Expanded_Known_Family
3513,6763,1,Expanded_Known_Family,Potential_Novel_Family
79,11164,1,Expanded_Known_Family,Expanded_Known_Family
79,10389,1,Expanded_Known_Family,Expanded_Known_Family
79,10496,1,Expanded_Known_Family,Known_Family_Only
79,2049,1,Expanded_Known_Family,Potential_Novel_Family
11164,12108,1,Expanded_Known_Family,Expanded_Known_Family
4387,7399,1,Known_Family_Only,Potential_Novel_Family
2624,8415,4,Expanded_Known_Family,Expanded_Known_Family
2629,3138,2,Expanded_Known_Family,Potential_Novel_Family
2629,3745,1,Expanded_Known_Family,Known_Family_Only
2629,1019,1,Expanded_Known_Family,Known_Family_Only
2629,9199,1,Expanded_Known_Family,Potential_Novel_Family
2629,929,2,Expanded_Known_Family,Potential_Novel_Family
3138,3745,1,Potential_Novel_Family,Known_Family_Only
6042,10331,1,Expanded_Known_Family,Potential_Novel_Family
6042,895,1,Expanded_Known_Family,Expanded_Known_Family
6042,7438,1,Expanded_Known_Family,Potential_Novel_Family
1333,5796,1,Known_Family_Only,Expanded_Known_Family
5796,8955,1,Expanded_Known_Family,Potential_Novel_Family
5796,2762,1,Expanded_Known_Family,Expanded_Known_Family
5796,4838,1,Expanded_Known_Family,Potential_Novel_Family
1673,11405,1,Potential_Novel_Family,Potential_Novel_Family
1673,557,1,Potential_Novel_Family,Expanded_Known_Family
10234,12239,1,Potential_Novel_Family,Potential_Novel_Family
8453,70,2,Expanded_Known_Family,Known_Family_Only
8453,511,2,Expanded_Known_Family,Expanded_Known_Family
8453,11693,1,Expanded_Known_Family,Potential_Novel_Family
334,12613,1,Potential_Novel_Family,Potential_Novel_Family
5181,11944,2,Potential_Novel_Family,Potential_Novel_Family
5181,8669,1,Potential_Novel_Family,Potential_Novel_Family
5077,5785,1,Potential_Novel_Family,Known_Family_Only
5077,11130,1,Potential_Novel_Family,Expanded_Known_Family
5785,11130,1,Known_Family_Only,Expanded_Known_Family
11130,12197,1,Expanded_Known_Family,Potential_Novel_Family
630,959,1,Expanded_Known_Family,Expanded_Known_Family
630,1022,3,Expanded_Known_Family,Expanded_Known_Family
959,648,2,Expanded_Known_Family,Potential_Novel_Family
959,3612,1,Expanded_Known_Family,Potential_Novel_Family
959,5863,1,Expanded_Known_Family,Known_Family_Only
959,511,1,Expanded_Known_Family,Expanded_Known_Family
959,569,1,Expanded_Known_Family,Known_Family_Only
959,4212,1,Expanded_Known_Family,Expanded_Known_Family
959,6313,1,Expanded_Known_Family,Known_Family_Only
959,6923,1,Expanded_Known_Family,Potential_Novel_Family
3084,4932,1,Potential_Novel_Family,Potential_Novel_Family
5450,7362,1,Known_Family_Only,Potential_Novel_Family
7362,7538,1,Potential_Novel_Family,Potential_Novel_Family
2872,6668,1,Expanded_Known_Family,Potential_Novel_Family
2872,642,1,Expanded_Known_Family,Expanded_Known_Family
2872,1482,1,Expanded_Known_Family,Known_Family_Only
2872,2861,1,Expanded_Known_Family,Potential_Novel_Family
6125,10958,1,Expanded_Known_Family,Potential_Novel_Family
6125,3849,2,Expanded_Known_Family,Potential_Novel_Family
1719,11347,1,Potential_Novel_Family,Known_Family_Only
1900,3777,2,Expanded_Known_Family,Potential_Novel_Family
1900,1084,1,Expanded_Known_Family,Potential_Novel_Family
1900,802,1,Expanded_Known_Family,Known_Family_Only
1900,1150,1,Expanded_Known_Family,Known_Family_Only
1900,2171,1,Expanded_Known_Family,Known_Family_Only
1900,3200,1,Expanded_Known_Family,Expanded_Known_Family
1900,5310,1,Expanded_Known_Family,Potential_Novel_Family
25,5201,1,Expanded_Known_Family,Known_Family_Only
25,11567,1,Expanded_Known_Family,Known_Family_Only
6189,9015,1,Potential_Novel_Family,Potential_Novel_Family
6189,8979,1,Potential_Novel_Family,Potential_Novel_Family
7149,8746,1,Potential_Novel_Family,Potential_Novel_Family
11253,12289,1,Known_Family_Only,Potential_Novel_Family
1619,7821,1,Potential_Novel_Family,Potential_Novel_Family
10269,10851,1,Potential_Novel_Family,Known_Family_Only
5345,8910,1,Potential_Novel_Family,Potential_Novel_Family
6447,8180,2,Known_Family_Only,Potential_Novel_Family
8180,6419,1,Potential_Novel_Family,Known_Family_Only
4264,310,1,Known_Family_Only,Potential_Novel_Family
563,3683,1,Potential_Novel_Family,Potential_Novel_Family
563,4566,1,Potential_Novel_Family,Potential_Novel_Family
3478,7005,2,Expanded_Known_Family,Potential_Novel_Family
4708,8945,1,Potential_Novel_Family,Potential_Novel_Family
370,7594,1,Expanded_Known_Family,Potential_Novel_Family
370,2780,1,Expanded_Known_Family,Expanded_Known_Family
5368,11984,1,Expanded_Known_Family,Potential_Novel_Family
8454,11406,1,Expanded_Known_Family,Known_Family_Only
8454,12793,1,Expanded_Known_Family,Potential_Novel_Family
4063,9371,1,Potential_Novel_Family,Potential_Novel_Family
891,4458,1,Expanded_Known_Family,Expanded_Known_Family
891,6360,1,Expanded_Known_Family,Potential_Novel_Family
891,10317,1,Expanded_Known_Family,Potential_Novel_Family
5732,2259,1,Known_Family_Only,Potential_Novel_Family
5732,6253,1,Known_Family_Only,Known_Family_Only
1875,2209,2,Expanded_Known_Family,Potential_Novel_Family
2209,8793,1,Potential_Novel_Family,Potential_Novel_Family
10716,9377,1,Expanded_Known_Family,Potential_Novel_Family
7787,9191,1,Known_Family_Only,Potential_Novel_Family
11596,12674,1,Potential_Novel_Family,Known_Family_Only
7452,10084,1,Known_Family_Only,Potential_Novel_Family
103,9996,1,Expanded_Known_Family,Known_Family_Only
1477,5323,1,Expanded_Known_Family,Potential_Novel_Family
1477,2302,1,Expanded_Known_Family,Potential_Novel_Family
786,10365,1,Known_Family_Only,Potential_Novel_Family
3401,8043,1,Known_Family_Only,Known_Family_Only
3401,9631,1,Known_Family_Only,Potential_Novel_Family
8043,9631,1,Known_Family_Only,Potential_Novel_Family
4221,10907,1,Known_Family_Only,Potential_Novel_Family
5992,9336,1,Potential_Novel_Family,Expanded_Known_Family
5992,10827,1,Potential_Novel_Family,Expanded_Known_Family
9336,10827,2,Expanded_Known_Family,Expanded_Known_Family
9336,9118,1,Expanded_Known_Family,Known_Family_Only
10827,9118,1,Expanded_Known_Family,Known_Family_Only
11379,11517,1,Potential_Novel_Family,Potential_Novel_Family
146,7978,1,Expanded_Known_Family,Expanded_Known_Family
146,1979,1,Expanded_Known_Family,Potential_Novel_Family
146,3071,1,Expanded_Known_Family,Known_Family_Only
7978,2812,1,Expanded_Known_Family,Potential_Novel_Family
7400,8026,1,Expanded_Known_Family,Potential_Novel_Family
7400,972,1,Expanded_Known_Family,Expanded_Known_Family
2073,10025,1,Potential_Novel_Family,Known_Family_Only
5733,12769,1,Potential_Novel_Family,Potential_Novel_Family
840,1259,1,Potential_Novel_Family,Known_Family_Only
840,2753,1,Potential_Novel_Family,Known_Family_Only
1259,2753,1,Known_Family_Only,Known_Family_Only
2753,3505,1,Known_Family_Only,Potential_Novel_Family
2834,11005,1,Expanded_Known_Family,Known_Family_Only
2834,3663,2,Expanded_Known_Family,Expanded_Known_Family
7373,9879,1,Potential_Novel_Family,Potential_Novel_Family
4010,5254,2,Known_Family_Only,Potential_Novel_Family
5254,4085,1,Potential_Novel_Family,Potential_Novel_Family
2682,12694,1,Known_Family_Only,Potential_Novel_Family
9707,11447,1,Known_Family_Only,Potential_Novel_Family
7180,10059,1,Potential_Novel_Family,Known_Family_Only
2847,9543,1,Potential_Novel_Family,Known_Family_Only
3868,10087,1,Expanded_Known_Family,Potential_Novel_Family
48,1234,1,Potential_Novel_Family,Potential_Novel_Family
48,1381,1,Potential_Novel_Family,Known_Family_Only
48,1465,1,Potential_Novel_Family,Known_Family_Only
48,415,1,Potential_Novel_Family,Expanded_Known_Family
48,933,1,Potential_Novel_Family,Expanded_Known_Family
48,1543,1,Potential_Novel_Family,Expanded_Known_Family
1234,1381,1,Potential_Novel_Family,Known_Family_Only
1234,1465,1,Potential_Novel_Family,Known_Family_Only
1381,1465,1,Known_Family_Only,Known_Family_Only
1069,7559,1,Potential_Novel_Family,Known_Family_Only
7850,9438,1,Expanded_Known_Family,Potential_Novel_Family
7850,8206,2,Expanded_Known_Family,Known_Family_Only
7850,12728,1,Expanded_Known_Family,Potential_Novel_Family
3810,6053,6,Expanded_Known_Family,Potential_Novel_Family
6053,6934,1,Potential_Novel_Family,Potential_Novel_Family
4977,9372,1,Potential_Novel_Family,Potential_Novel_Family
1595,3446,1,Potential_Novel_Family,Potential_Novel_Family
1595,7696,1,Potential_Novel_Family,Potential_Novel_Family
6529,7724,2,Expanded_Known_Family,Expanded_Known_Family
7724,6672,1,Expanded_Known_Family,Potential_Novel_Family
308,9600,1,Potential_Novel_Family,Potential_Novel_Family
1205,10852,2,Expanded_Known_Family,Potential_Novel_Family
967,9103,1,Known_Family_Only,Potential_Novel_Family
415,933,4,Expanded_Known_Family,Expanded_Known_Family
3999,9079,1,Known_Family_Only,Potential_Novel_Family
1202,7754,3,Potential_Novel_Family,Expanded_Known_Family
2966,7316,1,Expanded_Known_Family,Potential_Novel_Family
2966,10376,1,Expanded_Known_Family,Known_Family_Only
640,1808,1,Potential_Novel_Family,Expanded_Known_Family
1808,6231,1,Expanded_Known_Family,Potential_Novel_Family
4283,6477,1,Potential_Novel_Family,Potential_Novel_Family
4978,5536,1,Known_Family_Only,Potential_Novel_Family
11480,11638,1,Known_Family_Only,Potential_Novel_Family
6918,10142,1,Expanded_Known_Family,Potential_Novel_Family
6918,3638,1,Expanded_Known_Family,Potential_Novel_Family
3255,9815,6,Potential_Novel_Family,Potential_Novel_Family
1671,2152,2,Potential_Novel_Family,Known_Family_Only
3665,9201,1,Expanded_Known_Family,Potential_Novel_Family
6520,10683,2,Potential_Novel_Family,Known_Family_Only
6520,3790,1,Potential_Novel_Family,Known_Family_Only
7788,10189,1,Potential_Novel_Family,Potential_Novel_Family
7778,8747,4,Expanded_Known_Family,Expanded_Known_Family
7778,6556,1,Expanded_Known_Family,Potential_Novel_Family
5623,7949,4,Expanded_Known_Family,Expanded_Known_Family
1090,2019,1,Known_Family_Only,Potential_Novel_Family
6224,8074,4,Expanded_Known_Family,Expanded_Known_Family
6224,8141,6,Expanded_Known_Family,Potential_Novel_Family
8074,6730,1,Expanded_Known_Family,Expanded_Known_Family
8074,6833,2,Expanded_Known_Family,Potential_Novel_Family
8074,6729,1,Expanded_Known_Family,Expanded_Known_Family
3321,800,1,Expanded_Known_Family,Known_Family_Only
7863,142,2,Expanded_Known_Family,Expanded_Known_Family
7863,2122,1,Expanded_Known_Family,Potential_Novel_Family
6354,11380,1,Potential_Novel_Family,Potential_Novel_Family
8492,9601,1,Known_Family_Only,Potential_Novel_Family
1910,4388,1,Potential_Novel_Family,Potential_Novel_Family
663,3533,1,Potential_Novel_Family,Known_Family_Only
7695,9104,1,Potential_Novel_Family,Potential_Novel_Family
3212,7627,1,Known_Family_Only,Potential_Novel_Family
3212,4647,1,Known_Family_Only,Potential_Novel_Family
2948,9151,2,Expanded_Known_Family,Potential_Novel_Family
4907,5268,1,Potential_Novel_Family,Potential_Novel_Family
5268,1192,1,Potential_Novel_Family,Known_Family_Only
5268,5169,1,Potential_Novel_Family,Expanded_Known_Family
2739,7390,1,Expanded_Known_Family,Known_Family_Only
7374,7725,1,Known_Family_Only,Potential_Novel_Family
1110,4721,1,Expanded_Known_Family,Potential_Novel_Family
8198,9159,1,Potential_Novel_Family,Known_Family_Only
3211,4782,1,Known_Family_Only,Potential_Novel_Family
6820,6875,1,Known_Family_Only,Potential_Novel_Family
2838,7516,3,Expanded_Known_Family,Potential_Novel_Family
1052,1809,2,Potential_Novel_Family,Known_Family_Only
5430,10964,1,Expanded_Known_Family,Potential_Novel_Family
578,3189,3,Known_Family_Only,Potential_Novel_Family
3189,7836,1,Potential_Novel_Family,Known_Family_Only
985,3869,1,Expanded_Known_Family,Potential_Novel_Family
985,4938,1,Expanded_Known_Family,Known_Family_Only
985,5631,1,Expanded_Known_Family,Potential_Novel_Family
2995,3312,2,Expanded_Known_Family,Potential_Novel_Family
6157,7401,1,Known_Family_Only,Potential_Novel_Family
2121,1773,2,Potential_Novel_Family,Expanded_Known_Family
1992,3684,1,Potential_Novel_Family,Known_Family_Only
1992,9638,1,Potential_Novel_Family,Known_Family_Only
2080,7595,1,Known_Family_Only,Potential_Novel_Family
1724,7665,1,Potential_Novel_Family,Potential_Novel_Family
1724,4185,1,Potential_Novel_Family,Potential_Novel_Family
4372,9848,1,Known_Family_Only,Potential_Novel_Family
4372,5143,1,Known_Family_Only,Potential_Novel_Family
4756,5078,1,Known_Family_Only,Potential_Novel_Family
12329,1112,1,Expanded_Known_Family,Expanded_Known_Family
1915,6496,1,Potential_Novel_Family,Expanded_Known_Family
6496,10949,1,Expanded_Known_Family,Potential_Novel_Family
11481,12153,1,Potential_Novel_Family,Potential_Novel_Family
1841,3826,1,Known_Family_Only,Potential_Novel_Family
9814,10828,1,Known_Family_Only,Potential_Novel_Family
2903,4459,1,Known_Family_Only,Potential_Novel_Family
1484,4284,1,Known_Family_Only,Known_Family_Only
1484,12001,1,Known_Family_Only,Known_Family_Only
4284,12001,1,Known_Family_Only,Known_Family_Only
1963,3124,1,Known_Family_Only,Expanded_Known_Family
3124,9572,1,Expanded_Known_Family,Potential_Novel_Family
1485,1544,1,Potential_Novel_Family,Known_Family_Only
3515,6186,1,Potential_Novel_Family,Known_Family_Only
3662,10571,1,Potential_Novel_Family,Known_Family_Only
369,10908,1,Expanded_Known_Family,Potential_Novel_Family
369,374,1,Expanded_Known_Family,Potential_Novel_Family
751,10624,1,Expanded_Known_Family,Known_Family_Only
751,3562,1,Expanded_Known_Family,Expanded_Known_Family
751,4050,1,Expanded_Known_Family,Known_Family_Only
751,8763,1,Expanded_Known_Family,Expanded_Known_Family
8663,9373,3,Expanded_Known_Family,Potential_Novel_Family
8663,12826,2,Expanded_Known_Family,Expanded_Known_Family
741,1116,1,Potential_Novel_Family,Potential_Novel_Family
6521,6702,1,Potential_Novel_Family,Potential_Novel_Family
2649,3489,4,Potential_Novel_Family,Expanded_Known_Family
6876,7402,4,Expanded_Known_Family,Expanded_Known_Family
6876,10149,1,Expanded_Known_Family,Potential_Novel_Family
1942,2170,1,Potential_Novel_Family,Known_Family_Only
2452,11518,1,Potential_Novel_Family,Potential_Novel_Family
11518,10417,1,Potential_Novel_Family,Known_Family_Only
10797,11773,1,Potential_Novel_Family,Known_Family_Only
11774,12781,1,Expanded_Known_Family,Known_Family_Only
11774,10006,1,Expanded_Known_Family,Potential_Novel_Family
724,2717,1,Potential_Novel_Family,Known_Family_Only
3065,3886,1,Known_Family_Only,Potential_Novel_Family
3166,8073,3,Known_Family_Only,Potential_Novel_Family
863,12576,5,Expanded_Known_Family,Potential_Novel_Family
863,1553,1,Expanded_Known_Family,Potential_Novel_Family
863,10722,1,Expanded_Known_Family,Known_Family_Only
863,4899,1,Expanded_Known_Family,Potential_Novel_Family
2071,10945,1,Expanded_Known_Family,Potential_Novel_Family
2071,5831,1,Expanded_Known_Family,Known_Family_Only
2071,5798,2,Expanded_Known_Family,Known_Family_Only
2071,7610,1,Expanded_Known_Family,Potential_Novel_Family
2071,4665,2,Expanded_Known_Family,Known_Family_Only
7560,10598,1,Known_Family_Only,Potential_Novel_Family
4175,5926,5,Expanded_Known_Family,Expanded_Known_Family
7119,9666,1,Potential_Novel_Family,Known_Family_Only
12231,11073,2,Expanded_Known_Family,Expanded_Known_Family
1274,11311,1,Known_Family_Only,Potential_Novel_Family
6989,7283,1,Known_Family_Only,Potential_Novel_Family
1730,8911,1,Potential_Novel_Family,Known_Family_Only
6158,7483,1,Potential_Novel_Family,Known_Family_Only
725,3257,3,Expanded_Known_Family,Expanded_Known_Family
2020,5114,2,Known_Family_Only,Expanded_Known_Family
2020,6159,1,Known_Family_Only,Potential_Novel_Family
5114,6159,1,Expanded_Known_Family,Potential_Novel_Family
3611,12248,1,Expanded_Known_Family,Potential_Novel_Family
3611,4987,1,Expanded_Known_Family,Expanded_Known_Family
3611,12436,1,Expanded_Known_Family,Potential_Novel_Family
3611,178,2,Expanded_Known_Family,Expanded_Known_Family
3611,6606,1,Expanded_Known_Family,Potential_Novel_Family
3611,8255,1,Expanded_Known_Family,Known_Family_Only
3611,878,1,Expanded_Known_Family,Potential_Novel_Family
3611,9901,1,Expanded_Known_Family,Potential_Novel_Family
3611,1569,1,Expanded_Known_Family,Known_Family_Only
453,3793,1,Potential_Novel_Family,Potential_Novel_Family
2035,9322,1,Potential_Novel_Family,Expanded_Known_Family
9322,2536,1,Expanded_Known_Family,Potential_Novel_Family
9322,3754,1,Expanded_Known_Family,Potential_Novel_Family
5478,12577,2,Expanded_Known_Family,Potential_Novel_Family
1999,9472,3,Potential_Novel_Family,Expanded_Known_Family
8455,9962,1,Potential_Novel_Family,Potential_Novel_Family
6478,9915,5,Expanded_Known_Family,Potential_Novel_Family
140,7919,5,Expanded_Known_Family,Potential_Novel_Family
2464,7206,1,Potential_Novel_Family,Known_Family_Only
7950,454,1,Potential_Novel_Family,Expanded_Known_Family
7950,485,1,Potential_Novel_Family,Known_Family_Only
7950,8417,1,Potential_Novel_Family,Known_Family_Only
6217,7561,1,Potential_Novel_Family,Known_Family_Only
5164,11519,1,Known_Family_Only,Potential_Novel_Family
220,1111,1,Potential_Novel_Family,Known_Family_Only
220,797,1,Potential_Novel_Family,Known_Family_Only
10542,12290,1,Potential_Novel_Family,Potential_Novel_Family
1355,1785,1,Potential_Novel_Family,Known_Family_Only
1355,2605,1,Potential_Novel_Family,Expanded_Known_Family
1355,7430,1,Potential_Novel_Family,Known_Family_Only
1785,2605,1,Known_Family_Only,Expanded_Known_Family
1785,7430,1,Known_Family_Only,Known_Family_Only
2605,7430,1,Expanded_Known_Family,Known_Family_Only
163,2516,2,Known_Family_Only,Expanded_Known_Family
163,11550,1,Known_Family_Only,Potential_Novel_Family
202,221,3,Expanded_Known_Family,Potential_Novel_Family
2535,5935,1,Expanded_Known_Family,Potential_Novel_Family
888,5210,1,Potential_Novel_Family,Expanded_Known_Family
3434,7755,2,Expanded_Known_Family,Potential_Novel_Family
3434,1209,1,Expanded_Known_Family,Known_Family_Only
3434,4892,1,Expanded_Known_Family,Known_Family_Only
3434,5414,1,Expanded_Known_Family,Known_Family_Only
9544,12040,1,Potential_Novel_Family,Known_Family_Only
203,10625,1,Expanded_Known_Family,Known_Family_Only
524,7087,2,Expanded_Known_Family,Potential_Novel_Family
524,1091,1,Expanded_Known_Family,Known_Family_Only
524,282,1,Expanded_Known_Family,Expanded_Known_Family
524,1108,1,Expanded_Known_Family,Potential_Novel_Family
1183,6822,1,Known_Family_Only,Potential_Novel_Family
2488,7789,2,Known_Family_Only,Potential_Novel_Family
4176,6821,1,Expanded_Known_Family,Potential_Novel_Family
4176,7284,1,Expanded_Known_Family,Potential_Novel_Family
4176,9738,1,Expanded_Known_Family,Potential_Novel_Family
4176,3442,1,Expanded_Known_Family,Potential_Novel_Family
4176,1847,1,Expanded_Known_Family,Expanded_Known_Family
6821,7284,1,Potential_Novel_Family,Potential_Novel_Family
3402,6727,1,Potential_Novel_Family,Known_Family_Only
9632,12030,1,Expanded_Known_Family,Potential_Novel_Family
1748,2344,1,Known_Family_Only,Potential_Novel_Family
11855,12641,1,Known_Family_Only,Potential_Novel_Family
3007,5936,1,Potential_Novel_Family,Expanded_Known_Family
5936,1283,1,Expanded_Known_Family,Potential_Novel_Family
6331,6782,1,Potential_Novel_Family,Known_Family_Only
3723,10143,1,Potential_Novel_Family,Potential_Novel_Family
10385,12242,3,Known_Family_Only,Potential_Novel_Family
12242,11178,4,Potential_Novel_Family,Expanded_Known_Family
12242,10428,1,Potential_Novel_Family,Potential_Novel_Family
5263,7977,1,Potential_Novel_Family,Potential_Novel_Family
3139,11775,1,Potential_Novel_Family,Known_Family_Only
8199,12243,1,Potential_Novel_Family,Known_Family_Only
4486,5402,1,Known_Family_Only,Potential_Novel_Family
4431,6877,1,Known_Family_Only,Potential_Novel_Family
4431,1299,1,Known_Family_Only,Potential_Novel_Family
10026,11284,1,Potential_Novel_Family,Expanded_Known_Family
11284,11255,1,Expanded_Known_Family,Expanded_Known_Family
5646,6332,1,Known_Family_Only,Potential_Novel_Family
2256,11971,1,Potential_Novel_Family,Potential_Novel_Family
6669,10240,1,Expanded_Known_Family,Potential_Novel_Family
6669,6711,1,Expanded_Known_Family,Expanded_Known_Family
4263,5537,3,Expanded_Known_Family,Expanded_Known_Family
4263,3133,1,Expanded_Known_Family,Known_Family_Only
4263,6225,1,Expanded_Known_Family,Potential_Novel_Family
5537,3133,1,Expanded_Known_Family,Known_Family_Only
5537,6225,1,Expanded_Known_Family,Potential_Novel_Family
2231,4587,2,Expanded_Known_Family,Expanded_Known_Family
4530,8200,1,Potential_Novel_Family,Known_Family_Only
4530,11821,1,Potential_Novel_Family,Potential_Novel_Family
8200,11821,1,Known_Family_Only,Potential_Novel_Family
2777,3447,1,Potential_Novel_Family,Known_Family_Only
2777,10332,1,Potential_Novel_Family,Known_Family_Only
3447,10332,1,Known_Family_Only,Known_Family_Only
7484,10167,1,Known_Family_Only,Potential_Novel_Family
4308,9921,1,Expanded_Known_Family,Potential_Novel_Family
4308,6730,1,Expanded_Known_Family,Expanded_Known_Family
157,159,4,Expanded_Known_Family,Expanded_Known_Family
8315,11839,2,Known_Family_Only,Potential_Novel_Family
1312,2466,1,Potential_Novel_Family,Known_Family_Only
2330,11822,1,Potential_Novel_Family,Potential_Novel_Family
2330,11228,1,Potential_Novel_Family,Known_Family_Only
3930,4828,1,Known_Family_Only,Potential_Novel_Family
4828,4594,1,Potential_Novel_Family,Expanded_Known_Family
4828,8891,1,Potential_Novel_Family,Known_Family_Only
5193,9708,1,Potential_Novel_Family,Known_Family_Only
583,696,1,Known_Family_Only,Expanded_Known_Family
696,3371,1,Expanded_Known_Family,Potential_Novel_Family
4561,9308,1,Potential_Novel_Family,Potential_Novel_Family
94,258,1,Known_Family_Only,Potential_Novel_Family
94,2612,1,Known_Family_Only,Potential_Novel_Family
7562,9282,4,Expanded_Known_Family,Expanded_Known_Family
12108,343,1,Expanded_Known_Family,Expanded_Known_Family
399,8895,1,Potential_Novel_Family,Potential_Novel_Family
399,190,1,Potential_Novel_Family,Potential_Novel_Family
8895,3590,1,Potential_Novel_Family,Known_Family_Only
8895,7836,1,Potential_Novel_Family,Known_Family_Only
1,5222,1,Expanded_Known_Family,Potential_Novel_Family
1,7416,1,Expanded_Known_Family,Known_Family_Only
1,478,1,Expanded_Known_Family,Expanded_Known_Family
1,2005,1,Expanded_Known_Family,Expanded_Known_Family
1,11203,1,Expanded_Known_Family,Expanded_Known_Family
1945,2617,1,Potential_Novel_Family,Known_Family_Only
1186,10626,1,Potential_Novel_Family,Known_Family_Only
5937,8154,2,Expanded_Known_Family,Potential_Novel_Family
5937,6449,2,Expanded_Known_Family,Potential_Novel_Family
822,7886,1,Expanded_Known_Family,Potential_Novel_Family
5243,5324,4,Expanded_Known_Family,Expanded_Known_Family
5243,6385,4,Expanded_Known_Family,Known_Family_Only
5243,8170,2,Expanded_Known_Family,Expanded_Known_Family
5324,6385,4,Expanded_Known_Family,Known_Family_Only
5324,8170,2,Expanded_Known_Family,Expanded_Known_Family
5324,8107,1,Expanded_Known_Family,Potential_Novel_Family
6385,8170,2,Known_Family_Only,Expanded_Known_Family
3043,6952,1,Potential_Novel_Family,Known_Family_Only
5993,9633,4,Potential_Novel_Family,Known_Family_Only
6101,6307,2,Potential_Novel_Family,Expanded_Known_Family
6101,1838,1,Potential_Novel_Family,Expanded_Known_Family
6101,3283,1,Potential_Novel_Family,Expanded_Known_Family
6307,6395,1,Expanded_Known_Family,Potential_Novel_Family
6307,1838,1,Expanded_Known_Family,Expanded_Known_Family
6307,3283,1,Expanded_Known_Family,Expanded_Known_Family
3744,4876,1,Potential_Novel_Family,Known_Family_Only
11549,11972,1,Potential_Novel_Family,Potential_Novel_Family
1510,5737,1,Potential_Novel_Family,Expanded_Known_Family
7431,9997,1,Known_Family_Only,Potential_Novel_Family
2614,11906,1,Potential_Novel_Family,Expanded_Known_Family
151,7887,2,Known_Family_Only,Potential_Novel_Family
4309,5864,1,Potential_Novel_Family,Known_Family_Only
12140,12536,2,Known_Family_Only,Potential_Novel_Family
2432,9439,2,Potential_Novel_Family,Potential_Novel_Family
1926,11407,1,Known_Family_Only,Potential_Novel_Family
4542,7666,1,Potential_Novel_Family,Expanded_Known_Family
4542,7101,1,Potential_Novel_Family,Potential_Novel_Family
7666,11796,1,Expanded_Known_Family,Expanded_Known_Family
9337,10853,1,Known_Family_Only,Potential_Novel_Family
5223,9193,1,Known_Family_Only,Potential_Novel_Family
3931,10543,1,Known_Family_Only,Potential_Novel_Family
6878,7563,2,Potential_Novel_Family,Potential_Novel_Family
5674,8045,2,Known_Family_Only,Potential_Novel_Family
5587,7181,1,Known_Family_Only,Potential_Novel_Family
11165,12675,1,Expanded_Known_Family,Potential_Novel_Family
11165,7631,1,Expanded_Known_Family,Known_Family_Only
11165,12216,1,Expanded_Known_Family,Expanded_Known_Family
454,485,1,Expanded_Known_Family,Known_Family_Only
454,8417,1,Expanded_Known_Family,Known_Family_Only
454,3545,1,Expanded_Known_Family,Potential_Novel_Family
454,5267,1,Expanded_Known_Family,Expanded_Known_Family
3956,9506,1,Known_Family_Only,Potential_Novel_Family
4695,11941,1,Expanded_Known_Family,Potential_Novel_Family
4695,2257,1,Expanded_Known_Family,Known_Family_Only
4695,4415,1,Expanded_Known_Family,Known_Family_Only
4695,7612,1,Expanded_Known_Family,Expanded_Known_Family
4695,10457,1,Expanded_Known_Family,Potential_Novel_Family
9283,11166,1,Potential_Novel_Family,Potential_Novel_Family
9283,7234,1,Potential_Novel_Family,Potential_Novel_Family
9667,10645,2,Expanded_Known_Family,Expanded_Known_Family
1318,3788,1,Expanded_Known_Family,Expanded_Known_Family
1318,474,1,Expanded_Known_Family,Potential_Novel_Family
3788,1280,1,Expanded_Known_Family,Potential_Novel_Family
2509,5403,1,Known_Family_Only,Potential_Novel_Family
6495,2946,1,Expanded_Known_Family,Potential_Novel_Family
7024,8572,1,Known_Family_Only,Potential_Novel_Family
8572,5912,1,Potential_Novel_Family,Known_Family_Only
5588,9255,1,Potential_Novel_Family,Known_Family_Only
1933,7403,2,Expanded_Known_Family,Potential_Novel_Family
5165,6126,1,Potential_Novel_Family,Potential_Novel_Family
5647,10646,2,Potential_Novel_Family,Expanded_Known_Family
1693,8103,1,Potential_Novel_Family,Known_Family_Only
6017,11006,1,Potential_Novel_Family,Known_Family_Only
3240,11286,1,Potential_Novel_Family,Known_Family_Only
662,2893,1,Potential_Novel_Family,Known_Family_Only
3258,6298,2,Known_Family_Only,Expanded_Known_Family
12553,11719,2,Expanded_Known_Family,Potential_Novel_Family
3361,10468,2,Expanded_Known_Family,Potential_Novel_Family
3361,1736,1,Expanded_Known_Family,Potential_Novel_Family
10414,10875,2,Potential_Novel_Family,Expanded_Known_Family
290,7437,1,Expanded_Known_Family,Expanded_Known_Family
290,9389,1,Expanded_Known_Family,Potential_Novel_Family
808,6629,1,Expanded_Known_Family,Known_Family_Only
808,6226,1,Expanded_Known_Family,Potential_Novel_Family
564,1247,1,Potential_Novel_Family,Potential_Novel_Family
1584,2667,1,Expanded_Known_Family,Expanded_Known_Family
2667,9298,1,Expanded_Known_Family,Known_Family_Only
4513,11254,1,Potential_Novel_Family,Known_Family_Only
10685,12213,1,Potential_Novel_Family,Known_Family_Only
496,1858,1,Expanded_Known_Family,Potential_Novel_Family
496,3089,1,Expanded_Known_Family,Expanded_Known_Family
496,4193,1,Expanded_Known_Family,Potential_Novel_Family
1459,1659,1,Known_Family_Only,Potential_Novel_Family
892,3140,1,Potential_Novel_Family,Potential_Novel_Family
761,989,1,Known_Family_Only,Potential_Novel_Family
7726,11384,1,Known_Family_Only,Potential_Novel_Family
2401,5675,1,Potential_Novel_Family,Expanded_Known_Family
5675,1320,2,Expanded_Known_Family,Known_Family_Only
5675,3286,2,Expanded_Known_Family,Known_Family_Only
5675,9907,1,Expanded_Known_Family,Known_Family_Only
5675,10585,1,Expanded_Known_Family,Potential_Novel_Family
1678,5479,1,Potential_Novel_Family,Known_Family_Only
2811,3067,1,Potential_Novel_Family,Known_Family_Only
2257,4415,1,Known_Family_Only,Known_Family_Only
4440,8645,1,Potential_Novel_Family,Known_Family_Only
8606,12819,1,Expanded_Known_Family,Potential_Novel_Family
8606,1529,4,Expanded_Known_Family,Potential_Novel_Family
8606,3366,1,Expanded_Known_Family,Potential_Novel_Family
8606,9353,2,Expanded_Known_Family,Potential_Novel_Family
6187,10490,1,Potential_Novel_Family,Potential_Novel_Family
2178,12513,1,Potential_Novel_Family,Potential_Novel_Family
400,11196,1,Expanded_Known_Family,Known_Family_Only
7667,12399,1,Potential_Novel_Family,Potential_Novel_Family
8242,10216,2,Expanded_Known_Family,Expanded_Known_Family
10216,701,1,Expanded_Known_Family,Known_Family_Only
10216,9210,1,Expanded_Known_Family,Potential_Novel_Family
10216,11418,1,Expanded_Known_Family,Known_Family_Only
32,9998,1,Expanded_Known_Family,Known_Family_Only
32,1567,1,Expanded_Known_Family,Known_Family_Only
32,6342,1,Expanded_Known_Family,Known_Family_Only
32,7330,1,Expanded_Known_Family,Potential_Novel_Family
32,8226,1,Expanded_Known_Family,Known_Family_Only
3279,5850,1,Potential_Novel_Family,Potential_Novel_Family
5480,5938,1,Known_Family_Only,Potential_Novel_Family
4933,8605,1,Potential_Novel_Family,Known_Family_Only
1666,1772,1,Expanded_Known_Family,Known_Family_Only
1666,2085,1,Expanded_Known_Family,Expanded_Known_Family
1666,3078,6,Expanded_Known_Family,Expanded_Known_Family
1772,5770,1,Known_Family_Only,Potential_Novel_Family
2189,8456,1,Known_Family_Only,Potential_Novel_Family
5194,9580,1,Expanded_Known_Family,Potential_Novel_Family
5734,11465,1,Potential_Novel_Family,Expanded_Known_Family
5734,11872,1,Potential_Novel_Family,Known_Family_Only
11465,5546,6,Expanded_Known_Family,Potential_Novel_Family
3605,10876,1,Potential_Novel_Family,Known_Family_Only
6033,8976,1,Known_Family_Only,Potential_Novel_Family
4757,7517,1,Expanded_Known_Family,Known_Family_Only
4757,8503,1,Expanded_Known_Family,Potential_Novel_Family
4757,7981,1,Expanded_Known_Family,Known_Family_Only
4757,269,1,Expanded_Known_Family,Expanded_Known_Family
137,4033,1,Expanded_Known_Family,Potential_Novel_Family
137,6670,1,Expanded_Known_Family,Known_Family_Only
137,9374,1,Expanded_Known_Family,Known_Family_Only
137,9284,1,Expanded_Known_Family,Known_Family_Only
4033,6670,1,Potential_Novel_Family,Known_Family_Only
4033,9374,1,Potential_Novel_Family,Known_Family_Only
6670,9374,1,Known_Family_Only,Known_Family_Only
2232,2625,1,Potential_Novel_Family,Potential_Novel_Family
438,619,1,Potential_Novel_Family,Known_Family_Only
2598,5625,1,Expanded_Known_Family,Potential_Novel_Family
2598,206,1,Expanded_Known_Family,Expanded_Known_Family
8171,12884,1,Potential_Novel_Family,Known_Family_Only
292,349,2,Expanded_Known_Family,Potential_Novel_Family
292,9512,1,Expanded_Known_Family,Known_Family_Only
1228,2321,1,Potential_Novel_Family,Known_Family_Only
1228,443,1,Potential_Novel_Family,Known_Family_Only
1710,7668,1,Expanded_Known_Family,Potential_Novel_Family
1710,3226,1,Expanded_Known_Family,Potential_Novel_Family
1710,3979,1,Expanded_Known_Family,Potential_Novel_Family
1710,12309,1,Expanded_Known_Family,Potential_Novel_Family
6991,11408,1,Potential_Novel_Family,Known_Family_Only
1460,1534,1,Known_Family_Only,Known_Family_Only
1460,7207,1,Known_Family_Only,Potential_Novel_Family
1534,7207,1,Known_Family_Only,Potential_Novel_Family
11713,12515,1,Potential_Novel_Family,Potential_Novel_Family
8243,12592,1,Potential_Novel_Family,Known_Family_Only
12244,12245,1,Known_Family_Only,Potential_Novel_Family
5787,11007,2,Potential_Novel_Family,Potential_Novel_Family
5123,10599,2,Potential_Novel_Family,Expanded_Known_Family
2453,2574,3,Expanded_Known_Family,Potential_Novel_Family
211,12514,1,Potential_Novel_Family,Known_Family_Only
211,11258,1,Potential_Novel_Family,Known_Family_Only
4979,7852,2,Potential_Novel_Family,Known_Family_Only
6448,8457,2,Potential_Novel_Family,Expanded_Known_Family
6448,7285,1,Potential_Novel_Family,Known_Family_Only
8457,7285,1,Expanded_Known_Family,Known_Family_Only
2153,12246,1,Potential_Novel_Family,Potential_Novel_Family
4909,5821,1,Known_Family_Only,Potential_Novel_Family
3086,5773,3,Potential_Novel_Family,Expanded_Known_Family
3086,2785,2,Potential_Novel_Family,Known_Family_Only
3086,2802,2,Potential_Novel_Family,Known_Family_Only
3086,7496,2,Potential_Novel_Family,Known_Family_Only
5773,2785,2,Expanded_Known_Family,Known_Family_Only
5773,2802,2,Expanded_Known_Family,Known_Family_Only
5773,7496,2,Expanded_Known_Family,Known_Family_Only
5786,9916,1,Potential_Novel_Family,Known_Family_Only
1269,9219,2,Expanded_Known_Family,Expanded_Known_Family
3225,10973,1,Potential_Novel_Family,Known_Family_Only
3225,9861,1,Potential_Novel_Family,Known_Family_Only
411,620,1,Expanded_Known_Family,Potential_Novel_Family
411,8104,1,Expanded_Known_Family,Potential_Novel_Family
411,4134,1,Expanded_Known_Family,Potential_Novel_Family
416,1845,1,Expanded_Known_Family,Potential_Novel_Family
7853,9731,1,Potential_Novel_Family,Expanded_Known_Family
9731,7756,1,Expanded_Known_Family,Potential_Novel_Family
11255,10951,1,Expanded_Known_Family,Potential_Novel_Family
11255,11976,1,Expanded_Known_Family,Known_Family_Only
11255,12704,1,Expanded_Known_Family,Potential_Novel_Family
6992,7347,3,Potential_Novel_Family,Potential_Novel_Family
6879,8075,1,Potential_Novel_Family,Potential_Novel_Family
4848,5100,1,Expanded_Known_Family,Potential_Novel_Family
4848,11289,1,Expanded_Known_Family,Expanded_Known_Family
2081,2626,1,Known_Family_Only,Potential_Novel_Family
1334,2105,1,Potential_Novel_Family,Known_Family_Only
981,6080,1,Potential_Novel_Family,Known_Family_Only
981,6704,2,Potential_Novel_Family,Known_Family_Only
6080,6704,1,Known_Family_Only,Known_Family_Only
6080,828,1,Known_Family_Only,Potential_Novel_Family
6080,7036,1,Known_Family_Only,Known_Family_Only
1362,801,1,Potential_Novel_Family,Known_Family_Only
1187,4243,2,Potential_Novel_Family,Expanded_Known_Family
1187,3748,1,Potential_Novel_Family,Potential_Novel_Family
1187,1160,1,Potential_Novel_Family,Expanded_Known_Family
1140,7085,1,Expanded_Known_Family,Potential_Novel_Family
1140,3574,1,Expanded_Known_Family,Potential_Novel_Family
1140,3772,1,Expanded_Known_Family,Expanded_Known_Family
8046,8458,1,Potential_Novel_Family,Potential_Novel_Family
13,8047,1,Expanded_Known_Family,Potential_Novel_Family
13,3338,1,Expanded_Known_Family,Potential_Novel_Family
13,3909,1,Expanded_Known_Family,Expanded_Known_Family
13,577,1,Expanded_Known_Family,Potential_Novel_Family
13,6077,1,Expanded_Known_Family,Known_Family_Only
4397,9941,1,Known_Family_Only,Potential_Novel_Family
4397,3768,1,Known_Family_Only,Expanded_Known_Family
4397,8691,1,Known_Family_Only,Potential_Novel_Family
10877,12554,1,Potential_Novel_Family,Potential_Novel_Family
7025,11349,1,Potential_Novel_Family,Known_Family_Only
10386,12782,1,Known_Family_Only,Potential_Novel_Family
4934,8494,2,Expanded_Known_Family,Potential_Novel_Family
6591,9668,1,Potential_Novel_Family,Known_Family_Only
10333,10647,1,Potential_Novel_Family,Known_Family_Only
4049,7333,2,Potential_Novel_Family,Potential_Novel_Family
6019,10686,1,Expanded_Known_Family,Potential_Novel_Family
6019,8181,1,Expanded_Known_Family,Expanded_Known_Family
6019,969,1,Expanded_Known_Family,Potential_Novel_Family
9376,12425,2,Expanded_Known_Family,Potential_Novel_Family
10299,11008,1,Potential_Novel_Family,Potential_Novel_Family
7596,9256,1,Known_Family_Only,Potential_Novel_Family
1615,6070,1,Known_Family_Only,Potential_Novel_Family
3860,7970,1,Known_Family_Only,Expanded_Known_Family
3860,6177,1,Known_Family_Only,Expanded_Known_Family
7970,11728,3,Expanded_Known_Family,Expanded_Known_Family
2181,3667,1,Expanded_Known_Family,Potential_Novel_Family
2181,5580,1,Expanded_Known_Family,Potential_Novel_Family
1761,1098,1,Expanded_Known_Family,Potential_Novel_Family
6916,9375,3,Expanded_Known_Family,Potential_Novel_Family
6916,3923,1,Expanded_Known_Family,Potential_Novel_Family
2610,6758,1,Expanded_Known_Family,Known_Family_Only
2610,673,1,Expanded_Known_Family,Known_Family_Only
2610,5417,1,Expanded_Known_Family,Expanded_Known_Family
6917,6953,1,Expanded_Known_Family,Potential_Novel_Family
6917,6170,1,Expanded_Known_Family,Known_Family_Only
7927,8782,1,Expanded_Known_Family,Potential_Novel_Family
7927,5330,1,Expanded_Known_Family,Known_Family_Only
10416,12789,1,Potential_Novel_Family,Known_Family_Only
11448,12426,1,Expanded_Known_Family,Potential_Novel_Family
11448,9338,1,Expanded_Known_Family,Known_Family_Only
737,1337,5,Expanded_Known_Family,Potential_Novel_Family
737,10854,1,Expanded_Known_Family,Known_Family_Only
737,284,1,Expanded_Known_Family,Known_Family_Only
737,248,2,Expanded_Known_Family,Expanded_Known_Family
1337,10854,1,Potential_Novel_Family,Known_Family_Only
10469,12593,1,Potential_Novel_Family,Potential_Novel_Family
656,9160,1,Known_Family_Only,Potential_Novel_Family
1070,3957,1,Known_Family_Only,Potential_Novel_Family
3957,9974,1,Potential_Novel_Family,Potential_Novel_Family
1138,3125,1,Potential_Novel_Family,Known_Family_Only
1138,1716,1,Potential_Novel_Family,Known_Family_Only
2848,4203,1,Potential_Novel_Family,Known_Family_Only
6333,12180,1,Potential_Novel_Family,Potential_Novel_Family
2258,12214,1,Potential_Novel_Family,Known_Family_Only
2258,10093,1,Potential_Novel_Family,Known_Family_Only
145,11482,1,Expanded_Known_Family,Potential_Novel_Family
145,8982,1,Expanded_Known_Family,Potential_Novel_Family
145,8882,3,Expanded_Known_Family,Expanded_Known_Family
145,8892,1,Expanded_Known_Family,Potential_Novel_Family
11482,24,1,Potential_Novel_Family,Expanded_Known_Family
30,12263,1,Potential_Novel_Family,Known_Family_Only
2683,3403,2,Potential_Novel_Family,Potential_Novel_Family
269,5115,1,Expanded_Known_Family,Known_Family_Only
269,4392,1,Expanded_Known_Family,Expanded_Known_Family
9440,11167,1,Potential_Novel_Family,Potential_Novel_Family
5757,7182,1,Potential_Novel_Family,Potential_Novel_Family
8647,9849,2,Expanded_Known_Family,Potential_Novel_Family
3606,10974,1,Known_Family_Only,Potential_Novel_Family
8719,9408,1,Known_Family_Only,Potential_Novel_Family
6611,9880,2,Expanded_Known_Family,Potential_Novel_Family
6611,5790,1,Expanded_Known_Family,Expanded_Known_Family
6611,12599,1,Expanded_Known_Family,Potential_Novel_Family
2216,10491,2,Potential_Novel_Family,Expanded_Known_Family
2607,4648,1,Known_Family_Only,Potential_Novel_Family
10600,11802,1,Known_Family_Only,Potential_Novel_Family
11802,5251,1,Potential_Novel_Family,Known_Family_Only
5562,12215,1,Expanded_Known_Family,Potential_Novel_Family
11063,12796,1,Known_Family_Only,Potential_Novel_Family
445,5939,1,Known_Family_Only,Potential_Novel_Family
2627,12427,1,Potential_Novel_Family,Known_Family_Only
10027,2082,1,Potential_Novel_Family,Expanded_Known_Family
3534,10447,3,Potential_Novel_Family,Expanded_Known_Family
3534,1538,1,Potential_Novel_Family,Known_Family_Only
1876,10387,1,Potential_Novel_Family,Known_Family_Only
5404,6630,1,Potential_Novel_Family,Potential_Novel_Family
8173,2672,1,Known_Family_Only,Potential_Novel_Family
8173,5332,1,Known_Family_Only,Potential_Novel_Family
209,8132,1,Potential_Novel_Family,Known_Family_Only
3516,7235,1,Potential_Novel_Family,Known_Family_Only
5405,9851,1,Expanded_Known_Family,Expanded_Known_Family
5405,8303,1,Expanded_Known_Family,Known_Family_Only
9851,5965,1,Expanded_Known_Family,Potential_Novel_Family
407,4325,1,Known_Family_Only,Potential_Novel_Family
9710,9850,1,Potential_Novel_Family,Potential_Novel_Family
7791,12450,1,Known_Family_Only,Potential_Novel_Family
7791,3421,1,Known_Family_Only,Potential_Novel_Family
82,7765,1,Expanded_Known_Family,Known_Family_Only
9257,12247,1,Known_Family_Only,Potential_Novel_Family
8648,12002,1,Potential_Novel_Family,Potential_Novel_Family
12002,9147,1,Potential_Novel_Family,Potential_Novel_Family
4829,9635,1,Known_Family_Only,Potential_Novel_Family
3789,10230,1,Known_Family_Only,Expanded_Known_Family
10270,11039,1,Known_Family_Only,Potential_Novel_Family
1311,9161,1,Potential_Novel_Family,Known_Family_Only
2414,7432,1,Potential_Novel_Family,Known_Family_Only
2414,5543,1,Potential_Novel_Family,Potential_Novel_Family
9441,10518,1,Known_Family_Only,Potential_Novel_Family
7404,12142,1,Potential_Novel_Family,Known_Family_Only
7404,827,1,Potential_Novel_Family,Expanded_Known_Family
1002,4132,1,Known_Family_Only,Potential_Novel_Family
3562,4050,1,Expanded_Known_Family,Known_Family_Only
3562,8887,1,Expanded_Known_Family,Potential_Novel_Family
3562,1747,1,Expanded_Known_Family,Known_Family_Only
8977,207,1,Expanded_Known_Family,Expanded_Known_Family
853,1516,2,Expanded_Known_Family,Potential_Novel_Family
853,9744,1,Expanded_Known_Family,Potential_Novel_Family
5297,10798,1,Potential_Novel_Family,Potential_Novel_Family
8049,4087,1,Known_Family_Only,Expanded_Known_Family
1440,1385,3,Expanded_Known_Family,Expanded_Known_Family
1440,9457,1,Expanded_Known_Family,Known_Family_Only
1661,9352,2,Potential_Novel_Family,Potential_Novel_Family
7286,10363,1,Potential_Novel_Family,Known_Family_Only
5962,6757,1,Known_Family_Only,Potential_Novel_Family
3295,9049,1,Potential_Novel_Family,Known_Family_Only
9816,12676,1,Potential_Novel_Family,Known_Family_Only
1081,2691,1,Known_Family_Only,Potential_Novel_Family
2202,10334,1,Known_Family_Only,Potential_Novel_Family
1099,2639,1,Known_Family_Only,Potential_Novel_Family
1456,9881,2,Potential_Novel_Family,Known_Family_Only
6954,10241,1,Potential_Novel_Family,Potential_Novel_Family
4980,5676,1,Potential_Novel_Family,Known_Family_Only
2415,2919,1,Known_Family_Only,Known_Family_Only
2415,11900,1,Known_Family_Only,Potential_Novel_Family
2415,5855,1,Known_Family_Only,Potential_Novel_Family
2919,11900,1,Known_Family_Only,Potential_Novel_Family
4758,4910,1,Known_Family_Only,Potential_Novel_Family
6880,6919,1,Potential_Novel_Family,Known_Family_Only
1400,10910,1,Known_Family_Only,Potential_Novel_Family
186,3404,1,Expanded_Known_Family,Potential_Novel_Family
186,6394,1,Expanded_Known_Family,Known_Family_Only
186,7326,1,Expanded_Known_Family,Potential_Novel_Family
2082,2806,1,Expanded_Known_Family,Potential_Novel_Family
6823,7100,2,Known_Family_Only,Potential_Novel_Family
7100,7088,1,Potential_Novel_Family,Known_Family_Only
3977,9636,1,Potential_Novel_Family,Potential_Novel_Family
7838,4177,1,Expanded_Known_Family,Potential_Novel_Family
7838,10889,1,Expanded_Known_Family,Potential_Novel_Family
7838,8770,1,Expanded_Known_Family,Potential_Novel_Family
5481,9016,1,Known_Family_Only,Potential_Novel_Family
4678,11657,2,Expanded_Known_Family,Potential_Novel_Family
617,5166,1,Expanded_Known_Family,Potential_Novel_Family
617,6803,1,Expanded_Known_Family,Potential_Novel_Family
506,6784,1,Known_Family_Only,Potential_Novel_Family
2609,2480,2,Expanded_Known_Family,Expanded_Known_Family
2609,978,1,Expanded_Known_Family,Potential_Novel_Family
476,9852,1,Potential_Novel_Family,Potential_Novel_Family
1810,4359,1,Known_Family_Only,Expanded_Known_Family
4359,430,1,Expanded_Known_Family,Expanded_Known_Family
5883,5021,1,Potential_Novel_Family,Potential_Novel_Family
1112,8281,1,Expanded_Known_Family,Potential_Novel_Family
1112,1330,1,Expanded_Known_Family,Potential_Novel_Family
1112,9736,1,Expanded_Known_Family,Potential_Novel_Family
3092,2238,1,Known_Family_Only,Potential_Novel_Family
6785,7348,1,Potential_Novel_Family,Potential_Novel_Family
10442,12428,1,Potential_Novel_Family,Potential_Novel_Family
6479,6483,1,Expanded_Known_Family,Potential_Novel_Family
8416,8815,1,Known_Family_Only,Potential_Novel_Family
8978,9999,1,Potential_Novel_Family,Potential_Novel_Family
627,1264,1,Known_Family_Only,Potential_Novel_Family
4877,10648,2,Potential_Novel_Family,Potential_Novel_Family
5435,10028,3,Potential_Novel_Family,Expanded_Known_Family
3933,7564,1,Expanded_Known_Family,Known_Family_Only
6086,7612,1,Expanded_Known_Family,Expanded_Known_Family
4710,8564,2,Expanded_Known_Family,Potential_Novel_Family
8244,11901,1,Potential_Novel_Family,Known_Family_Only
9789,12742,1,Potential_Novel_Family,Potential_Novel_Family
3703,4223,1,Potential_Novel_Family,Known_Family_Only
3703,2492,1,Potential_Novel_Family,Expanded_Known_Family
4182,11084,1,Expanded_Known_Family,Expanded_Known_Family
4182,7718,1,Expanded_Known_Family,Known_Family_Only
4182,10548,1,Expanded_Known_Family,Potential_Novel_Family
3097,11921,1,Potential_Novel_Family,Potential_Novel_Family
5116,5264,1,Potential_Novel_Family,Known_Family_Only
5264,4625,1,Known_Family_Only,Potential_Novel_Family
6557,7084,1,Potential_Novel_Family,Expanded_Known_Family
7084,2089,1,Expanded_Known_Family,Potential_Novel_Family
671,683,2,Potential_Novel_Family,Potential_Novel_Family
575,4294,1,Potential_Novel_Family,Potential_Novel_Family
4294,765,2,Potential_Novel_Family,Expanded_Known_Family
5908,6671,1,Known_Family_Only,Potential_Novel_Family
2375,5884,1,Potential_Novel_Family,Potential_Novel_Family
5885,6972,1,Known_Family_Only,Potential_Novel_Family
2142,9162,1,Potential_Novel_Family,Known_Family_Only
8812,9132,1,Potential_Novel_Family,Potential_Novel_Family
1335,4733,1,Expanded_Known_Family,Expanded_Known_Family
1335,5853,1,Expanded_Known_Family,Potential_Novel_Family
4733,3467,1,Expanded_Known_Family,Known_Family_Only
4733,8914,1,Expanded_Known_Family,Potential_Novel_Family
5406,11520,1,Expanded_Known_Family,Known_Family_Only
2164,4878,2,Known_Family_Only,Potential_Novel_Family
5465,12077,1,Potential_Novel_Family,Known_Family_Only
3849,2156,1,Potential_Novel_Family,Known_Family_Only
1608,2194,1,Expanded_Known_Family,Expanded_Known_Family
4155,10771,1,Potential_Novel_Family,Known_Family_Only
2812,8619,1,Potential_Novel_Family,Potential_Novel_Family
257,11009,1,Expanded_Known_Family,Potential_Novel_Family
257,421,1,Expanded_Known_Family,Known_Family_Only
5195,6824,1,Known_Family_Only,Expanded_Known_Family
6824,6091,1,Expanded_Known_Family,Potential_Novel_Family
1117,7410,3,Expanded_Known_Family,Potential_Novel_Family
813,1235,1,Known_Family_Only,Potential_Novel_Family
8749,10300,1,Potential_Novel_Family,Potential_Novel_Family
3685,10573,1,Expanded_Known_Family,Potential_Novel_Family
3685,10192,1,Expanded_Known_Family,Known_Family_Only
9263,9294,1,Expanded_Known_Family,Expanded_Known_Family
9263,8888,1,Expanded_Known_Family,Potential_Novel_Family
9263,9452,1,Expanded_Known_Family,Known_Family_Only
9263,7831,1,Expanded_Known_Family,Known_Family_Only
9294,10244,3,Expanded_Known_Family,Expanded_Known_Family
1087,2742,1,Known_Family_Only,Potential_Novel_Family
2742,925,1,Potential_Novel_Family,Potential_Novel_Family
7629,11597,1,Potential_Novel_Family,Potential_Novel_Family
7683,3664,1,Expanded_Known_Family,Known_Family_Only
4000,11551,1,Potential_Novel_Family,Potential_Novel_Family
10688,12480,1,Potential_Novel_Family,Known_Family_Only
1543,10725,2,Expanded_Known_Family,Known_Family_Only
1543,2596,1,Expanded_Known_Family,Expanded_Known_Family
11409,12359,1,Potential_Novel_Family,Known_Family_Only
7958,9474,1,Expanded_Known_Family,Known_Family_Only
7054,10029,1,Known_Family_Only,Potential_Novel_Family
6728,9882,1,Known_Family_Only,Potential_Novel_Family
7669,12360,1,Potential_Novel_Family,Potential_Novel_Family
950,2043,1,Potential_Novel_Family,Known_Family_Only
10271,12060,2,Known_Family_Only,Potential_Novel_Family
1323,4373,3,Potential_Novel_Family,Expanded_Known_Family
1323,11350,1,Potential_Novel_Family,Potential_Novel_Family
1323,9682,1,Potential_Novel_Family,Known_Family_Only
4373,9682,1,Expanded_Known_Family,Known_Family_Only
1382,1662,1,Potential_Novel_Family,Potential_Novel_Family
1662,12255,1,Potential_Novel_Family,Known_Family_Only
1662,12623,1,Potential_Novel_Family,Known_Family_Only
9051,11552,1,Known_Family_Only,Potential_Novel_Family
6881,12734,1,Known_Family_Only,Potential_Novel_Family
1426,11856,1,Potential_Novel_Family,Known_Family_Only
5173,11857,1,Potential_Novel_Family,Potential_Novel_Family
5173,11948,1,Potential_Novel_Family,Known_Family_Only
7518,9762,1,Potential_Novel_Family,Potential_Novel_Family
5649,9106,1,Potential_Novel_Family,Potential_Novel_Family
4588,12614,1,Potential_Novel_Family,Potential_Novel_Family
4588,10102,1,Potential_Novel_Family,Potential_Novel_Family
9790,11312,1,Potential_Novel_Family,Known_Family_Only
2668,10717,1,Potential_Novel_Family,Potential_Novel_Family
4236,7139,1,Potential_Novel_Family,Known_Family_Only
11094,12866,1,Expanded_Known_Family,Potential_Novel_Family
1911,12078,1,Known_Family_Only,Potential_Novel_Family
7288,7800,1,Expanded_Known_Family,Potential_Novel_Family
1156,4879,1,Potential_Novel_Family,Known_Family_Only
1156,9694,1,Potential_Novel_Family,Known_Family_Only
5546,11872,1,Potential_Novel_Family,Known_Family_Only
1843,3104,1,Known_Family_Only,Potential_Novel_Family
1843,7183,1,Known_Family_Only,Known_Family_Only
1843,9569,1,Known_Family_Only,Known_Family_Only
3104,7183,1,Potential_Novel_Family,Known_Family_Only
3104,9569,1,Potential_Novel_Family,Known_Family_Only
7183,9569,1,Known_Family_Only,Known_Family_Only
1004,6002,1,Expanded_Known_Family,Expanded_Known_Family
1004,4591,1,Expanded_Known_Family,Known_Family_Only
6002,9217,1,Expanded_Known_Family,Potential_Novel_Family
4244,11674,1,Known_Family_Only,Potential_Novel_Family
9194,12735,1,Potential_Novel_Family,Known_Family_Only
9194,7995,1,Potential_Novel_Family,Potential_Novel_Family
3767,7120,1,Potential_Novel_Family,Known_Family_Only
1184,5452,1,Potential_Novel_Family,Potential_Novel_Family
2190,5101,1,Potential_Novel_Family,Known_Family_Only
1139,4982,3,Expanded_Known_Family,Expanded_Known_Family
1139,9166,2,Expanded_Known_Family,Potential_Novel_Family
4982,9166,2,Expanded_Known_Family,Potential_Novel_Family
4982,11696,1,Expanded_Known_Family,Known_Family_Only
1632,11521,1,Known_Family_Only,Potential_Novel_Family
11313,11598,1,Potential_Novel_Family,Potential_Novel_Family
6882,7565,3,Potential_Novel_Family,Potential_Novel_Family
8649,12143,2,Expanded_Known_Family,Expanded_Known_Family
8649,2110,1,Expanded_Known_Family,Known_Family_Only
485,8417,1,Known_Family_Only,Known_Family_Only
3829,6299,2,Known_Family_Only,Potential_Novel_Family
3829,6056,1,Known_Family_Only,Potential_Novel_Family
1822,9884,3,Expanded_Known_Family,Expanded_Known_Family
2547,8201,1,Potential_Novel_Family,Known_Family_Only
665,4626,2,Expanded_Known_Family,Potential_Novel_Family
665,4534,1,Expanded_Known_Family,Potential_Novel_Family
191,6387,1,Known_Family_Only,Potential_Novel_Family
191,7766,1,Known_Family_Only,Potential_Novel_Family
6857,7328,2,Potential_Novel_Family,Expanded_Known_Family
10335,10809,1,Expanded_Known_Family,Potential_Novel_Family
2754,8496,3,Potential_Novel_Family,Expanded_Known_Family
2754,8824,1,Potential_Novel_Family,Known_Family_Only
9853,10168,1,Known_Family_Only,Potential_Novel_Family
5482,9763,1,Potential_Novel_Family,Known_Family_Only
1966,2368,2,Expanded_Known_Family,Potential_Novel_Family
1672,9060,1,Expanded_Known_Family,Potential_Novel_Family
5080,7728,3,Potential_Novel_Family,Known_Family_Only
7728,4942,1,Known_Family_Only,Potential_Novel_Family
3336,12003,1,Potential_Novel_Family,Potential_Novel_Family
3336,2784,1,Potential_Novel_Family,Potential_Novel_Family
1053,5298,1,Potential_Novel_Family,Potential_Novel_Family
6413,7239,1,Potential_Novel_Family,Known_Family_Only
3607,9670,1,Potential_Novel_Family,Potential_Novel_Family
2356,9442,2,Potential_Novel_Family,Known_Family_Only
2977,8498,1,Potential_Novel_Family,Potential_Novel_Family
2693,6703,1,Known_Family_Only,Potential_Novel_Family
8565,11529,2,Potential_Novel_Family,Known_Family_Only
7289,7952,1,Potential_Novel_Family,Known_Family_Only
8497,8720,1,Known_Family_Only,Potential_Novel_Family
4135,4446,1,Expanded_Known_Family,Potential_Novel_Family
4135,9319,1,Expanded_Known_Family,Known_Family_Only
3490,9018,1,Known_Family_Only,Potential_Novel_Family
3490,3938,1,Known_Family_Only,Potential_Novel_Family
1685,7792,1,Known_Family_Only,Potential_Novel_Family
8947,10519,1,Known_Family_Only,Potential_Novel_Family
8533,9671,1,Potential_Novel_Family,Known_Family_Only
12481,12834,1,Potential_Novel_Family,Known_Family_Only
3168,11553,1,Potential_Novel_Family,Potential_Novel_Family
4156,5963,1,Potential_Novel_Family,Known_Family_Only
7121,9107,1,Known_Family_Only,Potential_Novel_Family
6729,8386,3,Expanded_Known_Family,Potential_Novel_Family
2165,9195,1,Potential_Novel_Family,Known_Family_Only
2114,4783,1,Known_Family_Only,Potential_Novel_Family
10800,12042,1,Potential_Novel_Family,Known_Family_Only
8076,8348,1,Potential_Novel_Family,Known_Family_Only
4310,4738,1,Known_Family_Only,Potential_Novel_Family
4738,4005,1,Potential_Novel_Family,Potential_Novel_Family
3135,7670,1,Expanded_Known_Family,Potential_Novel_Family
3135,4170,1,Expanded_Known_Family,Potential_Novel_Family
11600,12755,2,Potential_Novel_Family,Expanded_Known_Family
5539,5572,4,Expanded_Known_Family,Potential_Novel_Family
5539,5721,1,Expanded_Known_Family,Expanded_Known_Family
449,2657,3,Known_Family_Only,Expanded_Known_Family
449,3281,1,Known_Family_Only,Potential_Novel_Family
449,915,1,Known_Family_Only,Potential_Novel_Family
2657,915,1,Expanded_Known_Family,Potential_Novel_Family
4432,10364,1,Potential_Novel_Family,Known_Family_Only
4432,1037,1,Potential_Novel_Family,Potential_Novel_Family
2223,10912,1,Known_Family_Only,Potential_Novel_Family
4760,6034,1,Known_Family_Only,Potential_Novel_Family
120,4983,1,Expanded_Known_Family,Potential_Novel_Family
120,8769,1,Expanded_Known_Family,Known_Family_Only
120,11415,1,Expanded_Known_Family,Known_Family_Only
4983,8769,1,Potential_Novel_Family,Known_Family_Only
8769,6400,1,Known_Family_Only,Potential_Novel_Family
8769,9722,1,Known_Family_Only,Known_Family_Only
4935,12615,1,Potential_Novel_Family,Known_Family_Only
6235,6524,1,Expanded_Known_Family,Potential_Novel_Family
6235,7842,1,Expanded_Known_Family,Known_Family_Only
213,343,2,Known_Family_Only,Expanded_Known_Family
213,9676,1,Known_Family_Only,Potential_Novel_Family
4392,12858,1,Expanded_Known_Family,Known_Family_Only
4392,11325,1,Expanded_Known_Family,Potential_Novel_Family
5013,5018,1,Potential_Novel_Family,Potential_Novel_Family
5018,3749,1,Potential_Novel_Family,Potential_Novel_Family
2694,7920,1,Expanded_Known_Family,Potential_Novel_Family
2694,6677,1,Expanded_Known_Family,Potential_Novel_Family
5735,6610,1,Potential_Novel_Family,Expanded_Known_Family
6610,12880,1,Expanded_Known_Family,Known_Family_Only
3772,3830,1,Expanded_Known_Family,Potential_Novel_Family
3772,3574,1,Expanded_Known_Family,Potential_Novel_Family
3772,7339,1,Expanded_Known_Family,Known_Family_Only
5056,8816,1,Potential_Novel_Family,Potential_Novel_Family
1003,8174,1,Known_Family_Only,Potential_Novel_Family
1003,9258,1,Known_Family_Only,Known_Family_Only
8174,9258,1,Potential_Novel_Family,Known_Family_Only
8318,12400,1,Potential_Novel_Family,Potential_Novel_Family
1725,4350,1,Known_Family_Only,Potential_Novel_Family
3169,5196,1,Known_Family_Only,Potential_Novel_Family
5823,7290,1,Potential_Novel_Family,Potential_Novel_Family
5265,11675,1,Potential_Novel_Family,Potential_Novel_Family
1147,1811,3,Potential_Novel_Family,Expanded_Known_Family
418,1838,1,Potential_Novel_Family,Expanded_Known_Family
418,8245,1,Potential_Novel_Family,Known_Family_Only
1838,8245,1,Expanded_Known_Family,Known_Family_Only
1838,3409,1,Expanded_Known_Family,Known_Family_Only
1838,3577,1,Expanded_Known_Family,Potential_Novel_Family
1838,3283,1,Expanded_Known_Family,Expanded_Known_Family
1838,2971,1,Expanded_Known_Family,Potential_Novel_Family
1082,7291,1,Potential_Novel_Family,Potential_Novel_Family
2537,9672,1,Potential_Novel_Family,Known_Family_Only
2930,11639,1,Expanded_Known_Family,Potential_Novel_Family
2669,3631,1,Potential_Novel_Family,Potential_Novel_Family
2669,5266,1,Potential_Novel_Family,Known_Family_Only
3631,5266,1,Potential_Novel_Family,Known_Family_Only
5117,9020,1,Potential_Novel_Family,Known_Family_Only
2979,9712,1,Potential_Novel_Family,Known_Family_Only
2992,11314,1,Potential_Novel_Family,Potential_Novel_Family
2992,499,1,Potential_Novel_Family,Known_Family_Only
9340,9942,1,Potential_Novel_Family,Potential_Novel_Family
9340,9196,1,Potential_Novel_Family,Potential_Novel_Family
5736,12401,1,Potential_Novel_Family,Known_Family_Only
7349,8534,1,Potential_Novel_Family,Potential_Novel_Family
570,8687,1,Expanded_Known_Family,Potential_Novel_Family
4804,6632,1,Known_Family_Only,Potential_Novel_Family
6450,7729,1,Known_Family_Only,Potential_Novel_Family
2083,10337,1,Potential_Novel_Family,Known_Family_Only
108,8650,1,Expanded_Known_Family,Potential_Novel_Family
108,1254,1,Expanded_Known_Family,Known_Family_Only
108,1363,1,Expanded_Known_Family,Known_Family_Only
108,123,1,Expanded_Known_Family,Potential_Novel_Family
108,5454,1,Expanded_Known_Family,Known_Family_Only
4034,4096,1,Potential_Novel_Family,Potential_Novel_Family
8436,1664,1,Expanded_Known_Family,Potential_Novel_Family
1897,1427,1,Expanded_Known_Family,Known_Family_Only
1897,4020,1,Expanded_Known_Family,Potential_Novel_Family
7519,10627,1,Potential_Novel_Family,Potential_Novel_Family
9409,12736,1,Known_Family_Only,Potential_Novel_Family
6409,11522,1,Potential_Novel_Family,Potential_Novel_Family
5852,10947,1,Potential_Novel_Family,Potential_Novel_Family
10913,12361,1,Potential_Novel_Family,Potential_Novel_Family
2132,8813,1,Potential_Novel_Family,Potential_Novel_Family
1946,3906,1,Potential_Novel_Family,Potential_Novel_Family
15,508,1,Potential_Novel_Family,Known_Family_Only
15,12642,1,Potential_Novel_Family,Known_Family_Only
15,11690,1,Potential_Novel_Family,Known_Family_Only
279,1935,1,Expanded_Known_Family,Potential_Novel_Family
279,1439,1,Expanded_Known_Family,Potential_Novel_Family
7597,9817,1,Potential_Novel_Family,Potential_Novel_Family
5210,954,1,Expanded_Known_Family,Known_Family_Only
5210,821,1,Expanded_Known_Family,Known_Family_Only
5210,838,1,Expanded_Known_Family,Potential_Novel_Family
5210,729,1,Expanded_Known_Family,Known_Family_Only
5168,10914,1,Potential_Novel_Family,Known_Family_Only
1275,11198,1,Potential_Novel_Family,Potential_Novel_Family
3663,1287,1,Expanded_Known_Family,Known_Family_Only
2920,3026,1,Expanded_Known_Family,Known_Family_Only
2920,895,1,Expanded_Known_Family,Expanded_Known_Family
10470,12303,2,Expanded_Known_Family,Potential_Novel_Family
10470,10014,1,Expanded_Known_Family,Known_Family_Only
4052,5081,1,Potential_Novel_Family,Potential_Novel_Family
4052,3970,1,Potential_Novel_Family,Known_Family_Only
5703,10000,1,Potential_Novel_Family,Known_Family_Only
10389,3,1,Expanded_Known_Family,Expanded_Known_Family
2898,11570,1,Potential_Novel_Family,Known_Family_Only
2454,6252,1,Known_Family_Only,Potential_Novel_Family
2454,7319,1,Known_Family_Only,Potential_Novel_Family
6252,7319,1,Potential_Novel_Family,Potential_Novel_Family
2380,8202,1,Expanded_Known_Family,Potential_Novel_Family
2380,162,1,Expanded_Known_Family,Expanded_Known_Family
4761,5102,1,Potential_Novel_Family,Known_Family_Only
2210,9443,1,Potential_Novel_Family,Known_Family_Only
3687,4895,2,Potential_Novel_Family,Expanded_Known_Family
3687,10257,1,Potential_Novel_Family,Known_Family_Only
4895,10257,2,Expanded_Known_Family,Known_Family_Only
9163,12713,1,Potential_Novel_Family,Potential_Novel_Family
4249,2389,1,Expanded_Known_Family,Expanded_Known_Family
1239,3552,1,Expanded_Known_Family,Known_Family_Only
1239,1172,1,Expanded_Known_Family,Potential_Novel_Family
1720,5650,1,Known_Family_Only,Potential_Novel_Family
1720,7376,1,Known_Family_Only,Potential_Novel_Family
5650,7376,1,Potential_Novel_Family,Potential_Novel_Family
1947,9570,1,Known_Family_Only,Potential_Novel_Family
1715,9378,1,Known_Family_Only,Potential_Novel_Family
7730,11676,1,Potential_Novel_Family,Known_Family_Only
4133,6103,1,Potential_Novel_Family,Known_Family_Only
323,4285,1,Potential_Novel_Family,Known_Family_Only
10628,11199,1,Known_Family_Only,Potential_Novel_Family
10628,11640,1,Known_Family_Only,Potential_Novel_Family
11199,11640,1,Potential_Novel_Family,Potential_Novel_Family
732,1142,1,Known_Family_Only,Expanded_Known_Family
1142,735,1,Expanded_Known_Family,Known_Family_Only
2980,12192,2,Known_Family_Only,Potential_Novel_Family
12192,3496,1,Potential_Novel_Family,Known_Family_Only
12192,12341,1,Potential_Novel_Family,Potential_Novel_Family
12192,55,1,Potential_Novel_Family,Potential_Novel_Family
1018,9854,1,Potential_Novel_Family,Potential_Novel_Family
4097,5245,1,Known_Family_Only,Potential_Novel_Family
2850,12079,1,Potential_Novel_Family,Known_Family_Only
1030,5758,1,Expanded_Known_Family,Potential_Novel_Family
593,1038,1,Expanded_Known_Family,Potential_Novel_Family
593,1754,1,Expanded_Known_Family,Known_Family_Only
593,2274,1,Expanded_Known_Family,Known_Family_Only
593,8929,1,Expanded_Known_Family,Known_Family_Only
1038,1754,1,Potential_Novel_Family,Known_Family_Only
1038,2274,1,Potential_Novel_Family,Known_Family_Only
1754,2274,1,Known_Family_Only,Known_Family_Only
4001,7699,1,Known_Family_Only,Potential_Novel_Family
7699,12823,1,Potential_Novel_Family,Potential_Novel_Family
6593,11974,1,Known_Family_Only,Potential_Novel_Family
7151,7350,1,Known_Family_Only,Potential_Novel_Family
913,3535,1,Known_Family_Only,Potential_Novel_Family
4784,6787,1,Known_Family_Only,Potential_Novel_Family
5540,6497,1,Potential_Novel_Family,Potential_Novel_Family
1686,4312,1,Expanded_Known_Family,Known_Family_Only
1686,4853,1,Expanded_Known_Family,Potential_Novel_Family
6071,12362,1,Known_Family_Only,Potential_Novel_Family
5677,9126,1,Potential_Novel_Family,Expanded_Known_Family
9126,5692,1,Expanded_Known_Family,Known_Family_Only
1043,12756,1,Known_Family_Only,Potential_Novel_Family
5761,10301,1,Potential_Novel_Family,Known_Family_Only
5761,6221,1,Potential_Novel_Family,Potential_Novel_Family
1178,2981,1,Expanded_Known_Family,Expanded_Known_Family
1178,1898,1,Expanded_Known_Family,Known_Family_Only
1178,3468,1,Expanded_Known_Family,Known_Family_Only
1178,12300,1,Expanded_Known_Family,Expanded_Known_Family
2981,642,1,Expanded_Known_Family,Expanded_Known_Family
2981,798,1,Expanded_Known_Family,Known_Family_Only
2981,859,1,Expanded_Known_Family,Potential_Novel_Family
12429,12737,1,Potential_Novel_Family,Potential_Novel_Family
5032,6525,1,Potential_Novel_Family,Known_Family_Only
3288,8772,1,Expanded_Known_Family,Known_Family_Only
4313,12885,1,Potential_Novel_Family,Known_Family_Only
2548,4610,1,Potential_Novel_Family,Known_Family_Only
906,5824,1,Known_Family_Only,Potential_Novel_Family
2085,4025,1,Expanded_Known_Family,Potential_Novel_Family
2085,1179,1,Expanded_Known_Family,Potential_Novel_Family
1254,1363,1,Known_Family_Only,Known_Family_Only
5551,12431,1,Potential_Novel_Family,Potential_Novel_Family
8149,4920,1,Expanded_Known_Family,Potential_Novel_Family
11834,12863,1,Expanded_Known_Family,Potential_Novel_Family
8081,11452,2,Expanded_Known_Family,Potential_Novel_Family
7521,12217,1,Potential_Novel_Family,Known_Family_Only
1034,12181,1,Potential_Novel_Family,Known_Family_Only
611,3568,3,Expanded_Known_Family,Expanded_Known_Family
8419,11641,1,Known_Family_Only,Potential_Novel_Family
1991,4064,1,Potential_Novel_Family,Potential_Novel_Family
4881,12451,1,Expanded_Known_Family,Potential_Novel_Family
4881,7069,1,Expanded_Known_Family,Known_Family_Only
1092,3260,1,Known_Family_Only,Potential_Novel_Family
1092,9981,2,Known_Family_Only,Potential_Novel_Family
6730,8566,2,Expanded_Known_Family,Expanded_Known_Family
4053,8367,2,Potential_Novel_Family,Known_Family_Only
10721,12790,1,Expanded_Known_Family,Potential_Novel_Family
10721,10632,3,Expanded_Known_Family,Expanded_Known_Family
6594,11777,1,Potential_Novel_Family,Known_Family_Only
5369,9508,1,Known_Family_Only,Potential_Novel_Family
2628,3934,1,Potential_Novel_Family,Potential_Novel_Family
88,4460,1,Expanded_Known_Family,Potential_Novel_Family
88,10190,1,Expanded_Known_Family,Known_Family_Only
88,2695,1,Expanded_Known_Family,Known_Family_Only
88,5789,1,Expanded_Known_Family,Potential_Novel_Family
88,5688,1,Expanded_Known_Family,Known_Family_Only
88,944,1,Expanded_Known_Family,Potential_Novel_Family
4460,10190,1,Potential_Novel_Family,Known_Family_Only
8750,12835,1,Potential_Novel_Family,Potential_Novel_Family
3978,12810,1,Known_Family_Only,Potential_Novel_Family
12011,11453,2,Expanded_Known_Family,Potential_Novel_Family
12011,11259,1,Expanded_Known_Family,Potential_Novel_Family
2053,8652,1,Potential_Novel_Family,Known_Family_Only
2275,11226,1,Known_Family_Only,Potential_Novel_Family
457,7793,1,Potential_Novel_Family,Potential_Novel_Family
2993,7954,2,Expanded_Known_Family,Potential_Novel_Family
2993,8467,1,Expanded_Known_Family,Known_Family_Only
6920,7236,2,Known_Family_Only,Potential_Novel_Family
528,2932,1,Expanded_Known_Family,Potential_Novel_Family
2061,9341,1,Known_Family_Only,Potential_Novel_Family
7485,11554,1,Potential_Novel_Family,Known_Family_Only
3027,11200,1,Potential_Novel_Family,Known_Family_Only
3768,11527,1,Expanded_Known_Family,Potential_Novel_Family
3768,11045,1,Expanded_Known_Family,Potential_Novel_Family
3768,5172,1,Expanded_Known_Family,Known_Family_Only
3768,10780,1,Expanded_Known_Family,Known_Family_Only
5590,6956,1,Potential_Novel_Family,Potential_Novel_Family
847,1616,2,Expanded_Known_Family,Potential_Novel_Family
847,1758,1,Expanded_Known_Family,Known_Family_Only
1616,8610,1,Potential_Novel_Family,Potential_Novel_Family
12004,12757,1,Known_Family_Only,Potential_Novel_Family
2851,7854,1,Potential_Novel_Family,Known_Family_Only
2851,2203,1,Potential_Novel_Family,Expanded_Known_Family
6412,8499,1,Potential_Novel_Family,Known_Family_Only
5138,8280,1,Potential_Novel_Family,Potential_Novel_Family
153,4984,1,Potential_Novel_Family,Known_Family_Only
5483,9108,1,Known_Family_Only,Potential_Novel_Family
4204,6526,2,Potential_Novel_Family,Potential_Novel_Family
7086,8135,1,Potential_Novel_Family,Known_Family_Only
5147,12783,1,Expanded_Known_Family,Potential_Novel_Family
5147,10127,1,Expanded_Known_Family,Potential_Novel_Family
11410,12404,1,Known_Family_Only,Potential_Novel_Family
1388,1548,1,Potential_Novel_Family,Known_Family_Only
1548,1524,1,Known_Family_Only,Potential_Novel_Family
516,639,1,Potential_Novel_Family,Potential_Novel_Family
516,2551,1,Potential_Novel_Family,Known_Family_Only
639,2551,1,Potential_Novel_Family,Known_Family_Only
2551,1498,1,Known_Family_Only,Potential_Novel_Family
4099,6498,1,Potential_Novel_Family,Potential_Novel_Family
6759,6957,1,Potential_Novel_Family,Potential_Novel_Family
1936,6921,1,Potential_Novel_Family,Potential_Novel_Family
2827,3689,1,Known_Family_Only,Potential_Novel_Family
1170,11904,1,Potential_Novel_Family,Known_Family_Only
1170,12759,1,Potential_Novel_Family,Known_Family_Only
2495,5964,1,Expanded_Known_Family,Known_Family_Only
2495,1929,1,Expanded_Known_Family,Potential_Novel_Family
629,4314,1,Potential_Novel_Family,Expanded_Known_Family
4314,2346,1,Expanded_Known_Family,Potential_Novel_Family
74,393,2,Potential_Novel_Family,Expanded_Known_Family
74,928,1,Potential_Novel_Family,Expanded_Known_Family
74,10002,2,Potential_Novel_Family,Potential_Novel_Family
393,928,2,Expanded_Known_Family,Expanded_Known_Family
393,10002,2,Expanded_Known_Family,Potential_Novel_Family
928,10002,1,Expanded_Known_Family,Potential_Novel_Family
49,3569,1,Expanded_Known_Family,Potential_Novel_Family
49,1539,3,Expanded_Known_Family,Known_Family_Only
49,3961,2,Expanded_Known_Family,Expanded_Known_Family
49,6502,3,Expanded_Known_Family,Potential_Novel_Family
1882,3688,1,Known_Family_Only,Potential_Novel_Family
9227,11411,1,Known_Family_Only,Potential_Novel_Family
7320,8688,1,Potential_Novel_Family,Known_Family_Only
246,4118,1,Expanded_Known_Family,Potential_Novel_Family
246,4463,1,Expanded_Known_Family,Known_Family_Only
246,3835,1,Expanded_Known_Family,Potential_Novel_Family
246,3504,1,Expanded_Known_Family,Potential_Novel_Family
4442,12695,1,Potential_Novel_Family,Known_Family_Only
1058,4015,1,Potential_Novel_Family,Known_Family_Only
9637,11778,1,Potential_Novel_Family,Potential_Novel_Family
1799,4805,1,Potential_Novel_Family,Potential_Novel_Family
1605,3517,1,Potential_Novel_Family,Potential_Novel_Family
1605,3129,1,Potential_Novel_Family,Potential_Novel_Family
2259,6253,1,Potential_Novel_Family,Known_Family_Only
2376,7210,2,Expanded_Known_Family,Potential_Novel_Family
2376,10545,1,Expanded_Known_Family,Known_Family_Only
9855,11011,1,Potential_Novel_Family,Known_Family_Only
7026,8980,1,Known_Family_Only,Potential_Novel_Family
1301,8203,1,Expanded_Known_Family,Known_Family_Only
1301,2485,1,Expanded_Known_Family,Potential_Novel_Family
6105,8653,2,Expanded_Known_Family,Potential_Novel_Family
869,5407,1,Potential_Novel_Family,Potential_Novel_Family
3831,12293,1,Potential_Novel_Family,Potential_Novel_Family
2695,5789,1,Known_Family_Only,Potential_Novel_Family
6104,12579,1,Potential_Novel_Family,Potential_Novel_Family
4563,10177,1,Potential_Novel_Family,Expanded_Known_Family
633,3106,1,Expanded_Known_Family,Potential_Novel_Family
4590,10915,1,Known_Family_Only,Potential_Novel_Family
1554,5001,1,Known_Family_Only,Potential_Novel_Family
5001,2737,1,Potential_Novel_Family,Known_Family_Only
5001,7032,1,Potential_Novel_Family,Known_Family_Only
5001,4689,1,Potential_Novel_Family,Expanded_Known_Family
4531,12005,1,Potential_Novel_Family,Known_Family_Only
8009,1442,1,Expanded_Known_Family,Expanded_Known_Family
2366,9342,1,Potential_Novel_Family,Potential_Novel_Family
2366,9764,1,Potential_Novel_Family,Known_Family_Only
1368,8421,1,Known_Family_Only,Potential_Novel_Family
7701,11902,1,Potential_Novel_Family,Known_Family_Only
7701,12715,1,Potential_Novel_Family,Potential_Novel_Family
7701,12836,1,Potential_Novel_Family,Potential_Novel_Family
11902,12715,1,Known_Family_Only,Potential_Novel_Family
11902,12836,1,Known_Family_Only,Potential_Novel_Family
12715,12836,1,Potential_Novel_Family,Potential_Novel_Family
7352,10273,1,Potential_Novel_Family,Known_Family_Only
3448,8319,1,Known_Family_Only,Potential_Novel_Family
2794,10418,1,Potential_Novel_Family,Potential_Novel_Family
9856,12743,1,Potential_Novel_Family,Potential_Novel_Family
5856,7700,1,Known_Family_Only,Potential_Novel_Family
6765,8654,4,Expanded_Known_Family,Expanded_Known_Family
4488,12182,2,Expanded_Known_Family,Expanded_Known_Family
4488,8083,2,Expanded_Known_Family,Expanded_Known_Family
588,5541,1,Potential_Novel_Family,Potential_Novel_Family
4911,11168,1,Potential_Novel_Family,Known_Family_Only
4338,7671,1,Expanded_Known_Family,Potential_Novel_Family
4338,8856,2,Expanded_Known_Family,Expanded_Known_Family
4338,11838,1,Expanded_Known_Family,Known_Family_Only
4338,7997,1,Expanded_Known_Family,Potential_Novel_Family
2233,7598,1,Potential_Novel_Family,Known_Family_Only
6106,8462,2,Expanded_Known_Family,Expanded_Known_Family
8462,11955,1,Expanded_Known_Family,Known_Family_Only
4178,7566,1,Potential_Novel_Family,Potential_Novel_Family
1350,3011,1,Potential_Novel_Family,Potential_Novel_Family
3750,8394,4,Known_Family_Only,Potential_Novel_Family
6527,7055,1,Potential_Novel_Family,Potential_Novel_Family
642,798,1,Expanded_Known_Family,Known_Family_Only
642,859,1,Expanded_Known_Family,Potential_Novel_Family
642,8695,1,Expanded_Known_Family,Known_Family_Only
642,4121,1,Expanded_Known_Family,Potential_Novel_Family
3281,10521,1,Potential_Novel_Family,Potential_Novel_Family
8950,11040,1,Known_Family_Only,Potential_Novel_Family
7535,8751,4,Expanded_Known_Family,Expanded_Known_Family
7535,5141,1,Expanded_Known_Family,Potential_Novel_Family
8751,5141,1,Expanded_Known_Family,Potential_Novel_Family
3356,8175,2,Potential_Novel_Family,Expanded_Known_Family
9021,11601,1,Known_Family_Only,Potential_Novel_Family
10916,11450,1,Potential_Novel_Family,Potential_Novel_Family
6559,8078,1,Potential_Novel_Family,Expanded_Known_Family
8078,12463,1,Expanded_Known_Family,Potential_Novel_Family
4315,7271,2,Expanded_Known_Family,Expanded_Known_Family
1011,7211,1,Known_Family_Only,Potential_Novel_Family
1436,2095,1,Potential_Novel_Family,Known_Family_Only
23,3337,1,Potential_Novel_Family,Known_Family_Only
23,7702,1,Potential_Novel_Family,Potential_Novel_Family
3337,7702,1,Known_Family_Only,Potential_Novel_Family
136,5790,1,Known_Family_Only,Expanded_Known_Family
5790,4885,1,Expanded_Known_Family,Potential_Novel_Family
5790,11722,1,Expanded_Known_Family,Potential_Novel_Family
3419,8655,1,Potential_Novel_Family,Known_Family_Only
5759,5857,1,Potential_Novel_Family,Known_Family_Only
5759,8814,1,Potential_Novel_Family,Known_Family_Only
5857,8814,1,Known_Family_Only,Known_Family_Only
7186,7377,1,Known_Family_Only,Potential_Novel_Family
3405,10419,1,Known_Family_Only,Potential_Novel_Family
1408,2485,1,Known_Family_Only,Potential_Novel_Family
2485,2544,1,Potential_Novel_Family,Known_Family_Only
3887,9197,1,Known_Family_Only,Potential_Novel_Family
2933,6072,1,Known_Family_Only,Potential_Novel_Family
10649,12363,1,Potential_Novel_Family,Potential_Novel_Family
9379,9793,1,Expanded_Known_Family,Potential_Novel_Family
3545,5267,3,Potential_Novel_Family,Expanded_Known_Family
7703,8105,1,Known_Family_Only,Potential_Novel_Family
4985,6107,1,Known_Family_Only,Potential_Novel_Family
7027,8535,6,Expanded_Known_Family,Expanded_Known_Family
7027,9343,1,Expanded_Known_Family,Potential_Novel_Family
7027,3373,1,Expanded_Known_Family,Potential_Novel_Family
8535,3373,1,Expanded_Known_Family,Potential_Novel_Family
189,1357,3,Potential_Novel_Family,Expanded_Known_Family
11642,12859,1,Potential_Novel_Family,Potential_Novel_Family
1366,5014,2,Potential_Novel_Family,Potential_Novel_Family
4515,10719,1,Potential_Novel_Family,Potential_Novel_Family
3012,12006,1,Potential_Novel_Family,Potential_Novel_Family
4286,4883,1,Potential_Novel_Family,Potential_Novel_Family
11289,5564,1,Expanded_Known_Family,Potential_Novel_Family
11289,4356,3,Expanded_Known_Family,Potential_Novel_Family
10690,12080,1,Known_Family_Only,Potential_Novel_Family
109,12269,1,Expanded_Known_Family,Expanded_Known_Family
109,482,1,Expanded_Known_Family,Potential_Novel_Family
109,9266,1,Expanded_Known_Family,Expanded_Known_Family
2167,7704,1,Potential_Novel_Family,Potential_Novel_Family
12147,12432,1,Potential_Novel_Family,Potential_Novel_Family
12147,324,2,Potential_Novel_Family,Known_Family_Only
332,773,1,Known_Family_Only,Potential_Novel_Family
332,5384,1,Known_Family_Only,Potential_Novel_Family
5299,6528,1,Potential_Novel_Family,Known_Family_Only
4461,4785,1,Potential_Novel_Family,Potential_Novel_Family
11352,11943,1,Potential_Novel_Family,Potential_Novel_Family
11352,12220,1,Potential_Novel_Family,Potential_Novel_Family
6277,9602,1,Known_Family_Only,Potential_Novel_Family
6278,6731,1,Known_Family_Only,Potential_Novel_Family
3871,3935,1,Known_Family_Only,Potential_Novel_Family
2615,2755,1,Expanded_Known_Family,Potential_Novel_Family
2615,3498,1,Expanded_Known_Family,Expanded_Known_Family
2615,8541,1,Expanded_Known_Family,Expanded_Known_Family
361,2895,1,Potential_Novel_Family,Potential_Novel_Family
6480,9819,1,Potential_Novel_Family,Known_Family_Only
1469,2934,1,Potential_Novel_Family,Known_Family_Only
7889,11678,1,Potential_Novel_Family,Known_Family_Only
4226,4245,1,Potential_Novel_Family,Known_Family_Only
572,6160,1,Known_Family_Only,Potential_Novel_Family
5453,8763,1,Potential_Novel_Family,Expanded_Known_Family
692,4806,1,Potential_Novel_Family,Known_Family_Only
5142,7921,1,Known_Family_Only,Potential_Novel_Family
2147,2839,1,Potential_Novel_Family,Potential_Novel_Family
2147,3036,3,Potential_Novel_Family,Known_Family_Only
6596,9794,1,Known_Family_Only,Potential_Novel_Family
11860,11524,2,Expanded_Known_Family,Expanded_Known_Family
4850,9475,1,Potential_Novel_Family,Known_Family_Only
4850,9713,1,Potential_Novel_Family,Known_Family_Only
9475,9713,1,Known_Family_Only,Known_Family_Only
11905,12110,2,Potential_Novel_Family,Expanded_Known_Family
11905,2986,1,Potential_Novel_Family,Known_Family_Only
11905,12090,2,Potential_Novel_Family,Potential_Novel_Family
8567,10338,1,Potential_Novel_Family,Known_Family_Only
1993,5995,1,Potential_Novel_Family,Known_Family_Only
5347,8500,1,Potential_Novel_Family,Known_Family_Only
5737,6390,1,Expanded_Known_Family,Potential_Novel_Family
5737,4190,1,Expanded_Known_Family,Known_Family_Only
3045,9286,1,Expanded_Known_Family,Potential_Novel_Family
3045,9034,1,Expanded_Known_Family,Potential_Novel_Family
1505,11227,1,Potential_Novel_Family,Known_Family_Only
3242,5057,1,Potential_Novel_Family,Known_Family_Only
1330,2970,1,Potential_Novel_Family,Known_Family_Only
4041,12482,1,Potential_Novel_Family,Known_Family_Only
4041,495,1,Potential_Novel_Family,Expanded_Known_Family
4041,10017,1,Potential_Novel_Family,Known_Family_Only
5940,6597,1,Known_Family_Only,Potential_Novel_Family
2155,6560,1,Potential_Novel_Family,Known_Family_Only
6560,5507,1,Known_Family_Only,Potential_Novel_Family
5678,8391,1,Potential_Novel_Family,Expanded_Known_Family
3536,4462,1,Potential_Novel_Family,Potential_Novel_Family
548,551,1,Known_Family_Only,Potential_Novel_Family
3725,10215,1,Potential_Novel_Family,Potential_Novel_Family
142,2122,1,Expanded_Known_Family,Potential_Novel_Family
142,100,1,Expanded_Known_Family,Known_Family_Only
142,2411,1,Expanded_Known_Family,Potential_Novel_Family
142,2055,1,Expanded_Known_Family,Known_Family_Only
4711,8460,1,Known_Family_Only,Potential_Novel_Family
1338,6035,1,Potential_Novel_Family,Potential_Novel_Family
1163,3980,1,Known_Family_Only,Potential_Novel_Family
4179,6280,1,Known_Family_Only,Potential_Novel_Family
6280,968,1,Potential_Novel_Family,Potential_Novel_Family
9963,10003,1,Known_Family_Only,Potential_Novel_Family
478,7322,1,Expanded_Known_Family,Potential_Novel_Family
2588,9885,1,Potential_Novel_Family,Known_Family_Only
7705,8204,1,Known_Family_Only,Potential_Novel_Family
7856,8981,1,Potential_Novel_Family,Potential_Novel_Family
7856,8885,1,Potential_Novel_Family,Potential_Novel_Family
3888,10443,1,Known_Family_Only,Potential_Novel_Family
174,4293,2,Expanded_Known_Family,Potential_Novel_Family
5721,5385,1,Expanded_Known_Family,Potential_Novel_Family
3028,10085,1,Potential_Novel_Family,Known_Family_Only
2128,7955,1,Expanded_Known_Family,Potential_Novel_Family
2128,2633,1,Expanded_Known_Family,Expanded_Known_Family
1143,1409,1,Potential_Novel_Family,Known_Family_Only
8951,12716,1,Potential_Novel_Family,Potential_Novel_Family
1663,8106,1,Known_Family_Only,Potential_Novel_Family
123,5454,1,Potential_Novel_Family,Known_Family_Only
4246,10471,1,Potential_Novel_Family,Potential_Novel_Family
10031,10494,1,Potential_Novel_Family,Potential_Novel_Family
5329,10086,1,Expanded_Known_Family,Potential_Novel_Family
5329,9208,1,Expanded_Known_Family,Potential_Novel_Family
4352,7567,1,Known_Family_Only,Potential_Novel_Family
1287,5360,2,Known_Family_Only,Potential_Novel_Family
1287,7652,2,Known_Family_Only,Known_Family_Only
5360,7652,2,Potential_Novel_Family,Known_Family_Only
4487,5285,1,Potential_Novel_Family,Potential_Novel_Family
4487,5300,1,Potential_Novel_Family,Potential_Novel_Family
5285,5300,1,Potential_Novel_Family,Potential_Novel_Family
9198,12517,1,Known_Family_Only,Potential_Novel_Family
4353,10917,1,Potential_Novel_Family,Known_Family_Only
8051,11715,1,Potential_Novel_Family,Potential_Novel_Family
4443,8320,1,Potential_Novel_Family,Potential_Novel_Family
4443,935,1,Potential_Novel_Family,Known_Family_Only
4443,8438,1,Potential_Novel_Family,Potential_Novel_Family
410,3107,1,Expanded_Known_Family,Potential_Novel_Family
410,6561,1,Expanded_Known_Family,Known_Family_Only
410,2589,1,Expanded_Known_Family,Known_Family_Only
3107,6561,1,Potential_Novel_Family,Known_Family_Only
3087,5301,1,Potential_Novel_Family,Potential_Novel_Family
3087,7568,1,Potential_Novel_Family,Potential_Novel_Family
3087,9673,1,Potential_Novel_Family,Potential_Novel_Family
5301,7568,1,Potential_Novel_Family,Potential_Novel_Family
5301,9673,1,Potential_Novel_Family,Potential_Novel_Family
7568,9673,1,Potential_Novel_Family,Potential_Novel_Family
1192,5169,1,Known_Family_Only,Expanded_Known_Family
5169,6267,1,Expanded_Known_Family,Potential_Novel_Family
3651,6674,1,Potential_Novel_Family,Potential_Novel_Family
2562,4884,1,Potential_Novel_Family,Potential_Novel_Family
4444,6598,1,Potential_Novel_Family,Known_Family_Only
4444,7569,1,Potential_Novel_Family,Known_Family_Only
6598,7569,1,Known_Family_Only,Known_Family_Only
5679,3913,1,Expanded_Known_Family,Potential_Novel_Family
11906,9931,2,Expanded_Known_Family,Potential_Novel_Family
4614,10976,1,Expanded_Known_Family,Potential_Novel_Family
4614,567,2,Expanded_Known_Family,Expanded_Known_Family
10087,8224,1,Potential_Novel_Family,Potential_Novel_Family
3068,10191,1,Expanded_Known_Family,Potential_Novel_Family
3068,3937,1,Expanded_Known_Family,Potential_Novel_Family
3068,9970,1,Expanded_Known_Family,Potential_Novel_Family
3068,7302,1,Expanded_Known_Family,Known_Family_Only
1294,5514,2,Known_Family_Only,Potential_Novel_Family
11095,11214,1,Potential_Novel_Family,Potential_Novel_Family
8079,10720,1,Potential_Novel_Family,Known_Family_Only
8349,8840,1,Potential_Novel_Family,Known_Family_Only
1980,11859,1,Known_Family_Only,Potential_Novel_Family
7293,8461,1,Potential_Novel_Family,Potential_Novel_Family
5910,8568,1,Known_Family_Only,Potential_Novel_Family
2852,8609,1,Potential_Novel_Family,Known_Family_Only
11097,12453,1,Known_Family_Only,Potential_Novel_Family
2795,10004,1,Potential_Novel_Family,Known_Family_Only
3280,7732,1,Potential_Novel_Family,Known_Family_Only
7056,11096,1,Known_Family_Only,Potential_Novel_Family
2523,5591,1,Potential_Novel_Family,Known_Family_Only
1148,1240,1,Known_Family_Only,Potential_Novel_Family
5966,4291,2,Expanded_Known_Family,Expanded_Known_Family
5966,6482,1,Expanded_Known_Family,Potential_Novel_Family
24,4326,1,Expanded_Known_Family,Potential_Novel_Family
24,10157,1,Expanded_Known_Family,Potential_Novel_Family
5170,10522,1,Known_Family_Only,Potential_Novel_Family
7125,8020,2,Potential_Novel_Family,Expanded_Known_Family
5592,8205,1,Potential_Novel_Family,Known_Family_Only
544,5269,1,Potential_Novel_Family,Potential_Novel_Family
544,12839,1,Potential_Novel_Family,Potential_Novel_Family
7455,8722,1,Potential_Novel_Family,Known_Family_Only
2578,12364,1,Expanded_Known_Family,Potential_Novel_Family
2578,2500,1,Expanded_Known_Family,Potential_Novel_Family
12364,12740,1,Potential_Novel_Family,Known_Family_Only
2718,8464,1,Potential_Novel_Family,Expanded_Known_Family
2718,4495,1,Potential_Novel_Family,Known_Family_Only
8464,2563,5,Expanded_Known_Family,Expanded_Known_Family
2106,7868,1,Potential_Novel_Family,Known_Family_Only
3572,8752,1,Known_Family_Only,Potential_Novel_Family
8882,8892,1,Expanded_Known_Family,Potential_Novel_Family
8536,10169,1,Known_Family_Only,Potential_Novel_Family
964,3261,1,Known_Family_Only,Potential_Novel_Family
11523,12658,1,Potential_Novel_Family,Potential_Novel_Family
4016,5225,1,Potential_Novel_Family,Potential_Novel_Family
7486,10088,1,Potential_Novel_Family,Potential_Novel_Family
2127,2314,2,Expanded_Known_Family,Potential_Novel_Family
2127,8762,1,Expanded_Known_Family,Potential_Novel_Family
11042,12539,1,Expanded_Known_Family,Potential_Novel_Family
10244,12458,1,Expanded_Known_Family,Known_Family_Only
10244,7941,1,Expanded_Known_Family,Known_Family_Only
1546,5455,2,Known_Family_Only,Potential_Novel_Family
702,1093,1,Potential_Novel_Family,Potential_Novel_Family
702,1282,1,Potential_Novel_Family,Potential_Novel_Family
1093,1282,1,Potential_Novel_Family,Potential_Novel_Family
2,3117,1,Expanded_Known_Family,Potential_Novel_Family
2,2358,1,Expanded_Known_Family,Known_Family_Only
2,11743,1,Expanded_Known_Family,Known_Family_Only
2,12122,1,Expanded_Known_Family,Potential_Novel_Family
3117,5509,1,Potential_Novel_Family,Potential_Novel_Family
3117,5843,1,Potential_Novel_Family,Potential_Novel_Family
1847,5738,1,Expanded_Known_Family,Known_Family_Only
1847,3129,1,Expanded_Known_Family,Potential_Novel_Family
4445,9022,1,Potential_Novel_Family,Known_Family_Only
1389,10977,1,Known_Family_Only,Potential_Novel_Family
10977,11386,1,Potential_Novel_Family,Known_Family_Only
6994,8883,1,Known_Family_Only,Potential_Novel_Family
2008,8463,1,Potential_Novel_Family,Potential_Novel_Family
3833,7406,1,Known_Family_Only,Potential_Novel_Family
5431,8423,1,Known_Family_Only,Potential_Novel_Family
10114,12454,2,Potential_Novel_Family,Potential_Novel_Family
7487,9964,1,Expanded_Known_Family,Known_Family_Only
7487,8286,1,Expanded_Known_Family,Potential_Novel_Family
7487,7446,2,Expanded_Known_Family,Potential_Novel_Family
1188,2796,1,Expanded_Known_Family,Potential_Novel_Family
1188,4054,1,Expanded_Known_Family,Known_Family_Only
1188,6887,1,Expanded_Known_Family,Potential_Novel_Family
1188,12519,1,Expanded_Known_Family,Potential_Novel_Family
2796,4054,1,Potential_Novel_Family,Known_Family_Only
7497,7672,1,Potential_Novel_Family,Known_Family_Only
7497,431,1,Potential_Novel_Family,Expanded_Known_Family
8083,4797,1,Expanded_Known_Family,Known_Family_Only
7855,9571,1,Potential_Novel_Family,Potential_Novel_Family
7855,11555,1,Potential_Novel_Family,Potential_Novel_Family
9571,11555,1,Potential_Novel_Family,Potential_Novel_Family
7238,10303,2,Potential_Novel_Family,Potential_Novel_Family
7238,2767,1,Potential_Novel_Family,Expanded_Known_Family
10303,2767,1,Potential_Novel_Family,Expanded_Known_Family
6218,12717,1,Potential_Novel_Family,Known_Family_Only
6825,10089,1,Potential_Novel_Family,Expanded_Known_Family
10089,9484,1,Expanded_Known_Family,Known_Family_Only
52,3228,3,Expanded_Known_Family,Expanded_Known_Family
52,38,1,Expanded_Known_Family,Expanded_Known_Family
1517,2684,1,Potential_Novel_Family,Known_Family_Only
1517,6499,1,Potential_Novel_Family,Known_Family_Only
2684,6499,1,Known_Family_Only,Known_Family_Only
7378,12331,1,Potential_Novel_Family,Known_Family_Only
2009,2063,1,Potential_Novel_Family,Potential_Novel_Family
2767,3963,1,Expanded_Known_Family,Potential_Novel_Family
4533,9886,1,Potential_Novel_Family,Known_Family_Only
3633,5118,1,Potential_Novel_Family,Potential_Novel_Family
3633,11750,1,Potential_Novel_Family,Known_Family_Only
3633,2661,1,Potential_Novel_Family,Known_Family_Only
3633,405,1,Potential_Novel_Family,Potential_Novel_Family
2123,6108,1,Potential_Novel_Family,Known_Family_Only
423,1272,1,Expanded_Known_Family,Potential_Novel_Family
423,4058,1,Expanded_Known_Family,Known_Family_Only
1938,4831,1,Known_Family_Only,Potential_Novel_Family
2001,5432,1,Potential_Novel_Family,Known_Family_Only
1974,12678,1,Potential_Novel_Family,Potential_Novel_Family
3046,10746,1,Known_Family_Only,Potential_Novel_Family
2734,4712,1,Potential_Novel_Family,Known_Family_Only
10245,11946,1,Potential_Novel_Family,Known_Family_Only
9023,11716,1,Potential_Novel_Family,Known_Family_Only
3814,8080,1,Potential_Novel_Family,Known_Family_Only
10032,10830,1,Potential_Novel_Family,Known_Family_Only
10032,5059,1,Potential_Novel_Family,Potential_Novel_Family
7153,10950,1,Known_Family_Only,Potential_Novel_Family
9765,4659,1,Expanded_Known_Family,Potential_Novel_Family
4394,5302,1,Potential_Novel_Family,Potential_Novel_Family
4394,12365,1,Potential_Novel_Family,Potential_Novel_Family
5302,12365,1,Potential_Novel_Family,Potential_Novel_Family
100,8785,2,Known_Family_Only,Potential_Novel_Family
100,9560,1,Known_Family_Only,Potential_Novel_Family
8753,12219,1,Potential_Novel_Family,Known_Family_Only
8,4955,1,Expanded_Known_Family,Potential_Novel_Family
8,12367,1,Expanded_Known_Family,Potential_Novel_Family
8,303,1,Expanded_Known_Family,Potential_Novel_Family
8,2125,1,Expanded_Known_Family,Known_Family_Only
8,4104,1,Expanded_Known_Family,Potential_Novel_Family
10632,11831,1,Expanded_Known_Family,Potential_Novel_Family
7089,8952,1,Known_Family_Only,Potential_Novel_Family
6161,10629,1,Known_Family_Only,Potential_Novel_Family
718,8010,2,Expanded_Known_Family,Expanded_Known_Family
902,3705,1,Expanded_Known_Family,Known_Family_Only
902,4470,1,Expanded_Known_Family,Expanded_Known_Family
7794,6459,1,Expanded_Known_Family,Potential_Novel_Family
7794,3297,1,Expanded_Known_Family,Potential_Novel_Family
4180,6732,1,Known_Family_Only,Potential_Novel_Family
4327,9312,1,Potential_Novel_Family,Potential_Novel_Family
4105,9082,1,Expanded_Known_Family,Potential_Novel_Family
4105,7332,1,Expanded_Known_Family,Potential_Novel_Family
9380,11098,1,Potential_Novel_Family,Known_Family_Only
8913,162,1,Expanded_Known_Family,Expanded_Known_Family
2313,12109,1,Potential_Novel_Family,Potential_Novel_Family
2313,3770,1,Potential_Novel_Family,Potential_Novel_Family
6826,10918,2,Expanded_Known_Family,Potential_Novel_Family
5303,12008,1,Potential_Novel_Family,Known_Family_Only
9287,11744,1,Potential_Novel_Family,Potential_Novel_Family
11744,7825,1,Potential_Novel_Family,Known_Family_Only
7090,12081,1,Known_Family_Only,Potential_Novel_Family
6254,6391,1,Known_Family_Only,Potential_Novel_Family
11796,12114,1,Expanded_Known_Family,Potential_Novel_Family
5144,6020,1,Known_Family_Only,Potential_Novel_Family
5144,8569,1,Known_Family_Only,Known_Family_Only
5144,10919,1,Known_Family_Only,Known_Family_Only
6020,8569,1,Potential_Novel_Family,Known_Family_Only
6020,10919,1,Potential_Novel_Family,Known_Family_Only
8569,10919,1,Known_Family_Only,Known_Family_Only
3108,10390,1,Known_Family_Only,Potential_Novel_Family
3763,5886,2,Expanded_Known_Family,Potential_Novel_Family
4833,8501,1,Potential_Novel_Family,Known_Family_Only
1606,12146,1,Known_Family_Only,Potential_Novel_Family
4851,10305,1,Potential_Novel_Family,Known_Family_Only
4287,4593,2,Potential_Novel_Family,Potential_Novel_Family
5433,11043,1,Potential_Novel_Family,Known_Family_Only
868,8247,1,Potential_Novel_Family,Expanded_Known_Family
7240,7923,1,Expanded_Known_Family,Potential_Novel_Family
7240,8611,1,Expanded_Known_Family,Potential_Novel_Family
2264,4650,2,Potential_Novel_Family,Expanded_Known_Family
4650,7980,1,Expanded_Known_Family,Known_Family_Only
3609,9259,1,Potential_Novel_Family,Potential_Novel_Family
3170,9301,1,Known_Family_Only,Potential_Novel_Family
5593,6073,1,Potential_Novel_Family,Known_Family_Only
5593,10100,1,Potential_Novel_Family,Potential_Novel_Family
3690,4886,1,Known_Family_Only,Potential_Novel_Family
3069,9288,1,Expanded_Known_Family,Potential_Novel_Family
11619,11463,1,Potential_Novel_Family,Potential_Novel_Family
11619,7136,1,Potential_Novel_Family,Potential_Novel_Family
11387,12295,1,Potential_Novel_Family,Known_Family_Only
8424,11134,1,Potential_Novel_Family,Known_Family_Only
5304,2869,1,Potential_Novel_Family,Known_Family_Only
5304,2608,2,Potential_Novel_Family,Known_Family_Only
4288,10747,1,Potential_Novel_Family,Known_Family_Only
1791,3493,5,Expanded_Known_Family,Expanded_Known_Family
1342,11717,1,Potential_Novel_Family,Known_Family_Only
1342,9084,1,Potential_Novel_Family,Potential_Novel_Family
4018,11485,2,Potential_Novel_Family,Expanded_Known_Family
11178,12875,2,Expanded_Known_Family,Expanded_Known_Family
11178,9415,1,Expanded_Known_Family,Potential_Novel_Family
11178,2315,1,Expanded_Known_Family,Potential_Novel_Family
11178,12588,1,Expanded_Known_Family,Potential_Novel_Family
1564,4081,1,Known_Family_Only,Potential_Novel_Family
8246,11486,1,Potential_Novel_Family,Potential_Novel_Family
5119,8933,1,Potential_Novel_Family,Potential_Novel_Family
5119,9714,1,Potential_Novel_Family,Known_Family_Only
8933,9714,1,Potential_Novel_Family,Known_Family_Only
8933,1920,1,Potential_Novel_Family,Expanded_Known_Family
5891,9589,4,Potential_Novel_Family,Expanded_Known_Family
9589,7106,3,Expanded_Known_Family,Potential_Novel_Family
5409,12433,1,Potential_Novel_Family,Potential_Novel_Family
8570,9052,1,Known_Family_Only,Potential_Novel_Family
8537,9547,1,Potential_Novel_Family,Known_Family_Only
10472,11861,1,Potential_Novel_Family,Known_Family_Only
1852,11012,1,Known_Family_Only,Potential_Novel_Family
5033,7673,3,Potential_Novel_Family,Expanded_Known_Family
1812,9476,2,Known_Family_Only,Potential_Novel_Family
9134,10700,1,Known_Family_Only,Potential_Novel_Family
3262,8571,1,Potential_Novel_Family,Known_Family_Only
7795,12148,1,Potential_Novel_Family,Known_Family_Only
9381,9477,1,Potential_Novel_Family,Potential_Novel_Family
3382,4181,1,Known_Family_Only,Potential_Novel_Family
3358,3234,1,Expanded_Known_Family,Expanded_Known_Family
11136,12643,1,Known_Family_Only,Potential_Novel_Family
3029,4019,1,Potential_Novel_Family,Known_Family_Only
2840,12644,1,Potential_Novel_Family,Known_Family_Only
738,6162,1,Expanded_Known_Family,Potential_Novel_Family
738,12052,1,Expanded_Known_Family,Potential_Novel_Family
1488,7187,1,Known_Family_Only,Potential_Novel_Family
4055,6500,1,Known_Family_Only,Expanded_Known_Family
7188,11315,1,Known_Family_Only,Potential_Novel_Family
957,12616,1,Potential_Novel_Family,Known_Family_Only
1392,2829,1,Potential_Novel_Family,Known_Family_Only
1392,3013,1,Potential_Novel_Family,Known_Family_Only
1392,8012,1,Potential_Novel_Family,Known_Family_Only
1392,2492,1,Potential_Novel_Family,Expanded_Known_Family
2829,3013,1,Known_Family_Only,Known_Family_Only
2829,8012,1,Known_Family_Only,Known_Family_Only
3013,8012,1,Known_Family_Only,Known_Family_Only
6958,7241,2,Potential_Novel_Family,Potential_Novel_Family
6370,8145,2,Potential_Novel_Family,Known_Family_Only
4627,6733,1,Known_Family_Only,Potential_Novel_Family
8013,10391,1,Potential_Novel_Family,Known_Family_Only
495,8625,1,Expanded_Known_Family,Expanded_Known_Family
495,6927,1,Expanded_Known_Family,Known_Family_Only
495,12379,1,Expanded_Known_Family,Known_Family_Only
8625,1045,1,Expanded_Known_Family,Potential_Novel_Family
798,859,1,Known_Family_Only,Potential_Novel_Family
5680,9410,1,Known_Family_Only,Potential_Novel_Family
5680,12332,1,Known_Family_Only,Potential_Novel_Family
9410,12332,1,Potential_Novel_Family,Potential_Novel_Family
8014,11169,1,Potential_Novel_Family,Expanded_Known_Family
11169,8089,1,Expanded_Known_Family,Potential_Novel_Family
4680,9639,1,Potential_Novel_Family,Known_Family_Only
248,6646,1,Expanded_Known_Family,Potential_Novel_Family
248,10400,1,Expanded_Known_Family,Potential_Novel_Family
6392,11526,1,Potential_Novel_Family,Known_Family_Only
6996,9344,1,Known_Family_Only,Potential_Novel_Family
11487,12009,1,Potential_Novel_Family,Expanded_Known_Family
12009,12024,1,Expanded_Known_Family,Potential_Novel_Family
3127,4247,1,Potential_Novel_Family,Known_Family_Only
4516,6788,2,Expanded_Known_Family,Expanded_Known_Family
2868,6734,1,Potential_Novel_Family,Known_Family_Only
4786,12149,1,Potential_Novel_Family,Potential_Novel_Family
2064,4734,2,Potential_Novel_Family,Potential_Novel_Family
2010,11100,3,Potential_Novel_Family,Expanded_Known_Family
3088,6279,1,Potential_Novel_Family,Potential_Novel_Family
1100,11101,1,Known_Family_Only,Potential_Novel_Family
3966,6634,3,Expanded_Known_Family,Expanded_Known_Family
10951,11976,1,Potential_Novel_Family,Known_Family_Only
801,1476,1,Known_Family_Only,Potential_Novel_Family
4987,5941,6,Expanded_Known_Family,Expanded_Known_Family
4987,1085,1,Expanded_Known_Family,Expanded_Known_Family
162,836,1,Expanded_Known_Family,Potential_Novel_Family
162,11754,1,Expanded_Known_Family,Potential_Novel_Family
10144,11316,2,Potential_Novel_Family,Potential_Novel_Family
3747,5458,1,Known_Family_Only,Potential_Novel_Family
7706,10392,1,Potential_Novel_Family,Known_Family_Only
3518,9857,1,Potential_Novel_Family,Potential_Novel_Family
3518,7938,1,Potential_Novel_Family,Known_Family_Only
4787,6414,1,Potential_Novel_Family,Known_Family_Only
11916,12088,1,Expanded_Known_Family,Potential_Novel_Family
1021,5913,1,Known_Family_Only,Potential_Novel_Family
1021,4271,1,Known_Family_Only,Potential_Novel_Family
6164,10546,1,Potential_Novel_Family,Known_Family_Only
4446,8082,1,Potential_Novel_Family,Known_Family_Only
2735,8137,1,Potential_Novel_Family,Known_Family_Only
8841,12784,1,Potential_Novel_Family,Potential_Novel_Family
2021,10420,1,Known_Family_Only,Potential_Novel_Family
706,2538,1,Known_Family_Only,Known_Family_Only
1981,9919,2,Expanded_Known_Family,Potential_Novel_Family
9478,12595,1,Potential_Novel_Family,Potential_Novel_Family
6735,9030,1,Potential_Novel_Family,Expanded_Known_Family
9030,6859,1,Expanded_Known_Family,Known_Family_Only
676,1133,1,Known_Family_Only,Potential_Novel_Family
161,5976,2,Expanded_Known_Family,Expanded_Known_Family
5976,138,1,Expanded_Known_Family,Potential_Novel_Family
5976,180,1,Expanded_Known_Family,Known_Family_Only
9606,10445,2,Potential_Novel_Family,Potential_Novel_Family
5197,8767,1,Potential_Novel_Family,Known_Family_Only
2480,12486,1,Expanded_Known_Family,Known_Family_Only
2179,12679,1,Potential_Novel_Family,Potential_Novel_Family
69,3449,4,Expanded_Known_Family,Potential_Novel_Family
69,5335,1,Expanded_Known_Family,Potential_Novel_Family
177,3198,1,Expanded_Known_Family,Known_Family_Only
177,3410,1,Expanded_Known_Family,Expanded_Known_Family
177,11362,1,Expanded_Known_Family,Potential_Novel_Family
8283,12366,1,Potential_Novel_Family,Known_Family_Only
5270,11014,1,Potential_Novel_Family,Potential_Novel_Family
5270,11780,1,Potential_Novel_Family,Potential_Novel_Family
11014,11780,1,Potential_Novel_Family,Potential_Novel_Family
363,3383,3,Potential_Novel_Family,Expanded_Known_Family
5577,6562,2,Potential_Novel_Family,Known_Family_Only
9734,11718,1,Known_Family_Only,Potential_Novel_Family
1427,4020,2,Known_Family_Only,Potential_Novel_Family
1390,1967,1,Expanded_Known_Family,Potential_Novel_Family
9573,11602,1,Potential_Novel_Family,Potential_Novel_Family
1273,9607,1,Known_Family_Only,Potential_Novel_Family
8208,10062,1,Known_Family_Only,Potential_Novel_Family
2357,6998,1,Potential_Novel_Family,Potential_Novel_Family
1763,1975,1,Potential_Novel_Family,Known_Family_Only
4035,8016,1,Potential_Novel_Family,Potential_Novel_Family
3467,8914,1,Known_Family_Only,Potential_Novel_Family
4517,7457,1,Known_Family_Only,Potential_Novel_Family
4517,7891,1,Known_Family_Only,Known_Family_Only
7457,7891,1,Potential_Novel_Family,Known_Family_Only
3815,7091,1,Potential_Novel_Family,Known_Family_Only
11680,11781,1,Potential_Novel_Family,Potential_Novel_Family
8723,9735,1,Expanded_Known_Family,Known_Family_Only
8723,8828,1,Expanded_Known_Family,Potential_Novel_Family
6357,12659,1,Potential_Novel_Family,Known_Family_Only
682,4426,2,Potential_Novel_Family,Potential_Novel_Family
61,5705,1,Expanded_Known_Family,Expanded_Known_Family
61,10578,1,Expanded_Known_Family,Potential_Novel_Family
61,513,1,Expanded_Known_Family,Expanded_Known_Family
7825,11044,1,Known_Family_Only,Potential_Novel_Family
2630,4807,1,Potential_Novel_Family,Known_Family_Only
9943,10630,1,Potential_Novel_Family,Known_Family_Only
11138,12296,1,Potential_Novel_Family,Potential_Novel_Family
1472,3128,1,Potential_Novel_Family,Known_Family_Only
10105,12221,2,Known_Family_Only,Potential_Novel_Family
10007,12043,1,Known_Family_Only,Potential_Novel_Family
2797,4628,1,Potential_Novel_Family,Potential_Novel_Family
3406,8573,1,Potential_Novel_Family,Known_Family_Only
672,805,5,Expanded_Known_Family,Known_Family_Only
672,2143,1,Expanded_Known_Family,Potential_Novel_Family
7599,9165,1,Potential_Novel_Family,Known_Family_Only
1539,3961,2,Known_Family_Only,Expanded_Known_Family
1539,6502,3,Known_Family_Only,Potential_Novel_Family
3961,6502,2,Expanded_Known_Family,Potential_Novel_Family
7707,7822,1,Known_Family_Only,Potential_Novel_Family
3494,5271,1,Known_Family_Only,Potential_Novel_Family
6530,9346,2,Expanded_Known_Family,Potential_Novel_Family
2955,4416,1,Known_Family_Only,Potential_Novel_Family
9446,10856,1,Potential_Novel_Family,Known_Family_Only
12596,12785,1,Known_Family_Only,Potential_Novel_Family
10774,11494,2,Expanded_Known_Family,Expanded_Known_Family
2719,7379,1,Potential_Novel_Family,Potential_Novel_Family
10651,12597,1,Potential_Novel_Family,Known_Family_Only
1549,4374,1,Potential_Novel_Family,Known_Family_Only
1549,7491,1,Potential_Novel_Family,Expanded_Known_Family
5015,8392,1,Known_Family_Only,Potential_Novel_Family
38,6255,1,Expanded_Known_Family,Potential_Novel_Family
38,7633,2,Expanded_Known_Family,Potential_Novel_Family
38,6087,1,Expanded_Known_Family,Potential_Novel_Family
38,6901,1,Expanded_Known_Family,Potential_Novel_Family
10775,11603,1,Potential_Novel_Family,Potential_Novel_Family
11558,12184,1,Known_Family_Only,Potential_Novel_Family
11204,11488,1,Potential_Novel_Family,Potential_Novel_Family
2108,10530,2,Expanded_Known_Family,Potential_Novel_Family
2108,12440,1,Expanded_Known_Family,Known_Family_Only
6129,10421,2,Expanded_Known_Family,Potential_Novel_Family
10421,5710,1,Potential_Novel_Family,Known_Family_Only
12598,12745,1,Potential_Novel_Family,Potential_Novel_Family
10145,10776,2,Potential_Novel_Family,Potential_Novel_Family
4002,10115,1,Potential_Novel_Family,Known_Family_Only
1844,9965,1,Potential_Novel_Family,Known_Family_Only
1844,6399,1,Potential_Novel_Family,Known_Family_Only
2184,2798,1,Expanded_Known_Family,Known_Family_Only
2184,8215,1,Expanded_Known_Family,Potential_Novel_Family
2184,11180,1,Expanded_Known_Family,Potential_Novel_Family
54,4289,1,Expanded_Known_Family,Potential_Novel_Family
54,9451,1,Expanded_Known_Family,Known_Family_Only
2389,8504,1,Expanded_Known_Family,Potential_Novel_Family
2389,6900,1,Expanded_Known_Family,Potential_Novel_Family
111,8322,1,Potential_Novel_Family,Known_Family_Only
5887,10547,1,Potential_Novel_Family,Potential_Novel_Family
5887,11170,1,Potential_Novel_Family,Known_Family_Only
10547,11170,1,Potential_Novel_Family,Known_Family_Only
775,12368,1,Potential_Novel_Family,Known_Family_Only
2768,6675,1,Known_Family_Only,Potential_Novel_Family
11604,11910,1,Potential_Novel_Family,Potential_Novel_Family
8884,9109,1,Potential_Novel_Family,Potential_Novel_Family
9493,12316,1,Potential_Novel_Family,Potential_Novel_Family
3315,6827,1,Potential_Novel_Family,Known_Family_Only
7758,8052,1,Potential_Novel_Family,Potential_Novel_Family
5888,12151,1,Potential_Novel_Family,Potential_Novel_Family
7353,8574,1,Potential_Novel_Family,Potential_Novel_Family
5840,7613,3,Potential_Novel_Family,Expanded_Known_Family
5313,6717,1,Potential_Novel_Family,Potential_Novel_Family
2333,12860,1,Known_Family_Only,Potential_Novel_Family
2333,9640,1,Known_Family_Only,Expanded_Known_Family
4526,8334,3,Expanded_Known_Family,Expanded_Known_Family
8334,4423,2,Expanded_Known_Family,Expanded_Known_Family
8334,4596,2,Expanded_Known_Family,Expanded_Known_Family
6809,8866,1,Known_Family_Only,Potential_Novel_Family
6923,7982,1,Potential_Novel_Family,Known_Family_Only
6923,569,1,Potential_Novel_Family,Known_Family_Only
6923,4212,1,Potential_Novel_Family,Expanded_Known_Family
6923,6313,1,Potential_Novel_Family,Known_Family_Only
6923,10868,1,Potential_Novel_Family,Potential_Novel_Family
2956,5016,1,Known_Family_Only,Known_Family_Only
2956,7242,1,Known_Family_Only,Expanded_Known_Family
5016,7242,1,Known_Family_Only,Expanded_Known_Family
2936,2922,1,Potential_Novel_Family,Potential_Novel_Family
98,9479,1,Expanded_Known_Family,Known_Family_Only
98,6284,1,Expanded_Known_Family,Potential_Novel_Family
7030,8053,1,Known_Family_Only,Potential_Novel_Family
5594,6300,1,Potential_Novel_Family,Known_Family_Only
3110,8519,1,Known_Family_Only,Expanded_Known_Family
8519,6084,1,Expanded_Known_Family,Potential_Novel_Family
8519,11842,1,Expanded_Known_Family,Potential_Novel_Family
4417,10978,1,Known_Family_Only,Potential_Novel_Family
1185,10576,1,Known_Family_Only,Potential_Novel_Family
1276,3316,1,Expanded_Known_Family,Potential_Novel_Family
1276,795,1,Expanded_Known_Family,Known_Family_Only
523,10473,1,Expanded_Known_Family,Potential_Novel_Family
523,7439,1,Expanded_Known_Family,Potential_Novel_Family
10473,83,1,Potential_Novel_Family,Expanded_Known_Family
11139,12861,1,Known_Family_Only,Potential_Novel_Family
325,7600,1,Known_Family_Only,Potential_Novel_Family
325,9135,1,Known_Family_Only,Potential_Novel_Family
6177,8697,1,Expanded_Known_Family,Potential_Novel_Family
1223,9411,1,Known_Family_Only,Potential_Novel_Family
6849,8177,1,Potential_Novel_Family,Known_Family_Only
613,5618,1,Expanded_Known_Family,Potential_Novel_Family
613,10090,1,Expanded_Known_Family,Potential_Novel_Family
613,5200,1,Expanded_Known_Family,Known_Family_Only
613,4140,1,Expanded_Known_Family,Known_Family_Only
10921,12484,1,Expanded_Known_Family,Known_Family_Only
10921,11205,1,Expanded_Known_Family,Potential_Novel_Family
10921,2096,1,Expanded_Known_Family,Potential_Novel_Family
10921,8523,1,Expanded_Known_Family,Known_Family_Only
5082,10393,1,Potential_Novel_Family,Known_Family_Only
2542,6334,1,Potential_Novel_Family,Expanded_Known_Family
2542,7248,2,Potential_Novel_Family,Expanded_Known_Family
6334,7248,2,Expanded_Known_Family,Expanded_Known_Family
4101,10857,1,Potential_Novel_Family,Potential_Novel_Family
6219,8284,1,Potential_Novel_Family,Known_Family_Only
5354,10218,1,Expanded_Known_Family,Potential_Novel_Family
10922,12877,1,Known_Family_Only,Potential_Novel_Family
9401,12602,2,Potential_Novel_Family,Expanded_Known_Family
9185,10378,1,Potential_Novel_Family,Known_Family_Only
5722,10254,1,Expanded_Known_Family,Potential_Novel_Family
2292,12812,1,Potential_Novel_Family,Known_Family_Only
3263,8724,1,Potential_Novel_Family,Known_Family_Only
5198,5706,1,Potential_Novel_Family,Potential_Novel_Family
1305,2685,1,Known_Family_Only,Potential_Novel_Family
10402,9122,1,Expanded_Known_Family,Potential_Novel_Family
7408,12738,1,Potential_Novel_Family,Known_Family_Only
7243,11287,1,Potential_Novel_Family,Known_Family_Only
6737,10923,1,Potential_Novel_Family,Potential_Novel_Family
490,1803,2,Known_Family_Only,Expanded_Known_Family
490,2040,3,Known_Family_Only,Potential_Novel_Family
1803,2040,3,Expanded_Known_Family,Potential_Novel_Family
1803,8699,1,Expanded_Known_Family,Potential_Novel_Family
10287,12882,1,Potential_Novel_Family,Known_Family_Only
2813,8393,2,Known_Family_Only,Potential_Novel_Family
2813,6191,1,Known_Family_Only,Known_Family_Only
8393,6191,1,Potential_Novel_Family,Known_Family_Only
1728,4819,1,Potential_Novel_Family,Potential_Novel_Family
2363,12442,1,Potential_Novel_Family,Potential_Novel_Family
116,11017,1,Expanded_Known_Family,Known_Family_Only
116,5866,1,Expanded_Known_Family,Potential_Novel_Family
785,5760,1,Known_Family_Only,Potential_Novel_Family
5760,8407,1,Potential_Novel_Family,Known_Family_Only
7491,9741,1,Expanded_Known_Family,Known_Family_Only
7491,9801,1,Expanded_Known_Family,Potential_Novel_Family
4036,6037,1,Potential_Novel_Family,Potential_Novel_Family
7924,11454,1,Known_Family_Only,Potential_Novel_Family
89,11782,1,Potential_Novel_Family,Known_Family_Only
89,3347,1,Potential_Novel_Family,Known_Family_Only
1295,5459,1,Expanded_Known_Family,Potential_Novel_Family
1295,7942,1,Expanded_Known_Family,Known_Family_Only
1295,9529,1,Expanded_Known_Family,Known_Family_Only
820,2455,1,Known_Family_Only,Potential_Novel_Family
3264,9053,1,Expanded_Known_Family,Known_Family_Only
3264,2575,2,Expanded_Known_Family,Potential_Novel_Family
11353,12822,1,Potential_Novel_Family,Potential_Novel_Family
11353,2296,1,Potential_Novel_Family,Known_Family_Only
11413,11825,1,Known_Family_Only,Potential_Novel_Family
8505,11863,1,Potential_Novel_Family,Potential_Novel_Family
2025,8323,1,Expanded_Known_Family,Known_Family_Only
2025,1025,1,Expanded_Known_Family,Potential_Novel_Family
5792,6455,1,Potential_Novel_Family,Potential_Novel_Family
5998,6359,2,Potential_Novel_Family,Potential_Novel_Family
3859,11455,1,Potential_Novel_Family,Potential_Novel_Family
3859,1302,1,Potential_Novel_Family,Potential_Novel_Family
3859,2069,1,Potential_Novel_Family,Potential_Novel_Family
467,3053,1,Known_Family_Only,Potential_Novel_Family
2478,5121,1,Potential_Novel_Family,Known_Family_Only
1266,2859,2,Potential_Novel_Family,Potential_Novel_Family
2044,6884,2,Expanded_Known_Family,Potential_Novel_Family
1028,9085,1,Potential_Novel_Family,Known_Family_Only
1441,3816,1,Potential_Novel_Family,Potential_Novel_Family
9383,10034,1,Potential_Novel_Family,Potential_Novel_Family
764,7823,1,Known_Family_Only,Potential_Novel_Family
10495,11069,1,Known_Family_Only,Potential_Novel_Family
3908,8786,1,Potential_Novel_Family,Known_Family_Only
6358,9513,1,Potential_Novel_Family,Potential_Novel_Family
6022,10171,1,Potential_Novel_Family,Known_Family_Only
7409,7967,1,Potential_Novel_Family,Expanded_Known_Family
7967,3519,1,Expanded_Known_Family,Potential_Novel_Family
7354,8984,1,Known_Family_Only,Potential_Novel_Family
5707,12617,1,Potential_Novel_Family,Known_Family_Only
3519,9767,1,Potential_Novel_Family,Known_Family_Only
8886,11102,1,Potential_Novel_Family,Potential_Novel_Family
4102,7708,1,Potential_Novel_Family,Potential_Novel_Family
3338,3909,1,Potential_Novel_Family,Expanded_Known_Family
2896,12555,1,Potential_Novel_Family,Known_Family_Only
6828,7380,1,Potential_Novel_Family,Potential_Novel_Family
3936,9209,2,Expanded_Known_Family,Potential_Novel_Family
5914,9447,1,Potential_Novel_Family,Known_Family_Only
1101,3794,1,Known_Family_Only,Potential_Novel_Family
4788,10035,1,Potential_Novel_Family,Known_Family_Only
1428,2395,1,Potential_Novel_Family,Known_Family_Only
2972,7709,2,Expanded_Known_Family,Expanded_Known_Family
649,2456,1,Known_Family_Only,Potential_Novel_Family
4464,8506,1,Expanded_Known_Family,Potential_Novel_Family
4464,850,1,Expanded_Known_Family,Expanded_Known_Family
11490,9770,1,Expanded_Known_Family,Known_Family_Only
10936,12837,1,Expanded_Known_Family,Potential_Novel_Family
10936,11922,1,Expanded_Known_Family,Potential_Novel_Family
637,1599,1,Expanded_Known_Family,Expanded_Known_Family
637,9139,1,Expanded_Known_Family,Known_Family_Only
1599,11914,1,Expanded_Known_Family,Potential_Novel_Family
2780,3897,1,Expanded_Known_Family,Potential_Novel_Family
6301,6456,1,Potential_Novel_Family,Potential_Novel_Family
5915,9260,1,Potential_Novel_Family,Potential_Novel_Family
2245,5348,1,Potential_Novel_Family,Expanded_Known_Family
7458,9715,1,Potential_Novel_Family,Known_Family_Only
11605,12186,1,Potential_Novel_Family,Known_Family_Only
908,3339,1,Potential_Novel_Family,Known_Family_Only
908,4789,1,Potential_Novel_Family,Potential_Novel_Family
908,10311,1,Potential_Novel_Family,Known_Family_Only
3339,4789,1,Known_Family_Only,Potential_Novel_Family
5889,11171,1,Potential_Novel_Family,Potential_Novel_Family
8178,8285,1,Potential_Novel_Family,Known_Family_Only
2804,6636,1,Expanded_Known_Family,Potential_Novel_Family
2804,6025,1,Expanded_Known_Family,Potential_Novel_Family
5708,6760,1,Potential_Novel_Family,Known_Family_Only
5708,10983,1,Potential_Novel_Family,Potential_Novel_Family
6635,10924,1,Potential_Novel_Family,Known_Family_Only
2489,12044,1,Potential_Novel_Family,Known_Family_Only
2489,11080,1,Potential_Novel_Family,Known_Family_Only
5595,9768,1,Potential_Novel_Family,Potential_Novel_Family
5595,7941,1,Potential_Novel_Family,Known_Family_Only
1437,2011,1,Expanded_Known_Family,Potential_Novel_Family
1478,3111,1,Known_Family_Only,Potential_Novel_Family
11414,11783,1,Known_Family_Only,Potential_Novel_Family
6052,10116,1,Expanded_Known_Family,Potential_Novel_Family
6052,12825,1,Expanded_Known_Family,Known_Family_Only
6052,3672,1,Expanded_Known_Family,Potential_Novel_Family
5826,7189,1,Potential_Novel_Family,Known_Family_Only
8286,7776,1,Potential_Novel_Family,Expanded_Known_Family
6415,11559,1,Potential_Novel_Family,Potential_Novel_Family
7602,9674,1,Potential_Novel_Family,Known_Family_Only
198,2438,1,Potential_Novel_Family,Potential_Novel_Family
11721,12618,1,Potential_Novel_Family,Potential_Novel_Family
4651,5273,1,Potential_Novel_Family,Potential_Novel_Family
1423,2788,1,Potential_Novel_Family,Known_Family_Only
1423,7304,1,Potential_Novel_Family,Potential_Novel_Family
6130,9086,1,Potential_Novel_Family,Potential_Novel_Family
2564,5601,1,Known_Family_Only,Expanded_Known_Family
5601,6891,1,Expanded_Known_Family,Potential_Novel_Family
7984,9967,1,Known_Family_Only,Potential_Novel_Family
3420,9314,1,Known_Family_Only,Potential_Novel_Family
1774,8787,1,Potential_Novel_Family,Known_Family_Only
141,11826,1,Expanded_Known_Family,Potential_Novel_Family
141,10426,1,Expanded_Known_Family,Known_Family_Only
141,3134,1,Expanded_Known_Family,Potential_Novel_Family
1545,5996,1,Potential_Novel_Family,Known_Family_Only
5371,9675,1,Potential_Novel_Family,Potential_Novel_Family
912,8425,2,Potential_Novel_Family,Potential_Novel_Family
5827,10979,1,Known_Family_Only,Potential_Novel_Family
8324,9232,1,Expanded_Known_Family,Potential_Novel_Family
8324,2863,1,Expanded_Known_Family,Expanded_Known_Family
9232,12720,1,Potential_Novel_Family,Known_Family_Only
2631,6038,1,Known_Family_Only,Potential_Novel_Family
5739,6023,1,Potential_Novel_Family,Potential_Novel_Family
2250,5278,3,Expanded_Known_Family,Expanded_Known_Family
1746,3229,2,Expanded_Known_Family,Expanded_Known_Family
7046,10704,1,Known_Family_Only,Potential_Novel_Family
6718,10965,1,Expanded_Known_Family,Potential_Novel_Family
6718,558,1,Expanded_Known_Family,Expanded_Known_Family
6718,9826,1,Expanded_Known_Family,Potential_Novel_Family
6718,11184,1,Expanded_Known_Family,Potential_Novel_Family
7957,8754,1,Potential_Novel_Family,Known_Family_Only
7857,12851,1,Potential_Novel_Family,Known_Family_Only
545,743,1,Potential_Novel_Family,Potential_Novel_Family
3547,7584,1,Potential_Novel_Family,Potential_Novel_Family
4936,6335,1,Known_Family_Only,Potential_Novel_Family
8755,9345,1,Potential_Novel_Family,Known_Family_Only
5619,5762,1,Potential_Novel_Family,Known_Family_Only
5122,10881,1,Potential_Novel_Family,Known_Family_Only
3659,5576,1,Expanded_Known_Family,Potential_Novel_Family
917,7892,1,Potential_Novel_Family,Known_Family_Only
4396,12540,1,Known_Family_Only,Potential_Novel_Family
1612,2404,2,Expanded_Known_Family,Potential_Novel_Family
1612,1727,1,Expanded_Known_Family,Known_Family_Only
2347,5442,1,Potential_Novel_Family,Expanded_Known_Family
5442,8119,1,Expanded_Known_Family,Potential_Novel_Family
2224,10523,1,Potential_Novel_Family,Known_Family_Only
7859,12333,1,Potential_Novel_Family,Potential_Novel_Family
1177,1306,1,Potential_Novel_Family,Known_Family_Only
4355,5653,1,Potential_Novel_Family,Potential_Novel_Family
6337,8690,1,Known_Family_Only,Potential_Novel_Family
2757,9608,1,Potential_Novel_Family,Known_Family_Only
2070,7807,1,Potential_Novel_Family,Known_Family_Only
7294,9384,2,Potential_Novel_Family,Potential_Novel_Family
870,7130,1,Potential_Novel_Family,Expanded_Known_Family
7130,1396,1,Expanded_Known_Family,Expanded_Known_Family
7130,12407,1,Expanded_Known_Family,Potential_Novel_Family
121,7824,3,Expanded_Known_Family,Potential_Novel_Family
121,3146,1,Expanded_Known_Family,Known_Family_Only
7824,3146,1,Potential_Novel_Family,Known_Family_Only
6222,8507,1,Known_Family_Only,Potential_Novel_Family
7031,10275,1,Potential_Novel_Family,Known_Family_Only
2830,10474,1,Potential_Novel_Family,Known_Family_Only
10691,11172,1,Known_Family_Only,Potential_Novel_Family
7759,12797,1,Potential_Novel_Family,Known_Family_Only
4682,8017,1,Potential_Novel_Family,Known_Family_Only
7213,7412,1,Expanded_Known_Family,Known_Family_Only
7213,7684,1,Expanded_Known_Family,Potential_Novel_Family
7764,8465,1,Expanded_Known_Family,Potential_Novel_Family
7764,9897,1,Expanded_Known_Family,Potential_Novel_Family
7764,5746,1,Expanded_Known_Family,Expanded_Known_Family
6637,9290,1,Known_Family_Only,Potential_Novel_Family
4290,6563,1,Potential_Novel_Family,Potential_Novel_Family
9385,9514,1,Potential_Novel_Family,Potential_Novel_Family
1343,4652,1,Known_Family_Only,Potential_Novel_Family
8817,9315,3,Potential_Novel_Family,Expanded_Known_Family
972,2405,1,Expanded_Known_Family,Potential_Novel_Family
5793,7154,1,Potential_Novel_Family,Potential_Novel_Family
7796,11104,1,Potential_Novel_Family,Known_Family_Only
2958,3190,2,Potential_Novel_Family,Known_Family_Only
11786,12456,1,Potential_Novel_Family,Known_Family_Only
4022,11534,1,Known_Family_Only,Potential_Novel_Family
4056,10448,1,Known_Family_Only,Potential_Novel_Family
8915,10724,1,Known_Family_Only,Potential_Novel_Family
4762,10008,1,Known_Family_Only,Potential_Novel_Family
8250,8954,1,Known_Family_Only,Potential_Novel_Family
1859,9640,1,Potential_Novel_Family,Expanded_Known_Family
7059,7060,1,Potential_Novel_Family,Potential_Novel_Family
1904,9386,1,Potential_Novel_Family,Known_Family_Only
1904,9149,1,Potential_Novel_Family,Known_Family_Only
2510,8818,1,Potential_Novel_Family,Known_Family_Only
2510,9515,1,Potential_Novel_Family,Potential_Novel_Family
2510,6365,1,Potential_Novel_Family,Known_Family_Only
5709,10118,1,Potential_Novel_Family,Known_Family_Only
3341,8821,1,Expanded_Known_Family,Potential_Novel_Family
4291,6482,1,Expanded_Known_Family,Potential_Novel_Family
11456,11828,1,Known_Family_Only,Potential_Novel_Family
7244,10193,1,Potential_Novel_Family,Potential_Novel_Family
2322,3450,1,Expanded_Known_Family,Potential_Novel_Family
2322,9868,1,Expanded_Known_Family,Known_Family_Only
7735,10804,1,Potential_Novel_Family,Expanded_Known_Family
3180,11229,1,Potential_Novel_Family,Potential_Novel_Family
3180,7779,1,Potential_Novel_Family,Known_Family_Only
2252,6866,1,Potential_Novel_Family,Potential_Novel_Family
9025,11083,5,Expanded_Known_Family,Expanded_Known_Family
11083,9361,1,Expanded_Known_Family,Potential_Novel_Family
1048,2656,1,Known_Family_Only,Potential_Novel_Family
3200,4065,1,Expanded_Known_Family,Known_Family_Only
3200,7155,1,Expanded_Known_Family,Potential_Novel_Family
3200,7963,1,Expanded_Known_Family,Expanded_Known_Family
3200,802,1,Expanded_Known_Family,Known_Family_Only
3200,1150,1,Expanded_Known_Family,Known_Family_Only
3200,2171,1,Expanded_Known_Family,Known_Family_Only
3200,5310,1,Expanded_Known_Family,Potential_Novel_Family
3200,809,1,Expanded_Known_Family,Known_Family_Only
4065,7155,1,Known_Family_Only,Potential_Novel_Family
4065,895,1,Known_Family_Only,Expanded_Known_Family
1835,6638,1,Known_Family_Only,Potential_Novel_Family
1687,9795,1,Expanded_Known_Family,Potential_Novel_Family
1687,3543,1,Expanded_Known_Family,Known_Family_Only
3667,12652,1,Potential_Novel_Family,Known_Family_Only
7536,11978,1,Expanded_Known_Family,Potential_Novel_Family
2246,3422,1,Potential_Novel_Family,Known_Family_Only
1315,4447,2,Potential_Novel_Family,Known_Family_Only
7124,7926,1,Potential_Novel_Family,Known_Family_Only
466,4066,1,Potential_Novel_Family,Potential_Novel_Family
466,7434,1,Potential_Novel_Family,Expanded_Known_Family
2511,8325,1,Potential_Novel_Family,Known_Family_Only
5554,5777,1,Known_Family_Only,Potential_Novel_Family
5554,10817,1,Known_Family_Only,Potential_Novel_Family
5777,10817,1,Potential_Novel_Family,Potential_Novel_Family
9178,9979,1,Expanded_Known_Family,Known_Family_Only
12269,11240,1,Expanded_Known_Family,Potential_Novel_Family
1118,7295,1,Known_Family_Only,Potential_Novel_Family
468,7323,1,Potential_Novel_Family,Potential_Novel_Family
468,7529,1,Potential_Novel_Family,Expanded_Known_Family
468,2278,1,Potential_Novel_Family,Known_Family_Only
7061,5151,1,Expanded_Known_Family,Potential_Novel_Family
205,2758,1,Potential_Novel_Family,Potential_Novel_Family
436,628,1,Potential_Novel_Family,Known_Family_Only
2870,5740,1,Potential_Novel_Family,Potential_Novel_Family
294,7826,1,Potential_Novel_Family,Known_Family_Only
557,5434,1,Expanded_Known_Family,Potential_Novel_Family
2720,2721,1,Potential_Novel_Family,Known_Family_Only
3047,10394,1,Potential_Novel_Family,Potential_Novel_Family
2396,12012,1,Known_Family_Only,Potential_Novel_Family
376,5828,1,Potential_Novel_Family,Known_Family_Only
1699,3726,1,Potential_Novel_Family,Known_Family_Only
1699,4567,1,Potential_Novel_Family,Known_Family_Only
1699,9858,1,Potential_Novel_Family,Potential_Novel_Family
3726,4567,1,Known_Family_Only,Known_Family_Only
3726,9858,1,Known_Family_Only,Potential_Novel_Family
4567,9858,1,Known_Family_Only,Potential_Novel_Family
2133,8326,1,Potential_Novel_Family,Known_Family_Only
2277,2921,1,Potential_Novel_Family,Potential_Novel_Family
2277,5372,1,Potential_Novel_Family,Known_Family_Only
2921,5372,1,Potential_Novel_Family,Known_Family_Only
10778,12187,1,Potential_Novel_Family,Potential_Novel_Family
10778,2284,1,Potential_Novel_Family,Known_Family_Only
11864,12369,1,Potential_Novel_Family,Potential_Novel_Family
830,10091,1,Known_Family_Only,Potential_Novel_Family
465,4683,1,Potential_Novel_Family,Known_Family_Only
2517,310,1,Expanded_Known_Family,Potential_Novel_Family
7736,11318,1,Potential_Novel_Family,Known_Family_Only
11681,12542,1,Known_Family_Only,Potential_Novel_Family
1679,9739,1,Known_Family_Only,Potential_Novel_Family
576,6458,1,Expanded_Known_Family,Known_Family_Only
576,6794,1,Expanded_Known_Family,Potential_Novel_Family
576,3760,1,Expanded_Known_Family,Known_Family_Only
576,7267,1,Expanded_Known_Family,Potential_Novel_Family
11560,12113,1,Potential_Novel_Family,Potential_Novel_Family
7710,12543,1,Potential_Novel_Family,Known_Family_Only
5999,1530,1,Expanded_Known_Family,Potential_Novel_Family
999,5510,1,Expanded_Known_Family,Potential_Novel_Family
498,6738,1,Known_Family_Only,Potential_Novel_Family
2293,9347,1,Known_Family_Only,Potential_Novel_Family
1916,5460,1,Known_Family_Only,Potential_Novel_Family
6416,10449,1,Potential_Novel_Family,Known_Family_Only
3070,9740,1,Known_Family_Only,Potential_Novel_Family
10952,12457,1,Known_Family_Only,Potential_Novel_Family
595,5741,1,Potential_Novel_Family,Known_Family_Only
3408,5566,1,Potential_Novel_Family,Known_Family_Only
3708,5794,1,Potential_Novel_Family,Expanded_Known_Family
1344,2337,1,Known_Family_Only,Expanded_Known_Family
9820,12580,1,Expanded_Known_Family,Potential_Novel_Family
9859,10247,1,Potential_Novel_Family,Potential_Novel_Family
3154,5279,2,Potential_Novel_Family,Known_Family_Only
1325,2406,1,Potential_Novel_Family,Expanded_Known_Family
2406,7805,2,Expanded_Known_Family,Expanded_Known_Family
10152,7532,2,Expanded_Known_Family,Potential_Novel_Family
10152,8936,1,Expanded_Known_Family,Known_Family_Only
2759,6851,1,Expanded_Known_Family,Potential_Novel_Family
2759,4897,1,Expanded_Known_Family,Potential_Novel_Family
7000,9821,1,Potential_Novel_Family,Known_Family_Only
55,6361,1,Potential_Novel_Family,Expanded_Known_Family
6361,12791,1,Expanded_Known_Family,Known_Family_Only
2278,2696,1,Known_Family_Only,Potential_Novel_Family
3130,11457,1,Potential_Novel_Family,Known_Family_Only
7761,8395,1,Potential_Novel_Family,Known_Family_Only
5795,7459,1,Known_Family_Only,Potential_Novel_Family
2492,881,1,Expanded_Known_Family,Known_Family_Only
262,1105,1,Potential_Novel_Family,Known_Family_Only
8539,10953,1,Potential_Novel_Family,Potential_Novel_Family
8287,10692,1,Known_Family_Only,Potential_Novel_Family
6338,707,1,Known_Family_Only,Potential_Novel_Family
8084,12082,1,Potential_Novel_Family,Known_Family_Only
10653,11866,1,Potential_Novel_Family,Known_Family_Only
1920,8656,1,Expanded_Known_Family,Known_Family_Only
4913,6639,1,Known_Family_Only,Potential_Novel_Family
12619,11878,1,Potential_Novel_Family,Known_Family_Only
4535,5305,1,Potential_Novel_Family,Potential_Novel_Family
6739,10475,1,Potential_Novel_Family,Known_Family_Only
1406,3191,1,Potential_Novel_Family,Known_Family_Only
9138,9888,1,Potential_Novel_Family,Potential_Novel_Family
6852,1203,1,Potential_Novel_Family,Known_Family_Only
5829,9716,1,Known_Family_Only,Potential_Novel_Family
4957,11787,1,Potential_Novel_Family,Potential_Novel_Family
3520,3795,1,Potential_Novel_Family,Potential_Novel_Family
3520,4653,1,Potential_Novel_Family,Expanded_Known_Family
3795,4653,1,Potential_Novel_Family,Expanded_Known_Family
4653,9642,1,Expanded_Known_Family,Known_Family_Only
4653,3014,1,Expanded_Known_Family,Potential_Novel_Family
1596,9110,1,Known_Family_Only,Potential_Novel_Family
1756,3172,1,Potential_Novel_Family,Potential_Novel_Family
2760,6165,1,Potential_Novel_Family,Potential_Novel_Family
1007,9316,1,Potential_Novel_Family,Potential_Novel_Family
2853,7523,1,Known_Family_Only,Potential_Novel_Family
1442,8211,1,Expanded_Known_Family,Potential_Novel_Family
848,12798,1,Potential_Novel_Family,Known_Family_Only
977,1039,1,Potential_Novel_Family,Potential_Novel_Family
4207,5145,1,Known_Family_Only,Potential_Novel_Family
4208,5918,1,Potential_Novel_Family,Potential_Novel_Family
5918,4379,1,Potential_Novel_Family,Known_Family_Only
4419,6302,1,Potential_Novel_Family,Known_Family_Only
2569,7299,2,Potential_Novel_Family,Expanded_Known_Family
668,744,1,Known_Family_Only,Potential_Novel_Family
774,7490,1,Potential_Novel_Family,Potential_Novel_Family
4375,5545,1,Potential_Novel_Family,Known_Family_Only
10276,10422,1,Potential_Novel_Family,Potential_Novel_Family
4713,10037,1,Potential_Novel_Family,Potential_Novel_Family
6564,8916,1,Potential_Novel_Family,Known_Family_Only
4183,9291,1,Potential_Novel_Family,Potential_Novel_Family
3384,3751,1,Potential_Novel_Family,Known_Family_Only
3384,4331,1,Potential_Novel_Family,Expanded_Known_Family
3384,4654,1,Potential_Novel_Family,Known_Family_Only
3384,3916,1,Potential_Novel_Family,Potential_Novel_Family
3751,4331,1,Known_Family_Only,Expanded_Known_Family
3751,4654,1,Known_Family_Only,Known_Family_Only
4331,4654,1,Expanded_Known_Family,Known_Family_Only
4331,4737,1,Expanded_Known_Family,Potential_Novel_Family
4331,5062,1,Expanded_Known_Family,Known_Family_Only
6192,7094,1,Potential_Novel_Family,Known_Family_Only
1430,5654,1,Potential_Novel_Family,Known_Family_Only
2294,8692,1,Known_Family_Only,Potential_Novel_Family
31,101,1,Expanded_Known_Family,Expanded_Known_Family
31,5553,1,Expanded_Known_Family,Potential_Novel_Family
31,3444,1,Expanded_Known_Family,Potential_Novel_Family
101,9779,1,Expanded_Known_Family,Potential_Novel_Family
1279,6711,1,Potential_Novel_Family,Expanded_Known_Family
1279,11177,1,Potential_Novel_Family,Known_Family_Only
1279,7360,1,Potential_Novel_Family,Potential_Novel_Family
1898,3468,1,Known_Family_Only,Known_Family_Only
4773,6719,1,Potential_Novel_Family,Potential_Novel_Family
2886,3306,1,Known_Family_Only,Potential_Novel_Family
2927,3881,1,Known_Family_Only,Potential_Novel_Family
2324,9920,1,Potential_Novel_Family,Known_Family_Only
1578,4714,1,Potential_Novel_Family,Potential_Novel_Family
5521,5661,1,Known_Family_Only,Potential_Novel_Family
5521,8370,1,Known_Family_Only,Known_Family_Only
5521,8773,1,Known_Family_Only,Known_Family_Only
5661,8370,1,Potential_Novel_Family,Known_Family_Only
5661,8773,1,Potential_Novel_Family,Known_Family_Only
8370,8773,1,Known_Family_Only,Known_Family_Only
1694,3495,1,Potential_Novel_Family,Potential_Novel_Family
1473,4735,1,Potential_Novel_Family,Known_Family_Only
1473,5919,1,Potential_Novel_Family,Known_Family_Only
4735,5919,1,Known_Family_Only,Known_Family_Only
2416,7674,1,Potential_Novel_Family,Potential_Novel_Family
2002,2367,1,Potential_Novel_Family,Potential_Novel_Family
4736,7355,1,Potential_Novel_Family,Potential_Novel_Family
3981,6166,1,Known_Family_Only,Known_Family_Only
3981,10063,1,Known_Family_Only,Potential_Novel_Family
6166,10063,1,Known_Family_Only,Potential_Novel_Family
62,4998,1,Expanded_Known_Family,Known_Family_Only
62,5578,2,Expanded_Known_Family,Potential_Novel_Family
1674,2782,1,Potential_Novel_Family,Known_Family_Only
1674,1955,1,Potential_Novel_Family,Known_Family_Only
43,3573,1,Potential_Novel_Family,Potential_Novel_Family
2334,3192,2,Expanded_Known_Family,Potential_Novel_Family
2334,4160,1,Expanded_Known_Family,Potential_Novel_Family
2180,3451,1,Potential_Novel_Family,Potential_Novel_Family
5172,10780,1,Known_Family_Only,Known_Family_Only
1179,9822,1,Potential_Novel_Family,Known_Family_Only
1994,7356,1,Potential_Novel_Family,Known_Family_Only
5287,6791,1,Known_Family_Only,Potential_Novel_Family
4448,9480,1,Known_Family_Only,Potential_Novel_Family
6039,9412,1,Known_Family_Only,Potential_Novel_Family
772,1726,1,Known_Family_Only,Potential_Novel_Family
727,9317,1,Potential_Novel_Family,Known_Family_Only
382,7827,1,Known_Family_Only,Potential_Novel_Family
382,5466,1,Known_Family_Only,Potential_Novel_Family
7711,8466,1,Potential_Novel_Family,Known_Family_Only
5349,6076,1,Known_Family_Only,Potential_Novel_Family
3890,6925,1,Potential_Novel_Family,Potential_Novel_Family
1633,10366,1,Potential_Novel_Family,Potential_Novel_Family
4082,7062,1,Known_Family_Only,Potential_Novel_Family
2265,12191,1,Expanded_Known_Family,Potential_Novel_Family
3251,8819,1,Potential_Novel_Family,Potential_Novel_Family
3251,8398,1,Potential_Novel_Family,Potential_Novel_Family
8576,11206,1,Potential_Novel_Family,Potential_Novel_Family
3796,9229,1,Potential_Novel_Family,Known_Family_Only
2565,3048,1,Known_Family_Only,Potential_Novel_Family
3089,5436,1,Expanded_Known_Family,Potential_Novel_Family
210,5441,1,Potential_Novel_Family,Expanded_Known_Family
296,6640,1,Expanded_Known_Family,Potential_Novel_Family
296,391,1,Expanded_Known_Family,Expanded_Known_Family
296,11266,1,Expanded_Known_Family,Potential_Novel_Family
1085,3896,1,Expanded_Known_Family,Potential_Novel_Family
6886,9292,1,Potential_Novel_Family,Known_Family_Only
9292,216,1,Known_Family_Only,Potential_Novel_Family
8019,10119,1,Potential_Novel_Family,Potential_Novel_Family
1591,4489,1,Potential_Novel_Family,Known_Family_Only
2697,7063,1,Known_Family_Only,Potential_Novel_Family
460,7156,1,Potential_Novel_Family,Known_Family_Only
2722,7157,1,Potential_Novel_Family,Potential_Novel_Family
984,5274,1,Potential_Novel_Family,Known_Family_Only
4808,9140,1,Potential_Novel_Family,Known_Family_Only
7828,10395,1,Potential_Novel_Family,Known_Family_Only
7828,1856,1,Potential_Novel_Family,Potential_Novel_Family
391,2419,1,Expanded_Known_Family,Known_Family_Only
2597,12718,1,Potential_Novel_Family,Known_Family_Only
1416,10120,1,Potential_Novel_Family,Potential_Novel_Family
2261,11867,1,Potential_Novel_Family,Potential_Novel_Family
577,6077,1,Potential_Novel_Family,Known_Family_Only
6678,10524,1,Potential_Novel_Family,Known_Family_Only
10497,11646,1,Potential_Novel_Family,Potential_Novel_Family
7064,8727,1,Potential_Novel_Family,Known_Family_Only
1775,2325,1,Potential_Novel_Family,Known_Family_Only
3193,8209,1,Known_Family_Only,Potential_Novel_Family
395,4898,1,Potential_Novel_Family,Known_Family_Only
7434,2736,1,Expanded_Known_Family,Potential_Novel_Family
5484,7357,1,Potential_Novel_Family,Expanded_Known_Family
7357,4330,1,Expanded_Known_Family,Potential_Novel_Family
4834,10367,1,Potential_Novel_Family,Potential_Novel_Family
6887,12519,1,Potential_Novel_Family,Potential_Novel_Family
11257,12556,1,Known_Family_Only,Potential_Novel_Family
1094,6417,1,Potential_Novel_Family,Known_Family_Only
5742,5920,1,Potential_Novel_Family,Known_Family_Only
10450,11173,1,Potential_Novel_Family,Potential_Novel_Family
3132,10603,1,Potential_Novel_Family,Known_Family_Only
5942,9326,1,Known_Family_Only,Potential_Novel_Family
9326,8857,1,Potential_Novel_Family,Potential_Novel_Family
8327,9742,1,Potential_Novel_Family,Potential_Novel_Family
6792,8251,1,Known_Family_Only,Potential_Novel_Family
1800,3216,1,Potential_Novel_Family,Known_Family_Only
4656,11018,1,Potential_Novel_Family,Potential_Novel_Family
9203,9550,1,Potential_Novel_Family,Known_Family_Only
11140,11354,1,Potential_Novel_Family,Potential_Novel_Family
2479,5764,1,Potential_Novel_Family,Known_Family_Only
6078,8085,1,Potential_Novel_Family,Potential_Novel_Family
1540,6761,1,Potential_Novel_Family,Potential_Novel_Family
12013,12298,1,Potential_Novel_Family,Known_Family_Only
3230,3496,1,Known_Family_Only,Known_Family_Only
3230,3709,1,Known_Family_Only,Potential_Novel_Family
3230,5350,1,Known_Family_Only,Known_Family_Only
3496,3709,1,Known_Family_Only,Potential_Novel_Family
3496,5350,1,Known_Family_Only,Known_Family_Only
3496,1757,3,Known_Family_Only,Expanded_Known_Family
3496,2194,3,Known_Family_Only,Expanded_Known_Family
3496,3840,3,Known_Family_Only,Known_Family_Only
3496,5063,3,Known_Family_Only,Known_Family_Only
3496,442,1,Known_Family_Only,Potential_Novel_Family
3709,5350,1,Potential_Novel_Family,Known_Family_Only
9418,8260,1,Potential_Novel_Family,Known_Family_Only
924,1307,1,Potential_Novel_Family,Potential_Novel_Family
8252,9677,1,Potential_Novel_Family,Known_Family_Only
2909,7525,1,Known_Family_Only,Potential_Novel_Family
2908,7381,1,Potential_Novel_Family,Potential_Novel_Family
4137,4887,1,Expanded_Known_Family,Known_Family_Only
4137,4258,1,Expanded_Known_Family,Potential_Novel_Family
1776,10926,1,Potential_Novel_Family,Known_Family_Only
8288,9609,1,Potential_Novel_Family,Known_Family_Only
6223,11868,1,Potential_Novel_Family,Known_Family_Only
1654,12334,1,Potential_Novel_Family,Potential_Novel_Family
5485,6040,1,Known_Family_Only,Potential_Novel_Family
6132,8820,1,Potential_Novel_Family,Known_Family_Only
521,7460,1,Known_Family_Only,Potential_Novel_Family
3771,7762,1,Known_Family_Only,Potential_Novel_Family
5174,5969,1,Potential_Novel_Family,Potential_Novel_Family
3265,3834,1,Known_Family_Only,Known_Family_Only
6888,7382,1,Known_Family_Only,Potential_Novel_Family
5019,7413,1,Known_Family_Only,Potential_Novel_Family
9167,9413,1,Known_Family_Only,Potential_Novel_Family
6000,6603,1,Known_Family_Only,Potential_Novel_Family
4521,9112,1,Potential_Novel_Family,Known_Family_Only
4521,12335,1,Potential_Novel_Family,Known_Family_Only
9112,12335,1,Known_Family_Only,Known_Family_Only
9889,12581,1,Potential_Novel_Family,Potential_Novel_Family
5199,11319,1,Known_Family_Only,Potential_Novel_Family
2737,7032,1,Known_Family_Only,Known_Family_Only
1976,6959,1,Potential_Novel_Family,Potential_Novel_Family
5797,6602,1,Potential_Novel_Family,Known_Family_Only
559,982,1,Known_Family_Only,Potential_Novel_Family
6740,7860,2,Potential_Novel_Family,Potential_Novel_Family
4852,9968,1,Known_Family_Only,Potential_Novel_Family
3360,10693,1,Known_Family_Only,Potential_Novel_Family
77,965,3,Expanded_Known_Family,Expanded_Known_Family
1410,8540,1,Known_Family_Only,Potential_Novel_Family
1129,5058,1,Potential_Novel_Family,Known_Family_Only
10121,10927,1,Potential_Novel_Family,Potential_Novel_Family
2738,9262,1,Known_Family_Only,Potential_Novel_Family
5229,5351,1,Potential_Novel_Family,Known_Family_Only
895,1885,1,Expanded_Known_Family,Known_Family_Only
895,2513,1,Expanded_Known_Family,Potential_Novel_Family
895,7438,1,Expanded_Known_Family,Potential_Novel_Family
895,4570,1,Expanded_Known_Family,Potential_Novel_Family
895,3891,1,Expanded_Known_Family,Potential_Novel_Family
895,1587,1,Expanded_Known_Family,Potential_Novel_Family
895,8153,1,Expanded_Known_Family,Known_Family_Only
895,9330,1,Expanded_Known_Family,Known_Family_Only
1474,7572,1,Known_Family_Only,Potential_Novel_Family
6960,8179,1,Potential_Novel_Family,Potential_Novel_Family
138,5289,1,Potential_Novel_Family,Potential_Novel_Family
138,8472,1,Potential_Novel_Family,Known_Family_Only
2698,10096,2,Potential_Novel_Family,Expanded_Known_Family
6418,10654,1,Potential_Novel_Family,Known_Family_Only
12014,12251,3,Expanded_Known_Family,Expanded_Known_Family
6934,9552,1,Potential_Novel_Family,Potential_Novel_Family
9113,9481,1,Known_Family_Only,Potential_Novel_Family
3727,8986,2,Expanded_Known_Family,Potential_Novel_Family
6679,8917,1,Potential_Novel_Family,Known_Family_Only
8289,10655,1,Potential_Novel_Family,Potential_Novel_Family
6641,7435,1,Potential_Novel_Family,Known_Family_Only
6961,8329,2,Known_Family_Only,Potential_Novel_Family
3317,9900,1,Potential_Novel_Family,Known_Family_Only
9900,5309,1,Known_Family_Only,Potential_Novel_Family
3653,7214,1,Known_Family_Only,Known_Family_Only
3653,8918,1,Known_Family_Only,Known_Family_Only
3653,12252,1,Known_Family_Only,Potential_Novel_Family
7214,8918,1,Known_Family_Only,Known_Family_Only
7214,12252,1,Known_Family_Only,Potential_Novel_Family
8918,12252,1,Known_Family_Only,Potential_Novel_Family
4275,7324,2,Potential_Novel_Family,Expanded_Known_Family
3538,8693,1,Known_Family_Only,Potential_Novel_Family
552,1241,2,Expanded_Known_Family,Potential_Novel_Family
552,6003,1,Expanded_Known_Family,Potential_Novel_Family
3340,10451,1,Expanded_Known_Family,Potential_Novel_Family
3340,8096,1,Expanded_Known_Family,Potential_Novel_Family
3910,9643,1,Potential_Novel_Family,Potential_Novel_Family
2335,10173,1,Potential_Novel_Family,Potential_Novel_Family
4399,7414,1,Potential_Novel_Family,Known_Family_Only
9553,11355,1,Potential_Novel_Family,Known_Family_Only
6853,8694,1,Potential_Novel_Family,Potential_Novel_Family
2854,12485,1,Known_Family_Only,Potential_Novel_Family
8181,6378,1,Expanded_Known_Family,Potential_Novel_Family
12435,12698,1,Potential_Novel_Family,Known_Family_Only
2407,9797,1,Potential_Novel_Family,Potential_Novel_Family
7634,8336,1,Potential_Novel_Family,Known_Family_Only
6565,9482,1,Known_Family_Only,Potential_Novel_Family
2385,2417,1,Potential_Novel_Family,Known_Family_Only
2212,11695,1,Expanded_Known_Family,Known_Family_Only
3385,8855,1,Potential_Novel_Family,Expanded_Known_Family
8855,7804,1,Expanded_Known_Family,Potential_Novel_Family
8855,9420,1,Expanded_Known_Family,Potential_Novel_Family
5327,11949,1,Known_Family_Only,Potential_Novel_Family
5327,9061,1,Known_Family_Only,Potential_Novel_Family
2939,3436,1,Potential_Novel_Family,Known_Family_Only
4685,9576,1,Potential_Novel_Family,Known_Family_Only
5511,2833,1,Expanded_Known_Family,Known_Family_Only
971,4490,1,Expanded_Known_Family,Potential_Novel_Family
971,5624,1,Expanded_Known_Family,Potential_Novel_Family
9204,10146,1,Potential_Novel_Family,Known_Family_Only
5486,10631,1,Potential_Novel_Family,Potential_Novel_Family
386,6705,1,Potential_Novel_Family,Potential_Novel_Family
386,7767,1,Potential_Novel_Family,Known_Family_Only
386,8257,1,Potential_Novel_Family,Potential_Novel_Family
6680,9387,1,Potential_Novel_Family,Potential_Novel_Family
10525,12371,1,Potential_Novel_Family,Potential_Novel_Family
10548,7718,1,Potential_Novel_Family,Known_Family_Only
10128,514,1,Expanded_Known_Family,Potential_Novel_Family
7095,8657,1,Known_Family_Only,Potential_Novel_Family
6364,12299,1,Potential_Novel_Family,Known_Family_Only
458,2457,2,Expanded_Known_Family,Potential_Novel_Family
501,970,1,Known_Family_Only,Potential_Novel_Family
1255,3497,1,Known_Family_Only,Potential_Novel_Family
6079,10954,1,Potential_Novel_Family,Known_Family_Only
4068,5598,1,Potential_Novel_Family,Known_Family_Only
4068,8210,1,Potential_Novel_Family,Potential_Novel_Family
11356,12544,1,Potential_Novel_Family,Potential_Novel_Family
3498,8541,2,Expanded_Known_Family,Expanded_Known_Family
8541,2427,1,Expanded_Known_Family,Potential_Novel_Family
12190,12461,1,Potential_Novel_Family,Known_Family_Only
5288,8290,1,Known_Family_Only,Potential_Novel_Family
8290,10101,1,Potential_Novel_Family,Known_Family_Only
2512,2783,1,Potential_Novel_Family,Known_Family_Only
2671,4539,1,Potential_Novel_Family,Expanded_Known_Family
4539,2481,1,Expanded_Known_Family,Potential_Novel_Family
1314,12681,1,Potential_Novel_Family,Known_Family_Only
5437,8577,1,Known_Family_Only,Potential_Novel_Family
3912,6566,1,Known_Family_Only,Potential_Novel_Family
2910,4687,1,Known_Family_Only,Potential_Novel_Family
511,10122,1,Expanded_Known_Family,Potential_Novel_Family
511,70,2,Expanded_Known_Family,Known_Family_Only
11359,8760,1,Expanded_Known_Family,Potential_Novel_Family
11359,4816,1,Expanded_Known_Family,Potential_Novel_Family
5332,10656,1,Potential_Novel_Family,Potential_Novel_Family
2490,6167,1,Potential_Novel_Family,Potential_Novel_Family
9644,12116,1,Potential_Novel_Family,Known_Family_Only
491,4835,2,Potential_Novel_Family,Expanded_Known_Family
6420,12813,1,Known_Family_Only,Potential_Novel_Family
1801,4329,1,Potential_Novel_Family,Known_Family_Only
4329,3546,1,Known_Family_Only,Potential_Novel_Family
1884,8844,1,Known_Family_Only,Potential_Novel_Family
8658,10339,1,Potential_Novel_Family,Known_Family_Only
10604,11020,2,Known_Family_Only,Potential_Novel_Family
2279,9141,1,Known_Family_Only,Potential_Novel_Family
7960,11607,1,Potential_Novel_Family,Expanded_Known_Family
7215,9577,1,Potential_Novel_Family,Potential_Novel_Family
5620,12770,1,Potential_Novel_Family,Known_Family_Only
11493,12045,1,Potential_Novel_Family,Potential_Novel_Family
5621,11290,1,Potential_Novel_Family,Known_Family_Only
4915,12336,1,Known_Family_Only,Potential_Novel_Family
2263,3362,1,Expanded_Known_Family,Known_Family_Only
2263,8352,1,Expanded_Known_Family,Potential_Novel_Family
3362,8352,1,Known_Family_Only,Potential_Novel_Family
3836,5352,1,Potential_Novel_Family,Potential_Novel_Family
4333,12878,1,Expanded_Known_Family,Known_Family_Only
4333,4662,1,Expanded_Known_Family,Potential_Novel_Family
4333,6712,1,Expanded_Known_Family,Known_Family_Only
11561,12600,1,Potential_Novel_Family,Known_Family_Only
3453,9561,2,Potential_Novel_Family,Expanded_Known_Family
4250,6421,1,Potential_Novel_Family,Known_Family_Only
1861,9388,2,Known_Family_Only,Potential_Novel_Family
1968,9945,1,Potential_Novel_Family,Known_Family_Only
10064,10396,1,Potential_Novel_Family,Potential_Novel_Family
11209,10015,1,Expanded_Known_Family,Potential_Novel_Family
6366,11832,1,Known_Family_Only,Potential_Novel_Family
6366,11609,1,Known_Family_Only,Potential_Novel_Family
10577,11141,1,Known_Family_Only,Potential_Novel_Family
5438,6854,1,Known_Family_Only,Potential_Novel_Family
3575,9890,1,Potential_Novel_Family,Known_Family_Only
5922,8142,1,Known_Family_Only,Potential_Novel_Family
5439,10498,1,Known_Family_Only,Potential_Novel_Family
73,723,1,Potential_Novel_Family,Expanded_Known_Family
73,3635,1,Potential_Novel_Family,Potential_Novel_Family
723,3635,1,Expanded_Known_Family,Potential_Novel_Family
723,3424,1,Expanded_Known_Family,Known_Family_Only
723,4774,1,Expanded_Known_Family,Potential_Novel_Family
1084,6141,1,Potential_Novel_Family,Potential_Novel_Family
1480,12824,1,Expanded_Known_Family,Known_Family_Only
1480,2503,1,Expanded_Known_Family,Potential_Novel_Family
3143,3342,1,Known_Family_Only,Known_Family_Only
3143,7249,1,Known_Family_Only,Potential_Novel_Family
3342,7249,1,Known_Family_Only,Potential_Novel_Family
2247,9449,1,Expanded_Known_Family,Potential_Novel_Family
4161,6829,1,Potential_Novel_Family,Known_Family_Only
1113,5512,1,Potential_Novel_Family,Potential_Novel_Family
1593,9450,1,Potential_Novel_Family,Potential_Novel_Family
3500,6795,1,Potential_Novel_Family,Potential_Novel_Family
1059,1308,1,Potential_Novel_Family,Potential_Novel_Family
1308,12027,1,Potential_Novel_Family,Known_Family_Only
1296,2217,1,Potential_Novel_Family,Expanded_Known_Family
2217,9055,1,Expanded_Known_Family,Known_Family_Only
657,3363,2,Potential_Novel_Family,Potential_Novel_Family
10220,12488,1,Potential_Novel_Family,Known_Family_Only
2633,10282,1,Expanded_Known_Family,Potential_Novel_Family
2283,693,1,Potential_Novel_Family,Potential_Novel_Family
2283,8675,1,Potential_Novel_Family,Known_Family_Only
6796,11142,1,Potential_Novel_Family,Potential_Novel_Family
3349,7065,1,Expanded_Known_Family,Potential_Novel_Family
3349,9427,1,Expanded_Known_Family,Potential_Novel_Family
8056,9293,1,Potential_Novel_Family,Potential_Novel_Family
2218,3031,1,Known_Family_Only,Potential_Novel_Family
2218,3144,1,Known_Family_Only,Known_Family_Only
3031,3144,1,Potential_Novel_Family,Known_Family_Only
3055,3411,3,Potential_Novel_Family,Potential_Novel_Family
383,9823,1,Potential_Novel_Family,Known_Family_Only
4715,8143,1,Known_Family_Only,Potential_Novel_Family
4162,4228,1,Known_Family_Only,Potential_Novel_Family
2799,9318,1,Potential_Novel_Family,Potential_Novel_Family
8055,12253,1,Potential_Novel_Family,Potential_Novel_Family
7894,11321,1,Expanded_Known_Family,Potential_Novel_Family
7894,2787,1,Expanded_Known_Family,Potential_Novel_Family
9114,10633,1,Potential_Novel_Family,Potential_Novel_Family
10831,12621,1,Potential_Novel_Family,Known_Family_Only
1297,10340,1,Potential_Novel_Family,Potential_Novel_Family
889,1180,1,Potential_Novel_Family,Potential_Novel_Family
6168,10341,1,Known_Family_Only,Potential_Novel_Family
6168,10368,1,Known_Family_Only,Potential_Novel_Family
10341,10368,1,Potential_Novel_Family,Potential_Novel_Family
1585,10065,1,Known_Family_Only,Potential_Novel_Family
1585,10886,1,Known_Family_Only,Potential_Novel_Family
1585,9690,1,Known_Family_Only,Potential_Novel_Family
7776,4071,1,Expanded_Known_Family,Potential_Novel_Family
7776,10841,1,Expanded_Known_Family,Known_Family_Only
5328,8021,1,Potential_Novel_Family,Potential_Novel_Family
3668,6681,1,Potential_Novel_Family,Known_Family_Only
2097,4916,1,Known_Family_Only,Potential_Novel_Family
3297,12773,1,Potential_Novel_Family,Potential_Novel_Family
2446,8510,1,Expanded_Known_Family,Potential_Novel_Family
1195,7159,1,Potential_Novel_Family,Known_Family_Only
2526,9205,1,Known_Family_Only,Potential_Novel_Family
4792,6644,2,Expanded_Known_Family,Expanded_Known_Family
4466,6706,1,Potential_Novel_Family,Potential_Novel_Family
3669,9230,1,Known_Family_Only,Potential_Novel_Family
7582,9168,2,Expanded_Known_Family,Potential_Novel_Family
2192,7739,1,Potential_Novel_Family,Known_Family_Only
11143,12046,1,Potential_Novel_Family,Known_Family_Only
5246,9516,1,Potential_Novel_Family,Known_Family_Only
2996,12222,1,Potential_Novel_Family,Known_Family_Only
12223,12719,1,Potential_Novel_Family,Known_Family_Only
113,11564,1,Known_Family_Only,Potential_Novel_Family
113,2860,1,Known_Family_Only,Potential_Novel_Family
113,3526,1,Known_Family_Only,Known_Family_Only
10928,12083,1,Potential_Novel_Family,Known_Family_Only
780,941,1,Potential_Novel_Family,Known_Family_Only
941,9975,1,Known_Family_Only,Potential_Novel_Family
3364,8512,1,Known_Family_Only,Potential_Novel_Family
9769,9824,1,Potential_Novel_Family,Potential_Novel_Family
11047,12682,1,Potential_Novel_Family,Potential_Novel_Family
4265,11950,1,Potential_Novel_Family,Known_Family_Only
9231,9892,1,Known_Family_Only,Potential_Novel_Family
2724,8212,1,Known_Family_Only,Potential_Novel_Family
9922,11749,1,Known_Family_Only,Potential_Novel_Family
9610,9969,1,Known_Family_Only,Potential_Novel_Family
7573,11389,1,Potential_Novel_Family,Known_Family_Only
6682,7861,1,Potential_Novel_Family,Known_Family_Only
6568,9115,1,Potential_Novel_Family,Potential_Novel_Family
3194,9611,1,Potential_Novel_Family,Potential_Novel_Family
3298,9893,1,Potential_Novel_Family,Expanded_Known_Family
9893,7940,1,Expanded_Known_Family,Potential_Novel_Family
3133,6225,1,Known_Family_Only,Potential_Novel_Family
8023,11608,1,Potential_Novel_Family,Potential_Novel_Family
6532,11230,1,Known_Family_Only,Potential_Novel_Family
2491,2590,1,Known_Family_Only,Potential_Novel_Family
2022,2426,1,Potential_Novel_Family,Known_Family_Only
2022,4536,1,Potential_Novel_Family,Potential_Novel_Family
2426,4536,1,Known_Family_Only,Potential_Novel_Family
3613,6226,4,Expanded_Known_Family,Potential_Novel_Family
3613,8185,1,Expanded_Known_Family,Known_Family_Only
8889,10634,1,Known_Family_Only,Potential_Novel_Family
2003,2235,1,Potential_Novel_Family,Known_Family_Only
1766,3852,1,Potential_Novel_Family,Known_Family_Only
1766,3524,1,Potential_Novel_Family,Known_Family_Only
2269,6207,2,Potential_Novel_Family,Expanded_Known_Family
5567,6533,1,Potential_Novel_Family,Known_Family_Only
6928,7463,1,Known_Family_Only,Potential_Novel_Family
2004,8789,1,Known_Family_Only,Known_Family_Only
2004,8956,1,Known_Family_Only,Potential_Novel_Family
8789,8956,1,Known_Family_Only,Potential_Novel_Family
1438,2566,1,Potential_Novel_Family,Known_Family_Only
4790,10397,1,Known_Family_Only,Potential_Novel_Family
5412,12224,1,Potential_Novel_Family,Potential_Novel_Family
2880,11571,1,Potential_Novel_Family,Known_Family_Only
1558,4836,1,Potential_Novel_Family,Expanded_Known_Family
4836,12762,1,Expanded_Known_Family,Potential_Novel_Family
4791,9320,1,Known_Family_Only,Potential_Novel_Family
9612,10370,1,Known_Family_Only,Potential_Novel_Family
11106,12372,1,Potential_Novel_Family,Known_Family_Only
4422,6340,1,Potential_Novel_Family,Expanded_Known_Family
6340,4538,1,Expanded_Known_Family,Known_Family_Only
5684,5765,1,Potential_Novel_Family,Potential_Novel_Family
4594,8891,1,Expanded_Known_Family,Known_Family_Only
2772,4699,2,Potential_Novel_Family,Expanded_Known_Family
8110,12048,1,Potential_Novel_Family,Known_Family_Only
188,7493,1,Known_Family_Only,Potential_Novel_Family
10605,11105,1,Potential_Novel_Family,Known_Family_Only
276,7383,1,Potential_Novel_Family,Known_Family_Only
11231,12047,1,Potential_Novel_Family,Known_Family_Only
7251,8989,1,Potential_Novel_Family,Potential_Novel_Family
2352,8968,1,Potential_Novel_Family,Known_Family_Only
2762,11235,1,Expanded_Known_Family,Potential_Novel_Family
3469,10549,1,Potential_Novel_Family,Known_Family_Only
10606,10833,1,Potential_Novel_Family,Known_Family_Only
9894,10980,1,Known_Family_Only,Potential_Novel_Family
7494,7929,1,Potential_Novel_Family,Potential_Novel_Family
7440,11071,1,Potential_Novel_Family,Potential_Novel_Family
5237,12201,1,Expanded_Known_Family,Potential_Novel_Family
5237,7902,1,Expanded_Known_Family,Potential_Novel_Family
5237,10261,1,Expanded_Known_Family,Known_Family_Only
8637,10560,1,Known_Family_Only,Potential_Novel_Family
880,11176,1,Potential_Novel_Family,Potential_Novel_Family
6193,7830,1,Known_Family_Only,Potential_Novel_Family
1655,10066,1,Potential_Novel_Family,Known_Family_Only
2467,3654,1,Potential_Novel_Family,Known_Family_Only
5982,10288,1,Potential_Novel_Family,Known_Family_Only
3423,6929,1,Potential_Novel_Family,Potential_Novel_Family
2116,3032,1,Potential_Novel_Family,Potential_Novel_Family
7676,7862,1,Known_Family_Only,Potential_Novel_Family
994,10579,1,Known_Family_Only,Potential_Novel_Family
4688,7677,1,Potential_Novel_Family,Known_Family_Only
1008,9923,1,Potential_Novel_Family,Potential_Novel_Family
4716,12254,1,Known_Family_Only,Potential_Novel_Family
2468,7930,1,Potential_Novel_Family,Known_Family_Only
5275,11565,1,Known_Family_Only,Potential_Novel_Family
76,8845,1,Potential_Novel_Family,Potential_Novel_Family
1329,5602,1,Potential_Novel_Family,Known_Family_Only
5767,11417,1,Potential_Novel_Family,Potential_Novel_Family
3914,8920,1,Known_Family_Only,Potential_Novel_Family
1065,2445,1,Known_Family_Only,Known_Family_Only
1065,7358,1,Known_Family_Only,Potential_Novel_Family
2445,7358,1,Known_Family_Only,Potential_Novel_Family
914,5685,2,Expanded_Known_Family,Potential_Novel_Family
7713,8399,2,Expanded_Known_Family,Potential_Novel_Family
6642,11021,1,Potential_Novel_Family,Known_Family_Only
939,8790,1,Potential_Novel_Family,Potential_Novel_Family
2012,9896,1,Potential_Novel_Family,Known_Family_Only
734,6569,1,Potential_Novel_Family,Potential_Novel_Family
961,4991,1,Known_Family_Only,Potential_Novel_Family
3502,6545,2,Potential_Novel_Family,Expanded_Known_Family
4763,12403,1,Known_Family_Only,Potential_Novel_Family
3817,8613,1,Potential_Novel_Family,Known_Family_Only
10249,11145,1,Known_Family_Only,Potential_Novel_Family
3386,11048,1,Known_Family_Only,Potential_Novel_Family
6043,12646,1,Potential_Novel_Family,Potential_Novel_Family
3470,6110,1,Potential_Novel_Family,Known_Family_Only
5768,9946,1,Potential_Novel_Family,Known_Family_Only
5568,6545,1,Expanded_Known_Family,Expanded_Known_Family
5568,12724,1,Expanded_Known_Family,Known_Family_Only
6545,10284,1,Expanded_Known_Family,Known_Family_Only
5971,1950,1,Expanded_Known_Family,Potential_Novel_Family
3195,3964,2,Potential_Novel_Family,Potential_Novel_Family
11789,12049,1,Known_Family_Only,Potential_Novel_Family
2074,7678,1,Potential_Novel_Family,Potential_Novel_Family
4376,7126,1,Known_Family_Only,Potential_Novel_Family
4141,12862,1,Potential_Novel_Family,Known_Family_Only
2065,2158,1,Known_Family_Only,Potential_Novel_Family
2065,3090,1,Known_Family_Only,Known_Family_Only
2158,3090,1,Potential_Novel_Family,Known_Family_Only
1020,3091,1,Potential_Novel_Family,Known_Family_Only
7325,9142,1,Expanded_Known_Family,Potential_Novel_Family
7325,8580,3,Expanded_Known_Family,Expanded_Known_Family
5945,8354,1,Potential_Novel_Family,Known_Family_Only
6024,8183,1,Potential_Novel_Family,Potential_Novel_Family
8183,12375,1,Potential_Novel_Family,Known_Family_Only
2469,8087,1,Potential_Novel_Family,Known_Family_Only
2469,12084,1,Potential_Novel_Family,Potential_Novel_Family
8087,12084,1,Known_Family_Only,Potential_Novel_Family
2086,6393,1,Known_Family_Only,Potential_Novel_Family
2567,9835,2,Potential_Novel_Family,Potential_Novel_Family
185,4939,3,Potential_Novel_Family,Potential_Novel_Family
4142,7252,5,Expanded_Known_Family,Expanded_Known_Family
4613,9483,1,Potential_Novel_Family,Known_Family_Only
1675,6304,2,Known_Family_Only,Potential_Novel_Family
1665,10278,1,Known_Family_Only,Potential_Novel_Family
4400,4717,3,Known_Family_Only,Potential_Novel_Family
4717,2636,1,Potential_Novel_Family,Known_Family_Only
4717,8294,1,Potential_Novel_Family,Known_Family_Only
898,6044,1,Known_Family_Only,Potential_Novel_Family
11107,11912,1,Potential_Novel_Family,Known_Family_Only
8696,9453,1,Known_Family_Only,Potential_Novel_Family
1134,12119,1,Potential_Novel_Family,Known_Family_Only
3173,5035,1,Potential_Novel_Family,Known_Family_Only
6256,10342,1,Potential_Novel_Family,Potential_Novel_Family
1986,2236,1,Known_Family_Only,Potential_Novel_Family
1986,4698,1,Known_Family_Only,Potential_Novel_Family
2236,7809,1,Potential_Novel_Family,Known_Family_Only
7298,7417,1,Known_Family_Only,Potential_Novel_Family
2005,431,1,Expanded_Known_Family,Expanded_Known_Family
2552,6797,1,Known_Family_Only,Potential_Novel_Family
1820,4689,3,Expanded_Known_Family,Expanded_Known_Family
6194,10476,1,Known_Family_Only,Potential_Novel_Family
8024,10174,1,Known_Family_Only,Potential_Novel_Family
1677,12462,1,Potential_Novel_Family,Potential_Novel_Family
1677,431,1,Potential_Novel_Family,Expanded_Known_Family
1846,5463,1,Potential_Novel_Family,Known_Family_Only
1846,12373,1,Potential_Novel_Family,Potential_Novel_Family
5463,12373,1,Known_Family_Only,Potential_Novel_Family
459,1412,1,Known_Family_Only,Potential_Novel_Family
1149,1215,1,Potential_Novel_Family,Known_Family_Only
326,1443,1,Expanded_Known_Family,Expanded_Known_Family
326,10607,1,Expanded_Known_Family,Potential_Novel_Family
326,3484,1,Expanded_Known_Family,Known_Family_Only
4004,11207,1,Potential_Novel_Family,Known_Family_Only
5464,6930,3,Potential_Novel_Family,Expanded_Known_Family
5464,6832,2,Potential_Novel_Family,Expanded_Known_Family
6930,6832,2,Expanded_Known_Family,Expanded_Known_Family
9909,11216,1,Potential_Novel_Family,Potential_Novel_Family
356,4128,1,Known_Family_Only,Potential_Novel_Family
4128,2539,1,Potential_Novel_Family,Expanded_Known_Family
10067,10196,3,Potential_Novel_Family,Expanded_Known_Family
1957,7034,1,Expanded_Known_Family,Potential_Novel_Family
1957,1737,1,Expanded_Known_Family,Known_Family_Only
1957,4660,1,Expanded_Known_Family,Potential_Novel_Family
502,3387,1,Potential_Novel_Family,Potential_Novel_Family
3387,12380,1,Potential_Novel_Family,Known_Family_Only
1737,4660,1,Known_Family_Only,Potential_Novel_Family
687,1828,1,Potential_Novel_Family,Potential_Novel_Family
3982,6001,1,Known_Family_Only,Potential_Novel_Family
12584,12721,1,Potential_Novel_Family,Known_Family_Only
573,4075,1,Potential_Novel_Family,Known_Family_Only
12300,12883,1,Expanded_Known_Family,Potential_Novel_Family
12300,12058,1,Expanded_Known_Family,Potential_Novel_Family
4690,6714,1,Potential_Novel_Family,Potential_Novel_Family
6714,5067,1,Potential_Novel_Family,Known_Family_Only
2048,12301,2,Potential_Novel_Family,Expanded_Known_Family
3299,9645,2,Potential_Novel_Family,Potential_Novel_Family
850,6508,1,Expanded_Known_Family,Potential_Novel_Family
127,2591,1,Known_Family_Only,Known_Family_Only
127,6893,1,Known_Family_Only,Potential_Novel_Family
8025,10782,2,Expanded_Known_Family,Known_Family_Only
8025,11323,1,Expanded_Known_Family,Potential_Novel_Family
10782,11323,1,Known_Family_Only,Potential_Novel_Family
303,2800,1,Potential_Novel_Family,Potential_Novel_Family
303,2125,1,Potential_Novel_Family,Known_Family_Only
2800,10816,1,Potential_Novel_Family,Known_Family_Only
4739,10750,1,Potential_Novel_Family,Known_Family_Only
11208,11460,1,Potential_Novel_Family,Potential_Novel_Family
12051,12225,2,Potential_Novel_Family,Known_Family_Only
7192,8728,1,Known_Family_Only,Potential_Novel_Family
11461,12120,1,Known_Family_Only,Potential_Novel_Family
7604,12226,1,Potential_Novel_Family,Known_Family_Only
5202,9233,1,Potential_Novel_Family,Known_Family_Only
3820,8756,3,Expanded_Known_Family,Expanded_Known_Family
2982,11870,1,Potential_Novel_Family,Potential_Novel_Family
1494,8513,1,Potential_Novel_Family,Known_Family_Only
11951,12799,1,Potential_Novel_Family,Potential_Novel_Family
1339,6141,1,Potential_Novel_Family,Potential_Novel_Family
1339,6463,1,Potential_Novel_Family,Potential_Novel_Family
1339,148,1,Potential_Novel_Family,Potential_Novel_Family
1339,6265,1,Potential_Novel_Family,Potential_Novel_Family
3318,8661,2,Expanded_Known_Family,Potential_Novel_Family
4251,10124,1,Potential_Novel_Family,Known_Family_Only
4537,10125,2,Known_Family_Only,Potential_Novel_Family
2348,5104,1,Potential_Novel_Family,Known_Family_Only
1402,8330,1,Potential_Novel_Family,Potential_Novel_Family
8330,8707,1,Potential_Novel_Family,Potential_Novel_Family
178,8760,1,Expanded_Known_Family,Potential_Novel_Family
178,1569,1,Expanded_Known_Family,Known_Family_Only
4691,6707,1,Expanded_Known_Family,Known_Family_Only
4691,10068,2,Expanded_Known_Family,Potential_Novel_Family
7127,8757,1,Potential_Novel_Family,Known_Family_Only
5603,10250,1,Potential_Novel_Family,Known_Family_Only
2316,4470,2,Expanded_Known_Family,Expanded_Known_Family
841,2959,1,Known_Family_Only,Potential_Novel_Family
841,9678,1,Known_Family_Only,Known_Family_Only
2959,9678,1,Potential_Novel_Family,Known_Family_Only
235,11420,1,Potential_Novel_Family,Known_Family_Only
3196,12156,1,Known_Family_Only,Potential_Novel_Family
4740,10251,1,Potential_Novel_Family,Known_Family_Only
11683,12256,8,Potential_Novel_Family,Potential_Novel_Family
7128,7253,1,Potential_Novel_Family,Potential_Novel_Family
6798,10929,1,Potential_Novel_Family,Known_Family_Only
6798,12302,1,Potential_Novel_Family,Potential_Novel_Family
10929,12302,1,Known_Family_Only,Potential_Novel_Family
1066,9679,2,Expanded_Known_Family,Potential_Novel_Family
3892,12683,1,Potential_Novel_Family,Known_Family_Only
3775,3798,1,Potential_Novel_Family,Potential_Novel_Family
3775,10198,1,Potential_Novel_Family,Potential_Novel_Family
2539,3757,1,Expanded_Known_Family,Known_Family_Only
8429,10223,1,Known_Family_Only,Potential_Novel_Family
2553,4854,1,Potential_Novel_Family,Known_Family_Only
12489,12557,1,Potential_Novel_Family,Known_Family_Only
8579,12622,1,Potential_Novel_Family,Known_Family_Only
553,7714,1,Potential_Novel_Family,Known_Family_Only
553,11360,1,Potential_Novel_Family,Known_Family_Only
532,7035,1,Known_Family_Only,Potential_Novel_Family
1230,7255,1,Known_Family_Only,Potential_Novel_Family
4988,5176,1,Potential_Novel_Family,Potential_Novel_Family
1497,8614,1,Known_Family_Only,Known_Family_Only
317,1284,2,Potential_Novel_Family,Expanded_Known_Family
435,5036,1,Potential_Novel_Family,Known_Family_Only
435,11027,1,Potential_Novel_Family,Known_Family_Only
134,428,1,Known_Family_Only,Known_Family_Only
1216,1479,1,Potential_Novel_Family,Known_Family_Only
2960,5799,1,Known_Family_Only,Known_Family_Only
2960,8890,1,Known_Family_Only,Potential_Novel_Family
2960,10580,1,Known_Family_Only,Known_Family_Only
5799,8890,1,Known_Family_Only,Potential_Novel_Family
5799,10580,1,Known_Family_Only,Known_Family_Only
8890,10580,1,Potential_Novel_Family,Known_Family_Only
2169,2248,1,Known_Family_Only,Known_Family_Only
2169,4266,1,Known_Family_Only,Potential_Novel_Family
2248,4266,1,Known_Family_Only,Potential_Novel_Family
5003,7653,1,Known_Family_Only,Potential_Novel_Family
4292,5513,4,Expanded_Known_Family,Expanded_Known_Family
4292,12374,2,Expanded_Known_Family,Expanded_Known_Family
5513,12374,2,Expanded_Known_Family,Expanded_Known_Family
4467,7193,1,Potential_Novel_Family,Known_Family_Only
1447,1656,1,Expanded_Known_Family,Known_Family_Only
7096,11530,1,Potential_Novel_Family,Known_Family_Only
3637,9579,1,Potential_Novel_Family,Known_Family_Only
5570,9321,1,Known_Family_Only,Potential_Novel_Family
7389,12065,1,Potential_Novel_Family,Known_Family_Only
2923,6133,2,Potential_Novel_Family,Expanded_Known_Family
6195,9517,1,Potential_Novel_Family,Potential_Novel_Family
1639,12490,1,Expanded_Known_Family,Known_Family_Only
5487,6963,2,Expanded_Known_Family,Expanded_Known_Family
837,10882,1,Potential_Novel_Family,Known_Family_Only
9234,11790,1,Known_Family_Only,Potential_Novel_Family
9264,12491,1,Potential_Novel_Family,Potential_Novel_Family
5177,8617,1,Known_Family_Only,Potential_Novel_Family
7797,7864,1,Potential_Novel_Family,Potential_Novel_Family
6892,11495,1,Potential_Novel_Family,Potential_Novel_Family
2349,6604,1,Known_Family_Only,Potential_Novel_Family
7717,866,1,Expanded_Known_Family,Potential_Novel_Family
5890,10224,1,Potential_Novel_Family,Known_Family_Only
1055,11292,1,Potential_Novel_Family,Potential_Novel_Family
2832,6856,1,Expanded_Known_Family,Known_Family_Only
2832,9143,1,Expanded_Known_Family,Potential_Novel_Family
2832,10807,2,Expanded_Known_Family,Potential_Novel_Family
2832,2593,1,Expanded_Known_Family,Known_Family_Only
6856,9143,1,Known_Family_Only,Potential_Novel_Family
6856,10807,1,Known_Family_Only,Potential_Novel_Family
9143,10807,1,Potential_Novel_Family,Potential_Novel_Family
10807,2593,1,Potential_Novel_Family,Known_Family_Only
1877,7129,1,Known_Family_Only,Potential_Novel_Family
2350,9971,1,Known_Family_Only,Potential_Novel_Family
1829,3268,1,Potential_Novel_Family,Expanded_Known_Family
3268,8435,1,Expanded_Known_Family,Known_Family_Only
6931,10371,1,Potential_Novel_Family,Known_Family_Only
828,7036,1,Potential_Novel_Family,Known_Family_Only
1700,4252,1,Known_Family_Only,Potential_Novel_Family
1044,5178,1,Known_Family_Only,Potential_Novel_Family
9169,11684,1,Potential_Novel_Family,Known_Family_Only
1351,1802,1,Potential_Novel_Family,Known_Family_Only
10147,10550,1,Potential_Novel_Family,Potential_Novel_Family
5713,5800,1,Potential_Novel_Family,Potential_Novel_Family
8112,9235,2,Expanded_Known_Family,Potential_Novel_Family
3540,12868,1,Potential_Novel_Family,Known_Family_Only
8468,9862,1,Potential_Novel_Family,Potential_Novel_Family
8758,10425,1,Known_Family_Only,Potential_Novel_Family
3541,6534,1,Potential_Novel_Family,Potential_Novel_Family
7895,8991,2,Expanded_Known_Family,Potential_Novel_Family
5548,6570,1,Potential_Novel_Family,Potential_Novel_Family
5626,6045,1,Known_Family_Only,Potential_Novel_Family
5626,7256,1,Known_Family_Only,Known_Family_Only
6045,7256,1,Potential_Novel_Family,Known_Family_Only
3231,9088,1,Potential_Novel_Family,Known_Family_Only
12121,12492,1,Known_Family_Only,Potential_Novel_Family
1891,2997,1,Known_Family_Only,Potential_Novel_Family
1555,6423,1,Potential_Novel_Family,Known_Family_Only
1813,12085,1,Potential_Novel_Family,Known_Family_Only
874,5832,1,Potential_Novel_Family,Known_Family_Only
874,9927,1,Potential_Novel_Family,Potential_Novel_Family
874,5719,1,Potential_Novel_Family,Known_Family_Only
767,10379,1,Potential_Novel_Family,Known_Family_Only
5230,12660,1,Potential_Novel_Family,Known_Family_Only
1313,1586,1,Potential_Novel_Family,Known_Family_Only
2439,12647,1,Expanded_Known_Family,Known_Family_Only
2998,3542,1,Potential_Novel_Family,Potential_Novel_Family
6305,10069,1,Known_Family_Only,Potential_Novel_Family
8113,10343,1,Known_Family_Only,Potential_Novel_Family
6743,11232,1,Known_Family_Only,Potential_Novel_Family
560,2969,1,Potential_Novel_Family,Known_Family_Only
2409,9170,1,Potential_Novel_Family,Known_Family_Only
1144,8331,1,Potential_Novel_Family,Potential_Novel_Family
678,3556,1,Known_Family_Only,Potential_Novel_Family
1551,12157,1,Potential_Novel_Family,Known_Family_Only
1551,5419,1,Potential_Novel_Family,Known_Family_Only
842,854,1,Potential_Novel_Family,Potential_Novel_Family
1777,12257,1,Potential_Novel_Family,Known_Family_Only
2440,3753,1,Potential_Novel_Family,Known_Family_Only
3776,8182,1,Potential_Novel_Family,Potential_Novel_Family
689,1757,1,Known_Family_Only,Expanded_Known_Family
1757,2194,3,Expanded_Known_Family,Expanded_Known_Family
1757,3840,3,Expanded_Known_Family,Known_Family_Only
1757,5063,3,Expanded_Known_Family,Known_Family_Only
1757,442,1,Expanded_Known_Family,Potential_Novel_Family
855,2659,1,Known_Family_Only,Potential_Novel_Family
2378,12661,1,Known_Family_Only,Potential_Novel_Family
827,3841,1,Expanded_Known_Family,Known_Family_Only
5627,7931,1,Potential_Novel_Family,Potential_Novel_Family
8992,9026,1,Potential_Novel_Family,Potential_Novel_Family
2386,9863,1,Potential_Novel_Family,Potential_Novel_Family
2386,1206,1,Potential_Novel_Family,Potential_Novel_Family
8993,11685,1,Potential_Novel_Family,Potential_Novel_Family
2568,8144,2,Known_Family_Only,Potential_Novel_Family
788,8698,2,Known_Family_Only,Potential_Novel_Family
424,3548,1,Known_Family_Only,Potential_Novel_Family
5550,9518,1,Known_Family_Only,Potential_Novel_Family
3948,7500,1,Potential_Novel_Family,Potential_Novel_Family
2499,11697,1,Known_Family_Only,Potential_Novel_Family
431,254,1,Expanded_Known_Family,Potential_Novel_Family
6424,7530,2,Potential_Novel_Family,Expanded_Known_Family
6378,12275,1,Potential_Novel_Family,Known_Family_Only
1701,7384,1,Known_Family_Only,Potential_Novel_Family
1701,10751,1,Known_Family_Only,Known_Family_Only
7384,10751,1,Potential_Novel_Family,Known_Family_Only
11023,11072,1,Potential_Novel_Family,Known_Family_Only
894,2879,3,Known_Family_Only,Expanded_Known_Family
894,5801,3,Known_Family_Only,Potential_Novel_Family
894,5924,1,Known_Family_Only,Expanded_Known_Family
894,2267,1,Known_Family_Only,Potential_Novel_Family
2879,5801,4,Expanded_Known_Family,Potential_Novel_Family
2879,2267,1,Expanded_Known_Family,Potential_Novel_Family
5801,2267,1,Potential_Novel_Family,Potential_Novel_Family
5604,6257,1,Known_Family_Only,Potential_Novel_Family
4889,6764,1,Known_Family_Only,Potential_Novel_Family
4855,7866,1,Potential_Novel_Family,Known_Family_Only
8253,9058,1,Potential_Novel_Family,Expanded_Known_Family
9058,7639,1,Expanded_Known_Family,Potential_Novel_Family
7420,9827,1,Potential_Novel_Family,Potential_Novel_Family
7419,10834,1,Potential_Novel_Family,Known_Family_Only
1369,1941,1,Potential_Novel_Family,Potential_Novel_Family
1475,8792,1,Potential_Novel_Family,Known_Family_Only
5179,9680,1,Potential_Novel_Family,Potential_Novel_Family
3300,8729,1,Potential_Novel_Family,Known_Family_Only
11392,12405,1,Potential_Novel_Family,Known_Family_Only
2725,10094,3,Expanded_Known_Family,Potential_Novel_Family
980,5127,3,Potential_Novel_Family,Expanded_Known_Family
8618,9519,1,Potential_Novel_Family,Known_Family_Only
4269,7216,1,Potential_Novel_Family,Potential_Novel_Family
4069,12020,1,Potential_Novel_Family,Potential_Novel_Family
1912,9390,1,Potential_Novel_Family,Known_Family_Only
3593,9350,1,Potential_Novel_Family,Known_Family_Only
8214,12662,1,Known_Family_Only,Potential_Novel_Family
10126,10635,1,Potential_Novel_Family,Known_Family_Only
6799,11612,1,Potential_Novel_Family,Known_Family_Only
1579,3301,1,Known_Family_Only,Potential_Novel_Family
582,9454,1,Potential_Novel_Family,Potential_Novel_Family
10658,12663,1,Potential_Novel_Family,Known_Family_Only
11871,12838,1,Known_Family_Only,Potential_Novel_Family
3872,9828,1,Potential_Novel_Family,Known_Family_Only
5972,11566,1,Potential_Novel_Family,Known_Family_Only
10041,11725,1,Expanded_Known_Family,Potential_Novel_Family
10041,856,1,Expanded_Known_Family,Expanded_Known_Family
104,2303,1,Potential_Novel_Family,Known_Family_Only
8848,8266,1,Expanded_Known_Family,Potential_Novel_Family
5947,10500,1,Expanded_Known_Family,Potential_Novel_Family
6283,10694,1,Potential_Novel_Family,Known_Family_Only
4006,11233,1,Known_Family_Only,Potential_Novel_Family
315,7636,1,Potential_Novel_Family,Known_Family_Only
4150,5869,1,Potential_Novel_Family,Potential_Novel_Family
5810,10619,1,Potential_Novel_Family,Potential_Novel_Family
9455,11835,2,Expanded_Known_Family,Potential_Novel_Family
2441,12406,1,Potential_Novel_Family,Known_Family_Only
4103,9829,1,Potential_Novel_Family,Known_Family_Only
1600,2420,1,Known_Family_Only,Potential_Novel_Family
3939,8027,1,Known_Family_Only,Potential_Novel_Family
5833,7194,1,Known_Family_Only,Potential_Novel_Family
8994,11324,1,Known_Family_Only,Potential_Novel_Family
1695,11234,1,Potential_Novel_Family,Known_Family_Only
3710,11294,1,Potential_Novel_Family,Known_Family_Only
5714,7985,1,Known_Family_Only,Potential_Novel_Family
2983,10372,1,Known_Family_Only,Potential_Novel_Family
6169,6306,1,Potential_Novel_Family,Known_Family_Only
8768,12050,1,Potential_Novel_Family,Potential_Novel_Family
8768,7272,1,Potential_Novel_Family,Known_Family_Only
3895,6111,1,Potential_Novel_Family,Expanded_Known_Family
3895,10783,1,Potential_Novel_Family,Known_Family_Only
6111,10783,1,Expanded_Known_Family,Known_Family_Only
6111,2505,1,Expanded_Known_Family,Potential_Novel_Family
4253,10752,1,Potential_Novel_Family,Potential_Novel_Family
2984,11978,1,Known_Family_Only,Potential_Novel_Family
1173,7608,1,Potential_Novel_Family,Potential_Novel_Family
5715,9295,1,Known_Family_Only,Potential_Novel_Family
4633,8397,1,Potential_Novel_Family,Known_Family_Only
825,11726,1,Expanded_Known_Family,Known_Family_Only
825,1921,1,Expanded_Known_Family,Potential_Novel_Family
2673,9027,1,Potential_Novel_Family,Potential_Novel_Family
196,1461,1,Potential_Novel_Family,Potential_Novel_Family
3612,5863,1,Potential_Novel_Family,Known_Family_Only
11393,12087,2,Potential_Novel_Family,Expanded_Known_Family
9171,12722,1,Known_Family_Only,Potential_Novel_Family
5948,11496,1,Known_Family_Only,Potential_Novel_Family
3965,5353,1,Potential_Novel_Family,Potential_Novel_Family
63,5376,1,Known_Family_Only,Potential_Novel_Family
3148,4540,1,Known_Family_Only,Potential_Novel_Family
3148,10610,1,Known_Family_Only,Potential_Novel_Family
206,3370,1,Expanded_Known_Family,Potential_Novel_Family
4254,12686,1,Potential_Novel_Family,Potential_Novel_Family
651,11874,1,Known_Family_Only,Potential_Novel_Family
2871,7715,1,Known_Family_Only,Potential_Novel_Family
247,1889,1,Known_Family_Only,Potential_Novel_Family
247,3367,1,Known_Family_Only,Known_Family_Only
1889,3367,1,Potential_Novel_Family,Known_Family_Only
1889,3676,1,Potential_Novel_Family,Potential_Novel_Family
4720,12053,1,Potential_Novel_Family,Known_Family_Only
12601,12441,1,Expanded_Known_Family,Potential_Novel_Family
1837,7162,1,Potential_Novel_Family,Known_Family_Only
1640,10225,1,Potential_Novel_Family,Potential_Novel_Family
2410,3941,1,Potential_Novel_Family,Potential_Novel_Family
7609,10148,1,Known_Family_Only,Potential_Novel_Family
995,5148,1,Known_Family_Only,Potential_Novel_Family
6082,9799,1,Potential_Novel_Family,Known_Family_Only
9613,12228,1,Known_Family_Only,Potential_Novel_Family
6964,8995,1,Known_Family_Only,Potential_Novel_Family
3602,10308,2,Expanded_Known_Family,Expanded_Known_Family
9864,12193,1,Known_Family_Only,Potential_Novel_Family
1160,10455,1,Expanded_Known_Family,Potential_Novel_Family
2636,8294,1,Known_Family_Only,Known_Family_Only
5746,7808,1,Expanded_Known_Family,Expanded_Known_Family
2067,3578,1,Potential_Novel_Family,Known_Family_Only
10611,10885,3,Potential_Novel_Family,Potential_Novel_Family
51,11074,1,Expanded_Known_Family,Potential_Novel_Family
2634,3657,1,Known_Family_Only,Potential_Novel_Family
7067,12021,2,Known_Family_Only,Potential_Novel_Family
10252,11024,1,Potential_Novel_Family,Potential_Novel_Family
10501,12022,2,Known_Family_Only,Potential_Novel_Family
12022,11568,1,Potential_Novel_Family,Potential_Novel_Family
7868,4167,1,Known_Family_Only,Potential_Novel_Family
3319,7832,1,Potential_Novel_Family,Potential_Novel_Family
1648,8620,1,Known_Family_Only,Known_Family_Only
1648,11326,1,Known_Family_Only,Potential_Novel_Family
8620,11326,1,Known_Family_Only,Potential_Novel_Family
8581,10661,1,Known_Family_Only,Potential_Novel_Family
11751,12086,1,Known_Family_Only,Potential_Novel_Family
3285,11261,1,Potential_Novel_Family,Known_Family_Only
1077,2660,1,Potential_Novel_Family,Potential_Novel_Family
9207,9486,1,Known_Family_Only,Potential_Novel_Family
7740,12496,1,Known_Family_Only,Potential_Novel_Family
1395,6081,1,Known_Family_Only,Potential_Novel_Family
4692,10835,1,Known_Family_Only,Potential_Novel_Family
6571,6683,1,Known_Family_Only,Potential_Novel_Family
930,10784,1,Potential_Novel_Family,Known_Family_Only
947,3670,1,Known_Family_Only,Potential_Novel_Family
1015,5413,1,Potential_Novel_Family,Potential_Novel_Family
1267,3728,1,Expanded_Known_Family,Potential_Novel_Family
1267,2962,1,Expanded_Known_Family,Known_Family_Only
1267,3326,1,Expanded_Known_Family,Potential_Novel_Family
1097,3557,1,Potential_Novel_Family,Potential_Novel_Family
7799,8849,1,Known_Family_Only,Potential_Novel_Family
5276,7637,1,Potential_Novel_Family,Potential_Novel_Family
3455,7037,1,Potential_Novel_Family,Known_Family_Only
3853,7359,4,Potential_Novel_Family,Expanded_Known_Family
11792,11980,1,Potential_Novel_Family,Known_Family_Only
6606,8255,1,Potential_Novel_Family,Known_Family_Only
587,5687,2,Potential_Novel_Family,Known_Family_Only
5924,3073,3,Expanded_Known_Family,Expanded_Known_Family
1566,11262,1,Known_Family_Only,Potential_Novel_Family
5490,6464,3,Expanded_Known_Family,Potential_Novel_Family
5834,10612,1,Potential_Novel_Family,Known_Family_Only
7195,12497,1,Known_Family_Only,Potential_Novel_Family
83,10175,1,Expanded_Known_Family,Known_Family_Only
46,936,1,Potential_Novel_Family,Potential_Novel_Family
46,2304,1,Potential_Novel_Family,Known_Family_Only
936,2304,1,Potential_Novel_Family,Known_Family_Only
4144,8852,1,Potential_Novel_Family,Expanded_Known_Family
8852,5065,2,Expanded_Known_Family,Potential_Novel_Family
8256,9926,1,Known_Family_Only,Potential_Novel_Family
5802,11025,1,Potential_Novel_Family,Potential_Novel_Family
9296,10662,1,Potential_Novel_Family,Known_Family_Only
4167,5517,1,Potential_Novel_Family,Potential_Novel_Family
4810,12089,1,Known_Family_Only,Potential_Novel_Family
4449,8469,1,Potential_Novel_Family,Known_Family_Only
2239,7531,1,Potential_Novel_Family,Known_Family_Only
1246,3284,1,Known_Family_Only,Potential_Novel_Family
787,2635,1,Potential_Novel_Family,Known_Family_Only
8514,8662,2,Potential_Novel_Family,Known_Family_Only
7441,8058,1,Potential_Novel_Family,Known_Family_Only
7834,12495,2,Expanded_Known_Family,Expanded_Known_Family
4023,12258,1,Potential_Novel_Family,Potential_Novel_Family
11648,11791,1,Potential_Novel_Family,Potential_Novel_Family
5204,7160,1,Potential_Novel_Family,Potential_Novel_Family
3320,10836,3,Known_Family_Only,Potential_Novel_Family
8254,12337,1,Potential_Novel_Family,Known_Family_Only
3818,11327,2,Potential_Novel_Family,Expanded_Known_Family
277,12338,1,Expanded_Known_Family,Potential_Novel_Family
277,8622,1,Expanded_Known_Family,Known_Family_Only
7767,8257,1,Known_Family_Only,Potential_Novel_Family
2971,9059,1,Potential_Novel_Family,Known_Family_Only
2637,4468,1,Potential_Novel_Family,Potential_Novel_Family
6932,9487,1,Potential_Novel_Family,Potential_Novel_Family
7260,7768,1,Potential_Novel_Family,Potential_Novel_Family
3522,4229,1,Potential_Novel_Family,Known_Family_Only
1518,7161,1,Potential_Novel_Family,Known_Family_Only
6135,11952,1,Potential_Novel_Family,Potential_Novel_Family
12054,11532,1,Potential_Novel_Family,Potential_Novel_Family
12054,10458,1,Potential_Novel_Family,Potential_Novel_Family
2638,9646,1,Potential_Novel_Family,Known_Family_Only
4024,5467,1,Known_Family_Only,Potential_Novel_Family
4298,3880,1,Potential_Novel_Family,Potential_Novel_Family
4298,7167,1,Potential_Novel_Family,Known_Family_Only
5441,12468,1,Expanded_Known_Family,Known_Family_Only
10785,11649,1,Known_Family_Only,Potential_Novel_Family
2897,8184,1,Potential_Novel_Family,Potential_Novel_Family
403,7897,1,Known_Family_Only,Potential_Novel_Family
5037,7898,1,Known_Family_Only,Potential_Novel_Family
4959,9351,1,Potential_Novel_Family,Known_Family_Only
3711,7217,1,Known_Family_Only,Potential_Novel_Family
8921,11753,1,Potential_Novel_Family,Known_Family_Only
6686,12158,1,Potential_Novel_Family,Known_Family_Only
9972,10753,1,Potential_Novel_Family,Potential_Novel_Family
3983,7611,1,Known_Family_Only,Potential_Novel_Family
10754,11981,1,Potential_Novel_Family,Potential_Novel_Family
1490,3174,1,Potential_Novel_Family,Known_Family_Only
11876,12761,1,Potential_Novel_Family,Potential_Novel_Family
2182,11875,1,Potential_Novel_Family,Known_Family_Only
8544,10526,1,Potential_Novel_Family,Potential_Novel_Family
8850,9614,1,Known_Family_Only,Potential_Novel_Family
10660,11076,1,Potential_Novel_Family,Known_Family_Only
10095,11421,1,Known_Family_Only,Potential_Novel_Family
3072,6198,2,Known_Family_Only,Potential_Novel_Family
8996,9028,1,Potential_Novel_Family,Potential_Novel_Family
8470,11877,2,Known_Family_Only,Potential_Novel_Family
8470,8704,1,Known_Family_Only,Known_Family_Only
11877,8704,1,Potential_Novel_Family,Known_Family_Only
8516,8825,1,Potential_Novel_Family,Potential_Novel_Family
8516,9520,1,Potential_Novel_Family,Potential_Novel_Family
8825,9520,1,Potential_Novel_Family,Potential_Novel_Family
1403,11613,1,Potential_Novel_Family,Known_Family_Only
2761,12664,1,Potential_Novel_Family,Known_Family_Only
3322,4255,1,Known_Family_Only,Potential_Novel_Family
1855,6341,1,Potential_Novel_Family,Potential_Novel_Family
4230,6229,1,Known_Family_Only,Potential_Novel_Family
1141,8730,1,Known_Family_Only,Potential_Novel_Family
3942,10502,1,Known_Family_Only,Potential_Novel_Family
5835,10527,1,Potential_Novel_Family,Expanded_Known_Family
10527,10552,1,Expanded_Known_Family,Potential_Novel_Family
1391,3269,1,Potential_Novel_Family,Potential_Novel_Family
2591,6893,1,Known_Family_Only,Potential_Novel_Family
11982,12700,1,Potential_Novel_Family,Potential_Novel_Family
580,8794,1,Expanded_Known_Family,Potential_Novel_Family
3345,5973,1,Potential_Novel_Family,Expanded_Known_Family
5973,10253,1,Expanded_Known_Family,Potential_Novel_Family
6801,7769,1,Potential_Novel_Family,Known_Family_Only
5716,6308,1,Potential_Novel_Family,Known_Family_Only
124,1541,1,Potential_Novel_Family,Known_Family_Only
5744,6485,1,Known_Family_Only,Potential_Novel_Family
7003,11026,1,Potential_Novel_Family,Potential_Novel_Family
12585,12665,1,Potential_Novel_Family,Known_Family_Only
878,1995,1,Potential_Novel_Family,Potential_Novel_Family
1995,7337,1,Potential_Novel_Family,Known_Family_Only
3873,8960,1,Potential_Novel_Family,Potential_Novel_Family
1130,11358,1,Potential_Novel_Family,Potential_Novel_Family
8217,8357,1,Known_Family_Only,Potential_Novel_Family
8217,10477,1,Known_Family_Only,Known_Family_Only
8357,10477,1,Potential_Novel_Family,Known_Family_Only
3656,5771,1,Potential_Novel_Family,Known_Family_Only
2857,8146,1,Known_Family_Only,Potential_Novel_Family
4572,11686,1,Potential_Novel_Family,Potential_Novel_Family
11836,12259,1,Known_Family_Only,Potential_Novel_Family
219,307,1,Known_Family_Only,Potential_Novel_Family
12056,12194,1,Potential_Novel_Family,Known_Family_Only
4960,12304,4,Expanded_Known_Family,Expanded_Known_Family
6170,11111,1,Known_Family_Only,Potential_Novel_Family
7038,7680,1,Potential_Novel_Family,Known_Family_Only
5084,8922,1,Potential_Novel_Family,Potential_Novel_Family
5084,1767,1,Potential_Novel_Family,Potential_Novel_Family
1471,11264,1,Expanded_Known_Family,Potential_Novel_Family
1948,3093,1,Potential_Novel_Family,Known_Family_Only
2219,8923,1,Potential_Novel_Family,Potential_Novel_Family
4256,10071,1,Potential_Novel_Family,Potential_Novel_Family
3755,6535,1,Potential_Novel_Family,Expanded_Known_Family
3755,8471,1,Potential_Novel_Family,Expanded_Known_Family
6535,8471,2,Expanded_Known_Family,Expanded_Known_Family
3270,7932,1,Potential_Novel_Family,Potential_Novel_Family
8545,8826,1,Potential_Novel_Family,Potential_Novel_Family
3425,11328,1,Potential_Novel_Family,Potential_Novel_Family
6836,7810,1,Potential_Novel_Family,Known_Family_Only
7097,10664,1,Potential_Novel_Family,Potential_Novel_Family
2911,11394,1,Known_Family_Only,Potential_Novel_Family
7218,7645,1,Potential_Novel_Family,Known_Family_Only
2024,9211,1,Known_Family_Only,Potential_Novel_Family
6230,7271,1,Potential_Novel_Family,Expanded_Known_Family
6230,11265,1,Potential_Novel_Family,Potential_Novel_Family
7271,11265,1,Expanded_Known_Family,Potential_Novel_Family
8700,9683,1,Known_Family_Only,Potential_Novel_Family
1396,1831,2,Expanded_Known_Family,Potential_Novel_Family
4856,10810,1,Potential_Novel_Family,Known_Family_Only
3874,9391,1,Known_Family_Only,Potential_Novel_Family
3972,8851,1,Expanded_Known_Family,Potential_Novel_Family
3972,4927,1,Expanded_Known_Family,Known_Family_Only
2338,10200,1,Known_Family_Only,Potential_Novel_Family
5290,8432,1,Known_Family_Only,Potential_Novel_Family
1688,9117,1,Potential_Novel_Family,Known_Family_Only
3819,5489,1,Potential_Novel_Family,Potential_Novel_Family
1731,3640,1,Known_Family_Only,Potential_Novel_Family
11837,12586,1,Potential_Novel_Family,Known_Family_Only
7421,10581,1,Potential_Novel_Family,Known_Family_Only
4581,10966,1,Known_Family_Only,Potential_Novel_Family
6371,12159,1,Potential_Novel_Family,Potential_Novel_Family
6802,12767,1,Potential_Novel_Family,Potential_Novel_Family
12767,12668,1,Potential_Novel_Family,Potential_Novel_Family
7261,11112,1,Potential_Novel_Family,Potential_Novel_Family
3,5020,1,Expanded_Known_Family,Potential_Novel_Family
3523,9392,1,Known_Family_Only,Potential_Novel_Family
1769,3203,1,Potential_Novel_Family,Known_Family_Only
2138,2398,1,Known_Family_Only,Potential_Novel_Family
7445,9402,2,Potential_Novel_Family,Expanded_Known_Family
1873,6749,1,Potential_Novel_Family,Known_Family_Only
7140,10937,1,Potential_Novel_Family,Known_Family_Only
1089,5443,1,Known_Family_Only,Potential_Novel_Family
286,4147,1,Known_Family_Only,Potential_Novel_Family
4164,6965,1,Potential_Novel_Family,Potential_Novel_Family
2388,11687,1,Potential_Novel_Family,Known_Family_Only
875,7039,1,Potential_Novel_Family,Known_Family_Only
1309,5387,1,Expanded_Known_Family,Known_Family_Only
1309,10401,1,Expanded_Known_Family,Potential_Novel_Family
6425,8623,1,Potential_Novel_Family,Known_Family_Only
7933,12814,1,Potential_Novel_Family,Known_Family_Only
745,9521,1,Potential_Novel_Family,Potential_Novel_Family
6114,7934,1,Potential_Novel_Family,Known_Family_Only
70,4435,1,Known_Family_Only,Expanded_Known_Family
2592,3943,1,Known_Family_Only,Potential_Novel_Family
2515,10255,2,Potential_Novel_Family,Known_Family_Only
3918,8997,2,Potential_Novel_Family,Potential_Novel_Family
3918,10930,1,Potential_Novel_Family,Known_Family_Only
8997,10930,1,Potential_Novel_Family,Known_Family_Only
3175,9973,1,Potential_Novel_Family,Known_Family_Only
3150,8295,1,Potential_Novel_Family,Potential_Novel_Family
1711,3503,1,Potential_Novel_Family,Known_Family_Only
10226,10373,1,Known_Family_Only,Potential_Novel_Family
10811,11236,1,Potential_Novel_Family,Potential_Novel_Family
6505,8962,1,Potential_Novel_Family,Potential_Novel_Family
7963,2554,1,Expanded_Known_Family,Potential_Novel_Family
6309,9212,1,Known_Family_Only,Potential_Novel_Family
5213,11423,1,Expanded_Known_Family,Potential_Novel_Family
5213,7537,1,Expanded_Known_Family,Known_Family_Only
3839,7443,2,Potential_Novel_Family,Known_Family_Only
366,11688,1,Known_Family_Only,Potential_Novel_Family
4427,4811,1,Potential_Novel_Family,Known_Family_Only
1298,1899,1,Potential_Novel_Family,Known_Family_Only
1601,12523,1,Potential_Novel_Family,Potential_Novel_Family
2194,3840,3,Expanded_Known_Family,Known_Family_Only
2194,5063,3,Expanded_Known_Family,Known_Family_Only
2194,442,1,Expanded_Known_Family,Potential_Novel_Family
1317,2496,2,Potential_Novel_Family,Known_Family_Only
8900,10986,1,Potential_Novel_Family,Known_Family_Only
12439,12687,1,Known_Family_Only,Potential_Novel_Family
2205,2459,2,Expanded_Known_Family,Expanded_Known_Family
8258,9831,1,Potential_Novel_Family,Known_Family_Only
8269,12202,1,Potential_Novel_Family,Known_Family_Only
3674,10462,1,Known_Family_Only,Potential_Novel_Family
3473,10727,1,Known_Family_Only,Known_Family_Only
7427,7501,1,Potential_Novel_Family,Known_Family_Only
298,2036,1,Potential_Novel_Family,Potential_Novel_Family
298,10399,1,Potential_Novel_Family,Potential_Novel_Family
2036,10399,1,Potential_Novel_Family,Potential_Novel_Family
5717,7935,1,Potential_Novel_Family,Known_Family_Only
3395,11302,1,Potential_Novel_Family,Known_Family_Only
4129,6145,1,Potential_Novel_Family,Known_Family_Only
2107,9089,1,Known_Family_Only,Known_Family_Only
6048,11028,1,Potential_Novel_Family,Known_Family_Only
4038,12701,1,Potential_Novel_Family,Potential_Novel_Family
8856,11838,1,Expanded_Known_Family,Known_Family_Only
3919,9393,1,Potential_Novel_Family,Known_Family_Only
4525,9213,1,Potential_Novel_Family,Known_Family_Only
7301,8059,1,Potential_Novel_Family,Potential_Novel_Family
1495,8115,1,Known_Family_Only,Potential_Novel_Family
2650,3614,1,Potential_Novel_Family,Known_Family_Only
3840,5063,3,Known_Family_Only,Known_Family_Only
3840,442,1,Known_Family_Only,Potential_Novel_Family
5063,442,1,Known_Family_Only,Potential_Novel_Family
2785,2802,2,Known_Family_Only,Known_Family_Only
2785,7496,2,Known_Family_Only,Known_Family_Only
2802,7496,2,Known_Family_Only,Known_Family_Only
11755,12624,1,Potential_Novel_Family,Potential_Novel_Family
2068,5893,2,Known_Family_Only,Potential_Novel_Family
2068,3096,1,Known_Family_Only,Potential_Novel_Family
3920,5658,1,Potential_Novel_Family,Known_Family_Only
347,5468,1,Potential_Novel_Family,Known_Family_Only
4122,4210,1,Potential_Novel_Family,Potential_Novel_Family
4210,943,3,Potential_Novel_Family,Expanded_Known_Family
3324,3756,1,Potential_Novel_Family,Known_Family_Only
1982,1983,1,Potential_Novel_Family,Known_Family_Only
4428,12763,1,Known_Family_Only,Potential_Novel_Family
3151,7099,1,Known_Family_Only,Known_Family_Only
3151,9947,1,Known_Family_Only,Potential_Novel_Family
7099,9947,1,Known_Family_Only,Potential_Novel_Family
1012,4451,1,Potential_Novel_Family,Known_Family_Only
8963,11794,1,Potential_Novel_Family,Potential_Novel_Family
6966,10256,1,Known_Family_Only,Potential_Novel_Family
5277,12305,1,Potential_Novel_Family,Known_Family_Only
721,934,1,Potential_Novel_Family,Known_Family_Only
721,5894,1,Potential_Novel_Family,Known_Family_Only
934,5894,1,Known_Family_Only,Known_Family_Only
3441,10756,1,Potential_Novel_Family,Potential_Novel_Family
10582,11077,1,Potential_Novel_Family,Known_Family_Only
9802,11689,1,Known_Family_Only,Potential_Novel_Family
904,12124,1,Potential_Novel_Family,Known_Family_Only
3152,6573,1,Known_Family_Only,Potential_Novel_Family
3114,4961,1,Potential_Novel_Family,Potential_Novel_Family
9323,9948,1,Potential_Novel_Family,Known_Family_Only
1051,8702,1,Potential_Novel_Family,Known_Family_Only
3854,4722,1,Expanded_Known_Family,Potential_Novel_Family
3854,7219,1,Expanded_Known_Family,Known_Family_Only
3854,10893,1,Expanded_Known_Family,Potential_Novel_Family
4722,7219,1,Potential_Novel_Family,Known_Family_Only
5000,10956,1,Known_Family_Only,Potential_Novel_Family
4661,12125,1,Potential_Novel_Family,Known_Family_Only
3579,6607,1,Known_Family_Only,Potential_Novel_Family
5231,12750,1,Potential_Novel_Family,Potential_Novel_Family
126,2249,1,Potential_Novel_Family,Potential_Novel_Family
623,3050,1,Known_Family_Only,Known_Family_Only
623,7576,1,Known_Family_Only,Potential_Novel_Family
3050,7576,1,Known_Family_Only,Potential_Novel_Family
7070,8148,1,Known_Family_Only,Potential_Novel_Family
2514,5803,1,Potential_Novel_Family,Known_Family_Only
3615,7801,1,Known_Family_Only,Potential_Novel_Family
5232,7131,1,Known_Family_Only,Potential_Novel_Family
2803,7741,1,Potential_Novel_Family,Known_Family_Only
8065,11762,2,Potential_Novel_Family,Expanded_Known_Family
5205,5864,1,Potential_Novel_Family,Known_Family_Only
1984,5378,1,Potential_Novel_Family,Known_Family_Only
7385,9684,1,Potential_Novel_Family,Known_Family_Only
10456,10887,1,Potential_Novel_Family,Known_Family_Only
10459,6204,1,Expanded_Known_Family,Known_Family_Only
1863,4402,1,Potential_Novel_Family,Known_Family_Only
6259,8894,1,Potential_Novel_Family,Potential_Novel_Family
3389,12625,1,Known_Family_Only,Potential_Novel_Family
1681,7004,1,Potential_Novel_Family,Known_Family_Only
6115,8924,1,Known_Family_Only,Potential_Novel_Family
503,1682,1,Known_Family_Only,Known_Family_Only
503,12603,1,Known_Family_Only,Potential_Novel_Family
1682,12603,1,Known_Family_Only,Potential_Novel_Family
12648,12786,1,Potential_Novel_Family,Potential_Novel_Family
1251,12827,1,Known_Family_Only,Potential_Novel_Family
10667,11497,1,Expanded_Known_Family,Potential_Novel_Family
10667,11466,1,Expanded_Known_Family,Potential_Novel_Family
2099,3426,1,Potential_Novel_Family,Potential_Novel_Family
2099,11727,1,Potential_Novel_Family,Known_Family_Only
3426,11727,1,Potential_Novel_Family,Known_Family_Only
267,6311,1,Known_Family_Only,Potential_Novel_Family
1108,10983,1,Potential_Novel_Family,Potential_Novel_Family
4187,8853,1,Potential_Novel_Family,Potential_Novel_Family
7444,9394,1,Potential_Novel_Family,Known_Family_Only
1209,4892,1,Known_Family_Only,Known_Family_Only
1209,5414,1,Known_Family_Only,Known_Family_Only
4892,5414,1,Known_Family_Only,Known_Family_Only
3198,3410,1,Known_Family_Only,Expanded_Known_Family
885,1060,1,Potential_Novel_Family,Known_Family_Only
5150,8518,1,Known_Family_Only,Potential_Novel_Family
7577,9297,1,Known_Family_Only,Potential_Novel_Family
7577,8703,1,Known_Family_Only,Potential_Novel_Family
8219,12800,1,Known_Family_Only,Potential_Novel_Family
7742,7964,1,Known_Family_Only,Potential_Novel_Family
11296,12126,1,Known_Family_Only,Potential_Novel_Family
8473,9324,1,Known_Family_Only,Potential_Novel_Family
1788,12524,1,Potential_Novel_Family,Known_Family_Only
1788,12606,1,Potential_Novel_Family,Known_Family_Only
1621,7869,1,Known_Family_Only,Potential_Novel_Family
746,3115,1,Potential_Novel_Family,Known_Family_Only
760,4191,2,Expanded_Known_Family,Potential_Novel_Family
760,5089,1,Expanded_Known_Family,Known_Family_Only
12764,12792,1,Potential_Novel_Family,Known_Family_Only
1031,7803,1,Known_Family_Only,Potential_Novel_Family
3095,8731,1,Potential_Novel_Family,Expanded_Known_Family
8731,9176,1,Expanded_Known_Family,Known_Family_Only
5808,8830,1,Known_Family_Only,Potential_Novel_Family
10503,10583,1,Potential_Novel_Family,Known_Family_Only
19,2281,1,Expanded_Known_Family,Potential_Novel_Family
19,6055,1,Expanded_Known_Family,Expanded_Known_Family
666,3855,1,Potential_Novel_Family,Potential_Novel_Family
2899,3033,1,Potential_Novel_Family,Known_Family_Only
7132,8795,2,Expanded_Known_Family,Expanded_Known_Family
6646,10400,1,Potential_Novel_Family,Potential_Novel_Family
11691,12500,1,Potential_Novel_Family,Known_Family_Only
4694,10201,1,Potential_Novel_Family,Potential_Novel_Family
3594,7466,1,Potential_Novel_Family,Potential_Novel_Family
9395,10098,1,Potential_Novel_Family,Known_Family_Only
2483,9523,1,Known_Family_Only,Potential_Novel_Family
4858,11113,1,Known_Family_Only,Potential_Novel_Family
8220,12751,1,Potential_Novel_Family,Known_Family_Only
4123,4893,1,Known_Family_Only,Potential_Novel_Family
1045,11078,1,Potential_Novel_Family,Known_Family_Only
6968,10344,1,Potential_Novel_Family,Potential_Novel_Family
2943,7988,1,Known_Family_Only,Potential_Novel_Family
1359,1418,1,Potential_Novel_Family,Known_Family_Only
4272,4493,1,Potential_Novel_Family,Known_Family_Only
1496,6687,1,Potential_Novel_Family,Known_Family_Only
1193,11424,1,Expanded_Known_Family,Known_Family_Only
1193,12627,1,Expanded_Known_Family,Potential_Novel_Family
1102,3475,1,Known_Family_Only,Potential_Novel_Family
1102,9119,1,Known_Family_Only,Known_Family_Only
3475,9119,1,Potential_Novel_Family,Known_Family_Only
5233,11953,1,Known_Family_Only,Potential_Novel_Family
4358,10757,1,Potential_Novel_Family,Known_Family_Only
5039,6372,1,Known_Family_Only,Potential_Novel_Family
2195,2421,1,Potential_Novel_Family,Potential_Novel_Family
2195,10010,1,Potential_Novel_Family,Potential_Novel_Family
2421,10010,1,Potential_Novel_Family,Potential_Novel_Family
6199,12626,1,Potential_Novel_Family,Potential_Novel_Family
8664,12688,1,Potential_Novel_Family,Known_Family_Only
2805,6426,1,Potential_Novel_Family,Known_Family_Only
10099,10697,1,Potential_Novel_Family,Known_Family_Only
9949,12408,1,Potential_Novel_Family,Known_Family_Only
4919,7133,1,Potential_Novel_Family,Potential_Novel_Family
4812,6137,1,Potential_Novel_Family,Potential_Novel_Family
4812,9173,1,Potential_Novel_Family,Potential_Novel_Family
4812,11616,1,Potential_Novel_Family,Known_Family_Only
6137,9173,1,Potential_Novel_Family,Potential_Novel_Family
6137,11616,1,Potential_Novel_Family,Known_Family_Only
9173,11616,1,Potential_Novel_Family,Known_Family_Only
3899,11650,1,Known_Family_Only,Potential_Novel_Family
2470,3476,1,Potential_Novel_Family,Potential_Novel_Family
919,5355,1,Potential_Novel_Family,Potential_Novel_Family
1944,2844,1,Potential_Novel_Family,Potential_Novel_Family
2037,2434,1,Potential_Novel_Family,Known_Family_Only
1943,5949,1,Potential_Novel_Family,Known_Family_Only
430,2744,1,Expanded_Known_Family,Known_Family_Only
430,3303,1,Expanded_Known_Family,Potential_Novel_Family
7966,9773,1,Potential_Novel_Family,Known_Family_Only
1449,1789,1,Known_Family_Only,Potential_Novel_Family
4429,7871,1,Potential_Novel_Family,Potential_Novel_Family
2379,3580,1,Potential_Novel_Family,Potential_Novel_Family
6312,12306,1,Known_Family_Only,Potential_Novel_Family
2268,2643,2,Expanded_Known_Family,Expanded_Known_Family
2268,2412,1,Expanded_Known_Family,Known_Family_Only
7329,7640,1,Potential_Novel_Family,Known_Family_Only
4765,5206,1,Potential_Novel_Family,Known_Family_Only
7071,9416,1,Potential_Novel_Family,Known_Family_Only
2504,5745,1,Potential_Novel_Family,Known_Family_Only
2471,12702,1,Potential_Novel_Family,Potential_Novel_Family
1252,5774,1,Expanded_Known_Family,Potential_Novel_Family
1252,9774,1,Expanded_Known_Family,Potential_Novel_Family
5925,7936,1,Potential_Novel_Family,Potential_Novel_Family
1567,6342,1,Known_Family_Only,Known_Family_Only
1567,7330,1,Known_Family_Only,Potential_Novel_Family
6342,7330,1,Known_Family_Only,Potential_Novel_Family
10150,11361,1,Potential_Novel_Family,Potential_Novel_Family
4377,5234,1,Known_Family_Only,Potential_Novel_Family
1037,8433,1,Potential_Novel_Family,Known_Family_Only
1824,2306,2,Potential_Novel_Family,Known_Family_Only
1824,7641,1,Potential_Novel_Family,Potential_Novel_Family
2306,7641,1,Known_Family_Only,Potential_Novel_Family
4165,9555,1,Potential_Novel_Family,Known_Family_Only
4894,7770,1,Known_Family_Only,Potential_Novel_Family
5836,6397,1,Known_Family_Only,Potential_Novel_Family
1397,7872,1,Potential_Novel_Family,Known_Family_Only
9976,10528,1,Known_Family_Only,Potential_Novel_Family
5469,7263,1,Potential_Novel_Family,Known_Family_Only
5248,9489,1,Potential_Novel_Family,Potential_Novel_Family
1550,5249,1,Potential_Novel_Family,Potential_Novel_Family
2135,6286,1,Potential_Novel_Family,Known_Family_Only
11756,12023,1,Potential_Novel_Family,Potential_Novel_Family
6285,9488,1,Known_Family_Only,Potential_Novel_Family
10151,12649,1,Potential_Novel_Family,Potential_Novel_Family
6055,11079,1,Expanded_Known_Family,Potential_Novel_Family
6055,4500,1,Expanded_Known_Family,Known_Family_Only
1155,1580,1,Potential_Novel_Family,Known_Family_Only
321,770,1,Potential_Novel_Family,Potential_Novel_Family
11363,11572,1,Potential_Novel_Family,Potential_Novel_Family
8998,9582,1,Known_Family_Only,Potential_Novel_Family
10553,11237,1,Known_Family_Only,Potential_Novel_Family
10309,11395,1,Potential_Novel_Family,Known_Family_Only
9396,12260,1,Known_Family_Only,Potential_Novel_Family
6172,11918,1,Potential_Novel_Family,Known_Family_Only
4086,7422,1,Potential_Novel_Family,Potential_Novel_Family
2570,4813,1,Known_Family_Only,Known_Family_Only
4404,4744,1,Known_Family_Only,Potential_Novel_Family
2038,11050,1,Known_Family_Only,Potential_Novel_Family
6201,7467,1,Potential_Novel_Family,Known_Family_Only
6201,9417,1,Potential_Novel_Family,Known_Family_Only
7467,9417,1,Known_Family_Only,Known_Family_Only
2726,4595,1,Potential_Novel_Family,Potential_Novel_Family
2298,2652,1,Potential_Novel_Family,Potential_Novel_Family
2298,3693,1,Potential_Novel_Family,Known_Family_Only
2298,3986,1,Potential_Novel_Family,Potential_Novel_Family
2652,3693,1,Potential_Novel_Family,Known_Family_Only
5470,6287,1,Potential_Novel_Family,Known_Family_Only
748,7040,1,Potential_Novel_Family,Potential_Novel_Family
4430,7743,1,Potential_Novel_Family,Potential_Novel_Family
10202,10888,1,Known_Family_Only,Potential_Novel_Family
7264,10636,1,Potential_Novel_Family,Potential_Novel_Family
5950,10637,1,Potential_Novel_Family,Potential_Novel_Family
2015,10529,1,Potential_Novel_Family,Known_Family_Only
2015,9619,1,Potential_Novel_Family,Known_Family_Only
5105,5379,1,Known_Family_Only,Potential_Novel_Family
9354,9355,1,Potential_Novel_Family,Known_Family_Only
8359,11238,1,Known_Family_Only,Potential_Novel_Family
6261,7134,1,Potential_Novel_Family,Known_Family_Only
5837,10669,2,Potential_Novel_Family,Known_Family_Only
8582,9215,1,Known_Family_Only,Potential_Novel_Family
3985,10042,1,Potential_Novel_Family,Potential_Novel_Family
6937,7331,1,Potential_Novel_Family,Potential_Novel_Family
722,9832,1,Potential_Novel_Family,Potential_Novel_Family
3560,9524,1,Known_Family_Only,Potential_Novel_Family
6398,9146,1,Potential_Novel_Family,Known_Family_Only
6398,10866,1,Potential_Novel_Family,Known_Family_Only
9146,10866,1,Known_Family_Only,Known_Family_Only
6609,8733,1,Known_Family_Only,Potential_Novel_Family
2740,7196,1,Potential_Novel_Family,Known_Family_Only
8666,9745,1,Potential_Novel_Family,Known_Family_Only
352,8827,1,Potential_Novel_Family,Potential_Novel_Family
5292,5515,1,Known_Family_Only,Potential_Novel_Family
10584,11651,1,Known_Family_Only,Potential_Novel_Family
9685,12464,1,Known_Family_Only,Potential_Novel_Family
4746,5471,1,Potential_Novel_Family,Known_Family_Only
6745,9091,1,Potential_Novel_Family,Potential_Novel_Family
4723,7498,1,Potential_Novel_Family,Known_Family_Only
7220,9174,1,Known_Family_Only,Potential_Novel_Family
7220,8764,1,Known_Family_Only,Potential_Novel_Family
2713,11297,1,Potential_Novel_Family,Known_Family_Only
5415,9419,1,Potential_Novel_Family,Potential_Novel_Family
5516,10429,1,Potential_Novel_Family,Known_Family_Only
3857,5022,1,Known_Family_Only,Known_Family_Only
3857,7423,1,Known_Family_Only,Potential_Novel_Family
5022,7423,1,Known_Family_Only,Potential_Novel_Family
2816,3015,1,Potential_Novel_Family,Known_Family_Only
1119,9951,1,Known_Family_Only,Potential_Novel_Family
8474,8761,1,Potential_Novel_Family,Known_Family_Only
4766,9397,1,Known_Family_Only,Potential_Novel_Family
1213,2026,1,Potential_Novel_Family,Potential_Novel_Family
12409,12465,1,Potential_Novel_Family,Potential_Novel_Family
11652,11840,1,Potential_Novel_Family,Known_Family_Only
7808,10432,1,Expanded_Known_Family,Potential_Novel_Family
8186,11364,1,Known_Family_Only,Potential_Novel_Family
2900,7899,1,Known_Family_Only,Potential_Novel_Family
179,4317,1,Known_Family_Only,Expanded_Known_Family
4317,5358,1,Expanded_Known_Family,Potential_Novel_Family
8222,9952,1,Potential_Novel_Family,Known_Family_Only
3712,9558,5,Expanded_Known_Family,Expanded_Known_Family
10620,10788,1,Known_Family_Only,Potential_Novel_Family
3877,9557,1,Potential_Novel_Family,Potential_Novel_Family
8667,10375,1,Potential_Novel_Family,Known_Family_Only
3346,8584,1,Potential_Novel_Family,Known_Family_Only
9175,11533,1,Potential_Novel_Family,Known_Family_Only
2436,11148,1,Potential_Novel_Family,Potential_Novel_Family
4039,4273,1,Known_Family_Only,Potential_Novel_Family
4273,6896,1,Potential_Novel_Family,Potential_Novel_Family
3477,9458,1,Potential_Novel_Family,Known_Family_Only
11267,12092,1,Potential_Novel_Family,Known_Family_Only
6648,8031,1,Known_Family_Only,Potential_Novel_Family
9746,10258,1,Potential_Novel_Family,Known_Family_Only
4963,10045,1,Known_Family_Only,Potential_Novel_Family
1444,3967,1,Potential_Novel_Family,Known_Family_Only
7990,12852,1,Potential_Novel_Family,Potential_Novel_Family
3412,8032,1,Potential_Novel_Family,Potential_Novel_Family
6858,12876,1,Potential_Novel_Family,Potential_Novel_Family
699,2327,1,Known_Family_Only,Potential_Novel_Family
2326,3176,1,Potential_Novel_Family,Known_Family_Only
1902,4965,3,Potential_Novel_Family,Potential_Novel_Family
7198,7991,1,Known_Family_Only,Potential_Novel_Family
10787,11051,1,Known_Family_Only,Potential_Novel_Family
4543,5356,1,Potential_Novel_Family,Potential_Novel_Family
192,12308,1,Expanded_Known_Family,Known_Family_Only
192,12526,1,Expanded_Known_Family,Potential_Novel_Family
192,9751,1,Expanded_Known_Family,Potential_Novel_Family
749,3177,1,Known_Family_Only,Known_Family_Only
2786,9299,1,Potential_Novel_Family,Potential_Novel_Family
3968,7771,1,Potential_Novel_Family,Potential_Novel_Family
1248,4125,1,Potential_Novel_Family,Known_Family_Only
10699,11757,1,Potential_Novel_Family,Potential_Novel_Family
6688,9239,1,Known_Family_Only,Potential_Novel_Family
2297,4896,1,Potential_Novel_Family,Potential_Novel_Family
8150,10867,1,Potential_Novel_Family,Potential_Novel_Family
1886,7468,1,Potential_Novel_Family,Known_Family_Only
4211,7534,1,Potential_Novel_Family,Known_Family_Only
2674,8298,1,Known_Family_Only,Potential_Novel_Family
2674,10011,1,Known_Family_Only,Potential_Novel_Family
8298,10011,1,Potential_Novel_Family,Potential_Novel_Family
3001,5951,1,Known_Family_Only,Potential_Novel_Family
9421,9977,1,Known_Family_Only,Potential_Novel_Family
3616,8668,1,Known_Family_Only,Potential_Novel_Family
6970,11365,1,Known_Family_Only,Potential_Novel_Family
2136,9902,1,Known_Family_Only,Potential_Novel_Family
3858,7221,1,Potential_Novel_Family,Potential_Novel_Family
916,3694,1,Known_Family_Only,Potential_Novel_Family
2016,9035,1,Potential_Novel_Family,Known_Family_Only
472,4295,1,Known_Family_Only,Potential_Novel_Family
7135,7222,1,Known_Family_Only,Potential_Novel_Family
9687,10728,1,Potential_Novel_Family,Potential_Novel_Family
1602,10204,1,Known_Family_Only,Potential_Novel_Family
1300,7873,1,Potential_Novel_Family,Potential_Novel_Family
3658,7744,1,Known_Family_Only,Potential_Novel_Family
7995,12273,1,Potential_Novel_Family,Potential_Novel_Family
596,10012,1,Potential_Novel_Family,Potential_Novel_Family
5492,9583,1,Potential_Novel_Family,Potential_Novel_Family
8091,10129,1,Known_Family_Only,Potential_Novel_Family
6202,7041,1,Potential_Novel_Family,Known_Family_Only
4597,8261,1,Potential_Novel_Family,Potential_Novel_Family
5952,9120,1,Potential_Novel_Family,Potential_Novel_Family
1319,9356,1,Known_Family_Only,Potential_Novel_Family
4296,4472,1,Potential_Novel_Family,Potential_Novel_Family
5293,6373,1,Potential_Novel_Family,Potential_Novel_Family
2540,12828,1,Known_Family_Only,Potential_Novel_Family
3695,12261,1,Known_Family_Only,Potential_Novel_Family
9747,12547,1,Potential_Novel_Family,Potential_Novel_Family
1429,1634,1,Potential_Novel_Family,Known_Family_Only
5747,8520,1,Potential_Novel_Family,Potential_Novel_Family
4212,6374,1,Expanded_Known_Family,Potential_Novel_Family
4212,569,1,Expanded_Known_Family,Known_Family_Only
4212,6313,1,Expanded_Known_Family,Known_Family_Only
3675,12383,1,Potential_Novel_Family,Potential_Novel_Family
6509,10760,1,Potential_Novel_Family,Known_Family_Only
8033,12262,1,Known_Family_Only,Potential_Novel_Family
283,3544,1,Potential_Novel_Family,Potential_Novel_Family
3217,4544,1,Potential_Novel_Family,Known_Family_Only
4662,6712,1,Potential_Novel_Family,Known_Family_Only
5575,11759,1,Known_Family_Only,Potential_Novel_Family
4635,9903,1,Known_Family_Only,Potential_Novel_Family
769,4040,1,Potential_Novel_Family,Potential_Novel_Family
9463,12203,1,Known_Family_Only,Potential_Novel_Family
9177,9775,1,Known_Family_Only,Potential_Novel_Family
9865,11114,1,Potential_Novel_Family,Known_Family_Only
2183,11212,1,Known_Family_Only,Potential_Novel_Family
3075,3759,1,Potential_Novel_Family,Potential_Novel_Family
2541,6612,1,Known_Family_Only,Potential_Novel_Family
9121,11426,1,Potential_Novel_Family,Known_Family_Only
2282,4923,1,Known_Family_Only,Potential_Novel_Family
10621,12867,1,Potential_Novel_Family,Potential_Novel_Family
7075,11580,1,Potential_Novel_Family,Potential_Novel_Family
646,5900,1,Potential_Novel_Family,Known_Family_Only
7811,9910,1,Potential_Novel_Family,Potential_Novel_Family
7806,11181,1,Potential_Novel_Family,Known_Family_Only
3525,7837,1,Potential_Novel_Family,Potential_Novel_Family
10430,12264,1,Potential_Novel_Family,Potential_Novel_Family
207,433,1,Expanded_Known_Family,Potential_Novel_Family
207,1512,1,Expanded_Known_Family,Known_Family_Only
5380,11880,1,Potential_Novel_Family,Known_Family_Only
11329,11881,1,Potential_Novel_Family,Known_Family_Only
3178,5839,1,Potential_Novel_Family,Potential_Novel_Family
3713,4767,1,Potential_Novel_Family,Potential_Novel_Family
4573,8549,1,Potential_Novel_Family,Known_Family_Only
4146,8858,1,Potential_Novel_Family,Known_Family_Only
479,6540,1,Known_Family_Only,Potential_Novel_Family
8859,11299,1,Known_Family_Only,Potential_Novel_Family
3272,10431,1,Known_Family_Only,Potential_Novel_Family
4768,7900,1,Potential_Novel_Family,Potential_Novel_Family
4213,9748,1,Potential_Novel_Family,Potential_Novel_Family
4213,1696,1,Potential_Novel_Family,Potential_Novel_Family
2369,9717,1,Potential_Novel_Family,Known_Family_Only
10837,12061,1,Known_Family_Only,Potential_Novel_Family
1242,4126,1,Potential_Novel_Family,Potential_Novel_Family
4924,7681,1,Known_Family_Only,Potential_Novel_Family
1949,2611,1,Potential_Novel_Family,Known_Family_Only
3076,6613,1,Expanded_Known_Family,Known_Family_Only
3076,8897,1,Expanded_Known_Family,Potential_Novel_Family
4598,9718,1,Known_Family_Only,Potential_Novel_Family
6263,10554,1,Potential_Novel_Family,Known_Family_Only
5124,11330,1,Potential_Novel_Family,Potential_Novel_Family
10227,11500,1,Known_Family_Only,Potential_Novel_Family
4574,8670,1,Potential_Novel_Family,Potential_Novel_Family
826,12560,1,Potential_Novel_Family,Known_Family_Only
5978,6427,1,Known_Family_Only,Potential_Novel_Family
3561,9459,1,Potential_Novel_Family,Known_Family_Only
8151,9062,1,Known_Family_Only,Potential_Novel_Family
5125,7303,1,Potential_Novel_Family,Known_Family_Only
114,4166,1,Known_Family_Only,Potential_Novel_Family
3714,11654,1,Known_Family_Only,Potential_Novel_Family
1237,1790,1,Potential_Novel_Family,Known_Family_Only
346,8434,1,Expanded_Known_Family,Potential_Novel_Family
346,2317,1,Expanded_Known_Family,Known_Family_Only
6117,12342,1,Potential_Novel_Family,Potential_Novel_Family
1868,8671,1,Known_Family_Only,Potential_Novel_Family
2473,5086,1,Expanded_Known_Family,Potential_Novel_Family
2473,5294,1,Expanded_Known_Family,Known_Family_Only
2473,6692,1,Expanded_Known_Family,Potential_Novel_Family
3218,6615,1,Known_Family_Only,Potential_Novel_Family
2266,4233,1,Potential_Novel_Family,Known_Family_Only
9616,10812,1,Potential_Novel_Family,Known_Family_Only
802,1150,1,Known_Family_Only,Known_Family_Only
802,2171,1,Known_Family_Only,Known_Family_Only
802,5310,1,Known_Family_Only,Potential_Novel_Family
1150,2171,1,Known_Family_Only,Known_Family_Only
1150,5310,1,Known_Family_Only,Potential_Novel_Family
2171,5310,1,Known_Family_Only,Potential_Novel_Family
1114,8626,1,Known_Family_Only,Potential_Novel_Family
4636,5416,1,Known_Family_Only,Potential_Novel_Family
1571,5901,1,Potential_Novel_Family,Known_Family_Only
624,5024,1,Potential_Novel_Family,Known_Family_Only
110,8934,1,Expanded_Known_Family,Known_Family_Only
8627,10228,1,Potential_Novel_Family,Potential_Novel_Family
6139,7745,1,Known_Family_Only,Potential_Novel_Family
7643,10310,1,Potential_Novel_Family,Potential_Novel_Family
4637,6049,1,Potential_Novel_Family,Known_Family_Only
2211,8361,1,Known_Family_Only,Potential_Novel_Family
4452,11182,1,Potential_Novel_Family,Potential_Novel_Family
5953,11883,1,Potential_Novel_Family,Potential_Novel_Family
925,2845,1,Potential_Novel_Family,Potential_Novel_Family
10838,11655,1,Potential_Novel_Family,Known_Family_Only
2494,12802,1,Expanded_Known_Family,Known_Family_Only
2494,1848,1,Expanded_Known_Family,Potential_Novel_Family
556,8400,1,Potential_Novel_Family,Expanded_Known_Family
8400,12029,1,Expanded_Known_Family,Potential_Novel_Family
6897,10403,1,Potential_Novel_Family,Potential_Novel_Family
6897,12265,1,Potential_Novel_Family,Known_Family_Only
10403,12265,1,Potential_Novel_Family,Known_Family_Only
6203,7937,1,Known_Family_Only,Potential_Novel_Family
1032,3034,1,Known_Family_Only,Potential_Novel_Family
1804,4335,1,Potential_Novel_Family,Potential_Novel_Family
1804,5331,1,Potential_Novel_Family,Potential_Novel_Family
4335,5331,1,Potential_Novel_Family,Potential_Novel_Family
1919,11985,1,Potential_Novel_Family,Potential_Novel_Family
12094,12502,1,Potential_Novel_Family,Known_Family_Only
1689,2571,1,Potential_Novel_Family,Potential_Novel_Family
762,5610,1,Potential_Novel_Family,Potential_Novel_Family
2860,9357,1,Potential_Novel_Family,Potential_Novel_Family
2860,3526,1,Potential_Novel_Family,Known_Family_Only
9805,12630,1,Potential_Novel_Family,Potential_Novel_Family
7502,8067,1,Potential_Novel_Family,Potential_Novel_Family
569,6313,1,Known_Family_Only,Known_Family_Only
4188,8264,1,Potential_Novel_Family,Known_Family_Only
341,714,1,Known_Family_Only,Potential_Novel_Family
3582,10130,1,Potential_Novel_Family,Potential_Novel_Family
44,3969,1,Known_Family_Only,Potential_Novel_Family
44,6232,1,Known_Family_Only,Potential_Novel_Family
3969,6232,1,Potential_Novel_Family,Potential_Novel_Family
6088,7103,1,Potential_Novel_Family,Known_Family_Only
3715,3900,1,Potential_Novel_Family,Known_Family_Only
1413,5182,1,Potential_Novel_Family,Potential_Novel_Family
9525,12771,1,Potential_Novel_Family,Known_Family_Only
1865,12772,1,Known_Family_Only,Potential_Novel_Family
7165,9242,1,Known_Family_Only,Potential_Novel_Family
803,1793,1,Known_Family_Only,Known_Family_Only
11805,11991,1,Potential_Novel_Family,Potential_Novel_Family
2925,9460,1,Potential_Novel_Family,Known_Family_Only
5235,11115,1,Potential_Novel_Family,Known_Family_Only
1481,4072,1,Potential_Novel_Family,Known_Family_Only
3479,10959,1,Known_Family_Only,Potential_Novel_Family
10531,12232,1,Potential_Novel_Family,Known_Family_Only
6288,8521,1,Potential_Novel_Family,Potential_Novel_Family
2675,4867,1,Potential_Novel_Family,Potential_Novel_Family
540,1088,1,Known_Family_Only,Potential_Novel_Family
4494,8034,1,Potential_Novel_Family,Potential_Novel_Family
9031,12816,1,Potential_Novel_Family,Potential_Novel_Family
9243,9750,1,Potential_Novel_Family,Potential_Novel_Family
9243,11432,1,Potential_Novel_Family,Potential_Novel_Family
5207,6616,1,Potential_Novel_Family,Potential_Novel_Family
1420,2963,1,Potential_Novel_Family,Potential_Novel_Family
1420,3157,1,Potential_Novel_Family,Known_Family_Only
2963,3157,1,Potential_Novel_Family,Known_Family_Only
357,920,1,Potential_Novel_Family,Potential_Novel_Family
5748,8066,1,Potential_Novel_Family,Expanded_Known_Family
8066,2013,1,Expanded_Known_Family,Known_Family_Only
6118,12890,1,Potential_Novel_Family,Potential_Novel_Family
8363,12667,1,Known_Family_Only,Potential_Novel_Family
4745,5552,1,Potential_Novel_Family,Potential_Novel_Family
371,956,1,Potential_Novel_Family,Known_Family_Only
11116,11366,1,Potential_Novel_Family,Potential_Novel_Family
10312,11956,1,Potential_Novel_Family,Known_Family_Only
10961,11501,1,Known_Family_Only,Potential_Novel_Family
9584,12160,1,Potential_Novel_Family,Known_Family_Only
5691,7644,2,Known_Family_Only,Potential_Novel_Family
6375,8364,1,Known_Family_Only,Potential_Novel_Family
2109,9806,1,Known_Family_Only,Potential_Novel_Family
4495,9978,1,Known_Family_Only,Potential_Novel_Family
7874,9866,1,Known_Family_Only,Potential_Novel_Family
4549,8152,2,Potential_Novel_Family,Expanded_Known_Family
1414,9531,1,Known_Family_Only,Potential_Novel_Family
3671,5979,1,Potential_Novel_Family,Known_Family_Only
2555,2594,1,Potential_Novel_Family,Known_Family_Only
6233,10478,1,Potential_Novel_Family,Known_Family_Only
1367,10158,1,Potential_Novel_Family,Potential_Novel_Family
7901,11502,1,Potential_Novel_Family,Known_Family_Only
7424,12605,1,Potential_Novel_Family,Known_Family_Only
4575,9123,1,Potential_Novel_Family,Known_Family_Only
3219,3480,1,Known_Family_Only,Potential_Novel_Family
3506,8062,1,Potential_Novel_Family,Known_Family_Only
1635,3944,1,Potential_Novel_Family,Known_Family_Only
11331,11692,1,Potential_Novel_Family,Potential_Novel_Family
3672,7580,1,Potential_Novel_Family,Known_Family_Only
4769,11213,1,Potential_Novel_Family,Known_Family_Only
10555,10638,1,Potential_Novel_Family,Known_Family_Only
6119,6574,1,Potential_Novel_Family,Potential_Novel_Family
4859,5518,1,Known_Family_Only,Potential_Novel_Family
6690,11183,3,Expanded_Known_Family,Expanded_Known_Family
6690,6971,1,Expanded_Known_Family,Known_Family_Only
11183,6971,1,Expanded_Known_Family,Known_Family_Only
5804,11503,1,Potential_Novel_Family,Potential_Novel_Family
11117,12846,1,Known_Family_Only,Potential_Novel_Family
8585,11573,1,Known_Family_Only,Potential_Novel_Family
1346,11957,1,Known_Family_Only,Potential_Novel_Family
10891,11574,1,Potential_Novel_Family,Known_Family_Only
1525,7993,2,Known_Family_Only,Potential_Novel_Family
4816,8300,1,Potential_Novel_Family,Known_Family_Only
1280,2576,1,Potential_Novel_Family,Known_Family_Only
1280,8522,1,Potential_Novel_Family,Known_Family_Only
2576,8522,1,Known_Family_Only,Known_Family_Only
9398,9490,1,Potential_Novel_Family,Potential_Novel_Family
6898,12310,1,Known_Family_Only,Potential_Novel_Family
7042,9720,1,Potential_Novel_Family,Known_Family_Only
554,8265,1,Known_Family_Only,Potential_Novel_Family
2447,10985,1,Potential_Novel_Family,Known_Family_Only
4842,7223,1,Known_Family_Only,Potential_Novel_Family
12311,12343,1,Potential_Novel_Family,Potential_Novel_Family
6234,10962,1,Potential_Novel_Family,Known_Family_Only
397,1609,1,Potential_Novel_Family,Potential_Novel_Family
8117,3641,1,Known_Family_Only,Potential_Novel_Family
543,4189,1,Known_Family_Only,Potential_Novel_Family
2497,10348,1,Known_Family_Only,Potential_Novel_Family
4860,5472,1,Potential_Novel_Family,Potential_Novel_Family
8301,9423,1,Potential_Novel_Family,Known_Family_Only
715,10132,1,Potential_Novel_Family,Known_Family_Only
10313,12881,1,Potential_Novel_Family,Potential_Novel_Family
7876,9244,1,Potential_Novel_Family,Potential_Novel_Family
4168,10556,1,Known_Family_Only,Potential_Novel_Family
7043,6652,1,Potential_Novel_Family,Known_Family_Only
945,6804,1,Potential_Novel_Family,Potential_Novel_Family
3730,5152,1,Potential_Novel_Family,Potential_Novel_Family
3730,10758,1,Potential_Novel_Family,Known_Family_Only
5152,10758,1,Potential_Novel_Family,Known_Family_Only
2028,4169,1,Potential_Novel_Family,Potential_Novel_Family
6428,10892,1,Known_Family_Only,Potential_Novel_Family
4601,9587,1,Potential_Novel_Family,Known_Family_Only
4474,11029,1,Potential_Novel_Family,Known_Family_Only
12277,12466,2,Potential_Novel_Family,Potential_Novel_Family
2172,8302,1,Potential_Novel_Family,Potential_Novel_Family
2528,9905,1,Known_Family_Only,Potential_Novel_Family
222,6541,1,Known_Family_Only,Potential_Novel_Family
7388,8630,1,Potential_Novel_Family,Known_Family_Only
8735,10532,1,Known_Family_Only,Potential_Novel_Family
7746,10229,1,Potential_Novel_Family,Potential_Novel_Family
7104,9906,1,Potential_Novel_Family,Potential_Novel_Family
6376,7268,1,Potential_Novel_Family,Potential_Novel_Family
6651,6939,1,Potential_Novel_Family,Potential_Novel_Family
3392,3617,1,Potential_Novel_Family,Potential_Novel_Family
8930,12233,1,Potential_Novel_Family,Known_Family_Only
5126,10730,1,Potential_Novel_Family,Known_Family_Only
6805,9930,1,Potential_Novel_Family,Known_Family_Only
2770,3054,1,Known_Family_Only,Potential_Novel_Family
4546,10260,1,Potential_Novel_Family,Known_Family_Only
11118,11269,1,Potential_Novel_Family,Known_Family_Only
876,10103,1,Known_Family_Only,Potential_Novel_Family
5805,12062,1,Known_Family_Only,Potential_Novel_Family
581,8304,1,Known_Family_Only,Potential_Novel_Family
2422,5895,1,Known_Family_Only,Potential_Novel_Family
818,1779,1,Potential_Novel_Family,Known_Family_Only
4547,5519,1,Known_Family_Only,Potential_Novel_Family
585,3393,1,Potential_Novel_Family,Potential_Novel_Family
10670,11797,1,Potential_Novel_Family,Potential_Novel_Family
12195,12840,1,Potential_Novel_Family,Potential_Novel_Family
12161,12651,1,Known_Family_Only,Potential_Novel_Family
2220,4600,1,Potential_Novel_Family,Known_Family_Only
3880,7167,1,Potential_Novel_Family,Known_Family_Only
2299,7875,1,Potential_Novel_Family,Known_Family_Only
3800,10932,1,Potential_Novel_Family,Potential_Novel_Family
7387,9422,1,Potential_Novel_Family,Known_Family_Only
5473,8187,1,Known_Family_Only,Potential_Novel_Family
2527,5209,1,Potential_Novel_Family,Potential_Novel_Family
7839,9526,1,Potential_Novel_Family,Known_Family_Only
3987,5867,1,Potential_Novel_Family,Known_Family_Only
3233,10205,1,Potential_Novel_Family,Potential_Novel_Family
6899,9585,1,Known_Family_Only,Potential_Novel_Family
6650,8063,1,Known_Family_Only,Potential_Novel_Family
47,1778,1,Potential_Novel_Family,Potential_Novel_Family
47,3642,1,Potential_Novel_Family,Known_Family_Only
47,7578,1,Potential_Novel_Family,Potential_Novel_Family
1778,3642,1,Potential_Novel_Family,Known_Family_Only
1778,7578,1,Potential_Novel_Family,Potential_Novel_Family
3642,7578,1,Known_Family_Only,Potential_Novel_Family
9928,10131,1,Potential_Novel_Family,Potential_Novel_Family
9586,9929,1,Potential_Novel_Family,Potential_Novel_Family
3118,7994,1,Known_Family_Only,Potential_Novel_Family
5927,7499,1,Potential_Novel_Family,Known_Family_Only
952,3481,1,Potential_Novel_Family,Known_Family_Only
1482,2861,1,Known_Family_Only,Potential_Novel_Family
8550,9424,1,Potential_Novel_Family,Known_Family_Only
11367,11535,1,Potential_Novel_Family,Known_Family_Only
1268,8365,1,Potential_Novel_Family,Potential_Novel_Family
7773,9358,2,Potential_Novel_Family,Expanded_Known_Family
3989,9300,2,Potential_Novel_Family,Expanded_Known_Family
5417,6205,1,Expanded_Known_Family,Potential_Novel_Family
5184,11761,1,Potential_Novel_Family,Potential_Novel_Family
6689,7969,1,Potential_Novel_Family,Potential_Novel_Family
182,728,1,Potential_Novel_Family,Potential_Novel_Family
182,5474,1,Potential_Novel_Family,Potential_Novel_Family
728,5474,1,Potential_Novel_Family,Potential_Novel_Family
9001,10283,1,Potential_Novel_Family,Known_Family_Only
9001,11536,1,Potential_Novel_Family,Known_Family_Only
10283,11536,1,Known_Family_Only,Known_Family_Only
249,260,1,Known_Family_Only,Potential_Novel_Family
703,1433,1,Potential_Novel_Family,Potential_Novel_Family
10814,12095,1,Potential_Novel_Family,Potential_Novel_Family
1256,8673,1,Known_Family_Only,Potential_Novel_Family
1959,2484,3,Potential_Novel_Family,Expanded_Known_Family
1347,8064,1,Potential_Novel_Family,Potential_Novel_Family
8337,10073,1,Potential_Novel_Family,Potential_Novel_Family
4148,4433,2,Potential_Novel_Family,Known_Family_Only
432,1218,1,Potential_Novel_Family,Potential_Novel_Family
432,4862,1,Potential_Novel_Family,Known_Family_Only
1218,4862,1,Potential_Novel_Family,Known_Family_Only
2764,7581,2,Potential_Novel_Family,Known_Family_Only
3077,4818,1,Known_Family_Only,Potential_Novel_Family
3762,3922,2,Known_Family_Only,Potential_Novel_Family
3762,4027,2,Known_Family_Only,Known_Family_Only
3922,4027,2,Potential_Novel_Family,Known_Family_Only
3348,3660,1,Known_Family_Only,Potential_Novel_Family
815,3761,2,Potential_Novel_Family,Known_Family_Only
6487,6767,1,Known_Family_Only,Potential_Novel_Family
1407,6050,1,Potential_Novel_Family,Potential_Novel_Family
7270,8475,1,Potential_Novel_Family,Potential_Novel_Family
2006,11958,1,Potential_Novel_Family,Known_Family_Only
821,838,1,Known_Family_Only,Potential_Novel_Family
755,7044,1,Known_Family_Only,Potential_Novel_Family
9777,12467,1,Potential_Novel_Family,Potential_Novel_Family
8305,9002,1,Potential_Novel_Family,Potential_Novel_Family
7646,11430,1,Potential_Novel_Family,Potential_Novel_Family
1869,9588,1,Potential_Novel_Family,Known_Family_Only
252,1219,1,Known_Family_Only,Potential_Novel_Family
5629,8797,1,Potential_Novel_Family,Known_Family_Only
2362,3731,1,Potential_Novel_Family,Potential_Novel_Family
10154,11987,1,Known_Family_Only,Potential_Novel_Family
6290,12703,1,Known_Family_Only,Potential_Novel_Family
8155,10557,1,Potential_Novel_Family,Known_Family_Only
4638,8586,1,Potential_Novel_Family,Potential_Novel_Family
10839,12198,1,Potential_Novel_Family,Potential_Novel_Family
7425,7747,2,Potential_Novel_Family,Potential_Novel_Family
3563,4926,1,Potential_Novel_Family,Potential_Novel_Family
3394,9932,1,Potential_Novel_Family,Potential_Novel_Family
6768,12562,1,Potential_Novel_Family,Potential_Novel_Family
3801,11431,1,Known_Family_Only,Potential_Novel_Family
5689,10016,1,Known_Family_Only,Potential_Novel_Family
372,5720,1,Potential_Novel_Family,Known_Family_Only
6051,9181,1,Potential_Novel_Family,Known_Family_Only
2506,5211,2,Potential_Novel_Family,Expanded_Known_Family
322,4378,1,Known_Family_Only,Potential_Novel_Family
322,8551,1,Known_Family_Only,Potential_Novel_Family
4378,8551,1,Potential_Novel_Family,Potential_Novel_Family
3273,4108,1,Potential_Novel_Family,Known_Family_Only
8798,10351,1,Potential_Novel_Family,Known_Family_Only
2472,12886,1,Potential_Novel_Family,Known_Family_Only
509,12162,1,Expanded_Known_Family,Known_Family_Only
509,8190,1,Expanded_Known_Family,Potential_Novel_Family
509,11731,1,Expanded_Known_Family,Known_Family_Only
5690,12725,1,Potential_Novel_Family,Known_Family_Only
4724,6862,1,Known_Family_Only,Potential_Novel_Family
3619,3971,3,Expanded_Known_Family,Potential_Novel_Family
6617,9327,2,Expanded_Known_Family,Expanded_Known_Family
6617,12026,1,Expanded_Known_Family,Potential_Novel_Family
11368,12128,1,Potential_Novel_Family,Potential_Novel_Family
8631,8965,1,Potential_Novel_Family,Potential_Novel_Family
6090,11396,1,Known_Family_Only,Potential_Novel_Family
1320,3286,2,Known_Family_Only,Known_Family_Only
1320,9907,1,Known_Family_Only,Known_Family_Only
1320,10585,1,Known_Family_Only,Potential_Novel_Family
3286,9907,1,Known_Family_Only,Known_Family_Only
3286,10585,1,Known_Family_Only,Potential_Novel_Family
9907,10585,1,Known_Family_Only,Potential_Novel_Family
9327,12026,1,Expanded_Known_Family,Potential_Novel_Family
6542,8862,1,Known_Family_Only,Potential_Novel_Family
7647,10179,1,Potential_Novel_Family,Known_Family_Only
8338,8765,1,Known_Family_Only,Potential_Novel_Family
1103,5154,3,Expanded_Known_Family,Potential_Novel_Family
7469,11468,1,Potential_Novel_Family,Known_Family_Only
1805,5212,1,Potential_Novel_Family,Potential_Novel_Family
3220,8966,1,Known_Family_Only,Potential_Novel_Family
9559,11799,1,Potential_Novel_Family,Known_Family_Only
3527,6544,1,Known_Family_Only,Potential_Novel_Family
2240,2642,1,Potential_Novel_Family,Potential_Novel_Family
1190,2944,1,Potential_Novel_Family,Known_Family_Only
3716,9461,1,Potential_Novel_Family,Known_Family_Only
7748,9425,1,Potential_Novel_Family,Known_Family_Only
4863,7334,1,Potential_Novel_Family,Known_Family_Only
4843,7877,1,Potential_Novel_Family,Potential_Novel_Family
597,1893,1,Known_Family_Only,Potential_Novel_Family
8967,11800,2,Potential_Novel_Family,Expanded_Known_Family
2873,6315,1,Expanded_Known_Family,Potential_Novel_Family
11763,11919,2,Potential_Novel_Family,Known_Family_Only
1352,7074,1,Potential_Novel_Family,Known_Family_Only
1352,11764,1,Potential_Novel_Family,Potential_Novel_Family
7074,11764,1,Known_Family_Only,Potential_Novel_Family
2945,7840,1,Potential_Novel_Family,Potential_Novel_Family
4336,8632,1,Known_Family_Only,Potential_Novel_Family
2556,9833,2,Potential_Novel_Family,Expanded_Known_Family
6175,12199,1,Potential_Novel_Family,Known_Family_Only
4192,11988,1,Known_Family_Only,Potential_Novel_Family
433,1512,1,Potential_Novel_Family,Known_Family_Only
1870,5311,1,Known_Family_Only,Potential_Novel_Family
1326,4747,1,Known_Family_Only,Potential_Novel_Family
5155,6316,1,Known_Family_Only,Potential_Novel_Family
2117,8705,1,Potential_Novel_Family,Known_Family_Only
2543,3595,1,Potential_Novel_Family,Known_Family_Only
6940,10586,1,Known_Family_Only,Potential_Novel_Family
2196,7583,1,Potential_Novel_Family,Potential_Novel_Family
5806,7335,1,Potential_Novel_Family,Known_Family_Only
6317,10285,1,Potential_Novel_Family,Known_Family_Only
905,6004,1,Known_Family_Only,Potential_Novel_Family
10231,10840,1,Potential_Novel_Family,Known_Family_Only
10479,12587,1,Potential_Novel_Family,Potential_Novel_Family
11801,12503,1,Potential_Novel_Family,Known_Family_Only
2039,3274,1,Known_Family_Only,Potential_Novel_Family
4795,9124,1,Known_Family_Only,Potential_Novel_Family
3056,5250,1,Known_Family_Only,Potential_Novel_Family
1721,9125,1,Potential_Novel_Family,Potential_Novel_Family
8863,12063,1,Potential_Novel_Family,Known_Family_Only
753,2901,1,Known_Family_Only,Potential_Novel_Family
6140,8225,1,Known_Family_Only,Potential_Novel_Family
8766,10181,1,Potential_Novel_Family,Potential_Novel_Family
11120,12726,1,Potential_Novel_Family,Potential_Novel_Family
10672,10701,1,Potential_Novel_Family,Known_Family_Only
3483,4407,1,Known_Family_Only,Potential_Novel_Family
6941,7648,1,Potential_Novel_Family,Known_Family_Only
1211,2241,1,Potential_Novel_Family,Potential_Novel_Family
3597,10731,2,Known_Family_Only,Potential_Novel_Family
771,3302,1,Potential_Novel_Family,Potential_Novel_Family
771,8736,1,Potential_Novel_Family,Potential_Novel_Family
3302,8736,1,Potential_Novel_Family,Potential_Novel_Family
7942,9529,1,Known_Family_Only,Known_Family_Only
1513,10615,1,Known_Family_Only,Potential_Novel_Family
5156,9807,1,Potential_Novel_Family,Potential_Novel_Family
9462,10232,1,Known_Family_Only,Potential_Novel_Family
6506,9692,1,Potential_Novel_Family,Potential_Novel_Family
10934,11885,1,Known_Family_Only,Potential_Novel_Family
6691,10433,1,Potential_Novel_Family,Potential_Novel_Family
8931,10702,1,Potential_Novel_Family,Potential_Novel_Family
148,6265,1,Potential_Novel_Family,Potential_Novel_Family
8634,12313,1,Known_Family_Only,Potential_Novel_Family
6942,8552,1,Potential_Novel_Family,Known_Family_Only
8368,8898,1,Potential_Novel_Family,Potential_Novel_Family
12563,12632,1,Potential_Novel_Family,Potential_Novel_Family
9359,11081,1,Potential_Novel_Family,Known_Family_Only
10314,11469,1,Potential_Novel_Family,Known_Family_Only
2818,3037,1,Known_Family_Only,Potential_Novel_Family
5334,6713,1,Potential_Novel_Family,Known_Family_Only
288,8932,1,Potential_Novel_Family,Potential_Novel_Family
8932,12766,1,Potential_Novel_Family,Known_Family_Only
8404,10206,1,Potential_Novel_Family,Potential_Novel_Family
4796,12469,1,Known_Family_Only,Potential_Novel_Family
6618,12841,1,Potential_Novel_Family,Known_Family_Only
6026,11989,1,Known_Family_Only,Potential_Novel_Family
5807,7749,1,Potential_Novel_Family,Known_Family_Only
1697,2644,1,Potential_Novel_Family,Known_Family_Only
1697,11242,1,Potential_Novel_Family,Potential_Novel_Family
2644,11242,1,Known_Family_Only,Potential_Novel_Family
5066,10616,1,Potential_Novel_Family,Potential_Novel_Family
3764,8477,1,Potential_Novel_Family,Potential_Novel_Family
9834,11185,1,Potential_Novel_Family,Potential_Novel_Family
3779,3946,1,Potential_Novel_Family,Potential_Novel_Family
6176,11332,1,Potential_Novel_Family,Known_Family_Only
9360,12847,1,Potential_Novel_Family,Known_Family_Only
858,1386,1,Known_Family_Only,Potential_Novel_Family
806,2148,1,Known_Family_Only,Potential_Novel_Family
6400,9722,1,Potential_Novel_Family,Known_Family_Only
1109,9648,1,Known_Family_Only,Potential_Novel_Family
11243,12548,1,Known_Family_Only,Potential_Novel_Family
7105,10156,1,Known_Family_Only,Potential_Novel_Family
3156,5214,1,Potential_Novel_Family,Potential_Novel_Family
3079,11920,1,Potential_Novel_Family,Known_Family_Only
1905,4577,2,Expanded_Known_Family,Expanded_Known_Family
7750,12654,1,Potential_Novel_Family,Potential_Novel_Family
7539,9934,1,Potential_Novel_Family,Known_Family_Only
935,8438,1,Known_Family_Only,Potential_Novel_Family
2390,6507,1,Known_Family_Only,Potential_Novel_Family
10559,12470,1,Known_Family_Only,Potential_Novel_Family
4276,6142,1,Known_Family_Only,Potential_Novel_Family
2207,3325,1,Known_Family_Only,Potential_Novel_Family
7138,10405,1,Potential_Novel_Family,Potential_Novel_Family
4361,9004,1,Potential_Novel_Family,Known_Family_Only
8524,9064,1,Potential_Novel_Family,Known_Family_Only
1046,10815,1,Potential_Novel_Family,Known_Family_Only
4028,6401,1,Known_Family_Only,Known_Family_Only
4028,8864,1,Known_Family_Only,Potential_Novel_Family
6401,8864,1,Known_Family_Only,Potential_Novel_Family
5776,5980,1,Potential_Novel_Family,Potential_Novel_Family
758,4257,1,Known_Family_Only,Potential_Novel_Family
11030,12271,1,Potential_Novel_Family,Potential_Novel_Family
7841,12891,1,Potential_Novel_Family,Known_Family_Only
1888,11886,1,Potential_Novel_Family,Known_Family_Only
6005,6291,1,Known_Family_Only,Potential_Novel_Family
4277,9723,1,Potential_Novel_Family,Known_Family_Only
9935,10639,1,Potential_Novel_Family,Known_Family_Only
6653,8118,1,Known_Family_Only,Potential_Novel_Family
5128,9065,1,Known_Family_Only,Potential_Novel_Family
4548,11301,1,Known_Family_Only,Potential_Novel_Family
9562,10505,1,Potential_Novel_Family,Known_Family_Only
1462,8829,1,Known_Family_Only,Potential_Novel_Family
766,7199,1,Potential_Novel_Family,Known_Family_Only
497,2595,1,Expanded_Known_Family,Potential_Novel_Family
497,2689,1,Expanded_Known_Family,Potential_Novel_Family
154,7426,1,Known_Family_Only,Potential_Novel_Family
3821,4578,1,Potential_Novel_Family,Known_Family_Only
342,7107,1,Known_Family_Only,Potential_Novel_Family
7650,12314,1,Potential_Novel_Family,Known_Family_Only
9032,10673,1,Known_Family_Only,Potential_Novel_Family
2744,3303,1,Known_Family_Only,Potential_Novel_Family
2701,12272,1,Known_Family_Only,Potential_Novel_Family
3842,5420,1,Potential_Novel_Family,Known_Family_Only
6807,9780,1,Potential_Novel_Family,Potential_Novel_Family
2771,4748,1,Potential_Novel_Family,Potential_Novel_Family
2014,12163,1,Known_Family_Only,Potential_Novel_Family
794,2702,1,Potential_Novel_Family,Known_Family_Only
8190,11731,1,Potential_Novel_Family,Known_Family_Only
9836,11843,1,Potential_Novel_Family,Known_Family_Only
482,9266,1,Potential_Novel_Family,Expanded_Known_Family
9266,6144,1,Expanded_Known_Family,Potential_Novel_Family
658,1668,1,Known_Family_Only,Potential_Novel_Family
1751,5844,1,Known_Family_Only,Potential_Novel_Family
8635,9530,1,Potential_Novel_Family,Known_Family_Only
3016,6716,1,Potential_Novel_Family,Known_Family_Only
6863,8706,1,Potential_Novel_Family,Known_Family_Only
7305,7543,1,Known_Family_Only,Potential_Novel_Family
632,8189,1,Potential_Novel_Family,Potential_Novel_Family
632,8267,1,Potential_Novel_Family,Known_Family_Only
8189,8267,1,Potential_Novel_Family,Known_Family_Only
844,1901,1,Potential_Novel_Family,Potential_Novel_Family
11990,12274,1,Potential_Novel_Family,Known_Family_Only
5002,8587,1,Potential_Novel_Family,Potential_Novel_Family
2031,7617,1,Potential_Novel_Family,Known_Family_Only
10843,11581,1,Potential_Novel_Family,Known_Family_Only
9724,11845,1,Potential_Novel_Family,Known_Family_Only
1604,3304,1,Known_Family_Only,Potential_Novel_Family
9184,10842,1,Potential_Novel_Family,Known_Family_Only
4602,8479,1,Known_Family_Only,Potential_Novel_Family
3780,6654,1,Potential_Novel_Family,Known_Family_Only
879,9618,1,Potential_Novel_Family,Known_Family_Only
6973,9908,1,Potential_Novel_Family,Potential_Novel_Family
9980,11151,1,Potential_Novel_Family,Potential_Novel_Family
7336,8636,1,Known_Family_Only,Potential_Novel_Family
1127,4149,1,Known_Family_Only,Potential_Novel_Family
4579,11694,1,Known_Family_Only,Potential_Novel_Family
1713,5929,1,Known_Family_Only,Potential_Novel_Family
4725,5981,1,Potential_Novel_Family,Potential_Novel_Family
11334,12818,1,Potential_Novel_Family,Known_Family_Only
1906,10935,1,Known_Family_Only,Potential_Novel_Family
5280,6143,1,Known_Family_Only,Potential_Novel_Family
949,6808,1,Known_Family_Only,Potential_Novel_Family
1849,11270,1,Known_Family_Only,Potential_Novel_Family
12278,12656,1,Potential_Novel_Family,Known_Family_Only
4639,9492,1,Potential_Novel_Family,Known_Family_Only
5129,11031,1,Potential_Novel_Family,Known_Family_Only
5496,11470,1,Known_Family_Only,Potential_Novel_Family
5215,6621,1,Potential_Novel_Family,Known_Family_Only
1977,12200,1,Known_Family_Only,Potential_Novel_Family
5495,9937,1,Potential_Novel_Family,Known_Family_Only
3843,11333,1,Potential_Novel_Family,Known_Family_Only
3305,11215,1,Potential_Novel_Family,Potential_Novel_Family
7045,9221,1,Known_Family_Only,Potential_Novel_Family
1198,11960,1,Known_Family_Only,Potential_Novel_Family
4666,11471,1,Known_Family_Only,Potential_Novel_Family
362,2577,1,Potential_Novel_Family,Known_Family_Only
9150,10617,1,Potential_Novel_Family,Known_Family_Only
7141,8554,1,Known_Family_Only,Potential_Novel_Family
1289,1290,1,Known_Family_Only,Potential_Novel_Family
4499,9400,1,Known_Family_Only,Potential_Novel_Family
6054,9066,1,Potential_Novel_Family,Potential_Novel_Family
1201,12031,1,Potential_Novel_Family,Known_Family_Only
3098,8553,1,Potential_Novel_Family,Potential_Novel_Family
2973,7470,1,Potential_Novel_Family,Potential_Novel_Family
2448,6943,1,Potential_Novel_Family,Potential_Novel_Family
1023,1683,1,Known_Family_Only,Known_Family_Only
1023,5253,1,Known_Family_Only,Potential_Novel_Family
1683,5253,1,Known_Family_Only,Potential_Novel_Family
3990,4362,1,Potential_Novel_Family,Known_Family_Only
3990,6237,1,Potential_Novel_Family,Known_Family_Only
4362,6237,1,Known_Family_Only,Known_Family_Only
2862,4214,1,Potential_Novel_Family,Potential_Novel_Family
5421,9590,1,Potential_Novel_Family,Potential_Novel_Family
4966,10705,1,Potential_Novel_Family,Known_Family_Only
6750,8439,1,Known_Family_Only,Potential_Novel_Family
2072,4603,1,Potential_Novel_Family,Known_Family_Only
8369,9563,1,Potential_Novel_Family,Known_Family_Only
942,5090,1,Potential_Novel_Family,Known_Family_Only
7902,10261,1,Potential_Novel_Family,Known_Family_Only
2884,3287,2,Known_Family_Only,Potential_Novel_Family
2884,5216,2,Known_Family_Only,Known_Family_Only
2884,6266,2,Known_Family_Only,Known_Family_Only
3287,5216,2,Potential_Novel_Family,Known_Family_Only
3287,6266,2,Potential_Novel_Family,Known_Family_Only
5216,6266,2,Known_Family_Only,Known_Family_Only
4990,9222,1,Potential_Novel_Family,Known_Family_Only
2185,2498,1,Potential_Novel_Family,Known_Family_Only
3099,5386,2,Potential_Novel_Family,Expanded_Known_Family
9093,11032,1,Potential_Novel_Family,Potential_Novel_Family
910,3598,1,Potential_Novel_Family,Known_Family_Only
287,7615,1,Potential_Novel_Family,Known_Family_Only
3458,5130,1,Known_Family_Only,Potential_Novel_Family
11153,12729,1,Potential_Novel_Family,Potential_Novel_Family
12729,2318,1,Potential_Novel_Family,Potential_Novel_Family
2885,7777,1,Potential_Novel_Family,Potential_Novel_Family
1165,4215,1,Potential_Novel_Family,Potential_Novel_Family
1922,3802,1,Potential_Novel_Family,Known_Family_Only
5107,11335,1,Known_Family_Only,Potential_Novel_Family
212,8935,1,Known_Family_Only,Potential_Novel_Family
4380,7338,1,Potential_Novel_Family,Known_Family_Only
3803,6865,1,Known_Family_Only,Potential_Novel_Family
3781,5660,1,Potential_Novel_Family,Potential_Novel_Family
2308,3459,1,Potential_Novel_Family,Known_Family_Only
1561,10618,1,Potential_Novel_Family,Potential_Novel_Family
348,5809,1,Known_Family_Only,Potential_Novel_Family
4074,4943,1,Potential_Novel_Family,Potential_Novel_Family
3372,8865,1,Potential_Novel_Family,Known_Family_Only
11154,11155,1,Known_Family_Only,Potential_Novel_Family
4319,5422,1,Known_Family_Only,Potential_Novel_Family
3947,10640,1,Known_Family_Only,Potential_Novel_Family
4667,5898,2,Potential_Novel_Family,Known_Family_Only
7363,8674,1,Potential_Novel_Family,Potential_Novel_Family
5336,7273,1,Known_Family_Only,Potential_Novel_Family
1321,4580,1,Potential_Novel_Family,Known_Family_Only
8406,11887,1,Known_Family_Only,Potential_Novel_Family
8095,10377,1,Potential_Novel_Family,Known_Family_Only
7224,10461,1,Potential_Novel_Family,Potential_Novel_Family
7541,11962,1,Known_Family_Only,Potential_Novel_Family
