composition,family_count,system_frequency,has_novel_family,novel_families
"(1107, 7939)",2,33,False,[]
"(11122, 12566)",2,30,True,[12566]
"(10482, 11507)",2,30,False,[]
"(6238, 8131)",2,25,False,[]
"(5342, 9014)",2,23,False,[]
"(740, 1532)",2,21,False,[]
"(11221, 11908)",2,21,False,[]
"(3462, 5555)",2,20,False,[]
"(6200, 6244)",2,20,False,[]
"(4798, 8448)",2,20,False,[]
"(2320, 7225)",2,20,False,[]
"(7775, 8598)",2,19,False,[]
"(11320, 11882)",2,18,False,[]
"(6558, 8308)",2,17,False,[]
"(539, 1714)",2,17,False,[]
"(5040, 8781)",2,15,False,[]
"(5494, 8374)",2,15,False,[]
"(11221, 11746)",2,14,False,[]
"(3783, 6438)",2,14,False,[]
"(2465, 5923)",2,14,True,[2465]
"(2320, 6292)",2,13,False,[]
"(184, 3213)",2,13,False,[]
"(5392, 7318)",2,13,False,[]
"(5043, 8018)",2,13,False,[]
"(5812, 6433)",2,13,False,[]
"(5392, 7630)",2,12,False,[]
"(2950, 9467)",2,12,False,[]
"(6538, 10544)",2,12,False,[]
"(1107, 7308)",2,12,True,[7308]
"(10608, 11653)",2,12,False,[]
"(11844, 11938)",2,12,False,[]
"(6012, 7258)",2,11,False,[]
"(8168, 11815)",2,11,False,[]
"(10608, 12019)",2,11,False,[]
"(11067, 11427)",2,10,False,[]
"(10766, 12267)",2,10,False,[]
"(5743, 8374)",2,10,False,[]
"(5075, 8345)",2,10,False,[]
"(4311, 8452)",2,10,False,[]
"(5398, 7171)",2,10,False,[]
"(11587, 11853)",2,10,False,[]
"(11442, 11804)",2,10,False,[]
"(690, 2340)",2,9,False,[]
"(10575, 12196)",2,9,False,[]
"(3327, 3352)",2,9,True,[3327]
"(2237, 3105)",2,9,False,[]
"(10482, 12281)",2,9,True,[12281]
"(2127, 4770)",2,9,False,[]
"(5392, 8092)",2,9,False,[]
"(8054, 9048)",2,9,False,[]
"(10806, 11357)",2,9,False,[]
"(6558, 8223)",2,8,False,[]
"(10506, 12670)",2,8,True,[12670]
"(4031, 6116)",2,8,False,[]
"(4801, 8448)",2,8,False,[]
"(11683, 12256)",2,8,True,"[11683, 12256]"
"(2320, 6726)",2,8,False,[]
"(7526, 9933)",2,8,False,[]
"(10998, 11507)",2,8,False,[]
"(685, 1918)",2,8,False,[]
"(5608, 5613)",2,8,False,[]
"(2752, 4706)",2,8,True,[4706]
"(316, 380)",2,8,False,[]
"(686, 4408)",2,8,True,[686]
"(3993, 11795)",2,8,False,[]
"(3717, 7694)",2,8,False,[]
"(5392, 7473)",2,8,False,[]
"(4092, 5784)",2,7,False,[]
"(2018, 7642)",2,7,False,[]
"(11303, 11889)",2,7,False,[]
"(3740, 4642)",2,7,False,[]
"(280, 340)",2,7,True,[280]
"(11666, 12070)",2,7,False,[]
"(4826, 6260)",2,7,False,[]
"(10246, 11013)",2,7,False,[]
"(7802, 10083)",2,7,False,[]
"(11174, 11746)",2,7,False,[]
"(3432, 6492)",2,7,False,[]
"(829, 9226)",2,7,False,[]
"(1562, 4970)",2,7,False,[]
"(2100, 5909)",2,7,False,[]
"(2658, 12527)",2,7,False,[]
"(5960, 6408)",2,7,False,[]
"(2531, 3482)",2,7,False,[]
"(2878, 8333)",2,7,False,[]
"(7321, 8633)",2,7,False,[]
"(4453, 6210, 9895)",3,7,False,[]
"(3255, 9815)",2,6,True,"[3255, 9815]"
"(1666, 3078)",2,6,False,[]
"(527, 918)",2,6,False,[]
"(1107, 8396)",2,6,False,[]
"(1562, 4929, 4970)",3,6,False,[]
"(5546, 11465)",2,6,True,[5546]
"(5907, 5974)",2,6,True,[5907]
"(414, 3846)",2,6,True,[3846]
"(10766, 11013)",2,6,False,[]
"(3136, 9040)",2,6,True,[9040]
"(3810, 6053)",2,6,True,[6053]
"(6490, 7015)",2,6,True,[7015]
"(2320, 6676)",2,6,False,[]
"(3314, 6619)",2,6,False,[]
"(5974, 6014)",2,6,False,[]
"(1131, 7685)",2,6,False,[]
"(2561, 2748)",2,6,False,[]
"(3752, 6196)",2,6,False,[]
"(922, 1384)",2,6,False,[]
"(489, 1417)",2,6,False,[]
"(10077, 11427)",2,6,False,[]
"(2775, 6469)",2,6,False,[]
"(1825, 10592)",2,6,True,"[1825, 10592]"
"(4987, 5941)",2,6,False,[]
"(2711, 8149)",2,6,False,[]
"(11591, 12072)",2,6,False,[]
"(1486, 4280)",2,6,True,[4280]
"(1131, 8683)",2,6,False,[]
"(3101, 3588)",2,6,True,[3588]
"(1361, 1978)",2,6,False,[]
"(2323, 6281)",2,6,True,[6281]
"(1107, 7818)",2,6,False,[]
"(674, 739)",2,6,True,[739]
"(6224, 8141)",2,6,True,[8141]
"(66, 244)",2,6,False,[]
"(2817, 7890)",2,6,False,[]
"(139, 350)",2,6,False,[]
"(4840, 8928)",2,6,True,[4840]
"(9367, 9566)",2,6,True,[9566]
"(4619, 5525)",2,6,True,[5525]
"(531, 1454)",2,6,False,[]
"(8037, 12318)",2,6,False,[]
"(10802, 12231)",2,6,False,[]
"(10990, 11700)",2,6,False,[]
"(5040, 11412)",2,6,False,[]
"(4457, 6154)",2,6,True,[4457]
"(1107, 9009)",2,6,False,[]
"(5544, 5769)",2,6,True,[5769]
"(11221, 11873)",2,5,False,[]
"(8000, 11507)",2,5,False,[]
"(4630, 6190)",2,5,False,[]
"(8029, 9456)",2,5,False,[]
"(6310, 8418)",2,5,False,[]
"(4670, 8781)",2,5,False,[]
"(4437, 5779)",2,5,True,[4437]
"(531, 1714)",2,5,False,[]
"(2173, 10248)",2,5,True,[2173]
"(3472, 3993, 11795)",3,5,False,[]
"(674, 756)",2,5,False,[]
"(6310, 8192)",2,5,False,[]
"(4676, 5240)",2,5,False,[]
"(1744, 12549)",2,5,False,[]
"(10237, 10514)",2,5,True,[10237]
"(1487, 9599)",2,5,False,[]
"(5312, 7479)",2,5,False,[]
"(5704, 8710)",2,5,False,[]
"(2585, 7571)",2,5,True,[2585]
"(5392, 8259)",2,5,False,[]
"(11273, 11765)",2,5,True,[11765]
"(2320, 2819)",2,5,True,[2819]
"(6065, 6626)",2,5,False,[]
"(955, 9887)",2,5,False,[]
"(8249, 9236)",2,5,True,[9236]
"(860, 3314)",2,5,True,[860]
"(3823, 7368)",2,5,True,[3823]
"(4142, 7252)",2,5,False,[]
"(9414, 11996)",2,5,True,[11996]
"(3712, 9558)",2,5,False,[]
"(852, 9511)",2,5,True,[9511]
"(5974, 6523)",2,5,False,[]
"(1078, 6179)",2,5,True,[1078]
"(1791, 3493)",2,5,False,[]
"(4031, 6036)",2,5,False,[]
"(2023, 6402)",2,5,False,[]
"(2563, 8464)",2,5,False,[]
"(10482, 12218)",2,5,False,[]
"(3390, 5306)",2,5,False,[]
"(5392, 8232)",2,5,False,[]
"(140, 5862, 7919)",3,5,True,[7919]
"(184, 1823, 3213, 7456, 11221, 11908)",6,5,False,[]
"(6478, 9915)",2,5,True,[9915]
"(9025, 11083)",2,5,False,[]
"(1434, 3368)",2,5,True,[1434]
"(7009, 10048)",2,5,False,[]
"(7027, 8535)",2,5,False,[]
"(11066, 12329)",2,5,False,[]
"(419, 2823)",2,5,False,[]
"(948, 6980)",2,5,True,"[948, 6980]"
"(10920, 12287)",2,5,False,[]
"(2108, 9153)",2,5,False,[]
"(863, 12576)",2,5,True,[12576]
"(4175, 5926)",2,5,False,[]
"(7341, 9182)",2,5,False,[]
"(6813, 8660)",2,5,True,[8660]
"(672, 805)",2,5,False,[]
"(1358, 7400)",2,5,True,[1358]
"(5392, 7504)",2,5,False,[]
"(8277, 10139)",2,5,True,[8277]
"(966, 4120)",2,5,False,[]
"(11442, 11507)",2,5,False,[]
"(1361, 2561)",2,5,False,[]
"(4249, 8408)",2,5,False,[]
"(2214, 4483)",2,5,False,[]
"(1839, 7719)",2,5,False,[]
"(232, 2424, 2431, 8159)",4,5,False,[]
"(3898, 8050)",2,5,False,[]
"(3438, 11911)",2,5,False,[]
"(4705, 5038)",2,5,False,[]
"(1371, 11583)",2,5,False,[]
"(3933, 7394)",2,5,False,[]
"(11442, 11929)",2,5,False,[]
"(5728, 11053)",2,5,True,[5728]
"(5392, 8344)",2,5,False,[]
"(3750, 8394)",2,4,True,[8394]
"(1056, 10353)",2,4,False,[]
"(8277, 9349)",2,4,True,[8277]
"(7883, 8048)",2,4,True,[7883]
"(11679, 11936)",2,4,False,[]
"(4503, 5663)",2,4,True,[4503]
"(3898, 7987)",2,4,False,[]
"(6473, 7208)",2,4,True,[6473]
"(8227, 9048)",2,4,False,[]
"(2429, 11459)",2,4,True,[2429]
"(3678, 10790)",2,4,True,"[3678, 10790]"
"(10272, 11308)",2,4,True,[10272]
"(81, 6356)",2,4,False,[]
"(1762, 4565)",2,4,False,[]
"(2251, 2883)",2,4,True,[2883]
"(7526, 10848, 12285)",3,4,True,[10848]
"(3959, 6471)",2,4,False,[]
"(7524, 9057)",2,4,True,[9057]
"(2704, 6094)",2,4,True,[6094]
"(10608, 11427)",2,4,False,[]
"(10933, 12416)",2,4,True,[10933]
"(4393, 8961)",2,4,False,[]
"(1531, 4282)",2,4,True,[1531]
"(6772, 9591)",2,4,True,[9591]
"(737, 1337)",2,4,True,[1337]
"(7915, 9663)",2,4,False,[]
"(11483, 12174)",2,4,False,[]
"(6765, 8654)",2,4,False,[]
"(1174, 2904, 3724)",3,4,False,[]
"(6251, 9730)",2,4,True,[6251]
"(10595, 12422)",2,4,True,[10595]
"(7557, 8745)",2,4,False,[]
"(6102, 6699)",2,4,True,[6102]
"(2883, 2941)",2,4,True,[2883]
"(613, 4127)",2,4,False,[]
"(3551, 8562)",2,4,False,[]
"(5040, 9188)",2,4,False,[]
"(69, 3449)",2,4,True,[3449]
"(160, 4514)",2,4,False,[]
"(5400, 6725)",2,4,True,"[5400, 6725]"
"(10077, 11049)",2,4,False,[]
"(10185, 11191)",2,4,True,"[10185, 11191]"
"(1993, 10808)",2,4,True,[1993]
"(5812, 6811)",2,4,False,[]
"(7232, 10801)",2,4,True,[10801]
"(2793, 3182)",2,4,False,[]
"(631, 631)",2,4,False,[]
"(883, 1384)",2,4,False,[]
"(4238, 6435)",2,4,False,[]
"(4900, 9933)",2,4,True,[4900]
"(3309, 8441)",2,4,True,[8441]
"(404, 921)",2,4,False,[]
"(6018, 7683)",2,4,False,[]
"(11817, 11932)",2,4,True,[11932]
"(57, 1390)",2,4,False,[]
"(1107, 5027)",2,4,True,[5027]
"(1421, 4346)",2,4,False,[]
"(5539, 5572)",2,4,True,[5572]
"(2051, 5644)",2,4,False,[]
"(4642, 5614)",2,4,False,[]
"(1159, 2400)",2,4,True,[1159]
"(157, 159)",2,4,False,[]
"(3720, 7351)",2,4,False,[]
"(7778, 8747)",2,4,False,[]
"(5623, 7949)",2,4,False,[]
"(11052, 11908)",2,4,False,[]
"(903, 8712)",2,4,False,[]
"(7028, 10304)",2,4,True,[10304]
"(6224, 8074)",2,4,False,[]
"(11178, 12242)",2,4,True,[12242]
"(8629, 9624)",2,4,False,[]
"(963, 5218)",2,4,True,[5218]
"(396, 2215)",2,4,True,[2215]
"(12185, 12887)",2,4,True,[12887]
"(2991, 11066)",2,4,False,[]
"(9810, 10438)",2,4,True,"[9810, 10438]"
"(2435, 6549)",2,4,True,[6549]
"(139, 339)",2,4,False,[]
"(1617, 7844)",2,4,False,[]
"(5974, 6572)",2,4,True,[6572]
"(11936, 12038)",2,4,False,[]
"(500, 789)",2,4,False,[]
"(3853, 7359)",2,4,True,[3853]
"(6123, 8529)",2,4,True,[6123]
"(3116, 8420)",2,4,False,[]
"(1529, 8606)",2,4,True,[1529]
"(3613, 6226)",2,4,True,[6226]
"(2649, 3489)",2,4,True,[2649]
"(2624, 8415)",2,4,False,[]
"(1985, 8314)",2,4,False,[]
"(5891, 9589)",2,4,True,[5891]
"(5346, 6546)",2,4,False,[]
"(2377, 2708)",2,4,True,[2708]
"(2339, 3917)",2,4,False,[]
"(5993, 9633)",2,4,True,[5993]
"(4975, 6736)",2,4,True,[6736]
"(160, 5239)",2,4,False,[]
"(6848, 8949)",2,4,True,[8949]
"(7562, 9282)",2,4,False,[]
"(3391, 6271)",2,4,True,[6271]
"(1238, 3848)",2,4,False,[]
"(10755, 11700)",2,4,False,[]
"(2082, 4770)",2,4,False,[]
"(2430, 4952)",2,4,False,[]
"(5167, 5544)",2,4,False,[]
"(4960, 12304)",2,4,False,[]
"(3993, 11814)",2,4,False,[]
"(4120, 6902)",2,4,False,[]
"(5933, 8238)",2,4,False,[]
"(11593, 12692)",2,3,True,"[11593, 12692]"
"(578, 3189)",2,3,True,[3189]
"(77, 965)",2,3,False,[]
"(1161, 1669, 2057)",3,3,True,[1669]
"(2838, 7516)",2,3,True,[7516]
"(6992, 7347)",2,3,True,"[6992, 7347]"
"(630, 1022)",2,3,False,[]
"(1649, 8437)",2,3,False,[]
"(3320, 10836)",2,3,True,[10836]
"(10632, 10721)",2,3,False,[]
"(232, 1653, 2424, 2620, 8159)",5,3,False,[]
"(2331, 9095)",2,3,True,[9095]
"(923, 4120, 6915)",3,3,False,[]
"(7106, 9589)",2,3,True,[7106]
"(4681, 10939)",2,3,False,[]
"(11303, 12358)",2,3,True,[12358]
"(4311, 8677)",2,3,False,[]
"(1010, 4120)",2,3,False,[]
"(8663, 9373)",2,3,True,[9373]
"(2058, 5040)",2,3,False,[]
"(228, 3184)",2,3,False,[]
"(155, 11897)",2,3,True,[11897]
"(9039, 11398)",2,3,True,[11398]
"(5346, 8389)",2,3,False,[]
"(660, 4969)",2,3,True,[4969]
"(6355, 8114)",2,3,True,[6355]
"(3720, 7368)",2,3,False,[]
"(6659, 8098)",2,3,True,[6659]
"(4356, 11289)",2,3,True,[4356]
"(4225, 8509)",2,3,True,[8509]
"(946, 2147, 3036)",3,3,True,[2147]
"(1626, 7738)",2,3,False,[]
"(814, 1136)",2,3,True,"[814, 1136]"
"(3551, 8493)",2,3,False,[]
"(10067, 10196)",2,3,True,[10067]
"(1705, 4231)",2,3,True,[1705]
"(510, 5555)",2,3,True,[510]
"(11371, 12473)",2,3,True,[12473]
"(606, 7077)",2,3,False,[]
"(6729, 8386)",2,3,True,[8386]
"(5026, 7965)",2,3,True,[7965]
"(189, 1357)",2,3,True,[189]
"(5080, 7728)",2,3,True,[5080]
"(8744, 9628)",2,3,True,[9628]
"(1035, 2739)",2,3,False,[]
"(510, 3462, 5555)",3,3,True,[510]
"(747, 4087)",2,3,False,[]
"(1959, 2484)",2,3,True,[1959]
"(1056, 3206)",2,3,False,[]
"(265, 3275, 6451)",3,3,False,[]
"(5392, 8628)",2,3,True,[8628]
"(6514, 8341)",2,3,False,[]
"(3704, 8176)",2,3,True,[3704]
"(901, 8681)",2,3,True,[8681]
"(10385, 12242)",2,3,True,[12242]
"(1489, 2077, 7367)",3,3,True,[1489]
"(2229, 3975)",2,3,True,[3975]
"(11067, 12019)",2,3,False,[]
"(2700, 7651)",2,3,True,[7651]
"(133, 1972)",2,3,True,[1972]
"(7970, 11728)",2,3,False,[]
"(1470, 1470)",2,3,False,[]
"(5033, 7673)",2,3,True,[5033]
"(3596, 7418)",2,3,False,[]
"(1880, 5187)",2,3,False,[]
"(10825, 12418)",2,3,True,[12418]
"(1902, 4965)",2,3,True,"[1902, 4965]"
"(11443, 12479)",2,3,True,"[11443, 12479]"
"(2878, 3234)",2,3,False,[]
"(1074, 3044)",2,3,True,[1074]
"(3792, 5457)",2,3,True,[3792]
"(204, 9368)",2,3,False,[]
"(2085, 4770)",2,3,False,[]
"(4197, 11706)",2,3,False,[]
"(6434, 7621)",2,3,True,[6434]
"(6945, 11889)",2,3,True,[6945]
"(7738, 12680)",2,3,True,[12680]
"(1035, 1035)",2,3,False,[]
"(7535, 8751)",2,3,False,[]
"(5878, 11824)",2,3,False,[]
"(6531, 8575)",2,3,True,[6531]
"(2280, 8111)",2,3,True,[8111]
"(565, 3571)",2,3,False,[]
"(1385, 1440)",2,3,False,[]
"(2130, 10793)",2,3,True,[2130]
"(1787, 7010)",2,3,False,[]
"(7601, 12165)",2,3,True,[7601]
"(2874, 4857)",2,3,True,[2874]
"(4083, 5012)",2,3,True,[5012]
"(843, 6430)",2,3,False,[]
"(2300, 4545)",2,3,False,[]
"(11444, 11936)",2,3,True,[11444]
"(202, 221)",2,3,True,[221]
"(1942, 12505)",2,3,True,[1942]
"(1147, 1811)",2,3,True,[1147]
"(6876, 7402)",2,3,False,[]
"(1103, 5154)",2,3,True,[5154]
"(1823, 7456)",2,3,False,[]
"(11665, 12112)",2,3,True,[11665]
"(526, 4234)",2,3,True,[526]
"(2878, 8380)",2,3,False,[]
"(5392, 8546)",2,3,False,[]
"(7325, 8580)",2,3,False,[]
"(7297, 9182)",2,3,False,[]
"(270, 6658)",2,3,True,[6658]
"(747, 5531)",2,3,True,[5531]
"(1999, 9472)",2,3,True,[1999]
"(4568, 12014, 12251)",3,3,False,[]
"(11221, 11745)",2,3,True,[11745]
"(5668, 9309)",2,3,True,[5668]
"(955, 4120)",2,3,False,[]
"(725, 3257)",2,3,False,[]
"(355, 2052, 7976)",3,3,False,[]
"(5194, 6546)",2,3,False,[]
"(2214, 6517)",2,3,True,[6517]
"(2773, 4172)",2,3,True,[4172]
"(1238, 3805)",2,3,False,[]
"(7321, 8779)",2,3,True,[8779]
"(3166, 8073)",2,3,True,[8073]
"(4770, 4952)",2,3,False,[]
"(6046, 8088)",2,3,True,[6046]
"(1288, 4337)",2,3,False,[]
"(1117, 7410)",2,3,True,[7410]
"(520, 4051)",2,3,False,[]
"(2150, 7619)",2,3,True,[7619]
"(5242, 10166)",2,3,False,[]
"(2093, 11772)",2,3,False,[]
"(3820, 8756)",2,3,False,[]
"(3649, 3958)",2,3,False,[]
"(3534, 10447)",2,3,True,[3534]
"(185, 4939)",2,3,True,"[185, 4939]"
"(343, 343)",2,3,False,[]
"(10159, 11963)",2,3,True,[10159]
"(3661, 6174)",2,3,True,[6174]
"(4996, 8684)",2,3,False,[]
"(184, 1823, 3213, 7456)",4,3,False,[]
"(11824, 12007)",2,3,True,[12007]
"(1458, 2134)",2,3,False,[]
"(1613, 2319)",2,3,True,[2319]
"(412, 607)",2,3,True,[412]
"(7544, 7570)",2,3,False,[]
"(5840, 7613)",2,3,True,[5840]
"(2453, 2574)",2,3,True,[2574]
"(96, 5180)",2,3,True,[5180]
"(1745, 2790)",2,3,True,[2790]
"(7405, 7974)",2,3,True,[7974]
"(2493, 4260)",2,3,False,[]
"(4048, 11618)",2,3,False,[]
"(1202, 7754)",2,3,True,[1202]
"(2878, 4308)",2,3,False,[]
"(415, 933)",2,3,False,[]
"(4400, 4717)",2,3,True,[4717]
"(11834, 12144)",2,3,False,[]
"(2531, 3482, 6431)",3,3,False,[]
"(5435, 10028)",2,3,True,[5435]
"(3221, 10791)",2,3,True,[3221]
"(6220, 10030)",2,3,False,[]
"(3966, 6634)",2,3,False,[]
"(883, 4120)",2,3,False,[]
"(943, 4210)",2,3,True,[4210]
"(2250, 5278)",2,3,False,[]
"(2584, 9364)",2,3,True,[9364]
"(10883, 11357)",2,3,False,[]
"(471, 6297)",2,3,False,[]
"(5051, 9157)",2,3,True,[5051]
"(4555, 7450)",2,3,True,[4555]
"(5812, 6811, 9699)",3,3,False,[]
"(3774, 11446)",2,3,True,[11446]
"(11303, 11993)",2,3,True,[11993]
"(7574, 9057)",2,3,True,[9057]
"(6538, 6999)",2,3,False,[]
"(539, 1454)",2,3,False,[]
"(1807, 6122)",2,3,True,[6122]
"(5634, 11275)",2,3,True,[5634]
"(7394, 8362)",2,3,False,[]
"(3055, 3411)",2,3,True,"[3055, 3411]"
"(6085, 10773)",2,3,False,[]
"(1723, 4341)",2,3,False,[]
"(4171, 5966)",2,3,True,[4171]
"(4014, 5252)",2,3,False,[]
"(10766, 11618)",2,3,False,[]
"(611, 3568)",2,3,False,[]
"(2700, 7865)",2,3,False,[]
"(4526, 8334)",2,3,False,[]
"(2604, 2708)",2,3,True,[2708]
"(10611, 10885)",2,3,True,"[10611, 10885]"
"(5026, 6546)",2,3,False,[]
"(2010, 11100)",2,3,True,[2010]
"(10718, 10763)",2,3,True,[10763]
"(2206, 6185)",2,3,False,[]
"(3073, 5924)",2,3,False,[]
"(301, 3002)",2,3,False,[]
"(1820, 4689)",2,3,False,[]
"(6882, 7565)",2,3,True,"[6882, 7565]"
"(5398, 7050)",2,3,False,[]
"(5146, 7495)",2,3,True,[7495]
"(2681, 10715)",2,3,True,[10715]
"(1822, 9884)",2,3,False,[]
"(3619, 3971)",2,3,True,[3971]
"(158, 8961)",2,3,False,[]
"(6014, 6472)",2,3,False,[]
"(4406, 6871)",2,3,True,[6871]
"(8817, 9315)",2,3,True,[8817]
"(507, 3025, 5731, 8896)",4,3,False,[]
"(253, 1035, 11129, 12270)",4,3,False,[]
"(387, 1316)",2,3,False,[]
"(184, 7456)",2,3,False,[]
"(757, 9098)",2,3,True,[9098]
"(2052, 7976)",2,3,False,[]
"(2606, 2709)",2,3,False,[]
"(448, 1964)",2,3,True,[1964]
"(52, 3228)",2,3,False,[]
"(2754, 8496)",2,3,True,[2754]
"(9080, 12778)",2,3,True,[12778]
"(53, 2749, 7588)",3,3,False,[]
"(4576, 5846)",2,3,True,[5846]
"(4642, 7018)",2,3,False,[]
"(980, 5127)",2,3,True,[980]
"(2725, 10094)",2,3,True,[10094]
"(363, 3383)",2,3,True,[363]
"(660, 1463)",2,3,False,[]
"(10005, 12411)",2,3,False,[]
"(489, 1616)",2,3,True,[1616]
"(5490, 6464)",2,3,True,[6464]
"(8796, 8907)",2,3,True,[8907]
"(3440, 8453)",2,3,False,[]
"(5651, 6206)",2,3,False,[]
"(473, 7269)",2,3,False,[]
"(7111, 7202)",2,3,True,[7202]
"(1262, 1383)",2,3,False,[]
"(539, 4846)",2,3,True,[4846]
"(358, 7915)",2,3,False,[]
"(6352, 7083)",2,3,False,[]
"(5040, 5040)",2,3,False,[]
"(237, 410)",2,3,False,[]
"(7655, 10991)",2,3,True,[10991]
"(9294, 10244)",2,3,False,[]
"(2645, 8802)",2,3,True,[8802]
"(4264, 8385)",2,3,False,[]
"(2134, 3474)",2,3,False,[]
"(1375, 4606)",2,3,False,[]
"(11340, 11851)",2,3,True,[11851]
"(6916, 9375)",2,3,True,[9375]
"(11091, 12636)",2,3,True,[11091]
"(1174, 2904)",2,3,False,[]
"(6352, 8975)",2,3,False,[]
"(358, 7915, 9663)",3,2,False,[]
"(1818, 5226)",2,2,True,[1818]
"(2707, 10409)",2,2,True,"[2707, 10409]"
"(4209, 5252)",2,2,False,[]
"(796, 1629)",2,2,True,[1629]
"(12051, 12225)",2,2,True,[12051]
"(3738, 11374)",2,2,True,[11374]
"(1603, 7947)",2,2,False,[]
"(2575, 3264)",2,2,True,[2575]
"(494, 1660)",2,2,False,[]
"(4057, 6471)",2,2,False,[]
"(3318, 8661)",2,2,True,[8661]
"(2071, 5798)",2,2,False,[]
"(524, 7087)",2,2,True,[7087]
"(53, 2749, 4556, 7588)",4,2,True,[4556]
"(4537, 10125)",2,2,True,[10125]
"(1990, 9011)",2,2,True,[9011]
"(6722, 10536)",2,2,True,[10536]
"(11067, 12589)",2,2,True,[12589]
"(112, 12138)",2,2,True,[12138]
"(7549, 12267)",2,2,False,[]
"(992, 992)",2,2,False,[]
"(6327, 8874)",2,2,True,[8874]
"(8713, 11160)",2,2,True,[8713]
"(6106, 8462)",2,2,False,[]
"(7177, 8808)",2,2,True,[7177]
"(4631, 8928)",2,2,False,[]
"(4488, 12182)",2,2,False,[]
"(3355, 8784)",2,2,False,[]
"(2376, 7210)",2,2,True,[7210]
"(237, 316)",2,2,False,[]
"(3719, 9249)",2,2,True,[9249]
"(6105, 8653)",2,2,True,[8653]
"(11298, 12449)",2,2,True,[11298]
"(6789, 11823)",2,2,True,[6789]
"(5401, 9989)",2,2,True,[9989]
"(3925, 11186)",2,2,False,[]
"(2316, 4470)",2,2,False,[]
"(3223, 9029)",2,2,True,[3223]
"(4311, 8422)",2,2,True,[8422]
"(1546, 5455)",2,2,True,[5455]
"(60, 2877)",2,2,True,[2877]
"(3673, 9365)",2,2,True,[3673]
"(4021, 4872)",2,2,True,[4021]
"(7850, 8206)",2,2,False,[]
"(10114, 12454)",2,2,True,"[10114, 12454]"
"(5974, 6282)",2,2,True,[6282]
"(6698, 10996)",2,2,True,[10996]
"(2772, 4699)",2,2,True,[2772]
"(4488, 8083)",2,2,False,[]
"(602, 8511)",2,2,False,[]
"(3962, 6046)",2,2,True,"[3962, 6046]"
"(3003, 3626)",2,2,False,[]
"(3652, 10465)",2,2,True,[3652]
"(11524, 11860)",2,2,False,[]
"(1770, 3995)",2,2,True,[3995]
"(2985, 10761)",2,2,True,[2985]
"(5691, 7644)",2,2,True,[7644]
"(16, 358)",2,2,False,[]
"(4549, 8152)",2,2,True,[4549]
"(8371, 9991)",2,2,True,[9991]
"(5161, 9709)",2,2,False,[]
"(4644, 5444)",2,2,False,[]
"(3237, 5171)",2,2,True,[3237]
"(614, 2723)",2,2,True,[2723]
"(11042, 11653)",2,2,False,[]
"(266, 2370)",2,2,False,[]
"(7125, 8020)",2,2,True,[7125]
"(6690, 11183)",2,2,False,[]
"(2430, 8774)",2,2,False,[]
"(173, 5652)",2,2,True,[5652]
"(145, 8882)",2,2,False,[]
"(1525, 7993)",2,2,True,[7993]
"(1006, 8044)",2,2,True,[1006]
"(4120, 6633)",2,2,False,[]
"(3720, 7989)",2,2,False,[]
"(10883, 11796)",2,2,False,[]
"(2774, 8788)",2,2,False,[]
"(22, 1340, 1924)",3,2,False,[]
"(2154, 4316)",2,2,True,[2154]
"(3763, 5886)",2,2,True,[5886]
"(4599, 4599)",2,2,False,[]
"(11483, 12110)",2,2,False,[]
"(562, 1061)",2,2,False,[]
"(4287, 12318)",2,2,True,[4287]
"(4057, 6437)",2,2,False,[]
"(10766, 11341)",2,2,True,[11341]
"(4770, 8774)",2,2,False,[]
"(2264, 4650)",2,2,True,[2264]
"(8022, 11617)",2,2,False,[]
"(7029, 12744)",2,2,True,[12744]
"(1016, 2311)",2,2,True,[1016]
"(4505, 7057)",2,2,False,[]
"(3898, 7783)",2,2,False,[]
"(2677, 4090)",2,2,True,"[2677, 4090]"
"(504, 2686)",2,2,False,[]
"(4017, 9825)",2,2,True,"[4017, 9825]"
"(9546, 11066)",2,2,True,[9546]
"(197, 2864)",2,2,True,[2864]
"(12277, 12466)",2,2,True,"[12277, 12466]"
"(2269, 6207)",2,2,True,[2269]
"(6826, 10918)",2,2,True,[10918]
"(100, 8785)",2,2,True,[8785]
"(5370, 8011)",2,2,True,[5370]
"(6516, 12655)",2,2,False,[]
"(718, 8010)",2,2,False,[]
"(2400, 10178)",2,2,False,[]
"(11905, 12090)",2,2,True,"[11905, 12090]"
"(1477, 1745)",2,2,False,[]
"(4571, 7057)",2,2,False,[]
"(447, 1940)",2,2,True,[1940]
"(10575, 12535)",2,2,False,[]
"(6388, 6585)",2,2,True,[6388]
"(5192, 5616)",2,2,False,[]
"(1366, 5014)",2,2,True,"[1366, 5014]"
"(232, 1653, 2424, 8159)",4,2,False,[]
"(2815, 4845, 6015)",3,2,True,[2815]
"(3862, 6885)",2,2,False,[]
"(3502, 6742)",2,2,True,[3502]
"(6134, 8291)",2,2,True,[6134]
"(650, 9333)",2,2,False,[]
"(9216, 10078)",2,2,True,[9216]
"(5974, 6645)",2,2,False,[]
"(963, 2828)",2,2,False,[]
"(11303, 12315)",2,2,True,[12315]
"(631, 1816)",2,2,True,[1816]
"(3650, 9096)",2,2,True,[3650]
"(1049, 1598)",2,2,True,[1049]
"(11824, 12545)",2,2,True,[12545]
"(2749, 5026)",2,2,False,[]
"(604, 642, 993)",3,2,True,[993]
"(635, 660)",2,2,False,[]
"(426, 5180)",2,2,True,[5180]
"(1432, 3904)",2,2,False,[]
"(3356, 8175)",2,2,True,[3356]
"(4227, 7731)",2,2,False,[]
"(2320, 3378)",2,2,True,[3378]
"(1768, 3562)",2,2,False,[]
"(1956, 8791)",2,2,True,[8791]
"(3299, 9645)",2,2,True,"[3299, 9645]"
"(11322, 12267)",2,2,True,[11322]
"(2048, 12301)",2,2,True,[2048]
"(330, 3511, 5670)",3,2,True,"[3511, 5670]"
"(3959, 6152)",2,2,True,[6152]
"(33, 10901)",2,2,True,[10901]
"(6552, 11419)",2,2,True,"[6552, 11419]"
"(2968, 12691)",2,2,True,[2968]
"(3545, 5267)",2,2,True,[3545]
"(4315, 6437)",2,2,False,[]
"(5462, 8806)",2,2,True,[8806]
"(1229, 1229)",2,2,False,[]
"(420, 10504)",2,2,False,[]
"(3485, 4279)",2,2,True,[4279]
"(974, 2942, 3332)",3,2,False,[]
"(3195, 3964)",2,2,True,"[3195, 3964]"
"(5971, 8213)",2,2,False,[]
"(10766, 12391)",2,2,False,[]
"(3333, 5641)",2,2,True,[3333]
"(709, 1236)",2,2,True,[709]
"(6151, 6439)",2,2,True,"[6151, 6439]"
"(10460, 10802)",2,2,False,[]
"(10948, 11179)",2,2,False,[]
"(7713, 8399)",2,2,True,[8399]
"(1294, 5514)",2,2,True,[5514]
"(2108, 10530)",2,2,True,[10530]
"(914, 5685)",2,2,True,[5685]
"(1287, 5360, 7652)",3,2,True,[5360]
"(1562, 10729)",2,2,False,[]
"(480, 8125)",2,2,True,[8125]
"(11905, 12110)",2,2,True,[11905]
"(975, 6583)",2,2,True,[6583]
"(1937, 6595)",2,2,False,[]
"(7623, 12017)",2,2,True,"[7623, 12017]"
"(3718, 6864)",2,2,True,[3718]
"(2608, 5304)",2,2,True,[5304]
"(8511, 9891)",2,2,True,[9891]
"(1675, 6304)",2,2,True,[6304]
"(406, 4658)",2,2,True,[4658]
"(5819, 7971)",2,2,True,[5819]
"(65, 404)",2,2,False,[]
"(2567, 9835)",2,2,True,"[2567, 9835]"
"(6032, 6109)",2,2,False,[]
"(11770, 11853)",2,2,False,[]
"(2134, 8086)",2,2,False,[]
"(10574, 12510)",2,2,True,[12510]
"(1493, 1502)",2,2,False,[]
"(3427, 8624)",2,2,False,[]
"(990, 5140)",2,2,False,[]
"(515, 7592)",2,2,True,[7592]
"(5392, 8239)",2,2,False,[]
"(1079, 11973)",2,2,False,[]
"(133, 931, 2535)",3,2,False,[]
"(1880, 4398)",2,2,False,[]
"(10113, 12449)",2,2,False,[]
"(6986, 12179)",2,2,True,"[6986, 12179]"
"(1286, 11004)",2,2,True,[11004]
"(3482, 6188)",2,2,False,[]
"(1787, 8531)",2,2,False,[]
"(7067, 12021)",2,2,True,[12021]
"(1712, 6985)",2,2,True,[1712]
"(5974, 6382)",2,2,False,[]
"(6503, 10140)",2,2,True,[6503]
"(11075, 12196)",2,2,False,[]
"(853, 1516)",2,2,True,[1516]
"(3210, 5322)",2,2,True,[3210]
"(1533, 3866)",2,2,False,[]
"(2320, 11940)",2,2,False,[]
"(567, 4614)",2,2,False,[]
"(5149, 11479)",2,2,False,[]
"(10501, 12022)",2,2,True,[12022]
"(11931, 12448)",2,2,False,[]
"(8109, 8495)",2,2,False,[]
"(3478, 7005)",2,2,True,[7005]
"(937, 2810, 9278)",3,2,False,[]
"(6447, 8180)",2,2,True,[8180]
"(3936, 9209)",2,2,True,[9209]
"(5065, 8852)",2,2,True,[5065]
"(11197, 11908)",2,2,False,[]
"(1900, 3777)",2,2,True,[3777]
"(3066, 6649)",2,2,False,[]
"(5181, 11944)",2,2,True,"[5181, 11944]"
"(2792, 4420)",2,2,True,[4420]
"(1757, 2194, 3496, 3840, 5063)",5,2,False,[]
"(2068, 5893)",2,2,True,[5893]
"(30, 2916)",2,2,True,[30]
"(2683, 3403)",2,2,True,"[2683, 3403]"
"(587, 5687)",2,2,True,[587]
"(8647, 9849)",2,2,True,[9849]
"(7205, 7372)",2,2,True,[7372]
"(682, 4426)",2,2,True,"[682, 4426]"
"(2216, 10491)",2,2,True,[2216]
"(3630, 5535)",2,2,True,[5535]
"(87, 1345)",2,2,False,[]
"(6370, 8145)",2,2,True,[6370]
"(3288, 4718)",2,2,False,[]
"(306, 1611)",2,2,True,[1611]
"(760, 4191)",2,2,True,[4191]
"(194, 8216)",2,2,True,[8216]
"(11393, 12087)",2,2,True,[11393]
"(11752, 11931)",2,2,True,[11752]
"(671, 683)",2,2,True,"[671, 683]"
"(6238, 8114)",2,2,False,[]
"(3823, 7849)",2,2,True,[3823]
"(3758, 5076)",2,2,True,[5076]
"(6085, 6619)",2,2,False,[]
"(8065, 11762)",2,2,True,[8065]
"(1353, 5040)",2,2,True,[1353]
"(7132, 8795)",2,2,False,[]
"(2164, 4878)",2,2,True,[4878]
"(4469, 7057)",2,2,True,[4469]
"(5392, 7833)",2,2,True,[7833]
"(5730, 7068)",2,2,False,[]
"(2687, 7465)",2,2,True,[7465]
"(4976, 10551, 10570)",3,2,False,[]
"(6134, 9017)",2,2,True,"[6134, 9017]"
"(8606, 9353)",2,2,True,[9353]
"(4007, 4732)",2,2,False,[]
"(11899, 12051)",2,2,True,[12051]
"(129, 8495, 8748)",3,2,False,[]
"(3602, 10308)",2,2,False,[]
"(1456, 9881)",2,2,True,[1456]
"(5243, 5324, 6385)",3,2,False,[]
"(6102, 6127)",2,2,True,"[6102, 6127]"
"(1653, 2424)",2,2,False,[]
"(2144, 2680)",2,2,False,[]
"(3276, 4371)",2,2,False,[]
"(1181, 6700)",2,2,False,[]
"(6823, 7100)",2,2,True,[7100]
"(1222, 7625)",2,2,True,[7625]
"(5743, 8732)",2,2,True,[8732]
"(1035, 2609)",2,2,False,[]
"(3959, 6984)",2,2,True,[6984]
"(3894, 4954)",2,2,True,[4954]
"(1257, 10572)",2,2,False,[]
"(1880, 4491)",2,2,False,[]
"(736, 5731)",2,2,False,[]
"(614, 1384)",2,2,False,[]
"(550, 1026)",2,2,True,[550]
"(4877, 10648)",2,2,True,"[4877, 10648]"
"(1245, 5053)",2,2,True,[1245]
"(1857, 1970)",2,2,True,[1857]
"(4710, 8564)",2,2,True,[8564]
"(4678, 11657)",2,2,True,[11657]
"(7532, 10152)",2,2,True,[7532]
"(2488, 7789)",2,2,True,[7789]
"(524, 1161)",2,2,False,[]
"(3081, 6113)",2,2,True,[6113]
"(3434, 7755)",2,2,True,[7755]
"(698, 4116)",2,2,False,[]
"(3072, 6198)",2,2,True,[6198]
"(1985, 2027)",2,2,False,[]
"(2339, 7790)",2,2,False,[]
"(1121, 6628)",2,2,False,[]
"(765, 4294)",2,2,True,[4294]
"(6546, 10415)",2,2,True,[10415]
"(5478, 12577)",2,2,True,[12577]
"(8000, 11994)",2,2,False,[]
"(5361, 11934)",2,2,False,[]
"(10574, 12196)",2,2,False,[]
"(685, 1589, 1918)",3,2,False,[]
"(3799, 4298)",2,2,True,[4298]
"(5775, 5851)",2,2,False,[]
"(10755, 12240)",2,2,False,[]
"(292, 349)",2,2,True,[349]
"(5787, 11007)",2,2,True,"[5787, 11007]"
"(197, 1293)",2,2,True,[1293]
"(8242, 10216)",2,2,False,[]
"(4048, 8880)",2,2,True,[8880]
"(6878, 7563)",2,2,True,"[6878, 7563]"
"(5674, 8045)",2,2,True,[8045]
"(2432, 9439)",2,2,True,"[2432, 9439]"
"(12140, 12536)",2,2,True,[12536]
"(541, 4309, 7057)",3,2,True,[4309]
"(359, 1927)",2,2,True,[1927]
"(151, 7887)",2,2,True,[7887]
"(2792, 9473)",2,2,False,[]
"(9667, 10645)",2,2,False,[]
"(5243, 5324, 6385, 8170)",4,2,False,[]
"(789, 5772)",2,2,True,[5772]
"(568, 4634)",2,2,False,[]
"(8663, 12826)",2,2,False,[]
"(3904, 3993)",2,2,False,[]
"(1933, 7403)",2,2,True,[7403]
"(5647, 10646)",2,2,True,[5647]
"(1312, 6622)",2,2,True,[1312]
"(8315, 11839)",2,2,True,[11839]
"(3267, 4308)",2,2,False,[]
"(2231, 4587)",2,2,False,[]
"(4263, 5537)",2,2,False,[]
"(3361, 10468)",2,2,True,[10468]
"(10414, 10875)",2,2,True,[10414]
"(5937, 8154)",2,2,True,[8154]
"(1001, 3868)",2,2,False,[]
"(1187, 4243)",2,2,True,[1187]
"(3839, 7443)",2,2,True,[3839]
"(2018, 7868)",2,2,False,[]
"(7834, 12495)",2,2,False,[]
"(5937, 6449)",2,2,True,[6449]
"(4010, 5254)",2,2,True,[5254]
"(1317, 2496)",2,2,True,[1317]
"(4292, 5513)",2,2,False,[]
"(1880, 6967)",2,2,False,[]
"(8230, 10185)",2,2,True,[10185]
"(7445, 9402)",2,2,True,[7445]
"(11660, 11804)",2,2,True,[11660]
"(8514, 8662)",2,2,True,[8514]
"(2912, 3551)",2,2,False,[]
"(4934, 8494)",2,2,True,[8494]
"(4049, 7333)",2,2,True,"[4049, 7333]"
"(9226, 11742)",2,2,True,[11742]
"(9376, 12425)",2,2,True,[12425]
"(1875, 2209)",2,2,True,[2209]
"(3296, 12143)",2,2,True,[3296]
"(8681, 9663)",2,2,True,[8681]
"(9214, 11476)",2,2,True,[9214]
"(2205, 2459)",2,2,False,[]
"(5123, 10599)",2,2,True,[5123]
"(2995, 3312)",2,2,True,[3312]
"(1052, 1809)",2,2,True,[1052]
"(4979, 7852)",2,2,True,[4979]
"(10246, 12267)",2,2,False,[]
"(2948, 9151)",2,2,True,[9151]
"(1269, 9219)",2,2,False,[]
"(70, 511, 3440, 8453)",4,2,False,[]
"(7763, 7863)",2,2,False,[]
"(2515, 10255)",2,2,True,[2515]
"(3818, 11327)",2,2,True,[3818]
"(966, 2658)",2,2,False,[]
"(3665, 11186)",2,2,False,[]
"(1671, 2152)",2,2,True,[1671]
"(5346, 7259)",2,2,False,[]
"(6014, 6472, 6744)",3,2,False,[]
"(10931, 11706)",2,2,False,[]
"(1535, 3514)",2,2,True,[3514]
"(1394, 2579)",2,2,True,[2579]
"(1830, 5988)",2,2,False,[]
"(7262, 7506)",2,2,True,[7262]
"(1205, 10852)",2,2,True,[10852]
"(6529, 7724)",2,2,False,[]
"(8557, 9652)",2,2,True,[9652]
"(6520, 10683)",2,2,True,[6520]
"(4, 1761)",2,2,False,[]
"(2222, 11224)",2,2,False,[]
"(1036, 12330)",2,2,False,[]
"(3355, 7190)",2,2,True,[7190]
"(4242, 9280)",2,2,True,"[4242, 9280]"
"(923, 4120)",2,2,False,[]
"(4311, 6173)",2,2,False,[]
"(1814, 3253)",2,2,True,[3253]
"(9704, 10023)",2,2,True,[10023]
"(253, 2609)",2,2,False,[]
"(162, 8961)",2,2,False,[]
"(4201, 6171)",2,2,True,[4201]
"(6460, 8616)",2,2,False,[]
"(2387, 12848)",2,2,True,[2387]
"(378, 5909)",2,2,False,[]
"(158, 4393, 8961)",3,2,False,[]
"(614, 2751)",2,2,False,[]
"(8081, 11452)",2,2,True,[11452]
"(1815, 3717, 7694)",3,2,False,[]
"(1990, 4523)",2,2,True,[4523]
"(681, 1622, 1630)",3,2,True,[681]
"(2723, 3876)",2,2,True,[2723]
"(1520, 1762)",2,2,False,[]
"(1645, 10567)",2,2,False,[]
"(3165, 4078, 9339)",3,2,True,[9339]
"(7370, 9758)",2,2,False,[]
"(10470, 12303)",2,2,True,[12303]
"(1880, 4888)",2,2,False,[]
"(1026, 3208)",2,2,True,[3208]
"(4163, 10424)",2,2,False,[]
"(568, 3991)",2,2,False,[]
"(5530, 7230)",2,2,True,[7230]
"(10802, 12249)",2,2,True,[12249]
"(4439, 8069)",2,2,True,[8069]
"(7895, 8991)",2,2,True,[8991]
"(10163, 11211)",2,2,True,[10163]
"(6912, 12420)",2,2,True,[12420]
"(531, 10180)",2,2,False,[]
"(4139, 10057, 10909)",3,2,False,[]
"(165, 1871, 3241)",3,2,False,[]
"(8112, 9235)",2,2,True,[9235]
"(536, 536)",2,2,False,[]
"(4589, 5224)",2,2,True,[4589]
"(2980, 12192)",2,2,True,[12192]
"(4691, 10068)",2,2,True,[10068]
"(5464, 6832, 6930)",3,2,True,[5464]
"(6558, 7953)",2,2,True,[7953]
"(3959, 6438)",2,2,False,[]
"(1396, 1831)",2,2,True,[1831]
"(2751, 10903)",2,2,False,[]
"(6352, 7896)",2,2,True,[7896]
"(12487, 12639)",2,2,False,[]
"(2406, 7805)",2,2,False,[]
"(4351, 6578)",2,2,False,[]
"(847, 1616)",2,2,True,[1616]
"(3487, 6430)",2,2,True,[3487]
"(181, 1364)",2,2,False,[]
"(259, 354)",2,2,True,"[259, 354]"
"(7464, 7915)",2,2,False,[]
"(3571, 10406)",2,2,False,[]
"(4882, 10307)",2,2,True,"[4882, 10307]"
"(4204, 6526)",2,2,True,"[4204, 6526]"
"(4194, 5252)",2,2,True,[4194]
"(317, 1284)",2,2,True,[317]
"(4227, 9918)",2,2,False,[]
"(1383, 2699)",2,2,True,[2699]
"(1200, 4281)",2,2,False,[]
"(9285, 9510)",2,2,True,[9285]
"(781, 2433)",2,2,True,[781]
"(2751, 3706)",2,2,True,[3706]
"(1066, 9679)",2,2,True,[9679]
"(4436, 7315)",2,2,True,[4436]
"(3278, 6214)",2,2,False,[]
"(6730, 8566)",2,2,False,[]
"(655, 3512)",2,2,True,[655]
"(4053, 8367)",2,2,True,[4053]
"(339, 3122)",2,2,False,[]
"(5699, 7318)",2,2,False,[]
"(167, 2355)",2,2,True,[2355]
"(11820, 12731)",2,2,True,"[11820, 12731]"
"(4287, 4593)",2,2,True,"[4287, 4593]"
"(5321, 6581)",2,2,False,[]
"(5487, 6963)",2,2,False,[]
"(1262, 4260)",2,2,False,[]
"(2023, 10808)",2,2,False,[]
"(1083, 4675)",2,2,True,[4675]
"(291, 8615)",2,2,False,[]
"(3720, 7659)",2,2,False,[]
"(2923, 6133)",2,2,True,[2923]
"(5050, 12326)",2,2,True,[5050]
"(316, 380, 3368)",3,2,False,[]
"(2993, 7954)",2,2,True,[7954]
"(6920, 7236)",2,2,True,[7236]
"(1107, 8236)",2,2,False,[]
"(2139, 8040)",2,2,False,[]
"(900, 5320)",2,2,True,[900]
"(1970, 8279)",2,2,False,[]
"(3296, 8649, 12143)",3,2,True,[3296]
"(3829, 6299)",2,2,True,[6299]
"(4731, 11969)",2,2,True,[4731]
"(6631, 11091)",2,2,True,[11091]
"(11293, 11908)",2,2,False,[]
"(665, 4626)",2,2,True,[4626]
"(2692, 4830)",2,2,True,[4830]
"(6857, 7328)",2,2,True,[6857]
"(7232, 11344)",2,2,False,[]
"(648, 959)",2,2,True,[648]
"(4972, 9541)",2,2,True,"[4972, 9541]"
"(2834, 3663)",2,2,False,[]
"(7321, 8908)",2,2,False,[]
"(661, 8134)",2,2,True,[8134]
"(2000, 2967)",2,2,True,[2967]
"(1353, 4670)",2,2,True,[1353]
"(3003, 8983)",2,2,False,[]
"(1966, 2368)",2,2,True,[2368]
"(165, 1871, 6330)",3,2,False,[]
"(2791, 6314)",2,2,True,[2791]
"(5630, 5907, 6200)",3,2,True,[5907]
"(3433, 11037)",2,2,True,[11037]
"(1057, 1504, 1508)",3,2,False,[]
"(7231, 10440)",2,2,True,[10440]
"(1543, 10725)",2,2,False,[]
"(1956, 2583)",2,2,False,[]
"(9455, 11835)",2,2,True,[11835]
"(10199, 12494)",2,2,True,[12494]
"(1174, 3724)",2,2,False,[]
"(10271, 12060)",2,2,True,[12060]
"(1323, 4373)",2,2,True,[1323]
"(11513, 11939)",2,2,True,[11513]
"(12196, 12396)",2,2,True,[12396]
"(3024, 5560)",2,2,True,[3024]
"(299, 5974, 6382)",3,2,False,[]
"(1773, 2121)",2,2,True,[2121]
"(11073, 12231)",2,2,False,[]
"(3628, 8061)",2,2,False,[]
"(2323, 7073)",2,2,False,[]
"(6833, 8074)",2,2,True,[6833]
"(6558, 8390)",2,2,True,[8390]
"(7297, 9245)",2,2,False,[]
"(3357, 3440)",2,2,False,[]
"(664, 4718)",2,2,False,[]
"(2878, 8912)",2,2,True,[8912]
"(2268, 2643)",2,2,False,[]
"(377, 2727)",2,2,True,[2727]
"(3993, 7053, 11795)",3,2,False,[]
"(1470, 1470, 3289)",3,2,False,[]
"(184, 3266)",2,2,True,[3266]
"(129, 8109, 8495)",3,2,False,[]
"(2916, 4153)",2,2,False,[]
"(2127, 2314)",2,2,True,[2314]
"(2430, 4952, 8774)",3,2,False,[]
"(1288, 4562)",2,2,False,[]
"(4596, 8334)",2,2,False,[]
"(176, 6382)",2,2,False,[]
"(5488, 7057)",2,2,True,[5488]
"(1925, 5557)",2,2,True,[1925]
"(5549, 6196)",2,2,False,[]
"(1881, 6413)",2,2,True,[6413]
"(4351, 6504)",2,2,False,[]
"(863, 1432)",2,2,False,[]
"(168, 12196)",2,2,False,[]
"(268, 2716)",2,2,False,[]
"(4623, 6582)",2,2,True,"[4623, 6582]"
"(5026, 8436)",2,2,False,[]
"(2400, 3706)",2,2,True,[3706]
"(259, 1468)",2,2,True,[259]
"(184, 1823, 7456)",3,2,False,[]
"(1208, 4337)",2,2,False,[]
"(2339, 7454)",2,2,True,[7454]
"(730, 11084)",2,2,False,[]
"(2356, 9442)",2,2,True,[2356]
"(36, 36)",2,2,False,[]
"(8565, 11529)",2,2,True,[8565]
"(894, 2879, 5801)",3,2,True,[5801]
"(477, 10009)",2,2,True,[477]
"(4814, 6085)",2,2,False,[]
"(9663, 10329)",2,2,True,[10329]
"(11221, 11274, 11873, 12270)",4,2,False,[]
"(7428, 9145)",2,2,True,[7428]
"(3344, 8356)",2,2,False,[]
"(1956, 12108)",2,2,False,[]
"(2568, 8144)",2,2,True,[8144]
"(11129, 12291)",2,2,True,[12291]
"(11600, 12755)",2,2,True,[11600]
"(2573, 4772)",2,2,False,[]
"(2162, 8547)",2,2,False,[]
"(449, 2657)",2,2,False,[]
"(5837, 10669)",2,2,True,[5837]
"(1365, 2999)",2,2,False,[]
"(8036, 9917)",2,2,True,[9917]
"(1764, 9844)",2,2,True,[9844]
"(2978, 3905)",2,2,True,[2978]
"(788, 8698)",2,2,True,[8698]
"(213, 343)",2,2,False,[]
"(6424, 7530)",2,2,True,[6424]
"(1257, 5071)",2,2,False,[]
"(4200, 9539)",2,2,True,[4200]
"(11453, 12011)",2,2,True,[11453]
"(5983, 8030)",2,2,True,[5983]
"(8164, 8902)",2,2,True,"[8164, 8902]"
"(1661, 9352)",2,2,True,"[1661, 9352]"
"(1227, 5286)",2,2,True,[1227]
"(10109, 11811)",2,2,True,[11811]
"(3597, 10731)",2,2,True,[10731]
"(2214, 8560)",2,2,False,[]
"(897, 9071)",2,2,True,[9071]
"(4151, 11663)",2,2,True,[11663]
"(458, 2457)",2,2,True,[2457]
"(9468, 11624)",2,2,True,[9468]
"(2064, 4734)",2,2,True,"[2064, 4734]"
"(5111, 10322)",2,2,False,[]
"(10145, 10776)",2,2,True,"[10145, 10776]"
"(2815, 4845)",2,2,True,[2815]
"(1182, 3893)",2,2,True,[3893]
"(10211, 11543)",2,2,True,"[10211, 11543]"
"(6059, 8836)",2,2,True,[6059]
"(1073, 3183)",2,2,False,[]
"(187, 3307)",2,2,True,[3307]
"(6129, 10421)",2,2,True,[10421]
"(929, 2629)",2,2,True,[929]
"(7446, 7487)",2,2,True,[7446]
"(6530, 9346)",2,2,True,[9346]
"(49, 1539, 3961, 6502)",4,2,True,[6502]
"(10774, 11494)",2,2,False,[]
"(2556, 9833)",2,2,True,[2556]
"(1092, 9981)",2,2,True,[9981]
"(3532, 3679, 5338)",3,2,True,[5338]
"(4302, 5665)",2,2,True,[4302]
"(4011, 7944)",2,2,False,[]
"(552, 1241)",2,2,True,[1241]
"(9401, 12602)",2,2,True,[9401]
"(5346, 8436)",2,2,False,[]
"(536, 1951)",2,2,True,[1951]
"(3847, 4481)",2,2,True,[3847]
"(938, 6511)",2,2,False,[]
"(9273, 11473)",2,2,True,[11473]
"(1262, 5363)",2,2,False,[]
"(152, 4482)",2,2,True,[4482]
"(2075, 4945)",2,2,True,[4945]
"(5064, 6793)",2,2,False,[]
"(938, 2670)",2,2,False,[]
"(4342, 12204)",2,2,True,[4342]
"(2157, 8557)",2,2,True,[2157]
"(976, 9871)",2,2,False,[]
"(1383, 3984)",2,2,False,[]
"(11304, 12101)",2,2,True,[12101]
"(3502, 6545)",2,2,True,[3502]
"(605, 3283)",2,2,False,[]
"(1249, 4993)",2,2,True,"[1249, 4993]"
"(4062, 7983)",2,2,False,[]
"(6631, 8162)",2,2,True,[8162]
"(5087, 8408)",2,2,False,[]
"(4410, 10564)",2,2,True,[4410]
"(4940, 6840)",2,2,True,[6840]
"(3374, 6547)",2,2,True,[6547]
"(147, 946, 3746)",3,2,False,[]
"(413, 8484)",2,2,True,[413]
"(1965, 5565)",2,2,True,[1965]
"(3453, 9561)",2,2,True,[3453]
"(5577, 6562)",2,2,True,[5577]
"(4411, 8739)",2,2,True,[8739]
"(1861, 9388)",2,2,True,[9388]
"(5814, 8165)",2,2,True,[8165]
"(11066, 11507)",2,2,False,[]
"(8987, 11209)",2,2,True,[8987]
"(6511, 7361)",2,2,True,[7361]
"(2480, 2609)",2,2,False,[]
"(5197, 8689)",2,2,True,[5197]
"(9606, 10445)",2,2,True,"[9606, 10445]"
"(161, 5976)",2,2,False,[]
"(2506, 5211)",2,2,True,[2506]
"(491, 4835)",2,2,True,[491]
"(6163, 11511)",2,2,False,[]
"(1981, 9919)",2,2,True,[9919]
"(2989, 8271)",2,2,True,[2989]
"(507, 3025, 8896)",3,2,False,[]
"(7425, 7747)",2,2,True,"[7425, 7747]"
"(8000, 10799)",2,2,True,[10799]
"(657, 3363)",2,2,True,"[657, 3363]"
"(67, 1866, 2892)",3,2,False,[]
"(174, 4293)",2,2,True,[4293]
"(1798, 4551)",2,2,True,[4551]
"(10482, 11768)",2,2,True,[11768]
"(10144, 11316)",2,2,True,"[10144, 11316]"
"(625, 7845)",2,2,True,[7845]
"(4641, 5904)",2,2,True,[5904]
"(3160, 7475)",2,2,False,[]
"(2793, 3182, 8896)",3,2,False,[]
"(10105, 12221)",2,2,True,[12221]
"(7277, 12102)",2,2,True,[7277]
"(2371, 6972)",2,2,True,[6972]
"(5718, 6814)",2,2,True,[5718]
"(9495, 12099)",2,2,True,[12099]
"(8871, 12530)",2,2,True,[8871]
"(5697, 5909)",2,2,False,[]
"(11763, 11919)",2,2,True,[11763]
"(1842, 8607)",2,2,True,[8607]
"(8967, 11800)",2,2,True,[8967]
"(6470, 6501)",2,2,True,[6501]
"(3953, 4550)",2,2,True,[4550]
"(1457, 2226, 7507, 10020)",4,2,True,"[1457, 7507, 10020]"
"(5606, 8259)",2,2,False,[]
"(5391, 9274)",2,2,True,[9274]
"(2835, 5659)",2,2,True,[2835]
"(896, 9071)",2,2,True,[9071]
"(1005, 1233)",2,2,True,[1233]
"(3849, 6125)",2,2,True,[3849]
"(10604, 11020)",2,2,True,[11020]
"(3993, 7961, 11795)",3,2,True,[7961]
"(2676, 9006)",2,2,True,"[2676, 9006]"
"(5040, 8316)",2,2,False,[]
"(5106, 6196)",2,2,True,[5106]
"(11719, 12553)",2,2,True,[11719]
"(4315, 7271)",2,2,False,[]
"(11664, 12169)",2,2,True,"[11664, 12169]"
"(1131, 4098)",2,2,True,[4098]
"(7571, 10051)",2,2,True,[10051]
"(133, 2535)",2,2,False,[]
"(3870, 11263)",2,2,True,[11263]
"(1375, 5281)",2,2,False,[]
"(5524, 8529)",2,2,False,[]
"(483, 861)",2,2,True,[861]
"(121, 7824)",2,2,True,[7824]
"(7294, 9384)",2,2,True,"[7294, 9384]"
"(1135, 3058)",2,2,True,[3058]
"(2334, 3192)",2,2,True,[3192]
"(7274, 10819)",2,2,True,[7274]
"(38, 7633)",2,2,True,[7633]
"(11274, 12250)",2,2,False,[]
"(1880, 6700)",2,2,False,[]
"(574, 603)",2,2,True,[603]
"(1612, 2404)",2,2,True,[2404]
"(2, 35)",2,2,False,[]
"(4275, 7324)",2,2,True,[4275]
"(4655, 5359)",2,2,True,[4655]
"(1270, 2745)",2,2,False,[]
"(7686, 9428)",2,2,True,[7686]
"(7205, 12817)",2,2,True,[12817]
"(2381, 6577)",2,2,True,[6577]
"(886, 1324)",2,2,False,[]
"(5636, 8556)",2,2,True,[5636]
"(6018, 8672)",2,2,False,[]
"(3204, 8738)",2,2,True,[3204]
"(2234, 12035)",2,2,True,[2234]
"(674, 3253)",2,2,True,[3253]
"(1746, 3229)",2,2,False,[]
"(232, 2424, 2620, 8159)",4,2,False,[]
"(4471, 5977)",2,2,False,[]
"(3461, 7014)",2,2,False,[]
"(5630, 6200)",2,2,False,[]
"(8240, 9363)",2,2,True,[9363]
"(119, 5902)",2,2,False,[]
"(793, 1196)",2,2,False,[]
"(747, 4381)",2,2,False,[]
"(1376, 5260)",2,2,True,[1376]
"(519, 8228)",2,2,False,[]
"(11397, 11908)",2,2,False,[]
"(1139, 4982, 9166)",3,2,True,[9166]
"(4667, 5898)",2,2,True,[4667]
"(6281, 11947)",2,2,True,[6281]
"(1614, 7061)",2,2,False,[]
"(8372, 9991)",2,2,True,[9991]
"(4216, 4967)",2,2,True,[4967]
"(3154, 5279)",2,2,True,[3154]
"(2958, 3190)",2,2,True,[2958]
"(4423, 8334)",2,2,False,[]
"(5791, 9548)",2,2,True,"[5791, 9548]"
"(2492, 6473)",2,2,True,[6473]
"(1315, 4447)",2,2,True,[1315]
"(3554, 6643)",2,2,True,[3554]
"(1650, 9246)",2,2,False,[]
"(6146, 8431)",2,2,True,[6146]
"(710, 2530)",2,2,True,[2530]
"(3099, 5386)",2,2,True,[3099]
"(5917, 8726)",2,2,True,"[5917, 8726]"
"(2884, 3287, 5216, 6266)",4,2,True,[3287]
"(11992, 12164)",2,2,True,"[11992, 12164]"
"(2906, 2906)",2,2,False,[]
"(1445, 7719)",2,2,False,[]
"(2569, 7299)",2,2,True,[2569]
"(243, 4260)",2,2,False,[]
"(10806, 11796)",2,2,False,[]
"(529, 1542)",2,2,False,[]
"(10575, 12505)",2,2,False,[]
"(3564, 5064)",2,2,False,[]
"(694, 2374)",2,2,True,[694]
"(4670, 9362)",2,2,False,[]
"(256, 5968)",2,2,False,[]
"(2237, 4617)",2,2,False,[]
"(1573, 9069)",2,2,True,[1573]
"(3080, 9911)",2,2,True,[3080]
"(2703, 8036)",2,2,False,[]
"(367, 3643)",2,2,False,[]
"(6740, 7860)",2,2,True,"[6740, 7860]"
"(2044, 6884)",2,2,True,[6884]
"(912, 8425)",2,2,True,"[912, 8425]"
"(1905, 4577)",2,2,False,[]
"(5998, 6359)",2,2,True,"[5998, 6359]"
"(2698, 10096)",2,2,True,[2698]
"(2892, 8161)",2,2,True,[8161]
"(2340, 5955)",2,2,False,[]
"(1036, 2781)",2,2,True,[2781]
"(1009, 1229)",2,2,True,[1009]
"(10291, 12100)",2,2,True,[12100]
"(2181, 3276)",2,2,False,[]
"(85, 1782)",2,2,True,"[85, 1782]"
"(3727, 8986)",2,2,True,[8986]
"(12112, 12518)",2,2,True,[12518]
"(4234, 5899)",2,2,False,[]
"(490, 1803, 2040)",3,2,True,[2040]
"(6961, 8329)",2,2,True,[8329]
"(1266, 2859)",2,2,True,"[1266, 2859]"
"(3390, 4944)",2,2,False,[]
"(1745, 2769)",2,2,False,[]
"(11807, 12165)",2,2,True,[11807]
"(7340, 10262)",2,2,True,[10262]
"(2584, 3005)",2,2,False,[]
"(3974, 10047)",2,2,True,[10047]
"(4232, 7275)",2,2,True,[7275]
"(2340, 6944)",2,2,False,[]
"(3773, 5825)",2,2,False,[]
"(1071, 6694)",2,2,False,[]
"(1316, 5087)",2,2,False,[]
"(5505, 5538)",2,2,True,[5538]
"(7228, 8481)",2,2,True,[8481]
"(8964, 11507)",2,2,False,[]
"(2640, 7620)",2,2,True,[7620]
"(3823, 7843)",2,2,True,[3823]
"(4992, 6647)",2,2,True,[4992]
"(3407, 5967)",2,2,True,[3407]
"(1937, 1937)",2,2,False,[]
"(819, 10182)",2,2,True,[10182]
"(1079, 2437)",2,2,True,[2437]
"(3732, 5903)",2,2,False,[]
"(6558, 8351)",2,2,True,[8351]
"(1853, 2373)",2,2,False,[]
"(2972, 7709)",2,2,False,[]
"(1095, 5931)",2,2,True,[1095]
"(4225, 8590)",2,2,True,[8590]
"(1514, 6910)",2,2,True,[6910]
"(2600, 5923)",2,2,True,[2600]
"(2640, 7365)",2,2,True,[7365]
"(6242, 10791)",2,2,True,[6242]
"(538, 1973)",2,2,True,[1973]
"(8249, 10013)",2,2,False,[]
"(2792, 7462)",2,2,False,[]
"(4516, 6788)",2,2,False,[]
"(541, 1470)",2,2,False,[]
"(2137, 4642)",2,2,False,[]
"(11094, 11679)",2,2,False,[]
"(5614, 7375)",2,2,False,[]
"(6864, 8213)",2,2,False,[]
"(2710, 6163)",2,2,True,[2710]
"(1035, 3329)",2,2,False,[]
"(938, 8401)",2,2,True,[8401]
"(4697, 5862)",2,2,True,[4697]
"(7915, 10230)",2,2,False,[]
"(6958, 7241)",2,2,True,"[6958, 7241]"
"(1014, 8213)",2,2,False,[]
"(815, 3761)",2,2,True,[815]
"(8218, 8341)",2,2,True,[8218]
"(4148, 4433)",2,2,True,[4148]
"(7773, 9358)",2,2,True,[7773]
"(4424, 9895)",2,2,False,[]
"(5782, 6661)",2,2,True,[6661]
"(5394, 10822)",2,2,True,"[5394, 10822]"
"(3989, 9300)",2,2,True,[3989]
"(3440, 3952, 6296)",3,2,False,[]
"(324, 12147)",2,2,True,[12147]
"(2071, 4665)",2,2,False,[]
"(451, 1759)",2,2,True,[1759]
"(11178, 12875)",2,2,False,[]
"(248, 737)",2,2,False,[]
"(4018, 11485)",2,2,True,[4018]
"(11067, 12539)",2,2,True,[12539]
"(10216, 10684)",2,2,False,[]
"(1243, 1327)",2,2,False,[]
"(4792, 6644)",2,2,False,[]
"(9931, 11906)",2,2,True,[9931]
"(3822, 4060)",2,2,True,"[3822, 4060]"
"(9803, 12535)",2,2,False,[]
"(3762, 3922, 4027)",3,2,True,[3922]
"(4552, 7113)",2,2,True,[4552]
"(471, 8843)",2,2,True,[8843]
"(5606, 7318)",2,2,False,[]
"(7582, 9168)",2,2,True,[9168]
"(7549, 12388)",2,2,False,[]
"(1812, 9476)",2,2,True,[9476]
"(62, 5578)",2,2,True,[5578]
"(6673, 10773)",2,2,False,[]
"(2764, 7581)",2,2,True,[2764]
"(6995, 11099)",2,2,True,[11099]
"(778, 1742)",2,2,True,[1742]
"(1035, 2118, 4817)",3,2,True,[4817]
"(7064, 8727)",2,1,True,[7064]
"(4653, 9642)",2,1,False,[]
"(13, 577, 6077)",3,1,True,[577]
"(3965, 5353)",2,1,True,"[3965, 5353]"
"(5862, 8958)",2,1,True,[8958]
"(1775, 2325)",2,1,True,[1775]
"(5948, 11496)",2,1,True,[11496]
"(10497, 11646)",2,1,True,"[10497, 11646]"
"(2261, 11867)",2,1,True,"[2261, 11867]"
"(6228, 6369)",2,1,True,[6228]
"(448, 2482)",2,1,True,[2482]
"(6678, 10524)",2,1,True,[6678]
"(63, 5376)",2,1,True,[5376]
"(9171, 12722)",2,1,True,[12722]
"(3148, 4540)",2,1,True,[4540]
"(2168, 2708)",2,1,True,"[2168, 2708]"
"(651, 11874)",2,1,True,[11874]
"(206, 2598)",2,1,False,[]
"(4254, 12686)",2,1,True,"[4254, 12686]"
"(1937, 7341)",2,1,False,[]
"(8484, 8515)",2,1,False,[]
"(10574, 12445)",2,1,False,[]
"(2295, 2855)",2,1,True,[2855]
"(3940, 5498)",2,1,True,[5498]
"(10, 1035)",2,1,False,[]
"(2736, 7434)",2,1,True,[2736]
"(4253, 10752)",2,1,True,"[4253, 10752]"
"(191, 7766)",2,1,True,[7766]
"(3366, 8606)",2,1,True,[3366]
"(2807, 6484, 10860)",3,1,True,[2807]
"(3895, 6111, 10783)",3,1,True,[3895]
"(8768, 12050)",2,1,True,"[8768, 12050]"
"(6169, 6306)",2,1,True,[6169]
"(4834, 10367)",2,1,True,"[4834, 10367]"
"(2983, 10372)",2,1,True,[10372]
"(4084, 6461)",2,1,True,[6461]
"(1188, 6887, 12519)",3,1,True,"[6887, 12519]"
"(845, 10832)",2,1,False,[]
"(1361, 12376)",2,1,True,[12376]
"(5714, 7985)",2,1,True,[7985]
"(6800, 10718)",2,1,True,[6800]
"(524, 1091)",2,1,False,[]
"(11257, 12556)",2,1,True,[12556]
"(3710, 11294)",2,1,True,[3710]
"(877, 10864)",2,1,True,[877]
"(3384, 3916)",2,1,True,"[3384, 3916]"
"(1695, 11234)",2,1,True,[1695]
"(226, 369, 374)",3,1,True,[374]
"(1880, 5103)",2,1,True,[5103]
"(1765, 2129)",2,1,True,[2129]
"(6601, 8484)",2,1,True,[6601]
"(6532, 11230)",2,1,True,[11230]
"(959, 3612, 5863)",3,1,True,[3612]
"(7491, 9741)",2,1,False,[]
"(3193, 8209)",2,1,True,[8209]
"(3183, 3183)",2,1,False,[]
"(5683, 7989)",2,1,True,[5683]
"(196, 1461)",2,1,True,"[196, 1461]"
"(3452, 4520)",2,1,True,[4520]
"(2673, 9027)",2,1,True,"[2673, 9027]"
"(5639, 5944)",2,1,True,[5944]
"(825, 11726)",2,1,False,[]
"(4839, 5465, 7093)",3,1,True,[5465]
"(39, 395)",2,1,True,[395]
"(5877, 12196)",2,1,True,[5877]
"(466, 7434)",2,1,True,[466]
"(4633, 8397)",2,1,True,[4633]
"(25, 11567)",2,1,False,[]
"(5715, 9295)",2,1,True,[9295]
"(1173, 7608)",2,1,True,"[1173, 7608]"
"(5484, 7357)",2,1,True,[5484]
"(6684, 9144)",2,1,True,[9144]
"(2984, 11978)",2,1,True,[11978]
"(2222, 6600)",2,1,True,[6600]
"(5194, 9580)",2,1,True,[9580]
"(1160, 10455)",2,1,True,[10455]
"(1866, 2516)",2,1,False,[]
"(707, 6338)",2,1,True,[707]
"(490, 2040)",2,1,True,[2040]
"(10718, 11507)",2,1,False,[]
"(296, 6640)",2,1,True,[6640]
"(10574, 12546)",2,1,False,[]
"(2334, 4160)",2,1,True,[4160]
"(9864, 12193)",2,1,True,[12193]
"(4720, 12053)",2,1,True,[4720]
"(2559, 8036)",2,1,False,[]
"(141, 10426)",2,1,False,[]
"(1118, 8213)",2,1,False,[]
"(1085, 4987)",2,1,False,[]
"(6886, 9292)",2,1,True,[6886]
"(3133, 4263, 5537, 6225)",4,1,True,[6225]
"(6964, 8995)",2,1,True,[8995]
"(9613, 12228)",2,1,True,[12228]
"(382, 5466)",2,1,True,[5466]
"(8019, 10119)",2,1,True,"[8019, 10119]"
"(1591, 4489)",2,1,True,[1591]
"(96, 3626, 9116)",3,1,True,[9116]
"(10252, 11024)",2,1,True,"[10252, 11024]"
"(8576, 11206)",2,1,True,"[8576, 11206]"
"(576, 6458)",2,1,False,[]
"(3669, 9230)",2,1,True,[9230]
"(2754, 8824)",2,1,True,[2754]
"(1750, 7591)",2,1,True,[1750]
"(79, 10496)",2,1,False,[]
"(3194, 9611)",2,1,True,"[3194, 9611]"
"(3796, 9229)",2,1,True,[3796]
"(2565, 3048)",2,1,True,[3048]
"(6134, 8543)",2,1,True,[6134]
"(2636, 4717, 8294)",3,1,True,[4717]
"(51, 11074)",2,1,True,[11074]
"(2700, 4632)",2,1,True,[4632]
"(2812, 8619)",2,1,True,"[2812, 8619]"
"(3298, 9893)",2,1,True,[3298]
"(3089, 5436)",2,1,True,[5436]
"(4941, 11583)",2,1,True,[4941]
"(1687, 3543)",2,1,False,[]
"(210, 1745)",2,1,True,[210]
"(2067, 3578)",2,1,True,[2067]
"(5746, 7764)",2,1,False,[]
"(7981, 9883)",2,1,True,[9883]
"(2634, 3657)",2,1,True,[3657]
"(1640, 10225)",2,1,True,"[1640, 10225]"
"(1837, 7162)",2,1,True,[1837]
"(4466, 6706)",2,1,True,"[4466, 6706]"
"(448, 3145)",2,1,True,[3145]
"(7867, 12601)",2,1,False,[]
"(541, 10659)",2,1,True,[10659]
"(5147, 10127)",2,1,True,[10127]
"(856, 10041)",2,1,False,[]
"(719, 3131)",2,1,True,[719]
"(11260, 11679)",2,1,True,[11260]
"(4642, 6685)",2,1,False,[]
"(6082, 9799)",2,1,True,[6082]
"(2774, 9925)",2,1,False,[]
"(247, 1889, 3367)",3,1,True,[1889]
"(296, 391)",2,1,False,[]
"(2597, 12718)",2,1,True,[2597]
"(6831, 8660)",2,1,True,"[6831, 8660]"
"(1416, 10120)",2,1,True,"[1416, 10120]"
"(2871, 7715)",2,1,True,[7715]
"(2360, 5040)",2,1,True,[2360]
"(3189, 7836)",2,1,True,[3189]
"(4770, 10194)",2,1,True,[10194]
"(2336, 3838)",2,1,True,[3838]
"(2491, 2590)",2,1,True,[2590]
"(5, 12522)",2,1,True,[12522]
"(186, 6394)",2,1,False,[]
"(1288, 5083, 9629)",3,1,False,[]
"(197, 434)",2,1,True,[434]
"(2697, 7063)",2,1,True,[7063]
"(8023, 11608)",2,1,True,"[8023, 11608]"
"(460, 7156)",2,1,True,[460]
"(995, 5148)",2,1,True,[5148]
"(622, 7002)",2,1,True,[7002]
"(697, 10695)",2,1,True,[10695]
"(1417, 2872)",2,1,False,[]
"(9830, 11569)",2,1,True,[9830]
"(2722, 7157)",2,1,True,"[2722, 7157]"
"(7609, 10148)",2,1,True,[10148]
"(1514, 11979)",2,1,True,[11979]
"(2410, 3941)",2,1,True,"[2410, 3941]"
"(984, 5274)",2,1,True,[984]
"(4808, 9140)",2,1,True,[4808]
"(1510, 5737)",2,1,True,[1510]
"(49, 1539, 6502)",3,1,True,[6502]
"(481, 11110)",2,1,True,[11110]
"(7828, 10395)",2,1,True,[7828]
"(2157, 4565, 9944)",3,1,True,"[2157, 9944]"
"(2071, 7610)",2,1,True,[7610]
"(4069, 12020)",2,1,True,"[4069, 12020]"
"(7240, 8611)",2,1,True,[8611]
"(4137, 4887)",2,1,False,[]
"(1776, 10926)",2,1,True,[1776]
"(8288, 9609)",2,1,True,[8288]
"(4067, 8140)",2,1,False,[]
"(5555, 9860)",2,1,True,[9860]
"(4269, 7216)",2,1,True,"[4269, 7216]"
"(7575, 7606)",2,1,True,[7606]
"(816, 4657)",2,1,True,"[816, 4657]"
"(6223, 11868)",2,1,True,[6223]
"(5734, 11872)",2,1,True,[5734]
"(5485, 6040)",2,1,True,[6040]
"(8888, 9263)",2,1,True,[8888]
"(6132, 8820)",2,1,True,[6132]
"(895, 6042, 7438)",3,1,True,[7438]
"(521, 7460)",2,1,True,[7460]
"(3771, 7762)",2,1,True,[7762]
"(3297, 7794)",2,1,True,[3297]
"(8618, 9519)",2,1,True,[8618]
"(2097, 4916)",2,1,True,[4916]
"(5567, 6533)",2,1,True,[5567]
"(11392, 12405)",2,1,True,[11392]
"(5174, 5969)",2,1,True,"[5174, 5969]"
"(1654, 12334)",2,1,True,"[1654, 12334]"
"(2003, 2235)",2,1,True,[2003]
"(2315, 11178)",2,1,True,[2315]
"(5040, 7928)",2,1,True,[7928]
"(10805, 12505)",2,1,True,[10805]
"(927, 3230, 3496, 3709, 5350)",5,1,True,[3709]
"(193, 1766, 3852)",3,1,True,[1766]
"(10126, 10635)",2,1,True,[10126]
"(3213, 5597)",2,1,False,[]
"(9192, 9418)",2,1,True,[9418]
"(3894, 12227)",2,1,True,[12227]
"(8214, 12662)",2,1,True,[12662]
"(2908, 7381)",2,1,True,"[2908, 7381]"
"(8332, 10307)",2,1,True,[10307]
"(2066, 6085)",2,1,True,[2066]
"(5187, 7529)",2,1,False,[]
"(4838, 5796)",2,1,True,[4838]
"(924, 1307)",2,1,True,"[924, 1307]"
"(8252, 9677)",2,1,True,[8252]
"(3889, 10038)",2,1,True,[10038]
"(1937, 2029)",2,1,False,[]
"(3593, 9350)",2,1,True,[3593]
"(2909, 7525)",2,1,True,[7525]
"(1912, 9390)",2,1,True,[1912]
"(8, 303, 2125)",3,1,True,[303]
"(7666, 11796)",2,1,False,[]
"(4292, 5513, 12374)",3,1,False,[]
"(8253, 9058)",2,1,True,[8253]
"(2481, 4539)",2,1,True,[2481]
"(2737, 5001, 7032)",3,1,True,[5001]
"(4855, 7866)",2,1,True,[4855]
"(4889, 6764)",2,1,True,[6764]
"(5604, 6257)",2,1,True,[6257]
"(2728, 12196)",2,1,True,[2728]
"(5328, 8021)",2,1,True,"[5328, 8021]"
"(1867, 11611)",2,1,True,"[1867, 11611]"
"(3499, 11041)",2,1,False,[]
"(6928, 7463)",2,1,True,[7463]
"(1976, 6959)",2,1,True,"[1976, 6959]"
"(635, 11833)",2,1,True,[11833]
"(3636, 12118)",2,1,True,[12118]
"(4809, 10452)",2,1,True,[4809]
"(1477, 2302)",2,1,True,[2302]
"(11023, 11072)",2,1,True,[11023]
"(5412, 12224)",2,1,True,"[5412, 12224]"
"(5797, 6602)",2,1,True,[5797]
"(1176, 2370)",2,1,False,[]
"(336, 8491)",2,1,False,[]
"(1017, 6303)",2,1,True,[6303]
"(559, 982)",2,1,True,[982]
"(1860, 9554)",2,1,True,"[1860, 9554]"
"(615, 3265, 3834)",3,1,False,[]
"(11909, 12889)",2,1,True,"[11909, 12889]"
"(6888, 7382)",2,1,True,[7382]
"(3068, 3937)",2,1,True,[3937]
"(3300, 8729)",2,1,True,[3300]
"(5179, 9680)",2,1,True,"[5179, 9680]"
"(3668, 6681)",2,1,True,[3668]
"(5019, 7413)",2,1,True,[7413]
"(1475, 8792)",2,1,True,[1475]
"(9167, 9413)",2,1,True,[9413]
"(6000, 6603)",2,1,True,[6603]
"(1787, 5307)",2,1,False,[]
"(5199, 11319)",2,1,True,[11319]
"(343, 12108)",2,1,False,[]
"(2004, 8789, 8956)",3,1,True,[8956]
"(7419, 10834)",2,1,True,[7419]
"(26, 4644)",2,1,False,[]
"(4521, 9112, 12335)",3,1,True,[4521]
"(1140, 3574, 3772)",3,1,True,[3574]
"(7420, 9827)",2,1,True,"[7420, 9827]"
"(1438, 2566)",2,1,True,[1438]
"(7712, 10999)",2,1,True,"[7712, 10999]"
"(106, 4268)",2,1,True,[4268]
"(9889, 12581)",2,1,True,"[9889, 12581]"
"(4790, 10397)",2,1,True,[10397]
"(1369, 1941)",2,1,True,"[1369, 1941]"
"(10450, 11173)",2,1,True,"[10450, 11173]"
"(5810, 10619)",2,1,True,"[5810, 10619]"
"(2022, 2426, 4536)",3,1,True,"[2022, 4536]"
"(2094, 2094)",2,1,False,[]
"(9279, 11788)",2,1,True,"[9279, 11788]"
"(4150, 5869)",2,1,True,"[4150, 5869]"
"(747, 2139)",2,1,False,[]
"(674, 1620)",2,1,True,[1620]
"(315, 812, 7636)",3,1,True,[315]
"(3132, 10603)",2,1,True,[3132]
"(4006, 11233)",2,1,True,[11233]
"(181, 1364, 6605)",3,1,False,[]
"(1662, 12623)",2,1,True,[1662]
"(5947, 10500)",2,1,True,[10500]
"(4363, 10106)",2,1,True,[4363]
"(5524, 8848)",2,1,False,[]
"(2184, 8215)",2,1,True,[8215]
"(3373, 7027, 8535)",3,1,True,[3373]
"(104, 2303)",2,1,True,[104]
"(5942, 9326)",2,1,True,[9326]
"(4631, 10454)",2,1,True,[10454]
"(358, 1673)",2,1,True,[1673]
"(10041, 11725)",2,1,True,[11725]
"(243, 3112)",2,1,False,[]
"(6283, 10694)",2,1,True,[6283]
"(8994, 11324)",2,1,True,[11324]
"(5833, 7194)",2,1,True,[7194]
"(4917, 6504)",2,1,True,[4917]
"(16, 1627)",2,1,False,[]
"(2238, 3092)",2,1,True,[2238]
"(1094, 6417)",2,1,True,[1094]
"(3768, 8418)",2,1,False,[]
"(4890, 6578)",2,1,False,[]
"(3939, 8027)",2,1,True,[8027]
"(5742, 5920)",2,1,True,[5742]
"(1600, 2420)",2,1,True,[2420]
"(64, 10946)",2,1,True,[64]
"(5383, 10492)",2,1,False,[]
"(180, 5976)",2,1,False,[]
"(6479, 6483)",2,1,True,[6483]
"(3355, 7607)",2,1,False,[]
"(2441, 12406)",2,1,True,[2441]
"(2089, 7084)",2,1,True,[2089]
"(2340, 5522)",2,1,False,[]
"(3754, 9322)",2,1,True,[3754]
"(243, 3113)",2,1,False,[]
"(2526, 9205)",2,1,True,[9205]
"(4700, 9485)",2,1,True,[9485]
"(422, 3838)",2,1,True,[3838]
"(4103, 9829)",2,1,True,[4103]
"(11585, 12493)",2,1,False,[]
"(1592, 7927)",2,1,True,[1592]
"(2237, 11583)",2,1,False,[]
"(11140, 11354)",2,1,True,"[11140, 11354]"
"(2479, 5764)",2,1,True,[2479]
"(9415, 11178)",2,1,True,[9415]
"(6799, 11612)",2,1,True,[6799]
"(6078, 8085)",2,1,True,"[6078, 8085]"
"(4914, 6251)",2,1,True,[6251]
"(1540, 6761)",2,1,True,"[1540, 6761]"
"(1195, 7159)",2,1,True,[1195]
"(158, 8961, 12438)",3,1,True,[12438]
"(539, 8328)",2,1,False,[]
"(12013, 12298)",2,1,True,[12013]
"(7884, 10862)",2,1,True,[10862]
"(685, 7327)",2,1,True,[7327]
"(5988, 12459)",2,1,True,[12459]
"(4331, 5062)",2,1,False,[]
"(5064, 6042, 7116)",3,1,False,[]
"(2446, 8510)",2,1,True,[8510]
"(1772, 5770)",2,1,True,[5770]
"(2842, 3368)",2,1,False,[]
"(1562, 10195)",2,1,True,[10195]
"(8889, 10634)",2,1,True,[10634]
"(3610, 7829)",2,1,False,[]
"(5972, 11566)",2,1,True,[5972]
"(473, 5068)",2,1,True,[5068]
"(8327, 9742)",2,1,True,"[8327, 9742]"
"(1641, 6903)",2,1,False,[]
"(121, 3146, 7824)",3,1,True,[7824]
"(481, 9820)",2,1,False,[]
"(5064, 6792, 8251)",3,1,True,[8251]
"(5173, 11948)",2,1,True,[5173]
"(1800, 3216)",2,1,True,[1800]
"(8847, 11577)",2,1,False,[]
"(793, 1001, 1196)",3,1,False,[]
"(8054, 10804)",2,1,False,[]
"(9203, 9550)",2,1,True,[9203]
"(4656, 11018)",2,1,True,"[4656, 11018]"
"(3872, 9828)",2,1,True,[3872]
"(10070, 12196)",2,1,False,[]
"(464, 4184)",2,1,False,[]
"(10280, 11341)",2,1,True,[11341]
"(36, 5892)",2,1,False,[]
"(11871, 12838)",2,1,True,[12838]
"(42, 1590)",2,1,False,[]
"(10658, 12663)",2,1,True,[10658]
"(777, 2801)",2,1,True,[2801]
"(582, 9454)",2,1,True,"[582, 9454]"
"(1579, 3301)",2,1,True,[3301]
"(6052, 12825)",2,1,False,[]
"(9137, 9137)",2,1,False,[]
"(3364, 8512)",2,1,True,[8512]
"(4684, 9528)",2,1,True,[4684]
"(4959, 9351)",2,1,True,[4959]
"(5037, 7898)",2,1,True,[7898]
"(2759, 6851)",2,1,True,[6851]
"(403, 7897)",2,1,True,[7897]
"(7000, 9821)",2,1,True,[7000]
"(9771, 11049)",2,1,False,[]
"(9769, 9824)",2,1,True,"[9769, 9824]"
"(55, 6361)",2,1,True,[55]
"(4082, 7062)",2,1,True,[7062]
"(2278, 2696)",2,1,True,[2696]
"(3454, 11037)",2,1,True,[11037]
"(2897, 8184)",2,1,True,"[2897, 8184]"
"(2706, 9899)",2,1,True,[9899]
"(3130, 11457)",2,1,True,[3130]
"(456, 10457)",2,1,True,[10457]
"(7761, 8395)",2,1,True,[7761]
"(5795, 7459)",2,1,True,[7459]
"(11047, 12682)",2,1,True,"[11047, 12682]"
"(262, 1105)",2,1,True,[262]
"(4227, 6422)",2,1,True,[6422]
"(3783, 6362)",2,1,True,[6362]
"(3490, 3938)",2,1,True,[3938]
"(2181, 7405)",2,1,False,[]
"(891, 6360)",2,1,True,[6360]
"(11876, 12761)",2,1,True,"[11876, 12761]"
"(7068, 11012)",2,1,True,[11012]
"(3708, 5794)",2,1,True,[3708]
"(1344, 1421, 2337)",3,1,False,[]
"(9820, 12580)",2,1,True,[12580]
"(139, 7958)",2,1,False,[]
"(9859, 10247)",2,1,True,"[9859, 10247]"
"(1490, 3174)",2,1,True,[1490]
"(7721, 12192)",2,1,True,[12192]
"(3774, 5118)",2,1,True,[5118]
"(423, 1199, 4058)",3,1,True,[1199]
"(10754, 11981)",2,1,True,"[10754, 11981]"
"(3983, 7611)",2,1,True,[7611]
"(1325, 2406)",2,1,True,[1325]
"(9972, 10753)",2,1,True,"[9972, 10753]"
"(6686, 12158)",2,1,True,[6686]
"(8921, 11753)",2,1,True,[8921]
"(10092, 10152)",2,1,False,[]
"(3711, 7217)",2,1,True,[7217]
"(2458, 7170)",2,1,False,[]
"(228, 3388)",2,1,True,[3388]
"(11576, 11723)",2,1,True,[11723]
"(10653, 11866)",2,1,True,[10653]
"(1920, 8656)",2,1,False,[]
"(5246, 9516)",2,1,True,[5246]
"(4564, 8277)",2,1,True,"[4564, 8277]"
"(4913, 6639)",2,1,True,[6639]
"(3522, 4229)",2,1,True,[3522]
"(204, 12619)",2,1,True,[12619]
"(7260, 7768)",2,1,True,"[7260, 7768]"
"(67, 2842)",2,1,False,[]
"(100, 142, 4145)",3,1,True,[4145]
"(4535, 5305)",2,1,True,"[4535, 5305]"
"(448, 1969)",2,1,False,[]
"(25, 5201)",2,1,False,[]
"(6307, 6395)",2,1,True,[6395]
"(674, 3149)",2,1,True,[3149]
"(147, 800, 946, 3321)",4,1,False,[]
"(6932, 9487)",2,1,True,"[6932, 9487]"
"(2637, 4468)",2,1,True,"[2637, 4468]"
"(6739, 10475)",2,1,True,[6739]
"(1406, 3191)",2,1,True,[1406]
"(358, 5411)",2,1,True,[5411]
"(711, 2346)",2,1,True,[2346]
"(5134, 7679)",2,1,True,[7679]
"(5606, 8508)",2,1,True,[8508]
"(4397, 8691)",2,1,True,[8691]
"(3638, 6918)",2,1,True,[3638]
"(10785, 11649)",2,1,True,[11649]
"(2373, 5596)",2,1,True,[5596]
"(210, 5441)",2,1,True,[210]
"(5549, 6790)",2,1,False,[]
"(4265, 11950)",2,1,True,[4265]
"(9232, 12720)",2,1,True,[9232]
"(4024, 5467)",2,1,True,[5467]
"(8539, 10953)",2,1,True,"[8539, 10953]"
"(2638, 9646)",2,1,True,[2638]
"(1518, 7161)",2,1,True,[1518]
"(4120, 6338)",2,1,False,[]
"(4999, 5444)",2,1,False,[]
"(291, 3250)",2,1,False,[]
"(602, 5608)",2,1,False,[]
"(896, 1424)",2,1,False,[]
"(3433, 12864)",2,1,False,[]
"(2134, 8084, 12082)",3,1,True,[8084]
"(11587, 12054)",2,1,True,[12054]
"(2313, 3770)",2,1,True,"[2313, 3770]"
"(11568, 12022)",2,1,True,"[11568, 12022]"
"(6149, 11463, 11619)",3,1,True,"[11463, 11619]"
"(6135, 11952)",2,1,True,"[6135, 11952]"
"(8287, 10692)",2,1,True,[10692]
"(1487, 9210)",2,1,True,[9210]
"(7442, 8961)",2,1,True,[7442]
"(142, 2055, 8495)",3,1,False,[]
"(61, 10578)",2,1,True,[10578]
"(1787, 6462)",2,1,True,[6462]
"(3627, 9796)",2,1,True,[9796]
"(127, 2591, 6893)",3,1,True,[6893]
"(1391, 3269)",2,1,True,"[1391, 3269]"
"(81, 5377)",2,1,True,[5377]
"(5835, 10527)",2,1,True,[5835]
"(4291, 5966)",2,1,False,[]
"(780, 941)",2,1,True,[780]
"(3427, 10427)",2,1,False,[]
"(331, 5999)",2,1,False,[]
"(404, 11422)",2,1,True,[11422]
"(999, 5510)",2,1,True,[5510]
"(498, 6738)",2,1,True,[6738]
"(2293, 9347)",2,1,True,[9347]
"(3942, 10502)",2,1,True,[10502]
"(4176, 9738)",2,1,True,[9738]
"(39, 2632)",2,1,True,[2632]
"(4225, 8385)",2,1,False,[]
"(1141, 8730)",2,1,True,[8730]
"(5383, 9029)",2,1,False,[]
"(2996, 12222)",2,1,True,[2996]
"(282, 524)",2,1,False,[]
"(1990, 7245)",2,1,True,[7245]
"(4067, 4730)",2,1,False,[]
"(2389, 4249, 8408)",3,1,False,[]
"(6801, 7769)",2,1,True,[6801]
"(2234, 6131)",2,1,True,"[2234, 6131]"
"(5973, 10253)",2,1,True,[10253]
"(12223, 12719)",2,1,True,[12223]
"(1679, 9739)",2,1,True,[9739]
"(576, 5614)",2,1,False,[]
"(113, 11564)",2,1,True,[11564]
"(36, 1860)",2,1,True,[1860]
"(1085, 3896)",2,1,True,[3896]
"(2188, 9772)",2,1,True,[9772]
"(3345, 5973)",2,1,True,[3345]
"(4541, 10786)",2,1,True,[4541]
"(11560, 12113)",2,1,True,"[11560, 12113]"
"(7694, 12055)",2,1,False,[]
"(580, 8794)",2,1,True,[8794]
"(80, 417)",2,1,True,[80]
"(2559, 7760)",2,1,True,[7760]
"(11982, 12700)",2,1,True,"[11982, 12700]"
"(7710, 12543)",2,1,True,[7710]
"(429, 10696)",2,1,True,[10696]
"(3148, 10610)",2,1,True,[10610]
"(10952, 12457)",2,1,True,[12457]
"(8996, 9028)",2,1,True,"[8996, 9028]"
"(595, 5741)",2,1,True,[595]
"(11532, 12054)",2,1,True,"[11532, 12054]"
"(2922, 2936)",2,1,True,"[2922, 2936]"
"(3408, 5566)",2,1,True,[3408]
"(1637, 8893)",2,1,True,[8893]
"(1160, 1187)",2,1,True,[1187]
"(54, 9451)",2,1,False,[]
"(5551, 6546)",2,1,True,[5551]
"(239, 2601)",2,1,False,[]
"(2874, 6274)",2,1,True,[2874]
"(11916, 12088)",2,1,True,[12088]
"(10095, 11421)",2,1,True,[11421]
"(10660, 11076)",2,1,True,[10660]
"(142, 2411)",2,1,True,[2411]
"(9073, 10955)",2,1,True,[10955]
"(2209, 8793)",2,1,True,"[2209, 8793]"
"(8850, 9614)",2,1,True,[9614]
"(2584, 3005, 9364)",3,1,True,[9364]
"(8544, 10526)",2,1,True,"[8544, 10526]"
"(2182, 11875)",2,1,True,[2182]
"(6321, 7433)",2,1,True,[7433]
"(5755, 9689)",2,1,True,[5755]
"(10928, 12083)",2,1,True,[10928]
"(21, 1761)",2,1,False,[]
"(5710, 10421)",2,1,True,[10421]
"(3461, 5267)",2,1,False,[]
"(1680, 5038)",2,1,False,[]
"(197, 1916, 5460)",3,1,True,[5460]
"(1965, 6416, 10449)",3,1,True,"[1965, 6416]"
"(4230, 6229)",2,1,True,[6229]
"(10056, 12869)",2,1,True,[12869]
"(1855, 6341)",2,1,True,"[1855, 6341]"
"(3070, 9740)",2,1,True,[9740]
"(1323, 4373, 9682)",3,1,True,[1323]
"(34, 10779)",2,1,False,[]
"(61, 513)",2,1,False,[]
"(7246, 8594)",2,1,True,[7246]
"(2761, 12664)",2,1,True,[2761]
"(1403, 11613)",2,1,True,[1403]
"(8516, 8825, 9520)",3,1,True,"[8516, 8825, 9520]"
"(7489, 8168)",2,1,True,[7489]
"(6134, 8959)",2,1,True,"[6134, 8959]"
"(8470, 11877)",2,1,True,[11877]
"(6909, 7300, 8028)",3,1,True,"[7300, 8028]"
"(4695, 7612)",2,1,False,[]
"(3322, 4255)",2,1,True,[4255]
"(3981, 6166, 10063)",3,1,True,[10063]
"(62, 4998)",2,1,False,[]
"(1674, 2782)",2,1,True,[1674]
"(43, 3573)",2,1,True,"[43, 3573]"
"(1676, 5988)",2,1,False,[]
"(1566, 11262)",2,1,True,[11262]
"(1330, 2970)",2,1,True,[1330]
"(894, 5924)",2,1,False,[]
"(2180, 3451)",2,1,True,"[2180, 3451]"
"(3768, 5172, 10780)",3,1,False,[]
"(5329, 9208)",2,1,True,[9208]
"(2971, 9059)",2,1,True,[2971]
"(1179, 9822)",2,1,True,[1179]
"(4670, 9681)",2,1,True,[9681]
"(1994, 7356)",2,1,True,[1994]
"(3611, 6606, 8255)",3,1,True,[6606]
"(5287, 6791)",2,1,True,[6791]
"(11792, 11980)",2,1,True,[11792]
"(6682, 7861)",2,1,True,[6682]
"(1937, 5605)",2,1,True,[5605]
"(4448, 9480)",2,1,True,[9480]
"(6039, 9412)",2,1,True,[9412]
"(3455, 7037)",2,1,True,[3455]
"(7573, 11389)",2,1,True,[7573]
"(4167, 7868)",2,1,True,[4167]
"(2784, 3336)",2,1,True,"[2784, 3336]"
"(9296, 10662)",2,1,True,[9296]
"(4565, 7066)",2,1,True,[7066]
"(145, 8882, 8892)",3,1,True,[8892]
"(155, 1473, 4735, 5919)",4,1,True,[1473]
"(10244, 12458)",2,1,False,[]
"(344, 3289)",2,1,False,[]
"(5802, 11025)",2,1,True,"[5802, 11025]"
"(9610, 9969)",2,1,True,[9969]
"(8256, 9926)",2,1,True,[9926]
"(5834, 10612)",2,1,True,[5834]
"(2, 12122)",2,1,True,[12122]
"(2898, 11570)",2,1,True,[2898]
"(2002, 2367)",2,1,True,"[2002, 2367]"
"(650, 6112)",2,1,True,[6112]
"(4736, 7355)",2,1,True,"[4736, 7355]"
"(4144, 8852)",2,1,True,[4144]
"(368, 7835)",2,1,False,[]
"(1803, 8699)",2,1,True,[8699]
"(3902, 6075)",2,1,True,[6075]
"(46, 936, 2304)",3,1,True,"[46, 936]"
"(83, 10473)",2,1,True,[10473]
"(7195, 12497)",2,1,True,[12497]
"(2416, 7674)",2,1,True,"[2416, 7674]"
"(7740, 12496)",2,1,True,[12496]
"(12448, 12865)",2,1,True,[12865]
"(4363, 9111)",2,1,True,[4363]
"(6568, 9115)",2,1,True,"[6568, 9115]"
"(9207, 9486)",2,1,True,[9486]
"(2400, 11645)",2,1,True,[11645]
"(78, 735, 1142)",3,1,False,[]
"(1706, 5267)",2,1,False,[]
"(1077, 2660)",2,1,True,"[1077, 2660]"
"(3285, 11261)",2,1,True,[3285]
"(1035, 2605)",2,1,False,[]
"(511, 959)",2,1,False,[]
"(2265, 10987)",2,1,False,[]
"(11751, 12086)",2,1,True,[12086]
"(8581, 10661)",2,1,True,[10661]
"(1648, 8620, 11326)",3,1,True,[11326]
"(909, 3457)",2,1,False,[]
"(3319, 7832)",2,1,True,"[3319, 7832]"
"(1939, 5333)",2,1,False,[]
"(1584, 6944)",2,1,False,[]
"(2106, 7868)",2,1,True,[2106]
"(11320, 11448)",2,1,False,[]
"(3251, 8819)",2,1,True,"[3251, 8819]"
"(2217, 9055)",2,1,False,[]
"(772, 1726)",2,1,True,[1726]
"(5276, 7637)",2,1,True,"[5276, 7637]"
"(7799, 8849)",2,1,True,[8849]
"(416, 1845)",2,1,True,[1845]
"(314, 2115)",2,1,True,[314]
"(727, 9317)",2,1,True,[727]
"(382, 7827)",2,1,True,[7827]
"(1883, 3752, 6196)",3,1,False,[]
"(7711, 8466)",2,1,True,[7711]
"(896, 897, 1097, 3557)",4,1,True,"[1097, 3557]"
"(1267, 3728)",2,1,True,[3728]
"(1395, 6081)",2,1,True,[6081]
"(1015, 5413)",2,1,True,"[1015, 5413]"
"(947, 3670)",2,1,True,[3670]
"(3890, 6925)",2,1,True,"[3890, 6925]"
"(930, 10784)",2,1,True,[930]
"(3496, 12192)",2,1,True,[12192]
"(1880, 7001)",2,1,True,[7001]
"(4392, 11325)",2,1,True,[11325]
"(5612, 8988)",2,1,False,[]
"(6571, 6683)",2,1,True,[6683]
"(4692, 10835)",2,1,True,[10835]
"(1633, 10366)",2,1,True,"[1633, 10366]"
"(90, 7247)",2,1,True,"[90, 7247]"
"(5349, 6076)",2,1,True,[6076]
"(9231, 9892)",2,1,True,[9892]
"(843, 9172)",2,1,False,[]
"(2760, 6165)",2,1,True,"[2760, 6165]"
"(1007, 9316)",2,1,True,"[1007, 9316]"
"(6339, 6339)",2,1,False,[]
"(2853, 7523)",2,1,True,[7523]
"(570, 11013)",2,1,False,[]
"(5204, 7160)",2,1,True,"[5204, 7160]"
"(11165, 12216)",2,1,False,[]
"(2724, 8212)",2,1,True,[8212]
"(1442, 8009)",2,1,False,[]
"(6538, 7959)",2,1,True,[7959]
"(848, 12798)",2,1,True,[848]
"(2937, 11252)",2,1,True,[2937]
"(977, 1039)",2,1,True,"[977, 1039]"
"(4719, 12449)",2,1,True,[4719]
"(4207, 5145)",2,1,True,[5145]
"(4208, 5918)",2,1,True,"[4208, 5918]"
"(4419, 6302)",2,1,True,[4419]
"(4703, 10499)",2,1,True,"[4703, 10499]"
"(11648, 11791)",2,1,True,"[11648, 11791]"
"(5796, 8955)",2,1,True,[8955]
"(11295, 11873)",2,1,False,[]
"(1151, 1440)",2,1,True,[1151]
"(9138, 9888)",2,1,True,"[9138, 9888]"
"(2101, 6852)",2,1,True,"[2101, 6852]"
"(386, 7767, 8257)",3,1,True,"[386, 8257]"
"(1985, 8430)",2,1,True,[8430]
"(5829, 9716)",2,1,True,[9716]
"(4088, 5657)",2,1,True,[5657]
"(277, 12338)",2,1,True,[12338]
"(1035, 3358)",2,1,False,[]
"(243, 690)",2,1,False,[]
"(3521, 5374)",2,1,True,"[3521, 5374]"
"(681, 5034)",2,1,True,[681]
"(1756, 3172)",2,1,True,"[1756, 3172]"
"(4957, 11787)",2,1,True,"[4957, 11787]"
"(637, 9139)",2,1,False,[]
"(3898, 8293)",2,1,False,[]
"(11143, 12046)",2,1,True,[11143]
"(3520, 3795, 4653)",3,1,True,"[3520, 3795]"
"(75, 77)",2,1,False,[]
"(3472, 11814)",2,1,False,[]
"(974, 2942, 3332, 6197)",4,1,True,[6197]
"(5931, 9575)",2,1,False,[]
"(1596, 9110)",2,1,True,[9110]
"(1283, 5936)",2,1,True,[1283]
"(8254, 12337)",2,1,True,[8254]
"(4594, 4828, 8891)",3,1,True,[4828]
"(5026, 7259, 9497)",3,1,False,[]
"(787, 2635)",2,1,True,[787]
"(4773, 6719)",2,1,True,"[4773, 6719]"
"(2886, 3306)",2,1,True,[3306]
"(241, 12685)",2,1,True,[241]
"(2927, 3881)",2,1,True,[3881]
"(4565, 11462)",2,1,False,[]
"(1246, 3284)",2,1,True,[3284]
"(3692, 12229)",2,1,True,"[3692, 12229]"
"(4067, 4270)",2,1,False,[]
"(2324, 9920)",2,1,True,[2324]
"(668, 744, 4718)",3,1,True,[744]
"(1578, 4714)",2,1,True,"[1578, 4714]"
"(5521, 5661, 8370, 8773)",4,1,True,[5661]
"(1123, 1467)",2,1,True,"[1123, 1467]"
"(1694, 3495)",2,1,True,"[1694, 3495]"
"(2239, 7531)",2,1,True,[2239]
"(2192, 7739)",2,1,True,[2192]
"(448, 5988)",2,1,False,[]
"(720, 3141, 3290, 3788)",4,1,False,[]
"(1860, 2994)",2,1,True,"[1860, 2994]"
"(9922, 11749)",2,1,True,[11749]
"(4449, 8469)",2,1,True,[4449]
"(4810, 12089)",2,1,True,[12089]
"(193, 11682)",2,1,True,[11682]
"(754, 774, 7490)",3,1,True,"[774, 7490]"
"(4023, 12258)",2,1,True,"[4023, 12258]"
"(4375, 5545)",2,1,True,[4375]
"(10276, 10422)",2,1,True,"[10276, 10422]"
"(11492, 12196)",2,1,True,[11492]
"(2670, 12760)",2,1,False,[]
"(4713, 10037)",2,1,True,"[4713, 10037]"
"(4670, 4741)",2,1,True,[4741]
"(7441, 8058)",2,1,True,[7441]
"(6564, 8916)",2,1,True,[6564]
"(4183, 9291)",2,1,True,"[4183, 9291]"
"(931, 1597)",2,1,True,[1597]
"(738, 12052)",2,1,True,[12052]
"(6192, 7094)",2,1,True,[6192]
"(1417, 1430, 5654)",3,1,True,[1430]
"(10998, 12297)",2,1,True,[12297]
"(2694, 6677)",2,1,True,[6677]
"(2294, 8692)",2,1,True,[8692]
"(31, 101)",2,1,False,[]
"(5326, 10939)",2,1,True,[5326]
"(1279, 6711)",2,1,True,[1279]
"(2341, 2341)",2,1,False,[]
"(2427, 8541)",2,1,True,[2427]
"(250, 1178, 1898, 2907, 3468)",5,1,False,[]
"(3384, 3751, 4331, 4654)",4,1,True,[3384]
"(3898, 7527)",2,1,False,[]
"(3135, 4170)",2,1,True,[4170]
"(10606, 10833)",2,1,True,[10606]
"(6611, 12599)",2,1,True,[12599]
"(9894, 10980)",2,1,True,[10980]
"(6546, 8316)",2,1,False,[]
"(8025, 10782)",2,1,False,[]
"(10759, 11357)",2,1,True,[10759]
"(127, 143)",2,1,True,[143]
"(1511, 7893)",2,1,False,[]
"(4826, 5830)",2,1,True,[5830]
"(1316, 11562)",2,1,True,[11562]
"(850, 4464)",2,1,False,[]
"(1341, 1937)",2,1,False,[]
"(7960, 11607)",2,1,True,[7960]
"(720, 1786, 2418)",3,1,True,[2418]
"(2799, 9318)",2,1,True,"[2799, 9318]"
"(1035, 7675)",2,1,True,[7675]
"(10222, 12071)",2,1,True,"[10222, 12071]"
"(139, 3202)",2,1,False,[]
"(272, 4249, 8408)",3,1,False,[]
"(10221, 10987)",2,1,True,[10221]
"(4690, 6714)",2,1,True,"[4690, 6714]"
"(2279, 9141)",2,1,True,[9141]
"(901, 8957)",2,1,True,[8957]
"(2774, 4686)",2,1,True,[4686]
"(6352, 11458)",2,1,False,[]
"(125, 10863)",2,1,True,[10863]
"(1316, 10453)",2,1,True,[10453]
"(1884, 8844)",2,1,True,[8844]
"(2762, 5796)",2,1,False,[]
"(1686, 4853)",2,1,True,[4853]
"(4138, 9448)",2,1,True,"[4138, 9448]"
"(8658, 10339)",2,1,True,[8658]
"(11208, 11460)",2,1,True,"[11208, 11460]"
"(4068, 8210)",2,1,True,"[4068, 8210]"
"(303, 2800)",2,1,True,"[303, 2800]"
"(4083, 6177)",2,1,False,[]
"(2510, 6365)",2,1,True,[2510]
"(146, 3071)",2,1,False,[]
"(1, 478)",2,1,False,[]
"(895, 3891)",2,1,True,[3891]
"(3471, 4606)",2,1,True,[3471]
"(3469, 10549)",2,1,True,[3469]
"(2071, 5831)",2,1,False,[]
"(3243, 8740)",2,1,True,[8740]
"(9263, 9452)",2,1,False,[]
"(4739, 10750)",2,1,True,[4739]
"(1749, 1937, 2139)",3,1,False,[]
"(2439, 2439)",2,1,False,[]
"(2222, 7296)",2,1,True,[7296]
"(7831, 9263)",2,1,False,[]
"(326, 10607)",2,1,True,[10607]
"(4314, 8050)",2,1,False,[]
"(310, 4264, 8385)",3,1,True,[310]
"(5621, 11290)",2,1,True,[5621]
"(4915, 12336)",2,1,True,[12336]
"(268, 2263, 3362, 8352)",4,1,True,[8352]
"(3836, 5352)",2,1,True,"[3836, 5352]"
"(7494, 7929)",2,1,True,"[7494, 7929]"
"(1957, 7034)",2,1,True,[7034]
"(5237, 12201)",2,1,True,[12201]
"(355, 11022)",2,1,True,[11022]
"(8637, 10560)",2,1,True,[10560]
"(4333, 12878)",2,1,False,[]
"(5393, 5968)",2,1,True,[5393]
"(356, 4128)",2,1,True,[4128]
"(27, 1690)",2,1,True,[1690]
"(674, 674)",2,1,False,[]
"(880, 11176)",2,1,True,"[880, 11176]"
"(9909, 11216)",2,1,True,"[9909, 11216]"
"(8833, 8957)",2,1,True,"[8833, 8957]"
"(12300, 12883)",2,1,True,[12883]
"(7440, 11071)",2,1,True,"[7440, 11071]"
"(3499, 10993, 11041)",3,1,False,[]
"(1803, 2040)",2,1,True,[2040]
"(573, 4075)",2,1,True,[573]
"(653, 10398)",2,1,True,"[653, 10398]"
"(10632, 11831)",2,1,True,[11831]
"(12584, 12721)",2,1,True,[12584]
"(7215, 9577)",2,1,True,"[7215, 9577]"
"(170, 359)",2,1,False,[]
"(5544, 10921)",2,1,False,[]
"(4139, 5599)",2,1,True,[5599]
"(5620, 12770)",2,1,True,[5620]
"(246, 3835)",2,1,True,[3835]
"(3982, 6001)",2,1,True,[6001]
"(687, 1828)",2,1,True,"[687, 1828]"
"(446, 7528)",2,1,True,[7528]
"(1737, 1957, 4660)",3,1,True,[4660]
"(2993, 8467)",2,1,False,[]
"(3863, 11186)",2,1,True,[3863]
"(11493, 12045)",2,1,True,"[11493, 12045]"
"(1361, 8335)",2,1,False,[]
"(3862, 8292)",2,1,True,[8292]
"(502, 3387)",2,1,True,"[502, 3387]"
"(2856, 8428)",2,1,True,[8428]
"(2615, 3498, 8541)",3,1,False,[]
"(11337, 11720)",2,1,False,[]
"(12190, 12461)",2,1,True,[12190]
"(11231, 12047)",2,1,True,[11231]
"(11747, 11747)",2,1,False,[]
"(5288, 8290)",2,1,True,[8290]
"(133, 142, 7763)",3,1,False,[]
"(117, 6019)",2,1,True,[117]
"(235, 11420)",2,1,True,[235]
"(841, 2959, 9678)",3,1,True,[2959]
"(422, 2336)",2,1,False,[]
"(1, 7416)",2,1,False,[]
"(2671, 4539)",2,1,True,[2671]
"(5603, 10250)",2,1,True,[5603]
"(11416, 12353)",2,1,True,[12353]
"(4227, 11019)",2,1,True,[11019]
"(11165, 11851)",2,1,True,[11851]
"(1314, 12681)",2,1,True,[1314]
"(614, 5686)",2,1,True,[5686]
"(7127, 8757)",2,1,True,[7127]
"(1736, 3361)",2,1,True,[1736]
"(4691, 6707)",2,1,False,[]
"(4197, 11291)",2,1,True,[11291]
"(2512, 2783)",2,1,True,[2512]
"(4393, 9056)",2,1,False,[]
"(8579, 12622)",2,1,True,[8579]
"(2529, 8542)",2,1,False,[]
"(12489, 12557)",2,1,True,[12489]
"(2553, 4854)",2,1,True,[2553]
"(8429, 10223)",2,1,True,[10223]
"(2539, 4128)",2,1,True,[4128]
"(4425, 4485)",2,1,True,[4425]
"(3775, 3798)",2,1,True,"[3775, 3798]"
"(147, 250)",2,1,False,[]
"(11507, 11724)",2,1,False,[]
"(3196, 12156)",2,1,True,[12156]
"(6798, 10929, 12302)",3,1,True,"[6798, 12302]"
"(6531, 9924)",2,1,True,[6531]
"(276, 7383)",2,1,True,[276]
"(7128, 7253)",2,1,True,"[7128, 7253]"
"(285, 446)",2,1,True,[285]
"(4357, 10946)",2,1,True,[4357]
"(2930, 9528)",2,1,False,[]
"(2597, 12185)",2,1,True,[2597]
"(4740, 10251)",2,1,True,[4740]
"(3014, 4653)",2,1,True,[3014]
"(11356, 12544)",2,1,True,"[11356, 12544]"
"(6718, 9826)",2,1,True,[9826]
"(3892, 12683)",2,1,True,[3892]
"(3044, 3374)",2,1,False,[]
"(7894, 11321)",2,1,True,[11321]
"(1401, 2708)",2,1,True,"[1401, 2708]"
"(1494, 8513)",2,1,True,[1494]
"(197, 6855)",2,1,True,[6855]
"(2982, 11870)",2,1,True,"[2982, 11870]"
"(5202, 9233)",2,1,True,[5202]
"(391, 2419)",2,1,False,[]
"(849, 2300)",2,1,True,[849]
"(7158, 11357)",2,1,True,[7158]
"(6420, 12813)",2,1,True,[12813]
"(10766, 12171)",2,1,False,[]
"(777, 1118)",2,1,False,[]
"(1801, 4329)",2,1,True,[1801]
"(3581, 10219)",2,1,True,[10219]
"(1511, 3592)",2,1,True,[3592]
"(1361, 1523)",2,1,True,[1523]
"(370, 11459)",2,1,False,[]
"(8055, 12253)",2,1,True,"[8055, 12253]"
"(999, 5175)",2,1,False,[]
"(7604, 12226)",2,1,True,[7604]
"(11461, 12120)",2,1,True,[12120]
"(7192, 8728)",2,1,True,[8728]
"(2352, 8968)",2,1,True,[2352]
"(5437, 8577)",2,1,True,[8577]
"(2815, 11303)",2,1,True,[2815]
"(269, 4757)",2,1,False,[]
"(290, 9389)",2,1,True,[9389]
"(178, 3611)",2,1,False,[]
"(1402, 8330)",2,1,True,"[1402, 8330]"
"(3912, 6566)",2,1,True,[6566]
"(2348, 5104)",2,1,True,[2348]
"(5712, 6725)",2,1,True,[6725]
"(4251, 10124)",2,1,True,[4251]
"(2910, 4687)",2,1,True,[4687]
"(67, 9644, 12116)",3,1,True,[9644]
"(511, 10122)",2,1,True,[10122]
"(4874, 11359)",2,1,False,[]
"(279, 1468)",2,1,False,[]
"(2258, 10093)",2,1,True,[2258]
"(5332, 10656)",2,1,True,"[5332, 10656]"
"(642, 8695)",2,1,False,[]
"(1339, 6141)",2,1,True,"[1339, 6141]"
"(11951, 12799)",2,1,True,"[11951, 12799]"
"(1530, 5999)",2,1,True,[1530]
"(2490, 6167)",2,1,True,"[2490, 6167]"
"(130, 225)",2,1,False,[]
"(1823, 8612)",2,1,False,[]
"(7251, 8989)",2,1,True,"[7251, 8989]"
"(4141, 12862)",2,1,True,[4141]
"(1296, 2217)",2,1,True,[1296]
"(4659, 9765)",2,1,True,[4659]
"(4376, 7126)",2,1,True,[7126]
"(2074, 7678)",2,1,True,"[2074, 7678]"
"(383, 9823)",2,1,True,[383]
"(11789, 12049)",2,1,True,[12049]
"(3555, 10861)",2,1,True,[10861]
"(895, 4570)",2,1,True,[4570]
"(10220, 12488)",2,1,True,[10220]
"(12449, 12620)",2,1,True,[12620]
"(11561, 12600)",2,1,True,[11561]
"(5768, 9946)",2,1,True,[5768]
"(3225, 9861)",2,1,True,[3225]
"(338, 2295)",2,1,False,[]
"(422, 2408)",2,1,True,[2408]
"(3470, 6110)",2,1,True,[3470]
"(108, 1107)",2,1,False,[]
"(1662, 12255)",2,1,True,[1662]
"(985, 4938)",2,1,False,[]
"(677, 752)",2,1,True,[677]
"(6043, 12646)",2,1,True,"[6043, 12646]"
"(9578, 11624)",2,1,False,[]
"(5568, 6545)",2,1,False,[]
"(8659, 11869)",2,1,True,[8659]
"(2116, 3032)",2,1,True,"[2116, 3032]"
"(621, 4225)",2,1,True,[621]
"(4330, 7357)",2,1,True,[4330]
"(6024, 8183)",2,1,True,"[6024, 8183]"
"(5945, 8354)",2,1,True,[5945]
"(4715, 8143)",2,1,True,[8143]
"(3368, 11390)",2,1,True,[11390]
"(7325, 9142)",2,1,True,[9142]
"(1020, 3091)",2,1,True,[1020]
"(10216, 11418)",2,1,False,[]
"(1059, 1308)",2,1,True,"[1059, 1308]"
"(1593, 9450)",2,1,True,"[1593, 9450]"
"(969, 6830)",2,1,True,[969]
"(2383, 8578)",2,1,False,[]
"(2301, 8428)",2,1,True,[8428]
"(8822, 8822)",2,1,False,[]
"(2065, 2158, 3090)",3,1,True,[2158]
"(5600, 8131)",2,1,False,[]
"(193, 4522, 8385)",3,1,False,[]
"(1768, 1930)",2,1,False,[]
"(3500, 6795)",2,1,True,"[3500, 6795]"
"(7676, 7862)",2,1,True,[7862]
"(4143, 8990)",2,1,True,[8990]
"(6649, 6700, 10781)",3,1,False,[]
"(14, 5970)",2,1,True,[5970]
"(1065, 2445, 7358)",3,1,True,[7358]
"(931, 3368)",2,1,False,[]
"(3914, 8920)",2,1,True,[8920]
"(1008, 9923)",2,1,True,"[1008, 9923]"
"(5601, 6891)",2,1,True,[6891]
"(3349, 7065)",2,1,True,[7065]
"(11310, 12155)",2,1,True,[12155]
"(3513, 6763)",2,1,True,[6763]
"(5767, 11417)",2,1,True,"[5767, 11417]"
"(1329, 5602)",2,1,True,[1329]
"(10946, 11144)",2,1,False,[]
"(8056, 9293)",2,1,True,"[8056, 9293]"
"(76, 8845)",2,1,True,"[76, 8845]"
"(1153, 5766)",2,1,True,[5766]
"(1277, 5547)",2,1,True,[5547]
"(9348, 11049)",2,1,True,[9348]
"(2218, 3031, 3144)",3,1,True,[3031]
"(5275, 11565)",2,1,True,[11565]
"(2468, 7930)",2,1,True,[2468]
"(4770, 4937)",2,1,False,[]
"(3683, 11606)",2,1,True,[3683]
"(4716, 12254)",2,1,True,[12254]
"(394, 4501)",2,1,False,[]
"(3386, 11048)",2,1,True,[11048]
"(10249, 11145)",2,1,True,[11145]
"(3817, 8613)",2,1,True,[3817]
"(4763, 12403)",2,1,True,[12403]
"(3502, 5967)",2,1,True,[3502]
"(6649, 6700)",2,1,False,[]
"(895, 2513)",2,1,True,[2513]
"(961, 4991)",2,1,True,[4991]
"(4949, 4958)",2,1,True,[4958]
"(2307, 10123)",2,1,True,[10123]
"(2128, 2633)",2,1,False,[]
"(9798, 10005)",2,1,False,[]
"(2283, 3706)",2,1,True,"[2283, 3706]"
"(2012, 9896)",2,1,True,[2012]
"(380, 1030)",2,1,False,[]
"(2054, 4120)",2,1,True,[2054]
"(939, 8790)",2,1,True,"[939, 8790]"
"(3633, 11750)",2,1,True,[3633]
"(11977, 11977)",2,1,True,[11977]
"(994, 10579)",2,1,True,[10579]
"(66, 10040)",2,1,False,[]
"(6642, 11021)",2,1,True,[6642]
"(4688, 7677)",2,1,True,[4688]
"(6796, 11142)",2,1,True,"[6796, 11142]"
"(734, 6569)",2,1,True,"[734, 6569]"
"(2340, 11175)",2,1,False,[]
"(1646, 5375)",2,1,True,[1646]
"(8353, 12154)",2,1,True,"[8353, 12154]"
"(6194, 10476)",2,1,True,[10476]
"(1599, 11914)",2,1,True,[11914]
"(6366, 11832)",2,1,True,[11832]
"(642, 4121)",2,1,True,[4121]
"(3462, 3953, 5555)",3,1,False,[]
"(2552, 6797)",2,1,True,[6797]
"(10998, 12404)",2,1,True,[12404]
"(10577, 11141)",2,1,True,[11141]
"(2469, 8087, 12084)",3,1,True,"[2469, 12084]"
"(11476, 11913)",2,1,True,[11913]
"(7298, 7417)",2,1,True,[7417]
"(1986, 2236)",2,1,True,[2236]
"(6922, 7962)",2,1,True,[7962]
"(6567, 8160, 8412)",3,1,False,[]
"(6177, 8697)",2,1,True,[8697]
"(5438, 6854)",2,1,True,[6854]
"(1655, 10066)",2,1,True,[1655]
"(1519, 6496)",2,1,False,[]
"(6256, 10342)",2,1,True,"[6256, 10342]"
"(2467, 3654)",2,1,True,[2467]
"(1, 2005)",2,1,False,[]
"(534, 10233)",2,1,True,[10233]
"(5464, 6930)",2,1,True,[5464]
"(4004, 11207)",2,1,True,[4004]
"(4005, 4738)",2,1,True,"[4005, 4738]"
"(6193, 7830)",2,1,True,[7830]
"(326, 1443)",2,1,False,[]
"(93, 404)",2,1,True,[93]
"(4250, 6421)",2,1,True,[4250]
"(1149, 1215)",2,1,True,[1149]
"(459, 1412)",2,1,True,[1412]
"(971, 5624)",2,1,True,[5624]
"(990, 1542)",2,1,False,[]
"(1455, 2711)",2,1,False,[]
"(103, 5862)",2,1,False,[]
"(2340, 7033)",2,1,False,[]
"(1279, 11177)",2,1,True,[1279]
"(3437, 3652)",2,1,True,[3652]
"(971, 4490)",2,1,True,[4490]
"(133, 931, 2712)",3,1,True,[2712]
"(1677, 12462)",2,1,True,"[1677, 12462]"
"(36, 8024, 10174)",3,1,True,[10174]
"(1968, 9945)",2,1,True,[1968]
"(10064, 10396)",2,1,True,"[10064, 10396]"
"(11834, 12863)",2,1,True,[12863]
"(1846, 5463, 12373)",3,1,True,"[1846, 12373]"
"(66, 142, 244, 7763, 7863)",5,1,False,[]
"(782, 7437)",2,1,True,[782]
"(5192, 5946)",2,1,False,[]
"(3253, 4186)",2,1,True,[3253]
"(711, 5461)",2,1,True,[5461]
"(1665, 10278)",2,1,True,[10278]
"(1084, 1900)",2,1,True,[1084]
"(1664, 5346, 8436)",3,1,True,[1664]
"(4613, 9483)",2,1,True,[4613]
"(1480, 12824)",2,1,False,[]
"(1815, 2430)",2,1,False,[]
"(4162, 4228)",2,1,True,[4228]
"(3143, 3342, 7249)",3,1,True,[7249]
"(3423, 6929)",2,1,True,"[3423, 6929]"
"(2247, 9449)",2,1,True,[9449]
"(7187, 11427)",2,1,True,[7187]
"(4161, 6829)",2,1,True,[4161]
"(138, 5289)",2,1,True,"[138, 5289]"
"(6366, 11609)",2,1,True,[11609]
"(2086, 6393)",2,1,True,[6393]
"(443, 1228)",2,1,True,[1228]
"(3498, 8541)",2,1,False,[]
"(1113, 5512)",2,1,True,"[1113, 5512]"
"(1535, 4332)",2,1,True,[4332]
"(9484, 10089)",2,1,False,[]
"(835, 835)",2,1,False,[]
"(3173, 5035)",2,1,True,[3173]
"(3575, 9890)",2,1,True,[3575]
"(1134, 12119)",2,1,True,[1134]
"(3752, 6196, 8355, 11108)",4,1,False,[]
"(8696, 9453)",2,1,True,[9453]
"(26, 759)",2,1,True,[759]
"(5922, 8142)",2,1,True,[8142]
"(147, 1154)",2,1,False,[]
"(2672, 8173)",2,1,True,[2672]
"(5982, 10288)",2,1,True,[5982]
"(4458, 11507)",2,1,False,[]
"(7764, 9897)",2,1,True,[9897]
"(11107, 11912)",2,1,True,[11107]
"(6503, 10981)",2,1,True,"[6503, 10981]"
"(558, 6718)",2,1,False,[]
"(5439, 10498)",2,1,True,[10498]
"(6546, 10077)",2,1,False,[]
"(895, 1885)",2,1,False,[]
"(898, 6044)",2,1,True,[6044]
"(158, 162, 8961)",3,1,False,[]
"(253, 2609, 3501)",3,1,True,[3501]
"(73, 723, 1786, 3635)",4,1,True,"[73, 3635]"
"(613, 4140)",2,1,False,[]
"(2938, 12015)",2,1,True,[2938]
"(9113, 9481)",2,1,True,[9481]
"(5230, 12660)",2,1,True,[5230]
"(4791, 9320)",2,1,True,[9320]
"(5872, 10039)",2,1,True,[10039]
"(6679, 8917)",2,1,True,[6679]
"(1448, 2987)",2,1,True,[1448]
"(1674, 1955)",2,1,True,[1674]
"(767, 10379)",2,1,True,[767]
"(8289, 10655)",2,1,True,"[8289, 10655]"
"(5794, 5794)",2,1,False,[]
"(4163, 12509)",2,1,False,[]
"(1390, 1967)",2,1,True,[1967]
"(895, 1913)",2,1,True,[1913]
"(1172, 1239)",2,1,True,[1172]
"(874, 5832)",2,1,True,[874]
"(98, 10055)",2,1,True,[10055]
"(231, 6889)",2,1,False,[]
"(1603, 1603)",2,1,False,[]
"(7776, 8286)",2,1,True,[8286]
"(1498, 2551)",2,1,True,[1498]
"(1813, 12085)",2,1,True,[1813]
"(938, 6367)",2,1,True,[6367]
"(6641, 7435)",2,1,True,[6641]
"(1558, 4836)",2,1,True,[1558]
"(6743, 11232)",2,1,True,[11232]
"(1310, 9265)",2,1,True,[9265]
"(10574, 12520)",2,1,True,[12520]
"(8113, 10343)",2,1,True,[10343]
"(339, 1468)",2,1,False,[]
"(309, 12267)",2,1,True,[309]
"(1960, 5061)",2,1,True,[5061]
"(7798, 9057)",2,1,True,[9057]
"(6305, 10069)",2,1,True,[10069]
"(2998, 3542)",2,1,True,"[2998, 3542]"
"(2550, 12697)",2,1,True,[12697]
"(6334, 7248)",2,1,False,[]
"(3752, 6196, 11109)",3,1,True,[11109]
"(85, 723, 1786, 3424)",4,1,True,[85]
"(6934, 9552)",2,1,True,"[6934, 9552]"
"(422, 3797)",2,1,True,[3797]
"(1838, 3577)",2,1,True,[3577]
"(861, 1437)",2,1,True,[861]
"(7915, 9663, 11647)",3,1,True,[11647]
"(268, 10982)",2,1,False,[]
"(1313, 1586)",2,1,True,[1313]
"(618, 1279)",2,1,True,"[618, 1279]"
"(2236, 7809)",2,1,True,[2236]
"(2439, 12647)",2,1,False,[]
"(783, 1819)",2,1,True,[1819]
"(8758, 10425)",2,1,True,[10425]
"(542, 11915)",2,1,True,[11915]
"(3611, 12436)",2,1,True,[12436]
"(6168, 10341, 10368)",3,1,True,"[10341, 10368]"
"(8468, 9862)",2,1,True,"[8468, 9862]"
"(5614, 5941)",2,1,False,[]
"(2510, 9515)",2,1,True,"[2510, 9515]"
"(3472, 10884)",2,1,True,[10884]
"(3540, 12868)",2,1,True,[3540]
"(12530, 12684)",2,1,True,[12684]
"(3317, 9900)",2,1,True,[3317]
"(6419, 8180)",2,1,True,[8180]
"(889, 1180)",2,1,True,"[889, 1180]"
"(3539, 7603)",2,1,True,[7603]
"(7191, 8054)",2,1,True,[7191]
"(3774, 4163)",2,1,False,[]
"(448, 3343)",2,1,False,[]
"(3910, 9643)",2,1,True,"[3910, 9643]"
"(319, 716)",2,1,False,[]
"(5713, 5800)",2,1,True,"[5713, 5800]"
"(1297, 10340)",2,1,True,"[1297, 10340]"
"(5060, 10608, 12019)",3,1,False,[]
"(3340, 10451)",2,1,True,[10451]
"(1555, 6423)",2,1,True,[1555]
"(1594, 7635)",2,1,True,[7635]
"(1891, 2997)",2,1,True,[2997]
"(40, 3837)",2,1,False,[]
"(3653, 7214, 8918, 12252)",4,1,True,[12252]
"(12121, 12492)",2,1,True,[12492]
"(3231, 9088)",2,1,True,[3231]
"(5626, 6045, 7256)",3,1,True,[6045]
"(269, 4392)",2,1,False,[]
"(232, 2620, 8159)",3,1,False,[]
"(513, 11576)",2,1,False,[]
"(1585, 10065)",2,1,True,[10065]
"(9612, 10370)",2,1,True,[10370]
"(8408, 8846)",2,1,False,[]
"(3427, 8643)",2,1,True,[8643]
"(3827, 8050)",2,1,False,[]
"(4569, 6122)",2,1,True,"[4569, 6122]"
"(1706, 3915)",2,1,False,[]
"(2978, 6995)",2,1,True,[2978]
"(5548, 6570)",2,1,True,"[5548, 6570]"
"(272, 2700, 7865)",3,1,False,[]
"(3538, 8693)",2,1,True,[8693]
"(3541, 6534)",2,1,True,"[3541, 6534]"
"(139, 11221)",2,1,False,[]
"(645, 645)",2,1,False,[]
"(424, 3548)",2,1,True,[3548]
"(7400, 8026)",2,1,True,[8026]
"(2351, 8823)",2,1,True,[8823]
"(1410, 8540)",2,1,True,[8540]
"(5790, 11722)",2,1,True,[11722]
"(1129, 5058)",2,1,True,[1129]
"(11070, 12582)",2,1,True,[11070]
"(3773, 5655)",2,1,True,[5655]
"(4308, 9921)",2,1,True,[9921]
"(10121, 10927)",2,1,True,"[10121, 10927]"
"(4174, 12460)",2,1,True,[12460]
"(560, 2969)",2,1,True,[560]
"(2738, 9262)",2,1,True,[9262]
"(5229, 5351)",2,1,True,[5229]
"(1871, 9898)",2,1,False,[]
"(34, 3959)",2,1,False,[]
"(8993, 11685)",2,1,True,"[8993, 11685]"
"(5909, 6649)",2,1,False,[]
"(895, 2920)",2,1,False,[]
"(10766, 11494)",2,1,False,[]
"(660, 8985)",2,1,True,[8985]
"(2386, 9863)",2,1,True,"[2386, 9863]"
"(8992, 9026)",2,1,True,"[8992, 9026]"
"(5711, 12287)",2,1,True,[5711]
"(301, 2524)",2,1,False,[]
"(523, 7439)",2,1,True,[7439]
"(8000, 12153)",2,1,True,[12153]
"(156, 200)",2,1,True,[156]
"(1701, 7384, 10751)",3,1,True,[7384]
"(1035, 1821)",2,1,True,[1821]
"(6378, 8181)",2,1,True,[6378]
"(6363, 7737)",2,1,True,[6363]
"(1361, 6227)",2,1,True,[6227]
"(431, 2005)",2,1,False,[]
"(12071, 12690)",2,1,True,"[12071, 12690]"
"(5550, 9518)",2,1,True,[9518]
"(8183, 12375)",2,1,True,[8183]
"(1680, 12699)",2,1,True,[12699]
"(605, 1838, 3409)",3,1,False,[]
"(4852, 9968)",2,1,True,[9968]
"(2961, 2961)",2,1,False,[]
"(3564, 5860)",2,1,True,[5860]
"(3360, 10693)",2,1,True,[10693]
"(2499, 11697)",2,1,True,[11697]
"(3948, 7500)",2,1,True,"[3948, 7500]"
"(9551, 10277)",2,1,True,[10277]
"(3829, 6056)",2,1,True,[6056]
"(2603, 4989)",2,1,True,[4989]
"(684, 12108)",2,1,True,[684]
"(82, 7765)",2,1,False,[]
"(10802, 11531)",2,1,False,[]
"(2792, 6926)",2,1,False,[]
"(1547, 6351)",2,1,True,"[1547, 6351]"
"(394, 4267)",2,1,True,[4267]
"(4135, 9319)",2,1,False,[]
"(1036, 1361)",2,1,False,[]
"(96, 10369)",2,1,True,[10369]
"(5664, 8759)",2,1,False,[]
"(6546, 6918)",2,1,False,[]
"(842, 854)",2,1,True,"[842, 854]"
"(5627, 7931)",2,1,True,"[5627, 7931]"
"(5059, 10032)",2,1,True,"[5059, 10032]"
"(237, 275)",2,1,True,[275]
"(1551, 12157)",2,1,True,[1551]
"(678, 3556)",2,1,True,[3556]
"(1144, 8331)",2,1,True,"[1144, 8331]"
"(2723, 7461)",2,1,True,[2723]
"(2409, 9170)",2,1,True,[2409]
"(8025, 10782, 11323)",3,1,True,[11323]
"(3775, 10198)",2,1,True,"[3775, 10198]"
"(2810, 4612)",2,1,True,[4612]
"(225, 3975)",2,1,True,[3975]
"(6418, 10654)",2,1,True,[6418]
"(5161, 9743)",2,1,False,[]
"(5203, 7257)",2,1,True,[5203]
"(5651, 6041)",2,1,True,[6041]
"(2300, 8867)",2,1,False,[]
"(5673, 7915)",2,1,False,[]
"(1474, 7572)",2,1,True,[7572]
"(752, 4037)",2,1,True,[4037]
"(827, 7404)",2,1,True,[7404]
"(2378, 12661)",2,1,True,[12661]
"(855, 2659)",2,1,True,[2659]
"(669, 4718)",2,1,False,[]
"(1590, 9087)",2,1,False,[]
"(604, 642, 2872)",3,1,False,[]
"(1005, 2880)",2,1,True,[2880]
"(6960, 8179)",2,1,True,"[6960, 8179]"
"(3776, 8182)",2,1,True,"[3776, 8182]"
"(5392, 8165)",2,1,True,[8165]
"(138, 5976)",2,1,True,[138]
"(1411, 6368)",2,1,True,[6368]
"(385, 10609)",2,1,True,"[385, 10609]"
"(3049, 4160)",2,1,True,[4160]
"(133, 893, 2440, 3753, 5026, 6546)",6,1,True,[2440]
"(37, 3439)",2,1,True,"[37, 3439]"
"(1777, 12257)",2,1,True,[1777]
"(689, 1757, 1937)",3,1,False,[]
"(53, 4592)",2,1,False,[]
"(144, 2397)",2,1,True,[2397]
"(3297, 12773)",2,1,True,"[3297, 12773]"
"(7389, 12065)",2,1,True,[7389]
"(576, 6794)",2,1,True,[6794]
"(5486, 10631)",2,1,True,"[5486, 10631]"
"(5570, 9321)",2,1,True,[9321]
"(5571, 5571)",2,1,True,[5571]
"(9114, 10633)",2,1,True,"[9114, 10633]"
"(386, 6705)",2,1,True,"[386, 6705]"
"(1208, 3637)",2,1,True,[3637]
"(9770, 10909, 11490)",3,1,False,[]
"(1511, 3267, 3365)",3,1,False,[]
"(6680, 9387)",2,1,True,"[6680, 9387]"
"(5656, 12350)",2,1,False,[]
"(1724, 4185)",2,1,True,"[1724, 4185]"
"(7962, 10056)",2,1,True,[7962]
"(7096, 11530)",2,1,True,[7096]
"(8110, 12048)",2,1,True,[8110]
"(2767, 3963)",2,1,True,[3963]
"(10525, 12371)",2,1,True,"[10525, 12371]"
"(253, 3911)",2,1,True,[3911]
"(7492, 10548)",2,1,True,[10548]
"(895, 1587)",2,1,True,[1587]
"(2939, 3436)",2,1,True,[2939]
"(12188, 12189)",2,1,True,[12189]
"(4685, 9576)",2,1,True,[4685]
"(11391, 12520)",2,1,True,[12520]
"(2262, 3773)",2,1,True,[2262]
"(3576, 11748)",2,1,True,[11748]
"(4552, 5511)",2,1,True,[4552]
"(837, 10882)",2,1,True,[837]
"(2529, 6367)",2,1,True,[6367]
"(5026, 11146)",2,1,False,[]
"(7250, 12521)",2,1,True,"[7250, 12521]"
"(1617, 5705)",2,1,False,[]
"(1639, 12490)",2,1,False,[]
"(971, 3551)",2,1,False,[]
"(6195, 9517)",2,1,True,"[6195, 9517]"
"(955, 12731)",2,1,True,[12731]
"(495, 5923)",2,1,False,[]
"(4421, 6741)",2,1,True,[4421]
"(412, 4328)",2,1,True,"[412, 4328]"
"(112, 1854)",2,1,True,[1854]
"(301, 301)",2,1,False,[]
"(9204, 10146)",2,1,True,[9204]
"(4837, 5608, 5613)",3,1,True,[4837]
"(615, 4866)",2,1,False,[]
"(8919, 10423)",2,1,True,[8919]
"(4502, 6951)",2,1,True,"[4502, 6951]"
"(7, 5877)",2,1,True,[5877]
"(12016, 12487)",2,1,True,[12016]
"(501, 970, 2686)",3,1,True,[970]
"(1497, 3555, 8614)",3,1,False,[]
"(4988, 5176)",2,1,True,"[4988, 5176]"
"(6459, 7794)",2,1,True,[6459]
"(1230, 7255)",2,1,True,[7255]
"(7254, 7738)",2,1,True,[7254]
"(532, 7035)",2,1,True,[7035]
"(1255, 3497)",2,1,True,[3497]
"(10128, 11049)",2,1,False,[]
"(6079, 10954)",2,1,True,[6079]
"(4143, 10726)",2,1,True,[10726]
"(11579, 12509)",2,1,False,[]
"(1676, 3898)",2,1,False,[]
"(449, 915, 2657)",3,1,True,[915]
"(4331, 4737)",2,1,True,[4737]
"(3214, 11255)",2,1,True,[3214]
"(674, 3620)",2,1,True,[3620]
"(3340, 8096)",2,1,True,[8096]
"(4068, 5598)",2,1,True,[4068]
"(40, 10197)",2,1,False,[]
"(553, 7714)",2,1,True,[553]
"(1447, 1656)",2,1,False,[]
"(1755, 6890)",2,1,True,[6890]
"(79, 2049)",2,1,True,[2049]
"(3341, 8821)",2,1,True,[8821]
"(468, 7529)",2,1,True,[468]
"(4467, 7193)",2,1,True,[4467]
"(2093, 4292, 5513, 12374)",4,1,False,[]
"(193, 4046)",2,1,True,[4046]
"(7095, 8657)",2,1,True,[8657]
"(6364, 12299)",2,1,True,[6364]
"(188, 7493)",2,1,True,[7493]
"(435, 5036)",2,1,True,[435]
"(2598, 5625)",2,1,True,[5625]
"(2169, 2248, 4266)",3,1,True,[4266]
"(2960, 5799, 8890, 10580)",4,1,True,[8890]
"(10605, 11105)",2,1,True,[10605]
"(2193, 2193)",2,1,False,[]
"(3296, 8649)",2,1,True,[3296]
"(253, 5861)",2,1,True,[5861]
"(1834, 12437)",2,1,True,[12437]
"(2139, 6762)",2,1,True,[6762]
"(1375, 5569)",2,1,True,[5569]
"(1216, 1479)",2,1,True,[1216]
"(134, 428, 1909)",3,1,True,[1909]
"(5003, 7653)",2,1,True,[7653]
"(1829, 3268)",2,1,True,[1829]
"(2350, 9971)",2,1,True,[9971]
"(1877, 7129)",2,1,True,[7129]
"(468, 2278)",2,1,True,[468]
"(2832, 6856, 9143, 10807)",4,1,True,"[9143, 10807]"
"(1, 11203)",2,1,False,[]
"(4483, 8022)",2,1,False,[]
"(791, 9659)",2,1,True,[791]
"(1055, 11292)",2,1,True,"[1055, 11292]"
"(2658, 10279)",2,1,True,[10279]
"(5622, 9206)",2,1,True,[5622]
"(11610, 12391)",2,1,False,[]
"(5040, 9362)",2,1,False,[]
"(11106, 12372)",2,1,True,[11106]
"(5890, 10224)",2,1,True,[5890]
"(2119, 3147)",2,1,True,[3147]
"(1169, 7717)",2,1,False,[]
"(963, 5308)",2,1,True,[5308]
"(672, 2143)",2,1,True,[2143]
"(456, 11106)",2,1,True,[11106]
"(7326, 9604)",2,1,True,[7326]
"(2831, 4120)",2,1,False,[]
"(3913, 5679)",2,1,True,[3913]
"(10802, 12018)",2,1,True,[12018]
"(903, 3807, 8712)",3,1,False,[]
"(10147, 10550)",2,1,True,"[10147, 10550]"
"(1787, 4969)",2,1,True,[4969]
"(1351, 1802)",2,1,True,[1351]
"(5664, 12115)",2,1,False,[]
"(9169, 11684)",2,1,True,[9169]
"(8057, 10318)",2,1,True,[8057]
"(3655, 5994)",2,1,True,[3655]
"(36, 236)",2,1,False,[]
"(2265, 12191)",2,1,True,[12191]
"(3227, 5921)",2,1,True,[5921]
"(6931, 10371)",2,1,True,[6931]
"(792, 1236)",2,1,False,[]
"(3637, 9579)",2,1,True,[3637]
"(11796, 12114)",2,1,True,[12114]
"(12350, 12583)",2,1,True,[12583]
"(574, 5656)",2,1,False,[]
"(1044, 5178)",2,1,True,[5178]
"(4174, 8385)",2,1,False,[]
"(1700, 4252)",2,1,True,[4252]
"(638, 6962)",2,1,True,[6962]
"(828, 6080, 7036)",3,1,True,[828]
"(4399, 7414)",2,1,True,[4399]
"(2606, 8277)",2,1,True,[8277]
"(2335, 10173)",2,1,True,"[2335, 10173]"
"(2525, 7634)",2,1,True,[7634]
"(5177, 8617)",2,1,True,[8617]
"(4057, 7415)",2,1,True,[7415]
"(6565, 9482)",2,1,True,[9482]
"(4422, 6340)",2,1,True,[4422]
"(2385, 2417)",2,1,True,[2385]
"(5955, 11563)",2,1,True,[11563]
"(3105, 9054)",2,1,False,[]
"(9264, 12491)",2,1,True,"[9264, 12491]"
"(5684, 5765)",2,1,True,"[5684, 5765]"
"(2098, 6352)",2,1,True,[2098]
"(11259, 12011)",2,1,True,[11259]
"(3068, 9970)",2,1,True,[9970]
"(2212, 12487)",2,1,False,[]
"(3385, 8855)",2,1,True,[3385]
"(1005, 7605)",2,1,True,[7605]
"(1442, 8211)",2,1,True,[8211]
"(9234, 11790)",2,1,True,[11790]
"(4594, 8000)",2,1,False,[]
"(893, 2663)",2,1,False,[]
"(5327, 11949)",2,1,True,[11949]
"(613, 5200)",2,1,False,[]
"(4, 10657)",2,1,False,[]
"(2940, 7844)",2,1,False,[]
"(2480, 12486)",2,1,False,[]
"(364, 5943)",2,1,False,[]
"(501, 11817)",2,1,False,[]
"(84, 7436)",2,1,False,[]
"(883, 10482)",2,1,False,[]
"(9553, 11355)",2,1,True,[9553]
"(759, 12281)",2,1,True,"[759, 12281]"
"(6853, 8694)",2,1,True,"[6853, 8694]"
"(211, 11258)",2,1,True,[211]
"(2349, 6604)",2,1,True,[6604]
"(448, 1749)",2,1,False,[]
"(1735, 5398)",2,1,False,[]
"(6892, 11495)",2,1,True,"[6892, 11495]"
"(10831, 12621)",2,1,True,[10831]
"(7797, 7864)",2,1,True,"[7797, 7864]"
"(2854, 12485)",2,1,True,[12485]
"(1033, 7281)",2,1,False,[]
"(6019, 8181)",2,1,False,[]
"(1262, 12117)",2,1,True,[12117]
"(410, 2589)",2,1,False,[]
"(495, 6927)",2,1,False,[]
"(12435, 12698)",2,1,True,[12435]
"(4538, 6340)",2,1,False,[]
"(2407, 9797)",2,1,True,"[2407, 9797]"
"(57, 1236)",2,1,False,[]
"(7270, 8475)",2,1,True,"[7270, 8475]"
"(1407, 6050)",2,1,True,"[1407, 6050]"
"(845, 11119)",2,1,True,[11119]
"(338, 2700)",2,1,False,[]
"(6487, 6767)",2,1,True,[6767]
"(431, 1677)",2,1,True,[1677]
"(5382, 8374)",2,1,False,[]
"(5475, 10074)",2,1,True,"[5475, 10074]"
"(1361, 4317)",2,1,False,[]
"(3348, 3660)",2,1,True,[3660]
"(4771, 5064)",2,1,True,[4771]
"(3077, 4818)",2,1,True,[4818]
"(169, 169)",2,1,False,[]
"(2878, 3234, 3358)",3,1,False,[]
"(2706, 10671)",2,1,False,[]
"(557, 5434)",2,1,True,[5434]
"(5568, 12724)",2,1,False,[]
"(1603, 4497)",2,1,False,[]
"(3142, 9301)",2,1,True,[9301]
"(8484, 9179)",2,1,True,[9179]
"(432, 1218, 4862)",3,1,True,"[432, 1218]"
"(2340, 5579)",2,1,False,[]
"(65, 960)",2,1,True,[960]
"(8337, 10073)",2,1,True,"[8337, 10073]"
"(11130, 12197)",2,1,True,[12197]
"(1347, 8064)",2,1,True,"[1347, 8064]"
"(946, 3036)",2,1,False,[]
"(4689, 5001)",2,1,True,[5001]
"(2159, 8964)",2,1,False,[]
"(133, 3778)",2,1,True,[3778]
"(4496, 6578)",2,1,True,[4496]
"(2706, 9180)",2,1,True,[9180]
"(894, 2267, 2879, 5801)",4,1,True,"[2267, 5801]"
"(10154, 11987)",2,1,True,[11987]
"(2362, 3731)",2,1,True,"[2362, 3731]"
"(255, 11149)",2,1,True,[11149]
"(5629, 8797)",2,1,True,[5629]
"(1364, 6463)",2,1,True,[6463]
"(252, 1219)",2,1,True,[1219]
"(1869, 9588)",2,1,True,[1869]
"(2013, 8066)",2,1,False,[]
"(8646, 10104)",2,1,False,[]
"(11240, 12269)",2,1,True,[11240]
"(5896, 5909)",2,1,False,[]
"(4234, 12653)",2,1,False,[]
"(7646, 11430)",2,1,True,"[7646, 11430]"
"(660, 9202)",2,1,False,[]
"(2442, 2706)",2,1,False,[]
"(8305, 9002)",2,1,True,"[8305, 9002]"
"(3898, 8003)",2,1,False,[]
"(9777, 12467)",2,1,True,"[9777, 12467]"
"(1937, 3507)",2,1,True,[3507]
"(9193, 11548)",2,1,True,"[9193, 11548]"
"(27, 5383, 12529)",3,1,False,[]
"(2514, 5994)",2,1,True,[2514]
"(755, 7044)",2,1,True,[7044]
"(3667, 12652)",2,1,True,[3667]
"(821, 838, 5210)",3,1,True,[838]
"(799, 5153)",2,1,True,[5153]
"(1001, 6289)",2,1,False,[]
"(1316, 3817)",2,1,True,[3817]
"(2006, 11958)",2,1,True,[2006]
"(423, 1199, 6471)",3,1,True,[1199]
"(8224, 10087)",2,1,True,"[8224, 10087]"
"(47, 1778, 3642, 7578)",4,1,True,"[47, 1778, 7578]"
"(862, 9810)",2,1,True,"[862, 9810]"
"(4311, 4840)",2,1,True,[4840]
"(6650, 8063)",2,1,True,[8063]
"(467, 3053)",2,1,True,[3053]
"(6899, 9585)",2,1,True,[9585]
"(1285, 6344)",2,1,False,[]
"(4478, 8385)",2,1,False,[]
"(3233, 10205)",2,1,True,"[3233, 10205]"
"(777, 2203)",2,1,False,[]
"(5444, 10404)",2,1,True,[10404]
"(3987, 5867)",2,1,True,[3987]
"(11607, 11853)",2,1,False,[]
"(1131, 7866)",2,1,False,[]
"(1950, 5971)",2,1,True,[1950]
"(10350, 10382)",2,1,True,"[10350, 10382]"
"(370, 429)",2,1,False,[]
"(7839, 9526)",2,1,True,[7839]
"(2527, 5209)",2,1,True,"[2527, 5209]"
"(5473, 8187)",2,1,True,[8187]
"(7387, 9422)",2,1,True,[7387]
"(1826, 3729)",2,1,False,[]
"(3800, 10932)",2,1,True,"[3800, 10932]"
"(11504, 12448)",2,1,False,[]
"(2299, 7875)",2,1,True,[2299]
"(6204, 10459)",2,1,False,[]
"(3880, 4298, 7167)",3,1,True,"[3880, 4298]"
"(1796, 4473)",2,1,False,[]
"(576, 7267)",2,1,True,[7267]
"(8684, 9178, 9979)",3,1,False,[]
"(2863, 8324)",2,1,False,[]
"(31, 3444)",2,1,True,[3444]
"(1794, 7168)",2,1,True,[7168]
"(1256, 8673)",2,1,True,[8673]
"(10814, 12095)",2,1,True,"[10814, 12095]"
"(703, 1433)",2,1,True,"[703, 1433]"
"(249, 260)",2,1,True,[260]
"(9001, 10283, 11536)",3,1,True,[9001]
"(182, 728, 5474)",3,1,True,"[182, 728, 5474]"
"(6689, 7969)",2,1,True,"[6689, 7969]"
"(5184, 11761)",2,1,True,"[5184, 11761]"
"(5417, 6205)",2,1,True,[6205]
"(1456, 3837)",2,1,True,[1456]
"(9029, 9528)",2,1,False,[]
"(1268, 8365)",2,1,True,"[1268, 8365]"
"(1383, 7579)",2,1,True,[7579]
"(11367, 11535)",2,1,True,[11367]
"(525, 12651)",2,1,True,[12651]
"(6722, 11429)",2,1,False,[]
"(9928, 10131)",2,1,True,"[9928, 10131]"
"(9586, 9929)",2,1,True,"[9586, 9929]"
"(3368, 3568)",2,1,False,[]
"(3118, 7994)",2,1,True,[7994]
"(5927, 7499)",2,1,True,[5927]
"(952, 3481)",2,1,True,[952]
"(3672, 7580)",2,1,True,[3672]
"(1482, 2861, 2872)",3,1,True,[2861]
"(2389, 6900)",2,1,True,[6900]
"(6652, 7043)",2,1,True,[7043]
"(8550, 9424)",2,1,True,[8550]
"(530, 2823)",2,1,False,[]
"(760, 5089)",2,1,False,[]
"(7634, 8336)",2,1,True,[7634]
"(1287, 3663)",2,1,False,[]
"(2339, 2834)",2,1,False,[]
"(4964, 8604)",2,1,True,[4964]
"(2460, 3564)",2,1,True,[2460]
"(7748, 9425)",2,1,True,[7748]
"(5213, 7537)",2,1,False,[]
"(3672, 6052)",2,1,True,[3672]
"(3716, 9461)",2,1,True,[3716]
"(1190, 2944)",2,1,True,[1190]
"(5321, 5947)",2,1,False,[]
"(66, 10558)",2,1,False,[]
"(2240, 2642)",2,1,True,"[2240, 2642]"
"(3527, 6544)",2,1,True,[6544]
"(9559, 11799)",2,1,True,[9559]
"(3220, 8966)",2,1,True,[8966]
"(1805, 5212)",2,1,True,"[1805, 5212]"
"(1361, 11575)",2,1,True,[11575]
"(6290, 12703)",2,1,True,[12703]
"(729, 5210)",2,1,False,[]
"(8495, 9148)",2,1,True,[9148]
"(2341, 3482)",2,1,False,[]
"(1497, 3555)",2,1,False,[]
"(7469, 11468)",2,1,True,[7469]
"(946, 3155)",2,1,False,[]
"(5441, 12468)",2,1,False,[]
"(5611, 7057)",2,1,True,[5611]
"(8338, 8765)",2,1,True,[8765]
"(113, 2860, 3526)",3,1,True,[2860]
"(7647, 10179)",2,1,True,[7647]
"(6542, 8862)",2,1,True,[8862]
"(6617, 9327, 12026)",3,1,True,[12026]
"(1320, 3286, 5675, 9907, 10585)",5,1,True,[10585]
"(112, 2785, 2802, 3086, 5773, 7496)",6,1,True,[3086]
"(48, 1543)",2,1,True,[48]
"(8266, 8848)",2,1,True,[8266]
"(3076, 8897)",2,1,True,[8897]
"(1870, 5311)",2,1,True,[5311]
"(10354, 12505)",2,1,False,[]
"(8523, 10921)",2,1,False,[]
"(586, 1702)",2,1,True,"[586, 1702]"
"(207, 433, 1512)",3,1,True,[433]
"(4192, 11988)",2,1,True,[11988]
"(1492, 1562)",2,1,True,[1492]
"(6175, 12199)",2,1,True,[6175]
"(19, 6055)",2,1,False,[]
"(3879, 5896, 5909)",3,1,True,[3879]
"(2400, 5601)",2,1,False,[]
"(4336, 8632)",2,1,True,[8632]
"(2945, 7840)",2,1,True,"[2945, 7840]"
"(4073, 6656)",2,1,True,[4073]
"(562, 1083)",2,1,False,[]
"(5595, 7941)",2,1,True,[5595]
"(2751, 6019)",2,1,False,[]
"(1352, 7074, 11764)",3,1,True,"[1352, 11764]"
"(6617, 9327)",2,1,False,[]
"(1320, 3286, 5675)",3,1,False,[]
"(1231, 2521)",2,1,True,[2521]
"(2873, 6315)",2,1,True,[6315]
"(2493, 9867)",2,1,True,[9867]
"(1174, 4696)",2,1,True,[4696]
"(5333, 11369)",2,1,True,[11369]
"(597, 1893)",2,1,True,[1893]
"(4843, 7877)",2,1,True,"[4843, 7877]"
"(4863, 7334)",2,1,True,[4863]
"(1787, 3945)",2,1,True,[3945]
"(6718, 11184)",2,1,True,[11184]
"(2442, 8366)",2,1,True,[8366]
"(448, 1887, 1937)",3,1,False,[]
"(6806, 8093, 8093)",3,1,True,[6806]
"(5689, 10016)",2,1,True,[10016]
"(405, 3633)",2,1,True,"[405, 3633]"
"(3801, 11431)",2,1,True,[11431]
"(6768, 12562)",2,1,True,"[6768, 12562]"
"(3394, 9932)",2,1,True,"[3394, 9932]"
"(8615, 10946)",2,1,False,[]
"(10015, 11209)",2,1,True,[10015]
"(14, 8402)",2,1,True,[8402]
"(3563, 4926)",2,1,True,"[3563, 4926]"
"(1848, 2494)",2,1,True,[1848]
"(4434, 9604)",2,1,True,[4434]
"(1098, 1761)",2,1,True,[1098]
"(1786, 6543)",2,1,True,[6543]
"(1892, 1918)",2,1,True,[1892]
"(6690, 6971, 11183)",3,1,False,[]
"(3410, 3501)",2,1,True,[3501]
"(11303, 12853)",2,1,True,[12853]
"(7774, 9245)",2,1,True,[7774]
"(2751, 6264)",2,1,False,[]
"(7536, 11978)",2,1,True,[11978]
"(10014, 10470)",2,1,False,[]
"(10839, 12198)",2,1,True,"[10839, 12198]"
"(1543, 2596)",2,1,False,[]
"(4638, 8586)",2,1,True,"[4638, 8586]"
"(243, 823)",2,1,True,[823]
"(8155, 10557)",2,1,True,[8155]
"(250, 3179)",2,1,False,[]
"(1280, 3788)",2,1,True,[1280]
"(2110, 3296, 8649)",3,1,True,[3296]
"(6090, 11396)",2,1,True,[11396]
"(442, 1757, 2194, 3496, 3840, 5063)",6,1,True,[442]
"(8454, 12793)",2,1,True,[12793]
"(226, 369)",2,1,False,[]
"(6545, 10284)",2,1,False,[]
"(10352, 12287)",2,1,False,[]
"(8631, 8965)",2,1,True,"[8631, 8965]"
"(338, 2700, 3368)",3,1,False,[]
"(580, 3889)",2,1,False,[]
"(11368, 12128)",2,1,True,"[11368, 12128]"
"(4839, 7144)",2,1,False,[]
"(22, 11013)",2,1,False,[]
"(3837, 11658)",2,1,False,[]
"(6617, 12267)",2,1,False,[]
"(5332, 8173)",2,1,True,[5332]
"(372, 5720)",2,1,True,[372]
"(147, 6206)",2,1,False,[]
"(95, 11214)",2,1,True,[11214]
"(6051, 9181)",2,1,True,[6051]
"(322, 3010, 4378, 8551)",4,1,True,"[4378, 8551]"
"(1387, 9599)",2,1,False,[]
"(1339, 6463)",2,1,True,"[1339, 6463]"
"(162, 2380)",2,1,False,[]
"(4724, 6862)",2,1,True,[6862]
"(3273, 4108)",2,1,True,[3273]
"(8798, 10351)",2,1,True,[8798]
"(2472, 12886)",2,1,True,[2472]
"(509, 12162)",2,1,False,[]
"(11300, 12445)",2,1,False,[]
"(5690, 12725)",2,1,True,[5690]
"(12441, 12601)",2,1,True,[12441]
"(358, 9218)",2,1,True,[9218]
"(570, 1702)",2,1,True,[1702]
"(7535, 11066)",2,1,False,[]
"(3506, 8062)",2,1,True,[3506]
"(3219, 3480)",2,1,True,[3480]
"(4575, 9123)",2,1,True,[4575]
"(7424, 12605)",2,1,True,[7424]
"(7901, 11502)",2,1,True,[7901]
"(1676, 3052)",2,1,True,[3052]
"(1367, 10158)",2,1,True,"[1367, 10158]"
"(6233, 10478)",2,1,True,[6233]
"(2555, 2594)",2,1,True,[2555]
"(16, 1360)",2,1,True,[1360]
"(3671, 5979)",2,1,True,[3671]
"(1414, 9531)",2,1,True,[9531]
"(7874, 9866)",2,1,True,[9866]
"(4830, 12471)",2,1,True,[4830]
"(7175, 9063)",2,1,True,"[7175, 9063]"
"(2718, 4495)",2,1,True,[2718]
"(2109, 9806)",2,1,True,[9806]
"(6375, 8364)",2,1,True,[8364]
"(9584, 12160)",2,1,True,[9584]
"(11240, 12412)",2,1,True,[11240]
"(605, 1838)",2,1,False,[]
"(10961, 11501)",2,1,True,[11501]
"(10312, 11956)",2,1,True,[10312]
"(685, 11116, 11366)",3,1,True,"[11116, 11366]"
"(190, 399)",2,1,True,"[190, 399]"
"(371, 956)",2,1,True,[371]
"(1880, 5183)",2,1,True,[5183]
"(1929, 2495)",2,1,True,[1929]
"(1931, 10153)",2,1,True,[10153]
"(1288, 4527)",2,1,False,[]
"(1986, 4698)",2,1,True,[4698]
"(8585, 11573)",2,1,True,[11573]
"(67, 5222)",2,1,True,[5222]
"(1990, 5357)",2,1,True,[5357]
"(1524, 1548)",2,1,True,[1524]
"(387, 11239)",2,1,False,[]
"(617, 6803)",2,1,True,[6803]
"(1857, 5208)",2,1,True,[1857]
"(101, 250)",2,1,False,[]
"(11117, 12846)",2,1,True,[12846]
"(4317, 5358)",2,1,True,[5358]
"(1839, 9776)",2,1,True,[9776]
"(7940, 9893)",2,1,True,[7940]
"(380, 1667)",2,1,True,[1667]
"(495, 4041)",2,1,True,[4041]
"(5804, 11503)",2,1,True,"[5804, 11503]"
"(1635, 3944)",2,1,True,[1635]
"(401, 9617)",2,1,True,[401]
"(2340, 5088)",2,1,True,[5088]
"(6739, 8372)",2,1,True,[6739]
"(4859, 5518)",2,1,True,[5518]
"(843, 1262)",2,1,False,[]
"(6119, 6574)",2,1,True,"[6119, 6574]"
"(10555, 10638)",2,1,True,[10555]
"(863, 4899)",2,1,True,[4899]
"(4769, 11213)",2,1,True,[4769]
"(4663, 7072)",2,1,True,[7072]
"(2027, 3672)",2,1,True,[3672]
"(1411, 2071)",2,1,False,[]
"(11331, 11692)",2,1,True,"[11331, 11692]"
"(358, 11986)",2,1,True,[11986]
"(4495, 9978)",2,1,True,[9978]
"(474, 1318)",2,1,True,[474]
"(2023, 12561)",2,1,True,[12561]
"(1417, 2572)",2,1,True,[2572]
"(2489, 11080)",2,1,True,[2489]
"(4338, 7997)",2,1,True,[7997]
"(1768, 4106)",2,1,False,[]
"(1189, 5931)",2,1,True,[1189]
"(5069, 6582)",2,1,True,[6582]
"(2675, 4867)",2,1,True,"[2675, 4867]"
"(1889, 3676)",2,1,True,"[1889, 3676]"
"(6288, 8521)",2,1,True,"[6288, 8521]"
"(10531, 12232)",2,1,True,[10531]
"(11410, 12404)",2,1,True,[12404]
"(3479, 10959)",2,1,True,[10959]
"(1481, 4072)",2,1,True,[1481]
"(5235, 11115)",2,1,True,[5235]
"(6089, 7057)",2,1,True,[6089]
"(2925, 9460)",2,1,True,[2925]
"(9092, 12510)",2,1,True,"[9092, 12510]"
"(2183, 11212)",2,1,True,[11212]
"(985, 7570)",2,1,False,[]
"(11805, 11991)",2,1,True,"[11805, 11991]"
"(803, 1793, 5392, 8092)",4,1,False,[]
"(7165, 9242)",2,1,True,[9242]
"(1865, 12772)",2,1,True,[12772]
"(2307, 4925)",2,1,True,[4925]
"(2145, 2145)",2,1,False,[]
"(3268, 8435)",2,1,False,[]
"(1452, 8018)",2,1,True,[1452]
"(7996, 8156)",2,1,True,[7996]
"(9525, 12771)",2,1,True,[9525]
"(940, 4360)",2,1,False,[]
"(1880, 9719)",2,1,False,[]
"(5192, 10347)",2,1,True,[10347]
"(5361, 7166)",2,1,True,[7166]
"(358, 5440)",2,1,True,[5440]
"(4745, 5552)",2,1,True,"[4745, 5552]"
"(257, 421)",2,1,False,[]
"(473, 3988)",2,1,True,[3988]
"(186, 2887)",2,1,True,[2887]
"(593, 8929)",2,1,False,[]
"(39, 2763)",2,1,True,[2763]
"(1696, 4213)",2,1,True,"[1696, 4213]"
"(3122, 12268)",2,1,True,[12268]
"(2, 8124)",2,1,True,[8124]
"(1193, 6384)",2,1,True,[6384]
"(8363, 12667)",2,1,True,[12667]
"(1787, 6860)",2,1,True,[6860]
"(1511, 3901)",2,1,True,[3901]
"(540, 1088)",2,1,True,[1088]
"(4494, 8034)",2,1,True,"[4494, 8034]"
"(9031, 12816)",2,1,True,"[9031, 12816]"
"(4663, 6239)",2,1,False,[]
"(10, 10960)",2,1,True,[10960]
"(4127, 12025)",2,1,True,[12025]
"(1710, 12309)",2,1,True,[12309]
"(6118, 12890)",2,1,True,"[6118, 12890]"
"(674, 4120)",2,1,False,[]
"(3518, 7938)",2,1,True,[3518]
"(2340, 11884)",2,1,False,[]
"(5207, 6616)",2,1,True,"[5207, 6616]"
"(1420, 2963, 3157)",3,1,True,"[1420, 2963]"
"(357, 920)",2,1,True,"[357, 920]"
"(5748, 8066)",2,1,True,[5748]
"(660, 12535)",2,1,False,[]
"(9243, 9750)",2,1,True,"[9243, 9750]"
"(7763, 8486)",2,1,False,[]
"(9147, 12002)",2,1,True,"[9147, 12002]"
"(3377, 5842)",2,1,True,[5842]
"(8930, 12233)",2,1,True,[8930]
"(1086, 10813)",2,1,True,[10813]
"(5405, 8303)",2,1,False,[]
"(3141, 4009)",2,1,False,[]
"(3392, 3617)",2,1,True,"[3392, 3617]"
"(2599, 4410)",2,1,True,"[2599, 4410]"
"(6651, 6939)",2,1,True,"[6651, 6939]"
"(3988, 7721)",2,1,True,[3988]
"(6376, 7268)",2,1,True,"[6376, 7268]"
"(874, 5719)",2,1,True,[874]
"(1361, 3035)",2,1,True,[3035]
"(7104, 9906)",2,1,True,"[7104, 9906]"
"(5149, 7218, 7645)",3,1,True,[7218]
"(7746, 10229)",2,1,True,"[7746, 10229]"
"(1542, 10259)",2,1,True,[10259]
"(231, 7501)",2,1,False,[]
"(5708, 10983)",2,1,True,"[5708, 10983]"
"(8735, 10532)",2,1,True,[10532]
"(7388, 8630)",2,1,True,[7388]
"(31, 5553)",2,1,True,[5553]
"(222, 6541)",2,1,True,[6541]
"(829, 10252)",2,1,True,[10252]
"(612, 752)",2,1,False,[]
"(12381, 12411)",2,1,False,[]
"(971, 6546)",2,1,False,[]
"(2528, 9905)",2,1,True,[9905]
"(2172, 8302)",2,1,True,"[2172, 8302]"
"(36, 3925)",2,1,False,[]
"(358, 2146)",2,1,False,[]
"(2641, 4861)",2,1,True,[4861]
"(1206, 2386)",2,1,True,"[1206, 2386]"
"(2220, 4600)",2,1,True,[2220]
"(3679, 4107)",2,1,False,[]
"(1035, 4176)",2,1,False,[]
"(12161, 12651)",2,1,True,[12651]
"(12195, 12840)",2,1,True,"[12195, 12840]"
"(10670, 11797)",2,1,True,"[10670, 11797]"
"(585, 3393)",2,1,True,"[585, 3393]"
"(1568, 3618)",2,1,True,[1568]
"(1423, 7304)",2,1,True,"[1423, 7304]"
"(11, 12505)",2,1,False,[]
"(4547, 5519)",2,1,True,[5519]
"(818, 1779)",2,1,True,[818]
"(2422, 5895)",2,1,True,[5895]
"(3643, 8188)",2,1,False,[]
"(5126, 10730)",2,1,True,[5126]
"(10614, 12532)",2,1,True,"[10614, 12532]"
"(6805, 9930)",2,1,True,[6805]
"(2770, 3054)",2,1,True,[3054]
"(4546, 10260)",2,1,True,[4546]
"(11118, 11269)",2,1,True,[11118]
"(7808, 10432)",2,1,True,[10432]
"(12386, 12528)",2,1,True,[12386]
"(5805, 12062)",2,1,True,[12062]
"(4190, 5737)",2,1,False,[]
"(286, 4147, 8961)",3,1,True,[4147]
"(581, 8304)",2,1,True,[8304]
"(1035, 2743)",2,1,True,[2743]
"(2430, 9527)",2,1,False,[]
"(3117, 5843)",2,1,True,"[3117, 5843]"
"(1197, 9491)",2,1,True,[9491]
"(876, 10103)",2,1,True,[10103]
"(214, 2947)",2,1,True,[2947]
"(4860, 5472)",2,1,True,"[4860, 5472]"
"(2497, 10348)",2,1,True,[10348]
"(3641, 8117)",2,1,True,[3641]
"(543, 4189)",2,1,True,[4189]
"(5236, 8117)",2,1,True,[5236]
"(2298, 3986)",2,1,True,"[2298, 3986]"
"(397, 1609)",2,1,True,"[397, 1609]"
"(4297, 7880)",2,1,True,"[4297, 7880]"
"(4514, 6234, 10962)",3,1,True,[6234]
"(12311, 12343)",2,1,True,"[12311, 12343]"
"(4842, 7223)",2,1,True,[7223]
"(2447, 10985)",2,1,True,[2447]
"(554, 8265)",2,1,True,[8265]
"(7042, 9720)",2,1,True,[7042]
"(882, 1491, 2666, 11003)",4,1,True,[11003]
"(3799, 6310)",2,1,False,[]
"(3673, 8861)",2,1,True,"[3673, 8861]"
"(895, 4065)",2,1,False,[]
"(9398, 9490)",2,1,True,"[9398, 9490]"
"(1280, 2576, 8522)",3,1,True,[1280]
"(874, 9927)",2,1,True,"[874, 9927]"
"(8470, 8704, 11877)",3,1,True,[11877]
"(704, 12410)",2,1,True,[12410]
"(1788, 12606)",2,1,True,[1788]
"(4816, 8300)",2,1,True,[4816]
"(5151, 7061)",2,1,True,[5151]
"(4182, 7718, 10548)",3,1,True,[10548]
"(895, 8153)",2,1,False,[]
"(10891, 11574)",2,1,True,[10891]
"(1346, 11957)",2,1,True,[11957]
"(6898, 12310)",2,1,True,[12310]
"(2389, 12196)",2,1,False,[]
"(4474, 11029)",2,1,True,[4474]
"(318, 10349)",2,1,True,[318]
"(4576, 5841)",2,1,True,[5841]
"(2505, 6111)",2,1,True,[2505]
"(293, 2442)",2,1,False,[]
"(11656, 12312)",2,1,True,[11656]
"(1844, 6399)",2,1,True,[1844]
"(6861, 12631)",2,1,True,[12631]
"(3387, 12380)",2,1,True,[3387]
"(4601, 9587)",2,1,True,[4601]
"(6428, 10892)",2,1,True,[10892]
"(2028, 4169)",2,1,True,"[2028, 4169]"
"(9904, 10909)",2,1,True,[9904]
"(3730, 5152, 10758)",3,1,True,"[3730, 5152]"
"(178, 8760)",2,1,True,[8760]
"(1392, 2492)",2,1,True,[1392]
"(8301, 9423)",2,1,True,[8301]
"(715, 10132)",2,1,True,[715]
"(2542, 7248)",2,1,True,[2542]
"(1285, 5493)",2,1,True,[5493]
"(8195, 11798)",2,1,False,[]
"(10313, 12881)",2,1,True,"[10313, 12881]"
"(1520, 7772)",2,1,True,[7772]
"(1358, 2184)",2,1,True,[1358]
"(57, 8335)",2,1,False,[]
"(4168, 10556)",2,1,True,[10556]
"(1033, 7043)",2,1,True,[7043]
"(1903, 1918)",2,1,True,[1903]
"(2473, 5294)",2,1,False,[]
"(3970, 4052)",2,1,True,[4052]
"(945, 6804)",2,1,True,"[945, 6804]"
"(7876, 9244)",2,1,True,"[7876, 9244]"
"(57, 4299)",2,1,False,[]
"(5129, 11031)",2,1,True,[5129]
"(4639, 9492)",2,1,True,[4639]
"(6864, 10733)",2,1,False,[]
"(2212, 11695)",2,1,False,[]
"(360, 1894)",2,1,True,[1894]
"(12278, 12656)",2,1,True,[12278]
"(1849, 11270)",2,1,True,[11270]
"(949, 6808)",2,1,True,[6808]
"(5280, 6143)",2,1,True,[6143]
"(70, 4435)",2,1,False,[]
"(1906, 10935)",2,1,True,[10935]
"(6310, 8223)",2,1,False,[]
"(11334, 12818)",2,1,True,[11334]
"(5385, 5721)",2,1,True,[5385]
"(777, 5026, 6546)",3,1,False,[]
"(11255, 12704)",2,1,True,[12704]
"(7884, 12276)",2,1,True,[12276]
"(5704, 6244)",2,1,False,[]
"(1713, 5929)",2,1,True,[5929]
"(696, 3371)",2,1,True,[3371]
"(497, 2689)",2,1,True,[2689]
"(1937, 3720)",2,1,False,[]
"(4579, 11694)",2,1,True,[11694]
"(1127, 4149)",2,1,True,[4149]
"(1653, 2424, 8159)",3,1,False,[]
"(1324, 2087)",2,1,True,[2087]
"(9632, 12030)",2,1,True,[12030]
"(11042, 12019)",2,1,False,[]
"(6236, 7057)",2,1,True,[6236]
"(6200, 6244, 9695)",3,1,False,[]
"(4725, 5981)",2,1,True,"[4725, 5981]"
"(9150, 10617)",2,1,True,[9150]
"(362, 2577)",2,1,True,[362]
"(1511, 10075)",2,1,False,[]
"(1027, 2149)",2,1,True,[2149]
"(4666, 11471)",2,1,True,[11471]
"(3017, 10133)",2,1,True,[3017]
"(1198, 11960)",2,1,True,[11960]
"(1370, 2381)",2,1,True,[1370]
"(2181, 5580)",2,1,True,[5580]
"(5398, 8405)",2,1,False,[]
"(4942, 7728)",2,1,True,[4942]
"(992, 7614)",2,1,False,[]
"(7170, 9953)",2,1,True,[9953]
"(3741, 9870)",2,1,False,[]
"(387, 7878)",2,1,True,[7878]
"(1995, 7337)",2,1,True,[1995]
"(3305, 11215)",2,1,True,"[3305, 11215]"
"(5442, 8119)",2,1,True,[8119]
"(3843, 11333)",2,1,True,[3843]
"(5495, 6619, 9937)",3,1,True,[5495]
"(1977, 12200)",2,1,True,[12200]
"(5215, 6621)",2,1,True,[5215]
"(7292, 11245)",2,1,False,[]
"(856, 4865)",2,1,True,[4865]
"(117, 4864)",2,1,True,[117]
"(1169, 5327)",2,1,False,[]
"(4137, 4258)",2,1,True,[4258]
"(5496, 11470)",2,1,True,[11470]
"(251, 4041)",2,1,True,[4041]
"(24, 10157)",2,1,True,[10157]
"(2337, 4346)",2,1,False,[]
"(7045, 9221)",2,1,True,[9221]
"(3016, 6716)",2,1,True,[3016]
"(1576, 10732)",2,1,True,[10732]
"(8635, 9530)",2,1,True,[8635]
"(3923, 6916)",2,1,True,[3923]
"(2430, 10716)",2,1,False,[]
"(756, 2834, 3720)",3,1,False,[]
"(1751, 5844)",2,1,True,[5844]
"(7995, 12273)",2,1,True,"[7995, 12273]"
"(658, 1668)",2,1,True,[1668]
"(394, 9328)",2,1,True,[9328]
"(109, 482, 9266)",3,1,True,[482]
"(9836, 11843)",2,1,True,[9836]
"(6620, 8418)",2,1,True,[6620]
"(1560, 9368)",2,1,False,[]
"(509, 8190, 11731)",3,1,True,[8190]
"(310, 2517)",2,1,True,[310]
"(5359, 6748)",2,1,True,[6748]
"(1301, 2485)",2,1,True,[2485]
"(3097, 11921)",2,1,True,"[3097, 11921]"
"(3428, 11507)",2,1,True,[3428]
"(4235, 9936)",2,1,True,[9936]
"(469, 2462)",2,1,False,[]
"(11505, 11679)",2,1,True,[11505]
"(1551, 5419)",2,1,True,[1551]
"(2014, 12163)",2,1,True,[12163]
"(2771, 4748)",2,1,True,"[2771, 4748]"
"(6807, 9780)",2,1,True,"[6807, 9780]"
"(3842, 5420)",2,1,True,[3842]
"(2701, 12272)",2,1,True,[12272]
"(430, 2744, 3303)",3,1,True,[3303]
"(9032, 10673)",2,1,True,[10673]
"(794, 2702)",2,1,True,[794]
"(525, 1937, 7336, 8636)",4,1,True,[8636]
"(9980, 11151)",2,1,True,"[9980, 11151]"
"(819, 3457)",2,1,False,[]
"(1358, 8094)",2,1,True,[1358]
"(8607, 9033)",2,1,True,"[8607, 9033]"
"(647, 5868)",2,1,True,[5868]
"(6973, 9908)",2,1,True,"[6973, 9908]"
"(879, 9618)",2,1,True,[879]
"(895, 9330)",2,1,False,[]
"(3780, 6654)",2,1,True,[3780]
"(4602, 8479)",2,1,True,[8479]
"(9184, 10842)",2,1,True,[9184]
"(1627, 8306)",2,1,False,[]
"(1604, 3304)",2,1,True,[3304]
"(7405, 9329)",2,1,True,[9329]
"(5524, 8771)",2,1,False,[]
"(6863, 8706)",2,1,True,[6863]
"(7305, 7543)",2,1,True,[7543]
"(5808, 8830)",2,1,True,[8830]
"(632, 8189, 8267)",3,1,True,"[632, 8189]"
"(9243, 11432)",2,1,True,"[9243, 11432]"
"(2966, 10376)",2,1,False,[]
"(5862, 9267, 9869)",3,1,True,"[9267, 9869]"
"(6378, 12275)",2,1,True,[6378]
"(2300, 8831)",2,1,False,[]
"(11990, 12274)",2,1,True,[11990]
"(8371, 8899)",2,1,False,[]
"(2728, 8229)",2,1,True,[2728]
"(5002, 8587)",2,1,True,"[5002, 8587]"
"(2031, 7617)",2,1,True,[2031]
"(10843, 11581)",2,1,True,[10843]
"(9724, 11845)",2,1,True,[9724]
"(844, 1901)",2,1,True,"[844, 1901]"
"(10207, 11539)",2,1,True,[11539]
"(99, 4669)",2,1,False,[]
"(807, 7503)",2,1,True,[7503]
"(750, 7943)",2,1,True,[750]
"(4084, 12705)",2,1,True,[12705]
"(5870, 9808)",2,1,True,[5870]
"(1166, 5157)",2,1,True,[1166]
"(1575, 3576)",2,1,False,[]
"(7526, 12633)",2,1,True,[12633]
"(9094, 11271)",2,1,True,[11271]
"(5388, 5634)",2,1,True,"[5388, 5634]"
"(75, 12443)",2,1,True,[12443]
"(3057, 3621)",2,1,True,[3621]
"(5778, 9094)",2,1,False,[]
"(3781, 5660)",2,1,True,"[3781, 5660]"
"(7141, 8554)",2,1,True,[8554]
"(2174, 9036)",2,1,True,[9036]
"(128, 9954)",2,1,True,[9954]
"(9067, 10938)",2,1,True,[10938]
"(3677, 10289)",2,1,True,[3677]
"(1285, 1747, 3562)",3,1,False,[]
"(1960, 4392)",2,1,False,[]
"(8972, 12033)",2,1,True,[8972]
"(5107, 11335)",2,1,True,[11335]
"(4475, 6238)",2,1,False,[]
"(9361, 11083)",2,1,True,[9361]
"(365, 12689)",2,1,True,[12689]
"(2284, 10778)",2,1,True,[10778]
"(461, 5444)",2,1,True,[461]
"(1922, 3802)",2,1,True,[1922]
"(1165, 4215)",2,1,True,"[1165, 4215]"
"(230, 861)",2,1,True,[861]
"(7541, 11962)",2,1,True,[11962]
"(1267, 3326)",2,1,True,[3326]
"(4319, 5422)",2,1,True,[5422]
"(11154, 11155)",2,1,True,[11155]
"(6402, 9696)",2,1,True,[9696]
"(2423, 11186)",2,1,False,[]
"(5444, 11336)",2,1,False,[]
"(6144, 9266)",2,1,True,[6144]
"(1483, 5040)",2,1,True,[1483]
"(69, 5335)",2,1,True,[5335]
"(8330, 8707)",2,1,True,"[8330, 8707]"
"(3611, 11412)",2,1,False,[]
"(1623, 1970)",2,1,True,[1623]
"(2670, 12096)",2,1,True,[12096]
"(3372, 8865)",2,1,True,[3372]
"(3882, 3882, 4029)",3,1,False,[]
"(547, 1024, 1542)",3,1,True,[1024]
"(212, 8935)",2,1,True,[8935]
"(2183, 2400)",2,1,False,[]
"(4380, 7338)",2,1,True,[4380]
"(1768, 4110)",2,1,False,[]
"(829, 8712)",2,1,False,[]
"(3803, 6865)",2,1,True,[6865]
"(11094, 12866)",2,1,True,[12866]
"(1361, 2088)",2,1,False,[]
"(2308, 3459)",2,1,True,[2308]
"(1561, 10618)",2,1,True,"[1561, 10618]"
"(2952, 6655)",2,1,True,[6655]
"(348, 5809)",2,1,True,[5809]
"(3288, 8772)",2,1,False,[]
"(4074, 4943)",2,1,True,"[4074, 4943]"
"(3287, 6314)",2,1,True,[3287]
"(2318, 12729)",2,1,True,"[2318, 12729]"
"(6750, 8439)",2,1,True,[8439]
"(3804, 6684)",2,1,True,[3804]
"(4966, 10705)",2,1,True,[4966]
"(5692, 9126)",2,1,False,[]
"(350, 11152)",2,1,False,[]
"(5421, 9590)",2,1,True,"[5421, 9590]"
"(996, 8832)",2,1,True,[996]
"(4120, 6486)",2,1,False,[]
"(2283, 8675)",2,1,True,[2283]
"(2862, 4214)",2,1,True,"[2862, 4214]"
"(3990, 4362, 6237)",3,1,True,[3990]
"(6120, 6693)",2,1,True,[6693]
"(2800, 10816)",2,1,True,[2800]
"(3860, 6177)",2,1,False,[]
"(613, 4676)",2,1,False,[]
"(2885, 7777)",2,1,True,"[2885, 7777]"
"(83, 83)",2,1,False,[]
"(1956, 11054)",2,1,False,[]
"(5064, 11577)",2,1,False,[]
"(2448, 6943)",2,1,True,"[2448, 6943]"
"(2973, 7470)",2,1,True,"[2973, 7470]"
"(3098, 8553)",2,1,True,"[3098, 8553]"
"(2251, 7540)",2,1,False,[]
"(747, 4087, 8049)",3,1,False,[]
"(110, 8934)",2,1,False,[]
"(1201, 12031)",2,1,True,[1201]
"(18, 12064)",2,1,True,[12064]
"(6054, 9066)",2,1,True,"[6054, 9066]"
"(4499, 9400)",2,1,True,[9400]
"(4197, 8440)",2,1,True,[8440]
"(1289, 1290)",2,1,True,[1290]
"(1023, 1683, 5253)",3,1,True,[5253]
"(4982, 11696)",2,1,False,[]
"(11153, 12729)",2,1,True,"[11153, 12729]"
"(11303, 11578)",2,1,True,[11578]
"(10936, 11922)",2,1,True,[11922]
"(3025, 8799)",2,1,True,[8799]
"(3119, 6314)",2,1,True,[3119]
"(3458, 5130)",2,1,True,[5130]
"(287, 7615)",2,1,True,[287]
"(910, 3598)",2,1,True,[910]
"(1212, 2373)",2,1,True,[1212]
"(4700, 6352)",2,1,False,[]
"(4470, 6584)",2,1,True,[6584]
"(10668, 11537)",2,1,True,[11537]
"(850, 6508)",2,1,True,[6508]
"(1396, 10587)",2,1,True,[10587]
"(2610, 5417)",2,1,False,[]
"(342, 711)",2,1,False,[]
"(2072, 4603)",2,1,True,[2072]
"(1013, 3160)",2,1,True,[1013]
"(8369, 9563)",2,1,True,[8369]
"(456, 456)",2,1,False,[]
"(6102, 12032)",2,1,True,[6102]
"(942, 5090)",2,1,True,[942]
"(1954, 9052)",2,1,True,[9052]
"(5237, 7902, 10261)",3,1,True,[7902]
"(4990, 9222)",2,1,True,[4990]
"(2185, 2498)",2,1,True,[2185]
"(9093, 11032)",2,1,True,"[9093, 11032]"
"(7213, 7684)",2,1,True,[7684]
"(4797, 8083)",2,1,False,[]
"(3445, 8356)",2,1,True,[3445]
"(1375, 10869)",2,1,True,[10869]
"(7205, 11730)",2,1,True,[11730]
"(4041, 10017)",2,1,True,[4041]
"(464, 8403)",2,1,True,[8403]
"(1931, 10918)",2,1,True,[10918]
"(8404, 10206)",2,1,True,"[8404, 10206]"
"(288, 8932)",2,1,True,"[288, 8932]"
"(5334, 6713)",2,1,True,[5334]
"(1316, 9693)",2,1,False,[]
"(2268, 2412)",2,1,False,[]
"(5346, 9003)",2,1,True,[9003]
"(2879, 5801)",2,1,True,[5801]
"(358, 7915, 10230)",3,1,False,[]
"(55, 12192)",2,1,True,"[55, 12192]"
"(4498, 12411)",2,1,False,[]
"(11178, 12588)",2,1,True,[12588]
"(2818, 3037)",2,1,True,[3037]
"(464, 471, 6297)",3,1,False,[]
"(2212, 5333)",2,1,False,[]
"(1125, 2184)",2,1,False,[]
"(10314, 11469)",2,1,True,[10314]
"(3583, 3837)",2,1,True,[3583]
"(6718, 11823)",2,1,False,[]
"(9359, 11081)",2,1,True,[9359]
"(11174, 11908)",2,1,False,[]
"(985, 5631)",2,1,True,[5631]
"(12563, 12632)",2,1,True,"[12563, 12632]"
"(8368, 8898)",2,1,True,"[8368, 8898]"
"(7272, 8768)",2,1,True,[8768]
"(847, 1758)",2,1,False,[]
"(6942, 8552)",2,1,True,[6942]
"(5319, 12607)",2,1,True,[12607]
"(7941, 10244)",2,1,False,[]
"(2206, 6109)",2,1,False,[]
"(4152, 10315)",2,1,True,[10315]
"(1470, 8478)",2,1,True,[8478]
"(274, 2978)",2,1,True,"[274, 2978]"
"(9834, 11185)",2,1,True,"[9834, 11185]"
"(1308, 12027)",2,1,True,[1308]
"(3764, 8477)",2,1,True,"[3764, 8477]"
"(199, 199)",2,1,False,[]
"(5066, 10616)",2,1,True,"[5066, 10616]"
"(1697, 2644, 11242)",3,1,True,"[1697, 11242]"
"(2946, 6495)",2,1,True,[2946]
"(4816, 11359)",2,1,True,[4816]
"(7341, 10155)",2,1,False,[]
"(7, 10133)",2,1,False,[]
"(7776, 10841)",2,1,False,[]
"(1563, 1835)",2,1,False,[]
"(2247, 12112)",2,1,False,[]
"(6026, 11989)",2,1,True,[11989]
"(6923, 10868)",2,1,True,"[6923, 10868]"
"(1639, 12287)",2,1,False,[]
"(975, 6576)",2,1,True,[6576]
"(6618, 12841)",2,1,True,[6618]
"(793, 2688)",2,1,True,[2688]
"(4796, 12469)",2,1,True,[12469]
"(856, 4120)",2,1,False,[]
"(94, 2612)",2,1,True,[2612]
"(1570, 8476)",2,1,False,[]
"(1361, 11150)",2,1,False,[]
"(5909, 6575)",2,1,True,[6575]
"(7362, 7538)",2,1,True,"[7362, 7538]"
"(1904, 9149)",2,1,True,[1904]
"(331, 2056)",2,1,True,[2056]
"(5807, 7749)",2,1,True,[5807]
"(2485, 2544)",2,1,True,[2485]
"(1721, 9125)",2,1,True,"[1721, 9125]"
"(6429, 6429)",2,1,False,[]
"(3596, 9399)",2,1,True,[9399]
"(272, 5418)",2,1,True,[5418]
"(3056, 5250)",2,1,True,[5250]
"(2197, 2197)",2,1,True,[2197]
"(5449, 9721)",2,1,True,[5449]
"(4795, 9124)",2,1,True,[9124]
"(2039, 3274)",2,1,True,[3274]
"(254, 431)",2,1,True,[254]
"(11801, 12503)",2,1,True,[11801]
"(10479, 12587)",2,1,True,"[10479, 12587]"
"(10231, 10840)",2,1,True,[10231]
"(7136, 11619)",2,1,True,"[7136, 11619]"
"(1612, 1727)",2,1,False,[]
"(905, 6004)",2,1,True,[6004]
"(2529, 5097)",2,1,False,[]
"(7184, 7586)",2,1,True,[7184]
"(448, 1937, 2029)",3,1,False,[]
"(6317, 10285)",2,1,True,[6317]
"(5806, 7335)",2,1,True,[5806]
"(2196, 7583)",2,1,True,"[2196, 7583]"
"(2322, 9868)",2,1,False,[]
"(6940, 10586)",2,1,True,[10586]
"(1787, 2543, 3595)",3,1,True,[2543]
"(2117, 8705)",2,1,True,[2117]
"(5155, 6316, 7163)",3,1,True,[6316]
"(1326, 4747)",2,1,True,[4747]
"(5862, 7169)",2,1,False,[]
"(4308, 6730)",2,1,False,[]
"(938, 11959)",2,1,False,[]
"(5197, 8767)",2,1,True,[5197]
"(8634, 12313)",2,1,True,[12313]
"(148, 1339, 6265)",3,1,True,"[148, 1339, 6265]"
"(8931, 10702)",2,1,True,"[8931, 10702]"
"(1470, 8385)",2,1,False,[]
"(6691, 10433)",2,1,True,"[6691, 10433]"
"(10934, 11885)",2,1,True,[11885]
"(100, 9560)",2,1,True,[9560]
"(332, 5384)",2,1,True,[5384]
"(6506, 9692)",2,1,True,"[6506, 9692]"
"(9462, 10232)",2,1,True,[10232]
"(5156, 9807)",2,1,True,"[5156, 9807]"
"(2023, 11241)",2,1,True,[11241]
"(1513, 10615)",2,1,True,[10615]
"(1295, 7942, 9529)",3,1,False,[]
"(8863, 12063)",2,1,True,[8863]
"(5444, 8247)",2,1,False,[]
"(2082, 2806)",2,1,True,[2806]
"(753, 2901)",2,1,True,[2901]
"(6140, 8225)",2,1,True,[8225]
"(163, 1780, 2516)",3,1,False,[]
"(8766, 10181)",2,1,True,"[8766, 10181]"
"(890, 4565)",2,1,False,[]
"(771, 3302, 8736)",3,1,True,"[771, 3302, 8736]"
"(10672, 10701)",2,1,True,[10672]
"(3483, 4407)",2,1,True,[4407]
"(141, 3134)",2,1,True,[3134]
"(6941, 7648)",2,1,True,[6941]
"(1211, 2241)",2,1,True,"[1211, 2241]"
"(253, 1035, 2605)",3,1,False,[]
"(2285, 3298)",2,1,True,[3298]
"(3121, 4318)",2,1,True,[3121]
"(11120, 12726)",2,1,True,"[11120, 12726]"
"(280, 2618)",2,1,True,[280]
"(1026, 9183)",2,1,False,[]
"(1, 9182)",2,1,False,[]
"(1795, 10359)",2,1,True,[10359]
"(9935, 10639)",2,1,True,[9935]
"(9778, 12477)",2,1,False,[]
"(2227, 11322)",2,1,True,[11322]
"(6235, 7842)",2,1,False,[]
"(825, 1921)",2,1,True,[1921]
"(2833, 5511)",2,1,False,[]
"(674, 739, 11244)",3,1,True,[739]
"(11397, 11576, 11908)",3,1,False,[]
"(1880, 3879, 5187)",3,1,True,[3879]
"(4277, 9723)",2,1,True,[4277]
"(3349, 9427)",2,1,True,[9427]
"(2473, 6692)",2,1,True,[6692]
"(8400, 12029)",2,1,True,[12029]
"(1888, 11886)",2,1,True,[1888]
"(496, 4193)",2,1,True,[4193]
"(7841, 12891)",2,1,True,[7841]
"(214, 2090, 2947, 8339)",4,1,True,[2947]
"(3972, 4927)",2,1,False,[]
"(11030, 12271)",2,1,True,"[11030, 12271]"
"(758, 4257)",2,1,True,[4257]
"(2666, 11003)",2,1,True,[11003]
"(5776, 5980)",2,1,True,"[5776, 5980]"
"(6091, 6824)",2,1,True,[6091]
"(4028, 6401, 8864)",3,1,True,[8864]
"(8519, 11842)",2,1,True,[11842]
"(1046, 10815)",2,1,True,[1046]
"(32, 4873, 8226)",3,1,True,[4873]
"(6005, 6291)",2,1,True,[6291]
"(635, 9650)",2,1,True,[9650]
"(7650, 12314)",2,1,True,[7650]
"(342, 7107)",2,1,True,[7107]
"(11180, 12189)",2,1,True,"[11180, 12189]"
"(2531, 6431)",2,1,False,[]
"(3821, 4578)",2,1,True,[3821]
"(2993, 3510)",2,1,True,[3510]
"(3698, 6545)",2,1,True,[3698]
"(6470, 6715)",2,1,True,[6715]
"(1169, 7649)",2,1,False,[]
"(6619, 11620)",2,1,False,[]
"(1179, 2085)",2,1,True,[1179]
"(256, 9649)",2,1,True,[9649]
"(67, 11803)",2,1,False,[]
"(5444, 9220)",2,1,True,[9220]
"(5, 5149)",2,1,False,[]
"(6653, 8118)",2,1,True,[8118]
"(11, 5813)",2,1,True,[5813]
"(5128, 9065)",2,1,True,[9065]
"(4379, 5918)",2,1,True,[5918]
"(7838, 8770)",2,1,True,[8770]
"(843, 11729)",2,1,True,[11729]
"(4361, 9004)",2,1,True,[4361]
"(154, 7426)",2,1,True,[7426]
"(2213, 11659)",2,1,True,[11659]
"(9562, 10505)",2,1,True,[9562]
"(1462, 8829)",2,1,True,[8829]
"(193, 3368)",2,1,False,[]
"(2030, 2030)",2,1,False,[]
"(766, 7199)",2,1,True,[766]
"(101, 9779)",2,1,True,[9779]
"(497, 2595)",2,1,True,[2595]
"(4548, 11301)",2,1,True,[11301]
"(1361, 4109)",2,1,True,[4109]
"(346, 2317)",2,1,False,[]
"(1136, 5928)",2,1,True,"[1136, 5928]"
"(3156, 5214)",2,1,True,"[3156, 5214]"
"(2370, 2370)",2,1,False,[]
"(11506, 12794)",2,1,True,[12794]
"(617, 2727)",2,1,True,[2727]
"(1156, 9694)",2,1,True,[1156]
"(7105, 10156)",2,1,True,[10156]
"(178, 1569, 3611)",3,1,False,[]
"(12138, 12765)",2,1,True,"[12138, 12765]"
"(11243, 12548)",2,1,True,[12548]
"(8932, 12766)",2,1,True,[8932]
"(4174, 10286)",2,1,True,[10286]
"(1559, 7682)",2,1,True,[1559]
"(1603, 1666)",2,1,False,[]
"(7232, 9647)",2,1,True,[9647]
"(1084, 6141)",2,1,True,"[1084, 6141]"
"(6400, 8769, 9722)",3,1,True,[6400]
"(806, 2148)",2,1,True,[2148]
"(5306, 8926)",2,1,True,[8926]
"(38, 6901)",2,1,True,[6901]
"(38, 52)",2,1,False,[]
"(197, 12028)",2,1,True,[12028]
"(858, 1386)",2,1,True,[1386]
"(158, 12727)",2,1,False,[]
"(7137, 7137)",2,1,False,[]
"(5862, 7033)",2,1,False,[]
"(9360, 12847)",2,1,True,[9360]
"(6176, 11332)",2,1,True,[6176]
"(3779, 3946)",2,1,True,"[3779, 3946]"
"(1109, 9648)",2,1,True,[9648]
"(8524, 9064)",2,1,True,[8524]
"(589, 4361)",2,1,True,[4361]
"(7138, 10405)",2,1,True,"[7138, 10405]"
"(2207, 3325)",2,1,True,[3325]
"(4276, 6142)",2,1,True,[6142]
"(10559, 12470)",2,1,True,[12470]
"(5040, 9426)",2,1,False,[]
"(2430, 4392)",2,1,False,[]
"(10963, 11576)",2,1,True,[10963]
"(2229, 2926)",2,1,True,[2926]
"(2390, 6507)",2,1,True,[6507]
"(5251, 11802)",2,1,True,[11802]
"(897, 897)",2,1,False,[]
"(3823, 8035)",2,1,True,[3823]
"(935, 4443, 8438)",3,1,True,"[4443, 8438]"
"(3079, 11920)",2,1,True,[3079]
"(2751, 3440, 8453, 11693)",4,1,True,[11693]
"(622, 5897)",2,1,False,[]
"(109, 12269)",2,1,False,[]
"(423, 4197)",2,1,False,[]
"(473, 10703)",2,1,False,[]
"(7750, 12654)",2,1,True,"[7750, 12654]"
"(5067, 6714)",2,1,True,[6714]
"(489, 5001)",2,1,True,[5001]
"(7524, 9428)",2,1,False,[]
"(7208, 10808)",2,1,False,[]
"(1920, 8933)",2,1,True,[8933]
"(1780, 2892)",2,1,False,[]
"(7850, 12728)",2,1,True,[12728]
"(7539, 9934)",2,1,True,[7539]
"(1131, 11082)",2,1,True,[11082]
"(331, 6377)",2,1,True,[6377]
"(4833, 12270)",2,1,True,[4833]
"(8760, 11359)",2,1,True,[8760]
"(4070, 10989)",2,1,True,[10989]
"(1621, 7869)",2,1,True,[7869]
"(3368, 7870)",2,1,True,[7870]
"(1035, 3258, 6298)",3,1,False,[]
"(1788, 12524)",2,1,True,[1788]
"(8473, 9324)",2,1,True,[9324]
"(81, 1920)",2,1,False,[]
"(11296, 12126)",2,1,True,[12126]
"(7742, 7964)",2,1,True,[7964]
"(8219, 12800)",2,1,True,[12800]
"(7577, 9297)",2,1,True,[9297]
"(5150, 8518)",2,1,True,[8518]
"(885, 1060)",2,1,True,[885]
"(2842, 6352)",2,1,False,[]
"(1036, 4663)",2,1,False,[]
"(1575, 3920)",2,1,True,[3920]
"(8484, 11464)",2,1,False,[]
"(1209, 3434, 4892, 5414)",4,1,False,[]
"(2753, 3505)",2,1,True,[3505]
"(10865, 10933, 12416)",3,1,True,[10933]
"(7444, 9394)",2,1,True,[7444]
"(4187, 8853)",2,1,True,"[4187, 8853]"
"(514, 10128)",2,1,True,[514]
"(524, 1108)",2,1,True,[1108]
"(267, 6311)",2,1,True,[6311]
"(2099, 3426, 11727)",3,1,True,"[2099, 3426]"
"(1017, 8160, 8925)",3,1,False,[]
"(1918, 3456)",2,1,True,[3456]
"(496, 3089)",2,1,False,[]
"(698, 3277)",2,1,True,[3277]
"(177, 1511, 3198, 3410)",4,1,False,[]
"(4615, 12801)",2,1,False,[]
"(4694, 10201)",2,1,True,"[4694, 10201]"
"(3000, 8297)",2,1,True,[8297]
"(541, 2902)",2,1,False,[]
"(11691, 12500)",2,1,True,[11691]
"(1958, 11499)",2,1,False,[]
"(553, 11360)",2,1,True,[553]
"(58, 184, 1823, 3213, 7456)",5,1,True,[58]
"(1838, 2971)",2,1,True,[2971]
"(248, 6646, 10400)",3,1,True,"[6646, 10400]"
"(3571, 10666)",2,1,True,[10666]
"(2899, 3033)",2,1,True,[2899]
"(2804, 6025)",2,1,True,[6025]
"(666, 3855)",2,1,True,"[666, 3855]"
"(11498, 12388)",2,1,True,[11498]
"(746, 3115)",2,1,True,[746]
"(711, 2126)",2,1,True,[2126]
"(19, 2281)",2,1,True,[2281]
"(10503, 10583)",2,1,True,[10503]
"(4007, 6709)",2,1,False,[]
"(2641, 5808)",2,1,False,[]
"(5021, 5883)",2,1,True,"[5021, 5883]"
"(3095, 8731)",2,1,True,[3095]
"(978, 2609)",2,1,True,[978]
"(1031, 7803)",2,1,True,[7803]
"(5236, 5974)",2,1,True,[5236]
"(12764, 12792)",2,1,True,[12764]
"(2819, 7638)",2,1,True,[2819]
"(3462, 5555, 5974, 6014)",4,1,False,[]
"(1210, 3122)",2,1,False,[]
"(215, 6608)",2,1,True,[6608]
"(927, 6083)",2,1,True,[6083]
"(7070, 8148)",2,1,True,[8148]
"(2554, 7963)",2,1,True,[2554]
"(3462, 5974, 6645)",3,1,False,[]
"(623, 3050, 7576)",3,1,True,[7576]
"(15, 11690)",2,1,True,[15]
"(126, 2249)",2,1,True,"[126, 2249]"
"(431, 7497)",2,1,True,[7497]
"(1942, 2170)",2,1,True,[1942]
"(5231, 12750)",2,1,True,"[5231, 12750]"
"(1583, 8116)",2,1,True,[1583]
"(878, 3611)",2,1,True,[878]
"(4881, 7069)",2,1,False,[]
"(5397, 6933)",2,1,True,[6933]
"(3442, 4176)",2,1,True,[3442]
"(708, 3991)",2,1,False,[]
"(10667, 11497)",2,1,True,[11497]
"(147, 5608, 5613)",3,1,False,[]
"(3579, 6607)",2,1,True,[6607]
"(9528, 9842)",2,1,False,[]
"(853, 9744)",2,1,True,[9744]
"(4661, 12125)",2,1,True,[4661]
"(5362, 10665)",2,1,True,[10665]
"(5000, 10956)",2,1,True,[10956]
"(3854, 4722, 7219)",3,1,True,[4722]
"(10575, 12445)",2,1,False,[]
"(3625, 4045)",2,1,False,[]
"(887, 1537)",2,1,False,[]
"(881, 2492)",2,1,False,[]
"(2213, 9522)",2,1,False,[]
"(8054, 12057)",2,1,True,[12057]
"(6876, 10149)",2,1,True,[10149]
"(12058, 12300)",2,1,True,[12058]
"(1099, 2639)",2,1,True,[2639]
"(1251, 12827)",2,1,True,[12827]
"(3066, 5909)",2,1,False,[]
"(12648, 12786)",2,1,True,"[12648, 12786]"
"(17, 1073)",2,1,False,[]
"(503, 1682, 12603)",3,1,True,[12603]
"(6115, 8924)",2,1,True,[8924]
"(845, 10595)",2,1,True,[10595]
"(966, 6396)",2,1,False,[]
"(1681, 7004)",2,1,True,[1681]
"(1404, 11934)",2,1,True,[1404]
"(3010, 5247)",2,1,True,[5247]
"(3389, 12625)",2,1,True,[12625]
"(5309, 9900)",2,1,True,[5309]
"(6259, 8894)",2,1,True,"[6259, 8894]"
"(2514, 5803)",2,1,True,[2514]
"(3615, 7801)",2,1,True,[7801]
"(5232, 7131)",2,1,True,[7131]
"(711, 2616, 3368)",3,1,True,[2616]
"(3551, 8517)",2,1,True,[8517]
"(2803, 7741)",2,1,True,[2803]
"(2924, 7163)",2,1,False,[]
"(5205, 5864)",2,1,True,[5205]
"(1863, 4402)",2,1,True,[1863]
"(28, 6258)",2,1,False,[]
"(11931, 12090)",2,1,True,[12090]
"(7385, 9684)",2,1,True,[7385]
"(10456, 10887)",2,1,True,[10456]
"(2622, 10459)",2,1,False,[]
"(8078, 12463)",2,1,True,[12463]
"(720, 3197)",2,1,False,[]
"(11679, 12815)",2,1,True,[12815]
"(1984, 5378)",2,1,True,[1984]
"(1252, 5774)",2,1,True,[5774]
"(279, 1439)",2,1,True,[1439]
"(2471, 12702)",2,1,True,"[2471, 12702]"
"(158, 6710, 8961)",3,1,False,[]
"(10281, 11179)",2,1,False,[]
"(2504, 5745)",2,1,True,[2504]
"(2640, 9090)",2,1,False,[]
"(1178, 12300)",2,1,False,[]
"(7639, 9058)",2,1,True,[7639]
"(7071, 9416)",2,1,True,[7071]
"(4765, 5206)",2,1,True,[4765]
"(7329, 7640)",2,1,True,[7329]
"(7836, 8895)",2,1,True,[8895]
"(8089, 11169)",2,1,True,[8089]
"(1493, 3427)",2,1,False,[]
"(2340, 12230)",2,1,True,[12230]
"(6312, 12306)",2,1,True,[12306]
"(2379, 3580)",2,1,True,"[2379, 3580]"
"(7884, 12196)",2,1,False,[]
"(4743, 5859)",2,1,False,[]
"(4429, 7871)",2,1,True,"[4429, 7871]"
"(711, 2305, 3368)",3,1,False,[]
"(5368, 11984)",2,1,True,[11984]
"(6053, 6934)",2,1,True,"[6053, 6934]"
"(4695, 10457)",2,1,True,[10457]
"(1449, 1789)",2,1,True,[1789]
"(7966, 9773)",2,1,True,[7966]
"(430, 4359)",2,1,False,[]
"(365, 365)",2,1,False,[]
"(1943, 5949)",2,1,True,[1943]
"(2037, 2434)",2,1,True,[2037]
"(37, 2840)",2,1,True,"[37, 2840]"
"(321, 770)",2,1,True,"[321, 770]"
"(1025, 2025)",2,1,True,[1025]
"(1155, 1580)",2,1,True,[1155]
"(6055, 11079)",2,1,True,[11079]
"(4920, 8149)",2,1,True,[4920]
"(10151, 12649)",2,1,True,"[10151, 12649]"
"(6285, 9488)",2,1,True,[9488]
"(11756, 12023)",2,1,True,"[11756, 12023]"
"(10458, 12054)",2,1,True,"[10458, 12054]"
"(2135, 6286)",2,1,True,[2135]
"(1550, 5249)",2,1,True,"[1550, 5249]"
"(5248, 9489)",2,1,True,"[5248, 9489]"
"(5469, 7263)",2,1,True,[5469]
"(9976, 10528)",2,1,True,[10528]
"(1397, 7872)",2,1,True,[1397]
"(5925, 7936)",2,1,True,"[5925, 7936]"
"(24, 11482)",2,1,True,[11482]
"(177, 11362)",2,1,True,[11362]
"(3581, 4197, 10092)",3,1,False,[]
"(5836, 6397)",2,1,True,[6397]
"(4894, 7770)",2,1,True,[7770]
"(2667, 9298)",2,1,False,[]
"(4165, 9555)",2,1,True,[4165]
"(1824, 2306, 7641)",3,1,True,"[1824, 7641]"
"(1037, 8433)",2,1,True,[1037]
"(2493, 4934)",2,1,False,[]
"(4377, 5234)",2,1,True,[5234]
"(5239, 9238)",2,1,True,[9238]
"(10150, 11361)",2,1,True,"[10150, 11361]"
"(10723, 11174)",2,1,False,[]
"(32, 1567, 6342, 7330)",4,1,True,[7330]
"(4124, 5718)",2,1,True,[5718]
"(4272, 4493)",2,1,True,[4272]
"(6084, 8519)",2,1,True,[6084]
"(3993, 5459)",2,1,True,[5459]
"(8227, 8854)",2,1,False,[]
"(1359, 1418)",2,1,True,[1359]
"(2943, 7988)",2,1,True,[7988]
"(941, 9975)",2,1,True,[9975]
"(236, 10755)",2,1,False,[]
"(793, 2213)",2,1,False,[]
"(1504, 1508)",2,1,False,[]
"(541, 4309, 5864, 7057)",4,1,True,[4309]
"(667, 6934)",2,1,True,[6934]
"(6968, 10344)",2,1,True,"[6968, 10344]"
"(107, 3856)",2,1,False,[]
"(1045, 11078)",2,1,True,[1045]
"(1944, 2844)",2,1,True,"[1944, 2844]"
"(98, 6284)",2,1,True,[6284]
"(4123, 4893)",2,1,True,[4893]
"(6260, 6536)",2,1,True,[6536]
"(8220, 12751)",2,1,True,[8220]
"(4858, 11113)",2,1,True,[11113]
"(2483, 9523)",2,1,True,[9523]
"(8, 4104)",2,1,True,[4104]
"(5975, 12445)",2,1,True,[5975]
"(3529, 3875)",2,1,True,[3875]
"(9395, 10098)",2,1,True,[9395]
"(3074, 3116)",2,1,True,[3074]
"(5574, 8158)",2,1,False,[]
"(4492, 4492)",2,1,True,[4492]
"(2361, 3932)",2,1,True,[3932]
"(3594, 7466)",2,1,True,"[3594, 7466]"
"(3051, 3647)",2,1,True,[3647]
"(3199, 6936)",2,1,False,[]
"(3160, 8060)",2,1,True,[8060]
"(1285, 6935)",2,1,False,[]
"(919, 5355)",2,1,True,"[919, 5355]"
"(10794, 12448)",2,1,False,[]
"(2470, 3476)",2,1,True,"[2470, 3476]"
"(3899, 11650)",2,1,True,[11650]
"(4812, 6137, 9173, 11616)",4,1,True,"[4812, 6137, 9173]"
"(5354, 8712)",2,1,False,[]
"(1978, 9615)",2,1,True,[9615]
"(4919, 7133)",2,1,True,"[4919, 7133]"
"(9949, 12408)",2,1,True,[9949]
"(3657, 5597)",2,1,True,[3657]
"(1035, 5491)",2,1,True,[5491]
"(12535, 12666)",2,1,True,[12666]
"(1496, 6687)",2,1,True,[1496]
"(393, 928)",2,1,False,[]
"(1193, 11424)",2,1,False,[]
"(1102, 3475, 9119)",3,1,True,[3475]
"(5233, 11953)",2,1,True,[11953]
"(4358, 10757)",2,1,True,[4358]
"(661, 9237)",2,1,True,[9237]
"(5039, 6372)",2,1,True,[6372]
"(3898, 11614)",2,1,True,[11614]
"(6199, 12626)",2,1,True,"[6199, 12626]"
"(8664, 12688)",2,1,True,[8664]
"(2805, 6426)",2,1,True,[2805]
"(1796, 4403)",2,1,True,[4403]
"(10099, 10697)",2,1,True,[10099]
"(616, 752)",2,1,True,[616]
"(6, 12297)",2,1,True,"[6, 12297]"
"(2670, 11615)",2,1,True,[11615]
"(2195, 2421, 10010)",3,1,True,"[2195, 2421, 10010]"
"(5290, 8432)",2,1,True,[8432]
"(67, 2892)",2,1,False,[]
"(6047, 8431)",2,1,False,[]
"(2338, 10200)",2,1,True,[10200]
"(1302, 3859)",2,1,True,"[1302, 3859]"
"(3972, 8851)",2,1,True,[8851]
"(4918, 8697)",2,1,True,[8697]
"(4048, 6708, 11618)",3,1,False,[]
"(2296, 11353)",2,1,True,[11353]
"(5, 12123)",2,1,False,[]
"(3613, 8185)",2,1,False,[]
"(3874, 9391)",2,1,True,[9391]
"(4856, 10810)",2,1,True,[4856]
"(250, 1431, 3244)",3,1,False,[]
"(12, 478)",2,1,True,[12]
"(1051, 8702)",2,1,True,[1051]
"(1396, 7130)",2,1,False,[]
"(128, 181)",2,1,False,[]
"(2493, 11983)",2,1,False,[]
"(8700, 9683)",2,1,True,[9683]
"(2320, 7986)",2,1,False,[]
"(6230, 7271, 11265)",3,1,True,"[6230, 11265]"
"(528, 2430)",2,1,False,[]
"(2024, 9211)",2,1,True,[9211]
"(5149, 7218)",2,1,True,[7218]
"(4432, 4946)",2,1,True,"[4432, 4946]"
"(83, 1262)",2,1,False,[]
"(193, 7716)",2,1,True,[7716]
"(1021, 4271)",2,1,True,[4271]
"(1470, 11186)",2,1,False,[]
"(5722, 10254)",2,1,True,[10254]
"(13, 11507)",2,1,False,[]
"(2388, 11687)",2,1,True,[2388]
"(4164, 6965)",2,1,True,"[4164, 6965]"
"(11147, 11210)",2,1,False,[]
"(9118, 9336, 10827)",3,1,False,[]
"(286, 7884)",2,1,False,[]
"(1089, 5443)",2,1,True,[5443]
"(3772, 7339)",2,1,False,[]
"(7140, 10937)",2,1,True,[7140]
"(1873, 6749)",2,1,True,[1873]
"(2500, 2578)",2,1,True,[2500]
"(400, 3649)",2,1,False,[]
"(2138, 2398)",2,1,True,[2398]
"(795, 1276)",2,1,False,[]
"(1769, 3203)",2,1,True,[1769]
"(3523, 9392)",2,1,True,[9392]
"(7130, 12407)",2,1,True,[12407]
"(12668, 12767)",2,1,True,"[12668, 12767]"
"(3, 5020)",2,1,True,[5020]
"(7261, 11112)",2,1,True,"[7261, 11112]"
"(6802, 12767)",2,1,True,"[6802, 12767]"
"(6371, 12159)",2,1,True,"[6371, 12159]"
"(12399, 12445)",2,1,True,[12399]
"(4581, 10966)",2,1,True,[10966]
"(7421, 10581)",2,1,True,[7421]
"(11, 12340)",2,1,True,[12340]
"(11837, 12586)",2,1,True,[11837]
"(1731, 3640)",2,1,True,[3640]
"(3819, 5489)",2,1,True,"[3819, 5489]"
"(1688, 9117)",2,1,True,[1688]
"(969, 6019)",2,1,True,[969]
"(162, 8961, 11754)",3,1,True,[11754]
"(7288, 7800)",2,1,True,[7800]
"(6170, 11111)",2,1,True,[11111]
"(12056, 12194)",2,1,True,[12056]
"(219, 307)",2,1,True,[307]
"(8621, 11873)",2,1,True,[8621]
"(1937, 5573)",2,1,False,[]
"(4435, 4435)",2,1,False,[]
"(88, 3626)",2,1,False,[]
"(11836, 12259)",2,1,True,[12259]
"(10663, 11700)",2,1,False,[]
"(4572, 11686)",2,1,True,"[4572, 11686]"
"(2857, 8146)",2,1,True,[8146]
"(2762, 11235)",2,1,True,[11235]
"(2880, 11571)",2,1,True,[2880]
"(3656, 5771)",2,1,True,[3656]
"(8217, 8357, 10477)",3,1,True,[8357]
"(199, 1917)",2,1,True,[1917]
"(3873, 8960)",2,1,True,"[3873, 8960]"
"(268, 2843)",2,1,False,[]
"(878, 1995)",2,1,True,"[878, 1995]"
"(1844, 2214)",2,1,True,[1844]
"(6546, 12585, 12665)",3,1,True,[12585]
"(7003, 11026)",2,1,True,"[7003, 11026]"
"(11067, 12747)",2,1,True,[12747]
"(437, 3558)",2,1,False,[]
"(10527, 10552)",2,1,True,[10552]
"(5744, 6485)",2,1,True,[6485]
"(10335, 10809)",2,1,True,[10809]
"(108, 108)",2,1,False,[]
"(1421, 2337)",2,1,False,[]
"(124, 1541)",2,1,True,[124]
"(5716, 6308)",2,1,True,[5716]
"(1130, 11358)",2,1,True,"[1130, 11358]"
"(2911, 11394)",2,1,True,[11394]
"(7097, 10664)",2,1,True,"[7097, 10664]"
"(720, 4401)",2,1,False,[]
"(6558, 7258)",2,1,False,[]
"(4524, 7163)",2,1,True,[4524]
"(6836, 7810)",2,1,True,[6836]
"(10684, 12739)",2,1,True,[12739]
"(3425, 11328)",2,1,True,"[3425, 11328]"
"(4261, 6486)",2,1,False,[]
"(138, 8472)",2,1,True,[138]
"(8545, 8826)",2,1,True,"[8545, 8826]"
"(165, 1871)",2,1,False,[]
"(1036, 1499)",2,1,True,[1499]
"(3270, 7932)",2,1,True,"[3270, 7932]"
"(10428, 12242)",2,1,True,"[10428, 12242]"
"(7038, 7680)",2,1,True,[7038]
"(5084, 8922)",2,1,True,"[5084, 8922]"
"(1471, 11264)",2,1,True,[11264]
"(1948, 3093)",2,1,True,[1948]
"(963, 2828, 3639, 7163)",4,1,False,[]
"(4793, 6504)",2,1,True,[4793]
"(217, 1466)",2,1,False,[]
"(3248, 12339)",2,1,True,"[3248, 12339]"
"(8358, 12505)",2,1,False,[]
"(160, 277)",2,1,False,[]
"(4256, 10071)",2,1,True,"[4256, 10071]"
"(3755, 6535, 8471)",3,1,True,[3755]
"(1836, 9581)",2,1,False,[]
"(4589, 12748)",2,1,True,[4589]
"(88, 5688)",2,1,False,[]
"(5052, 10308)",2,1,False,[]
"(6170, 6917)",2,1,False,[]
"(2219, 8923)",2,1,True,"[2219, 8923]"
"(1585, 10886)",2,1,True,[10886]
"(347, 5468)",2,1,True,[347]
"(4346, 8701)",2,1,True,[8701]
"(3920, 5658)",2,1,True,[3920]
"(11755, 12624)",2,1,True,"[11755, 12624]"
"(2785, 2802, 3086, 5773, 7496)",5,1,True,[3086]
"(5405, 9528)",2,1,False,[]
"(295, 3918, 8997)",3,1,True,"[3918, 8997]"
"(931, 4450)",2,1,True,[4450]
"(685, 1422, 1918)",3,1,True,[1422]
"(186, 7326)",2,1,True,[7326]
"(1880, 9528)",2,1,False,[]
"(4891, 6136)",2,1,True,[4891]
"(2650, 3614)",2,1,True,[2650]
"(555, 8644)",2,1,False,[]
"(1527, 4764)",2,1,False,[]
"(184, 184, 492, 7456)",4,1,False,[]
"(946, 8296)",2,1,True,[8296]
"(7301, 8059)",2,1,True,"[7301, 8059]"
"(231, 12499)",2,1,True,[12499]
"(4525, 9213)",2,1,True,[4525]
"(3919, 9393)",2,1,True,[3919]
"(4338, 8856, 11838)",3,1,False,[]
"(4038, 12701)",2,1,True,"[4038, 12701]"
"(84, 12498)",2,1,True,[12498]
"(6048, 11028)",2,1,True,[6048]
"(6894, 6913)",2,1,False,[]
"(1862, 5040)",2,1,False,[]
"(197, 2107, 9089)",3,1,False,[]
"(4129, 6145)",2,1,True,[4129]
"(1309, 5387)",2,1,False,[]
"(1495, 8115)",2,1,True,[8115]
"(9323, 9948)",2,1,True,[9323]
"(3114, 4961)",2,1,True,"[3114, 4961]"
"(3152, 6573)",2,1,True,[6573]
"(549, 1383)",2,1,True,[549]
"(2539, 3757)",2,1,False,[]
"(904, 12124)",2,1,True,[904]
"(1480, 2503)",2,1,True,[2503]
"(3251, 8398)",2,1,True,"[3251, 8398]"
"(9802, 11689)",2,1,True,[11689]
"(10582, 11077)",2,1,True,[10582]
"(3441, 10756)",2,1,True,"[3441, 10756]"
"(344, 1470, 3289)",3,1,False,[]
"(721, 934, 5894)",3,1,True,[721]
"(5277, 12305)",2,1,True,[5277]
"(6966, 10256)",2,1,True,[10256]
"(1443, 11013, 11274)",3,1,False,[]
"(2780, 3897)",2,1,True,[3897]
"(10374, 12448)",2,1,True,[10374]
"(4742, 5291)",2,1,True,[4742]
"(246, 3368, 3504)",3,1,True,[3504]
"(4122, 4210)",2,1,True,"[4122, 4210]"
"(3324, 3756)",2,1,True,[3324]
"(1982, 1983)",2,1,True,[1982]
"(8963, 11794)",2,1,True,"[8963, 11794]"
"(7341, 9145)",2,1,False,[]
"(3151, 7099, 9947)",3,1,True,[9947]
"(329, 2878)",2,1,True,[329]
"(5669, 9179)",2,1,True,[9179]
"(12023, 12023)",2,1,True,[12023]
"(4231, 9895)",2,1,False,[]
"(1050, 4483)",2,1,True,[1050]
"(1012, 4451)",2,1,True,[1012]
"(4428, 12763)",2,1,True,[12763]
"(2593, 2832, 10807)",3,1,True,[10807]
"(3200, 7963)",2,1,False,[]
"(414, 2529)",2,1,False,[]
"(2814, 8147)",2,1,False,[]
"(16, 12424)",2,1,False,[]
"(6505, 8962)",2,1,True,"[6505, 8962]"
"(10811, 11236)",2,1,True,"[10811, 11236]"
"(5330, 7927)",2,1,False,[]
"(65, 3559)",2,1,False,[]
"(10226, 10373)",2,1,True,[10373]
"(6120, 10097)",2,1,False,[]
"(1711, 3503)",2,1,True,[1711]
"(3150, 8295)",2,1,True,"[3150, 8295]"
"(3957, 9974)",2,1,True,"[3957, 9974]"
"(3175, 9973)",2,1,True,[3175]
"(3395, 11302)",2,1,True,[3395]
"(931, 3918, 8997, 10930)",4,1,True,"[3918, 8997]"
"(2592, 3943)",2,1,True,[3943]
"(92, 3323)",2,1,True,"[92, 3323]"
"(6114, 7934)",2,1,True,[6114]
"(745, 9521)",2,1,True,"[745, 9521]"
"(435, 11027)",2,1,True,[435]
"(7526, 9800)",2,1,True,[9800]
"(7933, 12814)",2,1,True,[7933]
"(6425, 8623)",2,1,True,[6425]
"(3094, 3591)",2,1,True,[3094]
"(1309, 3529)",2,1,False,[]
"(277, 8622)",2,1,False,[]
"(83, 10175)",2,1,False,[]
"(599, 1519)",2,1,False,[]
"(875, 7039)",2,1,True,[875]
"(312, 336, 8491)",3,1,False,[]
"(9698, 12412)",2,1,True,[9698]
"(8781, 12749)",2,1,True,[12749]
"(1229, 4839, 7242)",3,1,False,[]
"(11878, 12619)",2,1,True,[12619]
"(5717, 7935)",2,1,True,[5717]
"(298, 2036, 10399)",3,1,True,"[298, 2036, 10399]"
"(7427, 7501)",2,1,True,[7427]
"(9060, 10092)",2,1,True,[9060]
"(1931, 3473, 10727)",3,1,False,[]
"(4085, 5254)",2,1,True,"[4085, 5254]"
"(3674, 10462)",2,1,True,[10462]
"(8269, 12202)",2,1,True,[8269]
"(2085, 4025)",2,1,True,[4025]
"(6361, 11793, 12791)",3,1,True,[11793]
"(7491, 9801)",2,1,True,[9801]
"(6309, 9212)",2,1,True,[9212]
"(4693, 12068)",2,1,True,"[4693, 12068]"
"(5213, 11423)",2,1,True,[11423]
"(4836, 12762)",2,1,True,[12762]
"(366, 11688)",2,1,True,[11688]
"(4427, 4811)",2,1,True,[4427]
"(1298, 1899)",2,1,True,[1298]
"(1601, 12523)",2,1,True,"[1601, 12523]"
"(129, 7763, 7863)",3,1,False,[]
"(406, 1110, 4721, 5192)",4,1,True,[4721]
"(8900, 10986)",2,1,True,[8900]
"(12439, 12687)",2,1,True,[12687]
"(216, 9292)",2,1,True,[216]
"(4695, 7098)",2,1,False,[]
"(605, 1838, 3283, 6101, 6307)",5,1,True,[6101]
"(8258, 9831)",2,1,True,[8258]
"(544, 12839)",2,1,True,"[544, 12839]"
"(1608, 2194)",2,1,False,[]
"(4146, 8858)",2,1,True,[4146]
"(4573, 8549)",2,1,True,[4573]
"(3713, 4767)",2,1,True,"[3713, 4767]"
"(6460, 9691)",2,1,True,[9691]
"(2069, 3859)",2,1,True,"[2069, 3859]"
"(1542, 11760)",2,1,False,[]
"(1749, 1937)",2,1,False,[]
"(946, 4334)",2,1,True,[4334]
"(8857, 9326)",2,1,True,"[8857, 9326]"
"(135, 5348)",2,1,False,[]
"(2967, 6922)",2,1,True,[2967]
"(751, 8763)",2,1,False,[]
"(1585, 9690)",2,1,True,[9690]
"(3178, 5839)",2,1,True,"[3178, 5839]"
"(1045, 8625)",2,1,True,[1045]
"(1766, 3524)",2,1,True,[1766]
"(11506, 12413)",2,1,True,[12413]
"(5380, 11880)",2,1,True,[5380]
"(1309, 10401)",2,1,True,[10401]
"(8263, 8263)",2,1,True,[8263]
"(6649, 7265)",2,1,False,[]
"(207, 8977)",2,1,False,[]
"(10430, 12264)",2,1,True,"[10430, 12264]"
"(2333, 9640)",2,1,False,[]
"(192, 12526)",2,1,True,[12526]
"(3525, 7837)",2,1,True,"[3525, 7837]"
"(30, 12263)",2,1,True,[30]
"(5327, 9061)",2,1,True,[9061]
"(7838, 10889)",2,1,True,[10889]
"(7806, 11181)",2,1,True,[7806]
"(7811, 9910)",2,1,True,"[7811, 9910]"
"(11329, 11881)",2,1,True,[11329]
"(826, 12560)",2,1,True,[826]
"(4574, 8670)",2,1,True,"[4574, 8670]"
"(3546, 4329)",2,1,True,[3546]
"(10227, 11500)",2,1,True,[11500]
"(1375, 6614)",2,1,True,[6614]
"(5124, 11330)",2,1,True,"[5124, 11330]"
"(6263, 10554)",2,1,True,[6263]
"(2237, 12093)",2,1,True,[12093]
"(1210, 9651)",2,1,False,[]
"(1985, 11341)",2,1,True,[11341]
"(4598, 9718)",2,1,True,[9718]
"(8290, 10101)",2,1,True,[8290]
"(3076, 6613)",2,1,False,[]
"(1949, 2611)",2,1,True,[1949]
"(4924, 7681)",2,1,True,[7681]
"(479, 6540)",2,1,True,[6540]
"(10837, 12061)",2,1,True,[12061]
"(4406, 6871, 7968)",3,1,True,"[6871, 7968]"
"(116, 5866)",2,1,True,[5866]
"(9749, 10668)",2,1,True,[9749]
"(2369, 9717)",2,1,True,[2369]
"(4213, 9748)",2,1,True,"[4213, 9748]"
"(874, 1493)",2,1,True,[874]
"(4768, 7900)",2,1,True,"[4768, 7900]"
"(5593, 10100)",2,1,True,"[5593, 10100]"
"(2101, 2128)",2,1,True,[2101]
"(2529, 5444)",2,1,False,[]
"(693, 2283)",2,1,True,"[693, 2283]"
"(3272, 10431)",2,1,True,[10431]
"(8859, 11299)",2,1,True,[11299]
"(4120, 6747)",2,1,True,[6747]
"(1242, 4126)",2,1,True,"[1242, 4126]"
"(8731, 9176)",2,1,False,[]
"(4059, 6116)",2,1,True,[4059]
"(283, 3544)",2,1,True,"[283, 3544]"
"(4354, 6766)",2,1,True,[6766]
"(208, 7629)",2,1,True,"[208, 7629]"
"(8033, 12262)",2,1,True,[12262]
"(6509, 10760)",2,1,True,[6509]
"(3675, 12383)",2,1,True,"[3675, 12383]"
"(4212, 6374)",2,1,True,[6374]
"(5747, 8520)",2,1,True,"[5747, 8520]"
"(1847, 3129)",2,1,True,[3129]
"(1429, 1634)",2,1,True,[1429]
"(5181, 8669)",2,1,True,"[5181, 8669]"
"(9747, 12547)",2,1,True,"[9747, 12547]"
"(5398, 8262)",2,1,True,[8262]
"(646, 5900)",2,1,True,[646]
"(3695, 12261)",2,1,True,[12261]
"(11899, 12378)",2,1,True,[12378]
"(6539, 8223)",2,1,True,[6539]
"(1847, 4176)",2,1,False,[]
"(2583, 5628)",2,1,True,[5628]
"(4922, 6582)",2,1,True,[6582]
"(2540, 12828)",2,1,True,[12828]
"(5293, 6373)",2,1,True,"[5293, 6373]"
"(4296, 4472)",2,1,True,"[4296, 4472]"
"(1319, 9356)",2,1,True,[9356]
"(4439, 5952, 9120)",3,1,True,"[5952, 9120]"
"(4597, 8261)",2,1,True,"[4597, 8261]"
"(6202, 7041)",2,1,True,[6202]
"(8091, 10129)",2,1,True,[10129]
"(852, 4921)",2,1,True,[4921]
"(11130, 11758)",2,1,False,[]
"(5581, 7075, 11580)",3,1,True,"[5581, 7075, 11580]"
"(777, 3368)",2,1,False,[]
"(2579, 6402)",2,1,True,[2579]
"(2863, 5632)",2,1,True,[5632]
"(10621, 12867)",2,1,True,"[10621, 12867]"
"(2282, 4923)",2,1,True,[4923]
"(9121, 11426)",2,1,True,[9121]
"(2541, 6612)",2,1,True,[6612]
"(2108, 12440)",2,1,False,[]
"(7102, 8796)",2,1,True,[7102]
"(705, 8307)",2,1,False,[]
"(1603, 10984)",2,1,True,[10984]
"(3075, 3759)",2,1,True,"[3075, 3759]"
"(358, 7992)",2,1,False,[]
"(2706, 5862)",2,1,False,[]
"(1279, 7360)",2,1,True,"[1279, 7360]"
"(3217, 4544)",2,1,True,[3217]
"(2759, 4897)",2,1,True,[4897]
"(2741, 3003)",2,1,True,[2741]
"(4333, 4662, 6712)",3,1,True,[4662]
"(5838, 6136)",2,1,False,[]
"(5575, 11759)",2,1,True,[11759]
"(8462, 11955)",2,1,False,[]
"(2183, 2890)",2,1,False,[]
"(5040, 9689)",2,1,False,[]
"(9134, 10700)",2,1,True,[10700]
"(769, 4040)",2,1,True,"[769, 4040]"
"(9463, 12203)",2,1,True,[12203]
"(866, 7717)",2,1,True,[866]
"(9177, 9775)",2,1,True,[9775]
"(9865, 11114)",2,1,True,[9865]
"(7, 3878)",2,1,True,[3878]
"(4635, 9903)",2,1,True,[9903]
"(206, 3370)",2,1,True,[3370]
"(11934, 12266)",2,1,True,[12266]
"(7266, 10492)",2,1,True,[7266]
"(1919, 11985)",2,1,True,"[1919, 11985]"
"(1804, 4335, 5331)",3,1,True,"[1804, 4335, 5331]"
"(1032, 3034)",2,1,True,[3034]
"(6203, 7937)",2,1,True,[7937]
"(6897, 10403, 12265)",3,1,True,"[6897, 10403]"
"(10177, 11427)",2,1,False,[]
"(556, 8400)",2,1,True,[556]
"(2070, 7807)",2,1,True,[2070]
"(1136, 7006)",2,1,True,"[1136, 7006]"
"(2494, 12802)",2,1,False,[]
"(925, 2742)",2,1,True,"[925, 2742]"
"(10838, 11655)",2,1,True,[10838]
"(1511, 5609)",2,1,True,[5609]
"(5953, 11883)",2,1,True,"[5953, 11883]"
"(4452, 11182)",2,1,True,"[4452, 11182]"
"(1279, 4311)",2,1,True,[1279]
"(2211, 8361)",2,1,True,[8361]
"(4274, 7475)",2,1,True,[4274]
"(7220, 8764)",2,1,True,[8764]
"(6125, 10958)",2,1,True,[10958]
"(4637, 6049, 7386)",3,1,True,"[4637, 7386]"
"(493, 8896)",2,1,False,[]
"(4545, 9000)",2,1,False,[]
"(7643, 10310)",2,1,True,"[7643, 10310]"
"(9240, 10761)",2,1,False,[]
"(422, 422)",2,1,False,[]
"(197, 1036)",2,1,False,[]
"(6139, 7745)",2,1,True,[7745]
"(925, 2845)",2,1,True,"[925, 2845]"
"(1413, 5182)",2,1,True,"[1413, 5182]"
"(3715, 3900)",2,1,True,[3715]
"(2661, 3633)",2,1,True,[3633]
"(6088, 7103)",2,1,True,[6088]
"(2704, 7651)",2,1,True,[7651]
"(4105, 7332)",2,1,True,[7332]
"(5087, 6835)",2,1,True,[6835]
"(44, 3969, 6232)",3,1,True,"[3969, 6232]"
"(5169, 6267)",2,1,True,[6267]
"(3582, 10130)",2,1,True,"[3582, 10130]"
"(341, 714)",2,1,True,[714]
"(4188, 8264)",2,1,True,[4188]
"(569, 959, 4212, 6313, 6923)",5,1,True,[6923]
"(7502, 8067)",2,1,True,"[7502, 8067]"
"(6938, 11824)",2,1,True,[6938]
"(12, 11841)",2,1,True,[12]
"(4061, 7164)",2,1,True,[7164]
"(7996, 9241)",2,1,True,"[7996, 9241]"
"(4968, 11428)",2,1,True,[11428]
"(12094, 12502)",2,1,True,[12094]
"(11129, 12267)",2,1,False,[]
"(1689, 2571)",2,1,True,"[1689, 2571]"
"(495, 12379)",2,1,False,[]
"(2392, 3186)",2,1,True,[3186]
"(68, 8860)",2,1,True,[8860]
"(2860, 9357)",2,1,True,"[2860, 9357]"
"(4670, 8299)",2,1,True,[8299]
"(9805, 12630)",2,1,True,"[9805, 12630]"
"(561, 4664)",2,1,True,[4664]
"(3443, 3879)",2,1,True,[3879]
"(25, 11341)",2,1,True,[11341]
"(1856, 7828)",2,1,True,"[1856, 7828]"
"(762, 2371, 5610)",3,1,True,"[762, 5610]"
"(802, 1150, 1900, 2171, 3200, 5310)",6,1,True,[5310]
"(4167, 5517)",2,1,True,"[4167, 5517]"
"(395, 4898)",2,1,True,[395]
"(9616, 10812)",2,1,True,[9616]
"(2266, 4233)",2,1,True,[2266]
"(10234, 12196)",2,1,True,[10234]
"(3218, 6615)",2,1,True,[6615]
"(2473, 5086)",2,1,True,[5086]
"(128, 5085)",2,1,True,[5085]
"(1868, 8671)",2,1,True,[8671]
"(6729, 8074)",2,1,False,[]
"(4273, 6896)",2,1,True,"[4273, 6896]"
"(972, 7400)",2,1,False,[]
"(6117, 12342)",2,1,True,"[6117, 12342]"
"(346, 8434)",2,1,True,[8434]
"(4588, 10102)",2,1,True,"[4588, 10102]"
"(3714, 11654)",2,1,True,[11654]
"(38, 6087)",2,1,True,[6087]
"(1985, 6896)",2,1,True,[6896]
"(2858, 3696)",2,1,True,"[2858, 3696]"
"(114, 4166)",2,1,True,[4166]
"(1471, 2225)",2,1,True,[2225]
"(5125, 7303)",2,1,True,[5125]
"(8151, 9062)",2,1,True,[9062]
"(552, 6003)",2,1,True,[6003]
"(3561, 9459)",2,1,True,[3561]
"(6343, 6343)",2,1,True,[6343]
"(3068, 7302)",2,1,False,[]
"(1666, 2129)",2,1,True,[2129]
"(5381, 5444)",2,1,False,[]
"(5978, 6427)",2,1,True,[6427]
"(1237, 1790)",2,1,True,[1237]
"(12364, 12740)",2,1,True,[12364]
"(908, 10311)",2,1,True,[908]
"(3659, 5576)",2,1,True,[5576]
"(6430, 10072)",2,1,True,[10072]
"(2633, 10282)",2,1,True,[10282]
"(8627, 10228)",2,1,True,"[8627, 10228]"
"(9122, 10402)",2,1,True,[9122]
"(4616, 8734)",2,1,False,[]
"(2820, 3909)",2,1,False,[]
"(3369, 7170)",2,1,True,[3369]
"(110, 1537)",2,1,False,[]
"(4045, 10890)",2,1,True,[10890]
"(624, 5024)",2,1,True,[624]
"(529, 533)",2,1,True,[533]
"(864, 2987)",2,1,True,[864]
"(1114, 8626)",2,1,True,[8626]
"(4636, 5416)",2,1,True,[5416]
"(911, 2987)",2,1,False,[]
"(1571, 5901)",2,1,True,[1571]
"(948, 4689)",2,1,True,[948]
"(827, 3841)",2,1,False,[]
"(89, 3347)",2,1,True,[89]
"(576, 3760)",2,1,False,[]
"(5025, 10380)",2,1,False,[]
"(6859, 9030)",2,1,False,[]
"(3581, 8391)",2,1,False,[]
"(1035, 4026)",2,1,True,[4026]
"(938, 6163)",2,1,False,[]
"(2787, 7894)",2,1,True,[2787]
"(420, 11576)",2,1,False,[]
"(4061, 4815)",2,1,True,[4815]
"(4152, 12494)",2,1,True,[12494]
"(2307, 4008)",2,1,True,[4008]
"(1996, 1996)",2,1,False,[]
"(10584, 11651)",2,1,True,[11651]
"(5292, 5515)",2,1,True,[5515]
"(4840, 8583)",2,1,True,[4840]
"(454, 3545, 5267)",3,1,True,[3545]
"(418, 9216)",2,1,True,"[418, 9216]"
"(358, 2446)",2,1,False,[]
"(352, 8827)",2,1,True,"[352, 8827]"
"(808, 6226)",2,1,True,[6226]
"(1361, 7197)",2,1,True,[7197]
"(8666, 9745)",2,1,True,[8666]
"(486, 3153)",2,1,True,[3153]
"(1440, 9457)",2,1,False,[]
"(51, 3626)",2,1,False,[]
"(11706, 12723)",2,1,False,[]
"(2184, 11180)",2,1,True,[11180]
"(2740, 7196)",2,1,True,[2740]
"(4011, 5865, 7944)",3,1,False,[]
"(4895, 10257)",2,1,False,[]
"(2985, 11879)",2,1,True,"[2985, 11879]"
"(3687, 4895)",2,1,True,[3687]
"(831, 2429, 11459)",3,1,True,[2429]
"(3894, 6260)",2,1,False,[]
"(4672, 8665)",2,1,True,[8665]
"(6669, 6711, 9940)",3,1,True,[9940]
"(9803, 12558)",2,1,True,[12558]
"(6609, 8733)",2,1,True,[8733]
"(1918, 2872)",2,1,False,[]
"(6398, 9146, 10866)",3,1,True,[6398]
"(3560, 9524)",2,1,True,[9524]
"(6138, 6834)",2,1,True,[6138]
"(7170, 12377)",2,1,True,[12377]
"(1040, 6551)",2,1,True,"[1040, 6551]"
"(3232, 9686)",2,1,True,[3232]
"(6610, 12880)",2,1,False,[]
"(1358, 11467)",2,1,True,[1358]
"(8186, 11364)",2,1,True,[11364]
"(5746, 7808)",2,1,False,[]
"(11652, 11840)",2,1,True,[11652]
"(1299, 4431)",2,1,True,[1299]
"(12409, 12465)",2,1,True,"[12409, 12465]"
"(1213, 2026)",2,1,True,"[1213, 2026]"
"(4766, 9397)",2,1,True,[9397]
"(902, 4470)",2,1,False,[]
"(8474, 8761)",2,1,True,[8474]
"(1119, 9951)",2,1,True,[9951]
"(6002, 9217)",2,1,True,[9217]
"(296, 11266)",2,1,True,[11266]
"(3857, 5022, 7423)",3,1,True,[7423]
"(8260, 9418)",2,1,True,[9418]
"(5516, 10429)",2,1,True,[5516]
"(5415, 9419)",2,1,True,"[5415, 9419]"
"(2713, 11297)",2,1,True,[2713]
"(3837, 12525)",2,1,True,[12525]
"(2878, 7243)",2,1,True,[7243]
"(7220, 9174)",2,1,True,[9174]
"(4723, 7498)",2,1,True,[4723]
"(2068, 3096)",2,1,True,[3096]
"(6745, 9091)",2,1,True,"[6745, 9091]"
"(1880, 2850)",2,1,True,[2850]
"(4746, 5471)",2,1,True,[4746]
"(9685, 12464)",2,1,True,[12464]
"(1217, 5651)",2,1,True,[1217]
"(2816, 3015)",2,1,True,[2816]
"(1035, 3410)",2,1,False,[]
"(2651, 12487)",2,1,True,[2651]
"(6535, 8471)",2,1,False,[]
"(618, 2428)",2,1,True,[618]
"(2492, 3703)",2,1,True,[3703]
"(979, 2340)",2,1,False,[]
"(1035, 2913)",2,1,True,[2913]
"(2726, 4595)",2,1,True,"[2726, 4595]"
"(95, 2435)",2,1,False,[]
"(1707, 5775)",2,1,True,[1707]
"(6201, 7467, 9417)",3,1,True,[6201]
"(2038, 11050)",2,1,True,[11050]
"(4404, 4744)",2,1,True,[4744]
"(816, 11917)",2,1,True,[816]
"(3704, 7533)",2,1,True,[3704]
"(1267, 2962)",2,1,False,[]
"(4086, 7422)",2,1,True,"[4086, 7422]"
"(6172, 11918)",2,1,True,[6172]
"(3837, 9039)",2,1,False,[]
"(9396, 12260)",2,1,True,[12260]
"(10946, 12501)",2,1,False,[]
"(3898, 10309, 11395)",3,1,True,[10309]
"(10553, 11237)",2,1,True,[11237]
"(589, 9950)",2,1,True,[9950]
"(4071, 7776)",2,1,True,[4071]
"(8998, 9582)",2,1,True,[9582]
"(3049, 3711)",2,1,False,[]
"(12009, 12024)",2,1,True,[12024]
"(3335, 12091)",2,1,True,"[3335, 12091]"
"(11363, 11572)",2,1,True,"[11363, 11572]"
"(3611, 9901)",2,1,True,[9901]
"(893, 2570, 4813)",3,1,False,[]
"(722, 9832)",2,1,True,"[722, 9832]"
"(6937, 7331)",2,1,True,"[6937, 7331]"
"(6086, 7612)",2,1,False,[]
"(5392, 8090)",2,1,True,[8090]
"(9556, 11969)",2,1,True,[9556]
"(3765, 10176)",2,1,True,[10176]
"(3985, 10042)",2,1,True,"[3985, 10042]"
"(8582, 9215)",2,1,True,[9215]
"(659, 1613)",2,1,False,[]
"(3314, 8548)",2,1,True,[8548]
"(6261, 7134)",2,1,True,[6261]
"(8359, 11238)",2,1,True,[11238]
"(9354, 9355)",2,1,True,[9354]
"(5105, 5379)",2,1,True,[5379]
"(2015, 10529)",2,1,True,[2015]
"(2298, 2652, 3693)",3,1,True,"[2298, 2652]"
"(5470, 6287)",2,1,True,[5470]
"(748, 7040)",2,1,True,"[748, 7040]"
"(4430, 7743)",2,1,True,"[4430, 7743]"
"(801, 1476)",2,1,True,[1476]
"(642, 642)",2,1,False,[]
"(338, 6474)",2,1,False,[]
"(10202, 10888)",2,1,True,[10888]
"(1252, 9774)",2,1,True,[9774]
"(1880, 4794)",2,1,True,[4794]
"(5950, 10637)",2,1,True,"[5950, 10637]"
"(2150, 7248)",2,1,False,[]
"(3921, 4962)",2,1,True,[4962]
"(12192, 12341)",2,1,True,"[12192, 12341]"
"(1107, 8221)",2,1,False,[]
"(203, 7526)",2,1,False,[]
"(10667, 11466)",2,1,True,[11466]
"(7264, 10636)",2,1,True,"[7264, 10636]"
"(1590, 12628)",2,1,True,[12628]
"(2881, 2882)",2,1,True,"[2881, 2882]"
"(1193, 12627)",2,1,True,[12627]
"(228, 1864)",2,1,True,[1864]
"(9421, 9977)",2,1,True,[9977]
"(5383, 12650)",2,1,True,[12650]
"(18, 10203)",2,1,False,[]
"(3001, 5951)",2,1,True,[5951]
"(8855, 9420)",2,1,True,[9420]
"(499, 2992)",2,1,True,[2992]
"(1990, 6726)",2,1,False,[]
"(723, 1786, 4774)",3,1,True,[4774]
"(4098, 12066)",2,1,True,"[4098, 12066]"
"(2674, 8298, 10011)",3,1,True,"[8298, 10011]"
"(4211, 7534)",2,1,True,[4211]
"(7804, 8855)",2,1,True,[7804]
"(8150, 10867)",2,1,True,"[8150, 10867]"
"(3519, 7967)",2,1,True,[3519]
"(2297, 4896)",2,1,True,"[2297, 4896]"
"(6688, 9239)",2,1,True,[9239]
"(10698, 12520)",2,1,True,[12520]
"(4631, 9302)",2,1,True,[9302]
"(8936, 10152)",2,1,False,[]
"(10699, 11757)",2,1,True,"[10699, 11757]"
"(1248, 4125)",2,1,True,[1248]
"(7166, 12604)",2,1,True,[7166]
"(3968, 7771)",2,1,True,"[3968, 7771]"
"(1301, 3368)",2,1,False,[]
"(316, 2339)",2,1,False,[]
"(2786, 9299)",2,1,True,"[2786, 9299]"
"(1808, 6231)",2,1,True,[6231]
"(1886, 7468)",2,1,True,[1886]
"(5492, 9583)",2,1,True,"[5492, 9583]"
"(6611, 9880)",2,1,True,[9880]
"(596, 10012)",2,1,True,"[596, 10012]"
"(7995, 9194)",2,1,True,"[7995, 9194]"
"(4338, 8856)",2,1,False,[]
"(3658, 7744)",2,1,True,[7744]
"(1300, 7873)",2,1,True,"[1300, 7873]"
"(8723, 8828)",2,1,True,[8828]
"(331, 1945, 2617)",3,1,True,[1945]
"(2708, 4389)",2,1,True,[2708]
"(5321, 6793)",2,1,False,[]
"(539, 6895)",2,1,True,[6895]
"(1602, 10204)",2,1,True,[10204]
"(9687, 10728)",2,1,True,"[9687, 10728]"
"(7135, 7222)",2,1,True,[7222]
"(891, 10317)",2,1,True,[10317]
"(2127, 8762)",2,1,True,[8762]
"(3, 10389)",2,1,False,[]
"(561, 8999)",2,1,False,[]
"(3616, 8668)",2,1,True,[8668]
"(6970, 11365)",2,1,True,[11365]
"(2136, 9902)",2,1,True,[9902]
"(4918, 12559)",2,1,False,[]
"(472, 4295)",2,1,True,[4295]
"(11586, 12629)",2,1,False,[]
"(3858, 7221)",2,1,True,"[3858, 7221]"
"(11308, 12127)",2,1,True,[12127]
"(916, 3694)",2,1,True,[3694]
"(2016, 9035)",2,1,True,[2016]
"(5, 10761)",2,1,False,[]
"(1035, 1930, 2739, 7390)",4,1,False,[]
"(3245, 5023)",2,1,True,[5023]
"(1238, 9688)",2,1,False,[]
"(4039, 4273)",2,1,True,[4273]
"(2436, 11148)",2,1,True,"[2436, 11148]"
"(12307, 12411)",2,1,True,[12307]
"(5607, 6262)",2,1,True,"[5607, 6262]"
"(7577, 8703)",2,1,True,[8703]
"(9175, 11533)",2,1,True,[9175]
"(3346, 8584)",2,1,True,[3346]
"(673, 2610)",2,1,False,[]
"(8667, 10375)",2,1,True,[8667]
"(3758, 5076, 10346)",3,1,True,"[5076, 10346]"
"(5241, 9804)",2,1,True,[9804]
"(3877, 9557)",2,1,True,"[3877, 9557]"
"(3271, 5877)",2,1,True,[5877]
"(10620, 10788)",2,1,True,[10788]
"(4672, 10345)",2,1,True,[10345]
"(622, 11268, 11873)",3,1,True,[11268]
"(1889, 5241)",2,1,True,[1889]
"(8926, 10613)",2,1,True,"[8926, 10613]"
"(1570, 4670)",2,1,False,[]
"(1108, 1669)",2,1,True,"[1108, 1669]"
"(11268, 11873)",2,1,True,[11268]
"(1036, 4841)",2,1,True,[4841]
"(8222, 9952)",2,1,True,[8222]
"(1767, 5084)",2,1,True,"[1767, 5084]"
"(4542, 7101)",2,1,True,"[4542, 7101]"
"(179, 4317)",2,1,False,[]
"(265, 12059)",2,1,False,[]
"(8213, 10957)",2,1,False,[]
"(10043, 11618)",2,1,False,[]
"(1108, 10983)",2,1,True,"[1108, 10983]"
"(2900, 7899)",2,1,True,[7899]
"(1836, 10044)",2,1,True,[10044]
"(4022, 11534)",2,1,True,[11534]
"(5192, 6969)",2,1,False,[]
"(749, 1918, 3177)",3,1,False,[]
"(419, 2823, 6746)",3,1,True,[6746]
"(635, 5693)",2,1,True,[5693]
"(33, 4120)",2,1,False,[]
"(5851, 11425)",2,1,True,[11425]
"(4405, 4405)",2,1,False,[]
"(192, 12308)",2,1,False,[]
"(9325, 9809)",2,1,True,"[9325, 9809]"
"(4543, 5356)",2,1,True,"[4543, 5356]"
"(108, 5704, 8710)",3,1,False,[]
"(10787, 11051)",2,1,True,[11051]
"(8360, 8744)",2,1,True,[8360]
"(7198, 7991)",2,1,True,[7991]
"(88, 944)",2,1,True,[944]
"(3477, 9458)",2,1,True,[3477]
"(2307, 8927)",2,1,True,[8927]
"(11267, 12092)",2,1,True,[11267]
"(1126, 11954)",2,1,True,[1126]
"(6648, 8031)",2,1,True,[8031]
"(9746, 10258)",2,1,True,[9746]
"(181, 1364, 6537)",3,1,True,[6537]
"(2326, 3176)",2,1,True,[2326]
"(1824, 2306)",2,1,True,[1824]
"(1037, 4432)",2,1,True,"[1037, 4432]"
"(1444, 3967)",2,1,True,[1444]
"(7990, 12852)",2,1,True,"[7990, 12852]"
"(3412, 8032)",2,1,True,"[3412, 8032]"
"(2139, 11160)",2,1,False,[]
"(6858, 12876)",2,1,True,"[6858, 12876]"
"(699, 2327)",2,1,True,[2327]
"(4963, 10045)",2,1,True,[10045]
"(6538, 10596)",2,1,True,[10596]
"(1175, 2243)",2,1,True,[2243]
"(6064, 10487)",2,1,True,[6064]
"(1741, 8355)",2,1,True,[1741]
"(1692, 2974)",2,1,True,[2974]
"(1907, 2648, 3787, 6443)",4,1,True,[6443]
"(11070, 12176)",2,1,True,"[11070, 12176]"
"(2730, 6270)",2,1,True,[2730]
"(97, 10513)",2,1,True,[97]
"(3379, 4199)",2,1,True,[3379]
"(1702, 9785)",2,1,True,[1702]
"(195, 1041, 1419, 2990, 3501, 8068)",6,1,True,"[195, 2990, 3501]"
"(1511, 3162, 5988)",3,1,False,[]
"(1722, 3042)",2,1,True,[3042]
"(3947, 10640)",2,1,True,[10640]
"(2328, 6845, 7257, 9729)",4,1,True,[9729]
"(60, 10873)",2,1,False,[]
"(5556, 9435)",2,1,True,[5556]
"(8213, 8447)",2,1,True,[8447]
"(1698, 3643)",2,1,True,[1698]
"(1618, 2663)",2,1,True,[1618]
"(8446, 9876)",2,1,True,[8446]
"(1354, 9812)",2,1,True,[1354]
"(2007, 5642)",2,1,True,[5642]
"(1393, 1709)",2,1,True,[1393]
"(9250, 10268)",2,1,True,[10268]
"(2809, 8942)",2,1,True,"[2809, 8942]"
"(5295, 7693)",2,1,True,[7693]
"(5162, 6381)",2,1,True,"[5162, 6381]"
"(10998, 12284)",2,1,False,[]
"(1953, 9567)",2,1,True,[1953]
"(8194, 11342)",2,1,True,[8194]
"(8276, 9010)",2,1,True,[9010]
"(5366, 6444)",2,1,True,[6444]
"(5149, 8682)",2,1,True,[8682]
"(7170, 9407)",2,1,True,[9407]
"(1036, 7658)",2,1,True,[7658]
"(3823, 7351)",2,1,True,[3823]
"(754, 3955)",2,1,True,[3955]
"(1221, 2430, 3807)",3,1,True,[1221]
"(697, 1365, 3121)",3,1,True,[3121]
"(897, 8809)",2,1,True,[8809]
"(1208, 1238, 3848)",3,1,False,[]
"(6149, 6584)",2,1,True,[6584]
"(18, 4609)",2,1,True,[4609]
"(5397, 9047)",2,1,True,[9047]
"(8311, 10767)",2,1,True,"[8311, 10767]"
"(5974, 10162)",2,1,True,[10162]
"(1503, 2270)",2,1,True,[1503]
"(7017, 7751)",2,1,True,"[7017, 7751]"
"(6404, 11308)",2,1,True,[6404]
"(7589, 12235)",2,1,True,"[7589, 12235]"
"(5049, 10295)",2,1,True,[5049]
"(3926, 5932)",2,1,True,[3926]
"(6588, 9664)",2,1,True,[6588]
"(2978, 12512)",2,1,True,[2978]
"(2301, 3766)",2,1,False,[]
"(11341, 11606)",2,1,True,[11341]
"(11376, 12833)",2,1,True,[12833]
"(11002, 12212)",2,1,True,[12212]
"(11309, 12448)",2,1,False,[]
"(2878, 3645)",2,1,True,[3645]
"(364, 2402)",2,1,False,[]
"(2430, 10079)",2,1,False,[]
"(10946, 11818)",2,1,True,[11818]
"(10053, 11933)",2,1,True,[10053]
"(4484, 8445)",2,1,True,[8445]
"(12175, 12447)",2,1,True,"[12175, 12447]"
"(3863, 9875)",2,1,True,[3863]
"(1514, 10968)",2,1,True,[10968]
"(4557, 5047)",2,1,True,[4557]
"(8276, 11873)",2,1,False,[]
"(3666, 11669)",2,1,True,[3666]
"(12205, 12571)",2,1,True,[12571]
"(11507, 12637)",2,1,True,[12637]
"(7279, 8376)",2,1,True,[8376]
"(1194, 9757)",2,1,True,[9757]
"(5449, 11248)",2,1,True,[5449]
"(5563, 5958)",2,1,True,[5563]
"(4241, 7451)",2,1,False,[]
"(35, 4728)",2,1,False,[]
"(2534, 3137, 4507, 10826)",4,1,True,[2534]
"(28, 11545)",2,1,True,[11545]
"(4930, 5008)",2,1,True,[5008]
"(2501, 2954)",2,1,True,[2501]
"(5508, 9434)",2,1,True,"[5508, 9434]"
"(2476, 10902)",2,1,True,[10902]
"(2778, 11643)",2,1,True,[11643]
"(218, 2475)",2,1,True,[2475]
"(817, 5136, 6889)",3,1,True,[5136]
"(6586, 11306)",2,1,True,[11306]
"(7145, 7205)",2,1,True,[7145]
"(3399, 9990)",2,1,True,[9990]
"(2776, 5025, 6700)",3,1,False,[]
"(4173, 5528)",2,1,True,[4173]
"(1244, 1244)",2,1,True,[1244]
"(5581, 6587, 6911)",3,1,True,"[5581, 6911]"
"(1072, 4438)",2,1,True,[4438]
"(3353, 8778)",2,1,True,[8778]
"(10537, 12671)",2,1,True,"[10537, 12671]"
"(10684, 12394)",2,1,True,[12394]
"(2520, 3608)",2,1,False,[]
"(1733, 10360)",2,1,True,"[1733, 10360]"
"(10970, 11440)",2,1,True,[10970]
"(1380, 9077)",2,1,True,[9077]
"(2255, 2502, 6013)",3,1,True,"[2255, 2502, 6013]"
"(12283, 12505)",2,1,False,[]
"(635, 11819)",2,1,False,[]
"(1603, 12207)",2,1,False,[]
"(2952, 7278)",2,1,True,[7278]
"(6625, 12638)",2,1,True,[12638]
"(2383, 10080)",2,1,True,[10080]
"(5390, 9703)",2,1,True,[9703]
"(1067, 11670)",2,1,False,[]
"(132, 4127)",2,1,False,[]
"(6491, 9918, 10054)",3,1,False,[]
"(1952, 3601)",2,1,True,[1952]
"(4528, 5048)",2,1,True,"[4528, 5048]"
"(5284, 6844)",2,1,True,"[5284, 6844]"
"(2382, 11477)",2,1,True,[2382]
"(8193, 11307)",2,1,True,[8193]
"(4198, 9662)",2,1,True,[9662]
"(351, 1171)",2,1,True,[1171]
"(2545, 4541)",2,1,True,[4541]
"(704, 2641)",2,1,False,[]
"(11935, 12287)",2,1,False,[]
"(605, 3400)",2,1,True,[3400]
"(5146, 7555)",2,1,True,[7555]
"(3275, 6451)",2,1,False,[]
"(6328, 7624)",2,1,True,[7624]
"(10796, 12672)",2,1,True,"[10796, 12672]"
"(2824, 5052, 8876)",3,1,True,[2824]
"(598, 4645)",2,1,False,[]
"(10679, 12478)",2,1,True,"[10679, 12478]"
"(756, 10999)",2,1,True,[10999]
"(3163, 8237)",2,1,True,[8237]
"(5775, 5847)",2,1,False,[]
"(7020, 11375)",2,1,True,[7020]
"(5030, 8943)",2,1,True,[5030]
"(7051, 9992)",2,1,True,[7051]
"(1646, 4413)",2,1,True,[1646]
"(719, 9225)",2,1,True,"[719, 9225]"
"(1511, 4046)",2,1,True,[4046]
"(2664, 8600)",2,1,True,[2664]
"(26, 1636)",2,1,False,[]
"(7590, 8488)",2,1,True,"[7590, 8488]"
"(4324, 12210)",2,1,True,[12210]
"(3993, 7053)",2,1,False,[]
"(8599, 10138)",2,1,True,[10138]
"(1570, 7948)",2,1,True,[7948]
"(873, 11854)",2,1,True,[873]
"(6516, 10024)",2,1,True,[10024]
"(272, 5529, 8389)",3,1,False,[]
"(5342, 10608)",2,1,False,[]
"(647, 4830)",2,1,True,[4830]
"(635, 10905)",2,1,False,[]
"(4971, 7021)",2,1,True,[4971]
"(5026, 11547)",2,1,True,[11547]
"(1521, 1760)",2,1,True,[1521]
"(4017, 11036)",2,1,True,[4017]
"(1424, 5009)",2,1,True,[5009]
"(790, 5397)",2,1,False,[]
"(2103, 8734)",2,1,True,[2103]
"(250, 4145, 9568)",3,1,True,[4145]
"(8127, 12104)",2,1,True,"[8127, 12104]"
"(8714, 9538)",2,1,True,[9538]
"(9054, 9099)",2,1,False,[]
"(1226, 8489)",2,1,True,"[1226, 8489]"
"(10680, 12402)",2,1,True,[10680]
"(6228, 7146)",2,1,True,[6228]
"(4439, 10239)",2,1,True,[10239]
"(1742, 7556)",2,1,True,"[1742, 7556]"
"(2732, 3627)",2,1,True,[2732]
"(11594, 11853)",2,1,True,[11594]
"(6558, 8413)",2,1,False,[]
"(2991, 6248)",2,1,True,[6248]
"(302, 336, 10608, 12019)",4,1,False,[]
"(1191, 6778)",2,1,True,[1191]
"(740, 1532, 2399)",3,1,False,[]
"(5989, 10238)",2,1,True,"[5989, 10238]"
"(199, 1650)",2,1,False,[]
"(1614, 6667)",2,1,True,[6667]
"(5399, 7660)",2,1,True,[5399]
"(90, 10056)",2,1,True,[90]
"(872, 1253)",2,1,True,[1253]
"(289, 958)",2,1,True,[289]
"(3588, 4754)",2,1,True,"[3588, 4754]"
"(1106, 3845)",2,1,True,[1106]
"(10082, 11252)",2,1,True,[10082]
"(5366, 10410)",2,1,False,[]
"(2361, 7694)",2,1,False,[]
"(5909, 10361)",2,1,False,[]
"(11052, 11873)",2,1,False,[]
"(8926, 12354)",2,1,True,[8926]
"(740, 6272)",2,1,True,[6272]
"(5064, 7116, 8377)",3,1,False,[]
"(1073, 1271)",2,1,True,[1271]
"(7203, 8126)",2,1,True,[8126]
"(2750, 12419)",2,1,True,[12419]
"(402, 3252)",2,1,True,[3252]
"(2312, 10741)",2,1,True,[10741]
"(34, 10795)",2,1,False,[]
"(2865, 10081)",2,1,True,[2865]
"(8004, 10538)",2,1,True,[8004]
"(6408, 6873)",2,1,True,[6873]
"(2115, 11934)",2,1,False,[]
"(602, 8312)",2,1,True,[8312]
"(171, 541, 2902, 3898, 8003)",5,1,False,[]
"(333, 9626, 10055)",3,1,True,[10055]
"(2731, 10794)",2,1,True,[2731]
"(3927, 9843)",2,1,True,"[3927, 9843]"
"(4670, 6445)",2,1,True,[6445]
"(10904, 11546)",2,1,True,"[10904, 11546]"
"(3783, 6815)",2,1,False,[]
"(4348, 11343)",2,1,True,"[4348, 11343]"
"(4013, 6247)",2,1,True,[6247]
"(381, 4558, 6155)",3,1,True,[4558]
"(1786, 3417)",2,1,True,[3417]
"(695, 12395)",2,1,True,"[695, 12395]"
"(2059, 6148)",2,1,True,[6148]
"(3292, 4369)",2,1,True,"[3292, 4369]"
"(3591, 11441, 11999)",3,1,True,[11999]
"(938, 12075)",2,1,True,[12075]
"(10327, 12511)",2,1,True,[12511]
"(7784, 12074)",2,1,True,"[7784, 12074]"
"(6405, 7396)",2,1,True,[7396]
"(65, 10492)",2,1,False,[]
"(3565, 9189)",2,1,True,[3565]
"(877, 7019)",2,1,True,[877]
"(9652, 12710)",2,1,True,"[9652, 12710]"
"(918, 3227)",2,1,False,[]
"(846, 12236)",2,1,True,[846]
"(3334, 3739)",2,1,True,"[3334, 3739]"
"(93, 12355)",2,1,True,[93]
"(373, 486)",2,1,False,[]
"(4092, 5784, 8100)",3,1,False,[]
"(2084, 12208)",2,1,True,[2084]
"(2162, 7312)",2,1,True,[7312]
"(7603, 12477)",2,1,True,[7603]
"(105, 1787)",2,1,False,[]
"(835, 2384)",2,1,True,[2384]
"(8449, 10186)",2,1,True,[10186]
"(172, 11004)",2,1,True,[11004]
"(3928, 12209)",2,1,False,[]
"(7313, 10768)",2,1,True,[10768]
"(8561, 9406)",2,1,True,[9406]
"(2101, 9075)",2,1,True,[2101]
"(379, 4674, 5046)",3,1,True,"[379, 5046]"
"(1528, 3596)",2,1,True,[1528]
"(139, 6246)",2,1,True,[6246]
"(6697, 6979)",2,1,True,[6697]
"(1562, 2533)",2,1,False,[]
"(10, 4197)",2,1,False,[]
"(7175, 12325)",2,1,True,"[7175, 12325]"
"(5410, 10899, 11852)",3,1,True,"[5410, 11852]"
"(2050, 6323)",2,1,True,[2050]
"(3953, 4827)",2,1,False,[]
"(5073, 8734)",2,1,True,[5073]
"(1126, 9074)",2,1,True,[1126]
"(10267, 10740)",2,1,True,[10267]
"(1552, 3044)",2,1,False,[]
"(3251, 3251)",2,1,True,[3251]
"(5527, 11341)",2,1,True,[11341]
"(3554, 8777)",2,1,True,[3554]
"(1464, 2715)",2,1,True,[1464]
"(6550, 9784)",2,1,True,[9784]
"(1985, 8444)",2,1,True,[8444]
"(1913, 8873)",2,1,True,[1913]
"(6721, 11629)",2,1,True,[11629]
"(1136, 6403)",2,1,True,"[1136, 6403]"
"(6742, 12173)",2,1,True,[12173]
"(2187, 9841)",2,1,True,"[2187, 9841]"
"(2276, 2856)",2,1,False,[]
"(1017, 2175, 8160, 8412)",4,1,True,[2175]
"(9939, 11305)",2,1,True,[9939]
"(91, 255, 584, 674, 6324)",5,1,False,[]
"(6551, 7881)",2,1,True,"[6551, 7881]"
"(3311, 6440)",2,1,True,[3311]
"(133, 5191)",2,1,True,[5191]
"(2749, 7588)",2,1,False,[]
"(1332, 6950)",2,1,True,[1332]
"(3691, 10326)",2,1,True,[10326]
"(1649, 2792)",2,1,False,[]
"(444, 654)",2,1,True,[444]
"(4498, 11049)",2,1,False,[]
"(414, 9913)",2,1,False,[]
"(6944, 7033)",2,1,False,[]
"(6665, 11816)",2,1,True,[11816]
"(6664, 11592)",2,1,True,"[6664, 11592]"
"(232, 1653, 2424, 2431, 8159)",5,1,False,[]
"(1262, 11544)",2,1,False,[]
"(4368, 5007)",2,1,False,[]
"(422, 8310)",2,1,True,[8310]
"(2176, 8741, 9842)",3,1,False,[]
"(4030, 12857)",2,1,True,[12857]
"(5427, 6843)",2,1,True,[5427]
"(318, 9206)",2,1,True,[318]
"(784, 3766)",2,1,True,[784]
"(385, 11795)",2,1,True,[385]
"(733, 3707)",2,1,True,[3707]
"(1641, 5188)",2,1,True,[5188]
"(4131, 10791)",2,1,True,[4131]
"(3461, 7014, 7946)",3,1,True,[7946]
"(9076, 9131)",2,1,True,[9131]
"(1035, 3179)",2,1,False,[]
"(11576, 12392)",2,1,True,[12392]
"(5526, 11402)",2,1,True,[11402]
"(3736, 3808)",2,1,True,"[3736, 3808]"
"(9008, 11590)",2,1,True,[11590]
"(1706, 6872)",2,1,True,[6872]
"(8000, 12390)",2,1,True,[12390]
"(5905, 7449)",2,1,True,"[5905, 7449]"
"(10995, 12844)",2,1,True,[12844]
"(2253, 6061)",2,1,True,"[2253, 6061]"
"(8093, 10898)",2,1,True,[10898]
"(3952, 6296)",2,1,False,[]
"(8805, 11893)",2,1,True,[8805]
"(5006, 6908)",2,1,True,[6908]
"(4568, 12136)",2,1,False,[]
"(1131, 8906)",2,1,False,[]
"(680, 988)",2,1,True,"[680, 988]"
"(2431, 2431)",2,1,False,[]
"(3698, 6995)",2,1,True,[3698]
"(2365, 2790)",2,1,True,"[2365, 2790]"
"(1458, 4620)",2,1,True,[4620]
"(8275, 9130)",2,1,True,"[8275, 9130]"
"(6488, 6978)",2,1,True,[6978]
"(4704, 6582)",2,1,True,[6582]
"(3351, 7174)",2,1,True,"[3351, 7174]"
"(1506, 4584, 10565)",3,1,True,[1506]
"(2104, 5283)",2,1,True,"[2104, 5283]"
"(6363, 10738)",2,1,True,"[6363, 10738]"
"(7632, 11127)",2,1,True,"[7632, 11127]"
"(266, 1176, 2370)",3,1,False,[]
"(214, 4703)",2,1,True,[4703]
"(4730, 7690)",2,1,True,[7690]
"(2254, 6351)",2,1,True,"[2254, 6351]"
"(243, 9728)",2,1,False,[]
"(5862, 12569)",2,1,False,[]
"(71, 12446)",2,1,True,[71]
"(328, 3022, 3799)",3,1,True,[3022]
"(7309, 7657)",2,1,True,"[7309, 7657]"
"(598, 3521)",2,1,True,[3521]
"(4346, 11704)",2,1,False,[]
"(4950, 7144)",2,1,False,[]
"(4363, 10712)",2,1,True,"[4363, 10712]"
"(614, 1233)",2,1,True,[1233]
"(3310, 10293)",2,1,True,[10293]
"(9498, 9783)",2,1,True,"[9498, 9783]"
"(2474, 9366)",2,1,True,[2474]
"(4800, 8234)",2,1,True,"[4800, 8234]"
"(1623, 11280)",2,1,True,[1623]
"(11279, 12172)",2,1,True,[12172]
"(3041, 10236)",2,1,True,"[3041, 10236]"
"(7914, 11210)",2,1,True,[7914]
"(1000, 5987)",2,1,True,"[1000, 5987]"
"(4949, 8641)",2,1,True,[8641]
"(4621, 5040)",2,1,True,[4621]
"(2451, 8597)",2,1,True,[2451]
"(1965, 7229)",2,1,True,[1965]
"(8356, 10325)",2,1,True,[10325]
"(3530, 4091)",2,1,True,[3530]
"(987, 2822)",2,1,True,[987]
"(7915, 9782)",2,1,False,[]
"(4456, 7691)",2,1,True,"[4456, 7691]"
"(6350, 9597)",2,1,True,"[6350, 9597]"
"(5818, 8124)",2,1,True,[8124]
"(7784, 9988)",2,1,True,[7784]
"(4753, 6098)",2,1,True,[6098]
"(882, 2666)",2,1,False,[]
"(3124, 3124)",2,1,False,[]
"(253, 3207)",2,1,False,[]
"(388, 4127)",2,1,True,[388]
"(6909, 8028)",2,1,True,[8028]
"(7511, 7554, 11631)",3,1,True,[7511]
"(2221, 7815)",2,1,True,[7815]
"(80, 417, 4323)",3,1,True,[80]
"(4062, 7847)",2,1,True,[7847]
"(4114, 6741)",2,1,True,[4114]
"(5333, 6062)",2,1,True,[6062]
"(1035, 2690)",2,1,False,[]
"(358, 9433)",2,1,True,[9433]
"(6441, 7311)",2,1,True,[6441]
"(92, 2550)",2,1,True,[92]
"(2965, 9500)",2,1,True,[2965]
"(779, 10294)",2,1,True,[779]
"(8000, 11506)",2,1,False,[]
"(5366, 11630)",2,1,False,[]
"(730, 12610)",2,1,True,[12610]
"(1691, 10987)",2,1,True,[1691]
"(2458, 12393)",2,1,False,[]
"(8713, 10987)",2,1,True,[8713]
"(5340, 5877)",2,1,True,[5877]
"(230, 660)",2,1,False,[]
"(541, 698)",2,1,False,[]
"(537, 11817)",2,1,False,[]
"(1832, 3954)",2,1,True,[1832]
"(5615, 7785)",2,1,True,"[5615, 7785]"
"(9661, 10486)",2,1,True,"[9661, 10486]"
"(118, 5862)",2,1,False,[]
"(4439, 9959)",2,1,False,[]
"(72, 87, 1345)",3,1,True,[72]
"(6442, 9756)",2,1,True,[6442]
"(8875, 9732)",2,1,True,[8875]
"(7115, 8681, 9663)",3,1,True,"[7115, 8681]"
"(9164, 9334)",2,1,True,[9164]
"(5259, 7057)",2,1,True,[5259]
"(115, 1137, 1708)",3,1,True,"[115, 1137]"
"(9755, 11192)",2,1,True,[9755]
"(9097, 9598)",2,1,True,[9598]
"(7176, 9501)",2,1,True,"[7176, 9501]"
"(439, 782)",2,1,True,[782]
"(7987, 9660)",2,1,False,[]
"(534, 6153)",2,1,True,[6153]
"(6922, 12189)",2,1,True,[12189]
"(2102, 2102)",2,1,False,[]
"(11439, 11720)",2,1,True,[11439]
"(3398, 3398)",2,1,True,[3398]
"(448, 1879, 1937)",3,1,False,[]
"(1328, 5236)",2,1,True,[5236]
"(6063, 6326)",2,1,True,[6063]
"(2430, 8712)",2,1,False,[]
"(272, 4412)",2,1,True,[4412]
"(3681, 11092)",2,1,True,[3681]
"(152, 7344)",2,1,False,[]
"(7553, 7882)",2,1,True,"[7553, 7882]"
"(1684, 8248)",2,1,True,"[1684, 8248]"
"(358, 8343)",2,1,True,[8343]
"(1075, 3699)",2,1,True,[3699]
"(2774, 6470, 6666)",3,1,False,[]
"(4622, 8742)",2,1,True,"[4622, 8742]"
"(5343, 12196)",2,1,False,[]
"(358, 3103)",2,1,True,[3103]
"(9830, 11668)",2,1,True,[9830]
"(448, 1879)",2,1,False,[]
"(6486, 10997)",2,1,False,[]
"(6325, 10824)",2,1,True,[10824]
"(2290, 5097)",2,1,True,[2290]
"(139, 139)",2,1,False,[]
"(4045, 6861)",2,1,False,[]
"(5040, 6584)",2,1,True,[6584]
"(3531, 4347)",2,1,True,[3531]
"(4322, 8099)",2,1,True,[4322]
"(11476, 11548)",2,1,True,[11548]
"(11705, 12570)",2,1,True,[11705]
"(5476, 11159)",2,1,True,[11159]
"(7310, 11967)",2,1,True,"[7310, 11967]"
"(5444, 6269)",2,1,True,[6269]
"(329, 330)",2,1,True,[329]
"(1771, 3786)",2,1,True,"[1771, 3786]"
"(5582, 8235)",2,1,True,[8235]
"(5134, 5219)",2,1,True,[5219]
"(224, 5428, 7395, 9874)",4,1,True,[5428]
"(522, 1590)",2,1,False,[]
"(3416, 8680)",2,1,True,[3416]
"(2307, 6214)",2,1,False,[]
"(6489, 9469)",2,1,True,"[6489, 9469]"
"(7080, 11736)",2,1,True,[11736]
"(938, 4061)",2,1,False,[]
"(2027, 6471)",2,1,False,[]
"(518, 12073)",2,1,True,"[518, 12073]"
"(1937, 2078, 6595)",3,1,False,[]
"(2017, 3465)",2,1,True,"[2017, 3465]"
"(4674, 8807)",2,1,True,[8807]
"(4832, 7016)",2,1,True,[7016]
"(4779, 12137)",2,1,True,[4779]
"(8987, 11049)",2,1,True,[8987]
"(149, 5365)",2,1,True,[149]
"(1644, 7867)",2,1,True,[1644]
"(11403, 11804)",2,1,False,[]
"(1507, 5698)",2,1,True,[5698]
"(5448, 10485)",2,1,True,[5448]
"(2228, 4968)",2,1,True,[2228]
"(504, 9499)",2,1,False,[]
"(10900, 10900)",2,1,False,[]
"(1729, 2091)",2,1,True,[1729]
"(215, 10266)",2,1,True,[10266]
"(1676, 3023, 3737)",3,1,True,[3023]
"(2163, 10739)",2,1,True,[2163]
"(10566, 10766, 12267)",3,1,False,[]
"(419, 2823, 3368, 5239)",4,1,False,[]
"(6777, 11894)",2,1,True,"[6777, 11894]"
"(777, 2271)",2,1,True,[2271]
"(11895, 12312)",2,1,True,[11895]
"(2582, 7692)",2,1,True,[7692]
"(5135, 11737)",2,1,True,[11737]
"(1783, 4951)",2,1,True,[1783]
"(3678, 9702)",2,1,True,"[3678, 9702]"
"(7814, 9958)",2,1,True,[7814]
"(2253, 9046)",2,1,True,"[2253, 9046]"
"(143, 1153)",2,1,True,[143]
"(1908, 2104)",2,1,True,[2104]
"(1238, 9629)",2,1,False,[]
"(5611, 11793)",2,1,True,"[5611, 11793]"
"(8169, 8385)",2,1,True,[8169]
"(5613, 5672)",2,1,True,[5672]
"(10, 3567)",2,1,True,[3567]
"(3438, 9281)",2,1,True,[9281]
"(441, 2092)",2,1,True,[2092]
"(3239, 3960)",2,1,True,[3239]
"(2289, 4953)",2,1,True,[2289]
"(2679, 4931)",2,1,True,"[2679, 4931]"
"(1937, 3700, 6595)",3,1,False,[]
"(6273, 12574)",2,1,True,"[6273, 12574]"
"(183, 7204)",2,1,True,[183]
"(3294, 4154)",2,1,True,[4154]
"(6446, 8197)",2,1,True,[8197]
"(2706, 9253)",2,1,False,[]
"(78, 1704)",2,1,True,[1704]
"(3044, 10874)",2,1,True,[10874]
"(3532, 3679)",2,1,False,[]
"(8007, 8007)",2,1,True,[8007]
"(10998, 11507, 12888)",3,1,False,[]
"(2253, 5881)",2,1,True,[2253]
"(2000, 11515)",2,1,True,[11515]
"(4349, 8072)",2,1,True,[8072]
"(4047, 6951)",2,1,True,"[4047, 6951]"
"(5586, 12640)",2,1,True,[5586]
"(401, 4847)",2,1,True,"[401, 4847]"
"(3629, 8602)",2,1,True,[3629]
"(350, 7148)",2,1,True,[7148]
"(1394, 10517)",2,1,False,[]
"(12288, 12657)",2,1,True,[12657]
"(6355, 8130)",2,1,True,"[6355, 8130]"
"(1375, 5702)",2,1,True,[5702]
"(7513, 9760)",2,1,True,[9760]
"(562, 5321, 6581)",3,1,False,[]
"(3188, 5849)",2,1,True,"[3188, 5849]"
"(12038, 12144)",2,1,False,[]
"(1470, 5701)",2,1,True,[5701]
"(2521, 5343)",2,1,True,[2521]
"(194, 12505)",2,1,False,[]
"(3064, 10297)",2,1,True,[10297]
"(3105, 5296)",2,1,True,[5296]
"(11282, 11345)",2,1,True,[11345]
"(4012, 11244)",2,1,False,[]
"(2139, 4974)",2,1,True,[4974]
"(9940, 12535)",2,1,True,[9940]
"(5163, 9551)",2,1,False,[]
"(5457, 11163)",2,1,False,[]
"(11041, 11712)",2,1,True,[11712]
"(26, 9497)",2,1,False,[]
"(1411, 1647)",2,1,True,[1647]
"(253, 3250)",2,1,False,[]
"(6475, 10058)",2,1,True,[10058]
"(7918, 9470)",2,1,True,"[7918, 9470]"
"(9813, 12397)",2,1,True,[12397]
"(1970, 7694)",2,1,False,[]
"(1652, 11516)",2,1,True,[1652]
"(1989, 6913)",2,1,True,[1989]
"(5755, 10165)",2,1,True,[5755]
"(4874, 10188)",2,1,True,[10188]
"(5010, 5607)",2,1,True,[5607]
"(4391, 4568)",2,1,True,[4391]
"(6384, 11909)",2,1,True,"[6384, 11909]"
"(456, 11223)",2,1,True,[11223]
"(5026, 8353)",2,1,True,[8353]
"(2340, 2706)",2,1,False,[]
"(5220, 5359)",2,1,True,[5220]
"(41, 1415, 5754)",3,1,True,[1415]
"(1262, 12573)",2,1,False,[]
"(3646, 7819)",2,1,True,"[3646, 7819]"
"(1121, 12534)",2,1,True,[12534]
"(6819, 11739)",2,1,True,[6819]
"(8071, 9013)",2,1,True,[8071]
"(887, 1537, 3692)",3,1,True,[3692]
"(10246, 10569)",2,1,True,[10569]
"(8382, 12139)",2,1,True,"[8382, 12139]"
"(3116, 8643)",2,1,True,[8643]
"(7118, 9012)",2,1,True,[7118]
"(6818, 8839)",2,1,True,"[6818, 8839]"
"(12328, 12806)",2,1,True,[12328]
"(398, 2733, 5192)",3,1,False,[]
"(2444, 5645)",2,1,True,[5645]
"(1895, 10568)",2,1,False,[]
"(1557, 2938, 7664)",3,1,True,"[1557, 2938]"
"(4973, 5880)",2,1,True,[5880]
"(953, 3224)",2,1,True,[953]
"(1970, 2890)",2,1,False,[]
"(5040, 11252)",2,1,False,[]
"(281, 6983)",2,1,True,[6983]
"(2678, 11377)",2,1,True,[11377]
"(7341, 9842)",2,1,False,[]
"(2866, 3647)",2,1,True,[3647]
"(1096, 4220)",2,1,True,[4220]
"(852, 3885)",2,1,False,[]
"(12350, 12808)",2,1,True,[12808]
"(9960, 11514)",2,1,True,[11514]
"(5534, 11711)",2,1,True,[5534]
"(7694, 11970)",2,1,True,[11970]
"(1786, 3126, 3141)",3,1,False,[]
"(1857, 7386)",2,1,True,"[1857, 7386]"
"(12111, 12356)",2,1,False,[]
"(7023, 11445)",2,1,True,[11445]
"(3532, 3844)",2,1,False,[]
"(2774, 12754)",2,1,True,[12754]
"(4781, 9706)",2,1,True,[9706]
"(2113, 6136)",2,1,False,[]
"(1331, 1592)",2,1,True,[1592]
"(8008, 8780)",2,1,True,"[8008, 8780]"
"(9504, 9787)",2,1,True,[9504]
"(7346, 12807)",2,1,True,[7346]
"(3636, 8383)",2,1,False,[]
"(2603, 11577)",2,1,False,[]
"(8196, 8561)",2,1,False,[]
"(1227, 2776)",2,1,True,[1227]
"(6016, 11001, 11898)",3,1,True,[6016]
"(50, 601, 5820)",3,1,False,[]
"(228, 1509)",2,1,True,[1509]
"(782, 812, 9101, 9788)",4,1,True,[782]
"(4623, 6578)",2,1,True,[4623]
"(834, 3214)",2,1,True,"[834, 3214]"
"(473, 8644)",2,1,False,[]
"(5137, 11038)",2,1,True,[5137]
"(1914, 3742, 9505)",3,1,True,[3742]
"(7558, 8718, 9787)",3,1,True,[8718]
"(626, 3998)",2,1,True,[626]
"(592, 5054)",2,1,True,[592]
"(3418, 3929)",2,1,True,[3929]
"(4386, 6494)",2,1,True,[6494]
"(6987, 7052)",2,1,True,[6987]
"(3701, 9307)",2,1,True,"[3701, 9307]"
"(1332, 7492)",2,1,True,[1332]
"(7593, 9078)",2,1,True,"[7593, 9078]"
"(5991, 7575, 10488)",3,1,True,[10488]
"(20, 11283)",2,1,False,[]
"(940, 4094)",2,1,False,[]
"(705, 9847)",2,1,True,[9847]
"(3604, 10623)",2,1,True,[10623]
"(10213, 12731)",2,1,True,[12731]
"(5344, 11346)",2,1,True,[11346]
"(9995, 10850)",2,1,True,[9995]
"(3482, 3722)",2,1,True,[3722]
"(2351, 6274)",2,1,False,[]
"(6756, 11741)",2,1,True,"[6756, 11741]"
"(11283, 12657)",2,1,True,[12657]
"(7515, 9994)",2,1,True,[7515]
"(4869, 6504)",2,1,False,[]
"(2094, 3766)",2,1,False,[]
"(6846, 7885)",2,1,True,[7885]
"(6847, 8384)",2,1,True,[6847]
"(1159, 2244)",2,1,True,[1159]
"(10269, 10851)",2,1,True,[10269]
"(1619, 7821)",2,1,True,"[1619, 7821]"
"(713, 4586)",2,1,True,"[713, 4586]"
"(11253, 12289)",2,1,True,[12289]
"(7149, 8746)",2,1,True,"[7149, 8746]"
"(6189, 9015)",2,1,True,"[6189, 9015]"
"(25, 1649)",2,1,False,[]
"(1719, 11347)",2,1,True,[1719]
"(2290, 6125)",2,1,True,[2290]
"(2872, 6668)",2,1,True,[6668]
"(5450, 7362)",2,1,True,[7362]
"(3084, 4932)",2,1,True,"[3084, 4932]"
"(630, 959)",2,1,False,[]
"(5077, 5785, 11130)",3,1,True,[5077]
"(2206, 6244)",2,1,False,[]
"(932, 2686)",2,1,False,[]
"(10234, 12239)",2,1,True,"[10234, 12239]"
"(1673, 11405)",2,1,True,"[1673, 11405]"
"(1333, 5796)",2,1,False,[]
"(6042, 10331)",2,1,True,[10331]
"(2629, 3138)",2,1,True,[3138]
"(4387, 7399)",2,1,True,[7399]
"(79, 11164)",2,1,False,[]
"(1374, 3513)",2,1,True,[1374]
"(1341, 10413)",2,1,True,[10413]
"(6701, 12575)",2,1,True,"[6701, 12575]"
"(107, 1909)",2,1,True,[1909]
"(4976, 10570)",2,1,False,[]
"(1029, 3809)",2,1,True,[3809]
"(5699, 8092)",2,1,False,[]
"(334, 12613)",2,1,True,"[334, 12613]"
"(1379, 2670)",2,1,False,[]
"(602, 10622)",2,1,True,[10622]
"(6555, 7626)",2,1,True,[6555]
"(1146, 7179)",2,1,True,"[1146, 7179]"
"(5503, 8358)",2,1,True,[5503]
"(301, 3277)",2,1,True,[3277]
"(312, 8491)",2,1,False,[]
"(8603, 11672)",2,1,True,[11672]
"(3889, 9158)",2,1,True,[9158]
"(2508, 10743)",2,1,True,[10743]
"(384, 6519)",2,1,True,[6519]
"(8716, 12809)",2,1,True,[8716]
"(8011, 11060)",2,1,True,[11060]
"(5392, 8139)",2,1,False,[]
"(1670, 11637)",2,1,True,[1670]
"(710, 5561)",2,1,False,[]
"(2525, 12873)",2,1,True,[12873]
"(2573, 5477)",2,1,True,[5477]
"(10608, 11823)",2,1,False,[]
"(661, 4707)",2,1,False,[]
"(507, 3025, 5859, 8896)",4,1,False,[]
"(5098, 9993)",2,1,True,[5098]
"(10597, 10597)",2,1,True,[10597]
"(635, 9961)",2,1,True,[9961]
"(781, 9665)",2,1,True,"[781, 9665]"
"(4832, 7016, 10860)",3,1,True,[7016]
"(36, 7371)",2,1,True,[7371]
"(3006, 5502)",2,1,True,"[3006, 5502]"
"(2188, 5673)",2,1,False,[]
"(2493, 12845)",2,1,False,[]
"(9102, 11404)",2,1,True,[9102]
"(897, 10384)",2,1,True,[10384]
"(1787, 4809)",2,1,True,[4809]
"(3591, 11673)",2,1,True,[11673]
"(6914, 7514)",2,1,True,"[6914, 7514]"
"(5, 3867)",2,1,True,[3867]
"(6100, 8717)",2,1,True,[8717]
"(10141, 11636)",2,1,True,"[10141, 11636]"
"(7480, 12398)",2,1,True,"[7480, 12398]"
"(1380, 3571)",2,1,False,[]
"(882, 2666, 11003)",3,1,True,[11003]
"(8604, 10412)",2,1,True,[10412]
"(1753, 5261)",2,1,True,"[1753, 5261]"
"(11378, 12019)",2,1,False,[]
"(5221, 11740)",2,1,True,[5221]
"(2700, 7865, 8926)",3,1,True,[8926]
"(1068, 2658)",2,1,False,[]
"(4512, 4512)",2,1,True,[4512]
"(6069, 12000)",2,1,True,[6069]
"(1658, 6781)",2,1,True,[1658]
"(3488, 7820)",2,1,True,[3488]
"(463, 6755)",2,1,True,[463]
"(21, 4968)",2,1,False,[]
"(3232, 3254)",2,1,True,[3232]
"(3354, 7753)",2,1,True,[3354]
"(901, 8681, 9663)",3,1,True,[8681]
"(1064, 11061)",2,1,True,[11061]
"(313, 5113)",2,1,True,"[313, 5113]"
"(1372, 9630)",2,1,True,[9630]
"(1373, 2917)",2,1,True,[2917]
"(4047, 11803)",2,1,True,[4047]
"(1537, 4202)",2,1,True,[4202]
"(197, 1001, 5671)",3,1,True,[5671]
"(5558, 7816)",2,1,True,[5558]
"(1962, 5532)",2,1,True,[1962]
"(2151, 12849)",2,1,True,[2151]
"(1583, 10972)",2,1,True,"[1583, 10972]"
"(713, 10411)",2,1,True,"[713, 10411]"
"(5848, 8116)",2,1,True,[5848]
"(10681, 12832)",2,1,True,"[10681, 12832]"
"(4261, 8685)",2,1,True,[8685]
"(440, 1577)",2,1,True,"[440, 1577]"
"(6329, 8451)",2,1,True,[8451]
"(647, 8313)",2,1,True,[8313]
"(2400, 11193)",2,1,False,[]
"(3721, 7281)",2,1,False,[]
"(2201, 8878)",2,1,True,[8878]
"(622, 8005)",2,1,True,[8005]
"(11244, 12693)",2,1,False,[]
"(6493, 6874)",2,1,True,[6874]
"(394, 11771)",2,1,False,[]
"(6473, 7280)",2,1,True,"[6473, 7280]"
"(10539, 12105)",2,1,True,[10539]
"(10971, 12421)",2,1,True,"[10971, 12421]"
"(5990, 9369)",2,1,True,[9369]
"(1768, 4385)",2,1,False,[]
"(4780, 6582)",2,1,True,"[4780, 6582]"
"(6982, 8532)",2,1,True,[8532]
"(2430, 4770)",2,1,False,[]
"(9759, 11671)",2,1,True,[11671]
"(4677, 5523)",2,1,True,[5523]
"(1263, 5112, 6592)",3,1,True,[5112]
"(2493, 6099)",2,1,True,[6099]
"(685, 1624, 1918)",3,1,True,[1624]
"(1954, 11250)",2,1,False,[]
"(12177, 12611)",2,1,True,[12177]
"(1519, 7282)",2,1,True,[7282]
"(3122, 4093)",2,1,True,[4093]
"(622, 7662)",2,1,True,[7662]
"(1637, 4624)",2,1,True,[4624]
"(1151, 1303, 1425)",3,1,True,[1151]
"(4520, 11938)",2,1,True,[4520]
"(3381, 8810)",2,1,True,[8810]
"(8022, 11709)",2,1,True,[11709]
"(6066, 9786)",2,1,True,[6066]
"(1507, 2393)",2,1,True,[2393]
"(165, 6330)",2,1,False,[]
"(2425, 11059)",2,1,True,[2425]
"(118, 2079)",2,1,True,[2079]
"(2881, 2975)",2,1,True,[2881]
"(1104, 5140)",2,1,False,[]
"(6474, 7178)",2,1,True,[7178]
"(5192, 5236)",2,1,True,[5236]
"(122, 4510)",2,1,True,[4510]
"(5365, 7022)",2,1,True,[7022]
"(1375, 5559)",2,1,True,[5559]
"(53, 4556)",2,1,True,[4556]
"(4115, 10515)",2,1,True,[4115]
"(1880, 6156)",2,1,False,[]
"(7848, 7917)",2,1,True,"[7848, 7917]"
"(1405, 5444)",2,1,True,[1405]
"(9, 11633)",2,1,True,[11633]
"(5031, 6723)",2,1,True,[6723]
"(5643, 10944)",2,1,True,[5643]
"(4120, 9627)",2,1,True,[9627]
"(4559, 10259)",2,1,True,[10259]
"(8022, 11632)",2,1,False,[]
"(698, 1278)",2,1,False,[]
"(8490, 10452)",2,1,True,[8490]
"(8450, 11896)",2,1,True,"[8450, 11896]"
"(1556, 5367)",2,1,True,[5367]
"(8378, 9502)",2,1,True,[9502]
"(392, 3643)",2,1,True,[392]
"(675, 5444)",2,1,False,[]
"(4384, 8042)",2,1,True,[4384]
"(2141, 7661)",2,1,True,"[2141, 7661]"
"(4918, 4952)",2,1,False,[]
"(1169, 6124)",2,1,True,[6124]
"(2340, 7147)",2,1,False,[]
"(450, 636)",2,1,True,[636]
"(2131, 8041)",2,1,True,"[2131, 8041]"
"(3555, 9540)",2,1,False,[]
"(5906, 8601)",2,1,True,"[5906, 8601]"
"(387, 8077)",2,1,True,[8077]
"(1250, 4174)",2,1,False,[]
"(68, 4234)",2,1,False,[]
"(2018, 11707)",2,1,False,[]
"(7397, 8838)",2,1,True,"[7397, 8838]"
"(1446, 8926)",2,1,True,[8926]
"(615, 726)",2,1,False,[]
"(5700, 8128)",2,1,True,[8128]
"(2329, 3824)",2,1,True,"[2329, 3824]"
"(473, 6336)",2,1,True,[6336]
"(7786, 11249)",2,1,True,"[7786, 11249]"
"(4509, 11478)",2,1,True,"[4509, 11478]"
"(464, 2442)",2,1,False,[]
"(7916, 7916)",2,1,False,[]
"(6754, 8451)",2,1,True,"[6754, 8451]"
"(3996, 10328)",2,1,True,[10328]
"(2272, 11281)",2,1,True,[11281]
"(6407, 7884)",2,1,True,[6407]
"(996, 8379)",2,1,True,[996]
"(333, 670)",2,1,True,[670]
"(4755, 6249)",2,1,True,"[4755, 6249]"
"(6215, 9705)",2,1,True,"[6215, 9705]"
"(11175, 12286)",2,1,True,[12286]
"(1063, 4729, 6981)",3,1,True,[4729]
"(2177, 3589)",2,1,True,[2177]
"(966, 4120, 7081)",3,1,True,[7081]
"(8195, 11934)",2,1,False,[]
"(7, 12237)",2,1,False,[]
"(4508, 11624)",2,1,True,[4508]
"(1867, 2208)",2,1,True,"[1867, 2208]"
"(3253, 11708)",2,1,True,"[3253, 11708]"
"(6406, 9251)",2,1,True,[9251]
"(618, 11968)",2,1,True,[618]
"(2529, 12779)",2,1,False,[]
"(1361, 1784)",2,1,True,[1784]
"(1998, 3238)",2,1,True,[1998]
"(12211, 12872)",2,1,True,[12211]
"(6411, 7884)",2,1,True,[6411]
"(8743, 9877)",2,1,True,[9877]
"(10187, 12076)",2,1,True,"[10187, 12076]"
"(1128, 6184)",2,1,True,[1128]
"(7591, 9437)",2,1,True,[9437]
"(10056, 11222)",2,1,True,[11222]
"(4262, 6036)",2,1,True,[4262]
"(11000, 11548)",2,1,True,"[11000, 11548]"
"(218, 218)",2,1,False,[]
"(10770, 11161)",2,1,True,[10770]
"(2606, 11146)",2,1,False,[]
"(11635, 12711)",2,1,True,[11635]
"(9100, 9436)",2,1,True,"[9100, 9436]"
"(8414, 9528)",2,1,True,[8414]
"(29, 10644)",2,1,True,"[29, 10644]"
"(130, 8347)",2,1,True,[8347]
"(1598, 5501)",2,1,True,[5501]
"(3380, 11618)",2,1,True,[3380]
"(3741, 12327)",2,1,True,[12327]
"(437, 1535, 1576)",3,1,False,[]
"(757, 1417)",2,1,False,[]
"(462, 1115)",2,1,True,[1115]
"(7752, 12138)",2,1,True,[12138]
"(2976, 4163)",2,1,True,[2976]
"(4457, 10516)",2,1,True,[4457]
"(1214, 1341)",2,1,True,[1214]
"(6708, 11618)",2,1,False,[]
"(6402, 8006)",2,1,False,[]
"(4803, 6578)",2,1,False,[]
"(10682, 11738)",2,1,True,"[10682, 11738]"
"(12552, 12780)",2,1,True,[12552]
"(6220, 8842)",2,1,False,[]
"(6779, 10714)",2,1,True,"[6779, 10714]"
"(2206, 6185, 6581)",3,1,False,[]
"(3997, 4560, 5341)",3,1,True,[3997]
"(3976, 8129, 9252)",3,1,True,[3976]
"(4414, 6068)",2,1,True,"[4414, 6068]"
"(3187, 5549)",2,1,True,[3187]
"(6817, 8686)",2,1,True,[6817]
"(1076, 6216)",2,1,True,[6216]
"(3063, 10164)",2,1,True,"[3063, 10164]"
"(1358, 8230)",2,1,True,[1358]
"(10330, 11595)",2,1,True,[11595]
"(11197, 11873)",2,1,False,[]
"(37, 2400)",2,1,True,[37]
"(11251, 11938)",2,1,True,[11251]
"(6700, 10112, 11162)",3,1,True,"[10112, 11162]"
"(11161, 11909)",2,1,True,[11909]
"(5934, 10441)",2,1,True,[10441]
"(3466, 12037)",2,1,True,[3466]
"(675, 9878)",2,1,True,[9878]
"(3335, 12673)",2,1,True,[3335]
"(3566, 7233)",2,1,True,[3566]
"(5074, 5959)",2,1,True,[5959]
"(3123, 4370)",2,1,True,"[3123, 4370]"
"(4606, 10906)",2,1,True,[10906]
"(7512, 7663)",2,1,True,[7512]
"(2230, 12178)",2,1,True,[12178]
"(3083, 3603)",2,1,True,"[3083, 3603]"
"(56, 8102)",2,1,True,[56]
"(22, 9192)",2,1,False,[]
"(3186, 3648)",2,1,True,"[3186, 3648]"
"(1519, 12107)",2,1,True,[12107]
"(7398, 10056)",2,1,True,[7398]
"(1985, 2700, 7865)",3,1,False,[]
"(250, 3185)",2,1,True,[3185]
"(976, 6031)",2,1,True,[6031]
"(2288, 4906)",2,1,True,"[2288, 4906]"
"(150, 337, 337, 3827)",4,1,False,[]
"(9503, 12572)",2,1,True,[9503]
"(6816, 9845)",2,1,True,[9845]
"(7478, 10849)",2,1,True,[10849]
"(5241, 8381)",2,1,True,[8381]
"(291, 12238)",2,1,False,[]
"(9279, 10296)",2,1,True,"[9279, 10296]"
"(1035, 2546)",2,1,True,[2546]
"(1062, 1451, 1734)",3,1,True,[1734]
"(6383, 6553)",2,1,True,"[6383, 6553]"
"(2665, 9335)",2,1,True,[9335]
"(441, 6136)",2,1,False,[]
"(6627, 8811)",2,1,True,[8811]
"(359, 1522)",2,1,False,[]
"(937, 2810, 4873, 9278)",4,1,True,[4873]
"(2507, 4485)",2,1,True,[2507]
"(3293, 6067)",2,1,False,[]
"(6834, 7314)",2,1,True,[7314]
"(1827, 12612)",2,1,True,[12612]
"(7082, 10362)",2,1,True,[10362]
"(691, 3209, 9277)",3,1,True,[3209]
"(2463, 8877)",2,1,True,"[2463, 8877]"
"(7292, 11710)",2,1,True,[11710]
"(2392, 6250)",2,1,True,[6250]
"(5392, 8070)",2,1,False,[]
"(10, 3081)",2,1,False,[]
"(698, 3682)",2,1,True,[3682]
"(4511, 8715)",2,1,True,[8715]
"(6353, 11310)",2,1,False,[]
"(3865, 9542)",2,1,True,[9542]
"(2953, 6780)",2,1,True,[6780]
"(778, 10769)",2,1,True,[10769]
"(3623, 10540)",2,1,True,[3623]
"(852, 9370)",2,1,True,[9370]
"(591, 1199)",2,1,True,"[591, 1199]"
"(3082, 8563)",2,1,True,[8563]
"(3199, 10802)",2,1,False,[]
"(10713, 12106)",2,1,True,[10713]
"(542, 8642)",2,1,True,[8642]
"(8909, 11128)",2,1,True,[8909]
"(1680, 11937)",2,1,True,[11937]
"(6724, 11634)",2,1,True,"[6724, 11634]"
"(5429, 8101)",2,1,True,[5429]
"(6518, 10742)",2,1,True,[10742]
"(4585, 5879)",2,1,True,[5879]
"(3486, 10439)",2,1,True,"[3486, 10439]"
"(6558, 8192)",2,1,False,[]
"(11, 4802)",2,1,False,[]
"(3165, 4078)",2,1,False,[]
"(1932, 9846)",2,1,True,[9846]
"(6554, 8346)",2,1,True,"[6554, 8346]"
"(3602, 3602)",2,1,False,[]
"(927, 7817)",2,1,True,[7817]
"(4730, 7345)",2,1,False,[]
"(8944, 9190)",2,1,True,[8944]
"(3864, 5533)",2,1,True,[5533]
"(299, 3355, 7117)",3,1,False,[]
"(3164, 11938)",2,1,False,[]
"(4845, 6015)",2,1,False,[]
"(12205, 12768)",2,1,True,[12768]
"(90, 11341)",2,1,True,"[90, 11341]"
"(106, 11965)",2,1,True,[11965]
"(11388, 12830)",2,1,True,[12830]
"(2060, 12871)",2,1,True,[12871]
"(11582, 11701)",2,1,True,[11701]
"(740, 1047, 1532)",3,1,False,[]
"(9753, 10562)",2,1,True,[9753]
"(3884, 8373)",2,1,True,[3884]
"(4754, 4903)",2,1,True,[4754]
"(9247, 11219)",2,1,True,[9247]
"(6567, 8160)",2,1,False,[]
"(3720, 7983)",2,1,False,[]
"(2391, 11926)",2,1,True,[2391]
"(1594, 11512)",2,1,True,[11512]
"(2746, 11964)",2,1,True,"[2746, 11964]"
"(483, 1120)",2,1,True,[1120]
"(9042, 10492)",2,1,False,[]
"(464, 10989)",2,1,True,[10989]
"(7879, 11869)",2,1,False,[]
"(1378, 6209)",2,1,True,[1378]
"(7687, 10894)",2,1,True,"[7687, 10894]"
"(1316, 2320)",2,1,False,[]
"(3247, 4752)",2,1,True,"[3247, 4752]"
"(5094, 6773)",2,1,True,[6773]
"(1281, 9654)",2,1,True,[9654]
"(1158, 1745)",2,1,False,[]
"(4089, 11188)",2,1,True,[4089]
"(4701, 5727)",2,1,True,[4701]
"(561, 5316)",2,1,True,[5316]
"(6774, 10435)",2,1,True,[10435]
"(4671, 6696)",2,1,True,[4671]
"(684, 832, 1826)",3,1,True,"[684, 832]"
"(579, 10135)",2,1,True,"[579, 10135]"
"(1033, 3587, 5192)",3,1,True,[3587]
"(5606, 7473)",2,1,False,[]
"(11540, 11994)",2,1,True,[11540]
"(3248, 6838)",2,1,True,[3248]
"(11244, 12608)",2,1,True,[12608]
"(4589, 6619, 12346)",3,1,True,[4589]
"(8689, 12752)",2,1,True,[12752]
"(5424, 7812)",2,1,True,[7812]
"(3141, 3290)",2,1,False,[]
"(11041, 11766)",2,1,True,[11766]
"(473, 1158)",2,1,False,[]
"(1394, 10563)",2,1,True,[10563]
"(3205, 4480)",2,1,True,[3205]
"(5040, 5295)",2,1,False,[]
"(3100, 12166)",2,1,True,[3100]
"(1520, 11795)",2,1,False,[]
"(6318, 10808)",2,1,True,[6318]
"(199, 1361)",2,1,False,[]
"(1167, 11508)",2,1,True,[1167]
"(5664, 7008)",2,1,True,[7008]
"(11218, 11472)",2,1,True,"[11218, 11472]"
"(9655, 10940)",2,1,True,[10940]
"(488, 4237)",2,1,True,"[488, 4237]"
"(1107, 2442)",2,1,False,[]
"(238, 6466)",2,1,True,[238]
"(2964, 9070)",2,1,True,"[2964, 9070]"
"(5930, 10209)",2,1,True,[5930]
"(4227, 4479)",2,1,True,[4479]
"(309, 12320)",2,1,True,[309]
"(2821, 9430)",2,1,True,"[2821, 9430]"
"(3950, 7975)",2,1,True,[7975]
"(10434, 11925)",2,1,True,[10434]
"(7392, 10108)",2,1,True,"[7392, 10108]"
"(3059, 6028)",2,1,True,"[3059, 6028]"
"(1923, 10464)",2,1,True,[10464]
"(4483, 12098)",2,1,True,[12098]
"(4389, 10988)",2,1,True,[10988]
"(86, 3861)",2,1,True,[3861]
"(9429, 10290)",2,1,True,[9429]
"(6147, 9548)",2,1,True,"[6147, 9548]"
"(8000, 12345)",2,1,False,[]
"(8589, 10870)",2,1,True,[8589]
"(1071, 6058)",2,1,True,[6058]
"(829, 2985)",2,1,True,[2985]
"(512, 10968)",2,1,True,[10968]
"(4869, 6578)",2,1,False,[]
"(6268, 9653)",2,1,True,"[6268, 9653]"
"(2442, 8307)",2,1,False,[]
"(4776, 10707)",2,1,True,[4776]
"(8558, 10967)",2,1,True,[8558]
"(1880, 5025)",2,1,False,[]
"(5359, 6345)",2,1,True,[6345]
"(4217, 5337)",2,1,True,"[4217, 5337]"
"(6241, 12319)",2,1,True,"[6241, 12319]"
"(1934, 4171)",2,1,True,[4171]
"(1035, 5093)",2,1,False,[]
"(4870, 5256)",2,1,True,[5256]
"(217, 2032)",2,1,False,[]
"(8869, 9495, 12099)",3,1,True,[12099]
"(643, 10561)",2,1,True,[643]
"(3734, 7925)",2,1,True,[7925]
"(7998, 11041)",2,1,True,[7998]
"(4365, 6432)",2,1,True,[4365]
"(5110, 8775)",2,1,True,[8775]
"(3396, 3765)",2,1,False,[]
"(5462, 6347, 8775)",3,1,True,"[6347, 8775]"
"(33, 8482)",2,1,True,[8482]
"(1815, 1857)",2,1,True,[1857]
"(9700, 10642)",2,1,True,[9700]
"(2237, 10318)",2,1,False,[]
"(2371, 2532)",2,1,True,[2532]
"(12287, 12706)",2,1,False,[]
"(2286, 2353, 7080)",3,1,True,[2286]
"(2242, 12036)",2,1,True,"[2242, 12036]"
"(10235, 10408)",2,1,True,[10235]
"(1563, 11338)",2,1,True,[11338]
"(9752, 11662)",2,1,True,[11662]
"(2487, 8559)",2,1,True,[2487]
"(7048, 8868)",2,1,True,[7048]
"(3902, 6346)",2,1,True,[6346]
"(2549, 9983)",2,1,True,[9983]
"(1752, 9305)",2,1,True,[1752]
"(5005, 5931)",2,1,True,[5005]
"(11623, 12707)",2,1,True,"[11623, 12707]"
"(5755, 8835)",2,1,True,"[5755, 8835]"
"(10076, 11187)",2,1,True,[10076]
"(4700, 11890)",2,1,True,[11890]
"(6721, 7763)",2,1,False,[]
"(5871, 7656)",2,1,True,[7656]
"(11123, 12775)",2,1,True,[11123]
"(5070, 5974, 6014)",3,1,True,[5070]
"(5752, 6512)",2,1,True,[5752]
"(2878, 4946)",2,1,True,[4946]
"(4871, 9622)",2,1,True,[9622]
"(11339, 12068)",2,1,True,[12068]
"(3397, 5876)",2,1,True,[3397]
"(3735, 8939)",2,1,True,[8939]
"(305, 3039)",2,1,True,[3039]
"(3003, 10092)",2,1,False,[]
"(2199, 12218)",2,1,False,[]
"(4968, 7276)",2,1,True,[7276]
"(4195, 9984)",2,1,True,[9984]
"(6, 409, 1676, 3060, 6243, 9155)",6,1,True,[6]
"(7622, 8592)",2,1,True,[8592]
"(2045, 5139)",2,1,True,[2045]
"(1780, 7168)",2,1,True,[7168]
"(1836, 7623)",2,1,True,[7623]
"(475, 1500)",2,1,True,[1500]
"(242, 470)",2,1,True,[470]
"(10574, 12284)",2,1,False,[]
"(9466, 11584)",2,1,True,[9466]
"(1738, 2119)",2,1,False,[]
"(2118, 10534)",2,1,False,[]
"(1956, 2987)",2,1,False,[]
"(2287, 5696)",2,1,True,"[2287, 5696]"
"(10246, 11618)",2,1,False,[]
"(2234, 5283)",2,1,True,"[2234, 5283]"
"(3644, 5584)",2,1,True,[3644]
"(4, 5813)",2,1,True,[5813]
"(6008, 12348)",2,1,True,"[6008, 12348]"
"(8972, 9306, 10593, 12803)",4,1,True,[8972]
"(6007, 6379)",2,1,True,"[6007, 6379]"
"(7586, 9656)",2,1,True,[9656]
"(11274, 12472)",2,1,True,[12472]
"(10587, 12279)",2,1,True,[10587]
"(3296, 8163)",2,1,True,[3296]
"(851, 2129)",2,1,True,[2129]
"(946, 3244, 4583)",3,1,True,[4583]
"(59, 10321)",2,1,True,"[59, 10321]"
"(10993, 10998)",2,1,False,[]
"(4454, 7011)",2,1,True,[4454]
"(10049, 12609)",2,1,True,[10049]
"(8485, 11928)",2,1,True,"[8485, 11928]"
"(7908, 11399)",2,1,True,[7908]
"(3010, 3259)",2,1,False,[]
"(11817, 12280)",2,1,True,[12280]
"(84, 7078)",2,1,True,[7078]
"(9363, 11509)",2,1,True,[9363]
"(11434, 12321)",2,1,True,"[11434, 12321]"
"(2874, 10735)",2,1,True,[2874]
"(5095, 10821)",2,1,True,"[5095, 10821]"
"(9838, 10992)",2,1,True,[10992]
"(3164, 5637)",2,1,True,[5637]
"(5781, 12132)",2,1,True,"[5781, 12132]"
"(7999, 9933)",2,1,False,[]
"(6210, 9895)",2,1,False,[]
"(9872, 10320)",2,1,True,[10320]
"(12131, 12452)",2,1,True,[12452]
"(6511, 7033)",2,1,False,[]
"(1618, 2888)",2,1,True,[1618]
"(698, 2887)",2,1,True,[2887]
"(571, 9592)",2,1,True,[571]
"(7757, 11541)",2,1,True,[7757]
"(604, 2601)",2,1,False,[]
"(5994, 8711)",2,1,False,[]
"(11590, 12567)",2,1,True,[11590]
"(1168, 2310)",2,1,True,[2310]
"(909, 1033)",2,1,False,[]
"(29, 10820)",2,1,True,[29]
"(193, 1511, 3508)",3,1,False,[]
"(1723, 4341, 11772)",3,1,False,[]
"(2090, 8339)",2,1,False,[]
"(4157, 11808)",2,1,True,[4157]
"(4012, 6812)",2,1,True,[6812]
"(1463, 1787)",2,1,False,[]
"(135, 12347)",2,1,True,[12347]
"(1463, 7232)",2,1,False,[]
"(8591, 10210)",2,1,True,[8591]
"(1786, 2949)",2,1,True,[2949]
"(1997, 11033)",2,1,True,[11033]
"(505, 1132)",2,1,True,[505]
"(331, 711, 2056, 3898, 8050)",5,1,True,[2056]
"(181, 1364, 6622)",3,1,False,[]
"(2621, 5131)",2,1,True,[2621]
"(34, 1971)",2,1,True,[1971]
"(4278, 5498)",2,1,True,"[4278, 5498]"
"(7366, 7721)",2,1,True,[7366]
"(6148, 9223)",2,1,True,[6148]
"(5499, 9988)",2,1,True,[5499]
"(305, 6839)",2,1,True,[6839]
"(1453, 4303)",2,1,True,"[1453, 4303]"
"(11809, 11927)",2,1,True,"[11809, 11927]"
"(10941, 11723)",2,1,True,"[10941, 11723]"
"(1627, 3414)",2,1,True,[3414]
"(420, 3158)",2,1,True,[3158]
"(963, 5175)",2,1,False,[]
"(7813, 8483)",2,1,True,[8483]
"(8589, 11542)",2,1,True,[8589]
"(1890, 7172)",2,1,True,"[1890, 7172]"
"(1707, 10676)",2,1,True,[1707]
"(2154, 4084)",2,1,True,[2154]
"(9510, 9593)",2,1,True,[9593]
"(125, 2655)",2,1,True,[2655]
"(2646, 3639, 7163)",3,1,True,[2646]
"(789, 789)",2,1,False,[]
"(230, 7142)",2,1,True,[7142]
"(5500, 9465)",2,1,True,[5500]
"(11066, 12507)",2,1,True,[12507]
"(10019, 10896)",2,1,True,[10896]
"(8342, 12589)",2,1,True,[12589]
"(7545, 7915, 9663)",3,1,False,[]
"(893, 7447)",2,1,True,[7447]
"(1277, 5780, 7880)",3,1,True,[7880]
"(149, 6657)",2,1,True,"[149, 6657]"
"(7109, 12167)",2,1,True,[12167]
"(9325, 9809, 10895)",3,1,True,"[9325, 9809]"
"(9726, 11853)",2,1,True,[9726]
"(10533, 11995)",2,1,True,"[10533, 11995]"
"(9496, 10319)",2,1,True,[9496]
"(839, 990)",2,1,False,[]
"(241, 345)",2,1,True,[241]
"(5662, 7163)",2,1,False,[]
"(3427, 9533)",2,1,True,[9533]
"(3381, 5988)",2,1,False,[]
"(4476, 12564)",2,1,True,[4476]
"(1535, 6810)",2,1,False,[]
"(3883, 8588)",2,1,True,"[3883, 8588]"
"(10463, 11507)",2,1,True,[10463]
"(9270, 11846)",2,1,True,"[9270, 11846]"
"(638, 3571)",2,1,False,[]
"(5314, 8800)",2,1,True,[5314]
"(1836, 11806)",2,1,True,[11806]
"(1937, 6057)",2,1,False,[]
"(3429, 3623, 4130)",3,1,True,"[3429, 3623, 4130]"
"(1146, 9955)",2,1,True,[1146]
"(997, 7227)",2,1,True,[7227]
"(574, 688)",2,1,True,[688]
"(1519, 4113)",2,1,False,[]
"(555, 5158)",2,1,True,[5158]
"(1937, 5608, 5613)",3,1,False,[]
"(1204, 4901)",2,1,True,[1204]
"(8157, 10734)",2,1,True,"[8157, 10734]"
"(3622, 9037)",2,1,True,[9037]
"(2670, 11433)",2,1,True,[11433]
"(311, 991)",2,1,True,[991]
"(4339, 9304)",2,1,True,[9304]
"(72, 4868)",2,1,True,[72]
"(3949, 10246)",2,1,True,[3949]
"(223, 1651, 5389, 5725)",4,1,True,[1651]
"(4, 360, 456)",3,1,False,[]
"(3142, 5255)",2,1,True,[5255]
"(5091, 12669)",2,1,True,"[5091, 12669]"
"(107, 425, 1909)",3,1,True,[1909]
"(131, 1718)",2,1,True,[131]
"(768, 7905)",2,1,True,[768]
"(3460, 3460, 3460)",3,1,False,[]
"(45, 234, 278, 610, 867, 5583, 7471, 9494)",8,1,True,[867]
"(8938, 9127)",2,1,True,[8938]
"(4143, 10789)",2,1,True,[10789]
"(3181, 8676)",2,1,True,[3181]
"(5694, 9620)",2,1,True,[5694]
"(1348, 1830)",2,1,False,[]
"(907, 6027, 6837)",3,1,True,[6027]
"(327, 4820)",2,1,True,"[327, 4820]"
"(8708, 10589)",2,1,True,"[8708, 10589]"
"(7306, 8801)",2,1,True,[7306]
"(7200, 10480)",2,1,True,[7200]
"(388, 5383, 7972)",3,1,True,[388]
"(3327, 3652)",2,1,True,"[3327, 3652]"
"(6656, 7166)",2,1,True,[7166]
"(6120, 7007)",2,1,False,[]
"(1722, 3413)",2,1,True,[3413]
"(3733, 7076)",2,1,True,[3733]
"(1937, 3245)",2,1,False,[]
"(71, 926)",2,1,True,[71]
"(12384, 12795)",2,1,True,[12384]
"(7585, 10018)",2,1,True,"[7585, 10018]"
"(992, 7780)",2,1,True,[7780]
"(2140, 4300)",2,1,True,[2140]
"(986, 1383)",2,1,False,[]
"(2789, 2789, 3038, 3038)",4,1,True,[2789]
"(319, 716, 2486)",3,1,False,[]
"(1169, 9152)",2,1,True,[9152]
"(8095, 10377)",2,1,True,[8095]
"(3180, 7779)",2,1,True,[3180]
"(3628, 7258)",2,1,False,[]
"(2015, 9619)",2,1,True,[2015]
"(4500, 6055)",2,1,False,[]
"(2213, 2557)",2,1,True,[2557]
"(8406, 11887)",2,1,True,[11887]
"(561, 7616)",2,1,False,[]
"(1321, 4580)",2,1,True,[1321]
"(1705, 7391)",2,1,True,"[1705, 7391]"
"(5336, 7273)",2,1,True,[7273]
"(8268, 12209)",2,1,True,[8268]
"(4227, 9269)",2,1,True,[9269]
"(1154, 1220, 3235)",3,1,True,[1220]
"(635, 1781)",2,1,False,[]
"(3045, 9034)",2,1,True,[9034]
"(7363, 8674)",2,1,True,"[7363, 8674]"
"(1850, 11538)",2,1,True,[11538]
"(8969, 9186)",2,1,True,[9186]
"(5811, 6465)",2,1,True,"[5811, 6465]"
"(6092, 9153)",2,1,False,[]
"(531, 7047)",2,1,True,[7047]
"(829, 9532)",2,1,True,[9532]
"(3018, 4668)",2,1,True,[3018]
"(1260, 5723)",2,1,True,[1260]
"(3837, 6695)",2,1,True,[6695]
"(2041, 9303)",2,1,True,[9303]
"(5633, 7903)",2,1,True,"[5633, 7903]"
"(4770, 9268)",2,1,False,[]
"(2309, 5749)",2,1,True,"[2309, 5749]"
"(652, 712)",2,1,True,[712]
"(5724, 10987)",2,1,False,[]
"(1291, 5185)",2,1,True,[1291]
"(1978, 11272)",2,1,False,[]
"(946, 8525)",2,1,True,[8525]
"(1572, 11156)",2,1,True,[1572]
"(12067, 12504)",2,1,True,[12504]
"(5423, 9154)",2,1,True,[9154]
"(3894, 8937)",2,1,False,[]
"(3973, 10641)",2,1,True,[10641]
"(2462, 8774)",2,1,False,[]
"(6867, 12787)",2,1,True,"[6867, 12787]"
"(634, 11621)",2,1,True,[11621]
"(10304, 11961)",2,1,True,[10304]
"(4127, 6769)",2,1,True,[6769]
"(2139, 4439, 10381)",3,1,False,[]
"(5582, 7829)",2,1,False,[]
"(1650, 7224, 10461)",3,1,True,"[7224, 10461]"
"(12382, 12842)",2,1,True,[12842]
"(3854, 10893)",2,1,True,[10893]
"(326, 3484)",2,1,False,[]
"(9697, 11931)",2,1,False,[]
"(931, 2653)",2,1,True,[2653]
"(10588, 11873)",2,1,False,[]
"(8000, 8000)",2,1,False,[]
"(973, 1985)",2,1,True,[973]
"(1203, 6852)",2,1,True,[6852]
"(809, 3200)",2,1,False,[]
"(192, 9751)",2,1,True,[9751]
"(2928, 10304)",2,1,True,"[2928, 10304]"
"(2307, 11217)",2,1,True,[11217]
"(3019, 4111)",2,1,True,[4111]
"(946, 6974)",2,1,True,[6974]
"(9039, 9528, 10761)",3,1,False,[]
"(2253, 5004)",2,1,True,[2253]
"(2341, 6510)",2,1,True,[6510]
"(5751, 9725)",2,1,True,[9725]
"(5159, 11087)",2,1,True,[11087]
"(1424, 9837)",2,1,False,[]
"(824, 8036)",2,1,True,[824]
"(5444, 11699)",2,1,False,[]
"(42, 1960)",2,1,False,[]
"(8158, 11121)",2,1,True,[11121]
"(8372, 9791)",2,1,True,[9791]
"(3618, 7226)",2,1,False,[]
"(4478, 8638)",2,1,True,[8638]
"(7364, 9781)",2,1,True,[9781]
"(11661, 11661)",2,1,False,[]
"(3000, 4642)",2,1,False,[]
"(481, 526)",2,1,True,[526]
"(1377, 5726)",2,1,True,[5726]
"(5041, 9271, 11924)",3,1,True,"[5041, 9271, 11924]"
"(8709, 10407)",2,1,True,[8709]
"(11847, 11923)",2,1,True,"[11847, 11923]"
"(4088, 4775)",2,1,True,[4775]
"(10107, 11037)",2,1,True,[11037]
"(7906, 8555)",2,1,True,[7906]
"(11303, 12034)",2,1,True,[12034]
"(679, 2559)",2,1,False,[]
"(7685, 8737)",2,1,True,[8737]
"(7472, 7907)",2,1,True,[7907]
"(50, 8557, 9652)",3,1,True,[9652]
"(3586, 12385)",2,1,True,"[3586, 12385]"
"(8270, 8901)",2,1,True,"[8270, 8901]"
"(3782, 6200)",2,1,False,[]
"(6093, 8526)",2,1,True,[8526]
"(6771, 9331)",2,1,True,[6771]
"(4083, 10208, 11088)",3,1,True,[11088]
"(5851, 8340)",2,1,True,[8340]
"(5109, 8448)",2,1,True,[5109]
"(8971, 12634)",2,1,True,[8971]
"(650, 12870)",2,1,False,[]
"(7307, 10046)",2,1,True,[10046]
"(1288, 9629)",2,1,False,[]
"(12344, 12854)",2,1,True,"[12344, 12854]"
"(3246, 9491)",2,1,True,[9491]
"(6178, 7618)",2,1,True,[6178]
"(1136, 4395)",2,1,True,"[1136, 4395]"
"(2372, 9842)",2,1,True,[2372]
"(2285, 10706)",2,1,True,[10706]
"(1874, 6121)",2,1,True,[1874]
"(2047, 8097)",2,1,False,[]
"(9272, 12506)",2,1,True,[9272]
"(520, 1232)",2,1,False,[]
"(3925, 9621)",2,1,False,[]
"(1834, 10159)",2,1,True,[10159]
"(5040, 12317)",2,1,False,[]
"(3368, 5362)",2,1,False,[]
"(2519, 8834)",2,1,True,[2519]
"(5612, 6240)",2,1,True,[6240]
"(2658, 9534)",2,1,True,[9534]
"(6006, 7654)",2,1,True,"[6006, 7654]"
"(8970, 12097)",2,1,True,[8970]
"(1559, 2188)",2,1,True,[1559]
"(1610, 2820)",2,1,True,[1610]
"(1896, 10590)",2,1,True,"[1896, 10590]"
"(731, 9128)",2,1,True,[9128]
"(2765, 12829)",2,1,True,[12829]
"(5162, 7108)",2,1,True,[5162]
"(2714, 5954)",2,1,True,"[2714, 5954]"
"(4975, 6770)",2,1,True,[6770]
"(8120, 11085)",2,1,True,[11085]
"(2430, 7028)",2,1,False,[]
"(5361, 10762)",2,1,True,[10762]
"(1262, 12279)",2,1,False,[]
"(3837, 12505)",2,1,False,[]
"(16, 7973)",2,1,True,[7973]
"(2619, 12130)",2,1,True,[2619]
"(10818, 10844)",2,1,True,[10818]
"(4902, 10481)",2,1,True,[10481]
"(4340, 9187)",2,1,True,[9187]
"(389, 5750)",2,1,True,[389]
"(4409, 11888)",2,1,True,[11888]
"(1467, 12565)",2,1,True,"[1467, 12565]"
"(6751, 12550)",2,1,True,"[6751, 12550]"
"(2458, 4749)",2,1,True,[4749]
"(5497, 11622)",2,1,True,[11622]
"(9982, 11091)",2,1,True,"[9982, 11091]"
"(4301, 7904)",2,1,True,[7904]
"(2413, 7201)",2,1,True,[7201]
"(1520, 11698)",2,1,True,[11698]
"(7170, 12129)",2,1,True,[12129]
"(487, 1152, 3182)",3,1,True,[487]
"(7996, 8191)",2,1,True,"[7996, 8191]"
"(2792, 10134)",2,1,True,[10134]
"(5108, 7720)",2,1,True,[5108]
"(3049, 10591)",2,1,True,[10591]
"(3528, 4751)",2,1,True,[4751]
"(4750, 5523)",2,1,True,[5523]
"(2558, 3827, 9277)",3,1,False,[]
"(5635, 9564)",2,1,True,"[5635, 9564]"
"(1107, 5315)",2,1,True,[5315]
"(455, 2198)",2,1,True,"[455, 2198]"
"(4320, 9038)",2,1,True,[4320]
"(2778, 5390, 6868)",3,1,False,[]
"(7394, 8480)",2,1,False,[]
"(4364, 5845)",2,1,True,[5845]
"(1062, 6208)",2,1,True,[6208]
"(2076, 5186)",2,1,True,"[2076, 5186]"
"(208, 3584)",2,1,True,"[208, 3584]"
"(2340, 2711)",2,1,False,[]
"(5092, 12774)",2,1,True,[12774]
"(3585, 3649)",2,1,True,[3585]
"(2518, 7505)",2,1,True,"[2518, 7505]"
"(170, 335)",2,1,True,[335]
"(5695, 7781)",2,1,True,"[5695, 7781]"
"(8919, 9464)",2,1,True,"[8919, 9464]"
"(10675, 11250)",2,1,True,[10675]
"(1792, 4477)",2,1,True,[1792]
"(6220, 8371)",2,1,False,[]
"(9068, 11086)",2,1,True,[9068]
"(946, 4582)",2,1,True,[4582]
"(227, 2907)",2,1,True,[227]
"(9623, 12445)",2,1,True,[9623]
"(558, 558)",2,1,False,[]
"(3807, 8973)",2,1,True,[8973]
"(2706, 3784)",2,1,True,[3784]
"(295, 931, 2687, 5096, 5239, 6976)",6,1,True,[6976]
"(28, 8529)",2,1,False,[]
"(1575, 2662)",2,1,True,[2662]
"(5190, 5986)",2,1,True,[5986]
"(331, 3898, 8050)",3,1,False,[]
"(2618, 8411)",2,1,True,[8411]
"(5029, 12234)",2,1,True,[5029]
"(484, 6775)",2,1,True,"[484, 6775]"
"(226, 231)",2,1,False,[]
"(631, 10184)",2,1,True,[10184]
"(448, 2342)",2,1,True,[2342]
"(11276, 11758)",2,1,False,[]
"(9007, 9404)",2,1,True,[9404]
"(5, 380, 1574)",3,1,True,[1574]
"(2042, 10359)",2,1,True,[10359]
"(1755, 1930, 5585)",3,1,True,[5585]
"(3464, 7723)",2,1,True,[3464]
"(4705, 6293)",2,1,False,[]
"(600, 6380)",2,1,True,[600]
"(11274, 12388)",2,1,False,[]
"(3376, 6948)",2,1,True,[6948]
"(5189, 8726)",2,1,True,[8726]
"(263, 299)",2,1,False,[]
"(5392, 8272)",2,1,False,[]
"(245, 1987)",2,1,True,"[245, 1987]"
"(1027, 2200)",2,1,False,[]
"(3549, 12324)",2,1,True,[12324]
"(8872, 10897)",2,1,True,[10897]
"(27, 3807)",2,1,False,[]
"(811, 2364)",2,1,True,[2364]
"(6460, 9754)",2,1,True,[9754]
"(6662, 7912)",2,1,True,[7912]
"(4618, 7057)",2,1,True,[4618]
"(11627, 12476)",2,1,True,[12476]
"(1207, 11589)",2,1,True,[11589]
"(1988, 9043)",2,1,True,[9043]
"(3643, 6624)",2,1,True,[6624]
"(9957, 12520)",2,1,True,[12520]
"(8443, 9224)",2,1,True,[9224]
"(2708, 9405)",2,1,True,"[2708, 9405]"
"(8124, 8759, 11125)",3,1,True,[8124]
"(1035, 5817)",2,1,True,[5817]
"(10872, 12744)",2,1,True,"[10872, 12744]"
"(6595, 12843)",2,1,True,[12843]
"(1036, 1036, 5974, 6294)",4,1,False,[]
"(6619, 10792)",2,1,False,[]
"(555, 1934)",2,1,False,[]
"(3720, 3785)",2,1,False,[]
"(816, 11892)",2,1,True,"[816, 11892]"
"(1285, 8595)",2,1,False,[]
"(10957, 11966)",2,1,True,[11966]
"(5917, 8646)",2,1,True,[5917]
"(8740, 9658)",2,1,True,"[8740, 9658]"
"(6097, 10212)",2,1,True,[10212]
"(144, 541, 3061, 3898, 4455, 8003)",6,1,True,[4455]
"(2462, 9042)",2,1,False,[]
"(14, 3267, 4174)",3,1,False,[]
"(3430, 3696)",2,1,True,[3696]
"(4673, 10358)",2,1,True,[4673]
"(783, 11899)",2,1,False,[]
"(1878, 7909)",2,1,True,[7909]
"(11931, 12508)",2,1,True,[12508]
"(3992, 8166)",2,1,True,[3992]
"(2100, 7411, 12351)",3,1,True,"[7411, 12351]"
"(871, 7079)",2,1,True,[7079]
"(1450, 7342)",2,1,True,"[1450, 7342]"
"(8904, 11997)",2,1,True,[11997]
"(59, 10736)",2,1,True,[59]
"(2951, 10943)",2,1,True,[2951]
"(420, 5815)",2,1,False,[]
"(364, 3350)",2,1,True,[3350]
"(7343, 12103)",2,1,True,[7343]
"(6096, 11373)",2,1,True,[11373]
"(9497, 12509)",2,1,False,[]
"(327, 12568)",2,1,True,[327]
"(12533, 12741)",2,1,True,[12741]
"(8231, 11075)",2,1,False,[]
"(2213, 12387)",2,1,False,[]
"(9448, 9595)",2,1,True,"[9448, 9595]"
"(304, 3769)",2,1,True,[304]
"(3161, 4197)",2,1,True,[3161]
"(7509, 10711)",2,1,True,[10711]
"(2186, 2429)",2,1,True,[2429]
"(7448, 9938)",2,1,True,[9938]
"(12152, 12842)",2,1,True,"[12152, 12842]"
"(3375, 4222)",2,1,True,[4222]
"(3267, 7510)",2,1,True,[7510]
"(1232, 4947)",2,1,True,[4947]
"(4076, 7911)",2,1,True,[7911]
"(5875, 7965)",2,1,True,[7965]
"(6011, 6436)",2,1,True,[6436]
"(653, 940)",2,1,True,[653]
"(1258, 4823)",2,1,True,"[1258, 4823]"
"(200, 6182)",2,1,True,[6182]
"(9, 166, 5364)",3,1,True,[5364]
"(2162, 12551)",2,1,False,[]
"(1961, 4702)",2,1,True,[1961]
"(4174, 5816)",2,1,False,[]
"(1399, 7782)",2,1,True,[7782]
"(6386, 11733, 12323)",3,1,True,"[11733, 12323]"
"(42, 173)",2,1,False,[]
"(5395, 12590)",2,1,True,[12590]
"(8036, 9727)",2,1,False,[]
"(193, 2705)",2,1,True,[2705]
"(3120, 12282)",2,1,True,[12282]
"(7910, 8594)",2,1,False,[]
"(6321, 8487)",2,1,True,[8487]
"(3773, 6060)",2,1,False,[]
"(3993, 4727, 7053, 11795)",4,1,False,[]
"(344, 1470, 1740, 4042, 4307, 5252)",6,1,True,[1740]
"(95, 10021)",2,1,False,[]
"(1768, 6975)",2,1,False,[]
"(4553, 6320)",2,1,True,[6320]
"(4607, 10111)",2,1,True,[10111]
"(726, 11124)",2,1,True,[11124]
"(698, 8410)",2,1,True,[8410]
"(9333, 9986)",2,1,True,[9986]
"(16, 6720)",2,1,False,[]
"(253, 3250, 4158)",3,1,False,[]
"(2430, 4770, 8774)",3,1,False,[]
"(5045, 10161)",2,1,True,[5045]
"(237, 3510)",2,1,True,[3510]
"(7913, 10512)",2,1,True,[7913]
"(10483, 12071)",2,1,True,"[10483, 12071]"
"(5192, 7013)",2,1,True,[7013]
"(5669, 9309)",2,1,False,[]
"(6906, 9276)",2,1,True,[6906]
"(6720, 12591)",2,1,False,[]
"(8957, 12206)",2,1,True,[8957]
"(2808, 6842)",2,1,True,[2808]
"(2052, 3368, 7976, 9432)",4,1,False,[]
"(11057, 12445)",2,1,True,[11057]
"(4824, 7656)",2,1,True,[7656]
"(602, 8974)",2,1,True,[8974]
"(4700, 9045)",2,1,True,[9045]
"(2560, 8905)",2,1,True,[2560]
"(3550, 7945)",2,1,True,[3550]
"(11703, 11706)",2,1,True,[11703]
"(3576, 4948)",2,1,True,[4948]
"(4608, 11158)",2,1,True,[4608]
"(7369, 11056)",2,1,True,"[7369, 11056]"
"(6663, 6776)",2,1,True,[6776]
"(3571, 10511)",2,1,True,[10511]
"(4152, 10264)",2,1,True,[10264]
"(1931, 9044)",2,1,False,[]
"(631, 4554, 5396)",3,1,True,[5396]
"(39, 8679)",2,1,True,[8679]
"(11437, 11908)",2,1,True,[11437]
"(1310, 9625)",2,1,True,[9625]
"(4163, 5783)",2,1,True,[5783]
"(1349, 6814)",2,1,False,[]
"(12521, 12777)",2,1,True,"[12521, 12777]"
"(9873, 11735)",2,1,True,[11735]
"(261, 7552)",2,1,True,[7552]
"(358, 2112)",2,1,False,[]
"(845, 1411)",2,1,False,[]
"(2581, 11667)",2,1,True,"[2581, 11667]"
"(5321, 6581, 11058)",3,1,False,[]
"(11998, 12412)",2,1,False,[]
"(1383, 12112)",2,1,False,[]
"(4408, 11438)",2,1,True,[11438]
"(10484, 11278)",2,1,True,[11278]
"(4044, 9912)",2,1,True,[4044]
"(4259, 8309)",2,1,True,[8309]
"(3377, 9565)",2,1,True,[9565]
"(3331, 4043)",2,1,True,[4043]
"(2846, 7551)",2,1,True,[7551]
"(852, 10946)",2,1,False,[]
"(5876, 12353)",2,1,True,[12353]
"(525, 1937)",2,1,False,[]
"(22, 804)",2,1,False,[]
"(9267, 10678)",2,1,True,"[9267, 10678]"
"(10823, 11190)",2,1,True,[11190]
"(6322, 7550)",2,1,True,[6322]
"(4643, 8123)",2,1,True,[8123]
"(6907, 8837)",2,1,True,[8837]
"(2814, 2875)",2,1,True,[2875]
"(6949, 10265)",2,1,True,[6949]
"(2270, 3062)",2,1,True,[3062]
"(2300, 4825)",2,1,True,[4825]
"(4778, 4905)",2,1,True,[4905]
"(3994, 8039)",2,1,True,[3994]
"(2807, 9659)",2,1,True,[2807]
"(4113, 7114)",2,1,True,[7114]
"(9156, 11126)",2,1,True,[11126]
"(2458, 9811)",2,1,True,[9811]
"(8233, 11436)",2,1,True,[11436]
"(1881, 5640)",2,1,True,[5640]
"(1627, 12389)",2,1,True,[12389]
"(6977, 8941)",2,1,True,[8941]
"(6580, 7689)",2,1,True,[7689]
"(833, 5153)",2,1,True,[5153]
"(2130, 8167)",2,1,True,"[2130, 8167]"
"(240, 6109)",2,1,False,[]
"(3102, 8530)",2,1,True,[8530]
"(2000, 5291)",2,1,False,[]
"(10052, 12788)",2,1,True,[12788]
"(6548, 6912)",2,1,True,[6548]
"(4345, 6841)",2,1,True,[4345]
"(983, 2450)",2,1,True,"[983, 2450]"
"(3330, 4483)",2,1,True,[3330]
"(604, 7688)",2,1,True,[7688]
"(3600, 11277)",2,1,True,[3600]
"(8273, 12509)",2,1,True,[8273]
"(7429, 11813)",2,1,True,"[7429, 11813]"
"(7049, 8274)",2,1,True,[7049]
"(667, 7471)",2,1,False,[]
"(10737, 12352)",2,1,True,"[10737, 12352]"
"(437, 1535, 1576, 1588, 4383)",5,1,True,"[1588, 4383]"
"(547, 1703)",2,1,False,[]
"(9987, 10509)",2,1,True,[9987]
"(11090, 12059)",2,1,True,[11090]
"(3827, 8596)",2,1,False,[]
"(365, 3431)",2,1,True,[3431]
"(6922, 10594)",2,1,False,[]
"(1292, 3509)",2,1,True,[3509]
"(4506, 10508)",2,1,True,"[4506, 10508]"
"(4219, 10847)",2,1,True,"[4219, 10847]"
"(5319, 12494)",2,1,True,[12494]
"(7996, 10510)",2,1,True,[7996]
"(4120, 8002)",2,1,False,[]
"(1522, 1522)",2,1,False,[]
"(5475, 9840)",2,1,True,"[5475, 9840]"
"(6183, 6295)",2,1,True,[6295]
"(4839, 5026, 6546)",3,1,False,[]
"(2443, 6905)",2,1,True,"[2443, 6905]"
"(2034, 6150)",2,1,True,[2034]
"(57, 11734)",2,1,False,[]
"(4844, 5447)",2,1,True,[4844]
"(7526, 9596)",2,1,False,[]
"(1225, 2208)",2,1,True,"[1225, 2208]"
"(5026, 10535)",2,1,True,[10535]
"(2343, 4240)",2,1,True,[4240]
"(884, 6136)",2,1,False,[]
"(4865, 6684)",2,1,True,[4865]
"(1371, 4077, 11628)",3,1,True,[4077]
"(778, 1603)",2,1,False,[]
"(10765, 11247)",2,1,True,[11247]
"(489, 1417, 1417, 8038)",4,1,True,[8038]
"(10022, 10022)",2,1,True,[10022]
"(4962, 6870)",2,1,True,[4962]
"(9883, 12708)",2,1,True,[9883]
"(2160, 11891)",2,1,False,[]
"(2139, 6009)",2,1,True,[6009]
"(2889, 9364)",2,1,True,[9364]
"(5132, 9005)",2,1,True,[9005]
"(1073, 10845)",2,1,True,[10845]
"(8538, 10764)",2,1,True,[10764]
"(2166, 5445)",2,1,True,[2166]
"(282, 282)",2,1,False,[]
"(6623, 10437)",2,1,True,[6623]
"(11370, 12350)",2,1,True,[11370]
"(1617, 10354)",2,1,False,[]
"(1288, 4337, 9629)",3,1,False,[]
"(3040, 4304)",2,1,True,[3040]
"(660, 8776)",2,1,True,[8776]
"(700, 2586)",2,1,True,[700]
"(429, 7506)",2,1,False,[]
"(6830, 11035)",2,1,True,[11035]
"(4640, 9535)",2,1,True,[4640]
"(6904, 7587)",2,1,True,[6904]
"(228, 3159)",2,1,True,[3159]
"(955, 6468)",2,1,True,[6468]
"(3581, 5318)",2,1,True,[5318]
"(1470, 3308)",2,1,True,[3308]
"(3879, 5187)",2,1,True,[3879]
"(8249, 11702)",2,1,False,[]
"(4798, 4994, 6319)",3,1,False,[]
"(10307, 11510)",2,1,True,"[10307, 11510]"
"(5317, 7173)",2,1,True,[5317]
"(4604, 7143)",2,1,True,[4604]
"(2442, 8527, 9956)",3,1,False,[]
"(4235, 9701)",2,1,False,[]
"(67, 10709)",2,1,True,[10709]
"(1826, 3162)",2,1,False,[]
"(3870, 10883)",2,1,False,[]
"(446, 10183)",2,1,True,[10183]
"(12170, 12532)",2,1,True,"[12170, 12532]"
"(168, 720)",2,1,False,[]
"(5985, 11930)",2,1,True,"[5985, 11930]"
"(2837, 8593)",2,1,True,[8593]
"(810, 6513)",2,1,True,[810]
"(41, 3415)",2,1,False,[]
"(5188, 5872)",2,1,True,[5188]
"(86, 11849)",2,1,True,[11849]
"(12531, 12831)",2,1,True,"[12531, 12831]"
"(8229, 11246)",2,1,True,[11246]
"(5632, 6212)",2,1,True,[5632]
"(91, 2336)",2,1,False,[]
"(1527, 4632)",2,1,True,[4632]
"(1492, 2988)",2,1,True,[1492]
"(6349, 8486)",2,1,False,[]
"(8640, 12635)",2,1,True,"[8640, 12635]"
"(5639, 9403)",2,1,True,[9403]
"(95, 10482)",2,1,False,[]
"(634, 10708)",2,1,False,[]
"(12196, 12475)",2,1,True,[12475]
"(2461, 4840, 8928)",3,1,True,[4840]
"(4839, 7093)",2,1,False,[]
"(7508, 12776)",2,1,True,[7508]
"(2354, 10643)",2,1,True,[2354]
"(4615, 6752)",2,1,True,[6752]
"(2101, 2729)",2,1,True,[2101]
"(299, 5638)",2,1,False,[]
"(3624, 5189)",2,1,True,[3624]
"(1958, 6579)",2,1,True,[6579]
"(4928, 8375)",2,1,True,[8375]
"(2662, 11625)",2,1,True,"[2662, 11625]"
"(9273, 11848)",2,1,True,[11848]
"(264, 10382)",2,1,True,[10382]
"(10292, 12414)",2,1,True,[12414]
"(3697, 7110)",2,1,True,[7110]
"(1797, 9072)",2,1,True,[1797]
"(291, 9172)",2,1,False,[]
"(3529, 11810)",2,1,True,[11810]
"(12069, 12168)",2,1,True,[12168]
"(10324, 12505)",2,1,False,[]
"(40, 11585)",2,1,False,[]
"(3017, 6211)",2,1,True,"[3017, 6211]"
"(1514, 11400)",2,1,True,[11400]
"(10969, 12134)",2,1,True,"[10969, 12134]"
"(1796, 5072)",2,1,True,[5072]
"(5984, 12804)",2,1,True,[12804]
"(3236, 5257)",2,1,True,[3236]
"(1398, 3457, 11357)",3,1,False,[]
"(1288, 4527, 5217)",3,1,False,[]
"(546, 1657)",2,1,True,[1657]
"(6149, 10436)",2,1,True,[10436]
"(175, 5282)",2,1,True,[5282]
"(12133, 12473)",2,1,True,"[12133, 12473]"
"(2213, 9604)",2,1,False,[]
"(7418, 7474)",2,1,True,[7474]
"(2323, 4799)",2,1,True,[4799]
"(6348, 6467)",2,1,True,[6467]
"(2214, 12386)",2,1,True,[12386]
"(9497, 10263)",2,1,True,[10263]
"(938, 12415)",2,1,True,[12415]
"(102, 297)",2,1,True,[297]
"(2776, 5956)",2,1,True,[5956]
"(11174, 11954)",2,1,False,[]
"(2985, 9803)",2,1,True,[2985]
"(1501, 1732)",2,1,True,[1501]
"(17, 9704)",2,1,False,[]
"(344, 7524)",2,1,False,[]
"(2359, 5238)",2,1,True,[2359]
"(8098, 8870)",2,1,False,[]
"(843, 7721)",2,1,False,[]
"(12444, 12805)",2,1,True,"[12444, 12805]"
"(9839, 11034)",2,1,True,[9839]
"(594, 11732)",2,1,False,[]
"(8639, 12349)",2,1,True,[12349]
"(4821, 5846)",2,1,True,[5846]
"(3951, 4343)",2,1,True,"[3951, 4343]"
"(1176, 10050)",2,1,False,[]
"(26, 6693)",2,1,True,[6693]
"(11089, 12474)",2,1,True,"[11089, 12474]"
"(300, 3020, 11066, 11507)",4,1,True,[300]
"(2647, 2836)",2,1,True,"[2647, 2836]"
"(1526, 5339)",2,1,True,[5339]
"(9041, 10323)",2,1,True,"[9041, 10323]"
"(2225, 9332)",2,1,True,[2225]
"(3599, 4777)",2,1,True,"[3599, 4777]"
"(2622, 12855)",2,1,True,[12855]
"(7184, 7546)",2,1,True,"[7184, 7546]"
"(7722, 10871)",2,1,True,[7722]
"(4305, 11037)",2,1,True,"[4305, 11037]"
"(5957, 7393)",2,1,True,[7393]
"(2545, 9985)",2,1,False,[]
"(8409, 11401)",2,1,True,[8409]
"(11474, 11850)",2,1,True,[11474]
"(9129, 12417)",2,1,True,[9129]
"(533, 1542)",2,1,True,[533]
"(3021, 9537)",2,1,True,[9537]
"(726, 1556)",2,1,False,[]
"(4196, 7548)",2,1,True,[7548]
"(1934, 9248)",2,1,True,[9248]
"(10357, 12709)",2,1,True,"[10357, 12709]"
"(1823, 7456, 11665, 12112)",4,1,True,[11665]
"(6029, 6538)",2,1,True,[6029]
"(3720, 10668)",2,1,False,[]
"(1628, 3551)",2,1,True,[1628]
"(64, 6869, 10710)",3,1,True,"[64, 10710]"
"(932, 12856)",2,1,False,[]
"(17, 4672, 9536)",3,1,True,[9536]
"(11587, 12135)",2,1,True,[12135]
"(5044, 7694)",2,1,True,[5044]
"(644, 752)",2,1,True,[644]
"(4344, 4605)",2,1,True,[4605]
"(232, 8159)",2,1,False,[]
"(5295, 5729)",2,1,True,[5729]
"(6660, 8903)",2,1,True,[8903]
"(857, 1261)",2,1,True,[857]
"(5500, 10160)",2,1,True,[5500]
"(275, 1322)",2,1,True,"[275, 1322]"
"(1104, 3004, 5393, 7477)",4,1,True,"[5393, 7477]"
"(5149, 5753)",2,1,True,[5753]
"(10946, 11475)",2,1,True,[11475]
"(4306, 8001)",2,1,True,[8001]
"(1806, 12322)",2,1,True,[12322]
"(2120, 9657)",2,1,True,[2120]
"(2111, 4112)",2,1,True,"[2111, 4112]"
"(3253, 5524, 8771)",3,1,True,[3253]
"(7476, 10994)",2,1,True,[10994]
"(5160, 11055)",2,1,True,[11055]
"(336, 2915)",2,1,False,[]
"(320, 1582)",2,1,True,[320]
"(8122, 8528)",2,1,True,[8122]
"(1125, 11769)",2,1,False,[]
"(333, 1080)",2,1,False,[]
"(5133, 5133)",2,1,True,[5133]
"(273, 4822)",2,1,True,[4822]
"(1840, 4705, 5038, 6010)",4,1,False,[]
"(1515, 7846)",2,1,True,"[1515, 7846]"
"(7526, 11812)",2,1,False,[]
"(6030, 8230)",2,1,False,[]
"(8804, 11157)",2,1,True,[11157]
"(2033, 10677)",2,1,True,[10677]
"(3903, 8121)",2,1,True,[3903]
"(2583, 11626)",2,1,True,[11626]
"(865, 11588)",2,1,True,[11588]
"(2747, 4367)",2,1,True,[2747]
"(1336, 3720, 6245)",3,1,True,[1336]
"(3806, 11435)",2,1,True,"[3806, 11435]"
"(1581, 2449)",2,1,True,[1581]
"(675, 3328, 4504, 6181)",4,1,True,[4504]
"(3463, 10761)",2,1,False,[]
"(201, 3222)",2,1,True,[3222]
"(2442, 9956)",2,1,False,[]
"(4163, 10110)",2,1,False,[]
"(117, 6947)",2,1,True,[117]
"(1923, 4354)",2,1,False,[]
"(993, 12410)",2,1,True,"[993, 12410]"
"(368, 2227, 4205, 4382)",4,1,True,[4382]
"(2891, 10846)",2,1,True,"[2891, 10846]"
"(4663, 10507)",2,1,True,[10507]
"(2778, 6402)",2,1,False,[]
"(3249, 3680)",2,1,True,[3680]
"(6353, 8120)",2,1,False,[]
"(1232, 6180)",2,1,True,[6180]
"(271, 589, 2914)",3,1,False,[]
"(2018, 7547)",2,1,False,[]
"(4067, 7098)",2,1,False,[]
"(9073, 12185)",2,1,False,[]
"(2424, 8159)",2,1,False,[]
"(344, 5667)",2,1,False,[]
"(5363, 7012)",2,1,True,[7012]
"(2890, 5258)",2,1,True,[5258]
"(2295, 6946)",2,1,False,[]
"(5873, 12753)",2,1,True,[5873]
"(9594, 11189)",2,1,True,[9594]
"(6649, 10136)",2,1,True,[10136]
"(5042, 5446)",2,1,True,[5042]
"(1210, 3625)",2,1,False,[]
"(1086, 5666)",2,1,True,[5666]
"(336, 517)",2,1,False,[]
"(1445, 2161)",2,1,True,[2161]
"(955, 6753)",2,1,True,[6753]
"(717, 8678)",2,1,True,[8678]
"(1232, 10137)",2,1,True,[10137]
"(12, 11586)",2,1,True,[12]
"(251, 1860)",2,1,True,[1860]
"(2602, 10356)",2,1,True,[10356]
"(5239, 7844)",2,1,False,[]
"(6515, 8442)",2,1,True,[6515]
"(2623, 10942)",2,1,True,"[2623, 10942]"
"(9431, 12730)",2,1,True,[12730]
"(2580, 2929)",2,1,True,[2929]
"(3368, 5874)",2,1,True,[5874]
"(4321, 6095)",2,1,True,"[4321, 6095]"
"(1224, 1851)",2,1,True,[1851]
"(5597, 9275)",2,1,True,[9275]
"(1739, 5028)",2,1,True,[5028]
"(1124, 11372)",2,1,True,[1124]
"(535, 3291, 6213)",3,1,True,[535]
"(5860, 10355)",2,1,True,"[5860, 10355]"
"(4239, 5398)",2,1,False,[]
"(4726, 4904)",2,1,True,"[4726, 4904]"
"(135, 4366)",2,1,False,[]
"(5425, 7112)",2,1,True,[7112]
"(11274, 12171)",2,1,False,[]
"(10383, 11220)",2,1,True,[11220]
"(2601, 8803)",2,1,False,[]
"(481, 11767)",2,1,False,[]
"(387, 12205)",2,1,False,[]
"(1145, 1435)",2,1,True,[1435]
"(5163, 8940)",2,1,True,[8940]
"(4218, 5426)",2,1,True,[5426]
"(8537, 9547)",2,1,True,[8537]
"(2677, 3069)",2,1,True,[2677]
"(2792, 11556)",2,1,False,[]
"(8570, 9052)",2,1,True,[9052]
"(4354, 5409, 12433)",3,1,True,"[5409, 12433]"
"(5119, 8933, 9714)",3,1,True,"[5119, 8933]"
"(8246, 11486)",2,1,True,"[8246, 11486]"
"(3993, 8108, 11795)",3,1,False,[]
"(1564, 4081)",2,1,True,[4081]
"(1342, 11717)",2,1,True,[1342]
"(5911, 7632)",2,1,True,[7632]
"(4288, 10747)",2,1,True,[4288]
"(1361, 5304)",2,1,True,[5304]
"(8424, 11134)",2,1,True,[8424]
"(763, 6430)",2,1,True,[763]
"(10650, 12778)",2,1,True,[12778]
"(11352, 12220)",2,1,True,"[11352, 12220]"
"(863, 10722)",2,1,False,[]
"(6149, 11619)",2,1,True,[11619]
"(4733, 4869)",2,1,False,[]
"(3069, 9288)",2,1,True,[9288]
"(3690, 4886)",2,1,True,[4886]
"(5593, 6073)",2,1,True,[5593]
"(181, 8207)",2,1,False,[]
"(3170, 9301)",2,1,True,[9301]
"(3609, 9259)",2,1,True,"[3609, 9259]"
"(742, 1649)",2,1,False,[]
"(7240, 7923)",2,1,True,[7923]
"(868, 8247)",2,1,True,[868]
"(11387, 12295)",2,1,True,[11387]
"(6619, 8350)",2,1,True,[8350]
"(11004, 12594)",2,1,True,"[11004, 12594]"
"(8484, 9023)",2,1,True,[9023]
"(4055, 6500, 8874)",3,1,True,[8874]
"(5912, 8572)",2,1,True,[8572]
"(1488, 7187)",2,1,True,[7187]
"(738, 6162)",2,1,True,[6162]
"(2840, 12644)",2,1,True,[2840]
"(3029, 4019, 4507)",3,1,True,[3029]
"(11136, 12643)",2,1,True,[12643]
"(253, 1035, 3358)",3,1,False,[]
"(3382, 4181)",2,1,True,[4181]
"(9381, 9477)",2,1,True,"[9381, 9477]"
"(7795, 12148)",2,1,True,[7795]
"(10472, 11861)",2,1,True,[10472]
"(946, 3109)",2,1,False,[]
"(2330, 11228)",2,1,True,[2330]
"(11135, 11146)",2,1,True,[11135]
"(225, 4395)",2,1,True,[4395]
"(3685, 10192)",2,1,False,[]
"(3262, 8571)",2,1,True,[3262]
"(39, 2291)",2,1,True,[2291]
"(1371, 9134, 10826)",3,1,False,[]
"(1035, 4956)",2,1,True,[4956]
"(824, 1743)",2,1,True,[824]
"(998, 5508)",2,1,True,"[998, 5508]"
"(674, 2204)",2,1,True,[2204]
"(1594, 1594)",2,1,False,[]
"(1852, 11012)",2,1,True,[11012]
"(1312, 2466)",2,1,True,[1312]
"(449, 3281)",2,1,True,[3281]
"(8753, 12219)",2,1,True,[8753]
"(4394, 5302, 12365)",3,1,True,"[4394, 5302, 12365]"
"(2954, 12455)",2,1,False,[]
"(594, 951)",2,1,True,[951]
"(2023, 9765)",2,1,False,[]
"(7153, 10950)",2,1,True,[10950]
"(1896, 6352)",2,1,True,[1896]
"(10032, 10830)",2,1,True,[10032]
"(3814, 8080)",2,1,True,[3814]
"(9023, 11716)",2,1,True,[9023]
"(10245, 11946)",2,1,True,[10245]
"(2734, 4712)",2,1,True,[2734]
"(3046, 10746)",2,1,True,[10746]
"(1974, 12678)",2,1,True,"[1974, 12678]"
"(5433, 11043)",2,1,True,[5433]
"(1131, 6220)",2,1,False,[]
"(1938, 4831)",2,1,True,[4831]
"(423, 1272)",2,1,True,[1272]
"(2123, 6108)",2,1,True,[2123]
"(940, 1582)",2,1,False,[]
"(3633, 3774, 5118)",3,1,True,"[3633, 5118]"
"(4533, 9886)",2,1,True,[4533]
"(6922, 8321)",2,1,True,[8321]
"(253, 963, 2767, 7238, 10303)",5,1,True,"[7238, 10303]"
"(2009, 2063)",2,1,True,"[2009, 2063]"
"(6700, 11202)",2,1,False,[]
"(2493, 4316)",2,1,False,[]
"(7378, 12331)",2,1,True,[7378]
"(635, 7152)",2,1,False,[]
"(2001, 5432)",2,1,True,[2001]
"(11052, 11907)",2,1,True,[11907]
"(4851, 10305)",2,1,True,[4851]
"(253, 1035, 3250)",3,1,False,[]
"(1606, 12146)",2,1,True,[12146]
"(1361, 4833)",2,1,True,[4833]
"(3407, 7922)",2,1,True,"[3407, 7922]"
"(3108, 10390)",2,1,True,[10390]
"(246, 1755)",2,1,False,[]
"(4832, 5144, 6020, 8569, 10919, 11898)",6,1,True,[6020]
"(602, 4670, 9605)",3,1,True,[9605]
"(6254, 6391)",2,1,True,[6391]
"(7090, 12081)",2,1,True,[12081]
"(9287, 11744)",2,1,True,"[9287, 11744]"
"(5303, 12008)",2,1,True,[5303]
"(4152, 10199, 12494)",3,1,True,[12494]
"(2313, 12109)",2,1,True,"[2313, 12109]"
"(6413, 7239)",2,1,True,[6413]
"(8913, 10766, 11357)",3,1,False,[]
"(9380, 11098)",2,1,True,[9380]
"(5456, 7057)",2,1,False,[]
"(4105, 9082)",2,1,True,[9082]
"(4327, 9312)",2,1,True,"[4327, 9312]"
"(4180, 6732)",2,1,True,[6732]
"(7794, 8957)",2,1,True,[8957]
"(902, 3705)",2,1,False,[]
"(1686, 6581)",2,1,False,[]
"(6161, 10629)",2,1,True,[10629]
"(7089, 8952)",2,1,True,[8952]
"(10977, 11386)",2,1,True,[10977]
"(8, 4955)",2,1,True,[4955]
"(3368, 6032, 6109)",3,1,False,[]
"(3124, 9572)",2,1,True,[9572]
"(614, 12821)",2,1,True,[12821]
"(9734, 11718)",2,1,True,[11718]
"(562, 7123)",2,1,True,[7123]
"(1538, 3534)",2,1,True,[3534]
"(1470, 10033)",2,1,True,[10033]
"(1616, 8610)",2,1,True,"[1616, 8610]"
"(8, 12367)",2,1,True,[12367]
"(1934, 8389)",2,1,False,[]
"(5270, 11014, 11780)",3,1,True,"[5270, 11014, 11780]"
"(8283, 12366)",2,1,True,[8283]
"(5366, 9024)",2,1,True,[9024]
"(177, 1511)",2,1,False,[]
"(4055, 6327, 8874)",3,1,True,[8874]
"(7188, 11315)",2,1,True,[11315]
"(2179, 12679)",2,1,True,"[2179, 12679]"
"(2276, 2394)",2,1,False,[]
"(67, 2191)",2,1,False,[]
"(676, 1133)",2,1,True,[1133]
"(4248, 6036)",2,1,True,[4248]
"(2047, 10748)",2,1,True,[10748]
"(2237, 11557)",2,1,False,[]
"(8659, 10574)",2,1,True,[8659]
"(3768, 11527)",2,1,True,[11527]
"(6735, 9030)",2,1,True,[6735]
"(9478, 12595)",2,1,True,"[9478, 12595]"
"(8000, 9200, 11507)",3,1,False,[]
"(133, 706, 2538)",3,1,False,[]
"(4227, 5614)",2,1,False,[]
"(9273, 10446)",2,1,False,[]
"(2630, 4807)",2,1,True,[2630]
"(174, 832)",2,1,True,[832]
"(7825, 11044)",2,1,True,[11044]
"(61, 5705)",2,1,False,[]
"(12068, 12150)",2,1,True,[12068]
"(682, 12185)",2,1,True,[682]
"(25, 7752)",2,1,False,[]
"(464, 3214)",2,1,True,[3214]
"(6357, 12659)",2,1,True,[6357]
"(5814, 8502)",2,1,False,[]
"(10006, 11774)",2,1,True,[10006]
"(8723, 9735)",2,1,False,[]
"(11680, 11781)",2,1,True,"[11680, 11781]"
"(11, 12183)",2,1,True,[12183]
"(9382, 11994)",2,1,True,[9382]
"(3815, 7091)",2,1,True,[3815]
"(4517, 7457, 7891)",3,1,True,[7457]
"(526, 11015)",2,1,True,"[526, 11015]"
"(3467, 4733, 8914)",3,1,True,[8914]
"(4035, 8016)",2,1,True,"[4035, 8016]"
"(1763, 1975)",2,1,True,[1763]
"(11203, 11720)",2,1,False,[]
"(6546, 11016)",2,1,False,[]
"(481, 5120)",2,1,True,[5120]
"(2357, 6998)",2,1,True,"[2357, 6998]"
"(8208, 10062)",2,1,True,[10062]
"(1273, 9607)",2,1,True,[9607]
"(1537, 11317)",2,1,True,[11317]
"(9573, 11602)",2,1,True,"[9573, 11602]"
"(1427, 4020)",2,1,True,[4020]
"(4083, 11088)",2,1,True,[11088]
"(2868, 6734)",2,1,True,[2868]
"(3127, 4247)",2,1,True,[3127]
"(11487, 12009)",2,1,True,[11487]
"(6996, 9344)",2,1,True,[9344]
"(563, 4566)",2,1,True,"[563, 4566]"
"(2935, 5848)",2,1,True,[5848]
"(11862, 11908)",2,1,True,[11862]
"(6392, 11526)",2,1,True,[6392]
"(6730, 8074)",2,1,False,[]
"(3862, 5681)",2,1,True,[5681]
"(8538, 11525)",2,1,False,[]
"(4680, 9639)",2,1,True,[4680]
"(2629, 9199)",2,1,True,[9199]
"(394, 8136)",2,1,True,[8136]
"(425, 8015)",2,1,False,[]
"(5680, 9410, 12332)",3,1,True,"[9410, 12332]"
"(642, 798, 859, 2981)",4,1,True,[859]
"(495, 8625)",2,1,False,[]
"(1151, 1425)",2,1,True,[1151]
"(10803, 11066)",2,1,True,[10803]
"(8013, 10391)",2,1,True,[8013]
"(10170, 11221)",2,1,True,[10170]
"(555, 1169)",2,1,False,[]
"(4627, 6733)",2,1,True,[6733]
"(6370, 8131)",2,1,True,[6370]
"(11137, 11909)",2,1,True,"[11137, 11909]"
"(133, 1392, 2829, 3013, 8012)",5,1,True,[1392]
"(674, 1126)",2,1,True,[1126]
"(344, 1470, 3634)",3,1,False,[]
"(957, 12616)",2,1,True,[957]
"(8014, 11169)",2,1,True,[8014]
"(2021, 10420)",2,1,True,[10420]
"(3889, 12010)",2,1,True,[12010]
"(11779, 12778)",2,1,True,[12778]
"(1342, 9084)",2,1,True,"[1342, 9084]"
"(8841, 12784)",2,1,True,"[8841, 12784]"
"(2735, 8137)",2,1,True,[2735]
"(733, 9083)",2,1,False,[]
"(6470, 6997)",2,1,False,[]
"(4135, 4446)",2,1,True,[4446]
"(6164, 10546)",2,1,True,[6164]
"(172, 1021, 5913, 8961)",4,1,True,[5913]
"(129, 142, 7763)",3,1,False,[]
"(11679, 11916)",2,1,False,[]
"(11679, 12696)",2,1,True,[12696]
"(4786, 12149)",2,1,True,"[4786, 12149]"
"(3518, 9857)",2,1,True,"[3518, 9857]"
"(4650, 7980)",2,1,False,[]
"(109, 8213)",2,1,False,[]
"(537, 6021)",2,1,True,[6021]
"(7706, 10392)",2,1,True,[7706]
"(7956, 11908)",2,1,True,[7956]
"(3747, 5458)",2,1,True,[5458]
"(162, 836)",2,1,True,[836]
"(123, 8712)",2,1,True,[123]
"(4833, 8501)",2,1,True,[4833]
"(801, 1362)",2,1,True,[1362]
"(10951, 11255, 11976)",3,1,True,[10951]
"(954, 5210)",2,1,False,[]
"(1100, 11101)",2,1,True,[11101]
"(3088, 6279)",2,1,True,"[3088, 6279]"
"(4787, 6414)",2,1,True,[4787]
"(3045, 9286)",2,1,True,[9286]
"(147, 631, 631, 946, 3746)",5,1,False,[]
"(5737, 6390)",2,1,True,[6390]
"(5347, 8500)",2,1,True,[5347]
"(1993, 5995)",2,1,True,[1993]
"(8567, 10338)",2,1,True,[8567]
"(1383, 2867)",2,1,False,[]
"(4850, 9475, 9713)",3,1,True,[4850]
"(11052, 11860)",2,1,False,[]
"(6596, 9794)",2,1,True,[9794]
"(981, 6704)",2,1,True,[981]
"(2147, 2839)",2,1,True,"[2147, 2839]"
"(1071, 3851)",2,1,True,[3851]
"(5142, 7921)",2,1,True,[7921]
"(3435, 6673, 10773)",3,1,False,[]
"(692, 4806)",2,1,True,[692]
"(5453, 8763)",2,1,True,[5453]
"(572, 6160)",2,1,True,[6160]
"(1285, 4226, 4245)",3,1,True,[4226]
"(7889, 11678)",2,1,True,[7889]
"(1469, 2934)",2,1,True,[1469]
"(6480, 9819)",2,1,True,[6480]
"(361, 2895)",2,1,True,"[361, 2895]"
"(331, 711, 2203, 2851)",4,1,True,[2851]
"(2975, 11041)",2,1,False,[]
"(2615, 2755)",2,1,True,[2755]
"(3871, 3935)",2,1,True,[3935]
"(5651, 11975)",2,1,False,[]
"(4100, 4100)",2,1,False,[]
"(3368, 3832)",2,1,True,[3832]
"(448, 1937, 2260)",3,1,False,[]
"(174, 4227)",2,1,False,[]
"(3888, 10443)",2,1,True,[10443]
"(7856, 8981)",2,1,True,"[7856, 8981]"
"(893, 3898, 8050)",3,1,False,[]
"(7705, 8204)",2,1,True,[8204]
"(4120, 9228)",2,1,False,[]
"(2588, 9885)",2,1,True,[2588]
"(789, 4157)",2,1,True,[4157]
"(478, 7322)",2,1,True,[7322]
"(9963, 10003)",2,1,True,[10003]
"(4179, 6280)",2,1,True,[6280]
"(1536, 5859)",2,1,True,[1536]
"(1163, 3980)",2,1,True,[3980]
"(2587, 3991)",2,1,False,[]
"(4711, 8460)",2,1,True,[8460]
"(142, 2122, 7763, 7863)",4,1,True,[2122]
"(3725, 10215)",2,1,True,"[3725, 10215]"
"(3314, 5239)",2,1,False,[]
"(548, 551)",2,1,True,[551]
"(25, 1125)",2,1,False,[]
"(3536, 4462)",2,1,True,"[3536, 4462]"
"(5678, 8391)",2,1,True,[5678]
"(2155, 6560)",2,1,True,[2155]
"(5940, 6597)",2,1,True,[6597]
"(4041, 12482)",2,1,True,[4041]
"(4564, 5444)",2,1,True,[4564]
"(1112, 1330)",2,1,True,[1330]
"(3242, 5057)",2,1,True,[3242]
"(1505, 11227)",2,1,True,[1505]
"(1338, 6035)",2,1,True,"[1338, 6035]"
"(7703, 8105)",2,1,True,[8105]
"(398, 2733)",2,1,False,[]
"(1839, 7212)",2,1,False,[]
"(9379, 9379, 9793)",3,1,True,[9793]
"(10649, 12363)",2,1,True,"[10649, 12363]"
"(20, 2933, 6072)",3,1,True,[6072]
"(3887, 9197)",2,1,True,[9197]
"(1408, 2485)",2,1,True,[2485]
"(3405, 10419)",2,1,True,[10419]
"(4197, 11065)",2,1,False,[]
"(7186, 7377)",2,1,True,[7377]
"(5759, 5857, 8814)",3,1,True,[5759]
"(5858, 6595)",2,1,False,[]
"(3419, 8655)",2,1,True,[3419]
"(6278, 6731)",2,1,True,[6731]
"(335, 408)",2,1,True,[335]
"(136, 5790)",2,1,False,[]
"(3791, 4672)",2,1,True,[3791]
"(23, 3337, 5140, 7702)",4,1,True,"[23, 7702]"
"(1436, 2095)",2,1,True,[1436]
"(3590, 8895)",2,1,True,[8895]
"(3960, 9445)",2,1,False,[]
"(1992, 9638)",2,1,True,[1992]
"(5562, 6595)",2,1,False,[]
"(1011, 7211)",2,1,True,[7211]
"(1590, 11133)",2,1,True,[11133]
"(6559, 8078)",2,1,True,[6559]
"(10916, 11450)",2,1,True,"[10916, 11450]"
"(9021, 11601)",2,1,True,[11601]
"(4589, 5542)",2,1,True,"[4589, 5542]"
"(6277, 9602)",2,1,True,[9602]
"(11352, 11943)",2,1,True,"[11352, 11943]"
"(4461, 4785)",2,1,True,"[4461, 4785]"
"(4532, 7057)",2,1,True,[4532]
"(5299, 6528)",2,1,True,[5299]
"(329, 3142)",2,1,True,[329]
"(631, 8131)",2,1,False,[]
"(7229, 12108)",2,1,False,[]
"(10998, 12218)",2,1,False,[]
"(332, 773)",2,1,True,[773]
"(7631, 11165)",2,1,False,[]
"(12147, 12432)",2,1,True,"[12147, 12432]"
"(2340, 3850, 6944)",3,1,False,[]
"(2167, 7704)",2,1,True,"[2167, 7704]"
"(4985, 6107)",2,1,True,[6107]
"(1937, 2046)",2,1,False,[]
"(5141, 7535, 8751)",3,1,True,[5141]
"(109, 3591)",2,1,False,[]
"(10690, 12080)",2,1,True,[12080]
"(7170, 10493)",2,1,False,[]
"(1453, 4649)",2,1,True,"[1453, 4649]"
"(4848, 11289)",2,1,False,[]
"(4286, 4883)",2,1,True,"[4286, 4883]"
"(118, 3706)",2,1,True,[3706]
"(3012, 12006)",2,1,True,"[3012, 12006]"
"(4515, 10719)",2,1,True,"[4515, 10719]"
"(11642, 12859)",2,1,True,"[11642, 12859]"
"(2376, 10545)",2,1,False,[]
"(1356, 2351)",2,1,True,[1356]
"(4262, 6453)",2,1,True,[4262]
"(6389, 10946)",2,1,True,[6389]
"(8282, 12059)",2,1,True,[8282]
"(11523, 12658)",2,1,True,"[11523, 12658]"
"(9603, 11221, 11908)",3,1,False,[]
"(4152, 10199)",2,1,False,[]
"(964, 3261)",2,1,True,[3261]
"(24, 4326)",2,1,True,[4326]
"(8536, 10169)",2,1,True,[10169]
"(3572, 8752)",2,1,True,[8752]
"(1323, 11350)",2,1,True,"[1323, 11350]"
"(5965, 9851)",2,1,True,[5965]
"(11483, 12145)",2,1,True,[12145]
"(489, 2106)",2,1,True,[2106]
"(2718, 8464)",2,1,True,[2718]
"(2493, 11507)",2,1,False,[]
"(4372, 5143)",2,1,True,[5143]
"(145, 8982)",2,1,True,[8982]
"(229, 2529)",2,1,True,[229]
"(7455, 8722)",2,1,True,[7455]
"(411, 4134)",2,1,True,[4134]
"(4406, 6454, 6871)",3,1,True,"[6454, 6871]"
"(544, 5269)",2,1,True,"[544, 5269]"
"(5592, 8205)",2,1,True,[5592]
"(480, 3227)",2,1,False,[]
"(633, 3275, 6451)",3,1,False,[]
"(5170, 10522)",2,1,True,[10522]
"(4885, 5790)",2,1,True,[4885]
"(24, 711)",2,1,False,[]
"(1035, 3537)",2,1,False,[]
"(1148, 1240)",2,1,True,[1240]
"(2578, 12364)",2,1,True,[12364]
"(1517, 2684, 6499)",3,1,True,[1517]
"(6825, 10089)",2,1,True,[6825]
"(4770, 10302)",2,1,False,[]
"(10005, 12677)",2,1,True,[12677]
"(6218, 12717)",2,1,True,[6218]
"(253, 7238, 9663, 10303)",4,1,True,"[7238, 10303]"
"(147, 1493)",2,1,False,[]
"(453, 2953)",2,1,True,[453]
"(3632, 9604)",2,1,True,[3632]
"(7855, 9571, 11555)",3,1,True,"[7855, 9571, 11555]"
"(7497, 7672)",2,1,True,[7497]
"(1188, 2796, 4054)",3,1,True,[2796]
"(7487, 9964)",2,1,False,[]
"(5431, 8423)",2,1,True,[8423]
"(4016, 5225)",2,1,True,"[4016, 5225]"
"(2008, 8463)",2,1,True,"[2008, 8463]"
"(6994, 8883)",2,1,True,[8883]
"(1389, 10977)",2,1,True,[10977]
"(4445, 9022)",2,1,True,[4445]
"(1847, 5738)",2,1,False,[]
"(370, 11587)",2,1,False,[]
"(8777, 11945)",2,1,True,[11945]
"(2295, 2295)",2,1,False,[]
"(11088, 11351)",2,1,True,[11088]
"(2, 3117)",2,1,True,[3117]
"(7526, 12879)",2,1,True,[12879]
"(702, 1093, 1282)",3,1,True,"[702, 1093, 1282]"
"(9546, 10909)",2,1,True,[9546]
"(1519, 6496, 10949)",3,1,True,[10949]
"(7486, 10088)",2,1,True,"[7486, 10088]"
"(3833, 7406)",2,1,True,[7406]
"(1192, 5169, 5268)",3,1,True,[5268]
"(3087, 5301, 7568, 9673)",4,1,True,"[3087, 5301, 7568, 9673]"
"(217, 406, 452)",3,1,False,[]
"(410, 3107, 6561)",3,1,True,[3107]
"(12353, 12850)",2,1,True,[12353]
"(4443, 8320)",2,1,True,"[4443, 8320]"
"(8051, 11715)",2,1,True,"[8051, 11715]"
"(4353, 10917)",2,1,True,[4353]
"(7027, 9343)",2,1,True,[9343]
"(9198, 12517)",2,1,True,[12517]
"(1411, 4119)",2,1,False,[]
"(4487, 5285, 5300)",3,1,True,"[4487, 5285, 5300]"
"(97, 12294)",2,1,True,"[97, 12294]"
"(132, 5408)",2,1,True,[5408]
"(2523, 5306, 5591)",3,1,True,[2523]
"(4986, 5563)",2,1,True,[5563]
"(2366, 9764)",2,1,True,[2366]
"(4352, 7567)",2,1,True,[7567]
"(5329, 10086)",2,1,True,[10086]
"(10031, 10494)",2,1,True,"[10031, 10494]"
"(4246, 10471)",2,1,True,"[4246, 10471]"
"(1755, 3491)",2,1,True,[3491]
"(108, 123, 5454)",3,1,True,[123]
"(1663, 8106)",2,1,True,[8106]
"(8951, 12716)",2,1,True,"[8951, 12716]"
"(1143, 1409)",2,1,True,[1143]
"(2128, 7955)",2,1,True,[7955]
"(3028, 10085)",2,1,True,[3028]
"(284, 737)",2,1,False,[]
"(5539, 5721)",2,1,False,[]
"(6673, 9733)",2,1,True,[9733]
"(5564, 11289)",2,1,True,[5564]
"(7056, 11096)",2,1,True,[11096]
"(2414, 5543)",2,1,True,"[2414, 5543]"
"(3280, 7732)",2,1,True,[3280]
"(2795, 10004)",2,1,True,[2795]
"(11097, 12453)",2,1,True,[12453]
"(5149, 7979)",2,1,False,[]
"(355, 7976)",2,1,False,[]
"(2852, 8609)",2,1,True,[2852]
"(1706, 10444)",2,1,True,[10444]
"(720, 3126, 3492)",3,1,True,[3492]
"(5910, 8568)",2,1,True,[8568]
"(10274, 11679)",2,1,False,[]
"(1036, 2403)",2,1,True,[2403]
"(74, 393, 10002)",3,1,True,"[74, 10002]"
"(1980, 11859)",2,1,True,[11859]
"(8349, 8840)",2,1,True,[8349]
"(8079, 10720)",2,1,True,[8079]
"(11095, 11214)",2,1,True,"[11095, 11214]"
"(3068, 10191)",2,1,True,[10191]
"(3868, 10087)",2,1,True,[10087]
"(4614, 10976)",2,1,True,[10976]
"(2614, 11906)",2,1,True,[2614]
"(3462, 5679)",2,1,False,[]
"(4444, 6598, 7569)",3,1,True,[4444]
"(2562, 4884)",2,1,True,"[2562, 4884]"
"(3651, 6674)",2,1,True,"[3651, 6674]"
"(1027, 2477)",2,1,False,[]
"(5507, 6560)",2,1,True,[5507]
"(5324, 8107)",2,1,True,[8107]
"(7293, 8461)",2,1,True,"[7293, 8461]"
"(7859, 12333)",2,1,True,"[7859, 12333]"
"(1187, 3748)",2,1,True,"[1187, 3748]"
"(1603, 11103)",2,1,True,[11103]
"(2224, 10523)",2,1,True,[2224]
"(4709, 11577)",2,1,False,[]
"(2442, 9574)",2,1,False,[]
"(2347, 5442)",2,1,True,[2347]
"(1375, 5916)",2,1,False,[]
"(3691, 10652)",2,1,False,[]
"(2838, 4642)",2,1,False,[]
"(3706, 7925)",2,1,True,"[3706, 7925]"
"(85, 4488)",2,1,True,[85]
"(4396, 12540)",2,1,True,[12540]
"(4159, 7996)",2,1,True,[7996]
"(9943, 10630)",2,1,True,[9943]
"(917, 7892)",2,1,True,[917]
"(3659, 11819)",2,1,False,[]
"(3359, 6430)",2,1,True,[3359]
"(5122, 10881)",2,1,True,[5122]
"(5619, 5762)",2,1,True,[5619]
"(1618, 8725)",2,1,True,"[1618, 8725]"
"(1918, 3215)",2,1,False,[]
"(8755, 9345)",2,1,True,[8755]
"(4936, 6335)",2,1,True,[6335]
"(3547, 7584)",2,1,True,"[3547, 7584]"
"(4136, 6336)",2,1,True,[6336]
"(545, 743)",2,1,True,"[545, 743]"
"(1717, 8734)",2,1,True,[1717]
"(12318, 12434)",2,1,True,[12434]
"(4465, 8495)",2,1,True,[4465]
"(4969, 6125)",2,1,True,[4969]
"(213, 9676)",2,1,True,[9676]
"(6864, 12541)",2,1,False,[]
"(7825, 11744)",2,1,True,[11744]
"(7759, 12797)",2,1,True,[7759]
"(10691, 11172)",2,1,True,[11172]
"(2830, 10474)",2,1,True,[2830]
"(3666, 8426)",2,1,True,[3666]
"(938, 2300)",2,1,False,[]
"(7031, 10275)",2,1,True,[7031]
"(6222, 8507)",2,1,True,[8507]
"(870, 7130)",2,1,True,[870]
"(1607, 1880)",2,1,False,[]
"(1375, 10172)",2,1,True,[10172]
"(698, 5682)",2,1,True,[5682]
"(5967, 8816)",2,1,True,[8816]
"(2070, 5392)",2,1,True,[2070]
"(2757, 9608)",2,1,True,[2757]
"(6116, 6481)",2,1,True,[6481]
"(6337, 8690)",2,1,True,[8690]
"(4355, 5653)",2,1,True,"[4355, 5653]"
"(120, 11415)",2,1,False,[]
"(7411, 9346)",2,1,True,"[7411, 9346]"
"(9261, 12171)",2,1,True,[9261]
"(3749, 5018)",2,1,True,"[3749, 5018]"
"(700, 1594)",2,1,True,[700]
"(1375, 5997)",2,1,True,[5997]
"(409, 3806)",2,1,True,[3806]
"(1177, 1306)",2,1,True,[1177]
"(8230, 10036)",2,1,True,[10036]
"(2, 11743)",2,1,False,[]
"(3420, 9314)",2,1,True,[9314]
"(7984, 9967)",2,1,True,[9967]
"(2564, 5601)",2,1,False,[]
"(6130, 9086)",2,1,True,"[6130, 9086]"
"(1423, 2788)",2,1,True,[1423]
"(808, 6136)",2,1,False,[]
"(4651, 5273)",2,1,True,"[4651, 5273]"
"(11721, 12618)",2,1,True,"[11721, 12618]"
"(198, 2438)",2,1,True,"[198, 2438]"
"(7602, 9674)",2,1,True,[7602]
"(6415, 11559)",2,1,True,"[6415, 11559]"
"(3227, 5410)",2,1,True,[5410]
"(7487, 8286)",2,1,True,[8286]
"(5826, 7189)",2,1,True,[5826]
"(1937, 3924)",2,1,False,[]
"(6052, 10116)",2,1,True,[10116]
"(11414, 11783)",2,1,True,[11783]
"(1417, 7243)",2,1,True,[7243]
"(1478, 3111, 4205)",3,1,True,[3111]
"(2234, 6457)",2,1,True,"[2234, 6457]"
"(4839, 5812, 6433, 7093)",4,1,False,[]
"(786, 10365)",2,1,True,[10365]
"(1437, 2011)",2,1,True,[2011]
"(3649, 9966)",2,1,True,[9966]
"(7574, 9428)",2,1,False,[]
"(1285, 3562, 8887)",3,1,True,[8887]
"(11042, 12539)",2,1,True,[12539]
"(1641, 5593)",2,1,True,[5593]
"(5595, 9768)",2,1,True,"[5595, 9768]"
"(1934, 5227)",2,1,True,[5227]
"(1669, 2057)",2,1,True,[1669]
"(2213, 5252)",2,1,False,[]
"(1176, 1833)",2,1,True,[1833]
"(99, 163)",2,1,False,[]
"(7857, 12851)",2,1,True,[7857]
"(1556, 9549)",2,1,False,[]
"(2706, 6511)",2,1,False,[]
"(7880, 7957, 8754)",3,1,True,"[7880, 7957]"
"(2, 35, 2358)",3,1,False,[]
"(6718, 10965)",2,1,True,[10965]
"(7046, 10704)",2,1,True,[10704]
"(1349, 7858)",2,1,True,[7858]
"(6163, 11244)",2,1,False,[]
"(6220, 11491)",2,1,False,[]
"(1107, 9136)",2,1,True,[9136]
"(2631, 6038)",2,1,True,[6038]
"(8324, 9232)",2,1,True,[9232]
"(5827, 10979)",2,1,True,[10979]
"(1745, 4519)",2,1,True,[4519]
"(3117, 5509)",2,1,True,"[3117, 5509]"
"(4770, 10859)",2,1,False,[]
"(5371, 9675)",2,1,True,"[5371, 9675]"
"(8165, 11784)",2,1,True,"[8165, 11784]"
"(635, 5659)",2,1,False,[]
"(1545, 5996)",2,1,True,[1545]
"(141, 11826)",2,1,True,[11826]
"(635, 2957)",2,1,False,[]
"(2987, 6885)",2,1,False,[]
"(1774, 8787)",2,1,True,[1774]
"(6684, 7488)",2,1,True,[7488]
"(5739, 6023)",2,1,True,"[5739, 6023]"
"(4206, 4206)",2,1,True,[4206]
"(1125, 10749)",2,1,False,[]
"(468, 7323)",2,1,True,"[468, 7323]"
"(1118, 7295)",2,1,True,[7295]
"(976, 4067)",2,1,False,[]
"(12477, 12874)",2,1,True,[12874]
"(6753, 11644)",2,1,True,"[6753, 11644]"
"(1872, 7623)",2,1,True,[7623]
"(539, 5763)",2,1,True,[5763]
"(4900, 5968)",2,1,True,[4900]
"(10766, 12269)",2,1,False,[]
"(1036, 10602)",2,1,True,[10602]
"(8684, 9178)",2,1,False,[]
"(5554, 5777, 10817)",3,1,True,"[5777, 10817]"
"(4682, 8017)",2,1,True,[4682]
"(2511, 8325)",2,1,True,[2511]
"(464, 11829)",2,1,True,[11829]
"(2813, 6191, 8393)",3,1,True,[8393]
"(584, 3707)",2,1,True,[3707]
"(466, 4066)",2,1,True,"[466, 4066]"
"(7124, 7926)",2,1,True,[7124]
"(720, 1786, 3201)",3,1,False,[]
"(2246, 3422)",2,1,True,[2246]
"(2986, 11905)",2,1,True,[11905]
"(6850, 10304)",2,1,True,[10304]
"(5582, 7536, 7829)",3,1,False,[]
"(7542, 8011)",2,1,True,[7542]
"(2181, 3667)",2,1,True,[3667]
"(3571, 11288)",2,1,False,[]
"(645, 3991)",2,1,False,[]
"(11681, 12542)",2,1,True,[12542]
"(7736, 11318)",2,1,True,[7736]
"(2517, 5614)",2,1,False,[]
"(1358, 12370)",2,1,True,"[1358, 12370]"
"(3472, 3993)",2,1,False,[]
"(5623, 8139)",2,1,False,[]
"(465, 4683)",2,1,True,[465]
"(1083, 5228)",2,1,True,[5228]
"(830, 10091)",2,1,True,[10091]
"(11864, 12369)",2,1,True,"[11864, 12369]"
"(10778, 12187)",2,1,True,"[10778, 12187]"
"(1083, 1164, 1164, 1164)",4,1,False,[]
"(2277, 2921, 5372)",3,1,True,"[2277, 2921]"
"(2133, 8326)",2,1,True,[2133]
"(968, 6280)",2,1,True,"[968, 6280]"
"(376, 5828)",2,1,True,[376]
"(2396, 12012)",2,1,True,[12012]
"(10904, 11475)",2,1,True,"[10904, 11475]"
"(3047, 10394)",2,1,True,"[3047, 10394]"
"(7571, 11865)",2,1,False,[]
"(2359, 5373)",2,1,True,"[2359, 5373]"
"(11606, 11830)",2,1,False,[]
"(2720, 2721)",2,1,True,[2720]
"(557, 1673)",2,1,True,[1673]
"(294, 7826)",2,1,True,[294]
"(2870, 5740)",2,1,True,"[2870, 5740]"
"(183, 1565)",2,1,True,"[183, 1565]"
"(1605, 3129)",2,1,True,"[1605, 3129]"
"(436, 628)",2,1,True,[436]
"(205, 2758)",2,1,True,"[205, 2758]"
"(1699, 3726, 4567, 9858)",4,1,True,"[1699, 9858]"
"(1859, 9640)",2,1,True,[1859]
"(7705, 12112)",2,1,False,[]
"(8250, 8954)",2,1,True,[8954]
"(4762, 10008)",2,1,True,[10008]
"(3936, 7659)",2,1,False,[]
"(8915, 10724)",2,1,True,[10724]
"(4056, 10448)",2,1,True,[10448]
"(4022, 8926)",2,1,True,[8926]
"(613, 10090)",2,1,True,[10090]
"(11786, 12456)",2,1,True,[11786]
"(1170, 12759)",2,1,True,[1170]
"(1787, 2430)",2,1,False,[]
"(8249, 11785)",2,1,True,[11785]
"(1836, 6924)",2,1,False,[]
"(3421, 7791)",2,1,True,[3421]
"(1978, 3553)",2,1,False,[]
"(7796, 11104)",2,1,True,[7796]
"(5793, 7154)",2,1,True,"[5793, 7154]"
"(339, 10117)",2,1,True,[10117]
"(972, 2405)",2,1,True,[2405]
"(605, 8427)",2,1,True,[8427]
"(373, 566)",2,1,True,[566]
"(1208, 1288, 4337)",3,1,False,[]
"(1343, 4652)",2,1,True,[4652]
"(9385, 9514)",2,1,True,"[9385, 9514]"
"(4290, 6563)",2,1,True,"[4290, 6563]"
"(6637, 9290)",2,1,True,[9290]
"(2096, 10921)",2,1,True,[2096]
"(7764, 8465)",2,1,True,[8465]
"(7213, 7412)",2,1,False,[]
"(2549, 5383, 10492)",3,1,False,[]
"(1687, 9795)",2,1,True,[9795]
"(8478, 8478)",2,1,True,[8478]
"(1835, 6638)",2,1,True,[6638]
"(3200, 4065, 7155)",3,1,True,[7155]
"(6220, 9641)",2,1,True,[9641]
"(1048, 2656)",2,1,True,[2656]
"(2076, 3844)",2,1,True,[2076]
"(5366, 10316)",2,1,False,[]
"(2252, 6866)",2,1,True,"[2252, 6866]"
"(3180, 11229)",2,1,True,"[3180, 11229]"
"(4182, 11084)",2,1,False,[]
"(7735, 10804)",2,1,True,[7735]
"(229, 11618)",2,1,True,[229]
"(2322, 3450)",2,1,True,[3450]
"(886, 1324, 4003)",3,1,False,[]
"(7244, 10193)",2,1,True,"[7244, 10193]"
"(11456, 11828)",2,1,True,[11828]
"(4291, 5966, 6482)",3,1,True,[6482]
"(1928, 3706)",2,1,True,"[1928, 3706]"
"(2878, 10925)",2,1,False,[]
"(517, 3341)",2,1,False,[]
"(5709, 10118)",2,1,True,[5709]
"(2781, 8408)",2,1,True,[2781]
"(2510, 8818)",2,1,True,[2510]
"(1112, 8213, 9736)",3,1,True,[9736]
"(1904, 9386)",2,1,True,[1904]
"(1937, 3171)",2,1,True,[3171]
"(7059, 7060)",2,1,True,"[7059, 7060]"
"(4642, 11827)",2,1,True,[11827]
"(2841, 5295)",2,1,True,[2841]
"(1417, 9737)",2,1,True,[9737]
"(1185, 10576)",2,1,True,[10576]
"(4417, 10978)",2,1,True,[10978]
"(3110, 8519)",2,1,False,[]
"(5594, 6300)",2,1,True,[5594]
"(3611, 4987)",2,1,False,[]
"(681, 1630)",2,1,True,[681]
"(7030, 8053)",2,1,True,[8053]
"(4576, 6582)",2,1,True,[6582]
"(98, 9479)",2,1,False,[]
"(3665, 9201)",2,1,True,[9201]
"(217, 2936)",2,1,True,[2936]
"(1786, 3030)",2,1,True,[3030]
"(227, 2956, 5016, 7242)",4,1,True,[227]
"(237, 4912)",2,1,True,[4912]
"(2489, 12044)",2,1,True,[2489]
"(3768, 11045)",2,1,True,[11045]
"(6923, 7982)",2,1,True,[6923]
"(1744, 10777)",2,1,True,[10777]
"(6809, 8866)",2,1,True,[8866]
"(2333, 12860)",2,1,True,[12860]
"(5313, 6717)",2,1,True,"[5313, 6717]"
"(7353, 8574)",2,1,True,"[7353, 8574]"
"(5888, 12151)",2,1,True,"[5888, 12151]"
"(7758, 8052)",2,1,True,"[7758, 8052]"
"(3315, 6827)",2,1,True,[3315]
"(103, 10049)",2,1,True,[10049]
"(3555, 4700)",2,1,False,[]
"(1131, 11489)",2,1,True,[11489]
"(9493, 12316)",2,1,True,"[9493, 12316]"
"(1427, 1511, 1535, 1897, 4020)",5,1,True,[4020]
"(2292, 12812)",2,1,True,[2292]
"(11068, 12152)",2,1,True,[12152]
"(14, 2654)",2,1,True,[2654]
"(1527, 5722)",2,1,False,[]
"(9185, 10378)",2,1,True,[9185]
"(2090, 5520)",2,1,True,[5520]
"(1027, 6883)",2,1,True,[6883]
"(10922, 12877)",2,1,True,[12877]
"(5354, 10218)",2,1,True,[10218]
"(7856, 8885)",2,1,True,"[7856, 8885]"
"(1035, 7407)",2,1,False,[]
"(1458, 11528)",2,1,False,[]
"(6219, 8284)",2,1,True,[6219]
"(4101, 10857)",2,1,True,"[4101, 10857]"
"(1990, 4197)",2,1,False,[]
"(7232, 9202)",2,1,False,[]
"(5082, 10393)",2,1,True,[5082]
"(10921, 12484)",2,1,False,[]
"(783, 6074)",2,1,False,[]
"(613, 5618)",2,1,True,[5618]
"(6849, 8177)",2,1,True,[6849]
"(1223, 9411)",2,1,True,[9411]
"(6177, 6472)",2,1,False,[]
"(325, 7600)",2,1,True,[7600]
"(11139, 12861)",2,1,True,[12861]
"(26, 11046)",2,1,True,[11046]
"(2213, 7884)",2,1,False,[]
"(523, 10473)",2,1,True,[10473]
"(1276, 3316)",2,1,True,[3316]
"(275, 12510)",2,1,True,"[275, 12510]"
"(2542, 6334, 7248)",3,1,True,[2542]
"(10775, 11603)",2,1,True,"[10775, 11603]"
"(38, 6255)",2,1,True,[6255]
"(5015, 8392)",2,1,True,[8392]
"(1549, 4374)",2,1,True,[1549]
"(2160, 4629)",2,1,True,[4629]
"(10651, 12597)",2,1,True,[10651]
"(2719, 7379)",2,1,True,"[2719, 7379]"
"(1194, 10774)",2,1,False,[]
"(4589, 10217)",2,1,True,"[4589, 10217]"
"(12596, 12785)",2,1,True,[12785]
"(9446, 10856)",2,1,True,[9446]
"(2955, 4416)",2,1,True,[4416]
"(3494, 5271)",2,1,True,[5271]
"(7707, 7822)",2,1,True,[7822]
"(8884, 9109)",2,1,True,"[8884, 9109]"
"(7599, 9165)",2,1,True,[7599]
"(665, 4534)",2,1,True,[4534]
"(5775, 8953)",2,1,True,[8953]
"(3406, 8573)",2,1,True,[3406]
"(2797, 4628)",2,1,True,"[2797, 4628]"
"(10007, 12043)",2,1,True,[12043]
"(1472, 3128)",2,1,True,[1472]
"(4757, 8503)",2,1,True,[8503]
"(1866, 2892)",2,1,False,[]
"(7, 12578)",2,1,True,[12578]
"(946, 6599)",2,1,True,[6599]
"(2774, 12758)",2,1,False,[]
"(4770, 11451)",2,1,False,[]
"(11138, 12296)",2,1,True,"[11138, 12296]"
"(6470, 6666)",2,1,False,[]
"(6500, 8874)",2,1,True,[8874]
"(358, 807, 7733)",3,1,True,[7733]
"(11604, 11910)",2,1,True,"[11604, 11910]"
"(2768, 6675)",2,1,True,[6675]
"(775, 12368)",2,1,True,[775]
"(469, 2430)",2,1,False,[]
"(667, 12483)",2,1,False,[]
"(4757, 7981, 9883)",3,1,True,[9883]
"(4446, 8082)",2,1,True,[4446]
"(5887, 10547, 11170)",3,1,True,"[5887, 10547]"
"(111, 8322)",2,1,True,[111]
"(2869, 5304)",2,1,True,[5304]
"(4120, 12185)",2,1,False,[]
"(2493, 9289)",2,1,False,[]
"(2389, 8504)",2,1,True,[8504]
"(11558, 12184)",2,1,True,[12184]
"(2184, 2798)",2,1,False,[]
"(11066, 12284)",2,1,False,[]
"(2905, 11643)",2,1,True,[11643]
"(711, 2056)",2,1,True,[2056]
"(1844, 9965)",2,1,True,[1844]
"(4002, 10115)",2,1,True,[4002]
"(4057, 6984)",2,1,True,[6984]
"(1238, 9766)",2,1,False,[]
"(1138, 1716)",2,1,True,[1138]
"(12598, 12745)",2,1,True,"[12598, 12745]"
"(5790, 6611)",2,1,False,[]
"(9210, 10216)",2,1,True,[9210]
"(299, 3551)",2,1,False,[]
"(53, 2749, 4556, 5026, 7588)",5,1,True,[4556]
"(11204, 11488)",2,1,True,"[11204, 11488]"
"(54, 4289)",2,1,True,[4289]
"(1323, 4304)",2,1,True,[1323]
"(1428, 2395)",2,1,True,[1428]
"(4788, 10035)",2,1,True,[4788]
"(1101, 3794)",2,1,True,[3794]
"(5914, 5974, 9447)",3,1,True,[5914]
"(3936, 7983)",2,1,False,[]
"(589, 2756)",2,1,True,[2756]
"(2430, 3807)",2,1,False,[]
"(6828, 7380)",2,1,True,"[6828, 7380]"
"(1261, 4518)",2,1,True,[4518]
"(2896, 12555)",2,1,True,[2896]
"(13, 3338, 3909)",3,1,True,[3338]
"(7699, 12823)",2,1,True,"[7699, 12823]"
"(4102, 7708)",2,1,True,"[4102, 7708]"
"(3263, 8724)",2,1,True,[3263]
"(3282, 4825)",2,1,True,[4825]
"(8886, 11102)",2,1,True,"[8886, 11102]"
"(325, 9135)",2,1,True,[9135]
"(5494, 10723)",2,1,False,[]
"(3611, 3740)",2,1,False,[]
"(2124, 11388)",2,1,True,[2124]
"(3519, 9767)",2,1,True,[3519]
"(5707, 12617)",2,1,True,[5707]
"(7354, 8984)",2,1,True,[8984]
"(7409, 7967)",2,1,True,[7409]
"(6022, 10171)",2,1,True,[6022]
"(1358, 8815)",2,1,True,"[1358, 8815]"
"(1918, 7092)",2,1,True,[7092]
"(6358, 9513)",2,1,True,"[6358, 9513]"
"(1937, 8138)",2,1,False,[]
"(6635, 10924)",2,1,True,[6635]
"(5708, 6760)",2,1,True,[5708]
"(5761, 6221)",2,1,True,"[5761, 6221]"
"(2804, 6636)",2,1,True,[6636]
"(8178, 8285)",2,1,True,[8178]
"(5889, 11171)",2,1,True,"[5889, 11171]"
"(590, 4718)",2,1,True,[590]
"(908, 3339, 4789)",3,1,True,"[908, 4789]"
"(160, 160)",2,1,False,[]
"(6190, 8083)",2,1,False,[]
"(11605, 12186)",2,1,True,[11605]
"(10936, 12837)",2,1,True,[12837]
"(7458, 9715)",2,1,True,[7458]
"(7, 12111)",2,1,False,[]
"(649, 2456)",2,1,True,[2456]
"(1956, 6352)",2,1,False,[]
"(4669, 4997)",2,1,True,[4997]
"(4158, 6220, 8842)",3,1,False,[]
"(5272, 11041)",2,1,True,[5272]
"(5915, 9260)",2,1,True,"[5915, 9260]"
"(6301, 6456)",2,1,True,"[6301, 6456]"
"(370, 2780)",2,1,False,[]
"(637, 1599)",2,1,False,[]
"(344, 1470, 1470, 3289)",4,1,False,[]
"(5816, 10936)",2,1,False,[]
"(171, 2814)",2,1,False,[]
"(9497, 10936)",2,1,False,[]
"(10909, 11490)",2,1,False,[]
"(843, 4464, 8506)",3,1,True,[8506]
"(822, 11507)",2,1,False,[]
"(2245, 5348)",2,1,True,[2245]
"(89, 11782)",2,1,True,[89]
"(7924, 11454)",2,1,True,[11454]
"(4036, 6037)",2,1,True,"[4036, 6037]"
"(1549, 7491)",2,1,True,[1549]
"(1570, 5017)",2,1,True,[5017]
"(785, 5760)",2,1,True,[5760]
"(116, 11017)",2,1,False,[]
"(963, 2767)",2,1,False,[]
"(2363, 12442)",2,1,True,"[2363, 12442]"
"(4670, 10674)",2,1,True,[10674]
"(5430, 10964)",2,1,True,[10964]
"(1728, 4819)",2,1,True,"[1728, 4819]"
"(8248, 10858)",2,1,True,[8248]
"(2813, 8393)",2,1,True,[8393]
"(3908, 8786)",2,1,True,[3908]
"(10921, 11205)",2,1,True,[11205]
"(10287, 12882)",2,1,True,[10287]
"(215, 782)",2,1,True,[782]
"(2253, 10755)",2,1,True,[2253]
"(6737, 10923)",2,1,True,"[6737, 10923]"
"(162, 8913)",2,1,False,[]
"(7243, 11287)",2,1,True,[7243]
"(2529, 8247)",2,1,False,[]
"(7408, 12738)",2,1,True,[7408]
"(10402, 10608)",2,1,False,[]
"(272, 4611)",2,1,True,[4611]
"(1305, 2685)",2,1,True,[2685]
"(5198, 5706)",2,1,True,"[5198, 5706]"
"(4127, 12746)",2,1,True,[12746]
"(7058, 12071)",2,1,True,[12071]
"(5239, 11256)",2,1,True,[11256]
"(246, 4463)",2,1,False,[]
"(911, 11357)",2,1,False,[]
"(2213, 9313)",2,1,True,[9313]
"(10495, 11069)",2,1,True,[11069]
"(764, 7823)",2,1,True,[7823]
"(9383, 10034)",2,1,True,"[9383, 10034]"
"(3769, 3907)",2,1,False,[]
"(1441, 3816)",2,1,True,"[1441, 3816]"
"(1028, 9085)",2,1,True,[1028]
"(5167, 10306)",2,1,False,[]
"(4174, 12645)",2,1,False,[]
"(1035, 1054)",2,1,True,[1054]
"(1080, 2706)",2,1,False,[]
"(2156, 3849)",2,1,True,[3849]
"(1295, 4727, 5459)",3,1,True,[5459]
"(467, 3707)",2,1,True,[3707]
"(3482, 4418)",2,1,True,[4418]
"(3859, 11455)",2,1,True,"[3859, 11455]"
"(6595, 7734)",2,1,True,[7734]
"(5792, 6455)",2,1,True,"[5792, 6455]"
"(2025, 8323)",2,1,False,[]
"(8505, 11863)",2,1,True,"[8505, 11863]"
"(292, 9512)",2,1,False,[]
"(11413, 11825)",2,1,True,[11825]
"(11353, 12822)",2,1,True,"[11353, 12822]"
"(1676, 5325)",2,1,True,[5325]
"(3264, 9053)",2,1,False,[]
"(820, 2455)",2,1,True,[2455]
"(5760, 8407)",2,1,True,[5760]
"(453, 3793)",2,1,True,"[453, 3793]"
"(2478, 5121)",2,1,True,[2478]
"(2153, 12246)",2,1,True,"[2153, 12246]"
"(1067, 6522)",2,1,True,[6522]
"(6448, 8457)",2,1,True,[6448]
"(211, 12514)",2,1,True,[211]
"(2453, 5871)",2,1,False,[]
"(37, 6496)",2,1,True,[37]
"(3959, 6437)",2,1,False,[]
"(12244, 12245)",2,1,True,[12245]
"(8243, 12592)",2,1,True,[8243]
"(489, 1304, 1417)",3,1,True,[1304]
"(606, 606)",2,1,False,[]
"(11713, 12515)",2,1,True,"[11713, 12515]"
"(1460, 1534, 7207)",3,1,True,[7207]
"(1706, 7014)",2,1,False,[]
"(5139, 6452)",2,1,True,[6452]
"(1710, 7668)",2,1,True,[7668]
"(1228, 2321)",2,1,True,[1228]
"(8171, 12884)",2,1,True,[8171]
"(2493, 2598)",2,1,False,[]
"(5097, 6386)",2,1,False,[]
"(481, 3167)",2,1,True,[3167]
"(438, 619)",2,1,True,[438]
"(2232, 2625)",2,1,True,"[2232, 2625]"
"(2206, 6783)",2,1,False,[]
"(10948, 12892)",2,1,True,[12892]
"(137, 4033, 6670, 9374)",4,1,True,[4033]
"(4757, 7517)",2,1,False,[]
"(6033, 8976)",2,1,True,[8976]
"(3605, 10876)",2,1,True,[3605]
"(6991, 11408)",2,1,True,[6991]
"(10877, 12554)",2,1,True,"[10877, 12554]"
"(4397, 9941)",2,1,True,[9941]
"(13, 8047)",2,1,True,[8047]
"(822, 6238, 8131)",3,1,False,[]
"(8046, 8458)",2,1,True,"[8046, 8458]"
"(1589, 1918)",2,1,False,[]
"(481, 1140)",2,1,False,[]
"(1937, 4176)",2,1,False,[]
"(1362, 3827, 8596)",3,1,True,[1362]
"(981, 6080, 6704)",3,1,True,[981]
"(1334, 2105)",2,1,True,[1334]
"(7234, 9283)",2,1,True,"[7234, 9283]"
"(2081, 2626)",2,1,True,[2626]
"(4848, 5100)",2,1,True,[5100]
"(804, 2273)",2,1,True,[2273]
"(5064, 9634)",2,1,False,[]
"(2536, 9322)",2,1,True,[2536]
"(146, 1979)",2,1,True,[1979]
"(11255, 11284)",2,1,False,[]
"(2810, 4873, 9278)",3,1,True,[4873]
"(7853, 9731)",2,1,True,[7853]
"(8316, 11225)",2,1,True,[11225]
"(416, 711)",2,1,False,[]
"(1923, 10761)",2,1,False,[]
"(411, 620)",2,1,True,[620]
"(3225, 10973)",2,1,True,[3225]
"(5786, 9916)",2,1,True,[5786]
"(3086, 5773)",2,1,True,[3086]
"(163, 11550)",2,1,True,[11550]
"(4909, 5821)",2,1,True,[5821]
"(6879, 8075)",2,1,True,"[6879, 8075]"
"(4032, 4556)",2,1,True,[4556]
"(10909, 12041)",2,1,False,[]
"(10685, 12213)",2,1,True,[10685]
"(4513, 11254)",2,1,True,[4513]
"(10574, 12578)",2,1,True,[12578]
"(1584, 2667)",2,1,False,[]
"(564, 1247)",2,1,True,"[564, 1247]"
"(4770, 10489)",2,1,True,[10489]
"(808, 6629)",2,1,False,[]
"(290, 7437)",2,1,False,[]
"(256, 4908)",2,1,True,[4908]
"(12553, 12775)",2,1,False,[]
"(3258, 6298)",2,1,False,[]
"(662, 2893)",2,1,True,[662]
"(1375, 5648)",2,1,True,[5648]
"(2774, 10829)",2,1,True,[10829]
"(6017, 11006)",2,1,True,[6017]
"(2775, 10744)",2,1,False,[]
"(5149, 7451)",2,1,False,[]
"(320, 369)",2,1,True,[320]
"(1693, 8103)",2,1,True,[1693]
"(5165, 6126)",2,1,True,"[5165, 6126]"
"(78, 1631)",2,1,True,[1631]
"(7972, 11383)",2,1,True,[11383]
"(1176, 8278)",2,1,True,[8278]
"(5588, 9255)",2,1,True,[5588]
"(7024, 8572)",2,1,True,[8572]
"(615, 6495)",2,1,False,[]
"(711, 3256)",2,1,False,[]
"(3240, 11286)",2,1,True,[3240]
"(5734, 11465)",2,1,True,[5734]
"(2139, 11671)",2,1,True,[11671]
"(6018, 8646)",2,1,False,[]
"(937, 2810)",2,1,False,[]
"(2189, 8456)",2,1,True,[8456]
"(1666, 1772)",2,1,False,[]
"(4933, 8605)",2,1,True,[4933]
"(5480, 5938)",2,1,True,[5938]
"(3279, 5850)",2,1,True,"[3279, 5850]"
"(65, 1162)",2,1,True,[1162]
"(2775, 6469, 10745)",3,1,True,[10745]
"(32, 9998)",2,1,False,[]
"(9414, 11013)",2,1,False,[]
"(7667, 12399)",2,1,True,"[7667, 12399]"
"(496, 1858)",2,1,True,[1858]
"(400, 11196)",2,1,False,[]
"(594, 5882)",2,1,True,[5882]
"(2178, 12513)",2,1,True,"[2178, 12513]"
"(4222, 6275)",2,1,True,"[4222, 6275]"
"(6187, 10490)",2,1,True,"[6187, 10490]"
"(8606, 12819)",2,1,True,[12819]
"(4440, 8645)",2,1,True,[4440]
"(2257, 4415, 4695)",3,1,False,[]
"(2811, 3067)",2,1,True,[2811]
"(1678, 5479)",2,1,True,[1678]
"(2401, 5675)",2,1,True,[2401]
"(7726, 11384)",2,1,True,[11384]
"(761, 989)",2,1,True,[989]
"(892, 3140)",2,1,True,"[892, 3140]"
"(1459, 1659)",2,1,True,[1659]
"(36, 5099)",2,1,False,[]
"(7286, 10363)",2,1,True,[7286]
"(1661, 11509)",2,1,True,[1661]
"(1358, 1440)",2,1,True,[1358]
"(2442, 8049)",2,1,False,[]
"(5297, 10798)",2,1,True,"[5297, 10798]"
"(2985, 8977)",2,1,True,[2985]
"(751, 3562, 4050)",3,1,False,[]
"(1002, 4132)",2,1,True,[4132]
"(3611, 12248)",2,1,True,[12248]
"(7404, 12142)",2,1,True,[7404]
"(9441, 10518)",2,1,True,[10518]
"(2414, 7432)",2,1,True,[2414]
"(1448, 4152)",2,1,True,[1448]
"(1311, 9161)",2,1,True,[1311]
"(500, 789, 789)",3,1,False,[]
"(10417, 11518)",2,1,True,[11518]
"(3789, 10230)",2,1,False,[]
"(4829, 9635)",2,1,True,[9635]
"(8648, 12002)",2,1,True,"[8648, 12002]"
"(9257, 12247)",2,1,True,[12247]
"(82, 9528)",2,1,False,[]
"(7791, 12450)",2,1,True,[12450]
"(9710, 9850)",2,1,True,"[9710, 9850]"
"(407, 4325)",2,1,True,[4325]
"(5405, 9851)",2,1,False,[]
"(2345, 2778)",2,1,True,[2345]
"(3516, 7235)",2,1,True,[3516]
"(302, 312)",2,1,False,[]
"(740, 5961)",2,1,True,[5961]
"(10270, 11039)",2,1,True,[11039]
"(7451, 7979)",2,1,False,[]
"(2082, 10027)",2,1,True,[10027]
"(186, 3404)",2,1,True,[3404]
"(1400, 10910)",2,1,True,[10910]
"(2658, 4095)",2,1,False,[]
"(6848, 7402)",2,1,False,[]
"(6880, 6919)",2,1,True,[6880]
"(2629, 3138, 3745)",3,1,True,[3138]
"(4758, 4910)",2,1,True,[4910]
"(2415, 2919, 11900)",3,1,True,[11900]
"(4980, 5676)",2,1,True,[4980]
"(6954, 10241)",2,1,True,"[6954, 10241]"
"(353, 1722)",2,1,False,[]
"(1099, 2823)",2,1,False,[]
"(10879, 11378)",2,1,True,[10879]
"(1081, 2691)",2,1,True,[2691]
"(9816, 12676)",2,1,True,[9816]
"(3723, 10143)",2,1,True,"[3723, 10143]"
"(8495, 8748)",2,1,False,[]
"(9851, 10791)",2,1,False,[]
"(1519, 11385)",2,1,True,[11385]
"(3295, 9049)",2,1,True,[3295]
"(726, 3828)",2,1,True,[3828]
"(10993, 11618)",2,1,False,[]
"(41, 1415, 10214)",3,1,True,[1415]
"(3529, 9310)",2,1,True,[9310]
"(5962, 6757)",2,1,True,[6757]
"(1839, 8680)",2,1,False,[]
"(2894, 8607)",2,1,True,[8607]
"(6546, 6918, 10142)",3,1,True,[10142]
"(2202, 10334)",2,1,True,[10334]
"(1070, 3957)",2,1,True,[3957]
"(656, 9160)",2,1,True,[9160]
"(10469, 12593)",2,1,True,"[10469, 12593]"
"(5392, 8172)",2,1,True,[8172]
"(8546, 12196)",2,1,False,[]
"(737, 1337, 10854)",3,1,True,[1337]
"(674, 10878)",2,1,True,[10878]
"(11448, 12426)",2,1,True,[12426]
"(10416, 12789)",2,1,True,[10416]
"(1641, 4227)",2,1,False,[]
"(7927, 8782)",2,1,True,[8782]
"(6917, 6953)",2,1,True,[6953]
"(2610, 7829)",2,1,False,[]
"(1934, 6260)",2,1,False,[]
"(6556, 7778)",2,1,True,[6556]
"(635, 2181)",2,1,False,[]
"(3953, 4390)",2,1,True,[4390]
"(893, 7727)",2,1,True,[7727]
"(3368, 3860, 7970, 10987)",4,1,False,[]
"(1615, 6070)",2,1,True,[6070]
"(1918, 8241)",2,1,False,[]
"(7596, 9256)",2,1,True,[9256]
"(10299, 11008)",2,1,True,"[10299, 11008]"
"(5589, 9309)",2,1,True,[5589]
"(6019, 10686)",2,1,True,[10686]
"(10333, 10647)",2,1,True,[10333]
"(6591, 9668)",2,1,True,[6591]
"(10386, 12782)",2,1,True,[12782]
"(3398, 11897)",2,1,True,"[3398, 11897]"
"(7025, 11349)",2,1,True,[7025]
"(105, 1761)",2,1,False,[]
"(209, 8132)",2,1,True,[209]
"(5444, 8173)",2,1,False,[]
"(6876, 7402, 7402)",3,1,False,[]
"(5404, 6630)",2,1,True,"[5404, 6630]"
"(1876, 10387)",2,1,True,[1876]
"(4770, 10027)",2,1,True,[10027]
"(2627, 12427)",2,1,True,[2627]
"(445, 5939)",2,1,True,[5939]
"(11063, 12796)",2,1,True,[12796]
"(5562, 12215)",2,1,True,[12215]
"(10600, 11802)",2,1,True,[11802]
"(2607, 4648)",2,1,True,[4648]
"(150, 337, 6611, 9880)",4,1,True,[9880]
"(170, 1638)",2,1,False,[]
"(1138, 3125)",2,1,True,[1138]
"(3606, 10974)",2,1,True,[10974]
"(5757, 7182)",2,1,True,"[5757, 7182]"
"(9440, 11167)",2,1,True,"[9440, 11167]"
"(269, 5115)",2,1,False,[]
"(2020, 5114, 6159)",3,1,True,[6159]
"(7756, 9731)",2,1,True,[7756]
"(145, 11482)",2,1,True,[11482]
"(2258, 12214)",2,1,True,[2258]
"(5822, 10850)",2,1,True,[5822]
"(3212, 4647)",2,1,True,[4647]
"(199, 6922)",2,1,False,[]
"(11823, 12537)",2,1,True,[12537]
"(6333, 12180)",2,1,True,"[6333, 12180]"
"(2848, 4203)",2,1,True,[2848]
"(6448, 7285, 8457)",3,1,True,[6448]
"(8719, 9408)",2,1,True,[9408]
"(3211, 4782)",2,1,True,[4782]
"(3743, 5040)",2,1,True,[3743]
"(8198, 9159)",2,1,True,[8198]
"(948, 11507)",2,1,True,[948]
"(406, 1110, 5192)",3,1,False,[]
"(7374, 7725)",2,1,True,[7725]
"(4907, 5268)",2,1,True,"[4907, 5268]"
"(1035, 5756)",2,1,True,[5756]
"(441, 6590)",2,1,False,[]
"(3212, 7627)",2,1,True,[7627]
"(1322, 8879)",2,1,True,"[1322, 8879]"
"(3293, 3825)",2,1,True,[3825]
"(150, 337, 9471)",3,1,False,[]
"(7695, 9104)",2,1,True,"[7695, 9104]"
"(2509, 5403)",2,1,True,[5403]
"(1910, 4388)",2,1,True,"[1910, 4388]"
"(8492, 9601)",2,1,True,[9601]
"(1787, 6988)",2,1,False,[]
"(6354, 11380)",2,1,True,"[6354, 11380]"
"(5011, 6684)",2,1,True,[5011]
"(946, 3321)",2,1,False,[]
"(5613, 9761)",2,1,False,[]
"(1090, 2019)",2,1,True,[2019]
"(7788, 10189)",2,1,True,"[7788, 10189]"
"(2640, 11062)",2,1,True,[11062]
"(3591, 6918)",2,1,False,[]
"(698, 2918)",2,1,False,[]
"(11480, 11638)",2,1,True,[11638]
"(4978, 5536)",2,1,True,[5536]
"(663, 3533)",2,1,True,[663]
"(2452, 11518)",2,1,True,"[2452, 11518]"
"(3623, 12039)",2,1,True,[3623]
"(6521, 6702)",2,1,True,"[6521, 6702]"
"(741, 1116)",2,1,True,"[741, 1116]"
"(751, 10624)",2,1,False,[]
"(4389, 11093)",2,1,False,[]
"(369, 10908)",2,1,True,[10908]
"(3662, 10571)",2,1,True,[3662]
"(1057, 5262)",2,1,True,[5262]
"(3515, 6186)",2,1,True,[3515]
"(1485, 1544)",2,1,True,[1485]
"(1963, 3124)",2,1,False,[]
"(1484, 4284, 11772, 12001)",4,1,False,[]
"(2903, 4459)",2,1,True,[4459]
"(6820, 6875)",2,1,True,[6875]
"(1841, 3826)",2,1,True,[3826]
"(11481, 12153)",2,1,True,"[11481, 12153]"
"(1915, 6496)",2,1,True,[1915]
"(1595, 7696)",2,1,True,"[1595, 7696]"
"(1642, 1739)",2,1,True,[1642]
"(4756, 5078)",2,1,True,[5078]
"(4372, 9848)",2,1,True,[9848]
"(1724, 7665)",2,1,True,"[1724, 7665]"
"(2080, 7595)",2,1,True,[7595]
"(1992, 3684)",2,1,True,[1992]
"(2121, 2508)",2,1,True,[2121]
"(6157, 7401)",2,1,True,[7401]
"(7429, 11348)",2,1,True,"[7429, 11348]"
"(985, 3869)",2,1,True,[3869]
"(2883, 5430)",2,1,True,[2883]
"(9814, 10828)",2,1,True,[10828]
"(7481, 7526)",2,1,False,[]
"(4221, 10907)",2,1,True,[10907]
"(3401, 8043, 9631)",3,1,True,[9631]
"(786, 8379)",2,1,False,[]
"(1477, 5323)",2,1,True,[5323]
"(103, 9996)",2,1,False,[]
"(7452, 10084)",2,1,True,[10084]
"(6, 11250)",2,1,True,[6]
"(4940, 5055)",2,1,False,[]
"(11596, 12674)",2,1,True,[11596]
"(3702, 4225, 8385)",3,1,True,[3702]
"(7787, 9191)",2,1,True,[9191]
"(8712, 10716)",2,1,False,[]
"(5732, 6102)",2,1,True,[6102]
"(4283, 6477)",2,1,True,"[4283, 6477]"
"(891, 4458)",2,1,False,[]
"(4063, 9371)",2,1,True,"[4063, 9371]"
"(541, 4940)",2,1,False,[]
"(8454, 11406)",2,1,False,[]
"(10909, 11194)",2,1,False,[]
"(4606, 12357)",2,1,True,[12357]
"(1744, 5368)",2,1,False,[]
"(2400, 10466)",2,1,False,[]
"(635, 6589)",2,1,True,[6589]
"(3636, 8383, 10541)",3,1,True,[10541]
"(370, 7594)",2,1,True,[7594]
"(4708, 8945)",2,1,True,"[4708, 8945]"
"(563, 3683)",2,1,True,"[563, 3683]"
"(5345, 8910)",2,1,True,"[5345, 8910]"
"(243, 390)",2,1,True,[390]
"(640, 1808)",2,1,True,[640]
"(2966, 7316)",2,1,True,[7316]
"(53, 7482)",2,1,True,[7482]
"(3999, 9079)",2,1,True,[9079]
"(48, 415, 933)",3,1,True,[48]
"(967, 9103)",2,1,True,[9103]
"(308, 9600)",2,1,True,"[308, 9600]"
"(1595, 3446)",2,1,True,"[1595, 3446]"
"(4977, 9372)",2,1,True,"[4977, 9372]"
"(7850, 9438)",2,1,True,[9438]
"(1069, 7559)",2,1,True,[1069]
"(48, 1234, 1381, 1465)",4,1,True,"[48, 1234]"
"(1373, 2613)",2,1,True,[2613]
"(2847, 9543)",2,1,True,[2847]
"(5992, 9336, 10827)",3,1,True,[5992]
"(9707, 11447)",2,1,True,[11447]
"(2682, 12694)",2,1,True,[12694]
"(1970, 4770)",2,1,False,[]
"(6476, 6476)",2,1,True,[6476]
"(7373, 9879)",2,1,True,"[7373, 9879]"
"(1157, 5192)",2,1,False,[]
"(7, 10467)",2,1,True,[10467]
"(2834, 11005)",2,1,False,[]
"(840, 1259, 2753)",3,1,True,[840]
"(5733, 12769)",2,1,True,"[5733, 12769]"
"(4646, 7524)",2,1,False,[]
"(10246, 12391)",2,1,False,[]
"(2073, 10025)",2,1,True,[2073]
"(146, 7978)",2,1,False,[]
"(11379, 11517)",2,1,True,"[11379, 11517]"
"(7180, 10059)",2,1,True,[7180]
"(3744, 4876)",2,1,True,[3744]
"(6101, 6307)",2,1,True,[6101]
"(622, 9254)",2,1,True,[9254]
"(3043, 6952)",2,1,True,[3043]
"(7317, 8678)",2,1,True,[8678]
"(97, 7628)",2,1,True,"[97, 7628]"
"(822, 7886)",2,1,True,[7886]
"(6356, 10060)",2,1,True,[10060]
"(1954, 11195)",2,1,False,[]
"(1186, 10626)",2,1,True,[1186]
"(316, 1945)",2,1,True,[1945]
"(1, 5222)",2,1,True,[5222]
"(7851, 10684)",2,1,True,[7851]
"(399, 8895)",2,1,True,"[399, 8895]"
"(3267, 9914)",2,1,False,[]
"(236, 789)",2,1,False,[]
"(94, 258)",2,1,True,[258]
"(4561, 9308)",2,1,True,"[4561, 9308]"
"(583, 696)",2,1,False,[]
"(5193, 9708)",2,1,True,[5193]
"(1643, 1643)",2,1,True,[1643]
"(3930, 4828)",2,1,True,[4828]
"(2330, 11822)",2,1,True,"[2330, 11822]"
"(8689, 12423)",2,1,True,[12423]
"(966, 3085)",2,1,False,[]
"(7484, 10167)",2,1,True,[10167]
"(2777, 3447, 10332)",3,1,True,[2777]
"(4530, 8200, 11821)",3,1,True,"[4530, 11821]"
"(6669, 10240)",2,1,True,[10240]
"(150, 12108)",2,1,False,[]
"(2723, 12733)",2,1,True,"[2723, 12733]"
"(1318, 3462, 3788, 5555)",4,1,False,[]
"(3591, 5026)",2,1,False,[]
"(10298, 10946)",2,1,False,[]
"(608, 1001)",2,1,False,[]
"(11164, 12108)",2,1,False,[]
"(9283, 11166)",2,1,True,"[9283, 11166]"
"(685, 8241)",2,1,False,[]
"(1122, 4483)",2,1,True,[1122]
"(2525, 9545)",2,1,False,[]
"(4695, 11941)",2,1,True,[11941]
"(3956, 9506)",2,1,True,[9506]
"(11899, 12424)",2,1,False,[]
"(454, 1934)",2,1,False,[]
"(2253, 11382)",2,1,True,"[2253, 11382]"
"(5587, 7181)",2,1,True,[7181]
"(3931, 10543)",2,1,True,[10543]
"(5223, 9193)",2,1,True,[9193]
"(9337, 10853)",2,1,True,[10853]
"(4542, 7666)",2,1,True,[4542]
"(1926, 11407)",2,1,True,[11407]
"(697, 1387)",2,1,False,[]
"(358, 12732)",2,1,True,[12732]
"(6684, 9246)",2,1,False,[]
"(2174, 2614)",2,1,True,[2614]
"(7431, 9997)",2,1,True,[9997]
"(1229, 8946)",2,1,False,[]
"(11285, 11934)",2,1,False,[]
"(1510, 6578)",2,1,True,[1510]
"(11549, 11972)",2,1,True,"[11549, 11972]"
"(11165, 12675)",2,1,True,[12675]
"(955, 4120, 4709)",3,1,False,[]
"(67, 7950)",2,1,True,[7950]
"(2464, 7206)",2,1,True,[2464]
"(2253, 11381)",2,1,True,"[2253, 11381]"
"(3648, 4875)",2,1,True,[3648]
"(8455, 9962)",2,1,True,"[8455, 9962]"
"(3066, 5909, 6649)",3,1,False,[]
"(1880, 9192)",2,1,False,[]
"(2035, 9322)",2,1,True,[2035]
"(453, 8277)",2,1,True,"[453, 8277]"
"(164, 740)",2,1,True,[164]
"(2060, 3611)",2,1,False,[]
"(3649, 6990)",2,1,False,[]
"(2020, 5114)",2,1,False,[]
"(2256, 11971)",2,1,True,"[2256, 11971]"
"(1730, 8911)",2,1,True,[1730]
"(6989, 7283)",2,1,True,[7283]
"(1274, 11311)",2,1,True,[11311]
"(1985, 5504)",2,1,True,[5504]
"(11058, 12241)",2,1,True,[12241]
"(7119, 9666)",2,1,True,[7119]
"(1990, 4529)",2,1,True,[4529]
"(7560, 10598)",2,1,True,[10598]
"(2071, 10945)",2,1,True,[10945]
"(3065, 3886)",2,1,True,[3886]
"(724, 2717)",2,1,True,[724]
"(938, 938)",2,1,False,[]
"(923, 6915)",2,1,False,[]
"(11774, 12781)",2,1,False,[]
"(10797, 11773)",2,1,True,[10797]
"(6158, 7483)",2,1,True,[6158]
"(5646, 6332)",2,1,True,[6332]
"(10026, 11284)",2,1,True,[10026]
"(4431, 6877)",2,1,True,[6877]
"(220, 797)",2,1,True,[220]
"(4486, 5402)",2,1,True,[5402]
"(8199, 12243)",2,1,True,[8199]
"(3139, 11775)",2,1,True,[3139]
"(5263, 7977)",2,1,True,"[5263, 7977]"
"(473, 690)",2,1,False,[]
"(1603, 3723)",2,1,True,[3723]
"(6331, 6782)",2,1,True,[6331]
"(3007, 5936)",2,1,True,[3007]
"(11855, 12641)",2,1,True,[12641]
"(1748, 2344)",2,1,True,[2344]
"(4995, 7057)",2,1,True,[4995]
"(3402, 6727)",2,1,True,[3402]
"(4176, 6821, 7284)",3,1,True,"[6821, 7284]"
"(1183, 6822)",2,1,True,[6822]
"(203, 10625)",2,1,False,[]
"(9544, 12040)",2,1,True,[9544]
"(1035, 2522)",2,1,True,[2522]
"(888, 7053)",2,1,True,[888]
"(133, 2535, 5935)",3,1,True,[5935]
"(962, 3808)",2,1,True,"[962, 3808]"
"(163, 2516)",2,1,False,[]
"(1035, 1355, 1785, 2605, 7430)",5,1,True,[1355]
"(10542, 12290)",2,1,True,"[10542, 12290]"
"(220, 1111)",2,1,True,[220]
"(5164, 11519)",2,1,True,[11519]
"(6217, 7561)",2,1,True,[6217]
"(1937, 9632)",2,1,False,[]
"(15, 12642)",2,1,True,[15]
"(1447, 1447)",2,1,False,[]
"(1178, 2981)",2,1,False,[]
"(5761, 10301)",2,1,True,[5761]
"(11013, 12430)",2,1,True,[12430]
"(2129, 4177, 7838)",3,1,True,"[2129, 4177]"
"(1043, 12756)",2,1,True,[12756]
"(5677, 9126)",2,1,True,[5677]
"(375, 3010)",2,1,True,[375]
"(6071, 12362)",2,1,True,[12362]
"(1686, 4312)",2,1,False,[]
"(8077, 12714)",2,1,True,[8077]
"(6470, 11094)",2,1,False,[]
"(11671, 11776)",2,1,True,[11671]
"(3977, 9636)",2,1,True,"[3977, 9636]"
"(2585, 10689)",2,1,True,[2585]
"(2154, 9444)",2,1,True,[2154]
"(5540, 6497)",2,1,True,"[5540, 6497]"
"(2873, 2873)",2,1,False,[]
"(4784, 6787)",2,1,True,[6787]
"(6196, 10948)",2,1,False,[]
"(913, 3535)",2,1,True,[3535]
"(7151, 7350)",2,1,True,[7350]
"(6593, 11974)",2,1,True,[11974]
"(4001, 7699)",2,1,True,[7699]
"(593, 1038, 1754, 2274)",4,1,True,[1038]
"(570, 2084)",2,1,True,[2084]
"(1030, 5758)",2,1,True,[5758]
"(2850, 12079)",2,1,True,[2850]
"(3717, 9818)",2,1,True,[9818]
"(4679, 6411)",2,1,True,[6411]
"(2628, 3934)",2,1,True,"[2628, 3934]"
"(5369, 9508)",2,1,True,[9508]
"(184, 6410)",2,1,True,[6410]
"(6594, 11777)",2,1,True,[6594]
"(10721, 12790)",2,1,True,[12790]
"(1092, 3260)",2,1,True,[3260]
"(4881, 12451)",2,1,True,[12451]
"(1991, 4064)",2,1,True,"[1991, 4064]"
"(8419, 11641)",2,1,True,[11641]
"(2493, 12292)",2,1,False,[]
"(1034, 12181)",2,1,True,[1034]
"(9196, 9340)",2,1,True,"[9196, 9340]"
"(7521, 12217)",2,1,True,[7521]
"(12429, 12737)",2,1,True,"[12429, 12737]"
"(2332, 6242)",2,1,True,"[2332, 6242]"
"(5551, 6546, 12431)",3,1,True,"[5551, 12431]"
"(108, 1254, 1363)",3,1,False,[]
"(2814, 9081)",2,1,False,[]
"(1666, 2085)",2,1,False,[]
"(2596, 2600)",2,1,True,[2600]
"(165, 1871, 3241, 6330)",4,1,False,[]
"(906, 5824)",2,1,True,[5824]
"(2548, 4610)",2,1,True,[2548]
"(11129, 12216)",2,1,False,[]
"(4313, 12885)",2,1,True,[4313]
"(4098, 6806)",2,1,True,"[4098, 6806]"
"(3288, 8380)",2,1,False,[]
"(5032, 6525)",2,1,True,[5032]
"(3267, 11677)",2,1,True,[11677]
"(701, 10216)",2,1,False,[]
"(2987, 6786)",2,1,True,[6786]
"(360, 2849)",2,1,True,[2849]
"(2898, 3870)",2,1,True,[2898]
"(79, 10389)",2,1,False,[]
"(5703, 10000)",2,1,True,[5703]
"(4052, 5081)",2,1,True,"[4052, 5081]"
"(6276, 9732)",2,1,True,[6276]
"(2920, 3026)",2,1,False,[]
"(1275, 11198)",2,1,True,"[1275, 11198]"
"(5168, 10914)",2,1,True,[5168]
"(3368, 8651)",2,1,False,[]
"(888, 5210)",2,1,True,[888]
"(7597, 9817)",2,1,True,"[7597, 9817]"
"(279, 1935)",2,1,True,[1935]
"(4097, 5245)",2,1,True,[5245]
"(217, 446)",2,1,False,[]
"(1946, 3906)",2,1,True,"[1946, 3906]"
"(2132, 8813)",2,1,True,"[2132, 8813]"
"(10913, 12361)",2,1,True,"[10913, 12361]"
"(5852, 10947)",2,1,True,"[5852, 10947]"
"(6409, 11522)",2,1,True,"[6409, 11522]"
"(3381, 7209)",2,1,False,[]
"(953, 2931)",2,1,True,[953]
"(7974, 12402)",2,1,True,[7974]
"(9409, 12736)",2,1,True,[12736]
"(427, 1940)",2,1,True,[1940]
"(7519, 10627)",2,1,True,"[7519, 10627]"
"(1535, 1897)",2,1,False,[]
"(700, 7520)",2,1,True,[700]
"(15, 508)",2,1,True,[15]
"(1018, 9854)",2,1,True,"[1018, 9854]"
"(10243, 11506)",2,1,True,[10243]
"(732, 1142)",2,1,False,[]
"(10628, 11199, 11640)",3,1,True,"[11199, 11640]"
"(3314, 7122)",2,1,True,[7122]
"(323, 4285)",2,1,True,[323]
"(4133, 6103)",2,1,True,[4133]
"(6962, 12350)",2,1,True,[6962]
"(7730, 11676)",2,1,True,[7730]
"(1715, 9378)",2,1,True,[9378]
"(331, 1335, 5853)",3,1,True,[5853]
"(1947, 9570)",2,1,True,[9570]
"(1720, 5650, 7376)",3,1,True,"[5650, 7376]"
"(1239, 3552)",2,1,False,[]
"(3790, 6520)",2,1,True,[6520]
"(2400, 5963)",2,1,False,[]
"(4311, 9133)",2,1,True,[9133]
"(9163, 12713)",2,1,True,"[9163, 12713]"
"(10001, 12402)",2,1,True,[10001]
"(1358, 5667)",2,1,True,[1358]
"(3687, 4895, 10257)",3,1,True,[3687]
"(2210, 9443)",2,1,True,[2210]
"(4761, 5102)",2,1,True,[4761]
"(10601, 11507)",2,1,True,[10601]
"(4553, 4880)",2,1,True,[4880]
"(2400, 12712)",2,1,False,[]
"(531, 4846)",2,1,True,[4846]
"(2380, 8202)",2,1,True,[8202]
"(2454, 6252, 7319)",3,1,True,"[6252, 7319]"
"(9507, 10718)",2,1,True,[9507]
"(5398, 6993)",2,1,True,[6993]
"(4590, 10915)",2,1,True,[10915]
"(633, 3106, 3275, 6451)",4,1,True,[3106]
"(4563, 10177)",2,1,True,[4563]
"(8608, 8608)",2,1,False,[]
"(1672, 9060)",2,1,True,[9060]
"(6104, 12579)",2,1,True,"[6104, 12579]"
"(1710, 3979)",2,1,True,[3979]
"(88, 2695, 5789)",3,1,True,[5789]
"(3831, 12293)",2,1,True,"[3831, 12293]"
"(1265, 7205)",2,1,True,[1265]
"(776, 1563)",2,1,False,[]
"(869, 5407)",2,1,True,"[869, 5407]"
"(1301, 8203)",2,1,False,[]
"(3355, 8388)",2,1,False,[]
"(358, 8681, 9663)",3,1,True,[8681]
"(7026, 8980)",2,1,True,[8980]
"(9855, 11011)",2,1,True,[9855]
"(2259, 4826, 5732, 6253, 6260)",5,1,True,[2259]
"(1605, 3517)",2,1,True,"[1605, 3517]"
"(1799, 4805)",2,1,True,"[1799, 4805]"
"(9637, 11778)",2,1,True,"[9637, 11778]"
"(1058, 4015)",2,1,True,[1058]
"(4442, 12695)",2,1,True,[4442]
"(2415, 5855)",2,1,True,[5855]
"(7292, 11201)",2,1,False,[]
"(246, 4118)",2,1,True,[4118]
"(7320, 8688)",2,1,True,[7320]
"(777, 907, 2305)",3,1,False,[]
"(9227, 11411)",2,1,True,[11411]
"(3570, 3570)",2,1,False,[]
"(4589, 8881)",2,1,True,[4589]
"(8950, 11040)",2,1,True,[11040]
"(3281, 10521)",2,1,True,"[3281, 10521]"
"(1036, 3813)",2,1,False,[]
"(938, 11942)",2,1,True,[11942]
"(6527, 7055)",2,1,True,"[6527, 7055]"
"(1350, 3011)",2,1,True,"[1350, 3011]"
"(5613, 11449)",2,1,False,[]
"(2062, 4007)",2,1,False,[]
"(4178, 7566)",2,1,True,"[4178, 7566]"
"(2233, 7598)",2,1,True,[2233]
"(4338, 7671)",2,1,True,[7671]
"(4911, 11168)",2,1,True,[4911]
"(588, 5541)",2,1,True,"[588, 5541]"
"(1554, 5001)",2,1,True,[5001]
"(2876, 3184)",2,1,True,[2876]
"(5856, 7700)",2,1,True,[7700]
"(9856, 12743)",2,1,True,"[9856, 12743]"
"(2794, 10418)",2,1,True,"[2794, 10418]"
"(3448, 8319)",2,1,True,[8319]
"(7352, 10273)",2,1,True,[7352]
"(7701, 11902, 12715, 12836)",4,1,True,"[7701, 12715, 12836]"
"(448, 1937)",2,1,False,[]
"(1368, 8421)",2,1,True,[8421]
"(2366, 9342)",2,1,True,"[2366, 9342]"
"(3571, 8009)",2,1,False,[]
"(620, 2586)",2,1,True,[620]
"(1787, 10855)",2,1,False,[]
"(4531, 12005)",2,1,True,[4531]
"(2346, 4314)",2,1,True,[2346]
"(11903, 12452)",2,1,True,"[11903, 12452]"
"(5788, 12448)",2,1,True,[5788]
"(1019, 2629)",2,1,False,[]
"(1768, 9509)",2,1,True,[9509]
"(5138, 8280)",2,1,True,"[5138, 8280]"
"(6412, 8499)",2,1,True,[6412]
"(2851, 7854)",2,1,True,[2851]
"(12004, 12757)",2,1,True,[12757]
"(4197, 11858)",2,1,True,[11858]
"(1625, 1625)",2,1,True,[1625]
"(5590, 6956)",2,1,True,"[5590, 6956]"
"(4453, 9895)",2,1,False,[]
"(7237, 7844)",2,1,True,[7237]
"(3368, 3768, 4397, 8377)",4,1,False,[]
"(3027, 11200)",2,1,True,[3027]
"(1882, 3688)",2,1,True,[3688]
"(1768, 1954)",2,1,False,[]
"(2061, 9341)",2,1,True,[9341]
"(406, 1110)",2,1,False,[]
"(528, 2932)",2,1,True,[2932]
"(457, 7793)",2,1,True,"[457, 7793]"
"(2275, 11226)",2,1,True,[11226]
"(7184, 7522)",2,1,True,"[7184, 7522]"
"(2053, 8652)",2,1,True,[2053]
"(9164, 10520)",2,1,True,"[9164, 10520]"
"(11587, 12011)",2,1,False,[]
"(3978, 12810)",2,1,True,[12810]
"(218, 3812)",2,1,True,[3812]
"(8750, 12835)",2,1,True,"[8750, 12835]"
"(272, 272)",2,1,False,[]
"(88, 4460, 10190)",3,1,True,[4460]
"(7485, 11554)",2,1,True,[7485]
"(49, 3569)",2,1,True,[3569]
"(74, 393, 928, 10002)",4,1,True,"[74, 10002]"
"(720, 3141, 3197)",3,1,False,[]
"(990, 6128)",2,1,True,[6128]
"(1004, 4591)",2,1,False,[]
"(336, 517, 629, 4314, 8050)",5,1,True,[629]
"(2495, 5964)",2,1,False,[]
"(1170, 11904)",2,1,True,[1170]
"(3313, 3704)",2,1,True,[3704]
"(7088, 7100)",2,1,True,[7100]
"(11159, 12811)",2,1,True,"[11159, 12811]"
"(2827, 3689)",2,1,True,[3689]
"(6672, 7724)",2,1,True,[6672]
"(1936, 6921)",2,1,True,"[1936, 6921]"
"(153, 4984)",2,1,True,[153]
"(6759, 6957)",2,1,True,"[6759, 6957]"
"(4099, 6498)",2,1,True,"[4099, 6498]"
"(516, 639, 2551)",3,1,True,"[516, 639]"
"(1388, 1548)",2,1,True,[1388]
"(11410, 12345)",2,1,False,[]
"(944, 11793)",2,1,True,"[944, 11793]"
"(5147, 12783)",2,1,True,[12783]
"(7086, 8135)",2,1,True,[7086]
"(4143, 9792)",2,1,True,[9792]
"(3608, 5854)",2,1,True,[5854]
"(3664, 7683)",2,1,False,[]
"(3368, 10806)",2,1,False,[]
"(1112, 8281)",2,1,True,[8281]
"(5483, 9108)",2,1,True,[9108]
"(3844, 8387)",2,1,True,[8387]
"(4007, 7185)",2,1,True,[7185]
"(3807, 9105)",2,1,False,[]
"(422, 10975)",2,1,False,[]
"(9051, 11552)",2,1,True,[11552]
"(1382, 1662)",2,1,True,"[1382, 1662]"
"(950, 2043)",2,1,True,[950]
"(5406, 11520)",2,1,False,[]
"(4261, 10911)",2,1,False,[]
"(7669, 12360)",2,1,True,"[7669, 12360]"
"(6728, 9882)",2,1,True,[9882]
"(3783, 6815, 7697)",3,1,True,[7697]
"(365, 1042)",2,1,True,[1042]
"(7054, 10029)",2,1,True,[10029]
"(7958, 9474)",2,1,False,[]
"(11409, 12359)",2,1,True,[11409]
"(1371, 7698)",2,1,True,[7698]
"(2883, 5445)",2,1,True,[2883]
"(10688, 12480)",2,1,True,[10688]
"(1636, 2170)",2,1,False,[]
"(752, 1880)",2,1,False,[]
"(4000, 11551)",2,1,True,"[4000, 11551]"
"(10687, 12196)",2,1,False,[]
"(4625, 5264)",2,1,True,[4625]
"(5392, 8133)",2,1,False,[]
"(1676, 4117)",2,1,False,[]
"(2792, 5617)",2,1,False,[]
"(7629, 11597)",2,1,True,"[7629, 11597]"
"(1087, 2742)",2,1,True,[2742]
"(5444, 6386)",2,1,False,[]
"(9263, 9294)",2,1,False,[]
"(2776, 4224)",2,1,False,[]
"(373, 11484)",2,1,True,[11484]
"(1004, 6002, 10773)",3,1,False,[]
"(2101, 10772)",2,1,True,[2101]
"(1843, 3104, 6587, 7183, 9569)",5,1,True,[3104]
"(5546, 11872)",2,1,True,[5546]
"(5529, 8389)",2,1,False,[]
"(137, 9284)",2,1,False,[]
"(11131, 12505)",2,1,True,[11131]
"(1156, 4879)",2,1,True,[1156]
"(481, 7288)",2,1,False,[]
"(1911, 12078)",2,1,True,[12078]
"(473, 11094)",2,1,False,[]
"(7287, 9791)",2,1,True,"[7287, 9791]"
"(4236, 7139)",2,1,True,[4236]
"(5506, 10939)",2,1,True,[5506]
"(4514, 4981)",2,1,True,[4981]
"(5994, 12516)",2,1,True,[12516]
"(11064, 11064)",2,1,False,[]
"(9790, 11312)",2,1,True,[9790]
"(4588, 12614)",2,1,True,"[4588, 12614]"
"(705, 705)",2,1,False,[]
"(5649, 9106)",2,1,True,"[5649, 9106]"
"(1832, 4759)",2,1,True,"[1832, 4759]"
"(7518, 9762)",2,1,True,"[7518, 9762]"
"(5173, 11857)",2,1,True,"[5173, 11857]"
"(17, 12505)",2,1,False,[]
"(1426, 11856)",2,1,True,[1426]
"(6881, 12734)",2,1,True,[12734]
"(2751, 8783)",2,1,True,[8783]
"(9883, 11010)",2,1,True,"[9883, 11010]"
"(2668, 10717)",2,1,True,"[2668, 10717]"
"(16, 7150)",2,1,False,[]
"(899, 5112, 6592)",3,1,True,"[899, 5112]"
"(3703, 4223)",2,1,True,[3703]
"(9789, 12742)",2,1,True,"[9789, 12742]"
"(39, 9311)",2,1,True,[9311]
"(3811, 5812)",2,1,True,[3811]
"(8244, 11901)",2,1,True,[8244]
"(2708, 2766)",2,1,True,[2708]
"(2978, 4079)",2,1,True,[2978]
"(6086, 6726)",2,1,False,[]
"(3933, 7564)",2,1,False,[]
"(627, 1264)",2,1,True,[1264]
"(8978, 9999)",2,1,True,"[8978, 9999]"
"(1358, 8416, 8815)",3,1,True,"[1358, 8815]"
"(3259, 10880)",2,1,False,[]
"(10442, 12428)",2,1,True,"[10442, 12428]"
"(7170, 9050)",2,1,True,[9050]
"(6785, 7348)",2,1,True,"[6785, 7348]"
"(3092, 7232)",2,1,False,[]
"(1112, 12329)",2,1,False,[]
"(5883, 8607)",2,1,True,"[5883, 8607]"
"(1810, 4359)",2,1,False,[]
"(5079, 5097)",2,1,True,[5079]
"(9377, 10716)",2,1,True,[9377]
"(476, 9852)",2,1,True,"[476, 9852]"
"(506, 6784)",2,1,True,[6784]
"(617, 5166)",2,1,True,[5166]
"(11303, 12141)",2,1,True,[12141]
"(5481, 9016)",2,1,True,[9016]
"(3837, 7838)",2,1,False,[]
"(5319, 6479)",2,1,False,[]
"(2243, 6955)",2,1,True,[2243]
"(2430, 3685, 10573)",3,1,True,[10573]
"(8749, 10300)",2,1,True,"[8749, 10300]"
"(609, 4770)",2,1,True,[609]
"(813, 1235)",2,1,True,[1235]
"(5195, 6824)",2,1,False,[]
"(257, 11009)",2,1,True,[11009]
"(2812, 7978)",2,1,True,[2812]
"(4155, 10771)",2,1,True,[4155]
"(1608, 12402)",2,1,False,[]
"(3849, 10642)",2,1,True,[3849]
"(5465, 12077)",2,1,True,[5465]
"(57, 5406)",2,1,False,[]
"(1335, 4733)",2,1,False,[]
"(1990, 4182)",2,1,False,[]
"(8812, 9132)",2,1,True,"[8812, 9132]"
"(3783, 4441)",2,1,True,[4441]
"(2142, 9162)",2,1,True,[2142]
"(5885, 6972)",2,1,True,[6972]
"(711, 3008)",2,1,True,[3008]
"(2375, 5884)",2,1,True,"[2375, 5884]"
"(326, 326)",2,1,False,[]
"(5908, 6671)",2,1,True,[6671]
"(8317, 9182)",2,1,False,[]
"(575, 4294)",2,1,True,"[575, 4294]"
"(9338, 11448)",2,1,False,[]
"(6557, 7084)",2,1,True,[6557]
"(5116, 5264)",2,1,True,[5116]
"(3097, 3564)",2,1,True,[3097]
"(1036, 9669)",2,1,True,[9669]
"(3044, 5451)",2,1,True,[5451]
"(1725, 4350)",2,1,True,[4350]
"(8318, 12400)",2,1,True,"[8318, 12400]"
"(1003, 8174, 9258)",3,1,True,[8174]
"(1755, 2402)",2,1,False,[]
"(5056, 8816)",2,1,True,"[5056, 8816]"
"(3772, 3830)",2,1,True,[3830]
"(5735, 6610)",2,1,True,[5735]
"(6189, 8979)",2,1,True,"[6189, 8979]"
"(7453, 9182)",2,1,True,[7453]
"(2694, 7920)",2,1,True,[7920]
"(5013, 5018)",2,1,True,"[5013, 5018]"
"(365, 2779)",2,1,True,[2779]
"(4392, 12858)",2,1,False,[]
"(6235, 6524)",2,1,True,[6524]
"(3649, 10388)",2,1,True,[10388]
"(120, 4983, 8769)",3,1,True,[4983]
"(4760, 6034)",2,1,True,[6034]
"(2223, 10912)",2,1,True,[10912]
"(4432, 10364)",2,1,True,[4432]
"(5149, 11132)",2,1,False,[]
"(7642, 11714)",2,1,False,[]
"(1001, 3686)",2,1,False,[]
"(4391, 12538)",2,1,True,[4391]
"(731, 2826)",2,1,True,[2826]
"(3782, 4176)",2,1,False,[]
"(2606, 3009)",2,1,False,[]
"(3135, 7670)",2,1,True,[7670]
"(4139, 10909)",2,1,False,[]
"(4310, 4738)",2,1,True,[4738]
"(4935, 12615)",2,1,True,[4935]
"(4034, 4096)",2,1,True,"[4034, 4096]"
"(3650, 8721)",2,1,True,[3650]
"(108, 8650)",2,1,True,[8650]
"(2083, 10337)",2,1,True,[2083]
"(3902, 8948)",2,1,True,[8948]
"(6450, 7729)",2,1,True,[7729]
"(7053, 11909)",2,1,True,[11909]
"(4804, 6632)",2,1,True,[6632]
"(1140, 7085)",2,1,True,[7085]
"(570, 8687)",2,1,True,[8687]
"(7349, 8534)",2,1,True,"[7349, 8534]"
"(5736, 12401)",2,1,True,[5736]
"(9340, 9942)",2,1,True,"[9340, 9942]"
"(2992, 11314)",2,1,True,"[2992, 11314]"
"(3169, 5196)",2,1,True,[5196]
"(2979, 9712)",2,1,True,[2979]
"(5117, 9020)",2,1,True,[5117]
"(641, 7757)",2,1,True,[7757]
"(2529, 12820)",2,1,True,[12820]
"(2669, 3631, 5266)",3,1,True,"[2669, 3631]"
"(2930, 11639)",2,1,True,[11639]
"(233, 4368)",2,1,True,[233]
"(2537, 9672)",2,1,True,[2537]
"(1082, 7291)",2,1,True,"[1082, 7291]"
"(418, 1838, 8245)",3,1,True,[418]
"(2188, 10336)",2,1,False,[]
"(266, 11174)",2,1,False,[]
"(9019, 9071)",2,1,True,"[9019, 9071]"
"(5265, 11675)",2,1,True,"[5265, 11675]"
"(5823, 7290)",2,1,True,"[5823, 7290]"
"(2166, 8459)",2,1,True,[2166]
"(411, 8104)",2,1,True,[8104]
"(863, 1553)",2,1,True,[1553]
"(6471, 7951)",2,1,True,[7951]
"(5482, 9763)",2,1,True,[5482]
"(9853, 10168)",2,1,True,[10168]
"(807, 10335)",2,1,False,[]
"(1817, 2270)",2,1,False,[]
"(191, 4826, 6387)",3,1,True,[6387]
"(824, 3717)",2,1,True,[824]
"(3932, 5239)",2,1,True,[3932]
"(487, 1152, 2090)",3,1,True,[487]
"(635, 1787)",2,1,False,[]
"(28, 8341)",2,1,False,[]
"(2263, 2263)",2,1,False,[]
"(8076, 8348)",2,1,True,[8076]
"(1210, 2776)",2,1,False,[]
"(3571, 10492)",2,1,False,[]
"(2547, 8201)",2,1,True,[2547]
"(454, 485, 1895, 7950, 8417)",5,1,True,[7950]
"(11313, 11598)",2,1,True,"[11313, 11598]"
"(7375, 11599)",2,1,True,[11599]
"(1632, 11521)",2,1,True,[11521]
"(1139, 4982)",2,1,False,[]
"(2190, 5101)",2,1,True,[2190]
"(1184, 5452)",2,1,True,"[1184, 5452]"
"(3767, 7120)",2,1,True,[3767]
"(9194, 12735)",2,1,True,[9194]
"(3355, 10061)",2,1,False,[]
"(226, 3823)",2,1,True,[3823]
"(4244, 11674)",2,1,True,[11674]
"(2610, 6758)",2,1,False,[]
"(2792, 5244)",2,1,True,[5244]
"(950, 1908)",2,1,True,[950]
"(10800, 12042)",2,1,True,[10800]
"(2114, 4783)",2,1,True,[4783]
"(2165, 9195)",2,1,True,[2165]
"(2094, 4080)",2,1,False,[]
"(7121, 9107)",2,1,True,[9107]
"(4156, 5963)",2,1,True,[4156]
"(3168, 11553)",2,1,True,"[3168, 11553]"
"(12481, 12834)",2,1,True,[12481]
"(8533, 9671)",2,1,True,[8533]
"(8947, 10519)",2,1,True,[10519]
"(1685, 7792)",2,1,True,[7792]
"(3490, 9018)",2,1,True,[9018]
"(10574, 11221)",2,1,False,[]
"(8497, 8720)",2,1,True,[8720]
"(2825, 8371)",2,1,True,[2825]
"(193, 6814)",2,1,False,[]
"(7289, 7952)",2,1,True,[7289]
"(2693, 6703)",2,1,True,[6703]
"(2977, 8498)",2,1,True,"[2977, 8498]"
"(2339, 7888)",2,1,False,[]
"(3607, 9670)",2,1,True,"[3607, 9670]"
"(1053, 5298)",2,1,True,"[1053, 5298]"
"(10242, 12196)",2,1,False,[]
"(1710, 3226)",2,1,True,[3226]
"(3336, 12003)",2,1,True,"[3336, 12003]"
"(1787, 4849)",2,1,True,[4849]
"(726, 9711)",2,1,True,[9711]
"(1672, 11507)",2,1,False,[]
"(3501, 4135)",2,1,True,[3501]
