Architecture,Frequency,Novel_Families,Genome,Cluster_ID,Gene_Context
"(3447, 8227)",36,[3447],2020_BGBMC-20W-1-10m-1_bin.61.purify_k141_30711,2020_BGBMC-20W-1-10m-1_bin.61.purify_k141_30711_14392-16366,2020_BGBMC-20W-1-10m-1_bin.61.purify_k141_30711_22(Fam_8227 [★Target]) --> 2020_BGBMC-20W-1-10m-1_bin.61.purify_k141_30711_23(Fam_3447 [★Target])
"(3447, 8227)",36,[3447],2020_BGBMC-20W-1-5m-1_bin.75.purify_k141_30470,2020_BGBMC-20W-1-5m-1_bin.75.purify_k141_30470_11207-13181,2020_BGBMC-20W-1-5m-1_bin.75.purify_k141_30470_17(Fam_8227 [★Target]) --> 2020_BGBMC-20W-1-5m-1_bin.75.purify_k141_30470_18(Fam_3447 [★Target])
"(3447, 8227)",36,[3447],2020_GHH17-W1_bin.117.purify_k141_962986,2020_GHH17-W1_bin.117.purify_k141_962986_5999-7973,2020_GHH17-W1_bin.117.purify_k141_962986_9(Fam_8227 [★Target]) --> 2020_GHH17-W1_bin.117.purify_k141_962986_10(Fam_3447 [★Target])
"(3447, 8227)",36,[3447],2020_GMZ11-W1_bin.214.purify_k141_1201689,2020_GMZ11-W1_bin.214.purify_k141_1201689_10919-12893,2020_GMZ11-W1_bin.214.purify_k141_1201689_17(Fam_8227 [★Target]) --> 2020_GMZ11-W1_bin.214.purify_k141_1201689_18(Fam_3447 [★Target])
"(3447, 8227)",36,[3447],2020_GMZ13-W1_bin.138.purify_k141_477822,2020_GMZ13-W1_bin.138.purify_k141_477822_10924-12898,2020_GMZ13-W1_bin.138.purify_k141_477822_17(Fam_8227 [★Target]) --> 2020_GMZ13-W1_bin.138.purify_k141_477822_18(Fam_3447 [★Target])
"(5284, 6902)",25,[5284],2020_GHH17-W1_bin.20.purify_k141_353850,2020_GHH17-W1_bin.20.purify_k141_353850_1429-3341,2020_GHH17-W1_bin.20.purify_k141_353850_3(Fam_6902 [★Target]) --> 2020_GHH17-W1_bin.20.purify_k141_353850_4(Fam_5284 [★Target])
"(5284, 6902)",25,[5284],2020_GH-W1_bin.85.purify_k141_351939,2020_GH-W1_bin.85.purify_k141_351939_1880-3792,2020_GH-W1_bin.85.purify_k141_351939_4(Fam_6902 [★Target]) --> 2020_GH-W1_bin.85.purify_k141_351939_5(Fam_5284 [★Target])
"(5284, 6902)",25,[5284],2020_GMZ11-W1_bin.67.purify_k141_552184,2020_GMZ11-W1_bin.67.purify_k141_552184_8517-10429,2020_GMZ11-W1_bin.67.purify_k141_552184_7(Fam_6902 [★Target]) --> 2020_GMZ11-W1_bin.67.purify_k141_552184_8(Fam_5284 [★Target])
"(5284, 6902)",25,[5284],2020_GMZ12-W1_bin.14.purify_k141_1071968,2020_GMZ12-W1_bin.14.purify_k141_1071968_3702-5614,2020_GMZ12-W1_bin.14.purify_k141_1071968_5(Fam_6902 [★Target]) --> 2020_GMZ12-W1_bin.14.purify_k141_1071968_6(Fam_5284 [★Target])
"(5284, 6902)",25,[5284],2020_GMZ13-W1_bin.110.purify_k141_1205447,2020_GMZ13-W1_bin.110.purify_k141_1205447_3595-5507,2020_GMZ13-W1_bin.110.purify_k141_1205447_4(Fam_5284 [★Target]) --> 2020_GMZ13-W1_bin.110.purify_k141_1205447_5(Fam_6902 [★Target])
"(2072, 4371)",24,[2072],2019_TBYHW-1_bin.70.purify_k141_97674,2019_TBYHW-1_bin.70.purify_k141_97674_12035-14936,2019_TBYHW-1_bin.70.purify_k141_97674_13(Fam_2072 [★Target]) --> 2019_TBYHW-1_bin.70.purify_k141_97674_14(Fam_4371 [★Target])
"(2072, 4371)",24,[2072],2020_BGBMC-20W-2-1_bin.102.purify_k141_156965,2020_BGBMC-20W-2-1_bin.102.purify_k141_156965_3354-6255,2020_BGBMC-20W-2-1_bin.102.purify_k141_156965_2(Fam_4371 [★Target]) --> 2020_BGBMC-20W-2-1_bin.102.purify_k141_156965_3(Fam_2072 [★Target])
"(2072, 4371)",24,[2072],2020_CE-D-W-1_bin.147.purify_k141_283321,2020_CE-D-W-1_bin.147.purify_k141_283321_11783-14684,2020_CE-D-W-1_bin.147.purify_k141_283321_12(Fam_2072 [★Target]) --> 2020_CE-D-W-1_bin.147.purify_k141_283321_13(Fam_4371 [★Target])
"(2072, 4371)",24,[2072],2020_GMZ11-W1_bin.245.purify_k141_397878,2020_GMZ11-W1_bin.245.purify_k141_397878_12560-15476,2020_GMZ11-W1_bin.245.purify_k141_397878_14(Fam_2072 [★Target]) --> 2020_GMZ11-W1_bin.245.purify_k141_397878_15(Fam_4371 [★Target])
"(2072, 4371)",24,[2072],2020_JSW-W1_bin.60.purify_k141_1270217,2020_JSW-W1_bin.60.purify_k141_1270217_6704-9620,2020_JSW-W1_bin.60.purify_k141_1270217_8(Fam_2072 [★Target]) --> 2020_JSW-W1_bin.60.purify_k141_1270217_9(Fam_4371 [★Target])
"(5019, 5048)",22,[5048],2020_JSW-W1_bin.92.purify_k141_528782,2020_JSW-W1_bin.92.purify_k141_528782_1293-3835,2020_JSW-W1_bin.92.purify_k141_528782_3(Fam_5048 [★Target]) --> 2020_JSW-W1_bin.92.purify_k141_528782_4(Fam_5019 [★Target])
"(5019, 5048)",22,[5048],2020_QHH1-W1_bin.52.purify_k141_472886,2020_QHH1-W1_bin.52.purify_k141_472886_6345-8887,2020_QHH1-W1_bin.52.purify_k141_472886_6(Fam_5019 [★Target]) --> 2020_QHH1-W1_bin.52.purify_k141_472886_7(Fam_5048 [★Target])
"(5019, 5048)",22,[5048],2020_QHH2-W1_bin.59.purify_k141_15939,2020_QHH2-W1_bin.59.purify_k141_15939_5070-7612,2020_QHH2-W1_bin.59.purify_k141_15939_5(Fam_5019 [★Target]) --> 2020_QHH2-W1_bin.59.purify_k141_15939_6(Fam_5048 [★Target])
"(5019, 5048)",22,[5048],2020_QHH6-W1_bin.58.purify_k141_433139,2020_QHH6-W1_bin.58.purify_k141_433139_5305-7847,2020_QHH6-W1_bin.58.purify_k141_433139_5(Fam_5019 [★Target]) --> 2020_QHH6-W1_bin.58.purify_k141_433139_6(Fam_5048 [★Target])
"(5019, 5048)",22,[5048],2021-HDW-W1_bin.113.purify_k141_1561249,2021-HDW-W1_bin.113.purify_k141_1561249_5475-8017,2021-HDW-W1_bin.113.purify_k141_1561249_5(Fam_5019 [★Target]) --> 2021-HDW-W1_bin.113.purify_k141_1561249_6(Fam_5048 [★Target])
"(11895, 13344)",20,[13344],2020_CN-DB-w-2_bin.102.purify_k141_348657,2020_CN-DB-w-2_bin.102.purify_k141_348657_1109-1734,2020_CN-DB-w-2_bin.102.purify_k141_348657_2(Fam_11895 [★Target]) --> 2020_CN-DB-w-2_bin.102.purify_k141_348657_3(Fam_13344 [★Target])
"(11895, 13344)",20,[13344],2020_CN-D-w-1_bin.87.purify_k141_311545,2020_CN-D-w-1_bin.87.purify_k141_311545_947-1572,2020_CN-D-w-1_bin.87.purify_k141_311545_2(Fam_11895 [★Target]) --> 2020_CN-D-w-1_bin.87.purify_k141_311545_3(Fam_13344 [★Target])
"(11895, 13344)",20,[13344],2020_CN-N-W-2-0m_bin.145.purify_k141_836010,2020_CN-N-W-2-0m_bin.145.purify_k141_836010_9391-10016,2020_CN-N-W-2-0m_bin.145.purify_k141_836010_12(Fam_13344 [★Target]) --> 2020_CN-N-W-2-0m_bin.145.purify_k141_836010_13(Fam_11895 [★Target])
"(11895, 13344)",20,[13344],2020_CRC-20W-1-10m-1_bin.24.purify_k141_848815,2020_CRC-20W-1-10m-1_bin.24.purify_k141_848815_800-1425,2020_CRC-20W-1-10m-1_bin.24.purify_k141_848815_2(Fam_11895 [★Target]) --> 2020_CRC-20W-1-10m-1_bin.24.purify_k141_848815_3(Fam_13344 [★Target])
"(11895, 13344)",20,[13344],2020_JNYC-20W-1-100m-1_bin.31.purify_k141_420651,2020_JNYC-20W-1-100m-1_bin.31.purify_k141_420651_8771-9384,2020_JNYC-20W-1-100m-1_bin.31.purify_k141_420651_8(Fam_11895 [★Target]) --> 2020_JNYC-20W-1-100m-1_bin.31.purify_k141_420651_9(Fam_13344 [★Target])
"(3023, 8709)",20,[3023],2020_BGBMC-20W-1-5m-1_bin.37.purify_k141_235132,2020_BGBMC-20W-1-5m-1_bin.37.purify_k141_235132_709-2723,2020_BGBMC-20W-1-5m-1_bin.37.purify_k141_235132_2(Fam_8709 [★Target]) --> 2020_BGBMC-20W-1-5m-1_bin.37.purify_k141_235132_3(Fam_3023 [★Target])
"(3023, 8709)",20,[3023],2020_BMC-W-1-1_bin.164.purify_k141_709422,2020_BMC-W-1-1_bin.164.purify_k141_709422_5940-7954,2020_BMC-W-1-1_bin.164.purify_k141_709422_8(Fam_8709 [★Target]) --> 2020_BMC-W-1-1_bin.164.purify_k141_709422_9(Fam_3023 [★Target])
"(3023, 8709)",20,[3023],2020_CE-D-W-2_bin.98.purify_k141_668178,2020_CE-D-W-2_bin.98.purify_k141_668178_5079-7093,2020_CE-D-W-2_bin.98.purify_k141_668178_8(Fam_8709 [★Target]) --> 2020_CE-D-W-2_bin.98.purify_k141_668178_9(Fam_3023 [★Target])
"(3023, 8709)",20,[3023],2020_GHH17-W1_bin.67.purify_k141_208128,2020_GHH17-W1_bin.67.purify_k141_208128_4280-6294,2020_GHH17-W1_bin.67.purify_k141_208128_7(Fam_8709 [★Target]) --> 2020_GHH17-W1_bin.67.purify_k141_208128_8(Fam_3023 [★Target])
"(3023, 8709)",20,[3023],2020_GMZ15-W1_bin.85.purify_k141_861792,2020_GMZ15-W1_bin.85.purify_k141_861792_6965-8979,2020_GMZ15-W1_bin.85.purify_k141_861792_9(Fam_8709 [★Target]) --> 2020_GMZ15-W1_bin.85.purify_k141_861792_10(Fam_3023 [★Target])
"(2223, 6301)",19,[2223],2020_CC-20W-1-15m-1_bin.122.purify_k141_293180,2020_CC-20W-1-15m-1_bin.122.purify_k141_293180_6757-9217,2020_CC-20W-1-15m-1_bin.122.purify_k141_293180_9(Fam_6301 [★Target]) --> 2020_CC-20W-1-15m-1_bin.122.purify_k141_293180_10(Fam_2223 [★Target])
"(2223, 6301)",19,[2223],2020_CC-20W-1-5m-1_bin.134.purify_k141_245264,2020_CC-20W-1-5m-1_bin.134.purify_k141_245264_3149-5609,2020_CC-20W-1-5m-1_bin.134.purify_k141_245264_3(Fam_2223 [★Target]) --> 2020_CC-20W-1-5m-1_bin.134.purify_k141_245264_4(Fam_6301 [★Target])
"(2223, 6301)",19,[2223],2020_CN-DB-w-2_bin.80.purify_k141_660452,2020_CN-DB-w-2_bin.80.purify_k141_660452_1633-4093,2020_CN-DB-w-2_bin.80.purify_k141_660452_5(Fam_6301 [★Target]) --> 2020_CN-DB-w-2_bin.80.purify_k141_660452_6(Fam_2223 [★Target])
"(2223, 6301)",19,[2223],2020_CN-N-W-3_bin.99.purify_k141_376468,2020_CN-N-W-3_bin.99.purify_k141_376468_7142-9659,2020_CN-N-W-3_bin.99.purify_k141_376468_9(Fam_6301 [★Target]) --> 2020_CN-N-W-3_bin.99.purify_k141_376468_10(Fam_2223 [★Target])
"(2223, 6301)",19,[2223],2020_CRC-20W-1-0m-1_bin.72.purify_k141_75400,2020_CRC-20W-1-0m-1_bin.72.purify_k141_75400_5036-7506,2020_CRC-20W-1-0m-1_bin.72.purify_k141_75400_7(Fam_6301 [★Target]) --> 2020_CRC-20W-1-0m-1_bin.72.purify_k141_75400_8(Fam_2223 [★Target])
"(585, 2558, 3491)",17,[2558],2020_BGBMC-20W-3-1_bin.37.purify_k141_716958,2020_BGBMC-20W-3-1_bin.37.purify_k141_716958_16261-21772,2020_BGBMC-20W-3-1_bin.37.purify_k141_716958_16(Fam_3491 [★Target]) --> 2020_BGBMC-20W-3-1_bin.37.purify_k141_716958_17(Fam_2558 [★Target]) --> 2020_BGBMC-20W-3-1_bin.37.purify_k141_716958_18(Fam_585 [★Target])
"(585, 2558, 3491)",17,[2558],2020_CE-20W-1-0m-1_bin.123.purify_k141_711850,2020_CE-20W-1-0m-1_bin.123.purify_k141_711850_84421-90477,2020_CE-20W-1-0m-1_bin.123.purify_k141_711850_74(Fam_3491 [★Target]) --> 2020_CE-20W-1-0m-1_bin.123.purify_k141_711850_76(Fam_2558 [★Target]) --> 2020_CE-20W-1-0m-1_bin.123.purify_k141_711850_77(Fam_585 [★Target])
"(585, 2558, 3491)",17,[2558],2020_CE-20W-1-2.5m-1_bin.128.purify_k141_719030,2020_CE-20W-1-2.5m-1_bin.128.purify_k141_719030_84421-90477,2020_CE-20W-1-2.5m-1_bin.128.purify_k141_719030_74(Fam_3491 [★Target]) --> 2020_CE-20W-1-2.5m-1_bin.128.purify_k141_719030_76(Fam_2558 [★Target]) --> 2020_CE-20W-1-2.5m-1_bin.128.purify_k141_719030_77(Fam_585 [★Target])
"(585, 2558, 3491)",17,[2558],2020_CE-20W-2-1_bin.227.purify_k141_525487,2020_CE-20W-2-1_bin.227.purify_k141_525487_84421-90477,2020_CE-20W-2-1_bin.227.purify_k141_525487_74(Fam_3491 [★Target]) --> 2020_CE-20W-2-1_bin.227.purify_k141_525487_76(Fam_2558 [★Target]) --> 2020_CE-20W-2-1_bin.227.purify_k141_525487_77(Fam_585 [★Target])
"(585, 2558, 3491)",17,[2558],2020_CE-B-W-1_bin.83.purify_k141_830626,2020_CE-B-W-1_bin.83.purify_k141_830626_84421-90477,2020_CE-B-W-1_bin.83.purify_k141_830626_74(Fam_3491 [★Target]) --> 2020_CE-B-W-1_bin.83.purify_k141_830626_76(Fam_2558 [★Target]) --> 2020_CE-B-W-1_bin.83.purify_k141_830626_77(Fam_585 [★Target])
"(13228, 13850)",17,[13228],2020_GMZ13-W1_bin.75.purify_k141_2730366,2020_GMZ13-W1_bin.75.purify_k141_2730366_4044-4889,2020_GMZ13-W1_bin.75.purify_k141_2730366_6(Fam_13228 [★Target]) --> 2020_GMZ13-W1_bin.75.purify_k141_2730366_7(Fam_13850 [★Target])
"(13228, 13850)",17,[13228],2020_GMZ-9-w1_bin.13.purify_k141_126679,2020_GMZ-9-w1_bin.13.purify_k141_126679_5598-6440,2020_GMZ-9-w1_bin.13.purify_k141_126679_5(Fam_13850 [★Target]) --> 2020_GMZ-9-w1_bin.13.purify_k141_126679_6(Fam_13228 [★Target])
"(13228, 13850)",17,[13228],2020_JSW-W1_bin.107.purify_k141_313149,2020_JSW-W1_bin.107.purify_k141_313149_2784-3626,2020_JSW-W1_bin.107.purify_k141_313149_5(Fam_13228 [★Target]) --> 2020_JSW-W1_bin.107.purify_k141_313149_6(Fam_13850 [★Target])
"(13228, 13850)",17,[13228],2020_QHH12-W1_bin.95.purify_k141_61701,2020_QHH12-W1_bin.95.purify_k141_61701_9245-10090,2020_QHH12-W1_bin.95.purify_k141_61701_7(Fam_13850 [★Target]) --> 2020_QHH12-W1_bin.95.purify_k141_61701_8(Fam_13228 [★Target])
"(13228, 13850)",17,[13228],2020_QHH19-W1_bin.72.purify_k141_623394,2020_QHH19-W1_bin.72.purify_k141_623394_2784-3626,2020_QHH19-W1_bin.72.purify_k141_623394_5(Fam_13228 [★Target]) --> 2020_QHH19-W1_bin.72.purify_k141_623394_6(Fam_13850 [★Target])
"(678, 1868)",17,[1868],2020_CE-N-W-1_bin.43.purify_k141_519053,2020_CE-N-W-1_bin.43.purify_k141_519053_10761-14927,2020_CE-N-W-1_bin.43.purify_k141_519053_9(Fam_678 [★Target]) --> 2020_CE-N-W-1_bin.43.purify_k141_519053_10(Fam_1868 [★Target])
"(678, 1868)",17,[1868],2020_CE-X-W-1_bin.86.purify_k141_319744,2020_CE-X-W-1_bin.86.purify_k141_319744_61107-65188,2020_CE-X-W-1_bin.86.purify_k141_319744_49(Fam_678 [★Target]) --> 2020_CE-X-W-1_bin.86.purify_k141_319744_50(Fam_1868 [★Target])
"(678, 1868)",17,[1868],2020_CRC-20W-1-0m-1_bin.164.purify_k141_292843,2020_CRC-20W-1-0m-1_bin.164.purify_k141_292843_29367-33557,2020_CRC-20W-1-0m-1_bin.164.purify_k141_292843_24(Fam_1868 [★Target]) --> 2020_CRC-20W-1-0m-1_bin.164.purify_k141_292843_25(Fam_678 [★Target])
"(678, 1868)",17,[1868],2020_CRC-20W-2-1_bin.162.purify_k141_1738781,2020_CRC-20W-2-1_bin.162.purify_k141_1738781_12784-16974,2020_CRC-20W-2-1_bin.162.purify_k141_1738781_12(Fam_678 [★Target]) --> 2020_CRC-20W-2-1_bin.162.purify_k141_1738781_13(Fam_1868 [★Target])
"(678, 1868)",17,[1868],2020_GHH17-W1_bin.16.purify_k141_1120366,2020_GHH17-W1_bin.16.purify_k141_1120366_40878-44959,2020_GHH17-W1_bin.16.purify_k141_1120366_31(Fam_678 [★Target]) --> 2020_GHH17-W1_bin.16.purify_k141_1120366_32(Fam_1868 [★Target])
"(6478, 9622)",12,[6478],2020_CN-B-W-2_bin.212.purify_k141_810131,2020_CN-B-W-2_bin.212.purify_k141_810131_97849-99347,2020_CN-B-W-2_bin.212.purify_k141_810131_94(Fam_6478 [★Target]) --> 2020_CN-B-W-2_bin.212.purify_k141_810131_95(Fam_9622 [★Target])
"(6478, 9622)",12,[6478],2020_CN-DB-w-2_bin.101.purify_k141_19773,2020_CN-DB-w-2_bin.101.purify_k141_19773_522-2020,2020_CN-DB-w-2_bin.101.purify_k141_19773_2(Fam_9622 [★Target]) --> 2020_CN-DB-w-2_bin.101.purify_k141_19773_3(Fam_6478 [★Target])
"(6478, 9622)",12,[6478],2020_CN-D-w-1_bin.101.purify_k141_267464,2020_CN-D-w-1_bin.101.purify_k141_267464_459-1957,2020_CN-D-w-1_bin.101.purify_k141_267464_1(Fam_9622 [★Target]) --> 2020_CN-D-w-1_bin.101.purify_k141_267464_2(Fam_6478 [★Target])
"(6478, 9622)",12,[6478],2020_CN-D-w-2_bin.73.purify_k141_389951,2020_CN-D-w-2_bin.73.purify_k141_389951_578-2076,2020_CN-D-w-2_bin.73.purify_k141_389951_2(Fam_9622 [★Target]) --> 2020_CN-D-w-2_bin.73.purify_k141_389951_3(Fam_6478 [★Target])
"(6478, 9622)",12,[6478],2020_CN-N-W-2-0m_bin.146.purify_k141_977772,2020_CN-N-W-2-0m_bin.146.purify_k141_977772_507-2005,2020_CN-N-W-2-0m_bin.146.purify_k141_977772_2(Fam_9622 [★Target]) --> 2020_CN-N-W-2-0m_bin.146.purify_k141_977772_3(Fam_6478 [★Target])
"(896, 12412)",12,[896],2020_GMZ4-W1_bin.259.purify_k141_1587160,2020_GMZ4-W1_bin.259.purify_k141_1587160_10023-12843,2020_GMZ4-W1_bin.259.purify_k141_1587160_12(Fam_12412 [★Target]) --> 2020_GMZ4-W1_bin.259.purify_k141_1587160_13(Fam_896 [★Target])
"(896, 12412)",12,[896],2020_JSW-W1_bin.172.purify_k141_621376,2020_JSW-W1_bin.172.purify_k141_621376_10215-12252,2020_JSW-W1_bin.172.purify_k141_621376_12(Fam_12412 [★Target]) --> 2020_JSW-W1_bin.172.purify_k141_621376_13(Fam_896 [★Target])
"(896, 12412)",12,[896],2020_QHH13-W1_bin.60.purify_k141_453492,2020_QHH13-W1_bin.60.purify_k141_453492_10023-12057,2020_QHH13-W1_bin.60.purify_k141_453492_12(Fam_12412 [★Target]) --> 2020_QHH13-W1_bin.60.purify_k141_453492_13(Fam_896 [★Target])
"(896, 12412)",12,[896],2020_QHH2-W1_bin.73.purify_k141_84185,2020_QHH2-W1_bin.73.purify_k141_84185_10023-11907,2020_QHH2-W1_bin.73.purify_k141_84185_12(Fam_12412 [★Target]) --> 2020_QHH2-W1_bin.73.purify_k141_84185_13(Fam_896 [★Target])
"(896, 12412)",12,[896],2021-ND-W3_bin.129.purify_k141_496035,2021-ND-W3_bin.129.purify_k141_496035_10172-12194,2021-ND-W3_bin.129.purify_k141_496035_12(Fam_12412 [★Target]) --> 2021-ND-W3_bin.129.purify_k141_496035_13(Fam_896 [★Target])
"(262, 450, 3691)",12,[3691],2020_CC-20W-1-10m-1_bin.102.purify_k141_34792,2020_CC-20W-1-10m-1_bin.102.purify_k141_34792_862-8658,2020_CC-20W-1-10m-1_bin.102.purify_k141_34792_2(Fam_262 [★Target]) --> 2020_CC-20W-1-10m-1_bin.102.purify_k141_34792_3(Fam_450 [★Target]) --> 2020_CC-20W-1-10m-1_bin.102.purify_k141_34792_4(Fam_3691 [★Target])
"(262, 450, 3691)",12,[3691],2021-JSW-W1_bin.13.purify_k141_504265,2021-JSW-W1_bin.13.purify_k141_504265_10163-17451,2021-JSW-W1_bin.13.purify_k141_504265_16(Fam_3691 [★Target]) --> 2021-JSW-W1_bin.13.purify_k141_504265_17(Fam_450 [★Target]) --> 2021-JSW-W1_bin.13.purify_k141_504265_18(Fam_262 [★Target])
"(262, 450, 3691)",12,[3691],2021-ND-W5_bin.22.purify_k141_597587,2021-ND-W5_bin.22.purify_k141_597587_10075-17363,2021-ND-W5_bin.22.purify_k141_597587_15(Fam_3691 [★Target]) --> 2021-ND-W5_bin.22.purify_k141_597587_16(Fam_450 [★Target]) --> 2021-ND-W5_bin.22.purify_k141_597587_17(Fam_262 [★Target])
"(262, 450, 3691)",12,[3691],2021-QHH-W10_bin.35.purify_k141_626054,2021-QHH-W10_bin.35.purify_k141_626054_27798-35086,2021-QHH-W10_bin.35.purify_k141_626054_18(Fam_262 [★Target]) --> 2021-QHH-W10_bin.35.purify_k141_626054_19(Fam_450 [★Target]) --> 2021-QHH-W10_bin.35.purify_k141_626054_20(Fam_3691 [★Target])
"(262, 450, 3691)",12,[3691],2021-QHH-W11_bin.17.purify_k141_313174,2021-QHH-W11_bin.17.purify_k141_313174_9513-22289,2021-QHH-W11_bin.17.purify_k141_313174_14(Fam_3691 [★Target]) --> 2021-QHH-W11_bin.17.purify_k141_313174_15(Fam_450 [★Target]) --> 2021-QHH-W11_bin.17.purify_k141_313174_16(Fam_262 [★Target]) --> 2021-QHH-W11_bin.17.purify_k141_313174_17(Fam_350) --> 2021-QHH-W11_bin.17.purify_k141_313174_18(Fam_7404) --> 2021-QHH-W11_bin.17.purify_k141_313174_19(Fam_8330) --> 2021-QHH-W11_bin.17.purify_k141_313174_20(Fam_10091)
"(11895, 13612)",12,[13612],2020_JNYC-20W-1-20m-1_bin.156.purify_k141_274024,2020_JNYC-20W-1-20m-1_bin.156.purify_k141_274024_3922-4550,2020_JNYC-20W-1-20m-1_bin.156.purify_k141_274024_4(Fam_13612 [★Target]) --> 2020_JNYC-20W-1-20m-1_bin.156.purify_k141_274024_5(Fam_11895 [★Target])
"(11895, 13612)",12,[13612],2020_JNYC-20W-1-60m-1_bin.46.purify_k141_46986,2020_JNYC-20W-1-60m-1_bin.46.purify_k141_46986_5067-5695,2020_JNYC-20W-1-60m-1_bin.46.purify_k141_46986_7(Fam_11895 [★Target]) --> 2020_JNYC-20W-1-60m-1_bin.46.purify_k141_46986_8(Fam_13612 [★Target])
"(11895, 13612)",12,[13612],2020_SLC-w-7_bin.177.purify_k141_120233,2020_SLC-w-7_bin.177.purify_k141_120233_114127-114758,2020_SLC-w-7_bin.177.purify_k141_120233_106(Fam_11895 [★Target]) --> 2020_SLC-w-7_bin.177.purify_k141_120233_107(Fam_13612 [★Target])
"(11895, 13612)",12,[13612],2020_SLSD2-W1_bin.24.purify_k141_1299831,2020_SLSD2-W1_bin.24.purify_k141_1299831_466-1087,2020_SLSD2-W1_bin.24.purify_k141_1299831_2(Fam_13612 [★Target]) --> 2020_SLSD2-W1_bin.24.purify_k141_1299831_3(Fam_11895 [★Target])
"(11895, 13612)",12,[13612],2020_YBJSD-W-1_bin.64.purify_k141_1445546,2020_YBJSD-W-1_bin.64.purify_k141_1445546_3280-3901,2020_YBJSD-W-1_bin.64.purify_k141_1445546_5(Fam_13612 [★Target]) --> 2020_YBJSD-W-1_bin.64.purify_k141_1445546_6(Fam_11895 [★Target])
"(6193, 9173)",12,[6193],2020_BGBMC-20W-2-1_bin.144.purify_k141_740800,2020_BGBMC-20W-2-1_bin.144.purify_k141_740800_17297-18793,2020_BGBMC-20W-2-1_bin.144.purify_k141_740800_18(Fam_9173 [★Target]) --> 2020_BGBMC-20W-2-1_bin.144.purify_k141_740800_19(Fam_6193 [★Target])
"(6193, 9173)",12,[6193],2020_CE-20W-1-2.5m-1_bin.43.purify_k141_1142961,2020_CE-20W-1-2.5m-1_bin.43.purify_k141_1142961_16117-17613,2020_CE-20W-1-2.5m-1_bin.43.purify_k141_1142961_16(Fam_9173 [★Target]) --> 2020_CE-20W-1-2.5m-1_bin.43.purify_k141_1142961_17(Fam_6193 [★Target])
"(6193, 9173)",12,[6193],2020_CE-X-W-1_bin.78.purify_k141_255761,2020_CE-X-W-1_bin.78.purify_k141_255761_1970-3450,2020_CE-X-W-1_bin.78.purify_k141_255761_5(Fam_9173 [★Target]) --> 2020_CE-X-W-1_bin.78.purify_k141_255761_6(Fam_6193 [★Target])
"(6193, 9173)",12,[6193],2020_DQZB-w5_bin.177.purify_k141_308111,2020_DQZB-w5_bin.177.purify_k141_308111_4851-6333,2020_DQZB-w5_bin.177.purify_k141_308111_7(Fam_9173 [★Target]) --> 2020_DQZB-w5_bin.177.purify_k141_308111_8(Fam_6193 [★Target])
"(6193, 9173)",12,[6193],2020_JC-20W-1-5m-1_bin.57.purify_k141_339930,2020_JC-20W-1-5m-1_bin.57.purify_k141_339930_2577-3898,2020_JC-20W-1-5m-1_bin.57.purify_k141_339930_4(Fam_9173 [★Target]) --> 2020_JC-20W-1-5m-1_bin.57.purify_k141_339930_5(Fam_6193 [★Target])
"(1429, 1703)",11,[1703],2020_CN-B-W-1_bin.206.purify_k141_359441,2020_CN-B-W-1_bin.206.purify_k141_359441_16345-20301,2020_CN-B-W-1_bin.206.purify_k141_359441_17(Fam_1429 [★Target]) --> 2020_CN-B-W-1_bin.206.purify_k141_359441_18(Fam_1703 [★Target])
"(1429, 1703)",11,[1703],2020_CN-DB-w-1_bin.20.purify_k141_1992026,2020_CN-DB-w-1_bin.20.purify_k141_1992026_12387-16343,2020_CN-DB-w-1_bin.20.purify_k141_1992026_12(Fam_1703 [★Target]) --> 2020_CN-DB-w-1_bin.20.purify_k141_1992026_14(Fam_1429 [★Target])
"(1429, 1703)",11,[1703],2020_CN-DB-w-2_bin.5.purify_k141_54464,2020_CN-DB-w-2_bin.5.purify_k141_54464_22590-26546,2020_CN-DB-w-2_bin.5.purify_k141_54464_22(Fam_1429 [★Target]) --> 2020_CN-DB-w-2_bin.5.purify_k141_54464_23(Fam_1703 [★Target])
"(1429, 1703)",11,[1703],2020_CN-D-w-1_bin.44.purify_k141_224137,2020_CN-D-w-1_bin.44.purify_k141_224137_18094-22050,2020_CN-D-w-1_bin.44.purify_k141_224137_19(Fam_1703 [★Target]) --> 2020_CN-D-w-1_bin.44.purify_k141_224137_20(Fam_1429 [★Target])
"(1429, 1703)",11,[1703],2020_CN-D-w-2_bin.119.purify_k141_420670,2020_CN-D-w-2_bin.119.purify_k141_420670_18070-22026,2020_CN-D-w-2_bin.119.purify_k141_420670_19(Fam_1703 [★Target]) --> 2020_CN-D-w-2_bin.119.purify_k141_420670_20(Fam_1429 [★Target])
"(12942, 13858)",11,[12942],2020_GH-W1_bin.87.purify_k141_935680,2020_GH-W1_bin.87.purify_k141_935680_2211-3038,2020_GH-W1_bin.87.purify_k141_935680_6(Fam_13858 [★Target]) --> 2020_GH-W1_bin.87.purify_k141_935680_7(Fam_12942 [★Target])
"(12942, 13858)",11,[12942],2020_JC-20W-1-10m-1_bin.110.purify_k141_30916,2020_JC-20W-1-10m-1_bin.110.purify_k141_30916_3341-4168,2020_JC-20W-1-10m-1_bin.110.purify_k141_30916_6(Fam_13858 [★Target]) --> 2020_JC-20W-1-10m-1_bin.110.purify_k141_30916_7(Fam_12942 [★Target])
"(12942, 13858)",11,[12942],2020_JC-20W-1-15m-1_bin.104.purify_k141_560067,2020_JC-20W-1-15m-1_bin.104.purify_k141_560067_2765-3592,2020_JC-20W-1-15m-1_bin.104.purify_k141_560067_4(Fam_12942 [★Target]) --> 2020_JC-20W-1-15m-1_bin.104.purify_k141_560067_5(Fam_13858 [★Target])
"(12942, 13858)",11,[12942],2020_JC-20W-1-23m-1_bin.37.purify_k141_144638,2020_JC-20W-1-23m-1_bin.37.purify_k141_144638_3555-4382,2020_JC-20W-1-23m-1_bin.37.purify_k141_144638_6(Fam_13858 [★Target]) --> 2020_JC-20W-1-23m-1_bin.37.purify_k141_144638_7(Fam_12942 [★Target])
"(12942, 13858)",11,[12942],2020_JC-20W-2-1_bin.25.purify_k141_207261,2020_JC-20W-2-1_bin.25.purify_k141_207261_2921-3748,2020_JC-20W-2-1_bin.25.purify_k141_207261_7(Fam_13858 [★Target]) --> 2020_JC-20W-2-1_bin.25.purify_k141_207261_8(Fam_12942 [★Target])
"(3731, 11984)",10,[11984],2020_CE-20W-1-0m-1_bin.36.purify_k141_145239,2020_CE-20W-1-0m-1_bin.36.purify_k141_145239_6737-8523,2020_CE-20W-1-0m-1_bin.36.purify_k141_145239_8(Fam_3731 [★Target]) --> 2020_CE-20W-1-0m-1_bin.36.purify_k141_145239_9(Fam_11984 [★Target])
"(3731, 11984)",10,[11984],2020_CE-B-W-1_bin.27.purify_k141_406834,2020_CE-B-W-1_bin.27.purify_k141_406834_9418-11204,2020_CE-B-W-1_bin.27.purify_k141_406834_10(Fam_11984 [★Target]) --> 2020_CE-B-W-1_bin.27.purify_k141_406834_11(Fam_3731 [★Target])
"(3731, 11984)",10,[11984],2020_CE-D-W-1_bin.71.purify_k141_395216,2020_CE-D-W-1_bin.71.purify_k141_395216_7509-9295,2020_CE-D-W-1_bin.71.purify_k141_395216_9(Fam_3731 [★Target]) --> 2020_CE-D-W-1_bin.71.purify_k141_395216_10(Fam_11984 [★Target])
"(3731, 11984)",10,[11984],2020_CE-D-W-2_bin.147.purify_k141_1174146,2020_CE-D-W-2_bin.147.purify_k141_1174146_8457-10243,2020_CE-D-W-2_bin.147.purify_k141_1174146_10(Fam_3731 [★Target]) --> 2020_CE-D-W-2_bin.147.purify_k141_1174146_11(Fam_11984 [★Target])
"(3731, 11984)",10,[11984],2020_CE-X-W-1_bin.9.purify_k141_187894,2020_CE-X-W-1_bin.9.purify_k141_187894_7048-8834,2020_CE-X-W-1_bin.9.purify_k141_187894_8(Fam_3731 [★Target]) --> 2020_CE-X-W-1_bin.9.purify_k141_187894_9(Fam_11984 [★Target])
"(1440, 2606)",10,[2606],2020_CE-20W-2-1_bin.182.purify_k141_597668,2020_CE-20W-2-1_bin.182.purify_k141_597668_17415-20817,2020_CE-20W-2-1_bin.182.purify_k141_597668_19(Fam_1440 [★Target]) --> 2020_CE-20W-2-1_bin.182.purify_k141_597668_20(Fam_2606 [★Target])
"(1440, 2606)",10,[2606],2020_CE-D-W-1_bin.47.purify_k141_90310,2020_CE-D-W-1_bin.47.purify_k141_90310_17441-20843,2020_CE-D-W-1_bin.47.purify_k141_90310_19(Fam_1440 [★Target]) --> 2020_CE-D-W-1_bin.47.purify_k141_90310_20(Fam_2606 [★Target])
"(1440, 2606)",10,[2606],2020_CE-D-W-2_bin.18.purify_k141_688371,2020_CE-D-W-2_bin.18.purify_k141_688371_17446-20848,2020_CE-D-W-2_bin.18.purify_k141_688371_19(Fam_1440 [★Target]) --> 2020_CE-D-W-2_bin.18.purify_k141_688371_20(Fam_2606 [★Target])
"(1440, 2606)",10,[2606],2020_CE-N-W-2_bin.102.purify_k141_445120,2020_CE-N-W-2_bin.102.purify_k141_445120_17407-20809,2020_CE-N-W-2_bin.102.purify_k141_445120_19(Fam_1440 [★Target]) --> 2020_CE-N-W-2_bin.102.purify_k141_445120_20(Fam_2606 [★Target])
"(1440, 2606)",10,[2606],2020_CE-X-W-1_bin.76.purify_k141_812105,2020_CE-X-W-1_bin.76.purify_k141_812105_17394-20796,2020_CE-X-W-1_bin.76.purify_k141_812105_19(Fam_1440 [★Target]) --> 2020_CE-X-W-1_bin.76.purify_k141_812105_20(Fam_2606 [★Target])
"(4031, 9529)",10,[4031],2020_CE-20W-1-0m-1_bin.113.purify_k141_829043,2020_CE-20W-1-0m-1_bin.113.purify_k141_829043_11239-13055,2020_CE-20W-1-0m-1_bin.113.purify_k141_829043_9(Fam_9529 [★Target]) --> 2020_CE-20W-1-0m-1_bin.113.purify_k141_829043_10(Fam_4031 [★Target])
"(4031, 9529)",10,[4031],2020_CE-20W-3-1_bin.86.purify_k141_364700,2020_CE-20W-3-1_bin.86.purify_k141_364700_11239-13055,2020_CE-20W-3-1_bin.86.purify_k141_364700_9(Fam_9529 [★Target]) --> 2020_CE-20W-3-1_bin.86.purify_k141_364700_10(Fam_4031 [★Target])
"(4031, 9529)",10,[4031],2020_CE-N-W-1_bin.111.purify_k141_213617,2020_CE-N-W-1_bin.111.purify_k141_213617_11242-13058,2020_CE-N-W-1_bin.111.purify_k141_213617_9(Fam_9529 [★Target]) --> 2020_CE-N-W-1_bin.111.purify_k141_213617_10(Fam_4031 [★Target])
"(4031, 9529)",10,[4031],2021-BQZBHK-W4_bin.140.purify_k127_187179,2021-BQZBHK-W4_bin.140.purify_k127_187179_11225-13041,2021-BQZBHK-W4_bin.140.purify_k127_187179_9(Fam_9529 [★Target]) --> 2021-BQZBHK-W4_bin.140.purify_k127_187179_10(Fam_4031 [★Target])
"(4031, 9529)",10,[4031],2021-BQZBHK-W6_bin.123.purify_k127_119475,2021-BQZBHK-W6_bin.123.purify_k127_119475_4422-6238,2021-BQZBHK-W6_bin.123.purify_k127_119475_5(Fam_9529 [★Target]) --> 2021-BQZBHK-W6_bin.123.purify_k127_119475_6(Fam_4031 [★Target])
"(3044, 9757)",10,[9757],2019_TBMTW-18_bin.26.purify_k141_2517,2019_TBMTW-18_bin.26.purify_k141_2517_6118-8103,2019_TBMTW-18_bin.26.purify_k141_2517_9(Fam_9757 [★Target]) --> 2019_TBMTW-18_bin.26.purify_k141_2517_10(Fam_3044 [★Target])
"(3044, 9757)",10,[9757],2020_CRC-20W-1-10m-1_bin.102.purify_k141_1519036,2020_CRC-20W-1-10m-1_bin.102.purify_k141_1519036_10972-12957,2020_CRC-20W-1-10m-1_bin.102.purify_k141_1519036_12(Fam_9757 [★Target]) --> 2020_CRC-20W-1-10m-1_bin.102.purify_k141_1519036_13(Fam_3044 [★Target])
"(3044, 9757)",10,[9757],2020_CRC-20W-1-14m-1_bin.68.purify_k141_11200,2020_CRC-20W-1-14m-1_bin.68.purify_k141_11200_10987-12972,2020_CRC-20W-1-14m-1_bin.68.purify_k141_11200_12(Fam_9757 [★Target]) --> 2020_CRC-20W-1-14m-1_bin.68.purify_k141_11200_13(Fam_3044 [★Target])
"(3044, 9757)",10,[9757],2020_CRC-20W-2-1_bin.36.purify_k141_560095,2020_CRC-20W-2-1_bin.36.purify_k141_560095_11303-13288,2020_CRC-20W-2-1_bin.36.purify_k141_560095_12(Fam_9757 [★Target]) --> 2020_CRC-20W-2-1_bin.36.purify_k141_560095_13(Fam_3044 [★Target])
"(3044, 9757)",10,[9757],2020_DTH3-W1_bin.37.purify_k141_487010,2020_DTH3-W1_bin.37.purify_k141_487010_14272-16257,2020_DTH3-W1_bin.37.purify_k141_487010_14(Fam_9757 [★Target]) --> 2020_DTH3-W1_bin.37.purify_k141_487010_15(Fam_3044 [★Target])
"(6193, 9979)",10,[6193],2020_JSW-W1_bin.9.purify_k141_2004019,2020_JSW-W1_bin.9.purify_k141_2004019_36459-37954,2020_JSW-W1_bin.9.purify_k141_2004019_40(Fam_9979 [★Target]) --> 2020_JSW-W1_bin.9.purify_k141_2004019_41(Fam_6193 [★Target])
"(6193, 9979)",10,[6193],2020_QHH2-W1_bin.143.purify_k141_846787,2020_QHH2-W1_bin.143.purify_k141_846787_12596-14091,2020_QHH2-W1_bin.143.purify_k141_846787_15(Fam_9979 [★Target]) --> 2020_QHH2-W1_bin.143.purify_k141_846787_16(Fam_6193 [★Target])
"(6193, 9979)",10,[6193],2021-HHXL-5M-W1_bin.89.purify_k141_960947,2021-HHXL-5M-W1_bin.89.purify_k141_960947_18078-19573,2021-HHXL-5M-W1_bin.89.purify_k141_960947_19(Fam_9979 [★Target]) --> 2021-HHXL-5M-W1_bin.89.purify_k141_960947_20(Fam_6193 [★Target])
"(6193, 9979)",10,[6193],2021-QHH-W2_bin.46.purify_k141_203263,2021-QHH-W2_bin.46.purify_k141_203263_12596-14091,2021-QHH-W2_bin.46.purify_k141_203263_15(Fam_9979 [★Target]) --> 2021-QHH-W2_bin.46.purify_k141_203263_16(Fam_6193 [★Target])
"(6193, 9979)",10,[6193],2021-QHH-W4_bin.71.purify_k141_287208,2021-QHH-W4_bin.71.purify_k141_287208_27037-28532,2021-QHH-W4_bin.71.purify_k141_287208_30(Fam_9979 [★Target]) --> 2021-QHH-W4_bin.71.purify_k141_287208_31(Fam_6193 [★Target])
"(12810, 13852)",10,[12810],2020_CE-20W-1-0m-1_bin.173.purify_k141_806165,2020_CE-20W-1-0m-1_bin.173.purify_k141_806165_52-855,2020_CE-20W-1-0m-1_bin.173.purify_k141_806165_2(Fam_13852 [★Target]) --> 2020_CE-20W-1-0m-1_bin.173.purify_k141_806165_3(Fam_12810 [★Target])
"(12810, 13852)",10,[12810],2020_CE-20W-2-1_bin.106.purify_k141_344676,2020_CE-20W-2-1_bin.106.purify_k141_344676_83-886,2020_CE-20W-2-1_bin.106.purify_k141_344676_2(Fam_13852 [★Target]) --> 2020_CE-20W-2-1_bin.106.purify_k141_344676_3(Fam_12810 [★Target])
"(12810, 13852)",10,[12810],2020_CE-20W-3-1_bin.213.purify_k141_1210,2020_CE-20W-3-1_bin.213.purify_k141_1210_511-1322,2020_CE-20W-3-1_bin.213.purify_k141_1210_3(Fam_13852 [★Target]) --> 2020_CE-20W-3-1_bin.213.purify_k141_1210_4(Fam_12810 [★Target])
"(12810, 13852)",10,[12810],2020_CE-B-W-1_bin.161.purify_k141_187149,2020_CE-B-W-1_bin.161.purify_k141_187149_1327-2130,2020_CE-B-W-1_bin.161.purify_k141_187149_5(Fam_12810 [★Target]) --> 2020_CE-B-W-1_bin.161.purify_k141_187149_6(Fam_13852 [★Target])
"(12810, 13852)",10,[12810],2020_CE-D-W-1_bin.51.purify_k141_559586,2020_CE-D-W-1_bin.51.purify_k141_559586_1873-2676,2020_CE-D-W-1_bin.51.purify_k141_559586_5(Fam_13852 [★Target]) --> 2020_CE-D-W-1_bin.51.purify_k141_559586_6(Fam_12810 [★Target])
"(2319, 2407)",9,[2319],2020_CN-B-W-1_bin.98.purify_k141_925503,2020_CN-B-W-1_bin.98.purify_k141_925503_6211-9426,2020_CN-B-W-1_bin.98.purify_k141_925503_8(Fam_2319 [★Target]) --> 2020_CN-B-W-1_bin.98.purify_k141_925503_9(Fam_2407 [★Target])
"(2319, 2407)",9,[2319],2020_CN-DB-w-2_bin.108.purify_k141_81063,2020_CN-DB-w-2_bin.108.purify_k141_81063_4408-7623,2020_CN-DB-w-2_bin.108.purify_k141_81063_5(Fam_2319 [★Target]) --> 2020_CN-DB-w-2_bin.108.purify_k141_81063_6(Fam_2407 [★Target])
"(2319, 2407)",9,[2319],2020_CN-D-w-2_bin.34.purify_k141_802999,2020_CN-D-w-2_bin.34.purify_k141_802999_4882-8097,2020_CN-D-w-2_bin.34.purify_k141_802999_6(Fam_2319 [★Target]) --> 2020_CN-D-w-2_bin.34.purify_k141_802999_7(Fam_2407 [★Target])
"(2319, 2407)",9,[2319],2020_CN-N-W-1_bin.163.purify_k141_1445462,2020_CN-N-W-1_bin.163.purify_k141_1445462_3781-6345,2020_CN-N-W-1_bin.163.purify_k141_1445462_8(Fam_2407 [★Target]) --> 2020_CN-N-W-1_bin.163.purify_k141_1445462_9(Fam_2319 [★Target])
"(2319, 2407)",9,[2319],2020_CN-N-W-2-4.9m_bin.151.purify_k141_176072,2020_CN-N-W-2-4.9m_bin.151.purify_k141_176072_6889-10104,2020_CN-N-W-2-4.9m_bin.151.purify_k141_176072_9(Fam_2319 [★Target]) --> 2020_CN-N-W-2-4.9m_bin.151.purify_k141_176072_10(Fam_2407 [★Target])
"(671, 6191)",9,[671],2019_bqzb-4_bin.63.purify_k141_94795,2019_bqzb-4_bin.63.purify_k141_94795_17356-21866,2019_bqzb-4_bin.63.purify_k141_94795_20(Fam_6191 [★Target]) --> 2019_bqzb-4_bin.63.purify_k141_94795_22(Fam_671 [★Target])
"(671, 6191)",9,[671],2020_BGBMC-20W-2-1_bin.38.purify_k141_463290,2020_BGBMC-20W-2-1_bin.38.purify_k141_463290_17147-21657,2020_BGBMC-20W-2-1_bin.38.purify_k141_463290_20(Fam_6191 [★Target]) --> 2020_BGBMC-20W-2-1_bin.38.purify_k141_463290_22(Fam_671 [★Target])
"(671, 6191)",9,[671],2020_CE-B-W-1_bin.63.purify_k141_305419,2020_CE-B-W-1_bin.63.purify_k141_305419_11940-16450,2020_CE-B-W-1_bin.63.purify_k141_305419_12(Fam_6191 [★Target]) --> 2020_CE-B-W-1_bin.63.purify_k141_305419_14(Fam_671 [★Target])
"(671, 6191)",9,[671],2020_CE-N-W-1_bin.169.purify_k141_309092,2020_CE-N-W-1_bin.169.purify_k141_309092_1075-5585,2020_CE-N-W-1_bin.169.purify_k141_309092_3(Fam_6191 [★Target]) --> 2020_CE-N-W-1_bin.169.purify_k141_309092_5(Fam_671 [★Target])
"(671, 6191)",9,[671],2021-JSW-W1_bin.104.purify_k141_505619,2021-JSW-W1_bin.104.purify_k141_505619_77-4587,2021-JSW-W1_bin.104.purify_k141_505619_2(Fam_6191 [★Target]) --> 2021-JSW-W1_bin.104.purify_k141_505619_3(Fam_6525) --> 2021-JSW-W1_bin.104.purify_k141_505619_4(Fam_671 [★Target])
"(12353, 13588)",9,[13588],2020_CN-DB-w-2_bin.144.purify_k141_351677,2020_CN-DB-w-2_bin.144.purify_k141_351677_1097-1743,2020_CN-DB-w-2_bin.144.purify_k141_351677_3(Fam_13588 [★Target]) --> 2020_CN-DB-w-2_bin.144.purify_k141_351677_4(Fam_12353 [★Target])
"(12353, 13588)",9,[13588],2020_CN-D-w-1_bin.11.purify_k141_490649,2020_CN-D-w-1_bin.11.purify_k141_490649_14765-15411,2020_CN-D-w-1_bin.11.purify_k141_490649_14(Fam_12353 [★Target]) --> 2020_CN-D-w-1_bin.11.purify_k141_490649_15(Fam_13588 [★Target])
"(12353, 13588)",9,[13588],2020_CN-N-W-1_bin.85.purify_k141_994717,2020_CN-N-W-1_bin.85.purify_k141_994717_14970-15616,2020_CN-N-W-1_bin.85.purify_k141_994717_15(Fam_12353 [★Target]) --> 2020_CN-N-W-1_bin.85.purify_k141_994717_16(Fam_13588 [★Target])
"(12353, 13588)",9,[13588],2020_CN-N-W-2-0m_bin.5.purify_k141_573598,2020_CN-N-W-2-0m_bin.5.purify_k141_573598_3249-3895,2020_CN-N-W-2-0m_bin.5.purify_k141_573598_5(Fam_13588 [★Target]) --> 2020_CN-N-W-2-0m_bin.5.purify_k141_573598_6(Fam_12353 [★Target])
"(12353, 13588)",9,[13588],2020_CN-N-W-2-4.9m_bin.71.purify_k141_1425381,2020_CN-N-W-2-4.9m_bin.71.purify_k141_1425381_2692-3338,2020_CN-N-W-2-4.9m_bin.71.purify_k141_1425381_4(Fam_13588 [★Target]) --> 2020_CN-N-W-2-4.9m_bin.71.purify_k141_1425381_5(Fam_12353 [★Target])
"(8986, 13876)",9,[8986],2020_BGBMC-20W-1-5m-1_bin.16.purify_k141_65105,2020_BGBMC-20W-1-5m-1_bin.16.purify_k141_65105_2989-3905,2020_BGBMC-20W-1-5m-1_bin.16.purify_k141_65105_4(Fam_8986 [★Target]) --> 2020_BGBMC-20W-1-5m-1_bin.16.purify_k141_65105_5(Fam_13876 [★Target])
"(8986, 13876)",9,[8986],2020_JSW-W1_bin.36.purify_k141_1666640,2020_JSW-W1_bin.36.purify_k141_1666640_4528-5444,2020_JSW-W1_bin.36.purify_k141_1666640_7(Fam_8986 [★Target]) --> 2020_JSW-W1_bin.36.purify_k141_1666640_8(Fam_13876 [★Target])
"(8986, 13876)",9,[8986],2020_NMC-W-8-0m-1_bin.48.purify_k141_913297,2020_NMC-W-8-0m-1_bin.48.purify_k141_913297_1986-2809,2020_NMC-W-8-0m-1_bin.48.purify_k141_913297_3(Fam_13876 [★Target]) --> 2020_NMC-W-8-0m-1_bin.48.purify_k141_913297_4(Fam_8986 [★Target])
"(8986, 13876)",9,[8986],2020_NMC-W-8-35m-1_bin.129.purify_k141_507920,2020_NMC-W-8-35m-1_bin.129.purify_k141_507920_1-1455,2020_NMC-W-8-35m-1_bin.129.purify_k141_507920_1(Fam_10610) --> 2020_NMC-W-8-35m-1_bin.129.purify_k141_507920_2(Fam_8986 [★Target]) --> 2020_NMC-W-8-35m-1_bin.129.purify_k141_507920_3(Fam_13876 [★Target])
"(8986, 13876)",9,[8986],2020_QHH6-W1_bin.86.purify_k141_1094761,2020_QHH6-W1_bin.86.purify_k141_1094761_1471-2387,2020_QHH6-W1_bin.86.purify_k141_1094761_3(Fam_13876 [★Target]) --> 2020_QHH6-W1_bin.86.purify_k141_1094761_4(Fam_8986 [★Target])
"(2570, 7958)",9,[7958],2020_CE-20W-3-1_bin.117.purify_k141_592093,2020_CE-20W-3-1_bin.117.purify_k141_592093_12799-14128,2020_CE-20W-3-1_bin.117.purify_k141_592093_9(Fam_7958 [★Target]) --> 2020_CE-20W-3-1_bin.117.purify_k141_592093_10(Fam_2570 [★Target])
"(2570, 7958)",9,[7958],2020_GHH17-W1_bin.99.purify_k141_1035174,2020_GHH17-W1_bin.99.purify_k141_1035174_7776-9339,2020_GHH17-W1_bin.99.purify_k141_1035174_6(Fam_7958 [★Target]) --> 2020_GHH17-W1_bin.99.purify_k141_1035174_7(Fam_2570 [★Target])
"(2570, 7958)",9,[7958],2020_QHH19-W1_bin.35.purify_k141_731246,2020_QHH19-W1_bin.35.purify_k141_731246_7763-9809,2020_QHH19-W1_bin.35.purify_k141_731246_6(Fam_7958 [★Target]) --> 2020_QHH19-W1_bin.35.purify_k141_731246_7(Fam_2570 [★Target])
"(2570, 7958)",9,[7958],2020_TMRSD2-W1_bin.156.purify_k141_510238,2020_TMRSD2-W1_bin.156.purify_k141_510238_109-2325,2020_TMRSD2-W1_bin.156.purify_k141_510238_1(Fam_7958 [★Target]) --> 2020_TMRSD2-W1_bin.156.purify_k141_510238_2(Fam_2570 [★Target])
"(2570, 7958)",9,[7958],2021-QHH-W11_bin.63.purify_k141_295420,2021-QHH-W11_bin.63.purify_k141_295420_7731-9294,2021-QHH-W11_bin.63.purify_k141_295420_5(Fam_7958 [★Target]) --> 2021-QHH-W11_bin.63.purify_k141_295420_6(Fam_2570 [★Target])
"(7857, 13418)",8,[7857],2020_GMZ11-W1_bin.177.purify_k141_342574,2020_GMZ11-W1_bin.177.purify_k141_342574_6207-7588,2020_GMZ11-W1_bin.177.purify_k141_342574_6(Fam_13418 [★Target]) --> 2020_GMZ11-W1_bin.177.purify_k141_342574_7(Fam_7857 [★Target])
"(7857, 13418)",8,[7857],2020_GMZ13-W1_bin.74.purify_k141_467569,2020_GMZ13-W1_bin.74.purify_k141_467569_15000-16479,2020_GMZ13-W1_bin.74.purify_k141_467569_16(Fam_13418 [★Target]) --> 2020_GMZ13-W1_bin.74.purify_k141_467569_17(Fam_7857 [★Target])
"(7857, 13418)",8,[7857],2020_JC-20W-1-23m-1_bin.53.purify_k141_1548831,2020_JC-20W-1-23m-1_bin.53.purify_k141_1548831_1213-2692,2020_JC-20W-1-23m-1_bin.53.purify_k141_1548831_3(Fam_13418 [★Target]) --> 2020_JC-20W-1-23m-1_bin.53.purify_k141_1548831_4(Fam_7857 [★Target])
"(7857, 13418)",8,[7857],2021-BQZBHK-W1_bin.80.purify_k127_64156,2021-BQZBHK-W1_bin.80.purify_k127_64156_8342-9821,2021-BQZBHK-W1_bin.80.purify_k127_64156_8(Fam_7857 [★Target]) --> 2021-BQZBHK-W1_bin.80.purify_k127_64156_9(Fam_13418 [★Target])
"(7857, 13418)",8,[7857],2021-BQZBHK-W2_bin.60.purify_k127_656075,2021-BQZBHK-W2_bin.60.purify_k127_656075_8469-9948,2021-BQZBHK-W2_bin.60.purify_k127_656075_8(Fam_7857 [★Target]) --> 2021-BQZBHK-W2_bin.60.purify_k127_656075_9(Fam_13418 [★Target])
"(5780, 8378)",8,[8378],2020_CE-20W-3-1_bin.199.purify_k141_1310399,2020_CE-20W-3-1_bin.199.purify_k141_1310399_131-1939,2020_CE-20W-3-1_bin.199.purify_k141_1310399_1(Fam_8378 [★Target]) --> 2020_CE-20W-3-1_bin.199.purify_k141_1310399_2(Fam_5780 [★Target])
"(5780, 8378)",8,[8378],2020_CE-N-W-2_bin.33.purify_k141_761029,2020_CE-N-W-2_bin.33.purify_k141_761029_13608-17080,2020_CE-N-W-2_bin.33.purify_k141_761029_12(Fam_8378 [★Target]) --> 2020_CE-N-W-2_bin.33.purify_k141_761029_13(Fam_5780 [★Target]) --> 2020_CE-N-W-2_bin.33.purify_k141_761029_14(Fam_2348)
"(5780, 8378)",8,[8378],2020_QHH10-W1_bin.125.purify_k141_937696,2020_QHH10-W1_bin.125.purify_k141_937696_131-1939,2020_QHH10-W1_bin.125.purify_k141_937696_1(Fam_8378 [★Target]) --> 2020_QHH10-W1_bin.125.purify_k141_937696_2(Fam_5780 [★Target])
"(5780, 8378)",8,[8378],2020_QHH19-W1_bin.94.purify_k141_844196,2020_QHH19-W1_bin.94.purify_k141_844196_561-2369,2020_QHH19-W1_bin.94.purify_k141_844196_1(Fam_8378 [★Target]) --> 2020_QHH19-W1_bin.94.purify_k141_844196_2(Fam_5780 [★Target])
"(5780, 8378)",8,[8378],2020_QHH2-W1_bin.35.purify_k141_524596,2020_QHH2-W1_bin.35.purify_k141_524596_131-1939,2020_QHH2-W1_bin.35.purify_k141_524596_1(Fam_8378 [★Target]) --> 2020_QHH2-W1_bin.35.purify_k141_524596_2(Fam_5780 [★Target])
"(8078, 9578)",8,[9578],2020_CN-N-W-2-0m_bin.113.purify_k141_174430,2020_CN-N-W-2-0m_bin.113.purify_k141_174430_399-1775,2020_CN-N-W-2-0m_bin.113.purify_k141_174430_2(Fam_9578 [★Target]) --> 2020_CN-N-W-2-0m_bin.113.purify_k141_174430_3(Fam_8078 [★Target])
"(8078, 9578)",8,[9578],2020_CN-N-W-2-4.9m_bin.81.purify_k141_1133301,2020_CN-N-W-2-4.9m_bin.81.purify_k141_1133301_1377-2753,2020_CN-N-W-2-4.9m_bin.81.purify_k141_1133301_3(Fam_9578 [★Target]) --> 2020_CN-N-W-2-4.9m_bin.81.purify_k141_1133301_4(Fam_8078 [★Target])
"(8078, 9578)",8,[9578],2020_NMC-W-6-1_bin.8.purify_k141_485318,2020_NMC-W-6-1_bin.8.purify_k141_485318_12691-14066,2020_NMC-W-6-1_bin.8.purify_k141_485318_14(Fam_8078 [★Target]) --> 2020_NMC-W-6-1_bin.8.purify_k141_485318_15(Fam_9578 [★Target])
"(8078, 9578)",8,[9578],2020_YZYC-20W-1-0m-1_bin.103.purify_k141_392007,2020_YZYC-20W-1-0m-1_bin.103.purify_k141_392007_4617-5992,2020_YZYC-20W-1-0m-1_bin.103.purify_k141_392007_5(Fam_9578 [★Target]) --> 2020_YZYC-20W-1-0m-1_bin.103.purify_k141_392007_6(Fam_8078 [★Target])
"(8078, 9578)",8,[9578],2021-CE-W3_bin.79.purify_k127_1396935,2021-CE-W3_bin.79.purify_k127_1396935_1948-3332,2021-CE-W3_bin.79.purify_k127_1396935_3(Fam_8078 [★Target]) --> 2021-CE-W3_bin.79.purify_k127_1396935_4(Fam_9578 [★Target])
"(2948, 9683)",8,[2948],2020_CBL-w2_bin.46.purify_k141_91176,2020_CBL-w2_bin.46.purify_k141_91176_2518-4521,2020_CBL-w2_bin.46.purify_k141_91176_4(Fam_9683 [★Target]) --> 2020_CBL-w2_bin.46.purify_k141_91176_5(Fam_2948 [★Target])
"(2948, 9683)",8,[2948],2020_CN-N-W-2-4.9m_bin.145.purify_k141_34561,2020_CN-N-W-2-4.9m_bin.145.purify_k141_34561_162954-164957,2020_CN-N-W-2-4.9m_bin.145.purify_k141_34561_153(Fam_2948 [★Target]) --> 2020_CN-N-W-2-4.9m_bin.145.purify_k141_34561_154(Fam_9683 [★Target])
"(2948, 9683)",8,[2948],2020_CRC-20W-2-1_bin.105.purify_k141_425064,2020_CRC-20W-2-1_bin.105.purify_k141_425064_169744-171747,2020_CRC-20W-2-1_bin.105.purify_k141_425064_158(Fam_2948 [★Target]) --> 2020_CRC-20W-2-1_bin.105.purify_k141_425064_159(Fam_9683 [★Target])
"(2948, 9683)",8,[2948],2020_JNYC-20W-1-0m-1_bin.15.purify_k141_54076,2020_JNYC-20W-1-0m-1_bin.15.purify_k141_54076_169793-171796,2020_JNYC-20W-1-0m-1_bin.15.purify_k141_54076_158(Fam_2948 [★Target]) --> 2020_JNYC-20W-1-0m-1_bin.15.purify_k141_54076_159(Fam_9683 [★Target])
"(2948, 9683)",8,[2948],2020_JNYC-20W-1-100m-1_bin.84.purify_k141_1253072,2020_JNYC-20W-1-100m-1_bin.84.purify_k141_1253072_163078-165081,2020_JNYC-20W-1-100m-1_bin.84.purify_k141_1253072_153(Fam_2948 [★Target]) --> 2020_JNYC-20W-1-100m-1_bin.84.purify_k141_1253072_154(Fam_9683 [★Target])
"(8852, 13911)",8,[13911],2020_QHH10-W1_bin.93.purify_k141_1637463,2020_QHH10-W1_bin.93.purify_k141_1637463_3409-4459,2020_QHH10-W1_bin.93.purify_k141_1637463_4(Fam_8852 [★Target]) --> 2020_QHH10-W1_bin.93.purify_k141_1637463_5(Fam_13911 [★Target])
"(8852, 13911)",8,[13911],2020_QHH1-W1_bin.22.purify_k141_251531,2020_QHH1-W1_bin.22.purify_k141_251531_3769-4819,2020_QHH1-W1_bin.22.purify_k141_251531_4(Fam_8852 [★Target]) --> 2020_QHH1-W1_bin.22.purify_k141_251531_5(Fam_13911 [★Target])
"(8852, 13911)",8,[13911],2020_QHH4-W1_bin.50.purify_k141_470492,2020_QHH4-W1_bin.50.purify_k141_470492_3575-4625,2020_QHH4-W1_bin.50.purify_k141_470492_4(Fam_8852 [★Target]) --> 2020_QHH4-W1_bin.50.purify_k141_470492_5(Fam_13911 [★Target])
"(8852, 13911)",8,[13911],2020_QHH9-W1_bin.38.purify_k141_8054,2020_QHH9-W1_bin.38.purify_k141_8054_6003-7053,2020_QHH9-W1_bin.38.purify_k141_8054_7(Fam_8852 [★Target]) --> 2020_QHH9-W1_bin.38.purify_k141_8054_8(Fam_13911 [★Target])
"(8852, 13911)",8,[13911],2021-HDW-W2_bin.130.purify_k141_956726,2021-HDW-W2_bin.130.purify_k141_956726_3575-4625,2021-HDW-W2_bin.130.purify_k141_956726_4(Fam_8852 [★Target]) --> 2021-HDW-W2_bin.130.purify_k141_956726_5(Fam_13911 [★Target])
"(11021, 12960)",8,[12960],2020_CE-20W-2-1_bin.5.purify_k141_817017,2020_CE-20W-2-1_bin.5.purify_k141_817017_1927-2705,2020_CE-20W-2-1_bin.5.purify_k141_817017_4(Fam_11021 [★Target]) --> 2020_CE-20W-2-1_bin.5.purify_k141_817017_5(Fam_12960 [★Target])
"(11021, 12960)",8,[12960],2020_CE-D-W-1_bin.154.purify_k141_102297,2020_CE-D-W-1_bin.154.purify_k141_102297_2025-2803,2020_CE-D-W-1_bin.154.purify_k141_102297_4(Fam_11021 [★Target]) --> 2020_CE-D-W-1_bin.154.purify_k141_102297_5(Fam_12960 [★Target])
"(11021, 12960)",8,[12960],2020_JC-20W-1-5m-1_bin.55.purify_k141_1079403,2020_JC-20W-1-5m-1_bin.55.purify_k141_1079403_10626-11404,2020_JC-20W-1-5m-1_bin.55.purify_k141_1079403_9(Fam_12960 [★Target]) --> 2020_JC-20W-1-5m-1_bin.55.purify_k141_1079403_10(Fam_11021 [★Target])
"(11021, 12960)",8,[12960],2020_NRPC-20W-4-1_bin.165.purify_k141_404437,2020_NRPC-20W-4-1_bin.165.purify_k141_404437_125-897,2020_NRPC-20W-4-1_bin.165.purify_k141_404437_1(Fam_11021 [★Target]) --> 2020_NRPC-20W-4-1_bin.165.purify_k141_404437_2(Fam_12960 [★Target])
"(11021, 12960)",8,[12960],2020_QHH4-W1_bin.38.purify_k141_76979,2020_QHH4-W1_bin.38.purify_k141_76979_4542-5254,2020_QHH4-W1_bin.38.purify_k141_76979_8(Fam_12960 [★Target]) --> 2020_QHH4-W1_bin.38.purify_k141_76979_9(Fam_11021 [★Target])
"(891, 3923)",7,[3923],2020_CE-20W-2-1_bin.124.purify_k141_332331,2020_CE-20W-2-1_bin.124.purify_k141_332331_17012-20107,2020_CE-20W-2-1_bin.124.purify_k141_332331_16(Fam_891 [★Target]) --> 2020_CE-20W-2-1_bin.124.purify_k141_332331_17(Fam_3923 [★Target])
"(891, 3923)",7,[3923],2020_CE-D-W-2_bin.144.purify_k141_573446,2020_CE-D-W-2_bin.144.purify_k141_573446_25423-28518,2020_CE-D-W-2_bin.144.purify_k141_573446_24(Fam_891 [★Target]) --> 2020_CE-D-W-2_bin.144.purify_k141_573446_25(Fam_3923 [★Target])
"(891, 3923)",7,[3923],2020_CE-N-W-1_bin.63.purify_k141_959416,2020_CE-N-W-1_bin.63.purify_k141_959416_16855-19950,2020_CE-N-W-1_bin.63.purify_k141_959416_15(Fam_891 [★Target]) --> 2020_CE-N-W-1_bin.63.purify_k141_959416_16(Fam_3923 [★Target])
"(891, 3923)",7,[3923],2020_CE-X-W-1_bin.130.purify_k141_675910,2020_CE-X-W-1_bin.130.purify_k141_675910_17340-20435,2020_CE-X-W-1_bin.130.purify_k141_675910_15(Fam_891 [★Target]) --> 2020_CE-X-W-1_bin.130.purify_k141_675910_16(Fam_3923 [★Target])
"(891, 3923)",7,[3923],2020_CE-X-W-2_bin.36.purify_k141_592267,2020_CE-X-W-2_bin.36.purify_k141_592267_16930-20025,2020_CE-X-W-2_bin.36.purify_k141_592267_15(Fam_891 [★Target]) --> 2020_CE-X-W-2_bin.36.purify_k141_592267_16(Fam_3923 [★Target])
"(7650, 7712)",7,[7712],2020_GMZ14-W1_bin.16.purify_k141_414888,2020_GMZ14-W1_bin.16.purify_k141_414888_758-2334,2020_GMZ14-W1_bin.16.purify_k141_414888_2(Fam_7712 [★Target]) --> 2020_GMZ14-W1_bin.16.purify_k141_414888_3(Fam_7650 [★Target])
"(7650, 7712)",7,[7712],2020_PC-20W-1-10m-1_bin.17.purify_k141_400836,2020_PC-20W-1-10m-1_bin.17.purify_k141_400836_53462-55038,2020_PC-20W-1-10m-1_bin.17.purify_k141_400836_45(Fam_7650 [★Target]) --> 2020_PC-20W-1-10m-1_bin.17.purify_k141_400836_46(Fam_7712 [★Target])
"(7650, 7712)",7,[7712],2020_PC-20W-1-5m-1_bin.120.purify_k141_369396,2020_PC-20W-1-5m-1_bin.120.purify_k141_369396_52124-53700,2020_PC-20W-1-5m-1_bin.120.purify_k141_369396_44(Fam_7650 [★Target]) --> 2020_PC-20W-1-5m-1_bin.120.purify_k141_369396_45(Fam_7712 [★Target])
"(7650, 7712)",7,[7712],2020_QHH3-W1_bin.46.purify_k141_639797,2020_QHH3-W1_bin.46.purify_k141_639797_24511-26036,2020_QHH3-W1_bin.46.purify_k141_639797_21(Fam_7650 [★Target]) --> 2020_QHH3-W1_bin.46.purify_k141_639797_22(Fam_7712 [★Target])
"(7650, 7712)",7,[7712],2021-QHH-W10_bin.108.purify_k141_426389,2021-QHH-W10_bin.108.purify_k141_426389_24229-25754,2021-QHH-W10_bin.108.purify_k141_426389_21(Fam_7650 [★Target]) --> 2021-QHH-W10_bin.108.purify_k141_426389_22(Fam_7712 [★Target])
"(2486, 8054)",7,[8054],2021-BQZBHK-W1_bin.67.purify_k127_342409,2021-BQZBHK-W1_bin.67.purify_k127_342409_3-2155,2021-BQZBHK-W1_bin.67.purify_k127_342409_1(Fam_8054 [★Target]) --> 2021-BQZBHK-W1_bin.67.purify_k127_342409_2(Fam_2486 [★Target])
"(2486, 8054)",7,[8054],2021-BQZBHK-W2_bin.92.purify_k127_603687,2021-BQZBHK-W2_bin.92.purify_k127_603687_3-2155,2021-BQZBHK-W2_bin.92.purify_k127_603687_1(Fam_8054 [★Target]) --> 2021-BQZBHK-W2_bin.92.purify_k127_603687_2(Fam_2486 [★Target])
"(2486, 8054)",7,[8054],2021-BQZBHK-W5_bin.82.purify_k127_445886,2021-BQZBHK-W5_bin.82.purify_k127_445886_3-2155,2021-BQZBHK-W5_bin.82.purify_k127_445886_1(Fam_8054 [★Target]) --> 2021-BQZBHK-W5_bin.82.purify_k127_445886_2(Fam_2486 [★Target])
"(2486, 8054)",7,[8054],2021-SLCB-W1_bin.3.purify_k127_1608864,2021-SLCB-W1_bin.3.purify_k127_1608864_3-2155,2021-SLCB-W1_bin.3.purify_k127_1608864_1(Fam_8054 [★Target]) --> 2021-SLCB-W1_bin.3.purify_k127_1608864_2(Fam_2486 [★Target])
"(2486, 8054)",7,[8054],2021-SLCB-W2_bin.83.purify_k127_59377,2021-SLCB-W2_bin.83.purify_k127_59377_3-2155,2021-SLCB-W2_bin.83.purify_k127_59377_1(Fam_8054 [★Target]) --> 2021-SLCB-W2_bin.83.purify_k127_59377_2(Fam_2486 [★Target])
"(3753, 12911)",7,[3753],2020_CE-20W-1-2.5m-1_bin.238.purify_k141_600985,2020_CE-20W-1-2.5m-1_bin.238.purify_k141_600985_1769-3393,2020_CE-20W-1-2.5m-1_bin.238.purify_k141_600985_3(Fam_3753 [★Target]) --> 2020_CE-20W-1-2.5m-1_bin.238.purify_k141_600985_4(Fam_12911 [★Target])
"(3753, 12911)",7,[3753],2020_QHH2-W1_bin.52.purify_k141_184801,2020_QHH2-W1_bin.52.purify_k141_184801_6206-7831,2020_QHH2-W1_bin.52.purify_k141_184801_9(Fam_3753 [★Target]) --> 2020_QHH2-W1_bin.52.purify_k141_184801_10(Fam_12911 [★Target])
"(3753, 12911)",7,[3753],2020_QHH6-W1_bin.117.purify_k141_628559,2020_QHH6-W1_bin.117.purify_k141_628559_6715-8340,2020_QHH6-W1_bin.117.purify_k141_628559_10(Fam_3753 [★Target]) --> 2020_QHH6-W1_bin.117.purify_k141_628559_11(Fam_12911 [★Target])
"(3753, 12911)",7,[3753],2020_SD-W-1_bin.118.purify_k141_309702,2020_SD-W-1_bin.118.purify_k141_309702_2182-3711,2020_SD-W-1_bin.118.purify_k141_309702_4(Fam_3753 [★Target]) --> 2020_SD-W-1_bin.118.purify_k141_309702_5(Fam_12911 [★Target])
"(3753, 12911)",7,[3753],2020_ZJZBSD-03-2_bin.146.purify_k141_2481922,2020_ZJZBSD-03-2_bin.146.purify_k141_2481922_5372-6901,2020_ZJZBSD-03-2_bin.146.purify_k141_2481922_8(Fam_3753 [★Target]) --> 2020_ZJZBSD-03-2_bin.146.purify_k141_2481922_9(Fam_12911 [★Target])
"(9552, 10195)",7,[9552],2021-BQZBHK-W1_bin.67.purify_k127_373475,2021-BQZBHK-W1_bin.67.purify_k127_373475_6047-7243,2021-BQZBHK-W1_bin.67.purify_k127_373475_8(Fam_10195 [★Target]) --> 2021-BQZBHK-W1_bin.67.purify_k127_373475_9(Fam_9552 [★Target])
"(9552, 10195)",7,[9552],2021-BQZBHK-W2_bin.92.purify_k127_9564,2021-BQZBHK-W2_bin.92.purify_k127_9564_6103-7299,2021-BQZBHK-W2_bin.92.purify_k127_9564_8(Fam_10195 [★Target]) --> 2021-BQZBHK-W2_bin.92.purify_k127_9564_9(Fam_9552 [★Target])
"(9552, 10195)",7,[9552],2021-BQZBHK-W3_bin.80.purify_k127_1398783,2021-BQZBHK-W3_bin.80.purify_k127_1398783_6047-7243,2021-BQZBHK-W3_bin.80.purify_k127_1398783_8(Fam_10195 [★Target]) --> 2021-BQZBHK-W3_bin.80.purify_k127_1398783_9(Fam_9552 [★Target])
"(9552, 10195)",7,[9552],2021-BQZBHK-W5_bin.82.purify_k127_1016123,2021-BQZBHK-W5_bin.82.purify_k127_1016123_6104-7300,2021-BQZBHK-W5_bin.82.purify_k127_1016123_8(Fam_10195 [★Target]) --> 2021-BQZBHK-W5_bin.82.purify_k127_1016123_9(Fam_9552 [★Target])
"(9552, 10195)",7,[9552],2021-SLCB-W2_bin.83.purify_k127_168404,2021-SLCB-W2_bin.83.purify_k127_168404_1-1197,2021-SLCB-W2_bin.83.purify_k127_168404_1(Fam_9552 [★Target]) --> 2021-SLCB-W2_bin.83.purify_k127_168404_2(Fam_10195 [★Target])
"(2209, 4186)",7,[4186],2020_CE-D-W-2_bin.8.purify_k141_1185303,2020_CE-D-W-2_bin.8.purify_k141_1185303_1-2198,2020_CE-D-W-2_bin.8.purify_k141_1185303_1(Fam_4186 [★Target]) --> 2020_CE-D-W-2_bin.8.purify_k141_1185303_2(Fam_2209 [★Target])
"(2209, 4186)",7,[4186],2020_CE-N-W-1_bin.92.purify_k141_534825,2020_CE-N-W-1_bin.92.purify_k141_534825_4816-7049,2020_CE-N-W-1_bin.92.purify_k141_534825_8(Fam_2209 [★Target]) --> 2020_CE-N-W-1_bin.92.purify_k141_534825_9(Fam_4186 [★Target])
"(2209, 4186)",7,[4186],2020_GMZ-9-w1_bin.9.purify_k141_2107727,2020_GMZ-9-w1_bin.9.purify_k141_2107727_4037-6672,2020_GMZ-9-w1_bin.9.purify_k141_2107727_6(Fam_4186 [★Target]) --> 2020_GMZ-9-w1_bin.9.purify_k141_2107727_7(Fam_2209 [★Target])
"(2209, 4186)",7,[4186],2020_JC-20W-1-0m-1_bin.61.purify_k141_74441,2020_JC-20W-1-0m-1_bin.61.purify_k141_74441_2100-4735,2020_JC-20W-1-0m-1_bin.61.purify_k141_74441_4(Fam_4186 [★Target]) --> 2020_JC-20W-1-0m-1_bin.61.purify_k141_74441_5(Fam_2209 [★Target])
"(2209, 4186)",7,[4186],2020_YZYC-20W-1-30m-1_bin.24.purify_k141_260530,2020_YZYC-20W-1-30m-1_bin.24.purify_k141_260530_2503-4470,2020_YZYC-20W-1-30m-1_bin.24.purify_k141_260530_4(Fam_2209 [★Target]) --> 2020_YZYC-20W-1-30m-1_bin.24.purify_k141_260530_5(Fam_4186 [★Target])
"(5637, 7199)",7,[5637],2020_GMZ15-W1_bin.108.purify_k141_378073,2020_GMZ15-W1_bin.108.purify_k141_378073_2984-4766,2020_GMZ15-W1_bin.108.purify_k141_378073_4(Fam_7199 [★Target]) --> 2020_GMZ15-W1_bin.108.purify_k141_378073_5(Fam_5637 [★Target])
"(5637, 7199)",7,[5637],2020_QHH19-W1_bin.73.purify_k141_181907,2020_QHH19-W1_bin.73.purify_k141_181907_2984-4766,2020_QHH19-W1_bin.73.purify_k141_181907_4(Fam_7199 [★Target]) --> 2020_QHH19-W1_bin.73.purify_k141_181907_5(Fam_5637 [★Target])
"(5637, 7199)",7,[5637],2020_QHH2-W1_bin.69.purify_k141_396609,2020_QHH2-W1_bin.69.purify_k141_396609_2984-4766,2020_QHH2-W1_bin.69.purify_k141_396609_4(Fam_7199 [★Target]) --> 2020_QHH2-W1_bin.69.purify_k141_396609_5(Fam_5637 [★Target])
"(5637, 7199)",7,[5637],2020_QHH3-W1_bin.103.purify_k141_1481972,2020_QHH3-W1_bin.103.purify_k141_1481972_2984-4766,2020_QHH3-W1_bin.103.purify_k141_1481972_4(Fam_7199 [★Target]) --> 2020_QHH3-W1_bin.103.purify_k141_1481972_5(Fam_5637 [★Target])
"(5637, 7199)",7,[5637],2020_QHH4-W1_bin.71.purify_k141_11256,2020_QHH4-W1_bin.71.purify_k141_11256_2984-4766,2020_QHH4-W1_bin.71.purify_k141_11256_4(Fam_7199 [★Target]) --> 2020_QHH4-W1_bin.71.purify_k141_11256_5(Fam_5637 [★Target])
"(7673, 9907)",7,[7673],2020_CE-20W-1-0m-1_bin.218.purify_k141_1696052,2020_CE-20W-1-0m-1_bin.218.purify_k141_1696052_14610-15999,2020_CE-20W-1-0m-1_bin.218.purify_k141_1696052_16(Fam_9907 [★Target]) --> 2020_CE-20W-1-0m-1_bin.218.purify_k141_1696052_17(Fam_7673 [★Target])
"(7673, 9907)",7,[7673],2020_CE-20W-1-2.5m-1_bin.109.purify_k141_695588,2020_CE-20W-1-2.5m-1_bin.109.purify_k141_695588_5502-6891,2020_CE-20W-1-2.5m-1_bin.109.purify_k141_695588_8(Fam_9907 [★Target]) --> 2020_CE-20W-1-2.5m-1_bin.109.purify_k141_695588_9(Fam_7673 [★Target])
"(7673, 9907)",7,[7673],2020_CE-B-W-1_bin.110.purify_k141_1121727,2020_CE-B-W-1_bin.110.purify_k141_1121727_32475-33852,2020_CE-B-W-1_bin.110.purify_k141_1121727_31(Fam_7673 [★Target]) --> 2020_CE-B-W-1_bin.110.purify_k141_1121727_32(Fam_9907 [★Target])
"(7673, 9907)",7,[7673],2020_CE-N-W-1_bin.73.purify_k141_443635,2020_CE-N-W-1_bin.73.purify_k141_443635_28872-30249,2020_CE-N-W-1_bin.73.purify_k141_443635_28(Fam_7673 [★Target]) --> 2020_CE-N-W-1_bin.73.purify_k141_443635_29(Fam_9907 [★Target])
"(7673, 9907)",7,[7673],2020_CE-X-W-1_bin.88.purify_k141_590964,2020_CE-X-W-1_bin.88.purify_k141_590964_19752-21129,2020_CE-X-W-1_bin.88.purify_k141_590964_19(Fam_7673 [★Target]) --> 2020_CE-X-W-1_bin.88.purify_k141_590964_20(Fam_9907 [★Target])
"(2806, 12583)",7,[2806],2020_BGBMC-20W-1-17m-1_bin.110.purify_k141_464355,2020_BGBMC-20W-1-17m-1_bin.110.purify_k141_464355_4895-6692,2020_BGBMC-20W-1-17m-1_bin.110.purify_k141_464355_5(Fam_12583 [★Target]) --> 2020_BGBMC-20W-1-17m-1_bin.110.purify_k141_464355_6(Fam_2806 [★Target])
"(2806, 12583)",7,[2806],2020_BMC-W-1-8m-1_bin.16.purify_k141_26981,2020_BMC-W-1-8m-1_bin.16.purify_k141_26981_6583-8124,2020_BMC-W-1-8m-1_bin.16.purify_k141_26981_9(Fam_12583 [★Target]) --> 2020_BMC-W-1-8m-1_bin.16.purify_k141_26981_10(Fam_2806 [★Target])
"(2806, 12583)",7,[2806],2020_CE-B-W-1_bin.152.purify_k141_464955,2020_CE-B-W-1_bin.152.purify_k141_464955_7853-9250,2020_CE-B-W-1_bin.152.purify_k141_464955_8(Fam_12583 [★Target]) --> 2020_CE-B-W-1_bin.152.purify_k141_464955_9(Fam_2806 [★Target])
"(2806, 12583)",7,[2806],2020_CN-N-W-1_bin.96.purify_k141_692408,2020_CN-N-W-1_bin.96.purify_k141_692408_3589-5046,2020_CN-N-W-1_bin.96.purify_k141_692408_4(Fam_12583 [★Target]) --> 2020_CN-N-W-1_bin.96.purify_k141_692408_5(Fam_2806 [★Target])
"(2806, 12583)",7,[2806],2020_EH-W1_bin.152.purify_k141_466716,2020_EH-W1_bin.152.purify_k141_466716_3063-4914,2020_EH-W1_bin.152.purify_k141_466716_3(Fam_12583 [★Target]) --> 2020_EH-W1_bin.152.purify_k141_466716_4(Fam_2806 [★Target])
"(1817, 3886)",7,[3886],2020_CE-20W-1-0m-1_bin.204.purify_k141_1633928,2020_CE-20W-1-0m-1_bin.204.purify_k141_1633928_10797-12649,2020_CE-20W-1-0m-1_bin.204.purify_k141_1633928_9(Fam_3886 [★Target]) --> 2020_CE-20W-1-0m-1_bin.204.purify_k141_1633928_10(Fam_1817 [★Target])
"(1817, 3886)",7,[3886],2020_CE-20W-2-1_bin.160.purify_k141_226749,2020_CE-20W-2-1_bin.160.purify_k141_226749_99-1951,2020_CE-20W-2-1_bin.160.purify_k141_226749_2(Fam_1817 [★Target]) --> 2020_CE-20W-2-1_bin.160.purify_k141_226749_3(Fam_3886 [★Target])
"(1817, 3886)",7,[3886],2020_CE-N-W-2_bin.144.purify_k141_754111,2020_CE-N-W-2_bin.144.purify_k141_754111_100-1952,2020_CE-N-W-2_bin.144.purify_k141_754111_2(Fam_1817 [★Target]) --> 2020_CE-N-W-2_bin.144.purify_k141_754111_3(Fam_3886 [★Target])
"(1817, 3886)",7,[3886],2020_YBJSD-W-3_bin.167.purify_k141_1423910,2020_YBJSD-W-3_bin.167.purify_k141_1423910_16905-19876,2020_YBJSD-W-3_bin.167.purify_k141_1423910_18(Fam_1817 [★Target]) --> 2020_YBJSD-W-3_bin.167.purify_k141_1423910_19(Fam_3886 [★Target])
"(1817, 3886)",7,[3886],2021-CE-W2_bin.123.purify_k127_152065,2021-CE-W2_bin.123.purify_k127_152065_85-1937,2021-CE-W2_bin.123.purify_k127_152065_1(Fam_1817 [★Target]) --> 2021-CE-W2_bin.123.purify_k127_152065_2(Fam_3886 [★Target])
"(4, 3303)",7,[3303],2020_GMZ13-W1_bin.181.purify_k141_1281564,2020_GMZ13-W1_bin.181.purify_k141_1281564_3-7543,2020_GMZ13-W1_bin.181.purify_k141_1281564_1(Fam_4 [★Target]) --> 2020_GMZ13-W1_bin.181.purify_k141_1281564_2(Fam_3303 [★Target])
"(4, 3303)",7,[3303],2020_GMZ15-W1_bin.40.purify_k141_2043690,2020_GMZ15-W1_bin.40.purify_k141_2043690_2-7299,2020_GMZ15-W1_bin.40.purify_k141_2043690_1(Fam_4 [★Target]) --> 2020_GMZ15-W1_bin.40.purify_k141_2043690_2(Fam_3303 [★Target])
"(4, 3303)",7,[3303],2020_JC-20W-1-15m-1_bin.87.purify_k141_227396,2020_JC-20W-1-15m-1_bin.87.purify_k141_227396_3-7810,2020_JC-20W-1-15m-1_bin.87.purify_k141_227396_1(Fam_4 [★Target]) --> 2020_JC-20W-1-15m-1_bin.87.purify_k141_227396_2(Fam_3303 [★Target])
"(4, 3303)",7,[3303],2020_QHH12-W1_bin.7.purify_k141_427893,2020_QHH12-W1_bin.7.purify_k141_427893_1-7385,2020_QHH12-W1_bin.7.purify_k141_427893_1(Fam_4 [★Target]) --> 2020_QHH12-W1_bin.7.purify_k141_427893_2(Fam_3303 [★Target])
"(4, 3303)",7,[3303],2021-QHH-W11_bin.78.purify_k141_781584,2021-QHH-W11_bin.78.purify_k141_781584_2-2964,2021-QHH-W11_bin.78.purify_k141_781584_1(Fam_4 [★Target]) --> 2021-QHH-W11_bin.78.purify_k141_781584_2(Fam_3303 [★Target])
"(2458, 6293)",6,[2458],2019_zjzb-7_bin.38.purify_k141_25533,2019_zjzb-7_bin.38.purify_k141_25533_10773-13120,2019_zjzb-7_bin.38.purify_k141_25533_5(Fam_2458 [★Target]) --> 2019_zjzb-7_bin.38.purify_k141_25533_6(Fam_6293 [★Target])
"(2458, 6293)",6,[2458],2021-BQZBHK-W1_bin.55.purify_k127_275317,2021-BQZBHK-W1_bin.55.purify_k127_275317_10760-13368,2021-BQZBHK-W1_bin.55.purify_k127_275317_5(Fam_2458 [★Target]) --> 2021-BQZBHK-W1_bin.55.purify_k127_275317_6(Fam_6293 [★Target])
"(2458, 6293)",6,[2458],2021-BQZBHK-W3_bin.55.purify_k127_1341239,2021-BQZBHK-W3_bin.55.purify_k127_1341239_3-2515,2021-BQZBHK-W3_bin.55.purify_k127_1341239_1(Fam_6293 [★Target]) --> 2021-BQZBHK-W3_bin.55.purify_k127_1341239_2(Fam_2458 [★Target])
"(2458, 6293)",6,[2458],2021-BQZBHK-W5_bin.68.purify_k127_196936,2021-BQZBHK-W5_bin.68.purify_k127_196936_10760-13260,2021-BQZBHK-W5_bin.68.purify_k127_196936_5(Fam_2458 [★Target]) --> 2021-BQZBHK-W5_bin.68.purify_k127_196936_6(Fam_6293 [★Target])
"(2458, 6293)",6,[2458],2021-SLCB-W1_bin.4.purify_k127_1002328,2021-SLCB-W1_bin.4.purify_k127_1002328_3-2623,2021-SLCB-W1_bin.4.purify_k127_1002328_1(Fam_6293 [★Target]) --> 2021-SLCB-W1_bin.4.purify_k127_1002328_2(Fam_2458 [★Target])
"(573, 2041)",6,[2041],2021-HHXL-0.5M-W1_bin.134.purify_k141_2578312,2021-HHXL-0.5M-W1_bin.134.purify_k141_2578312_1340-6151,2021-HHXL-0.5M-W1_bin.134.purify_k141_2578312_3(Fam_573 [★Target]) --> 2021-HHXL-0.5M-W1_bin.134.purify_k141_2578312_4(Fam_2041 [★Target])
"(573, 2041)",6,[2041],2021-JSW-W1_bin.12.purify_k141_427152,2021-JSW-W1_bin.12.purify_k141_427152_854-5665,2021-JSW-W1_bin.12.purify_k141_427152_3(Fam_2041 [★Target]) --> 2021-JSW-W1_bin.12.purify_k141_427152_4(Fam_573 [★Target])
"(573, 2041)",6,[2041],2021-QHH-W13_bin.13.purify_k141_1040218,2021-QHH-W13_bin.13.purify_k141_1040218_1358-6169,2021-QHH-W13_bin.13.purify_k141_1040218_3(Fam_573 [★Target]) --> 2021-QHH-W13_bin.13.purify_k141_1040218_4(Fam_2041 [★Target])
"(573, 2041)",6,[2041],2021-QHH-W17_bin.75.purify_k141_105404,2021-QHH-W17_bin.75.purify_k141_105404_5549-10360,2021-QHH-W17_bin.75.purify_k141_105404_8(Fam_2041 [★Target]) --> 2021-QHH-W17_bin.75.purify_k141_105404_9(Fam_573 [★Target])
"(573, 2041)",6,[2041],2021-QHH-W3_bin.47.purify_k141_472013,2021-QHH-W3_bin.47.purify_k141_472013_1340-6151,2021-QHH-W3_bin.47.purify_k141_472013_3(Fam_573 [★Target]) --> 2021-QHH-W3_bin.47.purify_k141_472013_4(Fam_2041 [★Target])
"(4973, 6784)",6,[6784],2020_QHH19-W1_bin.95.purify_k141_309120,2020_QHH19-W1_bin.95.purify_k141_309120_6846-8933,2020_QHH19-W1_bin.95.purify_k141_309120_10(Fam_6784 [★Target]) --> 2020_QHH19-W1_bin.95.purify_k141_309120_11(Fam_4973 [★Target])
"(4973, 6784)",6,[6784],2021-JSW-W1_bin.94.purify_k141_458897,2021-JSW-W1_bin.94.purify_k141_458897_1626-3713,2021-JSW-W1_bin.94.purify_k141_458897_3(Fam_6784 [★Target]) --> 2021-JSW-W1_bin.94.purify_k141_458897_4(Fam_4973 [★Target])
"(4973, 6784)",6,[6784],2021-QHH-W17_bin.30.purify_k141_193693,2021-QHH-W17_bin.30.purify_k141_193693_1626-3713,2021-QHH-W17_bin.30.purify_k141_193693_3(Fam_6784 [★Target]) --> 2021-QHH-W17_bin.30.purify_k141_193693_4(Fam_4973 [★Target])
"(4973, 6784)",6,[6784],2021-QHH-W5_bin.3.purify_k141_229480,2021-QHH-W5_bin.3.purify_k141_229480_8193-10280,2021-QHH-W5_bin.3.purify_k141_229480_10(Fam_6784 [★Target]) --> 2021-QHH-W5_bin.3.purify_k141_229480_11(Fam_4973 [★Target])
"(4973, 6784)",6,[6784],2021-QHH-W8_bin.91.purify_k141_272780,2021-QHH-W8_bin.91.purify_k141_272780_3061-5148,2021-QHH-W8_bin.91.purify_k141_272780_5(Fam_6784 [★Target]) --> 2021-QHH-W8_bin.91.purify_k141_272780_6(Fam_4973 [★Target])
"(472, 613)",6,[613],2020_PC-20W-1-10m-1_bin.127.purify_k141_362133,2020_PC-20W-1-10m-1_bin.127.purify_k141_362133_26330-32166,2020_PC-20W-1-10m-1_bin.127.purify_k141_362133_26(Fam_613 [★Target]) --> 2020_PC-20W-1-10m-1_bin.127.purify_k141_362133_27(Fam_472 [★Target])
"(472, 613)",6,[613],2020_PC-20W-1-17m-1_bin.4.purify_k141_991449,2020_PC-20W-1-17m-1_bin.4.purify_k141_991449_14898-20734,2020_PC-20W-1-17m-1_bin.4.purify_k141_991449_16(Fam_472 [★Target]) --> 2020_PC-20W-1-17m-1_bin.4.purify_k141_991449_17(Fam_613 [★Target])
"(472, 613)",6,[613],2020_YM-W-3_bin.8.purify_k141_54801,2020_YM-W-3_bin.8.purify_k141_54801_16845-22681,2020_YM-W-3_bin.8.purify_k141_54801_18(Fam_472 [★Target]) --> 2020_YM-W-3_bin.8.purify_k141_54801_19(Fam_613 [★Target])
"(472, 613)",6,[613],2021-BQZBHK-W1_bin.64.purify_k127_508382,2021-BQZBHK-W1_bin.64.purify_k127_508382_5804-11640,2021-BQZBHK-W1_bin.64.purify_k127_508382_6(Fam_613 [★Target]) --> 2021-BQZBHK-W1_bin.64.purify_k127_508382_7(Fam_472 [★Target])
"(472, 613)",6,[613],2021-BQZBHK-W3_bin.16.purify_k127_915872,2021-BQZBHK-W3_bin.16.purify_k127_915872_1122-6958,2021-BQZBHK-W3_bin.16.purify_k127_915872_3(Fam_613 [★Target]) --> 2021-BQZBHK-W3_bin.16.purify_k127_915872_4(Fam_472 [★Target])
"(2618, 6463)",6,[6463],2021-HHXL-5M-W1_bin.6.purify_k141_224587,2021-HHXL-5M-W1_bin.6.purify_k141_224587_7492-8649,2021-HHXL-5M-W1_bin.6.purify_k141_224587_7(Fam_2618 [★Target]) --> 2021-HHXL-5M-W1_bin.6.purify_k141_224587_8(Fam_6463 [★Target])
"(2618, 6463)",6,[6463],2021-ND-W4_bin.77.purify_k141_914438,2021-ND-W4_bin.77.purify_k141_914438_2133-3290,2021-ND-W4_bin.77.purify_k141_914438_2(Fam_2618 [★Target]) --> 2021-ND-W4_bin.77.purify_k141_914438_3(Fam_6463 [★Target])
"(2618, 6463)",6,[6463],2021-QHH-W10_bin.85.purify_k141_788756,2021-QHH-W10_bin.85.purify_k141_788756_961-2118,2021-QHH-W10_bin.85.purify_k141_788756_2(Fam_6463 [★Target]) --> 2021-QHH-W10_bin.85.purify_k141_788756_3(Fam_2618 [★Target])
"(2618, 6463)",6,[6463],2021-QHH-W15_bin.1.purify_k141_406021,2021-QHH-W15_bin.1.purify_k141_406021_7047-8204,2021-QHH-W15_bin.1.purify_k141_406021_6(Fam_2618 [★Target]) --> 2021-QHH-W15_bin.1.purify_k141_406021_7(Fam_6463 [★Target])
"(2618, 6463)",6,[6463],2021-QHH-W1_bin.75.purify_k141_531546,2021-QHH-W1_bin.75.purify_k141_531546_1287-2444,2021-QHH-W1_bin.75.purify_k141_531546_3(Fam_6463 [★Target]) --> 2021-QHH-W1_bin.75.purify_k141_531546_4(Fam_2618 [★Target])
"(8812, 11542)",6,[11542],2020_CN-DB-w-2_bin.33.purify_k141_146621,2020_CN-DB-w-2_bin.33.purify_k141_146621_889-2062,2020_CN-DB-w-2_bin.33.purify_k141_146621_3(Fam_8812 [★Target]) --> 2020_CN-DB-w-2_bin.33.purify_k141_146621_4(Fam_11542 [★Target])
"(8812, 11542)",6,[11542],2020_CN-D-w-1_bin.53.purify_k141_19838,2020_CN-D-w-1_bin.53.purify_k141_19838_2272-3445,2020_CN-D-w-1_bin.53.purify_k141_19838_5(Fam_11542 [★Target]) --> 2020_CN-D-w-1_bin.53.purify_k141_19838_6(Fam_8812 [★Target])
"(8812, 11542)",6,[11542],2020_CN-N-W-1_bin.39.purify_k141_920981,2020_CN-N-W-1_bin.39.purify_k141_920981_7534-8380,2020_CN-N-W-1_bin.39.purify_k141_920981_7(Fam_11542 [★Target]) --> 2020_CN-N-W-1_bin.39.purify_k141_920981_8(Fam_8812 [★Target])
"(8812, 11542)",6,[11542],2020_CN-N-W-3_bin.153.purify_k141_917709,2020_CN-N-W-3_bin.153.purify_k141_917709_3148-3799,2020_CN-N-W-3_bin.153.purify_k141_917709_5(Fam_11542 [★Target]) --> 2020_CN-N-W-3_bin.153.purify_k141_917709_6(Fam_8812 [★Target])
"(8812, 11542)",6,[11542],2021-CNB-W2_bin.67.purify_k127_1629085,2021-CNB-W2_bin.67.purify_k127_1629085_452-1625,2021-CNB-W2_bin.67.purify_k127_1629085_2(Fam_8812 [★Target]) --> 2021-CNB-W2_bin.67.purify_k127_1629085_3(Fam_11542 [★Target])
"(6999, 9088)",6,[9088],2020_GHH17-W1_bin.35.purify_k141_475687,2020_GHH17-W1_bin.35.purify_k141_475687_15436-16286,2020_GHH17-W1_bin.35.purify_k141_475687_22(Fam_9088 [★Target]) --> 2020_GHH17-W1_bin.35.purify_k141_475687_23(Fam_6999 [★Target])
"(6999, 9088)",6,[9088],2020_QHH11-W1_bin.90.purify_k141_1392759,2020_QHH11-W1_bin.90.purify_k141_1392759_15436-16286,2020_QHH11-W1_bin.90.purify_k141_1392759_22(Fam_9088 [★Target]) --> 2020_QHH11-W1_bin.90.purify_k141_1392759_23(Fam_6999 [★Target])
"(6999, 9088)",6,[9088],2020_QHH13-W1_bin.25.purify_k141_1953257,2020_QHH13-W1_bin.25.purify_k141_1953257_15436-16286,2020_QHH13-W1_bin.25.purify_k141_1953257_22(Fam_9088 [★Target]) --> 2020_QHH13-W1_bin.25.purify_k141_1953257_23(Fam_6999 [★Target])
"(6999, 9088)",6,[9088],2020_QHH3-W1_bin.24.purify_k141_1094346,2020_QHH3-W1_bin.24.purify_k141_1094346_8055-8905,2020_QHH3-W1_bin.24.purify_k141_1094346_11(Fam_9088 [★Target]) --> 2020_QHH3-W1_bin.24.purify_k141_1094346_12(Fam_6999 [★Target])
"(6999, 9088)",6,[9088],2020_QHH7-W1_bin.30.purify_k141_341330,2020_QHH7-W1_bin.30.purify_k141_341330_15436-16286,2020_QHH7-W1_bin.30.purify_k141_341330_22(Fam_9088 [★Target]) --> 2020_QHH7-W1_bin.30.purify_k141_341330_23(Fam_6999 [★Target])
"(13263, 13287)",6,[13263],2020_GMZ12-W1_bin.79.purify_k141_55898,2020_GMZ12-W1_bin.79.purify_k141_55898_2040-2584,2020_GMZ12-W1_bin.79.purify_k141_55898_3(Fam_13287 [★Target]) --> 2020_GMZ12-W1_bin.79.purify_k141_55898_4(Fam_13263 [★Target])
"(13263, 13287)",6,[13263],2020_NMC-W-8-35m-1_bin.110.purify_k141_44289,2020_NMC-W-8-35m-1_bin.110.purify_k141_44289_994-1538,2020_NMC-W-8-35m-1_bin.110.purify_k141_44289_2(Fam_13263 [★Target]) --> 2020_NMC-W-8-35m-1_bin.110.purify_k141_44289_3(Fam_13287 [★Target])
"(13263, 13287)",6,[13263],2020_NMC-W-8-5m-2_bin.87.purify_k141_566980,2020_NMC-W-8-5m-2_bin.87.purify_k141_566980_994-1538,2020_NMC-W-8-5m-2_bin.87.purify_k141_566980_2(Fam_13263 [★Target]) --> 2020_NMC-W-8-5m-2_bin.87.purify_k141_566980_3(Fam_13287 [★Target])
"(13263, 13287)",6,[13263],2020_QHH5-W1_bin.21.purify_k141_657385,2020_QHH5-W1_bin.21.purify_k141_657385_1963-2507,2020_QHH5-W1_bin.21.purify_k141_657385_3(Fam_13287 [★Target]) --> 2020_QHH5-W1_bin.21.purify_k141_657385_4(Fam_13263 [★Target])
"(13263, 13287)",6,[13263],2021-JSW-W1_bin.40.purify_k141_490809,2021-JSW-W1_bin.40.purify_k141_490809_3000-3544,2021-JSW-W1_bin.40.purify_k141_490809_3(Fam_13287 [★Target]) --> 2021-JSW-W1_bin.40.purify_k141_490809_4(Fam_13263 [★Target])
"(13369, 13880)",6,[13880],2020_CN-B-W-2_bin.191.purify_k141_357534,2020_CN-B-W-2_bin.191.purify_k141_357534_43965-44551,2020_CN-B-W-2_bin.191.purify_k141_357534_43(Fam_13880 [★Target]) --> 2020_CN-B-W-2_bin.191.purify_k141_357534_44(Fam_13369 [★Target])
"(13369, 13880)",6,[13880],2020_CN-DB-w-2_bin.9.purify_k141_637283,2020_CN-DB-w-2_bin.9.purify_k141_637283_5374-5960,2020_CN-DB-w-2_bin.9.purify_k141_637283_8(Fam_13369 [★Target]) --> 2020_CN-DB-w-2_bin.9.purify_k141_637283_9(Fam_13880 [★Target])
"(13369, 13880)",6,[13880],2020_CN-D-w-1_bin.74.purify_k141_366913,2020_CN-D-w-1_bin.74.purify_k141_366913_41149-41735,2020_CN-D-w-1_bin.74.purify_k141_366913_41(Fam_13880 [★Target]) --> 2020_CN-D-w-1_bin.74.purify_k141_366913_42(Fam_13369 [★Target])
"(13369, 13880)",6,[13880],2020_CN-N-W-1_bin.48.purify_k141_847794,2020_CN-N-W-1_bin.48.purify_k141_847794_5374-5960,2020_CN-N-W-1_bin.48.purify_k141_847794_8(Fam_13369 [★Target]) --> 2020_CN-N-W-1_bin.48.purify_k141_847794_9(Fam_13880 [★Target])
"(13369, 13880)",6,[13880],2020_CN-N-W-2-0m_bin.20.purify_k141_1119190,2020_CN-N-W-2-0m_bin.20.purify_k141_1119190_5374-5960,2020_CN-N-W-2-0m_bin.20.purify_k141_1119190_8(Fam_13369 [★Target]) --> 2020_CN-N-W-2-0m_bin.20.purify_k141_1119190_9(Fam_13880 [★Target])
"(1478, 3347)",6,[3347],2020_JNYC-20W-1-0m-1_bin.85.purify_k141_1026671,2020_JNYC-20W-1-0m-1_bin.85.purify_k141_1026671_1252-4476,2020_JNYC-20W-1-0m-1_bin.85.purify_k141_1026671_3(Fam_1478 [★Target]) --> 2020_JNYC-20W-1-0m-1_bin.85.purify_k141_1026671_4(Fam_3347 [★Target])
"(1478, 3347)",6,[3347],2020_JNYC-20W-1-20m-1_bin.39.purify_k141_282023,2020_JNYC-20W-1-20m-1_bin.39.purify_k141_282023_1252-4476,2020_JNYC-20W-1-20m-1_bin.39.purify_k141_282023_3(Fam_1478 [★Target]) --> 2020_JNYC-20W-1-20m-1_bin.39.purify_k141_282023_4(Fam_3347 [★Target])
"(1478, 3347)",6,[3347],2020_JNYC-20W-1-40m-1_bin.70.purify_k141_608134,2020_JNYC-20W-1-40m-1_bin.70.purify_k141_608134_1235-4459,2020_JNYC-20W-1-40m-1_bin.70.purify_k141_608134_3(Fam_1478 [★Target]) --> 2020_JNYC-20W-1-40m-1_bin.70.purify_k141_608134_4(Fam_3347 [★Target])
"(1478, 3347)",6,[3347],2020_JNYC-20W-1-60m-1_bin.134.purify_k141_816764,2020_JNYC-20W-1-60m-1_bin.134.purify_k141_816764_1252-4476,2020_JNYC-20W-1-60m-1_bin.134.purify_k141_816764_3(Fam_1478 [★Target]) --> 2020_JNYC-20W-1-60m-1_bin.134.purify_k141_816764_4(Fam_3347 [★Target])
"(1478, 3347)",6,[3347],2020_JNYC-20W-1-80m-1_bin.148.purify_k141_87836,2020_JNYC-20W-1-80m-1_bin.148.purify_k141_87836_1235-4459,2020_JNYC-20W-1-80m-1_bin.148.purify_k141_87836_3(Fam_1478 [★Target]) --> 2020_JNYC-20W-1-80m-1_bin.148.purify_k141_87836_4(Fam_3347 [★Target])
"(5154, 7565)",6,[5154],2020_CN-DB-w-2_bin.70.purify_k141_1622329,2020_CN-DB-w-2_bin.70.purify_k141_1622329_12398-14310,2020_CN-DB-w-2_bin.70.purify_k141_1622329_14(Fam_5154 [★Target]) --> 2020_CN-DB-w-2_bin.70.purify_k141_1622329_15(Fam_7565 [★Target])
"(5154, 7565)",6,[5154],2020_JNYC-20W-1-80m-1_bin.65.purify_k141_1691889,2020_JNYC-20W-1-80m-1_bin.65.purify_k141_1691889_3157-4811,2020_JNYC-20W-1-80m-1_bin.65.purify_k141_1691889_5(Fam_5154 [★Target]) --> 2020_JNYC-20W-1-80m-1_bin.65.purify_k141_1691889_6(Fam_7565 [★Target])
"(5154, 7565)",6,[5154],2020_JNYC-20W-2-1_bin.141.purify_k141_889371,2020_JNYC-20W-2-1_bin.141.purify_k141_889371_5525-7437,2020_JNYC-20W-2-1_bin.141.purify_k141_889371_8(Fam_5154 [★Target]) --> 2020_JNYC-20W-2-1_bin.141.purify_k141_889371_9(Fam_7565 [★Target])
"(5154, 7565)",6,[5154],2020_NMC-W-8-25m-1_bin.24.purify_k141_801516,2020_NMC-W-8-25m-1_bin.24.purify_k141_801516_6446-8357,2020_NMC-W-8-25m-1_bin.24.purify_k141_801516_8(Fam_5154 [★Target]) --> 2020_NMC-W-8-25m-1_bin.24.purify_k141_801516_9(Fam_7565 [★Target])
"(5154, 7565)",6,[5154],2020_TMRSD3-W1_bin.14.purify_k141_139607,2020_TMRSD3-W1_bin.14.purify_k141_139607_19452-21364,2020_TMRSD3-W1_bin.14.purify_k141_139607_18(Fam_5154 [★Target]) --> 2020_TMRSD3-W1_bin.14.purify_k141_139607_19(Fam_7565 [★Target])
"(1831, 10036)",6,[1831],2020_BGBMC-20W-1-0m-1_bin.114.purify_k141_32490,2020_BGBMC-20W-1-0m-1_bin.114.purify_k141_32490_45503-47721,2020_BGBMC-20W-1-0m-1_bin.114.purify_k141_32490_62(Fam_10036 [★Target]) --> 2020_BGBMC-20W-1-0m-1_bin.114.purify_k141_32490_63(Fam_1831 [★Target])
"(1831, 10036)",6,[1831],2020_BGBMC-20W-1-10m-1_bin.126.purify_k141_771487,2020_BGBMC-20W-1-10m-1_bin.126.purify_k141_771487_45503-47721,2020_BGBMC-20W-1-10m-1_bin.126.purify_k141_771487_62(Fam_10036 [★Target]) --> 2020_BGBMC-20W-1-10m-1_bin.126.purify_k141_771487_63(Fam_1831 [★Target])
"(1831, 10036)",6,[1831],2020_BGBMC-20W-1-17m-1_bin.28.purify_k141_81176,2020_BGBMC-20W-1-17m-1_bin.28.purify_k141_81176_45503-47721,2020_BGBMC-20W-1-17m-1_bin.28.purify_k141_81176_62(Fam_10036 [★Target]) --> 2020_BGBMC-20W-1-17m-1_bin.28.purify_k141_81176_63(Fam_1831 [★Target])
"(1831, 10036)",6,[1831],2020_BGBMC-20W-1-5m-1_bin.79.purify_k141_335795,2020_BGBMC-20W-1-5m-1_bin.79.purify_k141_335795_45503-47721,2020_BGBMC-20W-1-5m-1_bin.79.purify_k141_335795_62(Fam_10036 [★Target]) --> 2020_BGBMC-20W-1-5m-1_bin.79.purify_k141_335795_63(Fam_1831 [★Target])
"(1831, 10036)",6,[1831],2020_JC-20W-1-23m-1_bin.249.purify_k141_82133,2020_JC-20W-1-23m-1_bin.249.purify_k141_82133_3827-6050,2020_JC-20W-1-23m-1_bin.249.purify_k141_82133_6(Fam_10036 [★Target]) --> 2020_JC-20W-1-23m-1_bin.249.purify_k141_82133_7(Fam_1831 [★Target])
"(10491, 13852)",6,[10491],2020_YZYC-20W-1-0m-1_bin.100.purify_k141_811414,2020_YZYC-20W-1-0m-1_bin.100.purify_k141_811414_50890-52395,2020_YZYC-20W-1-0m-1_bin.100.purify_k141_811414_45(Fam_13852 [★Target]) --> 2020_YZYC-20W-1-0m-1_bin.100.purify_k141_811414_46(Fam_10491 [★Target])
"(10491, 13852)",6,[10491],2020_YZYC-20W-1-10m-1_bin.140.purify_k141_238032,2020_YZYC-20W-1-10m-1_bin.140.purify_k141_238032_50890-52393,2020_YZYC-20W-1-10m-1_bin.140.purify_k141_238032_44(Fam_13852 [★Target]) --> 2020_YZYC-20W-1-10m-1_bin.140.purify_k141_238032_45(Fam_10491 [★Target])
"(10491, 13852)",6,[10491],2020_YZYC-20W-1-15m-1_bin.42.purify_k141_308637,2020_YZYC-20W-1-15m-1_bin.42.purify_k141_308637_50890-52393,2020_YZYC-20W-1-15m-1_bin.42.purify_k141_308637_45(Fam_13852 [★Target]) --> 2020_YZYC-20W-1-15m-1_bin.42.purify_k141_308637_46(Fam_10491 [★Target])
"(10491, 13852)",6,[10491],2020_YZYC-20W-1-25m-1_bin.4.purify_k141_232216,2020_YZYC-20W-1-25m-1_bin.4.purify_k141_232216_50890-52393,2020_YZYC-20W-1-25m-1_bin.4.purify_k141_232216_45(Fam_13852 [★Target]) --> 2020_YZYC-20W-1-25m-1_bin.4.purify_k141_232216_46(Fam_10491 [★Target])
"(10491, 13852)",6,[10491],2020_YZYC-20W-1-30m-1_bin.10.purify_k141_574261,2020_YZYC-20W-1-30m-1_bin.10.purify_k141_574261_50890-52393,2020_YZYC-20W-1-30m-1_bin.10.purify_k141_574261_45(Fam_13852 [★Target]) --> 2020_YZYC-20W-1-30m-1_bin.10.purify_k141_574261_46(Fam_10491 [★Target])
"(2837, 8180)",6,[2837],2019_TBLSH-01_bin.49.purify_k141_518354,2019_TBLSH-01_bin.49.purify_k141_518354_9310-11435,2019_TBLSH-01_bin.49.purify_k141_518354_11(Fam_2837 [★Target]) --> 2019_TBLSH-01_bin.49.purify_k141_518354_12(Fam_8180 [★Target])
"(2837, 8180)",6,[2837],2019_TBLSH-04_bin.5.purify_k141_211140,2019_TBLSH-04_bin.5.purify_k141_211140_2187-4312,2019_TBLSH-04_bin.5.purify_k141_211140_3(Fam_2837 [★Target]) --> 2019_TBLSH-04_bin.5.purify_k141_211140_4(Fam_8180 [★Target])
"(2837, 8180)",6,[2837],2020_DTH5-W1_bin.35.purify_k141_974614,2020_DTH5-W1_bin.35.purify_k141_974614_14228-16353,2020_DTH5-W1_bin.35.purify_k141_974614_16(Fam_2837 [★Target]) --> 2020_DTH5-W1_bin.35.purify_k141_974614_17(Fam_8180 [★Target])
"(2837, 8180)",6,[2837],2021-DTH-W4_bin.206.purify_k127_723139,2021-DTH-W4_bin.206.purify_k127_723139_5894-8019,2021-DTH-W4_bin.206.purify_k127_723139_7(Fam_8180 [★Target]) --> 2021-DTH-W4_bin.206.purify_k127_723139_8(Fam_2837 [★Target])
"(2837, 8180)",6,[2837],2021-DTH-W5_bin.66.purify_k127_815566,2021-DTH-W5_bin.66.purify_k127_815566_6785-8910,2021-DTH-W5_bin.66.purify_k127_815566_8(Fam_8180 [★Target]) --> 2021-DTH-W5_bin.66.purify_k127_815566_9(Fam_2837 [★Target])
"(5907, 9180)",6,[5907],2020_CN-N-W-2-0m_bin.64.purify_k141_103235,2020_CN-N-W-2-0m_bin.64.purify_k141_103235_9237-13032,2020_CN-N-W-2-0m_bin.64.purify_k141_103235_8(Fam_9180 [★Target]) --> 2020_CN-N-W-2-0m_bin.64.purify_k141_103235_9(Fam_5907 [★Target]) --> 2020_CN-N-W-2-0m_bin.64.purify_k141_103235_10(Fam_1049)
"(5907, 9180)",6,[5907],2020_LU-w10_bin.206.purify_k141_168863,2020_LU-w10_bin.206.purify_k141_168863_509-2212,2020_LU-w10_bin.206.purify_k141_168863_2(Fam_9180 [★Target]) --> 2020_LU-w10_bin.206.purify_k141_168863_3(Fam_5907 [★Target])
"(5907, 9180)",6,[5907],2020_YBJSD-W-1_bin.80.purify_k141_186325,2020_YBJSD-W-1_bin.80.purify_k141_186325_4352-5878,2020_YBJSD-W-1_bin.80.purify_k141_186325_5(Fam_5907 [★Target]) --> 2020_YBJSD-W-1_bin.80.purify_k141_186325_6(Fam_9180 [★Target])
"(5907, 9180)",6,[5907],2020_YBJSD-W-2_bin.43.purify_k141_1746855,2020_YBJSD-W-2_bin.43.purify_k141_1746855_5928-7484,2020_YBJSD-W-2_bin.43.purify_k141_1746855_6(Fam_5907 [★Target]) --> 2020_YBJSD-W-2_bin.43.purify_k141_1746855_7(Fam_9180 [★Target])
"(5907, 9180)",6,[5907],2021-DTHSD-W_bin.18.purify_k141_139405,2021-DTHSD-W_bin.18.purify_k141_139405_3425-5177,2021-DTHSD-W_bin.18.purify_k141_139405_6(Fam_5907 [★Target]) --> 2021-DTHSD-W_bin.18.purify_k141_139405_7(Fam_9180 [★Target])
"(160, 1291, 1936, 8554)",6,[1936],2020_JNYC-20W-1-0m-1_bin.177.purify_k141_1203956,2020_JNYC-20W-1-0m-1_bin.177.purify_k141_1203956_4804-12125,2020_JNYC-20W-1-0m-1_bin.177.purify_k141_1203956_5(Fam_1291 [★Target]) --> 2020_JNYC-20W-1-0m-1_bin.177.purify_k141_1203956_6(Fam_8554 [★Target]) --> 2020_JNYC-20W-1-0m-1_bin.177.purify_k141_1203956_7(Fam_1936 [★Target]) --> 2020_JNYC-20W-1-0m-1_bin.177.purify_k141_1203956_8(Fam_160 [★Target])
"(160, 1291, 1936, 8554)",6,[1936],2020_JNYC-20W-1-100m-1_bin.38.purify_k141_862744,2020_JNYC-20W-1-100m-1_bin.38.purify_k141_862744_8719-16040,2020_JNYC-20W-1-100m-1_bin.38.purify_k141_862744_8(Fam_160 [★Target]) --> 2020_JNYC-20W-1-100m-1_bin.38.purify_k141_862744_9(Fam_1936 [★Target]) --> 2020_JNYC-20W-1-100m-1_bin.38.purify_k141_862744_10(Fam_8554 [★Target]) --> 2020_JNYC-20W-1-100m-1_bin.38.purify_k141_862744_11(Fam_1291 [★Target])
"(160, 1291, 1936, 8554)",6,[1936],2020_JNYC-20W-1-40m-1_bin.75.purify_k141_977381,2020_JNYC-20W-1-40m-1_bin.75.purify_k141_977381_10759-18080,2020_JNYC-20W-1-40m-1_bin.75.purify_k141_977381_9(Fam_160 [★Target]) --> 2020_JNYC-20W-1-40m-1_bin.75.purify_k141_977381_10(Fam_1936 [★Target]) --> 2020_JNYC-20W-1-40m-1_bin.75.purify_k141_977381_11(Fam_8554 [★Target]) --> 2020_JNYC-20W-1-40m-1_bin.75.purify_k141_977381_12(Fam_1291 [★Target])
"(160, 1291, 1936, 8554)",6,[1936],2020_JNYC-20W-1-60m-1_bin.64.purify_k141_46456,2020_JNYC-20W-1-60m-1_bin.64.purify_k141_46456_11381-18702,2020_JNYC-20W-1-60m-1_bin.64.purify_k141_46456_9(Fam_160 [★Target]) --> 2020_JNYC-20W-1-60m-1_bin.64.purify_k141_46456_10(Fam_1936 [★Target]) --> 2020_JNYC-20W-1-60m-1_bin.64.purify_k141_46456_11(Fam_8554 [★Target]) --> 2020_JNYC-20W-1-60m-1_bin.64.purify_k141_46456_12(Fam_1291 [★Target])
"(160, 1291, 1936, 8554)",6,[1936],2020_JNYC-20W-1-80m-1_bin.143.purify_k141_1338248,2020_JNYC-20W-1-80m-1_bin.143.purify_k141_1338248_4776-12097,2020_JNYC-20W-1-80m-1_bin.143.purify_k141_1338248_5(Fam_1291 [★Target]) --> 2020_JNYC-20W-1-80m-1_bin.143.purify_k141_1338248_6(Fam_8554 [★Target]) --> 2020_JNYC-20W-1-80m-1_bin.143.purify_k141_1338248_7(Fam_1936 [★Target]) --> 2020_JNYC-20W-1-80m-1_bin.143.purify_k141_1338248_8(Fam_160 [★Target])
"(12946, 13534)",6,[12946],2020_NMC-W-4-1_bin.75.purify_k141_903886,2020_NMC-W-4-1_bin.75.purify_k141_903886_1480-2069,2020_NMC-W-4-1_bin.75.purify_k141_903886_3(Fam_13534 [★Target]) --> 2020_NMC-W-4-1_bin.75.purify_k141_903886_4(Fam_12946 [★Target])
"(12946, 13534)",6,[12946],2020_NMC-W-8-20m-1_bin.133.purify_k141_243929,2020_NMC-W-8-20m-1_bin.133.purify_k141_243929_10324-10913,2020_NMC-W-8-20m-1_bin.133.purify_k141_243929_8(Fam_12946 [★Target]) --> 2020_NMC-W-8-20m-1_bin.133.purify_k141_243929_9(Fam_13534 [★Target])
"(12946, 13534)",6,[12946],2020_YZYC-20W-1-15m-1_bin.100.purify_k141_2011,2020_YZYC-20W-1-15m-1_bin.100.purify_k141_2011_478-1067,2020_YZYC-20W-1-15m-1_bin.100.purify_k141_2011_2(Fam_13534 [★Target]) --> 2020_YZYC-20W-1-15m-1_bin.100.purify_k141_2011_3(Fam_12946 [★Target])
"(12946, 13534)",6,[12946],2020_YZYC-20W-1-20m-1_bin.126.purify_k141_26775,2020_YZYC-20W-1-20m-1_bin.126.purify_k141_26775_476-1065,2020_YZYC-20W-1-20m-1_bin.126.purify_k141_26775_2(Fam_13534 [★Target]) --> 2020_YZYC-20W-1-20m-1_bin.126.purify_k141_26775_3(Fam_12946 [★Target])
"(12946, 13534)",6,[12946],2020_YZYC-20W-1-25m-1_bin.88.purify_k141_418215,2020_YZYC-20W-1-25m-1_bin.88.purify_k141_418215_478-1067,2020_YZYC-20W-1-25m-1_bin.88.purify_k141_418215_2(Fam_13534 [★Target]) --> 2020_YZYC-20W-1-25m-1_bin.88.purify_k141_418215_3(Fam_12946 [★Target])
"(4463, 4802)",5,"[4463, 4802]",2021-BC-W02_bin.37.purify_k127_559606,2021-BC-W02_bin.37.purify_k127_559606_529831-532635,2021-BC-W02_bin.37.purify_k127_559606_503(Fam_4802 [★Target]) --> 2021-BC-W02_bin.37.purify_k127_559606_504(Fam_4463 [★Target])
"(4463, 4802)",5,"[4463, 4802]",2021-BQZBHK-W5_bin.111.purify_k127_759444,2021-BQZBHK-W5_bin.111.purify_k127_759444_159870-162674,2021-BQZBHK-W5_bin.111.purify_k127_759444_130(Fam_4463 [★Target]) --> 2021-BQZBHK-W5_bin.111.purify_k127_759444_131(Fam_4802 [★Target])
"(4463, 4802)",5,"[4463, 4802]",2021-HH-W1_bin.88.purify_k141_1022759,2021-HH-W1_bin.88.purify_k141_1022759_21829-24633,2021-HH-W1_bin.88.purify_k141_1022759_27(Fam_4463 [★Target]) --> 2021-HH-W1_bin.88.purify_k141_1022759_28(Fam_4802 [★Target])
"(4463, 4802)",5,"[4463, 4802]",2021-LU-W1_bin.65.purify_k127_6414996,2021-LU-W1_bin.65.purify_k127_6414996_37480-40284,2021-LU-W1_bin.65.purify_k127_6414996_28(Fam_4802 [★Target]) --> 2021-LU-W1_bin.65.purify_k127_6414996_29(Fam_4463 [★Target])
"(4463, 4802)",5,"[4463, 4802]",2021-LU-W2_bin.24.purify_k127_316928,2021-LU-W2_bin.24.purify_k127_316928_11231-14035,2021-LU-W2_bin.24.purify_k127_316928_13(Fam_4463 [★Target]) --> 2021-LU-W2_bin.24.purify_k127_316928_14(Fam_4802 [★Target])
"(13298, 13411)",5,[13411],2020_CE-20W-1-0m-1_bin.195.purify_k141_547995,2020_CE-20W-1-0m-1_bin.195.purify_k141_547995_463-1031,2020_CE-20W-1-0m-1_bin.195.purify_k141_547995_3(Fam_13298 [★Target]) --> 2020_CE-20W-1-0m-1_bin.195.purify_k141_547995_4(Fam_13411 [★Target])
"(13298, 13411)",5,[13411],2020_CE-B-W-1_bin.137.purify_k141_1128144,2020_CE-B-W-1_bin.137.purify_k141_1128144_463-1031,2020_CE-B-W-1_bin.137.purify_k141_1128144_3(Fam_13298 [★Target]) --> 2020_CE-B-W-1_bin.137.purify_k141_1128144_4(Fam_13411 [★Target])
"(13298, 13411)",5,[13411],2020_CE-D-W-2_bin.82.purify_k141_930371,2020_CE-D-W-2_bin.82.purify_k141_930371_463-1031,2020_CE-D-W-2_bin.82.purify_k141_930371_3(Fam_13298 [★Target]) --> 2020_CE-D-W-2_bin.82.purify_k141_930371_4(Fam_13411 [★Target])
"(13298, 13411)",5,[13411],2021-CE-W1_bin.37.purify_k127_356295,2021-CE-W1_bin.37.purify_k127_356295_2022-2590,2021-CE-W1_bin.37.purify_k127_356295_4(Fam_13411 [★Target]) --> 2021-CE-W1_bin.37.purify_k127_356295_5(Fam_13298 [★Target])
"(13298, 13411)",5,[13411],CE-B-W-2_bin.141.purify_k141_400842,CE-B-W-2_bin.141.purify_k141_400842_1137-1705,CE-B-W-2_bin.141.purify_k141_400842_3(Fam_13411 [★Target]) --> CE-B-W-2_bin.141.purify_k141_400842_4(Fam_13298 [★Target])
"(9058, 11962)",5,"[9058, 11962]",2020_CC-20W-1-5m-1_bin.46.purify_k141_826628,2020_CC-20W-1-5m-1_bin.46.purify_k141_826628_12685-13858,2020_CC-20W-1-5m-1_bin.46.purify_k141_826628_14(Fam_11962 [★Target]) --> 2020_CC-20W-1-5m-1_bin.46.purify_k141_826628_15(Fam_9058 [★Target])
"(9058, 11962)",5,"[9058, 11962]",2020_CRC-20W-2-1_bin.140.purify_k141_860289,2020_CRC-20W-2-1_bin.140.purify_k141_860289_12659-13836,2020_CRC-20W-2-1_bin.140.purify_k141_860289_12(Fam_9058 [★Target]) --> 2020_CRC-20W-2-1_bin.140.purify_k141_860289_13(Fam_11962 [★Target])
"(9058, 11962)",5,"[9058, 11962]",2020_KMC-20W-1-10m-1_bin.72.purify_k141_290101,2020_KMC-20W-1-10m-1_bin.72.purify_k141_290101_47383-48556,2020_KMC-20W-1-10m-1_bin.72.purify_k141_290101_52(Fam_11962 [★Target]) --> 2020_KMC-20W-1-10m-1_bin.72.purify_k141_290101_53(Fam_9058 [★Target])
"(9058, 11962)",5,"[9058, 11962]",2020_KMC-20W-1-20m-1_bin.124.purify_k141_369570,2020_KMC-20W-1-20m-1_bin.124.purify_k141_369570_13622-14795,2020_KMC-20W-1-20m-1_bin.124.purify_k141_369570_15(Fam_11962 [★Target]) --> 2020_KMC-20W-1-20m-1_bin.124.purify_k141_369570_16(Fam_9058 [★Target])
"(9058, 11962)",5,"[9058, 11962]",2020_NMC-W-8-15m-1_bin.29.purify_k141_101519,2020_NMC-W-8-15m-1_bin.29.purify_k141_101519_1-863,2020_NMC-W-8-15m-1_bin.29.purify_k141_101519_1(Fam_9058 [★Target]) --> 2020_NMC-W-8-15m-1_bin.29.purify_k141_101519_2(Fam_11962 [★Target])
"(3362, 13585)",5,"[3362, 13585]",2020_BHH-W1_bin.73.purify_k141_2729519,2020_BHH-W1_bin.73.purify_k141_2729519_127-1740,2020_BHH-W1_bin.73.purify_k141_2729519_1(Fam_13585 [★Target]) --> 2020_BHH-W1_bin.73.purify_k141_2729519_2(Fam_3362 [★Target])
"(3362, 13585)",5,"[3362, 13585]",2020_CJH-W1_bin.118.purify_k141_431234,2020_CJH-W1_bin.118.purify_k141_431234_7551-9164,2020_CJH-W1_bin.118.purify_k141_431234_8(Fam_3362 [★Target]) --> 2020_CJH-W1_bin.118.purify_k141_431234_9(Fam_13585 [★Target])
"(3362, 13585)",5,"[3362, 13585]",2020_HMH-W1_bin.38.purify_k141_1236720,2020_HMH-W1_bin.38.purify_k141_1236720_7490-9103,2020_HMH-W1_bin.38.purify_k141_1236720_8(Fam_3362 [★Target]) --> 2020_HMH-W1_bin.38.purify_k141_1236720_9(Fam_13585 [★Target])
"(3362, 13585)",5,"[3362, 13585]",2020_QJH-W1_bin.13.purify_k141_440331,2020_QJH-W1_bin.13.purify_k141_440331_8733-10346,2020_QJH-W1_bin.13.purify_k141_440331_9(Fam_3362 [★Target]) --> 2020_QJH-W1_bin.13.purify_k141_440331_10(Fam_13585 [★Target])
"(3362, 13585)",5,"[3362, 13585]",2020_SLH-W1_bin.36.purify_k141_279177,2020_SLH-W1_bin.36.purify_k141_279177_9040-10653,2020_SLH-W1_bin.36.purify_k141_279177_9(Fam_3362 [★Target]) --> 2020_SLH-W1_bin.36.purify_k141_279177_10(Fam_13585 [★Target])
"(2552, 8597)",5,[2552],2020_BGBMC-20W-3-1_bin.14.purify_k141_240227,2020_BGBMC-20W-3-1_bin.14.purify_k141_240227_337-2449,2020_BGBMC-20W-3-1_bin.14.purify_k141_240227_1(Fam_8597 [★Target]) --> 2020_BGBMC-20W-3-1_bin.14.purify_k141_240227_2(Fam_2552 [★Target])
"(2552, 8597)",5,[2552],2020_GHH17-W1_bin.23.purify_k141_350116,2020_GHH17-W1_bin.23.purify_k141_350116_192-2304,2020_GHH17-W1_bin.23.purify_k141_350116_1(Fam_8597 [★Target]) --> 2020_GHH17-W1_bin.23.purify_k141_350116_2(Fam_2552 [★Target])
"(2552, 8597)",5,[2552],2020_JSW-W1_bin.130.purify_k141_145355,2020_JSW-W1_bin.130.purify_k141_145355_583-2695,2020_JSW-W1_bin.130.purify_k141_145355_1(Fam_8597 [★Target]) --> 2020_JSW-W1_bin.130.purify_k141_145355_2(Fam_2552 [★Target])
"(2552, 8597)",5,[2552],2020_LU-w2_bin.66.purify_k141_1326217,2020_LU-w2_bin.66.purify_k141_1326217_2470-4558,2020_LU-w2_bin.66.purify_k141_1326217_3(Fam_8597 [★Target]) --> 2020_LU-w2_bin.66.purify_k141_1326217_4(Fam_2552 [★Target])
"(2552, 8597)",5,[2552],2020_NRPC-20W-4-1_bin.272.purify_k141_2554890,2020_NRPC-20W-4-1_bin.272.purify_k141_2554890_300-2412,2020_NRPC-20W-4-1_bin.272.purify_k141_2554890_2(Fam_2552 [★Target]) --> 2020_NRPC-20W-4-1_bin.272.purify_k141_2554890_3(Fam_8597 [★Target])
"(5053, 7169)",5,[7169],2020_ZJZBSD-04-2_bin.70.purify_k141_824884,2020_ZJZBSD-04-2_bin.70.purify_k141_824884_14836-16751,2020_ZJZBSD-04-2_bin.70.purify_k141_824884_11(Fam_5053 [★Target]) --> 2020_ZJZBSD-04-2_bin.70.purify_k141_824884_12(Fam_7169 [★Target])
"(5053, 7169)",5,[7169],2021-HDW-W1_bin.4.purify_k141_3034680,2021-HDW-W1_bin.4.purify_k141_3034680_27515-29346,2021-HDW-W1_bin.4.purify_k141_3034680_25(Fam_7169 [★Target]) --> 2021-HDW-W1_bin.4.purify_k141_3034680_26(Fam_5053 [★Target])
"(5053, 7169)",5,[7169],2021-QHH-W3_bin.30.purify_k141_556836,2021-QHH-W3_bin.30.purify_k141_556836_27533-29364,2021-QHH-W3_bin.30.purify_k141_556836_25(Fam_7169 [★Target]) --> 2021-QHH-W3_bin.30.purify_k141_556836_26(Fam_5053 [★Target])
"(5053, 7169)",5,[7169],2021-QHH-W5_bin.81.purify_k141_636019,2021-QHH-W5_bin.81.purify_k141_636019_20428-22259,2021-QHH-W5_bin.81.purify_k141_636019_20(Fam_7169 [★Target]) --> 2021-QHH-W5_bin.81.purify_k141_636019_21(Fam_5053 [★Target])
"(5053, 7169)",5,[7169],2021-QHH-W8_bin.75.purify_k141_609865,2021-QHH-W8_bin.75.purify_k141_609865_20437-22268,2021-QHH-W8_bin.75.purify_k141_609865_21(Fam_7169 [★Target]) --> 2021-QHH-W8_bin.75.purify_k141_609865_22(Fam_5053 [★Target])
"(7471, 9571)",5,[7471],2020_BMC-W-1-0m-1_bin.166.purify_k141_236482,2020_BMC-W-1-0m-1_bin.166.purify_k141_236482_21905-23343,2020_BMC-W-1-0m-1_bin.166.purify_k141_236482_23(Fam_7471 [★Target]) --> 2020_BMC-W-1-0m-1_bin.166.purify_k141_236482_24(Fam_9571 [★Target])
"(7471, 9571)",5,[7471],2020_CE-20W-1-0m-1_bin.44.purify_k141_143923,2020_CE-20W-1-0m-1_bin.44.purify_k141_143923_26472-27910,2020_CE-20W-1-0m-1_bin.44.purify_k141_143923_29(Fam_7471 [★Target]) --> 2020_CE-20W-1-0m-1_bin.44.purify_k141_143923_30(Fam_9571 [★Target])
"(7471, 9571)",5,[7471],2020_CE-D-W-1_bin.171.purify_k141_758432,2020_CE-D-W-1_bin.171.purify_k141_758432_2932-4370,2020_CE-D-W-1_bin.171.purify_k141_758432_3(Fam_7471 [★Target]) --> 2020_CE-D-W-1_bin.171.purify_k141_758432_4(Fam_9571 [★Target])
"(7471, 9571)",5,[7471],2021-CE-W2_bin.131.purify_k127_381213,2021-CE-W2_bin.131.purify_k127_381213_2059-3497,2021-CE-W2_bin.131.purify_k127_381213_4(Fam_9571 [★Target]) --> 2021-CE-W2_bin.131.purify_k127_381213_5(Fam_7471 [★Target])
"(7471, 9571)",5,[7471],2021-CE-W4_bin.13.purify_k127_899328,2021-CE-W4_bin.13.purify_k127_899328_2696-4134,2021-CE-W4_bin.13.purify_k127_899328_3(Fam_7471 [★Target]) --> 2021-CE-W4_bin.13.purify_k127_899328_4(Fam_9571 [★Target])
"(6710, 9878)",5,[9878],2020_BGBMC-20W-1-0m-1_bin.97.purify_k141_34732,2020_BGBMC-20W-1-0m-1_bin.97.purify_k141_34732_966-1981,2020_BGBMC-20W-1-0m-1_bin.97.purify_k141_34732_2(Fam_9878 [★Target]) --> 2020_BGBMC-20W-1-0m-1_bin.97.purify_k141_34732_3(Fam_6710 [★Target])
"(6710, 9878)",5,[9878],2020_JNYC-20W-1-100m-1_bin.166.purify_k141_450462,2020_JNYC-20W-1-100m-1_bin.166.purify_k141_450462_182-1383,2020_JNYC-20W-1-100m-1_bin.166.purify_k141_450462_1(Fam_6710 [★Target]) --> 2020_JNYC-20W-1-100m-1_bin.166.purify_k141_450462_2(Fam_9878 [★Target])
"(6710, 9878)",5,[9878],2020_NRPC-20W-1-0m-1_bin.70.purify_k141_144131,2020_NRPC-20W-1-0m-1_bin.70.purify_k141_144131_10737-12229,2020_NRPC-20W-1-0m-1_bin.70.purify_k141_144131_14(Fam_6710 [★Target]) --> 2020_NRPC-20W-1-0m-1_bin.70.purify_k141_144131_15(Fam_9878 [★Target])
"(6710, 9878)",5,[9878],2020_NRPC-20W-3-1_bin.51.purify_k141_241979,2020_NRPC-20W-3-1_bin.51.purify_k141_241979_75-1552,2020_NRPC-20W-3-1_bin.51.purify_k141_241979_1(Fam_9878 [★Target]) --> 2020_NRPC-20W-3-1_bin.51.purify_k141_241979_2(Fam_6710 [★Target])
"(6710, 9878)",5,[9878],2021-BQZBHK-W5_bin.75.purify_k127_384043,2021-BQZBHK-W5_bin.75.purify_k127_384043_791-1929,2021-BQZBHK-W5_bin.75.purify_k127_384043_2(Fam_9878 [★Target]) --> 2021-BQZBHK-W5_bin.75.purify_k127_384043_3(Fam_6710 [★Target])
"(11730, 12652)",5,[12652],2020_GMZ15-W1_bin.102.purify_k141_692430,2020_GMZ15-W1_bin.102.purify_k141_692430_160-979,2020_GMZ15-W1_bin.102.purify_k141_692430_2(Fam_12652 [★Target]) --> 2020_GMZ15-W1_bin.102.purify_k141_692430_3(Fam_11730 [★Target])
"(11730, 12652)",5,[12652],2021-HDW-W2_bin.12.purify_k141_83299,2021-HDW-W2_bin.12.purify_k141_83299_3849-4668,2021-HDW-W2_bin.12.purify_k141_83299_8(Fam_12652 [★Target]) --> 2021-HDW-W2_bin.12.purify_k141_83299_9(Fam_11730 [★Target])
"(11730, 12652)",5,[12652],2021-QHH-W17_bin.51.purify_k141_42811,2021-QHH-W17_bin.51.purify_k141_42811_34-853,2021-QHH-W17_bin.51.purify_k141_42811_1(Fam_11730 [★Target]) --> 2021-QHH-W17_bin.51.purify_k141_42811_2(Fam_12652 [★Target])
"(11730, 12652)",5,[12652],2021-QHH-W1_bin.55.purify_k141_326976,2021-QHH-W1_bin.55.purify_k141_326976_3302-4124,2021-QHH-W1_bin.55.purify_k141_326976_7(Fam_12652 [★Target]) --> 2021-QHH-W1_bin.55.purify_k141_326976_8(Fam_11730 [★Target])
"(11730, 12652)",5,[12652],2021-YMQ1-W1_bin.102.purify_k141_387794,2021-YMQ1-W1_bin.102.purify_k141_387794_1837-2656,2021-YMQ1-W1_bin.102.purify_k141_387794_3(Fam_12652 [★Target]) --> 2021-YMQ1-W1_bin.102.purify_k141_387794_4(Fam_11730 [★Target])
"(1561, 1797)",5,[1561],2020_CE-20W-1-2.5m-1_bin.71.purify_k141_390569,2020_CE-20W-1-2.5m-1_bin.71.purify_k141_390569_5776-9433,2020_CE-20W-1-2.5m-1_bin.71.purify_k141_390569_11(Fam_1561 [★Target]) --> 2020_CE-20W-1-2.5m-1_bin.71.purify_k141_390569_13(Fam_1797 [★Target])
"(1561, 1797)",5,[1561],2020_CE-20W-3-1_bin.37.purify_k141_1689023,2020_CE-20W-3-1_bin.37.purify_k141_1689023_5751-9408,2020_CE-20W-3-1_bin.37.purify_k141_1689023_12(Fam_1561 [★Target]) --> 2020_CE-20W-3-1_bin.37.purify_k141_1689023_13(Fam_1797 [★Target])
"(1561, 1797)",5,[1561],2020_CE-D-W-2_bin.33.purify_k141_888998,2020_CE-D-W-2_bin.33.purify_k141_888998_5754-9411,2020_CE-D-W-2_bin.33.purify_k141_888998_12(Fam_1561 [★Target]) --> 2020_CE-D-W-2_bin.33.purify_k141_888998_13(Fam_1797 [★Target])
"(1561, 1797)",5,[1561],2020_CE-N-W-1_bin.91.purify_k141_921763,2020_CE-N-W-1_bin.91.purify_k141_921763_5249-8906,2020_CE-N-W-1_bin.91.purify_k141_921763_6(Fam_1797 [★Target]) --> 2020_CE-N-W-1_bin.91.purify_k141_921763_7(Fam_1561 [★Target])
"(1561, 1797)",5,[1561],CE-B-W-2_bin.110.purify_k141_141654,CE-B-W-2_bin.110.purify_k141_141654_3824-7481,CE-B-W-2_bin.110.purify_k141_141654_8(Fam_1561 [★Target]) --> CE-B-W-2_bin.110.purify_k141_141654_9(Fam_1797 [★Target])
"(3073, 11316)",5,[3073],2020_SLC-w-6_bin.79.purify_k141_1475947,2020_SLC-w-6_bin.79.purify_k141_1475947_39626-41481,2020_SLC-w-6_bin.79.purify_k141_1475947_39(Fam_3073 [★Target]) --> 2020_SLC-w-6_bin.79.purify_k141_1475947_40(Fam_11316 [★Target])
"(3073, 11316)",5,[3073],2020_SLC-w-7_bin.152.purify_k141_1338218,2020_SLC-w-7_bin.152.purify_k141_1338218_26166-28021,2020_SLC-w-7_bin.152.purify_k141_1338218_28(Fam_3073 [★Target]) --> 2020_SLC-w-7_bin.152.purify_k141_1338218_29(Fam_11316 [★Target])
"(3073, 11316)",5,[3073],2021-BQZBHK-W4_bin.125.purify_k127_1909844,2021-BQZBHK-W4_bin.125.purify_k127_1909844_21314-23169,2021-BQZBHK-W4_bin.125.purify_k127_1909844_22(Fam_3073 [★Target]) --> 2021-BQZBHK-W4_bin.125.purify_k127_1909844_23(Fam_11316 [★Target])
"(3073, 11316)",5,[3073],2021-BQZBHK-W6_bin.143.purify_k127_26578,2021-BQZBHK-W6_bin.143.purify_k127_26578_21314-23169,2021-BQZBHK-W6_bin.143.purify_k127_26578_22(Fam_3073 [★Target]) --> 2021-BQZBHK-W6_bin.143.purify_k127_26578_23(Fam_11316 [★Target])
"(3073, 11316)",5,[3073],2021-BQZBHK-W7_bin.59.purify_k127_897386,2021-BQZBHK-W7_bin.59.purify_k127_897386_21314-23169,2021-BQZBHK-W7_bin.59.purify_k127_897386_22(Fam_3073 [★Target]) --> 2021-BQZBHK-W7_bin.59.purify_k127_897386_23(Fam_11316 [★Target])
"(1273, 1733)",5,[1273],2020_GMZ4-W1_bin.170.purify_k141_404801,2020_GMZ4-W1_bin.170.purify_k141_404801_28927-32789,2020_GMZ4-W1_bin.170.purify_k141_404801_30(Fam_1733 [★Target]) --> 2020_GMZ4-W1_bin.170.purify_k141_404801_31(Fam_1273 [★Target])
"(1273, 1733)",5,[1273],2020_QHH11-W1_bin.58.purify_k141_1254741,2020_QHH11-W1_bin.58.purify_k141_1254741_12877-16739,2020_QHH11-W1_bin.58.purify_k141_1254741_13(Fam_1733 [★Target]) --> 2020_QHH11-W1_bin.58.purify_k141_1254741_14(Fam_1273 [★Target])
"(1273, 1733)",5,[1273],2021-HHXL-3M-W1_bin.100.purify_k141_1279613,2021-HHXL-3M-W1_bin.100.purify_k141_1279613_11675-15537,2021-HHXL-3M-W1_bin.100.purify_k141_1279613_12(Fam_1733 [★Target]) --> 2021-HHXL-3M-W1_bin.100.purify_k141_1279613_13(Fam_1273 [★Target])
"(1273, 1733)",5,[1273],2021-QHH-W13_bin.69.purify_k141_570341,2021-QHH-W13_bin.69.purify_k141_570341_11675-15537,2021-QHH-W13_bin.69.purify_k141_570341_12(Fam_1733 [★Target]) --> 2021-QHH-W13_bin.69.purify_k141_570341_13(Fam_1273 [★Target])
"(1273, 1733)",5,[1273],2021-QHH-W17_bin.41.purify_k141_800610,2021-QHH-W17_bin.41.purify_k141_800610_11675-15537,2021-QHH-W17_bin.41.purify_k141_800610_12(Fam_1733 [★Target]) --> 2021-QHH-W17_bin.41.purify_k141_800610_13(Fam_1273 [★Target])
"(5066, 12911)",5,[5066],2020_BGBMC-20W-1-0m-1_bin.55.purify_k141_41289,2020_BGBMC-20W-1-0m-1_bin.55.purify_k141_41289_4047-5523,2020_BGBMC-20W-1-0m-1_bin.55.purify_k141_41289_6(Fam_5066 [★Target]) --> 2020_BGBMC-20W-1-0m-1_bin.55.purify_k141_41289_7(Fam_12911 [★Target])
"(5066, 12911)",5,[5066],2020_QHH7-W1_bin.6.purify_k141_358338,2020_QHH7-W1_bin.6.purify_k141_358338_5180-6656,2020_QHH7-W1_bin.6.purify_k141_358338_8(Fam_5066 [★Target]) --> 2020_QHH7-W1_bin.6.purify_k141_358338_9(Fam_12911 [★Target])
"(5066, 12911)",5,[5066],2021-QHH-W2_bin.52.purify_k141_8295,2021-QHH-W2_bin.52.purify_k141_8295_5275-6751,2021-QHH-W2_bin.52.purify_k141_8295_8(Fam_5066 [★Target]) --> 2021-QHH-W2_bin.52.purify_k141_8295_9(Fam_12911 [★Target])
"(5066, 12911)",5,[5066],2021-QHH-W4_bin.7.purify_k141_1242,2021-QHH-W4_bin.7.purify_k141_1242_5182-6658,2021-QHH-W4_bin.7.purify_k141_1242_8(Fam_5066 [★Target]) --> 2021-QHH-W4_bin.7.purify_k141_1242_9(Fam_12911 [★Target])
"(5066, 12911)",5,[5066],2021-SD-W71_bin.65.purify_k127_3179156,2021-SD-W71_bin.65.purify_k127_3179156_5721-7148,2021-SD-W71_bin.65.purify_k127_3179156_9(Fam_5066 [★Target]) --> 2021-SD-W71_bin.65.purify_k127_3179156_10(Fam_12911 [★Target])
"(13730, 14001)",5,[14001],2020_GMZ13-W1_bin.35.purify_k141_898046,2020_GMZ13-W1_bin.35.purify_k141_898046_869-1717,2020_GMZ13-W1_bin.35.purify_k141_898046_3(Fam_13730 [★Target]) --> 2020_GMZ13-W1_bin.35.purify_k141_898046_4(Fam_14001 [★Target])
"(13730, 14001)",5,[14001],2021-HDW-W2_bin.176.purify_k141_976803,2021-HDW-W2_bin.176.purify_k141_976803_10535-11383,2021-HDW-W2_bin.176.purify_k141_976803_13(Fam_14001 [★Target]) --> 2021-HDW-W2_bin.176.purify_k141_976803_14(Fam_13730 [★Target])
"(13730, 14001)",5,[14001],2021-ND-W2_bin.49.purify_k141_866436,2021-ND-W2_bin.49.purify_k141_866436_10535-11351,2021-ND-W2_bin.49.purify_k141_866436_11(Fam_14001 [★Target]) --> 2021-ND-W2_bin.49.purify_k141_866436_12(Fam_13730 [★Target])
"(13730, 14001)",5,[14001],2021-QHH-W17_bin.25.purify_k141_120835,2021-QHH-W17_bin.25.purify_k141_120835_2-844,2021-QHH-W17_bin.25.purify_k141_120835_1(Fam_13730 [★Target]) --> 2021-QHH-W17_bin.25.purify_k141_120835_2(Fam_14001 [★Target])
"(13730, 14001)",5,[14001],2021-YMQ0.5-W1_bin.2.purify_k141_756677,2021-YMQ0.5-W1_bin.2.purify_k141_756677_14256-15104,2021-YMQ0.5-W1_bin.2.purify_k141_756677_14(Fam_14001 [★Target]) --> 2021-YMQ0.5-W1_bin.2.purify_k141_756677_15(Fam_13730 [★Target])
"(9318, 13825)",5,[9318],2020_GMZ13-W1_bin.66.purify_k141_1203755,2020_GMZ13-W1_bin.66.purify_k141_1203755_1-815,2020_GMZ13-W1_bin.66.purify_k141_1203755_1(Fam_9318 [★Target]) --> 2020_GMZ13-W1_bin.66.purify_k141_1203755_2(Fam_13825 [★Target])
"(9318, 13825)",5,[9318],2020_QHH15-W1_bin.82.purify_k141_1389205,2020_QHH15-W1_bin.82.purify_k141_1389205_3449-4509,2020_QHH15-W1_bin.82.purify_k141_1389205_6(Fam_13825 [★Target]) --> 2020_QHH15-W1_bin.82.purify_k141_1389205_7(Fam_9318 [★Target])
"(9318, 13825)",5,[9318],2021-HDW-W1_bin.19.purify_k141_162081,2021-HDW-W1_bin.19.purify_k141_162081_5642-6702,2021-HDW-W1_bin.19.purify_k141_162081_10(Fam_13825 [★Target]) --> 2021-HDW-W1_bin.19.purify_k141_162081_11(Fam_9318 [★Target])
"(9318, 13825)",5,[9318],2021-YMQ2-W1_bin.104.purify_k141_706114,2021-YMQ2-W1_bin.104.purify_k141_706114_5132-6192,2021-YMQ2-W1_bin.104.purify_k141_706114_9(Fam_13825 [★Target]) --> 2021-YMQ2-W1_bin.104.purify_k141_706114_10(Fam_9318 [★Target])
"(9318, 13825)",5,[9318],2021-YMQ3-W1_bin.117.purify_k141_496739,2021-YMQ3-W1_bin.117.purify_k141_496739_3985-5045,2021-YMQ3-W1_bin.117.purify_k141_496739_7(Fam_13825 [★Target]) --> 2021-YMQ3-W1_bin.117.purify_k141_496739_8(Fam_9318 [★Target])
"(2156, 3055, 5665)",5,[5665],2021-BQZBHK-W3_bin.76.purify_k127_1120214,2021-BQZBHK-W3_bin.76.purify_k127_1120214_650-4626,2021-BQZBHK-W3_bin.76.purify_k127_1120214_3(Fam_3055 [★Target]) --> 2021-BQZBHK-W3_bin.76.purify_k127_1120214_4(Fam_5665 [★Target]) --> 2021-BQZBHK-W3_bin.76.purify_k127_1120214_5(Fam_2156 [★Target])
"(2156, 3055, 5665)",5,[5665],2021-QHH-W15_bin.89.purify_k141_418516,2021-QHH-W15_bin.89.purify_k141_418516_1626-5602,2021-QHH-W15_bin.89.purify_k141_418516_3(Fam_2156 [★Target]) --> 2021-QHH-W15_bin.89.purify_k141_418516_4(Fam_5665 [★Target]) --> 2021-QHH-W15_bin.89.purify_k141_418516_5(Fam_3055 [★Target])
"(2156, 3055, 5665)",5,[5665],2021-SLCB-W1_bin.14.purify_k127_132662,2021-SLCB-W1_bin.14.purify_k127_132662_2252-6228,2021-SLCB-W1_bin.14.purify_k127_132662_3(Fam_2156 [★Target]) --> 2021-SLCB-W1_bin.14.purify_k127_132662_4(Fam_5665 [★Target]) --> 2021-SLCB-W1_bin.14.purify_k127_132662_5(Fam_3055 [★Target])
"(2156, 3055, 5665)",5,[5665],2021-SLCB-W4_bin.110.purify_k127_958071,2021-SLCB-W4_bin.110.purify_k127_958071_648-4624,2021-SLCB-W4_bin.110.purify_k127_958071_3(Fam_3055 [★Target]) --> 2021-SLCB-W4_bin.110.purify_k127_958071_4(Fam_5665 [★Target]) --> 2021-SLCB-W4_bin.110.purify_k127_958071_5(Fam_2156 [★Target])
"(2156, 3055, 5665)",5,[5665],2021-SLCB-W5_bin.218.purify_k127_1047115,2021-SLCB-W5_bin.218.purify_k127_1047115_816-4792,2021-SLCB-W5_bin.218.purify_k127_1047115_2(Fam_3055 [★Target]) --> 2021-SLCB-W5_bin.218.purify_k127_1047115_3(Fam_5665 [★Target]) --> 2021-SLCB-W5_bin.218.purify_k127_1047115_4(Fam_2156 [★Target])
"(3376, 14191)",5,[14191],2020_CE-20W-1-5m-1_bin.175.purify_k141_858891,2020_CE-20W-1-5m-1_bin.175.purify_k141_858891_14512-16143,2020_CE-20W-1-5m-1_bin.175.purify_k141_858891_16(Fam_3376 [★Target]) --> 2020_CE-20W-1-5m-1_bin.175.purify_k141_858891_17(Fam_14191 [★Target])
"(3376, 14191)",5,[14191],2020_PC-20W-1-0m-1_bin.48.purify_k141_20323,2020_PC-20W-1-0m-1_bin.48.purify_k141_20323_11311-12942,2020_PC-20W-1-0m-1_bin.48.purify_k141_20323_13(Fam_3376 [★Target]) --> 2020_PC-20W-1-0m-1_bin.48.purify_k141_20323_14(Fam_14191 [★Target])
"(3376, 14191)",5,[14191],2020_PC-20W-1-10m-1_bin.55.purify_k141_1037736,2020_PC-20W-1-10m-1_bin.55.purify_k141_1037736_11340-12971,2020_PC-20W-1-10m-1_bin.55.purify_k141_1037736_13(Fam_3376 [★Target]) --> 2020_PC-20W-1-10m-1_bin.55.purify_k141_1037736_14(Fam_14191 [★Target])
"(3376, 14191)",5,[14191],2020_PC-20W-1-17m-1_bin.131.purify_k141_426757,2020_PC-20W-1-17m-1_bin.131.purify_k141_426757_11340-12971,2020_PC-20W-1-17m-1_bin.131.purify_k141_426757_13(Fam_3376 [★Target]) --> 2020_PC-20W-1-17m-1_bin.131.purify_k141_426757_14(Fam_14191 [★Target])
"(3376, 14191)",5,[14191],2020_PC-20W-2-1_bin.126.purify_k141_100508,2020_PC-20W-2-1_bin.126.purify_k141_100508_12724-14355,2020_PC-20W-2-1_bin.126.purify_k141_100508_15(Fam_3376 [★Target]) --> 2020_PC-20W-2-1_bin.126.purify_k141_100508_16(Fam_14191 [★Target])
"(589, 10275)",5,[10275],2020_QHH15-W1_bin.140.purify_k141_700036,2020_QHH15-W1_bin.140.purify_k141_700036_15789-19780,2020_QHH15-W1_bin.140.purify_k141_700036_12(Fam_589 [★Target]) --> 2020_QHH15-W1_bin.140.purify_k141_700036_13(Fam_10275 [★Target])
"(589, 10275)",5,[10275],2020_QHH7-W1_bin.106.purify_k141_569211,2020_QHH7-W1_bin.106.purify_k141_569211_15772-19763,2020_QHH7-W1_bin.106.purify_k141_569211_12(Fam_589 [★Target]) --> 2020_QHH7-W1_bin.106.purify_k141_569211_13(Fam_10275 [★Target])
"(589, 10275)",5,[10275],2020_QHH9-W1_bin.6.purify_k141_116557,2020_QHH9-W1_bin.6.purify_k141_116557_18919-22910,2020_QHH9-W1_bin.6.purify_k141_116557_15(Fam_589 [★Target]) --> 2020_QHH9-W1_bin.6.purify_k141_116557_16(Fam_10275 [★Target])
"(589, 10275)",5,[10275],2020_YM-W-1_bin.33.purify_k141_342541,2020_YM-W-1_bin.33.purify_k141_342541_15772-19763,2020_YM-W-1_bin.33.purify_k141_342541_12(Fam_589 [★Target]) --> 2020_YM-W-1_bin.33.purify_k141_342541_13(Fam_10275 [★Target])
"(589, 10275)",5,[10275],2021-HHXL-0.5M-W1_bin.6.purify_k141_723289,2021-HHXL-0.5M-W1_bin.6.purify_k141_723289_15963-19954,2021-HHXL-0.5M-W1_bin.6.purify_k141_723289_12(Fam_589 [★Target]) --> 2021-HHXL-0.5M-W1_bin.6.purify_k141_723289_13(Fam_10275 [★Target])
"(5342, 9332)",5,[9332],2020_BGBMC-20W-1-10m-1_bin.43.purify_k141_475703,2020_BGBMC-20W-1-10m-1_bin.43.purify_k141_475703_10262-11670,2020_BGBMC-20W-1-10m-1_bin.43.purify_k141_475703_12(Fam_5342 [★Target]) --> 2020_BGBMC-20W-1-10m-1_bin.43.purify_k141_475703_13(Fam_9332 [★Target])
"(5342, 9332)",5,[9332],2020_CE-20W-3-1_bin.75.purify_k141_882140,2020_CE-20W-3-1_bin.75.purify_k141_882140_2289-3939,2020_CE-20W-3-1_bin.75.purify_k141_882140_4(Fam_5342 [★Target]) --> 2020_CE-20W-3-1_bin.75.purify_k141_882140_5(Fam_9332 [★Target])
"(5342, 9332)",5,[9332],2020_CE-X-W-1_bin.159.purify_k141_37640,2020_CE-X-W-1_bin.159.purify_k141_37640_2290-3940,2020_CE-X-W-1_bin.159.purify_k141_37640_4(Fam_5342 [★Target]) --> 2020_CE-X-W-1_bin.159.purify_k141_37640_5(Fam_9332 [★Target])
"(5342, 9332)",5,[9332],2021-CNXB-W1_bin.109.purify_k127_2848380,2021-CNXB-W1_bin.109.purify_k127_2848380_730-2379,2021-CNXB-W1_bin.109.purify_k127_2848380_4(Fam_9332 [★Target]) --> 2021-CNXB-W1_bin.109.purify_k127_2848380_5(Fam_5342 [★Target])
"(5342, 9332)",5,[9332],2021-SLHSD-W1_bin.53.purify_k141_2417343,2021-SLHSD-W1_bin.53.purify_k141_2417343_487-2159,2021-SLHSD-W1_bin.53.purify_k141_2417343_2(Fam_5342 [★Target]) --> 2021-SLHSD-W1_bin.53.purify_k141_2417343_3(Fam_9332 [★Target])
"(9382, 10497)",5,[10497],2020_CN-DB-w-2_bin.35.purify_k141_47006,2020_CN-DB-w-2_bin.35.purify_k141_47006_3839-5014,2020_CN-DB-w-2_bin.35.purify_k141_47006_5(Fam_9382 [★Target]) --> 2020_CN-DB-w-2_bin.35.purify_k141_47006_6(Fam_10497 [★Target])
"(9382, 10497)",5,[10497],2020_CN-N-W-3_bin.73.purify_k141_673248,2020_CN-N-W-3_bin.73.purify_k141_673248_3839-4882,2020_CN-N-W-3_bin.73.purify_k141_673248_5(Fam_9382 [★Target]) --> 2020_CN-N-W-3_bin.73.purify_k141_673248_6(Fam_10497 [★Target])
"(9382, 10497)",5,[10497],2020_KMC-20W-1-10m-1_bin.90.purify_k141_790680,2020_KMC-20W-1-10m-1_bin.90.purify_k141_790680_1007-2149,2020_KMC-20W-1-10m-1_bin.90.purify_k141_790680_3(Fam_9382 [★Target]) --> 2020_KMC-20W-1-10m-1_bin.90.purify_k141_790680_4(Fam_10497 [★Target])
"(9382, 10497)",5,[10497],2021-CNXB-W2_bin.13.purify_k127_138923,2021-CNXB-W2_bin.13.purify_k127_138923_3825-5027,2021-CNXB-W2_bin.13.purify_k127_138923_5(Fam_9382 [★Target]) --> 2021-CNXB-W2_bin.13.purify_k127_138923_6(Fam_10497 [★Target])
"(9382, 10497)",5,[10497],2021-QHH-W4_bin.28.purify_k141_1027745,2021-QHH-W4_bin.28.purify_k141_1027745_2919-4069,2021-QHH-W4_bin.28.purify_k141_1027745_4(Fam_10497 [★Target]) --> 2021-QHH-W4_bin.28.purify_k141_1027745_5(Fam_9382 [★Target])
"(7024, 9664)",5,[7024],2020_CN-B-W-2_bin.107.purify_k141_1041543,2020_CN-B-W-2_bin.107.purify_k141_1041543_6812-8116,2020_CN-B-W-2_bin.107.purify_k141_1041543_7(Fam_7024 [★Target]) --> 2020_CN-B-W-2_bin.107.purify_k141_1041543_8(Fam_9664 [★Target])
"(7024, 9664)",5,[7024],2020_SLC-w-6_bin.199.purify_k141_1638417,2020_SLC-w-6_bin.199.purify_k141_1638417_14333-15826,2020_SLC-w-6_bin.199.purify_k141_1638417_16(Fam_7024 [★Target]) --> 2020_SLC-w-6_bin.199.purify_k141_1638417_17(Fam_9664 [★Target])
"(7024, 9664)",5,[7024],2020_ZJZBSD-04-2_bin.8.purify_k141_900159,2020_ZJZBSD-04-2_bin.8.purify_k141_900159_11644-13137,2020_ZJZBSD-04-2_bin.8.purify_k141_900159_13(Fam_7024 [★Target]) --> 2020_ZJZBSD-04-2_bin.8.purify_k141_900159_14(Fam_9664 [★Target])
"(7024, 9664)",5,[7024],2021-ND-W5_bin.102.purify_k141_672633,2021-ND-W5_bin.102.purify_k141_672633_16490-17983,2021-ND-W5_bin.102.purify_k141_672633_16(Fam_7024 [★Target]) --> 2021-ND-W5_bin.102.purify_k141_672633_17(Fam_9664 [★Target])
"(7024, 9664)",5,[7024],2021-QHH-W17_bin.5.purify_k141_296252,2021-QHH-W17_bin.5.purify_k141_296252_16487-17980,2021-QHH-W17_bin.5.purify_k141_296252_16(Fam_7024 [★Target]) --> 2021-QHH-W17_bin.5.purify_k141_296252_17(Fam_9664 [★Target])
"(9452, 13490)",5,[9452],2020_CRC-20W-1-10m-1_bin.185.purify_k141_1305774,2020_CRC-20W-1-10m-1_bin.185.purify_k141_1305774_4616-5627,2020_CRC-20W-1-10m-1_bin.185.purify_k141_1305774_6(Fam_13490 [★Target]) --> 2020_CRC-20W-1-10m-1_bin.185.purify_k141_1305774_7(Fam_9452 [★Target])
"(9452, 13490)",5,[9452],2020_KMC-20W-1-5m-1_bin.60.purify_k141_462417,2020_KMC-20W-1-5m-1_bin.60.purify_k141_462417_5112-6123,2020_KMC-20W-1-5m-1_bin.60.purify_k141_462417_7(Fam_13490 [★Target]) --> 2020_KMC-20W-1-5m-1_bin.60.purify_k141_462417_8(Fam_9452 [★Target])
"(9452, 13490)",5,[9452],2020_NMC-W-8-10m-1_bin.80.purify_k141_518162,2020_NMC-W-8-10m-1_bin.80.purify_k141_518162_10853-11864,2020_NMC-W-8-10m-1_bin.80.purify_k141_518162_12(Fam_13490 [★Target]) --> 2020_NMC-W-8-10m-1_bin.80.purify_k141_518162_13(Fam_9452 [★Target])
"(9452, 13490)",5,[9452],2020_TMRSD3-W1_bin.26.purify_k141_928861,2020_TMRSD3-W1_bin.26.purify_k141_928861_1514-2525,2020_TMRSD3-W1_bin.26.purify_k141_928861_3(Fam_13490 [★Target]) --> 2020_TMRSD3-W1_bin.26.purify_k141_928861_4(Fam_9452 [★Target])
"(9452, 13490)",5,[9452],2020_YZYC-20W-1-10m-1_bin.135.purify_k141_303767,2020_YZYC-20W-1-10m-1_bin.135.purify_k141_303767_12892-13903,2020_YZYC-20W-1-10m-1_bin.135.purify_k141_303767_13(Fam_13490 [★Target]) --> 2020_YZYC-20W-1-10m-1_bin.135.purify_k141_303767_14(Fam_9452 [★Target])
"(12529, 13385)",5,[13385],2020_JNYC-20W-1-0m-1_bin.132.purify_k141_542789,2020_JNYC-20W-1-0m-1_bin.132.purify_k141_542789_2176-2768,2020_JNYC-20W-1-0m-1_bin.132.purify_k141_542789_3(Fam_12529 [★Target]) --> 2020_JNYC-20W-1-0m-1_bin.132.purify_k141_542789_4(Fam_13385 [★Target])
"(12529, 13385)",5,[13385],2020_JNYC-20W-1-20m-1_bin.50.purify_k141_371100,2020_JNYC-20W-1-20m-1_bin.50.purify_k141_371100_2154-2746,2020_JNYC-20W-1-20m-1_bin.50.purify_k141_371100_3(Fam_12529 [★Target]) --> 2020_JNYC-20W-1-20m-1_bin.50.purify_k141_371100_4(Fam_13385 [★Target])
"(12529, 13385)",5,[13385],2020_JNYC-20W-1-40m-1_bin.32.purify_k141_242775,2020_JNYC-20W-1-40m-1_bin.32.purify_k141_242775_3041-3633,2020_JNYC-20W-1-40m-1_bin.32.purify_k141_242775_4(Fam_13385 [★Target]) --> 2020_JNYC-20W-1-40m-1_bin.32.purify_k141_242775_5(Fam_12529 [★Target])
"(12529, 13385)",5,[13385],2020_ZJZB-W-1_bin.9.purify_k141_1418862,2020_ZJZB-W-1_bin.9.purify_k141_1418862_10939-11590,2020_ZJZB-W-1_bin.9.purify_k141_1418862_17(Fam_12529 [★Target]) --> 2020_ZJZB-W-1_bin.9.purify_k141_1418862_18(Fam_13385 [★Target])
"(12529, 13385)",5,[13385],2021-LU-W10_bin.118.purify_k127_656841,2021-LU-W10_bin.118.purify_k127_656841_4564-5203,2021-LU-W10_bin.118.purify_k127_656841_10(Fam_13385 [★Target]) --> 2021-LU-W10_bin.118.purify_k127_656841_11(Fam_12529 [★Target])
"(8089, 13442)",5,[8089],2020_NMC-W-4-1_bin.38.purify_k141_18054,2020_NMC-W-4-1_bin.38.purify_k141_18054_461-1628,2020_NMC-W-4-1_bin.38.purify_k141_18054_2(Fam_13442 [★Target]) --> 2020_NMC-W-4-1_bin.38.purify_k141_18054_3(Fam_8089 [★Target])
"(8089, 13442)",5,[8089],2020_NMC-W-8-25m-1_bin.185.purify_k141_210022,2020_NMC-W-8-25m-1_bin.185.purify_k141_210022_461-1628,2020_NMC-W-8-25m-1_bin.185.purify_k141_210022_2(Fam_13442 [★Target]) --> 2020_NMC-W-8-25m-1_bin.185.purify_k141_210022_3(Fam_8089 [★Target])
"(8089, 13442)",5,[8089],2020_YZYC-20W-1-15m-1_bin.142.purify_k141_81283,2020_YZYC-20W-1-15m-1_bin.142.purify_k141_81283_103-1270,2020_YZYC-20W-1-15m-1_bin.142.purify_k141_81283_2(Fam_13442 [★Target]) --> 2020_YZYC-20W-1-15m-1_bin.142.purify_k141_81283_3(Fam_8089 [★Target])
"(8089, 13442)",5,[8089],2020_YZYC-20W-1-5m-1_bin.37.purify_k141_86385,2020_YZYC-20W-1-5m-1_bin.37.purify_k141_86385_1472-2639,2020_YZYC-20W-1-5m-1_bin.37.purify_k141_86385_3(Fam_8089 [★Target]) --> 2020_YZYC-20W-1-5m-1_bin.37.purify_k141_86385_4(Fam_13442 [★Target])
"(8089, 13442)",5,[8089],2021-BMC-LBM1_bin.10.purify_k141_339865,2021-BMC-LBM1_bin.10.purify_k141_339865_398-1568,2021-BMC-LBM1_bin.10.purify_k141_339865_2(Fam_8089 [★Target]) --> 2021-BMC-LBM1_bin.10.purify_k141_339865_3(Fam_13442 [★Target])
"(13309, 13310)",5,[13309],2020_NMC-W-1-1_bin.149.purify_k141_471922,2020_NMC-W-1-1_bin.149.purify_k141_471922_4719-5308,2020_NMC-W-1-1_bin.149.purify_k141_471922_7(Fam_13309 [★Target]) --> 2020_NMC-W-1-1_bin.149.purify_k141_471922_8(Fam_13310 [★Target])
"(13309, 13310)",5,[13309],2020_YZYC-20W-1-0m-1_bin.5.purify_k141_565378,2020_YZYC-20W-1-0m-1_bin.5.purify_k141_565378_6361-6950,2020_YZYC-20W-1-0m-1_bin.5.purify_k141_565378_11(Fam_13309 [★Target]) --> 2020_YZYC-20W-1-0m-1_bin.5.purify_k141_565378_12(Fam_13310 [★Target])
"(13309, 13310)",5,[13309],2020_YZYC-20W-1-25m-1_bin.78.purify_k141_478493,2020_YZYC-20W-1-25m-1_bin.78.purify_k141_478493_6453-7042,2020_YZYC-20W-1-25m-1_bin.78.purify_k141_478493_11(Fam_13309 [★Target]) --> 2020_YZYC-20W-1-25m-1_bin.78.purify_k141_478493_12(Fam_13310 [★Target])
"(13309, 13310)",5,[13309],2021-HHXL-3M-W1_bin.23.purify_k141_1232273,2021-HHXL-3M-W1_bin.23.purify_k141_1232273_3211-3800,2021-HHXL-3M-W1_bin.23.purify_k141_1232273_5(Fam_13310 [★Target]) --> 2021-HHXL-3M-W1_bin.23.purify_k141_1232273_6(Fam_13309 [★Target])
"(13309, 13310)",5,[13309],2021-ND-W7_bin.108.purify_k141_1730854,2021-ND-W7_bin.108.purify_k141_1730854_8048-8637,2021-ND-W7_bin.108.purify_k141_1730854_11(Fam_13310 [★Target]) --> 2021-ND-W7_bin.108.purify_k141_1730854_12(Fam_13309 [★Target])
"(185, 1880)",5,[1880],2020_CN-D-w-2_bin.95.purify_k141_153261,2020_CN-D-w-2_bin.95.purify_k141_153261_8197-13541,2020_CN-D-w-2_bin.95.purify_k141_153261_10(Fam_1880 [★Target]) --> 2020_CN-D-w-2_bin.95.purify_k141_153261_11(Fam_185 [★Target])
"(185, 1880)",5,[1880],2020_EH-W1_bin.53.purify_k141_1233780,2020_EH-W1_bin.53.purify_k141_1233780_9909-15271,2020_EH-W1_bin.53.purify_k141_1233780_12(Fam_1880 [★Target]) --> 2020_EH-W1_bin.53.purify_k141_1233780_13(Fam_185 [★Target])
"(185, 1880)",5,[1880],2020_NMC-W-1-1_bin.67.purify_k141_555485,2020_NMC-W-1-1_bin.67.purify_k141_555485_8905-14252,2020_NMC-W-1-1_bin.67.purify_k141_555485_11(Fam_1880 [★Target]) --> 2020_NMC-W-1-1_bin.67.purify_k141_555485_12(Fam_185 [★Target])
"(185, 1880)",5,[1880],2021-EH-W1_bin.141.purify_k141_613486,2021-EH-W1_bin.141.purify_k141_613486_10182-15568,2021-EH-W1_bin.141.purify_k141_613486_12(Fam_1880 [★Target]) --> 2021-EH-W1_bin.141.purify_k141_613486_13(Fam_185 [★Target])
"(185, 1880)",5,[1880],2021-YMQ0.5-W1_bin.55.purify_k141_2940548,2021-YMQ0.5-W1_bin.55.purify_k141_2940548_801-6172,2021-YMQ0.5-W1_bin.55.purify_k141_2940548_2(Fam_1880 [★Target]) --> 2021-YMQ0.5-W1_bin.55.purify_k141_2940548_3(Fam_185 [★Target])
"(2154, 4306)",5,[4306],2020_CRC-20W-1-0m-1_bin.33.purify_k141_1432691,2020_CRC-20W-1-0m-1_bin.33.purify_k141_1432691_28487-31636,2020_CRC-20W-1-0m-1_bin.33.purify_k141_1432691_25(Fam_2154 [★Target]) --> 2020_CRC-20W-1-0m-1_bin.33.purify_k141_1432691_27(Fam_4306 [★Target])
"(2154, 4306)",5,[4306],2020_CRC-20W-1-10m-1_bin.53.purify_k141_915793,2020_CRC-20W-1-10m-1_bin.53.purify_k141_915793_28487-31636,2020_CRC-20W-1-10m-1_bin.53.purify_k141_915793_25(Fam_2154 [★Target]) --> 2020_CRC-20W-1-10m-1_bin.53.purify_k141_915793_27(Fam_4306 [★Target])
"(2154, 4306)",5,[4306],2020_CRC-20W-1-14m-1_bin.45.purify_k141_1138063,2020_CRC-20W-1-14m-1_bin.45.purify_k141_1138063_28487-31636,2020_CRC-20W-1-14m-1_bin.45.purify_k141_1138063_25(Fam_2154 [★Target]) --> 2020_CRC-20W-1-14m-1_bin.45.purify_k141_1138063_27(Fam_4306 [★Target])
"(2154, 4306)",5,[4306],2020_CRC-20W-1-5m-1_bin.234.purify_k141_345203,2020_CRC-20W-1-5m-1_bin.234.purify_k141_345203_28487-31636,2020_CRC-20W-1-5m-1_bin.234.purify_k141_345203_25(Fam_2154 [★Target]) --> 2020_CRC-20W-1-5m-1_bin.234.purify_k141_345203_27(Fam_4306 [★Target])
"(2154, 4306)",5,[4306],2020_CRC-20W-2-1_bin.158.purify_k141_1807816,2020_CRC-20W-2-1_bin.158.purify_k141_1807816_28487-31636,2020_CRC-20W-2-1_bin.158.purify_k141_1807816_25(Fam_2154 [★Target]) --> 2020_CRC-20W-2-1_bin.158.purify_k141_1807816_27(Fam_4306 [★Target])
"(234, 990, 2850)",5,[990],2020_CE-B-W-1_bin.150.purify_k141_516679,2020_CE-B-W-1_bin.150.purify_k141_516679_32840-37528,2020_CE-B-W-1_bin.150.purify_k141_516679_35(Fam_234 [★Target]) --> 2020_CE-B-W-1_bin.150.purify_k141_516679_36(Fam_2850 [★Target]) --> 2020_CE-B-W-1_bin.150.purify_k141_516679_37(Fam_990 [★Target])
"(234, 990, 2850)",5,[990],2020_CE-D-W-1_bin.22.purify_k141_445070,2020_CE-D-W-1_bin.22.purify_k141_445070_32839-37527,2020_CE-D-W-1_bin.22.purify_k141_445070_35(Fam_234 [★Target]) --> 2020_CE-D-W-1_bin.22.purify_k141_445070_36(Fam_2850 [★Target]) --> 2020_CE-D-W-1_bin.22.purify_k141_445070_37(Fam_990 [★Target])
"(234, 990, 2850)",5,[990],2020_CE-X-W-1_bin.26.purify_k141_1249951,2020_CE-X-W-1_bin.26.purify_k141_1249951_33091-37767,2020_CE-X-W-1_bin.26.purify_k141_1249951_35(Fam_234 [★Target]) --> 2020_CE-X-W-1_bin.26.purify_k141_1249951_36(Fam_2850 [★Target]) --> 2020_CE-X-W-1_bin.26.purify_k141_1249951_37(Fam_990 [★Target])
"(234, 990, 2850)",5,[990],2020_CE-X-W-2_bin.143.purify_k141_496909,2020_CE-X-W-2_bin.143.purify_k141_496909_32837-37525,2020_CE-X-W-2_bin.143.purify_k141_496909_35(Fam_234 [★Target]) --> 2020_CE-X-W-2_bin.143.purify_k141_496909_36(Fam_2850 [★Target]) --> 2020_CE-X-W-2_bin.143.purify_k141_496909_37(Fam_990 [★Target])
"(234, 990, 2850)",5,[990],CE-B-W-2_bin.123.purify_k141_1036348,CE-B-W-2_bin.123.purify_k141_1036348_32839-37527,CE-B-W-2_bin.123.purify_k141_1036348_35(Fam_234 [★Target]) --> CE-B-W-2_bin.123.purify_k141_1036348_36(Fam_2850 [★Target]) --> CE-B-W-2_bin.123.purify_k141_1036348_37(Fam_990 [★Target])
"(5124, 7416)",5,[5124],2020_CRC-20W-1-0m-1_bin.35.purify_k141_227249,2020_CRC-20W-1-0m-1_bin.35.purify_k141_227249_5362-7234,2020_CRC-20W-1-0m-1_bin.35.purify_k141_227249_9(Fam_7416 [★Target]) --> 2020_CRC-20W-1-0m-1_bin.35.purify_k141_227249_10(Fam_5124 [★Target])
"(5124, 7416)",5,[5124],2020_YZYC-20W-1-0m-1_bin.75.purify_k141_215008,2020_YZYC-20W-1-0m-1_bin.75.purify_k141_215008_4509-6330,2020_YZYC-20W-1-0m-1_bin.75.purify_k141_215008_7(Fam_7416 [★Target]) --> 2020_YZYC-20W-1-0m-1_bin.75.purify_k141_215008_8(Fam_5124 [★Target])
"(5124, 7416)",5,[5124],2020_YZYC-20W-1-20m-1_bin.5.purify_k141_178660,2020_YZYC-20W-1-20m-1_bin.5.purify_k141_178660_8147-10019,2020_YZYC-20W-1-20m-1_bin.5.purify_k141_178660_9(Fam_5124 [★Target]) --> 2020_YZYC-20W-1-20m-1_bin.5.purify_k141_178660_10(Fam_7416 [★Target])
"(5124, 7416)",5,[5124],2020_YZYC-20W-1-25m-1_bin.39.purify_k141_696751,2020_YZYC-20W-1-25m-1_bin.39.purify_k141_696751_7385-9257,2020_YZYC-20W-1-25m-1_bin.39.purify_k141_696751_8(Fam_5124 [★Target]) --> 2020_YZYC-20W-1-25m-1_bin.39.purify_k141_696751_9(Fam_7416 [★Target])
"(5124, 7416)",5,[5124],2020_YZYC-20W-1-5m-1_bin.143.purify_k141_342393,2020_YZYC-20W-1-5m-1_bin.143.purify_k141_342393_4516-6388,2020_YZYC-20W-1-5m-1_bin.143.purify_k141_342393_7(Fam_7416 [★Target]) --> 2020_YZYC-20W-1-5m-1_bin.143.purify_k141_342393_8(Fam_5124 [★Target])
"(2589, 5214)",5,[5214],2020_CBL-w4_bin.157.purify_k141_1146503,2020_CBL-w4_bin.157.purify_k141_1146503_13415-15918,2020_CBL-w4_bin.157.purify_k141_1146503_15(Fam_2589 [★Target]) --> 2020_CBL-w4_bin.157.purify_k141_1146503_16(Fam_5214 [★Target])
"(2589, 5214)",5,[5214],2020_CC-20W-1-10m-1_bin.140.purify_k141_73070,2020_CC-20W-1-10m-1_bin.140.purify_k141_73070_7218-9715,2020_CC-20W-1-10m-1_bin.140.purify_k141_73070_8(Fam_2589 [★Target]) --> 2020_CC-20W-1-10m-1_bin.140.purify_k141_73070_9(Fam_5214 [★Target])
"(2589, 5214)",5,[5214],2020_NMC-W-8-5m-2_bin.121.purify_k141_453052,2020_NMC-W-8-5m-2_bin.121.purify_k141_453052_7029-9530,2020_NMC-W-8-5m-2_bin.121.purify_k141_453052_7(Fam_5214 [★Target]) --> 2020_NMC-W-8-5m-2_bin.121.purify_k141_453052_8(Fam_2589 [★Target])
"(2589, 5214)",5,[5214],2020_QHH12-W1_bin.11.purify_k141_824038,2020_QHH12-W1_bin.11.purify_k141_824038_9092-11665,2020_QHH12-W1_bin.11.purify_k141_824038_11(Fam_2589 [★Target]) --> 2020_QHH12-W1_bin.11.purify_k141_824038_12(Fam_5214 [★Target])
"(2589, 5214)",5,[5214],2021-QHH-W8_bin.10.purify_k141_870022,2021-QHH-W8_bin.10.purify_k141_870022_7759-10155,2021-QHH-W8_bin.10.purify_k141_870022_9(Fam_2589 [★Target]) --> 2021-QHH-W8_bin.10.purify_k141_870022_10(Fam_5214 [★Target])
"(6198, 9317)",5,[6198],2020_CN-DB-w-1_bin.69.purify_k141_1004092,2020_CN-DB-w-1_bin.69.purify_k141_1004092_19503-21085,2020_CN-DB-w-1_bin.69.purify_k141_1004092_19(Fam_6198 [★Target]) --> 2020_CN-DB-w-1_bin.69.purify_k141_1004092_20(Fam_9317 [★Target])
"(6198, 9317)",5,[6198],2020_CN-N-W-2-0m_bin.111.purify_k141_1073338,2020_CN-N-W-2-0m_bin.111.purify_k141_1073338_7029-8611,2020_CN-N-W-2-0m_bin.111.purify_k141_1073338_7(Fam_6198 [★Target]) --> 2020_CN-N-W-2-0m_bin.111.purify_k141_1073338_8(Fam_9317 [★Target])
"(6198, 9317)",5,[6198],2020_NMC-W-5-1_bin.111.purify_k141_752960,2020_NMC-W-5-1_bin.111.purify_k141_752960_3817-5399,2020_NMC-W-5-1_bin.111.purify_k141_752960_5(Fam_6198 [★Target]) --> 2020_NMC-W-5-1_bin.111.purify_k141_752960_6(Fam_9317 [★Target])
"(6198, 9317)",5,[6198],2020_QHH15-W1_bin.17.purify_k141_313034,2020_QHH15-W1_bin.17.purify_k141_313034_2266-3848,2020_QHH15-W1_bin.17.purify_k141_313034_4(Fam_6198 [★Target]) --> 2020_QHH15-W1_bin.17.purify_k141_313034_5(Fam_9317 [★Target])
"(6198, 9317)",5,[6198],2021-QHH-W2_bin.56.purify_k141_409131,2021-QHH-W2_bin.56.purify_k141_409131_2266-3848,2021-QHH-W2_bin.56.purify_k141_409131_4(Fam_6198 [★Target]) --> 2021-QHH-W2_bin.56.purify_k141_409131_5(Fam_9317 [★Target])
"(8528, 11805)",5,[11805],2020_NRPC-20W-1-0m-1_bin.54.purify_k141_28078,2020_NRPC-20W-1-0m-1_bin.54.purify_k141_28078_1870-2999,2020_NRPC-20W-1-0m-1_bin.54.purify_k141_28078_2(Fam_11805 [★Target]) --> 2020_NRPC-20W-1-0m-1_bin.54.purify_k141_28078_3(Fam_8528 [★Target])
"(8528, 11805)",5,[11805],2020_NRPC-20W-1-10m-1_bin.7.purify_k141_590205,2020_NRPC-20W-1-10m-1_bin.7.purify_k141_590205_780-1909,2020_NRPC-20W-1-10m-1_bin.7.purify_k141_590205_2(Fam_8528 [★Target]) --> 2020_NRPC-20W-1-10m-1_bin.7.purify_k141_590205_3(Fam_11805 [★Target])
"(8528, 11805)",5,[11805],2020_NRPC-20W-1-7.5m-1_bin.16.purify_k141_713919,2020_NRPC-20W-1-7.5m-1_bin.16.purify_k141_713919_2152-3281,2020_NRPC-20W-1-7.5m-1_bin.16.purify_k141_713919_2(Fam_11805 [★Target]) --> 2020_NRPC-20W-1-7.5m-1_bin.16.purify_k141_713919_3(Fam_8528 [★Target])
"(8528, 11805)",5,[11805],2020_NRPC-20W-4-1_bin.3.purify_k141_256693,2020_NRPC-20W-4-1_bin.3.purify_k141_256693_780-1909,2020_NRPC-20W-4-1_bin.3.purify_k141_256693_2(Fam_8528 [★Target]) --> 2020_NRPC-20W-4-1_bin.3.purify_k141_256693_3(Fam_11805 [★Target])
"(8528, 11805)",5,[11805],2021-YBJ-W3_bin.185.purify_k127_2444970,2021-YBJ-W3_bin.185.purify_k127_2444970_3010-4139,2021-YBJ-W3_bin.185.purify_k127_2444970_3(Fam_11805 [★Target]) --> 2021-YBJ-W3_bin.185.purify_k127_2444970_4(Fam_8528 [★Target])
"(9344, 13003)",5,[9344],2019_TBLSH-02_bin.7.purify_k141_5824,2019_TBLSH-02_bin.7.purify_k141_5824_1074-2156,2019_TBLSH-02_bin.7.purify_k141_5824_3(Fam_9344 [★Target]) --> 2019_TBLSH-02_bin.7.purify_k141_5824_4(Fam_13003 [★Target])
"(9344, 13003)",5,[9344],2020_CC-20W-1-15m-1_bin.125.purify_k141_271215,2020_CC-20W-1-15m-1_bin.125.purify_k141_271215_1298-2385,2020_CC-20W-1-15m-1_bin.125.purify_k141_271215_2(Fam_13003 [★Target]) --> 2020_CC-20W-1-15m-1_bin.125.purify_k141_271215_3(Fam_9344 [★Target])
"(9344, 13003)",5,[9344],2020_CE-20W-3-1_bin.105.purify_k141_377029,2020_CE-20W-3-1_bin.105.purify_k141_377029_2679-3707,2020_CE-20W-3-1_bin.105.purify_k141_377029_3(Fam_13003 [★Target]) --> 2020_CE-20W-3-1_bin.105.purify_k141_377029_4(Fam_9344 [★Target])
"(9344, 13003)",5,[9344],2020_YZYC-20W-1-15m-1_bin.25.purify_k141_623414,2020_YZYC-20W-1-15m-1_bin.25.purify_k141_623414_326-1391,2020_YZYC-20W-1-15m-1_bin.25.purify_k141_623414_2(Fam_13003 [★Target]) --> 2020_YZYC-20W-1-15m-1_bin.25.purify_k141_623414_3(Fam_9344 [★Target])
"(9344, 13003)",5,[9344],CE-B-W-2_bin.160.purify_k141_1090365,CE-B-W-2_bin.160.purify_k141_1090365_1311-2339,CE-B-W-2_bin.160.purify_k141_1090365_2(Fam_13003 [★Target]) --> CE-B-W-2_bin.160.purify_k141_1090365_3(Fam_9344 [★Target])
"(5556, 7685)",5,[5556],2020_NMC-W-8-10m-1_bin.63.purify_k141_232324,2020_NMC-W-8-10m-1_bin.63.purify_k141_232324_7426-9388,2020_NMC-W-8-10m-1_bin.63.purify_k141_232324_10(Fam_5556 [★Target]) --> 2020_NMC-W-8-10m-1_bin.63.purify_k141_232324_12(Fam_7685 [★Target])
"(5556, 7685)",5,[5556],2020_YZYC-20W-1-10m-1_bin.18.purify_k141_848686,2020_YZYC-20W-1-10m-1_bin.18.purify_k141_848686_7391-9299,2020_YZYC-20W-1-10m-1_bin.18.purify_k141_848686_10(Fam_5556 [★Target]) --> 2020_YZYC-20W-1-10m-1_bin.18.purify_k141_848686_12(Fam_7685 [★Target])
"(5556, 7685)",5,[5556],2020_YZYC-20W-1-20m-1_bin.16.purify_k141_161431,2020_YZYC-20W-1-20m-1_bin.16.purify_k141_161431_7479-9441,2020_YZYC-20W-1-20m-1_bin.16.purify_k141_161431_10(Fam_5556 [★Target]) --> 2020_YZYC-20W-1-20m-1_bin.16.purify_k141_161431_12(Fam_7685 [★Target])
"(5556, 7685)",5,[5556],2020_YZYC-20W-1-25m-1_bin.10.purify_k141_458305,2020_YZYC-20W-1-25m-1_bin.10.purify_k141_458305_5316-7242,2020_YZYC-20W-1-25m-1_bin.10.purify_k141_458305_8(Fam_5556 [★Target]) --> 2020_YZYC-20W-1-25m-1_bin.10.purify_k141_458305_10(Fam_7685 [★Target])
"(5556, 7685)",5,[5556],2021-SLCB-W3_bin.59.purify_k127_413458,2021-SLCB-W3_bin.59.purify_k127_413458_5536-7549,2021-SLCB-W3_bin.59.purify_k127_413458_9(Fam_5556 [★Target]) --> 2021-SLCB-W3_bin.59.purify_k127_413458_11(Fam_7685 [★Target])
"(12767, 13335)",5,"[12767, 13335]",2020_CRC-20W-1-10m-1_bin.71.purify_k141_1003184,2020_CRC-20W-1-10m-1_bin.71.purify_k141_1003184_5453-6074,2020_CRC-20W-1-10m-1_bin.71.purify_k141_1003184_6(Fam_12767 [★Target]) --> 2020_CRC-20W-1-10m-1_bin.71.purify_k141_1003184_7(Fam_13335 [★Target])
"(12767, 13335)",5,"[12767, 13335]",2020_CRC-20W-1-5m-1_bin.242.purify_k141_5911,2020_CRC-20W-1-5m-1_bin.242.purify_k141_5911_694-1315,2020_CRC-20W-1-5m-1_bin.242.purify_k141_5911_2(Fam_13335 [★Target]) --> 2020_CRC-20W-1-5m-1_bin.242.purify_k141_5911_3(Fam_12767 [★Target])
"(12767, 13335)",5,"[12767, 13335]",2020_EH-W1_bin.88.purify_k141_1215290,2020_EH-W1_bin.88.purify_k141_1215290_13539-14160,2020_EH-W1_bin.88.purify_k141_1215290_12(Fam_13335 [★Target]) --> 2020_EH-W1_bin.88.purify_k141_1215290_13(Fam_12767 [★Target])
"(12767, 13335)",5,"[12767, 13335]",2021-SD-W62_bin.102.purify_k127_359009,2021-SD-W62_bin.102.purify_k127_359009_13698-14319,2021-SD-W62_bin.102.purify_k127_359009_12(Fam_12767 [★Target]) --> 2021-SD-W62_bin.102.purify_k127_359009_13(Fam_13335 [★Target])
"(12767, 13335)",5,"[12767, 13335]",2021-ZJZBSD-W51_bin.84.purify_k127_66158,2021-ZJZBSD-W51_bin.84.purify_k127_66158_4930-5551,2021-ZJZBSD-W51_bin.84.purify_k127_66158_6(Fam_13335 [★Target]) --> 2021-ZJZBSD-W51_bin.84.purify_k127_66158_7(Fam_12767 [★Target])
"(3665, 9339)",5,[9339],2019_TBMTW-3_bin.28.purify_k141_322939,2019_TBMTW-3_bin.28.purify_k141_322939_660-2562,2019_TBMTW-3_bin.28.purify_k141_322939_2(Fam_3665 [★Target]) --> 2019_TBMTW-3_bin.28.purify_k141_322939_3(Fam_9339 [★Target])
"(3665, 9339)",5,[9339],2020_CRC-20W-1-0m-1_bin.79.purify_k141_823342,2020_CRC-20W-1-0m-1_bin.79.purify_k141_823342_20313-22178,2020_CRC-20W-1-0m-1_bin.79.purify_k141_823342_16(Fam_9339 [★Target]) --> 2020_CRC-20W-1-0m-1_bin.79.purify_k141_823342_17(Fam_3665 [★Target])
"(3665, 9339)",5,[9339],2020_CRC-20W-1-10m-1_bin.129.purify_k141_442952,2020_CRC-20W-1-10m-1_bin.129.purify_k141_442952_15481-17346,2020_CRC-20W-1-10m-1_bin.129.purify_k141_442952_14(Fam_9339 [★Target]) --> 2020_CRC-20W-1-10m-1_bin.129.purify_k141_442952_15(Fam_3665 [★Target])
"(3665, 9339)",5,[9339],2020_JNYC-20W-1-20m-1_bin.70.purify_k141_420672,2020_JNYC-20W-1-20m-1_bin.70.purify_k141_420672_34905-36770,2020_JNYC-20W-1-20m-1_bin.70.purify_k141_420672_28(Fam_9339 [★Target]) --> 2020_JNYC-20W-1-20m-1_bin.70.purify_k141_420672_29(Fam_3665 [★Target])
"(3665, 9339)",5,[9339],2020_LU-w3_bin.50.purify_k141_2772809,2020_LU-w3_bin.50.purify_k141_2772809_39409-44983,2020_LU-w3_bin.50.purify_k141_2772809_32(Fam_3665 [★Target]) --> 2020_LU-w3_bin.50.purify_k141_2772809_33(Fam_9339 [★Target]) --> 2020_LU-w3_bin.50.purify_k141_2772809_34(Fam_179)
"(9774, 11610)",5,[9774],2020_JNYC-20W-1-20m-1_bin.84.purify_k141_47800,2020_JNYC-20W-1-20m-1_bin.84.purify_k141_47800_1642-2711,2020_JNYC-20W-1-20m-1_bin.84.purify_k141_47800_3(Fam_9774 [★Target]) --> 2020_JNYC-20W-1-20m-1_bin.84.purify_k141_47800_4(Fam_11610 [★Target])
"(9774, 11610)",5,[9774],2020_JNYC-20W-1-40m-1_bin.127.purify_k141_1724379,2020_JNYC-20W-1-40m-1_bin.127.purify_k141_1724379_3947-5016,2020_JNYC-20W-1-40m-1_bin.127.purify_k141_1724379_4(Fam_11610 [★Target]) --> 2020_JNYC-20W-1-40m-1_bin.127.purify_k141_1724379_5(Fam_9774 [★Target])
"(9774, 11610)",5,[9774],2021-BQZBSD-W23_bin.71.purify_k127_1376793,2021-BQZBSD-W23_bin.71.purify_k127_1376793_4616-5483,2021-BQZBSD-W23_bin.71.purify_k127_1376793_6(Fam_9774 [★Target]) --> 2021-BQZBSD-W23_bin.71.purify_k127_1376793_7(Fam_11610 [★Target])
"(9774, 11610)",5,[9774],2021-BQZBSD-W22_bin.30.purify_k127_4512299,2021-BQZBSD-W22_bin.30.purify_k127_4512299_1757-2624,2021-BQZBSD-W22_bin.30.purify_k127_4512299_4(Fam_11610 [★Target]) --> 2021-BQZBSD-W22_bin.30.purify_k127_4512299_5(Fam_9774 [★Target])
"(9774, 11610)",5,[9774],2021-ZJZB-W6_bin.75.purify_k127_5397007,2021-ZJZB-W6_bin.75.purify_k127_5397007_1310-2177,2021-ZJZB-W6_bin.75.purify_k127_5397007_3(Fam_11610 [★Target]) --> 2021-ZJZB-W6_bin.75.purify_k127_5397007_4(Fam_9774 [★Target])
"(4177, 9939)",5,[4177],H1-2_bin.7.purify_k141_492296_length_10135_cov_28.9982,H1-2_bin.7.purify_k141_492296_length_10135_cov_28.9982_3901-5687,H1-2_bin.7.purify_k141_492296_length_10135_cov_28.9982_7(Fam_9939 [★Target]) --> H1-2_bin.7.purify_k141_492296_length_10135_cov_28.9982_8(Fam_4177 [★Target])
"(4177, 9939)",5,[4177],H1-3_bin.73.purify_k141_268059_length_11699_cov_36.4903,H1-3_bin.73.purify_k141_268059_length_11699_cov_36.4903_5721-7507,H1-3_bin.73.purify_k141_268059_length_11699_cov_36.4903_6(Fam_4177 [★Target]) --> H1-3_bin.73.purify_k141_268059_length_11699_cov_36.4903_7(Fam_9939 [★Target])
"(4177, 9939)",5,[4177],H2-2_bin.97.purify_k141_441254_length_6155_cov_34.3134,H2-2_bin.97.purify_k141_441254_length_6155_cov_34.3134_3535-5321,H2-2_bin.97.purify_k141_441254_length_6155_cov_34.3134_6(Fam_9939 [★Target]) --> H2-2_bin.97.purify_k141_441254_length_6155_cov_34.3134_7(Fam_4177 [★Target])
"(4177, 9939)",5,[4177],H2-3_bin.10.purify_k141_213368_length_17259_cov_126.1355,H2-3_bin.10.purify_k141_213368_length_17259_cov_126.1355_6622-8408,H2-3_bin.10.purify_k141_213368_length_17259_cov_126.1355_10(Fam_9939 [★Target]) --> H2-3_bin.10.purify_k141_213368_length_17259_cov_126.1355_11(Fam_4177 [★Target])
"(4177, 9939)",5,[4177],HS-32-1_bin.2.purify_k141_116276,HS-32-1_bin.2.purify_k141_116276_8900-10648,HS-32-1_bin.2.purify_k141_116276_6(Fam_4177 [★Target]) --> HS-32-1_bin.2.purify_k141_116276_7(Fam_9939 [★Target])
"(192, 983, 3398)",4,[3398],2021-CMY-W3_bin.13.purify_k127_1514787,2021-CMY-W3_bin.13.purify_k127_1514787_10486-18769,2021-CMY-W3_bin.13.purify_k127_1514787_11(Fam_983 [★Target]) --> 2021-CMY-W3_bin.13.purify_k127_1514787_13(Fam_3398 [★Target]) --> 2021-CMY-W3_bin.13.purify_k127_1514787_16(Fam_192 [★Target])
"(192, 983, 3398)",4,[3398],2021-DTHSD-W_bin.23.purify_k141_216949,2021-DTHSD-W_bin.23.purify_k141_216949_19541-27824,2021-DTHSD-W_bin.23.purify_k141_216949_16(Fam_192 [★Target]) --> 2021-DTHSD-W_bin.23.purify_k141_216949_19(Fam_3398 [★Target]) --> 2021-DTHSD-W_bin.23.purify_k141_216949_21(Fam_983 [★Target])
"(192, 983, 3398)",4,[3398],2021-DTH-W4_bin.11.purify_k127_4481632,2021-DTH-W4_bin.11.purify_k127_4481632_19462-27745,2021-DTH-W4_bin.11.purify_k127_4481632_16(Fam_192 [★Target]) --> 2021-DTH-W4_bin.11.purify_k127_4481632_19(Fam_3398 [★Target]) --> 2021-DTH-W4_bin.11.purify_k127_4481632_21(Fam_983 [★Target])
"(192, 983, 3398)",4,[3398],2021-DTH-W5_bin.45.purify_k127_29317,2021-DTH-W5_bin.45.purify_k127_29317_9574-17857,2021-DTH-W5_bin.45.purify_k127_29317_9(Fam_192 [★Target]) --> 2021-DTH-W5_bin.45.purify_k127_29317_12(Fam_3398 [★Target]) --> 2021-DTH-W5_bin.45.purify_k127_29317_14(Fam_983 [★Target])
"(3302, 9273)",4,"[3302, 9273]",2020_DTH3-W1_bin.46.purify_k141_709351,2020_DTH3-W1_bin.46.purify_k141_709351_7404-9357,2020_DTH3-W1_bin.46.purify_k141_709351_10(Fam_9273 [★Target]) --> 2020_DTH3-W1_bin.46.purify_k141_709351_11(Fam_3302 [★Target])
"(3302, 9273)",4,"[3302, 9273]",2020_JNYC-20W-1-60m-1_bin.132.purify_k141_634124,2020_JNYC-20W-1-60m-1_bin.132.purify_k141_634124_25982-27935,2020_JNYC-20W-1-60m-1_bin.132.purify_k141_634124_33(Fam_3302 [★Target]) --> 2020_JNYC-20W-1-60m-1_bin.132.purify_k141_634124_34(Fam_9273 [★Target])
"(3302, 9273)",4,"[3302, 9273]",2020_JNYC-20W-2-1_bin.164.purify_k141_364139,2020_JNYC-20W-2-1_bin.164.purify_k141_364139_25982-27935,2020_JNYC-20W-2-1_bin.164.purify_k141_364139_33(Fam_3302 [★Target]) --> 2020_JNYC-20W-2-1_bin.164.purify_k141_364139_34(Fam_9273 [★Target])
"(3302, 9273)",4,"[3302, 9273]",2020_SLC-w-6_bin.63.purify_k141_899914,2020_SLC-w-6_bin.63.purify_k141_899914_102120-104073,2020_SLC-w-6_bin.63.purify_k141_899914_98(Fam_9273 [★Target]) --> 2020_SLC-w-6_bin.63.purify_k141_899914_99(Fam_3302 [★Target])
"(7482, 9424)",4,[9424],2020_NMC-W-2-1_bin.91.purify_k141_108155,2020_NMC-W-2-1_bin.91.purify_k141_108155_4006-5450,2020_NMC-W-2-1_bin.91.purify_k141_108155_5(Fam_9424 [★Target]) --> 2020_NMC-W-2-1_bin.91.purify_k141_108155_6(Fam_7482 [★Target])
"(7482, 9424)",4,[9424],2020_NMC-W-8-15m-1_bin.114.purify_k141_198079,2020_NMC-W-8-15m-1_bin.114.purify_k141_198079_3477-4921,2020_NMC-W-8-15m-1_bin.114.purify_k141_198079_6(Fam_7482 [★Target]) --> 2020_NMC-W-8-15m-1_bin.114.purify_k141_198079_7(Fam_9424 [★Target])
"(7482, 9424)",4,[9424],2020_NMC-W-8-25m-1_bin.148.purify_k141_309123,2020_NMC-W-8-25m-1_bin.148.purify_k141_309123_3455-4899,2020_NMC-W-8-25m-1_bin.148.purify_k141_309123_6(Fam_7482 [★Target]) --> 2020_NMC-W-8-25m-1_bin.148.purify_k141_309123_7(Fam_9424 [★Target])
"(7482, 9424)",4,[9424],2020_YZYC-20W-1-15m-1_bin.56.purify_k141_236455,2020_YZYC-20W-1-15m-1_bin.56.purify_k141_236455_1869-3313,2020_YZYC-20W-1-15m-1_bin.56.purify_k141_236455_6(Fam_7482 [★Target]) --> 2020_YZYC-20W-1-15m-1_bin.56.purify_k141_236455_7(Fam_9424 [★Target])
"(329, 1174)",4,[329],2020_QHH3-W1_bin.40.purify_k141_247185,2020_QHH3-W1_bin.40.purify_k141_247185_2756-8220,2020_QHH3-W1_bin.40.purify_k141_247185_4(Fam_329 [★Target]) --> 2020_QHH3-W1_bin.40.purify_k141_247185_5(Fam_1174 [★Target])
"(329, 1174)",4,[329],2020_YM-W-3_bin.14.purify_k141_9092,2020_YM-W-3_bin.14.purify_k141_9092_1778-7242,2020_YM-W-3_bin.14.purify_k141_9092_5(Fam_329 [★Target]) --> 2020_YM-W-3_bin.14.purify_k141_9092_6(Fam_1174 [★Target])
"(329, 1174)",4,[329],2021-BQZBHK-W3_bin.76.purify_k127_121544,2021-BQZBHK-W3_bin.76.purify_k127_121544_2547-7999,2021-BQZBHK-W3_bin.76.purify_k127_121544_7(Fam_329 [★Target]) --> 2021-BQZBHK-W3_bin.76.purify_k127_121544_8(Fam_1174 [★Target])
"(329, 1174)",4,[329],2021-ND-W4_bin.9.purify_k141_342630,2021-ND-W4_bin.9.purify_k141_342630_23117-28581,2021-ND-W4_bin.9.purify_k141_342630_18(Fam_1174 [★Target]) --> 2021-ND-W4_bin.9.purify_k141_342630_19(Fam_329 [★Target])
"(11102, 12408)",4,[11102],2020_GMZ4-W1_bin.209.purify_k141_1338114,2020_GMZ4-W1_bin.209.purify_k141_1338114_3598-4394,2020_GMZ4-W1_bin.209.purify_k141_1338114_7(Fam_12408 [★Target]) --> 2020_GMZ4-W1_bin.209.purify_k141_1338114_8(Fam_11102 [★Target])
"(11102, 12408)",4,[11102],2020_NMC-W-7-1_bin.143.purify_k141_616229,2020_NMC-W-7-1_bin.143.purify_k141_616229_2756-3585,2020_NMC-W-7-1_bin.143.purify_k141_616229_4(Fam_11102 [★Target]) --> 2020_NMC-W-7-1_bin.143.purify_k141_616229_5(Fam_12408 [★Target])
"(11102, 12408)",4,[11102],2020_NMC-W-8-20m-1_bin.70.purify_k141_244903,2020_NMC-W-8-20m-1_bin.70.purify_k141_244903_1566-2395,2020_NMC-W-8-20m-1_bin.70.purify_k141_244903_5(Fam_12408 [★Target]) --> 2020_NMC-W-8-20m-1_bin.70.purify_k141_244903_6(Fam_11102 [★Target])
"(11102, 12408)",4,[11102],2021-QHH-W2_bin.21.purify_k141_353037,2021-QHH-W2_bin.21.purify_k141_353037_1477-2273,2021-QHH-W2_bin.21.purify_k141_353037_5(Fam_12408 [★Target]) --> 2021-QHH-W2_bin.21.purify_k141_353037_6(Fam_11102 [★Target])
"(10115, 12885)",4,"[10115, 12885]",2020_GMZ4-W1_bin.146.purify_k141_2640127,2020_GMZ4-W1_bin.146.purify_k141_2640127_704-1665,2020_GMZ4-W1_bin.146.purify_k141_2640127_2(Fam_12885 [★Target]) --> 2020_GMZ4-W1_bin.146.purify_k141_2640127_3(Fam_10115 [★Target])
"(10115, 12885)",4,"[10115, 12885]",2020_QHH7-W1_bin.27.purify_k141_749233,2020_QHH7-W1_bin.27.purify_k141_749233_397-1358,2020_QHH7-W1_bin.27.purify_k141_749233_2(Fam_12885 [★Target]) --> 2020_QHH7-W1_bin.27.purify_k141_749233_3(Fam_10115 [★Target])
"(10115, 12885)",4,"[10115, 12885]",2020_QHH9-W1_bin.37.purify_k141_210401,2020_QHH9-W1_bin.37.purify_k141_210401_704-1665,2020_QHH9-W1_bin.37.purify_k141_210401_2(Fam_12885 [★Target]) --> 2020_QHH9-W1_bin.37.purify_k141_210401_3(Fam_10115 [★Target])
"(10115, 12885)",4,"[10115, 12885]",2021-QHH-W17_bin.16.purify_k141_4556,2021-QHH-W17_bin.16.purify_k141_4556_704-1665,2021-QHH-W17_bin.16.purify_k141_4556_2(Fam_12885 [★Target]) --> 2021-QHH-W17_bin.16.purify_k141_4556_3(Fam_10115 [★Target])
"(1819, 9914, 10347)",4,"[9914, 10347]",2020_KMC-20W-1-0m-1_bin.170.purify_k141_513878,2020_KMC-20W-1-0m-1_bin.170.purify_k141_513878_26126-28836,2020_KMC-20W-1-0m-1_bin.170.purify_k141_513878_30(Fam_1819 [★Target]) --> 2020_KMC-20W-1-0m-1_bin.170.purify_k141_513878_31(Fam_9914 [★Target]) --> 2020_KMC-20W-1-0m-1_bin.170.purify_k141_513878_32(Fam_10347 [★Target])
"(1819, 9914, 10347)",4,"[9914, 10347]",2020_KMC-20W-1-15m-1_bin.67.purify_k141_669359,2020_KMC-20W-1-15m-1_bin.67.purify_k141_669359_25832-28542,2020_KMC-20W-1-15m-1_bin.67.purify_k141_669359_29(Fam_1819 [★Target]) --> 2020_KMC-20W-1-15m-1_bin.67.purify_k141_669359_30(Fam_9914 [★Target]) --> 2020_KMC-20W-1-15m-1_bin.67.purify_k141_669359_31(Fam_10347 [★Target])
"(1819, 9914, 10347)",4,"[9914, 10347]",2020_KMC-20W-1-20m-1_bin.203.purify_k141_1181609,2020_KMC-20W-1-20m-1_bin.203.purify_k141_1181609_25968-28678,2020_KMC-20W-1-20m-1_bin.203.purify_k141_1181609_29(Fam_1819 [★Target]) --> 2020_KMC-20W-1-20m-1_bin.203.purify_k141_1181609_30(Fam_9914 [★Target]) --> 2020_KMC-20W-1-20m-1_bin.203.purify_k141_1181609_31(Fam_10347 [★Target])
"(1819, 9914, 10347)",4,"[9914, 10347]",2020_KMC-20W-1-5m-1_bin.114.purify_k141_628798,2020_KMC-20W-1-5m-1_bin.114.purify_k141_628798_26126-28836,2020_KMC-20W-1-5m-1_bin.114.purify_k141_628798_30(Fam_1819 [★Target]) --> 2020_KMC-20W-1-5m-1_bin.114.purify_k141_628798_31(Fam_9914 [★Target]) --> 2020_KMC-20W-1-5m-1_bin.114.purify_k141_628798_32(Fam_10347 [★Target])
"(1479, 4211, 11678)",4,[1479],2020_EH-W1_bin.6.purify_k141_811048,2020_EH-W1_bin.6.purify_k141_811048_12166-15717,2020_EH-W1_bin.6.purify_k141_811048_14(Fam_4211 [★Target]) --> 2020_EH-W1_bin.6.purify_k141_811048_15(Fam_11678 [★Target]) --> 2020_EH-W1_bin.6.purify_k141_811048_16(Fam_1479 [★Target])
"(1479, 4211, 11678)",4,[1479],2020_QHH2-W1_bin.29.purify_k141_461993,2020_QHH2-W1_bin.29.purify_k141_461993_102222-105773,2020_QHH2-W1_bin.29.purify_k141_461993_86(Fam_1479 [★Target]) --> 2020_QHH2-W1_bin.29.purify_k141_461993_87(Fam_11678 [★Target]) --> 2020_QHH2-W1_bin.29.purify_k141_461993_88(Fam_4211 [★Target])
"(1479, 4211, 11678)",4,[1479],2020_TMRSD2-W1_bin.8.purify_k141_717381,2020_TMRSD2-W1_bin.8.purify_k141_717381_12204-15755,2020_TMRSD2-W1_bin.8.purify_k141_717381_14(Fam_4211 [★Target]) --> 2020_TMRSD2-W1_bin.8.purify_k141_717381_15(Fam_11678 [★Target]) --> 2020_TMRSD2-W1_bin.8.purify_k141_717381_16(Fam_1479 [★Target])
"(1479, 4211, 11678)",4,[1479],2020_YMH1-W1_bin.133.purify_k141_1365955,2020_YMH1-W1_bin.133.purify_k141_1365955_21518-25069,2020_YMH1-W1_bin.133.purify_k141_1365955_18(Fam_4211 [★Target]) --> 2020_YMH1-W1_bin.133.purify_k141_1365955_19(Fam_11678 [★Target]) --> 2020_YMH1-W1_bin.133.purify_k141_1365955_20(Fam_1479 [★Target])
"(3680, 10268)",4,[10268],2020_GMZ11-W1_bin.166.purify_k141_2023484,2020_GMZ11-W1_bin.166.purify_k141_2023484_451-2214,2020_GMZ11-W1_bin.166.purify_k141_2023484_2(Fam_3680 [★Target]) --> 2020_GMZ11-W1_bin.166.purify_k141_2023484_3(Fam_10268 [★Target])
"(3680, 10268)",4,[10268],2020_GMZ12-W1_bin.193.purify_k141_3089868,2020_GMZ12-W1_bin.193.purify_k141_3089868_10010-11773,2020_GMZ12-W1_bin.193.purify_k141_3089868_8(Fam_3680 [★Target]) --> 2020_GMZ12-W1_bin.193.purify_k141_3089868_9(Fam_10268 [★Target])
"(3680, 10268)",4,[10268],2020_GMZ4-W1_bin.64.purify_k141_580414,2020_GMZ4-W1_bin.64.purify_k141_580414_2700-4463,2020_GMZ4-W1_bin.64.purify_k141_580414_3(Fam_3680 [★Target]) --> 2020_GMZ4-W1_bin.64.purify_k141_580414_4(Fam_10268 [★Target])
"(3680, 10268)",4,[10268],2021-ZJZB-W4_bin.120.purify_k127_713263,2021-ZJZB-W4_bin.120.purify_k127_713263_4964-6727,2021-ZJZB-W4_bin.120.purify_k127_713263_5(Fam_3680 [★Target]) --> 2021-ZJZB-W4_bin.120.purify_k127_713263_6(Fam_10268 [★Target])
"(4212, 9772)",4,"[4212, 9772]",2020_GMZ4-W1_bin.143.purify_k141_246794,2020_GMZ4-W1_bin.143.purify_k141_246794_2264-4034,2020_GMZ4-W1_bin.143.purify_k141_246794_2(Fam_9772 [★Target]) --> 2020_GMZ4-W1_bin.143.purify_k141_246794_3(Fam_4212 [★Target])
"(4212, 9772)",4,"[4212, 9772]",2020_QHH13-W1_bin.77.purify_k141_1760311,2020_QHH13-W1_bin.77.purify_k141_1760311_1973-3743,2020_QHH13-W1_bin.77.purify_k141_1760311_2(Fam_9772 [★Target]) --> 2020_QHH13-W1_bin.77.purify_k141_1760311_3(Fam_4212 [★Target])
"(4212, 9772)",4,"[4212, 9772]",2021-YMQ1-W1_bin.32.purify_k141_1259595,2021-YMQ1-W1_bin.32.purify_k141_1259595_2366-4136,2021-YMQ1-W1_bin.32.purify_k141_1259595_2(Fam_9772 [★Target]) --> 2021-YMQ1-W1_bin.32.purify_k141_1259595_3(Fam_4212 [★Target])
"(4212, 9772)",4,"[4212, 9772]",2021-YMQ2-W1_bin.133.purify_k141_2220409,2021-YMQ2-W1_bin.133.purify_k141_2220409_4085-5855,2021-YMQ2-W1_bin.133.purify_k141_2220409_6(Fam_4212 [★Target]) --> 2021-YMQ2-W1_bin.133.purify_k141_2220409_7(Fam_9772 [★Target])
"(1438, 5102)",4,[1438],2020_NMC-W-7-1_bin.103.purify_k141_471122,2020_NMC-W-7-1_bin.103.purify_k141_471122_3-2879,2020_NMC-W-7-1_bin.103.purify_k141_471122_1(Fam_1438 [★Target]) --> 2020_NMC-W-7-1_bin.103.purify_k141_471122_2(Fam_5102 [★Target])
"(1438, 5102)",4,[1438],2020_NMC-W-8-15m-1_bin.53.purify_k141_58251,2020_NMC-W-8-15m-1_bin.53.purify_k141_58251_3-3206,2020_NMC-W-8-15m-1_bin.53.purify_k141_58251_1(Fam_1438 [★Target]) --> 2020_NMC-W-8-15m-1_bin.53.purify_k141_58251_2(Fam_5102 [★Target])
"(1438, 5102)",4,[1438],2020_NMC-W-8-25m-1_bin.8.purify_k141_495027,2020_NMC-W-8-25m-1_bin.8.purify_k141_495027_11433-14492,2020_NMC-W-8-25m-1_bin.8.purify_k141_495027_5(Fam_5102 [★Target]) --> 2020_NMC-W-8-25m-1_bin.8.purify_k141_495027_6(Fam_1438 [★Target])
"(1438, 5102)",4,[1438],2021-CNB-W1_bin.94.purify_k127_525138,2021-CNB-W1_bin.94.purify_k127_525138_8546-11248,2021-CNB-W1_bin.94.purify_k127_525138_5(Fam_5102 [★Target]) --> 2021-CNB-W1_bin.94.purify_k127_525138_6(Fam_1438 [★Target])
"(12815, 14068)",4,[14068],2020_BGBMC-20W-1-10m-1_bin.7.purify_k141_686006,2020_BGBMC-20W-1-10m-1_bin.7.purify_k141_686006_71006-71549,2020_BGBMC-20W-1-10m-1_bin.7.purify_k141_686006_83(Fam_12815 [★Target]) --> 2020_BGBMC-20W-1-10m-1_bin.7.purify_k141_686006_84(Fam_14068 [★Target])
"(12815, 14068)",4,[14068],2020_BGBMC-20W-1-17m-1_bin.49.purify_k141_666325,2020_BGBMC-20W-1-17m-1_bin.49.purify_k141_666325_71801-72344,2020_BGBMC-20W-1-17m-1_bin.49.purify_k141_666325_84(Fam_12815 [★Target]) --> 2020_BGBMC-20W-1-17m-1_bin.49.purify_k141_666325_85(Fam_14068 [★Target])
"(12815, 14068)",4,[14068],2020_PC-20W-1-17m-1_bin.60.purify_k141_673583,2020_PC-20W-1-17m-1_bin.60.purify_k141_673583_244-775,2020_PC-20W-1-17m-1_bin.60.purify_k141_673583_2(Fam_12815 [★Target]) --> 2020_PC-20W-1-17m-1_bin.60.purify_k141_673583_3(Fam_14068 [★Target])
"(12815, 14068)",4,[14068],2020_PC-20W-2-1_bin.31.purify_k141_1475326,2020_PC-20W-2-1_bin.31.purify_k141_1475326_322-853,2020_PC-20W-2-1_bin.31.purify_k141_1475326_2(Fam_12815 [★Target]) --> 2020_PC-20W-2-1_bin.31.purify_k141_1475326_3(Fam_14068 [★Target])
"(3265, 4028)",4,[4028],2020_BMC-W-1-1_bin.3.purify_k141_148418,2020_BMC-W-1-1_bin.3.purify_k141_148418_773-2464,2020_BMC-W-1-1_bin.3.purify_k141_148418_3(Fam_4028 [★Target]) --> 2020_BMC-W-1-1_bin.3.purify_k141_148418_4(Fam_3265 [★Target])
"(3265, 4028)",4,[4028],2020_CE-20W-3-1_bin.164.purify_k141_1166111,2020_CE-20W-3-1_bin.164.purify_k141_1166111_1660-3440,2020_CE-20W-3-1_bin.164.purify_k141_1166111_4(Fam_3265 [★Target]) --> 2020_CE-20W-3-1_bin.164.purify_k141_1166111_5(Fam_4028 [★Target])
"(3265, 4028)",4,[4028],2020_SLSD2-W1_bin.110.purify_k141_406276,2020_SLSD2-W1_bin.110.purify_k141_406276_450-3418,2020_SLSD2-W1_bin.110.purify_k141_406276_2(Fam_3265 [★Target]) --> 2020_SLSD2-W1_bin.110.purify_k141_406276_3(Fam_4028 [★Target]) --> 2020_SLSD2-W1_bin.110.purify_k141_406276_4(Fam_13173)
"(3265, 4028)",4,[4028],2021-BMC-LBM1_bin.29.purify_k141_372093,2021-BMC-LBM1_bin.29.purify_k141_372093_3008-4600,2021-BMC-LBM1_bin.29.purify_k141_372093_6(Fam_4028 [★Target]) --> 2021-BMC-LBM1_bin.29.purify_k141_372093_7(Fam_3265 [★Target])
"(3265, 4028)",4,[4028],2021-BQZB-W1+_bin.21.purify_k127_470547,2021-BQZB-W1+_bin.21.purify_k127_470547_3-1730,2021-BQZB-W1+_bin.21.purify_k127_470547_1(Fam_3265 [★Target]) --> 2021-BQZB-W1+_bin.21.purify_k127_470547_2(Fam_4028 [★Target])
"(8133, 13552)",4,"[8133, 13552]",2020_CE-20W-1-0m-1_bin.217.purify_k141_1245554,2020_CE-20W-1-0m-1_bin.217.purify_k141_1245554_8379-9832,2020_CE-20W-1-0m-1_bin.217.purify_k141_1245554_6(Fam_8133 [★Target]) --> 2020_CE-20W-1-0m-1_bin.217.purify_k141_1245554_7(Fam_13552 [★Target])
"(8133, 13552)",4,"[8133, 13552]",2020_CE-N-W-1_bin.8.purify_k141_134248,2020_CE-N-W-1_bin.8.purify_k141_134248_8239-9692,2020_CE-N-W-1_bin.8.purify_k141_134248_6(Fam_8133 [★Target]) --> 2020_CE-N-W-1_bin.8.purify_k141_134248_7(Fam_13552 [★Target])
"(8133, 13552)",4,"[8133, 13552]",2020_CE-X-W-2_bin.3.purify_k141_1006392,2020_CE-X-W-2_bin.3.purify_k141_1006392_8239-9692,2020_CE-X-W-2_bin.3.purify_k141_1006392_6(Fam_8133 [★Target]) --> 2020_CE-X-W-2_bin.3.purify_k141_1006392_7(Fam_13552 [★Target])
"(8133, 13552)",4,"[8133, 13552]",CE-B-W-2_bin.35.purify_k141_94361,CE-B-W-2_bin.35.purify_k141_94361_11178-12631,CE-B-W-2_bin.35.purify_k141_94361_6(Fam_8133 [★Target]) --> CE-B-W-2_bin.35.purify_k141_94361_7(Fam_13552 [★Target])
"(6794, 9481)",4,[9481],2020_BMC-W-1-1_bin.24.purify_k141_267900,2020_BMC-W-1-1_bin.24.purify_k141_267900_18379-20046,2020_BMC-W-1-1_bin.24.purify_k141_267900_17(Fam_6794 [★Target]) --> 2020_BMC-W-1-1_bin.24.purify_k141_267900_18(Fam_9481 [★Target])
"(6794, 9481)",4,[9481],2021-BQZBHK-W6_bin.116.purify_k127_424965,2021-BQZBHK-W6_bin.116.purify_k127_424965_8951-10618,2021-BQZBHK-W6_bin.116.purify_k127_424965_9(Fam_6794 [★Target]) --> 2021-BQZBHK-W6_bin.116.purify_k127_424965_10(Fam_9481 [★Target])
"(6794, 9481)",4,[9481],2021-BQZBHK-W7_bin.146.purify_k127_1138702,2021-BQZBHK-W7_bin.146.purify_k127_1138702_22417-24084,2021-BQZBHK-W7_bin.146.purify_k127_1138702_21(Fam_6794 [★Target]) --> 2021-BQZBHK-W7_bin.146.purify_k127_1138702_22(Fam_9481 [★Target])
"(6794, 9481)",4,[9481],2021-CE-W4_bin.62.purify_k127_848046,2021-CE-W4_bin.62.purify_k127_848046_23980-25647,2021-CE-W4_bin.62.purify_k127_848046_21(Fam_6794 [★Target]) --> 2021-CE-W4_bin.62.purify_k127_848046_22(Fam_9481 [★Target])
"(5611, 12033)",4,[12033],2020_JNYC-20W-1-100m-1_bin.117.purify_k141_782964,2020_JNYC-20W-1-100m-1_bin.117.purify_k141_782964_9315-10722,2020_JNYC-20W-1-100m-1_bin.117.purify_k141_782964_13(Fam_5611 [★Target]) --> 2020_JNYC-20W-1-100m-1_bin.117.purify_k141_782964_14(Fam_12033 [★Target])
"(5611, 12033)",4,[12033],2020_JNYC-20W-1-60m-1_bin.159.purify_k141_1233343,2020_JNYC-20W-1-60m-1_bin.159.purify_k141_1233343_9315-10722,2020_JNYC-20W-1-60m-1_bin.159.purify_k141_1233343_13(Fam_5611 [★Target]) --> 2020_JNYC-20W-1-60m-1_bin.159.purify_k141_1233343_14(Fam_12033 [★Target])
"(5611, 12033)",4,[12033],2020_JNYC-20W-1-80m-1_bin.87.purify_k141_324697,2020_JNYC-20W-1-80m-1_bin.87.purify_k141_324697_9315-10722,2020_JNYC-20W-1-80m-1_bin.87.purify_k141_324697_13(Fam_5611 [★Target]) --> 2020_JNYC-20W-1-80m-1_bin.87.purify_k141_324697_14(Fam_12033 [★Target])
"(5611, 12033)",4,[12033],2020_JNYC-20W-2-1_bin.117.purify_k141_1052887,2020_JNYC-20W-2-1_bin.117.purify_k141_1052887_9315-10722,2020_JNYC-20W-2-1_bin.117.purify_k141_1052887_13(Fam_5611 [★Target]) --> 2020_JNYC-20W-2-1_bin.117.purify_k141_1052887_14(Fam_12033 [★Target])
"(3012, 10576)",4,"[3012, 10576]",2021-BQZBHK-W5_bin.82.purify_k127_513193,2021-BQZBHK-W5_bin.82.purify_k127_513193_4939-6857,2021-BQZBHK-W5_bin.82.purify_k127_513193_5(Fam_3012 [★Target]) --> 2021-BQZBHK-W5_bin.82.purify_k127_513193_6(Fam_10576 [★Target])
"(3012, 10576)",4,"[3012, 10576]",2021-SLCB-W1_bin.3.purify_k127_423542,2021-SLCB-W1_bin.3.purify_k127_423542_4947-6865,2021-SLCB-W1_bin.3.purify_k127_423542_5(Fam_3012 [★Target]) --> 2021-SLCB-W1_bin.3.purify_k127_423542_6(Fam_10576 [★Target])
"(3012, 10576)",4,"[3012, 10576]",2021-SLCB-W3_bin.61.purify_k127_436323,2021-SLCB-W3_bin.61.purify_k127_436323_4939-6857,2021-SLCB-W3_bin.61.purify_k127_436323_5(Fam_3012 [★Target]) --> 2021-SLCB-W3_bin.61.purify_k127_436323_6(Fam_10576 [★Target])
"(3012, 10576)",4,"[3012, 10576]",2021-SLCB-W5_bin.96.purify_k127_4217250,2021-SLCB-W5_bin.96.purify_k127_4217250_4939-6842,2021-SLCB-W5_bin.96.purify_k127_4217250_5(Fam_3012 [★Target]) --> 2021-SLCB-W5_bin.96.purify_k127_4217250_6(Fam_10576 [★Target])
"(1468, 9611)",4,[9611],2020_GHH17-W1_bin.4.purify_k141_1134562,2020_GHH17-W1_bin.4.purify_k141_1134562_32550-35067,2020_GHH17-W1_bin.4.purify_k141_1134562_30(Fam_1468 [★Target]) --> 2020_GHH17-W1_bin.4.purify_k141_1134562_31(Fam_9611 [★Target])
"(1468, 9611)",4,[9611],2020_NRPC-20W-1-7.5m-1_bin.28.purify_k141_159242,2020_NRPC-20W-1-7.5m-1_bin.28.purify_k141_159242_904-3421,2020_NRPC-20W-1-7.5m-1_bin.28.purify_k141_159242_3(Fam_9611 [★Target]) --> 2020_NRPC-20W-1-7.5m-1_bin.28.purify_k141_159242_4(Fam_1468 [★Target])
"(1468, 9611)",4,[9611],2020_QHH6-W1_bin.88.purify_k141_15249,2020_QHH6-W1_bin.88.purify_k141_15249_2331-4848,2020_QHH6-W1_bin.88.purify_k141_15249_5(Fam_9611 [★Target]) --> 2020_QHH6-W1_bin.88.purify_k141_15249_6(Fam_1468 [★Target])
"(1468, 9611)",4,[9611],2021-YMQ5-W1_bin.50.purify_k141_508845,2021-YMQ5-W1_bin.50.purify_k141_508845_2826-5343,2021-YMQ5-W1_bin.50.purify_k141_508845_5(Fam_9611 [★Target]) --> 2021-YMQ5-W1_bin.50.purify_k141_508845_6(Fam_1468 [★Target])
"(3331, 5712)",4,[5712],2020_CE-D-W-1_bin.166.purify_k141_277724,2020_CE-D-W-1_bin.166.purify_k141_277724_167-2492,2020_CE-D-W-1_bin.166.purify_k141_277724_2(Fam_5712 [★Target]) --> 2020_CE-D-W-1_bin.166.purify_k141_277724_3(Fam_3331 [★Target])
"(3331, 5712)",4,[5712],2020_CE-N-W-2_bin.44.purify_k141_902514,2020_CE-N-W-2_bin.44.purify_k141_902514_4775-7178,2020_CE-N-W-2_bin.44.purify_k141_902514_4(Fam_5712 [★Target]) --> 2020_CE-N-W-2_bin.44.purify_k141_902514_5(Fam_3331 [★Target])
"(3331, 5712)",4,[5712],2021-BQZBHK-W3_bin.20.purify_k127_1362591,2021-BQZBHK-W3_bin.20.purify_k127_1362591_8467-10870,2021-BQZBHK-W3_bin.20.purify_k127_1362591_7(Fam_5712 [★Target]) --> 2021-BQZBHK-W3_bin.20.purify_k127_1362591_8(Fam_3331 [★Target])
"(3331, 5712)",4,[5712],2021-BQZBHK-W5_bin.91.purify_k127_775362,2021-BQZBHK-W5_bin.91.purify_k127_775362_9293-11696,2021-BQZBHK-W5_bin.91.purify_k127_775362_9(Fam_5712 [★Target]) --> 2021-BQZBHK-W5_bin.91.purify_k127_775362_10(Fam_3331 [★Target])
"(1785, 3524)",4,[1785],2020_JNYC-20W-1-100m-1_bin.163.purify_k141_35632,2020_JNYC-20W-1-100m-1_bin.163.purify_k141_35632_21913-24968,2020_JNYC-20W-1-100m-1_bin.163.purify_k141_35632_18(Fam_1785 [★Target]) --> 2020_JNYC-20W-1-100m-1_bin.163.purify_k141_35632_19(Fam_3524 [★Target])
"(1785, 3524)",4,[1785],2020_JNYC-20W-1-60m-1_bin.172.purify_k141_198757,2020_JNYC-20W-1-60m-1_bin.172.purify_k141_198757_571-3626,2020_JNYC-20W-1-60m-1_bin.172.purify_k141_198757_2(Fam_3524 [★Target]) --> 2020_JNYC-20W-1-60m-1_bin.172.purify_k141_198757_3(Fam_1785 [★Target])
"(1785, 3524)",4,[1785],2020_JNYC-20W-1-80m-1_bin.151.purify_k141_921482,2020_JNYC-20W-1-80m-1_bin.151.purify_k141_921482_880-3935,2020_JNYC-20W-1-80m-1_bin.151.purify_k141_921482_2(Fam_3524 [★Target]) --> 2020_JNYC-20W-1-80m-1_bin.151.purify_k141_921482_3(Fam_1785 [★Target])
"(1785, 3524)",4,[1785],2020_JNYC-20W-2-1_bin.54.purify_k141_141972,2020_JNYC-20W-2-1_bin.54.purify_k141_141972_7132-10187,2020_JNYC-20W-2-1_bin.54.purify_k141_141972_6(Fam_1785 [★Target]) --> 2020_JNYC-20W-2-1_bin.54.purify_k141_141972_7(Fam_3524 [★Target])
"(5318, 10371)",4,[10371],2020_CE-20W-1-0m-1_bin.69.purify_k141_458655,2020_CE-20W-1-0m-1_bin.69.purify_k141_458655_8089-9929,2020_CE-20W-1-0m-1_bin.69.purify_k141_458655_8(Fam_5318 [★Target]) --> 2020_CE-20W-1-0m-1_bin.69.purify_k141_458655_9(Fam_10371 [★Target])
"(5318, 10371)",4,[10371],2020_CE-20W-1-5m-1_bin.65.purify_k141_721896,2020_CE-20W-1-5m-1_bin.65.purify_k141_721896_328-2168,2020_CE-20W-1-5m-1_bin.65.purify_k141_721896_1(Fam_10371 [★Target]) --> 2020_CE-20W-1-5m-1_bin.65.purify_k141_721896_2(Fam_5318 [★Target])
"(5318, 10371)",4,[10371],2020_CE-20W-2-1_bin.45.purify_k141_1685722,2020_CE-20W-2-1_bin.45.purify_k141_1685722_8288-10128,2020_CE-20W-2-1_bin.45.purify_k141_1685722_8(Fam_5318 [★Target]) --> 2020_CE-20W-2-1_bin.45.purify_k141_1685722_9(Fam_10371 [★Target])
"(5318, 10371)",4,[10371],2020_CE-20W-3-1_bin.131.purify_k141_69158,2020_CE-20W-3-1_bin.131.purify_k141_69158_328-2168,2020_CE-20W-3-1_bin.131.purify_k141_69158_1(Fam_10371 [★Target]) --> 2020_CE-20W-3-1_bin.131.purify_k141_69158_2(Fam_5318 [★Target])
"(1034, 9179)",4,[9179],2020_CE-D-W-1_bin.64.purify_k141_549174,2020_CE-D-W-1_bin.64.purify_k141_549174_18731-21703,2020_CE-D-W-1_bin.64.purify_k141_549174_20(Fam_1034 [★Target]) --> 2020_CE-D-W-1_bin.64.purify_k141_549174_21(Fam_9179 [★Target])
"(1034, 9179)",4,[9179],2020_CE-X-W-1_bin.66.purify_k141_850113,2020_CE-X-W-1_bin.66.purify_k141_850113_18731-21703,2020_CE-X-W-1_bin.66.purify_k141_850113_20(Fam_1034 [★Target]) --> 2020_CE-X-W-1_bin.66.purify_k141_850113_21(Fam_9179 [★Target])
"(1034, 9179)",4,[9179],2020_CE-X-W-2_bin.100.purify_k141_609259,2020_CE-X-W-2_bin.100.purify_k141_609259_18731-21703,2020_CE-X-W-2_bin.100.purify_k141_609259_20(Fam_1034 [★Target]) --> 2020_CE-X-W-2_bin.100.purify_k141_609259_21(Fam_9179 [★Target])
"(1034, 9179)",4,[9179],CE-B-W-2_bin.106.purify_k141_46598,CE-B-W-2_bin.106.purify_k141_46598_18731-21703,CE-B-W-2_bin.106.purify_k141_46598_20(Fam_1034 [★Target]) --> CE-B-W-2_bin.106.purify_k141_46598_21(Fam_9179 [★Target])
"(7067, 12396)",4,[12396],2020_SLC-w-6_bin.212.purify_k141_317525,2020_SLC-w-6_bin.212.purify_k141_317525_17723-18218,2020_SLC-w-6_bin.212.purify_k141_317525_16(Fam_7067 [★Target]) --> 2020_SLC-w-6_bin.212.purify_k141_317525_17(Fam_12396 [★Target])
"(7067, 12396)",4,[12396],2020_YM-W-3_bin.72.purify_k141_318537,2020_YM-W-3_bin.72.purify_k141_318537_17088-17583,2020_YM-W-3_bin.72.purify_k141_318537_15(Fam_7067 [★Target]) --> 2020_YM-W-3_bin.72.purify_k141_318537_16(Fam_12396 [★Target])
"(7067, 12396)",4,[12396],2021-BQZBHK-W1_bin.16.purify_k127_369192,2021-BQZBHK-W1_bin.16.purify_k127_369192_64-559,2021-BQZBHK-W1_bin.16.purify_k127_369192_1(Fam_12396 [★Target]) --> 2021-BQZBHK-W1_bin.16.purify_k127_369192_2(Fam_7067 [★Target])
"(7067, 12396)",4,[12396],2021-SLCB-W5_bin.67.purify_k127_135405,2021-SLCB-W5_bin.67.purify_k127_135405_22015-22510,2021-SLCB-W5_bin.67.purify_k127_135405_18(Fam_7067 [★Target]) --> 2021-SLCB-W5_bin.67.purify_k127_135405_19(Fam_12396 [★Target])
"(981, 12682)",4,[981],2021-BQZBHK-W3_bin.97.purify_k127_126103,2021-BQZBHK-W3_bin.97.purify_k127_126103_3-2840,2021-BQZBHK-W3_bin.97.purify_k127_126103_1(Fam_981 [★Target]) --> 2021-BQZBHK-W3_bin.97.purify_k127_126103_2(Fam_12682 [★Target])
"(981, 12682)",4,[981],2021-QHH-W1_bin.74.purify_k141_749905,2021-QHH-W1_bin.74.purify_k141_749905_3-2822,2021-QHH-W1_bin.74.purify_k141_749905_1(Fam_981 [★Target]) --> 2021-QHH-W1_bin.74.purify_k141_749905_2(Fam_12682 [★Target])
"(981, 12682)",4,[981],2021-SLCB-W1_bin.26.purify_k127_814268,2021-SLCB-W1_bin.26.purify_k127_814268_2-2584,2021-SLCB-W1_bin.26.purify_k127_814268_1(Fam_981 [★Target]) --> 2021-SLCB-W1_bin.26.purify_k127_814268_2(Fam_12682 [★Target])
"(981, 12682)",4,[981],2021-ZJZB-W70_bin.66.purify_k127_1048071,2021-ZJZB-W70_bin.66.purify_k127_1048071_1-2886,2021-ZJZB-W70_bin.66.purify_k127_1048071_1(Fam_981 [★Target]) --> 2021-ZJZB-W70_bin.66.purify_k127_1048071_2(Fam_12682 [★Target])
"(3894, 12511)",4,[12511],2021-BQZBHK-W3_bin.82.purify_k127_1250924,2021-BQZBHK-W3_bin.82.purify_k127_1250924_1-1870,2021-BQZBHK-W3_bin.82.purify_k127_1250924_1(Fam_12511 [★Target]) --> 2021-BQZBHK-W3_bin.82.purify_k127_1250924_2(Fam_3894 [★Target])
"(3894, 12511)",4,[12511],2021-BQZBHK-W5_bin.127.purify_k127_655022,2021-BQZBHK-W5_bin.127.purify_k127_655022_1-1870,2021-BQZBHK-W5_bin.127.purify_k127_655022_1(Fam_12511 [★Target]) --> 2021-BQZBHK-W5_bin.127.purify_k127_655022_2(Fam_3894 [★Target])
"(3894, 12511)",4,[12511],2021-SLCB-W1_bin.93.purify_k127_668323,2021-SLCB-W1_bin.93.purify_k127_668323_1-1870,2021-SLCB-W1_bin.93.purify_k127_668323_1(Fam_12511 [★Target]) --> 2021-SLCB-W1_bin.93.purify_k127_668323_2(Fam_3894 [★Target])
"(3894, 12511)",4,[12511],2021-SLCB-W3_bin.62.purify_k127_971883,2021-SLCB-W3_bin.62.purify_k127_971883_1-1870,2021-SLCB-W3_bin.62.purify_k127_971883_1(Fam_12511 [★Target]) --> 2021-SLCB-W3_bin.62.purify_k127_971883_2(Fam_3894 [★Target])
"(736, 1677)",4,"[736, 1677]",H1-1_bin.12.purify_k141_12161_length_40752_cov_11.5293,H1-1_bin.12.purify_k141_12161_length_40752_cov_11.5293_3646-8074,H1-1_bin.12.purify_k141_12161_length_40752_cov_11.5293_6(Fam_1677 [★Target]) --> H1-1_bin.12.purify_k141_12161_length_40752_cov_11.5293_7(Fam_736 [★Target])
"(736, 1677)",4,"[736, 1677]",H1-3_bin.21.purify_k141_366254_length_42890_cov_9.0000,H1-3_bin.21.purify_k141_366254_length_42890_cov_9.0000_32786-37214,H1-3_bin.21.purify_k141_366254_length_42890_cov_9.0000_37(Fam_736 [★Target]) --> H1-3_bin.21.purify_k141_366254_length_42890_cov_9.0000_38(Fam_1677 [★Target])
"(736, 1677)",4,"[736, 1677]",HS-28-1_bin.35.purify_k141_235019,HS-28-1_bin.35.purify_k141_235019_7210-11615,HS-28-1_bin.35.purify_k141_235019_10(Fam_1677 [★Target]) --> HS-28-1_bin.35.purify_k141_235019_11(Fam_736 [★Target])
"(736, 1677)",4,"[736, 1677]",HS-28-2_bin.36.purify_k141_32574,HS-28-2_bin.36.purify_k141_32574_75747-80152,HS-28-2_bin.36.purify_k141_32574_96(Fam_736 [★Target]) --> HS-28-2_bin.36.purify_k141_32574_97(Fam_1677 [★Target])
"(3133, 12698)",4,[12698],2020_KMC-20W-1-23m-1_bin.309.purify_k141_2848298,2020_KMC-20W-1-23m-1_bin.309.purify_k141_2848298_52-1791,2020_KMC-20W-1-23m-1_bin.309.purify_k141_2848298_1(Fam_12698 [★Target]) --> 2020_KMC-20W-1-23m-1_bin.309.purify_k141_2848298_2(Fam_3133 [★Target])
"(3133, 12698)",4,[12698],2020_TMRSD2-W1_bin.82.purify_k141_61049,2020_TMRSD2-W1_bin.82.purify_k141_61049_57-1797,2020_TMRSD2-W1_bin.82.purify_k141_61049_1(Fam_12698 [★Target]) --> 2020_TMRSD2-W1_bin.82.purify_k141_61049_2(Fam_3133 [★Target])
"(3133, 12698)",4,[12698],2021-BC-W03_bin.70.purify_k127_598195,2021-BC-W03_bin.70.purify_k127_598195_63-1803,2021-BC-W03_bin.70.purify_k127_598195_1(Fam_12698 [★Target]) --> 2021-BC-W03_bin.70.purify_k127_598195_2(Fam_3133 [★Target])
"(3133, 12698)",4,[12698],2021-ZJZB-W21_bin.76.purify_k127_4174867,2021-ZJZB-W21_bin.76.purify_k127_4174867_83-1823,2021-ZJZB-W21_bin.76.purify_k127_4174867_1(Fam_12698 [★Target]) --> 2021-ZJZB-W21_bin.76.purify_k127_4174867_2(Fam_3133 [★Target])
"(6552, 8218)",4,[8218],2019_TBLU-08_bin.1.purify_k141_217732,2019_TBLU-08_bin.1.purify_k141_217732_1-1760,2019_TBLU-08_bin.1.purify_k141_217732_1(Fam_8218 [★Target]) --> 2019_TBLU-08_bin.1.purify_k141_217732_2(Fam_6552 [★Target])
"(6552, 8218)",4,[8218],2020_KMC-20W-1-20m-1_bin.51.purify_k141_582164,2020_KMC-20W-1-20m-1_bin.51.purify_k141_582164_10560-11641,2020_KMC-20W-1-20m-1_bin.51.purify_k141_582164_15(Fam_6552 [★Target]) --> 2020_KMC-20W-1-20m-1_bin.51.purify_k141_582164_16(Fam_8218 [★Target])
"(6552, 8218)",4,[8218],2020_ZJZB-W-1_bin.142.purify_k141_866084,2020_ZJZB-W-1_bin.142.purify_k141_866084_340-2049,2020_ZJZB-W-1_bin.142.purify_k141_866084_2(Fam_6552 [★Target]) --> 2020_ZJZB-W-1_bin.142.purify_k141_866084_3(Fam_8218 [★Target])
"(6552, 8218)",4,[8218],2021-CBL-W1_bin.162.purify_k127_2340998,2021-CBL-W1_bin.162.purify_k127_2340998_1-1726,2021-CBL-W1_bin.162.purify_k127_2340998_1(Fam_8218 [★Target]) --> 2021-CBL-W1_bin.162.purify_k127_2340998_2(Fam_6552 [★Target])
"(678, 5256)",4,[5256],2020_CN-DB-w-2_bin.26.purify_k141_72536,2020_CN-DB-w-2_bin.26.purify_k141_72536_12247-15740,2020_CN-DB-w-2_bin.26.purify_k141_72536_13(Fam_678 [★Target]) --> 2020_CN-DB-w-2_bin.26.purify_k141_72536_14(Fam_5256 [★Target])
"(678, 5256)",4,[5256],2020_CN-D-w-2_bin.28.purify_k141_505109,2020_CN-D-w-2_bin.28.purify_k141_505109_12405-15898,2020_CN-D-w-2_bin.28.purify_k141_505109_13(Fam_678 [★Target]) --> 2020_CN-D-w-2_bin.28.purify_k141_505109_14(Fam_5256 [★Target])
"(678, 5256)",4,[5256],2020_CN-N-W-2-4.9m_bin.10.purify_k141_486944,2020_CN-N-W-2-4.9m_bin.10.purify_k141_486944_12247-15740,2020_CN-N-W-2-4.9m_bin.10.purify_k141_486944_12(Fam_678 [★Target]) --> 2020_CN-N-W-2-4.9m_bin.10.purify_k141_486944_13(Fam_5256 [★Target])
"(678, 5256)",4,[5256],2020_CN-N-W-3_bin.13.purify_k141_333027,2020_CN-N-W-3_bin.13.purify_k141_333027_12247-15740,2020_CN-N-W-3_bin.13.purify_k141_333027_13(Fam_678 [★Target]) --> 2020_CN-N-W-3_bin.13.purify_k141_333027_14(Fam_5256 [★Target])
"(1005, 1299)",4,[1005],2020_GMZ15-W1_bin.100.purify_k141_1039301,2020_GMZ15-W1_bin.100.purify_k141_1039301_9075-13448,2020_GMZ15-W1_bin.100.purify_k141_1039301_13(Fam_1299 [★Target]) --> 2020_GMZ15-W1_bin.100.purify_k141_1039301_14(Fam_1005 [★Target])
"(1005, 1299)",4,[1005],2020_QHH13-W1_bin.29.purify_k141_67285,2020_QHH13-W1_bin.29.purify_k141_67285_3-4064,2020_QHH13-W1_bin.29.purify_k141_67285_1(Fam_1005 [★Target]) --> 2020_QHH13-W1_bin.29.purify_k141_67285_2(Fam_1299 [★Target])
"(1005, 1299)",4,[1005],2020_QHH9-W1_bin.108.purify_k141_1069121,2020_QHH9-W1_bin.108.purify_k141_1069121_121-4494,2020_QHH9-W1_bin.108.purify_k141_1069121_2(Fam_1005 [★Target]) --> 2020_QHH9-W1_bin.108.purify_k141_1069121_3(Fam_1299 [★Target])
"(1005, 1299)",4,[1005],2021-BQZBHK-W2_bin.112.purify_k127_380027,2021-BQZBHK-W2_bin.112.purify_k127_380027_1394-5032,2021-BQZBHK-W2_bin.112.purify_k127_380027_3(Fam_1299 [★Target]) --> 2021-BQZBHK-W2_bin.112.purify_k127_380027_4(Fam_1005 [★Target])
"(7824, 9687)",4,[9687],2020_CN-D-w-1_bin.84.purify_k141_266922,2020_CN-D-w-1_bin.84.purify_k141_266922_23927-25323,2020_CN-D-w-1_bin.84.purify_k141_266922_19(Fam_7824 [★Target]) --> 2020_CN-D-w-1_bin.84.purify_k141_266922_20(Fam_9687 [★Target])
"(7824, 9687)",4,[9687],2020_CN-D-w-2_bin.117.purify_k141_697993,2020_CN-D-w-2_bin.117.purify_k141_697993_20644-22040,2020_CN-D-w-2_bin.117.purify_k141_697993_16(Fam_9687 [★Target]) --> 2020_CN-D-w-2_bin.117.purify_k141_697993_17(Fam_7824 [★Target])
"(7824, 9687)",4,[9687],2020_CN-N-W-1_bin.81.purify_k141_350800,2020_CN-N-W-1_bin.81.purify_k141_350800_1369-2765,2020_CN-N-W-1_bin.81.purify_k141_350800_2(Fam_7824 [★Target]) --> 2020_CN-N-W-1_bin.81.purify_k141_350800_3(Fam_9687 [★Target])
"(7824, 9687)",4,[9687],2020_CN-N-W-2-4.9m_bin.78.purify_k141_735281,2020_CN-N-W-2-4.9m_bin.78.purify_k141_735281_23967-25363,2020_CN-N-W-2-4.9m_bin.78.purify_k141_735281_19(Fam_7824 [★Target]) --> 2020_CN-N-W-2-4.9m_bin.78.purify_k141_735281_20(Fam_9687 [★Target])
"(3761, 10958)",4,[3761],2020_CN-DB-w-2_bin.190.purify_k141_324697,2020_CN-DB-w-2_bin.190.purify_k141_324697_2088-3836,2020_CN-DB-w-2_bin.190.purify_k141_324697_3(Fam_3761 [★Target]) --> 2020_CN-DB-w-2_bin.190.purify_k141_324697_4(Fam_10958 [★Target])
"(3761, 10958)",4,[3761],2020_CN-D-w-1_bin.61.purify_k141_811163,2020_CN-D-w-1_bin.61.purify_k141_811163_2443-4191,2020_CN-D-w-1_bin.61.purify_k141_811163_7(Fam_10958 [★Target]) --> 2020_CN-D-w-1_bin.61.purify_k141_811163_8(Fam_3761 [★Target])
"(3761, 10958)",4,[3761],2021-CNB-W1_bin.15.purify_k127_997652,2021-CNB-W1_bin.15.purify_k127_997652_2742-4490,2021-CNB-W1_bin.15.purify_k127_997652_7(Fam_10958 [★Target]) --> 2021-CNB-W1_bin.15.purify_k127_997652_8(Fam_3761 [★Target])
"(3761, 10958)",4,[3761],2021-CNXB-W2_bin.4.purify_k127_751316,2021-CNXB-W2_bin.4.purify_k127_751316_2443-4191,2021-CNXB-W2_bin.4.purify_k127_751316_7(Fam_10958 [★Target]) --> 2021-CNXB-W2_bin.4.purify_k127_751316_8(Fam_3761 [★Target])
"(105, 201, 557, 674, 1173, 1194, 2668, 3083, 7066, 9410, 10520)",4,[10520],2020_CE-B-W-1_bin.60.purify_k141_804807,2020_CE-B-W-1_bin.60.purify_k141_804807_44659-67809,2020_CE-B-W-1_bin.60.purify_k141_804807_32(Fam_10520 [★Target]) --> 2020_CE-B-W-1_bin.60.purify_k141_804807_34(Fam_9410 [★Target]) --> 2020_CE-B-W-1_bin.60.purify_k141_804807_35(Fam_201 [★Target]) --> 2020_CE-B-W-1_bin.60.purify_k141_804807_36(Fam_105 [★Target]) --> 2020_CE-B-W-1_bin.60.purify_k141_804807_37(Fam_557 [★Target]) --> 2020_CE-B-W-1_bin.60.purify_k141_804807_38(Fam_3083 [★Target]) --> 2020_CE-B-W-1_bin.60.purify_k141_804807_39(Fam_1173 [★Target]) --> 2020_CE-B-W-1_bin.60.purify_k141_804807_40(Fam_1194 [★Target]) --> 2020_CE-B-W-1_bin.60.purify_k141_804807_41(Fam_7066 [★Target]) --> 2020_CE-B-W-1_bin.60.purify_k141_804807_42(Fam_2668 [★Target]) --> 2020_CE-B-W-1_bin.60.purify_k141_804807_43(Fam_674 [★Target])
"(105, 201, 557, 674, 1173, 1194, 2668, 3083, 7066, 9410, 10520)",4,[10520],2020_CE-D-W-1_bin.58.purify_k141_117587,2020_CE-D-W-1_bin.58.purify_k141_117587_44659-67809,2020_CE-D-W-1_bin.58.purify_k141_117587_32(Fam_10520 [★Target]) --> 2020_CE-D-W-1_bin.58.purify_k141_117587_34(Fam_9410 [★Target]) --> 2020_CE-D-W-1_bin.58.purify_k141_117587_35(Fam_201 [★Target]) --> 2020_CE-D-W-1_bin.58.purify_k141_117587_36(Fam_105 [★Target]) --> 2020_CE-D-W-1_bin.58.purify_k141_117587_37(Fam_557 [★Target]) --> 2020_CE-D-W-1_bin.58.purify_k141_117587_38(Fam_3083 [★Target]) --> 2020_CE-D-W-1_bin.58.purify_k141_117587_39(Fam_1173 [★Target]) --> 2020_CE-D-W-1_bin.58.purify_k141_117587_40(Fam_1194 [★Target]) --> 2020_CE-D-W-1_bin.58.purify_k141_117587_41(Fam_7066 [★Target]) --> 2020_CE-D-W-1_bin.58.purify_k141_117587_42(Fam_2668 [★Target]) --> 2020_CE-D-W-1_bin.58.purify_k141_117587_43(Fam_674 [★Target])
"(105, 201, 557, 674, 1173, 1194, 2668, 3083, 7066, 9410, 10520)",4,[10520],2020_CE-D-W-2_bin.57.purify_k141_701339,2020_CE-D-W-2_bin.57.purify_k141_701339_44659-67809,2020_CE-D-W-2_bin.57.purify_k141_701339_32(Fam_10520 [★Target]) --> 2020_CE-D-W-2_bin.57.purify_k141_701339_34(Fam_9410 [★Target]) --> 2020_CE-D-W-2_bin.57.purify_k141_701339_35(Fam_201 [★Target]) --> 2020_CE-D-W-2_bin.57.purify_k141_701339_36(Fam_105 [★Target]) --> 2020_CE-D-W-2_bin.57.purify_k141_701339_37(Fam_557 [★Target]) --> 2020_CE-D-W-2_bin.57.purify_k141_701339_38(Fam_3083 [★Target]) --> 2020_CE-D-W-2_bin.57.purify_k141_701339_39(Fam_1173 [★Target]) --> 2020_CE-D-W-2_bin.57.purify_k141_701339_40(Fam_1194 [★Target]) --> 2020_CE-D-W-2_bin.57.purify_k141_701339_41(Fam_7066 [★Target]) --> 2020_CE-D-W-2_bin.57.purify_k141_701339_42(Fam_2668 [★Target]) --> 2020_CE-D-W-2_bin.57.purify_k141_701339_43(Fam_674 [★Target])
"(105, 201, 557, 674, 1173, 1194, 2668, 3083, 7066, 9410, 10520)",4,[10520],2020_CE-X-W-2_bin.32.purify_k141_992130,2020_CE-X-W-2_bin.32.purify_k141_992130_44659-67809,2020_CE-X-W-2_bin.32.purify_k141_992130_32(Fam_10520 [★Target]) --> 2020_CE-X-W-2_bin.32.purify_k141_992130_34(Fam_9410 [★Target]) --> 2020_CE-X-W-2_bin.32.purify_k141_992130_35(Fam_201 [★Target]) --> 2020_CE-X-W-2_bin.32.purify_k141_992130_36(Fam_105 [★Target]) --> 2020_CE-X-W-2_bin.32.purify_k141_992130_37(Fam_557 [★Target]) --> 2020_CE-X-W-2_bin.32.purify_k141_992130_38(Fam_3083 [★Target]) --> 2020_CE-X-W-2_bin.32.purify_k141_992130_39(Fam_1173 [★Target]) --> 2020_CE-X-W-2_bin.32.purify_k141_992130_40(Fam_1194 [★Target]) --> 2020_CE-X-W-2_bin.32.purify_k141_992130_41(Fam_7066 [★Target]) --> 2020_CE-X-W-2_bin.32.purify_k141_992130_42(Fam_2668 [★Target]) --> 2020_CE-X-W-2_bin.32.purify_k141_992130_43(Fam_674 [★Target])
"(3969, 5711, 7227)",4,[3969],2020_CE-B-W-1_bin.65.purify_k141_689893,2020_CE-B-W-1_bin.65.purify_k141_689893_1516-5829,2020_CE-B-W-1_bin.65.purify_k141_689893_2(Fam_3969 [★Target]) --> 2020_CE-B-W-1_bin.65.purify_k141_689893_5(Fam_7227 [★Target]) --> 2020_CE-B-W-1_bin.65.purify_k141_689893_6(Fam_5711 [★Target])
"(3969, 5711, 7227)",4,[3969],2020_CE-N-W-1_bin.45.purify_k141_41131,2020_CE-N-W-1_bin.45.purify_k141_41131_2144-6457,2020_CE-N-W-1_bin.45.purify_k141_41131_3(Fam_3969 [★Target]) --> 2020_CE-N-W-1_bin.45.purify_k141_41131_6(Fam_7227 [★Target]) --> 2020_CE-N-W-1_bin.45.purify_k141_41131_7(Fam_5711 [★Target])
"(3969, 5711, 7227)",4,[3969],2020_CE-X-W-1_bin.126.purify_k141_1250186,2020_CE-X-W-1_bin.126.purify_k141_1250186_2602-6915,2020_CE-X-W-1_bin.126.purify_k141_1250186_3(Fam_3969 [★Target]) --> 2020_CE-X-W-1_bin.126.purify_k141_1250186_6(Fam_7227 [★Target]) --> 2020_CE-X-W-1_bin.126.purify_k141_1250186_7(Fam_5711 [★Target])
"(3969, 5711, 7227)",4,[3969],2020_CE-X-W-2_bin.21.purify_k141_660502,2020_CE-X-W-2_bin.21.purify_k141_660502_2144-6457,2020_CE-X-W-2_bin.21.purify_k141_660502_3(Fam_3969 [★Target]) --> 2020_CE-X-W-2_bin.21.purify_k141_660502_6(Fam_7227 [★Target]) --> 2020_CE-X-W-2_bin.21.purify_k141_660502_7(Fam_5711 [★Target])
"(3580, 4504)",4,[4504],2020_JNYC-20W-1-0m-1_bin.59.purify_k141_1059311,2020_JNYC-20W-1-0m-1_bin.59.purify_k141_1059311_28063-30516,2020_JNYC-20W-1-0m-1_bin.59.purify_k141_1059311_24(Fam_3580 [★Target]) --> 2020_JNYC-20W-1-0m-1_bin.59.purify_k141_1059311_25(Fam_4504 [★Target])
"(3580, 4504)",4,[4504],2020_JNYC-20W-1-60m-1_bin.122.purify_k141_70412,2020_JNYC-20W-1-60m-1_bin.122.purify_k141_70412_28151-30604,2020_JNYC-20W-1-60m-1_bin.122.purify_k141_70412_25(Fam_3580 [★Target]) --> 2020_JNYC-20W-1-60m-1_bin.122.purify_k141_70412_26(Fam_4504 [★Target])
"(3580, 4504)",4,[4504],2020_JNYC-20W-1-80m-1_bin.165.purify_k141_1524604,2020_JNYC-20W-1-80m-1_bin.165.purify_k141_1524604_27321-29774,2020_JNYC-20W-1-80m-1_bin.165.purify_k141_1524604_24(Fam_3580 [★Target]) --> 2020_JNYC-20W-1-80m-1_bin.165.purify_k141_1524604_25(Fam_4504 [★Target])
"(3580, 4504)",4,[4504],2020_JNYC-20W-2-1_bin.90.purify_k141_574185,2020_JNYC-20W-2-1_bin.90.purify_k141_574185_28131-30584,2020_JNYC-20W-2-1_bin.90.purify_k141_574185_25(Fam_3580 [★Target]) --> 2020_JNYC-20W-2-1_bin.90.purify_k141_574185_26(Fam_4504 [★Target])
"(3212, 6069)",4,[3212],2020_CE-B-W-1_bin.78.purify_k141_1117636,2020_CE-B-W-1_bin.78.purify_k141_1117636_639-2878,2020_CE-B-W-1_bin.78.purify_k141_1117636_3(Fam_6069 [★Target]) --> 2020_CE-B-W-1_bin.78.purify_k141_1117636_4(Fam_3212 [★Target])
"(3212, 6069)",4,[3212],2020_JC-20W-1-0m-1_bin.100.purify_k141_70826,2020_JC-20W-1-0m-1_bin.100.purify_k141_70826_198-2446,2020_JC-20W-1-0m-1_bin.100.purify_k141_70826_1(Fam_3212 [★Target]) --> 2020_JC-20W-1-0m-1_bin.100.purify_k141_70826_2(Fam_6069 [★Target])
"(3212, 6069)",4,[3212],2020_JC-20W-2-1_bin.134.purify_k141_1715063,2020_JC-20W-2-1_bin.134.purify_k141_1715063_4613-6897,2020_JC-20W-2-1_bin.134.purify_k141_1715063_6(Fam_3212 [★Target]) --> 2020_JC-20W-2-1_bin.134.purify_k141_1715063_7(Fam_6069 [★Target])
"(3212, 6069)",4,[3212],2021-BQZBHK-W7_bin.155.purify_k127_223964,2021-BQZBHK-W7_bin.155.purify_k127_223964_379-2618,2021-BQZBHK-W7_bin.155.purify_k127_223964_2(Fam_6069 [★Target]) --> 2021-BQZBHK-W7_bin.155.purify_k127_223964_3(Fam_3212 [★Target])
"(5222, 6458)",4,[6458],2021-BQZB-W1_bin.46.purify_k127_180076,2021-BQZB-W1_bin.46.purify_k127_180076_603-2425,2021-BQZB-W1_bin.46.purify_k127_180076_3(Fam_5222 [★Target]) --> 2021-BQZB-W1_bin.46.purify_k127_180076_4(Fam_6458 [★Target])
"(5222, 6458)",4,[6458],2021-HH-W1_bin.94.purify_k141_390196,2021-HH-W1_bin.94.purify_k141_390196_10652-12544,2021-HH-W1_bin.94.purify_k141_390196_11(Fam_5222 [★Target]) --> 2021-HH-W1_bin.94.purify_k141_390196_12(Fam_6458 [★Target])
"(5222, 6458)",4,[6458],2021-SD-W71_bin.4.purify_k127_134262,2021-SD-W71_bin.4.purify_k127_134262_1575-3585,2021-SD-W71_bin.4.purify_k127_134262_5(Fam_5222 [★Target]) --> 2021-SD-W71_bin.4.purify_k127_134262_6(Fam_6458 [★Target])
"(5222, 6458)",4,[6458],2021-ZJZB-W2_bin.30.purify_k127_271520,2021-ZJZB-W2_bin.30.purify_k127_271520_3093-5115,2021-ZJZB-W2_bin.30.purify_k127_271520_6(Fam_5222 [★Target]) --> 2021-ZJZB-W2_bin.30.purify_k127_271520_7(Fam_6458 [★Target])
"(8029, 9239)",4,[9239],2020_BMC-W-1-0m-1_bin.65.purify_k141_93077,2020_BMC-W-1-0m-1_bin.65.purify_k141_93077_46145-47523,2020_BMC-W-1-0m-1_bin.65.purify_k141_93077_32(Fam_9239 [★Target]) --> 2020_BMC-W-1-0m-1_bin.65.purify_k141_93077_33(Fam_8029 [★Target])
"(8029, 9239)",4,[9239],2020_CE-D-W-2_bin.22.purify_k141_724936,2020_CE-D-W-2_bin.22.purify_k141_724936_21129-22507,2020_CE-D-W-2_bin.22.purify_k141_724936_22(Fam_8029 [★Target]) --> 2020_CE-D-W-2_bin.22.purify_k141_724936_23(Fam_9239 [★Target])
"(8029, 9239)",4,[9239],2020_JC-20W-1-10m-1_bin.116.purify_k141_980320,2020_JC-20W-1-10m-1_bin.116.purify_k141_980320_8343-9721,2020_JC-20W-1-10m-1_bin.116.purify_k141_980320_14(Fam_9239 [★Target]) --> 2020_JC-20W-1-10m-1_bin.116.purify_k141_980320_15(Fam_8029 [★Target])
"(8029, 9239)",4,[9239],2021-CE-W2_bin.97.purify_k127_399543,2021-CE-W2_bin.97.purify_k127_399543_2129-3507,2021-CE-W2_bin.97.purify_k127_399543_3(Fam_8029 [★Target]) --> 2021-CE-W2_bin.97.purify_k127_399543_4(Fam_9239 [★Target])
"(2208, 5872)",4,[5872],2020_GHH17-W1_bin.28.purify_k141_930698,2020_GHH17-W1_bin.28.purify_k141_930698_21173-23727,2020_GHH17-W1_bin.28.purify_k141_930698_19(Fam_2208 [★Target]) --> 2020_GHH17-W1_bin.28.purify_k141_930698_20(Fam_5872 [★Target])
"(2208, 5872)",4,[5872],2020_QHH5-W1_bin.38.purify_k141_378236,2020_QHH5-W1_bin.38.purify_k141_378236_33959-36513,2020_QHH5-W1_bin.38.purify_k141_378236_37(Fam_5872 [★Target]) --> 2020_QHH5-W1_bin.38.purify_k141_378236_38(Fam_2208 [★Target])
"(2208, 5872)",4,[5872],2020_QHH6-W1_bin.95.purify_k141_879305,2020_QHH6-W1_bin.95.purify_k141_879305_33908-36462,2020_QHH6-W1_bin.95.purify_k141_879305_37(Fam_5872 [★Target]) --> 2020_QHH6-W1_bin.95.purify_k141_879305_38(Fam_2208 [★Target])
"(2208, 5872)",4,[5872],2020_QHH9-W1_bin.81.purify_k141_1231819,2020_QHH9-W1_bin.81.purify_k141_1231819_40854-43408,2020_QHH9-W1_bin.81.purify_k141_1231819_44(Fam_5872 [★Target]) --> 2020_QHH9-W1_bin.81.purify_k141_1231819_45(Fam_2208 [★Target])
"(6008, 10738)",4,[6008],2020_QHH1-W1_bin.34.purify_k141_300905,2020_QHH1-W1_bin.34.purify_k141_300905_1721-2330,2020_QHH1-W1_bin.34.purify_k141_300905_4(Fam_10738 [★Target]) --> 2020_QHH1-W1_bin.34.purify_k141_300905_5(Fam_6008 [★Target])
"(6008, 10738)",4,[6008],2021-QHH-W10_bin.93.purify_k141_153737,2021-QHH-W10_bin.93.purify_k141_153737_1721-2318,2021-QHH-W10_bin.93.purify_k141_153737_4(Fam_10738 [★Target]) --> 2021-QHH-W10_bin.93.purify_k141_153737_5(Fam_6008 [★Target])
"(6008, 10738)",4,[6008],2021-QHH-W17_bin.7.purify_k141_81979,2021-QHH-W17_bin.7.purify_k141_81979_1721-2318,2021-QHH-W17_bin.7.purify_k141_81979_4(Fam_10738 [★Target]) --> 2021-QHH-W17_bin.7.purify_k141_81979_5(Fam_6008 [★Target])
"(6008, 10738)",4,[6008],2021-YMQ5-W1_bin.29.purify_k141_993701,2021-YMQ5-W1_bin.29.purify_k141_993701_1719-2829,2021-YMQ5-W1_bin.29.purify_k141_993701_4(Fam_10738 [★Target]) --> 2021-YMQ5-W1_bin.29.purify_k141_993701_5(Fam_6008 [★Target])
"(3943, 10596)",4,"[3943, 10596]",2020_CE-N-W-1_bin.54.purify_k141_484043,2020_CE-N-W-1_bin.54.purify_k141_484043_14107-15876,2020_CE-N-W-1_bin.54.purify_k141_484043_13(Fam_3943 [★Target]) --> 2020_CE-N-W-1_bin.54.purify_k141_484043_14(Fam_10596 [★Target])
"(3943, 10596)",4,"[3943, 10596]",2020_JC-20W-1-0m-1_bin.74.purify_k141_107061,2020_JC-20W-1-0m-1_bin.74.purify_k141_107061_8295-10055,2020_JC-20W-1-0m-1_bin.74.purify_k141_107061_10(Fam_3943 [★Target]) --> 2020_JC-20W-1-0m-1_bin.74.purify_k141_107061_11(Fam_10596 [★Target])
"(3943, 10596)",4,"[3943, 10596]",2020_JC-20W-1-10m-1_bin.75.purify_k141_818013,2020_JC-20W-1-10m-1_bin.75.purify_k141_818013_8295-10055,2020_JC-20W-1-10m-1_bin.75.purify_k141_818013_10(Fam_3943 [★Target]) --> 2020_JC-20W-1-10m-1_bin.75.purify_k141_818013_11(Fam_10596 [★Target])
"(3943, 10596)",4,"[3943, 10596]",2020_JC-20W-1-5m-1_bin.93.purify_k141_626576,2020_JC-20W-1-5m-1_bin.93.purify_k141_626576_8295-10055,2020_JC-20W-1-5m-1_bin.93.purify_k141_626576_10(Fam_3943 [★Target]) --> 2020_JC-20W-1-5m-1_bin.93.purify_k141_626576_11(Fam_10596 [★Target])
"(13605, 13832)",4,[13832],2020_NRPC-20W-1-0m-1_bin.88.purify_k141_563054,2020_NRPC-20W-1-0m-1_bin.88.purify_k141_563054_26502-27092,2020_NRPC-20W-1-0m-1_bin.88.purify_k141_563054_25(Fam_13832 [★Target]) --> 2020_NRPC-20W-1-0m-1_bin.88.purify_k141_563054_26(Fam_13605 [★Target])
"(13605, 13832)",4,[13832],2020_NRPC-20W-1-10m-1_bin.74.purify_k141_56151,2020_NRPC-20W-1-10m-1_bin.74.purify_k141_56151_58811-59401,2020_NRPC-20W-1-10m-1_bin.74.purify_k141_56151_57(Fam_13832 [★Target]) --> 2020_NRPC-20W-1-10m-1_bin.74.purify_k141_56151_58(Fam_13605 [★Target])
"(13605, 13832)",4,[13832],2020_NRPC-20W-1-7.5m-1_bin.88.purify_k141_93117,2020_NRPC-20W-1-7.5m-1_bin.88.purify_k141_93117_35047-35637,2020_NRPC-20W-1-7.5m-1_bin.88.purify_k141_93117_31(Fam_13832 [★Target]) --> 2020_NRPC-20W-1-7.5m-1_bin.88.purify_k141_93117_32(Fam_13605 [★Target])
"(13605, 13832)",4,[13832],2020_NRPC-20W-2-1_bin.103.purify_k141_162448,2020_NRPC-20W-2-1_bin.103.purify_k141_162448_29897-30487,2020_NRPC-20W-2-1_bin.103.purify_k141_162448_28(Fam_13832 [★Target]) --> 2020_NRPC-20W-2-1_bin.103.purify_k141_162448_29(Fam_13605 [★Target])
"(993, 4560)",4,[993],2020_JC-20W-1-0m-1_bin.50.purify_k141_1064710,2020_JC-20W-1-0m-1_bin.50.purify_k141_1064710_15276-17674,2020_JC-20W-1-0m-1_bin.50.purify_k141_1064710_13(Fam_993 [★Target]) --> 2020_JC-20W-1-0m-1_bin.50.purify_k141_1064710_14(Fam_4560 [★Target])
"(993, 4560)",4,[993],2020_JC-20W-1-5m-1_bin.103.purify_k141_260604,2020_JC-20W-1-5m-1_bin.103.purify_k141_260604_3-2038,2020_JC-20W-1-5m-1_bin.103.purify_k141_260604_1(Fam_4560 [★Target]) --> 2020_JC-20W-1-5m-1_bin.103.purify_k141_260604_2(Fam_993 [★Target])
"(993, 4560)",4,[993],2020_NMC-W-4-1_bin.104.purify_k141_206428,2020_NMC-W-4-1_bin.104.purify_k141_206428_1689-3234,2020_NMC-W-4-1_bin.104.purify_k141_206428_3(Fam_993 [★Target]) --> 2020_NMC-W-4-1_bin.104.purify_k141_206428_4(Fam_4560 [★Target])
"(993, 4560)",4,[993],2020_PC-20W-1-10m-1_bin.102.purify_k141_373230,2020_PC-20W-1-10m-1_bin.102.purify_k141_373230_1953-4094,2020_PC-20W-1-10m-1_bin.102.purify_k141_373230_3(Fam_4560 [★Target]) --> 2020_PC-20W-1-10m-1_bin.102.purify_k141_373230_4(Fam_993 [★Target])
"(13017, 13296)",4,[13017],2020_QHH10-W1_bin.78.purify_k141_754520,2020_QHH10-W1_bin.78.purify_k141_754520_1393-2229,2020_QHH10-W1_bin.78.purify_k141_754520_3(Fam_13296 [★Target]) --> 2020_QHH10-W1_bin.78.purify_k141_754520_4(Fam_13017 [★Target])
"(13017, 13296)",4,[13017],2020_QHH2-W1_bin.107.purify_k141_262119,2020_QHH2-W1_bin.107.purify_k141_262119_788-1624,2020_QHH2-W1_bin.107.purify_k141_262119_3(Fam_13017 [★Target]) --> 2020_QHH2-W1_bin.107.purify_k141_262119_4(Fam_13296 [★Target])
"(13017, 13296)",4,[13017],2021-YMQ0.5-W1_bin.159.purify_k141_403960,2021-YMQ0.5-W1_bin.159.purify_k141_403960_863-1699,2021-YMQ0.5-W1_bin.159.purify_k141_403960_3(Fam_13017 [★Target]) --> 2021-YMQ0.5-W1_bin.159.purify_k141_403960_4(Fam_13296 [★Target])
"(13017, 13296)",4,[13017],2021-YMQ2-W1_bin.131.purify_k141_902487,2021-YMQ2-W1_bin.131.purify_k141_902487_850-1686,2021-YMQ2-W1_bin.131.purify_k141_902487_3(Fam_13017 [★Target]) --> 2021-YMQ2-W1_bin.131.purify_k141_902487_4(Fam_13296 [★Target])
"(6264, 9539)",4,[6264],2021-HHSDK-W3_bin.9.purify_k127_2438772,2021-HHSDK-W3_bin.9.purify_k127_2438772_2370-4357,2021-HHSDK-W3_bin.9.purify_k127_2438772_3(Fam_6264 [★Target]) --> 2021-HHSDK-W3_bin.9.purify_k127_2438772_4(Fam_9539 [★Target])
"(6264, 9539)",4,[6264],2021-TLHSD-W3_bin.25.purify_k141_775277,2021-TLHSD-W3_bin.25.purify_k141_775277_3141-5159,2021-TLHSD-W3_bin.25.purify_k141_775277_3(Fam_6264 [★Target]) --> 2021-TLHSD-W3_bin.25.purify_k141_775277_4(Fam_9539 [★Target])
"(6264, 9539)",4,[6264],2021-TMRSD-W3_bin.25.purify_k141_775277,2021-TMRSD-W3_bin.25.purify_k141_775277_3141-5159,2021-TMRSD-W3_bin.25.purify_k141_775277_3(Fam_6264 [★Target]) --> 2021-TMRSD-W3_bin.25.purify_k141_775277_4(Fam_9539 [★Target])
"(6264, 9539)",4,[6264],2021-ZJZBSD-W52_bin.37.purify_k127_4818066,2021-ZJZBSD-W52_bin.37.purify_k127_4818066_1418-3438,2021-ZJZBSD-W52_bin.37.purify_k127_4818066_3(Fam_9539 [★Target]) --> 2021-ZJZBSD-W52_bin.37.purify_k127_4818066_4(Fam_6264 [★Target])
"(3585, 4764, 8363)",4,[4764],2020_CBL-w3_bin.159.purify_k141_673157,2020_CBL-w3_bin.159.purify_k141_673157_2104-5245,2020_CBL-w3_bin.159.purify_k141_673157_4(Fam_8363 [★Target]) --> 2020_CBL-w3_bin.159.purify_k141_673157_5(Fam_3585 [★Target]) --> 2020_CBL-w3_bin.159.purify_k141_673157_6(Fam_4764 [★Target])
"(3585, 4764, 8363)",4,[4764],2020_CBL-w4_bin.171.purify_k141_1152962,2020_CBL-w4_bin.171.purify_k141_1152962_8317-11458,2020_CBL-w4_bin.171.purify_k141_1152962_10(Fam_4764 [★Target]) --> 2020_CBL-w4_bin.171.purify_k141_1152962_11(Fam_3585 [★Target]) --> 2020_CBL-w4_bin.171.purify_k141_1152962_12(Fam_8363 [★Target])
"(3585, 4764, 8363)",4,[4764],2021-TLHSD-W3_bin.185.purify_k141_369606,2021-TLHSD-W3_bin.185.purify_k141_369606_3579-6720,2021-TLHSD-W3_bin.185.purify_k141_369606_5(Fam_4764 [★Target]) --> 2021-TLHSD-W3_bin.185.purify_k141_369606_6(Fam_3585 [★Target]) --> 2021-TLHSD-W3_bin.185.purify_k141_369606_7(Fam_8363 [★Target])
"(3585, 4764, 8363)",4,[4764],2021-TMRSD-W3_bin.185.purify_k141_369606,2021-TMRSD-W3_bin.185.purify_k141_369606_3579-6720,2021-TMRSD-W3_bin.185.purify_k141_369606_5(Fam_4764 [★Target]) --> 2021-TMRSD-W3_bin.185.purify_k141_369606_6(Fam_3585 [★Target]) --> 2021-TMRSD-W3_bin.185.purify_k141_369606_7(Fam_8363 [★Target])
"(391, 537)",4,"[391, 537]",2021-BQZBHK-W2_bin.93.purify_k127_552410,2021-BQZBHK-W2_bin.93.purify_k127_552410_1225-7363,2021-BQZBHK-W2_bin.93.purify_k127_552410_3(Fam_391 [★Target]) --> 2021-BQZBHK-W2_bin.93.purify_k127_552410_4(Fam_537 [★Target])
"(391, 537)",4,"[391, 537]",2021-BQZBHK-W3_bin.82.purify_k127_1248864,2021-BQZBHK-W3_bin.82.purify_k127_1248864_1225-7363,2021-BQZBHK-W3_bin.82.purify_k127_1248864_3(Fam_391 [★Target]) --> 2021-BQZBHK-W3_bin.82.purify_k127_1248864_4(Fam_537 [★Target])
"(391, 537)",4,"[391, 537]",2021-BQZBHK-W5_bin.127.purify_k127_213051,2021-BQZBHK-W5_bin.127.purify_k127_213051_1225-7363,2021-BQZBHK-W5_bin.127.purify_k127_213051_3(Fam_391 [★Target]) --> 2021-BQZBHK-W5_bin.127.purify_k127_213051_4(Fam_537 [★Target])
"(391, 537)",4,"[391, 537]",2021-BQZBHK-W7_bin.172.purify_k127_1989216,2021-BQZBHK-W7_bin.172.purify_k127_1989216_1225-7363,2021-BQZBHK-W7_bin.172.purify_k127_1989216_3(Fam_391 [★Target]) --> 2021-BQZBHK-W7_bin.172.purify_k127_1989216_4(Fam_537 [★Target])
"(4249, 4398)",4,[4249],2020_BGBMC-20W-3-1_bin.13.purify_k141_849912,2020_BGBMC-20W-3-1_bin.13.purify_k141_849912_19032-21506,2020_BGBMC-20W-3-1_bin.13.purify_k141_849912_12(Fam_4249 [★Target]) --> 2020_BGBMC-20W-3-1_bin.13.purify_k141_849912_13(Fam_4398 [★Target])
"(4249, 4398)",4,[4249],2020_BMC-W-1-8m-1_bin.207.purify_k141_939236,2020_BMC-W-1-8m-1_bin.207.purify_k141_939236_3-2207,2020_BMC-W-1-8m-1_bin.207.purify_k141_939236_1(Fam_4398 [★Target]) --> 2020_BMC-W-1-8m-1_bin.207.purify_k141_939236_2(Fam_4249 [★Target])
"(4249, 4398)",4,[4249],2020_CBL-w5_bin.185.purify_k141_592262,2020_CBL-w5_bin.185.purify_k141_592262_545010-547474,2020_CBL-w5_bin.185.purify_k141_592262_479(Fam_4398 [★Target]) --> 2020_CBL-w5_bin.185.purify_k141_592262_480(Fam_4249 [★Target])
"(4249, 4398)",4,[4249],2020_ZJZBSD-01-1_bin.4.purify_k141_1055864,2020_ZJZBSD-01-1_bin.4.purify_k141_1055864_1360-3834,2020_ZJZBSD-01-1_bin.4.purify_k141_1055864_2(Fam_4398 [★Target]) --> 2020_ZJZBSD-01-1_bin.4.purify_k141_1055864_3(Fam_4249 [★Target])
"(4077, 6450)",4,[4077],2020_QHH12-W1_bin.107.purify_k141_884399,2020_QHH12-W1_bin.107.purify_k141_884399_6566-9225,2020_QHH12-W1_bin.107.purify_k141_884399_7(Fam_6450 [★Target]) --> 2020_QHH12-W1_bin.107.purify_k141_884399_9(Fam_4077 [★Target])
"(4077, 6450)",4,[4077],2020_QHH5-W1_bin.31.purify_k141_578644,2020_QHH5-W1_bin.31.purify_k141_578644_9703-12362,2020_QHH5-W1_bin.31.purify_k141_578644_10(Fam_6450 [★Target]) --> 2020_QHH5-W1_bin.31.purify_k141_578644_12(Fam_4077 [★Target])
"(4077, 6450)",4,[4077],2021-QHH-W17_bin.15.purify_k141_665699,2021-QHH-W17_bin.15.purify_k141_665699_2535-5194,2021-QHH-W17_bin.15.purify_k141_665699_3(Fam_4077 [★Target]) --> 2021-QHH-W17_bin.15.purify_k141_665699_5(Fam_6450 [★Target])
"(4077, 6450)",4,[4077],2021-QHH-W8_bin.85.purify_k141_469728,2021-QHH-W8_bin.85.purify_k141_469728_7299-9958,2021-QHH-W8_bin.85.purify_k141_469728_8(Fam_6450 [★Target]) --> 2021-QHH-W8_bin.85.purify_k141_469728_10(Fam_4077 [★Target])
"(4157, 4983)",4,[4983],HS-28-3_bin.10.purify_k141_144095,HS-28-3_bin.10.purify_k141_144095_22247-24519,HS-28-3_bin.10.purify_k141_144095_22(Fam_4983 [★Target]) --> HS-28-3_bin.10.purify_k141_144095_23(Fam_4157 [★Target])
"(4157, 4983)",4,[4983],HS-29-1_bin.29.purify_k141_137421,HS-29-1_bin.29.purify_k141_137421_9176-11448,HS-29-1_bin.29.purify_k141_137421_11(Fam_4983 [★Target]) --> HS-29-1_bin.29.purify_k141_137421_12(Fam_4157 [★Target])
"(4157, 4983)",4,[4983],HS-29-2_bin.10.purify_k141_119132,HS-29-2_bin.10.purify_k141_119132_2274-4546,HS-29-2_bin.10.purify_k141_119132_3(Fam_4157 [★Target]) --> HS-29-2_bin.10.purify_k141_119132_4(Fam_4983 [★Target])
"(4157, 4983)",4,[4983],HS-29-3_bin.29.purify_k141_30301,HS-29-3_bin.29.purify_k141_30301_1151-3423,HS-29-3_bin.29.purify_k141_30301_3(Fam_4157 [★Target]) --> HS-29-3_bin.29.purify_k141_30301_4(Fam_4983 [★Target])
"(4327, 8365)",4,"[4327, 8365]",2021-SD-W62_bin.71.purify_k127_561788,2021-SD-W62_bin.71.purify_k127_561788_9478-11375,2021-SD-W62_bin.71.purify_k127_561788_11(Fam_8365 [★Target]) --> 2021-SD-W62_bin.71.purify_k127_561788_12(Fam_4327 [★Target])
"(4327, 8365)",4,"[4327, 8365]",2021-YBJ-W3_bin.178.purify_k127_2719774,2021-YBJ-W3_bin.178.purify_k127_2719774_6496-8330,2021-YBJ-W3_bin.178.purify_k127_2719774_5(Fam_8365 [★Target]) --> 2021-YBJ-W3_bin.178.purify_k127_2719774_6(Fam_4327 [★Target])
"(4327, 8365)",4,"[4327, 8365]",2021-ZJZBSD-W51_bin.78.purify_k127_87437,2021-ZJZBSD-W51_bin.78.purify_k127_87437_9478-11375,2021-ZJZBSD-W51_bin.78.purify_k127_87437_11(Fam_8365 [★Target]) --> 2021-ZJZBSD-W51_bin.78.purify_k127_87437_12(Fam_4327 [★Target])
"(4327, 8365)",4,"[4327, 8365]",2021-ZJZBSD-W52_bin.115.purify_k127_561896,2021-ZJZBSD-W52_bin.115.purify_k127_561896_9475-11372,2021-ZJZBSD-W52_bin.115.purify_k127_561896_11(Fam_8365 [★Target]) --> 2021-ZJZBSD-W52_bin.115.purify_k127_561896_12(Fam_4327 [★Target])
"(1530, 12448)",4,[1530],2020_YZYC-20W-1-0m-1_bin.90.purify_k141_185818,2020_YZYC-20W-1-0m-1_bin.90.purify_k141_185818_3745-6826,2020_YZYC-20W-1-0m-1_bin.90.purify_k141_185818_6(Fam_1530 [★Target]) --> 2020_YZYC-20W-1-0m-1_bin.90.purify_k141_185818_8(Fam_12448 [★Target])
"(1530, 12448)",4,[1530],2020_YZYC-20W-1-10m-1_bin.154.purify_k141_542956,2020_YZYC-20W-1-10m-1_bin.154.purify_k141_542956_3745-6826,2020_YZYC-20W-1-10m-1_bin.154.purify_k141_542956_6(Fam_1530 [★Target]) --> 2020_YZYC-20W-1-10m-1_bin.154.purify_k141_542956_8(Fam_12448 [★Target])
"(1530, 12448)",4,[1530],2020_YZYC-20W-1-15m-1_bin.131.purify_k141_244938,2020_YZYC-20W-1-15m-1_bin.131.purify_k141_244938_3745-6826,2020_YZYC-20W-1-15m-1_bin.131.purify_k141_244938_6(Fam_1530 [★Target]) --> 2020_YZYC-20W-1-15m-1_bin.131.purify_k141_244938_8(Fam_12448 [★Target])
"(1530, 12448)",4,[1530],2020_YZYC-20W-1-30m-1_bin.53.purify_k141_854546,2020_YZYC-20W-1-30m-1_bin.53.purify_k141_854546_3745-6826,2020_YZYC-20W-1-30m-1_bin.53.purify_k141_854546_6(Fam_1530 [★Target]) --> 2020_YZYC-20W-1-30m-1_bin.53.purify_k141_854546_8(Fam_12448 [★Target])
"(5748, 9652)",4,[9652],2020_CE-20W-2-1_bin.199.purify_k141_697040,2020_CE-20W-2-1_bin.199.purify_k141_697040_10273-11884,2020_CE-20W-2-1_bin.199.purify_k141_697040_13(Fam_5748 [★Target]) --> 2020_CE-20W-2-1_bin.199.purify_k141_697040_14(Fam_9652 [★Target])
"(5748, 9652)",4,[9652],2020_CE-B-W-1_bin.26.purify_k141_764296,2020_CE-B-W-1_bin.26.purify_k141_764296_11458-13069,2020_CE-B-W-1_bin.26.purify_k141_764296_13(Fam_5748 [★Target]) --> 2020_CE-B-W-1_bin.26.purify_k141_764296_14(Fam_9652 [★Target])
"(5748, 9652)",4,[9652],2021-DTH-W4_bin.137.purify_k127_504486,2021-DTH-W4_bin.137.purify_k127_504486_2287-3535,2021-DTH-W4_bin.137.purify_k127_504486_3(Fam_5748 [★Target]) --> 2021-DTH-W4_bin.137.purify_k127_504486_4(Fam_9652 [★Target])
"(5748, 9652)",4,[9652],2021-DTH-W5_bin.88.purify_k127_2280349,2021-DTH-W5_bin.88.purify_k127_2280349_2288-3536,2021-DTH-W5_bin.88.purify_k127_2280349_3(Fam_5748 [★Target]) --> 2021-DTH-W5_bin.88.purify_k127_2280349_4(Fam_9652 [★Target])
"(8395, 13531)",4,[13531],2020_YZYC-20W-1-10m-1_bin.115.purify_k141_844849,2020_YZYC-20W-1-10m-1_bin.115.purify_k141_844849_2-1018,2020_YZYC-20W-1-10m-1_bin.115.purify_k141_844849_1(Fam_13531 [★Target]) --> 2020_YZYC-20W-1-10m-1_bin.115.purify_k141_844849_2(Fam_8395 [★Target])
"(8395, 13531)",4,[13531],2020_YZYC-20W-1-5m-1_bin.63.purify_k141_607536,2020_YZYC-20W-1-5m-1_bin.63.purify_k141_607536_2-1018,2020_YZYC-20W-1-5m-1_bin.63.purify_k141_607536_1(Fam_13531 [★Target]) --> 2020_YZYC-20W-1-5m-1_bin.63.purify_k141_607536_2(Fam_8395 [★Target])
"(8395, 13531)",4,[13531],2021-BQZBHK-W5_bin.134.purify_k127_472813,2021-BQZBHK-W5_bin.134.purify_k127_472813_3-1010,2021-BQZBHK-W5_bin.134.purify_k127_472813_1(Fam_13531 [★Target]) --> 2021-BQZBHK-W5_bin.134.purify_k127_472813_2(Fam_8395 [★Target])
"(8395, 13531)",4,[13531],2021-SLCB-W3_bin.52.purify_k127_95751,2021-SLCB-W3_bin.52.purify_k127_95751_2-1018,2021-SLCB-W3_bin.52.purify_k127_95751_1(Fam_13531 [★Target]) --> 2021-SLCB-W3_bin.52.purify_k127_95751_2(Fam_8395 [★Target])
"(11849, 14034)",4,[14034],2020_CC-20W-1-5m-1_bin.35.purify_k141_81330,2020_CC-20W-1-5m-1_bin.35.purify_k141_81330_5526-6181,2020_CC-20W-1-5m-1_bin.35.purify_k141_81330_8(Fam_14034 [★Target]) --> 2020_CC-20W-1-5m-1_bin.35.purify_k141_81330_9(Fam_11849 [★Target])
"(11849, 14034)",4,[14034],2020_CE-20W-1-5m-1_bin.207.purify_k141_333816,2020_CE-20W-1-5m-1_bin.207.purify_k141_333816_347-963,2020_CE-20W-1-5m-1_bin.207.purify_k141_333816_2(Fam_11849 [★Target]) --> 2020_CE-20W-1-5m-1_bin.207.purify_k141_333816_3(Fam_14034 [★Target])
"(11849, 14034)",4,[14034],2020_CN-B-W-2_bin.146.purify_k141_2187259,2020_CN-B-W-2_bin.146.purify_k141_2187259_6687-7294,2020_CN-B-W-2_bin.146.purify_k141_2187259_9(Fam_14034 [★Target]) --> 2020_CN-B-W-2_bin.146.purify_k141_2187259_10(Fam_11849 [★Target])
"(11849, 14034)",4,[14034],HS-28-1_bin.40.purify_k141_96097,HS-28-1_bin.40.purify_k141_96097_1301-1944,HS-28-1_bin.40.purify_k141_96097_2(Fam_14034 [★Target]) --> HS-28-1_bin.40.purify_k141_96097_3(Fam_11849 [★Target])
"(4030, 9417)",4,[4030],2019_TBMTW-6_bin.23.purify_k141_280015,2019_TBMTW-6_bin.23.purify_k141_280015_13695-14648,2019_TBMTW-6_bin.23.purify_k141_280015_7(Fam_9417 [★Target]) --> 2019_TBMTW-6_bin.23.purify_k141_280015_8(Fam_4030 [★Target])
"(4030, 9417)",4,[4030],2020_CN-B-W-1_bin.187.purify_k141_1969205,2020_CN-B-W-1_bin.187.purify_k141_1969205_468-2308,2020_CN-B-W-1_bin.187.purify_k141_1969205_3(Fam_9417 [★Target]) --> 2020_CN-B-W-1_bin.187.purify_k141_1969205_4(Fam_4030 [★Target])
"(4030, 9417)",4,[4030],2020_GMZ4-W1_bin.10.purify_k141_2794330,2020_GMZ4-W1_bin.10.purify_k141_2794330_6006-7846,2020_GMZ4-W1_bin.10.purify_k141_2794330_8(Fam_4030 [★Target]) --> 2020_GMZ4-W1_bin.10.purify_k141_2794330_9(Fam_9417 [★Target])
"(4030, 9417)",4,[4030],2021-ZJZB-W1_bin.71.purify_k127_1294421,2021-ZJZB-W1_bin.71.purify_k127_1294421_2826-4579,2021-ZJZB-W1_bin.71.purify_k127_1294421_4(Fam_4030 [★Target]) --> 2021-ZJZB-W1_bin.71.purify_k127_1294421_5(Fam_9417 [★Target])
"(626, 988)",4,[988],2020_CRC-20W-1-14m-1_bin.14.purify_k141_2105797,2020_CRC-20W-1-14m-1_bin.14.purify_k141_2105797_12339-16624,2020_CRC-20W-1-14m-1_bin.14.purify_k141_2105797_14(Fam_626 [★Target]) --> 2020_CRC-20W-1-14m-1_bin.14.purify_k141_2105797_16(Fam_988 [★Target])
"(626, 988)",4,[988],2020_GMZ-9-w1_bin.143.purify_k141_2430969,2020_GMZ-9-w1_bin.143.purify_k141_2430969_26146-32049,2020_GMZ-9-w1_bin.143.purify_k141_2430969_12(Fam_988 [★Target]) --> 2020_GMZ-9-w1_bin.143.purify_k141_2430969_14(Fam_626 [★Target])
"(626, 988)",4,[988],2020_GMZ-9-w2_bin.48.purify_k141_664046,2020_GMZ-9-w2_bin.48.purify_k141_664046_27717-33919,2020_GMZ-9-w2_bin.48.purify_k141_664046_30(Fam_626 [★Target]) --> 2020_GMZ-9-w2_bin.48.purify_k141_664046_32(Fam_988 [★Target])
"(626, 988)",4,[988],2020_LU-w3_bin.10.purify_k141_2467784,2020_LU-w3_bin.10.purify_k141_2467784_4769-8705,2020_LU-w3_bin.10.purify_k141_2467784_5(Fam_988 [★Target]) --> 2020_LU-w3_bin.10.purify_k141_2467784_6(Fam_7742) --> 2020_LU-w3_bin.10.purify_k141_2467784_7(Fam_626 [★Target])
"(626, 988)",4,[988],2021-YBJ-W3_bin.41.purify_k127_2563933,2021-YBJ-W3_bin.41.purify_k127_2563933_565-5528,2021-YBJ-W3_bin.41.purify_k127_2563933_3(Fam_626 [★Target]) --> 2021-YBJ-W3_bin.41.purify_k127_2563933_4(Fam_988 [★Target])
"(12962, 13761)",4,[13761],2020_CE-20W-2-1_bin.236.purify_k141_125814,2020_CE-20W-2-1_bin.236.purify_k141_125814_8196-8779,2020_CE-20W-2-1_bin.236.purify_k141_125814_5(Fam_13761 [★Target]) --> 2020_CE-20W-2-1_bin.236.purify_k141_125814_6(Fam_12962 [★Target])
"(12962, 13761)",4,[13761],2020_CE-20W-3-1_bin.154.purify_k141_682281,2020_CE-20W-3-1_bin.154.purify_k141_682281_8196-8779,2020_CE-20W-3-1_bin.154.purify_k141_682281_5(Fam_13761 [★Target]) --> 2020_CE-20W-3-1_bin.154.purify_k141_682281_6(Fam_12962 [★Target])
"(12962, 13761)",4,[13761],2020_CE-N-W-2_bin.153.purify_k141_450064,2020_CE-N-W-2_bin.153.purify_k141_450064_5598-6181,2020_CE-N-W-2_bin.153.purify_k141_450064_5(Fam_13761 [★Target]) --> 2020_CE-N-W-2_bin.153.purify_k141_450064_6(Fam_12962 [★Target])
"(12962, 13761)",4,[13761],2021-CE-W2_bin.38.purify_k127_444193,2021-CE-W2_bin.38.purify_k127_444193_5586-6169,2021-CE-W2_bin.38.purify_k127_444193_5(Fam_13761 [★Target]) --> 2021-CE-W2_bin.38.purify_k127_444193_6(Fam_12962 [★Target])
"(4632, 12891)",4,[4632],2020_PC-20W-1-10m-1_bin.49.purify_k141_1348234,2020_PC-20W-1-10m-1_bin.49.purify_k141_1348234_14784-16261,2020_PC-20W-1-10m-1_bin.49.purify_k141_1348234_16(Fam_12891 [★Target]) --> 2020_PC-20W-1-10m-1_bin.49.purify_k141_1348234_17(Fam_4632 [★Target])
"(4632, 12891)",4,[4632],2020_PC-20W-1-17m-1_bin.120.purify_k141_1070809,2020_PC-20W-1-17m-1_bin.120.purify_k141_1070809_14784-16261,2020_PC-20W-1-17m-1_bin.120.purify_k141_1070809_16(Fam_12891 [★Target]) --> 2020_PC-20W-1-17m-1_bin.120.purify_k141_1070809_17(Fam_4632 [★Target])
"(4632, 12891)",4,[4632],2020_QHH2-W1_bin.7.purify_k141_57667,2020_QHH2-W1_bin.7.purify_k141_57667_2493-3939,2020_QHH2-W1_bin.7.purify_k141_57667_6(Fam_12891 [★Target]) --> 2020_QHH2-W1_bin.7.purify_k141_57667_7(Fam_4632 [★Target])
"(4632, 12891)",4,[4632],2021-ND-W7_bin.20.purify_k141_839203,2021-ND-W7_bin.20.purify_k141_839203_2666-4034,2021-ND-W7_bin.20.purify_k141_839203_5(Fam_12891 [★Target]) --> 2021-ND-W7_bin.20.purify_k141_839203_6(Fam_4632 [★Target])
"(4369, 6585)",4,[6585],2019_TBYHW-1_bin.15.purify_k141_170344,2019_TBYHW-1_bin.15.purify_k141_170344_34629-36391,2019_TBYHW-1_bin.15.purify_k141_170344_28(Fam_4369 [★Target]) --> 2019_TBYHW-1_bin.15.purify_k141_170344_29(Fam_6585 [★Target])
"(4369, 6585)",4,[6585],2020_CE-X-W-2_bin.154.purify_k141_1112237,2020_CE-X-W-2_bin.154.purify_k141_1112237_29101-31055,2020_CE-X-W-2_bin.154.purify_k141_1112237_24(Fam_6585 [★Target]) --> 2020_CE-X-W-2_bin.154.purify_k141_1112237_25(Fam_4369 [★Target])
"(4369, 6585)",4,[6585],2021-QHH-W2_bin.66.purify_k141_207463,2021-QHH-W2_bin.66.purify_k141_207463_43201-45257,2021-QHH-W2_bin.66.purify_k141_207463_36(Fam_6585 [★Target]) --> 2021-QHH-W2_bin.66.purify_k141_207463_37(Fam_4369 [★Target])
"(4369, 6585)",4,[6585],CE-B-W-2_bin.150.purify_k141_684626,CE-B-W-2_bin.150.purify_k141_684626_14264-16218,CE-B-W-2_bin.150.purify_k141_684626_14(Fam_4369 [★Target]) --> CE-B-W-2_bin.150.purify_k141_684626_15(Fam_6585 [★Target])
"(5807, 9738)",4,[5807],2020_GMZ11-W1_bin.38.purify_k141_732884,2020_GMZ11-W1_bin.38.purify_k141_732884_7546-9152,2020_GMZ11-W1_bin.38.purify_k141_732884_8(Fam_5807 [★Target]) --> 2020_GMZ11-W1_bin.38.purify_k141_732884_9(Fam_9738 [★Target])
"(5807, 9738)",4,[5807],2020_GMZ12-W1_bin.272.purify_k141_3135964,2020_GMZ12-W1_bin.272.purify_k141_3135964_63-1669,2020_GMZ12-W1_bin.272.purify_k141_3135964_1(Fam_5807 [★Target]) --> 2020_GMZ12-W1_bin.272.purify_k141_3135964_2(Fam_9738 [★Target])
"(5807, 9738)",4,[5807],2021-HDW-W2_bin.129.purify_k141_2000221,2021-HDW-W2_bin.129.purify_k141_2000221_3753-5359,2021-HDW-W2_bin.129.purify_k141_2000221_4(Fam_5807 [★Target]) --> 2021-HDW-W2_bin.129.purify_k141_2000221_5(Fam_9738 [★Target])
"(5807, 9738)",4,[5807],2021-HHXL-0.5M-W1_bin.46.purify_k141_2101306,2021-HHXL-0.5M-W1_bin.46.purify_k141_2101306_6274-7880,2021-HHXL-0.5M-W1_bin.46.purify_k141_2101306_5(Fam_5807 [★Target]) --> 2021-HHXL-0.5M-W1_bin.46.purify_k141_2101306_6(Fam_9738 [★Target])
"(1671, 2802)",4,[2802],2019_TBYHW-1_bin.42.purify_k141_185012,2019_TBYHW-1_bin.42.purify_k141_185012_16470-20089,2019_TBYHW-1_bin.42.purify_k141_185012_19(Fam_2802 [★Target]) --> 2019_TBYHW-1_bin.42.purify_k141_185012_20(Fam_1671 [★Target])
"(1671, 2802)",4,[2802],2020_CE-20W-2-1_bin.226.purify_k141_991568,2020_CE-20W-2-1_bin.226.purify_k141_991568_16986-20598,2020_CE-20W-2-1_bin.226.purify_k141_991568_14(Fam_2802 [★Target]) --> 2020_CE-20W-2-1_bin.226.purify_k141_991568_15(Fam_1671 [★Target])
"(1671, 2802)",4,[2802],2020_NMC-W-6-1_bin.126.purify_k141_707544,2020_NMC-W-6-1_bin.126.purify_k141_707544_223-3842,2020_NMC-W-6-1_bin.126.purify_k141_707544_1(Fam_1671 [★Target]) --> 2020_NMC-W-6-1_bin.126.purify_k141_707544_2(Fam_2802 [★Target])
"(1671, 2802)",4,[2802],2020_NMC-W-7-1_bin.67.purify_k141_503478,2020_NMC-W-7-1_bin.67.purify_k141_503478_314-3933,2020_NMC-W-7-1_bin.67.purify_k141_503478_1(Fam_1671 [★Target]) --> 2020_NMC-W-7-1_bin.67.purify_k141_503478_2(Fam_2802 [★Target])
"(12198, 13303)",4,[13303],2020_JC-20W-1-0m-1_bin.87.purify_k141_138424,2020_JC-20W-1-0m-1_bin.87.purify_k141_138424_2791-3476,2020_JC-20W-1-0m-1_bin.87.purify_k141_138424_4(Fam_13303 [★Target]) --> 2020_JC-20W-1-0m-1_bin.87.purify_k141_138424_5(Fam_12198 [★Target])
"(12198, 13303)",4,[13303],2020_YZYC-20W-1-5m-1_bin.179.purify_k141_772357,2020_YZYC-20W-1-5m-1_bin.179.purify_k141_772357_2877-3562,2020_YZYC-20W-1-5m-1_bin.179.purify_k141_772357_5(Fam_13303 [★Target]) --> 2020_YZYC-20W-1-5m-1_bin.179.purify_k141_772357_6(Fam_12198 [★Target])
"(12198, 13303)",4,[13303],2021-BQZBHK-W5_bin.20.purify_k127_1278148,2021-BQZBHK-W5_bin.20.purify_k127_1278148_1433-2118,2021-BQZBHK-W5_bin.20.purify_k127_1278148_4(Fam_13303 [★Target]) --> 2021-BQZBHK-W5_bin.20.purify_k127_1278148_5(Fam_12198 [★Target])
"(12198, 13303)",4,[13303],2021-SLCB-W3_bin.15.purify_k127_1048129,2021-SLCB-W3_bin.15.purify_k127_1048129_984-1570,2021-SLCB-W3_bin.15.purify_k127_1048129_4(Fam_12198 [★Target]) --> 2021-SLCB-W3_bin.15.purify_k127_1048129_5(Fam_13303 [★Target])
"(5045, 10741)",4,[10741],2020_JC-20W-1-10m-1_bin.33.purify_k141_790394,2020_JC-20W-1-10m-1_bin.33.purify_k141_790394_76912-78775,2020_JC-20W-1-10m-1_bin.33.purify_k141_790394_62(Fam_10741 [★Target]) --> 2020_JC-20W-1-10m-1_bin.33.purify_k141_790394_63(Fam_5045 [★Target])
"(5045, 10741)",4,[10741],2020_JC-20W-1-15m-1_bin.26.purify_k141_160089,2020_JC-20W-1-15m-1_bin.26.purify_k141_160089_76912-78775,2020_JC-20W-1-15m-1_bin.26.purify_k141_160089_62(Fam_10741 [★Target]) --> 2020_JC-20W-1-15m-1_bin.26.purify_k141_160089_63(Fam_5045 [★Target])
"(5045, 10741)",4,[10741],2020_JC-20W-1-23m-1_bin.35.purify_k141_1170384,2020_JC-20W-1-23m-1_bin.35.purify_k141_1170384_76912-78775,2020_JC-20W-1-23m-1_bin.35.purify_k141_1170384_62(Fam_10741 [★Target]) --> 2020_JC-20W-1-23m-1_bin.35.purify_k141_1170384_63(Fam_5045 [★Target])
"(5045, 10741)",4,[10741],2020_JC-20W-1-5m-1_bin.112.purify_k141_107957,2020_JC-20W-1-5m-1_bin.112.purify_k141_107957_76912-78775,2020_JC-20W-1-5m-1_bin.112.purify_k141_107957_62(Fam_10741 [★Target]) --> 2020_JC-20W-1-5m-1_bin.112.purify_k141_107957_63(Fam_5045 [★Target])
"(12336, 13282)",4,"[12336, 13282]",2021-CNB-W1_bin.69.purify_k127_1550843,2021-CNB-W1_bin.69.purify_k127_1550843_210-947,2021-CNB-W1_bin.69.purify_k127_1550843_2(Fam_12336 [★Target]) --> 2021-CNB-W1_bin.69.purify_k127_1550843_3(Fam_13282 [★Target])
"(12336, 13282)",4,"[12336, 13282]",2021-CNB-W2_bin.25.purify_k127_1918039,2021-CNB-W2_bin.25.purify_k127_1918039_210-947,2021-CNB-W2_bin.25.purify_k127_1918039_2(Fam_12336 [★Target]) --> 2021-CNB-W2_bin.25.purify_k127_1918039_3(Fam_13282 [★Target])
"(12336, 13282)",4,"[12336, 13282]",2021-CNXB-W1_bin.122.purify_k127_156102,2021-CNXB-W1_bin.122.purify_k127_156102_210-947,2021-CNXB-W1_bin.122.purify_k127_156102_2(Fam_12336 [★Target]) --> 2021-CNXB-W1_bin.122.purify_k127_156102_3(Fam_13282 [★Target])
"(12336, 13282)",4,"[12336, 13282]",2021-CNXB-W2_bin.58.purify_k127_2628563,2021-CNXB-W2_bin.58.purify_k127_2628563_210-947,2021-CNXB-W2_bin.58.purify_k127_2628563_2(Fam_12336 [★Target]) --> 2021-CNXB-W2_bin.58.purify_k127_2628563_3(Fam_13282 [★Target])
"(5603, 8203)",4,[8203],2020_CC-20W-1-5m-1_bin.156.purify_k141_632158,2020_CC-20W-1-5m-1_bin.156.purify_k141_632158_1-1708,2020_CC-20W-1-5m-1_bin.156.purify_k141_632158_1(Fam_5603 [★Target]) --> 2020_CC-20W-1-5m-1_bin.156.purify_k141_632158_2(Fam_8203 [★Target])
"(5603, 8203)",4,[8203],2020_DTH3-W1_bin.79.purify_k141_882766,2020_DTH3-W1_bin.79.purify_k141_882766_160-1894,2020_DTH3-W1_bin.79.purify_k141_882766_2(Fam_8203 [★Target]) --> 2020_DTH3-W1_bin.79.purify_k141_882766_3(Fam_5603 [★Target])
"(5603, 8203)",4,[8203],2020_DTH4-W1_bin.108.purify_k141_215804,2020_DTH4-W1_bin.108.purify_k141_215804_665-2399,2020_DTH4-W1_bin.108.purify_k141_215804_2(Fam_5603 [★Target]) --> 2020_DTH4-W1_bin.108.purify_k141_215804_3(Fam_8203 [★Target])
"(5603, 8203)",4,[8203],2020_NMC-W-4-1_bin.28.purify_k141_102696,2020_NMC-W-4-1_bin.28.purify_k141_102696_811-2521,2020_NMC-W-4-1_bin.28.purify_k141_102696_2(Fam_8203 [★Target]) --> 2020_NMC-W-4-1_bin.28.purify_k141_102696_3(Fam_5603 [★Target])
"(10376, 12960)",4,[12960],2020_GMZ11-W1_bin.200.purify_k141_2259336,2020_GMZ11-W1_bin.200.purify_k141_2259336_4196-4974,2020_GMZ11-W1_bin.200.purify_k141_2259336_7(Fam_10376 [★Target]) --> 2020_GMZ11-W1_bin.200.purify_k141_2259336_8(Fam_12960 [★Target])
"(10376, 12960)",4,[12960],2020_JC-20W-1-15m-1_bin.2.purify_k141_1328874,2020_JC-20W-1-15m-1_bin.2.purify_k141_1328874_12556-13334,2020_JC-20W-1-15m-1_bin.2.purify_k141_1328874_11(Fam_12960 [★Target]) --> 2020_JC-20W-1-15m-1_bin.2.purify_k141_1328874_12(Fam_10376 [★Target])
"(10376, 12960)",4,[12960],2020_QHH10-W1_bin.111.purify_k141_86179,2020_QHH10-W1_bin.111.purify_k141_86179_1422-2146,2020_QHH10-W1_bin.111.purify_k141_86179_3(Fam_12960 [★Target]) --> 2020_QHH10-W1_bin.111.purify_k141_86179_4(Fam_10376 [★Target])
"(10376, 12960)",4,[12960],2020_QHH13-W1_bin.88.purify_k141_200762,2020_QHH13-W1_bin.88.purify_k141_200762_8248-8972,2020_QHH13-W1_bin.88.purify_k141_200762_9(Fam_10376 [★Target]) --> 2020_QHH13-W1_bin.88.purify_k141_200762_10(Fam_12960 [★Target])
"(7700, 13451)",4,[13451],2020_BMC-W-1-0m-1_bin.144.purify_k141_839092,2020_BMC-W-1-0m-1_bin.144.purify_k141_839092_1176-2447,2020_BMC-W-1-0m-1_bin.144.purify_k141_839092_3(Fam_7700 [★Target]) --> 2020_BMC-W-1-0m-1_bin.144.purify_k141_839092_4(Fam_13451 [★Target])
"(7700, 13451)",4,[13451],2020_NMC-W-1-1_bin.75.purify_k141_192353,2020_NMC-W-1-1_bin.75.purify_k141_192353_890-2161,2020_NMC-W-1-1_bin.75.purify_k141_192353_3(Fam_7700 [★Target]) --> 2020_NMC-W-1-1_bin.75.purify_k141_192353_4(Fam_13451 [★Target])
"(7700, 13451)",4,[13451],2020_NMC-W-8-10m-1_bin.42.purify_k141_63134,2020_NMC-W-8-10m-1_bin.42.purify_k141_63134_890-2161,2020_NMC-W-8-10m-1_bin.42.purify_k141_63134_3(Fam_7700 [★Target]) --> 2020_NMC-W-8-10m-1_bin.42.purify_k141_63134_4(Fam_13451 [★Target])
"(7700, 13451)",4,[13451],2020_NMC-W-8-35m-1_bin.155.purify_k141_178284,2020_NMC-W-8-35m-1_bin.155.purify_k141_178284_9035-10306,2020_NMC-W-8-35m-1_bin.155.purify_k141_178284_10(Fam_13451 [★Target]) --> 2020_NMC-W-8-35m-1_bin.155.purify_k141_178284_11(Fam_7700 [★Target])
"(3678, 4735)",4,[4735],2021-CNB-W1_bin.38.purify_k127_319260,2021-CNB-W1_bin.38.purify_k127_319260_852-3167,2021-CNB-W1_bin.38.purify_k127_319260_2(Fam_3678 [★Target]) --> 2021-CNB-W1_bin.38.purify_k127_319260_3(Fam_4735 [★Target])
"(3678, 4735)",4,[4735],2021-CNB-W2_bin.23.purify_k127_2016537,2021-CNB-W2_bin.23.purify_k127_2016537_647-2962,2021-CNB-W2_bin.23.purify_k127_2016537_2(Fam_3678 [★Target]) --> 2021-CNB-W2_bin.23.purify_k127_2016537_3(Fam_4735 [★Target])
"(3678, 4735)",4,[4735],2021-CNXB-W1_bin.81.purify_k127_2827380,2021-CNXB-W1_bin.81.purify_k127_2827380_344-2659,2021-CNXB-W1_bin.81.purify_k127_2827380_1(Fam_4735 [★Target]) --> 2021-CNXB-W1_bin.81.purify_k127_2827380_2(Fam_3678 [★Target])
"(3678, 4735)",4,[4735],2021-CNXB-W2_bin.5.purify_k127_1861244,2021-CNXB-W2_bin.5.purify_k127_1861244_414-2729,2021-CNXB-W2_bin.5.purify_k127_1861244_2(Fam_3678 [★Target]) --> 2021-CNXB-W2_bin.5.purify_k127_1861244_3(Fam_4735 [★Target])
"(5633, 5762)",4,[5633],2020_NMC-W-8-15m-1_bin.4.purify_k141_169223,2020_NMC-W-8-15m-1_bin.4.purify_k141_169223_1-1660,2020_NMC-W-8-15m-1_bin.4.purify_k141_169223_1(Fam_5762 [★Target]) --> 2020_NMC-W-8-15m-1_bin.4.purify_k141_169223_3(Fam_5633 [★Target])
"(5633, 5762)",4,[5633],2020_YZYC-20W-1-25m-1_bin.130.purify_k141_273460,2020_YZYC-20W-1-25m-1_bin.130.purify_k141_273460_1-1660,2020_YZYC-20W-1-25m-1_bin.130.purify_k141_273460_1(Fam_5762 [★Target]) --> 2020_YZYC-20W-1-25m-1_bin.130.purify_k141_273460_3(Fam_5633 [★Target])
"(5633, 5762)",4,[5633],2020_YZYC-20W-1-30m-1_bin.99.purify_k141_140217,2020_YZYC-20W-1-30m-1_bin.99.purify_k141_140217_1-1660,2020_YZYC-20W-1-30m-1_bin.99.purify_k141_140217_1(Fam_5762 [★Target]) --> 2020_YZYC-20W-1-30m-1_bin.99.purify_k141_140217_3(Fam_5633 [★Target])
"(5633, 5762)",4,[5633],2021-ZJZB-W70_bin.34.purify_k127_45629,2021-ZJZB-W70_bin.34.purify_k127_45629_1-1660,2021-ZJZB-W70_bin.34.purify_k127_45629_1(Fam_5762 [★Target]) --> 2021-ZJZB-W70_bin.34.purify_k127_45629_3(Fam_5633 [★Target])
"(11895, 13143)",4,[13143],2020_NMC-W-8-0m-1_bin.99.purify_k141_419000,2020_NMC-W-8-0m-1_bin.99.purify_k141_419000_17195-17874,2020_NMC-W-8-0m-1_bin.99.purify_k141_419000_19(Fam_11895 [★Target]) --> 2020_NMC-W-8-0m-1_bin.99.purify_k141_419000_20(Fam_13143 [★Target])
"(11895, 13143)",4,[13143],2021-CE-W1_bin.89.purify_k127_499602,2021-CE-W1_bin.89.purify_k127_499602_992-1617,2021-CE-W1_bin.89.purify_k127_499602_2(Fam_11895 [★Target]) --> 2021-CE-W1_bin.89.purify_k127_499602_3(Fam_13143 [★Target])
"(11895, 13143)",4,[13143],2021-ND-W1_bin.82.purify_k141_2644337,2021-ND-W1_bin.82.purify_k141_2644337_8225-8850,2021-ND-W1_bin.82.purify_k141_2644337_5(Fam_13143 [★Target]) --> 2021-ND-W1_bin.82.purify_k141_2644337_6(Fam_11895 [★Target])
"(11895, 13143)",4,[13143],2021-ND-W2_bin.68.purify_k141_819861,2021-ND-W2_bin.68.purify_k141_819861_26173-26798,2021-ND-W2_bin.68.purify_k141_819861_25(Fam_11895 [★Target]) --> 2021-ND-W2_bin.68.purify_k141_819861_26(Fam_13143 [★Target])
"(438, 726)",4,[726],2020_JC-20W-2-1_bin.57.purify_k141_401386,2020_JC-20W-2-1_bin.57.purify_k141_401386_29099-35829,2020_JC-20W-2-1_bin.57.purify_k141_401386_24(Fam_726 [★Target]) --> 2020_JC-20W-2-1_bin.57.purify_k141_401386_26(Fam_438 [★Target])
"(438, 726)",4,[726],2021-BQZBHK-W6_bin.162.purify_k127_1120222,2021-BQZBHK-W6_bin.162.purify_k127_1120222_27918-34506,2021-BQZBHK-W6_bin.162.purify_k127_1120222_27(Fam_438 [★Target]) --> 2021-BQZBHK-W6_bin.162.purify_k127_1120222_29(Fam_726 [★Target])
"(438, 726)",4,[726],2021-BQZBHK-W7_bin.30.purify_k127_718535,2021-BQZBHK-W7_bin.30.purify_k127_718535_69158-75746,2021-BQZBHK-W7_bin.30.purify_k127_718535_64(Fam_438 [★Target]) --> 2021-BQZBHK-W7_bin.30.purify_k127_718535_66(Fam_726 [★Target])
"(438, 726)",4,[726],HS-29-1_bin.3.purify_k141_191241,HS-29-1_bin.3.purify_k141_191241_21219-27846,HS-29-1_bin.3.purify_k141_191241_21(Fam_438 [★Target]) --> HS-29-1_bin.3.purify_k141_191241_23(Fam_726 [★Target])
"(5502, 9416)",4,[9416],2020_CE-X-W-1_bin.144.purify_k141_576713,2020_CE-X-W-1_bin.144.purify_k141_576713_53191-54836,2020_CE-X-W-1_bin.144.purify_k141_576713_52(Fam_5502 [★Target]) --> 2020_CE-X-W-1_bin.144.purify_k141_576713_53(Fam_9416 [★Target])
"(5502, 9416)",4,[9416],2021-BQZBHK-W4_bin.154.purify_k127_1448622,2021-BQZBHK-W4_bin.154.purify_k127_1448622_25562-26979,2021-BQZBHK-W4_bin.154.purify_k127_1448622_28(Fam_5502 [★Target]) --> 2021-BQZBHK-W4_bin.154.purify_k127_1448622_29(Fam_9416 [★Target])
"(5502, 9416)",4,[9416],2021-CE-W1_bin.123.purify_k127_1264548,2021-CE-W1_bin.123.purify_k127_1264548_41963-43608,2021-CE-W1_bin.123.purify_k127_1264548_39(Fam_5502 [★Target]) --> 2021-CE-W1_bin.123.purify_k127_1264548_40(Fam_9416 [★Target])
"(5502, 9416)",4,[9416],2021-YMQ5-W1_bin.1.purify_k141_1134010,2021-YMQ5-W1_bin.1.purify_k141_1134010_318-1714,2021-YMQ5-W1_bin.1.purify_k141_1134010_2(Fam_9416 [★Target]) --> 2021-YMQ5-W1_bin.1.purify_k141_1134010_3(Fam_5502 [★Target])
"(1789, 5732)",4,[5732],2021-HHSD-W2_bin.38.purify_k127_424228,2021-HHSD-W2_bin.38.purify_k127_424228_1-2624,2021-HHSD-W2_bin.38.purify_k127_424228_1(Fam_1789 [★Target]) --> 2021-HHSD-W2_bin.38.purify_k127_424228_2(Fam_5732 [★Target])
"(1789, 5732)",4,[5732],2021-SLHSD-W4_bin.69.purify_k127_4012924,2021-SLHSD-W4_bin.69.purify_k127_4012924_3-2371,2021-SLHSD-W4_bin.69.purify_k127_4012924_1(Fam_1789 [★Target]) --> 2021-SLHSD-W4_bin.69.purify_k127_4012924_2(Fam_5732 [★Target])
"(1789, 5732)",4,[5732],2021-TLHSD-W3_bin.297.purify_k141_3898988,2021-TLHSD-W3_bin.297.purify_k141_3898988_941-3669,2021-TLHSD-W3_bin.297.purify_k141_3898988_3(Fam_1789 [★Target]) --> 2021-TLHSD-W3_bin.297.purify_k141_3898988_4(Fam_5732 [★Target])
"(1789, 5732)",4,[5732],2021-TMRSD-W3_bin.297.purify_k141_3898988,2021-TMRSD-W3_bin.297.purify_k141_3898988_941-3669,2021-TMRSD-W3_bin.297.purify_k141_3898988_3(Fam_1789 [★Target]) --> 2021-TMRSD-W3_bin.297.purify_k141_3898988_4(Fam_5732 [★Target])
"(12529, 13626)",4,[13626],2020_CE-D-W-2_bin.152.purify_k141_573074,2020_CE-D-W-2_bin.152.purify_k141_573074_26833-27433,2020_CE-D-W-2_bin.152.purify_k141_573074_27(Fam_12529 [★Target]) --> 2020_CE-D-W-2_bin.152.purify_k141_573074_28(Fam_13626 [★Target])
"(12529, 13626)",4,[13626],2020_CN-N-W-2-4.9m_bin.37.purify_k141_959222,2020_CN-N-W-2-4.9m_bin.37.purify_k141_959222_3289-3889,2020_CN-N-W-2-4.9m_bin.37.purify_k141_959222_6(Fam_13626 [★Target]) --> 2020_CN-N-W-2-4.9m_bin.37.purify_k141_959222_7(Fam_12529 [★Target])
"(12529, 13626)",4,[13626],2021-QHH-W3_bin.90.purify_k141_370073,2021-QHH-W3_bin.90.purify_k141_370073_1593-2193,2021-QHH-W3_bin.90.purify_k141_370073_2(Fam_12529 [★Target]) --> 2021-QHH-W3_bin.90.purify_k141_370073_3(Fam_13626 [★Target])
"(12529, 13626)",4,[13626],2021-QHH-W4_bin.68.purify_k141_6145,2021-QHH-W4_bin.68.purify_k141_6145_1130-1730,2021-QHH-W4_bin.68.purify_k141_6145_2(Fam_12529 [★Target]) --> 2021-QHH-W4_bin.68.purify_k141_6145_3(Fam_13626 [★Target])
"(636, 3372)",4,[636],2020_QHH12-W1_bin.41.purify_k141_739044,2020_QHH12-W1_bin.41.purify_k141_739044_10285-14369,2020_QHH12-W1_bin.41.purify_k141_739044_14(Fam_636 [★Target]) --> 2020_QHH12-W1_bin.41.purify_k141_739044_15(Fam_3372 [★Target])
"(636, 3372)",4,[636],2020_QHH2-W1_bin.8.purify_k141_680085,2020_QHH2-W1_bin.8.purify_k141_680085_10286-14370,2020_QHH2-W1_bin.8.purify_k141_680085_14(Fam_636 [★Target]) --> 2020_QHH2-W1_bin.8.purify_k141_680085_15(Fam_3372 [★Target])
"(636, 3372)",4,[636],2020_QHH6-W1_bin.119.purify_k141_158109,2020_QHH6-W1_bin.119.purify_k141_158109_10286-14370,2020_QHH6-W1_bin.119.purify_k141_158109_14(Fam_636 [★Target]) --> 2020_QHH6-W1_bin.119.purify_k141_158109_15(Fam_3372 [★Target])
"(636, 3372)",4,[636],2020_QHH7-W1_bin.79.purify_k141_1082463,2020_QHH7-W1_bin.79.purify_k141_1082463_10285-14369,2020_QHH7-W1_bin.79.purify_k141_1082463_14(Fam_636 [★Target]) --> 2020_QHH7-W1_bin.79.purify_k141_1082463_15(Fam_3372 [★Target])
"(7419, 12441)",4,"[7419, 12441]",2020_HHSD2-W1_bin.7.purify_k141_1501270,2020_HHSD2-W1_bin.7.purify_k141_1501270_13573-14850,2020_HHSD2-W1_bin.7.purify_k141_1501270_14(Fam_12441 [★Target]) --> 2020_HHSD2-W1_bin.7.purify_k141_1501270_15(Fam_7419 [★Target])
"(7419, 12441)",4,"[7419, 12441]",2020_KMC-20W-1-15m-1_bin.45.purify_k141_101302,2020_KMC-20W-1-15m-1_bin.45.purify_k141_101302_13594-14871,2020_KMC-20W-1-15m-1_bin.45.purify_k141_101302_14(Fam_12441 [★Target]) --> 2020_KMC-20W-1-15m-1_bin.45.purify_k141_101302_15(Fam_7419 [★Target])
"(7419, 12441)",4,"[7419, 12441]",2020_NMC-W-8-25m-1_bin.164.purify_k141_366971,2020_NMC-W-8-25m-1_bin.164.purify_k141_366971_13573-14850,2020_NMC-W-8-25m-1_bin.164.purify_k141_366971_14(Fam_12441 [★Target]) --> 2020_NMC-W-8-25m-1_bin.164.purify_k141_366971_15(Fam_7419 [★Target])
"(7419, 12441)",4,"[7419, 12441]",2020_YZYC-20W-1-10m-1_bin.123.purify_k141_51349,2020_YZYC-20W-1-10m-1_bin.123.purify_k141_51349_13573-14850,2020_YZYC-20W-1-10m-1_bin.123.purify_k141_51349_14(Fam_12441 [★Target]) --> 2020_YZYC-20W-1-10m-1_bin.123.purify_k141_51349_15(Fam_7419 [★Target])
"(8466, 10564)",4,[8466],2020_HHSD3-W1_bin.29.purify_k141_1425450,2020_HHSD3-W1_bin.29.purify_k141_1425450_28148-29559,2020_HHSD3-W1_bin.29.purify_k141_1425450_30(Fam_10564 [★Target]) --> 2020_HHSD3-W1_bin.29.purify_k141_1425450_31(Fam_8466 [★Target])
"(8466, 10564)",4,[8466],2021-CNXB-W1_bin.8.purify_k127_24848,2021-CNXB-W1_bin.8.purify_k127_24848_12094-13506,2021-CNXB-W1_bin.8.purify_k127_24848_14(Fam_8466 [★Target]) --> 2021-CNXB-W1_bin.8.purify_k127_24848_15(Fam_10564 [★Target])
"(8466, 10564)",4,[8466],2021-SD-W41_bin.132.purify_k127_6019399,2021-SD-W41_bin.132.purify_k127_6019399_2844-4256,2021-SD-W41_bin.132.purify_k127_6019399_6(Fam_10564 [★Target]) --> 2021-SD-W41_bin.132.purify_k127_6019399_7(Fam_8466 [★Target])
"(8466, 10564)",4,[8466],2021-ZJZB-W2_bin.30.purify_k127_184305,2021-ZJZB-W2_bin.30.purify_k127_184305_21418-22830,2021-ZJZB-W2_bin.30.purify_k127_184305_23(Fam_10564 [★Target]) --> 2021-ZJZB-W2_bin.30.purify_k127_184305_24(Fam_8466 [★Target])
"(783, 10229)",4,[783],2020_QHH15-W1_bin.69.purify_k141_491667,2020_QHH15-W1_bin.69.purify_k141_491667_219-3436,2020_QHH15-W1_bin.69.purify_k141_491667_2(Fam_783 [★Target]) --> 2020_QHH15-W1_bin.69.purify_k141_491667_3(Fam_10229 [★Target])
"(783, 10229)",4,[783],2020_QHH2-W1_bin.116.purify_k141_925022,2020_QHH2-W1_bin.116.purify_k141_925022_207-3424,2020_QHH2-W1_bin.116.purify_k141_925022_2(Fam_783 [★Target]) --> 2020_QHH2-W1_bin.116.purify_k141_925022_3(Fam_10229 [★Target])
"(783, 10229)",4,[783],2020_QHH4-W1_bin.45.purify_k141_414153,2020_QHH4-W1_bin.45.purify_k141_414153_2231-5169,2020_QHH4-W1_bin.45.purify_k141_414153_5(Fam_10229 [★Target]) --> 2020_QHH4-W1_bin.45.purify_k141_414153_6(Fam_783 [★Target])
"(783, 10229)",4,[783],2021-BQZBHK-W6_bin.51.purify_k127_446633,2021-BQZBHK-W6_bin.51.purify_k127_446633_269-3453,2021-BQZBHK-W6_bin.51.purify_k127_446633_2(Fam_783 [★Target]) --> 2021-BQZBHK-W6_bin.51.purify_k127_446633_3(Fam_10229 [★Target])
"(7330, 11918)",4,[7330],2020_ZJZBSD-04-1_bin.101.purify_k141_612672,2020_ZJZBSD-04-1_bin.101.purify_k141_612672_1009-2216,2020_ZJZBSD-04-1_bin.101.purify_k141_612672_3(Fam_7330 [★Target]) --> 2020_ZJZBSD-04-1_bin.101.purify_k141_612672_4(Fam_11918 [★Target])
"(7330, 11918)",4,[7330],2021-SLHSD-W6_bin.138.purify_k141_1538489,2021-SLHSD-W6_bin.138.purify_k141_1538489_45-1252,2021-SLHSD-W6_bin.138.purify_k141_1538489_1(Fam_11918 [★Target]) --> 2021-SLHSD-W6_bin.138.purify_k141_1538489_2(Fam_7330 [★Target])
"(7330, 11918)",4,[7330],H1-2_bin.89.purify_k141_28664_length_1994_cov_9.8931,H1-2_bin.89.purify_k141_28664_length_1994_cov_9.8931_200-1407,H1-2_bin.89.purify_k141_28664_length_1994_cov_9.8931_2(Fam_11918 [★Target]) --> H1-2_bin.89.purify_k141_28664_length_1994_cov_9.8931_3(Fam_7330 [★Target])
"(7330, 11918)",4,[7330],H4-3_bin.22.purify_k141_133560_length_2192_cov_39.8069,H4-3_bin.22.purify_k141_133560_length_2192_cov_39.8069_3-835,H4-3_bin.22.purify_k141_133560_length_2192_cov_39.8069_1(Fam_7330 [★Target]) --> H4-3_bin.22.purify_k141_133560_length_2192_cov_39.8069_2(Fam_11918 [★Target])
"(3002, 5528)",3,[3002],2020_BMC-W-1-0m-1_bin.27.purify_k141_658843,2020_BMC-W-1-0m-1_bin.27.purify_k141_658843_72746-75132,2020_BMC-W-1-0m-1_bin.27.purify_k141_658843_71(Fam_3002 [★Target]) --> 2020_BMC-W-1-0m-1_bin.27.purify_k141_658843_72(Fam_5528 [★Target])
"(3002, 5528)",3,[3002],2020_BMC-W-1-1_bin.149.purify_k141_246381,2020_BMC-W-1-1_bin.149.purify_k141_246381_72746-75132,2020_BMC-W-1-1_bin.149.purify_k141_246381_71(Fam_3002 [★Target]) --> 2020_BMC-W-1-1_bin.149.purify_k141_246381_72(Fam_5528 [★Target])
"(3002, 5528)",3,[3002],2021-EH-W1_bin.85.purify_k141_443237,2021-EH-W1_bin.85.purify_k141_443237_72746-75132,2021-EH-W1_bin.85.purify_k141_443237_71(Fam_3002 [★Target]) --> 2021-EH-W1_bin.85.purify_k141_443237_72(Fam_5528 [★Target])
"(5743, 12648)",3,[5743],2020_BHH-W1_bin.29.purify_k141_773444,2020_BHH-W1_bin.29.purify_k141_773444_1572-3075,2020_BHH-W1_bin.29.purify_k141_773444_3(Fam_5743 [★Target]) --> 2020_BHH-W1_bin.29.purify_k141_773444_4(Fam_12648 [★Target])
"(5743, 12648)",3,[5743],2020_CJH-W1_bin.32.purify_k141_1111495,2020_CJH-W1_bin.32.purify_k141_1111495_1211-2714,2020_CJH-W1_bin.32.purify_k141_1111495_2(Fam_12648 [★Target]) --> 2020_CJH-W1_bin.32.purify_k141_1111495_3(Fam_5743 [★Target])
"(5743, 12648)",3,[5743],2020_HMH-W1_bin.33.purify_k141_1571324,2020_HMH-W1_bin.33.purify_k141_1571324_1551-3063,2020_HMH-W1_bin.33.purify_k141_1571324_3(Fam_5743 [★Target]) --> 2020_HMH-W1_bin.33.purify_k141_1571324_4(Fam_12648 [★Target])
"(6746, 8354)",3,[6746],2020_JNYC-20W-1-40m-1_bin.102.purify_k141_133047,2020_JNYC-20W-1-40m-1_bin.102.purify_k141_133047_76566-78166,2020_JNYC-20W-1-40m-1_bin.102.purify_k141_133047_69(Fam_6746 [★Target]) --> 2020_JNYC-20W-1-40m-1_bin.102.purify_k141_133047_70(Fam_8354 [★Target])
"(6746, 8354)",3,[6746],2020_JNYC-20W-1-60m-1_bin.79.purify_k141_1137516,2020_JNYC-20W-1-60m-1_bin.79.purify_k141_1137516_76598-78198,2020_JNYC-20W-1-60m-1_bin.79.purify_k141_1137516_69(Fam_6746 [★Target]) --> 2020_JNYC-20W-1-60m-1_bin.79.purify_k141_1137516_70(Fam_8354 [★Target])
"(6746, 8354)",3,[6746],2020_JNYC-20W-1-80m-1_bin.28.purify_k141_826558,2020_JNYC-20W-1-80m-1_bin.28.purify_k141_826558_76554-78154,2020_JNYC-20W-1-80m-1_bin.28.purify_k141_826558_69(Fam_6746 [★Target]) --> 2020_JNYC-20W-1-80m-1_bin.28.purify_k141_826558_70(Fam_8354 [★Target])
"(6040, 9034)",3,[9034],2020_CC-20W-1-0m-1_bin.71.purify_k141_273054,2020_CC-20W-1-0m-1_bin.71.purify_k141_273054_3022-4655,2020_CC-20W-1-0m-1_bin.71.purify_k141_273054_4(Fam_9034 [★Target]) --> 2020_CC-20W-1-0m-1_bin.71.purify_k141_273054_5(Fam_6040 [★Target])
"(6040, 9034)",3,[9034],2020_CC-20W-1-20m-1_bin.137.purify_k141_1877781,2020_CC-20W-1-20m-1_bin.137.purify_k141_1877781_5251-6884,2020_CC-20W-1-20m-1_bin.137.purify_k141_1877781_7(Fam_9034 [★Target]) --> 2020_CC-20W-1-20m-1_bin.137.purify_k141_1877781_8(Fam_6040 [★Target])
"(6040, 9034)",3,[9034],2020_NMC-W-8-35m-1_bin.102.purify_k141_98720,2020_NMC-W-8-35m-1_bin.102.purify_k141_98720_1696-3329,2020_NMC-W-8-35m-1_bin.102.purify_k141_98720_3(Fam_9034 [★Target]) --> 2020_NMC-W-8-35m-1_bin.102.purify_k141_98720_4(Fam_6040 [★Target])
"(3801, 9328)",3,[9328],2020_YBJSD-W-2_bin.106.purify_k141_939356,2020_YBJSD-W-2_bin.106.purify_k141_939356_2217-4090,2020_YBJSD-W-2_bin.106.purify_k141_939356_4(Fam_3801 [★Target]) --> 2020_YBJSD-W-2_bin.106.purify_k141_939356_5(Fam_9328 [★Target])
"(3801, 9328)",3,[9328],2021-LU-W7_bin.93.purify_k127_1778207,2021-LU-W7_bin.93.purify_k127_1778207_272-2142,2021-LU-W7_bin.93.purify_k127_1778207_2(Fam_9328 [★Target]) --> 2021-LU-W7_bin.93.purify_k127_1778207_3(Fam_3801 [★Target])
"(3801, 9328)",3,[9328],2021-LU-W8_bin.30.purify_k127_4176547,2021-LU-W8_bin.30.purify_k127_4176547_1483-3317,2021-LU-W8_bin.30.purify_k127_4176547_3(Fam_9328 [★Target]) --> 2021-LU-W8_bin.30.purify_k127_4176547_4(Fam_3801 [★Target])
"(1624, 2377, 3269)",3,[1624],2020_CC-20W-1-5m-1_bin.24.purify_k141_19836,2020_CC-20W-1-5m-1_bin.24.purify_k141_19836_180768-187090,2020_CC-20W-1-5m-1_bin.24.purify_k141_19836_146(Fam_1624 [★Target]) --> 2020_CC-20W-1-5m-1_bin.24.purify_k141_19836_148(Fam_3269 [★Target]) --> 2020_CC-20W-1-5m-1_bin.24.purify_k141_19836_150(Fam_2377 [★Target])
"(1624, 2377, 3269)",3,[1624],2020_NMC-W-1-1_bin.1.purify_k141_850739,2020_NMC-W-1-1_bin.1.purify_k141_850739_180768-187090,2020_NMC-W-1-1_bin.1.purify_k141_850739_146(Fam_1624 [★Target]) --> 2020_NMC-W-1-1_bin.1.purify_k141_850739_148(Fam_3269 [★Target]) --> 2020_NMC-W-1-1_bin.1.purify_k141_850739_150(Fam_2377 [★Target])
"(1624, 2377, 3269)",3,[1624],2020_NMC-W-2-1_bin.15.purify_k141_584503,2020_NMC-W-2-1_bin.15.purify_k141_584503_180768-187090,2020_NMC-W-2-1_bin.15.purify_k141_584503_146(Fam_1624 [★Target]) --> 2020_NMC-W-2-1_bin.15.purify_k141_584503_148(Fam_3269 [★Target]) --> 2020_NMC-W-2-1_bin.15.purify_k141_584503_150(Fam_2377 [★Target])
"(5477, 5842)",3,[5477],2020_CC-20W-1-0m-1_bin.23.purify_k141_73447,2020_CC-20W-1-0m-1_bin.23.purify_k141_73447_19598-21705,2020_CC-20W-1-0m-1_bin.23.purify_k141_73447_14(Fam_5477 [★Target]) --> 2020_CC-20W-1-0m-1_bin.23.purify_k141_73447_15(Fam_5842 [★Target])
"(5477, 5842)",3,[5477],2020_GHH17-W1_bin.112.purify_k141_533673,2020_GHH17-W1_bin.112.purify_k141_533673_258-2365,2020_GHH17-W1_bin.112.purify_k141_533673_1(Fam_5842 [★Target]) --> 2020_GHH17-W1_bin.112.purify_k141_533673_2(Fam_5477 [★Target])
"(5477, 5842)",3,[5477],2021-BQZBHK-W4_bin.175.purify_k127_909573,2021-BQZBHK-W4_bin.175.purify_k127_909573_772-2879,2021-BQZBHK-W4_bin.175.purify_k127_909573_2(Fam_5842 [★Target]) --> 2021-BQZBHK-W4_bin.175.purify_k127_909573_3(Fam_5477 [★Target])
"(5006, 6006)",3,[6006],2020_GMZ12-W1_bin.77.purify_k141_814203,2020_GMZ12-W1_bin.77.purify_k141_814203_878-2442,2020_GMZ12-W1_bin.77.purify_k141_814203_4(Fam_6006 [★Target]) --> 2020_GMZ12-W1_bin.77.purify_k141_814203_5(Fam_5006 [★Target])
"(5006, 6006)",3,[6006],2021-CE-W1_bin.60.purify_k127_826496,2021-CE-W1_bin.60.purify_k127_826496_2095-3796,2021-CE-W1_bin.60.purify_k127_826496_3(Fam_6006 [★Target]) --> 2021-CE-W1_bin.60.purify_k127_826496_4(Fam_5006 [★Target])
"(5006, 6006)",3,[6006],2021-SLCB-W5_bin.123.purify_k127_306281,2021-SLCB-W5_bin.123.purify_k127_306281_16722-18361,2021-SLCB-W5_bin.123.purify_k127_306281_10(Fam_6006 [★Target]) --> 2021-SLCB-W5_bin.123.purify_k127_306281_11(Fam_5006 [★Target])
"(3758, 3758)",3,[3758],2020_JNYC-20W-1-40m-1_bin.145.purify_k141_1850250,2020_JNYC-20W-1-40m-1_bin.145.purify_k141_1850250_15733-18134,2020_JNYC-20W-1-40m-1_bin.145.purify_k141_1850250_17(Fam_3758 [★Target]) --> 2020_JNYC-20W-1-40m-1_bin.145.purify_k141_1850250_18(Fam_3758 [★Target])
"(3758, 3758)",3,[3758],2020_JNYC-20W-1-80m-1_bin.158.purify_k141_675763,2020_JNYC-20W-1-80m-1_bin.158.purify_k141_675763_3530-5931,2020_JNYC-20W-1-80m-1_bin.158.purify_k141_675763_4(Fam_3758 [★Target]) --> 2020_JNYC-20W-1-80m-1_bin.158.purify_k141_675763_5(Fam_3758 [★Target])
"(3758, 3758)",3,[3758],2020_JNYC-20W-2-1_bin.36.purify_k141_1116132,2020_JNYC-20W-2-1_bin.36.purify_k141_1116132_49627-52028,2020_JNYC-20W-2-1_bin.36.purify_k141_1116132_55(Fam_3758 [★Target]) --> 2020_JNYC-20W-2-1_bin.36.purify_k141_1116132_56(Fam_3758 [★Target])
"(1566, 4055)",3,[1566],2020_BMC-W-1-0m-1_bin.134.purify_k141_561650,2020_BMC-W-1-0m-1_bin.134.purify_k141_561650_104508-107575,2020_BMC-W-1-0m-1_bin.134.purify_k141_561650_95(Fam_1566 [★Target]) --> 2020_BMC-W-1-0m-1_bin.134.purify_k141_561650_96(Fam_4055 [★Target])
"(1566, 4055)",3,[1566],2020_CE-20W-1-2.5m-1_bin.111.purify_k141_51139,2020_CE-20W-1-2.5m-1_bin.111.purify_k141_51139_10434-13501,2020_CE-20W-1-2.5m-1_bin.111.purify_k141_51139_12(Fam_1566 [★Target]) --> 2020_CE-20W-1-2.5m-1_bin.111.purify_k141_51139_13(Fam_4055 [★Target])
"(1566, 4055)",3,[1566],2020_CE-N-W-2_bin.30.purify_k141_703330,2020_CE-N-W-2_bin.30.purify_k141_703330_4689-7756,2020_CE-N-W-2_bin.30.purify_k141_703330_4(Fam_4055 [★Target]) --> 2020_CE-N-W-2_bin.30.purify_k141_703330_5(Fam_1566 [★Target])
"(8144, 13112)",3,[13112],2020_KMC-20W-1-0m-1_bin.33.purify_k141_396939,2020_KMC-20W-1-0m-1_bin.33.purify_k141_396939_1-1071,2020_KMC-20W-1-0m-1_bin.33.purify_k141_396939_1(Fam_13112 [★Target]) --> 2020_KMC-20W-1-0m-1_bin.33.purify_k141_396939_2(Fam_8144 [★Target])
"(8144, 13112)",3,[13112],2020_KMC-20W-1-15m-1_bin.147.purify_k141_567720,2020_KMC-20W-1-15m-1_bin.147.purify_k141_567720_1-1071,2020_KMC-20W-1-15m-1_bin.147.purify_k141_567720_1(Fam_13112 [★Target]) --> 2020_KMC-20W-1-15m-1_bin.147.purify_k141_567720_2(Fam_8144 [★Target])
"(8144, 13112)",3,[13112],2020_KMC-20W-1-20m-1_bin.43.purify_k141_1221616,2020_KMC-20W-1-20m-1_bin.43.purify_k141_1221616_1-1071,2020_KMC-20W-1-20m-1_bin.43.purify_k141_1221616_1(Fam_13112 [★Target]) --> 2020_KMC-20W-1-20m-1_bin.43.purify_k141_1221616_2(Fam_8144 [★Target])
"(7518, 7650)",3,[7518],2020_YBJSD-W-2_bin.83.purify_k141_440357,2020_YBJSD-W-2_bin.83.purify_k141_440357_44924-46524,2020_YBJSD-W-2_bin.83.purify_k141_440357_46(Fam_7518 [★Target]) --> 2020_YBJSD-W-2_bin.83.purify_k141_440357_47(Fam_7650 [★Target])
"(7518, 7650)",3,[7518],2021-SD-W42_bin.118.purify_k127_1720789,2021-SD-W42_bin.118.purify_k127_1720789_8834-10431,2021-SD-W42_bin.118.purify_k127_1720789_8(Fam_7518 [★Target]) --> 2021-SD-W42_bin.118.purify_k127_1720789_9(Fam_7650 [★Target])
"(7518, 7650)",3,[7518],2021-ZJZBSD-W53_bin.1.purify_k127_1253785,2021-ZJZBSD-W53_bin.1.purify_k127_1253785_8721-10318,2021-ZJZBSD-W53_bin.1.purify_k127_1253785_8(Fam_7518 [★Target]) --> 2021-ZJZBSD-W53_bin.1.purify_k127_1253785_9(Fam_7650 [★Target])
"(10630, 11451)",3,[11451],2020_BMC-W-1-0m-1_bin.14.purify_k141_444202,2020_BMC-W-1-0m-1_bin.14.purify_k141_444202_41088-42085,2020_BMC-W-1-0m-1_bin.14.purify_k141_444202_32(Fam_10630 [★Target]) --> 2020_BMC-W-1-0m-1_bin.14.purify_k141_444202_33(Fam_11451 [★Target])
"(10630, 11451)",3,[11451],2020_BMC-W-1-1_bin.162.purify_k141_375381,2020_BMC-W-1-1_bin.162.purify_k141_375381_41167-42164,2020_BMC-W-1-1_bin.162.purify_k141_375381_32(Fam_10630 [★Target]) --> 2020_BMC-W-1-1_bin.162.purify_k141_375381_33(Fam_11451 [★Target])
"(10630, 11451)",3,[11451],2020_BMC-W-1-8m-1_bin.61.purify_k141_939159,2020_BMC-W-1-8m-1_bin.61.purify_k141_939159_41023-42020,2020_BMC-W-1-8m-1_bin.61.purify_k141_939159_32(Fam_10630 [★Target]) --> 2020_BMC-W-1-8m-1_bin.61.purify_k141_939159_33(Fam_11451 [★Target])
"(3081, 5006)",3,[3081],2020_BMC-W-1-0m-1_bin.33.purify_k141_85364,2020_BMC-W-1-0m-1_bin.33.purify_k141_85364_9132-11533,2020_BMC-W-1-0m-1_bin.33.purify_k141_85364_7(Fam_3081 [★Target]) --> 2020_BMC-W-1-0m-1_bin.33.purify_k141_85364_8(Fam_5006 [★Target])
"(3081, 5006)",3,[3081],2021-TLHSD-W3_bin.200.purify_k141_768023,2021-TLHSD-W3_bin.200.purify_k141_768023_15302-17698,2021-TLHSD-W3_bin.200.purify_k141_768023_16(Fam_5006 [★Target]) --> 2021-TLHSD-W3_bin.200.purify_k141_768023_17(Fam_3081 [★Target])
"(3081, 5006)",3,[3081],2021-TMRSD-W3_bin.200.purify_k141_768023,2021-TMRSD-W3_bin.200.purify_k141_768023_15302-17698,2021-TMRSD-W3_bin.200.purify_k141_768023_16(Fam_5006 [★Target]) --> 2021-TMRSD-W3_bin.200.purify_k141_768023_17(Fam_3081 [★Target])
"(5215, 12185)",3,[12185],2020_CC-20W-1-0m-1_bin.53.purify_k141_247783,2020_CC-20W-1-0m-1_bin.53.purify_k141_247783_1-1707,2020_CC-20W-1-0m-1_bin.53.purify_k141_247783_1(Fam_12185 [★Target]) --> 2020_CC-20W-1-0m-1_bin.53.purify_k141_247783_2(Fam_5215 [★Target])
"(5215, 12185)",3,[12185],2021-DTH-W3_bin.14.purify_k127_379278,2021-DTH-W3_bin.14.purify_k127_379278_2-1694,2021-DTH-W3_bin.14.purify_k127_379278_1(Fam_12185 [★Target]) --> 2021-DTH-W3_bin.14.purify_k127_379278_2(Fam_5215 [★Target])
"(5215, 12185)",3,[12185],2021-ZJZBSD-W51_bin.37.purify_k127_509483,2021-ZJZBSD-W51_bin.37.purify_k127_509483_8775-11081,2021-ZJZBSD-W51_bin.37.purify_k127_509483_12(Fam_5215 [★Target]) --> 2021-ZJZBSD-W51_bin.37.purify_k127_509483_13(Fam_12185 [★Target])
"(2385, 4970)",3,[2385],2020_KMC-20W-1-15m-1_bin.122.purify_k141_934093,2020_KMC-20W-1-15m-1_bin.122.purify_k141_934093_62-2654,2020_KMC-20W-1-15m-1_bin.122.purify_k141_934093_1(Fam_2385 [★Target]) --> 2020_KMC-20W-1-15m-1_bin.122.purify_k141_934093_2(Fam_4970 [★Target])
"(2385, 4970)",3,[2385],2020_KMC-20W-1-20m-1_bin.219.purify_k141_1366099,2020_KMC-20W-1-20m-1_bin.219.purify_k141_1366099_28754-31346,2020_KMC-20W-1-20m-1_bin.219.purify_k141_1366099_32(Fam_4970 [★Target]) --> 2020_KMC-20W-1-20m-1_bin.219.purify_k141_1366099_33(Fam_2385 [★Target])
"(2385, 4970)",3,[2385],2020_KMC-20W-1-5m-1_bin.147.purify_k141_237588,2020_KMC-20W-1-5m-1_bin.147.purify_k141_237588_8447-11039,2020_KMC-20W-1-5m-1_bin.147.purify_k141_237588_9(Fam_2385 [★Target]) --> 2020_KMC-20W-1-5m-1_bin.147.purify_k141_237588_10(Fam_4970 [★Target])
"(1599, 10793)",3,[1599],2020_CBL-w5_bin.95.purify_k141_2811142,2020_CBL-w5_bin.95.purify_k141_2811142_13472-16019,2020_CBL-w5_bin.95.purify_k141_2811142_12(Fam_1599 [★Target]) --> 2020_CBL-w5_bin.95.purify_k141_2811142_13(Fam_10793 [★Target])
"(1599, 10793)",3,[1599],2020_JNYC-20W-1-0m-1_bin.158.purify_k141_953452,2020_JNYC-20W-1-0m-1_bin.158.purify_k141_953452_9572-12119,2020_JNYC-20W-1-0m-1_bin.158.purify_k141_953452_11(Fam_10793 [★Target]) --> 2020_JNYC-20W-1-0m-1_bin.158.purify_k141_953452_12(Fam_1599 [★Target])
"(1599, 10793)",3,[1599],2020_LU-w7_bin.109.purify_k141_2123531,2020_LU-w7_bin.109.purify_k141_2123531_1033604-1036151,2020_LU-w7_bin.109.purify_k141_2123531_941(Fam_1599 [★Target]) --> 2020_LU-w7_bin.109.purify_k141_2123531_942(Fam_10793 [★Target])
"(1523, 7247)",3,[7247],2020_QHH12-W1_bin.26.purify_k141_1126756,2020_QHH12-W1_bin.26.purify_k141_1126756_3-2014,2020_QHH12-W1_bin.26.purify_k141_1126756_1(Fam_1523 [★Target]) --> 2020_QHH12-W1_bin.26.purify_k141_1126756_2(Fam_7247 [★Target])
"(1523, 7247)",3,[7247],2020_SLC-w-7_bin.4.purify_k141_1227252,2020_SLC-w-7_bin.4.purify_k141_1227252_2839-5480,2020_SLC-w-7_bin.4.purify_k141_1227252_6(Fam_7247 [★Target]) --> 2020_SLC-w-7_bin.4.purify_k141_1227252_7(Fam_1523 [★Target])
"(1523, 7247)",3,[7247],2021-ZJZB-W1_bin.11.purify_k127_2117636,2021-ZJZB-W1_bin.11.purify_k127_2117636_355-3053,2021-ZJZB-W1_bin.11.purify_k127_2117636_2(Fam_7247 [★Target]) --> 2021-ZJZB-W1_bin.11.purify_k127_2117636_3(Fam_1523 [★Target])
"(647, 11495)",3,[11495],2020_QHH12-W1_bin.38.purify_k141_246501,2020_QHH12-W1_bin.38.purify_k141_246501_185-3495,2020_QHH12-W1_bin.38.purify_k141_246501_2(Fam_11495 [★Target]) --> 2020_QHH12-W1_bin.38.purify_k141_246501_3(Fam_647 [★Target])
"(647, 11495)",3,[11495],2021-HHXL-0.5M-W1_bin.87.purify_k141_529085,2021-HHXL-0.5M-W1_bin.87.purify_k141_529085_183-3493,2021-HHXL-0.5M-W1_bin.87.purify_k141_529085_2(Fam_11495 [★Target]) --> 2021-HHXL-0.5M-W1_bin.87.purify_k141_529085_3(Fam_647 [★Target])
"(647, 11495)",3,[11495],2021-HHXL-3M-W1_bin.13.purify_k141_211856,2021-HHXL-3M-W1_bin.13.purify_k141_211856_1-3305,2021-HHXL-3M-W1_bin.13.purify_k141_211856_1(Fam_11495 [★Target]) --> 2021-HHXL-3M-W1_bin.13.purify_k141_211856_2(Fam_647 [★Target])
"(10631, 11539)",3,[11539],2020_CC-20W-1-15m-1_bin.150.purify_k141_892997,2020_CC-20W-1-15m-1_bin.150.purify_k141_892997_1435-2441,2020_CC-20W-1-15m-1_bin.150.purify_k141_892997_3(Fam_10631 [★Target]) --> 2020_CC-20W-1-15m-1_bin.150.purify_k141_892997_4(Fam_11539 [★Target])
"(10631, 11539)",3,[11539],2020_NMC-W-4-1_bin.144.purify_k141_270426,2020_NMC-W-4-1_bin.144.purify_k141_270426_3754-4760,2020_NMC-W-4-1_bin.144.purify_k141_270426_5(Fam_11539 [★Target]) --> 2020_NMC-W-4-1_bin.144.purify_k141_270426_6(Fam_10631 [★Target])
"(10631, 11539)",3,[11539],2020_NMC-W-8-20m-1_bin.96.purify_k141_263675,2020_NMC-W-8-20m-1_bin.96.purify_k141_263675_3729-4735,2020_NMC-W-8-20m-1_bin.96.purify_k141_263675_5(Fam_11539 [★Target]) --> 2020_NMC-W-8-20m-1_bin.96.purify_k141_263675_6(Fam_10631 [★Target])
"(2553, 3696, 6417)",3,[6417],2020_JC-20W-1-0m-1_bin.101.purify_k141_523029,2020_JC-20W-1-0m-1_bin.101.purify_k141_523029_93064-96921,2020_JC-20W-1-0m-1_bin.101.purify_k141_523029_82(Fam_6417 [★Target]) --> 2020_JC-20W-1-0m-1_bin.101.purify_k141_523029_83(Fam_2553 [★Target]) --> 2020_JC-20W-1-0m-1_bin.101.purify_k141_523029_84(Fam_3696 [★Target])
"(2553, 3696, 6417)",3,[6417],2020_JC-20W-1-15m-1_bin.136.purify_k141_701701,2020_JC-20W-1-15m-1_bin.136.purify_k141_701701_93062-96919,2020_JC-20W-1-15m-1_bin.136.purify_k141_701701_82(Fam_6417 [★Target]) --> 2020_JC-20W-1-15m-1_bin.136.purify_k141_701701_83(Fam_2553 [★Target]) --> 2020_JC-20W-1-15m-1_bin.136.purify_k141_701701_84(Fam_3696 [★Target])
"(2553, 3696, 6417)",3,[6417],2020_PC-20W-1-17m-1_bin.91.purify_k141_444425,2020_PC-20W-1-17m-1_bin.91.purify_k141_444425_93063-96920,2020_PC-20W-1-17m-1_bin.91.purify_k141_444425_82(Fam_6417 [★Target]) --> 2020_PC-20W-1-17m-1_bin.91.purify_k141_444425_83(Fam_2553 [★Target]) --> 2020_PC-20W-1-17m-1_bin.91.purify_k141_444425_84(Fam_3696 [★Target])
"(10680, 11663)",3,"[10680, 11663]",2020_YZYC-20W-1-0m-1_bin.141.purify_k141_906212,2020_YZYC-20W-1-0m-1_bin.141.purify_k141_906212_25163-26154,2020_YZYC-20W-1-0m-1_bin.141.purify_k141_906212_19(Fam_11663 [★Target]) --> 2020_YZYC-20W-1-0m-1_bin.141.purify_k141_906212_20(Fam_10680 [★Target])
"(10680, 11663)",3,"[10680, 11663]",2020_YZYC-20W-1-5m-1_bin.54.purify_k141_868231,2020_YZYC-20W-1-5m-1_bin.54.purify_k141_868231_24078-24922,2020_YZYC-20W-1-5m-1_bin.54.purify_k141_868231_18(Fam_11663 [★Target]) --> 2020_YZYC-20W-1-5m-1_bin.54.purify_k141_868231_19(Fam_10680 [★Target])
"(10680, 11663)",3,"[10680, 11663]",2021-HHXL-0.5M-W1_bin.172.purify_k141_740735,2021-HHXL-0.5M-W1_bin.172.purify_k141_740735_18518-19509,2021-HHXL-0.5M-W1_bin.172.purify_k141_740735_13(Fam_11663 [★Target]) --> 2021-HHXL-0.5M-W1_bin.172.purify_k141_740735_14(Fam_10680 [★Target])
"(6941, 7094)",3,"[6941, 7094]",2020_QHH15-W1_bin.32.purify_k141_653507,2020_QHH15-W1_bin.32.purify_k141_653507_2244-4010,2020_QHH15-W1_bin.32.purify_k141_653507_4(Fam_6941 [★Target]) --> 2020_QHH15-W1_bin.32.purify_k141_653507_5(Fam_7094 [★Target])
"(6941, 7094)",3,"[6941, 7094]",2020_QHH4-W1_bin.1.purify_k141_1517332,2020_QHH4-W1_bin.1.purify_k141_1517332_1005-2525,2020_QHH4-W1_bin.1.purify_k141_1517332_3(Fam_6941 [★Target]) --> 2020_QHH4-W1_bin.1.purify_k141_1517332_4(Fam_7094 [★Target])
"(6941, 7094)",3,"[6941, 7094]",2021-HHXL-0.5M-W1_bin.11.purify_k141_1860152,2021-HHXL-0.5M-W1_bin.11.purify_k141_1860152_1718-3484,2021-HHXL-0.5M-W1_bin.11.purify_k141_1860152_5(Fam_7094 [★Target]) --> 2021-HHXL-0.5M-W1_bin.11.purify_k141_1860152_6(Fam_6941 [★Target])
"(1922, 9724)",3,[9724],2020_BMC-W-1-8m-1_bin.21.purify_k141_445059,2020_BMC-W-1-8m-1_bin.21.purify_k141_445059_54-2233,2020_BMC-W-1-8m-1_bin.21.purify_k141_445059_1(Fam_9724 [★Target]) --> 2020_BMC-W-1-8m-1_bin.21.purify_k141_445059_2(Fam_1922 [★Target])
"(1922, 9724)",3,[9724],2020_CN-N-W-2-0m_bin.61.purify_k141_675037,2020_CN-N-W-2-0m_bin.61.purify_k141_675037_2-2169,2020_CN-N-W-2-0m_bin.61.purify_k141_675037_1(Fam_9724 [★Target]) --> 2020_CN-N-W-2-0m_bin.61.purify_k141_675037_2(Fam_1922 [★Target])
"(1922, 9724)",3,[9724],2020_JC-20W-2-1_bin.144.purify_k141_108886,2020_JC-20W-2-1_bin.144.purify_k141_108886_1201-3380,2020_JC-20W-2-1_bin.144.purify_k141_108886_4(Fam_1922 [★Target]) --> 2020_JC-20W-2-1_bin.144.purify_k141_108886_5(Fam_9724 [★Target])
"(413, 1330, 5723)",3,[1330],2020_QHH19-W1_bin.4.purify_k141_1044566,2020_QHH19-W1_bin.4.purify_k141_1044566_6295-13776,2020_QHH19-W1_bin.4.purify_k141_1044566_4(Fam_413 [★Target]) --> 2020_QHH19-W1_bin.4.purify_k141_1044566_6(Fam_5723 [★Target]) --> 2020_QHH19-W1_bin.4.purify_k141_1044566_7(Fam_1330 [★Target])
"(413, 1330, 5723)",3,[1330],2020_QHH4-W1_bin.122.purify_k141_706875,2020_QHH4-W1_bin.122.purify_k141_706875_6238-13719,2020_QHH4-W1_bin.122.purify_k141_706875_4(Fam_413 [★Target]) --> 2020_QHH4-W1_bin.122.purify_k141_706875_6(Fam_5723 [★Target]) --> 2020_QHH4-W1_bin.122.purify_k141_706875_7(Fam_1330 [★Target])
"(413, 1330, 5723)",3,[1330],2021-HDW-W1_bin.43.purify_k141_1670085,2021-HDW-W1_bin.43.purify_k141_1670085_1231-8712,2021-HDW-W1_bin.43.purify_k141_1670085_4(Fam_1330 [★Target]) --> 2021-HDW-W1_bin.43.purify_k141_1670085_5(Fam_5723 [★Target]) --> 2021-HDW-W1_bin.43.purify_k141_1670085_7(Fam_413 [★Target])
"(5540, 8124, 12817, 13462, 13529)",3,[12817],2020_QHH19-W1_bin.79.purify_k141_397769,2020_QHH19-W1_bin.79.purify_k141_397769_12066-14759,2020_QHH19-W1_bin.79.purify_k141_397769_11(Fam_12817 [★Target]) --> 2020_QHH19-W1_bin.79.purify_k141_397769_12(Fam_13462 [★Target]) --> 2020_QHH19-W1_bin.79.purify_k141_397769_13(Fam_5540 [★Target]) --> 2020_QHH19-W1_bin.79.purify_k141_397769_14(Fam_8124 [★Target]) --> 2020_QHH19-W1_bin.79.purify_k141_397769_15(Fam_13529 [★Target])
"(5540, 8124, 12817, 13462, 13529)",3,[12817],2021-QHH-W15_bin.97.purify_k141_686436,2021-QHH-W15_bin.97.purify_k141_686436_12263-14956,2021-QHH-W15_bin.97.purify_k141_686436_11(Fam_12817 [★Target]) --> 2021-QHH-W15_bin.97.purify_k141_686436_12(Fam_13462 [★Target]) --> 2021-QHH-W15_bin.97.purify_k141_686436_13(Fam_5540 [★Target]) --> 2021-QHH-W15_bin.97.purify_k141_686436_14(Fam_8124 [★Target]) --> 2021-QHH-W15_bin.97.purify_k141_686436_15(Fam_13529 [★Target])
"(5540, 8124, 12817, 13462, 13529)",3,[12817],2021-QHH-W2_bin.102.purify_k141_250846,2021-QHH-W2_bin.102.purify_k141_250846_12044-14737,2021-QHH-W2_bin.102.purify_k141_250846_11(Fam_12817 [★Target]) --> 2021-QHH-W2_bin.102.purify_k141_250846_12(Fam_13462 [★Target]) --> 2021-QHH-W2_bin.102.purify_k141_250846_13(Fam_5540 [★Target]) --> 2021-QHH-W2_bin.102.purify_k141_250846_14(Fam_8124 [★Target]) --> 2021-QHH-W2_bin.102.purify_k141_250846_15(Fam_13529 [★Target])
"(8190, 11189)",3,[11189],2020_NMC-W-8-10m-1_bin.37.purify_k141_190981,2020_NMC-W-8-10m-1_bin.37.purify_k141_190981_2-1108,2020_NMC-W-8-10m-1_bin.37.purify_k141_190981_1(Fam_11189 [★Target]) --> 2020_NMC-W-8-10m-1_bin.37.purify_k141_190981_2(Fam_8190 [★Target])
"(8190, 11189)",3,[11189],2021-CNXB-W1_bin.50.purify_k127_70458,2021-CNXB-W1_bin.50.purify_k127_70458_10019-11210,2021-CNXB-W1_bin.50.purify_k127_70458_11(Fam_8190 [★Target]) --> 2021-CNXB-W1_bin.50.purify_k127_70458_12(Fam_11189 [★Target])
"(8190, 11189)",3,[11189],2021-ZJZBSD-W51_bin.55.purify_k127_212734,2021-ZJZBSD-W51_bin.55.purify_k127_212734_2-886,2021-ZJZBSD-W51_bin.55.purify_k127_212734_1(Fam_11189 [★Target]) --> 2021-ZJZBSD-W51_bin.55.purify_k127_212734_2(Fam_8190 [★Target])
"(220, 3196)",3,[3196],2020_NRPC-20W-4-1_bin.284.purify_k141_2399432,2020_NRPC-20W-4-1_bin.284.purify_k141_2399432_1230-6308,2020_NRPC-20W-4-1_bin.284.purify_k141_2399432_3(Fam_220 [★Target]) --> 2020_NRPC-20W-4-1_bin.284.purify_k141_2399432_4(Fam_3196 [★Target])
"(220, 3196)",3,[3196],2021-YBJ-W3_bin.106.purify_k127_316417,2021-YBJ-W3_bin.106.purify_k127_316417_5854-10424,2021-YBJ-W3_bin.106.purify_k127_316417_8(Fam_220 [★Target]) --> 2021-YBJ-W3_bin.106.purify_k127_316417_9(Fam_3196 [★Target])
"(220, 3196)",3,[3196],H2-2_bin.31.purify_k141_461692_length_24086_cov_10.0000,H2-2_bin.31.purify_k141_461692_length_24086_cov_10.0000_1685-6273,H2-2_bin.31.purify_k141_461692_length_24086_cov_10.0000_4(Fam_3196 [★Target]) --> H2-2_bin.31.purify_k141_461692_length_24086_cov_10.0000_5(Fam_220 [★Target])
"(5352, 6685)",3,[6685],2020_JC-20W-1-15m-1_bin.112.purify_k141_1221315,2020_JC-20W-1-15m-1_bin.112.purify_k141_1221315_15398-17368,2020_JC-20W-1-15m-1_bin.112.purify_k141_1221315_14(Fam_6685 [★Target]) --> 2020_JC-20W-1-15m-1_bin.112.purify_k141_1221315_15(Fam_5352 [★Target])
"(5352, 6685)",3,[6685],2020_QHH10-W1_bin.142.purify_k141_1497574,2020_QHH10-W1_bin.142.purify_k141_1497574_2164-4129,2020_QHH10-W1_bin.142.purify_k141_1497574_2(Fam_6685 [★Target]) --> 2020_QHH10-W1_bin.142.purify_k141_1497574_3(Fam_5352 [★Target])
"(5352, 6685)",3,[6685],2021-SLHSD-W4_bin.14.purify_k127_4145131,2021-SLHSD-W4_bin.14.purify_k127_4145131_396-2322,2021-SLHSD-W4_bin.14.purify_k127_4145131_2(Fam_6685 [★Target]) --> 2021-SLHSD-W4_bin.14.purify_k127_4145131_3(Fam_5352 [★Target])
"(1834, 4234, 12589)",3,"[4234, 12589]",2020_PC-20W-1-0m-1_bin.6.purify_k141_302238,2020_PC-20W-1-0m-1_bin.6.purify_k141_302238_21161-25759,2020_PC-20W-1-0m-1_bin.6.purify_k141_302238_29(Fam_12589 [★Target]) --> 2020_PC-20W-1-0m-1_bin.6.purify_k141_302238_30(Fam_4234 [★Target]) --> 2020_PC-20W-1-0m-1_bin.6.purify_k141_302238_33(Fam_1834 [★Target])
"(1834, 4234, 12589)",3,"[4234, 12589]",2020_PC-20W-1-5m-1_bin.70.purify_k141_911711,2020_PC-20W-1-5m-1_bin.70.purify_k141_911711_21118-25716,2020_PC-20W-1-5m-1_bin.70.purify_k141_911711_29(Fam_12589 [★Target]) --> 2020_PC-20W-1-5m-1_bin.70.purify_k141_911711_30(Fam_4234 [★Target]) --> 2020_PC-20W-1-5m-1_bin.70.purify_k141_911711_33(Fam_1834 [★Target])
"(1834, 4234, 12589)",3,"[4234, 12589]",2020_PC-20W-2-1_bin.86.purify_k141_695397,2020_PC-20W-2-1_bin.86.purify_k141_695397_21042-25640,2020_PC-20W-2-1_bin.86.purify_k141_695397_30(Fam_12589 [★Target]) --> 2020_PC-20W-2-1_bin.86.purify_k141_695397_31(Fam_4234 [★Target]) --> 2020_PC-20W-2-1_bin.86.purify_k141_695397_34(Fam_1834 [★Target])
"(1220, 5990)",3,[5990],2020_CBL-w2_bin.199.purify_k141_232050,2020_CBL-w2_bin.199.purify_k141_232050_12402-14237,2020_CBL-w2_bin.199.purify_k141_232050_9(Fam_5990 [★Target]) --> 2020_CBL-w2_bin.199.purify_k141_232050_10(Fam_1220 [★Target])
"(1220, 5990)",3,[5990],2021-BC-W03_bin.32.purify_k127_140370,2021-BC-W03_bin.32.purify_k127_140370_1498-4593,2021-BC-W03_bin.32.purify_k127_140370_3(Fam_5990 [★Target]) --> 2021-BC-W03_bin.32.purify_k127_140370_4(Fam_1220 [★Target])
"(1220, 5990)",3,[5990],2021-SD-W43_bin.34.purify_k127_1258908,2021-SD-W43_bin.34.purify_k127_1258908_1-2067,2021-SD-W43_bin.34.purify_k127_1258908_1(Fam_1220 [★Target]) --> 2021-SD-W43_bin.34.purify_k127_1258908_2(Fam_5990 [★Target])
"(12948, 14170)",3,"[12948, 14170]",2020_PC-20W-1-10m-1_bin.107.purify_k141_552369,2020_PC-20W-1-10m-1_bin.107.purify_k141_552369_2868-3428,2020_PC-20W-1-10m-1_bin.107.purify_k141_552369_4(Fam_12948 [★Target]) --> 2020_PC-20W-1-10m-1_bin.107.purify_k141_552369_5(Fam_14170 [★Target])
"(12948, 14170)",3,"[12948, 14170]",2020_QHH7-W1_bin.16.purify_k141_176086,2020_QHH7-W1_bin.16.purify_k141_176086_1123-1683,2020_QHH7-W1_bin.16.purify_k141_176086_3(Fam_12948 [★Target]) --> 2020_QHH7-W1_bin.16.purify_k141_176086_4(Fam_14170 [★Target])
"(12948, 14170)",3,"[12948, 14170]",2021-QHH-W9_bin.77.purify_k141_10449,2021-QHH-W9_bin.77.purify_k141_10449_1123-1683,2021-QHH-W9_bin.77.purify_k141_10449_3(Fam_12948 [★Target]) --> 2021-QHH-W9_bin.77.purify_k141_10449_4(Fam_14170 [★Target])
"(3306, 8822)",3,[3306],2020_PC-20W-1-10m-1_bin.37.purify_k141_886293,2020_PC-20W-1-10m-1_bin.37.purify_k141_886293_1302-3401,2020_PC-20W-1-10m-1_bin.37.purify_k141_886293_3(Fam_3306 [★Target]) --> 2020_PC-20W-1-10m-1_bin.37.purify_k141_886293_4(Fam_8822 [★Target])
"(3306, 8822)",3,[3306],2021-BQZBHK-W1_bin.108.purify_k127_475007,2021-BQZBHK-W1_bin.108.purify_k127_475007_2655-4754,2021-BQZBHK-W1_bin.108.purify_k127_475007_3(Fam_3306 [★Target]) --> 2021-BQZBHK-W1_bin.108.purify_k127_475007_4(Fam_8822 [★Target])
"(3306, 8822)",3,[3306],2021-BQZBHK-W3_bin.54.purify_k127_1478466,2021-BQZBHK-W3_bin.54.purify_k127_1478466_3-5021,2021-BQZBHK-W3_bin.54.purify_k127_1478466_1(Fam_588) --> 2021-BQZBHK-W3_bin.54.purify_k127_1478466_3(Fam_8822 [★Target]) --> 2021-BQZBHK-W3_bin.54.purify_k127_1478466_4(Fam_3306 [★Target])
"(3306, 8822)",3,[3306],2021-CE-W1_bin.119.purify_k127_1667077,2021-CE-W1_bin.119.purify_k127_1667077_587-2686,2021-CE-W1_bin.119.purify_k127_1667077_2(Fam_8822 [★Target]) --> 2021-CE-W1_bin.119.purify_k127_1667077_3(Fam_3306 [★Target])
"(10047, 10574)",3,[10047],2020_PC-20W-1-10m-1_bin.91.purify_k141_136678,2020_PC-20W-1-10m-1_bin.91.purify_k141_136678_9055-10142,2020_PC-20W-1-10m-1_bin.91.purify_k141_136678_11(Fam_10047 [★Target]) --> 2020_PC-20W-1-10m-1_bin.91.purify_k141_136678_12(Fam_10574 [★Target])
"(10047, 10574)",3,[10047],2020_PC-20W-1-17m-1_bin.8.purify_k141_848137,2020_PC-20W-1-17m-1_bin.8.purify_k141_848137_6306-7393,2020_PC-20W-1-17m-1_bin.8.purify_k141_848137_7(Fam_10047 [★Target]) --> 2020_PC-20W-1-17m-1_bin.8.purify_k141_848137_8(Fam_10574 [★Target])
"(10047, 10574)",3,[10047],2020_YBJSD-W-3_bin.223.purify_k141_1290968,2020_YBJSD-W-3_bin.223.purify_k141_1290968_95-1236,2020_YBJSD-W-3_bin.223.purify_k141_1290968_1(Fam_10047 [★Target]) --> 2020_YBJSD-W-3_bin.223.purify_k141_1290968_2(Fam_10574 [★Target])
"(4343, 12236)",3,[12236],2020_QHH11-W1_bin.27.purify_k141_479700,2020_QHH11-W1_bin.27.purify_k141_479700_6780-8344,2020_QHH11-W1_bin.27.purify_k141_479700_11(Fam_12236 [★Target]) --> 2020_QHH11-W1_bin.27.purify_k141_479700_12(Fam_4343 [★Target])
"(4343, 12236)",3,[12236],2020_QHH15-W1_bin.126.purify_k141_204385,2020_QHH15-W1_bin.126.purify_k141_204385_16187-17751,2020_QHH15-W1_bin.126.purify_k141_204385_20(Fam_12236 [★Target]) --> 2020_QHH15-W1_bin.126.purify_k141_204385_21(Fam_4343 [★Target])
"(4343, 12236)",3,[12236],2020_QHH4-W1_bin.14.purify_k141_632507,2020_QHH4-W1_bin.14.purify_k141_632507_6840-8170,2020_QHH4-W1_bin.14.purify_k141_632507_11(Fam_12236 [★Target]) --> 2020_QHH4-W1_bin.14.purify_k141_632507_12(Fam_4343 [★Target])
"(1068, 2783)",3,[2783],2020_JC-20W-1-23m-1_bin.290.purify_k141_599886,2020_JC-20W-1-23m-1_bin.290.purify_k141_599886_19614-22397,2020_JC-20W-1-23m-1_bin.290.purify_k141_599886_18(Fam_2783 [★Target]) --> 2020_JC-20W-1-23m-1_bin.290.purify_k141_599886_21(Fam_1068 [★Target])
"(1068, 2783)",3,[2783],2021-QHH-W7_bin.117.purify_k141_232103,2021-QHH-W7_bin.117.purify_k141_232103_1456-5808,2021-QHH-W7_bin.117.purify_k141_232103_2(Fam_1068 [★Target]) --> 2021-QHH-W7_bin.117.purify_k141_232103_4(Fam_2783 [★Target])
"(1068, 2783)",3,[2783],2021-YMQ2-W1_bin.111.purify_k141_520219,2021-YMQ2-W1_bin.111.purify_k141_520219_1456-5808,2021-YMQ2-W1_bin.111.purify_k141_520219_2(Fam_1068 [★Target]) --> 2021-YMQ2-W1_bin.111.purify_k141_520219_4(Fam_2783 [★Target])
"(2121, 5934)",3,[5934],2020_CBL-w3_bin.105.purify_k141_1677912,2020_CBL-w3_bin.105.purify_k141_1677912_11815-14555,2020_CBL-w3_bin.105.purify_k141_1677912_13(Fam_2121 [★Target]) --> 2020_CBL-w3_bin.105.purify_k141_1677912_14(Fam_5934 [★Target])
"(2121, 5934)",3,[5934],2021-CE-W2_bin.119.purify_k127_1863227,2021-CE-W2_bin.119.purify_k127_1863227_2649-5226,2021-CE-W2_bin.119.purify_k127_1863227_5(Fam_2121 [★Target]) --> 2021-CE-W2_bin.119.purify_k127_1863227_6(Fam_5934 [★Target])
"(2121, 5934)",3,[5934],2021-YMQ1-W1_bin.69.purify_k141_2021196,2021-YMQ1-W1_bin.69.purify_k141_2021196_3522-6053,2021-YMQ1-W1_bin.69.purify_k141_2021196_6(Fam_2121 [★Target]) --> 2021-YMQ1-W1_bin.69.purify_k141_2021196_7(Fam_5934 [★Target])
"(13461, 13850)",3,[13461],2020_NRPC-20W-1-2.5m-1_bin.108.purify_k141_389376,2020_NRPC-20W-1-2.5m-1_bin.108.purify_k141_389376_2144-2806,2020_NRPC-20W-1-2.5m-1_bin.108.purify_k141_389376_5(Fam_13850 [★Target]) --> 2020_NRPC-20W-1-2.5m-1_bin.108.purify_k141_389376_6(Fam_13461 [★Target])
"(13461, 13850)",3,[13461],2021-CE-W2_bin.98.purify_k127_1680956,2021-CE-W2_bin.98.purify_k127_1680956_620-1282,2021-CE-W2_bin.98.purify_k127_1680956_3(Fam_13850 [★Target]) --> 2021-CE-W2_bin.98.purify_k127_1680956_4(Fam_13461 [★Target])
"(13461, 13850)",3,[13461],2021-QHH-W10_bin.101.purify_k141_195580,2021-QHH-W10_bin.101.purify_k141_195580_1645-2307,2021-QHH-W10_bin.101.purify_k141_195580_5(Fam_13850 [★Target]) --> 2021-QHH-W10_bin.101.purify_k141_195580_6(Fam_13461 [★Target])
"(7362, 13312)",3,[13312],2020_NRPC-20W-1-10m-1_bin.34.purify_k141_1030,2020_NRPC-20W-1-10m-1_bin.34.purify_k141_1030_1465-2635,2020_NRPC-20W-1-10m-1_bin.34.purify_k141_1030_5(Fam_13312 [★Target]) --> 2020_NRPC-20W-1-10m-1_bin.34.purify_k141_1030_6(Fam_7362 [★Target])
"(7362, 13312)",3,[13312],2020_NRPC-20W-3-1_bin.71.purify_k141_455618,2020_NRPC-20W-3-1_bin.71.purify_k141_455618_1597-2767,2020_NRPC-20W-3-1_bin.71.purify_k141_455618_5(Fam_13312 [★Target]) --> 2020_NRPC-20W-3-1_bin.71.purify_k141_455618_6(Fam_7362 [★Target])
"(7362, 13312)",3,[13312],2020_PC-20W-1-5m-1_bin.118.purify_k141_5333,2020_PC-20W-1-5m-1_bin.118.purify_k141_5333_1474-2649,2020_PC-20W-1-5m-1_bin.118.purify_k141_5333_5(Fam_13312 [★Target]) --> 2020_PC-20W-1-5m-1_bin.118.purify_k141_5333_6(Fam_7362 [★Target])
"(6074, 7363)",3,[7363],2020_QHH1-W1_bin.45.purify_k141_1324041,2020_QHH1-W1_bin.45.purify_k141_1324041_1405-3182,2020_QHH1-W1_bin.45.purify_k141_1324041_2(Fam_7363 [★Target]) --> 2020_QHH1-W1_bin.45.purify_k141_1324041_3(Fam_6074 [★Target])
"(6074, 7363)",3,[7363],2021-HDW-W2_bin.93.purify_k141_2307048,2021-HDW-W2_bin.93.purify_k141_2307048_182-1950,2021-HDW-W2_bin.93.purify_k141_2307048_2(Fam_6074 [★Target]) --> 2021-HDW-W2_bin.93.purify_k141_2307048_3(Fam_7363 [★Target])
"(6074, 7363)",3,[7363],2021-QHH-W5_bin.99.purify_k141_195223,2021-QHH-W5_bin.99.purify_k141_195223_237-2014,2021-QHH-W5_bin.99.purify_k141_195223_2(Fam_7363 [★Target]) --> 2021-QHH-W5_bin.99.purify_k141_195223_3(Fam_6074 [★Target])
"(11587, 14331)",3,[11587],2020_QHH10-W1_bin.74.purify_k141_2052348,2020_QHH10-W1_bin.74.purify_k141_2052348_3395-3996,2020_QHH10-W1_bin.74.purify_k141_2052348_5(Fam_14331 [★Target]) --> 2020_QHH10-W1_bin.74.purify_k141_2052348_6(Fam_11587 [★Target])
"(11587, 14331)",3,[11587],2021-QHH-W11_bin.113.purify_k141_650536,2021-QHH-W11_bin.113.purify_k141_650536_5227-5828,2021-QHH-W11_bin.113.purify_k141_650536_7(Fam_14331 [★Target]) --> 2021-QHH-W11_bin.113.purify_k141_650536_8(Fam_11587 [★Target])
"(11587, 14331)",3,[11587],2021-YMQ3-W1_bin.45.purify_k141_631153,2021-YMQ3-W1_bin.45.purify_k141_631153_1623-2224,2021-YMQ3-W1_bin.45.purify_k141_631153_3(Fam_11587 [★Target]) --> 2021-YMQ3-W1_bin.45.purify_k141_631153_4(Fam_14331 [★Target])
"(134, 328)",3,[328],2020_QHH11-W1_bin.135.purify_k141_1244312,2020_QHH11-W1_bin.135.purify_k141_1244312_603-7916,2020_QHH11-W1_bin.135.purify_k141_1244312_2(Fam_328 [★Target]) --> 2020_QHH11-W1_bin.135.purify_k141_1244312_3(Fam_134 [★Target])
"(134, 328)",3,[328],2020_QHH19-W1_bin.127.purify_k141_46495,2020_QHH19-W1_bin.127.purify_k141_46495_249-7562,2020_QHH19-W1_bin.127.purify_k141_46495_2(Fam_134 [★Target]) --> 2020_QHH19-W1_bin.127.purify_k141_46495_3(Fam_328 [★Target])
"(134, 328)",3,[328],2020_QHH7-W1_bin.138.purify_k141_993654,2020_QHH7-W1_bin.138.purify_k141_993654_580-7893,2020_QHH7-W1_bin.138.purify_k141_993654_2(Fam_328 [★Target]) --> 2020_QHH7-W1_bin.138.purify_k141_993654_3(Fam_134 [★Target])
"(6137, 6799)",3,[6799],2020_JC-20W-1-0m-1_bin.26.purify_k141_754705,2020_JC-20W-1-0m-1_bin.26.purify_k141_754705_2030-3821,2020_JC-20W-1-0m-1_bin.26.purify_k141_754705_3(Fam_6137 [★Target]) --> 2020_JC-20W-1-0m-1_bin.26.purify_k141_754705_4(Fam_6799 [★Target])
"(6137, 6799)",3,[6799],2020_PC-20W-1-10m-1_bin.14.purify_k141_380729,2020_PC-20W-1-10m-1_bin.14.purify_k141_380729_3371-4538,2020_PC-20W-1-10m-1_bin.14.purify_k141_380729_4(Fam_6137 [★Target]) --> 2020_PC-20W-1-10m-1_bin.14.purify_k141_380729_5(Fam_6799 [★Target])
"(6137, 6799)",3,[6799],2020_QHH10-W1_bin.92.purify_k141_1253003,2020_QHH10-W1_bin.92.purify_k141_1253003_2083-3283,2020_QHH10-W1_bin.92.purify_k141_1253003_2(Fam_6137 [★Target]) --> 2020_QHH10-W1_bin.92.purify_k141_1253003_3(Fam_6799 [★Target])
"(2610, 9362)",3,"[2610, 9362]",2020_SD-W-2_bin.90.purify_k141_2623400,2020_SD-W-2_bin.90.purify_k141_2623400_591-2689,2020_SD-W-2_bin.90.purify_k141_2623400_2(Fam_2610 [★Target]) --> 2020_SD-W-2_bin.90.purify_k141_2623400_3(Fam_9362 [★Target])
"(2610, 9362)",3,"[2610, 9362]",2021-CNB-W1_bin.40.purify_k127_1205752,2021-CNB-W1_bin.40.purify_k127_1205752_3944-6042,2021-CNB-W1_bin.40.purify_k127_1205752_4(Fam_2610 [★Target]) --> 2021-CNB-W1_bin.40.purify_k127_1205752_5(Fam_9362 [★Target])
"(2610, 9362)",3,"[2610, 9362]",2021-CNXB-W1_bin.140.purify_k127_3469833,2021-CNXB-W1_bin.140.purify_k127_3469833_1000-3098,2021-CNXB-W1_bin.140.purify_k127_3469833_2(Fam_9362 [★Target]) --> 2021-CNXB-W1_bin.140.purify_k127_3469833_3(Fam_2610 [★Target])
"(596, 3092)",3,[3092],2020_SD-W-3_bin.33.purify_k141_1027444,2020_SD-W-3_bin.33.purify_k141_1027444_115-4304,2020_SD-W-3_bin.33.purify_k141_1027444_1(Fam_596 [★Target]) --> 2020_SD-W-3_bin.33.purify_k141_1027444_2(Fam_3092 [★Target])
"(596, 3092)",3,[3092],2021-CE-W1_bin.157.purify_k127_1866227,2021-CE-W1_bin.157.purify_k127_1866227_569-3956,2021-CE-W1_bin.157.purify_k127_1866227_3(Fam_3092 [★Target]) --> 2021-CE-W1_bin.157.purify_k127_1866227_4(Fam_596 [★Target])
"(596, 3092)",3,[3092],2021-CE-W2_bin.26.purify_k127_109673,2021-CE-W2_bin.26.purify_k127_109673_569-4583,2021-CE-W2_bin.26.purify_k127_109673_3(Fam_3092 [★Target]) --> 2021-CE-W2_bin.26.purify_k127_109673_4(Fam_596 [★Target])
"(2369, 3171)",3,[2369],2020_JNYC-20W-1-0m-1_bin.87.purify_k141_447022,2020_JNYC-20W-1-0m-1_bin.87.purify_k141_447022_7341-10198,2020_JNYC-20W-1-0m-1_bin.87.purify_k141_447022_8(Fam_2369 [★Target]) --> 2020_JNYC-20W-1-0m-1_bin.87.purify_k141_447022_9(Fam_3171 [★Target])
"(2369, 3171)",3,[2369],2020_JNYC-20W-1-80m-1_bin.99.purify_k141_1193787,2020_JNYC-20W-1-80m-1_bin.99.purify_k141_1193787_1191-4048,2020_JNYC-20W-1-80m-1_bin.99.purify_k141_1193787_2(Fam_3171 [★Target]) --> 2020_JNYC-20W-1-80m-1_bin.99.purify_k141_1193787_3(Fam_2369 [★Target])
"(2369, 3171)",3,[2369],2020_NMC-W-4-1_bin.79.purify_k141_265193,2020_NMC-W-4-1_bin.79.purify_k141_265193_32219-35094,2020_NMC-W-4-1_bin.79.purify_k141_265193_30(Fam_2369 [★Target]) --> 2020_NMC-W-4-1_bin.79.purify_k141_265193_31(Fam_3171 [★Target])
"(4085, 7297)",3,"[4085, 7297]",2020_JNYC-20W-1-0m-1_bin.95.purify_k141_917246,2020_JNYC-20W-1-0m-1_bin.95.purify_k141_917246_8252-10393,2020_JNYC-20W-1-0m-1_bin.95.purify_k141_917246_9(Fam_7297 [★Target]) --> 2020_JNYC-20W-1-0m-1_bin.95.purify_k141_917246_10(Fam_4085 [★Target])
"(4085, 7297)",3,"[4085, 7297]",2020_JNYC-20W-1-20m-1_bin.161.purify_k141_824076,2020_JNYC-20W-1-20m-1_bin.161.purify_k141_824076_14917-17058,2020_JNYC-20W-1-20m-1_bin.161.purify_k141_824076_16(Fam_4085 [★Target]) --> 2020_JNYC-20W-1-20m-1_bin.161.purify_k141_824076_17(Fam_7297 [★Target])
"(4085, 7297)",3,"[4085, 7297]",2020_JNYC-20W-1-80m-1_bin.37.purify_k141_512573,2020_JNYC-20W-1-80m-1_bin.37.purify_k141_512573_8186-10327,2020_JNYC-20W-1-80m-1_bin.37.purify_k141_512573_9(Fam_7297 [★Target]) --> 2020_JNYC-20W-1-80m-1_bin.37.purify_k141_512573_10(Fam_4085 [★Target])
"(6400, 8344)",3,[8344],2020_BMC-W-1-1_bin.27.purify_k141_154999,2020_BMC-W-1-1_bin.27.purify_k141_154999_6699-8344,2020_BMC-W-1-1_bin.27.purify_k141_154999_8(Fam_6400 [★Target]) --> 2020_BMC-W-1-1_bin.27.purify_k141_154999_9(Fam_8344 [★Target])
"(6400, 8344)",3,[8344],2020_BMC-W-1-8m-1_bin.39.purify_k141_215101,2020_BMC-W-1-8m-1_bin.39.purify_k141_215101_4464-6109,2020_BMC-W-1-8m-1_bin.39.purify_k141_215101_5(Fam_6400 [★Target]) --> 2020_BMC-W-1-8m-1_bin.39.purify_k141_215101_6(Fam_8344 [★Target])
"(6400, 8344)",3,[8344],2021-HHXL-2M-W1_bin.28.purify_k141_469790,2021-HHXL-2M-W1_bin.28.purify_k141_469790_6512-8157,2021-HHXL-2M-W1_bin.28.purify_k141_469790_7(Fam_6400 [★Target]) --> 2021-HHXL-2M-W1_bin.28.purify_k141_469790_8(Fam_8344 [★Target])
"(7275, 8596)",3,[7275],2020_JNYC-20W-1-100m-1_bin.130.purify_k141_176019,2020_JNYC-20W-1-100m-1_bin.130.purify_k141_176019_12341-13971,2020_JNYC-20W-1-100m-1_bin.130.purify_k141_176019_11(Fam_8596 [★Target]) --> 2020_JNYC-20W-1-100m-1_bin.130.purify_k141_176019_12(Fam_7275 [★Target])
"(7275, 8596)",3,[7275],2020_JNYC-20W-1-40m-1_bin.106.purify_k141_917943,2020_JNYC-20W-1-40m-1_bin.106.purify_k141_917943_12202-13832,2020_JNYC-20W-1-40m-1_bin.106.purify_k141_917943_11(Fam_8596 [★Target]) --> 2020_JNYC-20W-1-40m-1_bin.106.purify_k141_917943_12(Fam_7275 [★Target])
"(7275, 8596)",3,[7275],2020_JNYC-20W-1-60m-1_bin.53.purify_k141_1437980,2020_JNYC-20W-1-60m-1_bin.53.purify_k141_1437980_12202-13832,2020_JNYC-20W-1-60m-1_bin.53.purify_k141_1437980_11(Fam_8596 [★Target]) --> 2020_JNYC-20W-1-60m-1_bin.53.purify_k141_1437980_12(Fam_7275 [★Target])
"(4296, 4355)",3,[4296],2020_CC-20W-1-10m-1_bin.58.purify_k141_1033656,2020_CC-20W-1-10m-1_bin.58.purify_k141_1033656_162024-166915,2020_CC-20W-1-10m-1_bin.58.purify_k141_1033656_147(Fam_4355 [★Target]) --> 2020_CC-20W-1-10m-1_bin.58.purify_k141_1033656_148(Fam_4296 [★Target]) --> 2020_CC-20W-1-10m-1_bin.58.purify_k141_1033656_149(Fam_3772) --> 2020_CC-20W-1-10m-1_bin.58.purify_k141_1033656_150(Fam_9116)
"(4296, 4355)",3,[4296],2020_SD-W-3_bin.61.purify_k141_517382,2020_SD-W-3_bin.61.purify_k141_517382_6758-8994,2020_SD-W-3_bin.61.purify_k141_517382_8(Fam_4355 [★Target]) --> 2020_SD-W-3_bin.61.purify_k141_517382_9(Fam_4296 [★Target])
"(4296, 4355)",3,[4296],2021-TMRSD-W4_bin.55.purify_k127_720639,2021-TMRSD-W4_bin.55.purify_k127_720639_2-1800,2021-TMRSD-W4_bin.55.purify_k127_720639_1(Fam_4296 [★Target]) --> 2021-TMRSD-W4_bin.55.purify_k127_720639_2(Fam_4355 [★Target])
"(4296, 4355)",3,[4296],H2-2_bin.40.purify_k141_604098_length_15410_cov_9.0214,H2-2_bin.40.purify_k141_604098_length_15410_cov_9.0214_2632-4667,H2-2_bin.40.purify_k141_604098_length_15410_cov_9.0214_5(Fam_4355 [★Target]) --> H2-2_bin.40.purify_k141_604098_length_15410_cov_9.0214_6(Fam_4296 [★Target])
"(4964, 6815)",3,[4964],2020_BMC-W-1-1_bin.17.purify_k141_447813,2020_BMC-W-1-1_bin.17.purify_k141_447813_3-1939,2020_BMC-W-1-1_bin.17.purify_k141_447813_1(Fam_4964 [★Target]) --> 2020_BMC-W-1-1_bin.17.purify_k141_447813_2(Fam_6815 [★Target])
"(4964, 6815)",3,[4964],2021-BMC-LBM2_bin.5.purify_k141_259138,2021-BMC-LBM2_bin.5.purify_k141_259138_1-1817,2021-BMC-LBM2_bin.5.purify_k141_259138_1(Fam_4964 [★Target]) --> 2021-BMC-LBM2_bin.5.purify_k141_259138_2(Fam_6815 [★Target])
"(4964, 6815)",3,[4964],2021-ZJZB-W70_bin.101.purify_k127_20473,2021-ZJZB-W70_bin.101.purify_k127_20473_1374-2599,2021-ZJZB-W70_bin.101.purify_k127_20473_3(Fam_6815 [★Target]) --> 2021-ZJZB-W70_bin.101.purify_k127_20473_4(Fam_4964 [★Target])
"(2354, 2549)",3,[2549],2020_SLC-w-6_bin.153.purify_k141_345913,2020_SLC-w-6_bin.153.purify_k141_345913_38831-41915,2020_SLC-w-6_bin.153.purify_k141_345913_40(Fam_2549 [★Target]) --> 2020_SLC-w-6_bin.153.purify_k141_345913_41(Fam_2354 [★Target])
"(2354, 2549)",3,[2549],2021-BQZBHK-W4_bin.102.purify_k127_170348,2021-BQZBHK-W4_bin.102.purify_k127_170348_190-3274,2021-BQZBHK-W4_bin.102.purify_k127_170348_2(Fam_2549 [★Target]) --> 2021-BQZBHK-W4_bin.102.purify_k127_170348_3(Fam_2354 [★Target])
"(2354, 2549)",3,[2549],2021-BQZBHK-W7_bin.118.purify_k127_724430,2021-BQZBHK-W7_bin.118.purify_k127_724430_190-3274,2021-BQZBHK-W7_bin.118.purify_k127_724430_2(Fam_2549 [★Target]) --> 2021-BQZBHK-W7_bin.118.purify_k127_724430_3(Fam_2354 [★Target])
"(12784, 14034)",3,[14034],2020_JNYC-20W-1-100m-1_bin.56.purify_k141_530347,2020_JNYC-20W-1-100m-1_bin.56.purify_k141_530347_1-521,2020_JNYC-20W-1-100m-1_bin.56.purify_k141_530347_1(Fam_12784 [★Target]) --> 2020_JNYC-20W-1-100m-1_bin.56.purify_k141_530347_2(Fam_14034 [★Target])
"(12784, 14034)",3,[14034],2020_KMC-20W-1-5m-1_bin.136.purify_k141_674266,2020_KMC-20W-1-5m-1_bin.136.purify_k141_674266_3-514,2020_KMC-20W-1-5m-1_bin.136.purify_k141_674266_1(Fam_12784 [★Target]) --> 2020_KMC-20W-1-5m-1_bin.136.purify_k141_674266_2(Fam_14034 [★Target])
"(12784, 14034)",3,[14034],2021-CBL-W1_bin.171.purify_k127_2469799,2021-CBL-W1_bin.171.purify_k127_2469799_1872-2503,2021-CBL-W1_bin.171.purify_k127_2469799_3(Fam_14034 [★Target]) --> 2021-CBL-W1_bin.171.purify_k127_2469799_4(Fam_12784 [★Target])
"(179, 3665, 9339)",3,[9339],2020_LU-w3_bin.50.purify_k141_2772809,2020_LU-w3_bin.50.purify_k141_2772809_39409-44983,2020_LU-w3_bin.50.purify_k141_2772809_32(Fam_3665 [★Target]) --> 2020_LU-w3_bin.50.purify_k141_2772809_33(Fam_9339 [★Target]) --> 2020_LU-w3_bin.50.purify_k141_2772809_34(Fam_179 [★Target])
"(179, 3665, 9339)",3,[9339],2020_ZJZBSD-05-2_bin.43.purify_k141_1486837,2020_ZJZBSD-05-2_bin.43.purify_k141_1486837_45395-50968,2020_ZJZBSD-05-2_bin.43.purify_k141_1486837_36(Fam_3665 [★Target]) --> 2020_ZJZBSD-05-2_bin.43.purify_k141_1486837_37(Fam_9339 [★Target]) --> 2020_ZJZBSD-05-2_bin.43.purify_k141_1486837_38(Fam_179 [★Target])
"(179, 3665, 9339)",3,[9339],2021-BQZBSD-W22_bin.135.purify_k127_3697640,2021-BQZBSD-W22_bin.135.purify_k127_3697640_1-3303,2021-BQZBSD-W22_bin.135.purify_k127_3697640_1(Fam_179 [★Target]) --> 2021-BQZBSD-W22_bin.135.purify_k127_3697640_2(Fam_9339 [★Target]) --> 2021-BQZBSD-W22_bin.135.purify_k127_3697640_3(Fam_3665 [★Target])
"(4038, 8556)",3,[8556],2020_JNYC-20W-1-20m-1_bin.151.purify_k141_320382,2020_JNYC-20W-1-20m-1_bin.151.purify_k141_320382_8974-11167,2020_JNYC-20W-1-20m-1_bin.151.purify_k141_320382_11(Fam_8556 [★Target]) --> 2020_JNYC-20W-1-20m-1_bin.151.purify_k141_320382_12(Fam_4038 [★Target])
"(4038, 8556)",3,[8556],2020_JNYC-20W-1-40m-1_bin.30.purify_k141_1303700,2020_JNYC-20W-1-40m-1_bin.30.purify_k141_1303700_8656-10848,2020_JNYC-20W-1-40m-1_bin.30.purify_k141_1303700_10(Fam_8556 [★Target]) --> 2020_JNYC-20W-1-40m-1_bin.30.purify_k141_1303700_11(Fam_4038 [★Target])
"(4038, 8556)",3,[8556],2020_JNYC-20W-1-60m-1_bin.176.purify_k141_1169964,2020_JNYC-20W-1-60m-1_bin.176.purify_k141_1169964_438-2631,2020_JNYC-20W-1-60m-1_bin.176.purify_k141_1169964_2(Fam_4038 [★Target]) --> 2020_JNYC-20W-1-60m-1_bin.176.purify_k141_1169964_3(Fam_8556 [★Target])
"(7440, 12719)",3,[12719],2020_BMC-W-1-1_bin.109.purify_k141_330887,2020_BMC-W-1-1_bin.109.purify_k141_330887_577-1691,2020_BMC-W-1-1_bin.109.purify_k141_330887_2(Fam_7440 [★Target]) --> 2020_BMC-W-1-1_bin.109.purify_k141_330887_3(Fam_12719 [★Target])
"(7440, 12719)",3,[12719],2020_JNYC-20W-1-0m-1_bin.124.purify_k141_755891,2020_JNYC-20W-1-0m-1_bin.124.purify_k141_755891_1044-2182,2020_JNYC-20W-1-0m-1_bin.124.purify_k141_755891_2(Fam_7440 [★Target]) --> 2020_JNYC-20W-1-0m-1_bin.124.purify_k141_755891_3(Fam_12719 [★Target])
"(7440, 12719)",3,[12719],2021-CMY-W3_bin.27.purify_k127_660738,2021-CMY-W3_bin.27.purify_k127_660738_113-1272,2021-CMY-W3_bin.27.purify_k127_660738_2(Fam_7440 [★Target]) --> 2021-CMY-W3_bin.27.purify_k127_660738_3(Fam_12719 [★Target])
"(11414, 12739, 13557)",3,[12739],2020_JNYC-20W-1-20m-1_bin.42.purify_k141_923183,2020_JNYC-20W-1-20m-1_bin.42.purify_k141_923183_101824-103006,2020_JNYC-20W-1-20m-1_bin.42.purify_k141_923183_92(Fam_13557 [★Target]) --> 2020_JNYC-20W-1-20m-1_bin.42.purify_k141_923183_93(Fam_11414 [★Target]) --> 2020_JNYC-20W-1-20m-1_bin.42.purify_k141_923183_94(Fam_12739 [★Target])
"(11414, 12739, 13557)",3,[12739],2020_JNYC-20W-1-40m-1_bin.111.purify_k141_79202,2020_JNYC-20W-1-40m-1_bin.111.purify_k141_79202_102446-103628,2020_JNYC-20W-1-40m-1_bin.111.purify_k141_79202_93(Fam_13557 [★Target]) --> 2020_JNYC-20W-1-40m-1_bin.111.purify_k141_79202_94(Fam_11414 [★Target]) --> 2020_JNYC-20W-1-40m-1_bin.111.purify_k141_79202_95(Fam_12739 [★Target])
"(11414, 12739, 13557)",3,[12739],2020_JNYC-20W-1-60m-1_bin.19.purify_k141_1217184,2020_JNYC-20W-1-60m-1_bin.19.purify_k141_1217184_33642-34824,2020_JNYC-20W-1-60m-1_bin.19.purify_k141_1217184_30(Fam_13557 [★Target]) --> 2020_JNYC-20W-1-60m-1_bin.19.purify_k141_1217184_31(Fam_11414 [★Target]) --> 2020_JNYC-20W-1-60m-1_bin.19.purify_k141_1217184_32(Fam_12739 [★Target])
"(12847, 13850)",3,[12847],2020_JNYC-20W-1-0m-1_bin.103.purify_k141_782143,2020_JNYC-20W-1-0m-1_bin.103.purify_k141_782143_5236-5883,2020_JNYC-20W-1-0m-1_bin.103.purify_k141_782143_8(Fam_13850 [★Target]) --> 2020_JNYC-20W-1-0m-1_bin.103.purify_k141_782143_9(Fam_12847 [★Target])
"(12847, 13850)",3,[12847],2020_JNYC-20W-1-20m-1_bin.57.purify_k141_1336205,2020_JNYC-20W-1-20m-1_bin.57.purify_k141_1336205_5279-5926,2020_JNYC-20W-1-20m-1_bin.57.purify_k141_1336205_8(Fam_13850 [★Target]) --> 2020_JNYC-20W-1-20m-1_bin.57.purify_k141_1336205_9(Fam_12847 [★Target])
"(12847, 13850)",3,[12847],2020_JNYC-20W-1-40m-1_bin.13.purify_k141_722749,2020_JNYC-20W-1-40m-1_bin.13.purify_k141_722749_5564-6211,2020_JNYC-20W-1-40m-1_bin.13.purify_k141_722749_8(Fam_13850 [★Target]) --> 2020_JNYC-20W-1-40m-1_bin.13.purify_k141_722749_9(Fam_12847 [★Target])
"(4795, 6804)",3,[6804],2020_NMC-W-7-1_bin.124.purify_k141_11488,2020_NMC-W-7-1_bin.124.purify_k141_11488_346560-348522,2020_NMC-W-7-1_bin.124.purify_k141_11488_318(Fam_4795 [★Target]) --> 2020_NMC-W-7-1_bin.124.purify_k141_11488_319(Fam_6804 [★Target])
"(4795, 6804)",3,[6804],2020_NMC-W-8-20m-1_bin.17.purify_k141_635770,2020_NMC-W-8-20m-1_bin.17.purify_k141_635770_80383-82345,2020_NMC-W-8-20m-1_bin.17.purify_k141_635770_74(Fam_6804 [★Target]) --> 2020_NMC-W-8-20m-1_bin.17.purify_k141_635770_75(Fam_4795 [★Target])
"(4795, 6804)",3,[6804],2020_NMC-W-8-25m-1_bin.103.purify_k141_23696,2020_NMC-W-8-25m-1_bin.103.purify_k141_23696_741581-743543,2020_NMC-W-8-25m-1_bin.103.purify_k141_23696_689(Fam_6804 [★Target]) --> 2020_NMC-W-8-25m-1_bin.103.purify_k141_23696_690(Fam_4795 [★Target])
"(9039, 14002)",3,[14002],2020_JNYC-20W-1-0m-1_bin.122.purify_k141_1457962,2020_JNYC-20W-1-0m-1_bin.122.purify_k141_1457962_19770-20674,2020_JNYC-20W-1-0m-1_bin.122.purify_k141_1457962_15(Fam_9039 [★Target]) --> 2020_JNYC-20W-1-0m-1_bin.122.purify_k141_1457962_16(Fam_14002 [★Target])
"(9039, 14002)",3,[14002],2020_JNYC-20W-1-20m-1_bin.68.purify_k141_528431,2020_JNYC-20W-1-20m-1_bin.68.purify_k141_528431_12086-12990,2020_JNYC-20W-1-20m-1_bin.68.purify_k141_528431_7(Fam_9039 [★Target]) --> 2020_JNYC-20W-1-20m-1_bin.68.purify_k141_528431_8(Fam_14002 [★Target])
"(9039, 14002)",3,[14002],2020_JNYC-20W-1-60m-1_bin.52.purify_k141_270820,2020_JNYC-20W-1-60m-1_bin.52.purify_k141_270820_19773-20677,2020_JNYC-20W-1-60m-1_bin.52.purify_k141_270820_15(Fam_9039 [★Target]) --> 2020_JNYC-20W-1-60m-1_bin.52.purify_k141_270820_16(Fam_14002 [★Target])
"(12329, 14006)",3,[14006],2020_GMZ4-W1_bin.156.purify_k141_2606120,2020_GMZ4-W1_bin.156.purify_k141_2606120_2733-3302,2020_GMZ4-W1_bin.156.purify_k141_2606120_2(Fam_12329 [★Target]) --> 2020_GMZ4-W1_bin.156.purify_k141_2606120_3(Fam_14006 [★Target])
"(12329, 14006)",3,[14006],2020_NRPC-20W-4-1_bin.84.purify_k141_519401,2020_NRPC-20W-4-1_bin.84.purify_k141_519401_137-695,2020_NRPC-20W-4-1_bin.84.purify_k141_519401_2(Fam_12329 [★Target]) --> 2020_NRPC-20W-4-1_bin.84.purify_k141_519401_3(Fam_14006 [★Target])
"(12329, 14006)",3,[14006],2020_QHH19-W1_bin.41.purify_k141_1045342,2020_QHH19-W1_bin.41.purify_k141_1045342_2259-2862,2020_QHH19-W1_bin.41.purify_k141_1045342_4(Fam_14006 [★Target]) --> 2020_QHH19-W1_bin.41.purify_k141_1045342_5(Fam_12329 [★Target])
"(858, 2449)",3,[858],2020_JNYC-20W-1-0m-1_bin.162.purify_k141_986819,2020_JNYC-20W-1-0m-1_bin.162.purify_k141_986819_18090-22045,2020_JNYC-20W-1-0m-1_bin.162.purify_k141_986819_19(Fam_858 [★Target]) --> 2020_JNYC-20W-1-0m-1_bin.162.purify_k141_986819_20(Fam_2449 [★Target])
"(858, 2449)",3,[858],2020_JNYC-20W-1-100m-1_bin.52.purify_k141_1623296,2020_JNYC-20W-1-100m-1_bin.52.purify_k141_1623296_18008-21963,2020_JNYC-20W-1-100m-1_bin.52.purify_k141_1623296_19(Fam_858 [★Target]) --> 2020_JNYC-20W-1-100m-1_bin.52.purify_k141_1623296_20(Fam_2449 [★Target])
"(858, 2449)",3,[858],2020_JNYC-20W-1-20m-1_bin.76.purify_k141_1279999,2020_JNYC-20W-1-20m-1_bin.76.purify_k141_1279999_17993-21948,2020_JNYC-20W-1-20m-1_bin.76.purify_k141_1279999_19(Fam_858 [★Target]) --> 2020_JNYC-20W-1-20m-1_bin.76.purify_k141_1279999_20(Fam_2449 [★Target])
"(335, 6471)",3,"[335, 6471]",2020_JNYC-20W-1-0m-1_bin.165.purify_k141_1022590,2020_JNYC-20W-1-0m-1_bin.165.purify_k141_1022590_19824-24028,2020_JNYC-20W-1-0m-1_bin.165.purify_k141_1022590_22(Fam_335 [★Target]) --> 2020_JNYC-20W-1-0m-1_bin.165.purify_k141_1022590_23(Fam_6471 [★Target])
"(335, 6471)",3,"[335, 6471]",2020_JNYC-20W-1-100m-1_bin.189.purify_k141_1202995,2020_JNYC-20W-1-100m-1_bin.189.purify_k141_1202995_20420-24624,2020_JNYC-20W-1-100m-1_bin.189.purify_k141_1202995_22(Fam_335 [★Target]) --> 2020_JNYC-20W-1-100m-1_bin.189.purify_k141_1202995_23(Fam_6471 [★Target])
"(335, 6471)",3,"[335, 6471]",2020_JNYC-20W-2-1_bin.108.purify_k141_190565,2020_JNYC-20W-2-1_bin.108.purify_k141_190565_19722-23926,2020_JNYC-20W-2-1_bin.108.purify_k141_190565_22(Fam_335 [★Target]) --> 2020_JNYC-20W-2-1_bin.108.purify_k141_190565_23(Fam_6471 [★Target])
"(3842, 10422)",3,[10422],2020_BMC-W-1-1_bin.67.purify_k141_609380,2020_BMC-W-1-1_bin.67.purify_k141_609380_243-1969,2020_BMC-W-1-1_bin.67.purify_k141_609380_2(Fam_10422 [★Target]) --> 2020_BMC-W-1-1_bin.67.purify_k141_609380_3(Fam_3842 [★Target])
"(3842, 10422)",3,[10422],2020_PC-20W-2-1_bin.136.purify_k141_861906,2020_PC-20W-2-1_bin.136.purify_k141_861906_1551-3347,2020_PC-20W-2-1_bin.136.purify_k141_861906_3(Fam_10422 [★Target]) --> 2020_PC-20W-2-1_bin.136.purify_k141_861906_4(Fam_3842 [★Target])
"(3842, 10422)",3,[10422],2021-SLCB-W5_bin.33.purify_k127_1525639,2021-SLCB-W5_bin.33.purify_k127_1525639_917-2713,2021-SLCB-W5_bin.33.purify_k127_1525639_2(Fam_3842 [★Target]) --> 2021-SLCB-W5_bin.33.purify_k127_1525639_3(Fam_10422 [★Target])
"(3680, 9669)",3,[9669],2020_SD-W-1_bin.51.purify_k141_1529074,2020_SD-W-1_bin.51.purify_k141_1529074_10314-12191,2020_SD-W-1_bin.51.purify_k141_1529074_13(Fam_3680 [★Target]) --> 2020_SD-W-1_bin.51.purify_k141_1529074_14(Fam_9669 [★Target])
"(3680, 9669)",3,[9669],2021-LU-W4_bin.135.purify_k127_2086153,2021-LU-W4_bin.135.purify_k127_2086153_7974-9830,2021-LU-W4_bin.135.purify_k127_2086153_6(Fam_9669 [★Target]) --> 2021-LU-W4_bin.135.purify_k127_2086153_7(Fam_3680 [★Target])
"(3680, 9669)",3,[9669],2021-LU-W6_bin.8.purify_k127_4962422,2021-LU-W6_bin.8.purify_k127_4962422_5084-6940,2021-LU-W6_bin.8.purify_k127_4962422_6(Fam_3680 [★Target]) --> 2021-LU-W6_bin.8.purify_k127_4962422_7(Fam_9669 [★Target])
"(12696, 13791)",3,[13791],2020_CC-20W-1-10m-1_bin.57.purify_k141_6649,2020_CC-20W-1-10m-1_bin.57.purify_k141_6649_899-1478,2020_CC-20W-1-10m-1_bin.57.purify_k141_6649_2(Fam_12696 [★Target]) --> 2020_CC-20W-1-10m-1_bin.57.purify_k141_6649_3(Fam_13791 [★Target])
"(12696, 13791)",3,[13791],2020_DQZB-w2_bin.115.purify_k141_1137086,2020_DQZB-w2_bin.115.purify_k141_1137086_189167-189746,2020_DQZB-w2_bin.115.purify_k141_1137086_143(Fam_12696 [★Target]) --> 2020_DQZB-w2_bin.115.purify_k141_1137086_144(Fam_13791 [★Target])
"(12696, 13791)",3,[13791],BYBC-W1_bin.257.purify_k141_1014158,BYBC-W1_bin.257.purify_k141_1014158_3161-3726,BYBC-W1_bin.257.purify_k141_1014158_5(Fam_13791 [★Target]) --> BYBC-W1_bin.257.purify_k141_1014158_6(Fam_12696 [★Target])
"(8083, 10240)",3,[10240],2020_NMC-W-5-1_bin.33.purify_k141_6163,2020_NMC-W-5-1_bin.33.purify_k141_6163_1321-2826,2020_NMC-W-5-1_bin.33.purify_k141_6163_2(Fam_8083 [★Target]) --> 2020_NMC-W-5-1_bin.33.purify_k141_6163_3(Fam_10240 [★Target])
"(8083, 10240)",3,[10240],2020_QHH2-W1_bin.115.purify_k141_26420,2020_QHH2-W1_bin.115.purify_k141_26420_2096-3601,2020_QHH2-W1_bin.115.purify_k141_26420_3(Fam_8083 [★Target]) --> 2020_QHH2-W1_bin.115.purify_k141_26420_4(Fam_10240 [★Target])
"(8083, 10240)",3,[10240],2021-ND-W4_bin.66.purify_k141_1027362,2021-ND-W4_bin.66.purify_k141_1027362_1150-2655,2021-ND-W4_bin.66.purify_k141_1027362_2(Fam_8083 [★Target]) --> 2021-ND-W4_bin.66.purify_k141_1027362_3(Fam_10240 [★Target])
"(8211, 11031)",3,[11031],2019_bqzb-4_bin.6.purify_k141_228989,2019_bqzb-4_bin.6.purify_k141_228989_1618-2778,2019_bqzb-4_bin.6.purify_k141_228989_3(Fam_8211 [★Target]) --> 2019_bqzb-4_bin.6.purify_k141_228989_4(Fam_11031 [★Target])
"(8211, 11031)",3,[11031],2020_DTH-6-1-W1_bin.110.purify_k141_1075968,2020_DTH-6-1-W1_bin.110.purify_k141_1075968_1138-2298,2020_DTH-6-1-W1_bin.110.purify_k141_1075968_3(Fam_8211 [★Target]) --> 2020_DTH-6-1-W1_bin.110.purify_k141_1075968_4(Fam_11031 [★Target])
"(8211, 11031)",3,[11031],2020_LU-w6_bin.7.purify_k141_191945,2020_LU-w6_bin.7.purify_k141_191945_35079-36316,2020_LU-w6_bin.7.purify_k141_191945_29(Fam_8211 [★Target]) --> 2020_LU-w6_bin.7.purify_k141_191945_30(Fam_11031 [★Target])
"(1457, 3391)",3,[1457],2020_CESD-W-3_bin.177.purify_k141_2214599,2020_CESD-W-3_bin.177.purify_k141_2214599_573-3752,2020_CESD-W-3_bin.177.purify_k141_2214599_2(Fam_3391 [★Target]) --> 2020_CESD-W-3_bin.177.purify_k141_2214599_3(Fam_1457 [★Target])
"(1457, 3391)",3,[1457],2021-ND-W2_bin.32.purify_k141_1632473,2021-ND-W2_bin.32.purify_k141_1632473_161-3248,2021-ND-W2_bin.32.purify_k141_1632473_2(Fam_1457 [★Target]) --> 2021-ND-W2_bin.32.purify_k141_1632473_3(Fam_3391 [★Target])
"(1457, 3391)",3,[1457],2021-TLH-W4_bin.53.purify_k141_939615,2021-TLH-W4_bin.53.purify_k141_939615_793-4009,2021-TLH-W4_bin.53.purify_k141_939615_2(Fam_1457 [★Target]) --> 2021-TLH-W4_bin.53.purify_k141_939615_3(Fam_3391 [★Target])
"(7594, 10065)",3,[10065],2021-YMQ2-W1_bin.120.purify_k141_280756,2021-YMQ2-W1_bin.120.purify_k141_280756_309-1582,2021-YMQ2-W1_bin.120.purify_k141_280756_2(Fam_10065 [★Target]) --> 2021-YMQ2-W1_bin.120.purify_k141_280756_3(Fam_7594 [★Target])
"(7594, 10065)",3,[10065],H1-2_bin.49.purify_k141_388919_length_40860_cov_64.0896,H1-2_bin.49.purify_k141_388919_length_40860_cov_64.0896_19945-21335,H1-2_bin.49.purify_k141_388919_length_40860_cov_64.0896_20(Fam_7594 [★Target]) --> H1-2_bin.49.purify_k141_388919_length_40860_cov_64.0896_21(Fam_10065 [★Target])
"(7594, 10065)",3,[10065],H1-3_bin.36.purify_k141_117532_length_41040_cov_159.0237,H1-3_bin.36.purify_k141_117532_length_41040_cov_159.0237_20125-21515,H1-3_bin.36.purify_k141_117532_length_41040_cov_159.0237_19(Fam_7594 [★Target]) --> H1-3_bin.36.purify_k141_117532_length_41040_cov_159.0237_20(Fam_10065 [★Target])
"(1255, 2187)",3,[2187],2019_TBLSH-03_bin.15.purify_k141_264344,2019_TBLSH-03_bin.15.purify_k141_264344_20660-25255,2019_TBLSH-03_bin.15.purify_k141_264344_15(Fam_1255 [★Target]) --> 2019_TBLSH-03_bin.15.purify_k141_264344_16(Fam_2187 [★Target])
"(1255, 2187)",3,[2187],2019_TBLSH-04_bin.25.purify_k141_975261,2019_TBLSH-04_bin.25.purify_k141_975261_6190-10785,2019_TBLSH-04_bin.25.purify_k141_975261_7(Fam_2187 [★Target]) --> 2019_TBLSH-04_bin.25.purify_k141_975261_8(Fam_1255 [★Target])
"(1255, 2187)",3,[2187],2020_CRC-20W-1-0m-1_bin.214.purify_k141_1026844,2020_CRC-20W-1-0m-1_bin.214.purify_k141_1026844_3-3773,2020_CRC-20W-1-0m-1_bin.214.purify_k141_1026844_1(Fam_1255 [★Target]) --> 2020_CRC-20W-1-0m-1_bin.214.purify_k141_1026844_2(Fam_2187 [★Target])
"(2503, 7144)",3,"[2503, 7144]",2021-HHXL-5M-W1_bin.39.purify_k141_692684,2021-HHXL-5M-W1_bin.39.purify_k141_692684_284-3329,2021-HHXL-5M-W1_bin.39.purify_k141_692684_2(Fam_2503 [★Target]) --> 2021-HHXL-5M-W1_bin.39.purify_k141_692684_4(Fam_7144 [★Target])
"(2503, 7144)",3,"[2503, 7144]",2021-ND-W7_bin.49.purify_k141_1695265,2021-ND-W7_bin.49.purify_k141_1695265_306-2736,2021-ND-W7_bin.49.purify_k141_1695265_2(Fam_2503 [★Target]) --> 2021-ND-W7_bin.49.purify_k141_1695265_4(Fam_7144 [★Target])
"(2503, 7144)",3,"[2503, 7144]",2021-QHH-W4_bin.40.purify_k141_472555,2021-QHH-W4_bin.40.purify_k141_472555_306-2907,2021-QHH-W4_bin.40.purify_k141_472555_2(Fam_2503 [★Target]) --> 2021-QHH-W4_bin.40.purify_k141_472555_4(Fam_7144 [★Target])
"(4115, 6032)",3,[4115],2020_DQZB-w3_bin.11.purify_k141_2297773,2020_DQZB-w3_bin.11.purify_k141_2297773_9723-11861,2020_DQZB-w3_bin.11.purify_k141_2297773_9(Fam_4115 [★Target]) --> 2020_DQZB-w3_bin.11.purify_k141_2297773_10(Fam_6032 [★Target])
"(4115, 6032)",3,[4115],2021-SLH-W6_bin.24.purify_k127_8081,2021-SLH-W6_bin.24.purify_k127_8081_1-2345,2021-SLH-W6_bin.24.purify_k127_8081_1(Fam_4115 [★Target]) --> 2021-SLH-W6_bin.24.purify_k127_8081_2(Fam_6032 [★Target])
"(4115, 6032)",3,[4115],2021-ZJZBSD-W51_bin.16.purify_k127_631781,2021-ZJZBSD-W51_bin.16.purify_k127_631781_493-2635,2021-ZJZBSD-W51_bin.16.purify_k127_631781_2(Fam_4115 [★Target]) --> 2021-ZJZBSD-W51_bin.16.purify_k127_631781_3(Fam_6032 [★Target])
"(4106, 12642)",3,[12642],H3-3_bin.68.purify_k141_391433_length_18706_cov_9.0000,H3-3_bin.68.purify_k141_391433_length_18706_cov_9.0000_10365-11883,H3-3_bin.68.purify_k141_391433_length_18706_cov_9.0000_10(Fam_12642 [★Target]) --> H3-3_bin.68.purify_k141_391433_length_18706_cov_9.0000_11(Fam_4106 [★Target])
"(4106, 12642)",3,[12642],HS-25-2_bin.3.purify_k141_19377,HS-25-2_bin.3.purify_k141_19377_7389-8910,HS-25-2_bin.3.purify_k141_19377_6(Fam_4106 [★Target]) --> HS-25-2_bin.3.purify_k141_19377_7(Fam_12642 [★Target])
"(4106, 12642)",3,[12642],HS-35-1_bin.56.purify_k141_104879,HS-35-1_bin.56.purify_k141_104879_18486-20004,HS-35-1_bin.56.purify_k141_104879_18(Fam_4106 [★Target]) --> HS-35-1_bin.56.purify_k141_104879_19(Fam_12642 [★Target])
"(3831, 6138)",3,[3831],2021-LU-W10_bin.8.purify_k127_2438320,2021-LU-W10_bin.8.purify_k127_2438320_862-3035,2021-LU-W10_bin.8.purify_k127_2438320_2(Fam_3831 [★Target]) --> 2021-LU-W10_bin.8.purify_k127_2438320_3(Fam_6138 [★Target])
"(3831, 6138)",3,[3831],2021-SD-W43_bin.34.purify_k127_3538946,2021-SD-W43_bin.34.purify_k127_3538946_239-2415,2021-SD-W43_bin.34.purify_k127_3538946_2(Fam_3831 [★Target]) --> 2021-SD-W43_bin.34.purify_k127_3538946_3(Fam_6138 [★Target])
"(3831, 6138)",3,[3831],2021-ZJZB-W23_bin.122.purify_k127_443424,2021-ZJZB-W23_bin.122.purify_k127_443424_1530-3706,2021-ZJZB-W23_bin.122.purify_k127_443424_3(Fam_3831 [★Target]) --> 2021-ZJZB-W23_bin.122.purify_k127_443424_4(Fam_6138 [★Target])
"(7597, 11673)",3,[7597],2020_CE-D-W-1_bin.162.purify_k141_142860,2020_CE-D-W-1_bin.162.purify_k141_142860_4206-5655,2020_CE-D-W-1_bin.162.purify_k141_142860_8(Fam_11673 [★Target]) --> 2020_CE-D-W-1_bin.162.purify_k141_142860_9(Fam_7597 [★Target])
"(7597, 11673)",3,[7597],2020_YM-W-1_bin.11.purify_k141_714426,2020_YM-W-1_bin.11.purify_k141_714426_804-2253,2020_YM-W-1_bin.11.purify_k141_714426_1(Fam_7597 [★Target]) --> 2020_YM-W-1_bin.11.purify_k141_714426_2(Fam_11673 [★Target])
"(7597, 11673)",3,[7597],2021-CE-W1_bin.149.purify_k127_360168,2021-CE-W1_bin.149.purify_k127_360168_4206-5655,2021-CE-W1_bin.149.purify_k127_360168_8(Fam_11673 [★Target]) --> 2021-CE-W1_bin.149.purify_k127_360168_9(Fam_7597 [★Target])
"(10888, 13625)",3,[10888],2019_TBYHW-1_bin.38.purify_k141_173514,2019_TBYHW-1_bin.38.purify_k141_173514_3297-4101,2019_TBYHW-1_bin.38.purify_k141_173514_6(Fam_10888 [★Target]) --> 2019_TBYHW-1_bin.38.purify_k141_173514_7(Fam_13625 [★Target])
"(10888, 13625)",3,[10888],2020_CRC-20W-1-5m-1_bin.97.purify_k141_147430,2020_CRC-20W-1-5m-1_bin.97.purify_k141_147430_9103-9907,2020_CRC-20W-1-5m-1_bin.97.purify_k141_147430_17(Fam_13625 [★Target]) --> 2020_CRC-20W-1-5m-1_bin.97.purify_k141_147430_18(Fam_10888 [★Target])
"(10888, 13625)",3,[10888],2021-LU-W8_bin.26.purify_k127_6145912,2021-LU-W8_bin.26.purify_k127_6145912_15857-16661,2021-LU-W8_bin.26.purify_k127_6145912_24(Fam_13625 [★Target]) --> 2021-LU-W8_bin.26.purify_k127_6145912_25(Fam_10888 [★Target])
"(7114, 9971)",3,[7114],2021-ND-W1_bin.101.purify_k141_331463,2021-ND-W1_bin.101.purify_k141_331463_6883-8317,2021-ND-W1_bin.101.purify_k141_331463_4(Fam_9971 [★Target]) --> 2021-ND-W1_bin.101.purify_k141_331463_6(Fam_7114 [★Target])
"(7114, 9971)",3,[7114],2021-TLHSD-W3_bin.30.purify_k141_106925,2021-TLHSD-W3_bin.30.purify_k141_106925_5891-7310,2021-TLHSD-W3_bin.30.purify_k141_106925_5(Fam_9971 [★Target]) --> 2021-TLHSD-W3_bin.30.purify_k141_106925_6(Fam_7114 [★Target])
"(7114, 9971)",3,[7114],2021-TMRSD-W3_bin.30.purify_k141_106925,2021-TMRSD-W3_bin.30.purify_k141_106925_5891-7310,2021-TMRSD-W3_bin.30.purify_k141_106925_5(Fam_9971 [★Target]) --> 2021-TMRSD-W3_bin.30.purify_k141_106925_6(Fam_7114 [★Target])
"(7791, 13641)",3,[7791],2020_CE-20W-1-5m-1_bin.31.purify_k141_174006,2020_CE-20W-1-5m-1_bin.31.purify_k141_174006_929-1967,2020_CE-20W-1-5m-1_bin.31.purify_k141_174006_3(Fam_7791 [★Target]) --> 2020_CE-20W-1-5m-1_bin.31.purify_k141_174006_4(Fam_13641 [★Target])
"(7791, 13641)",3,[7791],2020_CE-D-W-1_bin.55.purify_k141_612387,2020_CE-D-W-1_bin.55.purify_k141_612387_2476-3514,2020_CE-D-W-1_bin.55.purify_k141_612387_4(Fam_7791 [★Target]) --> 2020_CE-D-W-1_bin.55.purify_k141_612387_5(Fam_13641 [★Target])
"(7791, 13641)",3,[7791],2021-CE-W2_bin.101.purify_k127_828654,2021-CE-W2_bin.101.purify_k127_828654_1962-2946,2021-CE-W2_bin.101.purify_k127_828654_5(Fam_13641 [★Target]) --> 2021-CE-W2_bin.101.purify_k127_828654_6(Fam_7791 [★Target])
"(8031, 8516)",3,[8516],2020_BGBMC-20W-1-0m-1_bin.104.purify_k141_311964,2020_BGBMC-20W-1-0m-1_bin.104.purify_k141_311964_22867-24734,2020_BGBMC-20W-1-0m-1_bin.104.purify_k141_311964_23(Fam_8516 [★Target]) --> 2020_BGBMC-20W-1-0m-1_bin.104.purify_k141_311964_24(Fam_8031 [★Target])
"(8031, 8516)",3,[8516],2020_BGBMC-20W-1-10m-1_bin.50.purify_k141_426831,2020_BGBMC-20W-1-10m-1_bin.50.purify_k141_426831_19927-21794,2020_BGBMC-20W-1-10m-1_bin.50.purify_k141_426831_19(Fam_8516 [★Target]) --> 2020_BGBMC-20W-1-10m-1_bin.50.purify_k141_426831_20(Fam_8031 [★Target])
"(8031, 8516)",3,[8516],2020_BGBMC-20W-1-17m-1_bin.65.purify_k141_689366,2020_BGBMC-20W-1-17m-1_bin.65.purify_k141_689366_19927-21794,2020_BGBMC-20W-1-17m-1_bin.65.purify_k141_689366_19(Fam_8516 [★Target]) --> 2020_BGBMC-20W-1-17m-1_bin.65.purify_k141_689366_20(Fam_8031 [★Target])
"(4262, 5413)",3,[5413],2021-CE-W3_bin.11.purify_k127_581394,2021-CE-W3_bin.11.purify_k127_581394_225-2431,2021-CE-W3_bin.11.purify_k127_581394_2(Fam_5413 [★Target]) --> 2021-CE-W3_bin.11.purify_k127_581394_3(Fam_4262 [★Target])
"(4262, 5413)",3,[5413],2021-CNB-W2_bin.110.purify_k127_760515,2021-CNB-W2_bin.110.purify_k127_760515_102-2308,2021-CNB-W2_bin.110.purify_k127_760515_2(Fam_5413 [★Target]) --> 2021-CNB-W2_bin.110.purify_k127_760515_3(Fam_4262 [★Target])
"(4262, 5413)",3,[5413],2021-CNXB-W2_bin.42.purify_k127_2299385,2021-CNXB-W2_bin.42.purify_k127_2299385_1136-3342,2021-CNXB-W2_bin.42.purify_k127_2299385_2(Fam_4262 [★Target]) --> 2021-CNXB-W2_bin.42.purify_k127_2299385_3(Fam_5413 [★Target])
"(284, 4575)",3,"[284, 4575]",2020_DTH4-W1_bin.4.purify_k141_82627,2020_DTH4-W1_bin.4.purify_k141_82627_11212-15746,2020_DTH4-W1_bin.4.purify_k141_82627_7(Fam_4575 [★Target]) --> 2020_DTH4-W1_bin.4.purify_k141_82627_8(Fam_284 [★Target])
"(284, 4575)",3,"[284, 4575]",2020_JNYC-20W-1-100m-1_bin.47.purify_k141_1020831,2020_JNYC-20W-1-100m-1_bin.47.purify_k141_1020831_19746-24280,2020_JNYC-20W-1-100m-1_bin.47.purify_k141_1020831_20(Fam_284 [★Target]) --> 2020_JNYC-20W-1-100m-1_bin.47.purify_k141_1020831_21(Fam_4575 [★Target])
"(284, 4575)",3,"[284, 4575]",2021-DTH-W6_bin.130.purify_k141_1792912,2021-DTH-W6_bin.130.purify_k141_1792912_764-5298,2021-DTH-W6_bin.130.purify_k141_1792912_2(Fam_4575 [★Target]) --> 2021-DTH-W6_bin.130.purify_k141_1792912_3(Fam_284 [★Target])
"(5617, 8700)",3,[8700],2020_DTH4-W1_bin.210.purify_k141_1569898,2020_DTH4-W1_bin.210.purify_k141_1569898_5190-6905,2020_DTH4-W1_bin.210.purify_k141_1569898_6(Fam_5617 [★Target]) --> 2020_DTH4-W1_bin.210.purify_k141_1569898_7(Fam_8700 [★Target])
"(5617, 8700)",3,[8700],2020_DTH5-W1_bin.162.purify_k141_30906,2020_DTH5-W1_bin.162.purify_k141_30906_5836-7551,2020_DTH5-W1_bin.162.purify_k141_30906_6(Fam_5617 [★Target]) --> 2020_DTH5-W1_bin.162.purify_k141_30906_7(Fam_8700 [★Target])
"(5617, 8700)",3,[8700],2020_QHH7-W1_bin.107.purify_k141_1000013,2020_QHH7-W1_bin.107.purify_k141_1000013_5683-7346,2020_QHH7-W1_bin.107.purify_k141_1000013_4(Fam_8700 [★Target]) --> 2020_QHH7-W1_bin.107.purify_k141_1000013_5(Fam_5617 [★Target])
"(845, 3068)",3,[3068],2020_DTH4-W1_bin.161.purify_k141_1842287,2020_DTH4-W1_bin.161.purify_k141_1842287_27882-31196,2020_DTH4-W1_bin.161.purify_k141_1842287_29(Fam_3068 [★Target]) --> 2020_DTH4-W1_bin.161.purify_k141_1842287_30(Fam_845 [★Target])
"(845, 3068)",3,[3068],2020_NRPC-20W-1-2.5m-1_bin.13.purify_k141_680746,2020_NRPC-20W-1-2.5m-1_bin.13.purify_k141_680746_1294-5154,2020_NRPC-20W-1-2.5m-1_bin.13.purify_k141_680746_2(Fam_845 [★Target]) --> 2020_NRPC-20W-1-2.5m-1_bin.13.purify_k141_680746_3(Fam_3068 [★Target])
"(845, 3068)",3,[3068],2020_ZJZBSD-04-2_bin.118.purify_k141_297087,2020_ZJZBSD-04-2_bin.118.purify_k141_297087_1742-5056,2020_ZJZBSD-04-2_bin.118.purify_k141_297087_3(Fam_3068 [★Target]) --> 2020_ZJZBSD-04-2_bin.118.purify_k141_297087_4(Fam_845 [★Target])
"(7034, 7864)",3,"[7034, 7864]",2020_DTH-6-1-W1_bin.69.purify_k141_79201,2020_DTH-6-1-W1_bin.69.purify_k141_79201_759-2010,2020_DTH-6-1-W1_bin.69.purify_k141_79201_2(Fam_7864 [★Target]) --> 2020_DTH-6-1-W1_bin.69.purify_k141_79201_3(Fam_7034 [★Target])
"(7034, 7864)",3,"[7034, 7864]",2020_NMC-W-7-1_bin.122.purify_k141_85531,2020_NMC-W-7-1_bin.122.purify_k141_85531_9125-10341,2020_NMC-W-7-1_bin.122.purify_k141_85531_11(Fam_7034 [★Target]) --> 2020_NMC-W-7-1_bin.122.purify_k141_85531_12(Fam_7864 [★Target])
"(7034, 7864)",3,"[7034, 7864]",2020_QHH15-W1_bin.79.purify_k141_337444,2020_QHH15-W1_bin.79.purify_k141_337444_87-1714,2020_QHH15-W1_bin.79.purify_k141_337444_2(Fam_7034 [★Target]) --> 2020_QHH15-W1_bin.79.purify_k141_337444_3(Fam_7864 [★Target])
"(1301, 5862)",3,[5862],H1-1_bin.17.purify_k141_119443_length_105941_cov_20.9982,H1-1_bin.17.purify_k141_119443_length_105941_cov_20.9982_46701-49840,H1-1_bin.17.purify_k141_119443_length_105941_cov_20.9982_57(Fam_1301 [★Target]) --> H1-1_bin.17.purify_k141_119443_length_105941_cov_20.9982_58(Fam_5862 [★Target])
"(1301, 5862)",3,[5862],H1-3_bin.69.purify_k141_55407_length_77038_cov_166.0543,H1-3_bin.69.purify_k141_55407_length_77038_cov_166.0543_46482-49621,H1-3_bin.69.purify_k141_55407_length_77038_cov_166.0543_56(Fam_1301 [★Target]) --> H1-3_bin.69.purify_k141_55407_length_77038_cov_166.0543_57(Fam_5862 [★Target])
"(1301, 5862)",3,[5862],H2-2_bin.67.purify_k141_529107_length_123119_cov_42.1760,H2-2_bin.67.purify_k141_529107_length_123119_cov_42.1760_56252-59391,H2-2_bin.67.purify_k141_529107_length_123119_cov_42.1760_41(Fam_5862 [★Target]) --> H2-2_bin.67.purify_k141_529107_length_123119_cov_42.1760_42(Fam_1301 [★Target])
"(991, 1840)",3,[1840],2020_DQZB-w6_bin.216.purify_k141_3827805,2020_DQZB-w6_bin.216.purify_k141_3827805_95074-99114,2020_DQZB-w6_bin.216.purify_k141_3827805_75(Fam_991 [★Target]) --> 2020_DQZB-w6_bin.216.purify_k141_3827805_76(Fam_1840 [★Target])
"(991, 1840)",3,[1840],2021-YBJ-W3_bin.274.purify_k127_4020492,2021-YBJ-W3_bin.274.purify_k127_4020492_9081-13159,2021-YBJ-W3_bin.274.purify_k127_4020492_9(Fam_1840 [★Target]) --> 2021-YBJ-W3_bin.274.purify_k127_4020492_10(Fam_991 [★Target])
"(991, 1840)",3,[1840],HS-6-2_bin.24.purify_k141_193662,HS-6-2_bin.24.purify_k141_193662_3-3570,HS-6-2_bin.24.purify_k141_193662_1(Fam_991 [★Target]) --> HS-6-2_bin.24.purify_k141_193662_2(Fam_1840 [★Target])
"(2336, 9860)",3,[2336],BYBC-W1_bin.28.purify_k141_2067078,BYBC-W1_bin.28.purify_k141_2067078_658-2930,BYBC-W1_bin.28.purify_k141_2067078_2(Fam_2336 [★Target]) --> BYBC-W1_bin.28.purify_k141_2067078_3(Fam_9860 [★Target])
"(2336, 9860)",3,[2336],HS-8-2_bin.6.purify_k141_66952,HS-8-2_bin.6.purify_k141_66952_930-3184,HS-8-2_bin.6.purify_k141_66952_2(Fam_2336 [★Target]) --> HS-8-2_bin.6.purify_k141_66952_3(Fam_9860 [★Target])
"(2336, 9860)",3,[2336],HS-8-3_bin.3.purify_k141_21388,HS-8-3_bin.3.purify_k141_21388_3-1642,HS-8-3_bin.3.purify_k141_21388_1(Fam_2336 [★Target]) --> HS-8-3_bin.3.purify_k141_21388_2(Fam_9860 [★Target])
"(1598, 6038)",3,[6038],2019_bqzb-hu-1_bin.15.purify_k141_58258,2019_bqzb-hu-1_bin.15.purify_k141_58258_2018-3379,2019_bqzb-hu-1_bin.15.purify_k141_58258_4(Fam_6038 [★Target]) --> 2019_bqzb-hu-1_bin.15.purify_k141_58258_5(Fam_1598 [★Target])
"(1598, 6038)",3,[6038],2021-QHH-W13_bin.101.purify_k141_652393,2021-QHH-W13_bin.101.purify_k141_652393_2153-3982,2021-QHH-W13_bin.101.purify_k141_652393_4(Fam_6038 [★Target]) --> 2021-QHH-W13_bin.101.purify_k141_652393_5(Fam_1598 [★Target])
"(1598, 6038)",3,[6038],2021-ZJZB-W23_bin.51.purify_k127_1999898,2021-ZJZB-W23_bin.51.purify_k127_1999898_2633-4063,2021-ZJZB-W23_bin.51.purify_k127_1999898_7(Fam_6038 [★Target]) --> 2021-ZJZB-W23_bin.51.purify_k127_1999898_8(Fam_1598 [★Target])
"(8066, 11022)",3,[11022],2020_CE-B-W-1_bin.132.purify_k141_1094355,2020_CE-B-W-1_bin.132.purify_k141_1094355_3828-5103,2020_CE-B-W-1_bin.132.purify_k141_1094355_5(Fam_11022 [★Target]) --> 2020_CE-B-W-1_bin.132.purify_k141_1094355_6(Fam_8066 [★Target])
"(8066, 11022)",3,[11022],2020_JC-20W-1-10m-1_bin.107.purify_k141_532812,2020_JC-20W-1-10m-1_bin.107.purify_k141_532812_6387-7662,2020_JC-20W-1-10m-1_bin.107.purify_k141_532812_6(Fam_11022 [★Target]) --> 2020_JC-20W-1-10m-1_bin.107.purify_k141_532812_7(Fam_8066 [★Target])
"(8066, 11022)",3,[11022],2021-SLCB-W1_bin.116.purify_k127_362866,2021-SLCB-W1_bin.116.purify_k127_362866_2644-3919,2021-SLCB-W1_bin.116.purify_k127_362866_4(Fam_11022 [★Target]) --> 2021-SLCB-W1_bin.116.purify_k127_362866_5(Fam_8066 [★Target])
"(12936, 13534)",3,[12936],2019_TBMTW-17_bin.4.purify_k141_105825,2019_TBMTW-17_bin.4.purify_k141_105825_14212-14807,2019_TBMTW-17_bin.4.purify_k141_105825_13(Fam_13534 [★Target]) --> 2019_TBMTW-17_bin.4.purify_k141_105825_14(Fam_12936 [★Target])
"(12936, 13534)",3,[12936],2020_CN-DB-w-2_bin.19.purify_k141_928592,2020_CN-DB-w-2_bin.19.purify_k141_928592_226-812,2020_CN-DB-w-2_bin.19.purify_k141_928592_2(Fam_12936 [★Target]) --> 2020_CN-DB-w-2_bin.19.purify_k141_928592_3(Fam_13534 [★Target])
"(12936, 13534)",3,[12936],2021-ZJZBSD-W52_bin.140.purify_k127_686221,2021-ZJZBSD-W52_bin.140.purify_k127_686221_12555-13141,2021-ZJZBSD-W52_bin.140.purify_k127_686221_14(Fam_12936 [★Target]) --> 2021-ZJZBSD-W52_bin.140.purify_k127_686221_15(Fam_13534 [★Target])
"(3103, 4742)",3,[4742],2020_CRC-20W-1-10m-1_bin.14.purify_k141_1457099,2020_CRC-20W-1-10m-1_bin.14.purify_k141_1457099_40456-43684,2020_CRC-20W-1-10m-1_bin.14.purify_k141_1457099_34(Fam_4742 [★Target]) --> 2020_CRC-20W-1-10m-1_bin.14.purify_k141_1457099_36(Fam_3103 [★Target])
"(3103, 4742)",3,[4742],2020_CRC-20W-1-5m-1_bin.35.purify_k141_788283,2020_CRC-20W-1-5m-1_bin.35.purify_k141_788283_23617-26845,2020_CRC-20W-1-5m-1_bin.35.purify_k141_788283_23(Fam_4742 [★Target]) --> 2020_CRC-20W-1-5m-1_bin.35.purify_k141_788283_25(Fam_3103 [★Target])
"(3103, 4742)",3,[4742],2020_CRC-20W-2-1_bin.87.purify_k141_1569849,2020_CRC-20W-2-1_bin.87.purify_k141_1569849_27711-30939,2020_CRC-20W-2-1_bin.87.purify_k141_1569849_27(Fam_4742 [★Target]) --> 2020_CRC-20W-2-1_bin.87.purify_k141_1569849_29(Fam_3103 [★Target])
"(1790, 2912)",3,[1790],2020_CE-20W-2-1_bin.63.purify_k141_1287597,2020_CE-20W-2-1_bin.63.purify_k141_1287597_110052-113207,2020_CE-20W-2-1_bin.63.purify_k141_1287597_85(Fam_2912 [★Target]) --> 2020_CE-20W-2-1_bin.63.purify_k141_1287597_86(Fam_1790 [★Target])
"(1790, 2912)",3,[1790],2020_CE-20W-3-1_bin.216.purify_k141_247142,2020_CE-20W-3-1_bin.216.purify_k141_247142_110052-113207,2020_CE-20W-3-1_bin.216.purify_k141_247142_85(Fam_2912 [★Target]) --> 2020_CE-20W-3-1_bin.216.purify_k141_247142_86(Fam_1790 [★Target])
"(1790, 2912)",3,[1790],2020_CE-X-W-2_bin.96.purify_k141_423147,2020_CE-X-W-2_bin.96.purify_k141_423147_110030-113185,2020_CE-X-W-2_bin.96.purify_k141_423147_85(Fam_2912 [★Target]) --> 2020_CE-X-W-2_bin.96.purify_k141_423147_86(Fam_1790 [★Target])
"(11483, 13841)",3,[11483],2021-ND-W2_bin.163.purify_k141_366446,2021-ND-W2_bin.163.purify_k141_366446_11598-12459,2021-ND-W2_bin.163.purify_k141_366446_11(Fam_11483 [★Target]) --> 2021-ND-W2_bin.163.purify_k141_366446_12(Fam_13841 [★Target])
"(11483, 13841)",3,[11483],2021-QHH-W11_bin.95.purify_k141_199617,2021-QHH-W11_bin.95.purify_k141_199617_12066-12927,2021-QHH-W11_bin.95.purify_k141_199617_11(Fam_11483 [★Target]) --> 2021-QHH-W11_bin.95.purify_k141_199617_12(Fam_13841 [★Target])
"(11483, 13841)",3,[11483],2021-YMQ5-W1_bin.125.purify_k141_363000,2021-YMQ5-W1_bin.125.purify_k141_363000_11853-12714,2021-YMQ5-W1_bin.125.purify_k141_363000_11(Fam_11483 [★Target]) --> 2021-YMQ5-W1_bin.125.purify_k141_363000_12(Fam_13841 [★Target])
"(13231, 13804)",3,[13804],2020_CRC-20W-1-0m-1_bin.199.purify_k141_921758,2020_CRC-20W-1-0m-1_bin.199.purify_k141_921758_3582-4107,2020_CRC-20W-1-0m-1_bin.199.purify_k141_921758_3(Fam_13804 [★Target]) --> 2020_CRC-20W-1-0m-1_bin.199.purify_k141_921758_4(Fam_13231 [★Target])
"(13231, 13804)",3,[13804],2020_CRC-20W-1-10m-1_bin.36.purify_k141_948155,2020_CRC-20W-1-10m-1_bin.36.purify_k141_948155_4266-4791,2020_CRC-20W-1-10m-1_bin.36.purify_k141_948155_3(Fam_13804 [★Target]) --> 2020_CRC-20W-1-10m-1_bin.36.purify_k141_948155_4(Fam_13231 [★Target])
"(13231, 13804)",3,[13804],2020_NMC-W-8-5m-2_bin.110.purify_k141_842055,2020_NMC-W-8-5m-2_bin.110.purify_k141_842055_71589-72111,2020_NMC-W-8-5m-2_bin.110.purify_k141_842055_63(Fam_13231 [★Target]) --> 2020_NMC-W-8-5m-2_bin.110.purify_k141_842055_64(Fam_13804 [★Target])
"(13199, 13226)",3,[13199],2020_CRC-20W-1-0m-1_bin.163.purify_k141_735226,2020_CRC-20W-1-0m-1_bin.163.purify_k141_735226_6940-7528,2020_CRC-20W-1-0m-1_bin.163.purify_k141_735226_9(Fam_13199 [★Target]) --> 2020_CRC-20W-1-0m-1_bin.163.purify_k141_735226_10(Fam_13226 [★Target])
"(13199, 13226)",3,[13199],2020_CRC-20W-1-5m-1_bin.53.purify_k141_386639,2020_CRC-20W-1-5m-1_bin.53.purify_k141_386639_6202-6790,2020_CRC-20W-1-5m-1_bin.53.purify_k141_386639_8(Fam_13199 [★Target]) --> 2020_CRC-20W-1-5m-1_bin.53.purify_k141_386639_9(Fam_13226 [★Target])
"(13199, 13226)",3,[13199],2020_CRC-20W-2-1_bin.235.purify_k141_1137190,2020_CRC-20W-2-1_bin.235.purify_k141_1137190_3349-3937,2020_CRC-20W-2-1_bin.235.purify_k141_1137190_4(Fam_13199 [★Target]) --> 2020_CRC-20W-2-1_bin.235.purify_k141_1137190_5(Fam_13226 [★Target])
"(12728, 13550)",3,[12728],2019_TBMTW-13_bin.40.purify_k141_287729,2019_TBMTW-13_bin.40.purify_k141_287729_15138-15699,2019_TBMTW-13_bin.40.purify_k141_287729_16(Fam_12728 [★Target]) --> 2019_TBMTW-13_bin.40.purify_k141_287729_17(Fam_13550 [★Target])
"(12728, 13550)",3,[12728],2019_TBMTW-18_bin.39.purify_k141_634860,2019_TBMTW-18_bin.39.purify_k141_634860_1497-2058,2019_TBMTW-18_bin.39.purify_k141_634860_2(Fam_13550 [★Target]) --> 2019_TBMTW-18_bin.39.purify_k141_634860_3(Fam_12728 [★Target])
"(12728, 13550)",3,[12728],2019_TBMTW-3_bin.16.purify_k141_136182,2019_TBMTW-3_bin.16.purify_k141_136182_680-1241,2019_TBMTW-3_bin.16.purify_k141_136182_2(Fam_12728 [★Target]) --> 2019_TBMTW-3_bin.16.purify_k141_136182_3(Fam_13550 [★Target])
"(12407, 13875)",3,[12407],2019_TBMTW-12_bin.8.purify_k141_461563,2019_TBMTW-12_bin.8.purify_k141_461563_9186-9891,2019_TBMTW-12_bin.8.purify_k141_461563_8(Fam_12407 [★Target]) --> 2019_TBMTW-12_bin.8.purify_k141_461563_9(Fam_13875 [★Target])
"(12407, 13875)",3,[12407],2020_CN-N-W-3_bin.60.purify_k141_409337,2020_CN-N-W-3_bin.60.purify_k141_409337_10069-10657,2020_CN-N-W-3_bin.60.purify_k141_409337_12(Fam_13875 [★Target]) --> 2020_CN-N-W-3_bin.60.purify_k141_409337_13(Fam_12407 [★Target])
"(12407, 13875)",3,[12407],2020_EH-W1_bin.42.purify_k141_580519,2020_EH-W1_bin.42.purify_k141_580519_303-1008,2020_EH-W1_bin.42.purify_k141_580519_2(Fam_13875 [★Target]) --> 2020_EH-W1_bin.42.purify_k141_580519_3(Fam_12407 [★Target])
"(5757, 9007)",3,[5757],2020_CN-N-W-3_bin.27.purify_k141_1071715,2020_CN-N-W-3_bin.27.purify_k141_1071715_4590-5731,2020_CN-N-W-3_bin.27.purify_k141_1071715_8(Fam_9007 [★Target]) --> 2020_CN-N-W-3_bin.27.purify_k141_1071715_9(Fam_5757 [★Target])
"(5757, 9007)",3,[5757],2020_NMC-W-5-1_bin.35.purify_k141_526601,2020_NMC-W-5-1_bin.35.purify_k141_526601_4548-5686,2020_NMC-W-5-1_bin.35.purify_k141_526601_8(Fam_9007 [★Target]) --> 2020_NMC-W-5-1_bin.35.purify_k141_526601_9(Fam_5757 [★Target])
"(5757, 9007)",3,[5757],2020_NMC-W-6-1_bin.127.purify_k141_52301,2020_NMC-W-6-1_bin.127.purify_k141_52301_3397-5069,2020_NMC-W-6-1_bin.127.purify_k141_52301_4(Fam_5757 [★Target]) --> 2020_NMC-W-6-1_bin.127.purify_k141_52301_5(Fam_9007 [★Target])
"(432, 2863)",3,[2863],2021-ND-W4_bin.27.purify_k141_586733,2021-ND-W4_bin.27.purify_k141_586733_6788-11555,2021-ND-W4_bin.27.purify_k141_586733_9(Fam_432 [★Target]) --> 2021-ND-W4_bin.27.purify_k141_586733_11(Fam_2863 [★Target])
"(432, 2863)",3,[2863],2021-QHH-W11_bin.92.purify_k141_317058,2021-QHH-W11_bin.92.purify_k141_317058_6788-11558,2021-QHH-W11_bin.92.purify_k141_317058_9(Fam_432 [★Target]) --> 2021-QHH-W11_bin.92.purify_k141_317058_11(Fam_2863 [★Target])
"(432, 2863)",3,[2863],2021-QHH-W2_bin.75.purify_k141_703001,2021-QHH-W2_bin.75.purify_k141_703001_6788-11567,2021-QHH-W2_bin.75.purify_k141_703001_9(Fam_432 [★Target]) --> 2021-QHH-W2_bin.75.purify_k141_703001_11(Fam_2863 [★Target])
"(3291, 6430)",3,[6430],2021-ND-W5_bin.122.purify_k141_597629,2021-ND-W5_bin.122.purify_k141_597629_29381-32357,2021-ND-W5_bin.122.purify_k141_597629_18(Fam_6430 [★Target]) --> 2021-ND-W5_bin.122.purify_k141_597629_20(Fam_3291 [★Target])
"(3291, 6430)",3,[6430],2021-QHH-W10_bin.18.purify_k141_172970,2021-QHH-W10_bin.18.purify_k141_172970_29364-32340,2021-QHH-W10_bin.18.purify_k141_172970_18(Fam_6430 [★Target]) --> 2021-QHH-W10_bin.18.purify_k141_172970_20(Fam_3291 [★Target])
"(3291, 6430)",3,[6430],2021-QHH-W4_bin.61.purify_k141_659432,2021-QHH-W4_bin.61.purify_k141_659432_30379-33355,2021-QHH-W4_bin.61.purify_k141_659432_19(Fam_6430 [★Target]) --> 2021-QHH-W4_bin.61.purify_k141_659432_21(Fam_3291 [★Target])
"(2434, 5122)",3,[5122],2020_CN-B-W-2_bin.33.purify_k141_1275247,2020_CN-B-W-2_bin.33.purify_k141_1275247_514-3092,2020_CN-B-W-2_bin.33.purify_k141_1275247_2(Fam_2434 [★Target]) --> 2020_CN-B-W-2_bin.33.purify_k141_1275247_3(Fam_5122 [★Target])
"(2434, 5122)",3,[5122],2020_CN-D-w-2_bin.83.purify_k141_322740,2020_CN-D-w-2_bin.83.purify_k141_322740_189-2767,2020_CN-D-w-2_bin.83.purify_k141_322740_1(Fam_2434 [★Target]) --> 2020_CN-D-w-2_bin.83.purify_k141_322740_2(Fam_5122 [★Target])
"(2434, 5122)",3,[5122],2020_CN-N-W-2-4.9m_bin.98.purify_k141_865625,2020_CN-N-W-2-4.9m_bin.98.purify_k141_865625_119-2697,2020_CN-N-W-2-4.9m_bin.98.purify_k141_865625_2(Fam_5122 [★Target]) --> 2020_CN-N-W-2-4.9m_bin.98.purify_k141_865625_3(Fam_2434 [★Target])
"(2508, 8306)",3,[2508],2019_TBLU-04_bin.22.purify_k141_513462,2019_TBLU-04_bin.22.purify_k141_513462_300-2527,2019_TBLU-04_bin.22.purify_k141_513462_3(Fam_2508 [★Target]) --> 2019_TBLU-04_bin.22.purify_k141_513462_4(Fam_8306 [★Target])
"(2508, 8306)",3,[2508],2020_CN-B-W-1_bin.102.purify_k141_1396827,2020_CN-B-W-1_bin.102.purify_k141_1396827_383-2661,2020_CN-B-W-1_bin.102.purify_k141_1396827_2(Fam_8306 [★Target]) --> 2020_CN-B-W-1_bin.102.purify_k141_1396827_3(Fam_2508 [★Target])
"(2508, 8306)",3,[2508],2020_CN-N-W-3_bin.57.purify_k141_21753,2020_CN-N-W-3_bin.57.purify_k141_21753_2503-4781,2020_CN-N-W-3_bin.57.purify_k141_21753_5(Fam_2508 [★Target]) --> 2020_CN-N-W-3_bin.57.purify_k141_21753_6(Fam_8306 [★Target])
"(3572, 8595)",3,"[3572, 8595]",2019_TBLU-05_bin.6.purify_k141_669615,2019_TBLU-05_bin.6.purify_k141_669615_840-2932,2019_TBLU-05_bin.6.purify_k141_669615_2(Fam_8595 [★Target]) --> 2019_TBLU-05_bin.6.purify_k141_669615_3(Fam_3572 [★Target])
"(3572, 8595)",3,"[3572, 8595]",2020_DQZB-w5_bin.44.purify_k141_1425016,2020_DQZB-w5_bin.44.purify_k141_1425016_11523-13727,2020_DQZB-w5_bin.44.purify_k141_1425016_12(Fam_3572 [★Target]) --> 2020_DQZB-w5_bin.44.purify_k141_1425016_13(Fam_8595 [★Target])
"(3572, 8595)",3,"[3572, 8595]",2020_HMH-W1_bin.35.purify_k141_1163487,2020_HMH-W1_bin.35.purify_k141_1163487_1136-3228,2020_HMH-W1_bin.35.purify_k141_1163487_2(Fam_8595 [★Target]) --> 2020_HMH-W1_bin.35.purify_k141_1163487_3(Fam_3572 [★Target])
"(1468, 6359)",3,[6359],2019_TBLU-09_bin.48.purify_k141_692541,2019_TBLU-09_bin.48.purify_k141_692541_1462-4377,2019_TBLU-09_bin.48.purify_k141_692541_3(Fam_6359 [★Target]) --> 2019_TBLU-09_bin.48.purify_k141_692541_4(Fam_1468 [★Target])
"(1468, 6359)",3,[6359],2020_LU-w10_bin.55.purify_k141_1446808,2020_LU-w10_bin.55.purify_k141_1446808_2876-5320,2020_LU-w10_bin.55.purify_k141_1446808_5(Fam_1468 [★Target]) --> 2020_LU-w10_bin.55.purify_k141_1446808_6(Fam_6359 [★Target])
"(1468, 6359)",3,[6359],2020_LU-w9_bin.83.purify_k141_113748,2020_LU-w9_bin.83.purify_k141_113748_2807-5194,2020_LU-w9_bin.83.purify_k141_113748_4(Fam_1468 [★Target]) --> 2020_LU-w9_bin.83.purify_k141_113748_5(Fam_6359 [★Target])
"(258, 6680)",3,"[258, 6680]",2020_CE-B-W-1_bin.53.purify_k141_518770,2020_CE-B-W-1_bin.53.purify_k141_518770_24620-29089,2020_CE-B-W-1_bin.53.purify_k141_518770_22(Fam_258 [★Target]) --> 2020_CE-B-W-1_bin.53.purify_k141_518770_23(Fam_6680 [★Target])
"(258, 6680)",3,"[258, 6680]",2020_QHH3-W1_bin.77.purify_k141_119807,2020_QHH3-W1_bin.77.purify_k141_119807_2967-7435,2020_QHH3-W1_bin.77.purify_k141_119807_5(Fam_6680 [★Target]) --> 2020_QHH3-W1_bin.77.purify_k141_119807_6(Fam_258 [★Target])
"(258, 6680)",3,"[258, 6680]",2021-BQZBHK-W5_bin.11.purify_k127_93913,2021-BQZBHK-W5_bin.11.purify_k127_93913_15246-19715,2021-BQZBHK-W5_bin.11.purify_k127_93913_19(Fam_6680 [★Target]) --> 2021-BQZBHK-W5_bin.11.purify_k127_93913_20(Fam_258 [★Target])
"(170, 6724)",3,[6724],2021-QHH-W10_bin.109.purify_k141_987971,2021-QHH-W10_bin.109.purify_k141_987971_527-5200,2021-QHH-W10_bin.109.purify_k141_987971_2(Fam_170 [★Target]) --> 2021-QHH-W10_bin.109.purify_k141_987971_3(Fam_6724 [★Target])
"(170, 6724)",3,[6724],2021-QHH-W11_bin.26.purify_k141_1033143,2021-QHH-W11_bin.26.purify_k141_1033143_1168-5841,2021-QHH-W11_bin.26.purify_k141_1033143_4(Fam_170 [★Target]) --> 2021-QHH-W11_bin.26.purify_k141_1033143_5(Fam_6724 [★Target])
"(170, 6724)",3,[6724],2021-YMQ5-W1_bin.120.purify_k141_1521798,2021-YMQ5-W1_bin.120.purify_k141_1521798_491-5164,2021-YMQ5-W1_bin.120.purify_k141_1521798_2(Fam_170 [★Target]) --> 2021-YMQ5-W1_bin.120.purify_k141_1521798_3(Fam_6724 [★Target])
"(11588, 12225)",3,[12225],2019_TBMTW-3_bin.55.purify_k141_378824,2019_TBMTW-3_bin.55.purify_k141_378824_6163-7066,2019_TBMTW-3_bin.55.purify_k141_378824_8(Fam_11588 [★Target]) --> 2019_TBMTW-3_bin.55.purify_k141_378824_9(Fam_12225 [★Target])
"(11588, 12225)",3,[12225],2020_YBJSD-W-3_bin.279.purify_k141_1112792,2020_YBJSD-W-3_bin.279.purify_k141_1112792_1790-2734,2020_YBJSD-W-3_bin.279.purify_k141_1112792_3(Fam_12225 [★Target]) --> 2020_YBJSD-W-3_bin.279.purify_k141_1112792_4(Fam_11588 [★Target])
"(11588, 12225)",3,[12225],2021-LU-W5_bin.31.purify_k127_3944830,2021-LU-W5_bin.31.purify_k127_3944830_500-1437,2021-LU-W5_bin.31.purify_k127_3944830_2(Fam_12225 [★Target]) --> 2021-LU-W5_bin.31.purify_k127_3944830_3(Fam_11588 [★Target])
"(262, 350, 450, 3691, 7404, 8330, 10091)",3,[3691],2021-QHH-W11_bin.17.purify_k141_313174,2021-QHH-W11_bin.17.purify_k141_313174_9513-22289,2021-QHH-W11_bin.17.purify_k141_313174_14(Fam_3691 [★Target]) --> 2021-QHH-W11_bin.17.purify_k141_313174_15(Fam_450 [★Target]) --> 2021-QHH-W11_bin.17.purify_k141_313174_16(Fam_262 [★Target]) --> 2021-QHH-W11_bin.17.purify_k141_313174_17(Fam_350 [★Target]) --> 2021-QHH-W11_bin.17.purify_k141_313174_18(Fam_7404 [★Target]) --> 2021-QHH-W11_bin.17.purify_k141_313174_19(Fam_8330 [★Target]) --> 2021-QHH-W11_bin.17.purify_k141_313174_20(Fam_10091 [★Target])
"(262, 350, 450, 3691, 7404, 8330, 10091)",3,[3691],2021-QHH-W15_bin.78.purify_k141_23885,2021-QHH-W15_bin.78.purify_k141_23885_52280-65074,2021-QHH-W15_bin.78.purify_k141_23885_28(Fam_10091 [★Target]) --> 2021-QHH-W15_bin.78.purify_k141_23885_29(Fam_8330 [★Target]) --> 2021-QHH-W15_bin.78.purify_k141_23885_30(Fam_7404 [★Target]) --> 2021-QHH-W15_bin.78.purify_k141_23885_31(Fam_350 [★Target]) --> 2021-QHH-W15_bin.78.purify_k141_23885_32(Fam_262 [★Target]) --> 2021-QHH-W15_bin.78.purify_k141_23885_33(Fam_450 [★Target]) --> 2021-QHH-W15_bin.78.purify_k141_23885_34(Fam_3691 [★Target])
"(262, 350, 450, 3691, 7404, 8330, 10091)",3,[3691],2021-YMQ1-W1_bin.107.purify_k141_1343662,2021-YMQ1-W1_bin.107.purify_k141_1343662_5280-19013,2021-YMQ1-W1_bin.107.purify_k141_1343662_4(Fam_6239) --> 2021-YMQ1-W1_bin.107.purify_k141_1343662_5(Fam_10091 [★Target]) --> 2021-YMQ1-W1_bin.107.purify_k141_1343662_6(Fam_8330 [★Target]) --> 2021-YMQ1-W1_bin.107.purify_k141_1343662_7(Fam_7404 [★Target]) --> 2021-YMQ1-W1_bin.107.purify_k141_1343662_8(Fam_350 [★Target]) --> 2021-YMQ1-W1_bin.107.purify_k141_1343662_9(Fam_262 [★Target]) --> 2021-YMQ1-W1_bin.107.purify_k141_1343662_10(Fam_450 [★Target]) --> 2021-YMQ1-W1_bin.107.purify_k141_1343662_11(Fam_3691 [★Target])
"(262, 350, 450, 3691, 7404, 8330, 10091)",3,[3691],2021-YMQ3-W1_bin.73.purify_k141_202856,2021-YMQ3-W1_bin.73.purify_k141_202856_1119-13886,2021-YMQ3-W1_bin.73.purify_k141_202856_2(Fam_3691 [★Target]) --> 2021-YMQ3-W1_bin.73.purify_k141_202856_3(Fam_450 [★Target]) --> 2021-YMQ3-W1_bin.73.purify_k141_202856_4(Fam_262 [★Target]) --> 2021-YMQ3-W1_bin.73.purify_k141_202856_5(Fam_350 [★Target]) --> 2021-YMQ3-W1_bin.73.purify_k141_202856_6(Fam_7404 [★Target]) --> 2021-YMQ3-W1_bin.73.purify_k141_202856_7(Fam_8330 [★Target]) --> 2021-YMQ3-W1_bin.73.purify_k141_202856_8(Fam_10091 [★Target])
"(1692, 2004)",3,[1692],2020_CE-B-W-1_bin.18.purify_k141_303187,2020_CE-B-W-1_bin.18.purify_k141_303187_6219-9691,2020_CE-B-W-1_bin.18.purify_k141_303187_5(Fam_1692 [★Target]) --> 2020_CE-B-W-1_bin.18.purify_k141_303187_6(Fam_2004 [★Target])
"(1692, 2004)",3,[1692],2021-CBL-W1_bin.155.purify_k127_2326978,2021-CBL-W1_bin.155.purify_k127_2326978_3-3209,2021-CBL-W1_bin.155.purify_k127_2326978_1(Fam_1692 [★Target]) --> 2021-CBL-W1_bin.155.purify_k127_2326978_2(Fam_2004 [★Target])
"(1692, 2004)",3,[1692],CE-B-W-2_bin.85.purify_k141_505094,CE-B-W-2_bin.85.purify_k141_505094_6700-10172,CE-B-W-2_bin.85.purify_k141_505094_6(Fam_1692 [★Target]) --> CE-B-W-2_bin.85.purify_k141_505094_7(Fam_2004 [★Target])
"(626, 1088)",3,[1088],2020_CE-20W-1-0m-1_bin.154.purify_k141_477521,2020_CE-20W-1-0m-1_bin.154.purify_k141_477521_15917-21472,2020_CE-20W-1-0m-1_bin.154.purify_k141_477521_25(Fam_1088 [★Target]) --> 2020_CE-20W-1-0m-1_bin.154.purify_k141_477521_27(Fam_626 [★Target])
"(626, 1088)",3,[1088],2020_CE-20W-1-2.5m-1_bin.105.purify_k141_310345,2020_CE-20W-1-2.5m-1_bin.105.purify_k141_310345_15917-21472,2020_CE-20W-1-2.5m-1_bin.105.purify_k141_310345_25(Fam_1088 [★Target]) --> 2020_CE-20W-1-2.5m-1_bin.105.purify_k141_310345_27(Fam_626 [★Target])
"(626, 1088)",3,[1088],2020_CE-20W-3-1_bin.97.purify_k141_734312,2020_CE-20W-3-1_bin.97.purify_k141_734312_16279-21834,2020_CE-20W-3-1_bin.97.purify_k141_734312_25(Fam_1088 [★Target]) --> 2020_CE-20W-3-1_bin.97.purify_k141_734312_27(Fam_626 [★Target])
"(8545, 9889)",3,[8545],2020_BGBMC-20W-1-17m-1_bin.69.purify_k141_711325,2020_BGBMC-20W-1-17m-1_bin.69.purify_k141_711325_394-1706,2020_BGBMC-20W-1-17m-1_bin.69.purify_k141_711325_2(Fam_8545 [★Target]) --> 2020_BGBMC-20W-1-17m-1_bin.69.purify_k141_711325_3(Fam_9889 [★Target])
"(8545, 9889)",3,[8545],2020_PC-20W-1-0m-1_bin.15.purify_k141_304343,2020_PC-20W-1-0m-1_bin.15.purify_k141_304343_459-1771,2020_PC-20W-1-0m-1_bin.15.purify_k141_304343_2(Fam_8545 [★Target]) --> 2020_PC-20W-1-0m-1_bin.15.purify_k141_304343_3(Fam_9889 [★Target])
"(8545, 9889)",3,[8545],2021-CBL-W2_bin.44.purify_k127_5255556,2021-CBL-W2_bin.44.purify_k127_5255556_3266-4569,2021-CBL-W2_bin.44.purify_k127_5255556_7(Fam_8545 [★Target]) --> 2021-CBL-W2_bin.44.purify_k127_5255556_8(Fam_9889 [★Target])
"(3612, 9132)",3,[3612],2021-BQZBHK-W4_bin.140.purify_k127_1824400,2021-BQZBHK-W4_bin.140.purify_k127_1824400_610-2525,2021-BQZBHK-W4_bin.140.purify_k127_1824400_2(Fam_9132 [★Target]) --> 2021-BQZBHK-W4_bin.140.purify_k127_1824400_3(Fam_3612 [★Target])
"(3612, 9132)",3,[3612],2021-BQZBHK-W7_bin.171.purify_k127_664437,2021-BQZBHK-W7_bin.171.purify_k127_664437_3652-5567,2021-BQZBHK-W7_bin.171.purify_k127_664437_4(Fam_3612 [★Target]) --> 2021-BQZBHK-W7_bin.171.purify_k127_664437_5(Fam_9132 [★Target])
"(3612, 9132)",3,[3612],2021-CE-W2_bin.69.purify_k127_331392,2021-CE-W2_bin.69.purify_k127_331392_3652-5567,2021-CE-W2_bin.69.purify_k127_331392_4(Fam_3612 [★Target]) --> 2021-CE-W2_bin.69.purify_k127_331392_5(Fam_9132 [★Target])
"(12609, 13935)",3,[13935],HS-28-1_bin.63.purify_k141_328670,HS-28-1_bin.63.purify_k141_328670_13316-13911,HS-28-1_bin.63.purify_k141_328670_10(Fam_12609 [★Target]) --> HS-28-1_bin.63.purify_k141_328670_11(Fam_13935 [★Target])
"(12609, 13935)",3,[13935],HS-43-1_bin.43.purify_k141_326820,HS-43-1_bin.43.purify_k141_326820_12027-12622,HS-43-1_bin.43.purify_k141_326820_9(Fam_12609 [★Target]) --> HS-43-1_bin.43.purify_k141_326820_10(Fam_13935 [★Target])
"(12609, 13935)",3,[13935],HS-43-3_bin.7.purify_k141_152823,HS-43-3_bin.7.purify_k141_152823_19920-20515,HS-43-3_bin.7.purify_k141_152823_20(Fam_13935 [★Target]) --> HS-43-3_bin.7.purify_k141_152823_21(Fam_12609 [★Target])
"(3278, 3457)",3,[3278],2021-BQZBHK-W4_bin.28.purify_k127_916316,2021-BQZBHK-W4_bin.28.purify_k127_916316_7437-10038,2021-BQZBHK-W4_bin.28.purify_k127_916316_5(Fam_3457 [★Target]) --> 2021-BQZBHK-W4_bin.28.purify_k127_916316_6(Fam_3278 [★Target])
"(3278, 3457)",3,[3278],2021-BQZBHK-W6_bin.5.purify_k127_45772,2021-BQZBHK-W6_bin.5.purify_k127_45772_7437-10038,2021-BQZBHK-W6_bin.5.purify_k127_45772_5(Fam_3457 [★Target]) --> 2021-BQZBHK-W6_bin.5.purify_k127_45772_6(Fam_3278 [★Target])
"(3278, 3457)",3,[3278],2021-BQZBHK-W7_bin.10.purify_k127_661224,2021-BQZBHK-W7_bin.10.purify_k127_661224_43467-46068,2021-BQZBHK-W7_bin.10.purify_k127_661224_45(Fam_3278 [★Target]) --> 2021-BQZBHK-W7_bin.10.purify_k127_661224_46(Fam_3457 [★Target])
"(7525, 12643)",3,"[7525, 12643]",HS-19-2_bin.10.purify_k141_76252,HS-19-2_bin.10.purify_k141_76252_12112-13287,HS-19-2_bin.10.purify_k141_76252_15(Fam_7525 [★Target]) --> HS-19-2_bin.10.purify_k141_76252_16(Fam_12643 [★Target])
"(7525, 12643)",3,"[7525, 12643]",HS-19-1_bin.7.purify_k141_9603,HS-19-1_bin.7.purify_k141_9603_5146-6321,HS-19-1_bin.7.purify_k141_9603_8(Fam_7525 [★Target]) --> HS-19-1_bin.7.purify_k141_9603_9(Fam_12643 [★Target])
"(7525, 12643)",3,"[7525, 12643]",HS-19-3_bin.10.purify_k141_9557,HS-19-3_bin.10.purify_k141_9557_12485-13660,HS-19-3_bin.10.purify_k141_9557_15(Fam_7525 [★Target]) --> HS-19-3_bin.10.purify_k141_9557_16(Fam_12643 [★Target])
"(4870, 6245)",3,[6245],2020_BGBMC-20W-1-17m-1_bin.128.purify_k141_299415,2020_BGBMC-20W-1-17m-1_bin.128.purify_k141_299415_12203-14139,2020_BGBMC-20W-1-17m-1_bin.128.purify_k141_299415_14(Fam_6245 [★Target]) --> 2020_BGBMC-20W-1-17m-1_bin.128.purify_k141_299415_15(Fam_4870 [★Target])
"(4870, 6245)",3,[6245],2020_QHH4-W1_bin.106.purify_k141_1149367,2020_QHH4-W1_bin.106.purify_k141_1149367_11836-13991,2020_QHH4-W1_bin.106.purify_k141_1149367_13(Fam_6245 [★Target]) --> 2020_QHH4-W1_bin.106.purify_k141_1149367_14(Fam_4870 [★Target])
"(4870, 6245)",3,[6245],2021-BQZBHK-W5_bin.107.purify_k127_235402,2021-BQZBHK-W5_bin.107.purify_k127_235402_6566-8367,2021-BQZBHK-W5_bin.107.purify_k127_235402_7(Fam_6245 [★Target]) --> 2021-BQZBHK-W5_bin.107.purify_k127_235402_8(Fam_4870 [★Target])
"(12300, 12512)",3,[12512],2021-BQZBHK-W4_bin.90.purify_k127_839101,2021-BQZBHK-W4_bin.90.purify_k127_839101_744-1553,2021-BQZBHK-W4_bin.90.purify_k127_839101_3(Fam_12300 [★Target]) --> 2021-BQZBHK-W4_bin.90.purify_k127_839101_4(Fam_12512 [★Target])
"(12300, 12512)",3,[12512],2021-BQZBHK-W6_bin.93.purify_k127_39376,2021-BQZBHK-W6_bin.93.purify_k127_39376_6655-7464,2021-BQZBHK-W6_bin.93.purify_k127_39376_4(Fam_12300 [★Target]) --> 2021-BQZBHK-W6_bin.93.purify_k127_39376_5(Fam_12512 [★Target])
"(12300, 12512)",3,[12512],2021-QHH-W11_bin.94.purify_k141_237681,2021-QHH-W11_bin.94.purify_k141_237681_12017-12826,2021-QHH-W11_bin.94.purify_k141_237681_7(Fam_12300 [★Target]) --> 2021-QHH-W11_bin.94.purify_k141_237681_8(Fam_12512 [★Target])
"(342, 462)",3,[462],2020_BGBMC-20W-1-10m-1_bin.87.purify_k141_419618,2020_BGBMC-20W-1-10m-1_bin.87.purify_k141_419618_3569-9952,2020_BGBMC-20W-1-10m-1_bin.87.purify_k141_419618_5(Fam_342 [★Target]) --> 2020_BGBMC-20W-1-10m-1_bin.87.purify_k141_419618_6(Fam_462 [★Target])
"(342, 462)",3,[462],2020_CRC-20W-1-0m-1_bin.211.purify_k141_1409165,2020_CRC-20W-1-0m-1_bin.211.purify_k141_1409165_220-6099,2020_CRC-20W-1-0m-1_bin.211.purify_k141_1409165_2(Fam_462 [★Target]) --> 2020_CRC-20W-1-0m-1_bin.211.purify_k141_1409165_3(Fam_342 [★Target])
"(342, 462)",3,[462],2021-ZJZB-W23_bin.25.purify_k127_338498,2021-ZJZB-W23_bin.25.purify_k127_338498_11-6391,2021-ZJZB-W23_bin.25.purify_k127_338498_1(Fam_342 [★Target]) --> 2021-ZJZB-W23_bin.25.purify_k127_338498_2(Fam_462 [★Target])
"(6043, 11494)",3,[6043],2020_CE-20W-1-0m-1_bin.141.purify_k141_826608,2020_CE-20W-1-0m-1_bin.141.purify_k141_826608_7123-8473,2020_CE-20W-1-0m-1_bin.141.purify_k141_826608_11(Fam_6043 [★Target]) --> 2020_CE-20W-1-0m-1_bin.141.purify_k141_826608_12(Fam_11494 [★Target])
"(6043, 11494)",3,[6043],2020_CE-B-W-1_bin.36.purify_k141_514039,2020_CE-B-W-1_bin.36.purify_k141_514039_10852-12202,2020_CE-B-W-1_bin.36.purify_k141_514039_14(Fam_6043 [★Target]) --> 2020_CE-B-W-1_bin.36.purify_k141_514039_15(Fam_11494 [★Target])
"(6043, 11494)",3,[6043],2020_CE-D-W-2_bin.43.purify_k141_1206901,2020_CE-D-W-2_bin.43.purify_k141_1206901_7548-8793,2020_CE-D-W-2_bin.43.purify_k141_1206901_12(Fam_6043 [★Target]) --> 2020_CE-D-W-2_bin.43.purify_k141_1206901_13(Fam_11494 [★Target])
"(3253, 9266)",3,[3253],2021-BC-W02_bin.48.purify_k127_240898,2021-BC-W02_bin.48.purify_k127_240898_6434-8352,2021-BC-W02_bin.48.purify_k127_240898_7(Fam_9266 [★Target]) --> 2021-BC-W02_bin.48.purify_k127_240898_8(Fam_3253 [★Target])
"(3253, 9266)",3,[3253],2021-QJH-W1_bin.12.purify_k127_2580927,2021-QJH-W1_bin.12.purify_k127_2580927_415-2333,2021-QJH-W1_bin.12.purify_k127_2580927_2(Fam_9266 [★Target]) --> 2021-QJH-W1_bin.12.purify_k127_2580927_3(Fam_3253 [★Target])
"(3253, 9266)",3,[3253],2021-ZJZB-W21_bin.6.purify_k127_2695615,2021-ZJZB-W21_bin.6.purify_k127_2695615_991-2909,2021-ZJZB-W21_bin.6.purify_k127_2695615_2(Fam_3253 [★Target]) --> 2021-ZJZB-W21_bin.6.purify_k127_2695615_3(Fam_9266 [★Target])
"(2868, 6858)",3,[2868],2020_ZJZBSD-05-2_bin.5.purify_k141_323442,2020_ZJZBSD-05-2_bin.5.purify_k141_323442_92-2103,2020_ZJZBSD-05-2_bin.5.purify_k141_323442_2(Fam_2868 [★Target]) --> 2020_ZJZBSD-05-2_bin.5.purify_k141_323442_3(Fam_6858 [★Target])
"(2868, 6858)",3,[2868],2021-CBL-W1_bin.7.purify_k127_1235131,2021-CBL-W1_bin.7.purify_k127_1235131_484-2753,2021-CBL-W1_bin.7.purify_k127_1235131_3(Fam_6858 [★Target]) --> 2021-CBL-W1_bin.7.purify_k127_1235131_4(Fam_2868 [★Target])
"(2868, 6858)",3,[2868],2021-YBJ-W3_bin.220.purify_k127_2099033,2021-YBJ-W3_bin.220.purify_k127_2099033_375-2623,2021-YBJ-W3_bin.220.purify_k127_2099033_3(Fam_2868 [★Target]) --> 2021-YBJ-W3_bin.220.purify_k127_2099033_4(Fam_6858 [★Target])
"(2841, 9041)",3,[2841],2020_ZJZBSD-04-3_bin.83.purify_k141_1229317,2020_ZJZBSD-04-3_bin.83.purify_k141_1229317_10596-12683,2020_ZJZBSD-04-3_bin.83.purify_k141_1229317_10(Fam_9041 [★Target]) --> 2020_ZJZBSD-04-3_bin.83.purify_k141_1229317_11(Fam_2841 [★Target])
"(2841, 9041)",3,[2841],2021-BQZBHK-W6_bin.63.purify_k127_547912,2021-BQZBHK-W6_bin.63.purify_k127_547912_100-2161,2021-BQZBHK-W6_bin.63.purify_k127_547912_1(Fam_2841 [★Target]) --> 2021-BQZBHK-W6_bin.63.purify_k127_547912_2(Fam_9041 [★Target])
"(2841, 9041)",3,[2841],2021-QJH-W1_bin.41.purify_k127_2503888,2021-QJH-W1_bin.41.purify_k127_2503888_1624-3680,2021-QJH-W1_bin.41.purify_k127_2503888_3(Fam_9041 [★Target]) --> 2021-QJH-W1_bin.41.purify_k127_2503888_4(Fam_2841 [★Target])
"(2113, 6156)",3,"[2113, 6156]",2021-BC-W0_bin.41.purify_k141_321409,2021-BC-W0_bin.41.purify_k141_321409_476057-478613,2021-BC-W0_bin.41.purify_k141_321409_317(Fam_2113 [★Target]) --> 2021-BC-W0_bin.41.purify_k141_321409_318(Fam_6156 [★Target])
"(2113, 6156)",3,"[2113, 6156]",2021-BC-W20_bin.84.purify_k141_524610,2021-BC-W20_bin.84.purify_k141_524610_476049-478605,2021-BC-W20_bin.84.purify_k141_524610_319(Fam_2113 [★Target]) --> 2021-BC-W20_bin.84.purify_k141_524610_320(Fam_6156 [★Target])
"(2113, 6156)",3,"[2113, 6156]",2021-HHSD-W2_bin.56.purify_k127_677511,2021-HHSD-W2_bin.56.purify_k127_677511_330709-333265,2021-HHSD-W2_bin.56.purify_k127_677511_199(Fam_2113 [★Target]) --> 2021-HHSD-W2_bin.56.purify_k127_677511_200(Fam_6156 [★Target])
"(11767, 12277)",3,[11767],2020_CE-N-W-1_bin.39.purify_k141_64750,2020_CE-N-W-1_bin.39.purify_k141_64750_2659-3522,2020_CE-N-W-1_bin.39.purify_k141_64750_5(Fam_11767 [★Target]) --> 2020_CE-N-W-1_bin.39.purify_k141_64750_6(Fam_12277 [★Target])
"(11767, 12277)",3,[11767],2021-SLCB-W1_bin.85.purify_k127_212632,2021-SLCB-W1_bin.85.purify_k127_212632_3707-4465,2021-SLCB-W1_bin.85.purify_k127_212632_6(Fam_11767 [★Target]) --> 2021-SLCB-W1_bin.85.purify_k127_212632_7(Fam_12277 [★Target])
"(11767, 12277)",3,[11767],CE-B-W-2_bin.165.purify_k141_193848,CE-B-W-2_bin.165.purify_k141_193848_1788-2657,CE-B-W-2_bin.165.purify_k141_193848_4(Fam_11767 [★Target]) --> CE-B-W-2_bin.165.purify_k141_193848_5(Fam_12277 [★Target])
"(1850, 2143, 7309)",3,[2143],2021-BQZBHK-W1_bin.13.purify_k127_250441,2021-BQZBHK-W1_bin.13.purify_k127_250441_4643-8945,2021-BQZBHK-W1_bin.13.purify_k127_250441_6(Fam_1850 [★Target]) --> 2021-BQZBHK-W1_bin.13.purify_k127_250441_7(Fam_7309 [★Target]) --> 2021-BQZBHK-W1_bin.13.purify_k127_250441_8(Fam_2143 [★Target])
"(1850, 2143, 7309)",3,[2143],2021-BQZBHK-W3_bin.76.purify_k127_508082,2021-BQZBHK-W3_bin.76.purify_k127_508082_5069-9371,2021-BQZBHK-W3_bin.76.purify_k127_508082_6(Fam_1850 [★Target]) --> 2021-BQZBHK-W3_bin.76.purify_k127_508082_7(Fam_7309 [★Target]) --> 2021-BQZBHK-W3_bin.76.purify_k127_508082_8(Fam_2143 [★Target])
"(1850, 2143, 7309)",3,[2143],2021-BQZBHK-W5_bin.64.purify_k127_49434,2021-BQZBHK-W5_bin.64.purify_k127_49434_5154-9456,2021-BQZBHK-W5_bin.64.purify_k127_49434_6(Fam_1850 [★Target]) --> 2021-BQZBHK-W5_bin.64.purify_k127_49434_7(Fam_7309 [★Target]) --> 2021-BQZBHK-W5_bin.64.purify_k127_49434_8(Fam_2143 [★Target])
"(653, 2035, 4011)",3,[2035],2020_ZJZBSD-04-3_bin.131.purify_k141_277166,2020_ZJZBSD-04-3_bin.131.purify_k141_277166_1545-7154,2020_ZJZBSD-04-3_bin.131.purify_k141_277166_3(Fam_4011 [★Target]) --> 2020_ZJZBSD-04-3_bin.131.purify_k141_277166_4(Fam_653 [★Target]) --> 2020_ZJZBSD-04-3_bin.131.purify_k141_277166_5(Fam_2035 [★Target])
"(653, 2035, 4011)",3,[2035],2021-LU-W3_bin.127.purify_k127_931742,2021-LU-W3_bin.127.purify_k127_931742_366-5945,2021-LU-W3_bin.127.purify_k127_931742_2(Fam_4011 [★Target]) --> 2021-LU-W3_bin.127.purify_k127_931742_3(Fam_653 [★Target]) --> 2021-LU-W3_bin.127.purify_k127_931742_4(Fam_2035 [★Target])
"(653, 2035, 4011)",3,[2035],2021-ZJZB-W23_bin.12.purify_k127_166861,2021-ZJZB-W23_bin.12.purify_k127_166861_3138-8732,2021-ZJZB-W23_bin.12.purify_k127_166861_6(Fam_2035 [★Target]) --> 2021-ZJZB-W23_bin.12.purify_k127_166861_7(Fam_653 [★Target]) --> 2021-ZJZB-W23_bin.12.purify_k127_166861_8(Fam_4011 [★Target])
"(5907, 13177)",3,[5907],2021-BQZBHK-W2_bin.117.purify_k127_427018,2021-BQZBHK-W2_bin.117.purify_k127_427018_11981-12861,2021-BQZBHK-W2_bin.117.purify_k127_427018_16(Fam_13177 [★Target]) --> 2021-BQZBHK-W2_bin.117.purify_k127_427018_17(Fam_5907 [★Target])
"(5907, 13177)",3,[5907],2021-BQZBHK-W3_bin.81.purify_k127_1304532,2021-BQZBHK-W3_bin.81.purify_k127_1304532_11975-13257,2021-BQZBHK-W3_bin.81.purify_k127_1304532_16(Fam_13177 [★Target]) --> 2021-BQZBHK-W3_bin.81.purify_k127_1304532_17(Fam_5907 [★Target])
"(5907, 13177)",3,[5907],2021-SLCB-W3_bin.18.purify_k127_536778,2021-SLCB-W3_bin.18.purify_k127_536778_11981-13263,2021-SLCB-W3_bin.18.purify_k127_536778_16(Fam_13177 [★Target]) --> 2021-SLCB-W3_bin.18.purify_k127_536778_17(Fam_5907 [★Target])
"(2228, 6056)",3,[2228],2021-DTH-W4_bin.42.purify_k127_2680238,2021-DTH-W4_bin.42.purify_k127_2680238_2869-4414,2021-DTH-W4_bin.42.purify_k127_2680238_4(Fam_6056 [★Target]) --> 2021-DTH-W4_bin.42.purify_k127_2680238_5(Fam_2228 [★Target])
"(2228, 6056)",3,[2228],2021-TLHSD-W3_bin.247.purify_k141_1042494,2021-TLHSD-W3_bin.247.purify_k141_1042494_8038-10565,2021-TLHSD-W3_bin.247.purify_k141_1042494_14(Fam_2228 [★Target]) --> 2021-TLHSD-W3_bin.247.purify_k141_1042494_15(Fam_6056 [★Target])
"(2228, 6056)",3,[2228],2021-TMRSD-W3_bin.247.purify_k141_1042494,2021-TMRSD-W3_bin.247.purify_k141_1042494_8038-10565,2021-TMRSD-W3_bin.247.purify_k141_1042494_14(Fam_2228 [★Target]) --> 2021-TMRSD-W3_bin.247.purify_k141_1042494_15(Fam_6056 [★Target])
"(5491, 6720)",3,[6720],2021-BQZBHK-W2_bin.92.purify_k127_330241,2021-BQZBHK-W2_bin.92.purify_k127_330241_7369-9608,2021-BQZBHK-W2_bin.92.purify_k127_330241_8(Fam_5491 [★Target]) --> 2021-BQZBHK-W2_bin.92.purify_k127_330241_9(Fam_6720 [★Target])
"(5491, 6720)",3,[6720],2021-SLCB-W5_bin.96.purify_k127_2621758,2021-SLCB-W5_bin.96.purify_k127_2621758_6753-8992,2021-SLCB-W5_bin.96.purify_k127_2621758_8(Fam_5491 [★Target]) --> 2021-SLCB-W5_bin.96.purify_k127_2621758_9(Fam_6720 [★Target])
"(5491, 6720)",3,[6720],2021-ZJZB-W70_bin.59.purify_k127_679145,2021-ZJZB-W70_bin.59.purify_k127_679145_1457-3696,2021-ZJZB-W70_bin.59.purify_k127_679145_3(Fam_6720 [★Target]) --> 2021-ZJZB-W70_bin.59.purify_k127_679145_4(Fam_5491 [★Target])
"(880, 1104, 3491)",3,[1104],2020_CE-D-W-2_bin.47.purify_k141_1206827,2020_CE-D-W-2_bin.47.purify_k141_1206827_162-6375,2020_CE-D-W-2_bin.47.purify_k141_1206827_1(Fam_1104 [★Target]) --> 2020_CE-D-W-2_bin.47.purify_k141_1206827_2(Fam_3491 [★Target]) --> 2020_CE-D-W-2_bin.47.purify_k141_1206827_3(Fam_880 [★Target])
"(880, 1104, 3491)",3,[1104],2020_CE-N-W-1_bin.96.purify_k141_739171,2020_CE-N-W-1_bin.96.purify_k141_739171_162-6375,2020_CE-N-W-1_bin.96.purify_k141_739171_1(Fam_1104 [★Target]) --> 2020_CE-N-W-1_bin.96.purify_k141_739171_2(Fam_3491 [★Target]) --> 2020_CE-N-W-1_bin.96.purify_k141_739171_3(Fam_880 [★Target])
"(880, 1104, 3491)",3,[1104],2020_CE-N-W-2_bin.131.purify_k141_190368,2020_CE-N-W-2_bin.131.purify_k141_190368_162-6375,2020_CE-N-W-2_bin.131.purify_k141_190368_1(Fam_1104 [★Target]) --> 2020_CE-N-W-2_bin.131.purify_k141_190368_2(Fam_3491 [★Target]) --> 2020_CE-N-W-2_bin.131.purify_k141_190368_3(Fam_880 [★Target])
"(1530, 6117)",3,[1530],2021-CBL-W1_bin.169.purify_k127_3588715,2021-CBL-W1_bin.169.purify_k127_3588715_3149-5991,2021-CBL-W1_bin.169.purify_k127_3588715_5(Fam_6117 [★Target]) --> 2021-CBL-W1_bin.169.purify_k127_3588715_6(Fam_1530 [★Target])
"(1530, 6117)",3,[1530],2021-TMRSD-W4_bin.62.purify_k127_2881999,2021-TMRSD-W4_bin.62.purify_k127_2881999_9825-12667,2021-TMRSD-W4_bin.62.purify_k127_2881999_11(Fam_1530 [★Target]) --> 2021-TMRSD-W4_bin.62.purify_k127_2881999_12(Fam_6117 [★Target])
"(1530, 6117)",3,[1530],2021-ZJZBSD-W52_bin.244.purify_k127_685159,2021-ZJZBSD-W52_bin.244.purify_k127_685159_2218-5076,2021-ZJZBSD-W52_bin.244.purify_k127_685159_5(Fam_6117 [★Target]) --> 2021-ZJZBSD-W52_bin.244.purify_k127_685159_6(Fam_1530 [★Target])
"(10074, 13056)",3,[10074],2020_EH-W1_bin.3.purify_k141_459268,2020_EH-W1_bin.3.purify_k141_459268_3520-4459,2020_EH-W1_bin.3.purify_k141_459268_5(Fam_13056 [★Target]) --> 2020_EH-W1_bin.3.purify_k141_459268_6(Fam_10074 [★Target])
"(10074, 13056)",3,[10074],2021-EH-W1_bin.34.purify_k141_1660839,2021-EH-W1_bin.34.purify_k141_1660839_1573-2512,2021-EH-W1_bin.34.purify_k141_1660839_3(Fam_10074 [★Target]) --> 2021-EH-W1_bin.34.purify_k141_1660839_4(Fam_13056 [★Target])
"(10074, 13056)",3,[10074],2021-ZJZBSD-W52_bin.24.purify_k127_625436,2021-ZJZBSD-W52_bin.24.purify_k127_625436_7333-8278,2021-ZJZBSD-W52_bin.24.purify_k127_625436_9(Fam_13056 [★Target]) --> 2021-ZJZBSD-W52_bin.24.purify_k127_625436_10(Fam_10074 [★Target])
"(7290, 7984)",3,[7290],2020_BGBMC-20W-1-0m-1_bin.62.purify_k141_269798,2020_BGBMC-20W-1-0m-1_bin.62.purify_k141_269798_1-1244,2020_BGBMC-20W-1-0m-1_bin.62.purify_k141_269798_1(Fam_7290 [★Target]) --> 2020_BGBMC-20W-1-0m-1_bin.62.purify_k141_269798_2(Fam_7984 [★Target])
"(7290, 7984)",3,[7290],2021-SLCB-W4_bin.31.purify_k127_1514573,2021-SLCB-W4_bin.31.purify_k127_1514573_3-1270,2021-SLCB-W4_bin.31.purify_k127_1514573_1(Fam_7290 [★Target]) --> 2021-SLCB-W4_bin.31.purify_k127_1514573_2(Fam_7984 [★Target])
"(7290, 7984)",3,[7290],BYBC-W1_bin.124.purify_k141_805009,BYBC-W1_bin.124.purify_k141_805009_5964-7039,BYBC-W1_bin.124.purify_k141_805009_7(Fam_7290 [★Target]) --> BYBC-W1_bin.124.purify_k141_805009_8(Fam_7984 [★Target])
"(6483, 11591)",3,[11591],2019_TBCBL-04_bin.1.purify_k141_255557,2019_TBCBL-04_bin.1.purify_k141_255557_11456-12761,2019_TBCBL-04_bin.1.purify_k141_255557_12(Fam_11591 [★Target]) --> 2019_TBCBL-04_bin.1.purify_k141_255557_13(Fam_6483 [★Target])
"(6483, 11591)",3,[11591],2020_ZJZBSD-05-1_bin.37.purify_k141_1363177,2020_ZJZBSD-05-1_bin.37.purify_k141_1363177_5025-6396,2020_ZJZBSD-05-1_bin.37.purify_k141_1363177_8(Fam_11591 [★Target]) --> 2020_ZJZBSD-05-1_bin.37.purify_k141_1363177_9(Fam_6483 [★Target])
"(6483, 11591)",3,[11591],2020_ZJZBSD-05-2_bin.45.purify_k141_750945,2020_ZJZBSD-05-2_bin.45.purify_k141_750945_7892-9139,2020_ZJZBSD-05-2_bin.45.purify_k141_750945_8(Fam_6483 [★Target]) --> 2020_ZJZBSD-05-2_bin.45.purify_k141_750945_9(Fam_11591 [★Target])
"(7322, 12983)",3,"[7322, 12983]",2020_YZYC-20W-1-10m-1_bin.14.purify_k141_336747,2020_YZYC-20W-1-10m-1_bin.14.purify_k141_336747_4934-6112,2020_YZYC-20W-1-10m-1_bin.14.purify_k141_336747_5(Fam_12983 [★Target]) --> 2020_YZYC-20W-1-10m-1_bin.14.purify_k141_336747_6(Fam_7322 [★Target])
"(7322, 12983)",3,"[7322, 12983]",2020_YZYC-20W-1-20m-1_bin.34.purify_k141_14547,2020_YZYC-20W-1-20m-1_bin.34.purify_k141_14547_5408-6586,2020_YZYC-20W-1-20m-1_bin.34.purify_k141_14547_6(Fam_12983 [★Target]) --> 2020_YZYC-20W-1-20m-1_bin.34.purify_k141_14547_7(Fam_7322 [★Target])
"(7322, 12983)",3,"[7322, 12983]",2020_YZYC-20W-1-5m-1_bin.66.purify_k141_200497,2020_YZYC-20W-1-5m-1_bin.66.purify_k141_200497_5697-6876,2020_YZYC-20W-1-5m-1_bin.66.purify_k141_200497_7(Fam_12983 [★Target]) --> 2020_YZYC-20W-1-5m-1_bin.66.purify_k141_200497_8(Fam_7322 [★Target])
"(755, 7384)",3,[7384],2020_CE-D-W-2_bin.106.purify_k141_99887,2020_CE-D-W-2_bin.106.purify_k141_99887_4300-7735,2020_CE-D-W-2_bin.106.purify_k141_99887_7(Fam_7384 [★Target]) --> 2020_CE-D-W-2_bin.106.purify_k141_99887_8(Fam_755 [★Target])
"(755, 7384)",3,[7384],2020_CE-N-W-1_bin.159.purify_k141_309422,2020_CE-N-W-1_bin.159.purify_k141_309422_575-3650,2020_CE-N-W-1_bin.159.purify_k141_309422_2(Fam_7384 [★Target]) --> 2020_CE-N-W-1_bin.159.purify_k141_309422_3(Fam_755 [★Target])
"(755, 7384)",3,[7384],2020_CE-X-W-2_bin.11.purify_k141_86807,2020_CE-X-W-2_bin.11.purify_k141_86807_3194-6623,2020_CE-X-W-2_bin.11.purify_k141_86807_4(Fam_7384 [★Target]) --> 2020_CE-X-W-2_bin.11.purify_k141_86807_5(Fam_755 [★Target])
"(5607, 7055)",3,[7055],2020_CE-D-W-2_bin.78.purify_k141_931326,2020_CE-D-W-2_bin.78.purify_k141_931326_1649-3485,2020_CE-D-W-2_bin.78.purify_k141_931326_3(Fam_5607 [★Target]) --> 2020_CE-D-W-2_bin.78.purify_k141_931326_4(Fam_7055 [★Target])
"(5607, 7055)",3,[7055],2020_NRPC-20W-1-0m-1_bin.25.purify_k141_159218,2020_NRPC-20W-1-0m-1_bin.25.purify_k141_159218_297-2133,2020_NRPC-20W-1-0m-1_bin.25.purify_k141_159218_2(Fam_5607 [★Target]) --> 2020_NRPC-20W-1-0m-1_bin.25.purify_k141_159218_3(Fam_7055 [★Target])
"(5607, 7055)",3,[7055],2020_PC-20W-1-17m-1_bin.94.purify_k141_506763,2020_PC-20W-1-17m-1_bin.94.purify_k141_506763_9743-11579,2020_PC-20W-1-17m-1_bin.94.purify_k141_506763_13(Fam_7055 [★Target]) --> 2020_PC-20W-1-17m-1_bin.94.purify_k141_506763_14(Fam_5607 [★Target])
"(1356, 7097)",3,[1356],2020_YZYC-20W-1-10m-1_bin.159.purify_k141_1422,2020_YZYC-20W-1-10m-1_bin.159.purify_k141_1422_9041-11876,2020_YZYC-20W-1-10m-1_bin.159.purify_k141_1422_10(Fam_1356 [★Target]) --> 2020_YZYC-20W-1-10m-1_bin.159.purify_k141_1422_11(Fam_7097 [★Target])
"(1356, 7097)",3,[1356],2020_YZYC-20W-1-20m-1_bin.150.purify_k141_219869,2020_YZYC-20W-1-20m-1_bin.150.purify_k141_219869_9041-11876,2020_YZYC-20W-1-20m-1_bin.150.purify_k141_219869_10(Fam_1356 [★Target]) --> 2020_YZYC-20W-1-20m-1_bin.150.purify_k141_219869_11(Fam_7097 [★Target])
"(1356, 7097)",3,[1356],2020_YZYC-20W-1-30m-1_bin.47.purify_k141_236420,2020_YZYC-20W-1-30m-1_bin.47.purify_k141_236420_9041-11876,2020_YZYC-20W-1-30m-1_bin.47.purify_k141_236420_10(Fam_1356 [★Target]) --> 2020_YZYC-20W-1-30m-1_bin.47.purify_k141_236420_11(Fam_7097 [★Target])
"(11646, 12153)",3,"[11646, 12153]",2020_YZYC-20W-1-15m-1_bin.135.purify_k141_805328,2020_YZYC-20W-1-15m-1_bin.135.purify_k141_805328_799-1502,2020_YZYC-20W-1-15m-1_bin.135.purify_k141_805328_3(Fam_11646 [★Target]) --> 2020_YZYC-20W-1-15m-1_bin.135.purify_k141_805328_4(Fam_12153 [★Target])
"(11646, 12153)",3,"[11646, 12153]",2021-NRPC-LBM2_bin.44.purify_k141_11616,2021-NRPC-LBM2_bin.44.purify_k141_11616_2-840,2021-NRPC-LBM2_bin.44.purify_k141_11616_1(Fam_12153 [★Target]) --> 2021-NRPC-LBM2_bin.44.purify_k141_11616_2(Fam_11646 [★Target])
"(11646, 12153)",3,"[11646, 12153]",2021-SD-W73_bin.183.purify_k127_1060428,2021-SD-W73_bin.183.purify_k127_1060428_2739-3514,2021-SD-W73_bin.183.purify_k127_1060428_4(Fam_11646 [★Target]) --> 2021-SD-W73_bin.183.purify_k127_1060428_5(Fam_12153 [★Target])
"(5016, 8852)",3,[5016],2020_EH-W1_bin.168.purify_k141_1208516,2020_EH-W1_bin.168.purify_k141_1208516_3012-4776,2020_EH-W1_bin.168.purify_k141_1208516_5(Fam_8852 [★Target]) --> 2020_EH-W1_bin.168.purify_k141_1208516_6(Fam_5016 [★Target])
"(5016, 8852)",3,[5016],2020_TMRSD3-W1_bin.86.purify_k141_330715,2020_TMRSD3-W1_bin.86.purify_k141_330715_10432-12196,2020_TMRSD3-W1_bin.86.purify_k141_330715_6(Fam_5016 [★Target]) --> 2020_TMRSD3-W1_bin.86.purify_k141_330715_7(Fam_8852 [★Target])
"(5016, 8852)",3,[5016],2021-EH-W1_bin.163.purify_k141_239389,2021-EH-W1_bin.163.purify_k141_239389_16213-17977,2021-EH-W1_bin.163.purify_k141_239389_12(Fam_5016 [★Target]) --> 2021-EH-W1_bin.163.purify_k141_239389_13(Fam_8852 [★Target])
"(633, 3158)",3,[3158],2021-CE-W1_bin.35.purify_k127_119503,2021-CE-W1_bin.35.purify_k127_119503_25189-29161,2021-CE-W1_bin.35.purify_k127_119503_21(Fam_633 [★Target]) --> 2021-CE-W1_bin.35.purify_k127_119503_22(Fam_3158 [★Target])
"(633, 3158)",3,[3158],2021-CE-W3_bin.65.purify_k127_141280,2021-CE-W3_bin.65.purify_k127_141280_25244-29162,2021-CE-W3_bin.65.purify_k127_141280_21(Fam_633 [★Target]) --> 2021-CE-W3_bin.65.purify_k127_141280_22(Fam_3158 [★Target])
"(633, 3158)",3,[3158],2021-CE-W4_bin.40.purify_k127_492706,2021-CE-W4_bin.40.purify_k127_492706_3-3240,2021-CE-W4_bin.40.purify_k127_492706_1(Fam_3158 [★Target]) --> 2021-CE-W4_bin.40.purify_k127_492706_2(Fam_633 [★Target])
"(4486, 4564)",3,[4486],2021-CE-W1_bin.34.purify_k127_155164,2021-CE-W1_bin.34.purify_k127_155164_2472-4790,2021-CE-W1_bin.34.purify_k127_155164_4(Fam_4564 [★Target]) --> 2021-CE-W1_bin.34.purify_k127_155164_5(Fam_4486 [★Target])
"(4486, 4564)",3,[4486],2021-CE-W4_bin.62.purify_k127_3382,2021-CE-W4_bin.62.purify_k127_3382_9302-11620,2021-CE-W4_bin.62.purify_k127_3382_8(Fam_4486 [★Target]) --> 2021-CE-W4_bin.62.purify_k127_3382_9(Fam_4564 [★Target])
"(4486, 4564)",3,[4486],CE-B-W-2_bin.96.purify_k141_785211,CE-B-W-2_bin.96.purify_k141_785211_22387-24705,CE-B-W-2_bin.96.purify_k141_785211_16(Fam_4486 [★Target]) --> CE-B-W-2_bin.96.purify_k141_785211_17(Fam_4564 [★Target])
"(2482, 8736)",3,[2482],2020_CE-N-W-1_bin.187.purify_k141_436435,2020_CE-N-W-1_bin.187.purify_k141_436435_2270-4425,2020_CE-N-W-1_bin.187.purify_k141_436435_2(Fam_2482 [★Target]) --> 2020_CE-N-W-1_bin.187.purify_k141_436435_3(Fam_8736 [★Target])
"(2482, 8736)",3,[2482],2020_GMZ-9-w1_bin.73.purify_k141_423009,2020_GMZ-9-w1_bin.73.purify_k141_423009_495-2706,2020_GMZ-9-w1_bin.73.purify_k141_423009_2(Fam_2482 [★Target]) --> 2020_GMZ-9-w1_bin.73.purify_k141_423009_3(Fam_8736 [★Target])
"(2482, 8736)",3,[2482],2020_SD-W-2_bin.45.purify_k141_1300501,2020_SD-W-2_bin.45.purify_k141_1300501_4194-5504,2020_SD-W-2_bin.45.purify_k141_1300501_5(Fam_8736 [★Target]) --> 2020_SD-W-2_bin.45.purify_k141_1300501_6(Fam_2482 [★Target])
"(7426, 7579)",3,[7579],2020_YZYC-20W-1-0m-1_bin.60.purify_k141_263488,2020_YZYC-20W-1-0m-1_bin.60.purify_k141_263488_157-1616,2020_YZYC-20W-1-0m-1_bin.60.purify_k141_263488_2(Fam_7426 [★Target]) --> 2020_YZYC-20W-1-0m-1_bin.60.purify_k141_263488_3(Fam_7579 [★Target])
"(7426, 7579)",3,[7579],2021-BQZBHK-W5_bin.68.purify_k127_1311588,2021-BQZBHK-W5_bin.68.purify_k127_1311588_5116-6704,2021-BQZBHK-W5_bin.68.purify_k127_1311588_7(Fam_7426 [★Target]) --> 2021-BQZBHK-W5_bin.68.purify_k127_1311588_8(Fam_7579 [★Target])
"(7426, 7579)",3,[7579],2021-SLCB-W3_bin.84.purify_k127_1087494,2021-SLCB-W3_bin.84.purify_k127_1087494_5116-6704,2021-SLCB-W3_bin.84.purify_k127_1087494_7(Fam_7426 [★Target]) --> 2021-SLCB-W3_bin.84.purify_k127_1087494_8(Fam_7579 [★Target])
"(10956, 12579)",3,[10956],2020_BGBMC-20W-1-0m-1_bin.44.purify_k141_646803,2020_BGBMC-20W-1-0m-1_bin.44.purify_k141_646803_12475-13384,2020_BGBMC-20W-1-0m-1_bin.44.purify_k141_646803_15(Fam_12579 [★Target]) --> 2020_BGBMC-20W-1-0m-1_bin.44.purify_k141_646803_16(Fam_10956 [★Target])
"(10956, 12579)",3,[10956],2020_BGBMC-20W-1-17m-1_bin.2.purify_k141_848852,2020_BGBMC-20W-1-17m-1_bin.2.purify_k141_848852_10619-11528,2020_BGBMC-20W-1-17m-1_bin.2.purify_k141_848852_12(Fam_10956 [★Target]) --> 2020_BGBMC-20W-1-17m-1_bin.2.purify_k141_848852_13(Fam_12579 [★Target])
"(10956, 12579)",3,[10956],2020_BGBMC-20W-2-1_bin.165.purify_k141_1804194,2020_BGBMC-20W-2-1_bin.165.purify_k141_1804194_12040-12949,2020_BGBMC-20W-2-1_bin.165.purify_k141_1804194_15(Fam_12579 [★Target]) --> 2020_BGBMC-20W-2-1_bin.165.purify_k141_1804194_16(Fam_10956 [★Target])
"(6551, 14082)",3,[6551],2020_YZYC-20W-1-0m-1_bin.78.purify_k141_763010,2020_YZYC-20W-1-0m-1_bin.78.purify_k141_763010_8856-10038,2020_YZYC-20W-1-0m-1_bin.78.purify_k141_763010_12(Fam_14082 [★Target]) --> 2020_YZYC-20W-1-0m-1_bin.78.purify_k141_763010_13(Fam_6551 [★Target])
"(6551, 14082)",3,[6551],2020_YZYC-20W-1-20m-1_bin.28.purify_k141_228534,2020_YZYC-20W-1-20m-1_bin.28.purify_k141_228534_3195-4377,2020_YZYC-20W-1-20m-1_bin.28.purify_k141_228534_6(Fam_14082 [★Target]) --> 2020_YZYC-20W-1-20m-1_bin.28.purify_k141_228534_7(Fam_6551 [★Target])
"(6551, 14082)",3,[6551],2020_YZYC-20W-1-5m-1_bin.168.purify_k141_44285,2020_YZYC-20W-1-5m-1_bin.168.purify_k141_44285_1970-3152,2020_YZYC-20W-1-5m-1_bin.168.purify_k141_44285_4(Fam_14082 [★Target]) --> 2020_YZYC-20W-1-5m-1_bin.168.purify_k141_44285_5(Fam_6551 [★Target])
"(1490, 4387)",3,[4387],2021-BQZBHK-W5_bin.66.purify_k127_42067,2021-BQZBHK-W5_bin.66.purify_k127_42067_11789-14834,2021-BQZBHK-W5_bin.66.purify_k127_42067_14(Fam_4387 [★Target]) --> 2021-BQZBHK-W5_bin.66.purify_k127_42067_15(Fam_1490 [★Target])
"(1490, 4387)",3,[4387],2021-QHH-W12_bin.38.purify_k141_156387,2021-QHH-W12_bin.38.purify_k141_156387_17913-20958,2021-QHH-W12_bin.38.purify_k141_156387_20(Fam_4387 [★Target]) --> 2021-QHH-W12_bin.38.purify_k141_156387_21(Fam_1490 [★Target])
"(1490, 4387)",3,[4387],2021-QHH-W3_bin.48.purify_k141_251677,2021-QHH-W3_bin.48.purify_k141_251677_17836-20881,2021-QHH-W3_bin.48.purify_k141_251677_20(Fam_4387 [★Target]) --> 2021-QHH-W3_bin.48.purify_k141_251677_21(Fam_1490 [★Target])
"(12841, 13656)",3,[13656],2020_YZYC-20W-1-5m-1_bin.188.purify_k141_447229,2020_YZYC-20W-1-5m-1_bin.188.purify_k141_447229_28754-29306,2020_YZYC-20W-1-5m-1_bin.188.purify_k141_447229_26(Fam_12841 [★Target]) --> 2020_YZYC-20W-1-5m-1_bin.188.purify_k141_447229_27(Fam_13656 [★Target])
"(12841, 13656)",3,[13656],2021-TLHSD-W3_bin.59.purify_k141_4015391,2021-TLHSD-W3_bin.59.purify_k141_4015391_137072-137633,2021-TLHSD-W3_bin.59.purify_k141_4015391_136(Fam_13656 [★Target]) --> 2021-TLHSD-W3_bin.59.purify_k141_4015391_137(Fam_12841 [★Target])
"(12841, 13656)",3,[13656],2021-TMRSD-W3_bin.59.purify_k141_4015391,2021-TMRSD-W3_bin.59.purify_k141_4015391_137072-137633,2021-TMRSD-W3_bin.59.purify_k141_4015391_136(Fam_13656 [★Target]) --> 2021-TMRSD-W3_bin.59.purify_k141_4015391_137(Fam_12841 [★Target])
"(603, 4433)",2,[4433],2020_JNYC-20W-1-0m-1_bin.3.purify_k141_661429,2020_JNYC-20W-1-0m-1_bin.3.purify_k141_661429_1456-5435,2020_JNYC-20W-1-0m-1_bin.3.purify_k141_661429_3(Fam_603 [★Target]) --> 2020_JNYC-20W-1-0m-1_bin.3.purify_k141_661429_4(Fam_4433 [★Target])
"(603, 4433)",2,[4433],2020_KMC-20W-1-10m-1_bin.14.purify_k141_718773,2020_KMC-20W-1-10m-1_bin.14.purify_k141_718773_42-4045,2020_KMC-20W-1-10m-1_bin.14.purify_k141_718773_1(Fam_603 [★Target]) --> 2020_KMC-20W-1-10m-1_bin.14.purify_k141_718773_2(Fam_4433 [★Target])
"(6185, 10012)",2,"[6185, 10012]",2020_CN-DB-w-1_bin.171.purify_k141_708364,2020_CN-DB-w-1_bin.171.purify_k141_708364_1877-2919,2020_CN-DB-w-1_bin.171.purify_k141_708364_3(Fam_10012 [★Target]) --> 2020_CN-DB-w-1_bin.171.purify_k141_708364_4(Fam_6185 [★Target])
"(6185, 10012)",2,"[6185, 10012]",2021-LU-W2_bin.86.purify_k127_2233920,2021-LU-W2_bin.86.purify_k127_2233920_40549-42083,2021-LU-W2_bin.86.purify_k127_2233920_34(Fam_10012 [★Target]) --> 2021-LU-W2_bin.86.purify_k127_2233920_35(Fam_6185 [★Target])
"(4759, 14311)",2,[14311],2020_JNYC-20W-1-0m-1_bin.117.purify_k141_973825,2020_JNYC-20W-1-0m-1_bin.117.purify_k141_973825_1245-2911,2020_JNYC-20W-1-0m-1_bin.117.purify_k141_973825_3(Fam_14311 [★Target]) --> 2020_JNYC-20W-1-0m-1_bin.117.purify_k141_973825_4(Fam_4759 [★Target])
"(4759, 14311)",2,[14311],2021-BQZBHK-W2_bin.26.purify_k127_6218,2021-BQZBHK-W2_bin.26.purify_k127_6218_1633-3307,2021-BQZBHK-W2_bin.26.purify_k127_6218_4(Fam_14311 [★Target]) --> 2021-BQZBHK-W2_bin.26.purify_k127_6218_5(Fam_4759 [★Target])
"(4528, 12479)",2,[4528],2020_JNYC-20W-2-1_bin.163.purify_k141_664547,2020_JNYC-20W-2-1_bin.163.purify_k141_664547_1010-2660,2020_JNYC-20W-2-1_bin.163.purify_k141_664547_3(Fam_4528 [★Target]) --> 2020_JNYC-20W-2-1_bin.163.purify_k141_664547_4(Fam_12479 [★Target])
"(4528, 12479)",2,[4528],2020_YZYC-20W-1-25m-1_bin.11.purify_k141_471002,2020_YZYC-20W-1-25m-1_bin.11.purify_k141_471002_1-1816,2020_YZYC-20W-1-25m-1_bin.11.purify_k141_471002_1(Fam_12479 [★Target]) --> 2020_YZYC-20W-1-25m-1_bin.11.purify_k141_471002_2(Fam_4528 [★Target])
"(3047, 9494)",2,[3047],2020_JNYC-20W-1-0m-1_bin.186.purify_k141_1418293,2020_JNYC-20W-1-0m-1_bin.186.purify_k141_1418293_5810-7816,2020_JNYC-20W-1-0m-1_bin.186.purify_k141_1418293_6(Fam_9494 [★Target]) --> 2020_JNYC-20W-1-0m-1_bin.186.purify_k141_1418293_7(Fam_3047 [★Target])
"(3047, 9494)",2,[3047],2020_JNYC-20W-2-1_bin.53.purify_k141_803661,2020_JNYC-20W-2-1_bin.53.purify_k141_803661_5820-7826,2020_JNYC-20W-2-1_bin.53.purify_k141_803661_6(Fam_9494 [★Target]) --> 2020_JNYC-20W-2-1_bin.53.purify_k141_803661_7(Fam_3047 [★Target])
"(2288, 11633)",2,[11633],2020_CN-DB-w-2_bin.114.purify_k141_1111361,2020_CN-DB-w-2_bin.114.purify_k141_1111361_9762-11972,2020_CN-DB-w-2_bin.114.purify_k141_1111361_11(Fam_11633 [★Target]) --> 2020_CN-DB-w-2_bin.114.purify_k141_1111361_12(Fam_2288 [★Target])
"(2288, 11633)",2,[11633],2020_TMRSD3-W1_bin.68.purify_k141_143199,2020_TMRSD3-W1_bin.68.purify_k141_143199_7435-9645,2020_TMRSD3-W1_bin.68.purify_k141_143199_6(Fam_2288 [★Target]) --> 2020_TMRSD3-W1_bin.68.purify_k141_143199_7(Fam_11633 [★Target])
"(5354, 10411)",2,[5354],2020_CN-D-w-2_bin.54.purify_k141_243103,2020_CN-D-w-2_bin.54.purify_k141_243103_3-1646,2020_CN-D-w-2_bin.54.purify_k141_243103_1(Fam_5354 [★Target]) --> 2020_CN-D-w-2_bin.54.purify_k141_243103_2(Fam_10411 [★Target])
"(5354, 10411)",2,[5354],2021-CNXB-W1_bin.103.purify_k127_74875,2021-CNXB-W1_bin.103.purify_k127_74875_3-1646,2021-CNXB-W1_bin.103.purify_k127_74875_1(Fam_5354 [★Target]) --> 2021-CNXB-W1_bin.103.purify_k127_74875_2(Fam_10411 [★Target])
"(954, 6513)",2,[6513],2020_JNYC-20W-1-80m-1_bin.45.purify_k141_801772,2020_JNYC-20W-1-80m-1_bin.45.purify_k141_801772_25455-27349,2020_JNYC-20W-1-80m-1_bin.45.purify_k141_801772_15(Fam_6513 [★Target]) --> 2020_JNYC-20W-1-80m-1_bin.45.purify_k141_801772_16(Fam_954 [★Target])
"(954, 6513)",2,[6513],2020_JNYC-20W-2-1_bin.10.purify_k141_560023,2020_JNYC-20W-2-1_bin.10.purify_k141_560023_25531-27425,2020_JNYC-20W-2-1_bin.10.purify_k141_560023_16(Fam_6513 [★Target]) --> 2020_JNYC-20W-2-1_bin.10.purify_k141_560023_17(Fam_954 [★Target])
"(5173, 8850)",2,[5173],2020_CN-DB-w-2_bin.182.purify_k141_627219,2020_CN-DB-w-2_bin.182.purify_k141_627219_3-1722,2020_CN-DB-w-2_bin.182.purify_k141_627219_1(Fam_5173 [★Target]) --> 2020_CN-DB-w-2_bin.182.purify_k141_627219_2(Fam_8850 [★Target])
"(5173, 8850)",2,[5173],2021-SLHSD-W3_bin.27.purify_k141_661399,2021-SLHSD-W3_bin.27.purify_k141_661399_5589-7335,2021-SLHSD-W3_bin.27.purify_k141_661399_10(Fam_8850 [★Target]) --> 2021-SLHSD-W3_bin.27.purify_k141_661399_11(Fam_5173 [★Target])
"(5, 7385)",2,"[5, 7385]",2020_CE-N-W-1_bin.144.purify_k141_924600,2020_CE-N-W-1_bin.144.purify_k141_924600_11739-19237,2020_CE-N-W-1_bin.144.purify_k141_924600_15(Fam_5 [★Target]) --> 2020_CE-N-W-1_bin.144.purify_k141_924600_16(Fam_7385 [★Target])
"(5, 7385)",2,"[5, 7385]",2020_CE-N-W-2_bin.108.purify_k141_211330,2020_CE-N-W-2_bin.108.purify_k141_211330_11739-19237,2020_CE-N-W-2_bin.108.purify_k141_211330_15(Fam_5 [★Target]) --> 2020_CE-N-W-2_bin.108.purify_k141_211330_16(Fam_7385 [★Target])
"(6740, 9026)",2,[6740],2020_CN-N-W-2-0m_bin.12.purify_k141_121634,2020_CN-N-W-2-0m_bin.12.purify_k141_121634_1594-3132,2020_CN-N-W-2-0m_bin.12.purify_k141_121634_4(Fam_9026 [★Target]) --> 2020_CN-N-W-2-0m_bin.12.purify_k141_121634_5(Fam_6740 [★Target])
"(6740, 9026)",2,[6740],2021-SD-W72_bin.71.purify_k127_3855520,2021-SD-W72_bin.71.purify_k127_3855520_1-1335,2021-SD-W72_bin.71.purify_k127_3855520_1(Fam_6740 [★Target]) --> 2021-SD-W72_bin.71.purify_k127_3855520_2(Fam_9026 [★Target])
"(548, 8521, 11769, 11879)",2,[11769],2020_CN-N-W-2-0m_bin.148.purify_k141_1034139,2020_CN-N-W-2-0m_bin.148.purify_k141_1034139_3-3252,2020_CN-N-W-2-0m_bin.148.purify_k141_1034139_1(Fam_548 [★Target]) --> 2020_CN-N-W-2-0m_bin.148.purify_k141_1034139_2(Fam_11769 [★Target]) --> 2020_CN-N-W-2-0m_bin.148.purify_k141_1034139_4(Fam_11879 [★Target]) --> 2020_CN-N-W-2-0m_bin.148.purify_k141_1034139_6(Fam_8521 [★Target])
"(548, 8521, 11769, 11879)",2,[11769],2021-CNB-W1_bin.103.purify_k127_1940004,2021-CNB-W1_bin.103.purify_k127_1940004_2-4700,2021-CNB-W1_bin.103.purify_k127_1940004_1(Fam_548 [★Target]) --> 2021-CNB-W1_bin.103.purify_k127_1940004_2(Fam_11769 [★Target]) --> 2021-CNB-W1_bin.103.purify_k127_1940004_4(Fam_11879 [★Target]) --> 2021-CNB-W1_bin.103.purify_k127_1940004_6(Fam_8521 [★Target])
"(57, 315, 1607, 2679, 7892)",2,[2679],2020_CN-DB-w-1_bin.71.purify_k141_603781,2020_CN-DB-w-1_bin.71.purify_k141_603781_45979-58430,2020_CN-DB-w-1_bin.71.purify_k141_603781_41(Fam_57 [★Target]) --> 2020_CN-DB-w-1_bin.71.purify_k141_603781_42(Fam_1607 [★Target]) --> 2020_CN-DB-w-1_bin.71.purify_k141_603781_43(Fam_7892 [★Target]) --> 2020_CN-DB-w-1_bin.71.purify_k141_603781_44(Fam_2679 [★Target]) --> 2020_CN-DB-w-1_bin.71.purify_k141_603781_45(Fam_315 [★Target])
"(57, 315, 1607, 2679, 7892)",2,[2679],CE-B-W-2_bin.109.purify_k141_709636,CE-B-W-2_bin.109.purify_k141_709636_17749-30200,CE-B-W-2_bin.109.purify_k141_709636_18(Fam_315 [★Target]) --> CE-B-W-2_bin.109.purify_k141_709636_19(Fam_2679 [★Target]) --> CE-B-W-2_bin.109.purify_k141_709636_20(Fam_7892 [★Target]) --> CE-B-W-2_bin.109.purify_k141_709636_21(Fam_1607 [★Target]) --> CE-B-W-2_bin.109.purify_k141_709636_22(Fam_57 [★Target])
"(4232, 8037)",2,"[4232, 8037]",2020_CN-N-W-2-0m_bin.46.purify_k141_171345,2020_CN-N-W-2-0m_bin.46.purify_k141_171345_4513-6446,2020_CN-N-W-2-0m_bin.46.purify_k141_171345_6(Fam_8037 [★Target]) --> 2020_CN-N-W-2-0m_bin.46.purify_k141_171345_7(Fam_4232 [★Target])
"(4232, 8037)",2,"[4232, 8037]",2020_CN-N-W-3_bin.33.purify_k141_60478,2020_CN-N-W-3_bin.33.purify_k141_60478_714-2647,2020_CN-N-W-3_bin.33.purify_k141_60478_2(Fam_4232 [★Target]) --> 2020_CN-N-W-3_bin.33.purify_k141_60478_3(Fam_8037 [★Target])
"(13168, 13859)",2,[13168],2020_JNYC-20W-1-0m-1_bin.17.purify_k141_92219,2020_JNYC-20W-1-0m-1_bin.17.purify_k141_92219_2679-3285,2020_JNYC-20W-1-0m-1_bin.17.purify_k141_92219_4(Fam_13859 [★Target]) --> 2020_JNYC-20W-1-0m-1_bin.17.purify_k141_92219_5(Fam_13168 [★Target])
"(13168, 13859)",2,[13168],2020_JNYC-20W-2-1_bin.160.purify_k141_587519,2020_JNYC-20W-2-1_bin.160.purify_k141_587519_2277-2883,2020_JNYC-20W-2-1_bin.160.purify_k141_587519_4(Fam_13859 [★Target]) --> 2020_JNYC-20W-2-1_bin.160.purify_k141_587519_5(Fam_13168 [★Target])
"(3514, 4965)",2,[4965],2020_CESD-W-2_bin.55.purify_k141_178909,2020_CESD-W-2_bin.55.purify_k141_178909_180451-182798,2020_CESD-W-2_bin.55.purify_k141_178909_158(Fam_3514 [★Target]) --> 2020_CESD-W-2_bin.55.purify_k141_178909_159(Fam_4965 [★Target])
"(3514, 4965)",2,[4965],2021-SLCB-W4_bin.8.purify_k127_67768,2021-SLCB-W4_bin.8.purify_k127_67768_233-2576,2021-SLCB-W4_bin.8.purify_k127_67768_2(Fam_4965 [★Target]) --> 2021-SLCB-W4_bin.8.purify_k127_67768_3(Fam_3514 [★Target])
"(3617, 7162)",2,[7162],2020_JNYC-20W-1-20m-1_bin.181.purify_k141_693141,2020_JNYC-20W-1-20m-1_bin.181.purify_k141_693141_6421-8504,2020_JNYC-20W-1-20m-1_bin.181.purify_k141_693141_10(Fam_3617 [★Target]) --> 2020_JNYC-20W-1-20m-1_bin.181.purify_k141_693141_11(Fam_7162 [★Target])
"(3617, 7162)",2,[7162],2020_JNYC-20W-2-1_bin.113.purify_k141_752970,2020_JNYC-20W-2-1_bin.113.purify_k141_752970_3110-5193,2020_JNYC-20W-2-1_bin.113.purify_k141_752970_5(Fam_3617 [★Target]) --> 2020_JNYC-20W-2-1_bin.113.purify_k141_752970_6(Fam_7162 [★Target])
"(5342, 7822)",2,[7822],2020_CE-X-W-1_bin.34.purify_k141_993591,2020_CE-X-W-1_bin.34.purify_k141_993591_308-1774,2020_CE-X-W-1_bin.34.purify_k141_993591_1(Fam_5342 [★Target]) --> 2020_CE-X-W-1_bin.34.purify_k141_993591_2(Fam_7822 [★Target])
"(5342, 7822)",2,[7822],2021-BQZBHK-W6_bin.75.purify_k127_6291,2021-BQZBHK-W6_bin.75.purify_k127_6291_2736-4202,2021-BQZBHK-W6_bin.75.purify_k127_6291_7(Fam_7822 [★Target]) --> 2021-BQZBHK-W6_bin.75.purify_k127_6291_8(Fam_5342 [★Target])
"(1270, 2199)",2,[1270],2020_CN-N-W-3_bin.165.purify_k141_1106485,2020_CN-N-W-3_bin.165.purify_k141_1106485_8176-11629,2020_CN-N-W-3_bin.165.purify_k141_1106485_8(Fam_1270 [★Target]) --> 2020_CN-N-W-3_bin.165.purify_k141_1106485_10(Fam_2199 [★Target])
"(1270, 2199)",2,[1270],2020_NMC-W-8-20m-1_bin.46.purify_k141_79924,2020_NMC-W-8-20m-1_bin.46.purify_k141_79924_6397-9850,2020_NMC-W-8-20m-1_bin.46.purify_k141_79924_7(Fam_1270 [★Target]) --> 2020_NMC-W-8-20m-1_bin.46.purify_k141_79924_9(Fam_2199 [★Target])
"(1270, 2199)",2,[1270],2020_NMC-W-8-35m-1_bin.77.purify_k141_431977,2020_NMC-W-8-35m-1_bin.77.purify_k141_431977_7555-11008,2020_NMC-W-8-35m-1_bin.77.purify_k141_431977_6(Fam_2199 [★Target]) --> 2020_NMC-W-8-35m-1_bin.77.purify_k141_431977_7(Fam_14231) --> 2020_NMC-W-8-35m-1_bin.77.purify_k141_431977_8(Fam_1270 [★Target])
"(2711, 10340)",2,[10340],2020_CE-X-W-2_bin.109.purify_k141_118693,2020_CE-X-W-2_bin.109.purify_k141_118693_1-2090,2020_CE-X-W-2_bin.109.purify_k141_118693_1(Fam_2711 [★Target]) --> 2020_CE-X-W-2_bin.109.purify_k141_118693_2(Fam_10340 [★Target])
"(2711, 10340)",2,[10340],2021-CE-W1_bin.42.purify_k127_227329,2021-CE-W1_bin.42.purify_k127_227329_28-2215,2021-CE-W1_bin.42.purify_k127_227329_1(Fam_10340 [★Target]) --> 2021-CE-W1_bin.42.purify_k127_227329_2(Fam_2711 [★Target])
"(6007, 8484)",2,[8484],2020_CESD-W-2_bin.33.purify_k141_1177665,2020_CESD-W-2_bin.33.purify_k141_1177665_773-2406,2020_CESD-W-2_bin.33.purify_k141_1177665_2(Fam_6007 [★Target]) --> 2020_CESD-W-2_bin.33.purify_k141_1177665_3(Fam_8484 [★Target])
"(6007, 8484)",2,[8484],H1-2_bin.54.purify_k141_40733_length_1821_cov_5.6905,H1-2_bin.54.purify_k141_40733_length_1821_cov_5.6905_453-1819,H1-2_bin.54.purify_k141_40733_length_1821_cov_5.6905_2(Fam_6007 [★Target]) --> H1-2_bin.54.purify_k141_40733_length_1821_cov_5.6905_3(Fam_8484 [★Target])
"(2075, 6102)",2,[6102],2020_CE-X-W-2_bin.148.purify_k141_810900,2020_CE-X-W-2_bin.148.purify_k141_810900_1-1442,2020_CE-X-W-2_bin.148.purify_k141_810900_1(Fam_2075 [★Target]) --> 2020_CE-X-W-2_bin.148.purify_k141_810900_2(Fam_6102 [★Target])
"(2075, 6102)",2,[6102],2020_NRPC-20W-1-10m-1_bin.94.purify_k141_494312,2020_NRPC-20W-1-10m-1_bin.94.purify_k141_494312_10081-12464,2020_NRPC-20W-1-10m-1_bin.94.purify_k141_494312_11(Fam_6102 [★Target]) --> 2020_NRPC-20W-1-10m-1_bin.94.purify_k141_494312_12(Fam_2075 [★Target])
"(9415, 12499)",2,[12499],2020_CE-N-W-2_bin.87.purify_k141_702532,2020_CE-N-W-2_bin.87.purify_k141_702532_2471-3538,2020_CE-N-W-2_bin.87.purify_k141_702532_4(Fam_9415 [★Target]) --> 2020_CE-N-W-2_bin.87.purify_k141_702532_5(Fam_12499 [★Target])
"(9415, 12499)",2,[12499],2020_GMZ13-W1_bin.43.purify_k141_537499,2020_GMZ13-W1_bin.43.purify_k141_537499_2547-3464,2020_GMZ13-W1_bin.43.purify_k141_537499_4(Fam_9415 [★Target]) --> 2020_GMZ13-W1_bin.43.purify_k141_537499_5(Fam_12499 [★Target])
"(4252, 10418)",2,[10418],2020_JNYC-20W-1-40m-1_bin.41.purify_k141_1469962,2020_JNYC-20W-1-40m-1_bin.41.purify_k141_1469962_3-937,2020_JNYC-20W-1-40m-1_bin.41.purify_k141_1469962_1(Fam_4252 [★Target]) --> 2020_JNYC-20W-1-40m-1_bin.41.purify_k141_1469962_2(Fam_10418 [★Target])
"(4252, 10418)",2,[10418],2020_JNYC-20W-1-80m-1_bin.156.purify_k141_1571083,2020_JNYC-20W-1-80m-1_bin.156.purify_k141_1571083_148-1880,2020_JNYC-20W-1-80m-1_bin.156.purify_k141_1571083_2(Fam_4252 [★Target]) --> 2020_JNYC-20W-1-80m-1_bin.156.purify_k141_1571083_3(Fam_10418 [★Target])
"(3656, 8880)",2,[8880],2020_CESD-W-2_bin.147.purify_k141_829051,2020_CESD-W-2_bin.147.purify_k141_829051_2836-4691,2020_CESD-W-2_bin.147.purify_k141_829051_3(Fam_8880 [★Target]) --> 2020_CESD-W-2_bin.147.purify_k141_829051_4(Fam_3656 [★Target])
"(3656, 8880)",2,[8880],2021-ZJZBSD-W53_bin.7.purify_k127_71716,2021-ZJZBSD-W53_bin.7.purify_k127_71716_4913-6759,2021-ZJZBSD-W53_bin.7.purify_k127_71716_6(Fam_3656 [★Target]) --> 2021-ZJZBSD-W53_bin.7.purify_k127_71716_7(Fam_8880 [★Target])
"(12740, 12741)",2,[12740],2020_JNYC-20W-1-20m-1_bin.6.purify_k141_695189,2020_JNYC-20W-1-20m-1_bin.6.purify_k141_695189_6689-7413,2020_JNYC-20W-1-20m-1_bin.6.purify_k141_695189_10(Fam_12740 [★Target]) --> 2020_JNYC-20W-1-20m-1_bin.6.purify_k141_695189_11(Fam_12741 [★Target])
"(12740, 12741)",2,[12740],2020_KMC-20W-1-23m-1_bin.240.purify_k141_3176819,2020_KMC-20W-1-23m-1_bin.240.purify_k141_3176819_6092-6816,2020_KMC-20W-1-23m-1_bin.240.purify_k141_3176819_9(Fam_12740 [★Target]) --> 2020_KMC-20W-1-23m-1_bin.240.purify_k141_3176819_10(Fam_12741 [★Target])
"(442, 4135)",2,[442],2020_JNYC-20W-1-20m-1_bin.98.purify_k141_1079356,2020_JNYC-20W-1-20m-1_bin.98.purify_k141_1079356_8794-11910,2020_JNYC-20W-1-20m-1_bin.98.purify_k141_1079356_10(Fam_4135 [★Target]) --> 2020_JNYC-20W-1-20m-1_bin.98.purify_k141_1079356_11(Fam_442 [★Target])
"(442, 4135)",2,[442],2020_JNYC-20W-1-80m-1_bin.127.purify_k141_157634,2020_JNYC-20W-1-80m-1_bin.127.purify_k141_157634_2-3136,2020_JNYC-20W-1-80m-1_bin.127.purify_k141_157634_1(Fam_442 [★Target]) --> 2020_JNYC-20W-1-80m-1_bin.127.purify_k141_157634_2(Fam_4135 [★Target])
"(504, 7196)",2,[504],2020_CESD-W-2_bin.12.purify_k141_398718,2020_CESD-W-2_bin.12.purify_k141_398718_18192-22015,2020_CESD-W-2_bin.12.purify_k141_398718_17(Fam_7196 [★Target]) --> 2020_CESD-W-2_bin.12.purify_k141_398718_18(Fam_504 [★Target])
"(504, 7196)",2,[504],2020_LU-w2_bin.92.purify_k141_1763734,2020_LU-w2_bin.92.purify_k141_1763734_48766-52538,2020_LU-w2_bin.92.purify_k141_1763734_42(Fam_504 [★Target]) --> 2020_LU-w2_bin.92.purify_k141_1763734_43(Fam_7196 [★Target])
"(309, 5754)",2,[5754],2020_JNYC-20W-1-40m-1_bin.101.purify_k141_1447901,2020_JNYC-20W-1-40m-1_bin.101.purify_k141_1447901_10212-14553,2020_JNYC-20W-1-40m-1_bin.101.purify_k141_1447901_9(Fam_5754 [★Target]) --> 2020_JNYC-20W-1-40m-1_bin.101.purify_k141_1447901_10(Fam_309 [★Target])
"(309, 5754)",2,[5754],2020_JNYC-20W-1-80m-1_bin.145.purify_k141_749983,2020_JNYC-20W-1-80m-1_bin.145.purify_k141_749983_12520-16861,2020_JNYC-20W-1-80m-1_bin.145.purify_k141_749983_16(Fam_5754 [★Target]) --> 2020_JNYC-20W-1-80m-1_bin.145.purify_k141_749983_17(Fam_309 [★Target])
"(8310, 9449, 12698)",2,[12698],2020_CESD-W-2_bin.115.purify_k141_1342796,2020_CESD-W-2_bin.115.purify_k141_1342796_1058-2795,2020_CESD-W-2_bin.115.purify_k141_1342796_2(Fam_8310 [★Target]) --> 2020_CESD-W-2_bin.115.purify_k141_1342796_3(Fam_9449 [★Target]) --> 2020_CESD-W-2_bin.115.purify_k141_1342796_4(Fam_12698 [★Target])
"(8310, 9449, 12698)",2,[12698],2020_CRC-20W-2-1_bin.214.purify_k141_648515,2020_CRC-20W-2-1_bin.214.purify_k141_648515_69-1858,2020_CRC-20W-2-1_bin.214.purify_k141_648515_1(Fam_8310 [★Target]) --> 2020_CRC-20W-2-1_bin.214.purify_k141_648515_2(Fam_9449 [★Target]) --> 2020_CRC-20W-2-1_bin.214.purify_k141_648515_3(Fam_12698 [★Target])
"(8852, 9700)",2,[9700],2020_JNYC-20W-1-40m-1_bin.133.purify_k141_96460,2020_JNYC-20W-1-40m-1_bin.133.purify_k141_96460_27008-28206,2020_JNYC-20W-1-40m-1_bin.133.purify_k141_96460_27(Fam_8852 [★Target]) --> 2020_JNYC-20W-1-40m-1_bin.133.purify_k141_96460_28(Fam_9700 [★Target])
"(8852, 9700)",2,[9700],2021-ZJZBSD-W52_bin.170.purify_k127_130208,2021-ZJZBSD-W52_bin.170.purify_k127_130208_3552-4759,2021-ZJZBSD-W52_bin.170.purify_k127_130208_5(Fam_8852 [★Target]) --> 2021-ZJZBSD-W52_bin.170.purify_k127_130208_6(Fam_9700 [★Target])
"(5363, 12703)",2,[5363],2020_JNYC-20W-1-40m-1_bin.137.purify_k141_936831,2020_JNYC-20W-1-40m-1_bin.137.purify_k141_936831_3-1356,2020_JNYC-20W-1-40m-1_bin.137.purify_k141_936831_1(Fam_5363 [★Target]) --> 2020_JNYC-20W-1-40m-1_bin.137.purify_k141_936831_2(Fam_12703 [★Target])
"(5363, 12703)",2,[5363],2020_YZYC-20W-1-20m-1_bin.57.purify_k141_187198,2020_YZYC-20W-1-20m-1_bin.57.purify_k141_187198_2217-3365,2020_YZYC-20W-1-20m-1_bin.57.purify_k141_187198_2(Fam_12703 [★Target]) --> 2020_YZYC-20W-1-20m-1_bin.57.purify_k141_187198_3(Fam_5363 [★Target])
"(11246, 14123)",2,[11246],2020_CE-X-W-2_bin.40.purify_k141_815389,2020_CE-X-W-2_bin.40.purify_k141_815389_6286-7079,2020_CE-X-W-2_bin.40.purify_k141_815389_9(Fam_11246 [★Target]) --> 2020_CE-X-W-2_bin.40.purify_k141_815389_10(Fam_14123 [★Target])
"(11246, 14123)",2,[11246],2021-CE-W1_bin.15.purify_k127_136716,2021-CE-W1_bin.15.purify_k127_136716_1-809,2021-CE-W1_bin.15.purify_k127_136716_1(Fam_14123 [★Target]) --> 2021-CE-W1_bin.15.purify_k127_136716_2(Fam_11246 [★Target])
"(3639, 12265)",2,[3639],2020_JNYC-20W-1-20m-1_bin.4.purify_k141_1118896,2020_JNYC-20W-1-20m-1_bin.4.purify_k141_1118896_1-1340,2020_JNYC-20W-1-20m-1_bin.4.purify_k141_1118896_1(Fam_3639 [★Target]) --> 2020_JNYC-20W-1-20m-1_bin.4.purify_k141_1118896_2(Fam_12265 [★Target])
"(3639, 12265)",2,[3639],2021-CNB-W1_bin.4.purify_k127_94522,2021-CNB-W1_bin.4.purify_k127_94522_9889-11537,2021-CNB-W1_bin.4.purify_k127_94522_10(Fam_3639 [★Target]) --> 2021-CNB-W1_bin.4.purify_k127_94522_11(Fam_12265 [★Target])
"(187, 358, 7445, 9944, 11095)",2,[11095],2020_CN-D-w-1_bin.96.purify_k141_832008,2020_CN-D-w-1_bin.96.purify_k141_832008_22588-30153,2020_CN-D-w-1_bin.96.purify_k141_832008_23(Fam_11095 [★Target]) --> 2020_CN-D-w-1_bin.96.purify_k141_832008_24(Fam_7445 [★Target]) --> 2020_CN-D-w-1_bin.96.purify_k141_832008_25(Fam_9944 [★Target]) --> 2020_CN-D-w-1_bin.96.purify_k141_832008_26(Fam_187 [★Target]) --> 2020_CN-D-w-1_bin.96.purify_k141_832008_27(Fam_358 [★Target])
"(187, 358, 7445, 9944, 11095)",2,[11095],2020_CN-N-W-1_bin.101.purify_k141_689724,2020_CN-N-W-1_bin.101.purify_k141_689724_5300-12865,2020_CN-N-W-1_bin.101.purify_k141_689724_8(Fam_11095 [★Target]) --> 2020_CN-N-W-1_bin.101.purify_k141_689724_9(Fam_7445 [★Target]) --> 2020_CN-N-W-1_bin.101.purify_k141_689724_10(Fam_9944 [★Target]) --> 2020_CN-N-W-1_bin.101.purify_k141_689724_11(Fam_187 [★Target]) --> 2020_CN-N-W-1_bin.101.purify_k141_689724_12(Fam_358 [★Target])
"(340, 6223)",2,[6223],2020_JNYC-20W-1-0m-1_bin.43.purify_k141_928839,2020_JNYC-20W-1-0m-1_bin.43.purify_k141_928839_440-5970,2020_JNYC-20W-1-0m-1_bin.43.purify_k141_928839_2(Fam_340 [★Target]) --> 2020_JNYC-20W-1-0m-1_bin.43.purify_k141_928839_6(Fam_6223 [★Target])
"(340, 6223)",2,[6223],2020_JNYC-20W-1-60m-1_bin.91.purify_k141_1490300,2020_JNYC-20W-1-60m-1_bin.91.purify_k141_1490300_303-5833,2020_JNYC-20W-1-60m-1_bin.91.purify_k141_1490300_2(Fam_6223 [★Target]) --> 2020_JNYC-20W-1-60m-1_bin.91.purify_k141_1490300_6(Fam_340 [★Target])
"(4969, 7504)",2,[4969],2020_JNYC-20W-1-0m-1_bin.53.purify_k141_205392,2020_JNYC-20W-1-0m-1_bin.53.purify_k141_205392_8983-11111,2020_JNYC-20W-1-0m-1_bin.53.purify_k141_205392_10(Fam_7504 [★Target]) --> 2020_JNYC-20W-1-0m-1_bin.53.purify_k141_205392_11(Fam_4969 [★Target])
"(4969, 7504)",2,[4969],2020_JNYC-20W-1-100m-1_bin.42.purify_k141_73645,2020_JNYC-20W-1-100m-1_bin.42.purify_k141_73645_9199-11316,2020_JNYC-20W-1-100m-1_bin.42.purify_k141_73645_10(Fam_7504 [★Target]) --> 2020_JNYC-20W-1-100m-1_bin.42.purify_k141_73645_11(Fam_4969 [★Target])
"(2109, 4207)",2,[4207],2020_CN-D-w-1_bin.5.purify_k141_565024,2020_CN-D-w-1_bin.5.purify_k141_565024_30742-33395,2020_CN-D-w-1_bin.5.purify_k141_565024_20(Fam_2109 [★Target]) --> 2020_CN-D-w-1_bin.5.purify_k141_565024_21(Fam_4207 [★Target])
"(2109, 4207)",2,[4207],2021-BQZBHK-W7_bin.164.purify_k127_309569,2021-BQZBHK-W7_bin.164.purify_k127_309569_9327-12019,2021-BQZBHK-W7_bin.164.purify_k127_309569_6(Fam_2109 [★Target]) --> 2021-BQZBHK-W7_bin.164.purify_k127_309569_7(Fam_4207 [★Target])
"(5204, 13033)",2,[13033],2020_CE-N-W-2_bin.34.purify_k141_146934,2020_CE-N-W-2_bin.34.purify_k141_146934_5971-8717,2020_CE-N-W-2_bin.34.purify_k141_146934_8(Fam_5204 [★Target]) --> 2020_CE-N-W-2_bin.34.purify_k141_146934_10(Fam_13033 [★Target])
"(5204, 13033)",2,[13033],CE-B-W-2_bin.154.purify_k141_865828,CE-B-W-2_bin.154.purify_k141_865828_5971-8717,CE-B-W-2_bin.154.purify_k141_865828_8(Fam_5204 [★Target]) --> CE-B-W-2_bin.154.purify_k141_865828_10(Fam_13033 [★Target])
"(6338, 10454)",2,[10454],2020_JNYC-20W-1-100m-1_bin.69.purify_k141_136818,2020_JNYC-20W-1-100m-1_bin.69.purify_k141_136818_7790-9270,2020_JNYC-20W-1-100m-1_bin.69.purify_k141_136818_6(Fam_6338 [★Target]) --> 2020_JNYC-20W-1-100m-1_bin.69.purify_k141_136818_7(Fam_10454 [★Target])
"(6338, 10454)",2,[10454],2020_JNYC-20W-1-80m-1_bin.141.purify_k141_1599231,2020_JNYC-20W-1-80m-1_bin.141.purify_k141_1599231_7856-9336,2020_JNYC-20W-1-80m-1_bin.141.purify_k141_1599231_6(Fam_6338 [★Target]) --> 2020_JNYC-20W-1-80m-1_bin.141.purify_k141_1599231_7(Fam_10454 [★Target])
"(10737, 10919)",2,[10737],2020_CN-B-W-1_bin.219.purify_k141_2096627,2020_CN-B-W-1_bin.219.purify_k141_2096627_1393-2647,2020_CN-B-W-1_bin.219.purify_k141_2096627_4(Fam_10919 [★Target]) --> 2020_CN-B-W-1_bin.219.purify_k141_2096627_5(Fam_10737 [★Target])
"(10737, 10919)",2,[10737],2020_JNYC-20W-1-20m-1_bin.37.purify_k141_140320,2020_JNYC-20W-1-20m-1_bin.37.purify_k141_140320_1821-3034,2020_JNYC-20W-1-20m-1_bin.37.purify_k141_140320_4(Fam_10919 [★Target]) --> 2020_JNYC-20W-1-20m-1_bin.37.purify_k141_140320_5(Fam_10737 [★Target])
"(4450, 12651)",2,[12651],2020_CN-B-W-1_bin.124.purify_k141_639178,2020_CN-B-W-1_bin.124.purify_k141_639178_1-1489,2020_CN-B-W-1_bin.124.purify_k141_639178_1(Fam_12651 [★Target]) --> 2020_CN-B-W-1_bin.124.purify_k141_639178_2(Fam_4450 [★Target])
"(4450, 12651)",2,[12651],2020_NMC-W-8-5m-2_bin.41.purify_k141_806737,2020_NMC-W-8-5m-2_bin.41.purify_k141_806737_1-1489,2020_NMC-W-8-5m-2_bin.41.purify_k141_806737_1(Fam_12651 [★Target]) --> 2020_NMC-W-8-5m-2_bin.41.purify_k141_806737_2(Fam_4450 [★Target])
"(3420, 5258)",2,[3420],2020_CESD-W-3_bin.97.purify_k141_977486,2020_CESD-W-3_bin.97.purify_k141_977486_6333-8678,2020_CESD-W-3_bin.97.purify_k141_977486_7(Fam_5258 [★Target]) --> 2020_CESD-W-3_bin.97.purify_k141_977486_8(Fam_3420 [★Target])
"(3420, 5258)",2,[3420],2020_JNYC-20W-1-40m-1_bin.152.purify_k141_719229,2020_JNYC-20W-1-40m-1_bin.152.purify_k141_719229_1561-3912,2020_JNYC-20W-1-40m-1_bin.152.purify_k141_719229_4(Fam_3420 [★Target]) --> 2020_JNYC-20W-1-40m-1_bin.152.purify_k141_719229_5(Fam_5258 [★Target])
"(8824, 10244)",2,[10244],2020_CESD-W-3_bin.84.purify_k141_1997378,2020_CESD-W-3_bin.84.purify_k141_1997378_4419-5625,2020_CESD-W-3_bin.84.purify_k141_1997378_4(Fam_8824 [★Target]) --> 2020_CESD-W-3_bin.84.purify_k141_1997378_5(Fam_10244 [★Target])
"(8824, 10244)",2,[10244],2020_YZYC-20W-1-20m-1_bin.66.purify_k141_435312,2020_YZYC-20W-1-20m-1_bin.66.purify_k141_435312_7939-9202,2020_YZYC-20W-1-20m-1_bin.66.purify_k141_435312_9(Fam_10244 [★Target]) --> 2020_YZYC-20W-1-20m-1_bin.66.purify_k141_435312_10(Fam_8824 [★Target])
"(663, 7356, 10928)",2,"[7356, 10928]",2020_JNYC-20W-1-100m-1_bin.155.purify_k141_303866,2020_JNYC-20W-1-100m-1_bin.155.purify_k141_303866_4904-9598,2020_JNYC-20W-1-100m-1_bin.155.purify_k141_303866_9(Fam_663 [★Target]) --> 2020_JNYC-20W-1-100m-1_bin.155.purify_k141_303866_11(Fam_10928 [★Target]) --> 2020_JNYC-20W-1-100m-1_bin.155.purify_k141_303866_12(Fam_7356 [★Target])
"(663, 7356, 10928)",2,"[7356, 10928]",2020_JNYC-20W-1-80m-1_bin.77.purify_k141_1317657,2020_JNYC-20W-1-80m-1_bin.77.purify_k141_1317657_31981-36675,2020_JNYC-20W-1-80m-1_bin.77.purify_k141_1317657_31(Fam_663 [★Target]) --> 2020_JNYC-20W-1-80m-1_bin.77.purify_k141_1317657_33(Fam_10928 [★Target]) --> 2020_JNYC-20W-1-80m-1_bin.77.purify_k141_1317657_34(Fam_7356 [★Target])
"(118, 12473)",2,"[118, 12473]",2020_JNYC-20W-1-60m-1_bin.24.purify_k141_799257,2020_JNYC-20W-1-60m-1_bin.24.purify_k141_799257_1144-5916,2020_JNYC-20W-1-60m-1_bin.24.purify_k141_799257_3(Fam_12473 [★Target]) --> 2020_JNYC-20W-1-60m-1_bin.24.purify_k141_799257_4(Fam_118 [★Target])
"(118, 12473)",2,"[118, 12473]",2020_JNYC-20W-2-1_bin.92.purify_k141_887280,2020_JNYC-20W-2-1_bin.92.purify_k141_887280_1138-5934,2020_JNYC-20W-2-1_bin.92.purify_k141_887280_3(Fam_12473 [★Target]) --> 2020_JNYC-20W-2-1_bin.92.purify_k141_887280_4(Fam_118 [★Target])
"(10271, 13076)",2,[10271],2020_JNYC-20W-1-100m-1_bin.45.purify_k141_46829,2020_JNYC-20W-1-100m-1_bin.45.purify_k141_46829_17391-18297,2020_JNYC-20W-1-100m-1_bin.45.purify_k141_46829_9(Fam_13076 [★Target]) --> 2020_JNYC-20W-1-100m-1_bin.45.purify_k141_46829_10(Fam_10271 [★Target])
"(10271, 13076)",2,[10271],2020_JNYC-20W-1-60m-1_bin.173.purify_k141_810862,2020_JNYC-20W-1-60m-1_bin.173.purify_k141_810862_6903-7809,2020_JNYC-20W-1-60m-1_bin.173.purify_k141_810862_7(Fam_13076 [★Target]) --> 2020_JNYC-20W-1-60m-1_bin.173.purify_k141_810862_8(Fam_10271 [★Target])
"(2321, 8818)",2,"[2321, 8818]",2020_JNYC-20W-1-60m-1_bin.150.purify_k141_59456,2020_JNYC-20W-1-60m-1_bin.150.purify_k141_59456_5301-7581,2020_JNYC-20W-1-60m-1_bin.150.purify_k141_59456_9(Fam_8818 [★Target]) --> 2020_JNYC-20W-1-60m-1_bin.150.purify_k141_59456_10(Fam_2321 [★Target])
"(2321, 8818)",2,"[2321, 8818]",2020_JNYC-20W-2-1_bin.89.purify_k141_615697,2020_JNYC-20W-2-1_bin.89.purify_k141_615697_5300-7502,2020_JNYC-20W-2-1_bin.89.purify_k141_615697_9(Fam_8818 [★Target]) --> 2020_JNYC-20W-2-1_bin.89.purify_k141_615697_10(Fam_2321 [★Target])
"(10323, 12306)",2,[10323],2020_CN-B-W-1_bin.89.purify_k141_17124,2020_CN-B-W-1_bin.89.purify_k141_17124_2544-3487,2020_CN-B-W-1_bin.89.purify_k141_17124_3(Fam_12306 [★Target]) --> 2020_CN-B-W-1_bin.89.purify_k141_17124_4(Fam_10323 [★Target])
"(10323, 12306)",2,[10323],2021-TLH-W4_bin.32.purify_k141_1705508,2021-TLH-W4_bin.32.purify_k141_1705508_514-1469,2021-TLH-W4_bin.32.purify_k141_1705508_3(Fam_12306 [★Target]) --> 2021-TLH-W4_bin.32.purify_k141_1705508_4(Fam_10323 [★Target])
"(3544, 7233)",2,[7233],2020_DTH4-W1_bin.195.purify_k141_1447312,2020_DTH4-W1_bin.195.purify_k141_1447312_1033-3152,2020_DTH4-W1_bin.195.purify_k141_1447312_2(Fam_3544 [★Target]) --> 2020_DTH4-W1_bin.195.purify_k141_1447312_3(Fam_7233 [★Target])
"(3544, 7233)",2,[7233],2020_JNYC-20W-1-0m-1_bin.78.purify_k141_1093170,2020_JNYC-20W-1-0m-1_bin.78.purify_k141_1093170_3-2053,2020_JNYC-20W-1-0m-1_bin.78.purify_k141_1093170_1(Fam_7233 [★Target]) --> 2020_JNYC-20W-1-0m-1_bin.78.purify_k141_1093170_2(Fam_3544 [★Target])
"(8552, 13227)",2,[8552],2020_DTH4-W1_bin.26.purify_k141_358859,2020_DTH4-W1_bin.26.purify_k141_358859_243-1294,2020_DTH4-W1_bin.26.purify_k141_358859_2(Fam_8552 [★Target]) --> 2020_DTH4-W1_bin.26.purify_k141_358859_3(Fam_13227 [★Target])
"(8552, 13227)",2,[8552],2020_JNYC-20W-1-60m-1_bin.109.purify_k141_547010,2020_JNYC-20W-1-60m-1_bin.109.purify_k141_547010_2923-3974,2020_JNYC-20W-1-60m-1_bin.109.purify_k141_547010_5(Fam_13227 [★Target]) --> 2020_JNYC-20W-1-60m-1_bin.109.purify_k141_547010_6(Fam_8552 [★Target])
"(1782, 6705)",2,[1782],2020_DTH4-W1_bin.47.purify_k141_128782,2020_DTH4-W1_bin.47.purify_k141_128782_869-3458,2020_DTH4-W1_bin.47.purify_k141_128782_2(Fam_6705 [★Target]) --> 2020_DTH4-W1_bin.47.purify_k141_128782_3(Fam_1782 [★Target])
"(1782, 6705)",2,[1782],2020_KMC-20W-1-10m-1_bin.84.purify_k141_117085,2020_KMC-20W-1-10m-1_bin.84.purify_k141_117085_448-3037,2020_KMC-20W-1-10m-1_bin.84.purify_k141_117085_2(Fam_6705 [★Target]) --> 2020_KMC-20W-1-10m-1_bin.84.purify_k141_117085_3(Fam_1782 [★Target])
"(7270, 9770)",2,[9770],2020_DTH4-W1_bin.85.purify_k141_1170548,2020_DTH4-W1_bin.85.purify_k141_1170548_17297-18810,2020_DTH4-W1_bin.85.purify_k141_1170548_18(Fam_7270 [★Target]) --> 2020_DTH4-W1_bin.85.purify_k141_1170548_19(Fam_9770 [★Target])
"(7270, 9770)",2,[9770],2020_DTH5-W1_bin.107.purify_k141_993501,2020_DTH5-W1_bin.107.purify_k141_993501_59263-60776,2020_DTH5-W1_bin.107.purify_k141_993501_64(Fam_7270 [★Target]) --> 2020_DTH5-W1_bin.107.purify_k141_993501_65(Fam_9770 [★Target])
"(7059, 10073)",2,[10073],2020_DTH5-W1_bin.8.purify_k141_1019324,2020_DTH5-W1_bin.8.purify_k141_1019324_222-1663,2020_DTH5-W1_bin.8.purify_k141_1019324_2(Fam_10073 [★Target]) --> 2020_DTH5-W1_bin.8.purify_k141_1019324_3(Fam_7059 [★Target])
"(7059, 10073)",2,[10073],2021-DTH-W4_bin.56.purify_k127_2384978,2021-DTH-W4_bin.56.purify_k127_2384978_2182-3623,2021-DTH-W4_bin.56.purify_k127_2384978_4(Fam_10073 [★Target]) --> 2021-DTH-W4_bin.56.purify_k127_2384978_5(Fam_7059 [★Target])
"(6008, 10802)",2,[6008],2020_GMZ15-W1_bin.117.purify_k141_368858,2020_GMZ15-W1_bin.117.purify_k141_368858_1650-2325,2020_GMZ15-W1_bin.117.purify_k141_368858_4(Fam_10802 [★Target]) --> 2020_GMZ15-W1_bin.117.purify_k141_368858_5(Fam_6008 [★Target])
"(6008, 10802)",2,[6008],2020_QHH11-W1_bin.67.purify_k141_1397256,2020_QHH11-W1_bin.67.purify_k141_1397256_2-905,2020_QHH11-W1_bin.67.purify_k141_1397256_1(Fam_6008 [★Target]) --> 2020_QHH11-W1_bin.67.purify_k141_1397256_2(Fam_10802 [★Target])
"(3615, 9310)",2,[9310],2020_EH-W1_bin.39.purify_k141_112090,2020_EH-W1_bin.39.purify_k141_112090_21554-23469,2020_EH-W1_bin.39.purify_k141_112090_25(Fam_9310 [★Target]) --> 2020_EH-W1_bin.39.purify_k141_112090_26(Fam_3615 [★Target])
"(3615, 9310)",2,[9310],2021-EH-W1_bin.89.purify_k141_275379,2021-EH-W1_bin.89.purify_k141_275379_21535-23450,2021-EH-W1_bin.89.purify_k141_275379_25(Fam_9310 [★Target]) --> 2021-EH-W1_bin.89.purify_k141_275379_26(Fam_3615 [★Target])
"(1706, 2670)",2,[1706],2020_GH-W-1_bin.45.purify_k141_9368,2020_GH-W-1_bin.45.purify_k141_9368_297-3355,2020_GH-W-1_bin.45.purify_k141_9368_2(Fam_2670 [★Target]) --> 2020_GH-W-1_bin.45.purify_k141_9368_3(Fam_1706 [★Target])
"(1706, 2670)",2,[1706],2020_NMC-W-5-1_bin.38.purify_k141_480337,2020_NMC-W-5-1_bin.38.purify_k141_480337_1548-4126,2020_NMC-W-5-1_bin.38.purify_k141_480337_3(Fam_1706 [★Target]) --> 2020_NMC-W-5-1_bin.38.purify_k141_480337_4(Fam_2670 [★Target])
"(1009, 1928, 8554)",2,[1928],2020_HMH-W1_bin.106.purify_k141_438921,2020_HMH-W1_bin.106.purify_k141_438921_11097-15839,2020_HMH-W1_bin.106.purify_k141_438921_11(Fam_1009 [★Target]) --> 2020_HMH-W1_bin.106.purify_k141_438921_12(Fam_8554 [★Target]) --> 2020_HMH-W1_bin.106.purify_k141_438921_13(Fam_1928 [★Target])
"(1009, 1928, 8554)",2,[1928],2020_QHH15-W1_bin.103.purify_k141_439602,2020_QHH15-W1_bin.103.purify_k141_439602_371-5113,2020_QHH15-W1_bin.103.purify_k141_439602_2(Fam_1928 [★Target]) --> 2020_QHH15-W1_bin.103.purify_k141_439602_3(Fam_8554 [★Target]) --> 2020_QHH15-W1_bin.103.purify_k141_439602_4(Fam_1009 [★Target])
"(8966, 9026)",2,[8966],2020_DQZB-w6_bin.43.purify_k141_1481293,2020_DQZB-w6_bin.43.purify_k141_1481293_1199-2548,2020_DQZB-w6_bin.43.purify_k141_1481293_2(Fam_8966 [★Target]) --> 2020_DQZB-w6_bin.43.purify_k141_1481293_3(Fam_9026 [★Target])
"(8966, 9026)",2,[8966],2020_LU-w5_bin.85.purify_k141_560948,2020_LU-w5_bin.85.purify_k141_560948_96481-97810,2020_LU-w5_bin.85.purify_k141_560948_92(Fam_9026 [★Target]) --> 2020_LU-w5_bin.85.purify_k141_560948_93(Fam_8966 [★Target])
"(12772, 14023)",2,[12772],2020_DQZB-w6_bin.82.purify_k141_2314837,2020_DQZB-w6_bin.82.purify_k141_2314837_3423-3996,2020_DQZB-w6_bin.82.purify_k141_2314837_5(Fam_12772 [★Target]) --> 2020_DQZB-w6_bin.82.purify_k141_2314837_6(Fam_14023 [★Target])
"(12772, 14023)",2,[12772],2021-CE-W1_bin.34.purify_k127_77323,2021-CE-W1_bin.34.purify_k127_77323_14317-14890,2021-CE-W1_bin.34.purify_k127_77323_12(Fam_12772 [★Target]) --> 2021-CE-W1_bin.34.purify_k127_77323_13(Fam_14023 [★Target])
"(8847, 11677)",2,[8847],2020_DTH-6-1-W1_bin.90.purify_k141_301235,2020_DTH-6-1-W1_bin.90.purify_k141_301235_5874-7015,2020_DTH-6-1-W1_bin.90.purify_k141_301235_5(Fam_8847 [★Target]) --> 2020_DTH-6-1-W1_bin.90.purify_k141_301235_6(Fam_11677 [★Target])
"(8847, 11677)",2,[8847],2020_JNYC-20W-1-60m-1_bin.73.purify_k141_400211,2020_JNYC-20W-1-60m-1_bin.73.purify_k141_400211_927-2068,2020_JNYC-20W-1-60m-1_bin.73.purify_k141_400211_2(Fam_8847 [★Target]) --> 2020_JNYC-20W-1-60m-1_bin.73.purify_k141_400211_3(Fam_11677 [★Target])
"(5977, 12244)",2,[5977],2020_DQZB-w7_bin.99.purify_k141_536548,2020_DQZB-w7_bin.99.purify_k141_536548_10591-11922,2020_DQZB-w7_bin.99.purify_k141_536548_6(Fam_5977 [★Target]) --> 2020_DQZB-w7_bin.99.purify_k141_536548_7(Fam_12244 [★Target])
"(5977, 12244)",2,[5977],2020_NRPC-20W-1-10m-1_bin.84.purify_k141_451503,2020_NRPC-20W-1-10m-1_bin.84.purify_k141_451503_18743-19725,2020_NRPC-20W-1-10m-1_bin.84.purify_k141_451503_22(Fam_12244 [★Target]) --> 2020_NRPC-20W-1-10m-1_bin.84.purify_k141_451503_23(Fam_5977 [★Target])
"(1773, 4721)",2,[4721],2020_DQZB-w8_bin.128.purify_k141_1721142,2020_DQZB-w8_bin.128.purify_k141_1721142_3-2516,2020_DQZB-w8_bin.128.purify_k141_1721142_1(Fam_4721 [★Target]) --> 2020_DQZB-w8_bin.128.purify_k141_1721142_2(Fam_1773 [★Target])
"(1773, 4721)",2,[4721],2020_GH-W-1_bin.155.purify_k141_344664,2020_GH-W-1_bin.155.purify_k141_344664_3-3110,2020_GH-W-1_bin.155.purify_k141_344664_1(Fam_4721 [★Target]) --> 2020_GH-W-1_bin.155.purify_k141_344664_2(Fam_1773 [★Target])
"(9000, 9037)",2,[9000],2020_GMZ-9-w2_bin.30.purify_k141_388350,2020_GMZ-9-w2_bin.30.purify_k141_388350_341-1695,2020_GMZ-9-w2_bin.30.purify_k141_388350_2(Fam_9037 [★Target]) --> 2020_GMZ-9-w2_bin.30.purify_k141_388350_3(Fam_9000 [★Target])
"(9000, 9037)",2,[9000],2020_GMZ-9-w2_bin.37.purify_k141_387658,2020_GMZ-9-w2_bin.37.purify_k141_387658_348-1703,2020_GMZ-9-w2_bin.37.purify_k141_387658_2(Fam_9037 [★Target]) --> 2020_GMZ-9-w2_bin.37.purify_k141_387658_3(Fam_9000 [★Target])
"(8802, 9656)",2,[9656],2020_GMZ13-W1_bin.164.purify_k141_2632833,2020_GMZ13-W1_bin.164.purify_k141_2632833_2192-3345,2020_GMZ13-W1_bin.164.purify_k141_2632833_4(Fam_8802 [★Target]) --> 2020_GMZ13-W1_bin.164.purify_k141_2632833_5(Fam_9656 [★Target])
"(8802, 9656)",2,[9656],2021-DTH-W5_bin.116.purify_k127_1055928,2021-DTH-W5_bin.116.purify_k127_1055928_3-859,2021-DTH-W5_bin.116.purify_k127_1055928_1(Fam_8802 [★Target]) --> 2021-DTH-W5_bin.116.purify_k127_1055928_2(Fam_9656 [★Target])
"(10117, 13295)",2,"[10117, 13295]",2020_GMZ-9-w2_bin.73.purify_k141_1338891,2020_GMZ-9-w2_bin.73.purify_k141_1338891_3244-4160,2020_GMZ-9-w2_bin.73.purify_k141_1338891_6(Fam_10117 [★Target]) --> 2020_GMZ-9-w2_bin.73.purify_k141_1338891_7(Fam_13295 [★Target])
"(10117, 13295)",2,"[10117, 13295]",2021-JSW-W1_bin.60.purify_k141_779592,2021-JSW-W1_bin.60.purify_k141_779592_3287-4203,2021-JSW-W1_bin.60.purify_k141_779592_6(Fam_10117 [★Target]) --> 2021-JSW-W1_bin.60.purify_k141_779592_7(Fam_13295 [★Target])
"(586, 4677)",2,[4677],2020_GMZ11-W1_bin.194.purify_k141_99681,2020_GMZ11-W1_bin.194.purify_k141_99681_256-4333,2020_GMZ11-W1_bin.194.purify_k141_99681_2(Fam_586 [★Target]) --> 2020_GMZ11-W1_bin.194.purify_k141_99681_3(Fam_4677 [★Target])
"(586, 4677)",2,[4677],2020_GMZ12-W1_bin.122.purify_k141_2410851,2020_GMZ12-W1_bin.122.purify_k141_2410851_8385-12399,2020_GMZ12-W1_bin.122.purify_k141_2410851_11(Fam_4677 [★Target]) --> 2020_GMZ12-W1_bin.122.purify_k141_2410851_12(Fam_586 [★Target])
"(828, 3766)",2,[3766],2020_GMZ11-W1_bin.235.purify_k141_447914,2020_GMZ11-W1_bin.235.purify_k141_447914_1160-4741,2020_GMZ11-W1_bin.235.purify_k141_447914_3(Fam_828 [★Target]) --> 2020_GMZ11-W1_bin.235.purify_k141_447914_4(Fam_3766 [★Target])
"(828, 3766)",2,[3766],2021-HDW-W2_bin.89.purify_k141_517036,2021-HDW-W2_bin.89.purify_k141_517036_1370-5272,2021-HDW-W2_bin.89.purify_k141_517036_3(Fam_828 [★Target]) --> 2021-HDW-W2_bin.89.purify_k141_517036_4(Fam_3766 [★Target])
"(1690, 2732)",2,[2732],2020_GMZ12-W1_bin.180.purify_k141_2905210,2020_GMZ12-W1_bin.180.purify_k141_2905210_1-2308,2020_GMZ12-W1_bin.180.purify_k141_2905210_1(Fam_1690 [★Target]) --> 2020_GMZ12-W1_bin.180.purify_k141_2905210_2(Fam_2732 [★Target])
"(1690, 2732)",2,[2732],2021-BQZBSD-W1+_bin.8.purify_k127_1321440,2021-BQZBSD-W1+_bin.8.purify_k127_1321440_3-2391,2021-BQZBSD-W1+_bin.8.purify_k127_1321440_1(Fam_2732 [★Target]) --> 2021-BQZBSD-W1+_bin.8.purify_k127_1321440_2(Fam_1690 [★Target])
"(817, 3459)",2,[3459],2020_GMZ11-W1_bin.54.purify_k141_1237351,2020_GMZ11-W1_bin.54.purify_k141_1237351_988-4359,2020_GMZ11-W1_bin.54.purify_k141_1237351_2(Fam_817 [★Target]) --> 2020_GMZ11-W1_bin.54.purify_k141_1237351_3(Fam_3459 [★Target])
"(817, 3459)",2,[3459],2021-HDW-W1_bin.198.purify_k141_1123082,2021-HDW-W1_bin.198.purify_k141_1123082_3990-7832,2021-HDW-W1_bin.198.purify_k141_1123082_4(Fam_3459 [★Target]) --> 2021-HDW-W1_bin.198.purify_k141_1123082_5(Fam_817 [★Target])
"(9804, 12579)",2,[9804],2020_GMZ11-W1_bin.68.purify_k141_303942,2020_GMZ11-W1_bin.68.purify_k141_303942_1426-2846,2020_GMZ11-W1_bin.68.purify_k141_303942_3(Fam_9804 [★Target]) --> 2020_GMZ11-W1_bin.68.purify_k141_303942_5(Fam_12579 [★Target])
"(9804, 12579)",2,[9804],2020_JC-20W-1-0m-1_bin.23.purify_k141_532025,2020_JC-20W-1-0m-1_bin.23.purify_k141_532025_4771-6191,2020_JC-20W-1-0m-1_bin.23.purify_k141_532025_3(Fam_12579 [★Target]) --> 2020_JC-20W-1-0m-1_bin.23.purify_k141_532025_4(Fam_9804 [★Target])
"(717, 13905)",2,[13905],2020_GMZ11-W1_bin.204.purify_k141_1231607,2020_GMZ11-W1_bin.204.purify_k141_1231607_1933-2373,2020_GMZ11-W1_bin.204.purify_k141_1231607_5(Fam_717 [★Target]) --> 2020_GMZ11-W1_bin.204.purify_k141_1231607_6(Fam_13905 [★Target])
"(717, 13905)",2,[13905],2020_QHH9-W1_bin.51.purify_k141_192038,2020_QHH9-W1_bin.51.purify_k141_192038_1830-2270,2020_QHH9-W1_bin.51.purify_k141_192038_4(Fam_717 [★Target]) --> 2020_QHH9-W1_bin.51.purify_k141_192038_5(Fam_13905 [★Target])
"(1866, 2733)",2,[1866],2020_GMZ14-W1_bin.256.purify_k141_1729241,2020_GMZ14-W1_bin.256.purify_k141_1729241_3441-6588,2020_GMZ14-W1_bin.256.purify_k141_1729241_8(Fam_2733 [★Target]) --> 2020_GMZ14-W1_bin.256.purify_k141_1729241_9(Fam_1866 [★Target])
"(1866, 2733)",2,[1866],2020_YBJSD-W-3_bin.168.purify_k141_985109,2020_YBJSD-W-3_bin.168.purify_k141_985109_2196-5337,2020_YBJSD-W-3_bin.168.purify_k141_985109_3(Fam_1866 [★Target]) --> 2020_YBJSD-W-3_bin.168.purify_k141_985109_4(Fam_2733 [★Target])
"(1667, 2462)",2,[1667],2020_GH-W1_bin.74.purify_k141_1429512,2020_GH-W1_bin.74.purify_k141_1429512_5553-8526,2020_GH-W1_bin.74.purify_k141_1429512_9(Fam_1667 [★Target]) --> 2020_GH-W1_bin.74.purify_k141_1429512_10(Fam_2462 [★Target])
"(1667, 2462)",2,[1667],2021-GH-W1_bin.25.purify_k141_1253735,2021-GH-W1_bin.25.purify_k141_1253735_1727-4700,2021-GH-W1_bin.25.purify_k141_1253735_3(Fam_1667 [★Target]) --> 2021-GH-W1_bin.25.purify_k141_1253735_4(Fam_2462 [★Target])
"(10037, 11026)",2,"[10037, 11026]",2020_GHH17-W1_bin.55.purify_k141_874230,2020_GHH17-W1_bin.55.purify_k141_874230_5709-6836,2020_GHH17-W1_bin.55.purify_k141_874230_4(Fam_10037 [★Target]) --> 2020_GHH17-W1_bin.55.purify_k141_874230_5(Fam_11026 [★Target])
"(10037, 11026)",2,"[10037, 11026]",2021-ND-W3_bin.75.purify_k141_463694,2021-ND-W3_bin.75.purify_k141_463694_6430-7557,2021-ND-W3_bin.75.purify_k141_463694_4(Fam_10037 [★Target]) --> 2021-ND-W3_bin.75.purify_k141_463694_5(Fam_11026 [★Target])
"(1269, 2892, 7901)",2,[1269],2020_GMZ-9-w2_bin.108.purify_k141_1102261,2020_GMZ-9-w2_bin.108.purify_k141_1102261_244-4465,2020_GMZ-9-w2_bin.108.purify_k141_1102261_2(Fam_2892 [★Target]) --> 2020_GMZ-9-w2_bin.108.purify_k141_1102261_3(Fam_7901 [★Target]) --> 2020_GMZ-9-w2_bin.108.purify_k141_1102261_4(Fam_1269 [★Target])
"(1269, 2892, 7901)",2,[1269],2020_LU-w9_bin.111.purify_k141_1567548,2020_LU-w9_bin.111.purify_k141_1567548_17380-21160,2020_LU-w9_bin.111.purify_k141_1567548_20(Fam_1269 [★Target]) --> 2020_LU-w9_bin.111.purify_k141_1567548_21(Fam_7901 [★Target]) --> 2020_LU-w9_bin.111.purify_k141_1567548_22(Fam_2892 [★Target])
"(7424, 11358)",2,[7424],2020_GMZ14-W1_bin.211.purify_k141_430849,2020_GMZ14-W1_bin.211.purify_k141_430849_9678-11161,2020_GMZ14-W1_bin.211.purify_k141_430849_12(Fam_11358 [★Target]) --> 2020_GMZ14-W1_bin.211.purify_k141_430849_13(Fam_7424 [★Target])
"(7424, 11358)",2,[7424],2020_ZJZBSD-01-3_bin.46.purify_k141_1513934,2020_ZJZBSD-01-3_bin.46.purify_k141_1513934_88-1441,2020_ZJZBSD-01-3_bin.46.purify_k141_1513934_2(Fam_11358 [★Target]) --> 2020_ZJZBSD-01-3_bin.46.purify_k141_1513934_3(Fam_7424 [★Target])
"(6780, 10012)",2,"[6780, 10012]",2020_GMZ14-W1_bin.173.purify_k141_2966736,2020_GMZ14-W1_bin.173.purify_k141_2966736_120914-122355,2020_GMZ14-W1_bin.173.purify_k141_2966736_99(Fam_6780 [★Target]) --> 2020_GMZ14-W1_bin.173.purify_k141_2966736_100(Fam_10012 [★Target])
"(6780, 10012)",2,"[6780, 10012]",2020_KMC-20W-1-0m-1_bin.31.purify_k141_472211,2020_KMC-20W-1-0m-1_bin.31.purify_k141_472211_160490-161958,2020_KMC-20W-1-0m-1_bin.31.purify_k141_472211_151(Fam_6780 [★Target]) --> 2020_KMC-20W-1-0m-1_bin.31.purify_k141_472211_152(Fam_10012 [★Target])
"(4656, 7969)",2,[4656],2020_GMZ-9-w1_bin.18.purify_k141_176423,2020_GMZ-9-w1_bin.18.purify_k141_176423_4940-6824,2020_GMZ-9-w1_bin.18.purify_k141_176423_6(Fam_7969 [★Target]) --> 2020_GMZ-9-w1_bin.18.purify_k141_176423_7(Fam_4656 [★Target])
"(4656, 7969)",2,[4656],2020_HMH-W1_bin.78.purify_k141_649863,2020_HMH-W1_bin.78.purify_k141_649863_2707-4591,2020_HMH-W1_bin.78.purify_k141_649863_4(Fam_7969 [★Target]) --> 2020_HMH-W1_bin.78.purify_k141_649863_5(Fam_4656 [★Target])
"(4006, 6542)",2,[4006],2020_GMZ13-W1_bin.47.purify_k141_876027,2020_GMZ13-W1_bin.47.purify_k141_876027_7214-8905,2020_GMZ13-W1_bin.47.purify_k141_876027_6(Fam_6542 [★Target]) --> 2020_GMZ13-W1_bin.47.purify_k141_876027_7(Fam_4006 [★Target])
"(4006, 6542)",2,[4006],2021-HHXL-2M-W1_bin.89.purify_k141_1113317,2021-HHXL-2M-W1_bin.89.purify_k141_1113317_1692-3345,2021-HHXL-2M-W1_bin.89.purify_k141_1113317_4(Fam_4006 [★Target]) --> 2021-HHXL-2M-W1_bin.89.purify_k141_1113317_5(Fam_6542 [★Target])
"(3738, 12773)",2,[3738],2020_GHH17-W1_bin.75.purify_k141_279748,2020_GHH17-W1_bin.75.purify_k141_279748_2641-4287,2020_GHH17-W1_bin.75.purify_k141_279748_4(Fam_12773 [★Target]) --> 2020_GHH17-W1_bin.75.purify_k141_279748_5(Fam_3738 [★Target])
"(3738, 12773)",2,[3738],2020_QHH1-W1_bin.70.purify_k141_63394,2020_QHH1-W1_bin.70.purify_k141_63394_2641-4287,2020_QHH1-W1_bin.70.purify_k141_63394_4(Fam_12773 [★Target]) --> 2020_QHH1-W1_bin.70.purify_k141_63394_5(Fam_3738 [★Target])
"(274, 7926)",2,[7926],2020_CRC-20W-1-10m-1_bin.200.purify_k141_45067,2020_CRC-20W-1-10m-1_bin.200.purify_k141_45067_3898-8737,2020_CRC-20W-1-10m-1_bin.200.purify_k141_45067_6(Fam_7926 [★Target]) --> 2020_CRC-20W-1-10m-1_bin.200.purify_k141_45067_8(Fam_274 [★Target])
"(274, 7926)",2,[7926],2020_CRC-20W-2-1_bin.88.purify_k141_425948,2020_CRC-20W-2-1_bin.88.purify_k141_425948_4469-9308,2020_CRC-20W-2-1_bin.88.purify_k141_425948_6(Fam_274 [★Target]) --> 2020_CRC-20W-2-1_bin.88.purify_k141_425948_8(Fam_7926 [★Target])
"(1643, 3821)",2,[3821],2020_HMH-W1_bin.32.purify_k141_355174,2020_HMH-W1_bin.32.purify_k141_355174_79880-82913,2020_HMH-W1_bin.32.purify_k141_355174_94(Fam_1643 [★Target]) --> 2020_HMH-W1_bin.32.purify_k141_355174_95(Fam_3821 [★Target])
"(1643, 3821)",2,[3821],2020_QHH6-W1_bin.33.purify_k141_928903,2020_QHH6-W1_bin.33.purify_k141_928903_290802-293835,2020_QHH6-W1_bin.33.purify_k141_928903_308(Fam_1643 [★Target]) --> 2020_QHH6-W1_bin.33.purify_k141_928903_309(Fam_3821 [★Target])
"(9351, 11454)",2,[11454],2020_CRC-20W-1-10m-1_bin.220.purify_k141_580805,2020_CRC-20W-1-10m-1_bin.220.purify_k141_580805_6340-7486,2020_CRC-20W-1-10m-1_bin.220.purify_k141_580805_11(Fam_9351 [★Target]) --> 2020_CRC-20W-1-10m-1_bin.220.purify_k141_580805_12(Fam_11454 [★Target])
"(9351, 11454)",2,[11454],2020_CRC-20W-2-1_bin.202.purify_k141_879860,2020_CRC-20W-2-1_bin.202.purify_k141_879860_3768-4881,2020_CRC-20W-2-1_bin.202.purify_k141_879860_7(Fam_9351 [★Target]) --> 2020_CRC-20W-2-1_bin.202.purify_k141_879860_8(Fam_11454 [★Target])
"(1494, 3625)",2,[1494],2020_CRC-20W-1-14m-1_bin.156.purify_k141_2667606,2020_CRC-20W-1-14m-1_bin.156.purify_k141_2667606_3257-5905,2020_CRC-20W-1-14m-1_bin.156.purify_k141_2667606_4(Fam_3625 [★Target]) --> 2020_CRC-20W-1-14m-1_bin.156.purify_k141_2667606_5(Fam_1494 [★Target])
"(1494, 3625)",2,[1494],HS-17-3_bin.3.purify_k141_1517,HS-17-3_bin.3.purify_k141_1517_7791-10999,HS-17-3_bin.3.purify_k141_1517_10(Fam_1494 [★Target]) --> HS-17-3_bin.3.purify_k141_1517_11(Fam_3625 [★Target])
"(5628, 6219)",2,[5628],2020_CRC-20W-1-14m-1_bin.175.purify_k141_2809457,2020_CRC-20W-1-14m-1_bin.175.purify_k141_2809457_76-1630,2020_CRC-20W-1-14m-1_bin.175.purify_k141_2809457_2(Fam_5628 [★Target]) --> 2020_CRC-20W-1-14m-1_bin.175.purify_k141_2809457_3(Fam_6219 [★Target])
"(5628, 6219)",2,[5628],2021-BQZBSD-W23_bin.73.purify_k127_6315971,2021-BQZBSD-W23_bin.73.purify_k127_6315971_176-1526,2021-BQZBSD-W23_bin.73.purify_k127_6315971_2(Fam_5628 [★Target]) --> 2021-BQZBSD-W23_bin.73.purify_k127_6315971_3(Fam_6219 [★Target])
"(884, 9292)",2,"[884, 9292]",2020_JC-20W-1-23m-1_bin.159.purify_k141_703637,2020_JC-20W-1-23m-1_bin.159.purify_k141_703637_5480-8583,2020_JC-20W-1-23m-1_bin.159.purify_k141_703637_9(Fam_9292 [★Target]) --> 2020_JC-20W-1-23m-1_bin.159.purify_k141_703637_10(Fam_884 [★Target])
"(884, 9292)",2,"[884, 9292]",2020_QHH13-W1_bin.54.purify_k141_1194935,2020_QHH13-W1_bin.54.purify_k141_1194935_7851-10954,2020_QHH13-W1_bin.54.purify_k141_1194935_12(Fam_9292 [★Target]) --> 2020_QHH13-W1_bin.54.purify_k141_1194935_13(Fam_884 [★Target])
"(582, 3046, 10309)",2,[582],2020_JC-20W-2-1_bin.29.purify_k141_454118,2020_JC-20W-2-1_bin.29.purify_k141_454118_2-4538,2020_JC-20W-2-1_bin.29.purify_k141_454118_1(Fam_3046 [★Target]) --> 2020_JC-20W-2-1_bin.29.purify_k141_454118_2(Fam_10309 [★Target]) --> 2020_JC-20W-2-1_bin.29.purify_k141_454118_3(Fam_582 [★Target])
"(582, 3046, 10309)",2,[582],2021-BQZBHK-W5_bin.123.purify_k127_338303,2021-BQZBHK-W5_bin.123.purify_k127_338303_2-3638,2021-BQZBHK-W5_bin.123.purify_k127_338303_1(Fam_582 [★Target]) --> 2021-BQZBHK-W5_bin.123.purify_k127_338303_2(Fam_10309 [★Target]) --> 2021-BQZBHK-W5_bin.123.purify_k127_338303_3(Fam_3046 [★Target])
"(309, 1048, 3449)",2,[3449],2020_CRC-20W-1-0m-1_bin.1.purify_k141_544655,2020_CRC-20W-1-0m-1_bin.1.purify_k141_544655_46979-53205,2020_CRC-20W-1-0m-1_bin.1.purify_k141_544655_43(Fam_1048 [★Target]) --> 2020_CRC-20W-1-0m-1_bin.1.purify_k141_544655_44(Fam_3449 [★Target]) --> 2020_CRC-20W-1-0m-1_bin.1.purify_k141_544655_45(Fam_309 [★Target])
"(309, 1048, 3449)",2,[3449],2020_CRC-20W-2-1_bin.20.purify_k141_47161,2020_CRC-20W-2-1_bin.20.purify_k141_47161_55490-61716,2020_CRC-20W-2-1_bin.20.purify_k141_47161_54(Fam_1048 [★Target]) --> 2020_CRC-20W-2-1_bin.20.purify_k141_47161_55(Fam_3449 [★Target]) --> 2020_CRC-20W-2-1_bin.20.purify_k141_47161_56(Fam_309 [★Target])
"(2050, 4861)",2,[4861],2020_JC-20W-2-1_bin.142.purify_k141_1504484,2020_JC-20W-2-1_bin.142.purify_k141_1504484_1911-4656,2020_JC-20W-2-1_bin.142.purify_k141_1504484_3(Fam_4861 [★Target]) --> 2020_JC-20W-2-1_bin.142.purify_k141_1504484_4(Fam_2050 [★Target])
"(2050, 4861)",2,[4861],2021-ZJZBSD-W53_bin.125.purify_k127_2664169,2021-ZJZBSD-W53_bin.125.purify_k127_2664169_24260-27000,2021-ZJZBSD-W53_bin.125.purify_k127_2664169_22(Fam_4861 [★Target]) --> 2021-ZJZBSD-W53_bin.125.purify_k127_2664169_23(Fam_2050 [★Target])
"(1856, 5282)",2,[1856],2020_CRC-20W-1-0m-1_bin.11.purify_k141_869882,2020_CRC-20W-1-0m-1_bin.11.purify_k141_869882_39188-41966,2020_CRC-20W-1-0m-1_bin.11.purify_k141_869882_31(Fam_1856 [★Target]) --> 2020_CRC-20W-1-0m-1_bin.11.purify_k141_869882_32(Fam_5282 [★Target])
"(1856, 5282)",2,[1856],2020_CRC-20W-1-10m-1_bin.49.purify_k141_318844,2020_CRC-20W-1-10m-1_bin.49.purify_k141_318844_39188-41966,2020_CRC-20W-1-10m-1_bin.49.purify_k141_318844_31(Fam_1856 [★Target]) --> 2020_CRC-20W-1-10m-1_bin.49.purify_k141_318844_32(Fam_5282 [★Target])
"(5555, 9990)",2,[9990],2020_CRC-20W-1-0m-1_bin.115.purify_k141_1145947,2020_CRC-20W-1-0m-1_bin.115.purify_k141_1145947_7489-9456,2020_CRC-20W-1-0m-1_bin.115.purify_k141_1145947_5(Fam_5555 [★Target]) --> 2020_CRC-20W-1-0m-1_bin.115.purify_k141_1145947_7(Fam_9990 [★Target])
"(5555, 9990)",2,[9990],2021-CNXB-W1_bin.107.purify_k127_686506,2021-CNXB-W1_bin.107.purify_k127_686506_229-2196,2021-CNXB-W1_bin.107.purify_k127_686506_1(Fam_9990 [★Target]) --> 2021-CNXB-W1_bin.107.purify_k127_686506_3(Fam_5555 [★Target])
"(8917, 14211)",2,[14211],2020_CRC-20W-1-0m-1_bin.121.purify_k141_224239,2020_CRC-20W-1-0m-1_bin.121.purify_k141_224239_2830-3764,2020_CRC-20W-1-0m-1_bin.121.purify_k141_224239_3(Fam_14211 [★Target]) --> 2020_CRC-20W-1-0m-1_bin.121.purify_k141_224239_4(Fam_8917 [★Target])
"(8917, 14211)",2,[14211],2020_CRC-20W-1-10m-1_bin.30.purify_k141_1016611,2020_CRC-20W-1-10m-1_bin.30.purify_k141_1016611_2830-3764,2020_CRC-20W-1-10m-1_bin.30.purify_k141_1016611_3(Fam_14211 [★Target]) --> 2020_CRC-20W-1-10m-1_bin.30.purify_k141_1016611_4(Fam_8917 [★Target])
"(7132, 9057)",2,[7132],2020_CRC-20W-1-0m-1_bin.40.purify_k141_444312,2020_CRC-20W-1-0m-1_bin.40.purify_k141_444312_25353-26916,2020_CRC-20W-1-0m-1_bin.40.purify_k141_444312_30(Fam_9057 [★Target]) --> 2020_CRC-20W-1-0m-1_bin.40.purify_k141_444312_31(Fam_7132 [★Target])
"(7132, 9057)",2,[7132],2020_YMH1-W1_bin.16.purify_k141_1457239,2020_YMH1-W1_bin.16.purify_k141_1457239_2353-3867,2020_YMH1-W1_bin.16.purify_k141_1457239_5(Fam_7132 [★Target]) --> 2020_YMH1-W1_bin.16.purify_k141_1457239_6(Fam_9057 [★Target])
"(846, 4992)",2,[846],2020_CRC-20W-1-0m-1_bin.191.purify_k141_206593,2020_CRC-20W-1-0m-1_bin.191.purify_k141_206593_11291-14787,2020_CRC-20W-1-0m-1_bin.191.purify_k141_206593_13(Fam_846 [★Target]) --> 2020_CRC-20W-1-0m-1_bin.191.purify_k141_206593_14(Fam_4992 [★Target])
"(846, 4992)",2,[846],2020_JNYC-20W-1-20m-1_bin.136.purify_k141_204495,2020_JNYC-20W-1-20m-1_bin.136.purify_k141_204495_11341-14837,2020_JNYC-20W-1-20m-1_bin.136.purify_k141_204495_13(Fam_846 [★Target]) --> 2020_JNYC-20W-1-20m-1_bin.136.purify_k141_204495_14(Fam_4992 [★Target])
"(7355, 11392)",2,[11392],2020_JC-20W-1-5m-1_bin.87.purify_k141_756829,2020_JC-20W-1-5m-1_bin.87.purify_k141_756829_3-1303,2020_JC-20W-1-5m-1_bin.87.purify_k141_756829_1(Fam_11392 [★Target]) --> 2020_JC-20W-1-5m-1_bin.87.purify_k141_756829_2(Fam_7355 [★Target])
"(7355, 11392)",2,[11392],2020_ZJZBSD-05-3_bin.58.purify_k141_603186,2020_ZJZBSD-05-3_bin.58.purify_k141_603186_830-1830,2020_ZJZBSD-05-3_bin.58.purify_k141_603186_3(Fam_7355 [★Target]) --> 2020_ZJZBSD-05-3_bin.58.purify_k141_603186_4(Fam_11392 [★Target])
"(1145, 2061)",2,[1145],2020_JC-20W-1-5m-1_bin.53.purify_k141_938849,2020_JC-20W-1-5m-1_bin.53.purify_k141_938849_19412-23490,2020_JC-20W-1-5m-1_bin.53.purify_k141_938849_34(Fam_2061 [★Target]) --> 2020_JC-20W-1-5m-1_bin.53.purify_k141_938849_35(Fam_1145 [★Target])
"(1145, 2061)",2,[1145],2020_NRPC-20W-3-1_bin.40.purify_k141_761360,2020_NRPC-20W-3-1_bin.40.purify_k141_761360_1-3545,2020_NRPC-20W-3-1_bin.40.purify_k141_761360_1(Fam_1145 [★Target]) --> 2020_NRPC-20W-3-1_bin.40.purify_k141_761360_2(Fam_2061 [★Target])
"(6193, 10832)",2,[6193],2020_CRC-20W-1-0m-1_bin.25.purify_k141_337591,2020_CRC-20W-1-0m-1_bin.25.purify_k141_337591_59656-61089,2020_CRC-20W-1-0m-1_bin.25.purify_k141_337591_45(Fam_10832 [★Target]) --> 2020_CRC-20W-1-0m-1_bin.25.purify_k141_337591_46(Fam_6193 [★Target])
"(6193, 10832)",2,[6193],2020_CRC-20W-1-5m-1_bin.163.purify_k141_1481881,2020_CRC-20W-1-5m-1_bin.163.purify_k141_1481881_49160-50593,2020_CRC-20W-1-5m-1_bin.163.purify_k141_1481881_37(Fam_10832 [★Target]) --> 2020_CRC-20W-1-5m-1_bin.163.purify_k141_1481881_38(Fam_6193 [★Target])
"(2951, 9157)",2,[9157],2020_DQZB-w2_bin.52.purify_k141_3198631,2020_DQZB-w2_bin.52.purify_k141_3198631_89303-91351,2020_DQZB-w2_bin.52.purify_k141_3198631_85(Fam_2951 [★Target]) --> 2020_DQZB-w2_bin.52.purify_k141_3198631_86(Fam_9157 [★Target])
"(2951, 9157)",2,[9157],2020_PC-20W-1-0m-1_bin.90.purify_k141_178513,2020_PC-20W-1-0m-1_bin.90.purify_k141_178513_1086-2954,2020_PC-20W-1-0m-1_bin.90.purify_k141_178513_2(Fam_2951 [★Target]) --> 2020_PC-20W-1-0m-1_bin.90.purify_k141_178513_3(Fam_9157 [★Target])
"(1478, 4791)",2,[4791],2020_JC-20W-1-0m-1_bin.58.purify_k141_1040763,2020_JC-20W-1-0m-1_bin.58.purify_k141_1040763_80-3141,2020_JC-20W-1-0m-1_bin.58.purify_k141_1040763_2(Fam_4791 [★Target]) --> 2020_JC-20W-1-0m-1_bin.58.purify_k141_1040763_3(Fam_1478 [★Target])
"(1478, 4791)",2,[4791],2021-YBJ-W3_bin.48.purify_k127_342693,2021-YBJ-W3_bin.48.purify_k127_342693_18971-22125,2021-YBJ-W3_bin.48.purify_k127_342693_17(Fam_1478 [★Target]) --> 2021-YBJ-W3_bin.48.purify_k127_342693_18(Fam_4791 [★Target])
"(10377, 13454)",2,[10377],2020_JC-20W-1-0m-1_bin.43.purify_k141_758117,2020_JC-20W-1-0m-1_bin.43.purify_k141_758117_3750-4590,2020_JC-20W-1-0m-1_bin.43.purify_k141_758117_7(Fam_13454 [★Target]) --> 2020_JC-20W-1-0m-1_bin.43.purify_k141_758117_8(Fam_10377 [★Target])
"(10377, 13454)",2,[10377],2020_JC-20W-1-5m-1_bin.3.purify_k141_326615,2020_JC-20W-1-5m-1_bin.3.purify_k141_326615_3201-4041,2020_JC-20W-1-5m-1_bin.3.purify_k141_326615_7(Fam_13454 [★Target]) --> 2020_JC-20W-1-5m-1_bin.3.purify_k141_326615_8(Fam_10377 [★Target])
"(7797, 10617)",2,[7797],2020_JC-20W-1-0m-1_bin.123.purify_k141_24489,2020_JC-20W-1-0m-1_bin.123.purify_k141_24489_3905-5196,2020_JC-20W-1-0m-1_bin.123.purify_k141_24489_4(Fam_7797 [★Target]) --> 2020_JC-20W-1-0m-1_bin.123.purify_k141_24489_5(Fam_10617 [★Target])
"(7797, 10617)",2,[7797],2020_JC-20W-1-15m-1_bin.74.purify_k141_1108351,2020_JC-20W-1-15m-1_bin.74.purify_k141_1108351_3849-5140,2020_JC-20W-1-15m-1_bin.74.purify_k141_1108351_4(Fam_7797 [★Target]) --> 2020_JC-20W-1-15m-1_bin.74.purify_k141_1108351_5(Fam_10617 [★Target])
"(6825, 10200)",2,[10200],2020_DQZB-w3_bin.7.purify_k141_2970306,2020_DQZB-w3_bin.7.purify_k141_2970306_7048-8480,2020_DQZB-w3_bin.7.purify_k141_2970306_9(Fam_10200 [★Target]) --> 2020_DQZB-w3_bin.7.purify_k141_2970306_10(Fam_6825 [★Target])
"(6825, 10200)",2,[10200],2020_YBJSD-W-3_bin.125.purify_k141_2096753,2020_YBJSD-W-3_bin.125.purify_k141_2096753_2741-4170,2020_YBJSD-W-3_bin.125.purify_k141_2096753_3(Fam_10200 [★Target]) --> 2020_YBJSD-W-3_bin.125.purify_k141_2096753_4(Fam_6825 [★Target])
"(12015, 13375)",2,[13375],2020_HMH-W1_bin.39.purify_k141_158826,2020_HMH-W1_bin.39.purify_k141_158826_3655-4471,2020_HMH-W1_bin.39.purify_k141_158826_8(Fam_12015 [★Target]) --> 2020_HMH-W1_bin.39.purify_k141_158826_9(Fam_13375 [★Target])
"(12015, 13375)",2,[13375],2021-SLHSD-W2_bin.53.purify_k141_4039957,2021-SLHSD-W2_bin.53.purify_k141_4039957_4073-4773,2021-SLHSD-W2_bin.53.purify_k141_4039957_7(Fam_12015 [★Target]) --> 2021-SLHSD-W2_bin.53.purify_k141_4039957_8(Fam_13375 [★Target])
"(1335, 6602)",2,[6602],2020_DQZB-w5_bin.83.purify_k141_625463,2020_DQZB-w5_bin.83.purify_k141_625463_5589-8513,2020_DQZB-w5_bin.83.purify_k141_625463_7(Fam_6602 [★Target]) --> 2020_DQZB-w5_bin.83.purify_k141_625463_8(Fam_1335 [★Target])
"(1335, 6602)",2,[6602],2021-SLCB-W4_bin.46.purify_k127_263357,2021-SLCB-W4_bin.46.purify_k127_263357_2111-5044,2021-SLCB-W4_bin.46.purify_k127_263357_3(Fam_1335 [★Target]) --> 2021-SLCB-W4_bin.46.purify_k127_263357_4(Fam_6602 [★Target])
"(2627, 3523)",2,[3523],2020_JC-20W-1-15m-1_bin.28.purify_k141_129152,2020_JC-20W-1-15m-1_bin.28.purify_k141_129152_3104-5848,2020_JC-20W-1-15m-1_bin.28.purify_k141_129152_5(Fam_3523 [★Target]) --> 2020_JC-20W-1-15m-1_bin.28.purify_k141_129152_6(Fam_2627 [★Target])
"(2627, 3523)",2,[3523],2021-CBL-W1_bin.58.purify_k127_567272,2021-CBL-W1_bin.58.purify_k127_567272_1074-3935,2021-CBL-W1_bin.58.purify_k127_567272_2(Fam_3523 [★Target]) --> 2021-CBL-W1_bin.58.purify_k127_567272_3(Fam_2627 [★Target])
"(3901, 8469)",2,[8469],2020_JC-20W-1-15m-1_bin.161.purify_k141_778890,2020_JC-20W-1-15m-1_bin.161.purify_k141_778890_4802-6609,2020_JC-20W-1-15m-1_bin.161.purify_k141_778890_5(Fam_3901 [★Target]) --> 2020_JC-20W-1-15m-1_bin.161.purify_k141_778890_6(Fam_8469 [★Target])
"(3901, 8469)",2,[8469],2021-NRPC-LBM2_bin.16.purify_k141_82357,2021-NRPC-LBM2_bin.16.purify_k141_82357_1154-3059,2021-NRPC-LBM2_bin.16.purify_k141_82357_2(Fam_3901 [★Target]) --> 2021-NRPC-LBM2_bin.16.purify_k141_82357_3(Fam_8469 [★Target])
"(3901, 8469)",2,[8469],2021-ZJZB-W1_bin.71.purify_k127_682254,2021-ZJZB-W1_bin.71.purify_k127_682254_3870-6782,2021-ZJZB-W1_bin.71.purify_k127_682254_6(Fam_5033) --> 2021-ZJZB-W1_bin.71.purify_k127_682254_7(Fam_3901 [★Target]) --> 2021-ZJZB-W1_bin.71.purify_k127_682254_8(Fam_8469 [★Target])
"(2993, 13676)",2,[2993],2020_JC-20W-1-15m-1_bin.151.purify_k141_1152395,2020_JC-20W-1-15m-1_bin.151.purify_k141_1152395_2-2000,2020_JC-20W-1-15m-1_bin.151.purify_k141_1152395_1(Fam_13676 [★Target]) --> 2020_JC-20W-1-15m-1_bin.151.purify_k141_1152395_2(Fam_2993 [★Target])
"(2993, 13676)",2,[2993],2021-BQZBHK-W6_bin.135.purify_k127_4534,2021-BQZBHK-W6_bin.135.purify_k127_4534_5352-7118,2021-BQZBHK-W6_bin.135.purify_k127_4534_9(Fam_2993 [★Target]) --> 2021-BQZBHK-W6_bin.135.purify_k127_4534_10(Fam_13676 [★Target])
"(983, 3614)",2,[3614],2020_CRC-20W-1-5m-1_bin.155.purify_k141_1452129,2020_CRC-20W-1-5m-1_bin.155.purify_k141_1452129_9352-12325,2020_CRC-20W-1-5m-1_bin.155.purify_k141_1452129_12(Fam_983 [★Target]) --> 2020_CRC-20W-1-5m-1_bin.155.purify_k141_1452129_13(Fam_3614 [★Target])
"(983, 3614)",2,[3614],2021-HHXL-0.5M-W1_bin.107.purify_k141_1368168,2021-HHXL-0.5M-W1_bin.107.purify_k141_1368168_23780-26405,2021-HHXL-0.5M-W1_bin.107.purify_k141_1368168_29(Fam_983 [★Target]) --> 2021-HHXL-0.5M-W1_bin.107.purify_k141_1368168_30(Fam_3614 [★Target])
"(13370, 14022)",2,"[13370, 14022]",2020_CRC-20W-1-5m-1_bin.192.purify_k141_618100,2020_CRC-20W-1-5m-1_bin.192.purify_k141_618100_5602-6277,2020_CRC-20W-1-5m-1_bin.192.purify_k141_618100_6(Fam_13370 [★Target]) --> 2020_CRC-20W-1-5m-1_bin.192.purify_k141_618100_7(Fam_14022 [★Target])
"(13370, 14022)",2,"[13370, 14022]",2020_TMRSD3-W1_bin.74.purify_k141_825700,2020_TMRSD3-W1_bin.74.purify_k141_825700_2817-3492,2020_TMRSD3-W1_bin.74.purify_k141_825700_3(Fam_13370 [★Target]) --> 2020_TMRSD3-W1_bin.74.purify_k141_825700_4(Fam_14022 [★Target])
"(10469, 12701)",2,[12701],2020_CRC-20W-1-5m-1_bin.201.purify_k141_368369,2020_CRC-20W-1-5m-1_bin.201.purify_k141_368369_2545-3516,2020_CRC-20W-1-5m-1_bin.201.purify_k141_368369_3(Fam_10469 [★Target]) --> 2020_CRC-20W-1-5m-1_bin.201.purify_k141_368369_4(Fam_12701 [★Target])
"(10469, 12701)",2,[12701],2020_CRC-20W-2-1_bin.79.purify_k141_795943,2020_CRC-20W-2-1_bin.79.purify_k141_795943_7044-8015,2020_CRC-20W-2-1_bin.79.purify_k141_795943_7(Fam_10469 [★Target]) --> 2020_CRC-20W-2-1_bin.79.purify_k141_795943_8(Fam_12701 [★Target])
"(690, 1625)",2,[690],2020_CRC-20W-1-5m-1_bin.223.purify_k141_1482628,2020_CRC-20W-1-5m-1_bin.223.purify_k141_1482628_6084-10566,2020_CRC-20W-1-5m-1_bin.223.purify_k141_1482628_6(Fam_690 [★Target]) --> 2020_CRC-20W-1-5m-1_bin.223.purify_k141_1482628_7(Fam_1625 [★Target])
"(690, 1625)",2,[690],2020_NMC-W-4-1_bin.135.purify_k141_913869,2020_NMC-W-4-1_bin.135.purify_k141_913869_13915-17296,2020_NMC-W-4-1_bin.135.purify_k141_913869_14(Fam_690 [★Target]) --> 2020_NMC-W-4-1_bin.135.purify_k141_913869_15(Fam_1625 [★Target])
"(868, 5186, 9583)",2,[868],2020_JC-20W-1-0m-1_bin.93.purify_k141_121935,2020_JC-20W-1-0m-1_bin.93.purify_k141_121935_1022-5797,2020_JC-20W-1-0m-1_bin.93.purify_k141_121935_2(Fam_9583 [★Target]) --> 2020_JC-20W-1-0m-1_bin.93.purify_k141_121935_3(Fam_5186 [★Target]) --> 2020_JC-20W-1-0m-1_bin.93.purify_k141_121935_5(Fam_868 [★Target])
"(868, 5186, 9583)",2,[868],2021-KMC-LBM1_bin.6.purify_k141_137580,2021-KMC-LBM1_bin.6.purify_k141_137580_545-5252,2021-KMC-LBM1_bin.6.purify_k141_137580_1(Fam_9583 [★Target]) --> 2021-KMC-LBM1_bin.6.purify_k141_137580_2(Fam_5186 [★Target]) --> 2021-KMC-LBM1_bin.6.purify_k141_137580_5(Fam_868 [★Target])
"(6251, 12386)",2,[6251],2020_CRC-20W-2-1_bin.82.purify_k141_100756,2020_CRC-20W-2-1_bin.82.purify_k141_100756_3706-5162,2020_CRC-20W-2-1_bin.82.purify_k141_100756_5(Fam_12386 [★Target]) --> 2020_CRC-20W-2-1_bin.82.purify_k141_100756_6(Fam_6251 [★Target])
"(6251, 12386)",2,[6251],2021-CBL-LBM4_bin.21.purify_k141_591589,2021-CBL-LBM4_bin.21.purify_k141_591589_374-1708,2021-CBL-LBM4_bin.21.purify_k141_591589_2(Fam_12386 [★Target]) --> 2021-CBL-LBM4_bin.21.purify_k141_591589_3(Fam_6251 [★Target])
"(5016, 9913)",2,[5016],2020_JC-20W-1-0m-1_bin.85.purify_k141_422548,2020_JC-20W-1-0m-1_bin.85.purify_k141_422548_23541-25386,2020_JC-20W-1-0m-1_bin.85.purify_k141_422548_22(Fam_5016 [★Target]) --> 2020_JC-20W-1-0m-1_bin.85.purify_k141_422548_23(Fam_9913 [★Target])
"(5016, 9913)",2,[5016],2020_JC-20W-1-15m-1_bin.55.purify_k141_357361,2020_JC-20W-1-15m-1_bin.55.purify_k141_357361_23541-25386,2020_JC-20W-1-15m-1_bin.55.purify_k141_357361_22(Fam_5016 [★Target]) --> 2020_JC-20W-1-15m-1_bin.55.purify_k141_357361_23(Fam_9913 [★Target])
"(6205, 10880)",2,"[6205, 10880]",2021-QHH-W10_bin.48.purify_k141_1018044,2021-QHH-W10_bin.48.purify_k141_1018044_1184-2802,2021-QHH-W10_bin.48.purify_k141_1018044_3(Fam_6205 [★Target]) --> 2021-QHH-W10_bin.48.purify_k141_1018044_4(Fam_10880 [★Target])
"(6205, 10880)",2,"[6205, 10880]",2021-QHH-W3_bin.98.purify_k141_855847,2021-QHH-W3_bin.98.purify_k141_855847_1184-2802,2021-QHH-W3_bin.98.purify_k141_855847_3(Fam_6205 [★Target]) --> 2021-QHH-W3_bin.98.purify_k141_855847_4(Fam_10880 [★Target])
"(3956, 6940)",2,[3956],2021-QHH-W10_bin.96.purify_k141_475367,2021-QHH-W10_bin.96.purify_k141_475367_340-2351,2021-QHH-W10_bin.96.purify_k141_475367_2(Fam_6940 [★Target]) --> 2021-QHH-W10_bin.96.purify_k141_475367_3(Fam_3956 [★Target])
"(3956, 6940)",2,[3956],2021-SLCB-W4_bin.103.purify_k127_963023,2021-SLCB-W4_bin.103.purify_k127_963023_979-3063,2021-SLCB-W4_bin.103.purify_k127_963023_3(Fam_6940 [★Target]) --> 2021-SLCB-W4_bin.103.purify_k127_963023_4(Fam_3956 [★Target])
"(12515, 13440)",2,[13440],2021-QHH-W11_bin.60.purify_k141_157647,2021-QHH-W11_bin.60.purify_k141_157647_14145-14772,2021-QHH-W11_bin.60.purify_k141_157647_21(Fam_13440 [★Target]) --> 2021-QHH-W11_bin.60.purify_k141_157647_22(Fam_12515 [★Target])
"(12515, 13440)",2,[13440],2021-QHH-W13_bin.25.purify_k141_257930,2021-QHH-W13_bin.25.purify_k141_257930_58831-59458,2021-QHH-W13_bin.25.purify_k141_257930_63(Fam_13440 [★Target]) --> 2021-QHH-W13_bin.25.purify_k141_257930_64(Fam_12515 [★Target])
"(2271, 4776)",2,[4776],2021-QHH-W12_bin.101.purify_k141_760071,2021-QHH-W12_bin.101.purify_k141_760071_851-4921,2021-QHH-W12_bin.101.purify_k141_760071_2(Fam_2271 [★Target]) --> 2021-QHH-W12_bin.101.purify_k141_760071_4(Fam_4776 [★Target])
"(2271, 4776)",2,[4776],2021-QHH-W13_bin.1.purify_k141_166098,2021-QHH-W13_bin.1.purify_k141_166098_2654-6724,2021-QHH-W13_bin.1.purify_k141_166098_4(Fam_4776 [★Target]) --> 2021-QHH-W13_bin.1.purify_k141_166098_6(Fam_2271 [★Target])
"(7213, 8830)",2,[8830],2021-QHH-W12_bin.21.purify_k141_275221,2021-QHH-W12_bin.21.purify_k141_275221_863-2012,2021-QHH-W12_bin.21.purify_k141_275221_2(Fam_8830 [★Target]) --> 2021-QHH-W12_bin.21.purify_k141_275221_3(Fam_7213 [★Target])
"(7213, 8830)",2,[8830],2021-QHH-W7_bin.49.purify_k141_807438,2021-QHH-W7_bin.49.purify_k141_807438_2-1538,2021-QHH-W7_bin.49.purify_k141_807438_1(Fam_7213 [★Target]) --> 2021-QHH-W7_bin.49.purify_k141_807438_2(Fam_8830 [★Target])
"(4540, 11375)",2,[11375],2021-QHH-W12_bin.69.purify_k141_426511,2021-QHH-W12_bin.69.purify_k141_426511_1984-3625,2021-QHH-W12_bin.69.purify_k141_426511_3(Fam_11375 [★Target]) --> 2021-QHH-W12_bin.69.purify_k141_426511_4(Fam_4540 [★Target])
"(4540, 11375)",2,[11375],2021-SLCB-W3_bin.97.purify_k127_46261,2021-SLCB-W3_bin.97.purify_k127_46261_1066-2707,2021-SLCB-W3_bin.97.purify_k127_46261_2(Fam_4540 [★Target]) --> 2021-SLCB-W3_bin.97.purify_k127_46261_3(Fam_11375 [★Target])
"(7374, 7783)",2,[7374],2021-QHH-W13_bin.37.purify_k141_613258,2021-QHH-W13_bin.37.purify_k141_613258_12351-14020,2021-QHH-W13_bin.37.purify_k141_613258_10(Fam_7374 [★Target]) --> 2021-QHH-W13_bin.37.purify_k141_613258_11(Fam_7783 [★Target])
"(7374, 7783)",2,[7374],2021-YBJ-W3_bin.248.purify_k127_1585306,2021-YBJ-W3_bin.248.purify_k127_1585306_23331-25015,2021-YBJ-W3_bin.248.purify_k127_1585306_22(Fam_7374 [★Target]) --> 2021-YBJ-W3_bin.248.purify_k127_1585306_23(Fam_7783 [★Target])
"(5561, 13746)",2,[5561],2021-QHH-W13_bin.44.purify_k141_661208,2021-QHH-W13_bin.44.purify_k141_661208_6521-7018,2021-QHH-W13_bin.44.purify_k141_661208_8(Fam_13746 [★Target]) --> 2021-QHH-W13_bin.44.purify_k141_661208_9(Fam_5561 [★Target])
"(5561, 13746)",2,[5561],2021-QHH-W7_bin.59.purify_k141_677201,2021-QHH-W7_bin.59.purify_k141_677201_6291-6788,2021-QHH-W7_bin.59.purify_k141_677201_8(Fam_13746 [★Target]) --> 2021-QHH-W7_bin.59.purify_k141_677201_9(Fam_5561 [★Target])
"(5004, 10756)",2,"[5004, 10756]",2021-QHH-W17_bin.33.purify_k141_258257,2021-QHH-W17_bin.33.purify_k141_258257_4297-5912,2021-QHH-W17_bin.33.purify_k141_258257_7(Fam_5004 [★Target]) --> 2021-QHH-W17_bin.33.purify_k141_258257_8(Fam_10756 [★Target])
"(5004, 10756)",2,"[5004, 10756]",2021-QHH-W1_bin.66.purify_k141_908156,2021-QHH-W1_bin.66.purify_k141_908156_7027-8642,2021-QHH-W1_bin.66.purify_k141_908156_10(Fam_5004 [★Target]) --> 2021-QHH-W1_bin.66.purify_k141_908156_11(Fam_10756 [★Target])
"(7993, 10090)",2,[10090],2021-LU-W5_bin.58.purify_k127_3474129,2021-LU-W5_bin.58.purify_k127_3474129_1045-2430,2021-LU-W5_bin.58.purify_k127_3474129_3(Fam_10090 [★Target]) --> 2021-LU-W5_bin.58.purify_k127_3474129_4(Fam_7993 [★Target])
"(7993, 10090)",2,[10090],2021-TLHSD-W1_bin.9.purify_k127_4386167,2021-TLHSD-W1_bin.9.purify_k127_4386167_1192-2580,2021-TLHSD-W1_bin.9.purify_k127_4386167_3(Fam_10090 [★Target]) --> 2021-TLHSD-W1_bin.9.purify_k127_4386167_4(Fam_7993 [★Target])
"(3224, 8713)",2,[8713],2021-LU-W5_bin.85.purify_k127_5714217,2021-LU-W5_bin.85.purify_k127_5714217_25531-27445,2021-LU-W5_bin.85.purify_k127_5714217_17(Fam_3224 [★Target]) --> 2021-LU-W5_bin.85.purify_k127_5714217_18(Fam_8713 [★Target])
"(3224, 8713)",2,[8713],2021-ND-W6_bin.68.purify_k141_121893,2021-ND-W6_bin.68.purify_k141_121893_36611-38626,2021-ND-W6_bin.68.purify_k141_121893_29(Fam_3224 [★Target]) --> 2021-ND-W6_bin.68.purify_k141_121893_30(Fam_8713 [★Target])
"(4172, 8677)",2,[4172],2021-LU-W6_bin.1.purify_k127_2009876,2021-LU-W6_bin.1.purify_k127_2009876_1-1659,2021-LU-W6_bin.1.purify_k127_2009876_1(Fam_8677 [★Target]) --> 2021-LU-W6_bin.1.purify_k127_2009876_2(Fam_4172 [★Target])
"(4172, 8677)",2,[4172],2021-TMRSD-W5_bin.43.purify_k141_141387,2021-TMRSD-W5_bin.43.purify_k141_141387_3804-5717,2021-TMRSD-W5_bin.43.purify_k141_141387_5(Fam_4172 [★Target]) --> 2021-TMRSD-W5_bin.43.purify_k141_141387_6(Fam_8677 [★Target])
"(142, 263)",2,[263],2021-LU-W9_bin.14.purify_k127_1211332,2021-LU-W9_bin.14.purify_k127_1211332_3-4293,2021-LU-W9_bin.14.purify_k127_1211332_1(Fam_142 [★Target]) --> 2021-LU-W9_bin.14.purify_k127_1211332_2(Fam_263 [★Target])
"(142, 263)",2,[263],2021-YBJ-W3_bin.216.purify_k127_306748,2021-YBJ-W3_bin.216.purify_k127_306748_280-5512,2021-YBJ-W3_bin.216.purify_k127_306748_2(Fam_142 [★Target]) --> 2021-YBJ-W3_bin.216.purify_k127_306748_3(Fam_263 [★Target])
"(3427, 7842)",2,[3427],2021-LU-W9_bin.165.purify_k127_656716,2021-LU-W9_bin.165.purify_k127_656716_65542-67565,2021-LU-W9_bin.165.purify_k127_656716_60(Fam_7842 [★Target]) --> 2021-LU-W9_bin.165.purify_k127_656716_61(Fam_3427 [★Target])
"(3427, 7842)",2,[3427],2021-SD-W62_bin.84.purify_k127_1195660,2021-SD-W62_bin.84.purify_k127_1195660_17306-19385,2021-SD-W62_bin.84.purify_k127_1195660_13(Fam_3427 [★Target]) --> 2021-SD-W62_bin.84.purify_k127_1195660_14(Fam_7842 [★Target])
"(10979, 11838)",2,"[10979, 11838]",2021-ND-W1_bin.177.purify_k141_1273050,2021-ND-W1_bin.177.purify_k141_1273050_7462-8360,2021-ND-W1_bin.177.purify_k141_1273050_7(Fam_11838 [★Target]) --> 2021-ND-W1_bin.177.purify_k141_1273050_8(Fam_10979 [★Target])
"(10979, 11838)",2,"[10979, 11838]",2021-YMQ0.5-W1_bin.11.purify_k141_2440222,2021-YMQ0.5-W1_bin.11.purify_k141_2440222_8309-9252,2021-YMQ0.5-W1_bin.11.purify_k141_2440222_8(Fam_11838 [★Target]) --> 2021-YMQ0.5-W1_bin.11.purify_k141_2440222_9(Fam_10979 [★Target])
"(8220, 10217)",2,[8220],2021-ND-W3_bin.114.purify_k141_457917,2021-ND-W3_bin.114.purify_k141_457917_513-1847,2021-ND-W3_bin.114.purify_k141_457917_2(Fam_10217 [★Target]) --> 2021-ND-W3_bin.114.purify_k141_457917_3(Fam_8220 [★Target])
"(8220, 10217)",2,[8220],2021-ND-W6_bin.41.purify_k141_677089,2021-ND-W6_bin.41.purify_k141_677089_459-1793,2021-ND-W6_bin.41.purify_k141_677089_2(Fam_10217 [★Target]) --> 2021-ND-W6_bin.41.purify_k141_677089_3(Fam_8220 [★Target])
"(3680, 10463)",2,[10463],2021-ND-W5_bin.57.purify_k141_774735,2021-ND-W5_bin.57.purify_k141_774735_1472-3258,2021-ND-W5_bin.57.purify_k141_774735_2(Fam_10463 [★Target]) --> 2021-ND-W5_bin.57.purify_k141_774735_3(Fam_3680 [★Target])
"(3680, 10463)",2,[10463],2021-SLCB-W5_bin.63.purify_k127_938302,2021-SLCB-W5_bin.63.purify_k127_938302_11546-13332,2021-SLCB-W5_bin.63.purify_k127_938302_8(Fam_10463 [★Target]) --> 2021-SLCB-W5_bin.63.purify_k127_938302_9(Fam_3680 [★Target])
"(1670, 2057)",2,[1670],2021-ND-W6_bin.104.purify_k141_1704667,2021-ND-W6_bin.104.purify_k141_1704667_11919-15384,2021-ND-W6_bin.104.purify_k141_1704667_11(Fam_1670 [★Target]) --> 2021-ND-W6_bin.104.purify_k141_1704667_12(Fam_2057 [★Target])
"(1670, 2057)",2,[1670],2021-ND-W7_bin.36.purify_k141_920722,2021-ND-W7_bin.36.purify_k141_920722_11919-15384,2021-ND-W7_bin.36.purify_k141_920722_11(Fam_1670 [★Target]) --> 2021-ND-W7_bin.36.purify_k141_920722_12(Fam_2057 [★Target])
"(13287, 13658)",2,[13658],2021-SLCB-W1_bin.117.purify_k127_1780438,2021-SLCB-W1_bin.117.purify_k127_1780438_1524-1968,2021-SLCB-W1_bin.117.purify_k127_1780438_3(Fam_13658 [★Target]) --> 2021-SLCB-W1_bin.117.purify_k127_1780438_4(Fam_13287 [★Target])
"(13287, 13658)",2,[13658],2021-SLCB-W4_bin.79.purify_k127_1652144,2021-SLCB-W4_bin.79.purify_k127_1652144_1843-2383,2021-SLCB-W4_bin.79.purify_k127_1652144_3(Fam_13658 [★Target]) --> 2021-SLCB-W4_bin.79.purify_k127_1652144_4(Fam_13287 [★Target])
"(3335, 6989, 9566)",2,"[3335, 6989]",2021-SLCB-W1_bin.3.purify_k127_542181,2021-SLCB-W1_bin.3.purify_k127_542181_5007-8654,2021-SLCB-W1_bin.3.purify_k127_542181_7(Fam_6989 [★Target]) --> 2021-SLCB-W1_bin.3.purify_k127_542181_9(Fam_3335 [★Target]) --> 2021-SLCB-W1_bin.3.purify_k127_542181_10(Fam_9566 [★Target])
"(3335, 6989, 9566)",2,"[3335, 6989]",2021-SLCB-W3_bin.61.purify_k127_606072,2021-SLCB-W3_bin.61.purify_k127_606072_5007-8654,2021-SLCB-W3_bin.61.purify_k127_606072_7(Fam_6989 [★Target]) --> 2021-SLCB-W3_bin.61.purify_k127_606072_9(Fam_3335 [★Target]) --> 2021-SLCB-W3_bin.61.purify_k127_606072_10(Fam_9566 [★Target])
"(1254, 6030)",2,[6030],2021-SLCB-W1_bin.4.purify_k127_18888,2021-SLCB-W1_bin.4.purify_k127_18888_2427-5643,2021-SLCB-W1_bin.4.purify_k127_18888_5(Fam_1254 [★Target]) --> 2021-SLCB-W1_bin.4.purify_k127_18888_6(Fam_6030 [★Target])
"(1254, 6030)",2,[6030],2021-ZJZB-W70_bin.77.purify_k127_1061737,2021-ZJZB-W70_bin.77.purify_k127_1061737_2420-5636,2021-ZJZB-W70_bin.77.purify_k127_1061737_5(Fam_1254 [★Target]) --> 2021-ZJZB-W70_bin.77.purify_k127_1061737_6(Fam_6030 [★Target])
"(12341, 14092)",2,[12341],2021-SLCB-W1_bin.83.purify_k127_979683,2021-SLCB-W1_bin.83.purify_k127_979683_8948-9518,2021-SLCB-W1_bin.83.purify_k127_979683_5(Fam_14092 [★Target]) --> 2021-SLCB-W1_bin.83.purify_k127_979683_6(Fam_12341 [★Target])
"(12341, 14092)",2,[12341],2021-SLCB-W3_bin.30.purify_k127_497633,2021-SLCB-W3_bin.30.purify_k127_497633_7285-7855,2021-SLCB-W3_bin.30.purify_k127_497633_6(Fam_12341 [★Target]) --> 2021-SLCB-W3_bin.30.purify_k127_497633_7(Fam_14092 [★Target])
"(3686, 8256)",2,"[3686, 8256]",2021-SLCB-W1_bin.94.purify_k127_1463670,2021-SLCB-W1_bin.94.purify_k127_1463670_1359-3435,2021-SLCB-W1_bin.94.purify_k127_1463670_4(Fam_8256 [★Target]) --> 2021-SLCB-W1_bin.94.purify_k127_1463670_5(Fam_3686 [★Target])
"(3686, 8256)",2,"[3686, 8256]",2021-SLCB-W3_bin.93.purify_k127_733673,2021-SLCB-W3_bin.93.purify_k127_733673_1359-3435,2021-SLCB-W3_bin.93.purify_k127_733673_4(Fam_8256 [★Target]) --> 2021-SLCB-W3_bin.93.purify_k127_733673_5(Fam_3686 [★Target])
"(7811, 9542)",2,[7811],2021-SLCB-W5_bin.15.purify_k127_313423,2021-SLCB-W5_bin.15.purify_k127_313423_227-1614,2021-SLCB-W5_bin.15.purify_k127_313423_2(Fam_7811 [★Target]) --> 2021-SLCB-W5_bin.15.purify_k127_313423_3(Fam_9542 [★Target])
"(7811, 9542)",2,[7811],2021-ZJZB-W4_bin.64.purify_k127_1195183,2021-ZJZB-W4_bin.64.purify_k127_1195183_2201-3588,2021-ZJZB-W4_bin.64.purify_k127_1195183_6(Fam_7811 [★Target]) --> 2021-ZJZB-W4_bin.64.purify_k127_1195183_7(Fam_9542 [★Target])
"(2489, 7765)",2,[2489],2021-SLHSD-W1_bin.75.purify_k141_505098,2021-SLHSD-W1_bin.75.purify_k141_505098_423-2605,2021-SLHSD-W1_bin.75.purify_k141_505098_2(Fam_7765 [★Target]) --> 2021-SLHSD-W1_bin.75.purify_k141_505098_3(Fam_2489 [★Target])
"(2489, 7765)",2,[2489],2021-YBJ-W1_bin.102.purify_k127_2611286,2021-YBJ-W1_bin.102.purify_k127_2611286_3-1993,2021-YBJ-W1_bin.102.purify_k127_2611286_1(Fam_2489 [★Target]) --> 2021-YBJ-W1_bin.102.purify_k127_2611286_2(Fam_7765 [★Target])
"(1572, 3685)",2,[3685],2021-QHH-W17_bin.44.purify_k141_181742,2021-QHH-W17_bin.44.purify_k141_181742_10505-13146,2021-QHH-W17_bin.44.purify_k141_181742_11(Fam_3685 [★Target]) --> 2021-QHH-W17_bin.44.purify_k141_181742_12(Fam_1572 [★Target])
"(1572, 3685)",2,[3685],2021-QHH-W3_bin.37.purify_k141_325183,2021-QHH-W3_bin.37.purify_k141_325183_10510-13802,2021-QHH-W3_bin.37.purify_k141_325183_11(Fam_3685 [★Target]) --> 2021-QHH-W3_bin.37.purify_k141_325183_12(Fam_1572 [★Target])
"(7592, 10978)",2,"[7592, 10978]",2021-TLHSD-W3_bin.105.purify_k141_42491,2021-TLHSD-W3_bin.105.purify_k141_42491_1388-2998,2021-TLHSD-W3_bin.105.purify_k141_42491_3(Fam_7592 [★Target]) --> 2021-TLHSD-W3_bin.105.purify_k141_42491_4(Fam_10978 [★Target])
"(7592, 10978)",2,"[7592, 10978]",2021-TMRSD-W3_bin.105.purify_k141_42491,2021-TMRSD-W3_bin.105.purify_k141_42491_1388-2998,2021-TMRSD-W3_bin.105.purify_k141_42491_3(Fam_7592 [★Target]) --> 2021-TMRSD-W3_bin.105.purify_k141_42491_4(Fam_10978 [★Target])
"(10431, 12216)",2,[12216],2021-TLHSD-W3_bin.11.purify_k141_3904083,2021-TLHSD-W3_bin.11.purify_k141_3904083_675-1601,2021-TLHSD-W3_bin.11.purify_k141_3904083_2(Fam_12216 [★Target]) --> 2021-TLHSD-W3_bin.11.purify_k141_3904083_3(Fam_10431 [★Target])
"(10431, 12216)",2,[12216],2021-TMRSD-W3_bin.11.purify_k141_3904083,2021-TMRSD-W3_bin.11.purify_k141_3904083_675-1601,2021-TMRSD-W3_bin.11.purify_k141_3904083_2(Fam_12216 [★Target]) --> 2021-TMRSD-W3_bin.11.purify_k141_3904083_3(Fam_10431 [★Target])
"(274, 2109, 4151, 6560)",2,[6560],2021-TLHSD-W3_bin.110.purify_k141_3746829,2021-TLHSD-W3_bin.110.purify_k141_3746829_18510-25587,2021-TLHSD-W3_bin.110.purify_k141_3746829_24(Fam_6560 [★Target]) --> 2021-TLHSD-W3_bin.110.purify_k141_3746829_25(Fam_2109 [★Target]) --> 2021-TLHSD-W3_bin.110.purify_k141_3746829_26(Fam_4151 [★Target]) --> 2021-TLHSD-W3_bin.110.purify_k141_3746829_27(Fam_274 [★Target])
"(274, 2109, 4151, 6560)",2,[6560],2021-TMRSD-W3_bin.110.purify_k141_3746829,2021-TMRSD-W3_bin.110.purify_k141_3746829_18510-25587,2021-TMRSD-W3_bin.110.purify_k141_3746829_24(Fam_6560 [★Target]) --> 2021-TMRSD-W3_bin.110.purify_k141_3746829_25(Fam_2109 [★Target]) --> 2021-TMRSD-W3_bin.110.purify_k141_3746829_26(Fam_4151 [★Target]) --> 2021-TMRSD-W3_bin.110.purify_k141_3746829_27(Fam_274 [★Target])
"(8125, 10587)",2,"[8125, 10587]",2021-TLHSD-W3_bin.117.purify_k141_68571,2021-TLHSD-W3_bin.117.purify_k141_68571_1-1593,2021-TLHSD-W3_bin.117.purify_k141_68571_1(Fam_8125 [★Target]) --> 2021-TLHSD-W3_bin.117.purify_k141_68571_2(Fam_10587 [★Target])
"(8125, 10587)",2,"[8125, 10587]",2021-TMRSD-W3_bin.117.purify_k141_68571,2021-TMRSD-W3_bin.117.purify_k141_68571_1-1593,2021-TMRSD-W3_bin.117.purify_k141_68571_1(Fam_8125 [★Target]) --> 2021-TMRSD-W3_bin.117.purify_k141_68571_2(Fam_10587 [★Target])
"(6790, 9749)",2,"[6790, 9749]",2021-TLHSD-W3_bin.132.purify_k141_3175484,2021-TLHSD-W3_bin.132.purify_k141_3175484_20110-21710,2021-TLHSD-W3_bin.132.purify_k141_3175484_19(Fam_9749 [★Target]) --> 2021-TLHSD-W3_bin.132.purify_k141_3175484_20(Fam_6790 [★Target])
"(6790, 9749)",2,"[6790, 9749]",2021-TMRSD-W3_bin.132.purify_k141_3175484,2021-TMRSD-W3_bin.132.purify_k141_3175484_20110-21710,2021-TMRSD-W3_bin.132.purify_k141_3175484_19(Fam_9749 [★Target]) --> 2021-TMRSD-W3_bin.132.purify_k141_3175484_20(Fam_6790 [★Target])
"(1186, 8507)",2,[8507],2021-SLHSD-W2_bin.50.purify_k141_2504346,2021-SLHSD-W2_bin.50.purify_k141_2504346_702-3447,2021-SLHSD-W2_bin.50.purify_k141_2504346_2(Fam_1186 [★Target]) --> 2021-SLHSD-W2_bin.50.purify_k141_2504346_3(Fam_8507 [★Target])
"(1186, 8507)",2,[8507],2021-SLHSD-W5_bin.70.purify_k127_2171302,2021-SLHSD-W5_bin.70.purify_k127_2171302_2-2927,2021-SLHSD-W5_bin.70.purify_k127_2171302_1(Fam_8507 [★Target]) --> 2021-SLHSD-W5_bin.70.purify_k127_2171302_2(Fam_1186 [★Target])
"(6670, 7784)",2,[7784],2021-QHH-W2_bin.91.purify_k141_405253,2021-QHH-W2_bin.91.purify_k141_405253_8735-11096,2021-QHH-W2_bin.91.purify_k141_405253_9(Fam_6670 [★Target]) --> 2021-QHH-W2_bin.91.purify_k141_405253_10(Fam_7784 [★Target])
"(6670, 7784)",2,[7784],2021-QHH-W5_bin.21.purify_k141_773488,2021-QHH-W5_bin.21.purify_k141_773488_21635-23996,2021-QHH-W5_bin.21.purify_k141_773488_23(Fam_6670 [★Target]) --> 2021-QHH-W5_bin.21.purify_k141_773488_24(Fam_7784 [★Target])
"(4021, 8537)",2,[8537],2021-QHH-W4_bin.21.purify_k141_276049,2021-QHH-W4_bin.21.purify_k141_276049_39222-41139,2021-QHH-W4_bin.21.purify_k141_276049_38(Fam_8537 [★Target]) --> 2021-QHH-W4_bin.21.purify_k141_276049_39(Fam_4021 [★Target])
"(4021, 8537)",2,[8537],2021-ZJZBSD-W51_bin.60.purify_k127_1346839,2021-ZJZBSD-W51_bin.60.purify_k127_1346839_513-2412,2021-ZJZBSD-W51_bin.60.purify_k127_1346839_2(Fam_4021 [★Target]) --> 2021-ZJZBSD-W51_bin.60.purify_k127_1346839_3(Fam_8537 [★Target])
"(50, 2942, 9010)",2,"[2942, 9010]",2021-QHH-W5_bin.48.purify_k141_494388,2021-QHH-W5_bin.48.purify_k141_494388_4321-11391,2021-QHH-W5_bin.48.purify_k141_494388_4(Fam_2942 [★Target]) --> 2021-QHH-W5_bin.48.purify_k141_494388_5(Fam_9010 [★Target]) --> 2021-QHH-W5_bin.48.purify_k141_494388_6(Fam_50 [★Target])
"(50, 2942, 9010)",2,"[2942, 9010]",2021-YMQ1-W1_bin.143.purify_k141_975992,2021-YMQ1-W1_bin.143.purify_k141_975992_4321-11391,2021-YMQ1-W1_bin.143.purify_k141_975992_4(Fam_2942 [★Target]) --> 2021-YMQ1-W1_bin.143.purify_k141_975992_5(Fam_9010 [★Target]) --> 2021-YMQ1-W1_bin.143.purify_k141_975992_6(Fam_50 [★Target])
"(3809, 12119)",2,[3809],2021-QHH-W9_bin.5.purify_k141_374794,2021-QHH-W9_bin.5.purify_k141_374794_2085-3728,2021-QHH-W9_bin.5.purify_k141_374794_3(Fam_3809 [★Target]) --> 2021-QHH-W9_bin.5.purify_k141_374794_4(Fam_12119 [★Target])
"(3809, 12119)",2,[3809],2021-YMQ3-W1_bin.114.purify_k141_228144,2021-YMQ3-W1_bin.114.purify_k141_228144_2022-3665,2021-YMQ3-W1_bin.114.purify_k141_228144_3(Fam_3809 [★Target]) --> 2021-YMQ3-W1_bin.114.purify_k141_228144_4(Fam_12119 [★Target])
"(4022, 9025)",2,"[4022, 9025]",2021-SD-W41_bin.127.purify_k127_6040213,2021-SD-W41_bin.127.purify_k127_6040213_142846-144758,2021-SD-W41_bin.127.purify_k127_6040213_133(Fam_9025 [★Target]) --> 2021-SD-W41_bin.127.purify_k127_6040213_134(Fam_4022 [★Target])
"(4022, 9025)",2,"[4022, 9025]",2021-ZJZB-W70_bin.67.purify_k127_296376,2021-ZJZB-W70_bin.67.purify_k127_296376_142846-144758,2021-ZJZB-W70_bin.67.purify_k127_296376_133(Fam_9025 [★Target]) --> 2021-ZJZB-W70_bin.67.purify_k127_296376_134(Fam_4022 [★Target])
"(3979, 7876)",2,[3979],2021-SD-W41_bin.132.purify_k127_2280126,2021-SD-W41_bin.132.purify_k127_2280126_144894-146859,2021-SD-W41_bin.132.purify_k127_2280126_129(Fam_3979 [★Target]) --> 2021-SD-W41_bin.132.purify_k127_2280126_130(Fam_7876 [★Target])
"(3979, 7876)",2,[3979],2021-SD-W42_bin.6.purify_k127_48718,2021-SD-W42_bin.6.purify_k127_48718_52902-54867,2021-SD-W42_bin.6.purify_k127_48718_49(Fam_3979 [★Target]) --> 2021-SD-W42_bin.6.purify_k127_48718_50(Fam_7876 [★Target])
"(6229, 8165)",2,[8165],2021-SD-W41_bin.42.purify_k127_7786406,2021-SD-W41_bin.42.purify_k127_7786406_189-1917,2021-SD-W41_bin.42.purify_k127_7786406_2(Fam_8165 [★Target]) --> 2021-SD-W41_bin.42.purify_k127_7786406_3(Fam_6229 [★Target])
"(6229, 8165)",2,[8165],2021-ZJZB-W31_bin.59.purify_k127_5991966,2021-ZJZB-W31_bin.59.purify_k127_5991966_1-1440,2021-ZJZB-W31_bin.59.purify_k127_5991966_1(Fam_8165 [★Target]) --> 2021-ZJZB-W31_bin.59.purify_k127_5991966_2(Fam_6229 [★Target])
"(3426, 5447, 6238)",2,[3426],2021-SD-W61_bin.83.purify_k127_2218388,2021-SD-W61_bin.83.purify_k127_2218388_15748-19014,2021-SD-W61_bin.83.purify_k127_2218388_15(Fam_3426 [★Target]) --> 2021-SD-W61_bin.83.purify_k127_2218388_16(Fam_6238 [★Target]) --> 2021-SD-W61_bin.83.purify_k127_2218388_17(Fam_5447 [★Target])
"(3426, 5447, 6238)",2,[3426],2021-ZJZBSD-W51_bin.25.purify_k127_1011294,2021-ZJZBSD-W51_bin.25.purify_k127_1011294_10602-13868,2021-ZJZBSD-W51_bin.25.purify_k127_1011294_12(Fam_5447 [★Target]) --> 2021-ZJZBSD-W51_bin.25.purify_k127_1011294_13(Fam_6238 [★Target]) --> 2021-ZJZBSD-W51_bin.25.purify_k127_1011294_14(Fam_3426 [★Target])
"(2114, 5548)",2,[5548],2021-SD-W62_bin.112.purify_k127_228081,2021-SD-W62_bin.112.purify_k127_228081_3-2301,2021-SD-W62_bin.112.purify_k127_228081_1(Fam_2114 [★Target]) --> 2021-SD-W62_bin.112.purify_k127_228081_2(Fam_5548 [★Target])
"(2114, 5548)",2,[5548],2021-SD-W62_bin.73.purify_k127_221421,2021-SD-W62_bin.73.purify_k127_221421_3-2301,2021-SD-W62_bin.73.purify_k127_221421_1(Fam_2114 [★Target]) --> 2021-SD-W62_bin.73.purify_k127_221421_2(Fam_5548 [★Target])
"(5907, 9469)",2,[5907],2021-SD-W62_bin.51.purify_k127_385518,2021-SD-W62_bin.51.purify_k127_385518_1343-3047,2021-SD-W62_bin.51.purify_k127_385518_5(Fam_9469 [★Target]) --> 2021-SD-W62_bin.51.purify_k127_385518_6(Fam_5907 [★Target])
"(5907, 9469)",2,[5907],2021-SLHSD-W4_bin.55.purify_k127_3430195,2021-SLHSD-W4_bin.55.purify_k127_3430195_870-2475,2021-SLHSD-W4_bin.55.purify_k127_3430195_4(Fam_9469 [★Target]) --> 2021-SLHSD-W4_bin.55.purify_k127_3430195_5(Fam_5907 [★Target])
"(2357, 5193)",2,[5193],2021-QHH-W9_bin.106.purify_k141_197999,2021-QHH-W9_bin.106.purify_k141_197999_399-2491,2021-QHH-W9_bin.106.purify_k141_197999_2(Fam_2357 [★Target]) --> 2021-QHH-W9_bin.106.purify_k141_197999_3(Fam_5193 [★Target])
"(2357, 5193)",2,[5193],2021-YMQ2-W1_bin.48.purify_k141_493423,2021-YMQ2-W1_bin.48.purify_k141_493423_399-2491,2021-YMQ2-W1_bin.48.purify_k141_493423_2(Fam_2357 [★Target]) --> 2021-YMQ2-W1_bin.48.purify_k141_493423_3(Fam_5193 [★Target])
"(13366, 14056)",2,[14056],2021-CE-W3_bin.51.purify_k127_174243,2021-CE-W3_bin.51.purify_k127_174243_1-608,2021-CE-W3_bin.51.purify_k127_174243_1(Fam_14056 [★Target]) --> 2021-CE-W3_bin.51.purify_k127_174243_2(Fam_13366 [★Target])
"(13366, 14056)",2,[14056],2021-CE-W4_bin.17.purify_k127_816483,2021-CE-W4_bin.17.purify_k127_816483_1-608,2021-CE-W4_bin.17.purify_k127_816483_1(Fam_14056 [★Target]) --> 2021-CE-W4_bin.17.purify_k127_816483_2(Fam_13366 [★Target])
"(1437, 2219)",2,[2219],2021-CE-W3_bin.93.purify_k127_560721,2021-CE-W3_bin.93.purify_k127_560721_65-3443,2021-CE-W3_bin.93.purify_k127_560721_1(Fam_2219 [★Target]) --> 2021-CE-W3_bin.93.purify_k127_560721_4(Fam_1437 [★Target])
"(1437, 2219)",2,[2219],2021-NRPC-LBM2_bin.28.purify_k141_258440,2021-NRPC-LBM2_bin.28.purify_k141_258440_686-3404,2021-NRPC-LBM2_bin.28.purify_k141_258440_2(Fam_2219 [★Target]) --> 2021-NRPC-LBM2_bin.28.purify_k141_258440_5(Fam_1437 [★Target])
"(326, 3279, 6489, 6796)",2,[3279],2021-CE-W3_bin.95.purify_k127_36147,2021-CE-W3_bin.95.purify_k127_36147_3524-10490,2021-CE-W3_bin.95.purify_k127_36147_4(Fam_6489 [★Target]) --> 2021-CE-W3_bin.95.purify_k127_36147_5(Fam_326 [★Target]) --> 2021-CE-W3_bin.95.purify_k127_36147_6(Fam_6796 [★Target]) --> 2021-CE-W3_bin.95.purify_k127_36147_8(Fam_3279 [★Target])
"(326, 3279, 6489, 6796)",2,[3279],2021-CE-W4_bin.59.purify_k127_159973,2021-CE-W4_bin.59.purify_k127_159973_2931-9897,2021-CE-W4_bin.59.purify_k127_159973_4(Fam_3279 [★Target]) --> 2021-CE-W4_bin.59.purify_k127_159973_6(Fam_6796 [★Target]) --> 2021-CE-W4_bin.59.purify_k127_159973_7(Fam_326 [★Target]) --> 2021-CE-W4_bin.59.purify_k127_159973_8(Fam_6489 [★Target])
"(440, 9598)",2,[440],2021-CE-W4_bin.101.purify_k127_954491,2021-CE-W4_bin.101.purify_k127_954491_1-1663,2021-CE-W4_bin.101.purify_k127_954491_1(Fam_440 [★Target]) --> 2021-CE-W4_bin.101.purify_k127_954491_2(Fam_9598 [★Target])
"(440, 9598)",2,[440],2021-HHXL-5M-W1_bin.68.purify_k141_1105443,2021-HHXL-5M-W1_bin.68.purify_k141_1105443_1-5720,2021-HHXL-5M-W1_bin.68.purify_k141_1105443_1(Fam_473) --> 2021-HHXL-5M-W1_bin.68.purify_k141_1105443_3(Fam_9598 [★Target]) --> 2021-HHXL-5M-W1_bin.68.purify_k141_1105443_4(Fam_440 [★Target])
"(440, 9598)",2,[440],2021-YMQ5-W1_bin.49.purify_k141_1480032,2021-YMQ5-W1_bin.49.purify_k141_1480032_355-1897,2021-YMQ5-W1_bin.49.purify_k141_1480032_2(Fam_9598 [★Target]) --> 2021-YMQ5-W1_bin.49.purify_k141_1480032_3(Fam_440 [★Target])
"(969, 1299)",2,[969],2021-CE-W4_bin.40.purify_k127_594474,2021-CE-W4_bin.40.purify_k127_594474_28537-32909,2021-CE-W4_bin.40.purify_k127_594474_23(Fam_1299 [★Target]) --> 2021-CE-W4_bin.40.purify_k127_594474_24(Fam_969 [★Target])
"(969, 1299)",2,[969],2021-DTH-W5_bin.4.purify_k127_442092,2021-DTH-W5_bin.4.purify_k127_442092_3975-8378,2021-DTH-W5_bin.4.purify_k127_442092_4(Fam_969 [★Target]) --> 2021-DTH-W5_bin.4.purify_k127_442092_5(Fam_1299 [★Target])
"(969, 1299)",2,[969],2021-DTH-W6_bin.146.purify_k141_1045583,2021-DTH-W6_bin.146.purify_k141_1045583_12202-19742,2021-DTH-W6_bin.146.purify_k141_1045583_15(Fam_1299 [★Target]) --> 2021-DTH-W6_bin.146.purify_k141_1045583_16(Fam_969 [★Target]) --> 2021-DTH-W6_bin.146.purify_k141_1045583_18(Fam_4878) --> 2021-DTH-W6_bin.146.purify_k141_1045583_19(Fam_3444)
"(969, 1299)",2,[969],2021-LU-W3_bin.90.purify_k127_2815083,2021-LU-W3_bin.90.purify_k127_2815083_3736-11654,2021-LU-W3_bin.90.purify_k127_2815083_5(Fam_1299 [★Target]) --> 2021-LU-W3_bin.90.purify_k127_2815083_6(Fam_969 [★Target]) --> 2021-LU-W3_bin.90.purify_k127_2815083_7(Fam_2859) --> 2021-LU-W3_bin.90.purify_k127_2815083_8(Fam_1186)
"(2556, 3076)",2,[2556],2021-CMY-W3_bin.13.purify_k127_1945708,2021-CMY-W3_bin.13.purify_k127_1945708_279-3495,2021-CMY-W3_bin.13.purify_k127_1945708_2(Fam_3076 [★Target]) --> 2021-CMY-W3_bin.13.purify_k127_1945708_3(Fam_2556 [★Target])
"(2556, 3076)",2,[2556],2021-DTH-W4_bin.11.purify_k127_4662018,2021-DTH-W4_bin.11.purify_k127_4662018_279-3495,2021-DTH-W4_bin.11.purify_k127_4662018_2(Fam_3076 [★Target]) --> 2021-DTH-W4_bin.11.purify_k127_4662018_3(Fam_2556 [★Target])
"(4008, 13213)",2,[13213],2021-CMY-W3_bin.13.purify_k127_2300452,2021-CMY-W3_bin.13.purify_k127_2300452_2702-4227,2021-CMY-W3_bin.13.purify_k127_2300452_4(Fam_13213 [★Target]) --> 2021-CMY-W3_bin.13.purify_k127_2300452_5(Fam_4008 [★Target])
"(4008, 13213)",2,[13213],2021-DTH-W5_bin.45.purify_k127_2795947,2021-DTH-W5_bin.45.purify_k127_2795947_120-1645,2021-DTH-W5_bin.45.purify_k127_2795947_1(Fam_4008 [★Target]) --> 2021-DTH-W5_bin.45.purify_k127_2795947_2(Fam_13213 [★Target])
"(2520, 10510)",2,[2520],2021-LU-W5_bin.37.purify_k127_3271476,2021-LU-W5_bin.37.purify_k127_3271476_1627-3487,2021-LU-W5_bin.37.purify_k127_3271476_4(Fam_2520 [★Target]) --> 2021-LU-W5_bin.37.purify_k127_3271476_5(Fam_10510 [★Target])
"(2520, 10510)",2,[2520],HS-38-3_bin.13.purify_k141_61667,HS-38-3_bin.13.purify_k141_61667_3732-5787,HS-38-3_bin.13.purify_k141_61667_5(Fam_10510 [★Target]) --> HS-38-3_bin.13.purify_k141_61667_6(Fam_2520 [★Target])
"(47, 14308)",2,[14308],2021-CNB-W1_bin.38.purify_k127_594746,2021-CNB-W1_bin.38.purify_k127_594746_97-429,2021-CNB-W1_bin.38.purify_k127_594746_2(Fam_47 [★Target]) --> 2021-CNB-W1_bin.38.purify_k127_594746_3(Fam_14308 [★Target])
"(47, 14308)",2,[14308],2021-CNB-W2_bin.23.purify_k127_217414,2021-CNB-W2_bin.23.purify_k127_217414_97-429,2021-CNB-W2_bin.23.purify_k127_217414_2(Fam_47 [★Target]) --> 2021-CNB-W2_bin.23.purify_k127_217414_3(Fam_14308 [★Target])
"(618, 716)",2,[716],2021-CNB-W2_bin.23.purify_k127_1299710,2021-CNB-W2_bin.23.purify_k127_1299710_5440-10903,2021-CNB-W2_bin.23.purify_k127_1299710_6(Fam_618 [★Target]) --> 2021-CNB-W2_bin.23.purify_k127_1299710_7(Fam_716 [★Target])
"(618, 716)",2,[716],2021-CNXB-W1_bin.81.purify_k127_3431183,2021-CNXB-W1_bin.81.purify_k127_3431183_9982-15034,2021-CNXB-W1_bin.81.purify_k127_3431183_8(Fam_618 [★Target]) --> 2021-CNXB-W1_bin.81.purify_k127_3431183_9(Fam_716 [★Target])
"(7870, 10904)",2,[7870],2021-CMY-W3_bin.13.purify_k127_2792996,2021-CMY-W3_bin.13.purify_k127_2792996_1519-2900,2021-CMY-W3_bin.13.purify_k127_2792996_3(Fam_10904 [★Target]) --> 2021-CMY-W3_bin.13.purify_k127_2792996_4(Fam_7870 [★Target])
"(7870, 10904)",2,[7870],2021-TLH-W3_bin.64.purify_k127_1335364,2021-TLH-W3_bin.64.purify_k127_1335364_1054-2435,2021-TLH-W3_bin.64.purify_k127_1335364_2(Fam_10904 [★Target]) --> 2021-TLH-W3_bin.64.purify_k127_1335364_3(Fam_7870 [★Target])
"(447, 447)",2,[447],2020_NMC-W-5-1_bin.30.purify_k141_501003,2020_NMC-W-5-1_bin.30.purify_k141_501003_4265-8121,2020_NMC-W-5-1_bin.30.purify_k141_501003_6(Fam_447 [★Target]) --> 2020_NMC-W-5-1_bin.30.purify_k141_501003_7(Fam_9699)
"(447, 447)",2,[447],2020_NMC-W-8-5m-2_bin.39.purify_k141_521618,2020_NMC-W-8-5m-2_bin.39.purify_k141_521618_22536-26443,2020_NMC-W-8-5m-2_bin.39.purify_k141_521618_21(Fam_9699) --> 2020_NMC-W-8-5m-2_bin.39.purify_k141_521618_22(Fam_447 [★Target])
"(447, 447)",2,[447],2021-CBL-W1_bin.72.purify_k127_1283827,2021-CBL-W1_bin.72.purify_k127_1283827_8492-11188,2021-CBL-W1_bin.72.purify_k127_1283827_11(Fam_447 [★Target]) --> 2021-CBL-W1_bin.72.purify_k127_1283827_12(Fam_447 [★Target])
"(447, 447)",2,[447],2021-CE-W4_bin.113.purify_k127_1291022,2021-CE-W4_bin.113.purify_k127_1291022_2892-4316,2021-CE-W4_bin.113.purify_k127_1291022_7(Fam_447 [★Target]) --> 2021-CE-W4_bin.113.purify_k127_1291022_8(Fam_447 [★Target])
"(447, 447)",2,[447],2021-ND-W4_bin.64.purify_k141_1401291,2021-ND-W4_bin.64.purify_k141_1401291_1-2823,2021-ND-W4_bin.64.purify_k141_1401291_1(Fam_11564) --> 2021-ND-W4_bin.64.purify_k141_1401291_2(Fam_447 [★Target])
"(7460, 10911)",2,"[7460, 10911]",2021-CBL-W2_bin.12.purify_k127_4574591,2021-CBL-W2_bin.12.purify_k127_4574591_207-1438,2021-CBL-W2_bin.12.purify_k127_4574591_2(Fam_7460 [★Target]) --> 2021-CBL-W2_bin.12.purify_k127_4574591_3(Fam_10911 [★Target])
"(7460, 10911)",2,"[7460, 10911]",2021-ZJZB-W4_bin.117.purify_k127_151552,2021-ZJZB-W4_bin.117.purify_k127_151552_364-1694,2021-ZJZB-W4_bin.117.purify_k127_151552_2(Fam_7460 [★Target]) --> 2021-ZJZB-W4_bin.117.purify_k127_151552_3(Fam_10911 [★Target])
"(2722, 11131)",2,[2722],2021-CBL-W4_bin.45.purify_k127_5148671,2021-CBL-W4_bin.45.purify_k127_5148671_3308-5183,2021-CBL-W4_bin.45.purify_k127_5148671_5(Fam_11131 [★Target]) --> 2021-CBL-W4_bin.45.purify_k127_5148671_6(Fam_2722 [★Target])
"(2722, 11131)",2,[2722],H1-2_bin.55.purify_k141_194190_length_11372_cov_12.5432,H1-2_bin.55.purify_k141_194190_length_11372_cov_12.5432_5728-7574,H1-2_bin.55.purify_k141_194190_length_11372_cov_12.5432_10(Fam_2722 [★Target]) --> H1-2_bin.55.purify_k141_194190_length_11372_cov_12.5432_11(Fam_11131 [★Target])
"(1809, 11321)",2,[1809],2021-CBL-W4_bin.60.purify_k127_4163933,2021-CBL-W4_bin.60.purify_k127_4163933_1-1079,2021-CBL-W4_bin.60.purify_k127_4163933_1(Fam_1809 [★Target]) --> 2021-CBL-W4_bin.60.purify_k127_4163933_2(Fam_11321 [★Target])
"(1809, 11321)",2,[1809],2021-ZJZB-W21_bin.89.purify_k127_1485675,2021-ZJZB-W21_bin.89.purify_k127_1485675_1018-3256,2021-ZJZB-W21_bin.89.purify_k127_1485675_3(Fam_1809 [★Target]) --> 2021-ZJZB-W21_bin.89.purify_k127_1485675_4(Fam_11321 [★Target])
"(823, 2415)",2,[2415],2020_YZYC-20W-1-5m-1_bin.73.purify_k141_626086,2020_YZYC-20W-1-5m-1_bin.73.purify_k141_626086_13366-19130,2020_YZYC-20W-1-5m-1_bin.73.purify_k141_626086_14(Fam_1688) --> 2020_YZYC-20W-1-5m-1_bin.73.purify_k141_626086_15(Fam_2415 [★Target]) --> 2020_YZYC-20W-1-5m-1_bin.73.purify_k141_626086_16(Fam_823 [★Target])
"(823, 2415)",2,[2415],2021-CBL-W5_bin.17.purify_k127_1044259,2021-CBL-W5_bin.17.purify_k127_1044259_2-3945,2021-CBL-W5_bin.17.purify_k127_1044259_1(Fam_2415 [★Target]) --> 2021-CBL-W5_bin.17.purify_k127_1044259_2(Fam_823 [★Target])
"(823, 2415)",2,[2415],2021-LU-W10_bin.135.purify_k127_908725,2021-LU-W10_bin.135.purify_k127_908725_3076-6959,2021-LU-W10_bin.135.purify_k127_908725_4(Fam_823 [★Target]) --> 2021-LU-W10_bin.135.purify_k127_908725_5(Fam_2415 [★Target])
"(10810, 11075)",2,[11075],2021-CE-W3_bin.118.purify_k127_1339796,2021-CE-W3_bin.118.purify_k127_1339796_1747-2780,2021-CE-W3_bin.118.purify_k127_1339796_2(Fam_11075 [★Target]) --> 2021-CE-W3_bin.118.purify_k127_1339796_3(Fam_10810 [★Target])
"(10810, 11075)",2,[11075],2021-QHH-W8_bin.38.purify_k141_516544,2021-QHH-W8_bin.38.purify_k141_516544_5465-6444,2021-QHH-W8_bin.38.purify_k141_516544_7(Fam_11075 [★Target]) --> 2021-QHH-W8_bin.38.purify_k141_516544_8(Fam_10810 [★Target])
"(778, 12083)",2,[12083],2021-CE-W2_bin.138.purify_k127_508011,2021-CE-W2_bin.138.purify_k127_508011_4510-7506,2021-CE-W2_bin.138.purify_k127_508011_5(Fam_12083 [★Target]) --> 2021-CE-W2_bin.138.purify_k127_508011_6(Fam_778 [★Target])
"(778, 12083)",2,[12083],2021-SLCB-W2_bin.20.purify_k127_851432,2021-SLCB-W2_bin.20.purify_k127_851432_11981-14977,2021-SLCB-W2_bin.20.purify_k127_851432_10(Fam_12083 [★Target]) --> 2021-SLCB-W2_bin.20.purify_k127_851432_11(Fam_778 [★Target])
"(3806, 4441)",2,[4441],2021-CE-W2_bin.50.purify_k127_1524017,2021-CE-W2_bin.50.purify_k127_1524017_17673-20186,2021-CE-W2_bin.50.purify_k127_1524017_17(Fam_4441 [★Target]) --> 2021-CE-W2_bin.50.purify_k127_1524017_18(Fam_3806 [★Target])
"(3806, 4441)",2,[4441],2021-CE-W4_bin.34.purify_k127_587446,2021-CE-W4_bin.34.purify_k127_587446_234-1970,2021-CE-W4_bin.34.purify_k127_587446_2(Fam_3806 [★Target]) --> 2021-CE-W4_bin.34.purify_k127_587446_3(Fam_4441 [★Target])
"(8324, 9596)",2,[9596],2021-CE-W2_bin.61.purify_k127_466134,2021-CE-W2_bin.61.purify_k127_466134_98-1385,2021-CE-W2_bin.61.purify_k127_466134_1(Fam_9596 [★Target]) --> 2021-CE-W2_bin.61.purify_k127_466134_2(Fam_8324 [★Target])
"(8324, 9596)",2,[9596],2021-CE-W4_bin.75.purify_k127_358656,2021-CE-W4_bin.75.purify_k127_358656_7-1294,2021-CE-W4_bin.75.purify_k127_358656_1(Fam_9596 [★Target]) --> 2021-CE-W4_bin.75.purify_k127_358656_2(Fam_8324 [★Target])
"(10214, 12535, 13158)",2,[10214],2021-CE-W2_bin.81.purify_k127_354887,2021-CE-W2_bin.81.purify_k127_354887_1-1914,2021-CE-W2_bin.81.purify_k127_354887_1(Fam_10214 [★Target]) --> 2021-CE-W2_bin.81.purify_k127_354887_4(Fam_13158 [★Target]) --> 2021-CE-W2_bin.81.purify_k127_354887_5(Fam_12535 [★Target])
"(10214, 12535, 13158)",2,[10214],2021-SLCB-W5_bin.144.purify_k127_380408,2021-SLCB-W5_bin.144.purify_k127_380408_1115-2962,2021-SLCB-W5_bin.144.purify_k127_380408_3(Fam_10214 [★Target]) --> 2021-SLCB-W5_bin.144.purify_k127_380408_6(Fam_13158 [★Target]) --> 2021-SLCB-W5_bin.144.purify_k127_380408_7(Fam_12535 [★Target])
"(571, 12570)",2,[12570],2021-CE-W3_bin.11.purify_k127_1757900,2021-CE-W3_bin.11.purify_k127_1757900_3-3280,2021-CE-W3_bin.11.purify_k127_1757900_1(Fam_571 [★Target]) --> 2021-CE-W3_bin.11.purify_k127_1757900_2(Fam_12570 [★Target])
"(571, 12570)",2,[12570],2021-CE-W4_bin.68.purify_k127_1735210,2021-CE-W4_bin.68.purify_k127_1735210_2-1854,2021-CE-W4_bin.68.purify_k127_1735210_1(Fam_571 [★Target]) --> 2021-CE-W4_bin.68.purify_k127_1735210_2(Fam_12570 [★Target])
"(8251, 12680)",2,[12680],2021-HHXL-2M-W1_bin.57.purify_k141_669720,2021-HHXL-2M-W1_bin.57.purify_k141_669720_5933-7096,2021-HHXL-2M-W1_bin.57.purify_k141_669720_6(Fam_8251 [★Target]) --> 2021-HHXL-2M-W1_bin.57.purify_k141_669720_7(Fam_12680 [★Target])
"(8251, 12680)",2,[12680],2021-JSW-W1_bin.57.purify_k141_469956,2021-JSW-W1_bin.57.purify_k141_469956_5879-7042,2021-JSW-W1_bin.57.purify_k141_469956_6(Fam_8251 [★Target]) --> 2021-JSW-W1_bin.57.purify_k141_469956_7(Fam_12680 [★Target])
"(938, 6265)",2,[938],2021-HHXL-2M-W1_bin.67.purify_k141_1614122,2021-HHXL-2M-W1_bin.67.purify_k141_1614122_625-4869,2021-HHXL-2M-W1_bin.67.purify_k141_1614122_2(Fam_6265 [★Target]) --> 2021-HHXL-2M-W1_bin.67.purify_k141_1614122_4(Fam_938 [★Target])
"(938, 6265)",2,[938],2021-ND-W3_bin.60.purify_k141_295573,2021-ND-W3_bin.60.purify_k141_295573_12040-16243,2021-ND-W3_bin.60.purify_k141_295573_12(Fam_938 [★Target]) --> 2021-ND-W3_bin.60.purify_k141_295573_14(Fam_6265 [★Target])
"(110, 6250, 13925)",2,[13925],2021-JSW-W1_bin.108.purify_k141_475874,2021-JSW-W1_bin.108.purify_k141_475874_6381-11959,2021-JSW-W1_bin.108.purify_k141_475874_6(Fam_110 [★Target]) --> 2021-JSW-W1_bin.108.purify_k141_475874_7(Fam_13925 [★Target]) --> 2021-JSW-W1_bin.108.purify_k141_475874_8(Fam_6250 [★Target])
"(110, 6250, 13925)",2,[13925],2021-QHH-W7_bin.40.purify_k141_593603,2021-QHH-W7_bin.40.purify_k141_593603_6384-11962,2021-QHH-W7_bin.40.purify_k141_593603_6(Fam_110 [★Target]) --> 2021-QHH-W7_bin.40.purify_k141_593603_7(Fam_13925 [★Target]) --> 2021-QHH-W7_bin.40.purify_k141_593603_8(Fam_6250 [★Target])
"(4217, 4586)",2,[4586],2021-CNXB-W1_bin.3.purify_k127_9638,2021-CNXB-W1_bin.3.purify_k127_9638_3-2029,2021-CNXB-W1_bin.3.purify_k127_9638_1(Fam_4217 [★Target]) --> 2021-CNXB-W1_bin.3.purify_k127_9638_2(Fam_4586 [★Target])
"(4217, 4586)",2,[4586],2021-CNXB-W2_bin.68.purify_k127_731261,2021-CNXB-W2_bin.68.purify_k127_731261_1-2315,2021-CNXB-W2_bin.68.purify_k127_731261_1(Fam_4217 [★Target]) --> 2021-CNXB-W2_bin.68.purify_k127_731261_2(Fam_4586 [★Target])
"(1583, 10501)",2,[10501],2021-JSW-W1_bin.68.purify_k141_230417,2021-JSW-W1_bin.68.purify_k141_230417_1-2438,2021-JSW-W1_bin.68.purify_k141_230417_1(Fam_10501 [★Target]) --> 2021-JSW-W1_bin.68.purify_k141_230417_2(Fam_1583 [★Target])
"(1583, 10501)",2,[10501],2021-ND-W4_bin.46.purify_k141_591438,2021-ND-W4_bin.46.purify_k141_591438_1-2438,2021-ND-W4_bin.46.purify_k141_591438_1(Fam_10501 [★Target]) --> 2021-ND-W4_bin.46.purify_k141_591438_2(Fam_1583 [★Target])
"(983, 4692, 5208)",2,[4692],2021-JSW-W1_bin.74.purify_k141_560271,2021-JSW-W1_bin.74.purify_k141_560271_72670-76658,2021-JSW-W1_bin.74.purify_k141_560271_69(Fam_983 [★Target]) --> 2021-JSW-W1_bin.74.purify_k141_560271_70(Fam_5208 [★Target]) --> 2021-JSW-W1_bin.74.purify_k141_560271_72(Fam_4692 [★Target])
"(983, 4692, 5208)",2,[4692],2021-ND-W5_bin.120.purify_k141_769494,2021-ND-W5_bin.120.purify_k141_769494_72694-76683,2021-ND-W5_bin.120.purify_k141_769494_70(Fam_983 [★Target]) --> 2021-ND-W5_bin.120.purify_k141_769494_71(Fam_5208 [★Target]) --> 2021-ND-W5_bin.120.purify_k141_769494_73(Fam_4692 [★Target])
"(897, 10249)",2,[10249],2021-LU-W10_bin.132.purify_k127_513216,2021-LU-W10_bin.132.purify_k127_513216_101937-105542,2021-LU-W10_bin.132.purify_k127_513216_87(Fam_897 [★Target]) --> 2021-LU-W10_bin.132.purify_k127_513216_88(Fam_10249 [★Target])
"(897, 10249)",2,[10249],2021-LU-W9_bin.117.purify_k127_2047392,2021-LU-W9_bin.117.purify_k127_2047392_101937-105542,2021-LU-W9_bin.117.purify_k127_2047392_87(Fam_897 [★Target]) --> 2021-LU-W9_bin.117.purify_k127_2047392_88(Fam_10249 [★Target])
"(6055, 10009)",2,[6055],2021-LU-W10_bin.36.purify_k127_3265282,2021-LU-W10_bin.36.purify_k127_3265282_225-1770,2021-LU-W10_bin.36.purify_k127_3265282_2(Fam_6055 [★Target]) --> 2021-LU-W10_bin.36.purify_k127_3265282_3(Fam_10009 [★Target])
"(6055, 10009)",2,[6055],2021-LU-W9_bin.31.purify_k127_601105,2021-LU-W9_bin.31.purify_k127_601105_225-1770,2021-LU-W9_bin.31.purify_k127_601105_2(Fam_6055 [★Target]) --> 2021-LU-W9_bin.31.purify_k127_601105_3(Fam_10009 [★Target])
"(7178, 8574)",2,[7178],2021-LU-W3_bin.103.purify_k127_49463,2021-LU-W3_bin.103.purify_k127_49463_3-1526,2021-LU-W3_bin.103.purify_k127_49463_1(Fam_7178 [★Target]) --> 2021-LU-W3_bin.103.purify_k127_49463_2(Fam_8574 [★Target])
"(7178, 8574)",2,[7178],2021-SD-W42_bin.107.purify_k127_5872956,2021-SD-W42_bin.107.purify_k127_5872956_359-2320,2021-SD-W42_bin.107.purify_k127_5872956_2(Fam_8574 [★Target]) --> 2021-SD-W42_bin.107.purify_k127_5872956_3(Fam_7178 [★Target])
"(2172, 5469)",2,"[2172, 5469]",2021-LU-W3_bin.5.purify_k127_3202461,2021-LU-W3_bin.5.purify_k127_3202461_9126-11872,2021-LU-W3_bin.5.purify_k127_3202461_12(Fam_5469 [★Target]) --> 2021-LU-W3_bin.5.purify_k127_3202461_13(Fam_2172 [★Target])
"(2172, 5469)",2,"[2172, 5469]",H1-2_bin.87.purify_k141_346960_length_3931_cov_28.7016,H1-2_bin.87.purify_k141_346960_length_3931_cov_28.7016_897-3685,H1-2_bin.87.purify_k141_346960_length_3931_cov_28.7016_2(Fam_5469 [★Target]) --> H1-2_bin.87.purify_k141_346960_length_3931_cov_28.7016_3(Fam_2172 [★Target])
"(1210, 6029)",2,[6029],2021-LU-W4_bin.58.purify_k127_756270,2021-LU-W4_bin.58.purify_k127_756270_442-3536,2021-LU-W4_bin.58.purify_k127_756270_2(Fam_1210 [★Target]) --> 2021-LU-W4_bin.58.purify_k127_756270_3(Fam_6029 [★Target])
"(1210, 6029)",2,[6029],2021-YBJ-W3_bin.49.purify_k127_3301290,2021-YBJ-W3_bin.49.purify_k127_3301290_221-3315,2021-YBJ-W3_bin.49.purify_k127_3301290_2(Fam_1210 [★Target]) --> 2021-YBJ-W3_bin.49.purify_k127_3301290_3(Fam_6029 [★Target])
"(12928, 13482)",2,[12928],2021-DH-W2_bin.29.purify_k127_1558803,2021-DH-W2_bin.29.purify_k127_1558803_814-1422,2021-DH-W2_bin.29.purify_k127_1558803_4(Fam_13482 [★Target]) --> 2021-DH-W2_bin.29.purify_k127_1558803_5(Fam_12928 [★Target])
"(12928, 13482)",2,[12928],2021-ZJZB-W33_bin.39.purify_k127_7497500,2021-ZJZB-W33_bin.39.purify_k127_7497500_899-1506,2021-ZJZB-W33_bin.39.purify_k127_7497500_3(Fam_13482 [★Target]) --> 2021-ZJZB-W33_bin.39.purify_k127_7497500_4(Fam_12928 [★Target])
"(2762, 11323)",2,"[2762, 11323]",2021-DTH-W4_bin.109.purify_k127_2117984,2021-DTH-W4_bin.109.purify_k127_2117984_3-1179,2021-DTH-W4_bin.109.purify_k127_2117984_1(Fam_2762 [★Target]) --> 2021-DTH-W4_bin.109.purify_k127_2117984_2(Fam_11323 [★Target])
"(2762, 11323)",2,"[2762, 11323]",2021-ZJZBSD-W51_bin.37.purify_k127_539447,2021-ZJZBSD-W51_bin.37.purify_k127_539447_313-1666,2021-ZJZBSD-W51_bin.37.purify_k127_539447_2(Fam_11323 [★Target]) --> 2021-ZJZBSD-W51_bin.37.purify_k127_539447_3(Fam_2762 [★Target])
"(4447, 9559)",2,[9559],2021-DTH-W4_bin.209.purify_k127_4577024,2021-DTH-W4_bin.209.purify_k127_4577024_2579-4374,2021-DTH-W4_bin.209.purify_k127_4577024_3(Fam_4447 [★Target]) --> 2021-DTH-W4_bin.209.purify_k127_4577024_4(Fam_9559 [★Target])
"(4447, 9559)",2,[9559],2021-DTH-W6_bin.81.purify_k141_993020,2021-DTH-W6_bin.81.purify_k141_993020_363-2158,2021-DTH-W6_bin.81.purify_k141_993020_1(Fam_9559 [★Target]) --> 2021-DTH-W6_bin.81.purify_k141_993020_2(Fam_4447 [★Target])
"(1993, 6490)",2,[6490],2021-DTH-W4_bin.91.purify_k127_3018979,2021-DTH-W4_bin.91.purify_k127_3018979_191-2619,2021-DTH-W4_bin.91.purify_k127_3018979_2(Fam_6490 [★Target]) --> 2021-DTH-W4_bin.91.purify_k127_3018979_3(Fam_1993 [★Target])
"(1993, 6490)",2,[6490],2021-DTH-W5_bin.39.purify_k127_1725260,2021-DTH-W5_bin.39.purify_k127_1725260_2-2634,2021-DTH-W5_bin.39.purify_k127_1725260_1(Fam_1993 [★Target]) --> 2021-DTH-W5_bin.39.purify_k127_1725260_2(Fam_6490 [★Target])
"(5144, 6761)",2,[5144],2021-DTH-W6_bin.52.purify_k141_1860989,2021-DTH-W6_bin.52.purify_k141_1860989_26461-28375,2021-DTH-W6_bin.52.purify_k141_1860989_35(Fam_5144 [★Target]) --> 2021-DTH-W6_bin.52.purify_k141_1860989_36(Fam_6761 [★Target])
"(5144, 6761)",2,[5144],2021-LU-W4_bin.23.purify_k127_4042667,2021-LU-W4_bin.23.purify_k127_4042667_6771-8664,2021-LU-W4_bin.23.purify_k127_4042667_8(Fam_6761 [★Target]) --> 2021-LU-W4_bin.23.purify_k127_4042667_9(Fam_5144 [★Target])
"(11044, 13645)",2,[11044],2021-EH-W1_bin.166.purify_k141_1882335,2021-EH-W1_bin.166.purify_k141_1882335_51-848,2021-EH-W1_bin.166.purify_k141_1882335_1(Fam_11044 [★Target]) --> 2021-EH-W1_bin.166.purify_k141_1882335_2(Fam_13645 [★Target])
"(11044, 13645)",2,[11044],2021-TLHSD-W1_bin.52.purify_k127_1795686,2021-TLHSD-W1_bin.52.purify_k127_1795686_7936-8742,2021-TLHSD-W1_bin.52.purify_k127_1795686_13(Fam_13645 [★Target]) --> 2021-TLHSD-W1_bin.52.purify_k127_1795686_14(Fam_11044 [★Target])
"(1115, 10541, 12107)",2,[10541],2021-HHXL-0.5M-W1_bin.136.purify_k141_210746,2021-HHXL-0.5M-W1_bin.136.purify_k141_210746_40681-42692,2021-HHXL-0.5M-W1_bin.136.purify_k141_210746_33(Fam_10541 [★Target]) --> 2021-HHXL-0.5M-W1_bin.136.purify_k141_210746_34(Fam_12107 [★Target]) --> 2021-HHXL-0.5M-W1_bin.136.purify_k141_210746_35(Fam_1115 [★Target])
"(1115, 10541, 12107)",2,[10541],2021-QHH-W9_bin.90.purify_k141_230042,2021-QHH-W9_bin.90.purify_k141_230042_12568-14579,2021-QHH-W9_bin.90.purify_k141_230042_13(Fam_10541 [★Target]) --> 2021-QHH-W9_bin.90.purify_k141_230042_14(Fam_12107 [★Target]) --> 2021-QHH-W9_bin.90.purify_k141_230042_15(Fam_1115 [★Target])
"(3609, 6553)",2,[3609],2021-GH-W1_bin.153.purify_k141_609983,2021-GH-W1_bin.153.purify_k141_609983_2165-4194,2021-GH-W1_bin.153.purify_k141_609983_3(Fam_6553 [★Target]) --> 2021-GH-W1_bin.153.purify_k141_609983_4(Fam_3609 [★Target])
"(3609, 6553)",2,[3609],2021-ND-W2_bin.86.purify_k141_1750292,2021-ND-W2_bin.86.purify_k141_1750292_10737-12570,2021-ND-W2_bin.86.purify_k141_1750292_9(Fam_3609 [★Target]) --> 2021-ND-W2_bin.86.purify_k141_1750292_10(Fam_6553 [★Target])
"(983, 3962)",2,[3962],2021-HDW-W1_bin.37.purify_k141_1893211,2021-HDW-W1_bin.37.purify_k141_1893211_10978-13084,2021-HDW-W1_bin.37.purify_k141_1893211_11(Fam_983 [★Target]) --> 2021-HDW-W1_bin.37.purify_k141_1893211_12(Fam_3962 [★Target])
"(983, 3962)",2,[3962],2021-LU-W10_bin.77.purify_k127_38831,2021-LU-W10_bin.77.purify_k127_38831_3-2146,2021-LU-W10_bin.77.purify_k127_38831_1(Fam_3962 [★Target]) --> 2021-LU-W10_bin.77.purify_k127_38831_2(Fam_983 [★Target])
"(4773, 6620)",2,[4773],2021-HH-W1_bin.33.purify_k141_2005698,2021-HH-W1_bin.33.purify_k141_2005698_4742-6744,2021-HH-W1_bin.33.purify_k141_2005698_5(Fam_4773 [★Target]) --> 2021-HH-W1_bin.33.purify_k141_2005698_6(Fam_6620 [★Target])
"(4773, 6620)",2,[4773],2021-SLCB-W5_bin.200.purify_k127_3437958,2021-SLCB-W5_bin.200.purify_k127_3437958_691-2587,2021-SLCB-W5_bin.200.purify_k127_3437958_2(Fam_4773 [★Target]) --> 2021-SLCB-W5_bin.200.purify_k127_3437958_3(Fam_6620 [★Target])
"(2274, 10294)",2,[10294],2021-HHSD-W2_bin.57.purify_k127_5202143,2021-HHSD-W2_bin.57.purify_k127_5202143_4382-5930,2021-HHSD-W2_bin.57.purify_k127_5202143_6(Fam_2274 [★Target]) --> 2021-HHSD-W2_bin.57.purify_k127_5202143_7(Fam_10294 [★Target])
"(2274, 10294)",2,[10294],2021-SLH-W6_bin.36.purify_k127_1474759,2021-SLH-W6_bin.36.purify_k127_1474759_518-2567,2021-SLH-W6_bin.36.purify_k127_1474759_2(Fam_2274 [★Target]) --> 2021-SLH-W6_bin.36.purify_k127_1474759_3(Fam_10294 [★Target])
"(5092, 5380)",2,[5092],H2-1_bin.2.purify_k141_19344_length_40242_cov_177.7231,H2-1_bin.2.purify_k141_19344_length_40242_cov_177.7231_33863-36018,H2-1_bin.2.purify_k141_19344_length_40242_cov_177.7231_30(Fam_5092 [★Target]) --> H2-1_bin.2.purify_k141_19344_length_40242_cov_177.7231_31(Fam_5380 [★Target])
"(5092, 5380)",2,[5092],H2-2_bin.53.purify_k141_61297_length_40226_cov_50.0000,H2-2_bin.53.purify_k141_61297_length_40226_cov_50.0000_33847-36002,H2-2_bin.53.purify_k141_61297_length_40226_cov_50.0000_30(Fam_5092 [★Target]) --> H2-2_bin.53.purify_k141_61297_length_40226_cov_50.0000_31(Fam_5380 [★Target])
"(3918, 10761)",2,[10761],H2-1_bin.30.purify_k141_249036_length_616482_cov_20.8008,H2-1_bin.30.purify_k141_249036_length_616482_cov_20.8008_210056-211942,H2-1_bin.30.purify_k141_249036_length_616482_cov_20.8008_184(Fam_10761 [★Target]) --> H2-1_bin.30.purify_k141_249036_length_616482_cov_20.8008_185(Fam_3918 [★Target])
"(3918, 10761)",2,[10761],H2-2_bin.21.purify_k141_908121_length_783295_cov_28.5005,H2-2_bin.21.purify_k141_908121_length_783295_cov_28.5005_210056-211942,H2-2_bin.21.purify_k141_908121_length_783295_cov_28.5005_184(Fam_10761 [★Target]) --> H2-2_bin.21.purify_k141_908121_length_783295_cov_28.5005_185(Fam_3918 [★Target])
"(12023, 12095)",2,[12095],H2-1_bin.8.purify_k141_143038_length_13897_cov_11.0000,H2-1_bin.8.purify_k141_143038_length_13897_cov_11.0000_5940-6832,H2-1_bin.8.purify_k141_143038_length_13897_cov_11.0000_5(Fam_12095 [★Target]) --> H2-1_bin.8.purify_k141_143038_length_13897_cov_11.0000_6(Fam_12023 [★Target])
"(12023, 12095)",2,[12095],H3-2_bin.45.purify_k141_232853_length_5540_cov_7.0000,H3-2_bin.45.purify_k141_232853_length_5540_cov_7.0000_588-1480,H3-2_bin.45.purify_k141_232853_length_5540_cov_7.0000_3(Fam_12095 [★Target]) --> H3-2_bin.45.purify_k141_232853_length_5540_cov_7.0000_4(Fam_12023 [★Target])
"(8685, 11332)",2,[11332],H2-1_bin.87.purify_k141_184786_length_8339_cov_7.0000,H2-1_bin.87.purify_k141_184786_length_8339_cov_7.0000_4155-5399,H2-1_bin.87.purify_k141_184786_length_8339_cov_7.0000_7(Fam_8685 [★Target]) --> H2-1_bin.87.purify_k141_184786_length_8339_cov_7.0000_8(Fam_11332 [★Target])
"(8685, 11332)",2,[11332],H2-3_bin.41.purify_k141_323253_length_6094_cov_7.0000,H2-3_bin.41.purify_k141_323253_length_6094_cov_7.0000_4230-6094,H2-3_bin.41.purify_k141_323253_length_6094_cov_7.0000_7(Fam_8685 [★Target]) --> H2-3_bin.41.purify_k141_323253_length_6094_cov_7.0000_8(Fam_11332 [★Target]) --> H2-3_bin.41.purify_k141_323253_length_6094_cov_7.0000_9(Fam_9640)
"(8685, 11332)",2,[11332],H4-3_bin.18.purify_k141_315035_length_8731_cov_7.0627,H4-3_bin.18.purify_k141_315035_length_8731_cov_7.0627_1570-2816,H4-3_bin.18.purify_k141_315035_length_8731_cov_7.0627_4(Fam_8685 [★Target]) --> H4-3_bin.18.purify_k141_315035_length_8731_cov_7.0627_5(Fam_11332 [★Target])
"(3537, 4078)",2,[4078],H2-1_bin.95.purify_k141_85376_length_33079_cov_170.7052,H2-1_bin.95.purify_k141_85376_length_33079_cov_170.7052_21379-23780,H2-1_bin.95.purify_k141_85376_length_33079_cov_170.7052_15(Fam_4078 [★Target]) --> H2-1_bin.95.purify_k141_85376_length_33079_cov_170.7052_16(Fam_3537 [★Target])
"(3537, 4078)",2,[4078],H3-1_bin.2.purify_k141_185608_length_60069_cov_20.0792,H3-1_bin.2.purify_k141_185608_length_60069_cov_20.0792_56557-58991,H3-1_bin.2.purify_k141_185608_length_60069_cov_20.0792_62(Fam_4078 [★Target]) --> H3-1_bin.2.purify_k141_185608_length_60069_cov_20.0792_63(Fam_3537 [★Target])
"(3895, 9079)",2,[3895],H2-2_bin.84.purify_k141_935351_length_8012_cov_7.0000,H2-2_bin.84.purify_k141_935351_length_8012_cov_7.0000_3788-5673,H2-2_bin.84.purify_k141_935351_length_8012_cov_7.0000_4(Fam_9079 [★Target]) --> H2-2_bin.84.purify_k141_935351_length_8012_cov_7.0000_5(Fam_3895 [★Target])
"(3895, 9079)",2,[3895],HS-35-1_bin.31.purify_k141_13582,HS-35-1_bin.31.purify_k141_13582_1080-2965,HS-35-1_bin.31.purify_k141_13582_4(Fam_3895 [★Target]) --> HS-35-1_bin.31.purify_k141_13582_5(Fam_9079 [★Target])
"(1106, 4130)",2,[4130],H2-2_bin.9.purify_k141_937222_length_7261_cov_10.0385,H2-2_bin.9.purify_k141_937222_length_7261_cov_10.0385_1351-4767,H2-2_bin.9.purify_k141_937222_length_7261_cov_10.0385_2(Fam_1106 [★Target]) --> H2-2_bin.9.purify_k141_937222_length_7261_cov_10.0385_3(Fam_4130 [★Target])
"(1106, 4130)",2,[4130],HS-40-1_bin.2.purify_k141_114700,HS-40-1_bin.2.purify_k141_114700_4576-7992,HS-40-1_bin.2.purify_k141_114700_7(Fam_4130 [★Target]) --> HS-40-1_bin.2.purify_k141_114700_8(Fam_1106 [★Target])
"(3070, 3186, 11470)",2,[3186],2021-TLHSD-W3_bin.134.purify_k141_435691,2021-TLHSD-W3_bin.134.purify_k141_435691_3-2972,2021-TLHSD-W3_bin.134.purify_k141_435691_1(Fam_11470 [★Target]) --> 2021-TLHSD-W3_bin.134.purify_k141_435691_2(Fam_3186 [★Target]) --> 2021-TLHSD-W3_bin.134.purify_k141_435691_3(Fam_3070 [★Target])
"(3070, 3186, 11470)",2,[3186],2021-TMRSD-W3_bin.134.purify_k141_435691,2021-TMRSD-W3_bin.134.purify_k141_435691_3-2972,2021-TMRSD-W3_bin.134.purify_k141_435691_1(Fam_11470 [★Target]) --> 2021-TMRSD-W3_bin.134.purify_k141_435691_2(Fam_3186 [★Target]) --> 2021-TMRSD-W3_bin.134.purify_k141_435691_3(Fam_3070 [★Target])
"(5887, 10823)",2,[5887],H3-1_bin.12.purify_k141_343715_length_6994_cov_8.0000,H3-1_bin.12.purify_k141_343715_length_6994_cov_8.0000_1795-3397,H3-1_bin.12.purify_k141_343715_length_6994_cov_8.0000_4(Fam_5887 [★Target]) --> H3-1_bin.12.purify_k141_343715_length_6994_cov_8.0000_5(Fam_10823 [★Target])
"(5887, 10823)",2,[5887],H3-1_bin.26.purify_k141_122781_length_7127_cov_13.0000,H3-1_bin.26.purify_k141_122781_length_7127_cov_13.0000_2012-3521,H3-1_bin.26.purify_k141_122781_length_7127_cov_13.0000_4(Fam_5887 [★Target]) --> H3-1_bin.26.purify_k141_122781_length_7127_cov_13.0000_5(Fam_10823 [★Target])
"(3220, 3314)",2,[3220],H3-2_bin.46.purify_k141_134758_length_7564_cov_109.7327,H3-2_bin.46.purify_k141_134758_length_7564_cov_109.7327_2393-5040,H3-2_bin.46.purify_k141_134758_length_7564_cov_109.7327_4(Fam_3314 [★Target]) --> H3-2_bin.46.purify_k141_134758_length_7564_cov_109.7327_5(Fam_3220 [★Target])
"(3220, 3314)",2,[3220],H3-3_bin.71.purify_k141_128410_length_6603_cov_29.5063,H3-3_bin.71.purify_k141_128410_length_6603_cov_29.5063_3710-6357,H3-3_bin.71.purify_k141_128410_length_6603_cov_29.5063_5(Fam_3314 [★Target]) --> H3-3_bin.71.purify_k141_128410_length_6603_cov_29.5063_6(Fam_3220 [★Target])
"(2595, 4843)",2,[4843],H4-1_bin.92.purify_k141_11073_length_3492_cov_189.8821,H4-1_bin.92.purify_k141_11073_length_3492_cov_189.8821_849-3372,H4-1_bin.92.purify_k141_11073_length_3492_cov_189.8821_2(Fam_4843 [★Target]) --> H4-1_bin.92.purify_k141_11073_length_3492_cov_189.8821_3(Fam_2595 [★Target])
"(2595, 4843)",2,[4843],H4-2_bin.8.purify_k141_69789_length_6123_cov_21.0000,H4-2_bin.8.purify_k141_69789_length_6123_cov_21.0000_885-3390,H4-2_bin.8.purify_k141_69789_length_6123_cov_21.0000_2(Fam_4843 [★Target]) --> H4-2_bin.8.purify_k141_69789_length_6123_cov_21.0000_3(Fam_2595 [★Target])
"(7173, 11534)",2,[11534],H4-2_bin.10.purify_k141_135222_length_7799_cov_11.1314,H4-2_bin.10.purify_k141_135222_length_7799_cov_11.1314_2321-3582,H4-2_bin.10.purify_k141_135222_length_7799_cov_11.1314_4(Fam_11534 [★Target]) --> H4-2_bin.10.purify_k141_135222_length_7799_cov_11.1314_5(Fam_7173 [★Target])
"(7173, 11534)",2,[11534],HS-21-3_bin.12.purify_k141_5670,HS-21-3_bin.12.purify_k141_5670_4824-6085,HS-21-3_bin.12.purify_k141_5670_8(Fam_7173 [★Target]) --> HS-21-3_bin.12.purify_k141_5670_9(Fam_11534 [★Target])
"(7756, 10986)",2,[10986],H4-3_bin.13.purify_k141_531142_length_7968_cov_22.9719,H4-3_bin.13.purify_k141_531142_length_7968_cov_22.9719_6515-7819,H4-3_bin.13.purify_k141_531142_length_7968_cov_22.9719_7(Fam_10986 [★Target]) --> H4-3_bin.13.purify_k141_531142_length_7968_cov_22.9719_8(Fam_7756 [★Target])
"(7756, 10986)",2,[10986],HS-9-3_bin.5.purify_k141_29954,HS-9-3_bin.5.purify_k141_29954_565-1869,HS-9-3_bin.5.purify_k141_29954_3(Fam_10986 [★Target]) --> HS-9-3_bin.5.purify_k141_29954_4(Fam_7756 [★Target])
"(8614, 8615)",2,[8615],H4-3_bin.20.purify_k141_221495_length_7259_cov_52.0318,H4-3_bin.20.purify_k141_221495_length_7259_cov_52.0318_5902-7258,H4-3_bin.20.purify_k141_221495_length_7259_cov_52.0318_9(Fam_8614 [★Target]) --> H4-3_bin.20.purify_k141_221495_length_7259_cov_52.0318_10(Fam_8615 [★Target])
"(8614, 8615)",2,[8615],HS-20-2_bin.2.purify_k141_75502,HS-20-2_bin.2.purify_k141_75502_3286-4690,HS-20-2_bin.2.purify_k141_75502_4(Fam_8614 [★Target]) --> HS-20-2_bin.2.purify_k141_75502_5(Fam_8615 [★Target])
"(2327, 4808)",2,[4808],2021-YBJ-W1_bin.37.purify_k127_316402,2021-YBJ-W1_bin.37.purify_k127_316402_4429-7082,2021-YBJ-W1_bin.37.purify_k127_316402_5(Fam_4808 [★Target]) --> 2021-YBJ-W1_bin.37.purify_k127_316402_6(Fam_2327 [★Target])
"(2327, 4808)",2,[4808],2021-YBJ-W3_bin.8.purify_k127_1245086,2021-YBJ-W3_bin.8.purify_k127_1245086_8852-11505,2021-YBJ-W3_bin.8.purify_k127_1245086_9(Fam_4808 [★Target]) --> 2021-YBJ-W3_bin.8.purify_k127_1245086_10(Fam_2327 [★Target])
"(1249, 8757)",2,[1249],2021-YBJ-W2_bin.100.purify_k127_575884,2021-YBJ-W2_bin.100.purify_k127_575884_1-2066,2021-YBJ-W2_bin.100.purify_k127_575884_1(Fam_1249 [★Target]) --> 2021-YBJ-W2_bin.100.purify_k127_575884_2(Fam_8757 [★Target])
"(1249, 8757)",2,[1249],H2-1_bin.75.purify_k141_101151_length_86420_cov_17.3375,H2-1_bin.75.purify_k141_101151_length_86420_cov_17.3375_49949-52808,H2-1_bin.75.purify_k141_101151_length_86420_cov_17.3375_40(Fam_1249 [★Target]) --> H2-1_bin.75.purify_k141_101151_length_86420_cov_17.3375_41(Fam_8757 [★Target])
"(2649, 13055)",2,[13055],2021-YBJ-W2_bin.40.purify_k127_1503122,2021-YBJ-W2_bin.40.purify_k127_1503122_3-853,2021-YBJ-W2_bin.40.purify_k127_1503122_1(Fam_2649 [★Target]) --> 2021-YBJ-W2_bin.40.purify_k127_1503122_2(Fam_13055 [★Target])
"(2649, 13055)",2,[13055],2021-YBJ-W2_bin.56.purify_k127_2846329,2021-YBJ-W2_bin.56.purify_k127_2846329_3-1393,2021-YBJ-W2_bin.56.purify_k127_2846329_1(Fam_2649 [★Target]) --> 2021-YBJ-W2_bin.56.purify_k127_2846329_2(Fam_13055 [★Target])
"(2134, 5675)",2,[5675],2021-YBJ-W2_bin.87.purify_k127_793389,2021-YBJ-W2_bin.87.purify_k127_793389_4804-6967,2021-YBJ-W2_bin.87.purify_k127_793389_8(Fam_2134 [★Target]) --> 2021-YBJ-W2_bin.87.purify_k127_793389_9(Fam_5675 [★Target])
"(2134, 5675)",2,[5675],BYBC-W1_bin.33.purify_k141_1692507,BYBC-W1_bin.33.purify_k141_1692507_5600-8230,BYBC-W1_bin.33.purify_k141_1692507_10(Fam_5675 [★Target]) --> BYBC-W1_bin.33.purify_k141_1692507_11(Fam_2134 [★Target])
"(5698, 6530)",2,[6530],2021-YBJ-W3_bin.135.purify_k127_1597862,2021-YBJ-W3_bin.135.purify_k127_1597862_3-1756,2021-YBJ-W3_bin.135.purify_k127_1597862_1(Fam_5698 [★Target]) --> 2021-YBJ-W3_bin.135.purify_k127_1597862_2(Fam_6530 [★Target])
"(5698, 6530)",2,[6530],2021-YBJ-W3_bin.154.purify_k127_1529664,2021-YBJ-W3_bin.154.purify_k127_1529664_1-1844,2021-YBJ-W3_bin.154.purify_k127_1529664_1(Fam_5698 [★Target]) --> 2021-YBJ-W3_bin.154.purify_k127_1529664_2(Fam_6530 [★Target])
"(12127, 12404)",2,"[12127, 12404]",2021-YBJ-W3_bin.154.purify_k127_1722564,2021-YBJ-W3_bin.154.purify_k127_1722564_2498-3273,2021-YBJ-W3_bin.154.purify_k127_1722564_4(Fam_12404 [★Target]) --> 2021-YBJ-W3_bin.154.purify_k127_1722564_5(Fam_12127 [★Target])
"(12127, 12404)",2,"[12127, 12404]",CE-B-W-2_bin.57.purify_k141_326854,CE-B-W-2_bin.57.purify_k141_326854_5250-6025,CE-B-W-2_bin.57.purify_k141_326854_6(Fam_12127 [★Target]) --> CE-B-W-2_bin.57.purify_k141_326854_7(Fam_12404 [★Target])
"(3960, 9755)",2,[9755],2021-YMQ0.5-W1_bin.129.purify_k141_2551717,2021-YMQ0.5-W1_bin.129.purify_k141_2551717_1-1987,2021-YMQ0.5-W1_bin.129.purify_k141_2551717_1(Fam_9755 [★Target]) --> 2021-YMQ0.5-W1_bin.129.purify_k141_2551717_2(Fam_3960 [★Target])
"(3960, 9755)",2,[9755],HS-41-3_bin.8.purify_k141_17830,HS-41-3_bin.8.purify_k141_17830_606-1635,HS-41-3_bin.8.purify_k141_17830_3(Fam_9755 [★Target]) --> HS-41-3_bin.8.purify_k141_17830_4(Fam_3960 [★Target])
"(8942, 9327)",2,"[8942, 9327]",2021-YMQ1-W1_bin.116.purify_k141_1122620,2021-YMQ1-W1_bin.116.purify_k141_1122620_3195-4513,2021-YMQ1-W1_bin.116.purify_k141_1122620_4(Fam_8942 [★Target]) --> 2021-YMQ1-W1_bin.116.purify_k141_1122620_5(Fam_9327 [★Target])
"(8942, 9327)",2,"[8942, 9327]",2021-YMQ5-W1_bin.62.purify_k141_902478,2021-YMQ5-W1_bin.62.purify_k141_902478_6925-8243,2021-YMQ5-W1_bin.62.purify_k141_902478_9(Fam_9327 [★Target]) --> 2021-YMQ5-W1_bin.62.purify_k141_902478_10(Fam_8942 [★Target])
"(12378, 13786)",2,[12378],H1-2_bin.61.purify_k141_517611_length_20132_cov_12.4461,H1-2_bin.61.purify_k141_517611_length_20132_cov_12.4461_1263-1894,H1-2_bin.61.purify_k141_517611_length_20132_cov_12.4461_2(Fam_12378 [★Target]) --> H1-2_bin.61.purify_k141_517611_length_20132_cov_12.4461_3(Fam_13786 [★Target])
"(12378, 13786)",2,[12378],H1-3_bin.39.purify_k141_153714_length_24914_cov_14.8847,H1-3_bin.39.purify_k141_153714_length_24914_cov_14.8847_614-1245,H1-3_bin.39.purify_k141_153714_length_24914_cov_14.8847_2(Fam_12378 [★Target]) --> H1-3_bin.39.purify_k141_153714_length_24914_cov_14.8847_3(Fam_13786 [★Target])
"(5061, 7915)",2,[7915],2021-ZJZB-W22_bin.84.purify_k127_3719069,2021-ZJZB-W22_bin.84.purify_k127_3719069_40411-42261,2021-ZJZB-W22_bin.84.purify_k127_3719069_42(Fam_5061 [★Target]) --> 2021-ZJZB-W22_bin.84.purify_k127_3719069_43(Fam_7915 [★Target])
"(5061, 7915)",2,[7915],BYBC-W1_bin.263.purify_k141_660141,BYBC-W1_bin.263.purify_k141_660141_628-2459,BYBC-W1_bin.263.purify_k141_660141_2(Fam_7915 [★Target]) --> BYBC-W1_bin.263.purify_k141_660141_3(Fam_5061 [★Target])
"(4711, 6920)",2,[4711],2021-ZJZB-W6_bin.19.purify_k127_932601,2021-ZJZB-W6_bin.19.purify_k127_932601_6674-8713,2021-ZJZB-W6_bin.19.purify_k127_932601_5(Fam_6920 [★Target]) --> 2021-ZJZB-W6_bin.19.purify_k127_932601_6(Fam_4711 [★Target])
"(4711, 6920)",2,[4711],2021-ZJZB-W70_bin.9.purify_k127_327161,2021-ZJZB-W70_bin.9.purify_k127_327161_6974-9019,2021-ZJZB-W70_bin.9.purify_k127_327161_5(Fam_6920 [★Target]) --> 2021-ZJZB-W70_bin.9.purify_k127_327161_6(Fam_4711 [★Target])
"(2428, 5651, 7950)",2,[5651],2021-ZJZBSD-W51_bin.78.purify_k127_1282214,2021-ZJZBSD-W51_bin.78.purify_k127_1282214_41764-46190,2021-ZJZBSD-W51_bin.78.purify_k127_1282214_36(Fam_2428 [★Target]) --> 2021-ZJZBSD-W51_bin.78.purify_k127_1282214_37(Fam_7950 [★Target]) --> 2021-ZJZBSD-W51_bin.78.purify_k127_1282214_40(Fam_5651 [★Target])
"(2428, 5651, 7950)",2,[5651],2021-ZJZBSD-W52_bin.115.purify_k127_5070179,2021-ZJZBSD-W52_bin.115.purify_k127_5070179_9832-14258,2021-ZJZBSD-W52_bin.115.purify_k127_5070179_11(Fam_2428 [★Target]) --> 2021-ZJZBSD-W52_bin.115.purify_k127_5070179_12(Fam_7950 [★Target]) --> 2021-ZJZBSD-W52_bin.115.purify_k127_5070179_15(Fam_5651 [★Target])
"(7259, 12963)",2,[7259],H1-2_bin.13.purify_k141_196333_length_3037_cov_55.9292,H1-2_bin.13.purify_k141_196333_length_3037_cov_55.9292_1799-2958,H1-2_bin.13.purify_k141_196333_length_3037_cov_55.9292_3(Fam_7259 [★Target]) --> H1-2_bin.13.purify_k141_196333_length_3037_cov_55.9292_4(Fam_12963 [★Target])
"(7259, 12963)",2,[7259],H1-3_bin.37.purify_k141_77265_length_2928_cov_75.0481,H1-3_bin.37.purify_k141_77265_length_2928_cov_75.0481_1831-2927,H1-3_bin.37.purify_k141_77265_length_2928_cov_75.0481_3(Fam_7259 [★Target]) --> H1-3_bin.37.purify_k141_77265_length_2928_cov_75.0481_4(Fam_12963 [★Target])
"(12209, 13719)",2,[13719],2020_CN-N-W-2-4.9m_bin.59.purify_k141_1117171,2020_CN-N-W-2-4.9m_bin.59.purify_k141_1117171_2-1872,2020_CN-N-W-2-4.9m_bin.59.purify_k141_1117171_1(Fam_5381) --> 2020_CN-N-W-2-4.9m_bin.59.purify_k141_1117171_2(Fam_12209 [★Target]) --> 2020_CN-N-W-2-4.9m_bin.59.purify_k141_1117171_3(Fam_13719 [★Target])
"(12209, 13719)",2,[13719],H1-2_bin.27.purify_k141_27392_length_6733_cov_52.4563,H1-2_bin.27.purify_k141_27392_length_6733_cov_52.4563_3851-4443,H1-2_bin.27.purify_k141_27392_length_6733_cov_52.4563_5(Fam_12209 [★Target]) --> H1-2_bin.27.purify_k141_27392_length_6733_cov_52.4563_6(Fam_13719 [★Target])
"(12209, 13719)",2,[13719],HS-6-2_bin.19.purify_k141_138664,HS-6-2_bin.19.purify_k141_138664_537-1144,HS-6-2_bin.19.purify_k141_138664_2(Fam_13719 [★Target]) --> HS-6-2_bin.19.purify_k141_138664_3(Fam_12209 [★Target])
"(6649, 12806)",2,[6649],H1-2_bin.33.purify_k141_80071_length_32739_cov_12.0000,H1-2_bin.33.purify_k141_80071_length_32739_cov_12.0000_31440-32655,H1-2_bin.33.purify_k141_80071_length_32739_cov_12.0000_26(Fam_6649 [★Target]) --> H1-2_bin.33.purify_k141_80071_length_32739_cov_12.0000_27(Fam_12806 [★Target])
"(6649, 12806)",2,[6649],H1-3_bin.7.purify_k141_603766_length_33292_cov_11.0068,H1-3_bin.7.purify_k141_603766_length_33292_cov_11.0068_31890-33105,H1-3_bin.7.purify_k141_603766_length_33292_cov_11.0068_26(Fam_6649 [★Target]) --> H1-3_bin.7.purify_k141_603766_length_33292_cov_11.0068_27(Fam_12806 [★Target])
"(5888, 10065)",2,[10065],H1-2_bin.60.purify_k141_548958_length_60153_cov_19.9886,H1-2_bin.60.purify_k141_548958_length_60153_cov_19.9886_15660-17078,H1-2_bin.60.purify_k141_548958_length_60153_cov_19.9886_11(Fam_10065 [★Target]) --> H1-2_bin.60.purify_k141_548958_length_60153_cov_19.9886_12(Fam_5888 [★Target])
"(5888, 10065)",2,[10065],HS-34-3_bin.37.purify_k141_88763,HS-34-3_bin.37.purify_k141_88763_16124-17524,HS-34-3_bin.37.purify_k141_88763_13(Fam_5888 [★Target]) --> HS-34-3_bin.37.purify_k141_88763_14(Fam_10065 [★Target])
"(1665, 2194, 2377, 6957)",2,[1665],2021-ZJZB-W1_bin.63.purify_k127_3612678,2021-ZJZB-W1_bin.63.purify_k127_3612678_3985-10136,2021-ZJZB-W1_bin.63.purify_k127_3612678_5(Fam_2194 [★Target]) --> 2021-ZJZB-W1_bin.63.purify_k127_3612678_6(Fam_6957 [★Target]) --> 2021-ZJZB-W1_bin.63.purify_k127_3612678_7(Fam_2377 [★Target]) --> 2021-ZJZB-W1_bin.63.purify_k127_3612678_9(Fam_1665 [★Target])
"(1665, 2194, 2377, 6957)",2,[1665],2021-ZJZB-W2_bin.12.purify_k127_2483827,2021-ZJZB-W2_bin.12.purify_k127_2483827_3985-10136,2021-ZJZB-W2_bin.12.purify_k127_2483827_5(Fam_2194 [★Target]) --> 2021-ZJZB-W2_bin.12.purify_k127_2483827_6(Fam_6957 [★Target]) --> 2021-ZJZB-W2_bin.12.purify_k127_2483827_7(Fam_2377 [★Target]) --> 2021-ZJZB-W2_bin.12.purify_k127_2483827_9(Fam_1665 [★Target])
"(10549, 11241, 13160)",2,"[10549, 11241]",HS-29-1_bin.42.purify_k141_164394,HS-29-1_bin.42.purify_k141_164394_2802-4365,HS-29-1_bin.42.purify_k141_164394_3(Fam_10549 [★Target]) --> HS-29-1_bin.42.purify_k141_164394_4(Fam_13160 [★Target]) --> HS-29-1_bin.42.purify_k141_164394_5(Fam_11241 [★Target])
"(10549, 11241, 13160)",2,"[10549, 11241]",HS-29-2_bin.23.purify_k141_54236,HS-29-2_bin.23.purify_k141_54236_2880-4443,HS-29-2_bin.23.purify_k141_54236_3(Fam_10549 [★Target]) --> HS-29-2_bin.23.purify_k141_54236_4(Fam_13160 [★Target]) --> HS-29-2_bin.23.purify_k141_54236_5(Fam_11241 [★Target])
"(11301, 11702)",2,"[11301, 11702]",HS-29-2_bin.14.purify_k141_222993,HS-29-2_bin.14.purify_k141_222993_4593-5545,HS-29-2_bin.14.purify_k141_222993_6(Fam_11702 [★Target]) --> HS-29-2_bin.14.purify_k141_222993_7(Fam_11301 [★Target])
"(11301, 11702)",2,"[11301, 11702]",HS-29-3_bin.19.purify_k141_23491,HS-29-3_bin.19.purify_k141_23491_3960-4912,HS-29-3_bin.19.purify_k141_23491_5(Fam_11702 [★Target]) --> HS-29-3_bin.19.purify_k141_23491_6(Fam_11301 [★Target])
"(6037, 9080)",2,[9080],HS-34-2_bin.17.purify_k141_11502,HS-34-2_bin.17.purify_k141_11502_2023-3610,HS-34-2_bin.17.purify_k141_11502_5(Fam_6037 [★Target]) --> HS-34-2_bin.17.purify_k141_11502_6(Fam_9080 [★Target])
"(6037, 9080)",2,[9080],HS-35-1_bin.50.purify_k141_16584,HS-35-1_bin.50.purify_k141_16584_9736-11323,HS-35-1_bin.50.purify_k141_16584_10(Fam_6037 [★Target]) --> HS-35-1_bin.50.purify_k141_16584_11(Fam_9080 [★Target])
"(10950, 13902)",2,[10950],HS-34-2_bin.2.purify_k141_49914,HS-34-2_bin.2.purify_k141_49914_1809-2582,HS-34-2_bin.2.purify_k141_49914_3(Fam_13902 [★Target]) --> HS-34-2_bin.2.purify_k141_49914_4(Fam_10950 [★Target])
"(10950, 13902)",2,[10950],HS-35-1_bin.24.purify_k141_225767,HS-35-1_bin.24.purify_k141_225767_1384-2157,HS-35-1_bin.24.purify_k141_225767_3(Fam_13902 [★Target]) --> HS-35-1_bin.24.purify_k141_225767_4(Fam_10950 [★Target])
"(4557, 5986)",2,[4557],HS-36-1_bin.10.purify_k141_39426,HS-36-1_bin.10.purify_k141_39426_3-1662,HS-36-1_bin.10.purify_k141_39426_1(Fam_4557 [★Target]) --> HS-36-1_bin.10.purify_k141_39426_2(Fam_5986 [★Target])
"(4557, 5986)",2,[4557],HS-38-2_bin.28.purify_k141_22446,HS-38-2_bin.28.purify_k141_22446_3-2090,HS-38-2_bin.28.purify_k141_22446_1(Fam_4557 [★Target]) --> HS-38-2_bin.28.purify_k141_22446_2(Fam_5986 [★Target])
"(7291, 9211)",2,[7291],HS-38-2_bin.13.purify_k141_4951,HS-38-2_bin.13.purify_k141_4951_18553-20473,HS-38-2_bin.13.purify_k141_4951_22(Fam_7291 [★Target]) --> HS-38-2_bin.13.purify_k141_4951_24(Fam_9211 [★Target])
"(7291, 9211)",2,[7291],HS-39-1_bin.28.purify_k141_256039,HS-39-1_bin.28.purify_k141_256039_1985-3905,HS-39-1_bin.28.purify_k141_256039_4(Fam_7291 [★Target]) --> HS-39-1_bin.28.purify_k141_256039_6(Fam_9211 [★Target])
"(529, 2713)",2,[2713],HS-38-3_bin.3.purify_k141_134467,HS-38-3_bin.3.purify_k141_134467_2382-6750,HS-38-3_bin.3.purify_k141_134467_5(Fam_2713 [★Target]) --> HS-38-3_bin.3.purify_k141_134467_6(Fam_529 [★Target])
"(529, 2713)",2,[2713],HS-39-1_bin.3.purify_k141_87941,HS-39-1_bin.3.purify_k141_87941_8090-12458,HS-39-1_bin.3.purify_k141_87941_9(Fam_529 [★Target]) --> HS-39-1_bin.3.purify_k141_87941_10(Fam_2713 [★Target])
"(8231, 9643)",2,[8231],HS-43-1_bin.19.purify_k141_136571,HS-43-1_bin.19.purify_k141_136571_3299-5090,HS-43-1_bin.19.purify_k141_136571_3(Fam_8231 [★Target]) --> HS-43-1_bin.19.purify_k141_136571_4(Fam_9643 [★Target])
"(8231, 9643)",2,[8231],HS-44-1_bin.20.purify_k141_60637,HS-44-1_bin.20.purify_k141_60637_1891-3682,HS-44-1_bin.20.purify_k141_60637_4(Fam_9643 [★Target]) --> HS-44-1_bin.20.purify_k141_60637_5(Fam_8231 [★Target])
"(7323, 7631)",2,[7631],HS-43-2_bin.15.purify_k141_118707,HS-43-2_bin.15.purify_k141_118707_13239-14879,HS-43-2_bin.15.purify_k141_118707_15(Fam_7323 [★Target]) --> HS-43-2_bin.15.purify_k141_118707_16(Fam_7631 [★Target])
"(7323, 7631)",2,[7631],HS-44-1_bin.19.purify_k141_29637,HS-44-1_bin.19.purify_k141_29637_13170-14810,HS-44-1_bin.19.purify_k141_29637_15(Fam_7323 [★Target]) --> HS-44-1_bin.19.purify_k141_29637_16(Fam_7631 [★Target])
"(3785, 12379)",2,[12379],HS-43-2_bin.18.purify_k141_91040,HS-43-2_bin.18.purify_k141_91040_6256-7915,HS-43-2_bin.18.purify_k141_91040_8(Fam_12379 [★Target]) --> HS-43-2_bin.18.purify_k141_91040_9(Fam_3785 [★Target])
"(3785, 12379)",2,[12379],HS-43-3_bin.23.purify_k141_129126,HS-43-3_bin.23.purify_k141_129126_171-1830,HS-43-3_bin.23.purify_k141_129126_2(Fam_3785 [★Target]) --> HS-43-3_bin.23.purify_k141_129126_3(Fam_12379 [★Target])
"(3207, 5418)",2,[5418],2019_TBCBL-04_bin.20.purify_k141_99174,2019_TBCBL-04_bin.20.purify_k141_99174_939-3294,2019_TBCBL-04_bin.20.purify_k141_99174_2(Fam_3207 [★Target]) --> 2019_TBCBL-04_bin.20.purify_k141_99174_3(Fam_5418 [★Target])
"(3207, 5418)",2,[5418],2021-YBJ-W1_bin.113.purify_k127_970379,2021-YBJ-W1_bin.113.purify_k127_970379_2564-4928,2021-YBJ-W1_bin.113.purify_k127_970379_3(Fam_3207 [★Target]) --> 2021-YBJ-W1_bin.113.purify_k127_970379_4(Fam_5418 [★Target])
"(8232, 10192)",2,"[8232, 10192]",HS-43-3_bin.33.purify_k141_9835,HS-43-3_bin.33.purify_k141_9835_28972-30763,HS-43-3_bin.33.purify_k141_9835_29(Fam_8232 [★Target]) --> HS-43-3_bin.33.purify_k141_9835_30(Fam_10192 [★Target])
"(8232, 10192)",2,"[8232, 10192]",HS-44-1_bin.9.purify_k141_39979,HS-44-1_bin.9.purify_k141_39979_17999-19790,HS-44-1_bin.9.purify_k141_39979_21(Fam_8232 [★Target]) --> HS-44-1_bin.9.purify_k141_39979_22(Fam_10192 [★Target])
"(7048, 12465)",2,[7048],HS-39-2_bin.4.purify_k141_11552,HS-39-2_bin.4.purify_k141_11552_29-1242,HS-39-2_bin.4.purify_k141_11552_1(Fam_12465 [★Target]) --> HS-39-2_bin.4.purify_k141_11552_2(Fam_7048 [★Target])
"(7048, 12465)",2,[7048],HS-6-1_bin.4.purify_k141_9312,HS-6-1_bin.4.purify_k141_9312_324-1546,HS-6-1_bin.4.purify_k141_9312_2(Fam_12465 [★Target]) --> HS-6-1_bin.4.purify_k141_9312_3(Fam_7048 [★Target])
"(921, 10821)",2,[921],H4-3_bin.71.purify_k141_192871_length_9454_cov_7.0000,H4-3_bin.71.purify_k141_192871_length_9454_cov_7.0000_4861-7990,H4-3_bin.71.purify_k141_192871_length_9454_cov_7.0000_5(Fam_921 [★Target]) --> H4-3_bin.71.purify_k141_192871_length_9454_cov_7.0000_6(Fam_10821 [★Target])
"(921, 10821)",2,[921],HS-18-2_bin.8.purify_k141_125763,HS-18-2_bin.8.purify_k141_125763_3-1890,HS-18-2_bin.8.purify_k141_125763_1(Fam_921 [★Target]) --> HS-18-2_bin.8.purify_k141_125763_2(Fam_10821 [★Target])
"(3339, 9638)",2,[9638],HS-12-1_bin.1.purify_k141_4174,HS-12-1_bin.1.purify_k141_4174_15768-17694,HS-12-1_bin.1.purify_k141_4174_10(Fam_3339 [★Target]) --> HS-12-1_bin.1.purify_k141_4174_11(Fam_9638 [★Target])
"(3339, 9638)",2,[9638],HS-12-3_bin.6.purify_k141_6671,HS-12-3_bin.6.purify_k141_6671_24104-26030,HS-12-3_bin.6.purify_k141_6671_18(Fam_9638 [★Target]) --> HS-12-3_bin.6.purify_k141_6671_19(Fam_3339 [★Target])
"(2243, 5770)",2,[5770],HS-18-2_bin.2.purify_k141_160827,HS-18-2_bin.2.purify_k141_160827_715-3224,HS-18-2_bin.2.purify_k141_160827_2(Fam_5770 [★Target]) --> HS-18-2_bin.2.purify_k141_160827_3(Fam_2243 [★Target])
"(2243, 5770)",2,[5770],HS-20-3_bin.3.purify_k141_171804,HS-20-3_bin.3.purify_k141_171804_2852-5403,HS-20-3_bin.3.purify_k141_171804_2(Fam_5770 [★Target]) --> HS-20-3_bin.3.purify_k141_171804_3(Fam_2243 [★Target])
"(11476, 12644)",2,[12644],HS-28-3_bin.21.purify_k141_33678,HS-28-3_bin.21.purify_k141_33678_3549-4372,HS-28-3_bin.21.purify_k141_33678_6(Fam_12644 [★Target]) --> HS-28-3_bin.21.purify_k141_33678_7(Fam_11476 [★Target])
"(11476, 12644)",2,[12644],HS-29-2_bin.25.purify_k141_24537,HS-29-2_bin.25.purify_k141_24537_1691-2514,HS-29-2_bin.25.purify_k141_24537_4(Fam_12644 [★Target]) --> HS-29-2_bin.25.purify_k141_24537_5(Fam_11476 [★Target])
"(799, 9300)",2,[9300],HS-25-2_bin.8.purify_k141_38655,HS-25-2_bin.8.purify_k141_38655_1662-2601,HS-25-2_bin.8.purify_k141_38655_3(Fam_9300 [★Target]) --> HS-25-2_bin.8.purify_k141_38655_4(Fam_799 [★Target])
"(799, 9300)",2,[9300],HS-28-2_bin.53.purify_k141_54879,HS-28-2_bin.53.purify_k141_54879_884-2446,HS-28-2_bin.53.purify_k141_54879_2(Fam_9300 [★Target]) --> HS-28-2_bin.53.purify_k141_54879_3(Fam_799 [★Target])
"(2904, 5803)",2,[2904],HS-26-1_bin.35.purify_k141_187188,HS-26-1_bin.35.purify_k141_187188_3711-6040,HS-26-1_bin.35.purify_k141_187188_4(Fam_2904 [★Target]) --> HS-26-1_bin.35.purify_k141_187188_5(Fam_5803 [★Target])
"(2904, 5803)",2,[2904],HS-34-3_bin.34.purify_k141_72937,HS-34-3_bin.34.purify_k141_72937_702-3049,HS-34-3_bin.34.purify_k141_72937_2(Fam_5803 [★Target]) --> HS-34-3_bin.34.purify_k141_72937_3(Fam_2904 [★Target])
"(533, 4079)",2,[533],HS-28-1_bin.75.purify_k141_256217,HS-28-1_bin.75.purify_k141_256217_168-4183,HS-28-1_bin.75.purify_k141_256217_2(Fam_4079 [★Target]) --> HS-28-1_bin.75.purify_k141_256217_3(Fam_533 [★Target])
"(533, 4079)",2,[533],HS-28-2_bin.41.purify_k141_76079,HS-28-2_bin.41.purify_k141_76079_4405-9648,HS-28-2_bin.41.purify_k141_76079_7(Fam_4781) --> HS-28-2_bin.41.purify_k141_76079_8(Fam_533 [★Target]) --> HS-28-2_bin.41.purify_k141_76079_9(Fam_4079 [★Target])
"(533, 4079)",2,[533],HS-28-3_bin.34.purify_k141_60141,HS-28-3_bin.34.purify_k141_60141_2466-6482,HS-28-3_bin.34.purify_k141_60141_6(Fam_4079 [★Target]) --> HS-28-3_bin.34.purify_k141_60141_7(Fam_533 [★Target])
"(533, 4079)",2,[533],HS-29-3_bin.10.purify_k141_26022,HS-29-3_bin.10.purify_k141_26022_2298-7538,HS-29-3_bin.10.purify_k141_26022_5(Fam_4781) --> HS-29-3_bin.10.purify_k141_26022_6(Fam_533 [★Target]) --> HS-29-3_bin.10.purify_k141_26022_7(Fam_4079 [★Target])
"(8583, 9718)",2,[8583],HS-28-2_bin.23.purify_k141_175132,HS-28-2_bin.23.purify_k141_175132_2970-4422,HS-28-2_bin.23.purify_k141_175132_4(Fam_8583 [★Target]) --> HS-28-2_bin.23.purify_k141_175132_5(Fam_9718 [★Target])
"(8583, 9718)",2,[8583],HS-28-3_bin.26.purify_k141_163833,HS-28-3_bin.26.purify_k141_163833_4887-6339,HS-28-3_bin.26.purify_k141_163833_5(Fam_9718 [★Target]) --> HS-28-3_bin.26.purify_k141_163833_6(Fam_8583 [★Target])
"(533, 4079, 4781)",2,[533],HS-28-2_bin.41.purify_k141_76079,HS-28-2_bin.41.purify_k141_76079_4405-9648,HS-28-2_bin.41.purify_k141_76079_7(Fam_4781 [★Target]) --> HS-28-2_bin.41.purify_k141_76079_8(Fam_533 [★Target]) --> HS-28-2_bin.41.purify_k141_76079_9(Fam_4079 [★Target])
"(533, 4079, 4781)",2,[533],HS-29-3_bin.10.purify_k141_26022,HS-29-3_bin.10.purify_k141_26022_2298-7538,HS-29-3_bin.10.purify_k141_26022_5(Fam_4781 [★Target]) --> HS-29-3_bin.10.purify_k141_26022_6(Fam_533 [★Target]) --> HS-29-3_bin.10.purify_k141_26022_7(Fam_4079 [★Target])
"(9333, 10653)",2,[9333],2021-TLHSD-W3_bin.199.purify_k141_46036,2021-TLHSD-W3_bin.199.purify_k141_46036_12094-13286,2021-TLHSD-W3_bin.199.purify_k141_46036_11(Fam_9333 [★Target]) --> 2021-TLHSD-W3_bin.199.purify_k141_46036_12(Fam_10653 [★Target])
"(9333, 10653)",2,[9333],2021-TMRSD-W3_bin.199.purify_k141_46036,2021-TMRSD-W3_bin.199.purify_k141_46036_12094-13286,2021-TMRSD-W3_bin.199.purify_k141_46036_11(Fam_9333 [★Target]) --> 2021-TMRSD-W3_bin.199.purify_k141_46036_12(Fam_10653 [★Target])
"(3145, 9401)",2,[9401],2021-TLHSD-W3_bin.204.purify_k141_3658638,2021-TLHSD-W3_bin.204.purify_k141_3658638_1660-3943,2021-TLHSD-W3_bin.204.purify_k141_3658638_4(Fam_3145 [★Target]) --> 2021-TLHSD-W3_bin.204.purify_k141_3658638_5(Fam_9401 [★Target])
"(3145, 9401)",2,[9401],2021-TMRSD-W3_bin.204.purify_k141_3658638,2021-TMRSD-W3_bin.204.purify_k141_3658638_1660-3943,2021-TMRSD-W3_bin.204.purify_k141_3658638_4(Fam_3145 [★Target]) --> 2021-TMRSD-W3_bin.204.purify_k141_3658638_5(Fam_9401 [★Target])
"(4913, 6480)",2,[6480],2021-TLHSD-W3_bin.211.purify_k141_4292841,2021-TLHSD-W3_bin.211.purify_k141_4292841_72334-74330,2021-TLHSD-W3_bin.211.purify_k141_4292841_66(Fam_6480 [★Target]) --> 2021-TLHSD-W3_bin.211.purify_k141_4292841_67(Fam_4913 [★Target])
"(4913, 6480)",2,[6480],2021-TMRSD-W3_bin.211.purify_k141_4292841,2021-TMRSD-W3_bin.211.purify_k141_4292841_72334-74330,2021-TMRSD-W3_bin.211.purify_k141_4292841_66(Fam_6480 [★Target]) --> 2021-TMRSD-W3_bin.211.purify_k141_4292841_67(Fam_4913 [★Target])
"(8613, 10295)",2,"[8613, 10295]",2021-TLHSD-W3_bin.222.purify_k141_1558039,2021-TLHSD-W3_bin.222.purify_k141_1558039_3628-5009,2021-TLHSD-W3_bin.222.purify_k141_1558039_7(Fam_8613 [★Target]) --> 2021-TLHSD-W3_bin.222.purify_k141_1558039_8(Fam_10295 [★Target])
"(8613, 10295)",2,"[8613, 10295]",2021-TMRSD-W3_bin.222.purify_k141_1558039,2021-TMRSD-W3_bin.222.purify_k141_1558039_3628-5009,2021-TMRSD-W3_bin.222.purify_k141_1558039_7(Fam_8613 [★Target]) --> 2021-TMRSD-W3_bin.222.purify_k141_1558039_8(Fam_10295 [★Target])
"(7180, 11129)",2,"[7180, 11129]",2021-TLHSD-W3_bin.223.purify_k141_4010071,2021-TLHSD-W3_bin.223.purify_k141_4010071_2234-3576,2021-TLHSD-W3_bin.223.purify_k141_4010071_2(Fam_7180 [★Target]) --> 2021-TLHSD-W3_bin.223.purify_k141_4010071_3(Fam_11129 [★Target])
"(7180, 11129)",2,"[7180, 11129]",2021-TMRSD-W3_bin.223.purify_k141_4010071,2021-TMRSD-W3_bin.223.purify_k141_4010071_2234-3576,2021-TMRSD-W3_bin.223.purify_k141_4010071_2(Fam_7180 [★Target]) --> 2021-TMRSD-W3_bin.223.purify_k141_4010071_3(Fam_11129 [★Target])
"(985, 5742)",2,[5742],2021-TLHSD-W3_bin.231.purify_k141_3424835,2021-TLHSD-W3_bin.231.purify_k141_3424835_11687-15019,2021-TLHSD-W3_bin.231.purify_k141_3424835_6(Fam_5742 [★Target]) --> 2021-TLHSD-W3_bin.231.purify_k141_3424835_7(Fam_985 [★Target])
"(985, 5742)",2,[5742],2021-TMRSD-W3_bin.231.purify_k141_3424835,2021-TMRSD-W3_bin.231.purify_k141_3424835_11687-15019,2021-TMRSD-W3_bin.231.purify_k141_3424835_6(Fam_5742 [★Target]) --> 2021-TMRSD-W3_bin.231.purify_k141_3424835_7(Fam_985 [★Target])
"(72, 13579)",2,[13579],2021-TLHSD-W3_bin.235.purify_k141_1289746,2021-TLHSD-W3_bin.235.purify_k141_1289746_1640-2157,2021-TLHSD-W3_bin.235.purify_k141_1289746_3(Fam_13579 [★Target]) --> 2021-TLHSD-W3_bin.235.purify_k141_1289746_4(Fam_72 [★Target])
"(72, 13579)",2,[13579],2021-TMRSD-W3_bin.235.purify_k141_1289746,2021-TMRSD-W3_bin.235.purify_k141_1289746_1640-2157,2021-TMRSD-W3_bin.235.purify_k141_1289746_3(Fam_13579 [★Target]) --> 2021-TMRSD-W3_bin.235.purify_k141_1289746_4(Fam_72 [★Target])
"(1200, 4122, 5306)",2,[1200],2021-TLHSD-W3_bin.251.purify_k141_692391,2021-TLHSD-W3_bin.251.purify_k141_692391_14159-18548,2021-TLHSD-W3_bin.251.purify_k141_692391_17(Fam_1200 [★Target]) --> 2021-TLHSD-W3_bin.251.purify_k141_692391_18(Fam_4122 [★Target]) --> 2021-TLHSD-W3_bin.251.purify_k141_692391_19(Fam_5306 [★Target])
"(1200, 4122, 5306)",2,[1200],2021-TMRSD-W3_bin.251.purify_k141_692391,2021-TMRSD-W3_bin.251.purify_k141_692391_14159-18548,2021-TMRSD-W3_bin.251.purify_k141_692391_17(Fam_1200 [★Target]) --> 2021-TMRSD-W3_bin.251.purify_k141_692391_18(Fam_4122 [★Target]) --> 2021-TMRSD-W3_bin.251.purify_k141_692391_19(Fam_5306 [★Target])
"(4840, 8508)",2,[4840],2021-TLHSD-W3_bin.261.purify_k141_2180368,2021-TLHSD-W3_bin.261.purify_k141_2180368_1600-3535,2021-TLHSD-W3_bin.261.purify_k141_2180368_3(Fam_8508 [★Target]) --> 2021-TLHSD-W3_bin.261.purify_k141_2180368_4(Fam_4840 [★Target])
"(4840, 8508)",2,[4840],2021-TMRSD-W3_bin.261.purify_k141_2180368,2021-TMRSD-W3_bin.261.purify_k141_2180368_1600-3535,2021-TMRSD-W3_bin.261.purify_k141_2180368_3(Fam_8508 [★Target]) --> 2021-TMRSD-W3_bin.261.purify_k141_2180368_4(Fam_4840 [★Target])
"(294, 2408, 2417, 3551, 4713, 9334)",2,[3551],2021-TLHSD-W3_bin.262.purify_k141_1876295,2021-TLHSD-W3_bin.262.purify_k141_1876295_29789-42101,2021-TLHSD-W3_bin.262.purify_k141_1876295_25(Fam_3551 [★Target]) --> 2021-TLHSD-W3_bin.262.purify_k141_1876295_26(Fam_9334 [★Target]) --> 2021-TLHSD-W3_bin.262.purify_k141_1876295_27(Fam_4713 [★Target]) --> 2021-TLHSD-W3_bin.262.purify_k141_1876295_28(Fam_294 [★Target]) --> 2021-TLHSD-W3_bin.262.purify_k141_1876295_30(Fam_2417 [★Target]) --> 2021-TLHSD-W3_bin.262.purify_k141_1876295_32(Fam_2408 [★Target])
"(294, 2408, 2417, 3551, 4713, 9334)",2,[3551],2021-TMRSD-W3_bin.262.purify_k141_1876295,2021-TMRSD-W3_bin.262.purify_k141_1876295_29789-42101,2021-TMRSD-W3_bin.262.purify_k141_1876295_25(Fam_3551 [★Target]) --> 2021-TMRSD-W3_bin.262.purify_k141_1876295_26(Fam_9334 [★Target]) --> 2021-TMRSD-W3_bin.262.purify_k141_1876295_27(Fam_4713 [★Target]) --> 2021-TMRSD-W3_bin.262.purify_k141_1876295_28(Fam_294 [★Target]) --> 2021-TMRSD-W3_bin.262.purify_k141_1876295_30(Fam_2417 [★Target]) --> 2021-TMRSD-W3_bin.262.purify_k141_1876295_32(Fam_2408 [★Target])
"(12906, 13351)",2,"[12906, 13351]",2021-TLHSD-W3_bin.263.purify_k141_147748,2021-TLHSD-W3_bin.263.purify_k141_147748_28917-29497,2021-TLHSD-W3_bin.263.purify_k141_147748_31(Fam_13351 [★Target]) --> 2021-TLHSD-W3_bin.263.purify_k141_147748_32(Fam_12906 [★Target])
"(12906, 13351)",2,"[12906, 13351]",2021-TMRSD-W3_bin.263.purify_k141_147748,2021-TMRSD-W3_bin.263.purify_k141_147748_28917-29497,2021-TMRSD-W3_bin.263.purify_k141_147748_31(Fam_13351 [★Target]) --> 2021-TMRSD-W3_bin.263.purify_k141_147748_32(Fam_12906 [★Target])
"(7550, 8540)",2,[7550],2021-TLHSD-W3_bin.226.purify_k141_3888830,2021-TLHSD-W3_bin.226.purify_k141_3888830_23268-24783,2021-TLHSD-W3_bin.226.purify_k141_3888830_15(Fam_8540 [★Target]) --> 2021-TLHSD-W3_bin.226.purify_k141_3888830_16(Fam_7550 [★Target])
"(7550, 8540)",2,[7550],2021-TMRSD-W3_bin.226.purify_k141_3888830,2021-TMRSD-W3_bin.226.purify_k141_3888830_23268-24783,2021-TMRSD-W3_bin.226.purify_k141_3888830_15(Fam_8540 [★Target]) --> 2021-TMRSD-W3_bin.226.purify_k141_3888830_16(Fam_7550 [★Target])
"(318, 5906, 6814)",2,[5906],2021-TLHSD-W3_bin.138.purify_k141_948073,2021-TLHSD-W3_bin.138.purify_k141_948073_1653-6848,2021-TLHSD-W3_bin.138.purify_k141_948073_4(Fam_318 [★Target]) --> 2021-TLHSD-W3_bin.138.purify_k141_948073_5(Fam_5906 [★Target]) --> 2021-TLHSD-W3_bin.138.purify_k141_948073_6(Fam_6814 [★Target])
"(318, 5906, 6814)",2,[5906],2021-TMRSD-W3_bin.138.purify_k141_948073,2021-TMRSD-W3_bin.138.purify_k141_948073_1653-6848,2021-TMRSD-W3_bin.138.purify_k141_948073_4(Fam_318 [★Target]) --> 2021-TMRSD-W3_bin.138.purify_k141_948073_5(Fam_5906 [★Target]) --> 2021-TMRSD-W3_bin.138.purify_k141_948073_6(Fam_6814 [★Target])
"(4129, 6208)",2,"[4129, 6208]",2021-TLHSD-W3_bin.142.purify_k141_1178170,2021-TLHSD-W3_bin.142.purify_k141_1178170_18393-20518,2021-TLHSD-W3_bin.142.purify_k141_1178170_16(Fam_4129 [★Target]) --> 2021-TLHSD-W3_bin.142.purify_k141_1178170_17(Fam_6208 [★Target])
"(4129, 6208)",2,"[4129, 6208]",2021-TMRSD-W3_bin.142.purify_k141_1178170,2021-TMRSD-W3_bin.142.purify_k141_1178170_18393-20518,2021-TMRSD-W3_bin.142.purify_k141_1178170_16(Fam_4129 [★Target]) --> 2021-TMRSD-W3_bin.142.purify_k141_1178170_17(Fam_6208 [★Target])
"(2575, 11299)",2,"[2575, 11299]",2021-TLHSD-W3_bin.148.purify_k141_418606,2021-TLHSD-W3_bin.148.purify_k141_418606_15459-17437,2021-TLHSD-W3_bin.148.purify_k141_418606_14(Fam_11299 [★Target]) --> 2021-TLHSD-W3_bin.148.purify_k141_418606_15(Fam_2575 [★Target])
"(2575, 11299)",2,"[2575, 11299]",2021-TMRSD-W3_bin.148.purify_k141_418606,2021-TMRSD-W3_bin.148.purify_k141_418606_15459-17437,2021-TMRSD-W3_bin.148.purify_k141_418606_14(Fam_11299 [★Target]) --> 2021-TMRSD-W3_bin.148.purify_k141_418606_15(Fam_2575 [★Target])
"(48, 2058, 3338)",2,[3338],2021-TLHSD-W3_bin.150.purify_k141_2107705,2021-TLHSD-W3_bin.150.purify_k141_2107705_119835-127023,2021-TLHSD-W3_bin.150.purify_k141_2107705_129(Fam_2058 [★Target]) --> 2021-TLHSD-W3_bin.150.purify_k141_2107705_130(Fam_3338 [★Target]) --> 2021-TLHSD-W3_bin.150.purify_k141_2107705_131(Fam_48 [★Target])
"(48, 2058, 3338)",2,[3338],2021-TMRSD-W3_bin.150.purify_k141_2107705,2021-TMRSD-W3_bin.150.purify_k141_2107705_119835-127023,2021-TMRSD-W3_bin.150.purify_k141_2107705_129(Fam_2058 [★Target]) --> 2021-TMRSD-W3_bin.150.purify_k141_2107705_130(Fam_3338 [★Target]) --> 2021-TMRSD-W3_bin.150.purify_k141_2107705_131(Fam_48 [★Target])
"(4695, 8539)",2,[8539],2021-TLHSD-W3_bin.153.purify_k141_3279334,2021-TLHSD-W3_bin.153.purify_k141_3279334_4257-6250,2021-TLHSD-W3_bin.153.purify_k141_3279334_4(Fam_4695 [★Target]) --> 2021-TLHSD-W3_bin.153.purify_k141_3279334_5(Fam_8539 [★Target])
"(4695, 8539)",2,[8539],2021-TMRSD-W3_bin.153.purify_k141_3279334,2021-TMRSD-W3_bin.153.purify_k141_3279334_4257-6250,2021-TMRSD-W3_bin.153.purify_k141_3279334_4(Fam_4695 [★Target]) --> 2021-TMRSD-W3_bin.153.purify_k141_3279334_5(Fam_8539 [★Target])
"(4516, 5525)",2,"[4516, 5525]",2021-TLHSD-W3_bin.196.purify_k141_4307551,2021-TLHSD-W3_bin.196.purify_k141_4307551_591-2869,2021-TLHSD-W3_bin.196.purify_k141_4307551_3(Fam_5525 [★Target]) --> 2021-TLHSD-W3_bin.196.purify_k141_4307551_4(Fam_4516 [★Target])
"(4516, 5525)",2,"[4516, 5525]",2021-TMRSD-W3_bin.196.purify_k141_4307551,2021-TMRSD-W3_bin.196.purify_k141_4307551_591-2869,2021-TMRSD-W3_bin.196.purify_k141_4307551_3(Fam_5525 [★Target]) --> 2021-TMRSD-W3_bin.196.purify_k141_4307551_4(Fam_4516 [★Target])
"(2318, 4882)",2,[2318],2021-TLHSD-W3_bin.181.purify_k141_3923155,2021-TLHSD-W3_bin.181.purify_k141_3923155_2-2883,2021-TLHSD-W3_bin.181.purify_k141_3923155_1(Fam_4882 [★Target]) --> 2021-TLHSD-W3_bin.181.purify_k141_3923155_2(Fam_2318 [★Target])
"(2318, 4882)",2,[2318],2021-TMRSD-W3_bin.181.purify_k141_3923155,2021-TMRSD-W3_bin.181.purify_k141_3923155_2-2883,2021-TMRSD-W3_bin.181.purify_k141_3923155_1(Fam_4882 [★Target]) --> 2021-TMRSD-W3_bin.181.purify_k141_3923155_2(Fam_2318 [★Target])
"(271, 13961)",2,[13961],2021-TLHSD-W3_bin.183.purify_k141_2092632,2021-TLHSD-W3_bin.183.purify_k141_2092632_4503-4900,2021-TLHSD-W3_bin.183.purify_k141_2092632_5(Fam_13961 [★Target]) --> 2021-TLHSD-W3_bin.183.purify_k141_2092632_6(Fam_271 [★Target])
"(271, 13961)",2,[13961],2021-TMRSD-W3_bin.183.purify_k141_2092632,2021-TMRSD-W3_bin.183.purify_k141_2092632_4503-4900,2021-TMRSD-W3_bin.183.purify_k141_2092632_5(Fam_13961 [★Target]) --> 2021-TMRSD-W3_bin.183.purify_k141_2092632_6(Fam_271 [★Target])
"(1300, 5353)",2,[1300],2021-TLHSD-W3_bin.189.purify_k141_2308784,2021-TLHSD-W3_bin.189.purify_k141_2308784_1738-4937,2021-TLHSD-W3_bin.189.purify_k141_2308784_4(Fam_1300 [★Target]) --> 2021-TLHSD-W3_bin.189.purify_k141_2308784_5(Fam_5353 [★Target])
"(1300, 5353)",2,[1300],2021-TMRSD-W3_bin.189.purify_k141_2308784,2021-TMRSD-W3_bin.189.purify_k141_2308784_1738-4937,2021-TMRSD-W3_bin.189.purify_k141_2308784_4(Fam_1300 [★Target]) --> 2021-TMRSD-W3_bin.189.purify_k141_2308784_5(Fam_5353 [★Target])
"(445, 5697)",2,"[445, 5697]",2021-TLHSD-W3_bin.194.purify_k141_1375650,2021-TLHSD-W3_bin.194.purify_k141_1375650_2534-6645,2021-TLHSD-W3_bin.194.purify_k141_1375650_4(Fam_5697 [★Target]) --> 2021-TLHSD-W3_bin.194.purify_k141_1375650_5(Fam_445 [★Target])
"(445, 5697)",2,"[445, 5697]",2021-TMRSD-W3_bin.194.purify_k141_1375650,2021-TMRSD-W3_bin.194.purify_k141_1375650_2534-6645,2021-TMRSD-W3_bin.194.purify_k141_1375650_4(Fam_5697 [★Target]) --> 2021-TMRSD-W3_bin.194.purify_k141_1375650_5(Fam_445 [★Target])
"(5005, 7008)",2,[7008],2021-TLHSD-W3_bin.195.purify_k141_1076899,2021-TLHSD-W3_bin.195.purify_k141_1076899_2558-4491,2021-TLHSD-W3_bin.195.purify_k141_1076899_3(Fam_5005 [★Target]) --> 2021-TLHSD-W3_bin.195.purify_k141_1076899_4(Fam_7008 [★Target])
"(5005, 7008)",2,[7008],2021-TMRSD-W3_bin.195.purify_k141_1076899,2021-TMRSD-W3_bin.195.purify_k141_1076899_2558-4491,2021-TMRSD-W3_bin.195.purify_k141_1076899_3(Fam_5005 [★Target]) --> 2021-TMRSD-W3_bin.195.purify_k141_1076899_4(Fam_7008 [★Target])
"(4127, 12252)",2,[12252],2021-TLHSD-W3_bin.48.purify_k141_106590,2021-TLHSD-W3_bin.48.purify_k141_106590_2251-3359,2021-TLHSD-W3_bin.48.purify_k141_106590_5(Fam_12252 [★Target]) --> 2021-TLHSD-W3_bin.48.purify_k141_106590_6(Fam_4127 [★Target])
"(4127, 12252)",2,[12252],2021-TMRSD-W3_bin.48.purify_k141_106590,2021-TMRSD-W3_bin.48.purify_k141_106590_2251-3359,2021-TMRSD-W3_bin.48.purify_k141_106590_5(Fam_12252 [★Target]) --> 2021-TMRSD-W3_bin.48.purify_k141_106590_6(Fam_4127 [★Target])
"(757, 13357)",2,"[757, 13357]",2021-TLHSD-W3_bin.50.purify_k141_3582011,2021-TLHSD-W3_bin.50.purify_k141_3582011_266-3164,2021-TLHSD-W3_bin.50.purify_k141_3582011_2(Fam_757 [★Target]) --> 2021-TLHSD-W3_bin.50.purify_k141_3582011_3(Fam_13357 [★Target])
"(757, 13357)",2,"[757, 13357]",2021-TMRSD-W3_bin.50.purify_k141_3582011,2021-TMRSD-W3_bin.50.purify_k141_3582011_266-3164,2021-TMRSD-W3_bin.50.purify_k141_3582011_2(Fam_757 [★Target]) --> 2021-TMRSD-W3_bin.50.purify_k141_3582011_3(Fam_13357 [★Target])
"(1308, 5648)",2,[1308],2021-TLHSD-W3_bin.6.purify_k141_1996113,2021-TLHSD-W3_bin.6.purify_k141_1996113_157897-160971,2021-TLHSD-W3_bin.6.purify_k141_1996113_150(Fam_1308 [★Target]) --> 2021-TLHSD-W3_bin.6.purify_k141_1996113_151(Fam_5648 [★Target])
"(1308, 5648)",2,[1308],2021-TMRSD-W3_bin.6.purify_k141_1996113,2021-TMRSD-W3_bin.6.purify_k141_1996113_157897-160971,2021-TMRSD-W3_bin.6.purify_k141_1996113_150(Fam_1308 [★Target]) --> 2021-TMRSD-W3_bin.6.purify_k141_1996113_151(Fam_5648 [★Target])
"(12931, 13916)",2,[12931],2021-TLHSD-W3_bin.60.purify_k141_471923,2021-TLHSD-W3_bin.60.purify_k141_471923_5380-6009,2021-TLHSD-W3_bin.60.purify_k141_471923_8(Fam_12931 [★Target]) --> 2021-TLHSD-W3_bin.60.purify_k141_471923_9(Fam_13916 [★Target])
"(12931, 13916)",2,[12931],2021-TMRSD-W3_bin.60.purify_k141_471923,2021-TMRSD-W3_bin.60.purify_k141_471923_5380-6009,2021-TMRSD-W3_bin.60.purify_k141_471923_8(Fam_12931 [★Target]) --> 2021-TMRSD-W3_bin.60.purify_k141_471923_9(Fam_13916 [★Target])
"(4710, 10058)",2,[4710],2021-TLHSD-W3_bin.268.purify_k141_2410146,2021-TLHSD-W3_bin.268.purify_k141_2410146_1580-3288,2021-TLHSD-W3_bin.268.purify_k141_2410146_5(Fam_4710 [★Target]) --> 2021-TLHSD-W3_bin.268.purify_k141_2410146_6(Fam_10058 [★Target])
"(4710, 10058)",2,[4710],2021-TMRSD-W3_bin.268.purify_k141_2410146,2021-TMRSD-W3_bin.268.purify_k141_2410146_1580-3288,2021-TMRSD-W3_bin.268.purify_k141_2410146_5(Fam_4710 [★Target]) --> 2021-TMRSD-W3_bin.268.purify_k141_2410146_6(Fam_10058 [★Target])
"(4394, 4737)",2,"[4394, 4737]",2021-TLHSD-W3_bin.76.purify_k141_1854186,2021-TLHSD-W3_bin.76.purify_k141_1854186_28935-31229,2021-TLHSD-W3_bin.76.purify_k141_1854186_27(Fam_4394 [★Target]) --> 2021-TLHSD-W3_bin.76.purify_k141_1854186_28(Fam_4737 [★Target])
"(4394, 4737)",2,"[4394, 4737]",2021-TMRSD-W3_bin.76.purify_k141_1854186,2021-TMRSD-W3_bin.76.purify_k141_1854186_28935-31229,2021-TMRSD-W3_bin.76.purify_k141_1854186_27(Fam_4394 [★Target]) --> 2021-TMRSD-W3_bin.76.purify_k141_1854186_28(Fam_4737 [★Target])
"(11010, 13899)",2,[11010],2021-TLHSD-W3_bin.85.purify_k141_4214145,2021-TLHSD-W3_bin.85.purify_k141_4214145_4425-5234,2021-TLHSD-W3_bin.85.purify_k141_4214145_4(Fam_11010 [★Target]) --> 2021-TLHSD-W3_bin.85.purify_k141_4214145_5(Fam_13899 [★Target])
"(11010, 13899)",2,[11010],2021-TMRSD-W3_bin.85.purify_k141_4214145,2021-TMRSD-W3_bin.85.purify_k141_4214145_4425-5234,2021-TMRSD-W3_bin.85.purify_k141_4214145_4(Fam_11010 [★Target]) --> 2021-TMRSD-W3_bin.85.purify_k141_4214145_5(Fam_13899 [★Target])
"(886, 1829, 2981)",2,"[1829, 2981]",2021-TLHSD-W3_bin.86.purify_k141_349109,2021-TLHSD-W3_bin.86.purify_k141_349109_735-6326,2021-TLHSD-W3_bin.86.purify_k141_349109_2(Fam_2981 [★Target]) --> 2021-TLHSD-W3_bin.86.purify_k141_349109_3(Fam_1829 [★Target]) --> 2021-TLHSD-W3_bin.86.purify_k141_349109_4(Fam_886 [★Target])
"(886, 1829, 2981)",2,"[1829, 2981]",2021-TMRSD-W3_bin.86.purify_k141_349109,2021-TMRSD-W3_bin.86.purify_k141_349109_735-6326,2021-TMRSD-W3_bin.86.purify_k141_349109_2(Fam_2981 [★Target]) --> 2021-TMRSD-W3_bin.86.purify_k141_349109_3(Fam_1829 [★Target]) --> 2021-TMRSD-W3_bin.86.purify_k141_349109_4(Fam_886 [★Target])
"(91, 466, 1223, 2504)",2,[1223],2021-TLHSD-W3_bin.87.purify_k141_4132021,2021-TLHSD-W3_bin.87.purify_k141_4132021_17666-29124,2021-TLHSD-W3_bin.87.purify_k141_4132021_20(Fam_1223 [★Target]) --> 2021-TLHSD-W3_bin.87.purify_k141_4132021_21(Fam_2504 [★Target]) --> 2021-TLHSD-W3_bin.87.purify_k141_4132021_23(Fam_91 [★Target]) --> 2021-TLHSD-W3_bin.87.purify_k141_4132021_24(Fam_466 [★Target])
"(91, 466, 1223, 2504)",2,[1223],2021-TMRSD-W3_bin.87.purify_k141_4132021,2021-TMRSD-W3_bin.87.purify_k141_4132021_17666-29124,2021-TMRSD-W3_bin.87.purify_k141_4132021_20(Fam_1223 [★Target]) --> 2021-TMRSD-W3_bin.87.purify_k141_4132021_21(Fam_2504 [★Target]) --> 2021-TMRSD-W3_bin.87.purify_k141_4132021_23(Fam_91 [★Target]) --> 2021-TMRSD-W3_bin.87.purify_k141_4132021_24(Fam_466 [★Target])
"(2846, 4468, 5502)",2,"[2846, 4468]",2021-TLHSD-W3_bin.9.purify_k141_3087652,2021-TLHSD-W3_bin.9.purify_k141_3087652_230939-234515,2021-TLHSD-W3_bin.9.purify_k141_3087652_236(Fam_5502 [★Target]) --> 2021-TLHSD-W3_bin.9.purify_k141_3087652_237(Fam_4468 [★Target]) --> 2021-TLHSD-W3_bin.9.purify_k141_3087652_238(Fam_2846 [★Target])
"(2846, 4468, 5502)",2,"[2846, 4468]",2021-TMRSD-W3_bin.9.purify_k141_3087652,2021-TMRSD-W3_bin.9.purify_k141_3087652_230939-234515,2021-TMRSD-W3_bin.9.purify_k141_3087652_236(Fam_5502 [★Target]) --> 2021-TMRSD-W3_bin.9.purify_k141_3087652_237(Fam_4468 [★Target]) --> 2021-TMRSD-W3_bin.9.purify_k141_3087652_238(Fam_2846 [★Target])
"(8789, 13125)",2,[8789],2021-TLHSD-W3_bin.90.purify_k141_585820,2021-TLHSD-W3_bin.90.purify_k141_585820_1503-2594,2021-TLHSD-W3_bin.90.purify_k141_585820_2(Fam_8789 [★Target]) --> 2021-TLHSD-W3_bin.90.purify_k141_585820_3(Fam_13125 [★Target])
"(8789, 13125)",2,[8789],2021-TMRSD-W3_bin.90.purify_k141_585820,2021-TMRSD-W3_bin.90.purify_k141_585820_1503-2594,2021-TMRSD-W3_bin.90.purify_k141_585820_2(Fam_8789 [★Target]) --> 2021-TMRSD-W3_bin.90.purify_k141_585820_3(Fam_13125 [★Target])
"(12542, 13025)",2,[13025],2021-TLHSD-W3_bin.95.purify_k141_3677335,2021-TLHSD-W3_bin.95.purify_k141_3677335_1676-2352,2021-TLHSD-W3_bin.95.purify_k141_3677335_3(Fam_12542 [★Target]) --> 2021-TLHSD-W3_bin.95.purify_k141_3677335_4(Fam_13025 [★Target])
"(12542, 13025)",2,[13025],2021-TMRSD-W3_bin.95.purify_k141_3677335,2021-TMRSD-W3_bin.95.purify_k141_3677335_1676-2352,2021-TMRSD-W3_bin.95.purify_k141_3677335_3(Fam_12542 [★Target]) --> 2021-TMRSD-W3_bin.95.purify_k141_3677335_4(Fam_13025 [★Target])
"(453, 2267, 3847, 4591, 10624)",2,[10624],2021-TLHSD-W3_bin.7.purify_k141_3803997,2021-TLHSD-W3_bin.7.purify_k141_3803997_6577-14188,2021-TLHSD-W3_bin.7.purify_k141_3803997_13(Fam_453 [★Target]) --> 2021-TLHSD-W3_bin.7.purify_k141_3803997_14(Fam_10624 [★Target]) --> 2021-TLHSD-W3_bin.7.purify_k141_3803997_15(Fam_4591 [★Target]) --> 2021-TLHSD-W3_bin.7.purify_k141_3803997_16(Fam_3847 [★Target]) --> 2021-TLHSD-W3_bin.7.purify_k141_3803997_17(Fam_2267 [★Target])
"(453, 2267, 3847, 4591, 10624)",2,[10624],2021-TMRSD-W3_bin.7.purify_k141_3803997,2021-TMRSD-W3_bin.7.purify_k141_3803997_6577-14188,2021-TMRSD-W3_bin.7.purify_k141_3803997_13(Fam_453 [★Target]) --> 2021-TMRSD-W3_bin.7.purify_k141_3803997_14(Fam_10624 [★Target]) --> 2021-TMRSD-W3_bin.7.purify_k141_3803997_15(Fam_4591 [★Target]) --> 2021-TMRSD-W3_bin.7.purify_k141_3803997_16(Fam_3847 [★Target]) --> 2021-TMRSD-W3_bin.7.purify_k141_3803997_17(Fam_2267 [★Target])
"(5174, 9636)",2,[9636],2021-TLHSD-W3_bin.273.purify_k141_4154256,2021-TLHSD-W3_bin.273.purify_k141_4154256_5822-7594,2021-TLHSD-W3_bin.273.purify_k141_4154256_7(Fam_5174 [★Target]) --> 2021-TLHSD-W3_bin.273.purify_k141_4154256_8(Fam_9636 [★Target])
"(5174, 9636)",2,[9636],2021-TMRSD-W3_bin.273.purify_k141_4154256,2021-TMRSD-W3_bin.273.purify_k141_4154256_5822-7594,2021-TMRSD-W3_bin.273.purify_k141_4154256_7(Fam_5174 [★Target]) --> 2021-TMRSD-W3_bin.273.purify_k141_4154256_8(Fam_9636 [★Target])
"(218, 4222)",2,[4222],2021-TLHSD-W3_bin.274.purify_k141_1059287,2021-TLHSD-W3_bin.274.purify_k141_1059287_1739-6395,2021-TLHSD-W3_bin.274.purify_k141_1059287_4(Fam_218 [★Target]) --> 2021-TLHSD-W3_bin.274.purify_k141_1059287_5(Fam_4222 [★Target])
"(218, 4222)",2,[4222],2021-TMRSD-W3_bin.274.purify_k141_1059287,2021-TMRSD-W3_bin.274.purify_k141_1059287_1739-6395,2021-TMRSD-W3_bin.274.purify_k141_1059287_4(Fam_218 [★Target]) --> 2021-TMRSD-W3_bin.274.purify_k141_1059287_5(Fam_4222 [★Target])
"(313, 2882, 6561)",2,[2882],2021-TLHSD-W3_bin.277.purify_k141_787029,2021-TLHSD-W3_bin.277.purify_k141_787029_3437-9076,2021-TLHSD-W3_bin.277.purify_k141_787029_8(Fam_313 [★Target]) --> 2021-TLHSD-W3_bin.277.purify_k141_787029_9(Fam_2882 [★Target]) --> 2021-TLHSD-W3_bin.277.purify_k141_787029_10(Fam_6561 [★Target])
"(313, 2882, 6561)",2,[2882],2021-TMRSD-W3_bin.277.purify_k141_787029,2021-TMRSD-W3_bin.277.purify_k141_787029_3437-9076,2021-TMRSD-W3_bin.277.purify_k141_787029_8(Fam_313 [★Target]) --> 2021-TMRSD-W3_bin.277.purify_k141_787029_9(Fam_2882 [★Target]) --> 2021-TMRSD-W3_bin.277.purify_k141_787029_10(Fam_6561 [★Target])
"(7078, 13024)",2,[7078],2021-TLHSD-W3_bin.281.purify_k141_1540535,2021-TLHSD-W3_bin.281.purify_k141_1540535_3-1168,2021-TLHSD-W3_bin.281.purify_k141_1540535_1(Fam_13024 [★Target]) --> 2021-TLHSD-W3_bin.281.purify_k141_1540535_2(Fam_7078 [★Target])
"(7078, 13024)",2,[7078],2021-TMRSD-W3_bin.281.purify_k141_1540535,2021-TMRSD-W3_bin.281.purify_k141_1540535_3-1168,2021-TMRSD-W3_bin.281.purify_k141_1540535_1(Fam_13024 [★Target]) --> 2021-TMRSD-W3_bin.281.purify_k141_1540535_2(Fam_7078 [★Target])
"(10296, 14104)",2,"[10296, 14104]",2021-TLHSD-W3_bin.288.purify_k141_1452204,2021-TLHSD-W3_bin.288.purify_k141_1452204_7019-7816,2021-TLHSD-W3_bin.288.purify_k141_1452204_7(Fam_14104 [★Target]) --> 2021-TLHSD-W3_bin.288.purify_k141_1452204_8(Fam_10296 [★Target])
"(10296, 14104)",2,"[10296, 14104]",2021-TMRSD-W3_bin.288.purify_k141_1452204,2021-TMRSD-W3_bin.288.purify_k141_1452204_7019-7816,2021-TMRSD-W3_bin.288.purify_k141_1452204_7(Fam_14104 [★Target]) --> 2021-TMRSD-W3_bin.288.purify_k141_1452204_8(Fam_10296 [★Target])
"(3569, 13356)",2,"[3569, 13356]",2021-TLHSD-W3_bin.289.purify_k141_3949426,2021-TLHSD-W3_bin.289.purify_k141_3949426_15858-18202,2021-TLHSD-W3_bin.289.purify_k141_3949426_19(Fam_3569 [★Target]) --> 2021-TLHSD-W3_bin.289.purify_k141_3949426_20(Fam_13356 [★Target])
"(3569, 13356)",2,"[3569, 13356]",2021-TMRSD-W3_bin.289.purify_k141_3949426,2021-TMRSD-W3_bin.289.purify_k141_3949426_15858-18202,2021-TMRSD-W3_bin.289.purify_k141_3949426_19(Fam_3569 [★Target]) --> 2021-TMRSD-W3_bin.289.purify_k141_3949426_20(Fam_13356 [★Target])
"(2274, 4934)",2,[4934],2021-TLHSD-W3_bin.44.purify_k141_2052895,2021-TLHSD-W3_bin.44.purify_k141_2052895_13164-16160,2021-TLHSD-W3_bin.44.purify_k141_2052895_10(Fam_4934 [★Target]) --> 2021-TLHSD-W3_bin.44.purify_k141_2052895_11(Fam_2274 [★Target])
"(2274, 4934)",2,[4934],2021-TMRSD-W3_bin.44.purify_k141_2052895,2021-TMRSD-W3_bin.44.purify_k141_2052895_13164-16160,2021-TMRSD-W3_bin.44.purify_k141_2052895_10(Fam_4934 [★Target]) --> 2021-TMRSD-W3_bin.44.purify_k141_2052895_11(Fam_2274 [★Target])
"(334, 4152)",2,[4152],2021-TLHSD-W3_bin.304.purify_k141_4322488,2021-TLHSD-W3_bin.304.purify_k141_4322488_2-2835,2021-TLHSD-W3_bin.304.purify_k141_4322488_1(Fam_334 [★Target]) --> 2021-TLHSD-W3_bin.304.purify_k141_4322488_2(Fam_4152 [★Target])
"(334, 4152)",2,[4152],2021-TMRSD-W3_bin.304.purify_k141_4322488,2021-TMRSD-W3_bin.304.purify_k141_4322488_2-2835,2021-TMRSD-W3_bin.304.purify_k141_4322488_1(Fam_334 [★Target]) --> 2021-TMRSD-W3_bin.304.purify_k141_4322488_2(Fam_4152 [★Target])
"(1264, 3041)",2,[3041],2021-TLHSD-W3_bin.307.purify_k141_2959433,2021-TLHSD-W3_bin.307.purify_k141_2959433_49457-52828,2021-TLHSD-W3_bin.307.purify_k141_2959433_31(Fam_3041 [★Target]) --> 2021-TLHSD-W3_bin.307.purify_k141_2959433_32(Fam_1264 [★Target])
"(1264, 3041)",2,[3041],2021-TMRSD-W3_bin.307.purify_k141_2959433,2021-TMRSD-W3_bin.307.purify_k141_2959433_49457-52828,2021-TMRSD-W3_bin.307.purify_k141_2959433_31(Fam_3041 [★Target]) --> 2021-TMRSD-W3_bin.307.purify_k141_2959433_32(Fam_1264 [★Target])
"(58, 10850, 12122)",2,[10850],2021-TLHSD-W3_bin.308.purify_k141_2783476,2021-TLHSD-W3_bin.308.purify_k141_2783476_383-1508,2021-TLHSD-W3_bin.308.purify_k141_2783476_2(Fam_12122 [★Target]) --> 2021-TLHSD-W3_bin.308.purify_k141_2783476_3(Fam_58 [★Target]) --> 2021-TLHSD-W3_bin.308.purify_k141_2783476_4(Fam_10850 [★Target])
"(58, 10850, 12122)",2,[10850],2021-TMRSD-W3_bin.308.purify_k141_2783476,2021-TMRSD-W3_bin.308.purify_k141_2783476_383-1508,2021-TMRSD-W3_bin.308.purify_k141_2783476_2(Fam_12122 [★Target]) --> 2021-TMRSD-W3_bin.308.purify_k141_2783476_3(Fam_58 [★Target]) --> 2021-TMRSD-W3_bin.308.purify_k141_2783476_4(Fam_10850 [★Target])
"(1577, 8189)",2,[8189],2021-TLHSD-W3_bin.318.purify_k141_181996,2021-TLHSD-W3_bin.318.purify_k141_181996_2456-5560,2021-TLHSD-W3_bin.318.purify_k141_181996_4(Fam_1577 [★Target]) --> 2021-TLHSD-W3_bin.318.purify_k141_181996_6(Fam_8189 [★Target])
"(1577, 8189)",2,[8189],2021-TMRSD-W3_bin.318.purify_k141_181996,2021-TMRSD-W3_bin.318.purify_k141_181996_2456-5560,2021-TMRSD-W3_bin.318.purify_k141_181996_4(Fam_1577 [★Target]) --> 2021-TMRSD-W3_bin.318.purify_k141_181996_6(Fam_8189 [★Target])
"(9440, 13087)",2,[13087],2021-TLHSD-W3_bin.319.purify_k141_3184987,2021-TLHSD-W3_bin.319.purify_k141_3184987_1290-2255,2021-TLHSD-W3_bin.319.purify_k141_3184987_5(Fam_9440 [★Target]) --> 2021-TLHSD-W3_bin.319.purify_k141_3184987_6(Fam_13087 [★Target])
"(9440, 13087)",2,[13087],2021-TMRSD-W3_bin.319.purify_k141_3184987,2021-TMRSD-W3_bin.319.purify_k141_3184987_1290-2255,2021-TMRSD-W3_bin.319.purify_k141_3184987_5(Fam_9440 [★Target]) --> 2021-TMRSD-W3_bin.319.purify_k141_3184987_6(Fam_13087 [★Target])
"(631, 2141)",2,[2141],2021-TLHSD-W3_bin.32.purify_k141_1576283,2021-TLHSD-W3_bin.32.purify_k141_1576283_4179-7497,2021-TLHSD-W3_bin.32.purify_k141_1576283_4(Fam_631 [★Target]) --> 2021-TLHSD-W3_bin.32.purify_k141_1576283_5(Fam_2141 [★Target])
"(631, 2141)",2,[2141],2021-TMRSD-W3_bin.32.purify_k141_1576283,2021-TMRSD-W3_bin.32.purify_k141_1576283_4179-7497,2021-TMRSD-W3_bin.32.purify_k141_1576283_4(Fam_631 [★Target]) --> 2021-TMRSD-W3_bin.32.purify_k141_1576283_5(Fam_2141 [★Target])
"(1471, 9144)",2,[9144],2021-TLHSD-W3_bin.4.purify_k141_3080037,2021-TLHSD-W3_bin.4.purify_k141_3080037_613-3051,2021-TLHSD-W3_bin.4.purify_k141_3080037_2(Fam_1471 [★Target]) --> 2021-TLHSD-W3_bin.4.purify_k141_3080037_3(Fam_9144 [★Target])
"(1471, 9144)",2,[9144],2021-TMRSD-W3_bin.4.purify_k141_3080037,2021-TMRSD-W3_bin.4.purify_k141_3080037_613-3051,2021-TMRSD-W3_bin.4.purify_k141_3080037_2(Fam_1471 [★Target]) --> 2021-TMRSD-W3_bin.4.purify_k141_3080037_3(Fam_9144 [★Target])
"(13, 2053)",2,[2053],2021-TLHSD-W3_bin.290.purify_k141_466251,2021-TLHSD-W3_bin.290.purify_k141_466251_134-2111,2021-TLHSD-W3_bin.290.purify_k141_466251_2(Fam_2053 [★Target]) --> 2021-TLHSD-W3_bin.290.purify_k141_466251_4(Fam_13 [★Target])
"(13, 2053)",2,[2053],2021-TMRSD-W3_bin.290.purify_k141_466251,2021-TMRSD-W3_bin.290.purify_k141_466251_134-2111,2021-TMRSD-W3_bin.290.purify_k141_466251_2(Fam_2053 [★Target]) --> 2021-TMRSD-W3_bin.290.purify_k141_466251_4(Fam_13 [★Target])
"(425, 2728)",2,[425],2020_NMC-W-8-15m-1_bin.78.purify_k141_317070,2020_NMC-W-8-15m-1_bin.78.purify_k141_317070_11583-16412,2020_NMC-W-8-15m-1_bin.78.purify_k141_317070_10(Fam_425 [★Target]) --> 2020_NMC-W-8-15m-1_bin.78.purify_k141_317070_11(Fam_2728 [★Target])
"(425, 2728)",2,[425],2020_YZYC-20W-1-20m-1_bin.4.purify_k141_100581,2020_YZYC-20W-1-20m-1_bin.4.purify_k141_100581_14785-19614,2020_YZYC-20W-1-20m-1_bin.4.purify_k141_100581_11(Fam_425 [★Target]) --> 2020_YZYC-20W-1-20m-1_bin.4.purify_k141_100581_12(Fam_2728 [★Target])
"(8407, 10765)",2,[10765],2020_NMC-W-8-25m-1_bin.115.purify_k141_856239,2020_NMC-W-8-25m-1_bin.115.purify_k141_856239_1453-2665,2020_NMC-W-8-25m-1_bin.115.purify_k141_856239_2(Fam_10765 [★Target]) --> 2020_NMC-W-8-25m-1_bin.115.purify_k141_856239_3(Fam_8407 [★Target])
"(8407, 10765)",2,[10765],2020_NMC-W-8-35m-1_bin.106.purify_k141_403252,2020_NMC-W-8-35m-1_bin.106.purify_k141_403252_1465-2677,2020_NMC-W-8-35m-1_bin.106.purify_k141_403252_2(Fam_10765 [★Target]) --> 2020_NMC-W-8-35m-1_bin.106.purify_k141_403252_3(Fam_8407 [★Target])
"(627, 12947)",2,"[627, 12947]",2020_NMC-W-8-5m-2_bin.100.purify_k141_82577,2020_NMC-W-8-5m-2_bin.100.purify_k141_82577_5128-6180,2020_NMC-W-8-5m-2_bin.100.purify_k141_82577_8(Fam_12947 [★Target]) --> 2020_NMC-W-8-5m-2_bin.100.purify_k141_82577_9(Fam_627 [★Target])
"(627, 12947)",2,"[627, 12947]",2020_YZYC-20W-1-0m-1_bin.1.purify_k141_716091,2020_YZYC-20W-1-0m-1_bin.1.purify_k141_716091_5419-6789,2020_YZYC-20W-1-0m-1_bin.1.purify_k141_716091_8(Fam_12947 [★Target]) --> 2020_YZYC-20W-1-0m-1_bin.1.purify_k141_716091_9(Fam_627 [★Target])
"(3509, 6212)",2,"[3509, 6212]",2021-BQZBSD-W22_bin.24.purify_k127_3318786,2021-BQZBSD-W22_bin.24.purify_k127_3318786_634-2810,2021-BQZBSD-W22_bin.24.purify_k127_3318786_2(Fam_3509 [★Target]) --> 2021-BQZBSD-W22_bin.24.purify_k127_3318786_3(Fam_6212 [★Target])
"(3509, 6212)",2,"[3509, 6212]",H4-1_bin.13.purify_k141_125974_length_6376_cov_6.0000,H4-1_bin.13.purify_k141_125974_length_6376_cov_6.0000_4873-6376,H4-1_bin.13.purify_k141_125974_length_6376_cov_6.0000_8(Fam_6212 [★Target]) --> H4-1_bin.13.purify_k141_125974_length_6376_cov_6.0000_9(Fam_3509 [★Target])
"(3727, 8598, 11612)",2,"[8598, 11612]",2020_NRPC-20W-1-10m-1_bin.123.purify_k141_583006,2020_NRPC-20W-1-10m-1_bin.123.purify_k141_583006_8498-11076,2020_NRPC-20W-1-10m-1_bin.123.purify_k141_583006_7(Fam_8598 [★Target]) --> 2020_NRPC-20W-1-10m-1_bin.123.purify_k141_583006_8(Fam_3727 [★Target]) --> 2020_NRPC-20W-1-10m-1_bin.123.purify_k141_583006_9(Fam_11612 [★Target])
"(3727, 8598, 11612)",2,"[8598, 11612]",2020_NRPC-20W-3-1_bin.76.purify_k141_241396,2020_NRPC-20W-3-1_bin.76.purify_k141_241396_8498-11076,2020_NRPC-20W-3-1_bin.76.purify_k141_241396_7(Fam_8598 [★Target]) --> 2020_NRPC-20W-3-1_bin.76.purify_k141_241396_8(Fam_3727 [★Target]) --> 2020_NRPC-20W-3-1_bin.76.purify_k141_241396_9(Fam_11612 [★Target])
"(6612, 6840, 7168)",2,"[6612, 7168]",2020_NRPC-20W-1-2.5m-1_bin.58.purify_k141_316540,2020_NRPC-20W-1-2.5m-1_bin.58.purify_k141_316540_3347-6061,2020_NRPC-20W-1-2.5m-1_bin.58.purify_k141_316540_4(Fam_6612 [★Target]) --> 2020_NRPC-20W-1-2.5m-1_bin.58.purify_k141_316540_5(Fam_6840 [★Target]) --> 2020_NRPC-20W-1-2.5m-1_bin.58.purify_k141_316540_6(Fam_7168 [★Target])
"(6612, 6840, 7168)",2,"[6612, 7168]",2020_NRPC-20W-1-2.5m-1_bin.73.purify_k141_224638,2020_NRPC-20W-1-2.5m-1_bin.73.purify_k141_224638_6775-9471,2020_NRPC-20W-1-2.5m-1_bin.73.purify_k141_224638_7(Fam_7168 [★Target]) --> 2020_NRPC-20W-1-2.5m-1_bin.73.purify_k141_224638_8(Fam_6840 [★Target]) --> 2020_NRPC-20W-1-2.5m-1_bin.73.purify_k141_224638_9(Fam_6612 [★Target])
"(80, 6013)",2,[80],2020_NRPC-20W-1-2.5m-1_bin.97.purify_k141_273070,2020_NRPC-20W-1-2.5m-1_bin.97.purify_k141_273070_8484-9811,2020_NRPC-20W-1-2.5m-1_bin.97.purify_k141_273070_8(Fam_6013 [★Target]) --> 2020_NRPC-20W-1-2.5m-1_bin.97.purify_k141_273070_9(Fam_80 [★Target])
"(80, 6013)",2,[80],2021-ZJZB-W23_bin.122.purify_k127_310335,2021-ZJZB-W23_bin.122.purify_k127_310335_852-6250,2021-ZJZB-W23_bin.122.purify_k127_310335_2(Fam_6013 [★Target]) --> 2021-ZJZB-W23_bin.122.purify_k127_310335_3(Fam_80 [★Target])
"(7201, 11891)",2,"[7201, 11891]",2020_NRPC-20W-1-0m-1_bin.24.purify_k141_137861,2020_NRPC-20W-1-0m-1_bin.24.purify_k141_137861_3-1350,2020_NRPC-20W-1-0m-1_bin.24.purify_k141_137861_1(Fam_11891 [★Target]) --> 2020_NRPC-20W-1-0m-1_bin.24.purify_k141_137861_2(Fam_7201 [★Target])
"(7201, 11891)",2,"[7201, 11891]",2020_NRPC-20W-2-1_bin.78.purify_k141_91975,2020_NRPC-20W-2-1_bin.78.purify_k141_91975_3-1350,2020_NRPC-20W-2-1_bin.78.purify_k141_91975_1(Fam_11891 [★Target]) --> 2020_NRPC-20W-2-1_bin.78.purify_k141_91975_2(Fam_7201 [★Target])
"(5615, 12140)",2,[12140],2020_NMC-W-4-1_bin.34.purify_k141_68861,2020_NMC-W-4-1_bin.34.purify_k141_68861_1646-3218,2020_NMC-W-4-1_bin.34.purify_k141_68861_4(Fam_5615 [★Target]) --> 2020_NMC-W-4-1_bin.34.purify_k141_68861_5(Fam_12140 [★Target])
"(5615, 12140)",2,[12140],2021-BQZBHK-W3_bin.64.purify_k127_318497,2021-BQZBHK-W3_bin.64.purify_k127_318497_146-1725,2021-BQZBHK-W3_bin.64.purify_k127_318497_2(Fam_5615 [★Target]) --> 2021-BQZBHK-W3_bin.64.purify_k127_318497_3(Fam_12140 [★Target])
"(5188, 11426)",2,[5188],2020_NMC-W-5-1_bin.130.purify_k141_521861,2020_NMC-W-5-1_bin.130.purify_k141_521861_3-1468,2020_NMC-W-5-1_bin.130.purify_k141_521861_1(Fam_5188 [★Target]) --> 2020_NMC-W-5-1_bin.130.purify_k141_521861_2(Fam_11426 [★Target])
"(5188, 11426)",2,[5188],2020_NMC-W-8-35m-1_bin.75.purify_k141_51525,2020_NMC-W-8-35m-1_bin.75.purify_k141_51525_1898-3429,2020_NMC-W-8-35m-1_bin.75.purify_k141_51525_3(Fam_11426 [★Target]) --> 2020_NMC-W-8-35m-1_bin.75.purify_k141_51525_4(Fam_5188 [★Target])
"(447, 9699)",2,[447],2020_NMC-W-5-1_bin.30.purify_k141_501003,2020_NMC-W-5-1_bin.30.purify_k141_501003_4265-8121,2020_NMC-W-5-1_bin.30.purify_k141_501003_6(Fam_447 [★Target]) --> 2020_NMC-W-5-1_bin.30.purify_k141_501003_7(Fam_9699 [★Target])
"(447, 9699)",2,[447],2020_NMC-W-8-5m-2_bin.39.purify_k141_521618,2020_NMC-W-8-5m-2_bin.39.purify_k141_521618_22536-26443,2020_NMC-W-8-5m-2_bin.39.purify_k141_521618_21(Fam_9699 [★Target]) --> 2020_NMC-W-8-5m-2_bin.39.purify_k141_521618_22(Fam_447 [★Target])
"(923, 12444)",2,[12444],2020_NMC-W-7-1_bin.31.purify_k141_362035,2020_NMC-W-7-1_bin.31.purify_k141_362035_1624-4645,2020_NMC-W-7-1_bin.31.purify_k141_362035_2(Fam_923 [★Target]) --> 2020_NMC-W-7-1_bin.31.purify_k141_362035_3(Fam_12444 [★Target])
"(923, 12444)",2,[12444],2020_NMC-W-8-15m-1_bin.76.purify_k141_312536,2020_NMC-W-8-15m-1_bin.76.purify_k141_312536_1617-4638,2020_NMC-W-8-15m-1_bin.76.purify_k141_312536_2(Fam_923 [★Target]) --> 2020_NMC-W-8-15m-1_bin.76.purify_k141_312536_3(Fam_12444 [★Target])
"(936, 14076)",2,[14076],2020_NMC-W-7-1_bin.35.purify_k141_31049,2020_NMC-W-7-1_bin.35.purify_k141_31049_49883-53001,2020_NMC-W-7-1_bin.35.purify_k141_31049_25(Fam_936 [★Target]) --> 2020_NMC-W-7-1_bin.35.purify_k141_31049_26(Fam_14076 [★Target])
"(936, 14076)",2,[14076],2020_NMC-W-8-35m-1_bin.151.purify_k141_117124,2020_NMC-W-8-35m-1_bin.151.purify_k141_117124_42806-45924,2020_NMC-W-8-35m-1_bin.151.purify_k141_117124_23(Fam_936 [★Target]) --> 2020_NMC-W-8-35m-1_bin.151.purify_k141_117124_24(Fam_14076 [★Target])
"(8079, 10999)",2,[10999],2020_NMC-W-8-0m-1_bin.40.purify_k141_496608,2020_NMC-W-8-0m-1_bin.40.purify_k141_496608_10079-11786,2020_NMC-W-8-0m-1_bin.40.purify_k141_496608_10(Fam_8079 [★Target]) --> 2020_NMC-W-8-0m-1_bin.40.purify_k141_496608_11(Fam_10999 [★Target])
"(8079, 10999)",2,[10999],2021-SLHSD-W6_bin.43.purify_k141_904456,2021-SLHSD-W6_bin.43.purify_k141_904456_7965-9672,2021-SLHSD-W6_bin.43.purify_k141_904456_10(Fam_8079 [★Target]) --> 2021-SLHSD-W6_bin.43.purify_k141_904456_11(Fam_10999 [★Target])
"(1496, 3860, 4941)",2,[4941],2020_NMC-W-8-10m-1_bin.112.purify_k141_111814,2020_NMC-W-8-10m-1_bin.112.purify_k141_111814_988-5196,2020_NMC-W-8-10m-1_bin.112.purify_k141_111814_2(Fam_1496 [★Target]) --> 2020_NMC-W-8-10m-1_bin.112.purify_k141_111814_3(Fam_4941 [★Target]) --> 2020_NMC-W-8-10m-1_bin.112.purify_k141_111814_4(Fam_3860 [★Target])
"(1496, 3860, 4941)",2,[4941],2020_NMC-W-8-5m-2_bin.73.purify_k141_117186,2020_NMC-W-8-5m-2_bin.73.purify_k141_117186_988-5196,2020_NMC-W-8-5m-2_bin.73.purify_k141_117186_2(Fam_1496 [★Target]) --> 2020_NMC-W-8-5m-2_bin.73.purify_k141_117186_3(Fam_4941 [★Target]) --> 2020_NMC-W-8-5m-2_bin.73.purify_k141_117186_4(Fam_3860 [★Target])
"(9233, 11351)",2,[11351],2020_NMC-W-8-10m-1_bin.53.purify_k141_748646,2020_NMC-W-8-10m-1_bin.53.purify_k141_748646_92-1307,2020_NMC-W-8-10m-1_bin.53.purify_k141_748646_1(Fam_9233 [★Target]) --> 2020_NMC-W-8-10m-1_bin.53.purify_k141_748646_3(Fam_11351 [★Target])
"(9233, 11351)",2,[11351],2020_YZYC-20W-1-10m-1_bin.134.purify_k141_78783,2020_YZYC-20W-1-10m-1_bin.134.purify_k141_78783_2-1172,2020_YZYC-20W-1-10m-1_bin.134.purify_k141_78783_1(Fam_9233 [★Target]) --> 2020_YZYC-20W-1-10m-1_bin.134.purify_k141_78783_3(Fam_11351 [★Target])
"(199, 8081, 9410)",2,[8081],2020_NMC-W-8-10m-1_bin.92.purify_k141_878168,2020_NMC-W-8-10m-1_bin.92.purify_k141_878168_195-6417,2020_NMC-W-8-10m-1_bin.92.purify_k141_878168_2(Fam_199 [★Target]) --> 2020_NMC-W-8-10m-1_bin.92.purify_k141_878168_3(Fam_9410 [★Target]) --> 2020_NMC-W-8-10m-1_bin.92.purify_k141_878168_6(Fam_8081 [★Target])
"(199, 8081, 9410)",2,[8081],2020_NMC-W-8-15m-1_bin.122.purify_k141_460773,2020_NMC-W-8-15m-1_bin.122.purify_k141_460773_191-6692,2020_NMC-W-8-15m-1_bin.122.purify_k141_460773_2(Fam_8081 [★Target]) --> 2020_NMC-W-8-15m-1_bin.122.purify_k141_460773_5(Fam_9410 [★Target]) --> 2020_NMC-W-8-15m-1_bin.122.purify_k141_460773_6(Fam_199 [★Target])
"(6713, 7392)",2,"[6713, 7392]",2020_NMC-W-8-10m-1_bin.95.purify_k141_674060,2020_NMC-W-8-10m-1_bin.95.purify_k141_674060_29529-31328,2020_NMC-W-8-10m-1_bin.95.purify_k141_674060_27(Fam_7392 [★Target]) --> 2020_NMC-W-8-10m-1_bin.95.purify_k141_674060_28(Fam_6713 [★Target])
"(6713, 7392)",2,"[6713, 7392]",2021-HHXL-2M-W1_bin.17.purify_k141_92772,2021-HHXL-2M-W1_bin.17.purify_k141_92772_18384-20183,2021-HHXL-2M-W1_bin.17.purify_k141_92772_18(Fam_7392 [★Target]) --> 2021-HHXL-2M-W1_bin.17.purify_k141_92772_19(Fam_6713 [★Target])
"(5660, 7535)",2,[5660],2020_NMC-W-8-0m-1_bin.94.purify_k141_963513,2020_NMC-W-8-0m-1_bin.94.purify_k141_963513_14342-16164,2020_NMC-W-8-0m-1_bin.94.purify_k141_963513_20(Fam_5660 [★Target]) --> 2020_NMC-W-8-0m-1_bin.94.purify_k141_963513_21(Fam_7535 [★Target])
"(5660, 7535)",2,[5660],2020_QHH6-W1_bin.132.purify_k141_57,2020_QHH6-W1_bin.132.purify_k141_57_795-2485,2020_QHH6-W1_bin.132.purify_k141_57_3(Fam_5660 [★Target]) --> 2020_QHH6-W1_bin.132.purify_k141_57_4(Fam_7535 [★Target])
"(2039, 2537)",2,[2039],2020_PC-20W-1-5m-1_bin.58.purify_k141_40765,2020_PC-20W-1-5m-1_bin.58.purify_k141_40765_8022-11650,2020_PC-20W-1-5m-1_bin.58.purify_k141_40765_7(Fam_2537 [★Target]) --> 2020_PC-20W-1-5m-1_bin.58.purify_k141_40765_8(Fam_2039 [★Target])
"(2039, 2537)",2,[2039],2021-CE-W1_bin.119.purify_k127_850835,2021-CE-W1_bin.119.purify_k127_850835_5872-9407,2021-CE-W1_bin.119.purify_k127_850835_4(Fam_2537 [★Target]) --> 2021-CE-W1_bin.119.purify_k127_850835_5(Fam_2039 [★Target])
"(10125, 11291)",2,[11291],2020_QHH1-W1_bin.2.purify_k141_277707,2020_QHH1-W1_bin.2.purify_k141_277707_388-1757,2020_QHH1-W1_bin.2.purify_k141_277707_2(Fam_11291 [★Target]) --> 2020_QHH1-W1_bin.2.purify_k141_277707_3(Fam_10125 [★Target])
"(10125, 11291)",2,[11291],2020_QHH4-W1_bin.27.purify_k141_428869,2020_QHH4-W1_bin.27.purify_k141_428869_237-1606,2020_QHH4-W1_bin.27.purify_k141_428869_2(Fam_11291 [★Target]) --> 2020_QHH4-W1_bin.27.purify_k141_428869_3(Fam_10125 [★Target])
"(6371, 9960)",2,[6371],2020_QHH1-W1_bin.91.purify_k141_855598,2020_QHH1-W1_bin.91.purify_k141_855598_274-1893,2020_QHH1-W1_bin.91.purify_k141_855598_2(Fam_6371 [★Target]) --> 2020_QHH1-W1_bin.91.purify_k141_855598_3(Fam_9960 [★Target])
"(6371, 9960)",2,[6371],2021-QHH-W2_bin.27.purify_k141_539004,2021-QHH-W2_bin.27.purify_k141_539004_1567-3186,2021-QHH-W2_bin.27.purify_k141_539004_2(Fam_9960 [★Target]) --> 2021-QHH-W2_bin.27.purify_k141_539004_3(Fam_6371 [★Target])
"(12744, 13800)",2,[12744],2020_QHH10-W1_bin.15.purify_k141_1820272,2020_QHH10-W1_bin.15.purify_k141_1820272_9103-9743,2020_QHH10-W1_bin.15.purify_k141_1820272_9(Fam_12744 [★Target]) --> 2020_QHH10-W1_bin.15.purify_k141_1820272_10(Fam_13800 [★Target])
"(12744, 13800)",2,[12744],2020_QHH12-W1_bin.15.purify_k141_896381,2020_QHH12-W1_bin.15.purify_k141_896381_17086-17726,2020_QHH12-W1_bin.15.purify_k141_896381_16(Fam_12744 [★Target]) --> 2020_QHH12-W1_bin.15.purify_k141_896381_17(Fam_13800 [★Target])
"(945, 4992)",2,[945],2020_NRPC-20W-2-1_bin.18.purify_k141_218942,2020_NRPC-20W-2-1_bin.18.purify_k141_218942_2848-6213,2020_NRPC-20W-2-1_bin.18.purify_k141_218942_7(Fam_4992 [★Target]) --> 2020_NRPC-20W-2-1_bin.18.purify_k141_218942_8(Fam_945 [★Target])
"(945, 4992)",2,[945],2020_NRPC-20W-3-1_bin.92.purify_k141_179496,2020_NRPC-20W-3-1_bin.92.purify_k141_179496_20289-23654,2020_NRPC-20W-3-1_bin.92.purify_k141_179496_18(Fam_945 [★Target]) --> 2020_NRPC-20W-3-1_bin.92.purify_k141_179496_19(Fam_4992 [★Target])
"(646, 982)",2,[646],2020_QHH11-W1_bin.18.purify_k141_1821212,2020_QHH11-W1_bin.18.purify_k141_1821212_1466-6558,2020_QHH11-W1_bin.18.purify_k141_1821212_3(Fam_982 [★Target]) --> 2020_QHH11-W1_bin.18.purify_k141_1821212_4(Fam_646 [★Target])
"(646, 982)",2,[646],2020_QHH15-W1_bin.120.purify_k141_696193,2020_QHH15-W1_bin.120.purify_k141_696193_2377-7211,2020_QHH15-W1_bin.120.purify_k141_696193_5(Fam_646 [★Target]) --> 2020_QHH15-W1_bin.120.purify_k141_696193_6(Fam_982 [★Target])
"(6535, 8082)",2,[8082],2020_NRPC-20W-3-1_bin.115.purify_k141_178200,2020_NRPC-20W-3-1_bin.115.purify_k141_178200_4542-5622,2020_NRPC-20W-3-1_bin.115.purify_k141_178200_6(Fam_8082 [★Target]) --> 2020_NRPC-20W-3-1_bin.115.purify_k141_178200_7(Fam_6535 [★Target])
"(6535, 8082)",2,[8082],2021-ZJZB-W32_bin.40.purify_k127_1545754,2021-ZJZB-W32_bin.40.purify_k127_1545754_2-1397,2021-ZJZB-W32_bin.40.purify_k127_1545754_1(Fam_8082 [★Target]) --> 2021-ZJZB-W32_bin.40.purify_k127_1545754_2(Fam_6535 [★Target])
"(5366, 11290)",2,[11290],2020_NRPC-20W-3-1_bin.8.purify_k141_499320,2020_NRPC-20W-3-1_bin.8.purify_k141_499320_656-2234,2020_NRPC-20W-3-1_bin.8.purify_k141_499320_2(Fam_11290 [★Target]) --> 2020_NRPC-20W-3-1_bin.8.purify_k141_499320_3(Fam_5366 [★Target])
"(5366, 11290)",2,[11290],2021-SLCB-W4_bin.99.purify_k127_208447,2021-SLCB-W4_bin.99.purify_k127_208447_181-1758,2021-SLCB-W4_bin.99.purify_k127_208447_1(Fam_11290 [★Target]) --> 2021-SLCB-W4_bin.99.purify_k127_208447_2(Fam_5366 [★Target])
"(10774, 12036)",2,[12036],2020_NRPC-20W-3-1_bin.82.purify_k141_412707,2020_NRPC-20W-3-1_bin.82.purify_k141_412707_16659-18381,2020_NRPC-20W-3-1_bin.82.purify_k141_412707_13(Fam_10774 [★Target]) --> 2020_NRPC-20W-3-1_bin.82.purify_k141_412707_15(Fam_12036 [★Target])
"(10774, 12036)",2,[12036],2021-ND-W4_bin.72.purify_k141_1505126,2021-ND-W4_bin.72.purify_k141_1505126_15167-16890,2021-ND-W4_bin.72.purify_k141_1505126_10(Fam_10774 [★Target]) --> 2021-ND-W4_bin.72.purify_k141_1505126_13(Fam_12036 [★Target])
"(6749, 6805)",2,[6805],2020_PC-20W-1-0m-1_bin.32.purify_k141_201489,2020_PC-20W-1-0m-1_bin.32.purify_k141_201489_54331-56084,2020_PC-20W-1-0m-1_bin.32.purify_k141_201489_50(Fam_6749 [★Target]) --> 2020_PC-20W-1-0m-1_bin.32.purify_k141_201489_51(Fam_6805 [★Target])
"(6749, 6805)",2,[6805],2020_PC-20W-1-5m-1_bin.88.purify_k141_142257,2020_PC-20W-1-5m-1_bin.88.purify_k141_142257_100607-102360,2020_PC-20W-1-5m-1_bin.88.purify_k141_142257_94(Fam_6805 [★Target]) --> 2020_PC-20W-1-5m-1_bin.88.purify_k141_142257_95(Fam_6749 [★Target])
"(4830, 13208)",2,"[4830, 13208]",2020_PC-20W-1-0m-1_bin.36.purify_k141_638255,2020_PC-20W-1-0m-1_bin.36.purify_k141_638255_289-1651,2020_PC-20W-1-0m-1_bin.36.purify_k141_638255_2(Fam_13208 [★Target]) --> 2020_PC-20W-1-0m-1_bin.36.purify_k141_638255_3(Fam_4830 [★Target])
"(4830, 13208)",2,"[4830, 13208]",2020_PC-20W-1-5m-1_bin.18.purify_k141_507042,2020_PC-20W-1-5m-1_bin.18.purify_k141_507042_323-1685,2020_PC-20W-1-5m-1_bin.18.purify_k141_507042_2(Fam_13208 [★Target]) --> 2020_PC-20W-1-5m-1_bin.18.purify_k141_507042_3(Fam_4830 [★Target])
"(3998, 11517)",2,[3998],2020_PC-20W-1-0m-1_bin.5.purify_k141_233230,2020_PC-20W-1-0m-1_bin.5.purify_k141_233230_800-1484,2020_PC-20W-1-0m-1_bin.5.purify_k141_233230_3(Fam_11517 [★Target]) --> 2020_PC-20W-1-0m-1_bin.5.purify_k141_233230_4(Fam_3998 [★Target])
"(3998, 11517)",2,[3998],2021-BMC-LBM1_bin.55.purify_k141_45895,2021-BMC-LBM1_bin.55.purify_k141_45895_1044-1728,2021-BMC-LBM1_bin.55.purify_k141_45895_4(Fam_11517 [★Target]) --> 2021-BMC-LBM1_bin.55.purify_k141_45895_5(Fam_3998 [★Target])
"(1295, 5189)",2,[5189],2020_PC-20W-1-0m-1_bin.99.purify_k141_112146,2020_PC-20W-1-0m-1_bin.99.purify_k141_112146_2423-5541,2020_PC-20W-1-0m-1_bin.99.purify_k141_112146_2(Fam_5189 [★Target]) --> 2020_PC-20W-1-0m-1_bin.99.purify_k141_112146_3(Fam_1295 [★Target])
"(1295, 5189)",2,[5189],2020_YZYC-20W-1-20m-1_bin.76.purify_k141_311535,2020_YZYC-20W-1-20m-1_bin.76.purify_k141_311535_1190-3792,2020_YZYC-20W-1-20m-1_bin.76.purify_k141_311535_2(Fam_5189 [★Target]) --> 2020_YZYC-20W-1-20m-1_bin.76.purify_k141_311535_3(Fam_1295 [★Target])
"(1295, 5189)",2,[5189],2020_YZYC-20W-1-30m-1_bin.39.purify_k141_121958,2020_YZYC-20W-1-30m-1_bin.39.purify_k141_121958_19701-23414,2020_YZYC-20W-1-30m-1_bin.39.purify_k141_121958_21(Fam_1295 [★Target]) --> 2020_YZYC-20W-1-30m-1_bin.39.purify_k141_121958_22(Fam_5189 [★Target]) --> 2020_YZYC-20W-1-30m-1_bin.39.purify_k141_121958_23(Fam_4687)
"(333, 565)",2,[565],2020_PC-20W-1-10m-1_bin.76.purify_k141_1191150,2020_PC-20W-1-10m-1_bin.76.purify_k141_1191150_5843-11707,2020_PC-20W-1-10m-1_bin.76.purify_k141_1191150_7(Fam_333 [★Target]) --> 2020_PC-20W-1-10m-1_bin.76.purify_k141_1191150_8(Fam_565 [★Target])
"(333, 565)",2,[565],H3-3_bin.38.purify_k141_140474_length_16922_cov_6.9918,H3-3_bin.38.purify_k141_140474_length_16922_cov_6.9918_10921-16640,H3-3_bin.38.purify_k141_140474_length_16922_cov_6.9918_12(Fam_333 [★Target]) --> H3-3_bin.38.purify_k141_140474_length_16922_cov_6.9918_13(Fam_565 [★Target])
"(180, 1391)",2,[180],2020_PC-20W-1-0m-1_bin.2.purify_k141_671493,2020_PC-20W-1-0m-1_bin.2.purify_k141_671493_3690-9358,2020_PC-20W-1-0m-1_bin.2.purify_k141_671493_3(Fam_180 [★Target]) --> 2020_PC-20W-1-0m-1_bin.2.purify_k141_671493_4(Fam_1391 [★Target])
"(180, 1391)",2,[180],2021-SD-W73_bin.156.purify_k127_2965202,2021-SD-W73_bin.156.purify_k127_2965202_1011-6524,2021-SD-W73_bin.156.purify_k127_2965202_3(Fam_1391 [★Target]) --> 2021-SD-W73_bin.156.purify_k127_2965202_4(Fam_180 [★Target])
"(6748, 7678)",2,[7678],2020_KMC-20W-1-20m-1_bin.101.purify_k141_1361451,2020_KMC-20W-1-20m-1_bin.101.purify_k141_1361451_107-1488,2020_KMC-20W-1-20m-1_bin.101.purify_k141_1361451_1(Fam_7678 [★Target]) --> 2020_KMC-20W-1-20m-1_bin.101.purify_k141_1361451_2(Fam_6748 [★Target])
"(6748, 7678)",2,[7678],2021-HHSD-W3_bin.12.purify_k127_987478,2021-HHSD-W3_bin.12.purify_k127_987478_521-1902,2021-HHSD-W3_bin.12.purify_k127_987478_1(Fam_7678 [★Target]) --> 2021-HHSD-W3_bin.12.purify_k127_987478_2(Fam_6748 [★Target])
"(6354, 9052)",2,[6354],2020_KMC-20W-1-20m-1_bin.89.purify_k141_1435691,2020_KMC-20W-1-20m-1_bin.89.purify_k141_1435691_2-1192,2020_KMC-20W-1-20m-1_bin.89.purify_k141_1435691_1(Fam_6354 [★Target]) --> 2020_KMC-20W-1-20m-1_bin.89.purify_k141_1435691_2(Fam_9052 [★Target])
"(6354, 9052)",2,[6354],2021-SD-W72_bin.15.purify_k127_105535,2021-SD-W72_bin.15.purify_k127_105535_1-1596,2021-SD-W72_bin.15.purify_k127_105535_1(Fam_6354 [★Target]) --> 2021-SD-W72_bin.15.purify_k127_105535_2(Fam_9052 [★Target])
"(3906, 5292)",2,[5292],2020_KMC-20W-1-23m-1_bin.165.purify_k141_1872063,2020_KMC-20W-1-23m-1_bin.165.purify_k141_1872063_1-2085,2020_KMC-20W-1-23m-1_bin.165.purify_k141_1872063_1(Fam_5292 [★Target]) --> 2020_KMC-20W-1-23m-1_bin.165.purify_k141_1872063_2(Fam_3906 [★Target])
"(3906, 5292)",2,[5292],2020_QHH6-W1_bin.20.purify_k141_1193484,2020_QHH6-W1_bin.20.purify_k141_1193484_1-2264,2020_QHH6-W1_bin.20.purify_k141_1193484_1(Fam_5292 [★Target]) --> 2020_QHH6-W1_bin.20.purify_k141_1193484_2(Fam_3906 [★Target])
"(11397, 11966)",2,[11397],2020_NMC-W-4-1_bin.161.purify_k141_699374,2020_NMC-W-4-1_bin.161.purify_k141_699374_12863-13771,2020_NMC-W-4-1_bin.161.purify_k141_699374_11(Fam_11397 [★Target]) --> 2020_NMC-W-4-1_bin.161.purify_k141_699374_12(Fam_11966 [★Target])
"(11397, 11966)",2,[11397],2020_YBJSD-W-2_bin.147.purify_k141_433255,2020_YBJSD-W-2_bin.147.purify_k141_433255_1454-2362,2020_YBJSD-W-2_bin.147.purify_k141_433255_3(Fam_11397 [★Target]) --> 2020_YBJSD-W-2_bin.147.purify_k141_433255_4(Fam_11966 [★Target])
"(5587, 6618)",2,[6618],2020_KMC-20W-1-5m-1_bin.127.purify_k141_801727,2020_KMC-20W-1-5m-1_bin.127.purify_k141_801727_306-1834,2020_KMC-20W-1-5m-1_bin.127.purify_k141_801727_2(Fam_5587 [★Target]) --> 2020_KMC-20W-1-5m-1_bin.127.purify_k141_801727_3(Fam_6618 [★Target])
"(5587, 6618)",2,[6618],2021-BQZBSD-W1+_bin.62.purify_k127_6378786,2021-BQZBSD-W1+_bin.62.purify_k127_6378786_330-2020,2021-BQZBSD-W1+_bin.62.purify_k127_6378786_2(Fam_6618 [★Target]) --> 2021-BQZBSD-W1+_bin.62.purify_k127_6378786_3(Fam_5587 [★Target])
"(3739, 5161)",2,[3739],2020_LU-w10_bin.136.purify_k141_551315,2020_LU-w10_bin.136.purify_k141_551315_11788-14077,2020_LU-w10_bin.136.purify_k141_551315_14(Fam_5161 [★Target]) --> 2020_LU-w10_bin.136.purify_k141_551315_15(Fam_3739 [★Target])
"(3739, 5161)",2,[3739],2021-SD-W73_bin.28.purify_k127_628376,2021-SD-W73_bin.28.purify_k127_628376_398-2678,2021-SD-W73_bin.28.purify_k127_628376_2(Fam_3739 [★Target]) --> 2021-SD-W73_bin.28.purify_k127_628376_3(Fam_5161 [★Target])
"(5435, 8885)",2,[5435],2020_LU-w10_bin.186.purify_k141_2631516,2020_LU-w10_bin.186.purify_k141_2631516_10475-12170,2020_LU-w10_bin.186.purify_k141_2631516_11(Fam_5435 [★Target]) --> 2020_LU-w10_bin.186.purify_k141_2631516_12(Fam_8885 [★Target])
"(5435, 8885)",2,[5435],2021-BQZB-W1+_bin.63.purify_k127_2553185,2021-BQZB-W1+_bin.63.purify_k127_2553185_3592-5287,2021-BQZB-W1+_bin.63.purify_k127_2553185_2(Fam_5435 [★Target]) --> 2021-BQZB-W1+_bin.63.purify_k127_2553185_3(Fam_8885 [★Target])
"(38, 3403)",2,[3403],2020_LU-w10_bin.64.purify_k141_409081,2020_LU-w10_bin.64.purify_k141_409081_1807-8482,2020_LU-w10_bin.64.purify_k141_409081_3(Fam_38 [★Target]) --> 2020_LU-w10_bin.64.purify_k141_409081_4(Fam_3403 [★Target])
"(38, 3403)",2,[3403],2020_LU-w5_bin.121.purify_k141_1558034,2020_LU-w5_bin.121.purify_k141_1558034_2395-9070,2020_LU-w5_bin.121.purify_k141_1558034_3(Fam_3403 [★Target]) --> 2020_LU-w5_bin.121.purify_k141_1558034_4(Fam_38 [★Target])
"(3920, 13633)",2,[13633],2020_KMC-20W-1-5m-1_bin.107.purify_k141_569166,2020_KMC-20W-1-5m-1_bin.107.purify_k141_569166_3502-4895,2020_KMC-20W-1-5m-1_bin.107.purify_k141_569166_5(Fam_13633 [★Target]) --> 2020_KMC-20W-1-5m-1_bin.107.purify_k141_569166_6(Fam_3920 [★Target])
"(3920, 13633)",2,[13633],2020_SLC-w-6_bin.169.purify_k141_592267,2020_SLC-w-6_bin.169.purify_k141_592267_2-1384,2020_SLC-w-6_bin.169.purify_k141_592267_1(Fam_3920 [★Target]) --> 2020_SLC-w-6_bin.169.purify_k141_592267_2(Fam_13633 [★Target])
"(3581, 4120)",2,"[3581, 4120]",2020_JSW-W1_bin.137.purify_k141_2209391,2020_JSW-W1_bin.137.purify_k141_2209391_1537-4050,2020_JSW-W1_bin.137.purify_k141_2209391_3(Fam_3581 [★Target]) --> 2020_JSW-W1_bin.137.purify_k141_2209391_4(Fam_4120 [★Target])
"(3581, 4120)",2,"[3581, 4120]",2020_QHH2-W1_bin.30.purify_k141_234496,2020_QHH2-W1_bin.30.purify_k141_234496_374-2887,2020_QHH2-W1_bin.30.purify_k141_234496_2(Fam_4120 [★Target]) --> 2020_QHH2-W1_bin.30.purify_k141_234496_3(Fam_3581 [★Target])
"(827, 3323)",2,[3323],2020_JSW-W1_bin.34.purify_k141_612071,2020_JSW-W1_bin.34.purify_k141_612071_4583-7245,2020_JSW-W1_bin.34.purify_k141_612071_8(Fam_827 [★Target]) --> 2020_JSW-W1_bin.34.purify_k141_612071_9(Fam_3323 [★Target])
"(827, 3323)",2,[3323],2020_LU-w10_bin.261.purify_k141_791651,2020_LU-w10_bin.261.purify_k141_791651_6715-8996,2020_LU-w10_bin.261.purify_k141_791651_10(Fam_827 [★Target]) --> 2020_LU-w10_bin.261.purify_k141_791651_11(Fam_3323 [★Target])
"(8280, 10041)",2,[8280],2020_JSW-W1_bin.44.purify_k141_448581,2020_JSW-W1_bin.44.purify_k141_448581_349-1790,2020_JSW-W1_bin.44.purify_k141_448581_2(Fam_10041 [★Target]) --> 2020_JSW-W1_bin.44.purify_k141_448581_3(Fam_8280 [★Target])
"(8280, 10041)",2,[8280],2021-HDW-W1_bin.178.purify_k141_1721673,2021-HDW-W1_bin.178.purify_k141_1721673_1-1211,2021-HDW-W1_bin.178.purify_k141_1721673_1(Fam_8280 [★Target]) --> 2021-HDW-W1_bin.178.purify_k141_1721673_2(Fam_10041 [★Target])
"(13771, 13906)",2,[13771],2020_JSW-W1_bin.74.purify_k141_1567999,2020_JSW-W1_bin.74.purify_k141_1567999_7671-8335,2020_JSW-W1_bin.74.purify_k141_1567999_10(Fam_13906 [★Target]) --> 2020_JSW-W1_bin.74.purify_k141_1567999_11(Fam_13771 [★Target])
"(13771, 13906)",2,[13771],2021-HHXL-2M-W1_bin.107.purify_k141_38415,2021-HHXL-2M-W1_bin.107.purify_k141_38415_16830-17494,2021-HHXL-2M-W1_bin.107.purify_k141_38415_19(Fam_13906 [★Target]) --> 2021-HHXL-2M-W1_bin.107.purify_k141_38415_20(Fam_13771 [★Target])
"(975, 7306)",2,[7306],2020_KMC-20W-1-15m-1_bin.25.purify_k141_183298,2020_KMC-20W-1-15m-1_bin.25.purify_k141_183298_4493-7527,2020_KMC-20W-1-15m-1_bin.25.purify_k141_183298_8(Fam_975 [★Target]) --> 2020_KMC-20W-1-15m-1_bin.25.purify_k141_183298_9(Fam_7306 [★Target])
"(975, 7306)",2,[7306],2020_YBJSD-W-3_bin.69.purify_k141_1336688,2020_YBJSD-W-3_bin.69.purify_k141_1336688_119095-122261,2020_YBJSD-W-3_bin.69.purify_k141_1336688_109(Fam_975 [★Target]) --> 2020_YBJSD-W-3_bin.69.purify_k141_1336688_110(Fam_7306 [★Target])
"(12414, 12414)",2,[12414],2020_KMC-20W-1-0m-1_bin.142.purify_k141_848674,2020_KMC-20W-1-0m-1_bin.142.purify_k141_848674_15898-16712,2020_KMC-20W-1-0m-1_bin.142.purify_k141_848674_15(Fam_12414 [★Target]) --> 2020_KMC-20W-1-0m-1_bin.142.purify_k141_848674_16(Fam_12414 [★Target])
"(12414, 12414)",2,[12414],2020_KMC-20W-1-5m-1_bin.158.purify_k141_168177,2020_KMC-20W-1-5m-1_bin.158.purify_k141_168177_10048-10862,2020_KMC-20W-1-5m-1_bin.158.purify_k141_168177_10(Fam_12414 [★Target]) --> 2020_KMC-20W-1-5m-1_bin.158.purify_k141_168177_11(Fam_12414 [★Target])
"(7749, 10042)",2,[7749],2020_KMC-20W-1-10m-1_bin.103.purify_k141_276370,2020_KMC-20W-1-10m-1_bin.103.purify_k141_276370_1-1404,2020_KMC-20W-1-10m-1_bin.103.purify_k141_276370_1(Fam_10042 [★Target]) --> 2020_KMC-20W-1-10m-1_bin.103.purify_k141_276370_2(Fam_7749 [★Target])
"(7749, 10042)",2,[7749],2021-DTH-W2_bin.30.purify_k141_2652317,2021-DTH-W2_bin.30.purify_k141_2652317_3-1028,2021-DTH-W2_bin.30.purify_k141_2652317_1(Fam_10042 [★Target]) --> 2021-DTH-W2_bin.30.purify_k141_2652317_2(Fam_7749 [★Target])
"(1250, 11107)",2,[11107],2020_KMC-20W-1-10m-1_bin.5.purify_k141_44203,2020_KMC-20W-1-10m-1_bin.5.purify_k141_44203_11637-13725,2020_KMC-20W-1-10m-1_bin.5.purify_k141_44203_17(Fam_11107 [★Target]) --> 2020_KMC-20W-1-10m-1_bin.5.purify_k141_44203_18(Fam_1250 [★Target])
"(1250, 11107)",2,[11107],2020_KMC-20W-1-20m-1_bin.37.purify_k141_1309545,2020_KMC-20W-1-20m-1_bin.37.purify_k141_1309545_11637-13725,2020_KMC-20W-1-20m-1_bin.37.purify_k141_1309545_17(Fam_11107 [★Target]) --> 2020_KMC-20W-1-20m-1_bin.37.purify_k141_1309545_18(Fam_1250 [★Target])
"(2403, 6124, 6606, 11219)",2,"[6124, 6606]",2020_KMC-20W-1-15m-1_bin.102.purify_k141_379371,2020_KMC-20W-1-15m-1_bin.102.purify_k141_379371_63121-68162,2020_KMC-20W-1-15m-1_bin.102.purify_k141_379371_55(Fam_6606 [★Target]) --> 2020_KMC-20W-1-15m-1_bin.102.purify_k141_379371_56(Fam_11219 [★Target]) --> 2020_KMC-20W-1-15m-1_bin.102.purify_k141_379371_57(Fam_6124 [★Target]) --> 2020_KMC-20W-1-15m-1_bin.102.purify_k141_379371_59(Fam_2403 [★Target])
"(2403, 6124, 6606, 11219)",2,"[6124, 6606]",2020_YZYC-20W-1-20m-1_bin.93.purify_k141_193529,2020_YZYC-20W-1-20m-1_bin.93.purify_k141_193529_63121-68162,2020_YZYC-20W-1-20m-1_bin.93.purify_k141_193529_55(Fam_6606 [★Target]) --> 2020_YZYC-20W-1-20m-1_bin.93.purify_k141_193529_56(Fam_11219 [★Target]) --> 2020_YZYC-20W-1-20m-1_bin.93.purify_k141_193529_57(Fam_6124 [★Target]) --> 2020_YZYC-20W-1-20m-1_bin.93.purify_k141_193529_59(Fam_2403 [★Target])
"(4479, 7708)",2,[7708],2020_MYSD-W1_bin.4.purify_k141_505419,2020_MYSD-W1_bin.4.purify_k141_505419_79249-81175,2020_MYSD-W1_bin.4.purify_k141_505419_79(Fam_4479 [★Target]) --> 2020_MYSD-W1_bin.4.purify_k141_505419_80(Fam_7708 [★Target])
"(4479, 7708)",2,[7708],2021-DTHSD-W_bin.7.purify_k141_277644,2021-DTHSD-W_bin.7.purify_k141_277644_79179-81105,2021-DTHSD-W_bin.7.purify_k141_277644_79(Fam_4479 [★Target]) --> 2021-DTHSD-W_bin.7.purify_k141_277644_80(Fam_7708 [★Target])
"(539, 1744, 2424, 8270)",2,[8270],2020_CC-20W-1-5m-1_bin.117.purify_k141_97866,2020_CC-20W-1-5m-1_bin.117.purify_k141_97866_173138-181151,2020_CC-20W-1-5m-1_bin.117.purify_k141_97866_201(Fam_8270 [★Target]) --> 2020_CC-20W-1-5m-1_bin.117.purify_k141_97866_202(Fam_1744 [★Target]) --> 2020_CC-20W-1-5m-1_bin.117.purify_k141_97866_203(Fam_5554) --> 2020_CC-20W-1-5m-1_bin.117.purify_k141_97866_204(Fam_539 [★Target]) --> 2020_CC-20W-1-5m-1_bin.117.purify_k141_97866_205(Fam_2424 [★Target])
"(539, 1744, 2424, 8270)",2,[8270],2020_NMC-W-1-1_bin.10.purify_k141_417311,2020_NMC-W-1-1_bin.10.purify_k141_417311_1300880-1308893,2020_NMC-W-1-1_bin.10.purify_k141_417311_1401(Fam_8270 [★Target]) --> 2020_NMC-W-1-1_bin.10.purify_k141_417311_1402(Fam_1744 [★Target]) --> 2020_NMC-W-1-1_bin.10.purify_k141_417311_1404(Fam_539 [★Target]) --> 2020_NMC-W-1-1_bin.10.purify_k141_417311_1405(Fam_2424 [★Target])
"(539, 1744, 2424, 8270)",2,[8270],2020_NMC-W-2-1_bin.65.purify_k141_1873,2020_NMC-W-2-1_bin.65.purify_k141_1873_54474-62487,2020_NMC-W-2-1_bin.65.purify_k141_1873_61(Fam_2424 [★Target]) --> 2020_NMC-W-2-1_bin.65.purify_k141_1873_62(Fam_539 [★Target]) --> 2020_NMC-W-2-1_bin.65.purify_k141_1873_64(Fam_1744 [★Target]) --> 2020_NMC-W-2-1_bin.65.purify_k141_1873_65(Fam_8270 [★Target])
"(4191, 10043)",2,[4191],2020_NMC-W-1-1_bin.18.purify_k141_490236,2020_NMC-W-1-1_bin.18.purify_k141_490236_2-1605,2020_NMC-W-1-1_bin.18.purify_k141_490236_1(Fam_4191 [★Target]) --> 2020_NMC-W-1-1_bin.18.purify_k141_490236_2(Fam_10043 [★Target])
"(4191, 10043)",2,[4191],2020_NMC-W-8-20m-1_bin.141.purify_k141_738373,2020_NMC-W-8-20m-1_bin.141.purify_k141_738373_2-990,2020_NMC-W-8-20m-1_bin.141.purify_k141_738373_1(Fam_4191 [★Target]) --> 2020_NMC-W-8-20m-1_bin.141.purify_k141_738373_2(Fam_10043 [★Target])
"(3824, 5049)",2,[3824],2020_NMC-W-3-1_bin.102.purify_k141_758270,2020_NMC-W-3-1_bin.102.purify_k141_758270_3150-6364,2020_NMC-W-3-1_bin.102.purify_k141_758270_6(Fam_5049 [★Target]) --> 2020_NMC-W-3-1_bin.102.purify_k141_758270_8(Fam_3824 [★Target])
"(3824, 5049)",2,[3824],2020_NMC-W-8-15m-1_bin.63.purify_k141_588504,2020_NMC-W-8-15m-1_bin.63.purify_k141_588504_28343-31557,2020_NMC-W-8-15m-1_bin.63.purify_k141_588504_30(Fam_5049 [★Target]) --> 2020_NMC-W-8-15m-1_bin.63.purify_k141_588504_32(Fam_3824 [★Target])
"(7308, 12173)",2,[12173],2020_NMC-W-3-1_bin.126.purify_k141_657530,2020_NMC-W-3-1_bin.126.purify_k141_657530_1-1262,2020_NMC-W-3-1_bin.126.purify_k141_657530_1(Fam_12173 [★Target]) --> 2020_NMC-W-3-1_bin.126.purify_k141_657530_2(Fam_7308 [★Target])
"(7308, 12173)",2,[12173],2020_YZYC-20W-1-5m-1_bin.131.purify_k141_26941,2020_YZYC-20W-1-5m-1_bin.131.purify_k141_26941_1-1139,2020_YZYC-20W-1-5m-1_bin.131.purify_k141_26941_1(Fam_12173 [★Target]) --> 2020_YZYC-20W-1-5m-1_bin.131.purify_k141_26941_2(Fam_7308 [★Target])
"(7609, 12849)",2,[12849],2020_NMC-W-1-1_bin.50.purify_k141_301136,2020_NMC-W-1-1_bin.50.purify_k141_301136_3249-4581,2020_NMC-W-1-1_bin.50.purify_k141_301136_5(Fam_12849 [★Target]) --> 2020_NMC-W-1-1_bin.50.purify_k141_301136_6(Fam_7609 [★Target])
"(7609, 12849)",2,[12849],2020_NMC-W-8-35m-1_bin.120.purify_k141_381788,2020_NMC-W-8-35m-1_bin.120.purify_k141_381788_3249-4065,2020_NMC-W-8-35m-1_bin.120.purify_k141_381788_5(Fam_12849 [★Target]) --> 2020_NMC-W-8-35m-1_bin.120.purify_k141_381788_6(Fam_7609 [★Target])
"(2312, 3504)",2,[2312],2020_LU-w5_bin.172.purify_k141_1756661,2020_LU-w5_bin.172.purify_k141_1756661_3-2855,2020_LU-w5_bin.172.purify_k141_1756661_1(Fam_2312 [★Target]) --> 2020_LU-w5_bin.172.purify_k141_1756661_2(Fam_3504 [★Target])
"(2312, 3504)",2,[2312],2020_LU-w9_bin.80.purify_k141_427690,2020_LU-w9_bin.80.purify_k141_427690_2959-5478,2020_LU-w9_bin.80.purify_k141_427690_5(Fam_3504 [★Target]) --> 2020_LU-w9_bin.80.purify_k141_427690_6(Fam_2312 [★Target])
"(3227, 5484)",2,"[3227, 5484]",2020_LU-w9_bin.21.purify_k141_2122860,2020_LU-w9_bin.21.purify_k141_2122860_3524-5568,2020_LU-w9_bin.21.purify_k141_2122860_5(Fam_3227 [★Target]) --> 2020_LU-w9_bin.21.purify_k141_2122860_6(Fam_5484 [★Target])
"(3227, 5484)",2,"[3227, 5484]",2020_YBJSD-W-2_bin.34.purify_k141_528517,2020_YBJSD-W-2_bin.34.purify_k141_528517_2742-4786,2020_YBJSD-W-2_bin.34.purify_k141_528517_6(Fam_3227 [★Target]) --> 2020_YBJSD-W-2_bin.34.purify_k141_528517_7(Fam_5484 [★Target])
"(6874, 7342)",2,[7342],2020_LU-w6_bin.164.purify_k141_752949,2020_LU-w6_bin.164.purify_k141_752949_5221-6853,2020_LU-w6_bin.164.purify_k141_752949_6(Fam_7342 [★Target]) --> 2020_LU-w6_bin.164.purify_k141_752949_7(Fam_6874 [★Target])
"(6874, 7342)",2,[7342],2020_SD-W-1_bin.84.purify_k141_1722063,2020_SD-W-1_bin.84.purify_k141_1722063_60372-62002,2020_SD-W-1_bin.84.purify_k141_1722063_51(Fam_7342 [★Target]) --> 2020_SD-W-1_bin.84.purify_k141_1722063_52(Fam_6874 [★Target])
"(2878, 9997)",2,[2878],2020_LU-w5_bin.202.purify_k141_2808049,2020_LU-w5_bin.202.purify_k141_2808049_17168-19161,2020_LU-w5_bin.202.purify_k141_2808049_17(Fam_2878 [★Target]) --> 2020_LU-w5_bin.202.purify_k141_2808049_18(Fam_9997 [★Target])
"(2878, 9997)",2,[2878],2021-QJH-W1_bin.41.purify_k127_937099,2021-QJH-W1_bin.41.purify_k127_937099_1225-3218,2021-QJH-W1_bin.41.purify_k127_937099_2(Fam_2878 [★Target]) --> 2021-QJH-W1_bin.41.purify_k127_937099_3(Fam_9997 [★Target])
"(2488, 5409)",2,[5409],2020_ZJZBSD-03-2_bin.174.purify_k141_215137,2020_ZJZBSD-03-2_bin.174.purify_k141_215137_410-2625,2020_ZJZBSD-03-2_bin.174.purify_k141_215137_2(Fam_5409 [★Target]) --> 2020_ZJZBSD-03-2_bin.174.purify_k141_215137_3(Fam_2488 [★Target])
"(2488, 5409)",2,[5409],2020_ZJZBSD-05-1_bin.96.purify_k141_1160266,2020_ZJZBSD-05-1_bin.96.purify_k141_1160266_2-1940,2020_ZJZBSD-05-1_bin.96.purify_k141_1160266_1(Fam_2488 [★Target]) --> 2020_ZJZBSD-05-1_bin.96.purify_k141_1160266_2(Fam_5409 [★Target])
"(282, 297)",2,[282],2020_ZJZBSD-04-1_bin.130.purify_k141_698745,2020_ZJZBSD-04-1_bin.130.purify_k141_698745_108694-115475,2020_ZJZBSD-04-1_bin.130.purify_k141_698745_109(Fam_297 [★Target]) --> 2020_ZJZBSD-04-1_bin.130.purify_k141_698745_110(Fam_282 [★Target])
"(282, 297)",2,[282],2021-SD-W62_bin.61.purify_k127_730292,2021-SD-W62_bin.61.purify_k127_730292_3650-10398,2021-SD-W62_bin.61.purify_k127_730292_5(Fam_282 [★Target]) --> 2021-SD-W62_bin.61.purify_k127_730292_6(Fam_297 [★Target])
"(5026, 6616)",2,[6616],2020_ZJZBSD-04-3_bin.13.purify_k141_341885,2020_ZJZBSD-04-3_bin.13.purify_k141_341885_70-2063,2020_ZJZBSD-04-3_bin.13.purify_k141_341885_1(Fam_6616 [★Target]) --> 2020_ZJZBSD-04-3_bin.13.purify_k141_341885_2(Fam_5026 [★Target])
"(5026, 6616)",2,[6616],2021-ZJZB-W23_bin.18.purify_k127_3112482,2021-ZJZB-W23_bin.18.purify_k127_3112482_539-2091,2021-ZJZB-W23_bin.18.purify_k127_3112482_2(Fam_5026 [★Target]) --> 2021-ZJZB-W23_bin.18.purify_k127_3112482_3(Fam_6616 [★Target])
"(2449, 3993)",2,[3993],2020_ZJZBSD-04-3_bin.136.purify_k141_196903,2020_ZJZBSD-04-3_bin.136.purify_k141_196903_5972-8693,2020_ZJZBSD-04-3_bin.136.purify_k141_196903_6(Fam_3993 [★Target]) --> 2020_ZJZBSD-04-3_bin.136.purify_k141_196903_7(Fam_2449 [★Target])
"(2449, 3993)",2,[3993],2020_ZJZBSD-04-3_bin.43.purify_k141_153345,2020_ZJZBSD-04-3_bin.43.purify_k141_153345_154-2918,2020_ZJZBSD-04-3_bin.43.purify_k141_153345_2(Fam_2449 [★Target]) --> 2020_ZJZBSD-04-3_bin.43.purify_k141_153345_3(Fam_3993 [★Target])
"(12078, 13929)",2,"[12078, 13929]",2020_ZJZBSD-05-1_bin.80.purify_k141_631108,2020_ZJZBSD-05-1_bin.80.purify_k141_631108_5489-6258,2020_ZJZBSD-05-1_bin.80.purify_k141_631108_9(Fam_12078 [★Target]) --> 2020_ZJZBSD-05-1_bin.80.purify_k141_631108_10(Fam_13929 [★Target])
"(12078, 13929)",2,"[12078, 13929]",2021-SLHSD-W1_bin.213.purify_k141_2594014,2021-SLHSD-W1_bin.213.purify_k141_2594014_2216-2985,2021-SLHSD-W1_bin.213.purify_k141_2594014_4(Fam_13929 [★Target]) --> 2021-SLHSD-W1_bin.213.purify_k141_2594014_5(Fam_12078 [★Target])
"(4413, 10147)",2,[4413],2021-BBH-W1_bin.10.purify_k127_179974,2021-BBH-W1_bin.10.purify_k127_179974_5290-7016,2021-BBH-W1_bin.10.purify_k127_179974_8(Fam_10147 [★Target]) --> 2021-BBH-W1_bin.10.purify_k127_179974_9(Fam_4413 [★Target])
"(4413, 10147)",2,[4413],2021-SD-W63_bin.47.purify_k127_4117887,2021-SD-W63_bin.47.purify_k127_4117887_767-2022,2021-SD-W63_bin.47.purify_k127_4117887_2(Fam_10147 [★Target]) --> 2021-SD-W63_bin.47.purify_k127_4117887_3(Fam_4413 [★Target])
"(1102, 3150)",2,[1102],2020_QHH13-W1_bin.37.purify_k141_1319453,2020_QHH13-W1_bin.37.purify_k141_1319453_2616-6193,2020_QHH13-W1_bin.37.purify_k141_1319453_4(Fam_1102 [★Target]) --> 2020_QHH13-W1_bin.37.purify_k141_1319453_5(Fam_3150 [★Target])
"(1102, 3150)",2,[1102],BYBC-W1_bin.117.purify_k141_757883,BYBC-W1_bin.117.purify_k141_757883_1-2732,BYBC-W1_bin.117.purify_k141_757883_1(Fam_3150 [★Target]) --> BYBC-W1_bin.117.purify_k141_757883_2(Fam_1102 [★Target])
"(2454, 6188)",2,[2454],2021-BC-W0_bin.3.purify_k141_2247404,2021-BC-W0_bin.3.purify_k141_2247404_13408-16357,2021-BC-W0_bin.3.purify_k141_2247404_13(Fam_6188 [★Target]) --> 2021-BC-W0_bin.3.purify_k141_2247404_14(Fam_2454 [★Target])
"(2454, 6188)",2,[2454],2021-DH-W2_bin.40.purify_k127_2945227,2021-DH-W2_bin.40.purify_k127_2945227_18002-20951,2021-DH-W2_bin.40.purify_k127_2945227_14(Fam_2454 [★Target]) --> 2021-DH-W2_bin.40.purify_k127_2945227_15(Fam_6188 [★Target])
"(4327, 8855)",2,[4327],2021-BC-W0_bin.32.purify_k141_208247,2021-BC-W0_bin.32.purify_k141_208247_513-2362,2021-BC-W0_bin.32.purify_k141_208247_2(Fam_4327 [★Target]) --> 2021-BC-W0_bin.32.purify_k141_208247_3(Fam_8855 [★Target])
"(4327, 8855)",2,[4327],2021-GH-W1_bin.73.purify_k141_1570173,2021-GH-W1_bin.73.purify_k141_1570173_5242-7073,2021-GH-W1_bin.73.purify_k141_1570173_7(Fam_8855 [★Target]) --> 2021-GH-W1_bin.73.purify_k141_1570173_8(Fam_4327 [★Target])
"(6486, 11687)",2,"[6486, 11687]",2021-BMC-LBM1_bin.65.purify_k141_29359,2021-BMC-LBM1_bin.65.purify_k141_29359_7464-8912,2021-BMC-LBM1_bin.65.purify_k141_29359_10(Fam_11687 [★Target]) --> 2021-BMC-LBM1_bin.65.purify_k141_29359_11(Fam_6486 [★Target])
"(6486, 11687)",2,"[6486, 11687]",2021-BQZBHK-W7_bin.45.purify_k127_604897,2021-BQZBHK-W7_bin.45.purify_k127_604897_12671-14119,2021-BQZBHK-W7_bin.45.purify_k127_604897_16(Fam_11687 [★Target]) --> 2021-BQZBHK-W7_bin.45.purify_k127_604897_17(Fam_6486 [★Target])
"(2832, 2922)",2,[2922],2021-BQZB-W1+_bin.46.purify_k127_347706,2021-BQZB-W1+_bin.46.purify_k127_347706_1-1991,2021-BQZB-W1+_bin.46.purify_k127_347706_1(Fam_2832 [★Target]) --> 2021-BQZB-W1+_bin.46.purify_k127_347706_2(Fam_2922 [★Target])
"(2832, 2922)",2,[2922],2021-NC-W1_bin.7.purify_k141_260327,2021-NC-W1_bin.7.purify_k141_260327_151-1982,2021-NC-W1_bin.7.purify_k141_260327_2(Fam_2922 [★Target]) --> 2021-NC-W1_bin.7.purify_k141_260327_3(Fam_2832 [★Target])
"(9886, 13501)",2,[9886],2021-BC-W01_bin.6.purify_k127_773117,2021-BC-W01_bin.6.purify_k127_773117_4236-5265,2021-BC-W01_bin.6.purify_k127_773117_5(Fam_13501 [★Target]) --> 2021-BC-W01_bin.6.purify_k127_773117_6(Fam_9886 [★Target])
"(9886, 13501)",2,[9886],2021-BC-W03_bin.60.purify_k127_793367,2021-BC-W03_bin.60.purify_k127_793367_3-1032,2021-BC-W03_bin.60.purify_k127_793367_1(Fam_9886 [★Target]) --> 2021-BC-W03_bin.60.purify_k127_793367_2(Fam_13501 [★Target])
"(1007, 1917)",2,[1917],2020_YZYC-20W-1-15m-1_bin.102.purify_k141_785960,2020_YZYC-20W-1-15m-1_bin.102.purify_k141_785960_11476-15498,2020_YZYC-20W-1-15m-1_bin.102.purify_k141_785960_12(Fam_1007 [★Target]) --> 2020_YZYC-20W-1-15m-1_bin.102.purify_k141_785960_13(Fam_1917 [★Target])
"(1007, 1917)",2,[1917],2020_YZYC-20W-1-20m-1_bin.162.purify_k141_616488,2020_YZYC-20W-1-20m-1_bin.162.purify_k141_616488_11476-15498,2020_YZYC-20W-1-20m-1_bin.162.purify_k141_616488_12(Fam_1007 [★Target]) --> 2020_YZYC-20W-1-20m-1_bin.162.purify_k141_616488_13(Fam_1917 [★Target])
"(1588, 2682, 2749, 3849, 5362)",2,[2749],2020_YZYC-20W-1-15m-1_bin.143.purify_k141_537123,2020_YZYC-20W-1-15m-1_bin.143.purify_k141_537123_117432-124860,2020_YZYC-20W-1-15m-1_bin.143.purify_k141_537123_90(Fam_5362 [★Target]) --> 2020_YZYC-20W-1-15m-1_bin.143.purify_k141_537123_91(Fam_2682 [★Target]) --> 2020_YZYC-20W-1-15m-1_bin.143.purify_k141_537123_92(Fam_3849 [★Target]) --> 2020_YZYC-20W-1-15m-1_bin.143.purify_k141_537123_95(Fam_1588 [★Target]) --> 2020_YZYC-20W-1-15m-1_bin.143.purify_k141_537123_96(Fam_2749 [★Target])
"(1588, 2682, 2749, 3849, 5362)",2,[2749],2020_YZYC-20W-1-20m-1_bin.53.purify_k141_267378,2020_YZYC-20W-1-20m-1_bin.53.purify_k141_267378_117405-124833,2020_YZYC-20W-1-20m-1_bin.53.purify_k141_267378_90(Fam_5362 [★Target]) --> 2020_YZYC-20W-1-20m-1_bin.53.purify_k141_267378_91(Fam_2682 [★Target]) --> 2020_YZYC-20W-1-20m-1_bin.53.purify_k141_267378_92(Fam_3849 [★Target]) --> 2020_YZYC-20W-1-20m-1_bin.53.purify_k141_267378_95(Fam_1588 [★Target]) --> 2020_YZYC-20W-1-20m-1_bin.53.purify_k141_267378_96(Fam_2749 [★Target])
"(1922, 3035)",2,[3035],2020_YZYC-20W-1-25m-1_bin.117.purify_k141_624602,2020_YZYC-20W-1-25m-1_bin.117.purify_k141_624602_14155-17191,2020_YZYC-20W-1-25m-1_bin.117.purify_k141_624602_16(Fam_1922 [★Target]) --> 2020_YZYC-20W-1-25m-1_bin.117.purify_k141_624602_17(Fam_3035 [★Target])
"(1922, 3035)",2,[3035],2021-BQZB-W1+_bin.39.purify_k127_381245,2021-BQZB-W1+_bin.39.purify_k127_381245_26589-29622,2021-BQZB-W1+_bin.39.purify_k127_381245_27(Fam_3035 [★Target]) --> 2021-BQZB-W1+_bin.39.purify_k127_381245_28(Fam_1922 [★Target])
"(293, 1629)",2,"[293, 1629]",2020_ZJZBSD-01-2_bin.22.purify_k141_1132566,2020_ZJZBSD-01-2_bin.22.purify_k141_1132566_17517-22744,2020_ZJZBSD-01-2_bin.22.purify_k141_1132566_21(Fam_293 [★Target]) --> 2020_ZJZBSD-01-2_bin.22.purify_k141_1132566_22(Fam_1629 [★Target])
"(293, 1629)",2,"[293, 1629]",2021-YBJ-W3_bin.261.purify_k127_4258961,2021-YBJ-W3_bin.261.purify_k127_4258961_9594-14930,2021-YBJ-W3_bin.261.purify_k127_4258961_11(Fam_293 [★Target]) --> 2021-YBJ-W3_bin.261.purify_k127_4258961_13(Fam_1629 [★Target])
"(2485, 5903)",2,[5903],2020_ZJZBSD-03-1_bin.156.purify_k141_1645741,2020_ZJZBSD-03-1_bin.156.purify_k141_1645741_484-2966,2020_ZJZBSD-03-1_bin.156.purify_k141_1645741_2(Fam_2485 [★Target]) --> 2020_ZJZBSD-03-1_bin.156.purify_k141_1645741_3(Fam_5903 [★Target])
"(2485, 5903)",2,[5903],2021-HHXL-0.5M-W1_bin.62.purify_k141_125121,2021-HHXL-0.5M-W1_bin.62.purify_k141_125121_563-2988,2021-HHXL-0.5M-W1_bin.62.purify_k141_125121_2(Fam_2485 [★Target]) --> 2021-HHXL-0.5M-W1_bin.62.purify_k141_125121_3(Fam_5903 [★Target])
"(7869, 9670)",2,[9670],2020_ZJZBSD-03-2_bin.152.purify_k141_2305387,2020_ZJZBSD-03-2_bin.152.purify_k141_2305387_243-1627,2020_ZJZBSD-03-2_bin.152.purify_k141_2305387_2(Fam_9670 [★Target]) --> 2020_ZJZBSD-03-2_bin.152.purify_k141_2305387_3(Fam_7869 [★Target])
"(7869, 9670)",2,[9670],2021-QHH-W11_bin.3.purify_k141_219850,2021-QHH-W11_bin.3.purify_k141_219850_3116-4362,2021-QHH-W11_bin.3.purify_k141_219850_4(Fam_9670 [★Target]) --> 2021-QHH-W11_bin.3.purify_k141_219850_5(Fam_7869 [★Target])
"(1354, 12369)",2,[12369],2021-BQZBHK-W5_bin.11.purify_k127_1576508,2021-BQZBHK-W5_bin.11.purify_k127_1576508_1353-3742,2021-BQZBHK-W5_bin.11.purify_k127_1576508_2(Fam_1354 [★Target]) --> 2021-BQZBHK-W5_bin.11.purify_k127_1576508_3(Fam_12369 [★Target])
"(1354, 12369)",2,[12369],2021-SLCB-W3_bin.26.purify_k127_858979,2021-SLCB-W3_bin.26.purify_k127_858979_405-2794,2021-SLCB-W3_bin.26.purify_k127_858979_2(Fam_1354 [★Target]) --> 2021-SLCB-W3_bin.26.purify_k127_858979_3(Fam_12369 [★Target])
"(3178, 10876, 12675)",2,[12675],2021-BQZBHK-W6_bin.104.purify_k127_395992,2021-BQZBHK-W6_bin.104.purify_k127_395992_1064-3276,2021-BQZBHK-W6_bin.104.purify_k127_395992_3(Fam_3178 [★Target]) --> 2021-BQZBHK-W6_bin.104.purify_k127_395992_4(Fam_10876 [★Target]) --> 2021-BQZBHK-W6_bin.104.purify_k127_395992_5(Fam_12675 [★Target])
"(3178, 10876, 12675)",2,[12675],2021-BQZBHK-W7_bin.98.purify_k127_177711,2021-BQZBHK-W7_bin.98.purify_k127_177711_3-2215,2021-BQZBHK-W7_bin.98.purify_k127_177711_1(Fam_12675 [★Target]) --> 2021-BQZBHK-W7_bin.98.purify_k127_177711_2(Fam_10876 [★Target]) --> 2021-BQZBHK-W7_bin.98.purify_k127_177711_3(Fam_3178 [★Target])
"(4709, 13279)",2,[4709],2021-BQZBHK-W6_bin.133.purify_k127_1337257,2021-BQZBHK-W6_bin.133.purify_k127_1337257_790-2400,2021-BQZBHK-W6_bin.133.purify_k127_1337257_2(Fam_4709 [★Target]) --> 2021-BQZBHK-W6_bin.133.purify_k127_1337257_3(Fam_13279 [★Target])
"(4709, 13279)",2,[4709],2021-SD-W43_bin.38.purify_k127_3086899,2021-SD-W43_bin.38.purify_k127_3086899_511-2125,2021-SD-W43_bin.38.purify_k127_3086899_2(Fam_4709 [★Target]) --> 2021-SD-W43_bin.38.purify_k127_3086899_3(Fam_13279 [★Target])
"(8398, 10647)",2,[8398],2021-BQZBHK-W6_bin.170.purify_k127_303924,2021-BQZBHK-W6_bin.170.purify_k127_303924_4141-5349,2021-BQZBHK-W6_bin.170.purify_k127_303924_4(Fam_10647 [★Target]) --> 2021-BQZBHK-W6_bin.170.purify_k127_303924_5(Fam_8398 [★Target])
"(8398, 10647)",2,[8398],2021-BQZBHK-W7_bin.103.purify_k127_240198,2021-BQZBHK-W7_bin.103.purify_k127_240198_438-1751,2021-BQZBHK-W7_bin.103.purify_k127_240198_2(Fam_8398 [★Target]) --> 2021-BQZBHK-W7_bin.103.purify_k127_240198_3(Fam_10647 [★Target])
"(6027, 12806)",2,[6027],2021-BQZBHK-W6_bin.182.purify_k127_646149,2021-BQZBHK-W6_bin.182.purify_k127_646149_7247-8508,2021-BQZBHK-W6_bin.182.purify_k127_646149_5(Fam_6027 [★Target]) --> 2021-BQZBHK-W6_bin.182.purify_k127_646149_6(Fam_12806 [★Target])
"(6027, 12806)",2,[6027],2021-BQZBHK-W7_bin.164.purify_k127_483342,2021-BQZBHK-W7_bin.164.purify_k127_483342_400-1622,2021-BQZBHK-W7_bin.164.purify_k127_483342_2(Fam_12806 [★Target]) --> 2021-BQZBHK-W7_bin.164.purify_k127_483342_3(Fam_6027 [★Target])
"(66, 186, 2527)",2,[186],2021-BQZBHK-W6_bin.34.purify_k127_707686,2021-BQZBHK-W6_bin.34.purify_k127_707686_4827-14667,2021-BQZBHK-W6_bin.34.purify_k127_707686_8(Fam_186 [★Target]) --> 2021-BQZBHK-W6_bin.34.purify_k127_707686_9(Fam_2527 [★Target]) --> 2021-BQZBHK-W6_bin.34.purify_k127_707686_10(Fam_66 [★Target])
"(66, 186, 2527)",2,[186],2021-SD-W62_bin.61.purify_k127_1081215,2021-SD-W62_bin.61.purify_k127_1081215_141774-151614,2021-SD-W62_bin.61.purify_k127_1081215_150(Fam_186 [★Target]) --> 2021-SD-W62_bin.61.purify_k127_1081215_151(Fam_2527 [★Target]) --> 2021-SD-W62_bin.61.purify_k127_1081215_152(Fam_66 [★Target])
"(961, 5815)",2,[961],2021-BQZB-W1+_bin.49.purify_k127_1092849,2021-BQZB-W1+_bin.49.purify_k127_1092849_60374-63713,2021-BQZB-W1+_bin.49.purify_k127_1092849_64(Fam_5815 [★Target]) --> 2021-BQZB-W1+_bin.49.purify_k127_1092849_65(Fam_961 [★Target])
"(961, 5815)",2,[961],2021-LU-W10_bin.132.purify_k127_62265,2021-LU-W10_bin.132.purify_k127_62265_356157-359496,2021-LU-W10_bin.132.purify_k127_62265_357(Fam_5815 [★Target]) --> 2021-LU-W10_bin.132.purify_k127_62265_358(Fam_961 [★Target])
"(3588, 6487)",2,[6487],2021-BQZBHK-W7_bin.171.purify_k127_281097,2021-BQZBHK-W7_bin.171.purify_k127_281097_320-2496,2021-BQZBHK-W7_bin.171.purify_k127_281097_1(Fam_6487 [★Target]) --> 2021-BQZBHK-W7_bin.171.purify_k127_281097_2(Fam_3588 [★Target])
"(3588, 6487)",2,[6487],2021-CE-W1_bin.36.purify_k127_857714,2021-CE-W1_bin.36.purify_k127_857714_2-1986,2021-CE-W1_bin.36.purify_k127_857714_1(Fam_6487 [★Target]) --> 2021-CE-W1_bin.36.purify_k127_857714_2(Fam_3588 [★Target])
"(10176, 12926)",2,[12926],2021-BQZBHK-W7_bin.171.purify_k127_487959,2021-BQZBHK-W7_bin.171.purify_k127_487959_6697-7596,2021-BQZBHK-W7_bin.171.purify_k127_487959_7(Fam_12926 [★Target]) --> 2021-BQZBHK-W7_bin.171.purify_k127_487959_8(Fam_10176 [★Target])
"(10176, 12926)",2,[12926],2021-CE-W4_bin.93.purify_k127_711063,2021-CE-W4_bin.93.purify_k127_711063_6684-7619,2021-CE-W4_bin.93.purify_k127_711063_7(Fam_12926 [★Target]) --> 2021-CE-W4_bin.93.purify_k127_711063_8(Fam_10176 [★Target])
"(7774, 9507)",2,[9507],2021-BQZBHK-W7_bin.57.purify_k127_39328,2021-BQZBHK-W7_bin.57.purify_k127_39328_4001-5391,2021-BQZBHK-W7_bin.57.purify_k127_39328_6(Fam_7774 [★Target]) --> 2021-BQZBHK-W7_bin.57.purify_k127_39328_7(Fam_9507 [★Target])
"(7774, 9507)",2,[9507],2021-ND-W7_bin.23.purify_k141_154261,2021-ND-W7_bin.23.purify_k141_154261_1-1211,2021-ND-W7_bin.23.purify_k141_154261_1(Fam_7774 [★Target]) --> 2021-ND-W7_bin.23.purify_k141_154261_2(Fam_9507 [★Target])
"(1471, 13359)",2,[13359],2021-BQZBSD-W1+_bin.7.purify_k127_582273,2021-BQZBSD-W1+_bin.7.purify_k127_582273_524-2453,2021-BQZBSD-W1+_bin.7.purify_k127_582273_2(Fam_13359 [★Target]) --> 2021-BQZBSD-W1+_bin.7.purify_k127_582273_3(Fam_1471 [★Target])
"(1471, 13359)",2,[13359],H1-3_bin.64.purify_k141_338227_length_5061_cov_15.4039,H1-3_bin.64.purify_k141_338227_length_5061_cov_15.4039_295-2538,H1-3_bin.64.purify_k141_338227_length_5061_cov_15.4039_1(Fam_13359 [★Target]) --> H1-3_bin.64.purify_k141_338227_length_5061_cov_15.4039_2(Fam_1471 [★Target])
"(1543, 8149)",2,[1543],2021-BQZBSD-W1+_bin.99.purify_k127_6122438,2021-BQZBSD-W1+_bin.99.purify_k127_6122438_3-2530,2021-BQZBSD-W1+_bin.99.purify_k127_6122438_1(Fam_8149 [★Target]) --> 2021-BQZBSD-W1+_bin.99.purify_k127_6122438_2(Fam_1543 [★Target])
"(1543, 8149)",2,[1543],2021-CNB-W1_bin.144.purify_k127_505791,2021-CNB-W1_bin.144.purify_k127_505791_652-3460,2021-CNB-W1_bin.144.purify_k127_505791_2(Fam_1543 [★Target]) --> 2021-CNB-W1_bin.144.purify_k127_505791_3(Fam_8149 [★Target])
"(10286, 10461)",2,[10286],2021-BQZBSD-W21_bin.44.purify_k127_125754,2021-BQZBSD-W21_bin.44.purify_k127_125754_3-1135,2021-BQZBSD-W21_bin.44.purify_k127_125754_1(Fam_10286 [★Target]) --> 2021-BQZBSD-W21_bin.44.purify_k127_125754_2(Fam_10461 [★Target])
"(10286, 10461)",2,[10286],2021-LU-W9_bin.81.purify_k127_1547115,2021-LU-W9_bin.81.purify_k127_1547115_1-956,2021-LU-W9_bin.81.purify_k127_1547115_1(Fam_10286 [★Target]) --> 2021-LU-W9_bin.81.purify_k127_1547115_2(Fam_10461 [★Target])
"(7103, 8049)",2,"[7103, 8049]",2021-BQZB-W3_bin.49.purify_k127_2495003,2021-BQZB-W3_bin.49.purify_k127_2495003_1112-2733,2021-BQZB-W3_bin.49.purify_k127_2495003_3(Fam_8049 [★Target]) --> 2021-BQZB-W3_bin.49.purify_k127_2495003_4(Fam_7103 [★Target])
"(7103, 8049)",2,"[7103, 8049]",2021-LU-W1_bin.131.purify_k127_1090890,2021-LU-W1_bin.131.purify_k127_1090890_150-1771,2021-LU-W1_bin.131.purify_k127_1090890_2(Fam_8049 [★Target]) --> 2021-LU-W1_bin.131.purify_k127_1090890_3(Fam_7103 [★Target])
"(10682, 12859)",2,[12859],2021-BQZBHK-W1_bin.108.purify_k127_796616,2021-BQZBHK-W1_bin.108.purify_k127_796616_104-1197,2021-BQZBHK-W1_bin.108.purify_k127_796616_2(Fam_12859 [★Target]) --> 2021-BQZBHK-W1_bin.108.purify_k127_796616_3(Fam_10682 [★Target])
"(10682, 12859)",2,[12859],2021-SLCB-W3_bin.30.purify_k127_1293103,2021-SLCB-W3_bin.30.purify_k127_1293103_314-1407,2021-SLCB-W3_bin.30.purify_k127_1293103_2(Fam_12859 [★Target]) --> 2021-SLCB-W3_bin.30.purify_k127_1293103_3(Fam_10682 [★Target])
"(6453, 10844)",2,[10844],2021-BQZBHK-W1_bin.95.purify_k127_324316,2021-BQZBHK-W1_bin.95.purify_k127_324316_308-1793,2021-BQZBHK-W1_bin.95.purify_k127_324316_2(Fam_10844 [★Target]) --> 2021-BQZBHK-W1_bin.95.purify_k127_324316_3(Fam_6453 [★Target])
"(6453, 10844)",2,[10844],2021-BQZBHK-W3_bin.71.purify_k127_380466,2021-BQZBHK-W3_bin.71.purify_k127_380466_1262-2747,2021-BQZBHK-W3_bin.71.purify_k127_380466_2(Fam_10844 [★Target]) --> 2021-BQZBHK-W3_bin.71.purify_k127_380466_3(Fam_6453 [★Target])
"(8324, 9505)",2,[9505],2021-BQZBHK-W1_bin.99.purify_k127_1413886,2021-BQZBHK-W1_bin.99.purify_k127_1413886_56-1481,2021-BQZBHK-W1_bin.99.purify_k127_1413886_1(Fam_9505 [★Target]) --> 2021-BQZBHK-W1_bin.99.purify_k127_1413886_2(Fam_8324 [★Target])
"(8324, 9505)",2,[9505],2021-BQZBHK-W5_bin.87.purify_k127_1227509,2021-BQZBHK-W5_bin.87.purify_k127_1227509_26-1467,2021-BQZBHK-W5_bin.87.purify_k127_1227509_1(Fam_9505 [★Target]) --> 2021-BQZBHK-W5_bin.87.purify_k127_1227509_2(Fam_8324 [★Target])
"(463, 797, 5834, 6284)",2,[5834],2021-BQZBHK-W2_bin.118.purify_k127_284201,2021-BQZBHK-W2_bin.118.purify_k127_284201_582-8349,2021-BQZBHK-W2_bin.118.purify_k127_284201_2(Fam_5834 [★Target]) --> 2021-BQZBHK-W2_bin.118.purify_k127_284201_3(Fam_797 [★Target]) --> 2021-BQZBHK-W2_bin.118.purify_k127_284201_4(Fam_6284 [★Target]) --> 2021-BQZBHK-W2_bin.118.purify_k127_284201_5(Fam_463 [★Target])
"(463, 797, 5834, 6284)",2,[5834],2021-SLCB-W1_bin.4.purify_k127_472527,2021-SLCB-W1_bin.4.purify_k127_472527_582-8349,2021-SLCB-W1_bin.4.purify_k127_472527_2(Fam_5834 [★Target]) --> 2021-SLCB-W1_bin.4.purify_k127_472527_3(Fam_797 [★Target]) --> 2021-SLCB-W1_bin.4.purify_k127_472527_4(Fam_6284 [★Target]) --> 2021-SLCB-W1_bin.4.purify_k127_472527_5(Fam_463 [★Target])
"(12202, 12592)",2,[12202],2021-BQZBHK-W3_bin.106.purify_k127_240523,2021-BQZBHK-W3_bin.106.purify_k127_240523_431-1182,2021-BQZBHK-W3_bin.106.purify_k127_240523_3(Fam_12592 [★Target]) --> 2021-BQZBHK-W3_bin.106.purify_k127_240523_4(Fam_12202 [★Target])
"(12202, 12592)",2,[12202],2021-BQZBHK-W4_bin.163.purify_k127_1052309,2021-BQZBHK-W4_bin.163.purify_k127_1052309_821-1572,2021-BQZBHK-W4_bin.163.purify_k127_1052309_4(Fam_12592 [★Target]) --> 2021-BQZBHK-W4_bin.163.purify_k127_1052309_5(Fam_12202 [★Target])
"(6375, 10408)",2,[6375],2021-BQZBHK-W3_bin.3.purify_k127_184807,2021-BQZBHK-W3_bin.3.purify_k127_184807_203-1701,2021-BQZBHK-W3_bin.3.purify_k127_184807_2(Fam_10408 [★Target]) --> 2021-BQZBHK-W3_bin.3.purify_k127_184807_3(Fam_6375 [★Target])
"(6375, 10408)",2,[6375],2021-CNB-W2_bin.30.purify_k127_1319637,2021-CNB-W2_bin.30.purify_k127_1319637_523-1661,2021-CNB-W2_bin.30.purify_k127_1319637_2(Fam_10408 [★Target]) --> 2021-CNB-W2_bin.30.purify_k127_1319637_3(Fam_6375 [★Target])
"(1144, 8895)",2,[1144],2021-BQZBHK-W3_bin.47.purify_k127_22676,2021-BQZBHK-W3_bin.47.purify_k127_22676_515-3366,2021-BQZBHK-W3_bin.47.purify_k127_22676_2(Fam_1144 [★Target]) --> 2021-BQZBHK-W3_bin.47.purify_k127_22676_3(Fam_8895 [★Target])
"(1144, 8895)",2,[1144],2021-BQZBHK-W4_bin.147.purify_k127_663835,2021-BQZBHK-W4_bin.147.purify_k127_663835_3-2980,2021-BQZBHK-W4_bin.147.purify_k127_663835_1(Fam_8895 [★Target]) --> 2021-BQZBHK-W4_bin.147.purify_k127_663835_2(Fam_1144 [★Target])
"(8323, 8976)",2,[8976],2021-BQZBHK-W4_bin.148.purify_k127_1528185,2021-BQZBHK-W4_bin.148.purify_k127_1528185_576-1903,2021-BQZBHK-W4_bin.148.purify_k127_1528185_2(Fam_8323 [★Target]) --> 2021-BQZBHK-W4_bin.148.purify_k127_1528185_3(Fam_8976 [★Target])
"(8323, 8976)",2,[8976],2021-SD-W63_bin.91.purify_k127_891086,2021-SD-W63_bin.91.purify_k127_891086_66477-67890,2021-SD-W63_bin.91.purify_k127_891086_62(Fam_8323 [★Target]) --> 2021-SD-W63_bin.91.purify_k127_891086_63(Fam_8976 [★Target])
"(3179, 6947)",2,[3179],2021-BQZBHK-W4_bin.49.purify_k127_1544899,2021-BQZBHK-W4_bin.49.purify_k127_1544899_3-1569,2021-BQZBHK-W4_bin.49.purify_k127_1544899_1(Fam_3179 [★Target]) --> 2021-BQZBHK-W4_bin.49.purify_k127_1544899_2(Fam_6947 [★Target])
"(3179, 6947)",2,[3179],2021-BQZBHK-W6_bin.113.purify_k127_1942659,2021-BQZBHK-W6_bin.113.purify_k127_1942659_1-1808,2021-BQZBHK-W6_bin.113.purify_k127_1942659_1(Fam_6947 [★Target]) --> 2021-BQZBHK-W6_bin.113.purify_k127_1942659_2(Fam_3179 [★Target])
"(6948, 11943)",2,[11943],2021-BQZBHK-W4_bin.56.purify_k127_498511,2021-BQZBHK-W4_bin.56.purify_k127_498511_437-1707,2021-BQZBHK-W4_bin.56.purify_k127_498511_2(Fam_11943 [★Target]) --> 2021-BQZBHK-W4_bin.56.purify_k127_498511_3(Fam_6948 [★Target])
"(6948, 11943)",2,[11943],2021-BQZBHK-W7_bin.79.purify_k127_1334756,2021-BQZBHK-W7_bin.79.purify_k127_1334756_614-1884,2021-BQZBHK-W7_bin.79.purify_k127_1334756_2(Fam_11943 [★Target]) --> 2021-BQZBHK-W7_bin.79.purify_k127_1334756_3(Fam_6948 [★Target])
"(1124, 5758)",2,[5758],2020_QHH5-W1_bin.54.purify_k141_202015,2020_QHH5-W1_bin.54.purify_k141_202015_1781-4200,2020_QHH5-W1_bin.54.purify_k141_202015_4(Fam_5758 [★Target]) --> 2020_QHH5-W1_bin.54.purify_k141_202015_5(Fam_1124 [★Target])
"(1124, 5758)",2,[5758],2021-ND-W6_bin.17.purify_k141_367104,2021-ND-W6_bin.17.purify_k141_367104_1781-4191,2021-ND-W6_bin.17.purify_k141_367104_4(Fam_5758 [★Target]) --> 2021-ND-W6_bin.17.purify_k141_367104_5(Fam_1124 [★Target])
"(7833, 13172)",2,"[7833, 13172]",2020_QHH6-W1_bin.111.purify_k141_1037328,2020_QHH6-W1_bin.111.purify_k141_1037328_1987-3081,2020_QHH6-W1_bin.111.purify_k141_1037328_4(Fam_13172 [★Target]) --> 2020_QHH6-W1_bin.111.purify_k141_1037328_5(Fam_7833 [★Target])
"(7833, 13172)",2,"[7833, 13172]",2021-QHH-W1_bin.10.purify_k141_452977,2021-QHH-W1_bin.10.purify_k141_452977_1423-2517,2021-QHH-W1_bin.10.purify_k141_452977_3(Fam_13172 [★Target]) --> 2021-QHH-W1_bin.10.purify_k141_452977_4(Fam_7833 [★Target])
"(481, 1521)",2,[481],2020_QHH6-W1_bin.91.purify_k141_740242,2020_QHH6-W1_bin.91.purify_k141_740242_4538-9481,2020_QHH6-W1_bin.91.purify_k141_740242_5(Fam_1521 [★Target]) --> 2020_QHH6-W1_bin.91.purify_k141_740242_6(Fam_481 [★Target])
"(481, 1521)",2,[481],2021-ND-W3_bin.89.purify_k141_589334,2021-ND-W3_bin.89.purify_k141_589334_4642-9585,2021-ND-W3_bin.89.purify_k141_589334_5(Fam_1521 [★Target]) --> 2021-ND-W3_bin.89.purify_k141_589334_6(Fam_481 [★Target])
"(398, 983, 7938)",2,[7938],2020_QHH7-W1_bin.10.purify_k141_268191,2020_QHH7-W1_bin.10.purify_k141_268191_25836-32754,2020_QHH7-W1_bin.10.purify_k141_268191_23(Fam_398 [★Target]) --> 2020_QHH7-W1_bin.10.purify_k141_268191_25(Fam_7938 [★Target]) --> 2020_QHH7-W1_bin.10.purify_k141_268191_26(Fam_983 [★Target])
"(398, 983, 7938)",2,[7938],2020_TMRSD3-W1_bin.9.purify_k141_1098577,2020_TMRSD3-W1_bin.9.purify_k141_1098577_26309-33227,2020_TMRSD3-W1_bin.9.purify_k141_1098577_23(Fam_398 [★Target]) --> 2020_TMRSD3-W1_bin.9.purify_k141_1098577_25(Fam_7938 [★Target]) --> 2020_TMRSD3-W1_bin.9.purify_k141_1098577_26(Fam_983 [★Target])
"(385, 1663)",2,[1663],2020_YZYC-20W-1-10m-1_bin.55.purify_k141_451883,2020_YZYC-20W-1-10m-1_bin.55.purify_k141_451883_874-5509,2020_YZYC-20W-1-10m-1_bin.55.purify_k141_451883_3(Fam_1663 [★Target]) --> 2020_YZYC-20W-1-10m-1_bin.55.purify_k141_451883_4(Fam_385 [★Target])
"(385, 1663)",2,[1663],2020_YZYC-20W-1-5m-1_bin.12.purify_k141_121736,2020_YZYC-20W-1-5m-1_bin.12.purify_k141_121736_600-5235,2020_YZYC-20W-1-5m-1_bin.12.purify_k141_121736_2(Fam_1663 [★Target]) --> 2020_YZYC-20W-1-5m-1_bin.12.purify_k141_121736_3(Fam_385 [★Target])
"(2179, 5662)",2,[2179],2020_QHH9-W1_bin.115.purify_k141_990705,2020_QHH9-W1_bin.115.purify_k141_990705_5163-7779,2020_QHH9-W1_bin.115.purify_k141_990705_5(Fam_5662 [★Target]) --> 2020_QHH9-W1_bin.115.purify_k141_990705_6(Fam_2179 [★Target])
"(2179, 5662)",2,[2179],2021-YMQ3-W1_bin.1.purify_k141_1506564,2021-YMQ3-W1_bin.1.purify_k141_1506564_5163-7779,2021-YMQ3-W1_bin.1.purify_k141_1506564_5(Fam_5662 [★Target]) --> 2021-YMQ3-W1_bin.1.purify_k141_1506564_6(Fam_2179 [★Target])
"(274, 4317)",2,[4317],2020_QJH-W1_bin.119.purify_k141_1119271,2020_QJH-W1_bin.119.purify_k141_1119271_128948-133623,2020_QJH-W1_bin.119.purify_k141_1119271_130(Fam_4317 [★Target]) --> 2020_QJH-W1_bin.119.purify_k141_1119271_131(Fam_274 [★Target])
"(274, 4317)",2,[4317],2020_SLHSD1-W1_bin.46.purify_k141_285487,2020_SLHSD1-W1_bin.46.purify_k141_285487_24599-29274,2020_SLHSD1-W1_bin.46.purify_k141_285487_21(Fam_4317 [★Target]) --> 2020_SLHSD1-W1_bin.46.purify_k141_285487_22(Fam_274 [★Target])
"(4381, 9126)",2,"[4381, 9126]",2020_QJH-W1_bin.23.purify_k141_1113403,2020_QJH-W1_bin.23.purify_k141_1113403_218-2052,2020_QJH-W1_bin.23.purify_k141_1113403_2(Fam_9126 [★Target]) --> 2020_QJH-W1_bin.23.purify_k141_1113403_3(Fam_4381 [★Target])
"(4381, 9126)",2,"[4381, 9126]",HS-41-1_bin.15.purify_k141_24868,HS-41-1_bin.15.purify_k141_24868_12152-13986,HS-41-1_bin.15.purify_k141_24868_15(Fam_4381 [★Target]) --> HS-41-1_bin.15.purify_k141_24868_16(Fam_9126 [★Target])
"(164, 7303)",2,[7303],2020_QJH-W1_bin.95.purify_k141_1561056,2020_QJH-W1_bin.95.purify_k141_1561056_1-4773,2020_QJH-W1_bin.95.purify_k141_1561056_1(Fam_7303 [★Target]) --> 2020_QJH-W1_bin.95.purify_k141_1561056_4(Fam_164 [★Target])
"(164, 7303)",2,[7303],2021-YMQ5-W1_bin.34.purify_k141_1085408,2021-YMQ5-W1_bin.34.purify_k141_1085408_10503-14369,2021-YMQ5-W1_bin.34.purify_k141_1085408_12(Fam_164 [★Target]) --> 2021-YMQ5-W1_bin.34.purify_k141_1085408_13(Fam_7303 [★Target])
"(13130, 13865)",2,"[13130, 13865]",2020_SD-W-1_bin.79.purify_k141_247446,2020_SD-W-1_bin.79.purify_k141_247446_8990-9527,2020_SD-W-1_bin.79.purify_k141_247446_9(Fam_13865 [★Target]) --> 2020_SD-W-1_bin.79.purify_k141_247446_10(Fam_13130 [★Target])
"(13130, 13865)",2,"[13130, 13865]",HS-28-2_bin.37.purify_k141_120633,HS-28-2_bin.37.purify_k141_120633_497-1031,HS-28-2_bin.37.purify_k141_120633_3(Fam_13865 [★Target]) --> HS-28-2_bin.37.purify_k141_120633_4(Fam_13130 [★Target])
"(8645, 10319)",2,[8645],2020_SD-W-2_bin.155.purify_k141_2112127,2020_SD-W-2_bin.155.purify_k141_2112127_1-1214,2020_SD-W-2_bin.155.purify_k141_2112127_1(Fam_8645 [★Target]) --> 2020_SD-W-2_bin.155.purify_k141_2112127_2(Fam_10319 [★Target])
"(8645, 10319)",2,[8645],2021-LU-W3_bin.28.purify_k127_473211,2021-LU-W3_bin.28.purify_k127_473211_2-1278,2021-LU-W3_bin.28.purify_k127_473211_1(Fam_8645 [★Target]) --> 2021-LU-W3_bin.28.purify_k127_473211_2(Fam_10319 [★Target])
"(1662, 2525)",2,[1662],2020_QHH13-W1_bin.39.purify_k141_246087,2020_QHH13-W1_bin.39.purify_k141_246087_5071-9657,2020_QHH13-W1_bin.39.purify_k141_246087_3(Fam_1662 [★Target]) --> 2020_QHH13-W1_bin.39.purify_k141_246087_5(Fam_2525 [★Target])
"(1662, 2525)",2,[1662],2020_QHH4-W1_bin.69.purify_k141_678106,2020_QHH4-W1_bin.69.purify_k141_678106_5071-9657,2020_QHH4-W1_bin.69.purify_k141_678106_3(Fam_1662 [★Target]) --> 2020_QHH4-W1_bin.69.purify_k141_678106_5(Fam_2525 [★Target])
"(4435, 8287)",2,[8287],2020_QHH15-W1_bin.116.purify_k141_5992,2020_QHH15-W1_bin.116.purify_k141_5992_3466-5354,2020_QHH15-W1_bin.116.purify_k141_5992_4(Fam_8287 [★Target]) --> 2020_QHH15-W1_bin.116.purify_k141_5992_5(Fam_4435 [★Target])
"(4435, 8287)",2,[8287],2021-QHH-W3_bin.81.purify_k141_945854,2021-QHH-W3_bin.81.purify_k141_945854_4154-6042,2021-QHH-W3_bin.81.purify_k141_945854_5(Fam_8287 [★Target]) --> 2021-QHH-W3_bin.81.purify_k141_945854_6(Fam_4435 [★Target])
"(3882, 5342)",2,[3882],2020_QHH15-W1_bin.18.purify_k141_85655,2020_QHH15-W1_bin.18.purify_k141_85655_2-2265,2020_QHH15-W1_bin.18.purify_k141_85655_1(Fam_5342 [★Target]) --> 2020_QHH15-W1_bin.18.purify_k141_85655_2(Fam_3882 [★Target])
"(3882, 5342)",2,[3882],2020_QHH7-W1_bin.51.purify_k141_451210,2020_QHH7-W1_bin.51.purify_k141_451210_2-2265,2020_QHH7-W1_bin.51.purify_k141_451210_1(Fam_5342 [★Target]) --> 2020_QHH7-W1_bin.51.purify_k141_451210_2(Fam_3882 [★Target])
"(4902, 8894)",2,[8894],2020_QHH15-W1_bin.39.purify_k141_763550,2020_QHH15-W1_bin.39.purify_k141_763550_2-1775,2020_QHH15-W1_bin.39.purify_k141_763550_1(Fam_8894 [★Target]) --> 2020_QHH15-W1_bin.39.purify_k141_763550_2(Fam_4902 [★Target])
"(4902, 8894)",2,[8894],2020_ZJZBSD-01-2_bin.5.purify_k141_220413,2020_ZJZBSD-01-2_bin.5.purify_k141_220413_3-1992,2020_ZJZBSD-01-2_bin.5.purify_k141_220413_1(Fam_8894 [★Target]) --> 2020_ZJZBSD-01-2_bin.5.purify_k141_220413_2(Fam_4902 [★Target])
"(2718, 7616)",2,[7616],2020_QHH15-W1_bin.4.purify_k141_774553,2020_QHH15-W1_bin.4.purify_k141_774553_3591-5334,2020_QHH15-W1_bin.4.purify_k141_774553_3(Fam_7616 [★Target]) --> 2020_QHH15-W1_bin.4.purify_k141_774553_4(Fam_2718 [★Target])
"(2718, 7616)",2,[7616],2020_ZJZB-W-1_bin.58.purify_k141_877378,2020_ZJZB-W-1_bin.58.purify_k141_877378_1434-3657,2020_ZJZB-W-1_bin.58.purify_k141_877378_2(Fam_2718 [★Target]) --> 2020_ZJZB-W-1_bin.58.purify_k141_877378_3(Fam_7616 [★Target])
"(3474, 11112)",2,[3474],2020_QHH15-W1_bin.86.purify_k141_531852,2020_QHH15-W1_bin.86.purify_k141_531852_8366-10155,2020_QHH15-W1_bin.86.purify_k141_531852_13(Fam_11112 [★Target]) --> 2020_QHH15-W1_bin.86.purify_k141_531852_14(Fam_3474 [★Target])
"(3474, 11112)",2,[3474],2021-JSW-W1_bin.101.purify_k141_1143806,2021-JSW-W1_bin.101.purify_k141_1143806_1683-3472,2021-JSW-W1_bin.101.purify_k141_1143806_2(Fam_3474 [★Target]) --> 2021-JSW-W1_bin.101.purify_k141_1143806_3(Fam_11112 [★Target])
"(3759, 12421)",2,[12421],2020_QHH4-W1_bin.43.purify_k141_715349,2020_QHH4-W1_bin.43.purify_k141_715349_1-1954,2020_QHH4-W1_bin.43.purify_k141_715349_1(Fam_3759 [★Target]) --> 2020_QHH4-W1_bin.43.purify_k141_715349_2(Fam_12421 [★Target])
"(3759, 12421)",2,[12421],2021-QHH-W7_bin.90.purify_k141_197669,2021-QHH-W7_bin.90.purify_k141_197669_3-2136,2021-QHH-W7_bin.90.purify_k141_197669_1(Fam_3759 [★Target]) --> 2021-QHH-W7_bin.90.purify_k141_197669_2(Fam_12421 [★Target])
"(5878, 12420)",2,[5878],2020_QHH2-W1_bin.15.purify_k141_213473,2020_QHH2-W1_bin.15.purify_k141_213473_4091-5429,2020_QHH2-W1_bin.15.purify_k141_213473_7(Fam_5878 [★Target]) --> 2020_QHH2-W1_bin.15.purify_k141_213473_8(Fam_12420 [★Target])
"(5878, 12420)",2,[5878],2020_QHH6-W1_bin.114.purify_k141_919419,2020_QHH6-W1_bin.114.purify_k141_919419_4091-5429,2020_QHH6-W1_bin.114.purify_k141_919419_7(Fam_5878 [★Target]) --> 2020_QHH6-W1_bin.114.purify_k141_919419_8(Fam_12420 [★Target])
"(9162, 12108)",2,[9162],2020_QHH3-W1_bin.108.purify_k141_819576,2020_QHH3-W1_bin.108.purify_k141_819576_4324-5762,2020_QHH3-W1_bin.108.purify_k141_819576_4(Fam_12108 [★Target]) --> 2020_QHH3-W1_bin.108.purify_k141_819576_5(Fam_9162 [★Target])
"(9162, 12108)",2,[9162],2021-BQZBHK-W6_bin.22.purify_k127_4203,2021-BQZBHK-W6_bin.22.purify_k127_4203_9739-11175,2021-BQZBHK-W6_bin.22.purify_k127_4203_8(Fam_12108 [★Target]) --> 2021-BQZBHK-W6_bin.22.purify_k127_4203_9(Fam_9162 [★Target])
"(1048, 4195)",2,[4195],2020_QHH3-W1_bin.28.purify_k141_883829,2020_QHH3-W1_bin.28.purify_k141_883829_31431-35251,2020_QHH3-W1_bin.28.purify_k141_883829_22(Fam_1048 [★Target]) --> 2020_QHH3-W1_bin.28.purify_k141_883829_24(Fam_4195 [★Target])
"(1048, 4195)",2,[4195],2021-YMQ1-W1_bin.62.purify_k141_237774,2021-YMQ1-W1_bin.62.purify_k141_237774_31431-34083,2021-YMQ1-W1_bin.62.purify_k141_237774_22(Fam_1048 [★Target]) --> 2021-YMQ1-W1_bin.62.purify_k141_237774_24(Fam_4195 [★Target])
"(3843, 13030)",2,[3843],2020_QHH3-W1_bin.54.purify_k141_634332,2020_QHH3-W1_bin.54.purify_k141_634332_15563-17187,2020_QHH3-W1_bin.54.purify_k141_634332_18(Fam_3843 [★Target]) --> 2020_QHH3-W1_bin.54.purify_k141_634332_19(Fam_13030 [★Target])
"(3843, 13030)",2,[3843],2020_QHH7-W1_bin.154.purify_k141_1107320,2020_QHH7-W1_bin.154.purify_k141_1107320_11701-13325,2020_QHH7-W1_bin.154.purify_k141_1107320_7(Fam_13030 [★Target]) --> 2020_QHH7-W1_bin.154.purify_k141_1107320_8(Fam_3843 [★Target])
"(9127, 10424)",2,[9127],2020_YBJSD-W-2_bin.78.purify_k141_496075,2020_YBJSD-W-2_bin.78.purify_k141_496075_4001-5229,2020_YBJSD-W-2_bin.78.purify_k141_496075_4(Fam_10424 [★Target]) --> 2020_YBJSD-W-2_bin.78.purify_k141_496075_5(Fam_9127 [★Target])
"(9127, 10424)",2,[9127],2021-SD-W42_bin.116.purify_k127_4371221,2021-SD-W42_bin.116.purify_k127_4371221_2506-3607,2021-SD-W42_bin.116.purify_k127_4371221_4(Fam_10424 [★Target]) --> 2021-SD-W42_bin.116.purify_k127_4371221_5(Fam_9127 [★Target])
"(8436, 12856)",2,[12856],2020_YBJSD-W-3_bin.147.purify_k141_488424,2020_YBJSD-W-3_bin.147.purify_k141_488424_4782-5722,2020_YBJSD-W-3_bin.147.purify_k141_488424_8(Fam_12856 [★Target]) --> 2020_YBJSD-W-3_bin.147.purify_k141_488424_9(Fam_8436 [★Target])
"(8436, 12856)",2,[12856],2020_YZYC-20W-1-5m-1_bin.17.purify_k141_466938,2020_YZYC-20W-1-5m-1_bin.17.purify_k141_466938_2532-3490,2020_YZYC-20W-1-5m-1_bin.17.purify_k141_466938_4(Fam_12856 [★Target]) --> 2020_YZYC-20W-1-5m-1_bin.17.purify_k141_466938_5(Fam_8436 [★Target])
"(3764, 8855)",2,[3764],2020_YBJSD-W-3_bin.234.purify_k141_178631,2020_YBJSD-W-3_bin.234.purify_k141_178631_14729-16584,2020_YBJSD-W-3_bin.234.purify_k141_178631_10(Fam_3764 [★Target]) --> 2020_YBJSD-W-3_bin.234.purify_k141_178631_11(Fam_8855 [★Target])
"(3764, 8855)",2,[3764],2021-CNB-W1_bin.38.purify_k127_45169,2021-CNB-W1_bin.38.purify_k127_45169_13206-15124,2021-CNB-W1_bin.38.purify_k127_45169_15(Fam_3764 [★Target]) --> 2021-CNB-W1_bin.38.purify_k127_45169_16(Fam_8855 [★Target])
"(9390, 10842)",2,"[9390, 10842]",2020_YBJSD-W-3_bin.266.purify_k141_513249,2020_YBJSD-W-3_bin.266.purify_k141_513249_31284-32588,2020_YBJSD-W-3_bin.266.purify_k141_513249_30(Fam_9390 [★Target]) --> 2020_YBJSD-W-3_bin.266.purify_k141_513249_31(Fam_10842 [★Target])
"(9390, 10842)",2,"[9390, 10842]",2021-YBJ-W3_bin.128.purify_k127_581624,2021-YBJ-W3_bin.128.purify_k127_581624_31274-32578,2021-YBJ-W3_bin.128.purify_k127_581624_30(Fam_9390 [★Target]) --> 2021-YBJ-W3_bin.128.purify_k127_581624_31(Fam_10842 [★Target])
"(989, 4686)",2,[4686],2020_YBJSD-W-3_bin.47.purify_k141_917095,2020_YBJSD-W-3_bin.47.purify_k141_917095_91778-95216,2020_YBJSD-W-3_bin.47.purify_k141_917095_81(Fam_989 [★Target]) --> 2020_YBJSD-W-3_bin.47.purify_k141_917095_82(Fam_4686 [★Target])
"(989, 4686)",2,[4686],CE-B-W-2_bin.47.purify_k141_71087,CE-B-W-2_bin.47.purify_k141_71087_1-2371,CE-B-W-2_bin.47.purify_k141_71087_1(Fam_4686 [★Target]) --> CE-B-W-2_bin.47.purify_k141_71087_2(Fam_989 [★Target])
"(2661, 10575)",2,[2661],2020_YM-W-1_bin.76.purify_k141_88089,2020_YM-W-1_bin.76.purify_k141_88089_30491-32550,2020_YM-W-1_bin.76.purify_k141_88089_34(Fam_2661 [★Target]) --> 2020_YM-W-1_bin.76.purify_k141_88089_35(Fam_10575 [★Target])
"(2661, 10575)",2,[2661],2021-BQZBHK-W3_bin.74.purify_k127_329939,2021-BQZBHK-W3_bin.74.purify_k127_329939_12405-14465,2021-BQZBHK-W3_bin.74.purify_k127_329939_15(Fam_2661 [★Target]) --> 2021-BQZBHK-W3_bin.74.purify_k127_329939_17(Fam_10575 [★Target])
"(5052, 10712)",2,[10712],2020_YM-W-3_bin.26.purify_k141_375493,2020_YM-W-3_bin.26.purify_k141_375493_18155-19742,2020_YM-W-3_bin.26.purify_k141_375493_19(Fam_5052 [★Target]) --> 2020_YM-W-3_bin.26.purify_k141_375493_20(Fam_10712 [★Target])
"(5052, 10712)",2,[10712],2021-BQZBHK-W6_bin.22.purify_k127_1064784,2021-BQZBHK-W6_bin.22.purify_k127_1064784_28434-30021,2021-BQZBHK-W6_bin.22.purify_k127_1064784_26(Fam_5052 [★Target]) --> 2021-BQZBHK-W6_bin.22.purify_k127_1064784_27(Fam_10712 [★Target])
"(4442, 13576)",2,[13576],2020_YM-W-3_bin.37.purify_k141_232150,2020_YM-W-3_bin.37.purify_k141_232150_3123-4174,2020_YM-W-3_bin.37.purify_k141_232150_4(Fam_4442 [★Target]) --> 2020_YM-W-3_bin.37.purify_k141_232150_5(Fam_13576 [★Target])
"(4442, 13576)",2,[13576],2021-JSW-W1_bin.93.purify_k141_20733,2021-JSW-W1_bin.93.purify_k141_20733_2094-3247,2021-JSW-W1_bin.93.purify_k141_20733_4(Fam_4442 [★Target]) --> 2021-JSW-W1_bin.93.purify_k141_20733_5(Fam_13576 [★Target])
"(2236, 6943)",2,[6943],2020_YZYC-20W-1-0m-1_bin.34.purify_k141_92952,2020_YZYC-20W-1-0m-1_bin.34.purify_k141_92952_62170-64366,2020_YZYC-20W-1-0m-1_bin.34.purify_k141_92952_60(Fam_6943 [★Target]) --> 2020_YZYC-20W-1-0m-1_bin.34.purify_k141_92952_61(Fam_2236 [★Target])
"(2236, 6943)",2,[6943],2021-ZJZBSD-W53_bin.46.purify_k127_2923133,2021-ZJZBSD-W53_bin.46.purify_k127_2923133_6997-11367,2021-ZJZBSD-W53_bin.46.purify_k127_2923133_9(Fam_2236 [★Target]) --> 2021-ZJZBSD-W53_bin.46.purify_k127_2923133_10(Fam_6943 [★Target]) --> 2021-ZJZBSD-W53_bin.46.purify_k127_2923133_11(Fam_1656)
"(2236, 6943)",2,[6943],2021-ZJZB-W2_bin.118.purify_k127_920694,2021-ZJZB-W2_bin.118.purify_k127_920694_68050-70471,2021-ZJZB-W2_bin.118.purify_k127_920694_59(Fam_6943 [★Target]) --> 2021-ZJZB-W2_bin.118.purify_k127_920694_60(Fam_2236 [★Target])
"(4115, 7277)",2,[4115],2020_YZYC-20W-1-10m-1_bin.113.purify_k141_71393,2020_YZYC-20W-1-10m-1_bin.113.purify_k141_71393_15246-17384,2020_YZYC-20W-1-10m-1_bin.113.purify_k141_71393_24(Fam_7277 [★Target]) --> 2020_YZYC-20W-1-10m-1_bin.113.purify_k141_71393_25(Fam_4115 [★Target])
"(4115, 7277)",2,[4115],2021-QJH-W1_bin.127.purify_k127_2900333,2021-QJH-W1_bin.127.purify_k127_2900333_1037-3249,2021-QJH-W1_bin.127.purify_k127_2900333_3(Fam_4115 [★Target]) --> 2021-QJH-W1_bin.127.purify_k127_2900333_4(Fam_7277 [★Target])
"(155, 904)",2,[155],2020_YBJSD-W-3_bin.78.purify_k141_171810,2020_YBJSD-W-3_bin.78.purify_k141_171810_140775-146717,2020_YBJSD-W-3_bin.78.purify_k141_171810_100(Fam_904 [★Target]) --> 2020_YBJSD-W-3_bin.78.purify_k141_171810_101(Fam_155 [★Target])
"(155, 904)",2,[155],2021-YBJ-W3_bin.242.purify_k127_3970015,2021-YBJ-W3_bin.242.purify_k127_3970015_26706-32648,2021-YBJ-W3_bin.242.purify_k127_3970015_23(Fam_904 [★Target]) --> 2021-YBJ-W3_bin.242.purify_k127_3970015_24(Fam_155 [★Target])
"(6228, 14081)",2,[6228],2020_SLC-w-6_bin.15.purify_k141_1367876,2020_SLC-w-6_bin.15.purify_k141_1367876_8128-9178,2020_SLC-w-6_bin.15.purify_k141_1367876_11(Fam_14081 [★Target]) --> 2020_SLC-w-6_bin.15.purify_k141_1367876_12(Fam_6228 [★Target])
"(6228, 14081)",2,[6228],2020_SLC-w-7_bin.26.purify_k141_278366,2020_SLC-w-7_bin.26.purify_k141_278366_8128-9178,2020_SLC-w-7_bin.26.purify_k141_278366_11(Fam_14081 [★Target]) --> 2020_SLC-w-7_bin.26.purify_k141_278366_12(Fam_6228 [★Target])
"(4410, 10569)",2,[4410],2020_SLC-w-6_bin.171.purify_k141_1522531,2020_SLC-w-6_bin.171.purify_k141_1522531_19029-20730,2020_SLC-w-6_bin.171.purify_k141_1522531_19(Fam_10569 [★Target]) --> 2020_SLC-w-6_bin.171.purify_k141_1522531_20(Fam_4410 [★Target])
"(4410, 10569)",2,[4410],2021-BQZBHK-W6_bin.204.purify_k127_1027269,2021-BQZBHK-W6_bin.204.purify_k127_1027269_19029-20730,2021-BQZBHK-W6_bin.204.purify_k127_1027269_19(Fam_10569 [★Target]) --> 2021-BQZBHK-W6_bin.204.purify_k127_1027269_20(Fam_4410 [★Target])
"(516, 518)",2,"[516, 518]",2020_SLC-w-6_bin.175.purify_k141_150636,2020_SLC-w-6_bin.175.purify_k141_150636_18683-24624,2020_SLC-w-6_bin.175.purify_k141_150636_13(Fam_518 [★Target]) --> 2020_SLC-w-6_bin.175.purify_k141_150636_14(Fam_516 [★Target])
"(516, 518)",2,"[516, 518]",2020_SLC-w-7_bin.103.purify_k141_1292588,2020_SLC-w-7_bin.103.purify_k141_1292588_18683-24624,2020_SLC-w-7_bin.103.purify_k141_1292588_13(Fam_518 [★Target]) --> 2020_SLC-w-7_bin.103.purify_k141_1292588_14(Fam_516 [★Target])
"(6178, 6316)",2,[6178],2020_TMRSD3-W1_bin.97.purify_k141_775397,2020_TMRSD3-W1_bin.97.purify_k141_775397_984-2945,2020_TMRSD3-W1_bin.97.purify_k141_775397_4(Fam_6316 [★Target]) --> 2020_TMRSD3-W1_bin.97.purify_k141_775397_5(Fam_6178 [★Target])
"(6178, 6316)",2,[6178],2020_YZYC-20W-1-20m-1_bin.84.purify_k141_476576,2020_YZYC-20W-1-20m-1_bin.84.purify_k141_476576_774-2443,2020_YZYC-20W-1-20m-1_bin.84.purify_k141_476576_3(Fam_6316 [★Target]) --> 2020_YZYC-20W-1-20m-1_bin.84.purify_k141_476576_4(Fam_6178 [★Target])
"(4509, 8334)",2,[4509],2020_TLH2-W1_bin.24.purify_k141_1801173,2020_TLH2-W1_bin.24.purify_k141_1801173_6526-8396,2020_TLH2-W1_bin.24.purify_k141_1801173_5(Fam_4509 [★Target]) --> 2020_TLH2-W1_bin.24.purify_k141_1801173_6(Fam_8334 [★Target])
"(4509, 8334)",2,[4509],2021-ZJZBSD-W51_bin.17.purify_k127_872616,2021-ZJZBSD-W51_bin.17.purify_k127_872616_1716-3592,2021-ZJZBSD-W51_bin.17.purify_k127_872616_2(Fam_4509 [★Target]) --> 2021-ZJZBSD-W51_bin.17.purify_k127_872616_3(Fam_8334 [★Target])
"(3716, 12059)",2,[12059],2020_TLH2-W1_bin.28.purify_k141_489854,2020_TLH2-W1_bin.28.purify_k141_489854_2-918,2020_TLH2-W1_bin.28.purify_k141_489854_1(Fam_12059 [★Target]) --> 2020_TLH2-W1_bin.28.purify_k141_489854_2(Fam_3716 [★Target])
"(3716, 12059)",2,[12059],H2-1_bin.84.purify_k141_360877_length_2111_cov_23.7569,H2-1_bin.84.purify_k141_360877_length_2111_cov_23.7569_392-2049,H2-1_bin.84.purify_k141_360877_length_2111_cov_23.7569_2(Fam_3716 [★Target]) --> H2-1_bin.84.purify_k141_360877_length_2111_cov_23.7569_3(Fam_12059 [★Target])
"(6032, 9593)",2,[9593],2020_TLSD-W1_bin.55.purify_k141_1052897,2020_TLSD-W1_bin.55.purify_k141_1052897_4226-5832,2020_TLSD-W1_bin.55.purify_k141_1052897_7(Fam_6032 [★Target]) --> 2020_TLSD-W1_bin.55.purify_k141_1052897_8(Fam_9593 [★Target])
"(6032, 9593)",2,[9593],2021-TLHSD-W1_bin.52.purify_k127_1832533,2021-TLHSD-W1_bin.52.purify_k127_1832533_929-2535,2021-TLHSD-W1_bin.52.purify_k127_1832533_2(Fam_9593 [★Target]) --> 2021-TLHSD-W1_bin.52.purify_k127_1832533_3(Fam_6032 [★Target])
"(1600, 6002)",2,[1600],2020_TMRSD3-W1_bin.130.purify_k141_380694,2020_TMRSD3-W1_bin.130.purify_k141_380694_9574-12409,2020_TMRSD3-W1_bin.130.purify_k141_380694_13(Fam_6002 [★Target]) --> 2020_TMRSD3-W1_bin.130.purify_k141_380694_14(Fam_1600 [★Target])
"(1600, 6002)",2,[1600],2021-SLCB-W5_bin.167.purify_k127_1538046,2021-SLCB-W5_bin.167.purify_k127_1538046_3-2808,2021-SLCB-W5_bin.167.purify_k127_1538046_1(Fam_6002 [★Target]) --> 2021-SLCB-W5_bin.167.purify_k127_1538046_2(Fam_1600 [★Target])
"(418, 4411)",2,[418],2020_SLC-w-7_bin.178.purify_k141_680731,2020_SLC-w-7_bin.178.purify_k141_680731_715-5018,2020_SLC-w-7_bin.178.purify_k141_680731_2(Fam_4411 [★Target]) --> 2020_SLC-w-7_bin.178.purify_k141_680731_3(Fam_418 [★Target])
"(418, 4411)",2,[418],2021-ZJZB-W2_bin.102.purify_k127_1336234,2021-ZJZB-W2_bin.102.purify_k127_1336234_884-4950,2021-ZJZB-W2_bin.102.purify_k127_1336234_2(Fam_4411 [★Target]) --> 2021-ZJZB-W2_bin.102.purify_k127_1336234_3(Fam_418 [★Target])
"(591, 8835)",2,[8835],2019_zjzb-5_bin.14.purify_k141_663022,2019_zjzb-5_bin.14.purify_k141_663022_1001-4529,2019_zjzb-5_bin.14.purify_k141_663022_2(Fam_591 [★Target]) --> 2019_zjzb-5_bin.14.purify_k141_663022_3(Fam_8835 [★Target])
"(591, 8835)",2,[8835],2021-SLH-W4_bin.45.purify_k127_1891325,2021-SLH-W4_bin.45.purify_k127_1891325_1-3034,2021-SLH-W4_bin.45.purify_k127_1891325_1(Fam_8835 [★Target]) --> 2021-SLH-W4_bin.45.purify_k127_1891325_2(Fam_591 [★Target])
"(2075, 5558)",2,[5558],2020_CBL-w4_bin.63.purify_k141_193265,2020_CBL-w4_bin.63.purify_k141_193265_6864-8120,2020_CBL-w4_bin.63.purify_k141_193265_9(Fam_5558 [★Target]) --> 2020_CBL-w4_bin.63.purify_k141_193265_10(Fam_2075 [★Target])
"(2075, 5558)",2,[5558],2020_DQZB-w6_bin.220.purify_k141_4916977,2020_DQZB-w6_bin.220.purify_k141_4916977_4334-6808,2020_DQZB-w6_bin.220.purify_k141_4916977_4(Fam_2075 [★Target]) --> 2020_DQZB-w6_bin.220.purify_k141_4916977_5(Fam_5558 [★Target])
"(1976, 3855)",2,[3855],2020_CE-D-W-1_bin.57.purify_k141_196911,2020_CE-D-W-1_bin.57.purify_k141_196911_62936-66053,2020_CE-D-W-1_bin.57.purify_k141_196911_56(Fam_1976 [★Target]) --> 2020_CE-D-W-1_bin.57.purify_k141_196911_57(Fam_3855 [★Target])
"(1976, 3855)",2,[3855],2021-BQZBHK-W6_bin.24.purify_k127_257183,2021-BQZBHK-W6_bin.24.purify_k127_257183_450-3567,2021-BQZBHK-W6_bin.24.purify_k127_257183_1(Fam_1976 [★Target]) --> 2021-BQZBHK-W6_bin.24.purify_k127_257183_2(Fam_3855 [★Target])
"(4334, 14165)",2,[14165],2020_CE-20W-1-2.5m-1_bin.36.purify_k141_307046,2020_CE-20W-1-2.5m-1_bin.36.purify_k141_307046_1-1458,2020_CE-20W-1-2.5m-1_bin.36.purify_k141_307046_1(Fam_14165 [★Target]) --> 2020_CE-20W-1-2.5m-1_bin.36.purify_k141_307046_2(Fam_4334 [★Target])
"(4334, 14165)",2,[14165],2020_CE-20W-1-5m-1_bin.173.purify_k141_973229,2020_CE-20W-1-5m-1_bin.173.purify_k141_973229_1-1458,2020_CE-20W-1-5m-1_bin.173.purify_k141_973229_1(Fam_14165 [★Target]) --> 2020_CE-20W-1-5m-1_bin.173.purify_k141_973229_2(Fam_4334 [★Target])
"(2399, 2910)",2,[2399],2020_CBL-w5_bin.219.purify_k141_2955307,2020_CBL-w5_bin.219.purify_k141_2955307_1416-4600,2020_CBL-w5_bin.219.purify_k141_2955307_3(Fam_2399 [★Target]) --> 2020_CBL-w5_bin.219.purify_k141_2955307_4(Fam_2910 [★Target])
"(2399, 2910)",2,[2399],2020_LU-w1_bin.101.purify_k141_1680870,2020_LU-w1_bin.101.purify_k141_1680870_1416-4600,2020_LU-w1_bin.101.purify_k141_1680870_3(Fam_2399 [★Target]) --> 2020_LU-w1_bin.101.purify_k141_1680870_4(Fam_2910 [★Target])
"(4906, 5250)",2,"[4906, 5250]",2019_bqzb-4_bin.5.purify_k141_87520,2019_bqzb-4_bin.5.purify_k141_87520_17275-19412,2019_bqzb-4_bin.5.purify_k141_87520_16(Fam_5250 [★Target]) --> 2019_bqzb-4_bin.5.purify_k141_87520_17(Fam_4906 [★Target])
"(4906, 5250)",2,"[4906, 5250]",2020_SD-W-2_bin.29.purify_k141_1286233,2020_SD-W-2_bin.29.purify_k141_1286233_22115-24216,2020_SD-W-2_bin.29.purify_k141_1286233_20(Fam_5250 [★Target]) --> 2020_SD-W-2_bin.29.purify_k141_1286233_21(Fam_4906 [★Target])
"(983, 3599)",2,[3599],2020_BMC-W-1-1_bin.54.purify_k141_777029,2020_BMC-W-1-1_bin.54.purify_k141_777029_1-3810,2020_BMC-W-1-1_bin.54.purify_k141_777029_1(Fam_192) --> 2020_BMC-W-1-1_bin.54.purify_k141_777029_2(Fam_3599 [★Target]) --> 2020_BMC-W-1-1_bin.54.purify_k141_777029_3(Fam_983 [★Target])
"(983, 3599)",2,[3599],2020_CE-20W-2-1_bin.52.purify_k141_81385,2020_CE-20W-2-1_bin.52.purify_k141_81385_49547-51692,2020_CE-20W-2-1_bin.52.purify_k141_81385_43(Fam_983 [★Target]) --> 2020_CE-20W-2-1_bin.52.purify_k141_81385_44(Fam_3599 [★Target])
"(983, 3599)",2,[3599],2021-CE-W3_bin.57.purify_k127_309653,2021-CE-W3_bin.57.purify_k127_309653_3100-5290,2021-CE-W3_bin.57.purify_k127_309653_6(Fam_983 [★Target]) --> 2021-CE-W3_bin.57.purify_k127_309653_7(Fam_3599 [★Target])
"(3062, 8762)",2,"[3062, 8762]",2020_BBH2-W1_bin.67.purify_k141_694268,2020_BBH2-W1_bin.67.purify_k141_694268_4620-6677,2020_BBH2-W1_bin.67.purify_k141_694268_6(Fam_8762 [★Target]) --> 2020_BBH2-W1_bin.67.purify_k141_694268_7(Fam_3062 [★Target])
"(3062, 8762)",2,"[3062, 8762]",2021-LU-W10_bin.16.purify_k127_1947838,2021-LU-W10_bin.16.purify_k127_1947838_1113-3170,2021-LU-W10_bin.16.purify_k127_1947838_2(Fam_3062 [★Target]) --> 2021-LU-W10_bin.16.purify_k127_1947838_3(Fam_8762 [★Target])
"(1997, 7563)",2,[7563],2020_CE-20W-2-1_bin.187.purify_k141_1275748,2020_CE-20W-2-1_bin.187.purify_k141_1275748_8888-11831,2020_CE-20W-2-1_bin.187.purify_k141_1275748_12(Fam_7563 [★Target]) --> 2020_CE-20W-2-1_bin.187.purify_k141_1275748_13(Fam_1997 [★Target])
"(1997, 7563)",2,[7563],2020_CE-D-W-1_bin.42.purify_k141_666136,2020_CE-D-W-1_bin.42.purify_k141_666136_11392-14335,2020_CE-D-W-1_bin.42.purify_k141_666136_15(Fam_7563 [★Target]) --> 2020_CE-D-W-1_bin.42.purify_k141_666136_16(Fam_1997 [★Target])
"(2803, 5392)",2,[5392],2020_CE-20W-1-2.5m-1_bin.195.purify_k141_735661,2020_CE-20W-1-2.5m-1_bin.195.purify_k141_735661_8239-10683,2020_CE-20W-1-2.5m-1_bin.195.purify_k141_735661_9(Fam_5392 [★Target]) --> 2020_CE-20W-1-2.5m-1_bin.195.purify_k141_735661_10(Fam_2803 [★Target])
"(2803, 5392)",2,[5392],CE-B-W-2_bin.103.purify_k141_121965,CE-B-W-2_bin.103.purify_k141_121965_2615-5059,CE-B-W-2_bin.103.purify_k141_121965_6(Fam_2803 [★Target]) --> CE-B-W-2_bin.103.purify_k141_121965_7(Fam_5392 [★Target])
"(9572, 10497)",2,[10497],2020_BMC-W-1-1_bin.141.purify_k141_364787,2020_BMC-W-1-1_bin.141.purify_k141_364787_2766-3904,2020_BMC-W-1-1_bin.141.purify_k141_364787_4(Fam_10497 [★Target]) --> 2020_BMC-W-1-1_bin.141.purify_k141_364787_5(Fam_9572 [★Target])
"(9572, 10497)",2,[10497],2020_GMZ-9-w2_bin.124.purify_k141_34029,2020_GMZ-9-w2_bin.124.purify_k141_34029_1351-2486,2020_GMZ-9-w2_bin.124.purify_k141_34029_3(Fam_9572 [★Target]) --> 2020_GMZ-9-w2_bin.124.purify_k141_34029_4(Fam_10497 [★Target])
"(2062, 5309)",2,[2062],2020_BGBMC-20W-1-5m-1_bin.67.purify_k141_82712,2020_BGBMC-20W-1-5m-1_bin.67.purify_k141_82712_169-2761,2020_BGBMC-20W-1-5m-1_bin.67.purify_k141_82712_2(Fam_2062 [★Target]) --> 2020_BGBMC-20W-1-5m-1_bin.67.purify_k141_82712_3(Fam_5309 [★Target])
"(2062, 5309)",2,[2062],2021-BQZBHK-W6_bin.116.purify_k127_1646753,2021-BQZBHK-W6_bin.116.purify_k127_1646753_490-3087,2021-BQZBHK-W6_bin.116.purify_k127_1646753_2(Fam_2062 [★Target]) --> 2021-BQZBHK-W6_bin.116.purify_k127_1646753_3(Fam_5309 [★Target])
"(9570, 10665)",2,[9570],2019_TBMTW-17_bin.56.purify_k141_66287,2019_TBMTW-17_bin.56.purify_k141_66287_3-1336,2019_TBMTW-17_bin.56.purify_k141_66287_1(Fam_9570 [★Target]) --> 2019_TBMTW-17_bin.56.purify_k141_66287_2(Fam_10665 [★Target])
"(9570, 10665)",2,[9570],2020_BMC-W-1-0m-1_bin.50.purify_k141_223691,2020_BMC-W-1-0m-1_bin.50.purify_k141_223691_2-1201,2020_BMC-W-1-0m-1_bin.50.purify_k141_223691_1(Fam_9570 [★Target]) --> 2020_BMC-W-1-0m-1_bin.50.purify_k141_223691_2(Fam_10665 [★Target])
"(5804, 6898)",2,[6898],2020_CE-B-W-1_bin.62.purify_k141_86837,2020_CE-B-W-1_bin.62.purify_k141_86837_19960-22353,2020_CE-B-W-1_bin.62.purify_k141_86837_20(Fam_6898 [★Target]) --> 2020_CE-B-W-1_bin.62.purify_k141_86837_21(Fam_5804 [★Target])
"(5804, 6898)",2,[6898],2020_CE-D-W-2_bin.92.purify_k141_280681,2020_CE-D-W-2_bin.92.purify_k141_280681_19959-22352,2020_CE-D-W-2_bin.92.purify_k141_280681_20(Fam_6898 [★Target]) --> 2020_CE-D-W-2_bin.92.purify_k141_280681_21(Fam_5804 [★Target])
"(895, 1639)",2,[1639],2020_CE-B-W-1_bin.66.purify_k141_217645,2020_CE-B-W-1_bin.66.purify_k141_217645_10944-16404,2020_CE-B-W-1_bin.66.purify_k141_217645_14(Fam_1639 [★Target]) --> 2020_CE-B-W-1_bin.66.purify_k141_217645_17(Fam_895 [★Target])
"(895, 1639)",2,[1639],2020_NRPC-20W-3-1_bin.77.purify_k141_320771,2020_NRPC-20W-3-1_bin.77.purify_k141_320771_8510-13970,2020_NRPC-20W-3-1_bin.77.purify_k141_320771_8(Fam_1639 [★Target]) --> 2020_NRPC-20W-3-1_bin.77.purify_k141_320771_11(Fam_895 [★Target])
"(1969, 5896)",2,[5896],2020_BGBMC-20W-1-10m-1_bin.138.purify_k141_302416,2020_BGBMC-20W-1-10m-1_bin.138.purify_k141_302416_2458-5108,2020_BGBMC-20W-1-10m-1_bin.138.purify_k141_302416_4(Fam_1969 [★Target]) --> 2020_BGBMC-20W-1-10m-1_bin.138.purify_k141_302416_5(Fam_5896 [★Target])
"(1969, 5896)",2,[5896],2020_YBJSD-W-3_bin.277.purify_k141_1470236,2020_YBJSD-W-3_bin.277.purify_k141_1470236_4981-7636,2020_YBJSD-W-3_bin.277.purify_k141_1470236_7(Fam_5896 [★Target]) --> 2020_YBJSD-W-3_bin.277.purify_k141_1470236_8(Fam_1969 [★Target])
"(1349, 3938)",2,[1349],2020_CBL-w4_bin.182.purify_k141_716431,2020_CBL-w4_bin.182.purify_k141_716431_1-2483,2020_CBL-w4_bin.182.purify_k141_716431_1(Fam_3938 [★Target]) --> 2020_CBL-w4_bin.182.purify_k141_716431_2(Fam_1349 [★Target])
"(1349, 3938)",2,[1349],2021-YBJ-W3_bin.182.purify_k127_2868608,2021-YBJ-W3_bin.182.purify_k127_2868608_2-2548,2021-YBJ-W3_bin.182.purify_k127_2868608_1(Fam_3938 [★Target]) --> 2021-YBJ-W3_bin.182.purify_k127_2868608_2(Fam_1349 [★Target])
"(8990, 9660)",2,[8990],2020_BMC-W-1-8m-1_bin.182.purify_k141_54441,2020_BMC-W-1-8m-1_bin.182.purify_k141_54441_1-1238,2020_BMC-W-1-8m-1_bin.182.purify_k141_54441_1(Fam_9660 [★Target]) --> 2020_BMC-W-1-8m-1_bin.182.purify_k141_54441_2(Fam_8990 [★Target])
"(8990, 9660)",2,[8990],2020_QHH11-W1_bin.81.purify_k141_374040,2020_QHH11-W1_bin.81.purify_k141_374040_370-1676,2020_QHH11-W1_bin.81.purify_k141_374040_2(Fam_9660 [★Target]) --> 2020_QHH11-W1_bin.81.purify_k141_374040_3(Fam_8990 [★Target])
"(8235, 8543)",2,[8543],2019_bqzb-hu-1_bin.10.purify_k141_193257,2019_bqzb-hu-1_bin.10.purify_k141_193257_2945-4415,2019_bqzb-hu-1_bin.10.purify_k141_193257_4(Fam_8543 [★Target]) --> 2019_bqzb-hu-1_bin.10.purify_k141_193257_5(Fam_8235 [★Target])
"(8235, 8543)",2,[8543],2020_NRPC-20W-1-10m-1_bin.25.purify_k141_128855,2020_NRPC-20W-1-10m-1_bin.25.purify_k141_128855_1-1384,2020_NRPC-20W-1-10m-1_bin.25.purify_k141_128855_1(Fam_8235 [★Target]) --> 2020_NRPC-20W-1-10m-1_bin.25.purify_k141_128855_2(Fam_8543 [★Target])
"(7019, 7383)",2,[7019],2020_CC-20W-1-5m-1_bin.159.purify_k141_222434,2020_CC-20W-1-5m-1_bin.159.purify_k141_222434_1-1673,2020_CC-20W-1-5m-1_bin.159.purify_k141_222434_1(Fam_7019 [★Target]) --> 2020_CC-20W-1-5m-1_bin.159.purify_k141_222434_2(Fam_7383 [★Target])
"(7019, 7383)",2,[7019],2020_DQZB-w6_bin.205.purify_k141_3252200,2020_DQZB-w6_bin.205.purify_k141_3252200_3-1255,2020_DQZB-w6_bin.205.purify_k141_3252200_1(Fam_7019 [★Target]) --> 2020_DQZB-w6_bin.205.purify_k141_3252200_2(Fam_7383 [★Target])
"(8105, 10304)",2,[10304],2020_BMC-W-1-8m-1_bin.158.purify_k141_1166400,2020_BMC-W-1-8m-1_bin.158.purify_k141_1166400_1300-2631,2020_BMC-W-1-8m-1_bin.158.purify_k141_1166400_4(Fam_8105 [★Target]) --> 2020_BMC-W-1-8m-1_bin.158.purify_k141_1166400_5(Fam_10304 [★Target])
"(8105, 10304)",2,[10304],2021-CE-W4_bin.45.purify_k127_1014776,2021-CE-W4_bin.45.purify_k127_1014776_1-951,2021-CE-W4_bin.45.purify_k127_1014776_1(Fam_8105 [★Target]) --> 2021-CE-W4_bin.45.purify_k127_1014776_2(Fam_10304 [★Target])
"(626, 5538)",2,[5538],2019_TBYHW-1_bin.68.purify_k141_416625,2019_TBYHW-1_bin.68.purify_k141_416625_311-4355,2019_TBYHW-1_bin.68.purify_k141_416625_1(Fam_5538 [★Target]) --> 2019_TBYHW-1_bin.68.purify_k141_416625_2(Fam_626 [★Target])
"(626, 5538)",2,[5538],2020_NMC-W-5-1_bin.110.purify_k141_505716,2020_NMC-W-5-1_bin.110.purify_k141_505716_3-4249,2020_NMC-W-5-1_bin.110.purify_k141_505716_1(Fam_5538 [★Target]) --> 2020_NMC-W-5-1_bin.110.purify_k141_505716_2(Fam_626 [★Target])
"(1190, 5379)",2,"[1190, 5379]",2020_CE-20W-3-1_bin.56.purify_k141_7007,2020_CE-20W-3-1_bin.56.purify_k141_7007_7992-11140,2020_CE-20W-3-1_bin.56.purify_k141_7007_11(Fam_5379 [★Target]) --> 2020_CE-20W-3-1_bin.56.purify_k141_7007_12(Fam_1190 [★Target])
"(1190, 5379)",2,"[1190, 5379]",2020_CE-B-W-1_bin.20.purify_k141_157266,2020_CE-B-W-1_bin.20.purify_k141_157266_7729-10895,2020_CE-B-W-1_bin.20.purify_k141_157266_10(Fam_5379 [★Target]) --> 2020_CE-B-W-1_bin.20.purify_k141_157266_11(Fam_1190 [★Target])
"(5336, 11704)",2,[5336],2019_TBLSH-02_bin.1.purify_k141_51454,2019_TBLSH-02_bin.1.purify_k141_51454_128-1850,2019_TBLSH-02_bin.1.purify_k141_51454_2(Fam_11704 [★Target]) --> 2019_TBLSH-02_bin.1.purify_k141_51454_3(Fam_5336 [★Target])
"(5336, 11704)",2,[5336],2019_TBLSH-04_bin.73.purify_k141_721527,2019_TBLSH-04_bin.73.purify_k141_721527_1-1786,2019_TBLSH-04_bin.73.purify_k141_721527_1(Fam_5336 [★Target]) --> 2019_TBLSH-04_bin.73.purify_k141_721527_2(Fam_11704 [★Target])
"(10551, 10663)",2,[10551],2020_BGBMC-20W-1-17m-1_bin.62.purify_k141_205328,2020_BGBMC-20W-1-17m-1_bin.62.purify_k141_205328_6387-7496,2020_BGBMC-20W-1-17m-1_bin.62.purify_k141_205328_8(Fam_10551 [★Target]) --> 2020_BGBMC-20W-1-17m-1_bin.62.purify_k141_205328_9(Fam_10663 [★Target])
"(10551, 10663)",2,[10551],2020_BGBMC-20W-1-5m-1_bin.85.purify_k141_307252,2020_BGBMC-20W-1-5m-1_bin.85.purify_k141_307252_5538-6647,2020_BGBMC-20W-1-5m-1_bin.85.purify_k141_307252_8(Fam_10551 [★Target]) --> 2020_BGBMC-20W-1-5m-1_bin.85.purify_k141_307252_9(Fam_10663 [★Target])
"(4671, 11763)",2,[4671],2020_CE-20W-1-2.5m-1_bin.174.purify_k141_472501,2020_CE-20W-1-2.5m-1_bin.174.purify_k141_472501_2842-4437,2020_CE-20W-1-2.5m-1_bin.174.purify_k141_472501_6(Fam_4671 [★Target]) --> 2020_CE-20W-1-2.5m-1_bin.174.purify_k141_472501_7(Fam_11763 [★Target])
"(4671, 11763)",2,[4671],2021-CE-W1_bin.13.purify_k127_1378139,2021-CE-W1_bin.13.purify_k127_1378139_3297-4892,2021-CE-W1_bin.13.purify_k127_1378139_7(Fam_4671 [★Target]) --> 2021-CE-W1_bin.13.purify_k127_1378139_8(Fam_11763 [★Target])
"(9118, 13104)",2,[9118],2020_CE-D-W-1_bin.95.purify_k141_856700,2020_CE-D-W-1_bin.95.purify_k141_856700_2-978,2020_CE-D-W-1_bin.95.purify_k141_856700_1(Fam_9118 [★Target]) --> 2020_CE-D-W-1_bin.95.purify_k141_856700_2(Fam_13104 [★Target])
"(9118, 13104)",2,[9118],CE-B-W-2_bin.17.purify_k141_180863,CE-B-W-2_bin.17.purify_k141_180863_1-914,CE-B-W-2_bin.17.purify_k141_180863_1(Fam_9118 [★Target]) --> CE-B-W-2_bin.17.purify_k141_180863_2(Fam_13104 [★Target])
"(2787, 8840)",2,"[2787, 8840]",2020_CC-20W-1-15m-1_bin.12.purify_k141_256713,2020_CC-20W-1-15m-1_bin.12.purify_k141_256713_2070-4281,2020_CC-20W-1-15m-1_bin.12.purify_k141_256713_4(Fam_8840 [★Target]) --> 2020_CC-20W-1-15m-1_bin.12.purify_k141_256713_5(Fam_2787 [★Target])
"(2787, 8840)",2,"[2787, 8840]",2020_HMH-W1_bin.89.purify_k141_54910,2020_HMH-W1_bin.89.purify_k141_54910_1231-3442,2020_HMH-W1_bin.89.purify_k141_54910_3(Fam_2787 [★Target]) --> 2020_HMH-W1_bin.89.purify_k141_54910_4(Fam_8840 [★Target])
"(2990, 4516, 4516)",2,"[2990, 4516]",2020_CE-20W-1-2.5m-1_bin.146.purify_k141_1259874,2020_CE-20W-1-2.5m-1_bin.146.purify_k141_1259874_15826-19460,2020_CE-20W-1-2.5m-1_bin.146.purify_k141_1259874_15(Fam_2990 [★Target]) --> 2020_CE-20W-1-2.5m-1_bin.146.purify_k141_1259874_16(Fam_4516 [★Target]) --> 2020_CE-20W-1-2.5m-1_bin.146.purify_k141_1259874_17(Fam_4516 [★Target])
"(2990, 4516, 4516)",2,"[2990, 4516]",2020_CE-20W-3-1_bin.201.purify_k141_429647,2020_CE-20W-3-1_bin.201.purify_k141_429647_13087-16721,2020_CE-20W-3-1_bin.201.purify_k141_429647_12(Fam_2990 [★Target]) --> 2020_CE-20W-3-1_bin.201.purify_k141_429647_13(Fam_4516 [★Target]) --> 2020_CE-20W-3-1_bin.201.purify_k141_429647_14(Fam_4516 [★Target])
"(2790, 6503)",2,[2790],2019_TBCBL-02_bin.33.purify_k141_349928,2019_TBCBL-02_bin.33.purify_k141_349928_31715-34033,2019_TBCBL-02_bin.33.purify_k141_349928_41(Fam_2790 [★Target]) --> 2019_TBCBL-02_bin.33.purify_k141_349928_42(Fam_6503 [★Target])
"(2790, 6503)",2,[2790],2020_LU-w6_bin.178.purify_k141_871386,2020_LU-w6_bin.178.purify_k141_871386_101265-103590,2020_LU-w6_bin.178.purify_k141_871386_98(Fam_2790 [★Target]) --> 2020_LU-w6_bin.178.purify_k141_871386_100(Fam_6503 [★Target])
"(271, 2418)",2,[2418],2020_CC-20W-1-15m-1_bin.101.purify_k141_74185,2020_CC-20W-1-15m-1_bin.101.purify_k141_74185_3494-9395,2020_CC-20W-1-15m-1_bin.101.purify_k141_74185_3(Fam_2418 [★Target]) --> 2020_CC-20W-1-15m-1_bin.101.purify_k141_74185_5(Fam_271 [★Target])
"(271, 2418)",2,[2418],2020_QHH6-W1_bin.140.purify_k141_631975,2020_QHH6-W1_bin.140.purify_k141_631975_3494-9395,2020_QHH6-W1_bin.140.purify_k141_631975_4(Fam_2418 [★Target]) --> 2020_QHH6-W1_bin.140.purify_k141_631975_6(Fam_271 [★Target])
"(10235, 12064)",2,[12064],2020_CE-D-W-1_bin.70.purify_k141_346515,2020_CE-D-W-1_bin.70.purify_k141_346515_253-1246,2020_CE-D-W-1_bin.70.purify_k141_346515_1(Fam_10235 [★Target]) --> 2020_CE-D-W-1_bin.70.purify_k141_346515_2(Fam_12064 [★Target])
"(10235, 12064)",2,[12064],2021-QHH-W8_bin.61.purify_k141_874723,2021-QHH-W8_bin.61.purify_k141_874723_938-1931,2021-QHH-W8_bin.61.purify_k141_874723_3(Fam_10235 [★Target]) --> 2021-QHH-W8_bin.61.purify_k141_874723_4(Fam_12064 [★Target])
"(6927, 10862)",2,[6927],2020_CC-20W-1-5m-1_bin.135.purify_k141_411624,2020_CC-20W-1-5m-1_bin.135.purify_k141_411624_2747-4127,2020_CC-20W-1-5m-1_bin.135.purify_k141_411624_5(Fam_6927 [★Target]) --> 2020_CC-20W-1-5m-1_bin.135.purify_k141_411624_6(Fam_10862 [★Target])
"(6927, 10862)",2,[6927],2020_KMC-20W-1-0m-1_bin.42.purify_k141_631612,2020_KMC-20W-1-0m-1_bin.42.purify_k141_631612_684-2064,2020_KMC-20W-1-0m-1_bin.42.purify_k141_631612_2(Fam_10862 [★Target]) --> 2020_KMC-20W-1-0m-1_bin.42.purify_k141_631612_3(Fam_6927 [★Target])
"(2799, 6967)",2,[6967],2020_BMC-W-1-0m-1_bin.137.purify_k141_777545,2020_BMC-W-1-0m-1_bin.137.purify_k141_777545_9657-11640,2020_BMC-W-1-0m-1_bin.137.purify_k141_777545_13(Fam_6967 [★Target]) --> 2020_BMC-W-1-0m-1_bin.137.purify_k141_777545_14(Fam_2799 [★Target])
"(2799, 6967)",2,[6967],2020_BMC-W-1-8m-1_bin.26.purify_k141_86593,2020_BMC-W-1-8m-1_bin.26.purify_k141_86593_9440-11423,2020_BMC-W-1-8m-1_bin.26.purify_k141_86593_13(Fam_6967 [★Target]) --> 2020_BMC-W-1-8m-1_bin.26.purify_k141_86593_14(Fam_2799 [★Target])
"(13232, 13548)",2,[13548],2019_TBMTW-12_bin.40.purify_k141_195936,2019_TBMTW-12_bin.40.purify_k141_195936_7770-8299,2019_TBMTW-12_bin.40.purify_k141_195936_7(Fam_13232 [★Target]) --> 2019_TBMTW-12_bin.40.purify_k141_195936_8(Fam_13548 [★Target])
"(13232, 13548)",2,[13548],2019_TBMTW-9_bin.35.purify_k141_196537,2019_TBMTW-9_bin.35.purify_k141_196537_20727-21256,2019_TBMTW-9_bin.35.purify_k141_196537_18(Fam_13232 [★Target]) --> 2019_TBMTW-9_bin.35.purify_k141_196537_19(Fam_13548 [★Target])
"(11567, 12528)",2,[11567],2020_CE-20W-1-2.5m-1_bin.228.purify_k141_59872,2020_CE-20W-1-2.5m-1_bin.228.purify_k141_59872_1132-1939,2020_CE-20W-1-2.5m-1_bin.228.purify_k141_59872_4(Fam_12528 [★Target]) --> 2020_CE-20W-1-2.5m-1_bin.228.purify_k141_59872_5(Fam_11567 [★Target])
"(11567, 12528)",2,[11567],2021-SLCB-W3_bin.16.purify_k127_181329,2021-SLCB-W3_bin.16.purify_k127_181329_1218-2046,2021-SLCB-W3_bin.16.purify_k127_181329_4(Fam_12528 [★Target]) --> 2021-SLCB-W3_bin.16.purify_k127_181329_5(Fam_11567 [★Target])
"(9630, 10331)",2,[10331],2020_BGBMC-20W-1-0m-1_bin.2.purify_k141_424622,2020_BGBMC-20W-1-0m-1_bin.2.purify_k141_424622_629-2336,2020_BGBMC-20W-1-0m-1_bin.2.purify_k141_424622_1(Fam_10331 [★Target]) --> 2020_BGBMC-20W-1-0m-1_bin.2.purify_k141_424622_3(Fam_9630 [★Target])
"(9630, 10331)",2,[10331],2021-CE-W2_bin.141.purify_k127_813413,2021-CE-W2_bin.141.purify_k127_813413_529-2236,2021-CE-W2_bin.141.purify_k127_813413_1(Fam_10331 [★Target]) --> 2021-CE-W2_bin.141.purify_k127_813413_3(Fam_9630 [★Target])
"(689, 2565)",2,[2565],2020_CC-20W-1-20m-1_bin.113.purify_k141_4399001,2020_CC-20W-1-20m-1_bin.113.purify_k141_4399001_814-4972,2020_CC-20W-1-20m-1_bin.113.purify_k141_4399001_2(Fam_689 [★Target]) --> 2020_CC-20W-1-20m-1_bin.113.purify_k141_4399001_3(Fam_2565 [★Target])
"(689, 2565)",2,[2565],2021-CE-W4_bin.2.purify_k127_718655,2021-CE-W4_bin.2.purify_k127_718655_3-2544,2021-CE-W4_bin.2.purify_k127_718655_1(Fam_689 [★Target]) --> 2021-CE-W4_bin.2.purify_k127_718655_2(Fam_2565 [★Target])
"(2783, 4848)",2,[2783],2020_CE-D-W-1_bin.136.purify_k141_1036721,2020_CE-D-W-1_bin.136.purify_k141_1036721_36321-38839,2020_CE-D-W-1_bin.136.purify_k141_1036721_29(Fam_4848 [★Target]) --> 2020_CE-D-W-1_bin.136.purify_k141_1036721_30(Fam_2783 [★Target])
"(2783, 4848)",2,[2783],2020_CE-N-W-1_bin.98.purify_k141_92469,2020_CE-N-W-1_bin.98.purify_k141_92469_36283-38801,2020_CE-N-W-1_bin.98.purify_k141_92469_29(Fam_4848 [★Target]) --> 2020_CE-N-W-1_bin.98.purify_k141_92469_30(Fam_2783 [★Target])
"(1234, 5914)",2,[5914],2020_CE-D-W-1_bin.133.purify_k141_754916,2020_CE-D-W-1_bin.133.purify_k141_754916_1110-4154,2020_CE-D-W-1_bin.133.purify_k141_754916_2(Fam_1234 [★Target]) --> 2020_CE-D-W-1_bin.133.purify_k141_754916_3(Fam_5914 [★Target])
"(1234, 5914)",2,[5914],2020_CE-X-W-1_bin.73.purify_k141_508385,2020_CE-X-W-1_bin.73.purify_k141_508385_122-3145,2020_CE-X-W-1_bin.73.purify_k141_508385_1(Fam_5914 [★Target]) --> 2020_CE-X-W-1_bin.73.purify_k141_508385_2(Fam_1234 [★Target])
"(2970, 10827)",2,[10827],2020_CE-D-W-1_bin.129.purify_k141_863816,2020_CE-D-W-1_bin.129.purify_k141_863816_1129-3599,2020_CE-D-W-1_bin.129.purify_k141_863816_3(Fam_10827 [★Target]) --> 2020_CE-D-W-1_bin.129.purify_k141_863816_6(Fam_2970 [★Target])
"(2970, 10827)",2,[10827],2020_CE-N-W-1_bin.112.purify_k141_545013,2020_CE-N-W-1_bin.112.purify_k141_545013_498-2968,2020_CE-N-W-1_bin.112.purify_k141_545013_3(Fam_10827 [★Target]) --> 2020_CE-N-W-1_bin.112.purify_k141_545013_6(Fam_2970 [★Target])
"(12209, 13613)",2,[13613],2020_CE-20W-3-1_bin.184.purify_k141_625798,2020_CE-20W-3-1_bin.184.purify_k141_625798_387-976,2020_CE-20W-3-1_bin.184.purify_k141_625798_2(Fam_12209 [★Target]) --> 2020_CE-20W-3-1_bin.184.purify_k141_625798_3(Fam_13613 [★Target])
"(12209, 13613)",2,[13613],2020_QHH4-W1_bin.85.purify_k141_273814,2020_QHH4-W1_bin.85.purify_k141_273814_190367-190953,2020_QHH4-W1_bin.85.purify_k141_273814_179(Fam_13613 [★Target]) --> 2020_QHH4-W1_bin.85.purify_k141_273814_180(Fam_12209 [★Target])
"(12209, 13613)",2,[13613],2021-LU-W10_bin.9.purify_k127_1649640,2021-LU-W10_bin.9.purify_k127_1649640_2-3713,2021-LU-W10_bin.9.purify_k127_1649640_1(Fam_476) --> 2021-LU-W10_bin.9.purify_k127_1649640_2(Fam_13613 [★Target]) --> 2021-LU-W10_bin.9.purify_k127_1649640_3(Fam_12209 [★Target])
"(1251, 11480)",2,[11480],2020_CE-D-W-1_bin.112.purify_k141_188682,2020_CE-D-W-1_bin.112.purify_k141_188682_2607-5184,2020_CE-D-W-1_bin.112.purify_k141_188682_2(Fam_1251 [★Target]) --> 2020_CE-D-W-1_bin.112.purify_k141_188682_3(Fam_11480 [★Target])
"(1251, 11480)",2,[11480],2020_CE-D-W-2_bin.131.purify_k141_460315,2020_CE-D-W-2_bin.131.purify_k141_460315_875-3452,2020_CE-D-W-2_bin.131.purify_k141_460315_2(Fam_1251 [★Target]) --> 2020_CE-D-W-2_bin.131.purify_k141_460315_3(Fam_11480 [★Target])
"(1060, 4183)",2,[4183],2019_TBMTW-1_bin.48.purify_k141_245548,2019_TBMTW-1_bin.48.purify_k141_245548_122-3589,2019_TBMTW-1_bin.48.purify_k141_245548_2(Fam_4183 [★Target]) --> 2019_TBMTW-1_bin.48.purify_k141_245548_3(Fam_1060 [★Target])
"(1060, 4183)",2,[4183],2020_CRC-20W-1-10m-1_bin.250.purify_k141_1100937,2020_CRC-20W-1-10m-1_bin.250.purify_k141_1100937_116-2412,2020_CRC-20W-1-10m-1_bin.250.purify_k141_1100937_2(Fam_4183 [★Target]) --> 2020_CRC-20W-1-10m-1_bin.250.purify_k141_1100937_3(Fam_1060 [★Target])
"(1294, 1441)",2,[1294],2020_CE-B-W-1_bin.67.purify_k141_36894,2020_CE-B-W-1_bin.67.purify_k141_36894_249-4249,2020_CE-B-W-1_bin.67.purify_k141_36894_2(Fam_1294 [★Target]) --> 2020_CE-B-W-1_bin.67.purify_k141_36894_3(Fam_1441 [★Target])
"(1294, 1441)",2,[1294],CE-B-W-2_bin.117.purify_k141_603707,CE-B-W-2_bin.117.purify_k141_603707_721-4721,CE-B-W-2_bin.117.purify_k141_603707_2(Fam_1294 [★Target]) --> CE-B-W-2_bin.117.purify_k141_603707_3(Fam_1441 [★Target])
"(5973, 7988)",2,[7988],2020_BMC-W-1-8m-1_bin.10.purify_k141_788292,2020_BMC-W-1-8m-1_bin.10.purify_k141_788292_12501-14214,2020_BMC-W-1-8m-1_bin.10.purify_k141_788292_12(Fam_5973 [★Target]) --> 2020_BMC-W-1-8m-1_bin.10.purify_k141_788292_13(Fam_7988 [★Target])
"(5973, 7988)",2,[7988],2021-LU-W10_bin.74.purify_k127_2818032,2021-LU-W10_bin.74.purify_k127_2818032_7609-9328,2021-LU-W10_bin.74.purify_k127_2818032_10(Fam_5973 [★Target]) --> 2021-LU-W10_bin.74.purify_k127_2818032_11(Fam_7988 [★Target])
"(3757, 10765)",2,[10765],2020_BGBMC-20W-1-0m-1_bin.33.purify_k141_9907,2020_BGBMC-20W-1-0m-1_bin.33.purify_k141_9907_2398-4188,2020_BGBMC-20W-1-0m-1_bin.33.purify_k141_9907_5(Fam_10765 [★Target]) --> 2020_BGBMC-20W-1-0m-1_bin.33.purify_k141_9907_6(Fam_3757 [★Target])
"(3757, 10765)",2,[10765],2020_SD-W-2_bin.14.purify_k141_1287051,2020_SD-W-2_bin.14.purify_k141_1287051_3-1755,2020_SD-W-2_bin.14.purify_k141_1287051_1(Fam_10765 [★Target]) --> 2020_SD-W-2_bin.14.purify_k141_1287051_2(Fam_3757 [★Target])
"(335, 3732)",2,[335],2020_CBL-w4_bin.27.purify_k141_1929277,2020_CBL-w4_bin.27.purify_k141_1929277_4955-9426,2020_CBL-w4_bin.27.purify_k141_1929277_4(Fam_335 [★Target]) --> 2020_CBL-w4_bin.27.purify_k141_1929277_5(Fam_3732 [★Target])
"(335, 3732)",2,[335],2021-DTH-W4_bin.146.purify_k127_3931188,2021-DTH-W4_bin.146.purify_k127_3931188_11232-15790,2021-DTH-W4_bin.146.purify_k127_3931188_12(Fam_335 [★Target]) --> 2021-DTH-W4_bin.146.purify_k127_3931188_13(Fam_3732 [★Target])
"(4228, 9521)",2,[4228],2020_BGBMC-20W-3-1_bin.111.purify_k141_318414,2020_BGBMC-20W-3-1_bin.111.purify_k141_318414_21706-23522,2020_BGBMC-20W-3-1_bin.111.purify_k141_318414_21(Fam_9521 [★Target]) --> 2020_BGBMC-20W-3-1_bin.111.purify_k141_318414_22(Fam_4228 [★Target])
"(4228, 9521)",2,[4228],2021-CNXB-W2_bin.39.purify_k127_1715601,2021-CNXB-W2_bin.39.purify_k127_1715601_1544-3184,2021-CNXB-W2_bin.39.purify_k127_1715601_4(Fam_9521 [★Target]) --> 2021-CNXB-W2_bin.39.purify_k127_1715601_5(Fam_4228 [★Target])
"(13101, 13877)",2,[13877],2020_CC-20W-1-0m-1_bin.110.purify_k141_554901,2020_CC-20W-1-0m-1_bin.110.purify_k141_554901_2-481,2020_CC-20W-1-0m-1_bin.110.purify_k141_554901_1(Fam_13101 [★Target]) --> 2020_CC-20W-1-0m-1_bin.110.purify_k141_554901_2(Fam_13877 [★Target])
"(13101, 13877)",2,[13877],2020_CC-20W-1-5m-1_bin.37.purify_k141_962714,2020_CC-20W-1-5m-1_bin.37.purify_k141_962714_378-956,2020_CC-20W-1-5m-1_bin.37.purify_k141_962714_3(Fam_13877 [★Target]) --> 2020_CC-20W-1-5m-1_bin.37.purify_k141_962714_4(Fam_13101 [★Target])
"(7105, 12970)",2,[12970],2020_CBL-w4_bin.106.purify_k141_1670804,2020_CBL-w4_bin.106.purify_k141_1670804_2633-3838,2020_CBL-w4_bin.106.purify_k141_1670804_3(Fam_12970 [★Target]) --> 2020_CBL-w4_bin.106.purify_k141_1670804_4(Fam_7105 [★Target])
"(7105, 12970)",2,[12970],2020_CBL-w4_bin.3.purify_k141_464783,2020_CBL-w4_bin.3.purify_k141_464783_19525-20754,2020_CBL-w4_bin.3.purify_k141_464783_17(Fam_7105 [★Target]) --> 2020_CBL-w4_bin.3.purify_k141_464783_18(Fam_12970 [★Target])
"(4005, 8729)",2,"[4005, 8729]",2020_CBL-w2_bin.142.purify_k141_925962,2020_CBL-w2_bin.142.purify_k141_925962_5523-6717,2020_CBL-w2_bin.142.purify_k141_925962_7(Fam_8729 [★Target]) --> 2020_CBL-w2_bin.142.purify_k141_925962_8(Fam_4005 [★Target])
"(4005, 8729)",2,"[4005, 8729]",2020_CBL-w4_bin.120.purify_k141_883138,2020_CBL-w4_bin.120.purify_k141_883138_17244-19131,2020_CBL-w4_bin.120.purify_k141_883138_20(Fam_8729 [★Target]) --> 2020_CBL-w4_bin.120.purify_k141_883138_21(Fam_4005 [★Target])
"(11450, 13511)",2,[11450],2019_TBLSH-01_bin.30.purify_k141_52826,2019_TBLSH-01_bin.30.purify_k141_52826_1637-2692,2019_TBLSH-01_bin.30.purify_k141_52826_3(Fam_11450 [★Target]) --> 2019_TBLSH-01_bin.30.purify_k141_52826_4(Fam_13511 [★Target])
"(11450, 13511)",2,[11450],2021-DTH-W4_bin.103.purify_k127_3480593,2021-DTH-W4_bin.103.purify_k127_3480593_1703-2758,2021-DTH-W4_bin.103.purify_k127_3480593_3(Fam_13511 [★Target]) --> 2021-DTH-W4_bin.103.purify_k127_3480593_4(Fam_11450 [★Target])
"(5605, 11654)",2,[5605],2020_CE-D-W-1_bin.103.purify_k141_957172,2020_CE-D-W-1_bin.103.purify_k141_957172_1-1597,2020_CE-D-W-1_bin.103.purify_k141_957172_1(Fam_11654 [★Target]) --> 2020_CE-D-W-1_bin.103.purify_k141_957172_2(Fam_5605 [★Target])
"(5605, 11654)",2,[5605],2021-CE-W2_bin.79.purify_k127_1345482,2021-CE-W2_bin.79.purify_k127_1345482_1-1390,2021-CE-W2_bin.79.purify_k127_1345482_1(Fam_11654 [★Target]) --> 2021-CE-W2_bin.79.purify_k127_1345482_2(Fam_5605 [★Target])
"(134, 4986)",2,[4986],2020_CC-20W-1-20m-1_bin.118.purify_k141_760137,2020_CC-20W-1-20m-1_bin.118.purify_k141_760137_12125-13515,2020_CC-20W-1-20m-1_bin.118.purify_k141_760137_13(Fam_4986 [★Target]) --> 2020_CC-20W-1-20m-1_bin.118.purify_k141_760137_14(Fam_134 [★Target])
"(134, 4986)",2,[4986],2020_KMC-20W-1-23m-1_bin.142.purify_k141_4310413,2020_KMC-20W-1-23m-1_bin.142.purify_k141_4310413_16556-17946,2020_KMC-20W-1-23m-1_bin.142.purify_k141_4310413_17(Fam_4986 [★Target]) --> 2020_KMC-20W-1-23m-1_bin.142.purify_k141_4310413_18(Fam_134 [★Target])
"(8196, 9507)",2,[9507],2020_BGBMC-20W-1-17m-1_bin.51.purify_k141_604694,2020_BGBMC-20W-1-17m-1_bin.51.purify_k141_604694_981-2294,2020_BGBMC-20W-1-17m-1_bin.51.purify_k141_604694_4(Fam_8196 [★Target]) --> 2020_BGBMC-20W-1-17m-1_bin.51.purify_k141_604694_5(Fam_9507 [★Target])
"(8196, 9507)",2,[9507],2020_BGBMC-20W-1-5m-1_bin.4.purify_k141_10401,2020_BGBMC-20W-1-5m-1_bin.4.purify_k141_10401_16486-17799,2020_BGBMC-20W-1-5m-1_bin.4.purify_k141_10401_21(Fam_8196 [★Target]) --> 2020_BGBMC-20W-1-5m-1_bin.4.purify_k141_10401_22(Fam_9507 [★Target])
"(1066, 1702, 5281)",2,[1702],2020_CE-20W-1-2.5m-1_bin.204.purify_k141_1044262,2020_CE-20W-1-2.5m-1_bin.204.purify_k141_1044262_30424-35520,2020_CE-20W-1-2.5m-1_bin.204.purify_k141_1044262_33(Fam_1702 [★Target]) --> 2020_CE-20W-1-2.5m-1_bin.204.purify_k141_1044262_34(Fam_5281 [★Target]) --> 2020_CE-20W-1-2.5m-1_bin.204.purify_k141_1044262_35(Fam_1066 [★Target])
"(1066, 1702, 5281)",2,[1702],2021-YBJ-W3_bin.135.purify_k127_191634,2021-YBJ-W3_bin.135.purify_k127_191634_1-4662,2021-YBJ-W3_bin.135.purify_k127_191634_1(Fam_1702 [★Target]) --> 2021-YBJ-W3_bin.135.purify_k127_191634_2(Fam_5281 [★Target]) --> 2021-YBJ-W3_bin.135.purify_k127_191634_3(Fam_1066 [★Target])
"(5709, 8200)",2,[5709],2020_CE-20W-1-2.5m-1_bin.26.purify_k141_294122,2020_CE-20W-1-2.5m-1_bin.26.purify_k141_294122_12003-13754,2020_CE-20W-1-2.5m-1_bin.26.purify_k141_294122_17(Fam_5709 [★Target]) --> 2020_CE-20W-1-2.5m-1_bin.26.purify_k141_294122_18(Fam_8200 [★Target])
"(5709, 8200)",2,[5709],2020_CE-20W-3-1_bin.192.purify_k141_456609,2020_CE-20W-3-1_bin.192.purify_k141_456609_12004-13755,2020_CE-20W-3-1_bin.192.purify_k141_456609_16(Fam_5709 [★Target]) --> 2020_CE-20W-3-1_bin.192.purify_k141_456609_17(Fam_8200 [★Target])
"(11339, 12909)",2,[11339],2020_CC-20W-1-20m-1_bin.85.purify_k141_4982465,2020_CC-20W-1-20m-1_bin.85.purify_k141_4982465_448-1208,2020_CC-20W-1-20m-1_bin.85.purify_k141_4982465_2(Fam_11339 [★Target]) --> 2020_CC-20W-1-20m-1_bin.85.purify_k141_4982465_3(Fam_12909 [★Target])
"(11339, 12909)",2,[11339],H4-1_bin.42.purify_k141_44090_length_21780_cov_19.4948,H4-1_bin.42.purify_k141_44090_length_21780_cov_19.4948_6256-7038,H4-1_bin.42.purify_k141_44090_length_21780_cov_19.4948_5(Fam_12909 [★Target]) --> H4-1_bin.42.purify_k141_44090_length_21780_cov_19.4948_6(Fam_11339 [★Target])
"(4082, 8870)",2,[4082],2019_TBMTW-9_bin.62.purify_k141_326829,2019_TBMTW-9_bin.62.purify_k141_326829_241-2117,2019_TBMTW-9_bin.62.purify_k141_326829_2(Fam_8870 [★Target]) --> 2019_TBMTW-9_bin.62.purify_k141_326829_3(Fam_4082 [★Target])
"(4082, 8870)",2,[4082],2021-ZJZB-W4_bin.108.purify_k127_2037342,2021-ZJZB-W4_bin.108.purify_k127_2037342_29019-30892,2021-ZJZB-W4_bin.108.purify_k127_2037342_23(Fam_4082 [★Target]) --> 2021-ZJZB-W4_bin.108.purify_k127_2037342_24(Fam_8870 [★Target])
"(1766, 5480)",2,[5480],2020_CE-B-W-1_bin.75.purify_k141_1130384,2020_CE-B-W-1_bin.75.purify_k141_1130384_692-4058,2020_CE-B-W-1_bin.75.purify_k141_1130384_3(Fam_5480 [★Target]) --> 2020_CE-B-W-1_bin.75.purify_k141_1130384_4(Fam_1766 [★Target])
"(1766, 5480)",2,[5480],2021-CE-W2_bin.35.purify_k127_206184,2021-CE-W2_bin.35.purify_k127_206184_640-4003,2021-CE-W2_bin.35.purify_k127_206184_3(Fam_5480 [★Target]) --> 2021-CE-W2_bin.35.purify_k127_206184_4(Fam_1766 [★Target])
"(12582, 13589)",2,[12582],2019_TBMTW-1_bin.1.purify_k141_755698,2019_TBMTW-1_bin.1.purify_k141_755698_5264-5766,2019_TBMTW-1_bin.1.purify_k141_755698_8(Fam_12582 [★Target]) --> 2019_TBMTW-1_bin.1.purify_k141_755698_9(Fam_13589 [★Target])
"(12582, 13589)",2,[12582],2020_CN-N-W-1_bin.150.purify_k141_1025106,2020_CN-N-W-1_bin.150.purify_k141_1025106_11515-12140,2020_CN-N-W-1_bin.150.purify_k141_1025106_7(Fam_12582 [★Target]) --> 2020_CN-N-W-1_bin.150.purify_k141_1025106_8(Fam_13589 [★Target])
"(7126, 10036)",2,[7126],2020_BGBMC-20W-1-5m-1_bin.19.purify_k141_67107,2020_BGBMC-20W-1-5m-1_bin.19.purify_k141_67107_7621-8913,2020_BGBMC-20W-1-5m-1_bin.19.purify_k141_67107_5(Fam_10036 [★Target]) --> 2020_BGBMC-20W-1-5m-1_bin.19.purify_k141_67107_6(Fam_7126 [★Target])
"(7126, 10036)",2,[7126],2020_PC-20W-1-10m-1_bin.68.purify_k141_210542,2020_PC-20W-1-10m-1_bin.68.purify_k141_210542_23826-24848,2020_PC-20W-1-10m-1_bin.68.purify_k141_210542_16(Fam_10036 [★Target]) --> 2020_PC-20W-1-10m-1_bin.68.purify_k141_210542_17(Fam_7126 [★Target])
"(534, 12188)",2,[534],2020_BHH-W1_bin.69.purify_k141_2038625,2020_BHH-W1_bin.69.purify_k141_2038625_350-3761,2020_BHH-W1_bin.69.purify_k141_2038625_3(Fam_12188 [★Target]) --> 2020_BHH-W1_bin.69.purify_k141_2038625_4(Fam_534 [★Target])
"(534, 12188)",2,[534],H2-1_bin.63.purify_k141_19752_length_4686_cov_13.0000,H2-1_bin.63.purify_k141_19752_length_4686_cov_13.0000_463-3874,H2-1_bin.63.purify_k141_19752_length_4686_cov_13.0000_3(Fam_12188 [★Target]) --> H2-1_bin.63.purify_k141_19752_length_4686_cov_13.0000_4(Fam_534 [★Target])
"(2356, 5068)",2,[2356],2020_CE-20W-1-2.5m-1_bin.22.purify_k141_1326593,2020_CE-20W-1-2.5m-1_bin.22.purify_k141_1326593_3537-6167,2020_CE-20W-1-2.5m-1_bin.22.purify_k141_1326593_5(Fam_2356 [★Target]) --> 2020_CE-20W-1-2.5m-1_bin.22.purify_k141_1326593_6(Fam_5068 [★Target])
"(2356, 5068)",2,[2356],2020_CE-20W-2-1_bin.55.purify_k141_56158,2020_CE-20W-2-1_bin.55.purify_k141_56158_10724-13240,2020_CE-20W-2-1_bin.55.purify_k141_56158_10(Fam_2356 [★Target]) --> 2020_CE-20W-2-1_bin.55.purify_k141_56158_11(Fam_5068 [★Target])
"(569, 2946)",2,[569],2020_BGBMC-20W-1-17m-1_bin.29.purify_k141_53728,2020_BGBMC-20W-1-17m-1_bin.29.purify_k141_53728_92677-97304,2020_BGBMC-20W-1-17m-1_bin.29.purify_k141_53728_63(Fam_2946 [★Target]) --> 2020_BGBMC-20W-1-17m-1_bin.29.purify_k141_53728_64(Fam_569 [★Target])
"(569, 2946)",2,[569],2021-CE-W4_bin.40.purify_k127_456637,2021-CE-W4_bin.40.purify_k127_456637_7141-11768,2021-CE-W4_bin.40.purify_k127_456637_5(Fam_2946 [★Target]) --> 2021-CE-W4_bin.40.purify_k127_456637_6(Fam_569 [★Target])
"(639, 11905)",2,[639],2020_BGBMC-20W-1-5m-1_bin.15.purify_k141_145638,2020_BGBMC-20W-1-5m-1_bin.15.purify_k141_145638_2-2794,2020_BGBMC-20W-1-5m-1_bin.15.purify_k141_145638_1(Fam_639 [★Target]) --> 2020_BGBMC-20W-1-5m-1_bin.15.purify_k141_145638_2(Fam_11905 [★Target])
"(639, 11905)",2,[639],2020_BMC-W-1-1_bin.19.purify_k141_361219,2020_BMC-W-1-1_bin.19.purify_k141_361219_3-3353,2020_BMC-W-1-1_bin.19.purify_k141_361219_1(Fam_639 [★Target]) --> 2020_BMC-W-1-1_bin.19.purify_k141_361219_2(Fam_11905 [★Target])
"(1584, 3923)",2,[3923],2019_zjzb-7_bin.46.purify_k141_297101,2019_zjzb-7_bin.46.purify_k141_297101_15026-18120,2019_zjzb-7_bin.46.purify_k141_297101_12(Fam_3923 [★Target]) --> 2019_zjzb-7_bin.46.purify_k141_297101_13(Fam_1584 [★Target])
"(1584, 3923)",2,[3923],2020_BGBMC-20W-1-10m-1_bin.115.purify_k141_550449,2020_BGBMC-20W-1-10m-1_bin.115.purify_k141_550449_15859-18953,2020_BGBMC-20W-1-10m-1_bin.115.purify_k141_550449_14(Fam_3923 [★Target]) --> 2020_BGBMC-20W-1-10m-1_bin.115.purify_k141_550449_15(Fam_1584 [★Target])
"(7500, 9828)",2,[7500],2020_CE-20W-3-1_bin.13.purify_k141_252617,2020_CE-20W-3-1_bin.13.purify_k141_252617_2368-3900,2020_CE-20W-3-1_bin.13.purify_k141_252617_5(Fam_7500 [★Target]) --> 2020_CE-20W-3-1_bin.13.purify_k141_252617_6(Fam_9828 [★Target])
"(7500, 9828)",2,[7500],2021-NRPC-LBM2_bin.10.purify_k141_136470,2021-NRPC-LBM2_bin.10.purify_k141_136470_759-2288,2021-NRPC-LBM2_bin.10.purify_k141_136470_2(Fam_7500 [★Target]) --> 2021-NRPC-LBM2_bin.10.purify_k141_136470_3(Fam_9828 [★Target])
"(2584, 9644)",2,[9644],2019_TBLSH-01_bin.29.purify_k141_179446,2019_TBLSH-01_bin.29.purify_k141_179446_214-2319,2019_TBLSH-01_bin.29.purify_k141_179446_2(Fam_9644 [★Target]) --> 2019_TBLSH-01_bin.29.purify_k141_179446_3(Fam_2584 [★Target])
"(2584, 9644)",2,[9644],2021-LU-W2_bin.13.purify_k127_1252261,2021-LU-W2_bin.13.purify_k127_1252261_1-1974,2021-LU-W2_bin.13.purify_k127_1252261_1(Fam_2584 [★Target]) --> 2021-LU-W2_bin.13.purify_k127_1252261_2(Fam_9644 [★Target])
"(4739, 6145)",2,[6145],2019_bqzb-2_bin.28.purify_k141_252643,2019_bqzb-2_bin.28.purify_k141_252643_1559-3617,2019_bqzb-2_bin.28.purify_k141_252643_3(Fam_4739 [★Target]) --> 2019_bqzb-2_bin.28.purify_k141_252643_4(Fam_6145 [★Target])
"(4739, 6145)",2,[6145],2021-QJH-W1_bin.28.purify_k127_2424572,2021-QJH-W1_bin.28.purify_k127_2424572_732-2790,2021-QJH-W1_bin.28.purify_k127_2424572_2(Fam_6145 [★Target]) --> 2021-QJH-W1_bin.28.purify_k127_2424572_3(Fam_4739 [★Target])
"(1796, 3008)",2,[1796],2020_CBL-w5_bin.53.purify_k141_430706,2020_CBL-w5_bin.53.purify_k141_430706_3-3085,2020_CBL-w5_bin.53.purify_k141_430706_1(Fam_1796 [★Target]) --> 2020_CBL-w5_bin.53.purify_k141_430706_2(Fam_3008 [★Target])
"(1796, 3008)",2,[1796],2020_DQZB-w6_bin.38.purify_k141_2066634,2020_DQZB-w6_bin.38.purify_k141_2066634_20793-23879,2020_DQZB-w6_bin.38.purify_k141_2066634_16(Fam_3008 [★Target]) --> 2020_DQZB-w6_bin.38.purify_k141_2066634_17(Fam_1796 [★Target])
"(5777, 10212)",2,[5777],2020_CE-20W-3-1_bin.189.purify_k141_54458,2020_CE-20W-3-1_bin.189.purify_k141_54458_9502-11011,2020_CE-20W-3-1_bin.189.purify_k141_54458_7(Fam_10212 [★Target]) --> 2020_CE-20W-3-1_bin.189.purify_k141_54458_8(Fam_5777 [★Target])
"(5777, 10212)",2,[5777],2021-BQZBHK-W2_bin.92.purify_k127_1325126,2021-BQZBHK-W2_bin.92.purify_k127_1325126_18314-19874,2021-BQZBHK-W2_bin.92.purify_k127_1325126_10(Fam_5777 [★Target]) --> 2021-BQZBHK-W2_bin.92.purify_k127_1325126_11(Fam_10212 [★Target])
"(5472, 12348)",2,[12348],2019_bqzb-4_bin.64.purify_k141_357513,2019_bqzb-4_bin.64.purify_k141_357513_5608-7010,2019_bqzb-4_bin.64.purify_k141_357513_12(Fam_5472 [★Target]) --> 2019_bqzb-4_bin.64.purify_k141_357513_13(Fam_12348 [★Target])
"(5472, 12348)",2,[12348],2020_ZJZBSD-04-2_bin.64.purify_k141_833368,2020_ZJZBSD-04-2_bin.64.purify_k141_833368_20383-21770,2020_ZJZBSD-04-2_bin.64.purify_k141_833368_20(Fam_5472 [★Target]) --> 2020_ZJZBSD-04-2_bin.64.purify_k141_833368_21(Fam_12348 [★Target])
"(3343, 5357)",2,"[3343, 5357]",2019_TBLSH-03_bin.47.purify_k141_891568,2019_TBLSH-03_bin.47.purify_k141_891568_103-3250,2019_TBLSH-03_bin.47.purify_k141_891568_2(Fam_5357 [★Target]) --> 2019_TBLSH-03_bin.47.purify_k141_891568_4(Fam_3343 [★Target])
"(3343, 5357)",2,"[3343, 5357]",2020_JNYC-20W-1-40m-1_bin.56.purify_k141_1171090,2020_JNYC-20W-1-40m-1_bin.56.purify_k141_1171090_2-3119,2020_JNYC-20W-1-40m-1_bin.56.purify_k141_1171090_1(Fam_3343 [★Target]) --> 2020_JNYC-20W-1-40m-1_bin.56.purify_k141_1171090_3(Fam_5357 [★Target])
"(4871, 9068)",2,[4871],2019_TBLU-09_bin.38.purify_k141_590159,2019_TBLU-09_bin.38.purify_k141_590159_3668-5394,2019_TBLU-09_bin.38.purify_k141_590159_4(Fam_4871 [★Target]) --> 2019_TBLU-09_bin.38.purify_k141_590159_5(Fam_9068 [★Target])
"(4871, 9068)",2,[4871],2020_TLSD-W1_bin.69.purify_k141_1007275,2020_TLSD-W1_bin.69.purify_k141_1007275_3072-4840,2020_TLSD-W1_bin.69.purify_k141_1007275_6(Fam_9068 [★Target]) --> 2020_TLSD-W1_bin.69.purify_k141_1007275_7(Fam_4871 [★Target])
"(7560, 13850)",2,[7560],2020_CC-20W-1-15m-1_bin.14.purify_k141_298287,2020_CC-20W-1-15m-1_bin.14.purify_k141_298287_3120-4242,2020_CC-20W-1-15m-1_bin.14.purify_k141_298287_6(Fam_13850 [★Target]) --> 2020_CC-20W-1-15m-1_bin.14.purify_k141_298287_7(Fam_7560 [★Target])
"(7560, 13850)",2,[7560],2021-CNB-W2_bin.111.purify_k127_2532385,2021-CNB-W2_bin.111.purify_k127_2532385_980-2102,2021-CNB-W2_bin.111.purify_k127_2532385_4(Fam_7560 [★Target]) --> 2021-CNB-W2_bin.111.purify_k127_2532385_5(Fam_13850 [★Target])
"(3466, 5747)",2,[5747],2020_CE-20W-1-0m-1_bin.30.purify_k141_1443733,2020_CE-20W-1-0m-1_bin.30.purify_k141_1443733_25907-28228,2020_CE-20W-1-0m-1_bin.30.purify_k141_1443733_30(Fam_3466 [★Target]) --> 2020_CE-20W-1-0m-1_bin.30.purify_k141_1443733_31(Fam_5747 [★Target])
"(3466, 5747)",2,[5747],2020_QHH2-W1_bin.112.purify_k141_925531,2020_QHH2-W1_bin.112.purify_k141_925531_2092-4130,2020_QHH2-W1_bin.112.purify_k141_925531_6(Fam_5747 [★Target]) --> 2020_QHH2-W1_bin.112.purify_k141_925531_7(Fam_3466 [★Target])
"(5678, 6537)",2,[5678],2020_CE-D-W-2_bin.25.purify_k141_368249,2020_CE-D-W-2_bin.25.purify_k141_368249_8986-11060,2020_CE-D-W-2_bin.25.purify_k141_368249_6(Fam_5678 [★Target]) --> 2020_CE-D-W-2_bin.25.purify_k141_368249_7(Fam_6537 [★Target])
"(5678, 6537)",2,[5678],2021-CE-W2_bin.27.purify_k127_691947,2021-CE-W2_bin.27.purify_k127_691947_7121-9195,2021-CE-W2_bin.27.purify_k127_691947_10(Fam_6537 [★Target]) --> 2021-CE-W2_bin.27.purify_k127_691947_11(Fam_5678 [★Target])
"(2027, 2864)",2,[2864],2020_CE-D-W-2_bin.58.purify_k141_451964,2020_CE-D-W-2_bin.58.purify_k141_451964_15789-18818,2020_CE-D-W-2_bin.58.purify_k141_451964_20(Fam_2864 [★Target]) --> 2020_CE-D-W-2_bin.58.purify_k141_451964_21(Fam_2027 [★Target])
"(2027, 2864)",2,[2864],2020_CE-N-W-2_bin.152.purify_k141_753866,2020_CE-N-W-2_bin.152.purify_k141_753866_15104-18133,2020_CE-N-W-2_bin.152.purify_k141_753866_20(Fam_2864 [★Target]) --> 2020_CE-N-W-2_bin.152.purify_k141_753866_21(Fam_2027 [★Target])
"(3673, 8172)",2,[3673],2020_BMC-W-1-8m-1_bin.204.purify_k141_878345,2020_BMC-W-1-8m-1_bin.204.purify_k141_878345_16520-18526,2020_BMC-W-1-8m-1_bin.204.purify_k141_878345_14(Fam_3673 [★Target]) --> 2020_BMC-W-1-8m-1_bin.204.purify_k141_878345_15(Fam_8172 [★Target])
"(3673, 8172)",2,[3673],2021-BQZBHK-W6_bin.81.purify_k127_2210775,2021-BQZBHK-W6_bin.81.purify_k127_2210775_2673-4679,2021-BQZBHK-W6_bin.81.purify_k127_2210775_3(Fam_8172 [★Target]) --> 2021-BQZBHK-W6_bin.81.purify_k127_2210775_4(Fam_3673 [★Target])
"(1295, 4360)",2,[4360],2020_CE-D-W-2_bin.69.purify_k141_1155717,2020_CE-D-W-2_bin.69.purify_k141_1155717_19793-22833,2020_CE-D-W-2_bin.69.purify_k141_1155717_12(Fam_1295 [★Target]) --> 2020_CE-D-W-2_bin.69.purify_k141_1155717_13(Fam_4360 [★Target])
"(1295, 4360)",2,[4360],2020_NMC-W-8-25m-1_bin.55.purify_k141_1109874,2020_NMC-W-8-25m-1_bin.55.purify_k141_1109874_1716-4894,2020_NMC-W-8-25m-1_bin.55.purify_k141_1109874_3(Fam_1295 [★Target]) --> 2020_NMC-W-8-25m-1_bin.55.purify_k141_1109874_4(Fam_4360 [★Target])
"(1295, 4360)",2,[4360],2020_NRPC-20W-3-1_bin.42.purify_k141_607679,2020_NRPC-20W-3-1_bin.42.purify_k141_607679_2-3831,2020_NRPC-20W-3-1_bin.42.purify_k141_607679_1(Fam_8599) --> 2020_NRPC-20W-3-1_bin.42.purify_k141_607679_2(Fam_1295 [★Target]) --> 2020_NRPC-20W-3-1_bin.42.purify_k141_607679_3(Fam_4360 [★Target])
"(1885, 3987)",2,[3987],2020_CBL-w3_bin.180.purify_k141_511896,2020_CBL-w3_bin.180.purify_k141_511896_915-3842,2020_CBL-w3_bin.180.purify_k141_511896_2(Fam_3987 [★Target]) --> 2020_CBL-w3_bin.180.purify_k141_511896_3(Fam_1885 [★Target])
"(1885, 3987)",2,[3987],2021-SD-W43_bin.34.purify_k127_1626093,2021-SD-W43_bin.34.purify_k127_1626093_1166-4102,2021-SD-W43_bin.34.purify_k127_1626093_2(Fam_3987 [★Target]) --> 2021-SD-W43_bin.34.purify_k127_1626093_3(Fam_1885 [★Target])
"(4130, 5868)",2,"[4130, 5868]",2020_CE-20W-1-5m-1_bin.100.purify_k141_382254,2020_CE-20W-1-5m-1_bin.100.purify_k141_382254_600-3313,2020_CE-20W-1-5m-1_bin.100.purify_k141_382254_3(Fam_5868 [★Target]) --> 2020_CE-20W-1-5m-1_bin.100.purify_k141_382254_4(Fam_4130 [★Target])
"(4130, 5868)",2,"[4130, 5868]",2020_CE-N-W-1_bin.129.purify_k141_759110,2020_CE-N-W-1_bin.129.purify_k141_759110_16936-19649,2020_CE-N-W-1_bin.129.purify_k141_759110_20(Fam_5868 [★Target]) --> 2020_CE-N-W-1_bin.129.purify_k141_759110_21(Fam_4130 [★Target])
"(582, 10309)",2,[582],2019_TBCBL-02_bin.40.purify_k141_317636,2019_TBCBL-02_bin.40.purify_k141_317636_3-1344,2019_TBCBL-02_bin.40.purify_k141_317636_1(Fam_582 [★Target]) --> 2019_TBCBL-02_bin.40.purify_k141_317636_2(Fam_10309 [★Target])
"(582, 10309)",2,[582],2020_JC-20W-2-1_bin.29.purify_k141_454118,2020_JC-20W-2-1_bin.29.purify_k141_454118_2-4538,2020_JC-20W-2-1_bin.29.purify_k141_454118_1(Fam_3046) --> 2020_JC-20W-2-1_bin.29.purify_k141_454118_2(Fam_10309 [★Target]) --> 2020_JC-20W-2-1_bin.29.purify_k141_454118_3(Fam_582 [★Target])
"(582, 10309)",2,[582],2021-BQZBHK-W5_bin.123.purify_k127_338303,2021-BQZBHK-W5_bin.123.purify_k127_338303_2-3638,2021-BQZBHK-W5_bin.123.purify_k127_338303_1(Fam_582 [★Target]) --> 2021-BQZBHK-W5_bin.123.purify_k127_338303_2(Fam_10309 [★Target]) --> 2021-BQZBHK-W5_bin.123.purify_k127_338303_3(Fam_3046)
"(582, 10309)",2,[582],2021-SLCB-W1_bin.31.purify_k127_259468,2021-SLCB-W1_bin.31.purify_k127_259468_28440-31491,2021-SLCB-W1_bin.31.purify_k127_259468_23(Fam_582 [★Target]) --> 2021-SLCB-W1_bin.31.purify_k127_259468_24(Fam_10309 [★Target])
"(3499, 7633)",2,[7633],2020_BGBMC-20W-2-1_bin.197.purify_k141_41796,2020_BGBMC-20W-2-1_bin.197.purify_k141_41796_3215-5476,2020_BGBMC-20W-2-1_bin.197.purify_k141_41796_3(Fam_3499 [★Target]) --> 2020_BGBMC-20W-2-1_bin.197.purify_k141_41796_4(Fam_7633 [★Target])
"(3499, 7633)",2,[7633],2020_BGBMC-20W-3-1_bin.39.purify_k141_1143703,2020_BGBMC-20W-3-1_bin.39.purify_k141_1143703_3263-4930,2020_BGBMC-20W-3-1_bin.39.purify_k141_1143703_3(Fam_3499 [★Target]) --> 2020_BGBMC-20W-3-1_bin.39.purify_k141_1143703_5(Fam_7633 [★Target])
"(3794, 12804)",2,[3794],2020_BGBMC-20W-1-10m-1_bin.84.purify_k141_445257,2020_BGBMC-20W-1-10m-1_bin.84.purify_k141_445257_595-2349,2020_BGBMC-20W-1-10m-1_bin.84.purify_k141_445257_2(Fam_3794 [★Target]) --> 2020_BGBMC-20W-1-10m-1_bin.84.purify_k141_445257_3(Fam_12804 [★Target])
"(3794, 12804)",2,[3794],2020_SLC-w-6_bin.25.purify_k141_493105,2020_SLC-w-6_bin.25.purify_k141_493105_1595-3342,2020_SLC-w-6_bin.25.purify_k141_493105_2(Fam_12804 [★Target]) --> 2020_SLC-w-6_bin.25.purify_k141_493105_3(Fam_3794 [★Target])
"(3129, 9759)",2,[9759],2020_BMC-W-1-0m-1_bin.62.purify_k141_422305,2020_BMC-W-1-0m-1_bin.62.purify_k141_422305_153748-155831,2020_BMC-W-1-0m-1_bin.62.purify_k141_422305_134(Fam_3129 [★Target]) --> 2020_BMC-W-1-0m-1_bin.62.purify_k141_422305_135(Fam_9759 [★Target])
"(3129, 9759)",2,[9759],2020_BMC-W-1-1_bin.26.purify_k141_196491,2020_BMC-W-1-1_bin.26.purify_k141_196491_153350-155433,2020_BMC-W-1-1_bin.26.purify_k141_196491_134(Fam_3129 [★Target]) --> 2020_BMC-W-1-1_bin.26.purify_k141_196491_135(Fam_9759 [★Target])
"(4499, 7123)",2,[4499],2019_TBLU-02_bin.9.purify_k141_286724,2019_TBLU-02_bin.9.purify_k141_286724_4737-6717,2019_TBLU-02_bin.9.purify_k141_286724_8(Fam_4499 [★Target]) --> 2019_TBLU-02_bin.9.purify_k141_286724_9(Fam_7123 [★Target])
"(4499, 7123)",2,[4499],2020_DTH4-W1_bin.189.purify_k141_486288,2020_DTH4-W1_bin.189.purify_k141_486288_5969-7923,2020_DTH4-W1_bin.189.purify_k141_486288_5(Fam_7123 [★Target]) --> 2020_DTH4-W1_bin.189.purify_k141_486288_6(Fam_4499 [★Target])
"(3024, 8064)",2,[8064],2020_BGBMC-20W-3-1_bin.50.purify_k141_318576,2020_BGBMC-20W-3-1_bin.50.purify_k141_318576_1300-4811,2020_BGBMC-20W-3-1_bin.50.purify_k141_318576_3(Fam_8064 [★Target]) --> 2020_BGBMC-20W-3-1_bin.50.purify_k141_318576_5(Fam_3024 [★Target])
"(3024, 8064)",2,[8064],2021-ND-W7_bin.76.purify_k141_145419,2021-ND-W7_bin.76.purify_k141_145419_2017-5483,2021-ND-W7_bin.76.purify_k141_145419_4(Fam_8064 [★Target]) --> 2021-ND-W7_bin.76.purify_k141_145419_6(Fam_3024 [★Target])
"(3191, 6971)",2,"[3191, 6971]",2020_CBL-w5_bin.109.purify_k141_293550,2020_CBL-w5_bin.109.purify_k141_293550_25136-28220,2020_CBL-w5_bin.109.purify_k141_293550_20(Fam_6971 [★Target]) --> 2020_CBL-w5_bin.109.purify_k141_293550_23(Fam_3191 [★Target])
"(3191, 6971)",2,"[3191, 6971]",2020_CBL-w5_bin.69.purify_k141_134016,2020_CBL-w5_bin.69.purify_k141_134016_24234-27307,2020_CBL-w5_bin.69.purify_k141_134016_13(Fam_6971 [★Target]) --> 2020_CBL-w5_bin.69.purify_k141_134016_16(Fam_3191 [★Target])
"(5556, 5994)",2,[5556],2020_CE-D-W-2_bin.31.purify_k141_430711,2020_CE-D-W-2_bin.31.purify_k141_430711_263-2373,2020_CE-D-W-2_bin.31.purify_k141_430711_2(Fam_5994 [★Target]) --> 2020_CE-D-W-2_bin.31.purify_k141_430711_3(Fam_5556 [★Target])
"(5556, 5994)",2,[5556],2021-CE-W4_bin.134.purify_k127_517321,2021-CE-W4_bin.134.purify_k127_517321_263-2232,2021-CE-W4_bin.134.purify_k127_517321_2(Fam_5994 [★Target]) --> 2021-CE-W4_bin.134.purify_k127_517321_3(Fam_5556 [★Target])
"(8257, 8838)",2,[8257],2020_BSQ-W-1_bin.115.purify_k141_2070029,2020_BSQ-W-1_bin.115.purify_k141_2070029_1965-3017,2020_BSQ-W-1_bin.115.purify_k141_2070029_3(Fam_8838 [★Target]) --> 2020_BSQ-W-1_bin.115.purify_k141_2070029_4(Fam_8257 [★Target])
"(8257, 8838)",2,[8257],2021-SLH-W6_bin.12.purify_k127_375847,2021-SLH-W6_bin.12.purify_k127_375847_1448-2884,2021-SLH-W6_bin.12.purify_k127_375847_3(Fam_8838 [★Target]) --> 2021-SLH-W6_bin.12.purify_k127_375847_4(Fam_8257 [★Target])
"(556, 8000)",2,[8000],2019_zjzb-7_bin.7.purify_k141_167395,2019_zjzb-7_bin.7.purify_k141_167395_1250-5715,2019_zjzb-7_bin.7.purify_k141_167395_2(Fam_8000 [★Target]) --> 2019_zjzb-7_bin.7.purify_k141_167395_5(Fam_556 [★Target])
"(556, 8000)",2,[8000],2021-BQZBHK-W2_bin.60.purify_k127_29059,2021-BQZBHK-W2_bin.60.purify_k127_29059_938-5403,2021-BQZBHK-W2_bin.60.purify_k127_29059_2(Fam_8000 [★Target]) --> 2021-BQZBHK-W2_bin.60.purify_k127_29059_5(Fam_556 [★Target])
"(304, 7597)",2,[7597],2019_bqzb-hu-1_bin.24.purify_k141_268011,2019_bqzb-hu-1_bin.24.purify_k141_268011_298-1447,2019_bqzb-hu-1_bin.24.purify_k141_268011_1(Fam_7597 [★Target]) --> 2019_bqzb-hu-1_bin.24.purify_k141_268011_2(Fam_304 [★Target])
"(304, 7597)",2,[7597],2020_CE-D-W-2_bin.102.purify_k141_179221,2020_CE-D-W-2_bin.102.purify_k141_179221_4364-5501,2020_CE-D-W-2_bin.102.purify_k141_179221_8(Fam_304 [★Target]) --> 2020_CE-D-W-2_bin.102.purify_k141_179221_9(Fam_7597 [★Target])
"(1822, 5328, 5618, 9523, 11415)",2,[9523],2020_BMC-W-1-8m-1_bin.208.purify_k141_848412,2020_BMC-W-1-8m-1_bin.208.purify_k141_848412_6240-11130,2020_BMC-W-1-8m-1_bin.208.purify_k141_848412_10(Fam_9523 [★Target]) --> 2020_BMC-W-1-8m-1_bin.208.purify_k141_848412_11(Fam_11415 [★Target]) --> 2020_BMC-W-1-8m-1_bin.208.purify_k141_848412_12(Fam_1822 [★Target]) --> 2020_BMC-W-1-8m-1_bin.208.purify_k141_848412_13(Fam_5618 [★Target]) --> 2020_BMC-W-1-8m-1_bin.208.purify_k141_848412_14(Fam_5328 [★Target])
"(1822, 5328, 5618, 9523, 11415)",2,[9523],2021-SD-W42_bin.46.purify_k127_1651528,2021-SD-W42_bin.46.purify_k127_1651528_19002-23892,2021-SD-W42_bin.46.purify_k127_1651528_15(Fam_5328 [★Target]) --> 2021-SD-W42_bin.46.purify_k127_1651528_16(Fam_5618 [★Target]) --> 2021-SD-W42_bin.46.purify_k127_1651528_17(Fam_1822 [★Target]) --> 2021-SD-W42_bin.46.purify_k127_1651528_18(Fam_11415 [★Target]) --> 2021-SD-W42_bin.46.purify_k127_1651528_19(Fam_9523 [★Target])
"(2583, 11692)",2,[11692],2020_CE-20W-1-2.5m-1_bin.98.purify_k141_251809,2020_CE-20W-1-2.5m-1_bin.98.purify_k141_251809_3-1741,2020_CE-20W-1-2.5m-1_bin.98.purify_k141_251809_1(Fam_2583 [★Target]) --> 2020_CE-20W-1-2.5m-1_bin.98.purify_k141_251809_2(Fam_11692 [★Target])
"(2583, 11692)",2,[11692],2021-CE-W2_bin.106.purify_k127_973535,2021-CE-W2_bin.106.purify_k127_973535_367-2276,2021-CE-W2_bin.106.purify_k127_973535_1(Fam_2583 [★Target]) --> 2021-CE-W2_bin.106.purify_k127_973535_2(Fam_11692 [★Target])
"(902, 8500)",2,[8500],HS-9-2_bin.13.purify_k141_4711,HS-9-2_bin.13.purify_k141_4711_3555-5310,HS-9-2_bin.13.purify_k141_4711_4(Fam_8500 [★Target]) --> HS-9-2_bin.13.purify_k141_4711_5(Fam_902 [★Target])
"(902, 8500)",2,[8500],HS-9-3_bin.6.purify_k141_5718,HS-9-3_bin.6.purify_k141_5718_3554-5255,HS-9-3_bin.6.purify_k141_5718_4(Fam_8500 [★Target]) --> HS-9-3_bin.6.purify_k141_5718_5(Fam_902 [★Target])
"(2236, 7326)",2,[7326],2020_CC-20W-1-5m-1_bin.86.purify_k141_275547,2020_CC-20W-1-5m-1_bin.86.purify_k141_275547_113715-116063,2020_CC-20W-1-5m-1_bin.86.purify_k141_275547_115(Fam_7326 [★Target]) --> 2020_CC-20W-1-5m-1_bin.86.purify_k141_275547_116(Fam_2236 [★Target])
"(2236, 7326)",2,[7326],2020_NMC-W-2-1_bin.153.purify_k141_156183,2020_NMC-W-2-1_bin.153.purify_k141_156183_113715-116063,2020_NMC-W-2-1_bin.153.purify_k141_156183_115(Fam_7326 [★Target]) --> 2020_NMC-W-2-1_bin.153.purify_k141_156183_116(Fam_2236 [★Target])
"(88, 942, 2357, 4849)",2,[88],2020_CE-D-W-2_bin.30.purify_k141_346908,2020_CE-D-W-2_bin.30.purify_k141_346908_7378-16712,2020_CE-D-W-2_bin.30.purify_k141_346908_6(Fam_88 [★Target]) --> 2020_CE-D-W-2_bin.30.purify_k141_346908_7(Fam_4849 [★Target]) --> 2020_CE-D-W-2_bin.30.purify_k141_346908_8(Fam_2357 [★Target]) --> 2020_CE-D-W-2_bin.30.purify_k141_346908_9(Fam_942 [★Target])
"(88, 942, 2357, 4849)",2,[88],CE-B-W-2_bin.29.purify_k141_144591,CE-B-W-2_bin.29.purify_k141_144591_10704-20038,CE-B-W-2_bin.29.purify_k141_144591_17(Fam_942 [★Target]) --> CE-B-W-2_bin.29.purify_k141_144591_18(Fam_2357 [★Target]) --> CE-B-W-2_bin.29.purify_k141_144591_19(Fam_4849 [★Target]) --> CE-B-W-2_bin.29.purify_k141_144591_20(Fam_88 [★Target])
"(12132, 12580)",2,[12580],2020_CE-20W-2-1_bin.101.purify_k141_734369,2020_CE-20W-2-1_bin.101.purify_k141_734369_536-1608,2020_CE-20W-2-1_bin.101.purify_k141_734369_2(Fam_12132 [★Target]) --> 2020_CE-20W-2-1_bin.101.purify_k141_734369_3(Fam_12580 [★Target])
"(12132, 12580)",2,[12580],2020_NMC-W-8-25m-1_bin.72.purify_k141_306158,2020_NMC-W-8-25m-1_bin.72.purify_k141_306158_2822-3893,2020_NMC-W-8-25m-1_bin.72.purify_k141_306158_4(Fam_12132 [★Target]) --> 2020_NMC-W-8-25m-1_bin.72.purify_k141_306158_5(Fam_12580 [★Target])
"(3940, 10149)",2,"[3940, 10149]",2019_TBCBL-03_bin.2.purify_k141_349449,2019_TBCBL-03_bin.2.purify_k141_349449_178-1961,2019_TBCBL-03_bin.2.purify_k141_349449_2(Fam_10149 [★Target]) --> 2019_TBCBL-03_bin.2.purify_k141_349449_3(Fam_3940 [★Target])
"(3940, 10149)",2,"[3940, 10149]",2019_TBMTW-16_bin.82.purify_k141_539721,2019_TBMTW-16_bin.82.purify_k141_539721_11595-13386,2019_TBMTW-16_bin.82.purify_k141_539721_14(Fam_3940 [★Target]) --> 2019_TBMTW-16_bin.82.purify_k141_539721_15(Fam_10149 [★Target])
"(1457, 9153)",2,[1457],2020_CC-20W-1-15m-1_bin.152.purify_k141_629427,2020_CC-20W-1-15m-1_bin.152.purify_k141_629427_2-1930,2020_CC-20W-1-15m-1_bin.152.purify_k141_629427_1(Fam_1457 [★Target]) --> 2020_CC-20W-1-15m-1_bin.152.purify_k141_629427_2(Fam_9153 [★Target])
"(1457, 9153)",2,[1457],2020_LU-w5_bin.192.purify_k141_794520,2020_LU-w5_bin.192.purify_k141_794520_3-1948,2020_LU-w5_bin.192.purify_k141_794520_1(Fam_1457 [★Target]) --> 2020_LU-w5_bin.192.purify_k141_794520_2(Fam_9153 [★Target])
"(5558, 6627)",2,[5558],2020_BMC-W-1-8m-1_bin.206.purify_k141_159975,2020_BMC-W-1-8m-1_bin.206.purify_k141_159975_2690-4539,2020_BMC-W-1-8m-1_bin.206.purify_k141_159975_4(Fam_5558 [★Target]) --> 2020_BMC-W-1-8m-1_bin.206.purify_k141_159975_5(Fam_6627 [★Target])
"(5558, 6627)",2,[5558],2020_CE-20W-1-0m-1_bin.59.purify_k141_1123000,2020_CE-20W-1-0m-1_bin.59.purify_k141_1123000_8247-10078,2020_CE-20W-1-0m-1_bin.59.purify_k141_1123000_10(Fam_6627 [★Target]) --> 2020_CE-20W-1-0m-1_bin.59.purify_k141_1123000_11(Fam_5558 [★Target])
"(6514, 7396)",2,[6514],2020_BGBMC-20W-1-17m-1_bin.88.purify_k141_63318,2020_BGBMC-20W-1-17m-1_bin.88.purify_k141_63318_19624-22961,2020_BGBMC-20W-1-17m-1_bin.88.purify_k141_63318_20(Fam_10592) --> 2020_BGBMC-20W-1-17m-1_bin.88.purify_k141_63318_22(Fam_7396 [★Target]) --> 2020_BGBMC-20W-1-17m-1_bin.88.purify_k141_63318_23(Fam_6514 [★Target])
"(6514, 7396)",2,[6514],2020_CE-20W-2-1_bin.158.purify_k141_1283694,2020_CE-20W-2-1_bin.158.purify_k141_1283694_1-1469,2020_CE-20W-2-1_bin.158.purify_k141_1283694_1(Fam_6514 [★Target]) --> 2020_CE-20W-2-1_bin.158.purify_k141_1283694_2(Fam_7396 [★Target])
"(6514, 7396)",2,[6514],2020_SLC-w-7_bin.72.purify_k141_1287428,2020_SLC-w-7_bin.72.purify_k141_1287428_1011-2376,2020_SLC-w-7_bin.72.purify_k141_1287428_2(Fam_7396 [★Target]) --> 2020_SLC-w-7_bin.72.purify_k141_1287428_3(Fam_6514 [★Target])
"(2222, 9718)",2,[2222],2020_BMC-W-1-8m-1_bin.98.purify_k141_209141,2020_BMC-W-1-8m-1_bin.98.purify_k141_209141_1665-3918,2020_BMC-W-1-8m-1_bin.98.purify_k141_209141_2(Fam_9718 [★Target]) --> 2020_BMC-W-1-8m-1_bin.98.purify_k141_209141_3(Fam_2222 [★Target])
"(2222, 9718)",2,[2222],2021-CE-W2_bin.52.purify_k127_149095,2021-CE-W2_bin.52.purify_k127_149095_2232-4485,2021-CE-W2_bin.52.purify_k127_149095_2(Fam_9718 [★Target]) --> 2021-CE-W2_bin.52.purify_k127_149095_3(Fam_2222 [★Target])
"(7849, 10512)",2,"[7849, 10512]",2019_TBLU-11_bin.19.purify_k141_596313,2019_TBLU-11_bin.19.purify_k141_596313_1636-2989,2019_TBLU-11_bin.19.purify_k141_596313_3(Fam_10512 [★Target]) --> 2019_TBLU-11_bin.19.purify_k141_596313_4(Fam_7849 [★Target])
"(7849, 10512)",2,"[7849, 10512]",2020_YM-W-1_bin.52.purify_k141_429889,2020_YM-W-1_bin.52.purify_k141_429889_7306-8473,2020_YM-W-1_bin.52.purify_k141_429889_7(Fam_10512 [★Target]) --> 2020_YM-W-1_bin.52.purify_k141_429889_8(Fam_7849 [★Target])
"(11056, 13693)",2,[13693],2020_BGBMC-20W-2-1_bin.122.purify_k141_1323722,2020_BGBMC-20W-2-1_bin.122.purify_k141_1323722_2430-3339,2020_BGBMC-20W-2-1_bin.122.purify_k141_1323722_4(Fam_11056 [★Target]) --> 2020_BGBMC-20W-2-1_bin.122.purify_k141_1323722_5(Fam_13693 [★Target])
"(11056, 13693)",2,[13693],2020_GMZ11-W1_bin.133.purify_k141_362694,2020_GMZ11-W1_bin.133.purify_k141_362694_1188-2052,2020_GMZ11-W1_bin.133.purify_k141_362694_3(Fam_11056 [★Target]) --> 2020_GMZ11-W1_bin.133.purify_k141_362694_4(Fam_13693 [★Target])
"(3646, 10517)",2,[3646],2020_CC-20W-1-0m-1_bin.52.purify_k141_550263,2020_CC-20W-1-0m-1_bin.52.purify_k141_550263_3289-4955,2020_CC-20W-1-0m-1_bin.52.purify_k141_550263_10(Fam_10517 [★Target]) --> 2020_CC-20W-1-0m-1_bin.52.purify_k141_550263_11(Fam_3646 [★Target])
"(3646, 10517)",2,[3646],2020_KMC-20W-1-15m-1_bin.115.purify_k141_36679,2020_KMC-20W-1-15m-1_bin.115.purify_k141_36679_6623-8439,2020_KMC-20W-1-15m-1_bin.115.purify_k141_36679_7(Fam_3646 [★Target]) --> 2020_KMC-20W-1-15m-1_bin.115.purify_k141_36679_8(Fam_10517 [★Target])
"(2274, 8801)",2,[8801],2020_BGBMC-20W-2-1_bin.119.purify_k141_992684,2020_BGBMC-20W-2-1_bin.119.purify_k141_992684_3922-6338,2020_BGBMC-20W-2-1_bin.119.purify_k141_992684_3(Fam_2274 [★Target]) --> 2020_BGBMC-20W-2-1_bin.119.purify_k141_992684_4(Fam_8801 [★Target])
"(2274, 8801)",2,[8801],2020_NRPC-20W-4-1_bin.159.purify_k141_134297,2020_NRPC-20W-4-1_bin.159.purify_k141_134297_5742-8158,2020_NRPC-20W-4-1_bin.159.purify_k141_134297_4(Fam_2274 [★Target]) --> 2020_NRPC-20W-4-1_bin.159.purify_k141_134297_5(Fam_8801 [★Target])
"(781, 1501, 2400)",2,[2400],2020_CE-20W-1-0m-1_bin.8.purify_k141_1466095,2020_CE-20W-1-0m-1_bin.8.purify_k141_1466095_712-7759,2020_CE-20W-1-0m-1_bin.8.purify_k141_1466095_2(Fam_1501 [★Target]) --> 2020_CE-20W-1-0m-1_bin.8.purify_k141_1466095_4(Fam_781 [★Target]) --> 2020_CE-20W-1-0m-1_bin.8.purify_k141_1466095_5(Fam_2400 [★Target])
"(781, 1501, 2400)",2,[2400],2020_CE-20W-1-5m-1_bin.59.purify_k141_170577,2020_CE-20W-1-5m-1_bin.59.purify_k141_170577_564-7611,2020_CE-20W-1-5m-1_bin.59.purify_k141_170577_2(Fam_2400 [★Target]) --> 2020_CE-20W-1-5m-1_bin.59.purify_k141_170577_3(Fam_781 [★Target]) --> 2020_CE-20W-1-5m-1_bin.59.purify_k141_170577_5(Fam_1501 [★Target])
"(4815, 6505)",2,[4815],2020_BMC-W-1-0m-1_bin.41.purify_k141_488508,2020_BMC-W-1-0m-1_bin.41.purify_k141_488508_20951-22941,2020_BMC-W-1-0m-1_bin.41.purify_k141_488508_20(Fam_4815 [★Target]) --> 2020_BMC-W-1-0m-1_bin.41.purify_k141_488508_21(Fam_6505 [★Target])
"(4815, 6505)",2,[4815],2021-SLCB-W3_bin.26.purify_k127_1373640,2021-SLCB-W3_bin.26.purify_k127_1373640_309-2269,2021-SLCB-W3_bin.26.purify_k127_1373640_1(Fam_4815 [★Target]) --> 2021-SLCB-W3_bin.26.purify_k127_1373640_2(Fam_6505 [★Target])
"(4599, 9349)",2,[4599],2020_CE-20W-1-0m-1_bin.172.purify_k141_965654,2020_CE-20W-1-0m-1_bin.172.purify_k141_965654_2564-4338,2020_CE-20W-1-0m-1_bin.172.purify_k141_965654_5(Fam_9349 [★Target]) --> 2020_CE-20W-1-0m-1_bin.172.purify_k141_965654_6(Fam_4599 [★Target])
"(4599, 9349)",2,[4599],2020_SLHSD1-W1_bin.26.purify_k141_238023,2020_SLHSD1-W1_bin.26.purify_k141_238023_2089-3575,2020_SLHSD1-W1_bin.26.purify_k141_238023_5(Fam_9349 [★Target]) --> 2020_SLHSD1-W1_bin.26.purify_k141_238023_6(Fam_4599 [★Target])
"(852, 9271)",2,[852],2020_CE-20W-1-0m-1_bin.92.purify_k141_966464,2020_CE-20W-1-0m-1_bin.92.purify_k141_966464_1155-4271,2020_CE-20W-1-0m-1_bin.92.purify_k141_966464_3(Fam_9271 [★Target]) --> 2020_CE-20W-1-0m-1_bin.92.purify_k141_966464_4(Fam_852 [★Target])
"(852, 9271)",2,[852],2020_DQZB-w5_bin.194.purify_k141_2444973,2020_DQZB-w5_bin.194.purify_k141_2444973_1137-4230,2020_DQZB-w5_bin.194.purify_k141_2444973_3(Fam_9271 [★Target]) --> 2020_DQZB-w5_bin.194.purify_k141_2444973_4(Fam_852 [★Target])
"(1033, 2586, 4987)",2,[4987],2020_CE-B-W-1_bin.144.purify_k141_658982,2020_CE-B-W-1_bin.144.purify_k141_658982_27743-33923,2020_CE-B-W-1_bin.144.purify_k141_658982_23(Fam_4987 [★Target]) --> 2020_CE-B-W-1_bin.144.purify_k141_658982_25(Fam_2586 [★Target]) --> 2020_CE-B-W-1_bin.144.purify_k141_658982_26(Fam_1033 [★Target])
"(1033, 2586, 4987)",2,[4987],2021-CE-W1_bin.63.purify_k127_482686,2021-CE-W1_bin.63.purify_k127_482686_21942-28122,2021-CE-W1_bin.63.purify_k127_482686_19(Fam_4987 [★Target]) --> 2021-CE-W1_bin.63.purify_k127_482686_21(Fam_2586 [★Target]) --> 2021-CE-W1_bin.63.purify_k127_482686_22(Fam_1033 [★Target])
"(4548, 7552)",2,[4548],2019_TBMTW-10_bin.13.purify_k141_183447,2019_TBMTW-10_bin.13.purify_k141_183447_7346-9251,2019_TBMTW-10_bin.13.purify_k141_183447_8(Fam_7552 [★Target]) --> 2019_TBMTW-10_bin.13.purify_k141_183447_9(Fam_4548 [★Target])
"(4548, 7552)",2,[4548],2021-YKS-W1_bin.10.purify_k127_460607,2021-YKS-W1_bin.10.purify_k127_460607_5434-7327,2021-YKS-W1_bin.10.purify_k127_460607_5(Fam_4548 [★Target]) --> 2021-YKS-W1_bin.10.purify_k127_460607_6(Fam_7552 [★Target])
"(13008, 13854)",2,[13854],2020_CE-D-W-2_bin.115.purify_k141_725337,2020_CE-D-W-2_bin.115.purify_k141_725337_10347-10909,2020_CE-D-W-2_bin.115.purify_k141_725337_8(Fam_13854 [★Target]) --> 2020_CE-D-W-2_bin.115.purify_k141_725337_9(Fam_13008 [★Target])
"(13008, 13854)",2,[13854],2020_CE-N-W-2_bin.159.purify_k141_243331,2020_CE-N-W-2_bin.159.purify_k141_243331_16573-17135,2020_CE-N-W-2_bin.159.purify_k141_243331_11(Fam_13854 [★Target]) --> 2020_CE-N-W-2_bin.159.purify_k141_243331_12(Fam_13008 [★Target])
"(7765, 9982)",2,[9982],2019_TBLU-01_bin.7.purify_k141_410662,2019_TBLU-01_bin.7.purify_k141_410662_175-1530,2019_TBLU-01_bin.7.purify_k141_410662_1(Fam_9982 [★Target]) --> 2019_TBLU-01_bin.7.purify_k141_410662_2(Fam_7765 [★Target])
"(7765, 9982)",2,[9982],2020_BHH-W1_bin.14.purify_k141_407466,2020_BHH-W1_bin.14.purify_k141_407466_1086-2434,2020_BHH-W1_bin.14.purify_k141_407466_2(Fam_9982 [★Target]) --> 2020_BHH-W1_bin.14.purify_k141_407466_3(Fam_7765 [★Target])
"(8386, 10334)",2,[8386],2020_BMC-W-1-8m-1_bin.83.purify_k141_71564,2020_BMC-W-1-8m-1_bin.83.purify_k141_71564_6081-7368,2020_BMC-W-1-8m-1_bin.83.purify_k141_71564_8(Fam_10334 [★Target]) --> 2020_BMC-W-1-8m-1_bin.83.purify_k141_71564_9(Fam_8386 [★Target])
"(8386, 10334)",2,[8386],2021-HDW-W1_bin.66.purify_k141_1627319,2021-HDW-W1_bin.66.purify_k141_1627319_921-2211,2021-HDW-W1_bin.66.purify_k141_1627319_3(Fam_8386 [★Target]) --> 2021-HDW-W1_bin.66.purify_k141_1627319_4(Fam_10334 [★Target])
"(5107, 6660)",2,[6660],2020_CBL-w5_bin.158.purify_k141_1075942,2020_CBL-w5_bin.158.purify_k141_1075942_1540-3432,2020_CBL-w5_bin.158.purify_k141_1075942_3(Fam_5107 [★Target]) --> 2020_CBL-w5_bin.158.purify_k141_1075942_4(Fam_6660 [★Target])
"(5107, 6660)",2,[6660],2020_LU-w5_bin.170.purify_k141_1522111,2020_LU-w5_bin.170.purify_k141_1522111_12079-14385,2020_LU-w5_bin.170.purify_k141_1522111_8(Fam_6660 [★Target]) --> 2020_LU-w5_bin.170.purify_k141_1522111_9(Fam_5107 [★Target])
"(2525, 3071)",2,[3071],2020_CC-20W-1-15m-1_bin.131.purify_k141_845292,2020_CC-20W-1-15m-1_bin.131.purify_k141_845292_14923-17693,2020_CC-20W-1-15m-1_bin.131.purify_k141_845292_13(Fam_3071 [★Target]) --> 2020_CC-20W-1-15m-1_bin.131.purify_k141_845292_14(Fam_2525 [★Target])
"(2525, 3071)",2,[3071],2020_NMC-W-8-15m-1_bin.115.purify_k141_905762,2020_NMC-W-8-15m-1_bin.115.purify_k141_905762_1-2039,2020_NMC-W-8-15m-1_bin.115.purify_k141_905762_1(Fam_2525 [★Target]) --> 2020_NMC-W-8-15m-1_bin.115.purify_k141_905762_2(Fam_3071 [★Target])
"(14018, 14245)",2,"[14018, 14245]",2020_CC-20W-1-0m-1_bin.68.purify_k141_780382,2020_CC-20W-1-0m-1_bin.68.purify_k141_780382_5736-6158,2020_CC-20W-1-0m-1_bin.68.purify_k141_780382_8(Fam_14245 [★Target]) --> 2020_CC-20W-1-0m-1_bin.68.purify_k141_780382_9(Fam_14018 [★Target])
"(14018, 14245)",2,"[14018, 14245]",2020_KMC-20W-1-15m-1_bin.34.purify_k141_808823,2020_KMC-20W-1-15m-1_bin.34.purify_k141_808823_6820-7242,2020_KMC-20W-1-15m-1_bin.34.purify_k141_808823_8(Fam_14245 [★Target]) --> 2020_KMC-20W-1-15m-1_bin.34.purify_k141_808823_9(Fam_14018 [★Target])
"(5576, 11211, 13485)",2,[11211],HS-9-2_bin.10.purify_k141_3463,HS-9-2_bin.10.purify_k141_3463_5575-7377,HS-9-2_bin.10.purify_k141_3463_8(Fam_11211 [★Target]) --> HS-9-2_bin.10.purify_k141_3463_9(Fam_13485 [★Target]) --> HS-9-2_bin.10.purify_k141_3463_10(Fam_5576 [★Target])
"(5576, 11211, 13485)",2,[11211],HS-9-3_bin.14.purify_k141_25955,HS-9-3_bin.14.purify_k141_25955_5574-7376,HS-9-3_bin.14.purify_k141_25955_8(Fam_11211 [★Target]) --> HS-9-3_bin.14.purify_k141_25955_9(Fam_13485 [★Target]) --> HS-9-3_bin.14.purify_k141_25955_10(Fam_5576 [★Target])
"(12350, 12966)",2,"[12350, 12966]",2020_BGBMC-20W-1-10m-1_bin.53.purify_k141_297672,2020_BGBMC-20W-1-10m-1_bin.53.purify_k141_297672_407-1067,2020_BGBMC-20W-1-10m-1_bin.53.purify_k141_297672_2(Fam_12350 [★Target]) --> 2020_BGBMC-20W-1-10m-1_bin.53.purify_k141_297672_3(Fam_12966 [★Target])
"(12350, 12966)",2,"[12350, 12966]",2020_BGBMC-20W-1-17m-1_bin.68.purify_k141_304812,2020_BGBMC-20W-1-17m-1_bin.68.purify_k141_304812_672-1332,2020_BGBMC-20W-1-17m-1_bin.68.purify_k141_304812_2(Fam_12350 [★Target]) --> 2020_BGBMC-20W-1-17m-1_bin.68.purify_k141_304812_3(Fam_12966 [★Target])
"(3511, 11191)",2,[11191],2020_CBL-w5_bin.135.purify_k141_201946,2020_CBL-w5_bin.135.purify_k141_201946_2-1559,2020_CBL-w5_bin.135.purify_k141_201946_1(Fam_11191 [★Target]) --> 2020_CBL-w5_bin.135.purify_k141_201946_2(Fam_3511 [★Target])
"(3511, 11191)",2,[11191],2021-DTH-W6_bin.159.purify_k141_195344,2021-DTH-W6_bin.159.purify_k141_195344_3-1825,2021-DTH-W6_bin.159.purify_k141_195344_1(Fam_11191 [★Target]) --> 2021-DTH-W6_bin.159.purify_k141_195344_2(Fam_3511 [★Target])
"(2768, 11851)",2,[11851],2020_CE-B-W-1_bin.11.purify_k141_150912,2020_CE-B-W-1_bin.11.purify_k141_150912_180-2255,2020_CE-B-W-1_bin.11.purify_k141_150912_2(Fam_11851 [★Target]) --> 2020_CE-B-W-1_bin.11.purify_k141_150912_3(Fam_2768 [★Target])
"(2768, 11851)",2,[11851],2021-BQZBHK-W7_bin.39.purify_k127_123076,2021-BQZBHK-W7_bin.39.purify_k127_123076_1381-3456,2021-BQZBHK-W7_bin.39.purify_k127_123076_4(Fam_11851 [★Target]) --> 2021-BQZBHK-W7_bin.39.purify_k127_123076_5(Fam_2768 [★Target])
"(2253, 4027, 4429)",2,[4027],2020_CE-20W-1-0m-1_bin.7.purify_k141_108704,2020_CE-20W-1-0m-1_bin.7.purify_k141_108704_40161-44369,2020_CE-20W-1-0m-1_bin.7.purify_k141_108704_29(Fam_4027 [★Target]) --> 2020_CE-20W-1-0m-1_bin.7.purify_k141_108704_31(Fam_2253 [★Target]) --> 2020_CE-20W-1-0m-1_bin.7.purify_k141_108704_32(Fam_4429 [★Target])
"(2253, 4027, 4429)",2,[4027],2020_CE-20W-1-5m-1_bin.202.purify_k141_181312,2020_CE-20W-1-5m-1_bin.202.purify_k141_181312_43630-47838,2020_CE-20W-1-5m-1_bin.202.purify_k141_181312_32(Fam_4027 [★Target]) --> 2020_CE-20W-1-5m-1_bin.202.purify_k141_181312_34(Fam_2253 [★Target]) --> 2020_CE-20W-1-5m-1_bin.202.purify_k141_181312_35(Fam_4429 [★Target])
"(112, 5708)",2,[112],2020_CC-20W-1-20m-1_bin.197.purify_k141_3586466,2020_CC-20W-1-20m-1_bin.197.purify_k141_3586466_2226-4497,2020_CC-20W-1-20m-1_bin.197.purify_k141_3586466_4(Fam_5708 [★Target]) --> 2020_CC-20W-1-20m-1_bin.197.purify_k141_3586466_5(Fam_112 [★Target])
"(112, 5708)",2,[112],2020_KMC-20W-1-23m-1_bin.31.purify_k141_2631998,2020_KMC-20W-1-23m-1_bin.31.purify_k141_2631998_2190-4290,2020_KMC-20W-1-23m-1_bin.31.purify_k141_2631998_4(Fam_5708 [★Target]) --> 2020_KMC-20W-1-23m-1_bin.31.purify_k141_2631998_5(Fam_112 [★Target])
"(6463, 11477)",2,"[6463, 11477]",2019_zjzb-7_bin.71.purify_k141_358309,2019_zjzb-7_bin.71.purify_k141_358309_7361-8922,2019_zjzb-7_bin.71.purify_k141_358309_6(Fam_6463 [★Target]) --> 2019_zjzb-7_bin.71.purify_k141_358309_7(Fam_11477 [★Target])
"(6463, 11477)",2,"[6463, 11477]",2021-BQZBHK-W2_bin.77.purify_k127_178790,2021-BQZBHK-W2_bin.77.purify_k127_178790_1307-2868,2021-BQZBHK-W2_bin.77.purify_k127_178790_5(Fam_11477 [★Target]) --> 2021-BQZBHK-W2_bin.77.purify_k127_178790_6(Fam_6463 [★Target])
"(6463, 11477)",2,"[6463, 11477]",2021-BQZBHK-W6_bin.194.purify_k127_1117363,2021-BQZBHK-W6_bin.194.purify_k127_1117363_3-1815,2021-BQZBHK-W6_bin.194.purify_k127_1117363_1(Fam_11364) --> 2021-BQZBHK-W6_bin.194.purify_k127_1117363_2(Fam_6463 [★Target]) --> 2021-BQZBHK-W6_bin.194.purify_k127_1117363_3(Fam_11477 [★Target])
