composition,family_count,system_frequency,has_novel_family,novel_families
"(5578, 9383)",2,95,False,[]
"(678, 2099)",2,55,False,[]
"(6655, 8768)",2,46,False,[]
"(4135, 8017)",2,44,False,[]
"(678, 1704)",2,43,False,[]
"(3447, 8227)",2,36,True,[3447]
"(4977, 11956)",2,35,False,[]
"(12471, 13550)",2,29,False,[]
"(5681, 8029)",2,28,False,[]
"(1506, 6117)",2,28,False,[]
"(6564, 10704)",2,28,False,[]
"(1631, 4185)",2,27,False,[]
"(6003, 7486)",2,27,False,[]
"(5284, 6902)",2,25,True,[5284]
"(1074, 1613)",2,24,False,[]
"(2072, 4371)",2,24,True,[2072]
"(7484, 12115)",2,24,False,[]
"(11895, 12914)",2,24,False,[]
"(12846, 13722)",2,22,False,[]
"(1454, 5209)",2,22,False,[]
"(5019, 5048)",2,22,True,[5048]
"(12611, 13789)",2,21,False,[]
"(416, 548)",2,20,False,[]
"(477, 2153)",2,20,False,[]
"(11895, 13344)",2,20,True,[13344]
"(3023, 8709)",2,20,True,[3023]
"(5006, 5375)",2,20,False,[]
"(6874, 6942)",2,20,False,[]
"(6336, 10655)",2,20,False,[]
"(4553, 6505)",2,19,False,[]
"(9006, 10449)",2,19,False,[]
"(5393, 12244)",2,19,False,[]
"(2223, 6301)",2,19,True,[2223]
"(5825, 8150)",2,19,False,[]
"(7529, 7793)",2,18,False,[]
"(2724, 5358)",2,18,False,[]
"(6750, 7606)",2,18,False,[]
"(4801, 10362)",2,18,False,[]
"(6700, 7671)",2,18,False,[]
"(585, 2558, 3491)",3,17,True,[2558]
"(3888, 10338)",2,17,False,[]
"(13228, 13850)",2,17,True,[13228]
"(678, 1868)",2,17,True,[1868]
"(2926, 7426)",2,17,False,[]
"(6032, 10278)",2,16,False,[]
"(6655, 8931)",2,16,False,[]
"(3150, 4597)",2,16,False,[]
"(1315, 7733)",2,15,False,[]
"(6003, 7458)",2,15,False,[]
"(983, 3316)",2,14,False,[]
"(12471, 13943)",2,14,False,[]
"(8486, 11227)",2,14,False,[]
"(4977, 8993, 11956)",3,14,False,[]
"(4704, 7966)",2,14,False,[]
"(5294, 8236)",2,13,False,[]
"(7719, 9542)",2,13,False,[]
"(6478, 9622)",2,12,True,[6478]
"(4931, 7475)",2,12,False,[]
"(896, 12412)",2,12,True,[896]
"(2288, 4470)",2,12,False,[]
"(262, 450, 3691)",3,12,True,[3691]
"(11895, 13612)",2,12,True,[13612]
"(6193, 9173)",2,12,True,[6193]
"(3116, 8159)",2,12,False,[]
"(6605, 10605)",2,11,False,[]
"(8838, 10261)",2,11,False,[]
"(7040, 7426)",2,11,False,[]
"(5491, 9971)",2,11,False,[]
"(5260, 6229)",2,11,False,[]
"(1429, 1703)",2,11,True,[1703]
"(6413, 8085)",2,11,False,[]
"(503, 1073)",2,11,False,[]
"(12942, 13858)",2,11,True,[12942]
"(1490, 4025)",2,10,False,[]
"(5337, 13513)",2,10,False,[]
"(3731, 11984)",2,10,True,[11984]
"(11693, 13258)",2,10,False,[]
"(7223, 8204)",2,10,False,[]
"(7914, 9988)",2,10,False,[]
"(1440, 2606)",2,10,True,[2606]
"(7484, 8825)",2,10,False,[]
"(4031, 9529)",2,10,True,[4031]
"(12535, 13158)",2,10,False,[]
"(3044, 9757)",2,10,True,[9757]
"(5017, 8882)",2,10,False,[]
"(6193, 9979)",2,10,True,[6193]
"(2213, 5578)",2,10,False,[]
"(12810, 13852)",2,10,True,[12810]
"(4208, 9871)",2,10,False,[]
"(5521, 7450)",2,10,False,[]
"(2319, 2407)",2,9,True,[2319]
"(12881, 13825)",2,9,False,[]
"(671, 6191)",2,9,True,[671]
"(2055, 13818)",2,9,False,[]
"(1046, 4326)",2,9,False,[]
"(12353, 13588)",2,9,True,[13588]
"(2010, 2604)",2,9,False,[]
"(8986, 13876)",2,9,True,[8986]
"(385, 1723)",2,9,False,[]
"(2996, 11314)",2,9,False,[]
"(2570, 7958)",2,9,True,[7958]
"(2524, 7796)",2,9,False,[]
"(3261, 7762)",2,9,False,[]
"(7857, 13418)",2,8,True,[7857]
"(2010, 9520)",2,8,False,[]
"(473, 732)",2,8,False,[]
"(5473, 9722)",2,8,False,[]
"(5681, 8418)",2,8,False,[]
"(199, 8693, 9410)",3,8,False,[]
"(8227, 11227)",2,8,False,[]
"(1850, 7309)",2,8,False,[]
"(6032, 10202)",2,8,False,[]
"(171, 10561)",2,8,False,[]
"(2672, 7379)",2,8,False,[]
"(5780, 8378)",2,8,True,[8378]
"(5294, 8640)",2,8,False,[]
"(12629, 12696)",2,8,False,[]
"(6151, 11388)",2,8,False,[]
"(10041, 11242)",2,8,False,[]
"(8078, 9578)",2,8,True,[9578]
"(2948, 9683)",2,8,True,[2948]
"(5073, 11956)",2,8,False,[]
"(5393, 12806)",2,8,False,[]
"(2274, 9476)",2,8,False,[]
"(2220, 7965)",2,8,False,[]
"(12762, 12855)",2,8,False,[]
"(8852, 13911)",2,8,True,[13911]
"(4184, 6873, 6945)",3,8,False,[]
"(212, 229)",2,8,False,[]
"(11021, 12960)",2,8,True,[12960]
"(891, 3923)",2,7,True,[3923]
"(5026, 7503)",2,7,False,[]
"(7650, 7712)",2,7,True,[7712]
"(6655, 9586)",2,7,False,[]
"(1723, 2010)",2,7,False,[]
"(6655, 9626)",2,7,False,[]
"(2486, 8054)",2,7,True,[8054]
"(4979, 6250)",2,7,False,[]
"(3063, 12380)",2,7,False,[]
"(1124, 9312)",2,7,False,[]
"(645, 4097)",2,7,False,[]
"(6400, 7921)",2,7,False,[]
"(12439, 13556)",2,7,False,[]
"(3753, 12911)",2,7,True,[3753]
"(9552, 10195)",2,7,True,[9552]
"(6066, 12806)",2,7,False,[]
"(1455, 5389)",2,7,False,[]
"(214, 5784)",2,7,False,[]
"(2209, 4186)",2,7,True,[4186]
"(5637, 7199)",2,7,True,[5637]
"(6400, 7800)",2,7,False,[]
"(12763, 13030)",2,7,False,[]
"(983, 3405)",2,7,False,[]
"(7673, 9907)",2,7,True,[7673]
"(12581, 13515)",2,7,False,[]
"(2377, 3269)",2,7,False,[]
"(5013, 7496)",2,7,False,[]
"(2806, 12583)",2,7,True,[2806]
"(3171, 11890)",2,7,False,[]
"(1817, 3886)",2,7,True,[3886]
"(11163, 13030)",2,7,False,[]
"(954, 4061)",2,7,False,[]
"(2010, 4286)",2,7,False,[]
"(828, 2027)",2,7,False,[]
"(6655, 9530)",2,7,False,[]
"(4389, 9223)",2,7,False,[]
"(4, 3303)",2,7,True,[3303]
"(2458, 6293)",2,6,True,[2458]
"(6727, 9343)",2,6,False,[]
"(3433, 8061)",2,6,False,[]
"(2348, 4549)",2,6,False,[]
"(306, 2654, 3825, 4061, 9316)",5,6,False,[]
"(573, 2041)",2,6,True,[2041]
"(651, 5901)",2,6,False,[]
"(4973, 6784)",2,6,True,[6784]
"(5056, 10376)",2,6,False,[]
"(3007, 5367)",2,6,False,[]
"(472, 613)",2,6,True,[613]
"(6393, 6912)",2,6,False,[]
"(1772, 5026)",2,6,False,[]
"(5979, 7935)",2,6,False,[]
"(6677, 8069)",2,6,False,[]
"(879, 2694)",2,6,False,[]
"(2618, 6463)",2,6,True,[6463]
"(8085, 13973)",2,6,False,[]
"(5046, 6659)",2,6,False,[]
"(199, 7561, 8693, 9410)",4,6,False,[]
"(4008, 10164)",2,6,False,[]
"(277, 1818, 2683, 4930, 7171, 11118, 11179, 11780)",8,6,False,[]
"(3974, 7336)",2,6,False,[]
"(4286, 9829)",2,6,False,[]
"(8812, 11542)",2,6,True,[11542]
"(8548, 8642)",2,6,False,[]
"(2635, 13822)",2,6,False,[]
"(197, 402)",2,6,False,[]
"(11849, 12207)",2,6,False,[]
"(2109, 4400)",2,6,False,[]
"(6999, 9088)",2,6,True,[9088]
"(13263, 13287)",2,6,True,[13263]
"(3345, 9414)",2,6,False,[]
"(603, 7279)",2,6,False,[]
"(13369, 13880)",2,6,True,[13880]
"(1478, 3347)",2,6,True,[3347]
"(13332, 13792)",2,6,False,[]
"(1046, 4180)",2,6,False,[]
"(10535, 11453)",2,6,False,[]
"(12762, 13034)",2,6,False,[]
"(815, 1074, 1613)",3,6,False,[]
"(2010, 2944)",2,6,False,[]
"(299, 8909)",2,6,False,[]
"(5154, 7565)",2,6,True,[5154]
"(3805, 11400)",2,6,False,[]
"(1831, 10036)",2,6,True,[1831]
"(10491, 13852)",2,6,True,[10491]
"(1864, 2742)",2,6,False,[]
"(2837, 8180)",2,6,True,[2837]
"(239, 7130)",2,6,False,[]
"(4427, 12910)",2,6,False,[]
"(5907, 9180)",2,6,True,[5907]
"(4704, 7924)",2,6,False,[]
"(160, 1291, 1936, 8554)",4,6,True,[1936]
"(1322, 13971)",2,6,False,[]
"(12946, 13534)",2,6,True,[12946]
"(4463, 4802)",2,5,True,"[4463, 4802]"
"(259, 10077)",2,5,False,[]
"(13298, 13411)",2,5,True,[13411]
"(1471, 13081)",2,5,False,[]
"(3433, 7066, 11344)",3,5,False,[]
"(4127, 7476)",2,5,False,[]
"(564, 2744)",2,5,False,[]
"(5685, 7202)",2,5,False,[]
"(785, 4363)",2,5,False,[]
"(1464, 4763)",2,5,False,[]
"(12209, 13695)",2,5,False,[]
"(9058, 11962)",2,5,True,"[9058, 11962]"
"(3362, 13585)",2,5,True,"[3362, 13585]"
"(2097, 4258)",2,5,False,[]
"(2552, 8597)",2,5,True,[2552]
"(3583, 6705)",2,5,False,[]
"(1922, 2604)",2,5,False,[]
"(649, 2728)",2,5,False,[]
"(5301, 9803)",2,5,False,[]
"(4570, 9008)",2,5,False,[]
"(5053, 7169)",2,5,True,[7169]
"(7471, 9571)",2,5,True,[7471]
"(7155, 7226)",2,5,False,[]
"(6710, 9878)",2,5,True,[9878]
"(7625, 11276)",2,5,False,[]
"(1938, 3800)",2,5,False,[]
"(11730, 12652)",2,5,True,[12652]
"(1561, 1797)",2,5,True,[1561]
"(13252, 14181)",2,5,False,[]
"(2719, 3150)",2,5,False,[]
"(3073, 11316)",2,5,True,[3073]
"(9645, 13004)",2,5,False,[]
"(10518, 11384)",2,5,False,[]
"(2115, 3263)",2,5,False,[]
"(983, 3151)",2,5,False,[]
"(71, 6900)",2,5,False,[]
"(6439, 12647)",2,5,False,[]
"(1273, 1733)",2,5,True,[1273]
"(12762, 13409)",2,5,False,[]
"(5066, 12911)",2,5,True,[5066]
"(13730, 14001)",2,5,True,[14001]
"(3615, 9291)",2,5,False,[]
"(9318, 13825)",2,5,True,[9318]
"(9802, 11364)",2,5,False,[]
"(9983, 13780)",2,5,False,[]
"(2156, 3055, 5665)",3,5,True,[5665]
"(3376, 14191)",2,5,True,[14191]
"(589, 10275)",2,5,True,[10275]
"(3839, 9506)",2,5,False,[]
"(3434, 3870)",2,5,False,[]
"(12696, 13547)",2,5,False,[]
"(5342, 9332)",2,5,True,[9332]
"(6137, 7028)",2,5,False,[]
"(7501, 9984)",2,5,False,[]
"(3762, 11374)",2,5,False,[]
"(3411, 8437)",2,5,False,[]
"(983, 4061)",2,5,False,[]
"(210, 6337)",2,5,False,[]
"(11172, 13825)",2,5,False,[]
"(9382, 10497)",2,5,True,[10497]
"(4193, 10348)",2,5,False,[]
"(5318, 9411)",2,5,False,[]
"(7024, 9664)",2,5,True,[7024]
"(9452, 13490)",2,5,True,[9452]
"(12529, 13385)",2,5,True,[13385]
"(13234, 13298)",2,5,False,[]
"(10077, 10205)",2,5,False,[]
"(2707, 5524)",2,5,False,[]
"(5781, 13097)",2,5,False,[]
"(863, 2082)",2,5,False,[]
"(8089, 13442)",2,5,True,[8089]
"(13309, 13310)",2,5,True,[13309]
"(1288, 1529)",2,5,False,[]
"(185, 1880)",2,5,True,[1880]
"(10386, 10764)",2,5,False,[]
"(1151, 5851)",2,5,False,[]
"(2154, 4306)",2,5,True,[4306]
"(234, 990, 2850)",3,5,True,[990]
"(5124, 7416)",2,5,True,[5124]
"(1838, 11639)",2,5,False,[]
"(1634, 3952)",2,5,False,[]
"(793, 1095)",2,5,False,[]
"(2589, 5214)",2,5,True,[5214]
"(5346, 6679)",2,5,False,[]
"(6198, 9317)",2,5,True,[6198]
"(1297, 2232, 2808)",3,5,False,[]
"(5251, 9738)",2,5,False,[]
"(223, 7130)",2,5,False,[]
"(8528, 11805)",2,5,True,[11805]
"(485, 4079)",2,5,False,[]
"(9344, 13003)",2,5,True,[9344]
"(11710, 12834)",2,5,False,[]
"(304, 540)",2,5,False,[]
"(2010, 4329)",2,5,False,[]
"(389, 587)",2,5,False,[]
"(5556, 7685)",2,5,True,[5556]
"(11172, 12932)",2,5,False,[]
"(6129, 6976)",2,5,False,[]
"(3466, 8983)",2,5,False,[]
"(12529, 13336)",2,5,False,[]
"(12767, 13335)",2,5,True,"[12767, 13335]"
"(4896, 11362)",2,5,False,[]
"(3665, 9339)",2,5,True,[9339]
"(9774, 11610)",2,5,True,[9774]
"(2209, 4950)",2,5,False,[]
"(2861, 8782)",2,5,False,[]
"(1922, 3762)",2,5,False,[]
"(4177, 9939)",2,5,True,[4177]
"(2995, 5982)",2,5,False,[]
"(5864, 5888)",2,5,False,[]
"(9476, 11372)",2,5,False,[]
"(7484, 8017)",2,4,False,[]
"(192, 983, 3398)",3,4,True,[3398]
"(2915, 11711)",2,4,False,[]
"(871, 1631, 4477)",3,4,False,[]
"(3302, 9273)",2,4,True,"[3302, 9273]"
"(5571, 9451)",2,4,False,[]
"(7482, 9424)",2,4,True,[9424]
"(329, 1174)",2,4,True,[329]
"(11102, 12408)",2,4,True,[11102]
"(7980, 8781)",2,4,False,[]
"(6137, 7395)",2,4,False,[]
"(10115, 12885)",2,4,True,"[10115, 12885]"
"(1819, 9914, 10347)",3,4,True,"[9914, 10347]"
"(1479, 4211, 11678)",3,4,True,[1479]
"(3680, 10268)",2,4,True,[10268]
"(4212, 9772)",2,4,True,"[4212, 9772]"
"(12471, 13970)",2,4,False,[]
"(2315, 2550)",2,4,False,[]
"(11021, 12550)",2,4,False,[]
"(12515, 13158)",2,4,False,[]
"(5609, 11196)",2,4,False,[]
"(1438, 5102)",2,4,True,[1438]
"(3204, 8749)",2,4,False,[]
"(2075, 6079)",2,4,False,[]
"(8389, 11388)",2,4,False,[]
"(7054, 8768)",2,4,False,[]
"(12815, 14068)",2,4,True,[14068]
"(3265, 4028)",2,4,True,[4028]
"(8133, 13552)",2,4,True,"[8133, 13552]"
"(1710, 2525)",2,4,False,[]
"(6794, 9481)",2,4,True,[9481]
"(5611, 12033)",2,4,True,[12033]
"(3012, 10576)",2,4,True,"[3012, 10576]"
"(10036, 11364)",2,4,False,[]
"(1468, 9611)",2,4,True,[9611]
"(3331, 5712)",2,4,True,[5712]
"(2075, 6004)",2,4,False,[]
"(1785, 3524)",2,4,True,[1785]
"(5318, 10371)",2,4,True,[10371]
"(4153, 9684)",2,4,False,[]
"(1034, 9179)",2,4,True,[9179]
"(7067, 12396)",2,4,True,[12396]
"(981, 12682)",2,4,True,[981]
"(3894, 12511)",2,4,True,[12511]
"(736, 1677)",2,4,True,"[736, 1677]"
"(2407, 8709)",2,4,False,[]
"(3133, 12698)",2,4,True,[12698]
"(5014, 7154, 10369)",3,4,False,[]
"(4043, 9720)",2,4,False,[]
"(4061, 4269)",2,4,False,[]
"(6552, 8218)",2,4,True,[8218]
"(678, 5256)",2,4,True,[5256]
"(1005, 1299)",2,4,True,[1005]
"(6407, 7800)",2,4,False,[]
"(7824, 9687)",2,4,True,[9687]
"(3433, 8061, 10662)",3,4,False,[]
"(3761, 10958)",2,4,True,[3761]
"(105, 201, 557, 674, 1173, 1194, 2668, 3083, 7066, 9410, 10520)",11,4,True,[10520]
"(8066, 8647)",2,4,False,[]
"(3969, 5711, 7227)",3,4,True,[3969]
"(3580, 4504)",2,4,True,[4504]
"(3212, 6069)",2,4,True,[3212]
"(5222, 9727)",2,4,False,[]
"(5222, 9849)",2,4,False,[]
"(477, 2028)",2,4,False,[]
"(5222, 6458)",2,4,True,[6458]
"(8029, 9239)",2,4,True,[9239]
"(5498, 11632)",2,4,False,[]
"(2109, 3588)",2,4,False,[]
"(2208, 5872)",2,4,True,[5872]
"(5986, 13789)",2,4,False,[]
"(2462, 4408)",2,4,False,[]
"(5185, 14287)",2,4,False,[]
"(6008, 10738)",2,4,True,[6008]
"(2698, 9682)",2,4,False,[]
"(4354, 7289)",2,4,False,[]
"(3943, 10596)",2,4,True,"[3943, 10596]"
"(13605, 13832)",2,4,True,[13832]
"(385, 1723, 2010)",3,4,False,[]
"(993, 4560)",2,4,True,[993]
"(5375, 8852)",2,4,False,[]
"(13017, 13296)",2,4,True,[13017]
"(6264, 9539)",2,4,True,[6264]
"(6748, 6940)",2,4,False,[]
"(3585, 4764, 8363)",3,4,True,[4764]
"(164, 3356)",2,4,False,[]
"(391, 537)",2,4,True,"[391, 537]"
"(4249, 4398)",2,4,True,[4249]
"(4077, 6450)",2,4,True,[4077]
"(9924, 10966)",2,4,False,[]
"(7719, 9499)",2,4,False,[]
"(12811, 13550)",2,4,False,[]
"(4157, 4983)",2,4,True,[4983]
"(8269, 8694)",2,4,False,[]
"(4327, 8365)",2,4,True,"[4327, 8365]"
"(1124, 1792)",2,4,False,[]
"(1530, 12448)",2,4,True,[1530]
"(5187, 6761)",2,4,False,[]
"(5748, 9652)",2,4,True,[9652]
"(8395, 13531)",2,4,True,[13531]
"(11849, 14034)",2,4,True,[14034]
"(999, 1299)",2,4,False,[]
"(4030, 9417)",2,4,True,[4030]
"(807, 2220)",2,4,False,[]
"(626, 988)",2,4,True,[988]
"(12962, 13761)",2,4,True,[13761]
"(4632, 12891)",2,4,True,[4632]
"(2737, 11948)",2,4,False,[]
"(4369, 6585)",2,4,True,[6585]
"(5807, 9738)",2,4,True,[5807]
"(231, 6946, 9728)",3,4,False,[]
"(1671, 2802)",2,4,True,[2802]
"(12198, 13303)",2,4,True,[13303]
"(1120, 1120)",2,4,False,[]
"(5186, 9583)",2,4,False,[]
"(1473, 2737)",2,4,False,[]
"(2553, 4559)",2,4,False,[]
"(799, 1182)",2,4,False,[]
"(2240, 2547)",2,4,False,[]
"(6032, 10747)",2,4,False,[]
"(5045, 10741)",2,4,True,[10741]
"(4117, 4286, 9829)",3,4,False,[]
"(12336, 13282)",2,4,True,"[12336, 13282]"
"(4197, 5006)",2,4,False,[]
"(5603, 8203)",2,4,True,[8203]
"(983, 3682)",2,4,False,[]
"(10376, 12960)",2,4,True,[12960]
"(7700, 13451)",2,4,True,[13451]
"(3613, 7618)",2,4,False,[]
"(3678, 4735)",2,4,True,[4735]
"(5633, 5762)",2,4,True,[5633]
"(11895, 13143)",2,4,True,[13143]
"(2928, 10496)",2,4,False,[]
"(3434, 3870, 10841)",3,4,False,[]
"(438, 726)",2,4,True,[726]
"(5502, 9416)",2,4,True,[9416]
"(1789, 5732)",2,4,True,[5732]
"(12529, 13626)",2,4,True,[13626]
"(636, 3372)",2,4,True,[636]
"(6655, 9895)",2,4,False,[]
"(12529, 12844)",2,4,False,[]
"(7419, 12441)",2,4,True,"[7419, 12441]"
"(8466, 10564)",2,4,True,[8466]
"(432, 9487)",2,4,False,[]
"(8879, 10261)",2,4,False,[]
"(783, 10229)",2,4,True,[783]
"(2449, 2803)",2,4,False,[]
"(359, 13076)",2,4,False,[]
"(7330, 11918)",2,4,True,[7330]
"(2332, 8204)",2,3,False,[]
"(6574, 6815)",2,3,False,[]
"(3002, 5528)",2,3,True,[3002]
"(5743, 12648)",2,3,True,[5743]
"(12530, 12762)",2,3,False,[]
"(954, 3111)",2,3,False,[]
"(6159, 7732)",2,3,False,[]
"(6032, 11176)",2,3,False,[]
"(2352, 7972)",2,3,False,[]
"(6746, 8354)",2,3,True,[6746]
"(6825, 9313)",2,3,False,[]
"(7719, 9472)",2,3,False,[]
"(6040, 9034)",2,3,True,[9034]
"(3801, 9328)",2,3,True,[9328]
"(147, 566)",2,3,False,[]
"(1624, 2377, 3269)",3,3,True,[1624]
"(6734, 9798)",2,3,False,[]
"(79, 6013)",2,3,False,[]
"(4570, 8512)",2,3,False,[]
"(1990, 4542)",2,3,False,[]
"(4977, 9309, 11956)",3,3,False,[]
"(5477, 5842)",2,3,True,[5477]
"(5006, 6006)",2,3,True,[6006]
"(2151, 13372)",2,3,False,[]
"(3758, 3758)",2,3,True,[3758]
"(6219, 11192)",2,3,False,[]
"(1299, 1570)",2,3,False,[]
"(983, 2069)",2,3,False,[]
"(620, 3252)",2,3,False,[]
"(964, 12471)",2,3,False,[]
"(2928, 4083)",2,3,False,[]
"(1566, 4055)",2,3,True,[1566]
"(600, 3261, 7762)",3,3,False,[]
"(4855, 4948)",2,3,False,[]
"(8144, 13112)",2,3,True,[13112]
"(7518, 7650)",2,3,True,[7518]
"(4008, 5093)",2,3,False,[]
"(1602, 2799)",2,3,False,[]
"(10630, 11451)",2,3,True,[11451]
"(3081, 5006)",2,3,True,[3081]
"(1014, 2040)",2,3,False,[]
"(5215, 12185)",2,3,True,[12185]
"(5332, 6940)",2,3,False,[]
"(3401, 7449)",2,3,False,[]
"(5056, 12811)",2,3,False,[]
"(2385, 4970)",2,3,True,[2385]
"(1599, 10793)",2,3,True,[1599]
"(735, 1304)",2,3,False,[]
"(6711, 7486)",2,3,False,[]
"(1523, 7247)",2,3,True,[7247]
"(8284, 9455)",2,3,False,[]
"(5429, 9722)",2,3,False,[]
"(647, 11495)",2,3,True,[11495]
"(10631, 11539)",2,3,True,[11539]
"(2553, 3696, 6417)",3,3,True,[6417]
"(3900, 8017)",2,3,False,[]
"(486, 1313)",2,3,False,[]
"(5056, 11861)",2,3,False,[]
"(10680, 11663)",2,3,True,"[10680, 11663]"
"(1870, 11236)",2,3,False,[]
"(2393, 2619)",2,3,False,[]
"(2377, 3713)",2,3,False,[]
"(2534, 8117)",2,3,False,[]
"(6941, 7094)",2,3,True,"[6941, 7094]"
"(9771, 9998)",2,3,False,[]
"(1922, 9724)",2,3,True,[9724]
"(413, 1330, 5723)",3,3,True,[1330]
"(5540, 8124, 12817, 13462, 13529)",5,3,True,[12817]
"(8190, 11189)",2,3,True,[11189]
"(12530, 12696)",2,3,False,[]
"(7930, 8084)",2,3,False,[]
"(219, 12207)",2,3,False,[]
"(3122, 8491)",2,3,False,[]
"(1857, 7765)",2,3,False,[]
"(220, 3196)",2,3,True,[3196]
"(5352, 6685)",2,3,True,[6685]
"(1834, 4234, 12589)",3,3,True,"[4234, 12589]"
"(1220, 5990)",2,3,True,[5990]
"(4989, 6845)",2,3,False,[]
"(983, 3268)",2,3,False,[]
"(12948, 14170)",2,3,True,"[12948, 14170]"
"(3306, 8822)",2,3,True,[3306]
"(10047, 10574)",2,3,True,[10047]
"(4048, 10416)",2,3,False,[]
"(4343, 12236)",2,3,True,[12236]
"(1068, 2783)",2,3,True,[2783]
"(9218, 11524)",2,3,False,[]
"(3240, 10480)",2,3,False,[]
"(2121, 5934)",2,3,True,[5934]
"(13461, 13850)",2,3,True,[13461]
"(2423, 10568)",2,3,False,[]
"(7362, 13312)",2,3,True,[13312]
"(6074, 7363)",2,3,True,[7363]
"(12471, 13605)",2,3,False,[]
"(11587, 14331)",2,3,True,[11587]
"(134, 328)",2,3,True,[328]
"(6137, 6799)",2,3,True,[6799]
"(4570, 8794)",2,3,False,[]
"(2610, 9362)",2,3,True,"[2610, 9362]"
"(983, 3822)",2,3,False,[]
"(596, 3092)",2,3,True,[3092]
"(815, 1529)",2,3,False,[]
"(2369, 3171)",2,3,True,[2369]
"(4085, 7297)",2,3,True,"[4085, 7297]"
"(6400, 8344)",2,3,True,[8344]
"(7275, 8596)",2,3,True,[7275]
"(3783, 4061)",2,3,False,[]
"(4296, 4355)",2,3,True,[4296]
"(4964, 6815)",2,3,True,[4964]
"(2719, 4088)",2,3,False,[]
"(2354, 2549)",2,3,True,[2549]
"(12784, 14034)",2,3,True,[14034]
"(179, 3665, 9339)",3,3,True,[9339]
"(880, 8302)",2,3,False,[]
"(4038, 8556)",2,3,True,[8556]
"(1485, 2949)",2,3,False,[]
"(2647, 7692)",2,3,False,[]
"(7440, 12719)",2,3,True,[12719]
"(6670, 7184)",2,3,False,[]
"(7971, 9354)",2,3,False,[]
"(1565, 9032)",2,3,False,[]
"(11414, 12739, 13557)",3,3,True,[12739]
"(2437, 3417)",2,3,False,[]
"(7801, 11886)",2,3,False,[]
"(12847, 13850)",2,3,True,[12847]
"(1465, 2773)",2,3,False,[]
"(13550, 14319)",2,3,False,[]
"(1673, 5138)",2,3,False,[]
"(4795, 6804)",2,3,True,[6804]
"(838, 5325)",2,3,False,[]
"(9039, 14002)",2,3,True,[14002]
"(417, 4759)",2,3,False,[]
"(12329, 14006)",2,3,True,[14006]
"(299, 4093)",2,3,False,[]
"(7643, 8854)",2,3,False,[]
"(2536, 9112)",2,3,False,[]
"(858, 2449)",2,3,True,[858]
"(349, 2386)",2,3,False,[]
"(5010, 10506, 13669)",3,3,False,[]
"(8923, 13769)",2,3,False,[]
"(335, 6471)",2,3,True,"[335, 6471]"
"(3150, 3385)",2,3,False,[]
"(332, 484)",2,3,False,[]
"(6727, 9082)",2,3,False,[]
"(3842, 10422)",2,3,True,[10422]
"(3680, 9669)",2,3,True,[9669]
"(12696, 13791)",2,3,True,[13791]
"(1142, 6229)",2,3,False,[]
"(8083, 10240)",2,3,True,[10240]
"(318, 2751)",2,3,False,[]
"(8211, 11031)",2,3,True,[11031]
"(1457, 3391)",2,3,True,[1457]
"(7532, 12260)",2,3,False,[]
"(7594, 10065)",2,3,True,[10065]
"(1255, 2187)",2,3,True,[2187]
"(1209, 4323)",2,3,False,[]
"(2010, 2803)",2,3,False,[]
"(2503, 7144)",2,3,True,"[2503, 7144]"
"(7796, 11362)",2,3,False,[]
"(4115, 6032)",2,3,True,[4115]
"(2636, 8674)",2,3,False,[]
"(4106, 12642)",2,3,True,[12642]
"(3831, 6138)",2,3,True,[3831]
"(6085, 13152)",2,3,False,[]
"(7597, 11673)",2,3,True,[7597]
"(1471, 11956)",2,3,False,[]
"(3216, 11558)",2,3,False,[]
"(2553, 3994)",2,3,False,[]
"(4570, 8915)",2,3,False,[]
"(1824, 2867)",2,3,False,[]
"(4853, 5389)",2,3,False,[]
"(1236, 2390)",2,3,False,[]
"(10888, 13625)",2,3,True,[10888]
"(7114, 9971)",2,3,True,[7114]
"(1080, 3944)",2,3,False,[]
"(7791, 13641)",2,3,True,[7791]
"(5653, 7433)",2,3,False,[]
"(3293, 8870)",2,3,False,[]
"(3448, 5395)",2,3,False,[]
"(8031, 8516)",2,3,True,[8516]
"(4262, 5413)",2,3,True,[5413]
"(284, 4575)",2,3,True,"[284, 4575]"
"(5578, 9383, 9411)",3,3,False,[]
"(5617, 8700)",2,3,True,[8700]
"(845, 3068)",2,3,True,[3068]
"(404, 4159)",2,3,False,[]
"(7034, 7864)",2,3,True,"[7034, 7864]"
"(11728, 13252)",2,3,False,[]
"(4354, 7244)",2,3,False,[]
"(3957, 5029)",2,3,False,[]
"(1357, 10616)",2,3,False,[]
"(626, 1221)",2,3,False,[]
"(1419, 7632)",2,3,False,[]
"(6871, 11045)",2,3,False,[]
"(9661, 13661)",2,3,False,[]
"(6085, 12244)",2,3,False,[]
"(1301, 5862)",2,3,True,[5862]
"(991, 1840)",2,3,True,[1840]
"(2336, 9860)",2,3,True,[2336]
"(1468, 9597)",2,3,False,[]
"(1598, 6038)",2,3,True,[6038]
"(4300, 6111)",2,3,False,[]
"(11233, 11282)",2,3,False,[]
"(8066, 11022)",2,3,True,[11022]
"(2097, 3501)",2,3,False,[]
"(12936, 13534)",2,3,True,[12936]
"(1173, 3083)",2,3,False,[]
"(3103, 4742)",2,3,True,[4742]
"(1471, 2383, 13352)",3,3,False,[]
"(1790, 2912)",2,3,True,[1790]
"(2300, 4948)",2,3,False,[]
"(3479, 9132)",2,3,False,[]
"(1097, 4023)",2,3,False,[]
"(115, 1596)",2,3,False,[]
"(6026, 9365)",2,3,False,[]
"(11483, 13841)",2,3,True,[11483]
"(13231, 13804)",2,3,True,[13804]
"(3479, 9146)",2,3,False,[]
"(13199, 13226)",2,3,True,[13199]
"(2337, 2543)",2,3,False,[]
"(10137, 10360)",2,3,False,[]
"(12728, 13550)",2,3,True,[12728]
"(3301, 9054)",2,3,False,[]
"(4043, 10139)",2,3,False,[]
"(12407, 13875)",2,3,True,[12407]
"(2075, 5644)",2,3,False,[]
"(3810, 8188)",2,3,False,[]
"(9055, 10831)",2,3,False,[]
"(5757, 9007)",2,3,True,[5757]
"(3680, 10199)",2,3,False,[]
"(960, 10250)",2,3,False,[]
"(432, 2863)",2,3,True,[2863]
"(3291, 6430)",2,3,True,[6430]
"(2434, 5122)",2,3,True,[5122]
"(12798, 13158)",2,3,False,[]
"(5429, 9738)",2,3,False,[]
"(9081, 9115)",2,3,False,[]
"(2508, 8306)",2,3,True,[2508]
"(2584, 8376)",2,3,False,[]
"(547, 1362)",2,3,False,[]
"(3572, 8595)",2,3,True,"[3572, 8595]"
"(3554, 11890)",2,3,False,[]
"(1468, 6359)",2,3,True,[6359]
"(258, 6680)",2,3,True,"[258, 6680]"
"(5582, 12809)",2,3,False,[]
"(2061, 12633)",2,3,False,[]
"(170, 6724)",2,3,True,[6724]
"(9929, 11082)",2,3,False,[]
"(11588, 12225)",2,3,True,[12225]
"(262, 350, 450, 3691, 7404, 8330, 10091)",7,3,True,[3691]
"(12879, 14044)",2,3,False,[]
"(1692, 2004)",2,3,True,[1692]
"(6507, 10262)",2,3,False,[]
"(4490, 9601)",2,3,False,[]
"(6338, 9619)",2,3,False,[]
"(1289, 1966)",2,3,False,[]
"(871, 2525)",2,3,False,[]
"(626, 1088)",2,3,True,[1088]
"(9024, 14085)",2,3,False,[]
"(8545, 9889)",2,3,True,[8545]
"(3612, 9132)",2,3,True,[3612]
"(11481, 12503)",2,3,False,[]
"(703, 2969)",2,3,False,[]
"(4761, 9682)",2,3,False,[]
"(12231, 13203)",2,3,False,[]
"(3680, 5531)",2,3,False,[]
"(12609, 13935)",2,3,True,[13935]
"(2419, 4276)",2,3,False,[]
"(3391, 10032)",2,3,False,[]
"(2553, 3865)",2,3,False,[]
"(3278, 3457)",2,3,True,[3278]
"(678, 6151)",2,3,False,[]
"(2525, 2781)",2,3,False,[]
"(7525, 12643)",2,3,True,"[7525, 12643]"
"(4870, 6245)",2,3,True,[6245]
"(6651, 13097)",2,3,False,[]
"(12300, 12512)",2,3,True,[12512]
"(12967, 12968)",2,3,False,[]
"(237, 238, 9728)",3,3,False,[]
"(342, 462)",2,3,True,[462]
"(4532, 6179)",2,3,False,[]
"(6043, 11494)",2,3,True,[6043]
"(3971, 11281)",2,3,False,[]
"(12805, 13030)",2,3,False,[]
"(3253, 9266)",2,3,True,[3253]
"(6333, 6865)",2,3,False,[]
"(2868, 6858)",2,3,True,[2868]
"(6655, 9798)",2,3,False,[]
"(2841, 9041)",2,3,True,[2841]
"(3928, 10893)",2,3,False,[]
"(8884, 10725)",2,3,False,[]
"(2113, 6156)",2,3,True,"[2113, 6156]"
"(2926, 8411)",2,3,False,[]
"(1922, 2550)",2,3,False,[]
"(831, 4992)",2,3,False,[]
"(11767, 12277)",2,3,True,[11767]
"(1850, 2143, 7309)",3,3,True,[2143]
"(4184, 6945)",2,3,False,[]
"(4535, 8974)",2,3,False,[]
"(653, 2035, 4011)",3,3,True,[2035]
"(5907, 13177)",2,3,True,[5907]
"(1468, 9612)",2,3,False,[]
"(318, 954, 2755, 4061, 4713, 9330)",6,3,False,[]
"(2228, 6056)",2,3,True,[2228]
"(5491, 6720)",2,3,True,[6720]
"(817, 2182)",2,3,False,[]
"(880, 1104, 3491)",3,3,True,[1104]
"(3839, 9857)",2,3,False,[]
"(4811, 9863)",2,3,False,[]
"(1530, 6117)",2,3,True,[1530]
"(10074, 13056)",2,3,True,[10074]
"(169, 192, 983, 1099, 1385, 2730, 3151, 4626, 8004)",9,3,False,[]
"(12863, 14058)",2,3,False,[]
"(7290, 7984)",2,3,True,[7290]
"(810, 5325)",2,3,False,[]
"(6483, 11591)",2,3,True,[11591]
"(7322, 12983)",2,3,True,"[7322, 12983]"
"(13070, 13789)",2,3,False,[]
"(2367, 7124)",2,3,False,[]
"(755, 7384)",2,3,True,[7384]
"(5607, 7055)",2,3,True,[7055]
"(13020, 13534)",2,3,False,[]
"(1356, 7097)",2,3,True,[1356]
"(11646, 12153)",2,3,True,"[11646, 12153]"
"(8852, 13740)",2,3,False,[]
"(5016, 8852)",2,3,True,[5016]
"(7379, 11706)",2,3,False,[]
"(633, 3158)",2,3,True,[3158]
"(2138, 3056)",2,3,False,[]
"(4486, 4564)",2,3,True,[4486]
"(13296, 13818)",2,3,False,[]
"(2482, 8736)",2,3,True,[2482]
"(7426, 7579)",2,3,True,[7579]
"(5552, 7637)",2,3,False,[]
"(10956, 12579)",2,3,True,[10956]
"(6551, 14082)",2,3,True,[6551]
"(5825, 10266)",2,3,False,[]
"(4353, 5157)",2,3,False,[]
"(633, 3108)",2,3,False,[]
"(1490, 4387)",2,3,True,[4387]
"(12841, 13656)",2,3,True,[13656]
"(603, 4433)",2,2,True,[4433]
"(6185, 10012)",2,2,True,"[6185, 10012]"
"(410, 1313)",2,2,False,[]
"(4759, 14311)",2,2,True,[14311]
"(7277, 10278)",2,2,False,[]
"(4528, 12479)",2,2,True,[4528]
"(3047, 9494)",2,2,True,[3047]
"(2288, 11633)",2,2,True,[11633]
"(6047, 10469)",2,2,False,[]
"(6388, 8020)",2,2,False,[]
"(5354, 10411)",2,2,True,[5354]
"(954, 6513)",2,2,True,[6513]
"(6547, 7625)",2,2,False,[]
"(5173, 8850)",2,2,True,[5173]
"(2488, 12166)",2,2,False,[]
"(12170, 13990)",2,2,False,[]
"(5, 7385)",2,2,True,"[5, 7385]"
"(19, 34)",2,2,False,[]
"(2152, 8202)",2,2,False,[]
"(1173, 3026)",2,2,False,[]
"(6740, 9026)",2,2,True,[6740]
"(548, 8521, 11769, 11879)",4,2,True,[11769]
"(57, 315, 1607, 2679, 7892)",5,2,True,[2679]
"(4232, 8037)",2,2,True,"[4232, 8037]"
"(1322, 8006)",2,2,False,[]
"(13168, 13859)",2,2,True,[13168]
"(13107, 13332)",2,2,False,[]
"(3901, 8109, 8309)",3,2,False,[]
"(818, 1188)",2,2,False,[]
"(2176, 2795)",2,2,False,[]
"(1922, 2096, 11766)",3,2,False,[]
"(3514, 4965)",2,2,True,[4965]
"(2010, 7798)",2,2,False,[]
"(3617, 7162)",2,2,True,[7162]
"(5342, 7822)",2,2,True,[7822]
"(413, 1295, 5723)",3,2,False,[]
"(1270, 2199)",2,2,True,[1270]
"(2711, 10340)",2,2,True,[10340]
"(6007, 8484)",2,2,True,[8484]
"(2075, 6102)",2,2,True,[6102]
"(8916, 10261)",2,2,False,[]
"(9415, 12499)",2,2,True,[12499]
"(4252, 10418)",2,2,True,[10418]
"(3656, 8880)",2,2,True,[8880]
"(12740, 12741)",2,2,True,[12740]
"(1065, 4430)",2,2,False,[]
"(11163, 13482)",2,2,False,[]
"(442, 4135)",2,2,True,[442]
"(504, 7196)",2,2,True,[504]
"(309, 5754)",2,2,True,[5754]
"(8310, 9449, 12698)",3,2,True,[12698]
"(8852, 9700)",2,2,True,[9700]
"(5363, 12703)",2,2,True,[5363]
"(6229, 10105)",2,2,False,[]
"(6221, 6631)",2,2,False,[]
"(11246, 14123)",2,2,True,[11246]
"(3639, 12265)",2,2,True,[3639]
"(187, 358, 7445, 9944, 11095)",5,2,True,[11095]
"(4900, 4998)",2,2,False,[]
"(340, 6223)",2,2,True,[6223]
"(5443, 10634)",2,2,False,[]
"(4969, 7504)",2,2,True,[4969]
"(2109, 4207)",2,2,True,[4207]
"(192, 5811)",2,2,False,[]
"(366, 3783)",2,2,False,[]
"(6655, 8937)",2,2,False,[]
"(5204, 13033)",2,2,True,[13033]
"(3558, 3977)",2,2,False,[]
"(3714, 7501)",2,2,False,[]
"(1017, 1217)",2,2,False,[]
"(6338, 10454)",2,2,True,[10454]
"(10737, 10919)",2,2,True,[10737]
"(4450, 12651)",2,2,True,[12651]
"(629, 2256, 2408)",3,2,False,[]
"(3420, 5258)",2,2,True,[3420]
"(1504, 5210)",2,2,False,[]
"(8824, 10244)",2,2,True,[10244]
"(663, 7356, 10928)",3,2,True,"[7356, 10928]"
"(9476, 12391)",2,2,False,[]
"(1364, 2402, 3948)",3,2,False,[]
"(3378, 11288)",2,2,False,[]
"(118, 12473)",2,2,True,"[118, 12473]"
"(10271, 13076)",2,2,True,[10271]
"(2321, 8818)",2,2,True,"[2321, 8818]"
"(1375, 1920)",2,2,False,[]
"(10323, 12306)",2,2,True,[10323]
"(3544, 7233)",2,2,True,[7233]
"(8552, 13227)",2,2,True,[8552]
"(12811, 13943)",2,2,False,[]
"(1782, 6705)",2,2,True,[1782]
"(7270, 9770)",2,2,True,[9770]
"(3162, 8480)",2,2,False,[]
"(1210, 12099)",2,2,False,[]
"(2958, 7767)",2,2,False,[]
"(2277, 2302)",2,2,False,[]
"(7059, 10073)",2,2,True,[10073]
"(6008, 10802)",2,2,True,[6008]
"(3615, 9310)",2,2,True,[9310]
"(5074, 6974)",2,2,False,[]
"(4977, 8993)",2,2,False,[]
"(7894, 9582)",2,2,False,[]
"(1706, 2670)",2,2,True,[1706]
"(1557, 3636)",2,2,False,[]
"(1407, 10308)",2,2,False,[]
"(10376, 13068)",2,2,False,[]
"(1009, 1928, 8554)",3,2,True,[1928]
"(8211, 11342)",2,2,False,[]
"(3094, 8535)",2,2,False,[]
"(8966, 9026)",2,2,True,[8966]
"(12772, 14023)",2,2,True,[12772]
"(8847, 11677)",2,2,True,[8847]
"(1375, 5585)",2,2,False,[]
"(5977, 12244)",2,2,True,[5977]
"(5571, 9408)",2,2,False,[]
"(3046, 10309)",2,2,False,[]
"(1773, 4721)",2,2,True,[4721]
"(11886, 13661)",2,2,False,[]
"(12015, 13330)",2,2,False,[]
"(5715, 7709)",2,2,False,[]
"(2672, 5778)",2,2,False,[]
"(9000, 9037)",2,2,True,[9000]
"(8802, 9656)",2,2,True,[9656]
"(8275, 12286)",2,2,False,[]
"(10117, 13295)",2,2,True,"[10117, 13295]"
"(724, 1935)",2,2,False,[]
"(586, 4677)",2,2,True,[4677]
"(316, 3771, 9112)",3,2,False,[]
"(3224, 8870)",2,2,False,[]
"(871, 1631)",2,2,False,[]
"(4060, 8629)",2,2,False,[]
"(2286, 7796)",2,2,False,[]
"(828, 3766)",2,2,True,[3766]
"(1690, 2732)",2,2,True,[2732]
"(817, 3459)",2,2,True,[3459]
"(6743, 7605)",2,2,False,[]
"(9804, 12579)",2,2,True,[9804]
"(717, 13905)",2,2,True,[13905]
"(1866, 2733)",2,2,True,[1866]
"(3839, 9274)",2,2,False,[]
"(1667, 2462)",2,2,True,[1667]
"(1259, 4020)",2,2,False,[]
"(6153, 8572)",2,2,False,[]
"(10037, 11026)",2,2,True,"[10037, 11026]"
"(90, 1837)",2,2,False,[]
"(1269, 2892, 7901)",3,2,True,[1269]
"(7424, 11358)",2,2,True,[7424]
"(1539, 4879)",2,2,False,[]
"(6780, 10012)",2,2,True,"[6780, 10012]"
"(2382, 12550)",2,2,False,[]
"(4656, 7969)",2,2,True,[4656]
"(4006, 6542)",2,2,True,[4006]
"(6655, 9439)",2,2,False,[]
"(2163, 7796)",2,2,False,[]
"(3738, 12773)",2,2,True,[3738]
"(121, 5560)",2,2,False,[]
"(1433, 2473, 8851)",3,2,False,[]
"(5017, 8624)",2,2,False,[]
"(274, 7926)",2,2,True,[7926]
"(1115, 12107)",2,2,False,[]
"(1428, 1799)",2,2,False,[]
"(12978, 13420)",2,2,False,[]
"(1643, 3821)",2,2,True,[3821]
"(9351, 11454)",2,2,True,[11454]
"(2055, 13393)",2,2,False,[]
"(2326, 7854)",2,2,False,[]
"(1494, 3625)",2,2,True,[1494]
"(5628, 6219)",2,2,True,[5628]
"(7066, 11344)",2,2,False,[]
"(884, 9292)",2,2,True,"[884, 9292]"
"(7484, 12093)",2,2,False,[]
"(433, 3584)",2,2,False,[]
"(8688, 9924)",2,2,False,[]
"(582, 3046, 10309)",3,2,True,[582]
"(309, 1048, 3449)",3,2,True,[3449]
"(2050, 4861)",2,2,True,[4861]
"(1856, 5282)",2,2,True,[1856]
"(5555, 9990)",2,2,True,[9990]
"(8917, 14211)",2,2,True,[14211]
"(7132, 9057)",2,2,True,[7132]
"(428, 1433, 2473, 8851)",4,2,False,[]
"(4139, 4955)",2,2,False,[]
"(846, 4992)",2,2,True,[846]
"(7355, 11392)",2,2,True,[11392]
"(7734, 9534)",2,2,False,[]
"(1145, 2061)",2,2,True,[1145]
"(930, 5131)",2,2,False,[]
"(6193, 10832)",2,2,True,[6193]
"(1183, 2155)",2,2,False,[]
"(2951, 9157)",2,2,True,[9157]
"(1478, 4791)",2,2,True,[4791]
"(10377, 13454)",2,2,True,[10377]
"(923, 3902)",2,2,False,[]
"(11137, 14038)",2,2,False,[]
"(7797, 10617)",2,2,True,[7797]
"(6825, 10200)",2,2,True,[10200]
"(5342, 8557)",2,2,False,[]
"(510, 5180)",2,2,False,[]
"(698, 2206)",2,2,False,[]
"(6137, 9992)",2,2,False,[]
"(5492, 8557)",2,2,False,[]
"(12015, 13375)",2,2,True,[13375]
"(1335, 6602)",2,2,True,[6602]
"(5067, 6406)",2,2,False,[]
"(9682, 11251)",2,2,False,[]
"(1905, 2653)",2,2,False,[]
"(1513, 2377)",2,2,False,[]
"(2627, 3523)",2,2,True,[3523]
"(8704, 9988)",2,2,False,[]
"(3901, 8469)",2,2,True,[8469]
"(2993, 13676)",2,2,True,[2993]
"(983, 3614)",2,2,True,[3614]
"(13370, 14022)",2,2,True,"[13370, 14022]"
"(10469, 12701)",2,2,True,[12701]
"(3888, 10199)",2,2,False,[]
"(690, 1625)",2,2,True,[690]
"(192, 669, 1481, 2069, 3239)",5,2,False,[]
"(3756, 6779)",2,2,False,[]
"(954, 2751)",2,2,False,[]
"(1207, 1207)",2,2,False,[]
"(868, 5186, 9583)",3,2,True,[868]
"(6251, 12386)",2,2,True,[6251]
"(5016, 9913)",2,2,True,[5016]
"(3783, 6734)",2,2,False,[]
"(6205, 10880)",2,2,True,"[6205, 10880]"
"(3956, 6940)",2,2,True,[3956]
"(12212, 14012)",2,2,False,[]
"(12515, 13440)",2,2,True,[13440]
"(2271, 4776)",2,2,True,[4776]
"(7213, 8830)",2,2,True,[8830]
"(115, 312)",2,2,False,[]
"(548, 4061)",2,2,False,[]
"(2728, 13945)",2,2,False,[]
"(4540, 11375)",2,2,True,[11375]
"(6324, 7841)",2,2,False,[]
"(7374, 7783)",2,2,True,[7374]
"(5561, 13746)",2,2,True,[5561]
"(1958, 4880, 6495)",3,2,False,[]
"(1990, 3588)",2,2,False,[]
"(5004, 10756)",2,2,True,"[5004, 10756]"
"(1922, 3643)",2,2,False,[]
"(7993, 10090)",2,2,True,[10090]
"(3224, 8713)",2,2,True,[8713]
"(4172, 8677)",2,2,True,[4172]
"(2719, 12152)",2,2,False,[]
"(142, 263)",2,2,True,[263]
"(3427, 7842)",2,2,True,[3427]
"(2591, 5645)",2,2,False,[]
"(1838, 12490)",2,2,False,[]
"(6336, 10605)",2,2,False,[]
"(10979, 11838)",2,2,True,"[10979, 11838]"
"(8220, 10217)",2,2,True,[8220]
"(3680, 10463)",2,2,True,[10463]
"(1670, 2057)",2,2,True,[1670]
"(1149, 6556)",2,2,False,[]
"(115, 9075)",2,2,False,[]
"(1299, 11268)",2,2,False,[]
"(630, 2144, 2408)",3,2,False,[]
"(629, 2371)",2,2,False,[]
"(13287, 13658)",2,2,True,[13658]
"(3335, 6989, 9566)",3,2,True,"[3335, 6989]"
"(1254, 6030)",2,2,True,[6030]
"(12341, 14092)",2,2,True,[12341]
"(3686, 8256)",2,2,True,"[3686, 8256]"
"(301, 2285)",2,2,False,[]
"(7811, 9542)",2,2,True,[7811]
"(2489, 7765)",2,2,True,[2489]
"(1572, 3685)",2,2,True,[3685]
"(41, 515)",2,2,False,[]
"(7592, 10978)",2,2,True,"[7592, 10978]"
"(10944, 11524)",2,2,False,[]
"(10431, 12216)",2,2,True,[12216]
"(274, 2109, 4151, 6560)",4,2,True,[6560]
"(8125, 10587)",2,2,True,"[8125, 10587]"
"(651, 4958, 5501, 9077)",4,2,False,[]
"(6790, 9749)",2,2,True,"[6790, 9749]"
"(1186, 8507)",2,2,True,[8507]
"(2553, 3696)",2,2,False,[]
"(7490, 13834)",2,2,False,[]
"(6670, 7784)",2,2,True,[7784]
"(12530, 12962)",2,2,False,[]
"(4021, 8537)",2,2,True,[8537]
"(358, 1819)",2,2,False,[]
"(50, 2942, 9010)",3,2,True,"[2942, 9010]"
"(192, 983, 2414)",3,2,False,[]
"(167, 6900)",2,2,False,[]
"(3809, 12119)",2,2,True,[3809]
"(4022, 9025)",2,2,True,"[4022, 9025]"
"(3979, 7876)",2,2,True,[3979]
"(381, 983, 2069)",3,2,False,[]
"(6229, 8165)",2,2,True,[8165]
"(3426, 5447, 6238)",3,2,True,[3426]
"(2114, 5548)",2,2,True,[5548]
"(5907, 9469)",2,2,True,[5907]
"(2357, 5193)",2,2,True,[5193]
"(13366, 14056)",2,2,True,[14056]
"(1437, 2219)",2,2,True,[2219]
"(326, 3279, 6489, 6796)",4,2,True,[3279]
"(440, 9598)",2,2,True,[440]
"(969, 1299)",2,2,True,[969]
"(2556, 3076)",2,2,True,[2556]
"(4008, 13213)",2,2,True,[13213]
"(2520, 10510)",2,2,True,[2520]
"(2437, 8111)",2,2,False,[]
"(817, 7658)",2,2,False,[]
"(199, 1312, 8693, 9410)",4,2,False,[]
"(1786, 5569)",2,2,False,[]
"(47, 14308)",2,2,True,[14308]
"(4090, 10649)",2,2,False,[]
"(618, 716)",2,2,True,[716]
"(5107, 10086)",2,2,False,[]
"(7870, 10904)",2,2,True,[7870]
"(447, 447)",2,2,True,[447]
"(7460, 10911)",2,2,True,"[7460, 10911]"
"(1522, 2653)",2,2,False,[]
"(1922, 9325)",2,2,False,[]
"(2722, 11131)",2,2,True,[2722]
"(1809, 11321)",2,2,True,[1809]
"(823, 2415)",2,2,True,[2415]
"(4354, 6845, 7944)",3,2,False,[]
"(10810, 11075)",2,2,True,[11075]
"(223, 6337)",2,2,False,[]
"(778, 12083)",2,2,True,[12083]
"(3806, 4441)",2,2,True,[4441]
"(8324, 9596)",2,2,True,[9596]
"(10214, 12535, 13158)",3,2,True,[10214]
"(4553, 5301, 6505)",3,2,False,[]
"(571, 12570)",2,2,True,[12570]
"(1289, 4239)",2,2,False,[]
"(8029, 9396)",2,2,False,[]
"(7266, 9925)",2,2,False,[]
"(8251, 12680)",2,2,True,[12680]
"(938, 6265)",2,2,True,[938]
"(25, 14047)",2,2,False,[]
"(2090, 4011)",2,2,False,[]
"(3162, 6203, 7402, 9630)",4,2,False,[]
"(110, 6250, 13925)",3,2,True,[13925]
"(192, 1481, 2414)",3,2,False,[]
"(4217, 4586)",2,2,True,[4586]
"(1583, 10501)",2,2,True,[10501]
"(983, 4692, 5208)",3,2,True,[4692]
"(897, 10249)",2,2,True,[10249]
"(6055, 10009)",2,2,True,[6055]
"(7178, 8574)",2,2,True,[7178]
"(4408, 7214)",2,2,False,[]
"(2172, 5469)",2,2,True,"[2172, 5469]"
"(1210, 6029)",2,2,True,[6029]
"(230, 3109)",2,2,False,[]
"(12928, 13482)",2,2,True,[12928]
"(7723, 9924)",2,2,False,[]
"(2762, 11323)",2,2,True,"[2762, 11323]"
"(4447, 9559)",2,2,True,[9559]
"(1993, 6490)",2,2,True,[6490]
"(5144, 6761)",2,2,True,[5144]
"(11044, 13645)",2,2,True,[11044]
"(4447, 8790)",2,2,False,[]
"(1115, 10541, 12107)",3,2,True,[10541]
"(2550, 3150)",2,2,False,[]
"(3609, 6553)",2,2,True,[3609]
"(2803, 9325)",2,2,False,[]
"(983, 3962)",2,2,True,[3962]
"(5667, 6263)",2,2,False,[]
"(4773, 6620)",2,2,True,[4773]
"(2274, 10294)",2,2,True,[10294]
"(10041, 12150)",2,2,False,[]
"(4616, 7210)",2,2,False,[]
"(5092, 5380)",2,2,True,[5092]
"(3918, 10761)",2,2,True,[10761]
"(12023, 12095)",2,2,True,[12095]
"(8685, 11332)",2,2,True,[11332]
"(3537, 4078)",2,2,True,[4078]
"(3895, 9079)",2,2,True,[3895]
"(1106, 4130)",2,2,True,[4130]
"(3070, 3186, 11470)",3,2,True,[3186]
"(5887, 10823)",2,2,True,[5887]
"(125, 566)",2,2,False,[]
"(3220, 3314)",2,2,True,[3220]
"(5010, 13485)",2,2,False,[]
"(2595, 4843)",2,2,True,[4843]
"(7173, 11534)",2,2,True,[11534]
"(7756, 10986)",2,2,True,[10986]
"(8614, 8615)",2,2,True,[8615]
"(4353, 13027)",2,2,False,[]
"(2327, 4808)",2,2,True,[4808]
"(1249, 8757)",2,2,True,[1249]
"(2649, 13055)",2,2,True,[13055]
"(2134, 5675)",2,2,True,[5675]
"(5698, 6530)",2,2,True,[6530]
"(12127, 12404)",2,2,True,"[12127, 12404]"
"(3960, 9755)",2,2,True,[9755]
"(8942, 9327)",2,2,True,"[8942, 9327]"
"(12378, 13786)",2,2,True,[12378]
"(5061, 7915)",2,2,True,[7915]
"(4711, 6920)",2,2,True,[4711]
"(2377, 3622)",2,2,False,[]
"(2428, 5651, 7950)",3,2,True,[5651]
"(7259, 12963)",2,2,True,[7259]
"(12209, 13719)",2,2,True,[13719]
"(6649, 12806)",2,2,True,[6649]
"(5888, 10065)",2,2,True,[10065]
"(1665, 2194, 2377, 6957)",4,2,True,[1665]
"(10549, 11241, 13160)",3,2,True,"[10549, 11241]"
"(11301, 11702)",2,2,True,"[11301, 11702]"
"(6037, 9080)",2,2,True,[9080]
"(10950, 13902)",2,2,True,[10950]
"(4557, 5986)",2,2,True,[4557]
"(5703, 10189)",2,2,False,[]
"(7291, 9211)",2,2,True,[7291]
"(529, 2713)",2,2,True,[2713]
"(5343, 12189, 13433)",3,2,False,[]
"(8231, 9643)",2,2,True,[8231]
"(7323, 7631)",2,2,True,[7631]
"(3785, 12379)",2,2,True,[12379]
"(2352, 10148)",2,2,False,[]
"(3207, 5418)",2,2,True,[5418]
"(6147, 8029)",2,2,False,[]
"(1711, 5863)",2,2,False,[]
"(8232, 10192)",2,2,True,"[8232, 10192]"
"(7048, 12465)",2,2,True,[7048]
"(5335, 9114)",2,2,False,[]
"(921, 10821)",2,2,True,[921]
"(3339, 9638)",2,2,True,[9638]
"(4119, 5889, 13445, 13446)",4,2,False,[]
"(570, 578)",2,2,False,[]
"(1724, 3748)",2,2,False,[]
"(1084, 5309)",2,2,False,[]
"(2243, 5770)",2,2,True,[5770]
"(11476, 12644)",2,2,True,[12644]
"(2712, 8299)",2,2,False,[]
"(799, 9300)",2,2,True,[9300]
"(2904, 5803)",2,2,True,[2904]
"(7999, 10661)",2,2,False,[]
"(533, 4079)",2,2,True,[533]
"(8583, 9718)",2,2,True,[8583]
"(2928, 7426)",2,2,False,[]
"(533, 4079, 4781)",3,2,True,[533]
"(5178, 12189, 13362)",3,2,False,[]
"(9333, 10653)",2,2,True,[9333]
"(3145, 9401)",2,2,True,[9401]
"(7147, 8436)",2,2,False,[]
"(4913, 6480)",2,2,True,[6480]
"(1353, 1651, 1859)",3,2,False,[]
"(8613, 10295)",2,2,True,"[8613, 10295]"
"(7180, 11129)",2,2,True,"[7180, 11129]"
"(192, 983, 2295)",3,2,False,[]
"(985, 5742)",2,2,True,[5742]
"(72, 13579)",2,2,True,[13579]
"(1210, 1210)",2,2,False,[]
"(2109, 4293, 5598, 8557)",4,2,False,[]
"(1200, 4122, 5306)",3,2,True,[1200]
"(4840, 8508)",2,2,True,[4840]
"(294, 2408, 2417, 3551, 4713, 9334)",6,2,True,[3551]
"(12906, 13351)",2,2,True,"[12906, 13351]"
"(7550, 8540)",2,2,True,[7550]
"(318, 5906, 6814)",3,2,True,[5906]
"(4129, 6208)",2,2,True,"[4129, 6208]"
"(2575, 11299)",2,2,True,"[2575, 11299]"
"(48, 2058, 3338)",3,2,True,[3338]
"(4695, 8539)",2,2,True,[8539]
"(2352, 13716)",2,2,False,[]
"(2326, 6087)",2,2,False,[]
"(799, 10402)",2,2,False,[]
"(4516, 5525)",2,2,True,"[4516, 5525]"
"(2318, 4882)",2,2,True,[2318]
"(271, 13961)",2,2,True,[13961]
"(2288, 10818)",2,2,False,[]
"(11786, 12834)",2,2,False,[]
"(1300, 5353)",2,2,True,[1300]
"(1411, 7994)",2,2,False,[]
"(445, 5697)",2,2,True,"[445, 5697]"
"(5005, 7008)",2,2,True,[7008]
"(6120, 6887)",2,2,False,[]
"(4127, 12252)",2,2,True,[12252]
"(83, 1412, 1987)",3,2,False,[]
"(757, 13357)",2,2,True,"[757, 13357]"
"(4866, 14177)",2,2,False,[]
"(704, 5006, 5375)",3,2,False,[]
"(1308, 5648)",2,2,True,[1308]
"(12931, 13916)",2,2,True,[12931]
"(338, 5681, 8418)",3,2,False,[]
"(4710, 10058)",2,2,True,[4710]
"(4394, 4737)",2,2,True,"[4394, 4737]"
"(11010, 13899)",2,2,True,[11010]
"(886, 1829, 2981)",3,2,True,"[1829, 2981]"
"(91, 466, 1223, 2504)",4,2,True,[1223]
"(2846, 4468, 5502)",3,2,True,"[2846, 4468]"
"(8789, 13125)",2,2,True,[8789]
"(12542, 13025)",2,2,True,[13025]
"(10059, 10060)",2,2,False,[]
"(453, 2267, 3847, 4591, 10624)",5,2,True,[10624]
"(5174, 9636)",2,2,True,[9636]
"(218, 4222)",2,2,True,[4222]
"(10185, 13618)",2,2,False,[]
"(313, 2882, 6561)",3,2,True,[2882]
"(7040, 13962)",2,2,False,[]
"(7078, 13024)",2,2,True,[7078]
"(10296, 14104)",2,2,True,"[10296, 14104]"
"(3569, 13356)",2,2,True,"[3569, 13356]"
"(2274, 4934)",2,2,True,[4934]
"(334, 4152)",2,2,True,[4152]
"(1264, 3041)",2,2,True,[3041]
"(58, 10850, 12122)",3,2,True,[10850]
"(1577, 8189)",2,2,True,[8189]
"(9440, 13087)",2,2,True,[13087]
"(631, 2141)",2,2,True,[2141]
"(12696, 13034)",2,2,False,[]
"(1471, 9144)",2,2,True,[9144]
"(13, 2053)",2,2,True,[2053]
"(425, 2728)",2,2,True,[425]
"(8407, 10765)",2,2,True,[10765]
"(9877, 13540)",2,2,False,[]
"(6283, 10937)",2,2,False,[]
"(4713, 9019)",2,2,False,[]
"(5516, 7637)",2,2,False,[]
"(627, 12947)",2,2,True,"[627, 12947]"
"(3509, 6212)",2,2,True,"[3509, 6212]"
"(3727, 8598, 11612)",3,2,True,"[8598, 11612]"
"(8739, 9662)",2,2,False,[]
"(7534, 9065)",2,2,False,[]
"(7508, 8269)",2,2,False,[]
"(3433, 8061, 11344)",3,2,False,[]
"(6612, 6840, 7168)",3,2,True,"[6612, 7168]"
"(80, 6013)",2,2,True,[80]
"(3393, 8703)",2,2,False,[]
"(7201, 11891)",2,2,True,"[7201, 11891]"
"(5615, 12140)",2,2,True,[12140]
"(5188, 11426)",2,2,True,[5188]
"(447, 9699)",2,2,True,[447]
"(1938, 7670)",2,2,False,[]
"(12588, 13971)",2,2,False,[]
"(923, 12444)",2,2,True,[12444]
"(936, 14076)",2,2,True,[14076]
"(8079, 10999)",2,2,True,[10999]
"(1583, 7433)",2,2,False,[]
"(1496, 3860, 4941)",3,2,True,[4941]
"(13664, 13730)",2,2,False,[]
"(10838, 12571)",2,2,False,[]
"(705, 2588)",2,2,False,[]
"(3280, 3341)",2,2,False,[]
"(9233, 11351)",2,2,True,[11351]
"(199, 8081, 9410)",3,2,True,[8081]
"(6713, 7392)",2,2,True,"[6713, 7392]"
"(5660, 7535)",2,2,True,[5660]
"(2039, 2537)",2,2,True,[2039]
"(651, 1625)",2,2,False,[]
"(13945, 13969)",2,2,False,[]
"(10125, 11291)",2,2,True,[11291]
"(6371, 9960)",2,2,True,[6371]
"(5264, 7244)",2,2,False,[]
"(12744, 13800)",2,2,True,[12744]
"(1802, 11682)",2,2,False,[]
"(945, 4992)",2,2,True,[945]
"(2096, 4353)",2,2,False,[]
"(646, 982)",2,2,True,[646]
"(554, 1353)",2,2,False,[]
"(3900, 9702)",2,2,False,[]
"(2349, 11913)",2,2,False,[]
"(983, 3405, 8709)",3,2,False,[]
"(2576, 7881)",2,2,False,[]
"(1012, 11914)",2,2,False,[]
"(2631, 8381)",2,2,False,[]
"(12418, 12723)",2,2,False,[]
"(6535, 8082)",2,2,True,[8082]
"(12846, 13666)",2,2,False,[]
"(5366, 11290)",2,2,True,[11290]
"(10774, 12036)",2,2,True,[12036]
"(4366, 5320)",2,2,False,[]
"(135, 11860)",2,2,False,[]
"(5781, 13382)",2,2,False,[]
"(880, 2821)",2,2,False,[]
"(6749, 6805)",2,2,True,[6805]
"(4830, 13208)",2,2,True,"[4830, 13208]"
"(3998, 11517)",2,2,True,[3998]
"(2372, 2480)",2,2,False,[]
"(1295, 5189)",2,2,True,[5189]
"(5335, 9114, 13194)",3,2,False,[]
"(8775, 13258)",2,2,False,[]
"(333, 565)",2,2,True,[565]
"(180, 1391)",2,2,True,[180]
"(6748, 7678)",2,2,True,[7678]
"(300, 344)",2,2,False,[]
"(2513, 4581)",2,2,False,[]
"(192, 983, 2069)",3,2,False,[]
"(4638, 9422)",2,2,False,[]
"(6354, 9052)",2,2,True,[6354]
"(3906, 5292)",2,2,True,[5292]
"(11397, 11966)",2,2,True,[11397]
"(5587, 6618)",2,2,True,[6618]
"(1503, 3168)",2,2,False,[]
"(2618, 6032)",2,2,False,[]
"(3739, 5161)",2,2,True,[3739]
"(5435, 8885)",2,2,True,[5435]
"(1435, 4558)",2,2,False,[]
"(4977, 9309)",2,2,False,[]
"(38, 3403)",2,2,True,[3403]
"(3920, 13633)",2,2,True,[13633]
"(3125, 8078)",2,2,False,[]
"(7299, 9121)",2,2,False,[]
"(3581, 4120)",2,2,True,"[3581, 4120]"
"(3901, 8309)",2,2,False,[]
"(827, 3323)",2,2,True,[3323]
"(8280, 10041)",2,2,True,[8280]
"(5432, 6155)",2,2,False,[]
"(13771, 13906)",2,2,True,[13771]
"(975, 7306)",2,2,True,[7306]
"(2108, 3288)",2,2,False,[]
"(10376, 12550)",2,2,False,[]
"(12414, 12414)",2,2,True,[12414]
"(7749, 10042)",2,2,True,[7749]
"(4579, 7700)",2,2,False,[]
"(1250, 11107)",2,2,True,[11107]
"(2259, 10566)",2,2,False,[]
"(2403, 6124, 6606, 11219)",4,2,True,"[6124, 6606]"
"(4701, 5536)",2,2,False,[]
"(3228, 9298)",2,2,False,[]
"(4479, 7708)",2,2,True,[7708]
"(539, 1744, 2424, 8270)",4,2,True,[8270]
"(2313, 7223, 7732)",3,2,False,[]
"(4119, 4584)",2,2,False,[]
"(1235, 1754)",2,2,False,[]
"(4191, 10043)",2,2,True,[4191]
"(1328, 7632)",2,2,False,[]
"(4182, 8283)",2,2,False,[]
"(9425, 10036)",2,2,False,[]
"(2407, 9839)",2,2,False,[]
"(1468, 5071)",2,2,False,[]
"(3824, 5049)",2,2,True,[3824]
"(7308, 12173)",2,2,True,[12173]
"(2348, 8969)",2,2,False,[]
"(10420, 12408)",2,2,False,[]
"(2288, 10350)",2,2,False,[]
"(7609, 12849)",2,2,True,[12849]
"(7399, 7685)",2,2,False,[]
"(12811, 13605)",2,2,False,[]
"(1124, 8489)",2,2,False,[]
"(9297, 9924)",2,2,False,[]
"(2348, 6053)",2,2,False,[]
"(6229, 10036)",2,2,False,[]
"(370, 6085)",2,2,False,[]
"(2312, 3504)",2,2,True,[2312]
"(3227, 5484)",2,2,True,"[3227, 5484]"
"(5249, 7503)",2,2,False,[]
"(6874, 7342)",2,2,True,[7342]
"(1684, 8967)",2,2,False,[]
"(3280, 5156)",2,2,False,[]
"(2799, 7855)",2,2,False,[]
"(9496, 11510)",2,2,False,[]
"(5796, 7277)",2,2,False,[]
"(2757, 4681)",2,2,False,[]
"(2878, 9997)",2,2,True,[2878]
"(2488, 5409)",2,2,True,[5409]
"(5252, 8017)",2,2,False,[]
"(282, 297)",2,2,True,[282]
"(5026, 6616)",2,2,True,[6616]
"(2449, 3993)",2,2,True,[3993]
"(12078, 13929)",2,2,True,"[12078, 13929]"
"(4413, 10147)",2,2,True,[4413]
"(1102, 3150)",2,2,True,[1102]
"(1224, 3026)",2,2,False,[]
"(2663, 2663)",2,2,False,[]
"(277, 1818, 2683, 3548, 4930, 7171, 11118, 11179, 11780)",9,2,False,[]
"(2454, 6188)",2,2,True,[2454]
"(4327, 8855)",2,2,True,[4327]
"(4065, 13117)",2,2,False,[]
"(6486, 11687)",2,2,True,"[6486, 11687]"
"(2832, 2922)",2,2,True,[2922]
"(9886, 13501)",2,2,True,[9886]
"(1007, 1917)",2,2,True,[1917]
"(12984, 13547)",2,2,False,[]
"(1588, 2682, 2749, 3849, 5362)",5,2,True,[2749]
"(5790, 7763)",2,2,False,[]
"(1922, 3035)",2,2,True,[3035]
"(338, 983, 2362, 3682)",4,2,False,[]
"(3992, 3992)",2,2,False,[]
"(2382, 7455)",2,2,False,[]
"(56, 13434)",2,2,False,[]
"(5318, 9733)",2,2,False,[]
"(2719, 3507)",2,2,False,[]
"(602, 1869, 8044)",3,2,False,[]
"(10376, 13175)",2,2,False,[]
"(293, 1629)",2,2,True,"[293, 1629]"
"(2485, 5903)",2,2,True,[5903]
"(531, 3176)",2,2,False,[]
"(7869, 9670)",2,2,True,[9670]
"(3938, 12785)",2,2,False,[]
"(1354, 12369)",2,2,True,[12369]
"(1503, 6376)",2,2,False,[]
"(3178, 10876, 12675)",3,2,True,[12675]
"(339, 4354, 6845, 7944)",4,2,False,[]
"(4709, 13279)",2,2,True,[4709]
"(8398, 10647)",2,2,True,[8398]
"(6027, 12806)",2,2,True,[6027]
"(66, 186, 2527)",3,2,True,[186]
"(961, 5815)",2,2,True,[961]
"(3588, 6487)",2,2,True,[6487]
"(10176, 12926)",2,2,True,[12926]
"(1857, 6032)",2,2,False,[]
"(7774, 9507)",2,2,True,[9507]
"(645, 3494)",2,2,False,[]
"(1471, 13359)",2,2,True,[13359]
"(1543, 8149)",2,2,True,[1543]
"(10286, 10461)",2,2,True,[10286]
"(8548, 9562)",2,2,False,[]
"(761, 5325)",2,2,False,[]
"(12773, 13550)",2,2,False,[]
"(5472, 12424)",2,2,False,[]
"(7103, 8049)",2,2,True,"[7103, 8049]"
"(10682, 12859)",2,2,True,[12859]
"(6453, 10844)",2,2,True,[10844]
"(8324, 9505)",2,2,True,[9505]
"(463, 797, 5834, 6284)",4,2,True,[5834]
"(1959, 6031)",2,2,False,[]
"(12202, 12592)",2,2,True,[12202]
"(6375, 10408)",2,2,True,[6375]
"(1144, 8895)",2,2,True,[1144]
"(4265, 6617)",2,2,False,[]
"(1296, 9165)",2,2,False,[]
"(8323, 8976)",2,2,True,[8976]
"(3179, 6947)",2,2,True,[3179]
"(6948, 11943)",2,2,True,[11943]
"(4008, 8095)",2,2,False,[]
"(473, 634)",2,2,False,[]
"(1124, 5758)",2,2,True,[5758]
"(1064, 4458)",2,2,False,[]
"(1012, 3054)",2,2,False,[]
"(7833, 13172)",2,2,True,"[7833, 13172]"
"(481, 1521)",2,2,True,[481]
"(398, 983, 7938)",3,2,True,[7938]
"(3475, 9361)",2,2,False,[]
"(385, 1663)",2,2,True,[1663]
"(2179, 5662)",2,2,True,[2179]
"(633, 9547)",2,2,False,[]
"(274, 4317)",2,2,True,[4317]
"(4381, 9126)",2,2,True,"[4381, 9126]"
"(164, 7303)",2,2,True,[7303]
"(5663, 7901)",2,2,False,[]
"(13130, 13865)",2,2,True,"[13130, 13865]"
"(8645, 10319)",2,2,True,[8645]
"(996, 2850)",2,2,False,[]
"(1662, 2525)",2,2,True,[1662]
"(2437, 3050, 3417)",3,2,False,[]
"(210, 7130)",2,2,False,[]
"(4435, 8287)",2,2,True,[8287]
"(3882, 5342)",2,2,True,[3882]
"(4902, 8894)",2,2,True,[8894]
"(2718, 7616)",2,2,True,[7616]
"(3474, 11112)",2,2,True,[3474]
"(3759, 12421)",2,2,True,[12421]
"(5878, 12420)",2,2,True,[5878]
"(1953, 13034)",2,2,False,[]
"(9162, 12108)",2,2,True,[9162]
"(1048, 4195)",2,2,True,[4195]
"(5615, 8085)",2,2,False,[]
"(3843, 13030)",2,2,True,[3843]
"(1922, 6396)",2,2,False,[]
"(1589, 10352)",2,2,False,[]
"(5393, 12857)",2,2,False,[]
"(1097, 7067)",2,2,False,[]
"(2022, 4659)",2,2,False,[]
"(6032, 7277)",2,2,False,[]
"(9127, 10424)",2,2,True,[9127]
"(8436, 12856)",2,2,True,[12856]
"(3764, 8855)",2,2,True,[3764]
"(9390, 10842)",2,2,True,"[9390, 10842]"
"(989, 4686)",2,2,True,[4686]
"(12696, 13336)",2,2,False,[]
"(2661, 10575)",2,2,True,[2661]
"(5052, 10712)",2,2,True,[10712]
"(4442, 13576)",2,2,True,[13576]
"(3492, 5077)",2,2,False,[]
"(10834, 11150)",2,2,False,[]
"(2236, 6943)",2,2,True,[6943]
"(4115, 7277)",2,2,True,[4115]
"(9382, 10285, 10376)",3,2,False,[]
"(155, 904)",2,2,True,[155]
"(958, 2242, 4609)",3,2,False,[]
"(6228, 14081)",2,2,True,[6228]
"(4410, 10569)",2,2,True,[4410]
"(516, 518)",2,2,True,"[516, 518]"
"(899, 7867)",2,2,False,[]
"(12629, 12762)",2,2,False,[]
"(5557, 6577)",2,2,False,[]
"(7432, 7522)",2,2,False,[]
"(6178, 6316)",2,2,True,[6178]
"(356, 5724)",2,2,False,[]
"(6843, 10685)",2,2,False,[]
"(4509, 8334)",2,2,True,[4509]
"(3716, 12059)",2,2,True,[12059]
"(6032, 9593)",2,2,True,[9593]
"(1600, 6002)",2,2,True,[1600]
"(2488, 5241)",2,2,False,[]
"(13020, 13275)",2,2,False,[]
"(418, 4411)",2,2,True,[418]
"(591, 8835)",2,2,True,[8835]
"(4182, 8542)",2,2,False,[]
"(9833, 13932)",2,2,False,[]
"(649, 948)",2,2,False,[]
"(2075, 5558)",2,2,True,[5558]
"(1976, 3855)",2,2,True,[3855]
"(4334, 14165)",2,2,True,[14165]
"(2022, 10036)",2,2,False,[]
"(2399, 2910)",2,2,True,[2399]
"(1328, 12073)",2,2,False,[]
"(4906, 5250)",2,2,True,"[4906, 5250]"
"(983, 3599)",2,2,True,[3599]
"(3062, 8762)",2,2,True,"[3062, 8762]"
"(1997, 7563)",2,2,True,[7563]
"(59, 9797)",2,2,False,[]
"(3499, 5989, 8488)",3,2,False,[]
"(2803, 5392)",2,2,True,[5392]
"(9572, 10497)",2,2,True,[10497]
"(12731, 13030)",2,2,False,[]
"(2062, 5309)",2,2,True,[2062]
"(9570, 10665)",2,2,True,[9570]
"(5127, 5328)",2,2,False,[]
"(12086, 13849)",2,2,False,[]
"(6013, 9313)",2,2,False,[]
"(5804, 6898)",2,2,True,[6898]
"(895, 1639)",2,2,True,[1639]
"(1969, 5896)",2,2,True,[5896]
"(505, 6094)",2,2,False,[]
"(1349, 3938)",2,2,True,[1349]
"(3129, 3190)",2,2,False,[]
"(8990, 9660)",2,2,True,[8990]
"(192, 983, 4846)",3,2,False,[]
"(8235, 8543)",2,2,True,[8543]
"(7019, 7383)",2,2,True,[7019]
"(4020, 8237)",2,2,False,[]
"(6934, 7232)",2,2,False,[]
"(8105, 10304)",2,2,True,[10304]
"(626, 5538)",2,2,True,[5538]
"(6655, 9864)",2,2,False,[]
"(1190, 5379)",2,2,True,"[1190, 5379]"
"(384, 13989)",2,2,False,[]
"(5336, 11704)",2,2,True,[5336]
"(10551, 10663)",2,2,True,[10551]
"(4671, 11763)",2,2,True,[4671]
"(9118, 13104)",2,2,True,[9118]
"(1468, 6117)",2,2,False,[]
"(2570, 8618)",2,2,False,[]
"(2787, 8840)",2,2,True,"[2787, 8840]"
"(2990, 4516, 4516)",3,2,True,"[2990, 4516]"
"(337, 4688)",2,2,False,[]
"(7379, 11706, 12899)",3,2,False,[]
"(2790, 6503)",2,2,True,[2790]
"(271, 2418)",2,2,True,[2418]
"(10235, 12064)",2,2,True,[12064]
"(5427, 9240)",2,2,False,[]
"(3488, 8063)",2,2,False,[]
"(6927, 10862)",2,2,True,[6927]
"(2799, 6967)",2,2,True,[6967]
"(13232, 13548)",2,2,True,[13548]
"(11567, 12528)",2,2,True,[11567]
"(1450, 5890)",2,2,False,[]
"(9630, 10331)",2,2,True,[10331]
"(689, 2565)",2,2,True,[2565]
"(2783, 4848)",2,2,True,[2783]
"(1234, 5914)",2,2,True,[5914]
"(2970, 10827)",2,2,True,[10827]
"(3129, 6725)",2,2,False,[]
"(12209, 13613)",2,2,True,[13613]
"(1202, 3743)",2,2,False,[]
"(2010, 9325)",2,2,False,[]
"(3488, 6059, 10657)",3,2,False,[]
"(1251, 11480)",2,2,True,[11480]
"(1060, 4183)",2,2,True,[4183]
"(1294, 1441)",2,2,True,[1294]
"(5973, 7988)",2,2,True,[7988]
"(3757, 10765)",2,2,True,[10765]
"(335, 3732)",2,2,True,[335]
"(3224, 8437)",2,2,False,[]
"(4228, 9521)",2,2,True,[4228]
"(13101, 13877)",2,2,True,[13877]
"(7105, 12970)",2,2,True,[12970]
"(9, 7130)",2,2,False,[]
"(4005, 8729)",2,2,True,"[4005, 8729]"
"(11450, 13511)",2,2,True,[11450]
"(5605, 11654)",2,2,True,[5605]
"(1687, 3512)",2,2,False,[]
"(134, 4986)",2,2,True,[4986]
"(8196, 9507)",2,2,True,[9507]
"(7223, 7732)",2,2,False,[]
"(471, 877)",2,2,False,[]
"(1066, 1702, 5281)",3,2,True,[1702]
"(316, 3771)",2,2,False,[]
"(5709, 8200)",2,2,True,[5709]
"(11339, 12909)",2,2,True,[11339]
"(5013, 5866, 7496)",3,2,False,[]
"(3224, 9769)",2,2,False,[]
"(4082, 8870)",2,2,True,[4082]
"(1766, 5480)",2,2,True,[5480]
"(12582, 13589)",2,2,True,[12582]
"(7126, 10036)",2,2,True,[7126]
"(1403, 2377)",2,2,False,[]
"(2189, 13450)",2,2,False,[]
"(534, 12188)",2,2,True,[534]
"(1489, 13081)",2,2,False,[]
"(667, 9241)",2,2,False,[]
"(2356, 5068)",2,2,True,[2356]
"(569, 2946)",2,2,True,[569]
"(639, 11905)",2,2,True,[639]
"(1584, 3923)",2,2,True,[3923]
"(8834, 8970)",2,2,False,[]
"(7500, 9828)",2,2,True,[7500]
"(8436, 8963)",2,2,False,[]
"(2584, 9644)",2,2,True,[9644]
"(386, 6536)",2,2,False,[]
"(4739, 6145)",2,2,True,[6145]
"(1796, 3008)",2,2,True,[1796]
"(5777, 10212)",2,2,True,[5777]
"(12696, 13511)",2,2,False,[]
"(5472, 12348)",2,2,True,[12348]
"(3094, 12257)",2,2,False,[]
"(3343, 5357)",2,2,True,"[3343, 5357]"
"(4871, 9068)",2,2,True,[4871]
"(3757, 8913)",2,2,False,[]
"(7560, 13850)",2,2,True,[7560]
"(3466, 5747)",2,2,True,[5747]
"(13, 13098)",2,2,False,[]
"(5678, 6537)",2,2,True,[5678]
"(11163, 13275)",2,2,False,[]
"(2027, 2864)",2,2,True,[2864]
"(3673, 8172)",2,2,True,[3673]
"(1295, 4360)",2,2,True,[4360]
"(1885, 3987)",2,2,True,[3987]
"(4130, 5868)",2,2,True,"[4130, 5868]"
"(3827, 3827)",2,2,False,[]
"(1100, 3488)",2,2,False,[]
"(582, 10309)",2,2,True,[582]
"(8524, 10559)",2,2,False,[]
"(3499, 7633)",2,2,True,[7633]
"(12529, 13511)",2,2,False,[]
"(199, 9410)",2,2,False,[]
"(3794, 12804)",2,2,True,[3794]
"(3129, 9759)",2,2,True,[9759]
"(8802, 8803)",2,2,False,[]
"(4499, 7123)",2,2,True,[4499]
"(3488, 7173)",2,2,False,[]
"(2437, 3050)",2,2,False,[]
"(3024, 8064)",2,2,True,[8064]
"(2822, 4020)",2,2,False,[]
"(597, 728)",2,2,False,[]
"(3191, 6971)",2,2,True,"[3191, 6971]"
"(5556, 5994)",2,2,True,[5556]
"(8257, 8838)",2,2,True,[8257]
"(556, 8000)",2,2,True,[8000]
"(304, 7597)",2,2,True,[7597]
"(1822, 5328, 5618, 9523, 11415)",5,2,True,[9523]
"(2583, 11692)",2,2,True,[11692]
"(2096, 3554)",2,2,False,[]
"(902, 8500)",2,2,True,[8500]
"(2236, 7326)",2,2,True,[7326]
"(88, 942, 2357, 4849)",4,2,True,[88]
"(4648, 8709)",2,2,False,[]
"(12132, 12580)",2,2,True,[12580]
"(3940, 10149)",2,2,True,"[3940, 10149]"
"(5521, 7637)",2,2,False,[]
"(704, 5006)",2,2,False,[]
"(1457, 9153)",2,2,True,[1457]
"(5558, 6627)",2,2,True,[5558]
"(6514, 7396)",2,2,True,[6514]
"(6727, 8027, 9343)",3,2,False,[]
"(7, 6876)",2,2,False,[]
"(5741, 6733)",2,2,False,[]
"(2222, 9718)",2,2,True,[2222]
"(7849, 10512)",2,2,True,"[7849, 10512]"
"(6032, 10719)",2,2,False,[]
"(11056, 13693)",2,2,True,[13693]
"(3646, 10517)",2,2,True,[3646]
"(2274, 8801)",2,2,True,[8801]
"(781, 1501, 2400)",3,2,True,[2400]
"(252, 10408)",2,2,False,[]
"(1012, 3048)",2,2,False,[]
"(7677, 9729)",2,2,False,[]
"(6482, 8086)",2,2,False,[]
"(4815, 6505)",2,2,True,[4815]
"(234, 2850)",2,2,False,[]
"(4599, 9349)",2,2,True,[4599]
"(852, 9271)",2,2,True,[852]
"(156, 8586)",2,2,False,[]
"(1033, 2586, 4987)",3,2,True,[4987]
"(4548, 7552)",2,2,True,[4548]
"(13008, 13854)",2,2,True,[13854]
"(7765, 9982)",2,2,True,[9982]
"(8386, 10334)",2,2,True,[8386]
"(5107, 6660)",2,2,True,[6660]
"(6137, 8252)",2,2,False,[]
"(2525, 3071)",2,2,True,[3071]
"(2584, 9451)",2,2,False,[]
"(386, 1118, 3891, 4682, 6536)",5,2,False,[]
"(14018, 14245)",2,2,True,"[14018, 14245]"
"(5576, 11211, 13485)",3,2,True,[11211]
"(12350, 12966)",2,2,True,"[12350, 12966]"
"(3511, 11191)",2,2,True,[11191]
"(192, 983, 4864)",3,2,False,[]
"(2553, 4556)",2,2,False,[]
"(2768, 11851)",2,2,True,[11851]
"(2253, 4027, 4429)",3,2,True,[4027]
"(3433, 7066, 10662)",3,2,False,[]
"(591, 5334)",2,2,False,[]
"(261, 5006, 5375)",3,2,False,[]
"(112, 5708)",2,2,True,[112]
"(12535, 13874)",2,2,False,[]
"(13231, 13287)",2,2,False,[]
"(4247, 6220)",2,2,False,[]
"(2761, 4023)",2,2,False,[]
"(8992, 13780)",2,2,False,[]
"(2175, 3514)",2,2,False,[]
"(1634, 4061)",2,2,False,[]
"(2718, 7506)",2,2,False,[]
"(13252, 13994)",2,2,False,[]
"(6463, 11477)",2,2,True,"[6463, 11477]"
"(2592, 9237)",2,2,False,[]
"(6314, 9746)",2,2,False,[]
"(4274, 10041)",2,1,False,[]
"(7700, 13926)",2,1,True,[13926]
"(902, 2226)",2,1,False,[]
"(6133, 8093)",2,1,True,"[6133, 8093]"
"(2337, 9747)",2,1,False,[]
"(94, 3094, 8535)",3,1,False,[]
"(5574, 11079)",2,1,True,[5574]
"(6235, 7987)",2,1,True,[7987]
"(171, 4642, 10561)",3,1,False,[]
"(865, 4992)",2,1,False,[]
"(6851, 7462)",2,1,True,[7462]
"(2284, 11040)",2,1,True,[11040]
"(2721, 13897)",2,1,True,"[2721, 13897]"
"(11041, 13243)",2,1,True,"[11041, 13243]"
"(645, 13983)",2,1,True,[13983]
"(11266, 12455)",2,1,True,"[11266, 12455]"
"(5220, 11945)",2,1,True,"[5220, 11945]"
"(12873, 13534)",2,1,True,[12873]
"(4135, 7873)",2,1,False,[]
"(103, 6518)",2,1,True,[6518]
"(3911, 4199)",2,1,True,[3911]
"(7618, 8901)",2,1,False,[]
"(2398, 4080, 6061)",3,1,True,[4080]
"(99, 8900)",2,1,True,[8900]
"(6667, 9853)",2,1,True,[9853]
"(362, 416, 4538, 5573)",4,1,True,[5573]
"(4539, 10689)",2,1,True,[10689]
"(1673, 12992)",2,1,True,[12992]
"(6351, 9327)",2,1,True,"[6351, 9327]"
"(11232, 13683)",2,1,True,"[11232, 13683]"
"(4, 7583)",2,1,True,[7583]
"(3425, 7211)",2,1,True,[3425]
"(1191, 9199)",2,1,True,[9199]
"(1289, 2451)",2,1,False,[]
"(641, 1180)",2,1,True,[1180]
"(1258, 7487)",2,1,True,[7487]
"(8404, 11276)",2,1,True,[8404]
"(2252, 2801, 2819)",3,1,True,"[2252, 2819]"
"(10330, 11979)",2,1,True,"[10330, 11979]"
"(4751, 10620)",2,1,True,[10620]
"(1124, 3912)",2,1,True,[3912]
"(1697, 10179)",2,1,True,[1697]
"(747, 13050)",2,1,True,[13050]
"(1780, 4750)",2,1,True,[4750]
"(1631, 1887)",2,1,False,[]
"(5045, 11324)",2,1,True,[11324]
"(3280, 4246)",2,1,False,[]
"(3140, 10651)",2,1,True,"[3140, 10651]"
"(1403, 7848)",2,1,True,[7848]
"(9645, 13084)",2,1,False,[]
"(2123, 3333)",2,1,True,[2123]
"(695, 1939)",2,1,True,"[695, 1939]"
"(7659, 11124)",2,1,True,[7659]
"(7584, 8052)",2,1,True,[8052]
"(377, 2069, 3783, 6462)",4,1,False,[]
"(2447, 3963)",2,1,True,[2447]
"(320, 3589)",2,1,True,[320]
"(6084, 7463)",2,1,False,[]
"(5441, 7429)",2,1,False,[]
"(5246, 6494)",2,1,True,[6494]
"(2943, 7044, 8186, 9671)",4,1,True,"[7044, 8186]"
"(6291, 12430)",2,1,True,"[6291, 12430]"
"(4466, 5907)",2,1,True,"[4466, 5907]"
"(2377, 8094)",2,1,True,[8094]
"(4418, 12402)",2,1,True,[4418]
"(2138, 7347)",2,1,True,[7347]
"(1751, 5692)",2,1,True,[5692]
"(9622, 11325)",2,1,True,[11325]
"(71, 974)",2,1,True,[974]
"(4048, 10690)",2,1,False,[]
"(4663, 7277)",2,1,True,[4663]
"(1048, 4565, 11696)",3,1,True,[11696]
"(880, 3202)",2,1,True,[3202]
"(2633, 10215)",2,1,True,[10215]
"(2950, 3889, 4349)",3,1,True,[4349]
"(6134, 12790)",2,1,True,[12790]
"(5245, 10503)",2,1,True,[10503]
"(2081, 7309)",2,1,True,[2081]
"(840, 4324)",2,1,True,[840]
"(678, 11946)",2,1,True,[11946]
"(5221, 10905)",2,1,True,"[5221, 10905]"
"(2597, 3410)",2,1,True,[3410]
"(3980, 5192)",2,1,True,[3980]
"(7359, 12210)",2,1,True,[12210]
"(337, 11370)",2,1,False,[]
"(4171, 4775)",2,1,True,[4171]
"(7430, 8122)",2,1,True,[8122]
"(1621, 7252)",2,1,True,"[1621, 7252]"
"(5694, 10721)",2,1,True,"[5694, 10721]"
"(1205, 2002, 3290)",3,1,True,[2002]
"(1361, 2525)",2,1,False,[]
"(2153, 3554)",2,1,False,[]
"(12183, 12894)",2,1,False,[]
"(5946, 7874)",2,1,True,[7874]
"(309, 6323)",2,1,False,[]
"(1012, 5702)",2,1,False,[]
"(5981, 13215)",2,1,True,[13215]
"(12456, 13153)",2,1,True,[13153]
"(778, 11623)",2,1,True,[11623]
"(1086, 11667)",2,1,True,[11667]
"(4859, 14158)",2,1,True,[14158]
"(5374, 7765)",2,1,True,[5374]
"(194, 3890, 10038)",3,1,True,"[194, 10038]"
"(1650, 5057, 11080)",3,1,True,[1650]
"(1631, 4562)",2,1,False,[]
"(1154, 1400)",2,1,True,[1154]
"(1048, 3126)",2,1,True,[3126]
"(11468, 13536)",2,1,True,"[11468, 13536]"
"(8364, 9889)",2,1,True,[8364]
"(6109, 11438)",2,1,True,"[6109, 11438]"
"(5907, 6554)",2,1,True,[5907]
"(12437, 13550)",2,1,False,[]
"(3739, 5967)",2,1,True,[3739]
"(1163, 1922)",2,1,True,[1163]
"(10203, 11995)",2,1,True,"[10203, 11995]"
"(29, 731)",2,1,True,"[29, 731]"
"(372, 1940)",2,1,True,[372]
"(9437, 12864)",2,1,True,[12864]
"(5765, 11267)",2,1,True,"[5765, 11267]"
"(8743, 10318)",2,1,True,[10318]
"(2702, 11644)",2,1,True,[2702]
"(6175, 12245)",2,1,False,[]
"(6108, 10010)",2,1,True,[10010]
"(97, 14089)",2,1,True,[97]
"(3642, 7989)",2,1,True,[7989]
"(2821, 3162, 8396)",3,1,False,[]
"(476, 12209, 13613)",3,1,True,[13613]
"(5272, 5417)",2,1,True,[5417]
"(9074, 10036)",2,1,True,[9074]
"(3684, 5945)",2,1,True,[3684]
"(2920, 9106)",2,1,True,"[2920, 9106]"
"(5795, 10976)",2,1,True,"[5795, 10976]"
"(5773, 7413)",2,1,True,[5773]
"(4752, 10502)",2,1,True,[4752]
"(22, 5077, 9781)",3,1,False,[]
"(9784, 11042)",2,1,True,"[9784, 11042]"
"(5764, 7763)",2,1,True,[5764]
"(301, 1186)",2,1,False,[]
"(992, 1110)",2,1,True,[1110]
"(5924, 12826)",2,1,True,[5924]
"(55, 8329)",2,1,True,"[55, 8329]"
"(512, 1625)",2,1,True,[512]
"(4488, 4774)",2,1,True,[4488]
"(4489, 11296)",2,1,True,[11296]
"(1852, 13146)",2,1,True,[13146]
"(1444, 4170)",2,1,True,"[1444, 4170]"
"(9854, 10089)",2,1,True,[9854]
"(5353, 6314)",2,1,False,[]
"(3250, 6322)",2,1,True,[6322]
"(88, 2752)",2,1,True,[88]
"(749, 6621)",2,1,True,[6621]
"(2722, 4665)",2,1,True,[2722]
"(8975, 12303)",2,1,True,[12303]
"(5335, 8711)",2,1,False,[]
"(1186, 10621)",2,1,True,[10621]
"(1443, 8744)",2,1,True,[1443]
"(9138, 10583)",2,1,True,[9138]
"(570, 9467)",2,1,True,[9467]
"(8829, 12373)",2,1,True,[12373]
"(1566, 12471)",2,1,True,[1566]
"(4713, 9276, 10193)",3,1,False,[]
"(8693, 9410)",2,1,False,[]
"(41, 1924)",2,1,True,[1924]
"(4954, 7812)",2,1,True,"[4954, 7812]"
"(4374, 8346)",2,1,True,[8346]
"(12762, 13684)",2,1,True,[13684]
"(2116, 3015)",2,1,True,[3015]
"(2220, 6985, 7650)",3,1,False,[]
"(3550, 13244)",2,1,True,"[3550, 13244]"
"(3479, 9200)",2,1,True,[9200]
"(3182, 10011)",2,1,True,[3182]
"(12246, 13679)",2,1,True,"[12246, 13679]"
"(2079, 5416)",2,1,True,[5416]
"(2349, 6427)",2,1,True,[6427]
"(3534, 8430)",2,1,True,[3534]
"(8573, 10178)",2,1,True,[10178]
"(6485, 6485)",2,1,False,[]
"(1797, 13889)",2,1,True,[13889]
"(1386, 10975)",2,1,True,"[1386, 10975]"
"(6619, 6849)",2,1,True,[6849]
"(490, 490)",2,1,False,[]
"(2502, 6184)",2,1,True,[6184]
"(7796, 13574)",2,1,True,[13574]
"(7782, 11754)",2,1,True,"[7782, 11754]"
"(1322, 5149)",2,1,False,[]
"(9135, 10036)",2,1,True,[9135]
"(1499, 10650)",2,1,True,[1499]
"(3992, 13240)",2,1,True,[13240]
"(598, 6378)",2,1,True,"[598, 6378]"
"(12599, 14293)",2,1,True,"[12599, 14293]"
"(1468, 9436)",2,1,False,[]
"(1671, 2820)",2,1,False,[]
"(5373, 10940)",2,1,True,[10940]
"(10054, 13674)",2,1,True,[10054]
"(152, 7428)",2,1,False,[]
"(6035, 8050)",2,1,False,[]
"(1124, 1455)",2,1,False,[]
"(10088, 11077)",2,1,True,[11077]
"(7515, 13241)",2,1,True,[7515]
"(9455, 12014)",2,1,False,[]
"(8899, 12426)",2,1,True,"[8899, 12426]"
"(4706, 13390)",2,1,True,[4706]
"(3217, 4061)",2,1,True,[3217]
"(5029, 6580)",2,1,True,[6580]
"(3280, 3368)",2,1,True,[3368]
"(1910, 4348)",2,1,True,[4348]
"(5145, 7177)",2,1,False,[]
"(2870, 10783)",2,1,True,[10783]
"(11158, 11563)",2,1,True,"[11158, 11563]"
"(3757, 12514)",2,1,True,[12514]
"(4264, 10000, 11179)",3,1,True,"[4264, 10000]"
"(2923, 7689)",2,1,False,[]
"(5271, 12428)",2,1,False,[]
"(14027, 14060)",2,1,True,"[14027, 14060]"
"(1383, 6952)",2,1,False,[]
"(11039, 13550)",2,1,True,[11039]
"(5218, 9510)",2,1,True,[9510]
"(5354, 5775)",2,1,True,[5354]
"(5444, 9511)",2,1,True,"[5444, 9511]"
"(5572, 10500)",2,1,True,"[5572, 10500]"
"(4516, 5594)",2,1,True,[4516]
"(34, 9924)",2,1,False,[]
"(6132, 13151)",2,1,True,[6132]
"(4537, 12087)",2,1,True,[12087]
"(20, 51)",2,1,False,[]
"(1533, 1808, 7007)",3,1,True,[7007]
"(1453, 13082)",2,1,False,[]
"(12761, 13758)",2,1,True,[12761]
"(2109, 4070)",2,1,False,[]
"(6581, 12427)",2,1,True,"[6581, 12427]"
"(9318, 14323)",2,1,True,"[9318, 14323]"
"(78, 3666)",2,1,True,[3666]
"(5326, 6131)",2,1,True,[5326]
"(1649, 9326)",2,1,True,[9326]
"(4322, 12679)",2,1,True,[12679]
"(300, 424, 9376)",3,1,True,[9376]
"(10317, 13857)",2,1,True,"[10317, 13857]"
"(4263, 6666)",2,1,True,[6666]
"(4858, 5468)",2,1,True,[5468]
"(5372, 11694)",2,1,True,[5372]
"(307, 1564, 3039, 6492)",4,1,True,[3039]
"(1226, 10501)",2,1,True,[10501]
"(477, 7781)",2,1,True,[7781]
"(7250, 7872)",2,1,True,"[7250, 7872]"
"(1230, 3979, 5270)",3,1,True,[3979]
"(3829, 12086)",2,1,True,[3829]
"(3281, 10753)",2,1,True,[10753]
"(5751, 9851)",2,1,True,[9851]
"(914, 1549)",2,1,True,[914]
"(3566, 4807)",2,1,False,[]
"(992, 10540)",2,1,False,[]
"(6922, 7617)",2,1,True,[6922]
"(649, 5002)",2,1,True,[5002]
"(13506, 13818)",2,1,True,[13506]
"(1147, 2192)",2,1,True,[1147]
"(10539, 11264, 12074)",3,1,True,[11264]
"(12958, 13895)",2,1,True,[13895]
"(13680, 13870)",2,1,True,[13680]
"(2408, 9465)",2,1,True,[9465]
"(230, 1012, 3608)",3,1,True,[3608]
"(5836, 8605)",2,1,True,[5836]
"(13094, 14067)",2,1,True,[13094]
"(8534, 9293)",2,1,False,[]
"(415, 4736)",2,1,True,[415]
"(3445, 11368)",2,1,True,[3445]
"(10541, 12107)",2,1,True,[10541]
"(4127, 12720)",2,1,False,[]
"(2133, 2956, 9466)",3,1,True,[2133]
"(627, 2449)",2,1,True,[627]
"(6493, 10580)",2,1,True,"[6493, 10580]"
"(3139, 10812)",2,1,True,[3139]
"(4535, 12538)",2,1,True,[12538]
"(6083, 13182)",2,1,True,[6083]
"(1504, 7277)",2,1,False,[]
"(11163, 13534)",2,1,False,[]
"(4141, 8606)",2,1,True,[4141]
"(9165, 9509)",2,1,True,[9509]
"(605, 1326)",2,1,True,[1326]
"(5615, 6400)",2,1,False,[]
"(11007, 11156)",2,1,True,[11007]
"(2550, 7986)",2,1,True,[7986]
"(11157, 11265, 12754)",3,1,True,"[11157, 11265, 12754]"
"(4536, 6349)",2,1,True,[6349]
"(214, 2728)",2,1,False,[]
"(11810, 11866)",2,1,True,"[11810, 11866]"
"(2799, 9969)",2,1,True,[9969]
"(2253, 10845)",2,1,True,[10845]
"(1, 11231)",2,1,True,[11231]
"(8022, 11498, 13317)",3,1,True,"[8022, 13317]"
"(6032, 7073)",2,1,True,[7073]
"(2097, 3056)",2,1,False,[]
"(4759, 13095, 14313)",3,1,False,[]
"(5520, 11006)",2,1,True,[11006]
"(5587, 14157)",2,1,True,[14157]
"(13681, 13834)",2,1,False,[]
"(3871, 10087)",2,1,True,[3871]
"(7811, 9970)",2,1,True,[7811]
"(1958, 4880, 12825)",3,1,False,[]
"(4419, 11194)",2,1,False,[]
"(13350, 13880)",2,1,True,[13880]
"(885, 1704)",2,1,False,[]
"(12118, 12587)",2,1,True,[12587]
"(585, 2558)",2,1,True,[2558]
"(5219, 11944)",2,1,True,[11944]
"(11790, 14142)",2,1,True,[11790]
"(378, 3722)",2,1,False,[]
"(1246, 13896)",2,1,True,[1246]
"(686, 3936, 10582)",3,1,True,[10582]
"(2632, 4545)",2,1,True,[4545]
"(7516, 9137)",2,1,True,[9137]
"(1079, 2210, 2909)",3,1,True,[2210]
"(12243, 12959)",2,1,True,[12243]
"(251, 11282)",2,1,False,[]
"(108, 1370)",2,1,True,[1370]
"(6582, 11436)",2,1,True,[6582]
"(11467, 12151)",2,1,True,[12151]
"(8053, 11125)",2,1,True,"[8053, 11125]"
"(3289, 13242)",2,1,True,[3289]
"(13183, 13214)",2,1,True,"[13183, 13214]"
"(8852, 12721)",2,1,True,[12721]
"(7401, 11193)",2,1,True,"[7401, 11193]"
"(9926, 12824)",2,1,True,[9926]
"(7105, 9198)",2,1,False,[]
"(3283, 5643)",2,1,True,[5643]
"(10953, 13651)",2,1,True,"[10953, 13651]"
"(7251, 7750)",2,1,True,[7750]
"(5027, 10813)",2,1,True,"[5027, 10813]"
"(12209, 13880)",2,1,True,[13880]
"(522, 12939)",2,1,False,[]
"(671, 6191, 6525)",3,1,True,[671]
"(11437, 11811)",2,1,True,[11811]
"(2469, 5318)",2,1,True,[2469]
"(3204, 9105)",2,1,False,[]
"(9561, 12372)",2,1,True,[9561]
"(521, 1452)",2,1,True,[1452]
"(633, 5350)",2,1,False,[]
"(4072, 8607)",2,1,True,[4072]
"(2957, 4071)",2,1,True,[4071]
"(9560, 10397)",2,1,True,[9560]
"(611, 2225)",2,1,True,[611]
"(1620, 2042, 3352, 5303)",4,1,True,"[2042, 5303]"
"(440, 473, 9598)",3,1,True,[440]
"(1504, 3830)",2,1,True,[3830]
"(970, 1128, 2799)",3,1,False,[]
"(7619, 13924)",2,1,True,"[7619, 13924]"
"(5055, 12208)",2,1,True,[12208]
"(6524, 11405)",2,1,True,[6524]
"(3807, 9888)",2,1,True,[9888]
"(10784, 11767)",2,1,True,[11767]
"(2051, 11643)",2,1,True,[11643]
"(1511, 5327)",2,1,True,"[1511, 5327]"
"(13782, 14087)",2,1,True,[14087]
"(192, 983, 3878)",3,1,False,[]
"(9504, 12600)",2,1,True,[12600]
"(458, 3816)",2,1,True,"[458, 3816]"
"(921, 7106)",2,1,True,[921]
"(6258, 6776, 8185)",3,1,True,[8185]
"(13095, 14088)",2,1,False,[]
"(377, 3951, 7669)",3,1,True,[7669]
"(496, 2416)",2,1,True,"[496, 2416]"
"(154, 158, 563, 1173, 3083, 3282, 5620)",7,1,True,"[3282, 5620]"
"(1471, 1647, 13081)",3,1,False,[]
"(9136, 11994)",2,1,True,"[9136, 11994]"
"(5172, 10357)",2,1,True,[5172]
"(3229, 10581)",2,1,True,[10581]
"(6428, 10952)",2,1,False,[]
"(324, 743)",2,1,False,[]
"(1958, 4880)",2,1,False,[]
"(1253, 7176)",2,1,True,[7176]
"(1835, 12736)",2,1,False,[]
"(2479, 2660)",2,1,True,[2479]
"(877, 12301)",2,1,True,[12301]
"(10499, 11562)",2,1,True,"[10499, 11562]"
"(8933, 12486)",2,1,True,"[8933, 12486]"
"(1357, 9022)",2,1,False,[]
"(1493, 14174)",2,1,True,[1493]
"(5443, 11078)",2,1,True,[11078]
"(4213, 6762)",2,1,True,"[4213, 6762]"
"(9546, 11695)",2,1,True,[11695]
"(5145, 12745)",2,1,True,[12745]
"(9043, 12338)",2,1,True,[9043]
"(7433, 12573)",2,1,True,[12573]
"(1690, 10688)",2,1,True,[10688]
"(7075, 11466)",2,1,True,"[7075, 11466]"
"(3683, 9256)",2,1,True,"[3683, 9256]"
"(1920, 1920)",2,1,False,[]
"(8051, 11404)",2,1,True,[11404]
"(6, 13810)",2,1,True,[13810]
"(1667, 12855)",2,1,True,[1667]
"(404, 6585)",2,1,True,[6585]
"(12429, 13083)",2,1,True,"[12429, 13083]"
"(4955, 13575)",2,1,True,[13575]
"(6350, 9852)",2,1,False,[]
"(4880, 11435)",2,1,False,[]
"(4707, 9044)",2,1,True,[4707]
"(1384, 6914)",2,1,True,[6914]
"(3938, 10366)",2,1,True,[10366]
"(3378, 13031)",2,1,True,[13031]
"(3567, 13692)",2,1,True,[3567]
"(6502, 13029)",2,1,True,[13029]
"(1781, 5595)",2,1,True,[1781]
"(5794, 9451)",2,1,True,[5794]
"(879, 879)",2,1,False,[]
"(7596, 8375)",2,1,True,"[7596, 8375]"
"(12312, 13849)",2,1,True,[12312]
"(7074, 13682)",2,1,True,"[7074, 13682]"
"(4487, 12337)",2,1,True,[12337]
"(4906, 14309)",2,1,True,"[4906, 14309]"
"(1922, 3554)",2,1,False,[]
"(2663, 8784)",2,1,True,[8784]
"(4641, 5621)",2,1,True,[4641]
"(4535, 8943, 9330)",3,1,True,[8943]
"(2663, 2663, 8784)",3,1,True,[8784]
"(2858, 4662)",2,1,True,[2858]
"(6850, 14281)",2,1,True,[14281]
"(678, 5570)",2,1,True,[5570]
"(4169, 12302)",2,1,True,[12302]
"(197, 556)",2,1,False,[]
"(2208, 5966)",2,1,True,[5966]
"(11369, 12182)",2,1,True,[11369]
"(8811, 9225)",2,1,True,[9225]
"(6028, 7461)",2,1,True,[7461]
"(6711, 7458)",2,1,False,[]
"(1081, 4024)",2,1,True,[4024]
"(167, 6151)",2,1,False,[]
"(902, 11595)",2,1,True,[11595]
"(4761, 7478)",2,1,False,[]
"(6032, 12516)",2,1,False,[]
"(5082, 8935)",2,1,True,[8935]
"(2348, 9468)",2,1,False,[]
"(1471, 13352)",2,1,False,[]
"(21, 461)",2,1,True,[461]
"(1206, 4020)",2,1,True,[1206]
"(3901, 6123)",2,1,False,[]
"(983, 4352)",2,1,True,[4352]
"(318, 318)",2,1,False,[]
"(5575, 9631)",2,1,True,[5575]
"(1803, 3710)",2,1,False,[]
"(8479, 11335)",2,1,True,"[8479, 11335]"
"(6526, 8903)",2,1,True,[6526]
"(473, 738)",2,1,True,[738]
"(5487, 13818)",2,1,True,[5487]
"(1565, 3045)",2,1,True,[3045]
"(2234, 5309)",2,1,False,[]
"(5601, 9194)",2,1,True,[5601]
"(7589, 10723)",2,1,True,[7589]
"(12060, 14029)",2,1,True,[12060]
"(332, 9711)",2,1,True,[9711]
"(4353, 12995)",2,1,False,[]
"(177, 1894, 10691)",3,1,True,"[177, 1894]"
"(192, 2414)",2,1,False,[]
"(2028, 2028)",2,1,False,[]
"(4106, 14188)",2,1,True,[14188]
"(1664, 3059)",2,1,True,"[1664, 3059]"
"(103, 1750)",2,1,False,[]
"(11527, 14264)",2,1,True,[14264]
"(202, 358, 1819, 10293)",4,1,False,[]
"(2094, 4943)",2,1,True,[4943]
"(56, 1469)",2,1,True,[1469]
"(2989, 7279)",2,1,True,[2989]
"(6645, 12051)",2,1,True,[6645]
"(5110, 6951)",2,1,True,[5110]
"(69, 317)",2,1,True,[317]
"(142, 11220)",2,1,False,[]
"(3184, 6988)",2,1,True,[6988]
"(1453, 2382)",2,1,False,[]
"(7433, 9257)",2,1,True,[9257]
"(18, 2655)",2,1,True,[2655]
"(514, 4354, 4713, 7289)",4,1,True,[514]
"(231, 9771, 9998)",3,1,False,[]
"(3150, 7284)",2,1,False,[]
"(13984, 14103)",2,1,True,[14103]
"(258, 5274)",2,1,True,"[258, 5274]"
"(2402, 3948, 11729)",3,1,True,[11729]
"(13052, 14091)",2,1,True,"[13052, 14091]"
"(2960, 12681)",2,1,True,[12681]
"(5875, 10585)",2,1,True,[10585]
"(2602, 4693)",2,1,True,[2602]
"(1395, 4290)",2,1,True,"[1395, 4290]"
"(2293, 6668)",2,1,True,[6668]
"(9329, 11309)",2,1,True,[9329]
"(3779, 5539)",2,1,False,[]
"(2576, 12236)",2,1,True,[12236]
"(2442, 2612)",2,1,True,"[2442, 2612]"
"(7492, 10056, 12828)",3,1,True,[12828]
"(5626, 6722)",2,1,False,[]
"(5107, 10881)",2,1,False,[]
"(264, 286, 10584)",3,1,False,[]
"(1622, 5332)",2,1,False,[]
"(12489, 14090)",2,1,True,[12489]
"(308, 11327)",2,1,True,[11327]
"(2521, 7277)",2,1,False,[]
"(2209, 11407)",2,1,False,[]
"(13538, 13745)",2,1,True,[13538]
"(5774, 9519)",2,1,True,"[5774, 9519]"
"(5247, 6338)",2,1,True,[5247]
"(7310, 11576)",2,1,False,[]
"(12530, 12897)",2,1,False,[]
"(12930, 12961)",2,1,True,"[12930, 12961]"
"(2286, 14102)",2,1,True,[14102]
"(4578, 5065)",2,1,False,[]
"(130, 1011)",2,1,True,[130]
"(60, 13475)",2,1,True,[13475]
"(3512, 6204)",2,1,False,[]
"(3301, 5623)",2,1,True,[5623]
"(1394, 9076)",2,1,True,[9076]
"(2209, 12827)",2,1,True,[12827]
"(9600, 10465)",2,1,True,"[9600, 10465]"
"(85, 6584)",2,1,False,[]
"(2796, 6373)",2,1,False,[]
"(2, 10336)",2,1,True,[2]
"(2036, 11755)",2,1,True,[2036]
"(4909, 11998)",2,1,True,[4909]
"(2926, 7579)",2,1,True,[7579]
"(5766, 13285)",2,1,True,[13285]
"(7145, 11867)",2,1,True,[7145]
"(2377, 4266)",2,1,True,[4266]
"(145, 3808)",2,1,True,"[145, 3808]"
"(7734, 11082)",2,1,False,[]
"(1741, 5868, 13843)",3,1,True,"[5868, 13843]"
"(369, 6886)",2,1,True,[6886]
"(538, 6736)",2,1,True,[6736]
"(11919, 12539)",2,1,True,[11919]
"(1186, 2988)",2,1,True,[2988]
"(10466, 12574)",2,1,True,[10466]
"(75, 13746)",2,1,False,[]
"(1523, 7314)",2,1,False,[]
"(10303, 10734)",2,1,True,[10303]
"(4061, 8413)",2,1,True,[8413]
"(5987, 9721)",2,1,True,[5987]
"(682, 6411)",2,1,True,[6411]
"(1087, 1307)",2,1,False,[]
"(7004, 13476)",2,1,True,[7004]
"(2959, 13216)",2,1,True,[2959]
"(5578, 8069, 9383)",3,1,False,[]
"(83, 7709)",2,1,False,[]
"(9856, 11868)",2,1,True,[9856]
"(2737, 11386)",2,1,True,[11386]
"(4019, 6292)",2,1,True,[6292]
"(4351, 11409)",2,1,True,[4351]
"(369, 3366)",2,1,False,[]
"(381, 983, 2218, 12984, 13409)",5,1,False,[]
"(3141, 11408)",2,1,True,[3141]
"(11947, 12863)",2,1,True,[11947]
"(9026, 10858)",2,1,False,[]
"(7765, 8123)",2,1,False,[]
"(777, 4979, 6250)",3,1,False,[]
"(4436, 6896)",2,1,True,[6896]
"(340, 3725)",2,1,False,[]
"(8909, 9712)",2,1,True,[9712]
"(2227, 5318)",2,1,False,[]
"(12835, 13721)",2,1,True,"[12835, 13721]"
"(72, 2375)",2,1,False,[]
"(1504, 7670)",2,1,False,[]
"(49, 3040, 6136, 10057)",4,1,True,[3040]
"(8865, 12431)",2,1,True,[8865]
"(3142, 10180)",2,1,True,[3142]
"(3513, 7662)",2,1,True,[7662]
"(1874, 1958, 4880, 11435)",4,1,False,[]
"(3442, 4479)",2,1,False,[]
"(3990, 5194)",2,1,True,[5194]
"(8864, 9931)",2,1,True,[8864]
"(983, 3669, 11624)",3,1,True,[11624]
"(5800, 7369)",2,1,True,[7369]
"(164, 4353)",2,1,False,[]
"(5702, 8467)",2,1,False,[]
"(7620, 8748)",2,1,True,[7620]
"(876, 876)",2,1,False,[]
"(1289, 9810)",2,1,False,[]
"(498, 574)",2,1,True,[498]
"(3981, 11949)",2,1,True,"[3981, 11949]"
"(3203, 9140)",2,1,True,[3203]
"(4291, 8936)",2,1,True,"[4291, 8936]"
"(5010, 13669)",2,1,False,[]
"(2877, 11575)",2,1,False,[]
"(4073, 13614)",2,1,True,"[4073, 13614]"
"(11137, 13545)",2,1,False,[]
"(4535, 9330)",2,1,False,[]
"(9202, 9771)",2,1,True,[9202]
"(2821, 5884)",2,1,True,[5884]
"(3512, 6767)",2,1,True,[6767]
"(1867, 8408)",2,1,True,[8408]
"(2631, 10906, 11782)",3,1,True,[11782]
"(5596, 14160)",2,1,True,[5596]
"(316, 9112)",2,1,False,[]
"(176, 6844)",2,1,True,[6844]
"(6433, 13578)",2,1,True,[13578]
"(980, 12794)",2,1,True,[980]
"(629, 8221)",2,1,True,[8221]
"(2044, 12053)",2,1,True,[12053]
"(2324, 8750)",2,1,True,[2324]
"(4174, 4200)",2,1,True,"[4174, 4200]"
"(662, 2416)",2,1,True,[2416]
"(1959, 3996)",2,1,True,[3996]
"(983, 2834)",2,1,False,[]
"(4267, 5203)",2,1,True,[4267]
"(3208, 4785)",2,1,True,[4785]
"(718, 1462)",2,1,True,[718]
"(11785, 11921)",2,1,True,"[11785, 11921]"
"(8351, 13246)",2,1,True,[13246]
"(678, 5054)",2,1,False,[]
"(1557, 4113)",2,1,True,[4113]
"(4519, 12903)",2,1,True,[12903]
"(355, 4421, 9893, 11596)",4,1,True,[11596]
"(8675, 9345)",2,1,False,[]
"(4240, 7909)",2,1,True,[7909]
"(7132, 7908)",2,1,True,[7132]
"(4933, 9973)",2,1,True,[9973]
"(159, 11528)",2,1,True,[159]
"(6695, 13086)",2,1,True,[13086]
"(557, 12091)",2,1,False,[]
"(10543, 12506)",2,1,True,[12506]
"(3920, 10195)",2,1,False,[]
"(274, 1240)",2,1,False,[]
"(4184, 6873)",2,1,False,[]
"(1374, 3160)",2,1,True,"[1374, 3160]"
"(1903, 8985)",2,1,True,[1903]
"(4588, 6186)",2,1,True,[4588]
"(220, 12403)",2,1,True,[12403]
"(4908, 7370)",2,1,True,[4908]
"(4704, 8104)",2,1,False,[]
"(2012, 10586)",2,1,True,[2012]
"(3762, 4955)",2,1,False,[]
"(555, 3902)",2,1,True,[555]
"(2194, 2377, 6793)",3,1,False,[]
"(332, 12965)",2,1,False,[]
"(3568, 7875)",2,1,True,[3568]
"(11920, 12052)",2,1,True,[11920]
"(2652, 11756)",2,1,True,"[2652, 11756]"
"(6924, 13988)",2,1,True,"[6924, 13988]"
"(602, 2907, 8044)",3,1,False,[]
"(616, 4458)",2,1,False,[]
"(2426, 4881)",2,1,True,"[2426, 4881]"
"(2451, 10882)",2,1,True,[10882]
"(2010, 6396)",2,1,False,[]
"(5925, 10814)",2,1,True,[5925]
"(4919, 7148)",2,1,False,[]
"(2145, 7146)",2,1,True,[2145]
"(1268, 8434)",2,1,True,"[1268, 8434]"
"(744, 1461, 3893)",3,1,True,[3893]
"(7310, 13318)",2,1,True,[13318]
"(7348, 9785)",2,1,True,"[7348, 9785]"
"(8406, 14265)",2,1,True,[14265]
"(31, 4325)",2,1,True,[4325]
"(180, 745, 1320)",3,1,True,[180]
"(768, 7661)",2,1,True,[7661]
"(5073, 8993)",2,1,False,[]
"(425, 6177)",2,1,True,[425]
"(6841, 10815)",2,1,False,[]
"(7158, 10230)",2,1,False,[]
"(306, 2654, 4061)",3,1,False,[]
"(7547, 7589, 10208)",3,1,True,"[7547, 7589]"
"(177, 588)",2,1,True,[177]
"(9, 1404)",2,1,True,[1404]
"(1932, 10846)",2,1,True,[1932]
"(1471, 6386)",2,1,False,[]
"(879, 2357, 4589)",3,1,False,[]
"(2323, 9930)",2,1,True,[9930]
"(5819, 5860)",2,1,True,[5860]
"(667, 10250)",2,1,False,[]
"(138, 6483)",2,1,False,[]
"(357, 369, 645, 4239, 4768)",5,1,False,[]
"(7489, 10542)",2,1,True,[10542]
"(2193, 2408)",2,1,False,[]
"(5669, 10467)",2,1,True,"[5669, 10467]"
"(2844, 2930)",2,1,True,[2930]
"(268, 1026)",2,1,True,[1026]
"(6916, 7588)",2,1,True,[7588]
"(630, 5496)",2,1,True,[5496]
"(8883, 14175)",2,1,True,"[8883, 14175]"
"(568, 588)",2,1,True,[568]
"(3334, 12683)",2,1,True,[3334]
"(3914, 5522)",2,1,True,[3914]
"(7285, 8577)",2,1,True,[8577]
"(4101, 5446)",2,1,True,[4101]
"(4400, 13394)",2,1,True,[13394]
"(4142, 6236, 7586, 9891)",4,1,True,[6236]
"(993, 8773)",2,1,True,"[993, 8773]"
"(788, 5054)",2,1,True,[788]
"(591, 1687)",2,1,False,[]
"(782, 870)",2,1,False,[]
"(9818, 10099)",2,1,True,[9818]
"(8219, 13155)",2,1,True,[13155]
"(120, 9226)",2,1,True,[120]
"(3891, 12458)",2,1,True,[12458]
"(4173, 6764)",2,1,True,[4173]
"(12437, 13970)",2,1,False,[]
"(4932, 9632, 11081)",3,1,True,"[4932, 9632]"
"(9512, 11499)",2,1,True,[11499]
"(8292, 9633)",2,1,True,[8292]
"(3024, 4350)",2,1,True,[4350]
"(5109, 10941)",2,1,True,[10941]
"(3309, 6160)",2,1,True,[3309]
"(2448, 2448)",2,1,False,[]
"(6352, 11996)",2,1,True,"[6352, 11996]"
"(2553, 3917)",2,1,False,[]
"(4367, 8746)",2,1,True,[8746]
"(4091, 8785)",2,1,True,[8785]
"(2921, 4587)",2,1,True,[4587]
"(4238, 8536)",2,1,True,"[4238, 8536]"
"(8609, 10320)",2,1,True,[8609]
"(6135, 7403)",2,1,True,[6135]
"(2043, 2977)",2,1,True,[2043]
"(5304, 7212)",2,1,True,"[5304, 7212]"
"(5058, 13438)",2,1,True,"[5058, 13438]"
"(1276, 8745)",2,1,True,[8745]
"(188, 2675)",2,1,True,[2675]
"(9023, 11469)",2,1,True,[11469]
"(3734, 13959)",2,1,False,[]
"(4271, 8691)",2,1,True,[8691]
"(155, 10966)",2,1,True,[155]
"(5622, 6429)",2,1,True,"[5622, 6429]"
"(2978, 5445)",2,1,True,"[2978, 5445]"
"(1873, 5404)",2,1,True,[1873]
"(2796, 13023)",2,1,True,[13023]
"(6853, 12994)",2,1,True,"[6853, 12994]"
"(675, 6765)",2,1,True,[6765]
"(4753, 4907)",2,1,True,"[4753, 4907]"
"(5003, 6161)",2,1,True,[6161]
"(4448, 5336)",2,1,True,"[4448, 5336]"
"(489, 13443)",2,1,False,[]
"(13076, 13391)",2,1,False,[]
"(8747, 11784)",2,1,True,[11784]
"(347, 2408)",2,1,False,[]
"(11668, 14061)",2,1,True,"[11668, 14061]"
"(21, 13661)",2,1,False,[]
"(1911, 12050)",2,1,True,[12050]
"(2, 3095)",2,1,True,[2]
"(162, 1640)",2,1,True,[1640]
"(143, 13719)",2,1,True,"[143, 13719]"
"(3892, 5495)",2,1,True,"[3892, 5495]"
"(12635, 13927)",2,1,True,[12635]
"(1671, 2873)",2,1,False,[]
"(5328, 5997, 6810, 8902)",4,1,True,[6810]
"(4857, 4857)",2,1,False,[]
"(2873, 12929)",2,1,True,[12929]
"(8018, 12865)",2,1,False,[]
"(6555, 10747)",2,1,True,[6555]
"(1539, 1698)",2,1,False,[]
"(799, 12089)",2,1,True,[12089]
"(2672, 10013)",2,1,True,[10013]
"(344, 3620)",2,1,False,[]
"(200, 776, 1306)",3,1,True,"[776, 1306]"
"(2958, 6763)",2,1,False,[]
"(14, 13158)",2,1,False,[]
"(4219, 4518)",2,1,True,[4219]
"(199, 7561, 8693)",3,1,False,[]
"(1360, 3535)",2,1,True,[3535]
"(1411, 9438)",2,1,True,[9438]
"(6151, 8389, 11388)",3,1,False,[]
"(13184, 13351)",2,1,True,[13351]
"(2004, 6667)",2,1,False,[]
"(11195, 12088)",2,1,True,"[11195, 12088]"
"(497, 3872)",2,1,True,"[497, 3872]"
"(6986, 8227)",2,1,True,[6986]
"(2664, 5351)",2,1,True,[2664]
"(3913, 6915)",2,1,True,"[3913, 6915]"
"(1788, 4664)",2,1,True,[1788]
"(1779, 8608)",2,1,True,[8608]
"(9201, 14144)",2,1,True,[9201]
"(2365, 4289)",2,1,True,"[2365, 4289]"
"(3480, 13850)",2,1,False,[]
"(12993, 13783)",2,1,True,[13783]
"(5982, 10216)",2,1,True,[10216]
"(5090, 13898)",2,1,True,"[5090, 13898]"
"(265, 7765)",2,1,False,[]
"(1222, 2871, 4517)",3,1,True,[2871]
"(331, 14143)",2,1,True,[14143]
"(545, 6852, 13154)",3,1,True,"[545, 13154]"
"(883, 969)",2,1,True,[969]
"(969, 1186, 1299, 2859)",4,1,True,[969]
"(7485, 13085)",2,1,False,[]
"(4353, 12090)",2,1,True,[12090]
"(2342, 8044)",2,1,True,[2342]
"(6572, 13834)",2,1,False,[]
"(3590, 8054)",2,1,True,"[3590, 8054]"
"(2563, 8069)",2,1,True,[2563]
"(1285, 2945, 6950)",3,1,True,[2945]
"(1959, 12457)",2,1,False,[]
"(2649, 12211)",2,1,True,[12211]
"(2466, 8431)",2,1,True,"[2466, 8431]"
"(1357, 12601)",2,1,False,[]
"(5968, 10722, 11043)",3,1,True,"[10722, 11043]"
"(5609, 7585, 11196)",3,1,True,[7585]
"(11407, 12002)",2,1,True,[12002]
"(3460, 9513)",2,1,True,"[3460, 9513]"
"(9855, 12247)",2,1,True,"[9855, 12247]"
"(5299, 7050)",2,1,False,[]
"(12535, 13840)",2,1,True,[13840]
"(10291, 11371)",2,1,True,[11371]
"(442, 8467)",2,1,True,[442]
"(591, 11837)",2,1,False,[]
"(10429, 11326)",2,1,True,[11326]
"(2674, 4691)",2,1,True,[4691]
"(7698, 9297)",2,1,True,[7698]
"(11526, 13409)",2,1,True,[11526]
"(9398, 10469)",2,1,False,[]
"(212, 13421)",2,1,False,[]
"(983, 7751)",2,1,False,[]
"(5108, 9890)",2,1,True,[5108]
"(2124, 12791)",2,1,True,[12791]
"(2872, 7368)",2,1,True,"[2872, 7368]"
"(1155, 7488)",2,1,True,"[1155, 7488]"
"(6709, 8253)",2,1,True,[6709]
"(3605, 3605)",2,1,False,[]
"(10464, 13474)",2,1,True,[10464]
"(6431, 11009)",2,1,True,[6431]
"(834, 2377)",2,1,False,[]
"(1070, 5186, 9583)",3,1,True,[1070]
"(552, 1044)",2,1,False,[]
"(1328, 8647)",2,1,False,[]
"(4419, 8557, 13518)",3,1,True,[13518]
"(13408, 13696)",2,1,True,[13408]
"(1289, 7814)",2,1,True,[7814]
"(8897, 12892)",2,1,True,[8897]
"(119, 11008)",2,1,True,"[119, 11008]"
"(6180, 14327)",2,1,True,[14327]
"(5883, 7720)",2,1,True,[5883]
"(10609, 11565)",2,1,True,[11565]
"(954, 5350)",2,1,False,[]
"(161, 14029)",2,1,False,[]
"(5646, 10755)",2,1,True,"[5646, 10755]"
"(1897, 4014)",2,1,True,[4014]
"(1749, 6885)",2,1,True,[1749]
"(6789, 7489)",2,1,False,[]
"(5578, 8069, 12751)",3,1,False,[]
"(3870, 10350)",2,1,False,[]
"(11082, 11082)",2,1,False,[]
"(11163, 13284)",2,1,False,[]
"(10292, 10358)",2,1,False,[]
"(7796, 11372)",2,1,False,[]
"(447, 11564)",2,1,True,[447]
"(12488, 12793)",2,1,True,[12488]
"(6147, 8029, 8768)",3,1,False,[]
"(3955, 8433)",2,1,True,[8433]
"(402, 785)",2,1,False,[]
"(458, 4420)",2,1,True,"[458, 4420]"
"(2408, 5668)",2,1,False,[]
"(1289, 5818)",2,1,True,[5818]
"(7315, 9121)",2,1,True,[7315]
"(8351, 8468)",2,1,True,[8468]
"(3817, 10150)",2,1,True,[3817]
"(8432, 13842)",2,1,True,[8432]
"(1020, 2263)",2,1,False,[]
"(6811, 6987)",2,1,True,[6987]
"(11162, 11374)",2,1,False,[]
"(5078, 6177)",2,1,False,[]
"(2926, 7040, 7426)",3,1,False,[]
"(6455, 11697)",2,1,True,"[6455, 11697]"
"(5, 12408)",2,1,True,[5]
"(5227, 5551)",2,1,True,[5227]
"(410, 1458, 1758, 3292, 3621)",5,1,True,"[1458, 3292]"
"(8787, 11373)",2,1,True,"[8787, 11373]"
"(2820, 3330)",2,1,False,[]
"(4908, 9972)",2,1,True,"[4908, 9972]"
"(701, 8405)",2,1,True,[8405]
"(1904, 2544, 8554)",3,1,True,[1904]
"(7625, 10942)",2,1,True,[10942]
"(790, 2380)",2,1,True,"[790, 2380]"
"(671, 6525)",2,1,True,[671]
"(1648, 11936)",2,1,True,[1648]
"(465, 2114, 3353, 7660)",4,1,True,[7660]
"(5969, 6432)",2,1,True,[5969]
"(11997, 13850)",2,1,True,[11997]
"(3202, 4658)",2,1,True,"[3202, 4658]"
"(3080, 9913)",2,1,True,[3080]
"(588, 5637, 7199)",3,1,True,[5637]
"(4754, 9928)",2,1,True,[9928]
"(1049, 2514)",2,1,False,[]
"(7765, 11197)",2,1,True,[11197]
"(8618, 10977)",2,1,True,[10977]
"(2944, 9514)",2,1,False,[]
"(7517, 10504)",2,1,True,"[7517, 10504]"
"(1181, 6729)",2,1,True,[1181]
"(7546, 13874)",2,1,True,[7546]
"(191, 588, 625, 1401, 2590, 5637, 7199, 7947, 8330, 10691)",10,1,True,"[191, 5637]"
"(6266, 13245)",2,1,True,[13245]
"(10754, 11439)",2,1,True,[11439]
"(7587, 9927)",2,1,True,"[7587, 9927]"
"(693, 7690)",2,1,True,[7690]
"(8220, 9369)",2,1,True,"[8220, 9369]"
"(629, 7820)",2,1,True,[7820]
"(6353, 14234)",2,1,True,[6353]
"(3218, 5028, 6583)",3,1,True,[6583]
"(1182, 2052)",2,1,False,[]
"(9139, 13537)",2,1,True,"[9139, 13537]"
"(225, 13473)",2,1,True,[225]
"(4203, 7190)",2,1,True,[4203]
"(2584, 8712)",2,1,False,[]
"(5273, 8575)",2,1,True,[8575]
"(9368, 12487)",2,1,True,[9368]
"(998, 7165)",2,1,False,[]
"(9892, 11406)",2,1,True,"[9892, 11406]"
"(7253, 13185)",2,1,True,[7253]
"(4708, 13577)",2,1,True,[13577]
"(12792, 14003)",2,1,True,[14003]
"(4254, 10055)",2,1,False,[]
"(3016, 11126)",2,1,True,[11126]
"(2797, 4220)",2,1,True,[4220]
"(1289, 4248)",2,1,False,[]
"(1709, 10399)",2,1,True,[1709]
"(8709, 12902)",2,1,False,[]
"(13076, 13928)",2,1,False,[]
"(4704, 8164)",2,1,False,[]
"(11850, 13960)",2,1,True,[13960]
"(220, 13258)",2,1,False,[]
"(6766, 11645)",2,1,True,[11645]
"(1093, 3183)",2,1,True,[1093]
"(2639, 8069)",2,1,True,[2639]
"(13393, 14301)",2,1,True,[14301]
"(4368, 9168)",2,1,True,[9168]
"(8863, 9370)",2,1,True,[8863]
"(8934, 10398)",2,1,True,"[8934, 10398]"
"(505, 9599)",2,1,True,[9599]
"(8576, 9167)",2,1,True,[8576]
"(4557, 6062)",2,1,True,"[4557, 6062]"
"(4061, 7813)",2,1,True,[7813]
"(2332, 13392)",2,1,False,[]
"(2999, 12818)",2,1,True,[2999]
"(5775, 8060)",2,1,True,[8060]
"(13051, 14159)",2,1,True,[13051]
"(2117, 2480)",2,1,False,[]
"(172, 7731)",2,1,True,[7731]
"(453, 2267, 2723, 3847, 6483)",5,1,False,[]
"(8786, 10785)",2,1,True,[8786]
"(5389, 13439)",2,1,True,[13439]
"(5982, 10195)",2,1,False,[]
"(3077, 14253)",2,1,True,[3077]
"(8502, 12339)",2,1,True,"[8502, 12339]"
"(482, 2584)",2,1,True,[482]
"(2751, 5319)",2,1,True,[5319]
"(4353, 7141)",2,1,False,[]
"(1157, 4768)",2,1,True,[1157]
"(244, 7041)",2,1,True,"[244, 7041]"
"(1777, 2377)",2,1,True,[1777]
"(1806, 5619)",2,1,True,[5619]
"(2085, 2687, 5074, 6181)",4,1,True,[6181]
"(7050, 12003)",2,1,True,[12003]
"(12822, 14055)",2,1,True,"[12822, 14055]"
"(784, 2440)",2,1,True,"[784, 2440]"
"(4705, 6911)",2,1,True,[4705]
"(1365, 2737)",2,1,True,[1365]
"(759, 12080)",2,1,True,[12080]
"(2154, 5384)",2,1,True,[5384]
"(2676, 12120)",2,1,True,"[2676, 12120]"
"(9455, 12821)",2,1,False,[]
"(1474, 6733)",2,1,True,[1474]
"(3920, 4732)",2,1,False,[]
"(1364, 2377)",2,1,False,[]
"(9813, 10219)",2,1,True,[9813]
"(2356, 12207)",2,1,True,[2356]
"(4977, 9372, 11121)",3,1,True,[11121]
"(3396, 4300)",2,1,False,[]
"(154, 5474)",2,1,True,[5474]
"(10537, 11808)",2,1,True,"[10537, 11808]"
"(12762, 13741)",2,1,False,[]
"(4329, 11522)",2,1,True,[11522]
"(303, 5314)",2,1,True,[5314]
"(1973, 6201)",2,1,True,"[1973, 6201]"
"(1669, 7837)",2,1,True,"[1669, 7837]"
"(2427, 5466)",2,1,True,[5466]
"(8603, 10315)",2,1,True,"[8603, 10315]"
"(230, 1012)",2,1,False,[]
"(2441, 8533)",2,1,True,"[2441, 8533]"
"(1481, 2414)",2,1,False,[]
"(7808, 8325)",2,1,True,[8325]
"(12696, 13742)",2,1,True,[13742]
"(5324, 10807)",2,1,False,[]
"(43, 12676)",2,1,True,[12676]
"(2465, 10355, 11690)",3,1,True,[11690]
"(4835, 5203)",2,1,False,[]
"(11877, 13990)",2,1,True,[11877]
"(10780, 13608)",2,1,True,"[10780, 13608]"
"(13047, 13347)",2,1,True,"[13047, 13347]"
"(7716, 8161)",2,1,True,[7716]
"(3373, 10939)",2,1,True,[10939]
"(2672, 9005)",2,1,False,[]
"(6925, 8587)",2,1,True,"[6925, 8587]"
"(7807, 7981)",2,1,True,[7981]
"(9101, 12900)",2,1,True,[9101]
"(212, 4611)",2,1,False,[]
"(7102, 8217)",2,1,True,[7102]
"(4147, 9814)",2,1,True,[4147]
"(872, 5131)",2,1,True,[872]
"(3200, 10877)",2,1,True,"[3200, 10877]"
"(5323, 10716)",2,1,True,"[5323, 10716]"
"(1370, 11153)",2,1,True,[1370]
"(438, 5187)",2,1,False,[]
"(5858, 7580, 7654)",3,1,True,"[5858, 7580]"
"(6463, 11364, 11477)",3,1,True,"[6463, 11477]"
"(212, 439, 9463)",3,1,True,[9463]
"(461, 10036)",2,1,True,[461]
"(3351, 11896)",2,1,True,[11896]
"(1809, 13821)",2,1,True,[1809]
"(2010, 2315)",2,1,False,[]
"(10285, 11723)",2,1,True,[11723]
"(6822, 12612)",2,1,True,[12612]
"(5835, 10614)",2,1,True,"[5835, 10614]"
"(891, 13005)",2,1,False,[]
"(6081, 11363)",2,1,True,[11363]
"(3157, 13607)",2,1,True,[3157]
"(1163, 6569)",2,1,True,[1163]
"(1730, 4573)",2,1,True,"[1730, 4573]"
"(2299, 3941)",2,1,False,[]
"(11187, 13079)",2,1,True,"[11187, 13079]"
"(11972, 12986)",2,1,True,[12986]
"(3319, 12536)",2,1,True,[12536]
"(1562, 5327)",2,1,True,"[1562, 5327]"
"(1357, 8914)",2,1,False,[]
"(6320, 11807)",2,1,True,[11807]
"(4028, 10902)",2,1,True,[4028]
"(4090, 4835)",2,1,False,[]
"(983, 6128)",2,1,True,[6128]
"(8528, 14282)",2,1,True,[14282]
"(662, 12079)",2,1,True,[12079]
"(334, 2274)",2,1,False,[]
"(649, 4017)",2,1,True,[4017]
"(871, 2525, 3389)",3,1,False,[]
"(132, 2720)",2,1,True,[2720]
"(10427, 13713)",2,1,True,[13713]
"(2023, 9554)",2,1,True,[9554]
"(472, 613, 7311)",3,1,True,[613]
"(6103, 9166)",2,1,True,[6103]
"(4535, 9019)",2,1,False,[]
"(1615, 6052)",2,1,True,"[1615, 6052]"
"(3240, 11665)",2,1,True,[11665]
"(2377, 3190)",2,1,False,[]
"(10151, 10889)",2,1,False,[]
"(12513, 12861)",2,1,True,[12861]
"(3131, 5813, 6005)",3,1,True,[5813]
"(303, 11203)",2,1,False,[]
"(4661, 7616)",2,1,True,[7616]
"(4978, 9133)",2,1,True,"[4978, 9133]"
"(3178, 3178)",2,1,False,[]
"(9924, 13979)",2,1,True,[13979]
"(5050, 13740)",2,1,False,[]
"(10684, 12370)",2,1,True,"[10684, 12370]"
"(6072, 13917)",2,1,True,[6072]
"(11849, 14027)",2,1,True,[14027]
"(1950, 14033)",2,1,True,"[1950, 14033]"
"(131, 2899)",2,1,False,[]
"(3129, 9741)",2,1,True,[9741]
"(505, 2349, 10006)",3,1,True,[10006]
"(9024, 9196, 14085)",3,1,True,[9196]
"(11414, 13162)",2,1,True,[13162]
"(578, 11749)",2,1,False,[]
"(24, 354)",2,1,True,[354]
"(816, 8216)",2,1,True,"[816, 8216]"
"(1113, 6519)",2,1,True,[6519]
"(1631, 3388)",2,1,True,[3388]
"(432, 3109)",2,1,False,[]
"(1115, 4985)",2,1,False,[]
"(250, 427, 9555)",3,1,False,[]
"(5857, 12012)",2,1,True,[5857]
"(12241, 12752)",2,1,True,[12241]
"(369, 6285)",2,1,True,[6285]
"(12820, 13642)",2,1,True,[12820]
"(1870, 10287)",2,1,True,[10287]
"(12984, 13336)",2,1,False,[]
"(10213, 11864)",2,1,True,"[10213, 11864]"
"(6982, 10808)",2,1,True,[10808]
"(9594, 12569)",2,1,True,[9594]
"(502, 13678)",2,1,True,[13678]
"(3493, 4951)",2,1,True,"[3493, 4951]"
"(3180, 13119)",2,1,True,[3180]
"(3628, 13328)",2,1,True,[13328]
"(4077, 8668)",2,1,True,[4077]
"(6485, 13120)",2,1,True,[13120]
"(2097, 9305)",2,1,True,[9305]
"(12955, 13919)",2,1,True,[12955]
"(746, 13980)",2,1,True,[13980]
"(3266, 4836)",2,1,True,"[3266, 4836]"
"(976, 12450)",2,1,True,[976]
"(12595, 14010)",2,1,True,"[12595, 14010]"
"(902, 6053)",2,1,False,[]
"(6488, 12371)",2,1,True,[12371]
"(5441, 13435)",2,1,True,[13435]
"(13212, 13918)",2,1,True,"[13212, 13918]"
"(407, 1978)",2,1,True,"[407, 1978]"
"(2792, 6182)",2,1,True,[6182]
"(4764, 5791)",2,1,True,[4764]
"(2662, 2929)",2,1,True,"[2662, 2929]"
"(4563, 7513)",2,1,True,"[4563, 7513]"
"(2056, 10173)",2,1,True,[10173]
"(602, 1869, 2907, 8044)",4,1,False,[]
"(1801, 10494)",2,1,True,[10494]
"(505, 2374, 8932)",3,1,False,[]
"(9102, 9454, 11510, 13695)",4,1,False,[]
"(12081, 12242)",2,1,True,[12242]
"(5371, 11188)",2,1,True,"[5371, 11188]"
"(4287, 7042)",2,1,True,[4287]
"(465, 2114, 3531)",3,1,True,[3531]
"(8400, 14086)",2,1,True,"[8400, 14086]"
"(3549, 11781)",2,1,True,[11781]
"(2201, 2316)",2,1,True,[2201]
"(629, 3332)",2,1,True,[3332]
"(523, 4584, 7312, 14204)",4,1,True,[7312]
"(3995, 5816)",2,1,True,[5816]
"(6032, 10878)",2,1,True,[10878]
"(228, 1151)",2,1,False,[]
"(4532, 6426)",2,1,False,[]
"(2819, 13714)",2,1,True,[2819]
"(12956, 13610)",2,1,True,[13610]
"(4612, 9887)",2,1,True,[4612]
"(131, 9081, 9115)",3,1,False,[]
"(828, 12706)",2,1,False,[]
"(17, 3181)",2,1,False,[]
"(5642, 11364)",2,1,True,[5642]
"(1052, 2331)",2,1,True,[1052]
"(5814, 7656)",2,1,True,"[5814, 7656]"
"(3013, 9197)",2,1,True,"[3013, 9197]"
"(10889, 11876)",2,1,True,[11876]
"(240, 10615)",2,1,True,[10615]
"(4952, 5143)",2,1,True,"[4952, 5143]"
"(9647, 10099)",2,1,True,[9647]
"(7, 13609)",2,1,False,[]
"(52, 6722)",2,1,False,[]
"(501, 4100)",2,1,True,[4100]
"(2247, 12272)",2,1,True,[2247]
"(8162, 10085)",2,1,True,[10085]
"(9367, 11973)",2,1,True,[11973]
"(433, 2267, 3869)",3,1,False,[]
"(281, 1114)",2,1,True,[1114]
"(6111, 12468)",2,1,False,[]
"(5411, 14233)",2,1,True,[14233]
"(318, 954, 2755, 4061, 4713)",5,1,False,[]
"(3297, 9445)",2,1,True,[3297]
"(2651, 6192)",2,1,False,[]
"(2539, 2611)",2,1,False,[]
"(8896, 10246)",2,1,True,[10246]
"(93, 8327)",2,1,True,[93]
"(237, 238)",2,1,False,[]
"(3477, 4875)",2,1,True,[4875]
"(2326, 9325)",2,1,False,[]
"(1089, 3935)",2,1,False,[]
"(11691, 12568)",2,1,True,"[11691, 12568]"
"(6981, 8567)",2,1,True,[6981]
"(13149, 13990)",2,1,False,[]
"(2536, 3183)",2,1,False,[]
"(27, 4464)",2,1,True,[4464]
"(7570, 7655)",2,1,False,[]
"(439, 8326, 9463)",3,1,True,[9463]
"(567, 2138, 3760)",3,1,False,[]
"(13892, 13956)",2,1,True,"[13892, 13956]"
"(6104, 9366)",2,1,True,[6104]
"(1227, 7581)",2,1,True,[7581]
"(979, 2553, 3201)",3,1,False,[]
"(2157, 12334)",2,1,True,"[2157, 12334]"
"(9020, 13095)",2,1,True,[9020]
"(286, 286)",2,1,False,[]
"(9667, 13118)",2,1,True,[9667]
"(6721, 12786)",2,1,True,[6721]
"(5026, 6105)",2,1,False,[]
"(7459, 8568)",2,1,True,[7459]
"(4748, 12862)",2,1,True,[12862]
"(4665, 7717, 7906)",3,1,True,[7717]
"(5923, 6286, 9290)",3,1,True,[5923]
"(19, 11585)",2,1,False,[]
"(4876, 10748)",2,1,True,[4876]
"(257, 4769)",2,1,True,[4769]
"(5881, 9921)",2,1,True,[5881]
"(2687, 2780)",2,1,True,[2780]
"(2282, 4125)",2,1,True,[4125]
"(2352, 13677)",2,1,True,[13677]
"(451, 1448, 1800, 2068)",4,1,True,[2068]
"(10050, 13238)",2,1,True,[10050]
"(10578, 13466)",2,1,True,"[10578, 13466]"
"(633, 3707)",2,1,False,[]
"(5693, 7637)",2,1,False,[]
"(799, 3138)",2,1,True,[3138]
"(8017, 12632)",2,1,False,[]
"(1581, 9783)",2,1,True,[1581]
"(859, 3239)",2,1,False,[]
"(10577, 12987)",2,1,True,"[10577, 12987]"
"(36, 532)",2,1,False,[]
"(4066, 8499)",2,1,True,"[4066, 8499]"
"(645, 6882)",2,1,True,[6882]
"(8652, 10477)",2,1,True,"[8652, 10477]"
"(1364, 4583)",2,1,False,[]
"(125, 11553)",2,1,True,[11553]
"(306, 11294)",2,1,False,[]
"(2364, 4388)",2,1,True,"[2364, 4388]"
"(12013, 12594)",2,1,True,[12013]
"(2889, 6701)",2,1,False,[]
"(1555, 5080, 11186)",3,1,True,[1555]
"(7485, 9587)",2,1,True,[9587]
"(1010, 2799, 9394)",3,1,True,[9394]
"(24, 12282)",2,1,True,[12282]
"(12045, 12750)",2,1,True,"[12045, 12750]"
"(11463, 12367)",2,1,True,[12367]
"(6880, 8090)",2,1,True,"[6880, 8090]"
"(12209, 13739)",2,1,False,[]
"(309, 3137)",2,1,True,[3137]
"(8120, 10901)",2,1,True,[8120]
"(1909, 9740)",2,1,True,"[1909, 9740]"
"(11747, 13078)",2,1,True,[11747]
"(5240, 7683)",2,1,True,[7683]
"(10875, 13675)",2,1,True,[10875]
"(3178, 10876)",2,1,False,[]
"(3901, 6233)",2,1,True,[6233]
"(11002, 11521)",2,1,True,[11521]
"(3330, 13779)",2,1,True,[13779]
"(1313, 1313)",2,1,False,[]
"(5347, 5762)",2,1,True,[5347]
"(7905, 11434)",2,1,True,[11434]
"(1359, 4874)",2,1,True,[1359]
"(2898, 5811)",2,1,True,[2898]
"(4533, 6346)",2,1,True,[4533]
"(4866, 6643)",2,1,True,[6643]
"(6882, 12113)",2,1,True,[6882]
"(2881, 10392)",2,1,True,[10392]
"(764, 5571)",2,1,False,[]
"(2744, 11119)",2,1,True,[11119]
"(510, 570, 5180)",3,1,False,[]
"(3638, 8236)",2,1,True,[3638]
"(2673, 5728)",2,1,True,[5728]
"(6288, 9815)",2,1,True,[6288]
"(4022, 9315)",2,1,True,"[4022, 9315]"
"(5269, 14187)",2,1,True,[14187]
"(1763, 4237)",2,1,True,[1763]
"(10100, 11134)",2,1,True,"[10100, 11134]"
"(6565, 9253, 12677)",3,1,True,"[9253, 12677]"
"(603, 7657)",2,1,False,[]
"(1022, 9848)",2,1,True,[9848]
"(1548, 8984)",2,1,False,[]
"(5385, 6347)",2,1,True,[6347]
"(8500, 11189)",2,1,True,"[8500, 11189]"
"(171, 10749)",2,1,False,[]
"(523, 6287)",2,1,False,[]
"(233, 373, 8669)",3,1,True,[373]
"(10041, 11592)",2,1,False,[]
"(4345, 13150)",2,1,True,"[4345, 13150]"
"(570, 7945)",2,1,False,[]
"(5897, 8498)",2,1,True,"[5897, 8498]"
"(3642, 9847)",2,1,False,[]
"(4061, 4949, 7207)",3,1,True,[7207]
"(2710, 5095, 5362)",3,1,False,[]
"(4822, 9195)",2,1,True,[9195]
"(13098, 13502)",2,1,True,[13502]
"(145, 13176)",2,1,True,"[145, 13176]"
"(3868, 4704)",2,1,True,[3868]
"(13021, 13316)",2,1,True,"[13021, 13316]"
"(5215, 12271)",2,1,False,[]
"(5774, 10393)",2,1,True,"[5774, 10393]"
"(2630, 12114)",2,1,True,[2630]
"(530, 8764)",2,1,True,[530]
"(712, 6883)",2,1,True,[712]
"(3329, 3651)",2,1,True,[3651]
"(2621, 7248)",2,1,True,[2621]
"(5880, 12044)",2,1,True,[12044]
"(318, 954, 1351, 3247, 4168, 4414, 7170)",7,1,True,[1351]
"(3256, 5074, 7263)",3,1,True,[3256]
"(4088, 9446)",2,1,False,[]
"(12897, 13711)",2,1,True,[13711]
"(871, 1631, 1719, 2341, 5410, 6258, 9193)",7,1,False,[]
"(1870, 1870)",2,1,False,[]
"(12672, 14172)",2,1,True,"[12672, 14172]"
"(420, 7765)",2,1,False,[]
"(5567, 9738)",2,1,False,[]
"(1149, 4364)",2,1,True,[4364]
"(2576, 6675)",2,1,False,[]
"(1051, 10493)",2,1,True,[1051]
"(6374, 12148)",2,1,True,[6374]
"(6232, 8215)",2,1,True,[8215]
"(1153, 10715)",2,1,True,[1153]
"(12483, 12566)",2,1,True,[12566]
"(1102, 11262)",2,1,True,[1102]
"(9322, 14009)",2,1,True,[9322]
"(5440, 7850)",2,1,True,[7850]
"(5440, 11686)",2,1,True,[11686]
"(4216, 9812)",2,1,True,"[4216, 9812]"
"(4856, 6758)",2,1,True,"[4856, 6758]"
"(5893, 7463)",2,1,True,[5893]
"(230, 1012, 3054)",3,1,False,[]
"(3619, 11520)",2,1,True,"[3619, 11520]"
"(12749, 14292)",2,1,True,[12749]
"(1554, 5168)",2,1,True,"[1554, 5168]"
"(847, 1021)",2,1,True,[847]
"(7006, 10049)",2,1,True,"[7006, 10049]"
"(7615, 10779)",2,1,True,"[7615, 10779]"
"(11721, 12954)",2,1,True,"[11721, 12954]"
"(5268, 6518)",2,1,True,"[5268, 6518]"
"(3341, 10843)",2,1,True,[10843]
"(17, 9024)",2,1,False,[]
"(2198, 11225)",2,1,True,[11225]
"(1030, 1133)",2,1,True,[1030]
"(8397, 11433)",2,1,True,"[8397, 11433]"
"(1699, 3564)",2,1,True,[3564]
"(1151, 13532)",2,1,False,[]
"(5734, 9628)",2,1,True,[5734]
"(9289, 11863)",2,1,True,[9289]
"(9708, 12673)",2,1,True,[9708]
"(11242, 12112)",2,1,True,[12112]
"(4318, 9739)",2,1,True,[4318]
"(7492, 9071)",2,1,False,[]
"(11152, 12147)",2,1,True,[12147]
"(4582, 4999)",2,1,True,[4582]
"(7836, 10778)",2,1,True,[10778]
"(7715, 14122)",2,1,True,[7715]
"(4857, 10536)",2,1,True,[10536]
"(7943, 9072)",2,1,True,[9072]
"(3199, 5784)",2,1,True,[3199]
"(2593, 8238)",2,1,True,[8238]
"(3492, 3492, 5077, 5077)",4,1,False,[]
"(58, 6722)",2,1,False,[]
"(1756, 4976, 5000)",3,1,True,"[4976, 5000]"
"(5346, 7281)",2,1,True,[7281]
"(422, 4048, 10131)",3,1,False,[]
"(7904, 8489)",2,1,False,[]
"(1908, 2833, 11432)",3,1,True,[1908]
"(1176, 9194)",2,1,False,[]
"(34, 341)",2,1,False,[]
"(1704, 12593)",2,1,True,[12593]
"(26, 10333)",2,1,True,[10333]
"(166, 659, 1113, 1739, 3026)",5,1,True,[1739]
"(1347, 10971)",2,1,True,[1347]
"(1113, 3476)",2,1,False,[]
"(238, 9728)",2,1,False,[]
"(1694, 8121)",2,1,True,[1694]
"(3028, 13606)",2,1,False,[]
"(6271, 9902)",2,1,True,[6271]
"(9293, 9395)",2,1,True,[9395]
"(9504, 11263)",2,1,True,[11263]
"(4236, 5869, 11037)",3,1,True,[5869]
"(11619, 12092)",2,1,True,[11619]
"(5781, 9920)",2,1,True,[9920]
"(9758, 13654)",2,1,True,[13654]
"(425, 13692)",2,1,True,[425]
"(7208, 11689)",2,1,True,"[7208, 11689]"
"(5010, 12466)",2,1,True,[12466]
"(5073, 5964)",2,1,False,[]
"(7051, 8343)",2,1,True,[7051]
"(2396, 13808)",2,1,True,[13808]
"(1012, 3232)",2,1,True,[3232]
"(13278, 13890)",2,1,True,[13278]
"(417, 1595)",2,1,True,[1595]
"(667, 10394)",2,1,True,[10394]
"(5465, 12819)",2,1,True,"[5465, 12819]"
"(11120, 13916)",2,1,False,[]
"(7310, 9666)",2,1,False,[]
"(6139, 9018)",2,1,True,[6139]
"(274, 4095)",2,1,False,[]
"(5169, 7034)",2,1,True,"[5169, 7034]"
"(11226, 14079)",2,1,True,[11226]
"(10132, 10972)",2,1,True,[10132]
"(711, 10411)",2,1,True,[711]
"(5973, 8062)",2,1,True,[8062]
"(4977, 11121)",2,1,True,[11121]
"(4354, 6845)",2,1,False,[]
"(1075, 1257)",2,1,False,[]
"(2112, 8045)",2,1,True,"[2112, 8045]"
"(36, 11242)",2,1,False,[]
"(3434, 12882)",2,1,True,[12882]
"(7140, 7420)",2,1,True,[7420]
"(12751, 13955)",2,1,False,[]
"(4505, 4660)",2,1,True,[4660]
"(4260, 11722)",2,1,True,"[4260, 11722]"
"(11511, 12314)",2,1,True,[12314]
"(10426, 12449)",2,1,True,[12449]
"(2823, 9409)",2,1,True,[2823]
"(3696, 5641)",2,1,True,[5641]
"(983, 3262)",2,1,True,[3262]
"(13, 9323)",2,1,True,[9323]
"(9782, 10245)",2,1,True,"[9782, 10245]"
"(6514, 7396, 10592)",3,1,True,[6514]
"(9196, 11942)",2,1,True,[9196]
"(6597, 9723)",2,1,True,[9723]
"(7806, 12674)",2,1,True,[12674]
"(5010, 13712)",2,1,False,[]
"(588, 3306, 8822)",3,1,True,[3306]
"(8763, 12937)",2,1,True,"[8763, 12937]"
"(2405, 2955)",2,1,True,[2955]
"(28, 3177)",2,1,False,[]
"(2819, 10938)",2,1,True,[2819]
"(3123, 4376)",2,1,True,[3123]
"(11748, 13661)",2,1,True,[11748]
"(8091, 10970)",2,1,True,[8091]
"(584, 12894)",2,1,False,[]
"(7850, 9479)",2,1,True,"[7850, 9479]"
"(5790, 7637)",2,1,False,[]
"(115, 1182, 7433)",3,1,False,[]
"(274, 2109)",2,1,False,[]
"(5793, 13080)",2,1,True,[5793]
"(7775, 8328)",2,1,True,"[7775, 8328]"
"(4173, 8399)",2,1,True,[4173]
"(82, 515)",2,1,False,[]
"(2408, 2997, 3533)",3,1,False,[]
"(3202, 13533)",2,1,True,[3202]
"(2842, 4319)",2,1,True,"[2842, 4319]"
"(293, 1576)",2,1,True,[293]
"(8251, 11688, 12299)",3,1,True,[11688]
"(2821, 11834)",2,1,True,[11834]
"(2607, 8985)",2,1,True,[2607]
"(5385, 12718)",2,1,True,[12718]
"(622, 6847)",2,1,True,[6847]
"(5792, 11593)",2,1,True,[11593]
"(7514, 9742)",2,1,True,[7514]
"(11793, 11822)",2,1,True,[11793]
"(4837, 6846)",2,1,True,[6846]
"(2975, 11559)",2,1,True,[11559]
"(5467, 5729)",2,1,True,[5729]
"(11724, 13643)",2,1,True,"[11724, 13643]"
"(32, 216, 6424, 6520, 7165, 7172)",6,1,True,[7172]
"(4701, 10538)",2,1,True,[10538]
"(807, 2220, 5145)",3,1,False,[]
"(3124, 4803)",2,1,True,[4803]
"(11038, 11835)",2,1,True,[11835]
"(362, 416)",2,1,False,[]
"(3030, 4061)",2,1,True,[3030]
"(71, 511)",2,1,False,[]
"(3, 796)",2,1,False,[]
"(1631, 6259)",2,1,True,[6259]
"(2582, 4639)",2,1,True,[4639]
"(6702, 11577)",2,1,True,"[6702, 11577]"
"(2697, 4386)",2,1,True,[4386]
"(9709, 10460)",2,1,True,[10460]
"(6881, 7773)",2,1,True,[6881]
"(9553, 11941, 13237)",3,1,True,[13237]
"(4647, 10552)",2,1,True,[10552]
"(983, 2218)",2,1,False,[]
"(505, 2097, 2349, 3423, 10006)",5,1,True,[10006]
"(8148, 8322)",2,1,False,[]
"(7684, 12399)",2,1,True,[12399]
"(250, 427)",2,1,False,[]
"(65, 12567)",2,1,True,[12567]
"(10683, 13267)",2,1,True,[13267]
"(9487, 12130)",2,1,True,[12130]
"(13126, 14263)",2,1,True,[13126]
"(1421, 3554)",2,1,False,[]
"(630, 2144, 4688)",3,1,False,[]
"(11072, 13605)",2,1,True,[11072]
"(983, 2642)",2,1,True,[2642]
"(3, 12898)",2,1,True,[12898]
"(5543, 6644)",2,1,True,"[5543, 6644]"
"(431, 8566)",2,1,True,[431]
"(12368, 12586, 13503)",3,1,True,[13503]
"(4177, 9827)",2,1,True,[4177]
"(11940, 12860)",2,1,True,[12860]
"(15, 509)",2,1,True,[509]
"(5402, 10177)",2,1,True,"[5402, 10177]"
"(1442, 4465)",2,1,True,"[1442, 4465]"
"(2451, 8501)",2,1,False,[]
"(3058, 7984)",2,1,False,[]
"(1687, 13388)",2,1,False,[]
"(2209, 6984)",2,1,True,[6984]
"(2553, 9816)",2,1,True,[9816]
"(11497, 11751)",2,1,True,[11497]
"(1986, 3846)",2,1,True,[1986]
"(2553, 5201)",2,1,False,[]
"(13862, 14057)",2,1,True,"[13862, 14057]"
"(140, 1477)",2,1,True,"[140, 1477]"
"(73, 8571)",2,1,False,[]
"(4805, 10751)",2,1,True,"[4805, 10751]"
"(2654, 7173)",2,1,False,[]
"(2869, 4391)",2,1,True,"[2869, 4391]"
"(74, 3484)",2,1,True,[3484]
"(8570, 10420, 12408)",3,1,False,[]
"(2004, 5901)",2,1,False,[]
"(12206, 12273)",2,1,True,"[12206, 12273]"
"(6884, 7543)",2,1,True,"[6884, 7543]"
"(4771, 7983)",2,1,True,[7983]
"(6579, 7327)",2,1,True,[6579]
"(6032, 13311)",2,1,True,[13311]
"(1357, 3263)",2,1,False,[]
"(8103, 13096)",2,1,True,[13096]
"(250, 427, 8021)",3,1,True,[8021]
"(9583, 12313)",2,1,True,[12313]
"(924, 2843)",2,1,False,[]
"(1143, 6949)",2,1,True,"[1143, 6949]"
"(1631, 12180)",2,1,False,[]
"(6722, 14011)",2,1,True,[14011]
"(7693, 12181)",2,1,False,[]
"(507, 3496)",2,1,False,[]
"(1284, 1980)",2,1,True,[1980]
"(331, 3640, 4806, 6107)",4,1,True,[3640]
"(7283, 8190)",2,1,True,[7283]
"(1757, 4044)",2,1,True,[1757]
"(2439, 13022, 13044)",3,1,True,"[13022, 13044]"
"(5056, 12085)",2,1,True,[12085]
"(20, 6693)",2,1,False,[]
"(6007, 12400)",2,1,True,[12400]
"(1313, 4904)",2,1,True,[4904]
"(371, 6388)",2,1,True,[371]
"(4535, 8672)",2,1,False,[]
"(3208, 5508)",2,1,False,[]
"(7174, 13894)",2,1,True,[7174]
"(4069, 9629)",2,1,True,[4069]
"(10579, 12116)",2,1,True,"[10579, 12116]"
"(5547, 6437)",2,1,True,[5547]
"(2437, 11076)",2,1,True,[11076]
"(323, 3066)",2,1,True,"[323, 3066]"
"(7097, 12629, 12696)",3,1,False,[]
"(1411, 7314)",2,1,False,[]
"(2150, 10462)",2,1,True,[10462]
"(190, 13287)",2,1,False,[]
"(3288, 8363)",2,1,False,[]
"(1122, 6913)",2,1,True,[6913]
"(4953, 6426, 10396)",3,1,False,[]
"(1950, 10752)",2,1,True,[1950]
"(8644, 13863)",2,1,True,[8644]
"(13254, 13661)",2,1,False,[]
"(12646, 14226)",2,1,True,[14226]
"(10316, 13743)",2,1,True,[13743]
"(900, 2011, 10974)",3,1,True,"[900, 10974]"
"(349, 6338, 9619)",3,1,False,[]
"(219, 6241)",2,1,False,[]
"(3424, 10134)",2,1,True,"[3424, 10134]"
"(1074, 3510)",2,1,False,[]
"(1809, 3057)",2,1,True,[1809]
"(1115, 12988)",2,1,True,[12988]
"(7542, 10718)",2,1,True,[7542]
"(5228, 9796)",2,1,True,[5228]
"(8030, 8800)",2,1,True,[8800]
"(6651, 8181, 13097)",3,1,False,[]
"(1098, 10513)",2,1,True,[1098]
"(12260, 13469)",2,1,True,[13469]
"(13121, 13535)",2,1,True,[13121]
"(7688, 13437)",2,1,True,[7688]
"(12696, 12855)",2,1,False,[]
"(353, 13989)",2,1,False,[]
"(2253, 2799, 7855, 7907)",4,1,True,[7907]
"(2408, 3027)",2,1,False,[]
"(761, 761, 11750)",3,1,False,[]
"(24, 13679)",2,1,True,[13679]
"(798, 4505, 5081, 10617)",4,1,True,[798]
"(1246, 5106)",2,1,True,"[1246, 5106]"
"(7719, 9850)",2,1,False,[]
"(2379, 3159)",2,1,True,[3159]
"(7277, 10879)",2,1,True,[10879]
"(3408, 5149)",2,1,False,[]
"(628, 1172)",2,1,True,[1172]
"(5414, 10289)",2,1,True,[5414]
"(118, 4148)",2,1,True,[118]
"(1563, 5965)",2,1,True,"[1563, 5965]"
"(3300, 8247)",2,1,True,[8247]
"(1477, 2249)",2,1,True,[1477]
"(839, 9434)",2,1,True,[9434]
"(5988, 9924)",2,1,True,[5988]
"(576, 13573)",2,1,True,[576]
"(298, 5509)",2,1,True,"[298, 5509]"
"(12485, 12990)",2,1,True,[12990]
"(667, 13251)",2,1,True,[13251]
"(9755, 13326)",2,1,True,[9755]
"(8643, 13049)",2,1,True,[13049]
"(10719, 13982)",2,1,False,[]
"(5493, 6234, 11622)",3,1,True,[11622]
"(2631, 11782)",2,1,True,[11782]
"(6232, 7982)",2,1,False,[]
"(866, 8465)",2,1,True,[8465]
"(5415, 13572)",2,1,True,[5415]
"(4061, 6407)",2,1,False,[]
"(3376, 4442)",2,1,False,[]
"(552, 12453)",2,1,True,[12453]
"(11621, 12634)",2,1,True,[11621]
"(2654, 8774)",2,1,False,[]
"(8407, 8913)",2,1,False,[]
"(8709, 11366)",2,1,False,[]
"(7071, 9952)",2,1,True,[7071]
"(6522, 8859)",2,1,True,"[6522, 8859]"
"(2576, 12989)",2,1,True,[12989]
"(6290, 7839)",2,1,True,[6290]
"(3280, 6404)",2,1,True,[6404]
"(3709, 7840)",2,1,True,[7840]
"(12957, 13981)",2,1,True,[12957]
"(13122, 13349)",2,1,True,"[13122, 13349]"
"(6003, 10648)",2,1,False,[]
"(133, 8673)",2,1,True,[8673]
"(815, 6949)",2,1,True,[6949]
"(3249, 6404)",2,1,True,[6404]
"(122, 2087)",2,1,True,[2087]
"(6195, 13101)",2,1,False,[]
"(2653, 13239)",2,1,False,[]
"(2317, 6673)",2,1,True,[2317]
"(796, 851)",2,1,True,[851]
"(51, 226, 766, 988, 1304, 9397)",6,1,True,[988]
"(4417, 6159)",2,1,True,[4417]
"(1303, 4448)",2,1,True,[4448]
"(5167, 8557)",2,1,False,[]
"(879, 10619)",2,1,True,[10619]
"(7544, 10498)",2,1,True,[7544]
"(12425, 12425)",2,1,True,[12425]
"(491, 535)",2,1,True,[491]
"(204, 2407)",2,1,False,[]
"(1850, 6491)",2,1,True,[6491]
"(73, 13472)",2,1,False,[]
"(5302, 11367)",2,1,True,[11367]
"(13389, 13850)",2,1,True,[13389]
"(4614, 7582)",2,1,True,[7582]
"(12965, 13095)",2,1,False,[]
"(73, 2250, 7871, 9668, 10720)",5,1,True,[7871]
"(3607, 10240)",2,1,True,[10240]
"(524, 10135)",2,1,False,[]
"(318, 954, 1787, 2751, 3794)",5,1,True,"[1787, 3794]"
"(2061, 2292)",2,1,True,[2292]
"(11230, 14125)",2,1,True,[11230]
"(1577, 5375)",2,1,False,[]
"(2313, 13991)",2,1,True,[13991]
"(8480, 10811)",2,1,True,[10811]
"(1696, 3267, 5666, 12049)",4,1,True,[12049]
"(2451, 5342, 8557)",3,1,False,[]
"(599, 651)",2,1,False,[]
"(603, 3231, 7279)",3,1,False,[]
"(3807, 9710)",2,1,False,[]
"(2408, 3106)",2,1,True,[3106]
"(2288, 6219)",2,1,False,[]
"(603, 3641, 4218, 7279)",4,1,False,[]
"(2540, 3017, 5494)",3,1,True,[2540]
"(13958, 14252)",2,1,True,[13958]
"(6405, 12901)",2,1,True,[6405]
"(4008, 7951)",2,1,False,[]
"(12401, 14059)",2,1,True,"[12401, 14059]"
"(1341, 5318, 9411)",3,1,True,[1341]
"(7780, 7985)",2,1,True,"[7780, 7985]"
"(1456, 6262)",2,1,True,[1456]
"(2367, 4321, 10016)",3,1,True,[10016]
"(8861, 10428)",2,1,True,[10428]
"(4347, 14173)",2,1,True,[4347]
"(40, 1753)",2,1,True,[1753]
"(5578, 6985, 7650, 9383)",4,1,False,[]
"(1043, 5167, 5170, 7175, 8557)",5,1,True,[7175]
"(629, 6564)",2,1,False,[]
"(11525, 13611)",2,1,True,[11525]
"(289, 2118)",2,1,False,[]
"(280, 1582)",2,1,True,[1582]
"(969, 1299, 3444, 4878)",4,1,True,"[969, 4878]"
"(4690, 10782)",2,1,True,[10782]
"(1460, 13181)",2,1,True,[1460]
"(2904, 4772)",2,1,True,[2904]
"(5902, 8092)",2,1,True,"[5902, 8092]"
"(10685, 13180)",2,1,True,[13180]
"(7779, 11976)",2,1,True,[7779]
"(236, 13744)",2,1,True,"[236, 13744]"
"(2950, 10618)",2,1,True,[10618]
"(100, 13869)",2,1,True,[100]
"(2110, 9255)",2,1,True,[9255]
"(645, 6523)",2,1,True,[6523]
"(8195, 10591)",2,1,True,[10591]
"(2138, 5655)",2,1,False,[]
"(9557, 10053)",2,1,True,"[9557, 10053]"
"(8860, 9435)",2,1,True,[8860]
"(10052, 12789)",2,1,True,[10052]
"(934, 5442)",2,1,True,"[934, 5442]"
"(1571, 1807)",2,1,True,[1571]
"(359, 518)",2,1,True,[518]
"(3565, 5033)",2,1,False,[]
"(8783, 12454)",2,1,True,[8783]
"(12535, 12645, 13034, 13158)",4,1,False,[]
"(12991, 13969)",2,1,False,[]
"(250, 692, 8021)",3,1,True,"[692, 8021]"
"(1357, 2737)",2,1,False,[]
"(6723, 10781)",2,1,True,[6723]
"(6080, 6081)",2,1,True,[6080]
"(8553, 9817)",2,1,True,[9817]
"(1974, 4045)",2,1,True,[4045]
"(2940, 5730, 6261, 12572)",4,1,True,[12572]
"(7072, 10041)",2,1,True,[7072]
"(1012, 4288)",2,1,True,[4288]
"(7104, 13923)",2,1,True,[13923]
"(1827, 4515)",2,1,True,"[1827, 4515]"
"(1173, 1173)",2,1,False,[]
"(1839, 8557)",2,1,False,[]
"(12207, 13123)",2,1,False,[]
"(2166, 6321)",2,1,True,[2166]
"(1870, 14124)",2,1,False,[]
"(9558, 11155)",2,1,True,"[9558, 11155]"
"(574, 14029)",2,1,False,[]
"(869, 7143)",2,1,True,"[869, 7143]"
"(185, 3219)",2,1,False,[]
"(3765, 13957)",2,1,True,[13957]
"(4905, 5731)",2,1,True,[4905]
"(6130, 13781)",2,1,True,"[6130, 13781]"
"(1023, 5171)",2,1,True,[1023]
"(1275, 3409)",2,1,True,"[1275, 3409]"
"(9104, 9224)",2,1,True,"[9104, 9224]"
"(5916, 6976, 11783)",3,1,True,[11783]
"(8862, 11753)",2,1,True,[8862]
"(1631, 11005)",2,1,True,[11005]
"(5006, 6360)",2,1,False,[]
"(6158, 7617)",2,1,False,[]
"(8898, 10290)",2,1,True,[8898]
"(1075, 1233)",2,1,False,[]
"(197, 402, 5307)",3,1,True,[5307]
"(8411, 11752)",2,1,False,[]
"(6723, 11190)",2,1,True,"[6723, 11190]"
"(11666, 13471)",2,1,True,[13471]
"(7249, 13283)",2,1,True,[7249]
"(3877, 6082)",2,1,True,"[3877, 6082]"
"(10687, 12117)",2,1,True,"[10687, 12117]"
"(256, 13470)",2,1,True,[13470]
"(5324, 10686)",2,1,True,[10686]
"(1292, 7810)",2,1,True,[1292]
"(1232, 4427)",2,1,False,[]
"(5170, 7175)",2,1,True,[7175]
"(6403, 6425)",2,1,True,[6425]
"(5131, 12787)",2,1,False,[]
"(5748, 9968)",2,1,True,[9968]
"(4416, 11523)",2,1,True,"[4416, 11523]"
"(5898, 7043)",2,1,True,"[5898, 7043]"
"(6677, 9343)",2,1,False,[]
"(3037, 5349)",2,1,True,[5349]
"(6003, 12633)",2,1,False,[]
"(2134, 9073)",2,1,True,[9073]
"(1851, 4640)",2,1,True,[1851]
"(261, 2109, 4534, 6483, 13280)",5,1,False,[]
"(1378, 8670)",2,1,True,[8670]
"(6059, 12927)",2,1,False,[]
"(1698, 8857)",2,1,True,[8857]
"(12484, 13665)",2,1,True,"[12484, 13665]"
"(2738, 11465)",2,1,True,[2738]
"(2406, 7366)",2,1,True,[2406]
"(1556, 11004)",2,1,True,[11004]
"(2709, 8249)",2,1,True,[8249]
"(2688, 3713)",2,1,False,[]
"(6402, 9744)",2,1,True,"[6402, 9744]"
"(1123, 13178)",2,1,False,[]
"(6183, 7686)",2,1,True,[7686]
"(3021, 10051)",2,1,True,[10051]
"(1144, 10256)",2,1,True,[1144]
"(6032, 11320)",2,1,True,[11320]
"(2819, 5131)",2,1,True,[2819]
"(8725, 13327)",2,1,True,[8725]
"(2998, 12048)",2,1,True,"[2998, 12048]"
"(2944, 10973)",2,1,True,[10973]
"(7618, 8671)",2,1,True,[8671]
"(7765, 8742)",2,1,False,[]
"(5647, 10356)",2,1,True,"[5647, 10356]"
"(1103, 2487)",2,1,True,[1103]
"(4320, 11322)",2,1,True,[4320]
"(7558, 9148)",2,1,True,"[7558, 9148]"
"(11865, 14322)",2,1,True,[14322]
"(4261, 7300)",2,1,True,[4261]
"(5105, 9464)",2,1,True,"[5105, 9464]"
"(1176, 6054)",2,1,False,[]
"(6507, 11897)",2,1,True,[11897]
"(4733, 10133)",2,1,True,[10133]
"(8402, 12596)",2,1,True,[8402]
"(7282, 13467)",2,1,True,"[7282, 13467]"
"(1884, 4442)",2,1,True,[1884]
"(11594, 12451, 13639)",3,1,True,[11594]
"(7492, 10174)",2,1,True,[10174]
"(2959, 6053)",2,1,True,[2959]
"(7367, 10248)",2,1,True,[10248]
"(5991, 9777)",2,1,True,[9777]
"(5078, 10634)",2,1,False,[]
"(1871, 9745)",2,1,True,"[1871, 9745]"
"(2496, 13048)",2,1,True,"[2496, 13048]"
"(13436, 13809)",2,1,True,"[13436, 13809]"
"(4613, 12149)",2,1,True,[4613]
"(4223, 11728)",2,1,False,[]
"(2923, 12204)",2,1,False,[]
"(6788, 14321)",2,1,True,[14321]
"(11727, 11809)",2,1,True,[11727]
"(2148, 7540)",2,1,True,[7540]
"(4126, 8858)",2,1,True,[8858]
"(1685, 6377)",2,1,True,"[1685, 6377]"
"(1957, 7173)",2,1,True,[1957]
"(2262, 2958)",2,1,True,[2262]
"(3036, 5545)",2,1,True,[3036]
"(12203, 12335)",2,1,True,[12203]
"(893, 4804)",2,1,True,[4804]
"(985, 5301)",2,1,False,[]
"(875, 12207)",2,1,False,[]
"(4440, 11725)",2,1,True,"[4440, 11725]"
"(3532, 3532)",2,1,False,[]
"(1655, 11464)",2,1,True,[1655]
"(8401, 10395)",2,1,True,"[8401, 10395]"
"(94, 581, 763)",3,1,True,[763]
"(3514, 5348)",2,1,False,[]
"(2180, 2303)",2,1,True,[2180]
"(7809, 10007)",2,1,True,[10007]
"(742, 11228)",2,1,True,"[742, 11228]"
"(3458, 5944)",2,1,True,[5944]
"(344, 3783)",2,1,False,[]
"(3014, 11073)",2,1,True,[11073]
"(3488, 4512, 5380)",3,1,True,[4512]
"(4484, 9127)",2,1,True,[9127]
"(893, 5544)",2,1,False,[]
"(1037, 3496)",2,1,False,[]
"(3606, 9743)",2,1,True,[9743]
"(6665, 7209)",2,1,True,"[6665, 7209]"
"(396, 4365)",2,1,True,"[396, 4365]"
"(3479, 6759)",2,1,True,[6759]
"(476, 3708, 3708)",3,1,False,[]
"(188, 435)",2,1,True,[435]
"(76, 4415)",2,1,True,[4415]
"(403, 3700, 12027)",3,1,True,[12027]
"(3763, 4439)",2,1,True,"[3763, 4439]"
"(1199, 2248, 2810)",3,1,True,"[1199, 2248]"
"(11974, 12753)",2,1,True,"[11974, 12753]"
"(11560, 13387)",2,1,True,[11560]
"(4081, 7277)",2,1,True,[4081]
"(5301, 7718)",2,1,False,[]
"(3631, 5980, 12082)",3,1,True,[12082]
"(3870, 11003)",2,1,True,[11003]
"(2208, 5943)",2,1,False,[]
"(2966, 10332)",2,1,True,"[2966, 10332]"
"(1964, 7946)",2,1,True,[7946]
"(1153, 9324)",2,1,True,"[1153, 9324]"
"(10247, 11154)",2,1,True,[11154]
"(5216, 8710)",2,1,True,[8710]
"(2793, 12678)",2,1,True,[2793]
"(2465, 5300, 6760)",3,1,True,[5300]
"(6032, 11836)",2,1,False,[]
"(4275, 8569)",2,1,True,"[4275, 8569]"
"(2622, 13504)",2,1,True,[13504]
"(12047, 13386)",2,1,True,[13386]
"(9292, 12046)",2,1,True,"[9292, 12046]"
"(2976, 7400)",2,1,True,[7400]
"(3585, 7977)",2,1,False,[]
"(261, 2109, 4542, 5492, 8557)",5,1,False,[]
"(4346, 5568)",2,1,True,[5568]
"(3533, 4170, 11074)",3,1,True,[4170]
"(273, 430)",2,1,True,[273]
"(3442, 9967)",2,1,True,[9967]
"(894, 2171, 9595)",3,1,True,[894]
"(11401, 11944)",2,1,True,[11944]
"(4018, 6695)",2,1,False,[]
"(4067, 5204)",2,1,True,[4067]
"(809, 9508)",2,1,True,"[809, 9508]"
"(3330, 11726)",2,1,True,[11726]
"(6320, 14240)",2,1,True,[14240]
"(1947, 6578)",2,1,True,[1947]
"(501, 6821)",2,1,False,[]
"(12762, 13547)",2,1,False,[]
"(555, 9327)",2,1,True,"[555, 9327]"
"(667, 13348)",2,1,True,[13348]
"(3058, 5899)",2,1,True,[5899]
"(2109, 9103)",2,1,True,[9103]
"(102, 2031, 3443)",3,1,True,"[2031, 3443]"
"(12537, 13179)",2,1,True,[12537]
"(905, 2649)",2,1,True,[905]
"(7427, 8429)",2,1,True,"[7427, 8429]"
"(799, 7674)",2,1,False,[]
"(1857, 12452)",2,1,False,[]
"(4749, 6348)",2,1,True,[4749]
"(2593, 8163)",2,1,False,[]
"(470, 6454)",2,1,True,[470]
"(309, 6106)",2,1,True,[6106]
"(1033, 2586)",2,1,False,[]
"(5095, 5362)",2,1,False,[]
"(6260, 8244)",2,1,False,[]
"(1555, 1838)",2,1,True,[1555]
"(7277, 11213)",2,1,True,[11213]
"(2743, 6983)",2,1,True,[6983]
"(7142, 13921)",2,1,True,[13921]
"(4984, 9646)",2,1,True,"[4984, 9646]"
"(1420, 13364)",2,1,True,"[1420, 13364]"
"(8428, 9021)",2,1,True,[9021]
"(8403, 9026)",2,1,True,[8403]
"(649, 2650)",2,1,False,[]
"(4514, 11402)",2,1,True,"[4514, 11402]"
"(873, 1048)",2,1,False,[]
"(1083, 7541)",2,1,True,"[1083, 7541]"
"(558, 6848)",2,1,True,[6848]
"(1279, 6462)",2,1,True,[1279]
"(57, 9327)",2,1,True,[9327]
"(12205, 14251)",2,1,True,[12205]
"(4713, 9556)",2,1,False,[]
"(983, 3452)",2,1,True,[3452]
"(11561, 12598)",2,1,True,[11561]
"(1689, 5900)",2,1,True,[5900]
"(4770, 10495)",2,1,True,[4770]
"(983, 3845)",2,1,False,[]
"(4734, 10903)",2,1,True,[4734]
"(1872, 3585)",2,1,True,[1872]
"(4838, 10750)",2,1,True,[4838]
"(484, 2782)",2,1,False,[]
"(4236, 12788)",2,1,False,[]
"(2716, 5095, 5362)",3,1,False,[]
"(2220, 7838)",2,1,False,[]
"(11620, 13742)",2,1,True,"[11620, 13742]"
"(1170, 3162, 8480)",3,1,False,[]
"(640, 1332, 2699)",3,1,True,[2699]
"(841, 8897)",2,1,True,[8897]
"(374, 1048, 3495)",3,1,False,[]
"(10717, 11403)",2,1,True,[11403]
"(5882, 6157)",2,1,True,[6157]
"(927, 8291)",2,1,True,[8291]
"(286, 999)",2,1,False,[]
"(1740, 7313, 10008)",3,1,True,[1740]
"(4585, 12084)",2,1,True,[4585]
"(811, 1095)",2,1,True,[811]
"(4390, 10519)",2,1,True,"[4390, 10519]"
"(13468, 13922)",2,1,True,[13922]
"(1979, 11365)",2,1,True,[11365]
"(7777, 9134)",2,1,True,[7777]
"(1436, 1717)",2,1,True,[1436]
"(2086, 11898)",2,1,True,[2086]
"(1857, 4813)",2,1,True,[4813]
"(19, 34, 4929)",3,1,False,[]
"(555, 1598, 3902)",3,1,True,[555]
"(230, 1048)",2,1,False,[]
"(1048, 3495)",2,1,False,[]
"(1340, 6991)",2,1,True,[6991]
"(7070, 11642)",2,1,True,[7070]
"(8266, 10407)",2,1,True,[8266]
"(14156, 14307)",2,1,True,[14307]
"(105, 199)",2,1,False,[]
"(4689, 6289)",2,1,True,[6289]
"(231, 9923, 9963)",3,1,False,[]
"(757, 3248)",2,1,True,[757]
"(3910, 4853)",2,1,True,[3910]
"(13505, 13920)",2,1,True,[13920]
"(263, 397)",2,1,True,[263]
"(6088, 7776)",2,1,False,[]
"(43, 270)",2,1,False,[]
"(9500, 10175)",2,1,True,[10175]
"(7277, 11122)",2,1,False,[]
"(5546, 8604)",2,1,True,[5546]
"(6202, 6202)",2,1,False,[]
"(5518, 10288)",2,1,True,[5518]
"(511, 4485)",2,1,True,[4485]
"(2794, 3038)",2,1,True,[2794]
"(1149, 4513, 9042)",3,1,True,[9042]
"(1498, 7687)",2,1,True,[7687]
"(1630, 10748)",2,1,True,[1630]
"(2202, 5859)",2,1,False,[]
"(2014, 2015)",2,1,True,[2015]
"(7778, 13893)",2,1,True,[13893]
"(4198, 8828)",2,1,True,"[4198, 8828]"
"(2127, 8342)",2,1,True,[2127]
"(11374, 14029)",2,1,False,[]
"(4931, 5763, 7475)",3,1,True,[5763]
"(2283, 9922)",2,1,True,[2283]
"(310, 5519)",2,1,True,[5519]
"(305, 3825, 9610)",3,1,False,[]
"(505, 2349, 6094)",3,1,False,[]
"(799, 1132)",2,1,False,[]
"(9254, 11524)",2,1,True,[9254]
"(2387, 5001)",2,1,True,[5001]
"(1201, 3730)",2,1,False,[]
"(10809, 12408)",2,1,True,[10809]
"(695, 2132)",2,1,True,"[695, 2132]"
"(5299, 8166)",2,1,False,[]
"(3376, 5412)",2,1,False,[]
"(164, 7746)",2,1,True,[7746]
"(1069, 4068)",2,1,False,[]
"(2165, 7561, 9410)",3,1,False,[]
"(11898, 12597)",2,1,False,[]
"(192, 983, 4877)",3,1,False,[]
"(7, 3988)",2,1,False,[]
"(9641, 11975)",2,1,True,[11975]
"(3028, 3521)",2,1,False,[]
"(2617, 8821)",2,1,True,[8821]
"(11229, 11295)",2,1,True,[11295]
"(12823, 13281)",2,1,True,[13281]
"(1517, 5217)",2,1,True,[5217]
"(3478, 6521)",2,1,True,[6521]
"(6021, 11446, 14065)",3,1,True,[11446]
"(3181, 10983)",2,1,True,[10983]
"(1573, 1659)",2,1,True,"[1573, 1659]"
"(8793, 12759)",2,1,True,"[8793, 12759]"
"(2328, 6032)",2,1,False,[]
"(7726, 10518, 11510)",3,1,True,[7726]
"(8617, 11846)",2,1,True,[11846]
"(2022, 2815)",2,1,True,[2815]
"(5972, 10144)",2,1,True,[5972]
"(4759, 8480)",2,1,False,[]
"(1124, 3963)",2,1,False,[]
"(6269, 7788)",2,1,True,[6269]
"(5774, 10253)",2,1,True,"[5774, 10253]"
"(3231, 7279)",2,1,False,[]
"(4051, 4178)",2,1,True,[4178]
"(6677, 9439)",2,1,False,[]
"(2348, 5026)",2,1,False,[]
"(2174, 7629)",2,1,False,[]
"(967, 1237)",2,1,True,[967]
"(10546, 13360)",2,1,True,[13360]
"(200, 13862)",2,1,True,[13862]
"(2352, 11573)",2,1,False,[]
"(4509, 8649)",2,1,True,[4509]
"(603, 4218)",2,1,False,[]
"(11817, 12058)",2,1,True,[11817]
"(4496, 5822)",2,1,True,"[4496, 5822]"
"(4779, 11330)",2,1,True,"[4779, 11330]"
"(4050, 5276)",2,1,True,"[4050, 5276]"
"(5814, 11221)",2,1,True,"[5814, 11221]"
"(697, 4090)",2,1,False,[]
"(233, 6261)",2,1,False,[]
"(6219, 12344)",2,1,True,[12344]
"(5991, 12278)",2,1,False,[]
"(116, 7555)",2,1,False,[]
"(8301, 11603)",2,1,True,[8301]
"(5388, 13622)",2,1,True,[13622]
"(10145, 14223)",2,1,True,[10145]
"(2346, 10474)",2,1,True,"[2346, 10474]"
"(541, 13582)",2,1,True,"[541, 13582]"
"(3021, 10188)",2,1,True,[10188]
"(799, 2111)",2,1,True,[2111]
"(1671, 4297)",2,1,False,[]
"(3359, 11331)",2,1,True,[11331]
"(1186, 7049)",2,1,True,[7049]
"(2424, 7324)",2,1,True,[7324]
"(2848, 6032)",2,1,False,[]
"(11089, 11954)",2,1,True,[11954]
"(261, 2109, 4095, 4370)",4,1,True,[4370]
"(2209, 7818)",2,1,True,[7818]
"(11206, 11872)",2,1,True,[11206]
"(3657, 10822)",2,1,True,[10822]
"(9717, 11047)",2,1,True,[11047]
"(1551, 3147)",2,1,True,[1551]
"(3280, 3488)",2,1,False,[]
"(7503, 10020)",2,1,False,[]
"(651, 2004, 3977)",3,1,False,[]
"(1305, 1860)",2,1,True,[1305]
"(12345, 14095)",2,1,True,[12345]
"(7523, 10319)",2,1,True,[7523]
"(2561, 3538)",2,1,True,[3538]
"(1603, 2924)",2,1,True,[2924]
"(5054, 9639)",2,1,False,[]
"(1657, 10508)",2,1,True,[1657]
"(9941, 12872)",2,1,True,[9941]
"(229, 9940)",2,1,True,[9940]
"(2139, 6088)",2,1,False,[]
"(2931, 4595)",2,1,False,[]
"(2456, 2708)",2,1,True,[2708]
"(2, 13323)",2,1,True,[2]
"(4918, 9980)",2,1,True,[9980]
"(182, 1471)",2,1,True,[182]
"(6673, 7928)",2,1,True,[7928]
"(931, 12191)",2,1,True,[12191]
"(12221, 13249)",2,1,True,[13249]
"(7725, 11234)",2,1,True,[11234]
"(2274, 4008)",2,1,False,[]
"(2413, 11475)",2,1,True,[11475]
"(5551, 5551)",2,1,False,[]
"(1236, 11205)",2,1,True,[11205]
"(6327, 12645)",2,1,False,[]
"(5991, 11378)",2,1,True,[11378]
"(752, 5929)",2,1,True,[5929]
"(5951, 7493)",2,1,True,"[5951, 7493]"
"(1559, 9468)",2,1,True,[1559]
"(422, 3788, 7087)",3,1,True,[7087]
"(7754, 9752)",2,1,True,[7754]
"(9473, 11434)",2,1,True,"[9473, 11434]"
"(645, 14244)",2,1,True,[14244]
"(362, 4177)",2,1,True,[4177]
"(2727, 6889)",2,1,False,[]
"(9613, 10821)",2,1,True,[9613]
"(8414, 8908)",2,1,True,[8414]
"(2626, 5551, 6961)",3,1,True,[6961]
"(7628, 7693)",2,1,True,[7628]
"(6443, 8583)",2,1,True,[8583]
"(4862, 7755)",2,1,True,[4862]
"(4988, 5550)",2,1,True,[4988]
"(2641, 6753)",2,1,False,[]
"(3394, 13250)",2,1,True,"[3394, 13250]"
"(11132, 12832)",2,1,True,[11132]
"(7787, 11572)",2,1,True,"[7787, 11572]"
"(7694, 12800)",2,1,True,[7694]
"(463, 13303)",2,1,True,[13303]
"(928, 1631)",2,1,True,[928]
"(3358, 13755)",2,1,True,[3358]
"(1804, 11495)",2,1,True,[11495]
"(5222, 9474)",2,1,False,[]
"(117, 5401)",2,1,False,[]
"(7965, 11914)",2,1,False,[]
"(664, 1809)",2,1,True,"[664, 1809]"
"(174, 174)",2,1,False,[]
"(2209, 7484)",2,1,False,[]
"(678, 6032)",2,1,False,[]
"(5983, 11758)",2,1,True,[11758]
"(11445, 13934)",2,1,True,[11445]
"(4842, 11087)",2,1,True,[11087]
"(322, 10473)",2,1,False,[]
"(649, 11016)",2,1,False,[]
"(3777, 10300)",2,1,True,[3777]
"(6672, 13057)",2,1,True,[13057]
"(299, 2557, 8909)",3,1,False,[]
"(1124, 12493)",2,1,True,[12493]
"(5908, 12160)",2,1,True,[5908]
"(1302, 3431)",2,1,True,[3431]
"(2382, 5498)",2,1,False,[]
"(106, 7150)",2,1,True,[7150]
"(212, 13850)",2,1,False,[]
"(11247, 11759)",2,1,False,[]
"(5802, 10984)",2,1,True,[5802]
"(1231, 13815)",2,1,True,[13815]
"(8945, 12607)",2,1,True,"[8945, 12607]"
"(8581, 11574)",2,1,True,[8581]
"(2813, 3516)",2,1,True,[2813]
"(10789, 12025)",2,1,True,[10789]
"(10589, 13447)",2,1,True,[13447]
"(6592, 9340, 14189)",3,1,True,[6592]
"(4780, 8024)",2,1,True,[8024]
"(1578, 8796)",2,1,True,[8796]
"(5952, 8513)",2,1,True,[8513]
"(983, 3669, 4061)",3,1,False,[]
"(3624, 11873)",2,1,True,[3624]
"(8474, 10364)",2,1,True,[10364]
"(5701, 6329, 10063)",3,1,True,[6329]
"(4396, 8336)",2,1,True,[4396]
"(524, 3922)",2,1,True,[3922]
"(7151, 10440)",2,1,True,[10440]
"(5771, 11901)",2,1,True,[11901]
"(6696, 8795)",2,1,True,[6696]
"(58, 2539)",2,1,False,[]
"(2700, 6089)",2,1,True,[2700]
"(392, 1158, 1778, 1836, 8723)",5,1,True,"[1158, 1836]"
"(7885, 12223)",2,1,True,[7885]
"(907, 2430)",2,1,True,[2430]
"(1605, 5115)",2,1,True,[5115]
"(6297, 10301)",2,1,True,"[6297, 10301]"
"(2152, 7260)",2,1,False,[]
"(10363, 11048)",2,1,True,"[10363, 11048]"
"(3813, 5551)",2,1,False,[]
"(8853, 12024)",2,1,True,[8853]
"(1357, 3721)",2,1,False,[]
"(3432, 14131)",2,1,True,[3432]
"(5199, 14107)",2,1,True,"[5199, 14107]"
"(10695, 11332)",2,1,True,[11332]
"(8874, 9405)",2,1,True,[9405]
"(7082, 10887, 13485)",3,1,True,[10887]
"(5701, 7434)",2,1,True,[7434]
"(492, 924, 1634, 3043, 3235)",5,1,True,[3043]
"(4225, 8946)",2,1,True,"[4225, 8946]"
"(954, 6697)",2,1,False,[]
"(8686, 9792)",2,1,True,[8686]
"(255, 11956)",2,1,False,[]
"(2701, 13486)",2,1,False,[]
"(3042, 8369)",2,1,True,"[3042, 8369]"
"(5700, 8910, 12523)",3,1,True,[5700]
"(12280, 12436)",2,1,True,"[12280, 12436]"
"(12281, 13759)",2,1,True,"[12281, 13759]"
"(301, 9793)",2,1,False,[]
"(6355, 13847)",2,1,True,[6355]
"(5823, 13541)",2,1,True,[5823]
"(7917, 11818)",2,1,True,[11818]
"(5354, 11240)",2,1,True,"[5354, 11240]"
"(12279, 13543)",2,1,True,[12279]
"(8017, 12128)",2,1,True,[12128]
"(5420, 6330)",2,1,True,"[5420, 6330]"
"(3098, 11207)",2,1,True,[3098]
"(1701, 7221)",2,1,True,[1701]
"(1975, 11382)",2,1,True,[1975]
"(4471, 11448)",2,1,True,"[4471, 11448]"
"(1820, 6114, 8650)",3,1,True,"[1820, 8650]"
"(14017, 14224)",2,1,True,[14224]
"(5931, 7120)",2,1,True,[7120]
"(6818, 8687)",2,1,True,"[6818, 8687]"
"(4202, 7916, 9050)",3,1,True,[9050]
"(6816, 9209, 10788)",3,1,True,"[6816, 9209]"
"(13028, 13361)",2,1,True,[13361]
"(7726, 11447)",2,1,True,"[7726, 11447]"
"(1094, 3254)",2,1,False,[]
"(2135, 5309)",2,1,True,[2135]
"(5453, 10329)",2,1,True,[5453]
"(989, 6773)",2,1,False,[]
"(7198, 12726)",2,1,True,[7198]
"(6728, 7495)",2,1,True,"[6728, 7495]"
"(6382, 8873)",2,1,True,[6382]
"(637, 3515)",2,1,True,[3515]
"(6596, 8170)",2,1,True,[8170]
"(2696, 13159)",2,1,True,"[2696, 13159]"
"(2214, 5452, 13401)",3,1,True,[2214]
"(10508, 10547)",2,1,True,[10547]
"(2541, 3896)",2,1,True,[3896]
"(3623, 9862)",2,1,True,[3623]
"(5091, 5329)",2,1,True,"[5091, 5329]"
"(2561, 9475)",2,1,True,[9475]
"(6861, 11728, 13252)",3,1,False,[]
"(6535, 13127)",2,1,True,[13127]
"(8685, 9640, 11332)",3,1,True,[11332]
"(9263, 12346)",2,1,True,[9263]
"(150, 10228)",2,1,True,[10228]
"(729, 795)",2,1,True,[795]
"(929, 4470)",2,1,False,[]
"(6532, 10022)",2,1,True,[10022]
"(5356, 10328)",2,1,True,[10328]
"(3095, 6388)",2,1,False,[]
"(5889, 13001, 13445)",3,1,False,[]
"(192, 3414)",2,1,True,[3414]
"(4131, 8168)",2,1,True,"[4131, 8168]"
"(552, 6328)",2,1,True,[6328]
"(4021, 4569, 8100)",3,1,False,[]
"(7319, 14266)",2,1,True,[7319]
"(12222, 13483)",2,1,True,[12222]
"(14130, 14209)",2,1,True,[14209]
"(4468, 11164)",2,1,True,"[4468, 11164]"
"(4619, 6817)",2,1,True,"[4619, 6817]"
"(8226, 11648)",2,1,True,[8226]
"(963, 10439)",2,1,True,"[963, 10439]"
"(4886, 8337)",2,1,True,[8337]
"(2526, 2526)",2,1,False,[]
"(6892, 14267)",2,1,True,"[6892, 14267]"
"(739, 8451)",2,1,True,[739]
"(1250, 5930)",2,1,True,[5930]
"(9476, 11362)",2,1,False,[]
"(1483, 2046)",2,1,True,[2046]
"(1166, 5839)",2,1,True,[5839]
"(5310, 11133)",2,1,True,[5310]
"(13583, 13756)",2,1,True,[13756]
"(5252, 12964)",2,1,False,[]
"(492, 3571)",2,1,True,[3571]
"(2055, 2562, 6036)",3,1,True,"[2562, 6036]"
"(9404, 13402)",2,1,True,[9404]
"(3689, 4618)",2,1,True,"[3689, 4618]"
"(3670, 7081)",2,1,True,"[3670, 7081]"
"(1727, 6035)",2,1,True,[1727]
"(856, 5332)",2,1,True,[856]
"(9896, 12001)",2,1,True,[9896]
"(7439, 10916)",2,1,False,[]
"(5887, 11672)",2,1,True,"[5887, 11672]"
"(3966, 7996)",2,1,True,"[3966, 7996]"
"(11444, 12606)",2,1,True,"[11444, 12606]"
"(13605, 14179)",2,1,False,[]
"(13845, 14036)",2,1,True,[13845]
"(630, 2371)",2,1,False,[]
"(11601, 14178)",2,1,True,[11601]
"(5769, 10626)",2,1,True,[5769]
"(3446, 14094)",2,1,True,"[3446, 14094]"
"(1056, 12639)",2,1,True,[1056]
"(4915, 9171)",2,1,True,[9171]
"(4667, 7786)",2,1,True,[7786]
"(4645, 12460)",2,1,True,[12460]
"(2343, 3812, 11732)",3,1,True,"[2343, 3812, 11732]"
"(1676, 1830)",2,1,True,[1676]
"(6033, 10140)",2,1,True,[6033]
"(4224, 10544, 10947)",3,1,True,"[4224, 10947]"
"(5222, 9861)",2,1,True,[9861]
"(3113, 6770)",2,1,True,[3113]
"(4223, 12870)",2,1,False,[]
"(12017, 14063)",2,1,True,[12017]
"(11, 10182)",2,1,False,[]
"(2553, 4738)",2,1,True,[4738]
"(732, 2097, 3356)",3,1,False,[]
"(12687, 13188)",2,1,True,[13188]
"(2081, 7231)",2,1,True,[2081]
"(1612, 3300)",2,1,False,[]
"(2118, 3961)",2,1,True,[3961]
"(4247, 7951)",2,1,False,[]
"(775, 5325)",2,1,False,[]
"(4736, 10656)",2,1,True,[10656]
"(9676, 10097)",2,1,True,[9676]
"(7080, 13508)",2,1,True,[13508]
"(1313, 13442)",2,1,False,[]
"(283, 10223)",2,1,False,[]
"(910, 13785)",2,1,True,[13785]
"(6088, 10222)",2,1,True,[10222]
"(676, 2946)",2,1,True,[676]
"(3413, 7009)",2,1,True,[3413]
"(1707, 4546)",2,1,True,"[1707, 4546]"
"(2045, 6209)",2,1,True,[2045]
"(183, 3916)",2,1,True,[3916]
"(4884, 13189)",2,1,True,[4884]
"(5033, 6113)",2,1,True,[6113]
"(1231, 3019, 12186)",3,1,True,[12186]
"(8717, 12018)",2,1,True,[12018]
"(3757, 9111)",2,1,False,[]
"(2104, 8648)",2,1,True,"[2104, 8648]"
"(1365, 8580)",2,1,True,"[1365, 8580]"
"(3079, 4757)",2,1,True,"[3079, 4757]"
"(8872, 14064)",2,1,True,[14064]
"(2719, 2902)",2,1,True,[2902]
"(2097, 9403)",2,1,True,[9403]
"(6326, 10930)",2,1,True,"[6326, 10930]"
"(6380, 8260)",2,1,True,[6380]
"(8295, 12219)",2,1,True,[8295]
"(10435, 10820)",2,1,True,[10435]
"(4594, 5837)",2,1,True,"[4594, 5837]"
"(4644, 9296)",2,1,True,[4644]
"(5503, 7637)",2,1,True,[5503]
"(4495, 13846)",2,1,False,[]
"(9212, 13258)",2,1,True,[9212]
"(367, 1577)",2,1,True,[367]
"(10853, 11013)",2,1,True,[10853]
"(1742, 7913)",2,1,True,[1742]
"(2649, 7024)",2,1,True,[7024]
"(2553, 4561, 4688)",3,1,True,[4561]
"(490, 10325)",2,1,False,[]
"(3656, 9170)",2,1,True,[9170]
"(1186, 6240)",2,1,True,[6240]
"(1698, 5062)",2,1,False,[]
"(11816, 12520)",2,1,True,[12520]
"(12638, 14016)",2,1,True,[12638]
"(11691, 14145)",2,1,True,[11691]
"(954, 2962)",2,1,True,[2962]
"(61, 4426)",2,1,False,[]
"(3514, 4899)",2,1,False,[]
"(5733, 6141)",2,1,True,"[5733, 6141]"
"(1418, 2860, 11843)",3,1,True,[11843]
"(3687, 13000)",2,1,True,[3687]
"(10096, 10654)",2,1,True,[10654]
"(2075, 5644, 7330)",3,1,True,[7330]
"(2159, 2409)",2,1,True,[2409]
"(37, 7949)",2,1,True,[7949]
"(10266, 10433)",2,1,False,[]
"(10, 6325)",2,1,True,[6325]
"(7379, 11162)",2,1,False,[]
"(6112, 6563)",2,1,True,[6112]
"(249, 6434)",2,1,True,"[249, 6434]"
"(5087, 9029)",2,1,True,[5087]
"(6241, 11844)",2,1,False,[]
"(826, 13126, 13965)",3,1,True,[13126]
"(9822, 10142)",2,1,True,[10142]
"(2677, 13985)",2,1,True,[2677]
"(1841, 11870)",2,1,True,"[1841, 11870]"
"(1558, 9877)",2,1,True,[1558]
"(16, 8822)",2,1,False,[]
"(7375, 9110)",2,1,True,[9110]
"(6588, 6589)",2,1,True,[6588]
"(1396, 7287)",2,1,True,[7287]
"(4043, 10297)",2,1,True,[10297]
"(532, 11388)",2,1,False,[]
"(1045, 13844)",2,1,True,[1045]
"(345, 3497)",2,1,True,"[345, 3497]"
"(10727, 12016)",2,1,True,"[10727, 12016]"
"(2366, 5308)",2,1,True,[2366]
"(2146, 13963)",2,1,True,"[2146, 13963]"
"(5432, 10434)",2,1,True,[10434]
"(5821, 13620)",2,1,True,"[5821, 13620]"
"(1929, 3668)",2,1,True,[3668]
"(196, 13468)",2,1,True,[196]
"(3747, 13089)",2,1,True,[3747]
"(4345, 9048)",2,1,True,[4345]
"(13399, 13900)",2,1,True,"[13399, 13900]"
"(1732, 2296)",2,1,True,[2296]
"(4841, 4959)",2,1,True,[4959]
"(10017, 12869)",2,1,True,"[10017, 12869]"
"(8223, 8979)",2,1,True,"[8223, 8979]"
"(13441, 13717)",2,1,True,[13441]
"(291, 2654, 8774, 12433)",4,1,True,[12433]
"(104, 1471, 13081)",3,1,True,[104]
"(12751, 12797)",2,1,True,[12797]
"(175, 9026)",2,1,True,[175]
"(432, 1012, 3154)",3,1,True,[3154]
"(8852, 8852)",2,1,False,[]
"(973, 9938)",2,1,True,[973]
"(1897, 13088)",2,1,False,[]
"(1625, 12291)",2,1,True,[12291]
"(2357, 2694)",2,1,False,[]
"(3514, 4928)",2,1,False,[]
"(10263, 11387)",2,1,True,[10263]
"(8721, 9978)",2,1,True,[8721]
"(3661, 6088)",2,1,True,[3661]
"(11871, 13887)",2,1,True,[11871]
"(152, 14162)",2,1,True,[14162]
"(8296, 11900)",2,1,True,[8296]
"(2429, 2492)",2,1,True,"[2429, 2492]"
"(2389, 6210)",2,1,True,"[2389, 6210]"
"(10715, 12500)",2,1,False,[]
"(276, 5770)",2,1,True,[5770]
"(2345, 2507, 10327, 12799)",4,1,True,[12799]
"(12437, 13192)",2,1,True,[13192]
"(553, 7884)",2,1,True,"[553, 7884]"
"(4713, 9208)",2,1,True,[9208]
"(1960, 5936)",2,1,True,[1960]
"(156, 898)",2,1,False,[]
"(6923, 11432)",2,1,True,[6923]
"(10326, 11130)",2,1,True,"[10326, 11130]"
"(2944, 13438)",2,1,True,[13438]
"(12492, 12758)",2,1,True,[12492]
"(6960, 10982)",2,1,True,[6960]
"(6410, 9716)",2,1,True,[6410]
"(10143, 10981)",2,1,True,"[10143, 10981]"
"(2449, 3734)",2,1,False,[]
"(10187, 10226)",2,1,True,"[10187, 10226]"
"(778, 8443)",2,1,False,[]
"(2763, 3768)",2,1,True,[3768]
"(5950, 10731)",2,1,True,[5950]
"(10979, 12757)",2,1,True,"[10979, 12757]"
"(6381, 10019)",2,1,True,[10019]
"(3253, 8832)",2,1,True,"[3253, 8832]"
"(13933, 14302)",2,1,True,[13933]
"(800, 3851)",2,1,True,[800]
"(5356, 9791)",2,1,True,[9791]
"(6229, 11790)",2,1,True,[11790]
"(1397, 3041)",2,1,True,"[1397, 3041]"
"(6034, 7220)",2,1,True,"[6034, 7220]"
"(1048, 3852)",2,1,True,[3852]
"(2230, 6059)",2,1,False,[]
"(624, 2560)",2,1,True,"[624, 2560]"
"(7526, 11703)",2,1,True,[11703]
"(179, 9339)",2,1,True,[9339]
"(6861, 11728)",2,1,False,[]
"(78, 6738)",2,1,False,[]
"(3357, 10912)",2,1,True,[3357]
"(12869, 13814)",2,1,True,"[12869, 13814]"
"(5008, 9681)",2,1,True,"[5008, 9681]"
"(6727, 9516)",2,1,True,[9516]
"(1693, 6211)",2,1,True,[6211]
"(230, 6088)",2,1,False,[]
"(5231, 12975)",2,1,True,[5231]
"(8722, 12022)",2,1,True,"[8722, 12022]"
"(12207, 13444)",2,1,False,[]
"(337, 521)",2,1,False,[]
"(295, 1951)",2,1,True,"[295, 1951]"
"(1557, 6990)",2,1,True,[6990]
"(1210, 13064)",2,1,True,[13064]
"(3553, 13754)",2,1,True,[3553]
"(12406, 13618)",2,1,False,[]
"(256, 5353)",2,1,False,[]
"(346, 1050, 1666, 3688)",4,1,True,[1050]
"(298, 402)",2,1,True,[298]
"(1049, 8126)",2,1,False,[]
"(6591, 6860)",2,1,True,[6591]
"(5167, 9012)",2,1,True,[9012]
"(217, 3234)",2,1,True,[3234]
"(1922, 7298)",2,1,True,[7298]
"(2622, 8019)",2,1,False,[]
"(2125, 6138)",2,1,False,[]
"(1973, 10186)",2,1,True,"[1973, 10186]"
"(4295, 8709)",2,1,True,[4295]
"(713, 5113, 5504)",3,1,True,"[713, 5504]"
"(3020, 6888)",2,1,False,[]
"(5359, 7855)",2,1,False,[]
"(1641, 11671)",2,1,True,[11671]
"(1656, 2236, 6943)",3,1,True,[6943]
"(840, 7493)",2,1,True,"[840, 7493]"
"(224, 11570)",2,1,True,[224]
"(4075, 4960)",2,1,True,[4075]
"(1402, 2104)",2,1,True,[2104]
"(1565, 13026)",2,1,True,[13026]
"(3850, 9677)",2,1,True,"[3850, 9677]"
"(12000, 13686)",2,1,True,[13686]
"(8906, 14180)",2,1,True,[8906]
"(570, 13813)",2,1,False,[]
"(5734, 13157)",2,1,True,"[5734, 13157]"
"(5107, 9441)",2,1,False,[]
"(7453, 11237)",2,1,False,[]
"(10298, 12158)",2,1,True,[12158]
"(377, 983, 2069, 3783)",4,1,False,[]
"(5907, 12724)",2,1,True,"[5907, 12724]"
"(1212, 6204)",2,1,False,[]
"(427, 2516)",2,1,True,[2516]
"(5674, 13486)",2,1,False,[]
"(13751, 14129)",2,1,True,[13751]
"(5192, 8480)",2,1,False,[]
"(7119, 12126)",2,1,True,[7119]
"(7011, 10438)",2,1,True,[10438]
"(9338, 11701)",2,1,True,[9338]
"(5090, 7665)",2,1,True,[5090]
"(5736, 5838)",2,1,True,[5838]
"(1244, 2594)",2,1,True,[2594]
"(1842, 11239)",2,1,True,[1842]
"(5198, 10730)",2,1,True,[5198]
"(598, 5801)",2,1,True,"[598, 5801]"
"(12725, 12756)",2,1,True,[12725]
"(505, 6539)",2,1,False,[]
"(5177, 10659)",2,1,True,"[5177, 10659]"
"(4077, 5505)",2,1,True,"[4077, 5505]"
"(2081, 11506)",2,1,True,"[2081, 11506]"
"(8262, 9819)",2,1,True,[8262]
"(2571, 2983)",2,1,True,"[2571, 2983]"
"(2838, 8754)",2,1,True,[2838]
"(6771, 12187)",2,1,True,[12187]
"(3164, 4758)",2,1,False,[]
"(4916, 6956)",2,1,True,[4916]
"(2878, 10141)",2,1,True,[2878]
"(5735, 10299)",2,1,True,[10299]
"(2078, 2517)",2,1,True,"[2078, 2517]"
"(4617, 14255)",2,1,True,[4617]
"(6165, 13730)",2,1,True,[6165]
"(8311, 11881)",2,1,True,"[8311, 11881]"
"(645, 3245)",2,1,False,[]
"(5385, 13443)",2,1,False,[]
"(8684, 10729)",2,1,True,"[8684, 10729]"
"(11505, 14286)",2,1,True,[14286]
"(1550, 8473)",2,1,True,[1550]
"(8583, 9606)",2,1,True,"[8583, 9606]"
"(10860, 13992)",2,1,True,[13992]
"(467, 8373)",2,1,True,[8373]
"(8515, 11449)",2,1,True,[11449]
"(299, 11274)",2,1,True,[11274]
"(4622, 7465)",2,1,True,[7465]
"(5107, 11167)",2,1,True,[11167]
"(2265, 13936)",2,1,True,[2265]
"(522, 8372, 11875)",3,1,True,"[8372, 11875]"
"(3595, 10855)",2,1,True,[10855]
"(2965, 8330, 12255)",3,1,False,[]
"(3610, 5840)",2,1,True,"[3610, 5840]"
"(1156, 6163)",2,1,True,"[1156, 6163]"
"(661, 6501, 10475)",3,1,True,[10475]
"(126, 143)",2,1,True,[143]
"(1671, 3922)",2,1,True,[3922]
"(943, 8230)",2,1,True,[943]
"(465, 3814)",2,1,False,[]
"(30, 4780)",2,1,False,[]
"(789, 5010, 11018, 13485)",4,1,False,[]
"(5985, 7466, 13445, 13510)",4,1,True,[7466]
"(6189, 11333)",2,1,True,"[6189, 11333]"
"(5092, 5506)",2,1,True,[5092]
"(622, 3658, 9642)",3,1,True,"[3658, 9642]"
"(11649, 13690)",2,1,True,[11649]
"(7729, 7729)",2,1,True,[7729]
"(5454, 11166)",2,1,True,"[5454, 11166]"
"(1047, 1816, 8584)",3,1,True,[1816]
"(7436, 7728)",2,1,True,[7436]
"(548, 1027)",2,1,True,[1027]
"(6011, 7952, 10441)",3,1,True,[10441]
"(2071, 7630)",2,1,True,[7630]
"(2524, 11052)",2,1,True,[11052]
"(3834, 5011)",2,1,True,"[3834, 5011]"
"(1565, 5063)",2,1,False,[]
"(638, 13252)",2,1,False,[]
"(12691, 13817)",2,1,True,"[12691, 13817]"
"(138, 10988)",2,1,False,[]
"(1902, 12464)",2,1,True,[1902]
"(6625, 13092)",2,1,True,[6625]
"(7888, 13405)",2,1,True,[7888]
"(2267, 3847)",2,1,False,[]
"(3361, 8616)",2,1,True,[3361]
"(6404, 8446)",2,1,True,[6404]
"(4523, 6535)",2,1,False,[]
"(1238, 1241)",2,1,True,[1238]
"(2931, 9901)",2,1,True,[9901]
"(49, 368, 2377, 2754, 3271)",5,1,True,[368]
"(983, 3725)",2,1,False,[]
"(4572, 11903)",2,1,True,[4572]
"(7086, 13547)",2,1,True,[7086]
"(9407, 13623)",2,1,True,"[9407, 13623]"
"(5343, 6792, 7887, 12189, 13433)",5,1,True,[7887]
"(5748, 11507, 11535)",3,1,False,[]
"(3236, 11845)",2,1,True,[3236]
"(2987, 8951)",2,1,True,[2987]
"(10024, 10951)",2,1,True,[10951]
"(4397, 6162)",2,1,True,"[4397, 6162]"
"(1633, 1996, 13220)",3,1,True,[1633]
"(8689, 9033)",2,1,True,[8689]
"(37, 11704)",2,1,False,[]
"(2688, 6356)",2,1,False,[]
"(6314, 13486)",2,1,False,[]
"(4099, 5012)",2,1,True,[4099]
"(8128, 8340)",2,1,True,"[8128, 8340]"
"(10227, 13161)",2,1,True,[13161]
"(6085, 12857)",2,1,False,[]
"(7047, 10854)",2,1,True,[10854]
"(6500, 12244)",2,1,False,[]
"(4621, 6460)",2,1,True,[4621]
"(8444, 8854)",2,1,False,[]
"(2410, 3395)",2,1,True,[3395]
"(1241, 3585, 7977)",3,1,False,[]
"(1952, 7435)",2,1,False,[]
"(5333, 8263)",2,1,True,[5333]
"(164, 3644)",2,1,True,[3644]
"(1035, 3188)",2,1,True,"[1035, 3188]"
"(3719, 9943)",2,1,True,"[3719, 9943]"
"(1687, 9032)",2,1,False,[]
"(464, 1878)",2,1,True,[464]
"(779, 1348)",2,1,True,[779]
"(4516, 4756)",2,1,True,"[4516, 4756]"
"(4000, 6243)",2,1,True,[6243]
"(6213, 13404)",2,1,True,"[6213, 13404]"
"(72, 72)",2,1,False,[]
"(9517, 13757)",2,1,True,"[9517, 13757]"
"(303, 13321)",2,1,True,[13321]
"(1136, 1471, 13081)",3,1,False,[]
"(4298, 7121)",2,1,True,[4298]
"(11017, 11940)",2,1,True,[11017]
"(335, 1605)",2,1,True,[335]
"(4096, 10064)",2,1,True,[4096]
"(1004, 6383)",2,1,True,[1004]
"(2744, 8262)",2,1,True,[8262]
"(4596, 4783)",2,1,True,"[4596, 4783]"
"(7085, 10628)",2,1,True,[7085]
"(7697, 10857)",2,1,True,[7697]
"(9406, 13987)",2,1,True,[9406]
"(1141, 4963)",2,1,True,[4963]
"(211, 4107)",2,1,True,"[211, 4107]"
"(5666, 13060)",2,1,True,[13060]
"(3921, 4622, 7465)",3,1,True,[7465]
"(4760, 14109)",2,1,True,[4760]
"(8059, 11957)",2,1,True,"[8059, 11957]"
"(2727, 4332)",2,1,True,[4332]
"(2849, 7066)",2,1,True,[2849]
"(7377, 9342)",2,1,True,[9342]
"(399, 2238)",2,1,True,[2238]
"(2498, 6933, 9301)",3,1,True,[9301]
"(3749, 4001)",2,1,True,[3749]
"(968, 5335, 9114)",3,1,False,[]
"(314, 2820)",2,1,True,[314]
"(13545, 14097)",2,1,True,[14097]
"(4226, 8371)",2,1,True,[4226]
"(9341, 12026)",2,1,True,[9341]
"(5279, 8950)",2,1,True,[5279]
"(1286, 2690)",2,1,True,[1286]
"(82, 125)",2,1,False,[]
"(193, 8127)",2,1,True,[8127]
"(3380, 8233)",2,1,True,[8233]
"(2764, 3340)",2,1,True,[3340]
"(4227, 10147)",2,1,True,[4227]
"(5470, 8264)",2,1,True,[5470]
"(2573, 6214)",2,1,True,"[2573, 6214]"
"(5313, 8445)",2,1,True,[8445]
"(4572, 11820)",2,1,True,[4572]
"(8949, 13966)",2,1,True,[8949]
"(5380, 7771)",2,1,False,[]
"(13028, 13059)",2,1,True,[13059]
"(12463, 13872)",2,1,True,"[12463, 13872]"
"(3986, 12213)",2,1,True,[12213]
"(11958, 14040)",2,1,True,[11958]
"(5933, 11536)",2,1,True,[5933]
"(5425, 5865, 6595)",3,1,True,"[5425, 6595]"
"(3787, 4284, 10550)",3,1,True,[10550]
"(11334, 13943)",2,1,True,[11334]
"(947, 3099)",2,1,True,[947]
"(9238, 9518)",2,1,True,[9238]
"(5337, 10954)",2,1,True,[10954]
"(2039, 2039)",2,1,True,[2039]
"(406, 7668)",2,1,True,"[406, 7668]"
"(6965, 7184)",2,1,True,[6965]
"(13002, 13002)",2,1,False,[]
"(37, 6298)",2,1,True,[6298]
"(3965, 9302, 11169)",3,1,True,[11169]
"(359, 7467)",2,1,True,[7467]
"(6565, 12677)",2,1,True,[12677]
"(3022, 7266)",2,1,True,[3022]
"(12161, 14257)",2,1,True,"[12161, 14257]"
"(9756, 12855)",2,1,True,[9756]
"(2702, 5507)",2,1,True,"[2702, 5507]"
"(2253, 6891)",2,1,True,[6891]
"(8651, 13788)",2,1,True,[13788]
"(8799, 13720)",2,1,True,"[8799, 13720]"
"(4704, 9303)",2,1,True,[9303]
"(3376, 11651)",2,1,False,[]
"(8478, 8876)",2,1,True,"[8478, 8876]"
"(4248, 5739, 8028, 10405)",4,1,False,[]
"(8565, 11508, 11761)",3,1,False,[]
"(9375, 13873)",2,1,True,"[9375, 13873]"
"(117, 1658, 5401)",3,1,True,[1658]
"(4299, 6146)",2,1,True,[6146]
"(4977, 9309, 13295)",3,1,True,[13295]
"(2194, 2377)",2,1,False,[]
"(4412, 8585)",2,1,True,[8585]
"(7152, 7378)",2,1,True,[7378]
"(4380, 11381)",2,1,True,"[4380, 11381]"
"(5738, 13486)",2,1,True,[5738]
"(313, 11163)",2,1,False,[]
"(993, 4473)",2,1,True,[993]
"(1952, 11089)",2,1,False,[]
"(304, 13546)",2,1,False,[]
"(7223, 8341)",2,1,True,[8341]
"(4498, 10365)",2,1,True,"[4498, 10365]"
"(2174, 5995)",2,1,False,[]
"(4246, 6698)",2,1,False,[]
"(7595, 12190)",2,1,True,"[7595, 12190]"
"(4834, 11170)",2,1,True,[11170]
"(1290, 14098)",2,1,True,[1290]
"(827, 2258)",2,1,False,[]
"(398, 6079)",2,1,False,[]
"(1648, 1680)",2,1,True,"[1648, 1680]"
"(1069, 9176, 11650)",3,1,True,"[9176, 11650]"
"(6332, 8833)",2,1,True,"[6332, 8833]"
"(554, 11380)",2,1,True,[11380]
"(4002, 6617)",2,1,False,[]
"(2119, 4696)",2,1,True,"[2119, 4696]"
"(1471, 6327, 12645, 13218)",4,1,False,[]
"(1266, 1825)",2,1,False,[]
"(6732, 8761)",2,1,True,[8761]
"(168, 9569)",2,1,True,[9569]
"(5666, 10629)",2,1,False,[]
"(1048, 6338, 8480)",3,1,False,[]
"(5200, 6144)",2,1,True,[5200]
"(6090, 10190)",2,1,True,[6090]
"(5074, 6650)",2,1,False,[]
"(192, 669, 983, 2642, 3239)",5,1,True,[2642]
"(2397, 12256)",2,1,False,[]
"(8724, 10952)",2,1,True,[8724]
"(6731, 14164)",2,1,True,[6731]
"(184, 8984)",2,1,True,[184]
"(621, 3596, 7279)",3,1,True,[3596]
"(954, 5424)",2,1,True,[5424]
"(2281, 11904)",2,1,True,[2281]
"(4246, 11760)",2,1,False,[]
"(1821, 4472, 5471)",3,1,True,[4472]
"(603, 2989, 7279)",3,1,True,[2989]
"(7557, 8709)",2,1,True,[7557]
"(1070, 7468)",2,1,True,"[1070, 7468]"
"(7438, 14225)",2,1,True,[7438]
"(7293, 11168)",2,1,True,[7293]
"(2137, 2596)",2,1,True,[2596]
"(6098, 13492)",2,1,True,[6098]
"(983, 4108)",2,1,True,[4108]
"(840, 13131)",2,1,True,[840]
"(3156, 9266)",2,1,False,[]
"(1934, 8374)",2,1,True,[1934]
"(3341, 3735)",2,1,True,[3735]
"(5423, 10762, 13691)",3,1,True,[5423]
"(1322, 3128)",2,1,True,[3128]
"(492, 1634, 3770, 8129)",4,1,True,[8129]
"(6890, 8875)",2,1,True,[6890]
"(778, 7292)",2,1,False,[]
"(598, 3786)",2,1,True,[598]
"(7261, 14147)",2,1,True,"[7261, 14147]"
"(488, 3750)",2,1,True,[3750]
"(192, 2906)",2,1,True,[2906]
"(6462, 7262)",2,1,False,[]
"(1852, 11837)",2,1,False,[]
"(3985, 7437)",2,1,True,[3985]
"(4135, 6248)",2,1,False,[]
"(493, 14256)",2,1,True,[493]
"(4134, 12265)",2,1,True,[4134]
"(2297, 11629)",2,1,True,"[2297, 11629]"
"(4158, 10856)",2,1,True,[10856]
"(112, 12760)",2,1,True,"[112, 12760]"
"(3597, 6820)",2,1,True,[6820]
"(2457, 8169)",2,1,True,[2457]
"(6483, 7819, 7965)",3,1,False,[]
"(1942, 4119, 7439)",3,1,False,[]
"(1817, 7889)",2,1,False,[]
"(5010, 10887, 13485)",3,1,True,[10887]
"(3877, 6270)",2,1,True,[3877]
"(3341, 11088)",2,1,True,[11088]
"(1380, 8416)",2,1,True,[8416]
"(9719, 12803)",2,1,True,[9719]
"(361, 3815, 4929, 9276)",4,1,False,[]
"(8026, 10254)",2,1,True,[10254]
"(1843, 5772)",2,1,True,"[1843, 5772]"
"(3189, 6190)",2,1,True,[6190]
"(1036, 11302)",2,1,True,[11302]
"(10191, 10511)",2,1,True,[10191]
"(13322, 14039)",2,1,True,[14039]
"(1472, 3672)",2,1,True,"[1472, 3672]"
"(669, 2642, 3239)",3,1,True,[2642]
"(3263, 3263)",2,1,False,[]
"(7233, 9478)",2,1,True,[7233]
"(1525, 3598)",2,1,False,[]
"(2209, 13093)",2,1,True,[13093]
"(17, 10627)",2,1,False,[]
"(8025, 11165)",2,1,True,[8025]
"(4052, 7310)",2,1,True,[4052]
"(2136, 2596)",2,1,True,[2596]
"(6175, 9899)",2,1,True,[9899]
"(61, 381, 983, 2069, 3498, 3783, 6143)",7,1,True,[6143]
"(578, 12471)",2,1,False,[]
"(32, 2557)",2,1,False,[]
"(2055, 13661)",2,1,False,[]
"(5335, 8338)",2,1,True,[8338]
"(483, 8907)",2,1,True,[8907]
"(9113, 12578)",2,1,True,[12578]
"(8187, 11440)",2,1,True,[11440]
"(946, 5098)",2,1,False,[]
"(8194, 12546)",2,1,True,[8194]
"(12690, 13058)",2,1,True,"[12690, 13058]"
"(4570, 9234)",2,1,True,[9234]
"(5817, 8250)",2,1,True,[5817]
"(18, 7545)",2,1,True,[7545]
"(2760, 11123)",2,1,True,[11123]
"(5311, 5380, 7918, 9607)",4,1,True,"[5311, 7918]"
"(4155, 11978, 13292)",3,1,True,[11978]
"(6401, 11319)",2,1,True,[6401]
"(12310, 13674)",2,1,True,[12310]
"(129, 730)",2,1,True,[129]
"(12934, 13544)",2,1,False,[]
"(71, 8248)",2,1,True,[8248]
"(5009, 7556)",2,1,True,[5009]
"(11252, 13674)",2,1,False,[]
"(5164, 8930)",2,1,True,[5164]
"(8690, 11053)",2,1,True,[11053]
"(5964, 8993)",2,1,False,[]
"(2147, 5277)",2,1,True,[5277]
"(3919, 7484)",2,1,True,[3919]
"(1942, 14096)",2,1,True,[14096]
"(3594, 11819)",2,1,True,[3594]
"(2347, 14242)",2,1,True,[14242]
"(2075, 12833)",2,1,False,[]
"(3851, 12608)",2,1,True,[12608]
"(4781, 6552)",2,1,False,[]
"(1733, 5781)",2,1,False,[]
"(145, 4497)",2,1,True,"[145, 4497]"
"(6533, 12935)",2,1,True,[6533]
"(10548, 13816)",2,1,True,"[10548, 13816]"
"(8339, 9442, 12688)",3,1,True,[8339]
"(2572, 2985)",2,1,True,[2572]
"(489, 11379)",2,1,True,[11379]
"(782, 922)",2,1,True,[922]
"(12801, 13448)",2,1,True,"[12801, 13448]"
"(2471, 7349)",2,1,True,[7349]
"(946, 5309)",2,1,False,[]
"(131, 9981)",2,1,True,[9981]
"(1835, 6357)",2,1,True,[6357]
"(3488, 7083)",2,1,True,[7083]
"(11628, 14032)",2,1,True,[14032]
"(9754, 11049)",2,1,True,[11049]
"(6963, 9264)",2,1,True,[9264]
"(687, 1855)",2,1,True,[1855]
"(1633, 1996)",2,1,True,[1633]
"(3975, 6071)",2,1,True,[6071]
"(7122, 12610)",2,1,True,[7122]
"(362, 362)",2,1,False,[]
"(2060, 7759)",2,1,True,[7759]
"(8101, 13901)",2,1,True,[13901]
"(2377, 6356)",2,1,False,[]
"(2928, 8688)",2,1,False,[]
"(5781, 9753)",2,1,False,[]
"(4516, 12577)",2,1,True,[4516]
"(9031, 11412)",2,1,True,[11412]
"(1363, 8514)",2,1,True,[1363]
"(1729, 13297)",2,1,True,[1729]
"(1671, 4158)",2,1,False,[]
"(989, 3670, 6773)",3,1,True,[3670]
"(219, 10660)",2,1,True,[10660]
"(7919, 11792)",2,1,True,[7919]
"(1371, 3342)",2,1,True,[3342]
"(2934, 8797)",2,1,True,[8797]
"(4886, 5980)",2,1,False,[]
"(2169, 6192)",2,1,True,[2169]
"(409, 2246, 9345, 11510)",4,1,False,[]
"(3379, 7886)",2,1,True,[3379]
"(5223, 9897)",2,1,True,"[5223, 9897]"
"(7222, 14146)",2,1,True,[14146]
"(26, 8758)",2,1,False,[]
"(571, 9477)",2,1,True,[9477]
"(678, 8227)",2,1,False,[]
"(1508, 5700, 8910)",3,1,True,[5700]
"(551, 7727, 8947)",3,1,True,"[551, 7727]"
"(4810, 5310)",2,1,True,[5310]
"(3888, 10915)",2,1,True,[10915]
"(8931, 9210)",2,1,False,[]
"(842, 2624, 3296, 7165, 8544)",5,1,True,"[842, 8544]"
"(3937, 7997)",2,1,True,[3937]
"(192, 11652)",2,1,True,[11652]
"(337, 4106, 12213)",3,1,True,[12213]
"(3964, 10985)",2,1,True,"[3964, 10985]"
"(6242, 12494)",2,1,True,[6242]
"(878, 2196, 3114, 4447)",4,1,True,[878]
"(2497, 12934, 13544)",3,1,False,[]
"(12777, 14049)",2,1,True,[12777]
"(7200, 9695)",2,1,True,[7200]
"(1008, 8012)",2,1,True,[8012]
"(2542, 5380)",2,1,True,[2542]
"(7758, 13986)",2,1,True,"[7758, 13986]"
"(2497, 5932, 12934)",3,1,False,[]
"(7187, 7187)",2,1,True,[7187]
"(12762, 13511)",2,1,False,[]
"(4270, 4887)",2,1,True,[4270]
"(10577, 12775)",2,1,True,[10577]
"(1149, 4712)",2,1,False,[]
"(299, 4614)",2,1,False,[]
"(10406, 10898)",2,1,True,[10406]
"(11, 9898)",2,1,False,[]
"(3488, 10657)",2,1,False,[]
"(3783, 4003)",2,1,True,[4003]
"(4177, 10021)",2,1,True,[4177]
"(1926, 2814)",2,1,True,[1926]
"(1123, 7757)",2,1,True,[7757]
"(4357, 5600)",2,1,True,[4357]
"(978, 1933, 6962)",3,1,True,[978]
"(7524, 11208)",2,1,True,[11208]
"(7695, 14310)",2,1,True,[7695]
"(9327, 14132)",2,1,True,"[9327, 14132]"
"(62, 8298)",2,1,True,[62]
"(7320, 8297)",2,1,True,"[7320, 8297]"
"(4132, 5116)",2,1,True,"[4132, 5116]"
"(2963, 3414, 4061)",3,1,True,[3414]
"(8911, 10913)",2,1,True,"[8911, 10913]"
"(5312, 11210)",2,1,True,[11210]
"(3100, 10476)",2,1,False,[]
"(1362, 5226)",2,1,True,[5226]
"(6229, 7469)",2,1,True,[7469]
"(8058, 12347)",2,1,True,[8058]
"(9682, 12254)",2,1,True,[12254]
"(1027, 10914)",2,1,True,"[1027, 10914]"
"(4133, 10732)",2,1,True,"[4133, 10732]"
"(1854, 1883)",2,1,True,[1854]
"(8948, 14303)",2,1,True,[14303]
"(3680, 9795)",2,1,True,[9795]
"(2641, 5422)",2,1,True,[5422]
"(3784, 11209, 13462)",3,1,True,[11209]
"(419, 4428, 13406)",3,1,True,[4428]
"(1988, 11791)",2,1,True,[1988]
"(8228, 9265)",2,1,True,[9265]
"(3671, 9051)",2,1,True,[3671]
"(2152, 8477)",2,1,True,[8477]
"(1084, 5098)",2,1,False,[]
"(14243, 14325)",2,1,True,[14243]
"(1878, 5343, 6215, 13001, 13433)",5,1,True,[6215]
"(2287, 5599, 7696)",3,1,True,[5599]
"(677, 8229)",2,1,True,[677]
"(1557, 5421)",2,1,False,[]
"(806, 9641)",2,1,True,[806]
"(171, 4020)",2,1,False,[]
"(6594, 8680)",2,1,True,[6594]
"(4977, 8476, 11956)",3,1,False,[]
"(6010, 6358)",2,1,True,[6010]
"(3717, 11902)",2,1,True,"[3717, 11902]"
"(7998, 10790)",2,1,True,[7998]
"(1000, 10638)",2,1,True,"[1000, 10638]"
"(1143, 11051)",2,1,True,[1143]
"(6162, 13484)",2,1,True,"[6162, 13484]"
"(3627, 7847)",2,1,True,"[3627, 7847]"
"(4061, 7123)",2,1,False,[]
"(6300, 6730)",2,1,True,"[6300, 6730]"
"(410, 645, 4053, 7194)",4,1,True,[7194]
"(706, 2004)",2,1,True,[706]
"(836, 1313, 7667)",3,1,True,[7667]
"(2541, 4571)",2,1,True,[4571]
"(3209, 3680)",2,1,False,[]
"(4331, 5909)",2,1,True,[5909]
"(1771, 4782)",2,1,True,[4782]
"(3442, 12802)",2,1,False,[]
"(3920, 14108)",2,1,True,[14108]
"(1728, 2348)",2,1,True,[1728]
"(2519, 9608)",2,1,True,[2519]
"(3255, 7412)",2,1,True,[7412]
"(5781, 8760, 13294)",3,1,True,"[8760, 13294]"
"(7189, 8193)",2,1,True,[7189]
"(2126, 10987)",2,1,True,[2126]
"(3999, 7433)",2,1,True,[3999]
"(2351, 10791)",2,1,True,[10791]
"(5356, 9942)",2,1,False,[]
"(4812, 9374)",2,1,True,[4812]
"(1557, 1698, 5421)",3,1,False,[]
"(4119, 5889, 13445)",3,1,False,[]
"(3209, 3680, 5702)",3,1,False,[]
"(1751, 10733)",2,1,False,[]
"(1336, 1339, 3718)",3,1,True,[1339]
"(5252, 9823)",2,1,True,[9823]
"(7189, 8193, 11874)",3,1,True,[7189]
"(1863, 5225)",2,1,True,[5225]
"(524, 2964)",2,1,True,[2964]
"(11247, 13193)",2,1,True,[13193]
"(2001, 8234)",2,1,True,[2001]
"(882, 13486)",2,1,False,[]
"(6964, 9900)",2,1,True,"[6964, 9900]"
"(4962, 5224)",2,1,True,[5224]
"(561, 3415)",2,1,True,[3415]
"(2888, 11604)",2,1,True,"[2888, 11604]"
"(759, 3294)",2,1,False,[]
"(2801, 3295)",2,1,True,[3295]
"(2052, 6552)",2,1,False,[]
"(959, 7322, 9235)",3,1,True,[7322]
"(8582, 8798)",2,1,True,"[8582, 8798]"
"(10146, 13689)",2,1,True,[10146]
"(1805, 13871)",2,1,True,"[1805, 13871]"
"(3964, 7220, 9373)",3,1,True,"[3964, 7220]"
"(5343, 7887, 12189, 13433)",4,1,True,[7887]
"(627, 3330)",2,1,True,[627]
"(12689, 13128)",2,1,True,"[12689, 13128]"
"(135, 14133)",2,1,True,[14133]
"(3710, 6921)",2,1,False,[]
"(492, 1634, 3416)",3,1,False,[]
"(153, 554)",2,1,True,[153]
"(1488, 8298)",2,1,True,[1488]
"(1049, 2286)",2,1,False,[]
"(3315, 3315)",2,1,False,[]
"(8475, 10041)",2,1,True,[8475]
"(5984, 6009)",2,1,True,[5984]
"(2958, 3785)",2,1,False,[]
"(1049, 11955)",2,1,True,[11955]
"(7321, 11050)",2,1,True,"[7321, 11050]"
"(5737, 8415)",2,1,False,[]
"(1228, 3539)",2,1,True,[3539]
"(6032, 7188)",2,1,False,[]
"(444, 4620)",2,1,True,[4620]
"(1228, 3360)",2,1,True,[3360]
"(2168, 2168)",2,1,False,[]
"(2905, 6862)",2,1,True,[2905]
"(6331, 6593)",2,1,True,"[6331, 6593]"
"(3432, 5355)",2,1,True,"[3432, 5355]"
"(2371, 13129)",2,1,True,[13129]
"(799, 9147)",2,1,False,[]
"(6729, 10509)",2,1,True,[10509]
"(2518, 10824)",2,1,True,[2518]
"(1735, 1888, 14066)",3,1,True,[14066]
"(5356, 13293)",2,1,False,[]
"(7084, 14210)",2,1,True,"[7084, 14210]"
"(10023, 11300)",2,1,True,[11300]
"(2061, 3769)",2,1,False,[]
"(7, 3690)",2,1,False,[]
"(12311, 12727)",2,1,True,[12727]
"(12224, 13650)",2,1,True,"[12224, 13650]"
"(1413, 4719)",2,1,False,[]
"(3626, 5179, 5278, 12736)",4,1,True,"[3626, 5179]"
"(8370, 9794)",2,1,True,[9794]
"(5643, 5985)",2,1,True,[5643]
"(7666, 8759)",2,1,True,[7666]
"(303, 2287)",2,1,False,[]
"(1878, 3998, 4119)",3,1,True,[3998]
"(6059, 12278)",2,1,False,[]
"(6115, 9236)",2,1,True,"[6115, 9236]"
"(3757, 13403)",2,1,True,[13403]
"(2986, 11413)",2,1,True,[11413]
"(3148, 6819, 8912)",3,1,True,"[6819, 8912]"
"(13787, 14163)",2,1,True,[14163]
"(10885, 14206)",2,1,True,"[10885, 14206]"
"(3874, 5085)",2,1,True,[3874]
"(2714, 7089)",2,1,True,[7089]
"(5767, 7379)",2,1,True,[5767]
"(1078, 7223)",2,1,True,[1078]
"(6086, 13288)",2,1,True,[13288]
"(2634, 12121)",2,1,True,[2634]
"(226, 14221)",2,1,False,[]
"(12541, 12575)",2,1,True,[12541]
"(2726, 7503)",2,1,True,[2726]
"(8866, 10725)",2,1,True,[8866]
"(966, 2845)",2,1,True,[966]
"(2121, 4719)",2,1,False,[]
"(6725, 12418)",2,1,False,[]
"(8476, 11956)",2,1,False,[]
"(871, 2525, 9049)",3,1,True,[9049]
"(694, 983, 7113)",3,1,True,[7113]
"(1031, 3176, 9143)",3,1,True,[1031]
"(428, 6610)",2,1,False,[]
"(8538, 13507)",2,1,True,"[8538, 13507]"
"(197, 3605)",2,1,False,[]
"(4980, 5146)",2,1,True,[5146]
"(2374, 10786)",2,1,True,[10786]
"(1260, 5330, 10693)",3,1,True,[10693]
"(2761, 4023, 6261, 9604)",4,1,False,[]
"(10469, 13054)",2,1,True,[13054]
"(2032, 2536)",2,1,True,[2032]
"(5030, 11568)",2,1,True,[11568]
"(1467, 1544)",2,1,True,[1544]
"(3390, 7431)",2,1,True,"[3390, 7431]"
"(11813, 12685)",2,1,True,"[11813, 12685]"
"(203, 1545, 3915)",3,1,True,[3915]
"(365, 8351)",2,1,True,[365]
"(12054, 12250)",2,1,True,"[12054, 12250]"
"(1280, 10067)",2,1,True,[1280]
"(2944, 7125)",2,1,False,[]
"(1886, 4568, 11127)",3,1,True,"[1886, 4568]"
"(570, 570, 11745)",3,1,False,[]
"(3592, 13186)",2,1,True,"[3592, 13186]"
"(7815, 8610)",2,1,True,[7815]
"(2525, 3429)",2,1,True,[3429]
"(5498, 12519)",2,1,False,[]
"(667, 667)",2,1,False,[]
"(2158, 8506)",2,1,True,[8506]
"(2795, 2931)",2,1,False,[]
"(1049, 4103)",2,1,True,[4103]
"(3336, 8505)",2,1,True,[3336]
"(5053, 10943)",2,1,False,[]
"(5248, 7991)",2,1,True,"[5248, 7991]"
"(7491, 11234)",2,1,True,"[7491, 11234]"
"(4756, 12637)",2,1,True,[4756]
"(3655, 13289)",2,1,True,[13289]
"(4296, 4948)",2,1,True,[4296]
"(1869, 8044)",2,1,False,[]
"(3206, 7621)",2,1,True,[3206]
"(3654, 6408)",2,1,True,"[3654, 6408]"
"(5947, 11201)",2,1,True,[11201]
"(2835, 7520)",2,1,True,[7520]
"(2306, 4590)",2,1,True,"[2306, 4590]"
"(9408, 13325)",2,1,False,[]
"(3021, 6812)",2,1,True,[6812]
"(12604, 13282)",2,1,True,[13282]
"(2369, 4956)",2,1,True,"[2369, 4956]"
"(799, 10294)",2,1,True,[10294]
"(678, 5861)",2,1,False,[]
"(4135, 4292)",2,1,True,[4292]
"(10361, 10760, 13053)",3,1,True,[10361]
"(2357, 3767)",2,1,True,[3767]
"(879, 2553, 3767)",3,1,True,[3767]
"(983, 1140, 1293, 4643)",4,1,False,[]
"(9974, 12408)",2,1,False,[]
"(3958, 13323)",2,1,True,[3958]
"(984, 13479)",2,1,True,[984]
"(6953, 9142)",2,1,True,[9142]
"(12773, 14014)",2,1,True,[14014]
"(13248, 13616)",2,1,True,"[13248, 13616]"
"(1211, 8753)",2,1,True,[8753]
"(2097, 5427, 7372)",3,1,False,[]
"(135, 10255)",2,1,True,[10255]
"(7317, 11599)",2,1,True,"[7317, 11599]"
"(16, 54, 3078)",3,1,True,[3078]
"(11926, 14235)",2,1,True,[14235]
"(1177, 6139)",2,1,True,[6139]
"(7256, 14062)",2,1,True,"[7256, 14062]"
"(6013, 12866)",2,1,False,[]
"(1590, 4025)",2,1,False,[]
"(1507, 5907)",2,1,True,"[1507, 5907]"
"(4149, 4567)",2,1,True,[4149]
"(401, 2979)",2,1,True,[2979]
"(6750, 10506)",2,1,False,[]
"(433, 3847)",2,1,False,[]
"(670, 1534, 10908)",3,1,True,[1534]
"(826, 10652)",2,1,False,[]
"(11083, 11160)",2,1,True,[11083]
"(7112, 10909)",2,1,True,"[7112, 10909]"
"(5222, 10095)",2,1,False,[]
"(10302, 10763)",2,1,True,[10763]
"(157, 4048)",2,1,False,[]
"(9713, 11298)",2,1,True,[11298]
"(146, 3310)",2,1,False,[]
"(11905, 12829)",2,1,False,[]
"(2753, 8612)",2,1,True,[8612]
"(4094, 8095)",2,1,False,[]
"(65, 5615)",2,1,False,[]
"(4912, 7548)",2,1,True,"[4912, 7548]"
"(1597, 7664)",2,1,True,[7664]
"(1947, 5145)",2,1,True,[1947]
"(4374, 12518)",2,1,True,[12518]
"(2467, 12540)",2,1,True,[2467]
"(214, 1478)",2,1,False,[]
"(44, 7880)",2,1,False,[]
"(1468, 13464)",2,1,True,[13464]
"(3143, 8854)",2,1,True,[3143]
"(3762, 12684)",2,1,False,[]
"(2584, 13617)",2,1,False,[]
"(1504, 6032)",2,1,False,[]
"(3412, 8870)",2,1,True,[3412]
"(2900, 9420)",2,1,False,[]
"(7215, 8331)",2,1,True,"[7215, 8331]"
"(2928, 9400)",2,1,True,[9400]
"(3195, 5970)",2,1,True,[5970]
"(2325, 2725)",2,1,True,[2725]
"(3733, 10052)",2,1,True,[10052]
"(9294, 13156)",2,1,True,[9294]
"(3653, 5329)",2,1,True,[5329]
"(584, 11425)",2,1,False,[]
"(306, 3825)",2,1,False,[]
"(3150, 3746)",2,1,True,[3746]
"(2308, 4784)",2,1,True,"[2308, 4784]"
"(2096, 9717)",2,1,False,[]
"(4353, 5624)",2,1,True,[5624]
"(261, 2109, 4150, 6874, 6942, 9787)",6,1,True,[9787]
"(9228, 11128)",2,1,True,[11128]
"(1525, 6366)",2,1,False,[]
"(1616, 1625)",2,1,False,[]
"(2202, 9635)",2,1,True,[9635]
"(12377, 14207)",2,1,True,"[12377, 14207]"
"(9026, 12156)",2,1,True,[12156]
"(2689, 6856)",2,1,True,"[2689, 6856]"
"(1216, 1994)",2,1,True,[1216]
"(4860, 8258)",2,1,True,"[4860, 8258]"
"(5449, 13749)",2,1,True,"[5449, 13749]"
"(749, 12380)",2,1,False,[]
"(349, 3337, 7910)",3,1,False,[]
"(11271, 14127)",2,1,True,"[11271, 14127]"
"(8978, 10470)",2,1,True,[8978]
"(6, 5743)",2,1,True,[5743]
"(597, 2095)",2,1,True,[2095]
"(4957, 13784)",2,1,True,[4957]
"(2059, 12905)",2,1,True,[12905]
"(4914, 11899)",2,1,True,[4914]
"(1453, 4175)",2,1,True,[4175]
"(7181, 11787)",2,1,True,"[7181, 11787]"
"(4153, 9684, 13290)",3,1,True,[13290]
"(12543, 14128)",2,1,True,"[12543, 14128]"
"(11309, 13095)",2,1,False,[]
"(5385, 10726)",2,1,False,[]
"(1887, 2408)",2,1,False,[]
"(4243, 9327)",2,1,True,"[4243, 9327]"
"(2294, 9661)",2,1,False,[]
"(3464, 8367)",2,1,True,[8367]
"(11055, 14258)",2,1,True,[11055]
"(12841, 14118)",2,1,True,[14118]
"(5704, 10194)",2,1,True,[5704]
"(4119, 4781)",2,1,False,[]
"(2876, 7920)",2,1,True,"[2876, 7920]"
"(11705, 13487)",2,1,True,[11705]
"(2338, 7224)",2,1,True,[7224]
"(10229, 10590)",2,1,True,[10590]
"(3237, 10955)",2,1,True,"[3237, 10955]"
"(1623, 4182, 4227)",3,1,True,[4227]
"(2352, 5579)",2,1,True,[5579]
"(11980, 14199)",2,1,True,"[11980, 14199]"
"(2765, 8265)",2,1,True,[2765]
"(3344, 4646, 6164)",3,1,True,[6164]
"(6966, 13848)",2,1,True,"[6966, 13848]"
"(1175, 9444)",2,1,True,[9444]
"(6734, 9586)",2,1,False,[]
"(1137, 3093)",2,1,False,[]
"(3783, 6462)",2,1,False,[]
"(7470, 10697)",2,1,True,"[7470, 10697]"
"(12874, 14315)",2,1,True,[14315]
"(6438, 11171)",2,1,True,"[6438, 11171]"
"(1687, 9377)",2,1,False,[]
"(9345, 11510)",2,1,False,[]
"(1712, 6370)",2,1,True,"[1712, 6370]"
"(12960, 14324)",2,1,True,"[12960, 14324]"
"(12693, 13512)",2,1,True,"[12693, 13512]"
"(7088, 13820)",2,1,True,[7088]
"(11247, 13324)",2,1,True,[13324]
"(5824, 8928)",2,1,True,"[5824, 8928]"
"(4346, 6148)",2,1,True,[6148]
"(9748, 11842)",2,1,True,"[9748, 11842]"
"(901, 4393)",2,1,True,[4393]
"(3982, 7549)",2,1,True,[3982]
"(9203, 9936)",2,1,True,[9936]
"(7804, 12274)",2,1,True,[12274]
"(3488, 4521, 5380, 6782)",4,1,True,[4521]
"(4156, 5448)",2,1,True,[5448]
"(1352, 9605)",2,1,False,[]
"(8149, 11816)",2,1,False,[]
"(11161, 11626)",2,1,True,[11161]
"(8408, 11841)",2,1,True,"[8408, 11841]"
"(4092, 5499, 11952)",3,1,True,[4092]
"(1189, 6110)",2,1,True,[6110]
"(4345, 9935)",2,1,True,[4345]
"(5926, 12376)",2,1,True,"[5926, 12376]"
"(7551, 11084)",2,1,True,[7551]
"(1081, 6207)",2,1,True,[6207]
"(8611, 11731)",2,1,True,[8611]
"(3144, 12215)",2,1,True,"[3144, 12215]"
"(4128, 6559)",2,1,True,"[4128, 6559]"
"(4203, 4353)",2,1,True,[4203]
"(334, 334)",2,1,False,[]
"(2114, 3828)",2,1,True,[3828]
"(3730, 11531)",2,1,False,[]
"(559, 7622)",2,1,True,"[559, 7622]"
"(1922, 13813)",2,1,False,[]
"(4444, 6940)",2,1,True,[4444]
"(3480, 12998)",2,1,False,[]
"(4328, 11235)",2,1,True,[11235]
"(5196, 8867)",2,1,True,[8867]
"(5696, 6057)",2,1,True,"[5696, 6057]"
"(5305, 10430)",2,1,True,[10430]
"(2649, 3959)",2,1,True,[3959]
"(77, 10851)",2,1,False,[]
"(5387, 10581)",2,1,True,[10581]
"(3337, 7910)",2,1,False,[]
"(3224, 8703)",2,1,False,[]
"(12157, 13396)",2,1,True,[13396]
"(2672, 7379, 13480)",3,1,False,[]
"(6985, 7650)",2,1,False,[]
"(12251, 13175)",2,1,False,[]
"(7992, 13395)",2,1,False,[]
"(1382, 3161)",2,1,False,[]
"(744, 5705)",2,1,False,[]
"(5799, 11627)",2,1,True,[11627]
"(4541, 13124)",2,1,True,[13124]
"(1545, 3915)",2,1,True,[3915]
"(1097, 2490)",2,1,True,[2490]
"(4483, 8904)",2,1,True,[4483]
"(7077, 8676)",2,1,True,[8676]
"(6813, 10505)",2,1,True,[6813]
"(2980, 3667)",2,1,True,[2980]
"(5671, 5886)",2,1,True,[5886]
"(291, 3825, 8774)",3,1,False,[]
"(3401, 5905, 7449)",3,1,False,[]
"(924, 1803)",2,1,False,[]
"(10221, 10694)",2,1,True,[10221]
"(7373, 8500)",2,1,True,"[7373, 8500]"
"(10043, 10817)",2,1,True,[10817]
"(5500, 5524)",2,1,False,[]
"(2593, 10169)",2,1,True,[10169]
"(7521, 7521)",2,1,False,[]
"(505, 3780)",2,1,False,[]
"(11569, 11812)",2,1,True,"[11569, 11812]"
"(4493, 7110)",2,1,True,[4493]
"(11200, 13644)",2,1,True,[11200]
"(2377, 7739)",2,1,True,[7739]
"(4492, 6056)",2,1,True,[4492]
"(8209, 10849)",2,1,False,[]
"(983, 3978, 4491)",3,1,True,[4491]
"(1357, 11529)",2,1,False,[]
"(4106, 12213)",2,1,True,[12213]
"(2273, 7765)",2,1,False,[]
"(3957, 10093)",2,1,True,[10093]
"(890, 1512)",2,1,False,[]
"(1125, 8055)",2,1,True,"[1125, 8055]"
"(4778, 6187)",2,1,True,[6187]
"(8096, 8938)",2,1,True,[8938]
"(6024, 11847)",2,1,True,[6024]
"(972, 1631)",2,1,True,[972]
"(626, 4541)",2,1,False,[]
"(6456, 8023)",2,1,True,[6456]
"(1468, 4422)",2,1,True,[4422]
"(27, 77, 1338, 2272, 3110, 5797, 7109)",7,1,True,"[5797, 7109]"
"(2159, 7721)",2,1,False,[]
"(1895, 2640, 8061)",3,1,True,[1895]
"(657, 3377)",2,1,False,[]
"(977, 1967, 3103)",3,1,True,[1967]
"(2013, 11199)",2,1,True,[11199]
"(8470, 9169)",2,1,True,"[8470, 9169]"
"(2943, 9671, 11923)",3,1,True,[11923]
"(8503, 10111)",2,1,True,[8503]
"(4102, 7990, 8752)",3,1,True,[7990]
"(5064, 13653)",2,1,True,"[5064, 13653]"
"(3848, 5083)",2,1,True,[5083]
"(289, 2118, 4534, 5342, 5386, 8557, 10218)",7,1,False,[]
"(8788, 11270)",2,1,True,[8788]
"(5497, 12214)",2,1,True,[5497]
"(331, 6558)",2,1,True,[6558]
"(7111, 7785)",2,1,True,"[7111, 7785]"
"(6855, 8255)",2,1,True,"[6855, 8255]"
"(6134, 9227)",2,1,True,[9227]
"(4694, 7316)",2,1,True,"[4694, 7316]"
"(252, 8709)",2,1,False,[]
"(2739, 11951)",2,1,False,[]
"(6586, 13478)",2,1,True,"[6586, 13478]"
"(8097, 10623)",2,1,True,[8097]
"(5060, 13811)",2,1,True,[13811]
"(9819, 13354)",2,1,True,[13354]
"(5195, 11269)",2,1,True,[11269]
"(42, 12155)",2,1,True,[12155]
"(7076, 14161)",2,1,True,[7076]
"(8407, 12375)",2,1,True,[12375]
"(2167, 8366, 9258)",3,1,True,"[2167, 8366]"
"(1764, 10251)",2,1,True,[10251]
"(2477, 12248)",2,1,True,[2477]
"(135, 4242)",2,1,False,[]
"(3591, 4047, 6557)",3,1,True,[6557]
"(8714, 14220)",2,1,True,[14220]
"(2724, 5597)",2,1,True,[5597]
"(4046, 7179)",2,1,True,"[4046, 7179]"
"(274, 2109, 4392, 6088)",4,1,False,[]
"(10182, 12836)",2,1,False,[]
"(10219, 10400)",2,1,True,[10400]
"(11159, 12997)",2,1,True,[12997]
"(6917, 13747)",2,1,True,[6917]
"(2597, 5740)",2,1,True,[5740]
"(3086, 8551)",2,1,False,[]
"(2622, 13477)",2,1,False,[]
"(8751, 8751)",2,1,False,[]
"(107, 7255)",2,1,True,[7255]
"(44, 2583)",2,1,False,[]
"(4665, 7600)",2,1,False,[]
"(353, 5820)",2,1,True,[5820]
"(334, 10757)",2,1,True,[10757]
"(7484, 12996)",2,1,True,[12996]
"(8568, 12795)",2,1,False,[]
"(6267, 7423)",2,1,True,[6267]
"(6952, 10181)",2,1,True,[10181]
"(6507, 7625)",2,1,False,[]
"(11524, 12602)",2,1,True,[12602]
"(9107, 9932)",2,1,True,[9107]
"(7266, 14326)",2,1,False,[]
"(505, 3436)",2,1,False,[]
"(3060, 10092)",2,1,True,[3060]
"(2109, 4467, 5637)",3,1,True,[5637]
"(489, 3536)",2,1,False,[]
"(11999, 12529, 12844)",3,1,False,[]
"(485, 4584)",2,1,False,[]
"(2557, 8909)",2,1,False,[]
"(7108, 10359)",2,1,True,[7108]
"(9563, 12722)",2,1,True,"[9563, 12722]"
"(7948, 9141)",2,1,True,[9141]
"(6952, 13319)",2,1,True,[13319]
"(5907, 7107)",2,1,True,[5907]
"(555, 3977)",2,1,True,[555]
"(9045, 10622)",2,1,True,[10622]
"(6237, 7953)",2,1,False,[]
"(4241, 7590)",2,1,True,[7590]
"(1470, 12154)",2,1,True,[1470]
"(4520, 12304)",2,1,True,[12304]
"(39, 6032)",2,1,False,[]
"(866, 2109, 3873)",3,1,False,[]
"(1720, 9331)",2,1,True,[9331]
"(433, 2138, 3847)",3,1,False,[]
"(11376, 14035)",2,1,True,"[11376, 14035]"
"(7425, 10314)",2,1,True,[10314]
"(6244, 8952)",2,1,True,[8952]
"(10848, 12432)",2,1,True,"[10848, 12432]"
"(10758, 12340)",2,1,True,"[10758, 12340]"
"(2961, 7752)",2,1,True,[2961]
"(983, 3711)",2,1,True,[3711]
"(151, 13615)",2,1,True,"[151, 13615]"
"(3354, 10816)",2,1,True,"[3354, 10816]"
"(10414, 11297)",2,1,True,[11297]
"(3096, 3652, 7254)",3,1,True,[7254]
"(4777, 6032)",2,1,True,[4777]
"(6337, 11198)",2,1,False,[]
"(3678, 4443)",2,1,False,[]
"(349, 3337)",2,1,False,[]
"(7300, 8435)",2,1,True,[8435]
"(11500, 11698)",2,1,True,[11698]
"(5059, 6854)",2,1,True,[5059]
"(11459, 11922)",2,1,True,[11459]
"(1210, 9564)",2,1,False,[]
"(10136, 13644)",2,1,True,[10136]
"(12374, 13353)",2,1,True,"[12374, 13353]"
"(6622, 11839)",2,1,True,[11839]
"(67, 11950)",2,1,False,[]
"(6559, 10847)",2,1,True,"[6559, 10847]"
"(12636, 13539)",2,1,True,[13539]
"(4006, 11566)",2,1,True,[4006]
"(746, 4124)",2,1,True,[4124]
"(6581, 9673)",2,1,True,[6581]
"(588, 8822)",2,1,False,[]
"(9786, 12603)",2,1,True,[9786]
"(7663, 12904)",2,1,True,"[7663, 12904]"
"(867, 7879)",2,1,True,[7879]
"(39, 2334)",2,1,False,[]
"(2761, 4023, 5491)",3,1,False,[]
"(1139, 1814)",2,1,True,[1814]
"(1012, 10401)",2,1,True,[10401]
"(96, 1945, 2811, 9130)",4,1,False,[]
"(11642, 11840)",2,1,True,[11840]
"(517, 3054)",2,1,False,[]
"(1347, 5890)",2,1,True,[1347]
"(6768, 12459)",2,1,True,[12459]
"(210, 3219)",2,1,False,[]
"(30, 13748)",2,1,True,[13748]
"(2408, 4442)",2,1,False,[]
"(4566, 14126)",2,1,True,[4566]
"(10692, 10883)",2,1,True,[10883]
"(505, 7733)",2,1,False,[]
"(3341, 13355)",2,1,False,[]
"(12249, 13780)",2,1,True,[12249]
"(8933, 13812)",2,1,True,[8933]
"(1604, 5964)",2,1,True,[1604]
"(195, 765)",2,1,True,[195]
"(2357, 4423)",2,1,False,[]
"(377, 983, 5885)",3,1,False,[]
"(263, 3061)",2,1,True,[263]
"(7371, 8939)",2,1,True,[8939]
"(1959, 2104)",2,1,True,[2104]
"(2290, 4911)",2,1,True,[4911]
"(1875, 11501)",2,1,True,[11501]
"(645, 3621)",2,1,False,[]
"(8293, 11925)",2,1,True,[8293]
"(11029, 11924)",2,1,True,[11924]
"(9634, 10468)",2,1,True,[10468]
"(13715, 14176)",2,1,True,"[13715, 14176]"
"(441, 4221)",2,1,True,[4221]
"(433, 2138, 4248)",3,1,False,[]
"(3335, 9566)",2,1,True,[3335]
"(819, 10907)",2,1,True,[819]
"(28, 96, 1197, 1945, 2811, 3156, 9130)",7,1,False,[]
"(42, 13247)",2,1,True,[13247]
"(1631, 4424)",2,1,True,[4424]
"(9934, 10138)",2,1,True,[9934]
"(9820, 10094)",2,1,True,"[9820, 10094]"
"(8504, 10394)",2,1,True,[10394]
"(5084, 9470)",2,1,True,"[5084, 9470]"
"(6193, 10321)",2,1,True,"[6193, 10321]"
"(3097, 14274)",2,1,True,[14274]
"(306, 2654, 3825, 4061)",4,1,False,[]
"(630, 5523)",2,1,False,[]
"(10322, 13930)",2,1,True,[10322]
"(2305, 12491)",2,1,True,[2305]
"(555, 1598)",2,1,True,[555]
"(2652, 14314)",2,1,True,[2652]
"(487, 560, 4201, 6528)",4,1,True,[560]
"(660, 3428)",2,1,True,"[660, 3428]"
"(1478, 11977)",2,1,True,[11977]
"(3939, 4054)",2,1,True,[3939]
"(10724, 10884)",2,1,True,"[10724, 10884]"
"(572, 1290)",2,1,True,[1290]
"(6542, 8852)",2,1,False,[]
"(8300, 13624)",2,1,True,[8300]
"(8251, 11688)",2,1,True,[11688]
"(7426, 12305)",2,1,False,[]
"(3205, 5904)",2,1,False,[]
"(954, 1012)",2,1,False,[]
"(4666, 6348)",2,1,True,[4666]
"(8222, 8222)",2,1,False,[]
"(3461, 9933)",2,1,True,[9933]
"(5798, 6527)",2,1,True,[6527]
"(3557, 6053)",2,1,False,[]
"(477, 11377)",2,1,False,[]
"(8190, 9924)",2,1,False,[]
"(172, 207, 1087, 1307, 10184)",5,1,True,[10184]
"(608, 5695)",2,1,False,[]
"(7430, 7843)",2,1,True,[7843]
"(2551, 4910)",2,1,True,[4910]
"(4839, 6488)",2,1,True,[4839]
"(2114, 3185)",2,1,True,[3185]
"(2450, 10220)",2,1,True,[10220]
"(11597, 14205)",2,1,True,[11597]
"(1726, 7251)",2,1,True,[1726]
"(549, 2333)",2,1,True,[2333]
"(5970, 12755)",2,1,True,[5970]
"(7045, 8254)",2,1,True,[7045]
"(2304, 4020)",2,1,True,[2304]
"(4755, 9108)",2,1,True,[9108]
"(3832, 10183)",2,1,True,[3832]
"(1603, 9672)",2,1,True,[9672]
"(2029, 8578, 9565)",3,1,True,[2029]
"(1754, 6206)",2,1,True,[6206]
"(645, 4061)",2,1,False,[]
"(1758, 3292)",2,1,True,[3292]
"(3268, 8977)",2,1,True,[8977]
"(879, 1937, 2553)",3,1,False,[]
"(2155, 8098)",2,1,True,[8098]
"(8579, 8579, 11530)",3,1,False,[]
"(3491, 7878)",2,1,False,[]
"(666, 11598)",2,1,True,"[666, 11598]"
"(12036, 14241)",2,1,True,[12036]
"(58, 12092)",2,1,False,[]
"(4943, 5670)",2,1,True,[4943]
"(702, 6457)",2,1,True,"[702, 6457]"
"(8582, 13511)",2,1,True,[8582]
"(7046, 9399)",2,1,True,[7046]
"(13641, 13929)",2,1,True,[13929]
"(3111, 7591)",2,1,True,[7591]
"(4713, 9330)",2,1,False,[]
"(1417, 2372, 2480)",3,1,False,[]
"(85, 2373, 2798)",3,1,True,"[2373, 2798]"
"(11625, 14320)",2,1,True,[14320]
"(12340, 13286)",2,1,True,[12340]
"(65, 6699)",2,1,True,[6699]
"(146, 332)",2,1,False,[]
"(64, 14013)",2,1,False,[]
"(7519, 10759)",2,1,True,[7519]
"(1828, 3219)",2,1,True,[1828]
"(9046, 9602)",2,1,True,[9046]
"(2431, 11212)",2,1,True,"[2431, 11212]"
"(4074, 12517)",2,1,True,[4074]
"(3181, 3181)",2,1,False,[]
"(9304, 13407)",2,1,True,[9304]
"(7877, 11388)",2,1,False,[]
"(648, 13818)",2,1,False,[]
"(9603, 10014)",2,1,True,[9603]
"(5647, 6294)",2,1,True,[5647]
"(4245, 8472)",2,1,True,[8472]
"(7494, 7627)",2,1,True,"[7494, 7627]"
"(5089, 7258)",2,1,True,"[5089, 7258]"
"(6296, 11273)",2,1,True,[11273]
"(5419, 6919)",2,1,False,[]
"(12962, 13409)",2,1,False,[]
"(1848, 2344)",2,1,True,[1848]
"(1903, 8439)",2,1,True,"[1903, 8439]"
"(3875, 6958)",2,1,True,[3875]
"(3270, 8367)",2,1,True,[8367]
"(1073, 12019)",2,1,False,[]
"(3810, 5197)",2,1,True,[5197]
"(12220, 12263)",2,1,True,[12263]
"(9172, 11473)",2,1,True,"[9172, 11473]"
"(1592, 6791)",2,1,True,[1592]
"(4713, 6088, 9276, 10193)",4,1,False,[]
"(1765, 6623, 11272)",3,1,True,"[1765, 11272]"
"(3656, 8682)",2,1,True,[8682]
"(3811, 12434)",2,1,False,[]
"(6295, 9913)",2,1,False,[]
"(5149, 13320)",2,1,True,[13320]
"(385, 2623)",2,1,False,[]
"(387, 3000, 4395, 5088, 7881)",5,1,False,[]
"(3163, 5269)",2,1,True,[3163]
"(4668, 13090, 13509)",3,1,True,[13090]
"(13076, 14037)",2,1,True,[14037]
"(12798, 13931)",2,1,True,[13931]
"(19, 907)",2,1,False,[]
"(2607, 8680)",2,1,True,[2607]
"(5301, 10219)",2,1,False,[]
"(1686, 2506)",2,1,True,[1686]
"(8224, 12640)",2,1,True,[8224]
"(6617, 12309)",2,1,True,[12309]
"(3330, 4885)",2,1,True,[4885]
"(159, 13581)",2,1,True,[159]
"(3164, 8056)",2,1,True,[8056]
"(542, 2407)",2,1,False,[]
"(9568, 13358)",2,1,True,[13358]
"(1148, 10507)",2,1,True,[10507]
"(7118, 10404)",2,1,True,[10404]
"(519, 7882)",2,1,True,[7882]
"(280, 1279)",2,1,True,[1279]
"(4669, 11086)",2,1,True,[11086]
"(1379, 10062)",2,1,True,"[1379, 10062]"
"(2229, 13091)",2,1,True,[13091]
"(5114, 9335)",2,1,True,[5114]
"(2237, 11620)",2,1,True,"[2237, 11620]"
"(442, 2388)",2,1,True,"[442, 2388]"
"(5393, 12894)",2,1,False,[]
"(3, 5820)",2,1,True,[5820]
"(12020, 13752)",2,1,True,[12020]
"(5275, 7288)",2,1,True,[5275]
"(10886, 12830)",2,1,True,"[10886, 12830]"
"(2114, 3962)",2,1,True,[3962]
"(3462, 12461)",2,1,True,"[3462, 12461]"
"(6400, 6409, 8510)",3,1,True,[6409]
"(8768, 12129)",2,1,True,[12129]
"(7185, 10224)",2,1,True,[7185]
"(6142, 7376)",2,1,True,"[6142, 7376]"
"(609, 8335)",2,1,True,[609]
"(3393, 8981)",2,1,True,[8981]
"(1540, 7554)",2,1,True,[7554]
"(2984, 6859)",2,1,True,[2984]
"(1094, 2221, 3187)",3,1,True,[2221]
"(586, 11556)",2,1,True,[11556]
"(494, 1896)",2,1,True,[494]
"(11204, 13542)",2,1,True,[13542]
"(6778, 9838)",2,1,True,[6778]
"(4931, 7553)",2,1,True,[7553]
"(5915, 5915, 7409)",3,1,True,[5915]
"(586, 11590)",2,1,True,[11590]
"(3312, 5450)",2,1,True,[5450]
"(1968, 2800)",2,1,True,[2800]
"(120, 7218)",2,1,True,[120]
"(3100, 11443)",2,1,True,[11443]
"(5928, 6268, 9402, 11329)",4,1,True,[9402]
"(5126, 9260)",2,1,True,[9260]
"(7223, 7408)",2,1,True,[7408]
"(3208, 9404)",2,1,True,[9404]
"(5949, 10588)",2,1,True,[5949]
"(3714, 7501, 10324)",3,1,False,[]
"(885, 2141)",2,1,True,[2141]
"(1941, 12908)",2,1,True,[1941]
"(2353, 9575)",2,1,True,[2353]
"(12308, 14047)",2,1,True,[12308]
"(989, 8438)",2,1,False,[]
"(2785, 2847)",2,1,True,"[2785, 2847]"
"(6695, 12907)",2,1,True,[12907]
"(9976, 12550)",2,1,True,[9976]
"(331, 658)",2,1,False,[]
"(1511, 2089, 5327)",3,1,True,"[1511, 5327]"
"(438, 7845)",2,1,True,[7845]
"(4545, 9231)",2,1,True,[4545]
"(1795, 11815)",2,1,True,[1795]
"(6938, 9288)",2,1,True,[9288]
"(4049, 6726)",2,1,True,[4049]
"(387, 3000, 5088, 7881)",4,1,False,[]
"(2070, 8509)",2,1,True,[8509]
"(192, 2505)",2,1,True,[2505]
"(12855, 14222)",2,1,True,[14222]
"(6648, 7117)",2,1,True,[7117]
"(1428, 8412)",2,1,True,[8412]
"(5034, 8191)",2,1,True,[8191]
"(983, 8718)",2,1,True,[8718]
"(6435, 9299)",2,1,True,"[6435, 9299]"
"(5549, 10471)",2,1,True,"[5549, 10471]"
"(12276, 12521)",2,1,True,[12276]
"(1192, 1331)",2,1,True,"[1192, 1331]"
"(12586, 12855)",2,1,False,[]
"(3488, 7173, 10657)",3,1,False,[]
"(717, 12936, 13275)",3,1,True,[12936]
"(1481, 2295, 3783)",3,1,False,[]
"(4268, 8190)",2,1,True,[4268]
"(8099, 10948)",2,1,True,[8099]
"(2118, 4105)",2,1,True,[4105]
"(1382, 4184, 4446)",3,1,True,[4446]
"(791, 1700)",2,1,True,[1700]
"(4638, 6647, 6776, 8980)",4,1,False,[]
"(146, 4809, 11014)",3,1,True,[4809]
"(5176, 13964)",2,1,True,"[5176, 13964]"
"(1012, 3126)",2,1,True,[3126]
"(3782, 9145)",2,1,True,[3782]
"(2525, 2903)",2,1,True,[2903]
"(986, 1187)",2,1,False,[]
"(3313, 10018)",2,1,True,[10018]
"(3901, 5033, 8469)",3,1,True,[8469]
"(12773, 13649)",2,1,True,[13649]
"(5652, 13580)",2,1,True,[13580]
"(3876, 9175)",2,1,True,"[3876, 9175]"
"(7066, 10662)",2,1,False,[]
"(1468, 5527)",2,1,True,[5527]
"(5877, 9628)",2,1,False,[]
"(3715, 6959)",2,1,True,[6959]
"(9790, 11504)",2,1,True,[9790]
"(151, 5451)",2,1,True,[151]
"(690, 2933)",2,1,True,[690]
"(11503, 11647)",2,1,True,[11503]
"(324, 9680)",2,1,True,[9680]
"(3597, 8815)",2,1,True,[8815]
"(1382, 14038)",2,1,False,[]
"(7219, 12159)",2,1,True,[12159]
"(6499, 11757)",2,1,True,[6499]
"(5035, 7188)",2,1,False,[]
"(5257, 8167)",2,1,True,[8167]
"(8683, 13718)",2,1,True,"[8683, 13718]"
"(12798, 13688)",2,1,False,[]
"(1667, 9262)",2,1,True,"[1667, 9262]"
"(1540, 3894)",2,1,False,[]
"(8982, 13400)",2,1,True,"[8982, 13400]"
"(2929, 12933)",2,1,True,"[2929, 12933]"
"(5148, 8261)",2,1,True,"[5148, 8261]"
"(3609, 12435)",2,1,True,"[3609, 12435]"
"(19, 13621)",2,1,False,[]
"(6498, 11238)",2,1,True,"[6498, 11238]"
"(605, 1721)",2,1,True,[1721]
"(768, 9174)",2,1,False,[]
"(794, 11410)",2,1,True,[11410]
"(8511, 9993)",2,1,True,[8511]
"(917, 1227)",2,1,False,[]
"(8069, 8944)",2,1,False,[]
"(792, 1527)",2,1,True,[792]
"(2550, 6060)",2,1,True,[6060]
"(9030, 11173)",2,1,True,[9030]
"(6772, 10969)",2,1,True,[6772]
"(2559, 8442)",2,1,True,[8442]
"(7995, 11995)",2,1,True,[11995]
"(10175, 13271)",2,1,True,[10175]
"(6741, 14106)",2,1,True,[6741]
"(1632, 4594)",2,1,True,[4594]
"(71, 3762)",2,1,False,[]
"(9207, 14294)",2,1,True,"[9207, 14294]"
"(9859, 12021)",2,1,True,[12021]
"(8441, 8720)",2,1,True,[8720]
"(11411, 13088)",2,1,False,[]
"(2762, 10472)",2,1,True,"[2762, 10472]"
"(522, 522)",2,1,False,[]
"(13674, 13753)",2,1,True,[13753]
"(12522, 12831)",2,1,True,[12831]
"(4156, 9337)",2,1,False,[]
"(9233, 12641)",2,1,False,[]
"(15, 10980)",2,1,False,[]
"(308, 9751)",2,1,False,[]
"(7914, 8970)",2,1,False,[]
"(2557, 5702)",2,1,False,[]
"(992, 12343)",2,1,True,[12343]
"(3136, 4917)",2,1,True,"[3136, 4917]"
"(5800, 12057)",2,1,True,[12057]
"(20, 564)",2,1,False,[]
"(5810, 6459)",2,1,True,[6459]
"(7883, 7883)",2,1,False,[]
"(8756, 8756)",2,1,True,[8756]
"(7724, 14208)",2,1,True,[14208]
"(3514, 11029)",2,1,False,[]
"(879, 2553, 3917)",3,1,False,[]
"(7010, 9261)",2,1,True,[7010]
"(633, 4076)",2,1,True,[4076]
"(9789, 13191)",2,1,True,[13191]
"(7846, 8755)",2,1,True,[7846]
"(8413, 11046)",2,1,True,"[8413, 11046]"
"(4522, 4961, 7411, 12124)",4,1,True,[4961]
"(1922, 2315, 8057)",3,1,True,[8057]
"(6671, 10728)",2,1,True,"[6671, 10728]"
"(3463, 9977)",2,1,True,[3463]
"(528, 8791)",2,1,True,"[528, 8791]"
"(2932, 6521)",2,1,True,"[2932, 6521]"
"(7186, 12871)",2,1,True,[12871]
"(2195, 10787)",2,1,True,"[2195, 10787]"
"(1248, 10545)",2,1,True,[1248]
"(3757, 11571)",2,1,True,[11571]
"(2335, 4963)",2,1,True,[4963]
"(601, 888)",2,1,True,"[601, 888]"
"(9750, 10312)",2,1,True,[10312]
"(11611, 13190)",2,1,True,[11611]
"(7410, 11310)",2,1,True,[7410]
"(10252, 11474)",2,1,True,"[10252, 11474]"
"(1468, 7596)",2,1,True,[7596]
"(2491, 6366)",2,1,True,[2491]
"(4094, 6220)",2,1,False,[]
"(2160, 12462)",2,1,True,[12462]
"(2307, 8719)",2,1,True,[8719]
"(2886, 3552)",2,1,True,[2886]
"(5045, 13687)",2,1,True,[13687]
"(4158, 11602)",2,1,True,[11602]
"(5615, 6436)",2,1,True,[6436]
"(6590, 9699)",2,1,False,[]
"(2251, 2543)",2,1,True,[2251]
"(5141, 8440)",2,1,True,[5141]
"(5812, 9715)",2,1,True,"[5812, 9715]"
"(8225, 10949)",2,1,True,[8225]
"(2273, 8792)",2,1,False,[]
"(3984, 10225)",2,1,True,[10225]
"(9232, 12125)",2,1,True,[12125]
"(376, 1925)",2,1,True,[1925]
"(1013, 6437)",2,1,True,[1013]
"(5781, 9206)",2,1,True,[9206]
"(2613, 8688)",2,1,False,[]
"(5699, 9336)",2,1,True,[9336]
"(7753, 9679)",2,1,True,[7753]
"(8149, 10658)",2,1,False,[]
"(4547, 12094)",2,1,True,[12094]
"(2091, 3514)",2,1,False,[]
"(458, 8943)",2,1,True,"[458, 8943]"
"(6624, 8368)",2,1,True,[6624]
"(386, 4682, 6536)",3,1,False,[]
"(2003, 9678)",2,1,True,[9678]
"(3001, 14254)",2,1,True,"[3001, 14254]"
"(2010, 7971)",2,1,False,[]
"(1466, 3271)",2,1,True,[1466]
"(591, 2593)",2,1,False,[]
"(11789, 12342)",2,1,True,[11789]
"(737, 2173)",2,1,True,[737]
"(8192, 11015)",2,1,True,"[8192, 11015]"
"(1539, 1698, 5062)",3,1,False,[]
"(2887, 3205)",2,1,True,[2887]
"(9858, 10436)",2,1,True,"[9858, 10436]"
"(4613, 10437)",2,1,True,"[4613, 10437]"
"(5132, 8794)",2,1,True,[5132]
"(4081, 9177)",2,1,True,[4081]
"(7148, 9738)",2,1,False,[]
"(6058, 7405)",2,1,True,[7405]
"(4713, 12548)",2,1,False,[]
"(6587, 10742)",2,1,True,[6587]
"(5376, 5768)",2,1,True,[5376]
"(3992, 12173)",2,1,True,[12173]
"(1699, 2923)",2,1,False,[]
"(2797, 5147)",2,1,True,[5147]
"(2762, 9674)",2,1,True,[2762]
"(1150, 2515, 3355)",3,1,True,[1150]
"(937, 3251)",2,1,True,"[937, 3251]"
"(1449, 11388)",2,1,False,[]
"(8541, 11814)",2,1,True,"[8541, 11814]"
"(2603, 2603)",2,1,True,[2603]
"(3392, 12576)",2,1,True,"[3392, 12576]"
"(2784, 7115)",2,1,True,[2784]
"(4771, 5927)",2,1,False,[]
"(4981, 8678)",2,1,True,[4981]
"(9937, 14093)",2,1,True,"[9937, 14093]"
"(8259, 11328, 11441)",3,1,True,[11328]
"(12123, 13648)",2,1,True,"[12123, 13648]"
"(8822, 9894)",2,1,True,[9894]
"(8409, 13647)",2,1,True,[8409]
"(3550, 10015)",2,1,True,"[3550, 10015]"
"(378, 3591)",2,1,False,[]
"(3233, 11600)",2,1,True,[11600]
"(6674, 7414)",2,1,True,"[6674, 7414]"
"(1818, 3146)",2,1,False,[]
"(21, 408)",2,1,True,[408]
"(7216, 12275)",2,1,True,"[7216, 12275]"
"(318, 954, 954, 3247, 5111)",5,1,False,[]
"(495, 13666)",2,1,False,[]
"(3997, 11472)",2,1,True,"[3997, 11472]"
"(507, 777, 2451, 2883, 3496, 4244, 5342, 8557)",8,1,False,[]
"(2812, 9109)",2,1,True,[2812]
"(4977, 5964)",2,1,False,[]
"(11203, 12932)",2,1,False,[]
"(3147, 7624, 8680)",3,1,False,[]
"(5971, 9259)",2,1,True,[9259]
"(2874, 7492)",2,1,False,[]
"(7965, 12184)",2,1,True,[12184]
"(5346, 7217)",2,1,True,[7217]
"(9637, 14276)",2,1,True,[9637]
"(983, 4883)",2,1,False,[]
"(1357, 5086)",2,1,True,[5086]
"(2203, 7817)",2,1,True,[7817]
"(4593, 6954, 8940)",3,1,True,[6954]
"(3570, 9471)",2,1,True,[9471]
"(2181, 4880)",2,1,True,[2181]
"(3656, 9047)",2,1,True,[9047]
"(6694, 9295)",2,1,True,[9295]
"(4982, 7464)",2,1,True,[7464]
"(1357, 13061)",2,1,True,[13061]
"(623, 2489)",2,1,True,[2489]
"(778, 9204)",2,1,True,[9204]
"(6857, 10061)",2,1,True,[10061]
"(8679, 11434)",2,1,True,[11434]
"(880, 12530, 12962)",3,1,False,[]
"(2408, 6955)",2,1,True,[6955]
"(728, 8294)",2,1,False,[]
"(3376, 10036)",2,1,False,[]
"(6496, 13397)",2,1,True,[13397]
"(8332, 11699)",2,1,True,"[8332, 11699]"
"(12686, 13534)",2,1,True,[12686]
"(788, 3730)",2,1,True,[788]
"(5948, 11788)",2,1,True,[11788]
"(3593, 7844)",2,1,True,[7844]
"(6461, 13652)",2,1,True,[13652]
"(13760, 14236)",2,1,True,"[13760, 14236]"
"(2298, 5074, 10825)",3,1,True,[10825]
"(2022, 10109)",2,1,True,[10109]
"(1606, 6863)",2,1,True,[6863]
"(1012, 3101)",2,1,True,[3101]
"(9212, 9304)",2,1,True,"[9212, 9304]"
"(7730, 12692)",2,1,True,[7730]
"(9443, 13819)",2,1,True,"[9443, 13819]"
"(4025, 11054)",2,1,True,[11054]
"(10442, 10442)",2,1,True,[10442]
"(4543, 11012)",2,1,True,[4543]
"(11821, 13852)",2,1,True,[11821]
"(5408, 13584)",2,1,True,[5408]
"(3540, 13062)",2,1,True,[3540]
"(645, 3783)",2,1,False,[]
"(2010, 4919)",2,1,False,[]
"(11, 10025)",2,1,True,[10025]
"(8102, 14099)",2,1,True,[8102]
"(685, 5770)",2,1,True,[5770]
"(5135, 6116, 6626)",3,1,True,[6116]
"(5222, 10367)",2,1,False,[]
"(5390, 10026)",2,1,True,[10026]
"(325, 925, 2614)",3,1,True,[325]
"(1403, 10098)",2,1,True,[10098]
"(7350, 12349)",2,1,True,[7350]
"(9052, 11509)",2,1,False,[]
"(3115, 13363)",2,1,True,[13363]
"(6032, 8715)",2,1,False,[]
"(6646, 11011)",2,1,True,[6646]
"(2528, 4425)",2,1,False,[]
"(578, 1352, 2901)",3,1,True,[2901]
"(1247, 4176)",2,1,True,"[1247, 4176]"
"(587, 12236)",2,1,True,[12236]
"(4592, 14275)",2,1,True,[4592]
"(453, 2267, 4154)",3,1,False,[]
"(7079, 11669)",2,1,True,"[7079, 11669]"
"(3430, 6059)",2,1,True,[3430]
"(2155, 3018)",2,1,False,[]
"(421, 6529)",2,1,True,[421]
"(4048, 13619)",2,1,True,[13619]
"(920, 1214, 2235)",3,1,True,"[920, 2235]"
"(1177, 12545)",2,1,True,[12545]
"(513, 13217)",2,1,True,[13217]
"(10945, 12867)",2,1,True,[12867]
"(2109, 3983)",2,1,False,[]
"(5672, 11869)",2,1,True,[11869]
"(96, 1945)",2,1,False,[]
"(1500, 7816)",2,1,True,[7816]
"(11202, 13646)",2,1,True,"[11202, 13646]"
"(1512, 3712)",2,1,True,[3712]
"(1870, 12307)",2,1,False,[]
"(7809, 8646)",2,1,True,[8646]
"(1383, 3219)",2,1,False,[]
"(5907, 7593)",2,1,True,"[5907, 7593]"
"(12544, 13557)",2,1,True,[12544]
"(7623, 11471)",2,1,True,[11471]
"(1878, 5577, 13449)",3,1,False,[]
"(1357, 13291)",2,1,True,[13291]
"(385, 8868)",2,1,False,[]
"(5149, 8166)",2,1,False,[]
"(815, 5556)",2,1,True,[5556]
"(8681, 11670)",2,1,True,[8681]
"(880, 5650, 6918)",3,1,True,[5650]
"(50, 7912)",2,1,True,[7912]
"(2253, 5263)",2,1,False,[]
"(9230, 10625)",2,1,True,"[9230, 10625]"
"(786, 2875)",2,1,False,[]
"(7911, 11564)",2,1,False,[]
"(4615, 10946)",2,1,True,[4615]
"(2525, 4155)",2,1,False,[]
"(6363, 7930)",2,1,False,[]
"(5377, 7286)",2,1,True,[7286]
"(2088, 2455)",2,1,True,"[2088, 2455]"
"(416, 550)",2,1,True,[550]
"(3149, 10696)",2,1,True,"[3149, 10696]"
"(2635, 7116)",2,1,True,[7116]
"(1196, 9788)",2,1,False,[]
"(3112, 12868)",2,1,True,[12868]
"(1151, 10403)",2,1,True,[10403]
"(10898, 12157)",2,1,False,[]
"(7183, 7183)",2,1,False,[]
"(5175, 14015)",2,1,True,"[5175, 14015]"
"(5674, 13541)",2,1,False,[]
"(5081, 8869)",2,1,True,[8869]
"(799, 799)",2,1,False,[]
"(6573, 9714)",2,1,True,[6573]
"(832, 841)",2,1,True,[832]
"(1071, 5112)",2,1,True,[5112]
"(8759, 12999)",2,1,True,[12999]
"(13284, 13685)",2,1,True,[13685]
"(5649, 7691)",2,1,True,[5649]
"(322, 13219)",2,1,True,[13219]
"(1265, 2155)",2,1,True,[1265]
"(121, 10819)",2,1,True,[10819]
"(1058, 2653)",2,1,True,[1058]
"(553, 11533)",2,1,True,[553]
"(8480, 12751)",2,1,False,[]
"(13398, 13398)",2,1,True,[13398]
"(647, 12218)",2,1,False,[]
"(1081, 1897)",2,1,False,[]
"(260, 4935)",2,1,True,[260]
"(319, 873)",2,1,False,[]
"(12960, 13187)",2,1,True,[12960]
"(1183, 7733)",2,1,False,[]
"(786, 1591, 2875)",3,1,True,[1591]
"(286, 883)",2,1,False,[]
"(5673, 8871)",2,1,True,"[5673, 8871]"
"(67, 405)",2,1,True,[405]
"(267, 5328, 5618, 7407)",4,1,False,[]
"(9821, 12056)",2,1,True,[9821]
"(2090, 4578)",2,1,False,[]
"(2332, 7223, 8204)",3,1,False,[]
"(318, 954, 2751)",3,1,False,[]
"(467, 1272)",2,1,False,[]
"(9028, 10910)",2,1,True,[10910]
"(45, 1307)",2,1,False,[]
"(5625, 6379)",2,1,True,[5625]
"(1369, 1384)",2,1,False,[]
"(2836, 9675)",2,1,True,"[2836, 9675]"
"(349, 8941)",2,1,False,[]
"(262, 350, 450, 3691, 6239, 7404, 8330, 10091)",8,1,True,[3691]
"(473, 9598)",2,1,False,[]
"(13517, 14105)",2,1,True,[13517]
"(1850, 7722)",2,1,False,[]
"(806, 12405)",2,1,True,[806]
"(3311, 5031)",2,1,True,[5031]
"(379, 6497)",2,1,True,[6497]
"(4294, 4445)",2,1,True,[4294]
"(1990, 2688, 3977, 7881)",4,1,False,[]
"(1094, 2740)",2,1,False,[]
"(2784, 7182)",2,1,True,"[2784, 7182]"
"(58, 11582)",2,1,False,[]
"(1959, 7257)",2,1,False,[]
"(1968, 8471)",2,1,True,[8471]
"(2186, 10852)",2,1,True,[2186]
"(747, 4363)",2,1,False,[]
"(11442, 11953)",2,1,True,"[11442, 11953]"
"(2109, 4330)",2,1,False,[]
"(848, 4469)",2,1,True,[4469]
"(1012, 3127, 4024)",3,1,True,[4024]
"(1919, 3680)",2,1,False,[]
"(3781, 8333)",2,1,True,[3781]
"(3833, 3849)",2,1,True,[3833]
"(381, 5615)",2,1,False,[]
"(6769, 7625)",2,1,True,[6769]
"(2884, 6188)",2,1,True,[2884]
"(212, 648, 2982, 3252, 8716)",5,1,True,[2982]
"(9205, 9205)",2,1,False,[]
"(299, 2557, 4093, 8909)",4,1,False,[]
"(1995, 4544)",2,1,True,[1995]
"(11502, 12217)",2,1,True,[11502]
"(500, 2059, 2211, 4425)",4,1,False,[]
"(4321, 10016)",2,1,True,[10016]
"(6562, 9975)",2,1,True,[6562]
"(1794, 9027, 12605)",3,1,True,[1794]
"(3811, 12253)",2,1,True,[12253]
"(725, 5641)",2,1,True,[5641]
"(2080, 2525)",2,1,True,[2080]
"(2799, 7318)",2,1,False,[]
"(3901, 4494, 8905)",3,1,True,[4494]
"(5046, 11532)",2,1,True,[11532]
"(7626, 13481)",2,1,True,"[7626, 13481]"
"(6140, 9229)",2,1,True,"[6140, 9229]"
"(2665, 5032, 9515)",3,1,True,[9515]
"(4977, 9372, 11956)",3,1,False,[]
"(252, 286, 5307)",3,1,True,[5307]
"(8831, 9567)",2,1,True,[8831]
"(261, 2109, 4070, 5492, 8557)",5,1,False,[]
"(1089, 2264, 4356)",3,1,False,[]
"(8486, 12796)",2,1,True,[12796]
"(1425, 1853)",2,1,True,[1853]
"(338, 983, 2741, 3822, 9078)",5,1,True,"[2741, 9078]"
"(2820, 4595)",2,1,False,[]
"(2096, 11700)",2,1,True,[11700]
"(1815, 2885)",2,1,True,[2885]
"(1481, 2218)",2,1,False,[]
"(678, 9371)",2,1,True,[9371]
"(7149, 12055)",2,1,True,"[7149, 12055]"
"(5701, 6059, 6669)",3,1,False,[]
"(1471, 10432, 13218)",3,1,True,[10432]
"(5007, 5526)",2,1,True,[5007]
"(2950, 4104)",2,1,True,[4104]
"(7406, 10012)",2,1,True,"[7406, 10012]"
"(4389, 5695)",2,1,False,[]
"(570, 570)",2,1,False,[]
"(6531, 8410)",2,1,True,[6531]
"(5331, 11085)",2,1,True,[5331]
"(1387, 13750)",2,1,True,[1387]
"(404, 1707, 3725)",3,1,True,[1707]
"(2114, 3166)",2,1,True,[3166]
"(10668, 11479)",2,1,True,[10668]
"(393, 13631)",2,1,True,[393]
"(13139, 13419)",2,1,True,[13139]
"(2096, 2413)",2,1,False,[]
"(1475, 1584)",2,1,False,[]
"(3368, 8071)",2,1,True,[3368]
"(100, 1593, 3211, 6154)",4,1,True,"[100, 1593, 6154]"
"(1322, 5359, 6903, 7855)",4,1,False,[]
"(4212, 9419)",2,1,True,"[4212, 9419]"
"(7238, 13519)",2,1,True,"[7238, 13519]"
"(64, 205, 818, 1188, 7761, 10029)",6,1,True,[7761]
"(333, 362)",2,1,False,[]
"(2314, 5322)",2,1,True,[5322]
"(4327, 8352)",2,1,True,[4327]
"(3880, 8437)",2,1,False,[]
"(6387, 13006)",2,1,True,[13006]
"(2315, 5970)",2,1,True,[5970]
"(4032, 12918)",2,1,True,[12918]
"(11653, 12837)",2,1,True,[12837]
"(6348, 10527)",2,1,True,[10527]
"(1427, 5099)",2,1,False,[]
"(2786, 12197)",2,1,True,"[2786, 12197]"
"(2421, 2832)",2,1,False,[]
"(35, 4938)",2,1,True,[4938]
"(219, 1324)",2,1,False,[]
"(361, 5264, 7244)",3,1,False,[]
"(2906, 3296, 9615)",3,1,True,[2906]
"(7225, 10794)",2,1,True,[7225]
"(25, 10163)",2,1,True,[10163]
"(5130, 7566)",2,1,True,[5130]
"(9413, 10826)",2,1,True,[9413]
"(4311, 8244)",2,1,True,[4311]
"(2475, 9091)",2,1,True,[2475]
"(1481, 4048)",2,1,False,[]
"(138, 7296)",2,1,True,[7296]
"(13850, 13878)",2,1,True,[13878]
"(4868, 8661)",2,1,True,[8661]
"(1798, 13886)",2,1,True,[13886]
"(9616, 10292)",2,1,True,[9616]
"(8486, 10675)",2,1,True,[10675]
"(4670, 8174)",2,1,True,[4670]
"(192, 3968)",2,1,True,[3968]
"(263, 275)",2,1,True,[263]
"(923, 1455)",2,1,False,[]
"(6677, 9213)",2,1,False,[]
"(2064, 4552)",2,1,True,[4552]
"(7272, 10740)",2,1,True,"[7272, 10740]"
"(6093, 7382)",2,1,True,[7382]
"(5100, 6545)",2,1,True,[6545]
"(10028, 11733)",2,1,True,"[10028, 11733]"
"(5753, 7534)",2,1,True,[5753]
"(11734, 13549)",2,1,True,"[11734, 13549]"
"(6564, 11028)",2,1,True,[11028]
"(2854, 10635)",2,1,True,[10635]
"(8956, 11059)",2,1,True,[8956]
"(1389, 6544)",2,1,True,"[1389, 6544]"
"(3284, 3285)",2,1,True,[3285]
"(3839, 10447)",2,1,True,[10447]
"(1598, 13818)",2,1,False,[]
"(4135, 11659)",2,1,True,[11659]
"(4181, 12258)",2,1,True,[12258]
"(392, 8017)",2,1,False,[]
"(8244, 12738)",2,1,True,[12738]
"(11908, 12100)",2,1,True,[11908]
"(10345, 11582)",2,1,True,[10345]
"(4213, 6254)",2,1,True,[4213]
"(5873, 7333)",2,1,True,"[5873, 7333]"
"(607, 1368)",2,1,True,[1368]
"(5999, 7450)",2,1,False,[]
"(13851, 14277)",2,1,True,[14277]
"(2861, 8703)",2,1,False,[]
"(1779, 7890)",2,1,True,[7890]
"(1124, 5532)",2,1,True,[5532]
"(6572, 12032)",2,1,True,[12032]
"(5737, 11961)",2,1,True,[11961]
"(9540, 10118)",2,1,True,"[9540, 10118]"
"(6168, 9214)",2,1,True,[9214]
"(1213, 4967, 5938)",3,1,True,"[1213, 4967, 5938]"
"(3839, 9912)",2,1,True,[9912]
"(4988, 10375)",2,1,True,"[4988, 10375]"
"(5714, 8182, 13138)",3,1,True,[5714]
"(12525, 13032)",2,1,True,"[12525, 13032]"
"(2315, 12838)",2,1,False,[]
"(10448, 10795)",2,1,True,[10795]
"(6778, 12658)",2,1,True,[6778]
"(9613, 9952)",2,1,True,[9613]
"(2255, 8002)",2,1,True,"[2255, 8002]"
"(5324, 10533)",2,1,True,[10533]
"(10892, 11141)",2,1,True,"[10892, 11141]"
"(5512, 8017)",2,1,True,[5512]
"(5998, 9789)",2,1,True,[5998]
"(3790, 5038)",2,1,True,[3790]
"(11485, 11934)",2,1,True,"[11485, 11934]"
"(2359, 10526)",2,1,True,[10526]
"(6678, 10370)",2,1,True,"[6678, 10370]"
"(4968, 7894)",2,1,True,[4968]
"(1745, 5233)",2,1,True,[1745]
"(3260, 4938)",2,1,True,"[3260, 4938]"
"(8961, 13550)",2,1,True,[8961]
"(2189, 6995)",2,1,True,[6995]
"(125, 7415)",2,1,True,[7415]
"(1257, 2799)",2,1,False,[]
"(1435, 3435, 4922)",3,1,True,"[3435, 4922]"
"(802, 5584)",2,1,True,[802]
"(3274, 9614)",2,1,True,[9614]
"(7050, 11308)",2,1,True,[11308]
"(11737, 13550)",2,1,False,[]
"(4525, 5610)",2,1,True,[5610]
"(3560, 8422)",2,1,True,"[3560, 8422]"
"(7038, 11064)",2,1,False,[]
"(247, 2101, 2289, 3129)",4,1,True,[2289]
"(6255, 12585)",2,1,True,[6255]
"(13491, 14139)",2,1,True,[14139]
"(7363, 9353)",2,1,True,"[7363, 9353]"
"(4923, 6897)",2,1,True,"[4923, 6897]"
"(630, 2144)",2,1,False,[]
"(9277, 10036)",2,1,True,[9277]
"(5044, 6936)",2,1,True,"[5044, 6936]"
"(6657, 6798)",2,1,True,[6798]
"(955, 10162)",2,1,True,[10162]
"(7795, 9492)",2,1,True,"[7795, 9492]"
"(12548, 13605)",2,1,False,[]
"(7236, 10446)",2,1,True,"[7236, 10446]"
"(1715, 13947)",2,1,True,[13947]
"(7237, 7477, 12168)",3,1,True,"[7237, 12168]"
"(4432, 6446)",2,1,True,[6446]
"(416, 709)",2,1,True,[709]
"(65, 65)",2,1,False,[]
"(11996, 13204)",2,1,True,[11996]
"(7568, 9061)",2,1,True,[9061]
"(5808, 12914)",2,1,True,[5808]
"(2695, 4857)",2,1,True,[2695]
"(11680, 14113)",2,1,True,[14113]
"(8072, 11856)",2,1,True,"[8072, 11856]"
"(4333, 11452)",2,1,True,"[4333, 11452]"
"(6634, 13660)",2,1,True,"[6634, 13660]"
"(2939, 6745)",2,1,True,[2939]
"(8704, 8970)",2,1,False,[]
"(2789, 13304)",2,1,True,[2789]
"(5533, 10119)",2,1,True,[5533]
"(708, 8450)",2,1,True,[8450]
"(5741, 7970)",2,1,True,[7970]
"(9476, 12391, 13797)",3,1,True,[13797]
"(8976, 10706)",2,1,True,[8976]
"(2495, 2546)",2,1,True,[2495]
"(2130, 11455)",2,1,True,"[2130, 11455]"
"(4743, 5488)",2,1,True,[5488]
"(487, 507)",2,1,False,[]
"(3562, 5850, 9617, 9953)",4,1,True,"[5850, 9617]"
"(98, 3451)",2,1,True,[98]
"(3226, 4722)",2,1,True,[4722]
"(11990, 13887)",2,1,True,[11990]
"(2038, 2076)",2,1,True,"[2038, 2076]"
"(12586, 13972)",2,1,True,[13972]
"(5101, 7639)",2,1,True,[5101]
"(12845, 13591)",2,1,True,"[12845, 13591]"
"(4741, 7760)",2,1,True,"[4741, 7760]"
"(6568, 9117)",2,1,True,[9117]
"(917, 1646)",2,1,False,[]
"(4527, 10346)",2,1,True,"[4527, 10346]"
"(3977, 10864)",2,1,False,[]
"(11163, 13455)",2,1,True,[13455]
"(3769, 10120)",2,1,True,[10120]
"(7354, 9421)",2,1,True,[9421]
"(4577, 8962)",2,1,True,"[4577, 8962]"
"(7335, 12069)",2,1,True,"[7335, 12069]"
"(204, 1565, 8451)",3,1,False,[]
"(1948, 14151)",2,1,True,[1948]
"(12170, 14029)",2,1,False,[]
"(6800, 13140)",2,1,True,[13140]
"(11950, 12381)",2,1,True,[12381]
"(7929, 13252)",2,1,False,[]
"(2241, 6419)",2,1,True,"[2241, 6419]"
"(5033, 8770)",2,1,True,[8770]
"(135, 778)",2,1,False,[]
"(4033, 7334)",2,1,True,[4033]
"(3, 6102)",2,1,True,[6102]
"(227, 1415, 8073, 10772)",4,1,True,[8073]
"(4723, 10133)",2,1,True,[10133]
"(6658, 9875)",2,1,True,[6658]
"(1876, 7388)",2,1,True,[1876]
"(390, 3369)",2,1,True,[390]
"(5571, 9541)",2,1,False,[]
"(141, 3973, 7569)",3,1,True,"[3973, 7569]"
"(1111, 7274)",2,1,True,[7274]
"(2911, 10067, 10561, 11708)",4,1,False,[]
"(2030, 5339, 8173)",3,1,True,"[2030, 5339, 8173]"
"(11609, 13850)",2,1,False,[]
"(7829, 10797)",2,1,True,"[7829, 10797]"
"(28, 2608)",2,1,True,[2608]
"(442, 772)",2,1,True,[442]
"(1935, 5586)",2,1,True,[5586]
"(1403, 3194, 6604)",3,1,True,[6604]
"(2267, 4187)",2,1,False,[]
"(4405, 8527)",2,1,True,[8527]
"(5234, 9493, 11253)",3,1,True,"[5234, 9493, 11253]"
"(121, 11487)",2,1,False,[]
"(2525, 3389)",2,1,False,[]
"(417, 1186)",2,1,False,[]
"(6032, 11058)",2,1,True,[11058]
"(1208, 2807)",2,1,True,[1208]
"(2926, 12697)",2,1,True,[12697]
"(2307, 10963)",2,1,True,[10963]
"(7375, 10012)",2,1,True,[10012]
"(729, 5978)",2,1,False,[]
"(5970, 11104)",2,1,True,[5970]
"(7858, 12472)",2,1,True,[12472]
"(9874, 13341)",2,1,True,[9874]
"(238, 6946, 9728)",3,1,False,[]
"(1310, 12388)",2,1,True,[1310]
"(5253, 6217)",2,1,True,[5253]
"(741, 1081, 10118)",3,1,True,[10118]
"(1048, 2992)",2,1,True,[2992]
"(165, 3522, 9420, 11287)",4,1,True,[165]
"(5186, 9583, 13455)",3,1,True,[13455]
"(3944, 4625)",2,1,True,[4625]
"(5513, 5631)",2,1,True,[5631]
"(3837, 4136)",2,1,True,[3837]
"(21, 4759)",2,1,False,[]
"(2915, 8870)",2,1,False,[]
"(2682, 2746, 5095, 5362)",4,1,False,[]
"(7032, 10964)",2,1,True,[10964]
"(5092, 10039)",2,1,True,"[5092, 10039]"
"(6418, 7567)",2,1,True,[6418]
"(25, 6896)",2,1,True,[6896]
"(766, 904, 1304)",3,1,False,[]
"(5779, 12774)",2,1,True,[12774]
"(145, 10376)",2,1,True,[145]
"(6727, 9213)",2,1,False,[]
"(1778, 3280)",2,1,False,[]
"(1242, 4312, 7898)",3,1,True,[7898]
"(8207, 10602)",2,1,True,[10602]
"(6655, 9527)",2,1,True,[9527]
"(1313, 7273)",2,1,True,[7273]
"(10927, 12977)",2,1,True,"[10927, 12977]"
"(13265, 13265)",2,1,True,[13265]
"(1149, 4010)",2,1,True,[4010]
"(156, 1644, 1768)",3,1,True,[1768]
"(2728, 12169)",2,1,False,[]
"(9038, 9278)",2,1,True,[9038]
"(11163, 12836, 13275, 13694)",4,1,False,[]
"(5559, 7239)",2,1,True,"[5559, 7239]"
"(871, 1653, 2525)",3,1,True,[1653]
"(5037, 6272)",2,1,True,"[5037, 6272]"
"(9583, 10705)",2,1,True,[10705]
"(799, 7790)",2,1,True,[7790]
"(382, 526)",2,1,True,"[382, 526]"
"(103, 5029)",2,1,False,[]
"(3213, 5571)",2,1,False,[]
"(5785, 14271)",2,1,True,[14271]
"(157, 4199, 9694, 10204)",4,1,True,[10204]
"(4526, 10020)",2,1,False,[]
"(5388, 12134)",2,1,True,[12134]
"(815, 3382)",2,1,True,[3382]
"(2626, 6935)",2,1,True,[6935]
"(932, 8628)",2,1,True,[8628]
"(853, 9651)",2,1,False,[]
"(4161, 12745)",2,1,True,[12745]
"(10269, 11855)",2,1,True,[11855]
"(3030, 10113)",2,1,True,[3030]
"(7967, 12657)",2,1,True,[7967]
"(14, 1412)",2,1,False,[]
"(1732, 4308)",2,1,False,[]
"(9379, 10104)",2,1,True,[10104]
"(1309, 1784)",2,1,True,[1309]
"(1490, 8039)",2,1,True,[8039]
"(3225, 7861)",2,1,False,[]
"(8385, 8957)",2,1,True,"[8385, 8957]"
"(133, 133)",2,1,False,[]
"(1922, 3465)",2,1,False,[]
"(6258, 6776)",2,1,False,[]
"(10259, 10767)",2,1,True,[10259]
"(2552, 8921)",2,1,True,"[2552, 8921]"
"(1178, 4706)",2,1,True,"[1178, 4706]"
"(8399, 8849)",2,1,True,[8849]
"(8767, 11850)",2,1,True,[8767]
"(7895, 12553)",2,1,True,"[7895, 12553]"
"(2016, 5975)",2,1,True,[2016]
"(13517, 13561)",2,1,True,[13517]
"(3857, 9538)",2,1,True,"[3857, 9538]"
"(42, 2944)",2,1,False,[]
"(5067, 5844)",2,1,True,[5844]
"(3284, 4631)",2,1,False,[]
"(8534, 9691)",2,1,True,[9691]
"(6042, 11060)",2,1,True,[6042]
"(4160, 5676)",2,1,True,[5676]
"(1464, 4826)",2,1,True,[4826]
"(1881, 10836)",2,1,True,[1881]
"(7, 360, 822, 6774)",4,1,True,[6774]
"(2461, 11737)",2,1,True,[2461]
"(10481, 13030)",2,1,True,[10481]
"(983, 3470)",2,1,True,[3470]
"(6032, 7741)",2,1,False,[]
"(4790, 8350)",2,1,True,"[4790, 8350]"
"(8386, 10075)",2,1,True,[8386]
"(7030, 9950)",2,1,True,"[7030, 9950]"
"(2183, 4893)",2,1,True,[2183]
"(2019, 4106)",2,1,True,[2019]
"(10601, 11285)",2,1,True,[10601]
"(3920, 9243)",2,1,False,[]
"(1377, 9692, 10636)",3,1,True,[10636]
"(5374, 11963)",2,1,True,[5374]
"(1500, 7821)",2,1,True,[7821]
"(1881, 10114)",2,1,True,[1881]
"(411, 4217)",2,1,False,[]
"(10344, 11484)",2,1,True,[11484]
"(7957, 8175)",2,1,True,"[7957, 8175]"
"(9802, 12068)",2,1,False,[]
"(5843, 6467)",2,1,True,[6467]
"(6053, 13167)",2,1,True,[13167]
"(8557, 13518)",2,1,True,[13518]
"(1506, 6002)",2,1,False,[]
"(4718, 14019)",2,1,True,[14019]
"(3756, 6998)",2,1,True,[6998]
"(3945, 4453)",2,1,True,"[3945, 4453]"
"(5846, 11217)",2,1,True,[5846]
"(7896, 13066)",2,1,True,"[7896, 13066]"
"(588, 3204)",2,1,False,[]
"(6709, 7271)",2,1,True,[6709]
"(1186, 6543)",2,1,True,[6543]
"(1149, 8660)",2,1,False,[]
"(1812, 3132, 4867)",3,1,True,"[1812, 4867]"
"(4057, 8731)",2,1,True,[4057]
"(125, 1219, 3972)",3,1,False,[]
"(181, 3890, 6844)",3,1,True,[6844]
"(485, 525)",2,1,False,[]
"(2391, 10116)",2,1,True,[2391]
"(1990, 4467)",2,1,False,[]
"(10562, 12413)",2,1,True,[12413]
"(8438, 10962, 13374)",3,1,True,[13374]
"(4431, 10076)",2,1,True,[4431]
"(1705, 1713)",2,1,True,"[1705, 1713]"
"(2075, 10600)",2,1,False,[]
"(536, 3300)",2,1,False,[]
"(13108, 13301)",2,1,True,"[13108, 13301]"
"(1625, 4158)",2,1,False,[]
"(2288, 2348)",2,1,False,[]
"(3901, 7332)",2,1,True,[7332]
"(10, 2761, 4023)",3,1,False,[]
"(7443, 11540)",2,1,True,[7443]
"(5893, 7502)",2,1,True,[5893]
"(33, 1691, 2276, 3791, 6796)",5,1,True,[3791]
"(829, 2269)",2,1,True,[2269]
"(310, 8594)",2,1,True,[8594]
"(2632, 5152)",2,1,False,[]
"(10203, 11364)",2,1,True,[10203]
"(4905, 5361)",2,1,True,"[4905, 5361]"
"(11878, 14020)",2,1,True,"[11878, 14020]"
"(13373, 14193)",2,1,True,"[13373, 14193]"
"(1267, 9352)",2,1,True,[1267]
"(10479, 10925)",2,1,False,[]
"(1069, 11103)",2,1,True,[11103]
"(150, 7031)",2,1,False,[]
"(627, 5070, 11550)",3,1,True,"[627, 5070]"
"(5874, 12620)",2,1,True,[5874]
"(5530, 9987)",2,1,True,[9987]
"(2938, 11486)",2,1,True,[2938]
"(983, 3398)",2,1,True,[3398]
"(71, 12101)",2,1,False,[]
"(6324, 7928)",2,1,True,[7928]
"(1149, 3130)",2,1,False,[]
"(50, 1870)",2,1,False,[]
"(10563, 14150)",2,1,True,[14150]
"(5571, 9457)",2,1,True,[9457]
"(2100, 2943)",2,1,True,[2100]
"(1977, 4454)",2,1,True,[4454]
"(8314, 11712)",2,1,True,[8314]
"(12529, 13741)",2,1,False,[]
"(5991, 7771)",2,1,False,[]
"(7418, 10771)",2,1,True,[10771]
"(5487, 10926)",2,1,True,"[5487, 10926]"
"(6573, 13340)",2,1,True,"[6573, 13340]"
"(2377, 3192)",2,1,True,[3192]
"(430, 12527)",2,1,True,[12527]
"(10270, 13770)",2,1,True,"[10270, 13770]"
"(6170, 10685)",2,1,False,[]
"(2917, 5158)",2,1,True,[2917]
"(983, 5208)",2,1,False,[]
"(5848, 12886)",2,1,True,[5848]
"(2681, 5849)",2,1,True,[2681]
"(4851, 13855)",2,1,True,[4851]
"(501, 1123)",2,1,False,[]
"(361, 633, 3322, 4929, 9276)",5,1,True,[3322]
"(4310, 5184, 8206)",3,1,True,[8206]
"(2680, 8313)",2,1,True,[2680]
"(2109, 5043)",2,1,True,[5043]
"(629, 4827)",2,1,True,[4827]
"(5232, 8526)",2,1,True,"[5232, 8526]"
"(2346, 4866)",2,1,True,[2346]
"(302, 4924)",2,1,True,"[302, 4924]"
"(4801, 6019)",2,1,False,[]
"(460, 3724)",2,1,True,[3724]
"(2119, 9275)",2,1,True,"[2119, 9275]"
"(6247, 6248)",2,1,True,[6247]
"(317, 8085)",2,1,True,[317]
"(4230, 8810)",2,1,True,[4230]
"(7234, 10673)",2,1,True,[7234]
"(12732, 13938)",2,1,True,[12732]
"(230, 1048, 2257, 3578, 3579, 8959)",6,1,True,[2257]
"(5847, 10160)",2,1,True,[5847]
"(1202, 5713)",2,1,True,[5713]
"(450, 505, 821, 2138, 3700, 4377, 4403)",7,1,True,[4403]
"(817, 6744)",2,1,False,[]
"(6445, 11679)",2,1,True,[6445]
"(1002, 2828)",2,1,True,[2828]
"(5129, 6832, 10560)",3,1,True,"[5129, 10560]"
"(7923, 10030)",2,1,True,"[7923, 10030]"
"(1095, 1108)",2,1,True,[1108]
"(9539, 13264)",2,1,True,[13264]
"(2413, 5970)",2,1,True,[5970]
"(5128, 8958)",2,1,True,[8958]
"(622, 6831)",2,1,True,[6831]
"(7927, 8922)",2,1,True,"[7927, 8922]"
"(176, 6777, 10038)",3,1,True,[10038]
"(3900, 9307)",2,1,True,[9307]
"(9866, 12549)",2,1,True,"[9866, 12549]"
"(3446, 13885)",2,1,True,[3446]
"(148, 722)",2,1,True,[722]
"(13076, 14238)",2,1,True,[14238]
"(1204, 6684)",2,1,True,[1204]
"(9951, 13946)",2,1,True,[9951]
"(1481, 2093)",2,1,True,[2093]
"(4275, 9483)",2,1,True,"[4275, 9483]"
"(123, 9009)",2,1,False,[]
"(8162, 8883)",2,1,True,[8883]
"(6603, 12976)",2,1,True,"[6603, 12976]"
"(9693, 11549)",2,1,True,"[9693, 11549]"
"(356, 673)",2,1,True,[673]
"(2020, 4928)",2,1,False,[]
"(2705, 9650)",2,1,True,[9650]
"(1943, 6737)",2,1,True,[1943]
"(7956, 11092)",2,1,True,[11092]
"(3397, 6706)",2,1,True,"[3397, 6706]"
"(4404, 6797)",2,1,True,"[4404, 6797]"
"(5400, 8960)",2,1,True,"[5400, 8960]"
"(6795, 7017)",2,1,True,[7017]
"(1079, 11739)",2,1,True,[11739]
"(5039, 12259)",2,1,True,"[5039, 12259]"
"(7235, 7650)",2,1,True,[7235]
"(4678, 6656)",2,1,True,[4678]
"(8140, 10961)",2,1,True,"[8140, 10961]"
"(8817, 10161)",2,1,True,[8817]
"(5, 10415)",2,1,True,"[5, 10415]"
"(2575, 8421)",2,1,True,"[2575, 8421]"
"(1403, 13702)",2,1,True,[13702]
"(2744, 11101)",2,1,False,[]
"(2646, 6122)",2,1,True,[6122]
"(3857, 6683)",2,1,True,[3857]
"(8655, 8688)",2,1,False,[]
"(871, 953, 2525)",3,1,True,[953]
"(5868, 10674)",2,1,True,[5868]
"(2524, 10742)",2,1,False,[]
"(5511, 6571, 14283)",3,1,True,"[6571, 14283]"
"(2348, 7133)",2,1,True,[7133]
"(6393, 6912, 6912)",3,1,False,[]
"(7968, 11027)",2,1,True,[11027]
"(2412, 3438)",2,1,True,"[2412, 3438]"
"(6655, 9311)",2,1,False,[]
"(4663, 7897)",2,1,True,[4663]
"(2820, 3049)",2,1,False,[]
"(5657, 8702)",2,1,True,"[5657, 8702]"
"(4309, 8449)",2,1,True,"[4309, 8449]"
"(6830, 13067)",2,1,True,[13067]
"(2188, 6599)",2,1,True,[2188]
"(7198, 12737)",2,1,True,"[7198, 12737]"
"(8553, 10158)",2,1,True,[10158]
"(73, 9873)",2,1,True,[9873]
"(703, 13551)",2,1,True,[13551]
"(2311, 12098)",2,1,True,[2311]
"(627, 11343)",2,1,True,[627]
"(5340, 8816)",2,1,True,[8816]
"(2138, 3423)",2,1,False,[]
"(285, 311, 8070)",3,1,True,"[311, 8070]"
"(3306, 8981, 10285)",3,1,True,"[3306, 8981]"
"(10558, 12762)",2,1,True,[10558]
"(4135, 12285)",2,1,True,[12285]
"(2853, 6821)",2,1,True,[2853]
"(1541, 1546)",2,1,True,"[1541, 1546]"
"(1289, 3559, 9805)",3,1,True,"[3559, 9805]"
"(617, 1446, 2916)",3,1,True,[1446]
"(8525, 10159)",2,1,True,[10159]
"(8205, 12287)",2,1,True,"[8205, 12287]"
"(843, 1435)",2,1,True,[843]
"(12437, 13943)",2,1,False,[]
"(7908, 7908)",2,1,False,[]
"(7794, 9456)",2,1,True,[9456]
"(638, 2827, 8061, 9657)",4,1,True,[9657]
"(2971, 3521)",2,1,False,[]
"(8351, 10995)",2,1,True,[10995]
"(535, 7226)",2,1,False,[]
"(4716, 12526)",2,1,True,[4716]
"(5893, 7533)",2,1,True,[5893]
"(72, 12619)",2,1,True,[12619]
"(6046, 11178)",2,1,True,[11178]
"(12548, 13550)",2,1,False,[]
"(11252, 11989)",2,1,True,[11989]
"(539, 1744, 2424, 5554, 8270)",5,1,True,[8270]
"(1163, 5018)",2,1,True,[1163]
"(2728, 13945, 13969)",3,1,False,[]
"(562, 4233)",2,1,True,[4233]
"(17, 215, 321, 1082, 8004)",5,1,False,[]
"(1857, 12943)",2,1,True,[12943]
"(5294, 8841)",2,1,True,[8841]
"(3631, 7129)",2,1,True,[7129]
"(4717, 12131)",2,1,True,[12131]
"(1313, 5203)",2,1,False,[]
"(2524, 9528)",2,1,False,[]
"(11286, 12554)",2,1,True,[11286]
"(71, 7018)",2,1,False,[]
"(4495, 4495)",2,1,False,[]
"(2743, 7861)",2,1,False,[]
"(1953, 2704)",2,1,True,[2704]
"(505, 633, 3423, 6094)",4,1,False,[]
"(1903, 13133)",2,1,True,"[1903, 13133]"
"(6065, 8591)",2,1,True,[6065]
"(705, 9122)",2,1,True,[9122]
"(7693, 14047)",2,1,False,[]
"(9649, 11478)",2,1,True,[11478]
"(2638, 14025)",2,1,True,[2638]
"(1161, 8106)",2,1,True,[1161]
"(13428, 13561)",2,1,False,[]
"(662, 2377, 2416, 3317)",4,1,True,[2416]
"(4086, 13110)",2,1,True,"[4086, 13110]"
"(6225, 8705)",2,1,True,"[6225, 8705]"
"(11681, 13456)",2,1,True,"[11681, 13456]"
"(3960, 13205)",2,1,True,[13205]
"(1867, 1882)",2,1,True,[1882]
"(73, 11960)",2,1,True,[11960]
"(6466, 7325)",2,1,True,"[6466, 7325]"
"(631, 9827)",2,1,False,[]
"(268, 2564, 2585)",3,1,True,[2564]
"(2804, 3129)",2,1,True,[2804]
"(9585, 11424)",2,1,True,"[9585, 11424]"
"(12289, 12660)",2,1,True,[12289]
"(383, 8819, 13560)",3,1,True,"[383, 8819]"
"(1998, 3014)",2,1,True,[1998]
"(122, 898)",2,1,False,[]
"(654, 3797)",2,1,True,"[654, 3797]"
"(4110, 4598)",2,1,True,"[4110, 4598]"
"(1826, 4792)",2,1,True,[4792]
"(645, 2940)",2,1,False,[]
"(11311, 13268)",2,1,True,[11311]
"(9587, 11584)",2,1,True,"[9587, 11584]"
"(3726, 12290)",2,1,True,"[3726, 12290]"
"(1216, 10195)",2,1,True,[1216]
"(3609, 3901)",2,1,True,[3609]
"(12932, 13036)",2,1,True,[13036]
"(6, 6895, 8878)",3,1,True,[8878]
"(10182, 12535)",2,1,False,[]
"(9956, 13232)",2,1,True,[9956]
"(2567, 3243)",2,1,True,"[2567, 3243]"
"(906, 3901, 6123)",3,1,True,[906]
"(4855, 8014)",2,1,True,[8014]
"(1683, 4724)",2,1,True,[1683]
"(5563, 7060)",2,1,True,[5563]
"(2211, 4006)",2,1,True,[4006]
"(2449, 2510)",2,1,True,[2510]
"(12475, 13111)",2,1,True,"[12475, 13111]"
"(1922, 7971)",2,1,False,[]
"(645, 4204)",2,1,False,[]
"(5562, 11393)",2,1,True,[5562]
"(827, 1982, 2258, 3526)",4,1,True,[3526]
"(750, 2114, 3242)",3,1,False,[]
"(1333, 8852)",2,1,True,[1333]
"(7862, 11910)",2,1,True,[7862]
"(964, 8132)",2,1,True,[8132]
"(6661, 7633)",2,1,True,[7633]
"(1981, 7173)",2,1,True,[1981]
"(10898, 11583)",2,1,False,[]
"(1594, 2949)",2,1,True,[1594]
"(483, 13955)",2,1,False,[]
"(912, 3005)",2,1,True,[3005]
"(2658, 9356)",2,1,True,[2658]
"(2889, 9355)",2,1,True,[9355]
"(11106, 13955)",2,1,False,[]
"(309, 1048, 3119)",3,1,True,[3119]
"(4700, 7799)",2,1,True,[7799]
"(1041, 2360, 2972, 14185)",4,1,True,[2360]
"(9619, 11937)",2,1,True,[11937]
"(34, 2184)",2,1,True,[2184]
"(11414, 12739)",2,1,True,[12739]
"(3762, 13267)",2,1,True,[13267]
"(4251, 8991)",2,1,True,[4251]
"(459, 3824)",2,1,True,[3824]
"(1186, 11364)",2,1,False,[]
"(252, 286, 10408)",3,1,False,[]
"(3645, 4303)",2,1,True,[3645]
"(1922, 11936)",2,1,False,[]
"(8279, 13861)",2,1,True,[8279]
"(4990, 11346)",2,1,True,"[4990, 11346]"
"(318, 1787, 2756)",3,1,True,[1787]
"(1592, 6224)",2,1,True,"[1592, 6224]"
"(270, 8042)",2,1,True,[8042]
"(2462, 6605, 10605)",3,1,False,[]
"(36, 12207)",2,1,False,[]
"(1991, 10122)",2,1,True,"[1991, 10122]"
"(8529, 11909)",2,1,True,[8529]
"(1114, 6535)",2,1,True,[1114]
"(4657, 12944)",2,1,True,"[4657, 12944]"
"(2189, 3678)",2,1,False,[]
"(1245, 8041)",2,1,True,[1245]
"(1478, 9107)",2,1,True,[9107]
"(890, 6874)",2,1,False,[]
"(5342, 9584, 12199)",3,1,True,[12199]
"(1574, 3010, 3129)",3,1,True,[1574]
"(1315, 8621)",2,1,True,[8621]
"(3612, 10666)",2,1,True,[3612]
"(11310, 13632)",2,1,False,[]
"(9387, 10244)",2,1,True,"[9387, 10244]"
"(8424, 13830)",2,1,True,[8424]
"(1029, 2450)",2,1,True,[1029]
"(9620, 12474)",2,1,True,"[9620, 12474]"
"(3471, 3796)",2,1,True,[3796]
"(6256, 6904)",2,1,True,[6904]
"(5389, 12171)",2,1,False,[]
"(12170, 14024)",2,1,False,[]
"(3947, 6175)",2,1,True,[3947]
"(8488, 11714)",2,1,True,[11714]
"(4012, 9002)",2,1,True,"[4012, 9002]"
"(2587, 12920)",2,1,True,[2587]
"(4895, 13799)",2,1,True,[4895]
"(1020, 2263, 3103)",3,1,False,[]
"(3241, 5098)",2,1,True,[3241]
"(3499, 12137)",2,1,True,[12137]
"(4557, 9544)",2,1,True,[4557]
"(773, 864)",2,1,True,[864]
"(507, 4455, 7571)",3,1,True,"[4455, 7571]"
"(2968, 8955)",2,1,True,[8955]
"(2526, 7448)",2,1,True,[7448]
"(2096, 11364)",2,1,False,[]
"(700, 2155, 2474)",3,1,True,[2474]
"(4119, 13230)",2,1,True,[13230]
"(1696, 5666, 6447)",3,1,False,[]
"(8454, 10894)",2,1,True,[10894]
"(296, 3081, 4118, 8013)",4,1,True,[3081]
"(237, 238, 7570, 7650)",4,1,False,[]
"(16, 11828)",2,1,False,[]
"(24, 10078)",2,1,True,[10078]
"(13113, 13772)",2,1,True,[13113]
"(788, 7478)",2,1,True,[788]
"(2717, 6801)",2,1,True,[6801]
"(1679, 6307)",2,1,True,[1679]
"(3930, 9836)",2,1,True,[9836]
"(2628, 9123)",2,1,True,[9123]
"(61, 760)",2,1,True,[760]
"(6835, 12102)",2,1,True,[6835]
"(265, 12236)",2,1,True,[12236]
"(2617, 10530)",2,1,True,[10530]
"(687, 5287)",2,1,True,[5287]
"(4286, 7971)",2,1,False,[]
"(3153, 5020)",2,1,True,[3153]
"(2402, 3948)",2,1,False,[]
"(5491, 6448, 6635)",3,1,True,"[6448, 6635]"
"(952, 1674)",2,1,True,"[952, 1674]"
"(1983, 3647, 4034, 6456)",4,1,True,[6456]
"(6278, 13520)",2,1,True,[6278]
"(4013, 5782, 8964)",3,1,True,[4013]
"(643, 1327, 5286)",3,1,True,[643]
"(4475, 6911)",2,1,True,[4475]
"(13233, 13428)",2,1,True,[13233]
"(3929, 8015)",2,1,True,[3929]
"(505, 7303)",2,1,True,[7303]
"(2734, 5958)",2,1,True,"[2734, 5958]"
"(4601, 12442)",2,1,True,[12442]
"(7090, 10446)",2,1,True,[10446]
"(42, 4727)",2,1,True,[4727]
"(2138, 2475, 9258)",3,1,True,[2475]
"(6473, 8183)",2,1,True,"[6473, 8183]"
"(12623, 13662)",2,1,True,[12623]
"(3698, 6072)",2,1,True,[6072]
"(134, 5160)",2,1,True,[5160]
"(10469, 11739)",2,1,True,[11739]
"(6032, 13342)",2,1,True,[13342]
"(2004, 12291)",2,1,True,[12291]
"(10798, 12322)",2,1,True,"[10798, 12322]"
"(2413, 6071)",2,1,True,[6071]
"(7128, 11538)",2,1,True,[7128]
"(11800, 12855)",2,1,True,[11800]
"(208, 493, 537)",3,1,True,"[208, 493, 537]"
"(956, 13703)",2,1,True,"[956, 13703]"
"(6070, 7276)",2,1,True,"[6070, 7276]"
"(3743, 8113)",2,1,False,[]
"(8663, 9345)",2,1,False,[]
"(6999, 13269, 14214)",3,1,True,[14214]
"(7241, 11773)",2,1,True,[7241]
"(123, 6636)",2,1,False,[]
"(939, 2499)",2,1,True,[2499]
"(3088, 3583)",2,1,True,[3088]
"(2520, 11490)",2,1,True,"[2520, 11490]"
"(5514, 12007)",2,1,True,[12007]
"(2809, 8112)",2,1,True,[2809]
"(10310, 10997)",2,1,True,[10997]
"(6188, 6199)",2,1,True,[6199]
"(6021, 13595)",2,1,False,[]
"(803, 4353)",2,1,False,[]
"(1116, 1618)",2,1,True,[1618]
"(13596, 14048)",2,1,True,[13596]
"(3348, 9495)",2,1,True,"[3348, 9495]"
"(13143, 13423)",2,1,True,"[13143, 13423]"
"(2484, 7337)",2,1,True,[7337]
"(12624, 13409)",2,1,False,[]
"(146, 12649)",2,1,False,[]
"(72, 11066)",2,1,False,[]
"(144, 1278, 9957)",3,1,True,"[1278, 9957]"
"(7600, 10606, 11388)",3,1,True,[10606]
"(4406, 5056)",2,1,False,[]
"(4506, 5852)",2,1,True,"[4506, 5852]"
"(2102, 8281)",2,1,True,[8281]
"(1567, 4479, 5338)",3,1,True,[5338]
"(3783, 6825, 9313)",3,1,False,[]
"(1699, 7723)",2,1,False,[]
"(6871, 9158)",2,1,True,[9158]
"(7, 245, 375, 822, 3396, 4300, 4939, 6472, 6781, 7600)",10,1,True,[6472]
"(5222, 9621)",2,1,False,[]
"(2784, 7053, 7473)",3,1,True,"[2784, 7053]"
"(506, 4505)",2,1,False,[]
"(577, 4253, 5564, 6277)",4,1,True,"[577, 5564, 6277]"
"(7240, 7879)",2,1,True,[7879]
"(2771, 3324, 5894)",3,1,True,"[2771, 5894]"
"(9914, 10347)",2,1,True,"[9914, 10347]"
"(6098, 13305, 13492)",3,1,True,"[6098, 13305]"
"(2918, 12359)",2,1,True,[2918]
"(84, 1999)",2,1,False,[]
"(2683, 10208, 11179, 12415)",4,1,True,[12415]
"(2098, 6064)",2,1,True,[6064]
"(874, 2350, 2994)",3,1,False,[]
"(5186, 5235)",2,1,True,[5235]
"(1491, 8631)",2,1,True,"[1491, 8631]"
"(4969, 8487)",2,1,True,[4969]
"(6394, 9996)",2,1,True,[6394]
"(4234, 10102)",2,1,True,[4234]
"(983, 4643)",2,1,False,[]
"(2684, 8043)",2,1,True,[2684]
"(9, 3224, 8437, 8632)",4,1,False,[]
"(109, 279, 2007, 2190)",4,1,True,"[109, 2190]"
"(3721, 12887)",2,1,True,[12887]
"(11030, 11738)",2,1,True,[11738]
"(3549, 3729)",2,1,False,[]
"(11277, 13724)",2,1,True,"[11277, 13724]"
"(3582, 8737)",2,1,True,[8737]
"(4633, 13391)",2,1,True,[4633]
"(8549, 13457)",2,1,True,[13457]
"(5853, 11142)",2,1,True,"[5853, 11142]"
"(1598, 4738)",2,1,True,[4738]
"(5132, 9245)",2,1,True,"[5132, 9245]"
"(4869, 7389)",2,1,True,[7389]
"(2819, 12448)",2,1,True,[2819]
"(4141, 4725)",2,1,True,[4141]
"(8501, 9212)",2,1,True,[9212]
"(224, 248)",2,1,True,[224]
"(935, 1444)",2,1,True,"[935, 1444]"
"(486, 12556)",2,1,True,[12556]
"(2022, 3649)",2,1,False,[]
"(645, 3245, 3527)",3,1,False,[]
"(9, 3224, 8437, 9730)",4,1,False,[]
"(3860, 5658, 11029)",3,1,True,[5658]
"(2000, 4793)",2,1,True,[2000]
"(2266, 5581)",2,1,True,"[2266, 5581]"
"(3244, 6834)",2,1,True,[6834]
"(5159, 6366)",2,1,True,[5159]
"(11660, 13391)",2,1,False,[]
"(5018, 6711)",2,1,False,[]
"(749, 11124)",2,1,False,[]
"(4606, 10996)",2,1,True,"[4606, 10996]"
"(4166, 12232)",2,1,False,[]
"(6743, 8852)",2,1,False,[]
"(684, 2054)",2,1,True,[2054]
"(3772, 4296, 4355, 9116)",4,1,True,[4296]
"(3675, 7420)",2,1,True,"[3675, 7420]"
"(2481, 9083)",2,1,True,"[2481, 9083]"
"(749, 5912)",2,1,True,[5912]
"(1398, 5074, 6874, 6974)",4,1,True,[1398]
"(10667, 11278)",2,1,True,"[10667, 11278]"
"(1129, 2330, 2687, 4578)",4,1,True,[2330]
"(3752, 14043)",2,1,True,[3752]
"(520, 1833, 6386, 13100)",4,1,True,"[1833, 13100]"
"(7821, 10197)",2,1,True,"[7821, 10197]"
"(3318, 9361)",2,1,True,[3318]
"(1316, 1376)",2,1,True,[1316]
"(629, 2368)",2,1,True,[2368]
"(879, 1631, 3994)",3,1,False,[]
"(6567, 8404)",2,1,True,"[6567, 8404]"
"(9799, 10410)",2,1,True,"[9799, 10410]"
"(7033, 11309)",2,1,True,[7033]
"(1225, 5401, 12504)",3,1,True,"[1225, 12504]"
"(2533, 10604)",2,1,True,[2533]
"(8269, 13141)",2,1,False,[]
"(593, 3067, 9258)",3,1,True,[3067]
"(8487, 11935)",2,1,True,[11935]
"(1038, 4304)",2,1,True,"[1038, 4304]"
"(2207, 4679)",2,1,True,[2207]
"(570, 2728)",2,1,False,[]
"(9906, 11383)",2,1,True,[9906]
"(11218, 13858)",2,1,False,[]
"(8141, 10378)",2,1,True,"[8141, 10378]"
"(8452, 8925)",2,1,True,"[8452, 8925]"
"(3991, 8142)",2,1,True,[8142]
"(2, 13592)",2,1,True,"[2, 13592]"
"(1838, 8709)",2,1,False,[]
"(3556, 5095, 5891)",3,1,True,[3556]
"(1056, 6306)",2,1,True,[1056]
"(6348, 8827)",2,1,False,[]
"(511, 4921)",2,1,False,[]
"(2533, 11304)",2,1,True,[2533]
"(309, 2863)",2,1,True,[2863]
"(11345, 11888)",2,1,True,[11888]
"(272, 424)",2,1,False,[]
"(9001, 13376)",2,1,True,[9001]
"(1495, 6365)",2,1,True,[6365]
"(8631, 10528)",2,1,True,[8631]
"(1481, 2642)",2,1,True,[2642]
"(525, 1434, 7672)",3,1,True,[1434]
"(2073, 3117)",2,1,True,[2073]
"(6655, 7859)",2,1,True,[7859]
"(799, 3561)",2,1,True,[3561]
"(840, 5382)",2,1,True,[840]
"(8034, 11983)",2,1,True,[11983]
"(6689, 7703, 9905)",3,1,True,[7703]
"(6012, 6012)",2,1,True,[6012]
"(3616, 6546)",2,1,True,"[3616, 6546]"
"(8353, 9385)",2,1,True,[8353]
"(6173, 11713)",2,1,True,[11713]
"(8184, 11422)",2,1,True,[11422]
"(6895, 8878)",2,1,True,[8878]
"(5644, 12779)",2,1,False,[]
"(7192, 13223)",2,1,True,[13223]
"(137, 6947)",2,1,False,[]
"(3488, 5380, 7771)",3,1,False,[]
"(3946, 8209)",2,1,True,[3946]
"(1535, 3150)",2,1,True,[1535]
"(2550, 12702)",2,1,True,[12702]
"(3697, 7931)",2,1,True,"[3697, 7931]"
"(453, 1317, 2267, 2935, 3879)",5,1,True,[2935]
"(7310, 9120)",2,1,True,[9120]
"(853, 2213)",2,1,False,[]
"(5459, 5553, 9876)",3,1,True,"[5459, 9876]"
"(7636, 9575)",2,1,True,[7636]
"(13855, 14114)",2,1,True,[14114]
"(6363, 7161, 7930)",3,1,False,[]
"(394, 2422, 3491)",3,1,True,[2422]
"(6092, 6630)",2,1,True,[6630]
"(3649, 12264)",2,1,True,[12264]
"(3794, 13229)",2,1,True,"[3794, 13229]"
"(221, 1010, 1281, 3000, 4505)",5,1,True,"[221, 1281]"
"(1439, 12260)",2,1,True,[1439]
"(4732, 6437)",2,1,False,[]
"(7600, 12468)",2,1,False,[]
"(6504, 12193)",2,1,True,"[6504, 12193]"
"(116, 3261)",2,1,False,[]
"(3383, 13266)",2,1,True,[13266]
"(6096, 9244)",2,1,True,"[6096, 9244]"
"(6511, 11887)",2,1,True,[11887]
"(276, 6000)",2,1,True,[6000]
"(1791, 11421)",2,1,True,[1791]
"(9838, 10603, 12135)",3,1,True,[12135]
"(3574, 3992)",2,1,False,[]
"(6222, 12236)",2,1,True,"[6222, 12236]"
"(12659, 13013)",2,1,True,"[12659, 13013]"
"(7640, 11391)",2,1,True,[11391]
"(1449, 14288)",2,1,True,[14288]
"(174, 4313, 8208)",3,1,True,"[4313, 8208]"
"(12471, 12842)",2,1,True,[12842]
"(3775, 10377)",2,1,True,"[3775, 10377]"
"(8388, 8517)",2,1,True,[8517]
"(1971, 4008, 8095)",3,1,True,[1971]
"(8486, 9800)",2,1,True,[9800]
"(2851, 6346)",2,1,True,[2851]
"(2096, 12919)",2,1,True,[12919]
"(918, 13798)",2,1,True,[918]
"(2267, 6483)",2,1,False,[]
"(8706, 10040)",2,1,True,[10040]
"(3899, 7040)",2,1,True,[3899]
"(3757, 9773)",2,1,True,[9773]
"(4550, 6937)",2,1,False,[]
"(10174, 13829)",2,1,True,[10174]
"(5430, 5918)",2,1,True,[5918]
"(6442, 6776, 7499)",3,1,True,[7499]
"(4894, 6827)",2,1,True,[6827]
"(2287, 8630)",2,1,False,[]
"(7607, 8387)",2,1,True,[7607]
"(668, 2004)",2,1,True,[668]
"(653, 4011)",2,1,False,[]
"(2109, 4282)",2,1,True,[4282]
"(173, 3378)",2,1,True,[173]
"(1531, 4116)",2,1,True,[1531]
"(983, 3104)",2,1,False,[]
"(12357, 14213)",2,1,True,"[12357, 14213]"
"(477, 2339)",2,1,False,[]
"(2075, 6833)",2,1,True,[6833]
"(3597, 8924)",2,1,False,[]
"(3167, 12621)",2,1,True,[3167]
"(3698, 6875)",2,1,False,[]
"(213, 5913)",2,1,True,[5913]
"(2762, 3263)",2,1,True,[2762]
"(241, 8528)",2,1,True,[241]
"(3150, 8278)",2,1,True,[8278]
"(1606, 14194)",2,1,True,[14194]
"(837, 9386)",2,1,True,[9386]
"(3439, 4336)",2,1,True,[4336]
"(1209, 1468)",2,1,False,[]
"(11954, 13442)",2,1,True,[11954]
"(2657, 10565)",2,1,True,[10565]
"(2650, 13330)",2,1,False,[]
"(12742, 12848)",2,1,True,"[12742, 12848]"
"(2348, 8356)",2,1,True,[8356]
"(1471, 2135)",2,1,True,[2135]
"(8143, 9543)",2,1,True,"[8143, 9543]"
"(678, 9618)",2,1,True,[9618]
"(7134, 7860)",2,1,True,[7860]
"(12792, 13158)",2,1,False,[]
"(8662, 11489)",2,1,True,[11489]
"(3442, 13422)",2,1,False,[]
"(121, 2648, 6097, 8355, 8423)",5,1,True,[6097]
"(5259, 7163)",2,1,True,[5259]
"(2208, 5317)",2,1,True,[5317]
"(3795, 9062)",2,1,True,[9062]
"(7016, 7442)",2,1,True,[7442]
"(1899, 4852, 5431)",3,1,False,[]
"(9412, 9904)",2,1,True,[9412]
"(815, 3434)",2,1,False,[]
"(890, 6874, 6942)",3,1,False,[]
"(1906, 2077)",2,1,True,"[1906, 2077]"
"(8802, 14184)",2,1,False,[]
"(3370, 11065)",2,1,True,[3370]
"(9573, 9946)",2,1,True,[9573]
"(805, 11772)",2,1,True,[11772]
"(97, 253, 1146, 2690, 6020, 7165)",6,1,True,"[97, 1146]"
"(55, 6338, 9619)",3,1,True,[55]
"(10529, 13559)",2,1,True,"[10529, 13559]"
"(1797, 5535)",2,1,False,[]
"(5120, 5203)",2,1,True,[5120]
"(7641, 14074)",2,1,True,[14074]
"(5260, 8453)",2,1,True,[8453]
"(404, 5489)",2,1,True,[5489]
"(2278, 10929)",2,1,True,[2278]
"(2839, 13361)",2,1,True,"[2839, 13361]"
"(8040, 13661)",2,1,True,[8040]
"(1451, 12062)",2,1,True,[1451]
"(16, 13109)",2,1,True,[13109]
"(8518, 9448)",2,1,True,"[8518, 9448]"
"(618, 3902)",2,1,False,[]
"(12645, 13511)",2,1,False,[]
"(9955, 12006)",2,1,True,"[9955, 12006]"
"(443, 12555)",2,1,True,"[443, 12555]"
"(11303, 14042)",2,1,True,[14042]
"(10036, 12321)",2,1,False,[]
"(402, 5307)",2,1,True,[5307]
"(3960, 10337)",2,1,True,[10337]
"(10742, 11889)",2,1,True,[11889]
"(7769, 13652)",2,1,True,"[7769, 13652]"
"(5717, 5828)",2,1,True,[5828]
"(2944, 8107)",2,1,False,[]
"(13344, 14317)",2,1,True,"[13344, 14317]"
"(213, 10036)",2,1,False,[]
"(3191, 8129)",2,1,True,"[3191, 8129]"
"(3525, 11551)",2,1,True,[11551]
"(728, 2141)",2,1,True,[2141]
"(4165, 8276)",2,1,True,[4165]
"(688, 4680, 7135, 10482)",4,1,True,"[688, 10482]"
"(212, 10773)",2,1,False,[]
"(6661, 7675)",2,1,True,[7675]
"(31, 6535, 8148)",3,1,False,[]
"(1416, 5716)",2,1,True,[1416]
"(13799, 13799)",2,1,False,[]
"(3488, 10417)",2,1,True,[10417]
"(5809, 6512)",2,1,True,[5809]
"(3150, 5780)",2,1,False,[]
"(4286, 14190)",2,1,False,[]
"(2212, 2443)",2,1,True,"[2212, 2443]"
"(2616, 5308)",2,1,True,[2616]
"(983, 3146)",2,1,False,[]
"(5534, 10121)",2,1,True,[5534]
"(4759, 14330)",2,1,True,[14330]
"(9954, 12136)",2,1,True,"[9954, 12136]"
"(5280, 6041, 8809, 9762)",4,1,True,"[5280, 8809]"
"(4744, 8074)",2,1,True,[8074]
"(8555, 9279)",2,1,True,[8555]
"(4286, 7298)",2,1,True,[7298]
"(6629, 6736)",2,1,True,[6736]
"(5460, 11488, 11799)",3,1,True,[11799]
"(1299, 5654)",2,1,True,[5654]
"(6535, 8322)",2,1,False,[]
"(490, 656)",2,1,False,[]
"(13169, 13593)",2,1,True,[13593]
"(1041, 2360)",2,1,True,[2360]
"(793, 1095, 5429, 9722)",4,1,False,[]
"(14034, 14247)",2,1,True,"[14034, 14247]"
"(13421, 13860)",2,1,True,[13860]
"(252, 286)",2,1,False,[]
"(21, 13943)",2,1,False,[]
"(7153, 8080)",2,1,True,[7153]
"(8277, 9280)",2,1,True,[8277]
"(12288, 12622)",2,1,True,[12288]
"(1325, 2134)",2,1,True,[1325]
"(6653, 10103)",2,1,True,[10103]
"(874, 2893)",2,1,True,[2893]
"(8391, 12358)",2,1,False,[]
"(2743, 5907)",2,1,True,[5907]
"(1471, 2290)",2,1,False,[]
"(6174, 13594)",2,1,True,[6174]
"(11999, 13558)",2,1,True,[13558]
"(3898, 12971)",2,1,True,[12971]
"(11423, 11704)",2,1,True,[11423]
"(2449, 4286)",2,1,False,[]
"(5047, 8827)",2,1,False,[]
"(5781, 7608)",2,1,True,[7608]
"(6534, 9574)",2,1,True,"[6534, 9574]"
"(2310, 4286)",2,1,True,[2310]
"(2208, 11105)",2,1,True,[11105]
"(3823, 14316)",2,1,True,[14316]
"(7765, 14073)",2,1,True,[14073]
"(8075, 9806)",2,1,True,[8075]
"(11771, 13692)",2,1,True,[11771]
"(3759, 3759)",2,1,False,[]
"(1358, 1579)",2,1,True,"[1358, 1579]"
"(5285, 7162)",2,1,True,"[5285, 7162]"
"(5094, 5094)",2,1,True,[5094]
"(4135, 12613)",2,1,True,[12613]
"(2728, 4259)",2,1,True,[4259]
"(4140, 6975)",2,1,True,[6975]
"(5561, 7768)",2,1,True,"[5561, 7768]"
"(3552, 12207)",2,1,False,[]
"(5615, 6734)",2,1,False,[]
"(4759, 4925)",2,1,True,[4925]
"(2348, 4549, 11282)",3,1,False,[]
"(678, 7131)",2,1,True,[7131]
"(12207, 12784)",2,1,False,[]
"(3224, 9054)",2,1,False,[]
"(6363, 8252)",2,1,False,[]
"(12284, 14136)",2,1,True,[12284]
"(8759, 14021)",2,1,False,[]
"(7160, 8519)",2,1,True,[7160]
"(1296, 1897)",2,1,False,[]
"(10849, 13580)",2,1,True,[13580]
"(1823, 6299)",2,1,True,[1823]
"(959, 10031)",2,1,True,[10031]
"(949, 5677)",2,1,True,[5677]
"(1593, 13853)",2,1,True,[1593]
"(6016, 11094)",2,1,True,[6016]
"(7091, 11852)",2,1,True,"[7091, 11852]"
"(135, 10632)",2,1,True,[10632]
"(4401, 8769)",2,1,True,[4401]
"(9365, 14070)",2,1,True,[14070]
"(962, 8417)",2,1,True,[8417]
"(7025, 12385)",2,1,True,[7025]
"(10593, 13434)",2,1,True,[10593]
"(8308, 8593)",2,1,True,"[8308, 8593]"
"(4713, 7530, 7531)",3,1,True,[7531]
"(2656, 12880)",2,1,True,[12880]
"(4554, 6348)",2,1,True,[4554]
"(5825, 8150, 10266)",3,1,False,[]
"(12617, 14237)",2,1,True,[12617]
"(1388, 8057, 9532)",3,1,True,[8057]
"(824, 5182, 6899)",3,1,True,[5182]
"(9753, 13881)",2,1,False,[]
"(13699, 14100)",2,1,True,"[13699, 14100]"
"(11135, 13824)",2,1,True,"[11135, 13824]"
"(6336, 10738)",2,1,False,[]
"(1850, 7231)",2,1,False,[]
"(3692, 5032, 5032)",3,1,True,[3692]
"(912, 1109, 3257)",3,1,False,[]
"(7057, 10598)",2,1,True,"[7057, 10598]"
"(71, 3988)",2,1,False,[]
"(815, 8570)",2,1,False,[]
"(11543, 12941)",2,1,True,[12941]
"(7825, 11880)",2,1,True,[11880]
"(723, 14137)",2,1,True,[723]
"(4555, 8272)",2,1,True,[8272]
"(5907, 11606)",2,1,True,[5907]
"(4182, 8037)",2,1,True,[8037]
"(5482, 6483)",2,1,False,[]
"(5992, 7474)",2,1,True,[5992]
"(801, 3093)",2,1,False,[]
"(24, 8396)",2,1,False,[]
"(8273, 8813)",2,1,True,[8273]
"(8695, 10992)",2,1,True,"[8695, 10992]"
"(59, 3793)",2,1,True,[3793]
"(3449, 12316)",2,1,True,"[3449, 12316]"
"(10827, 13726)",2,1,True,[10827]
"(2626, 2928)",2,1,False,[]
"(7719, 9576)",2,1,False,[]
"(1256, 2928)",2,1,True,[1256]
"(7961, 8348)",2,1,True,[8348]
"(1094, 3210)",2,1,False,[]
"(2584, 10411)",2,1,False,[]
"(1699, 8420)",2,1,True,[8420]
"(1678, 13995)",2,1,True,"[1678, 13995]"
"(1586, 6338, 9830)",3,1,True,[1586]
"(11173, 13256)",2,1,True,[13256]
"(11216, 12408)",2,1,False,[]
"(1952, 8241)",2,1,True,[8241]
"(487, 645, 4206)",3,1,True,[4206]
"(4020, 12195)",2,1,True,[12195]
"(548, 11769)",2,1,True,[11769]
"(1152, 13939)",2,1,True,[1152]
"(6068, 10157)",2,1,True,[10157]
"(3263, 14149)",2,1,False,[]
"(66, 7353)",2,1,False,[]
"(277, 13252)",2,1,False,[]
"(2075, 6508)",2,1,False,[]
"(366, 4577, 8307)",3,1,True,"[4577, 8307]"
"(468, 696)",2,1,True,[468]
"(805, 4601)",2,1,False,[]
"(124, 6722)",2,1,False,[]
"(3253, 9764)",2,1,True,"[3253, 9764]"
"(2928, 10830)",2,1,False,[]
"(5229, 7244)",2,1,True,[5229]
"(10033, 10107)",2,1,True,"[10033, 10107]"
"(2524, 11386)",2,1,True,[11386]
"(3150, 14192)",2,1,False,[]
"(12319, 12384)",2,1,True,"[12319, 12384]"
"(987, 8485)",2,1,True,"[987, 8485]"
"(8177, 14246)",2,1,True,"[8177, 14246]"
"(3066, 9653)",2,1,True,"[3066, 9653]"
"(6248, 6928)",2,1,True,[6928]
"(2329, 3659)",2,1,True,[2329]
"(2061, 5976)",2,1,False,[]
"(11630, 11985)",2,1,True,[11985]
"(327, 754, 2472)",3,1,True,[754]
"(6655, 9798, 12096)",3,1,True,[12096]
"(7650, 10864)",2,1,False,[]
"(616, 804)",2,1,True,[804]
"(8108, 13618)",2,1,True,[8108]
"(12836, 13863)",2,1,False,[]
"(11655, 12551)",2,1,True,[11655]
"(112, 1478)",2,1,True,[112]
"(8549, 13904)",2,1,True,[13904]
"(12762, 13698)",2,1,True,[13698]
"(1355, 5954)",2,1,True,"[1355, 5954]"
"(7444, 12501)",2,1,True,[12501]
"(10595, 13553, 13696)",3,1,True,[10595]
"(3557, 5269)",2,1,False,[]
"(5892, 7962)",2,1,True,[5892]
"(3219, 8520)",2,1,True,[8520]
"(1751, 10597)",2,1,True,[10597]
"(8773, 13361)",2,1,True,"[8773, 13361]"
"(9718, 13225)",2,1,False,[]
"(10234, 10633)",2,1,True,[10633]
"(3519, 5956, 6416)",3,1,True,[5956]
"(2553, 4231)",2,1,False,[]
"(1382, 2950)",2,1,False,[]
"(2530, 4113)",2,1,True,"[2530, 4113]"
"(1557, 6468)",2,1,True,[6468]
"(8407, 10556)",2,1,True,[10556]
"(1438, 10198)",2,1,True,[1438]
"(5026, 8656)",2,1,True,[8656]
"(1660, 4479)",2,1,False,[]
"(612, 4137)",2,1,True,"[612, 4137]"
"(622, 9642)",2,1,True,[9642]
"(361, 759, 3363, 9056)",4,1,True,[9056]
"(633, 3299)",2,1,True,[3299]
"(218, 4603)",2,1,True,[4603]
"(12030, 13882)",2,1,True,[12030]
"(908, 4610)",2,1,False,[]
"(164, 3501)",2,1,False,[]
"(309, 7194)",2,1,True,[7194]
"(10233, 13793)",2,1,True,[13793]
"(4305, 8918)",2,1,True,[4305]
"(5805, 7763)",2,1,False,[]
"(8035, 8481)",2,1,True,"[8035, 8481]"
"(1747, 6137)",2,1,False,[]
"(350, 400, 1381, 7704)",4,1,True,"[1381, 7704]"
"(3286, 10519)",2,1,True,[10519]
"(7570, 7650)",2,1,False,[]
"(11907, 12960)",2,1,True,"[11907, 12960]"
"(9455, 11736)",2,1,True,[11736]
"(10036, 11280)",2,1,True,[11280]
"(3920, 13035)",2,1,True,[13035]
"(9381, 14134)",2,1,True,[14134]
"(4163, 6015, 7853, 10452)",4,1,True,[7853]
"(336, 1635, 7852)",3,1,True,[7852]
"(192, 983, 4602)",3,1,True,[4602]
"(1519, 6539)",2,1,True,[1519]
"(5017, 8622)",2,1,True,[8622]
"(9689, 13969)",2,1,True,[9689]
"(8139, 10219)",2,1,True,[8139]
"(1922, 13586)",2,1,True,[13586]
"(2826, 5183)",2,1,True,[5183]
"(112, 12320)",2,1,True,[112]
"(13970, 14182)",2,1,False,[]
"(2349, 8437)",2,1,False,[]
"(2408, 5479, 11764)",3,1,True,[11764]
"(259, 12717)",2,1,False,[]
"(349, 6219)",2,1,False,[]
"(7269, 11770)",2,1,True,"[7269, 11770]"
"(6569, 11929)",2,1,True,[11929]
"(3329, 3329)",2,1,False,[]
"(192, 3239)",2,1,False,[]
"(5656, 7963)",2,1,True,[7963]
"(13260, 13333)",2,1,True,[13260]
"(5751, 9584)",2,1,False,[]
"(3131, 3298, 6929, 8732)",4,1,True,[6929]
"(2667, 8085)",2,1,False,[]
"(1430, 2799)",2,1,False,[]
"(13883, 14110)",2,1,True,[13883]
"(1961, 6509)",2,1,True,[1961]
"(199, 4697, 6443)",3,1,False,[]
"(12700, 12766)",2,1,True,"[12700, 12766]"
"(378, 1233, 7764)",3,1,True,[7764]
"(13259, 14259)",2,1,True,"[13259, 14259]"
"(3977, 10866)",2,1,False,[]
"(3920, 13299)",2,1,False,[]
"(9268, 10669)",2,1,True,[9268]
"(7027, 8038)",2,1,True,[8038]
"(12118, 13792)",2,1,False,[]
"(2267, 3869)",2,1,False,[]
"(11385, 12972, 14269)",3,1,True,[12972]
"(521, 1287, 5145)",3,1,False,[]
"(4205, 5869)",2,1,True,[5869]
"(521, 2004)",2,1,False,[]
"(1587, 4673)",2,1,True,[1587]
"(3224, 5578, 9383)",3,1,False,[]
"(10921, 13009)",2,1,True,[10921]
"(753, 3222)",2,1,True,"[753, 3222]"
"(9948, 12964)",2,1,True,[9948]
"(72, 1780)",2,1,False,[]
"(5557, 6300)",2,1,True,[6300]
"(629, 3576)",2,1,False,[]
"(4652, 6632)",2,1,True,"[4652, 6632]"
"(12764, 12765)",2,1,True,"[12764, 12765]"
"(4835, 13967)",2,1,True,[13967]
"(1049, 5907, 9180)",3,1,True,[5907]
"(4820, 9486)",2,1,True,[9486]
"(2468, 9579)",2,1,True,[2468]
"(8007, 8522)",2,1,False,[]
"(8017, 11276)",2,1,False,[]
"(12029, 12974)",2,1,True,[12029]
"(1898, 13296)",2,1,True,[1898]
"(309, 1137, 3093, 3165, 5845)",5,1,True,[3165]
"(6273, 10701)",2,1,True,[6273]
"(3990, 5750)",2,1,False,[]
"(697, 10108)",2,1,True,[10108]
"(5916, 9654)",2,1,True,[9654]
"(25, 457)",2,1,True,[457]
"(2928, 6067)",2,1,True,[6067]
"(9765, 9989)",2,1,True,[9989]
"(642, 6088)",2,1,True,[642]
"(6507, 11340)",2,1,False,[]
"(720, 3419)",2,1,True,[720]
"(2803, 8107)",2,1,False,[]
"(4375, 5069, 10920)",3,1,True,"[4375, 5069]"
"(3085, 10891)",2,1,True,"[3085, 10891]"
"(14229, 14328)",2,1,True,[14229]
"(133, 635, 1173, 3026, 4541)",5,1,False,[]
"(1288, 3856)",2,1,True,[3856]
"(4821, 12409)",2,1,True,"[4821, 12409]"
"(6134, 9682)",2,1,False,[]
"(183, 9270)",2,1,False,[]
"(13554, 14071)",2,1,True,[14071]
"(4865, 7026)",2,1,True,"[4865, 7026]"
"(13102, 13412)",2,1,True,"[13102, 13412]"
"(871, 2239, 2525, 5845)",4,1,True,[2239]
"(5155, 10865, 11096)",3,1,True,[11096]
"(3520, 6742)",2,1,True,[6742]
"(7020, 8346)",2,1,True,"[7020, 8346]"
"(1124, 5123)",2,1,True,[5123]
"(2284, 3467)",2,1,True,[3467]
"(13968, 14167)",2,1,True,[14167]
"(1030, 1195)",2,1,True,[1030]
"(1055, 2483)",2,1,True,"[1055, 2483]"
"(7469, 9269)",2,1,True,[7469]
"(12652, 14278)",2,1,True,[12652]
"(3992, 9086)",2,1,True,[9086]
"(5381, 12209, 13719)",3,1,True,[13719]
"(567, 2138, 3927, 5655)",4,1,False,[]
"(87, 11824)",2,1,True,"[87, 11824]"
"(13296, 13661)",2,1,False,[]
"(6741, 11853)",2,1,True,"[6741, 11853]"
"(523, 12584)",2,1,True,[12584]
"(1162, 12066)",2,1,True,[12066]
"(9688, 10047)",2,1,True,"[9688, 10047]"
"(13076, 14298)",2,1,False,[]
"(7330, 11765)",2,1,True,[7330]
"(11420, 13415)",2,1,True,"[11420, 13415]"
"(2358, 9418)",2,1,True,[9418]
"(2347, 11986)",2,1,True,[11986]
"(7157, 13198)",2,1,True,"[7157, 13198]"
"(3298, 6929)",2,1,True,[6929]
"(448, 2962)",2,1,True,[2962]
"(11061, 13728)",2,1,True,[13728]
"(57, 6211)",2,1,True,[6211]
"(11795, 13366)",2,1,False,[]
"(2382, 11305)",2,1,False,[]
"(70, 1018, 1422)",3,1,True,[70]
"(5186, 7675, 9583)",3,1,True,[7675]
"(6362, 9365, 9622, 13993)",4,1,True,[13993]
"(1471, 2383)",2,1,False,[]
"(12699, 13197)",2,1,True,[13197]
"(6972, 12807)",2,1,True,[6972]
"(172, 207, 8067, 10450)",4,1,True,[10450]
"(5015, 5096)",2,1,True,[5096]
"(4476, 5255)",2,1,True,"[4476, 5255]"
"(355, 9196)",2,1,True,[9196]
"(363, 1463, 2913, 8734)",4,1,True,[2913]
"(3925, 10890)",2,1,True,[10890]
"(983, 4058)",2,1,False,[]
"(454, 1625)",2,1,False,[]
"(1889, 11418)",2,1,True,"[1889, 11418]"
"(8271, 8379, 12317)",3,1,True,[8271]
"(5937, 8011)",2,1,True,[5937]
"(6095, 7021)",2,1,True,[6095]
"(3593, 5743)",2,1,True,[5743]
"(14135, 14295)",2,1,True,"[14135, 14295]"
"(4162, 7925)",2,1,True,"[4162, 7925]"
"(1, 16)",2,1,False,[]
"(2407, 2450)",2,1,False,[]
"(849, 5394, 5681, 8418)",4,1,False,[]
"(7396, 13197)",2,1,True,[13197]
"(248, 4788)",2,1,True,[4788]
"(93, 2769)",2,1,True,[93]
"(5915, 7409)",2,1,True,[5915]
"(528, 1224, 3026)",3,1,True,[528]
"(888, 11674)",2,1,True,[888]
"(2231, 7056)",2,1,True,[2231]
"(5907, 6120)",2,1,True,[5907]
"(2468, 8109)",2,1,True,[2468]
"(11247, 11453)",2,1,False,[]
"(938, 7564)",2,1,True,"[938, 7564]"
"(12843, 14166)",2,1,True,[12843]
"(2897, 3694, 9155)",3,1,True,[3694]
"(12680, 12842)",2,1,True,"[12680, 12842]"
"(313, 11514)",2,1,False,[]
"(782, 9947)",2,1,True,[9947]
"(10374, 13764)",2,1,True,[10374]
"(85, 902)",2,1,False,[]
"(8419, 9485)",2,1,True,"[8419, 9485]"
"(294, 3632)",2,1,False,[]
"(8623, 12164)",2,1,True,[12164]
"(4890, 7733)",2,1,True,[4890]
"(7159, 12878)",2,1,True,[7159]
"(9924, 12163)",2,1,True,[12163]
"(2819, 5315)",2,1,True,[2819]
"(1364, 1883)",2,1,False,[]
"(422, 3608)",2,1,True,[3608]
"(6152, 7804)",2,1,True,[6152]
"(1879, 8136)",2,1,True,[8136]
"(983, 2460, 7158, 10230)",4,1,True,[2460]
"(292, 9771, 9998)",3,1,False,[]
"(2096, 11766)",2,1,False,[]
"(9763, 12839)",2,1,True,"[9763, 12839]"
"(2, 11768)",2,1,True,[2]
"(6738, 7386)",2,1,True,[7386]
"(339, 1107, 3377, 3722)",4,1,False,[]
"(8380, 8482)",2,1,True,"[8380, 8482]"
"(173, 11927)",2,1,True,"[173, 11927]"
"(12841, 13879)",2,1,True,[13879]
"(8178, 10828)",2,1,True,[8178]
"(390, 3736)",2,1,True,[390]
"(3754, 9868)",2,1,True,"[3754, 9868]"
"(4787, 10918)",2,1,True,"[4787, 10918]"
"(6014, 8304)",2,1,True,"[6014, 8304]"
"(3223, 10155)",2,1,True,"[3223, 10155]"
"(3026, 13300)",2,1,True,[13300]
"(229, 536, 3300)",3,1,False,[]
"(230, 4720, 6414)",3,1,True,"[4720, 6414]"
"(133, 733, 1224, 3026)",4,1,False,[]
"(4399, 6150)",2,1,True,"[4399, 6150]"
"(1990, 4112)",2,1,False,[]
"(707, 6035)",2,1,False,[]
"(12940, 13627)",2,1,True,"[12940, 13627]"
"(6661, 7328, 7737)",3,1,True,[7328]
"(7736, 12065)",2,1,True,[7736]
"(2109, 4335)",2,1,True,[4335]
"(4502, 7195, 8135)",3,1,True,[4502]
"(6538, 8733)",2,1,True,[8733]
"(13727, 13855)",2,1,True,[13727]
"(1337, 6334)",2,1,True,[1337]
"(3150, 7229)",2,1,False,[]
"(691, 1525)",2,1,False,[]
"(2024, 9908)",2,1,True,"[2024, 9908]"
"(11735, 12840)",2,1,True,[11735]
"(13331, 13442)",2,1,False,[]
"(230, 1012, 4288)",3,1,True,[4288]
"(8483, 9261)",2,1,True,[8483]
"(6867, 13414)",2,1,True,[6867]
"(8382, 11419)",2,1,True,"[8382, 11419]"
"(23, 55, 644)",3,1,True,"[23, 55]"
"(3084, 9365)",2,1,True,[3084]
"(3025, 8005)",2,1,True,"[3025, 8005]"
"(5786, 6415)",2,1,True,[5786]
"(1524, 2204)",2,1,True,[2204]
"(1365, 6506)",2,1,True,"[1365, 6506]"
"(2348, 5780, 8378)",3,1,True,[8378]
"(645, 3989)",2,1,False,[]
"(48, 3305, 7959)",3,1,True,[7959]
"(1149, 3935)",2,1,False,[]
"(10068, 13587)",2,1,True,[13587]
"(1277, 8843)",2,1,True,[8843]
"(412, 7792)",2,1,True,[412]
"(35, 12207)",2,1,False,[]
"(8994, 9869, 9909)",3,1,True,[8994]
"(11239, 13856)",2,1,True,[13856]
"(422, 4097)",2,1,False,[]
"(983, 4819)",2,1,False,[]
"(3693, 5401)",2,1,False,[]
"(12839, 13413)",2,1,True,[12839]
"(4850, 12913)",2,1,True,[4850]
"(836, 916, 2106)",3,1,True,[2106]
"(3481, 6681)",2,1,True,"[3481, 6681]"
"(4600, 6866)",2,1,True,[6866]
"(2788, 6219)",2,1,False,[]
"(1921, 10081)",2,1,True,[1921]
"(3131, 8305)",2,1,False,[]
"(2553, 6655, 8768)",3,1,False,[]
"(12406, 14170)",2,1,True,[14170]
"(539, 2416)",2,1,True,[2416]
"(58, 9533)",2,1,True,[9533]
"(1343, 9577)",2,1,True,[9577]
"(3525, 13164)",2,1,True,[13164]
"(749, 6254)",2,1,False,[]
"(10829, 12262)",2,1,True,"[10829, 12262]"
"(2074, 5316)",2,1,True,[5316]
"(7023, 8347)",2,1,True,"[7023, 8347]"
"(1261, 1642, 3737)",3,1,False,[]
"(6870, 12318)",2,1,True,[12318]
"(9450, 9910)",2,1,True,[9450]
"(453, 950, 2138, 3926, 4699)",5,1,True,[950]
"(2197, 6170)",2,1,False,[]
"(7022, 11215, 11797)",3,1,True,"[7022, 11215]"
"(871, 2525, 6237)",3,1,False,[]
"(2022, 5481)",2,1,False,[]
"(3193, 6707)",2,1,True,[3193]
"(3575, 9085)",2,1,True,[3575]
"(7528, 10156)",2,1,True,[7528]
"(1061, 7266)",2,1,True,[1061]
"(9308, 9484)",2,1,True,[9308]
"(359, 3970)",2,1,True,[3970]
"(13368, 14296)",2,1,True,"[13368, 14296]"
"(546, 3660)",2,1,True,[3660]
"(141, 606)",2,1,True,[606]
"(7277, 8715)",2,1,False,[]
"(2607, 6869)",2,1,True,[2607]
"(11310, 11796)",2,1,False,[]
"(136, 4698)",2,1,True,[4698]
"(2253, 7739, 10834)",3,1,True,[7739]
"(9053, 12808)",2,1,True,[9053]
"(6444, 13628)",2,1,True,"[6444, 13628]"
"(1649, 5341)",2,1,True,[5341]
"(13760, 14270)",2,1,True,"[13760, 14270]"
"(5254, 13106)",2,1,True,[5254]
"(951, 2799)",2,1,False,[]
"(4163, 6015)",2,1,False,[]
"(7268, 11928)",2,1,True,[7268]
"(7823, 9870)",2,1,True,"[7823, 9870]"
"(2545, 10067, 11248)",3,1,True,[11248]
"(58, 5606, 7228)",3,1,True,[5606]
"(6828, 8138)",2,1,True,[8138]
"(10169, 12260)",2,1,True,[10169]
"(5205, 8137)",2,1,True,[8137]
"(2936, 7352)",2,1,True,[2936]
"(8993, 11956)",2,1,False,[]
"(2109, 4293)",2,1,False,[]
"(6249, 10069)",2,1,True,[10069]
"(1208, 9686)",2,1,True,[1208]
"(3819, 12165)",2,1,True,"[3819, 12165]"
"(548, 11769, 11879)",3,1,True,[11769]
"(7960, 8844)",2,1,True,[8844]
"(3633, 4359)",2,1,True,[3633]
"(3838, 4847)",2,1,True,"[3838, 4847]"
"(7601, 8068)",2,1,True,[7601]
"(1922, 3792)",2,1,True,[3792]
"(23, 55)",2,1,True,"[23, 55]"
"(3273, 5380)",2,1,False,[]
"(5955, 12063)",2,1,True,"[5955, 12063]"
"(3992, 10451)",2,1,False,[]
"(7267, 8613)",2,1,True,[8613]
"(13165, 13697)",2,1,True,"[13165, 13697]"
"(3131, 8201)",2,1,True,[8201]
"(125, 7941)",2,1,False,[]
"(5393, 5393)",2,1,False,[]
"(1254, 13489)",2,1,False,[]
"(3500, 10373)",2,1,True,"[3500, 10373]"
"(7230, 10260)",2,1,True,[7230]
"(2268, 5627)",2,1,True,[2268]
"(4442, 6739)",2,1,False,[]
"(12839, 13332)",2,1,True,[12839]
"(1304, 9084)",2,1,True,[9084]
"(9215, 13105)",2,1,True,[9215]
"(4020, 10307)",2,1,False,[]
"(5153, 5396)",2,1,True,[5153]
"(57, 2174, 5995)",3,1,False,[]
"(728, 10670)",2,1,False,[]
"(1327, 5121)",2,1,True,[5121]
"(4271, 5870)",2,1,True,[5870]
"(6868, 7738)",2,1,True,[7738]
"(1203, 2743)",2,1,False,[]
"(505, 2550, 4672, 6094)",4,1,True,[4672]
"(1149, 3725)",2,1,False,[]
"(2015, 6600)",2,1,True,[2015]
"(1183, 1445)",2,1,True,[1445]
"(4001, 5679)",2,1,True,[5679]
"(10137, 12960)",2,1,True,[12960]
"(4374, 11174)",2,1,True,[11174]
"(2020, 10306)",2,1,True,[10306]
"(6362, 13993)",2,1,True,[13993]
"(2420, 3103)",2,1,True,[2420]
"(236, 2253, 3420)",3,1,True,"[236, 3420]"
"(2951, 4926, 8036)",3,1,True,"[4926, 8036]"
"(5893, 10991)",2,1,True,"[5893, 10991]"
"(13656, 13794)",2,1,True,[13656]
"(3543, 10522)",2,1,True,[10522]
"(2706, 13103)",2,1,True,[2706]
"(7980, 8553)",2,1,False,[]
"(908, 1054)",2,1,True,[1054]
"(2433, 8842)",2,1,True,[8842]
"(12383, 13763)",2,1,True,"[12383, 13763]"
"(6888, 12616)",2,1,True,[12616]
"(2082, 4247, 10671)",3,1,False,[]
"(1437, 7156)",2,1,False,[]
"(625, 2048)",2,1,True,[2048]
"(42, 12207)",2,1,False,[]
"(13136, 13257)",2,1,True,[13136]
"(6053, 11513)",2,1,True,[11513]
"(5993, 9350)",2,1,True,[5993]
"(230, 1048, 4029)",3,1,False,[]
"(8932, 13367)",2,1,True,[13367]
"(2299, 12382)",2,1,True,[12382]
"(4310, 11175)",2,1,False,[]
"(7025, 13135)",2,1,True,"[7025, 13135]"
"(3518, 12973)",2,1,True,[3518]
"(10106, 10700)",2,1,False,[]
"(3757, 10521)",2,1,False,[]
"(1167, 5749, 8240)",3,1,True,[8240]
"(12194, 13762)",2,1,True,[13762]
"(344, 344)",2,1,False,[]
"(80, 4007)",2,1,True,"[80, 4007]"
"(2960, 12261)",2,1,True,[12261]
"(11512, 14230)",2,1,True,[14230]
"(8592, 11541)",2,1,True,[8592]
"(3164, 4789)",2,1,True,[4789]
"(2951, 4926)",2,1,True,[4926]
"(599, 12470)",2,1,True,[12470]
"(9994, 12230)",2,1,True,[9994]
"(9581, 11548)",2,1,True,"[9581, 11548]"
"(1345, 7828)",2,1,True,[1345]
"(3045, 3453)",2,1,True,[3045]
"(393, 11063)",2,1,True,"[393, 11063]"
"(3762, 11025)",2,1,False,[]
"(1012, 7856)",2,1,False,[]
"(11307, 13701)",2,1,True,"[11307, 13701]"
"(7331, 10343)",2,1,True,[10343]
"(6829, 13417)",2,1,True,[13417]
"(9768, 14212)",2,1,True,[9768]
"(6932, 11547)",2,1,True,[6932]
"(1059, 8274)",2,1,True,"[1059, 8274]"
"(11100, 11546)",2,1,True,[11100]
"(36, 11545)",2,1,True,[11545]
"(1303, 9831)",2,1,True,[9831]
"(3757, 9349)",2,1,False,[]
"(13453, 13767)",2,1,True,"[13453, 13767]"
"(1731, 2529)",2,1,True,[2529]
"(3320, 14228)",2,1,True,"[3320, 14228]"
"(3635, 11177)",2,1,True,[3635]
"(2737, 5545)",2,1,False,[]
"(7706, 12005)",2,1,True,[7706]
"(3257, 12733)",2,1,True,[12733]
"(8699, 13011)",2,1,True,[13011]
"(10993, 11099)",2,1,True,[10993]
"(721, 4630)",2,1,True,[4630]
"(769, 2320)",2,1,True,[769]
"(3662, 11932)",2,1,True,[3662]
"(1959, 7210)",2,1,False,[]
"(3019, 5859)",2,1,False,[]
"(13416, 13659)",2,1,True,[13416]
"(1365, 8011)",2,1,True,[1365]
"(10148, 13796)",2,1,True,[13796]
"(667, 10924)",2,1,True,[10924]
"(410, 3400)",2,1,True,[3400]
"(630, 2566)",2,1,False,[]
"(3583, 11636)",2,1,False,[]
"(5555, 13224)",2,1,True,[13224]
"(446, 6305)",2,1,True,"[446, 6305]"
"(1373, 2865)",2,1,True,[1373]
"(10994, 11303)",2,1,False,[]
"(2598, 8134)",2,1,True,"[2598, 8134]"
"(580, 1963)",2,1,True,[1963]
"(2288, 7707)",2,1,True,[7707]
"(6003, 11608)",2,1,True,[11608]
"(2061, 11580)",2,1,True,[11580]
"(6541, 10770)",2,1,True,[10770]
"(10868, 10868)",2,1,False,[]
"(4503, 12653)",2,1,True,[12653]
"(631, 6933)",2,1,False,[]
"(505, 645, 3436, 12914)",4,1,False,[]
"(1218, 6304)",2,1,True,[1218]
"(1125, 5487)",2,1,True,"[1125, 5487]"
"(57, 4891, 9834)",3,1,True,"[4891, 9834]"
"(255, 7637, 7827)",3,1,False,[]
"(4638, 9242)",2,1,True,[9242]
"(9490, 10703, 13074)",3,1,True,"[10703, 13074]"
"(4111, 11906)",2,1,True,"[4111, 11906]"
"(9036, 12884)",2,1,True,[9036]
"(1705, 1705)",2,1,True,[1705]
"(8139, 12863)",2,1,True,[8139]
"(1204, 4209)",2,1,True,[1204]
"(4452, 9272)",2,1,True,[9272]
"(871, 1631, 1710)",3,1,False,[]
"(3087, 7700)",2,1,True,[3087]
"(10071, 11098)",2,1,True,"[10071, 11098]"
"(3854, 12614)",2,1,True,[12614]
"(6172, 8412)",2,1,True,"[6172, 8412]"
"(212, 4061)",2,1,False,[]
"(1672, 2408, 4164)",3,1,True,[4164]
"(3451, 11675)",2,1,True,[11675]
"(6379, 6539)",2,1,False,[]
"(12735, 12882)",2,1,True,"[12735, 12882]"
"(10525, 12207)",2,1,False,[]
"(4535, 9276)",2,1,False,[]
"(6992, 11798)",2,1,False,[]
"(13729, 13999)",2,1,True,[13999]
"(3643, 7443)",2,1,True,[7443]
"(5560, 14000)",2,1,True,[14000]
"(570, 3942)",2,1,False,[]
"(11931, 12913)",2,1,True,[11931]
"(7740, 11635)",2,1,True,[7740]
"(7766, 10796)",2,1,True,[10796]
"(8739, 9993)",2,1,False,[]
"(522, 4629)",2,1,True,[4629]
"(633, 3366, 5203)",3,1,False,[]
"(305, 2731, 3825, 9610)",4,1,False,[]
"(2408, 6276)",2,1,True,[6276]
"(75, 3086, 8551)",3,1,False,[]
"(5360, 10524)",2,1,True,"[5360, 10524]"
"(5478, 6827)",2,1,True,[6827]
"(8243, 10557)",2,1,True,[8243]
"(1105, 1323)",2,1,True,[1105]
"(7, 12932)",2,1,False,[]
"(3676, 7964)",2,1,True,"[3676, 7964]"
"(2006, 2054)",2,1,True,[2054]
"(18, 475, 866)",3,1,False,[]
"(1431, 5583)",2,1,True,[1431]
"(5629, 8919)",2,1,True,"[5629, 8919]"
"(5029, 10414)",2,1,False,[]
"(127, 1426, 2532, 8180)",4,1,True,[127]
"(8996, 10111)",2,1,False,[]
"(2615, 6035)",2,1,True,[2615]
"(4715, 4889)",2,1,False,[]
"(1682, 1682, 1682)",3,1,False,[]
"(338, 683, 983, 2644, 3239)",5,1,False,[]
"(11024, 12390)",2,1,True,"[11024, 12390]"
"(5206, 8698)",2,1,True,[8698]
"(8452, 12771)",2,1,True,"[8452, 12771]"
"(11544, 11676)",2,1,True,[11676]
"(11854, 12229)",2,1,True,"[11854, 12229]"
"(7277, 11279)",2,1,True,[11279]
"(5457, 11658)",2,1,True,[5457]
"(1481, 2937)",2,1,True,[2937]
"(3317, 13884)",2,1,True,[13884]
"(880, 4948, 6637)",3,1,True,[6637]
"(338, 7826)",2,1,True,[7826]
"(3346, 5806)",2,1,True,"[3346, 5806]"
"(12355, 12916)",2,1,True,[12916]
"(290, 5486)",2,1,True,"[290, 5486]"
"(8010, 8995)",2,1,True,[8995]
"(4451, 4825)",2,1,True,[4825]
"(1512, 13007)",2,1,True,[13007]
"(717, 9641)",2,1,False,[]
"(157, 6470)",2,1,False,[]
"(2637, 8697)",2,1,True,[8697]
"(1890, 12736)",2,1,True,[1890]
"(3259, 6430)",2,1,True,[6430]
"(9090, 11362)",2,1,True,[9090]
"(7561, 9410)",2,1,False,[]
"(1631, 1783)",2,1,True,[1783]
"(478, 1177)",2,1,False,[]
"(1024, 2161, 7848)",3,1,True,[7848]
"(5721, 9911)",2,1,True,[5721]
"(1525, 12655)",2,1,True,[12655]
"(9217, 11284)",2,1,True,[11284]
"(3028, 9182, 11988)",3,1,True,[11988]
"(1652, 6392, 8998)",3,1,True,"[1652, 6392, 8998]"
"(6655, 9089)",2,1,False,[]
"(8701, 11140)",2,1,True,"[8701, 11140]"
"(3502, 12097)",2,1,True,[12097]
"(8674, 8674)",2,1,False,[]
"(4927, 12883)",2,1,True,"[4927, 12883]"
"(2109, 7980)",2,1,False,[]
"(5328, 5997)",2,1,False,[]
"(8739, 9491)",2,1,False,[]
"(9026, 14112)",2,1,False,[]
"(12844, 13590)",2,1,True,[13590]
"(7197, 11282)",2,1,True,[7197]
"(4376, 7604, 8061)",3,1,True,[7604]
"(1714, 4626)",2,1,False,[]
"(1072, 4281)",2,1,True,[4281]
"(3734, 7277)",2,1,False,[]
"(983, 2097, 3682, 4655, 5681, 8029, 8109)",7,1,False,[]
"(2288, 7558)",2,1,True,[7558]
"(2511, 8373)",2,1,True,[8373]
"(1598, 7965)",2,1,False,[]
"(8848, 12411)",2,1,True,"[8848, 12411]"
"(1085, 2092)",2,1,True,[1085]
"(103, 8111)",2,1,False,[]
"(138, 8920, 9060, 13012)",4,1,True,"[8920, 9060, 13012]"
"(46, 9655)",2,1,True,[46]
"(9537, 13339)",2,1,True,[9537]
"(6218, 6826)",2,1,True,"[6218, 6826]"
"(231, 9771)",2,1,False,[]
"(1480, 4402)",2,1,True,[1480]
"(520, 1471, 6386)",3,1,False,[]
"(20, 9154)",2,1,True,[9154]
"(12650, 13255)",2,1,True,"[12650, 13255]"
"(2493, 8768)",2,1,True,[2493]
"(11885, 13107)",2,1,False,[]
"(1410, 3129)",2,1,False,[]
"(6651, 8181)",2,1,False,[]
"(5378, 7193)",2,1,True,[7193]
"(877, 12656)",2,1,True,[12656]
"(38, 606)",2,1,True,[606]
"(3065, 3319, 5706)",3,1,True,"[3065, 5706]"
"(481, 1075)",2,1,True,[481]
"(13137, 13858)",2,1,False,[]
"(10267, 14072)",2,1,True,[10267]
"(7029, 7637)",2,1,False,[]
"(13201, 13302)",2,1,True,"[13201, 13302]"
"(11827, 12917)",2,1,True,[11827]
"(754, 8999)",2,1,True,"[754, 8999]"
"(1035, 4966)",2,1,True,"[1035, 4966]"
"(1922, 3469)",2,1,False,[]
"(734, 3029)",2,1,True,[3029]
"(1803, 10672)",2,1,True,[10672]
"(13202, 14046)",2,1,True,"[13202, 14046]"
"(13768, 14183)",2,1,True,[13768]
"(517, 3486)",2,1,True,[3486]
"(5458, 10835)",2,1,True,[10835]
"(2635, 13700)",2,1,True,[13700]
"(979, 2357, 4231)",3,1,False,[]
"(1844, 5551, 5551)",3,1,False,[]
"(7638, 9521)",2,1,True,[7638]
"(3437, 10072)",2,1,True,[10072]
"(6661, 6985)",2,1,False,[]
"(796, 12654)",2,1,True,[12654]
"(10264, 13371)",2,1,True,[10264]
"(6169, 9531)",2,1,True,[6169]
"(1262, 5630, 6901)",3,1,True,"[1262, 6901]"
"(7295, 11062)",2,1,True,[7295]
"(10238, 12552)",2,1,True,"[10238, 12552]"
"(3773, 6363)",2,1,True,[3773]
"(1025, 2825)",2,1,True,[2825]
"(1053, 3920)",2,1,False,[]
"(983, 3577)",2,1,True,[3577]
"(6094, 7832)",2,1,False,[]
"(1119, 5309)",2,1,False,[]
"(1404, 2693)",2,1,True,"[1404, 2693]"
"(3820, 5609, 6045, 11637)",4,1,False,[]
"(1239, 11547)",2,1,True,[1239]
"(728, 1367)",2,1,True,[1367]
"(8302, 13589)",2,1,False,[]
"(1171, 6872)",2,1,True,[1171]
"(7154, 10369)",2,1,False,[]
"(3152, 9488)",2,1,True,[9488]
"(3453, 13944)",2,1,True,[13944]
"(9949, 10112)",2,1,True,[9949]
"(377, 983, 3452)",3,1,True,[3452]
"(2915, 11581)",2,1,True,[11581]
"(1403, 3547)",2,1,False,[]
"(12167, 13857)",2,1,True,[13857]
"(871, 1631, 2162)",3,1,True,[2162]
"(3293, 9690)",2,1,False,[]
"(4210, 9995)",2,1,True,[4210]
"(4892, 14168)",2,1,True,[4892]
"(12696, 13776)",2,1,True,[13776]
"(7327, 12469)",2,1,True,[12469]
"(3293, 11711)",2,1,False,[]
"(10265, 11933)",2,1,True,[10265]
"(2018, 3485, 4576)",3,1,True,"[3485, 4576]"
"(11884, 12440)",2,1,True,[12440]
"(230, 1012, 2745, 6539)",4,1,True,[2745]
"(3434, 10960)",2,1,True,[10960]
"(3009, 6654)",2,1,True,[6654]
"(1409, 4689)",2,1,False,[]
"(1553, 2669, 2909)",3,1,False,[]
"(4614, 9835)",2,1,True,[9835]
"(2645, 5207)",2,1,False,[]
"(5871, 8997)",2,1,True,"[5871, 8997]"
"(402, 3588)",2,1,False,[]
"(1922, 2075, 3367)",3,1,True,[3367]
"(7265, 10369)",2,1,True,[7265]
"(2852, 3774)",2,1,True,"[2852, 3774]"
"(2017, 13338)",2,1,True,[13338]
"(2444, 7387)",2,1,True,[7387]
"(40, 108, 1753)",3,1,True,[1753]
"(11139, 12356)",2,1,True,"[11139, 12356]"
"(1539, 5080)",2,1,False,[]
"(5340, 5428)",2,1,True,[5428]
"(3484, 10959)",2,1,True,[3484]
"(3224, 9489)",2,1,True,[9489]
"(5578, 6985, 7650)",3,1,False,[]
"(728, 8384)",2,1,True,[8384]
"(2636, 8735)",2,1,True,[8735]
"(5996, 10739)",2,1,True,"[5996, 10739]"
"(9454, 11510)",2,1,False,[]
"(4138, 5186)",2,1,True,[4138]
"(5389, 10867)",2,1,False,[]
"(44, 125, 4574, 4628)",4,1,True,"[4574, 4628]"
"(423, 4088)",2,1,True,[423]
"(13332, 13629)",2,1,True,[13629]
"(1752, 1962, 6775)",3,1,True,"[1752, 1962]"
"(812, 8626)",2,1,True,[812]
"(1693, 2079)",2,1,False,[]
"(3067, 9258)",2,1,True,[3067]
"(6219, 8450)",2,1,True,[8450]
"(5125, 11097)",2,1,True,"[5125, 11097]"
"(5539, 10523)",2,1,True,[10523]
"(5156, 9801)",2,1,True,[9801]
"(10231, 14069)",2,1,True,[10231]
"(90, 5556)",2,1,True,[5556]
"(2049, 8179)",2,1,True,[2049]
"(2417, 6930)",2,1,True,[6930]
"(768, 4114)",2,1,True,[4114]
"(1636, 5397, 5927)",3,1,True,[1636]
"(477, 10635)",2,1,True,[10635]
"(5530, 7329)",2,1,True,[7329]
"(1899, 2877, 5431, 11575)",4,1,False,[]
"(338, 5681, 8029)",3,1,False,[]
"(1927, 3238)",2,1,True,[1927]
"(8625, 9453)",2,1,True,[9453]
"(4627, 8383)",2,1,True,"[4627, 8383]"
"(954, 3381, 3723)",3,1,True,[3723]
"(1332, 6335)",2,1,True,[6335]
"(11093, 11850)",2,1,True,[11093]
"(5230, 9535)",2,1,True,[5230]
"(1040, 6931)",2,1,True,[6931]
"(5399, 13828)",2,1,True,[5399]
"(5485, 6302)",2,1,True,"[5485, 6302]"
"(5491, 6992, 9971)",3,1,False,[]
"(7705, 11389)",2,1,True,"[7705, 11389]"
"(2580, 5041)",2,1,True,[2580]
"(10480, 10922)",2,1,False,[]
"(9212, 11709)",2,1,True,[9212]
"(7562, 12227)",2,1,True,"[7562, 12227]"
"(4109, 10999)",2,1,True,"[4109, 10999]"
"(9993, 10453)",2,1,True,[10453]
"(2838, 6633)",2,1,True,"[2838, 6633]"
"(6275, 11825)",2,1,True,"[6275, 11825]"
"(344, 913, 5484)",3,1,True,"[913, 5484]"
"(2273, 2273)",2,1,False,[]
"(10972, 11607)",2,1,True,[11607]
"(3634, 12228)",2,1,True,[3634]
"(2177, 8550)",2,1,True,[2177]
"(5359, 6469, 7855)",3,1,True,[6469]
"(6017, 11656)",2,1,True,[6017]
"(6250, 12196)",2,1,True,[12196]
"(570, 715, 5257, 8448)",4,1,True,[715]
"(510, 4626)",2,1,False,[]
"(857, 3006, 3298)",3,1,False,[]
"(487, 2451, 4201)",3,1,False,[]
"(679, 3093, 3364, 5398)",4,1,True,"[679, 3364, 5398]"
"(6171, 6274)",2,1,True,[6171]
"(2109, 5827)",2,1,True,[5827]
"(11136, 13971)",2,1,True,[11136]
"(1913, 13941)",2,1,True,[13941]
"(7676, 10153)",2,1,False,[]
"(3755, 8814)",2,1,True,[8814]
"(6996, 7891)",2,1,True,[7891]
"(8811, 12352)",2,1,True,[12352]
"(13452, 13826)",2,1,True,[13452]
"(554, 3306, 8303)",3,1,True,"[3306, 8303]"
"(10237, 13337)",2,1,True,"[10237, 13337]"
"(2643, 5309)",2,1,True,[2643]
"(1810, 5957)",2,1,True,[1810]
"(5042, 10236)",2,1,True,[10236]
"(7092, 10341)",2,1,True,[10341]
"(13795, 13996)",2,1,True,"[13795, 13996]"
"(2170, 4501)",2,1,True,[2170]
"(22, 4674, 6682)",3,1,True,[4674]
"(2915, 8437)",2,1,False,[]
"(4822, 9991)",2,1,True,[9991]
"(10232, 13725)",2,1,True,[10232]
"(8176, 13488)",2,1,True,"[8176, 13488]"
"(851, 2579)",2,1,True,"[851, 2579]"
"(2968, 9528)",2,1,False,[]
"(2327, 3860, 4941)",3,1,True,[4941]
"(103, 12618)",2,1,True,[12618]
"(8852, 11283)",2,1,False,[]
"(6151, 11483)",2,1,True,[11483]
"(6134, 10599, 11249)",3,1,True,[10599]
"(4937, 7765)",2,1,True,[4937]
"(2716, 5362)",2,1,False,[]
"(309, 3119)",2,1,True,[3119]
"(13334, 13555)",2,1,True,[13334]
"(9317, 12315)",2,1,False,[]
"(588, 11482)",2,1,True,[11482]
"(3757, 10372)",2,1,True,[10372]
"(2401, 5529)",2,1,True,[2401]
"(843, 1861)",2,1,True,[843]
"(8349, 11306)",2,1,True,[8349]
"(86, 1366, 6389)",3,1,True,[86]
"(2925, 9766)",2,1,True,[2925]
"(4500, 12877)",2,1,True,[12877]
"(6032, 6032)",2,1,False,[]
"(1922, 2096)",2,1,False,[]
"(630, 3027)",2,1,False,[]
"(508, 2154)",2,1,False,[]
"(3924, 7673)",2,1,True,"[3924, 7673]"
"(10070, 10479)",2,1,True,[10070]
"(1722, 5483)",2,1,True,[1722]
"(3450, 11250)",2,1,True,[11250]
"(9487, 12031)",2,1,True,[12031]
"(10478, 13010)",2,1,True,"[10478, 13010]"
"(10840, 13765)",2,1,True,[13765]
"(1767, 4277)",2,1,True,[4277]
"(5335, 13827)",2,1,False,[]
"(1704, 8389)",2,1,False,[]
"(7602, 13657)",2,1,True,[13657]
"(3403, 13890)",2,1,True,[3403]
"(9156, 10109)",2,1,True,"[9156, 10109]"
"(10034, 12502)",2,1,True,[10034]
"(4653, 6366, 7603)",3,1,True,[7603]
"(1039, 6020, 7165)",3,1,True,[1039]
"(1321, 5604)",2,1,True,[5604]
"(477, 10768)",2,1,False,[]
"(9, 12133)",2,1,False,[]
"(11303, 13940, 14042)",3,1,True,[14042]
"(791, 4363)",2,1,False,[]
"(2215, 14111)",2,1,True,"[2215, 14111]"
"(2538, 9035)",2,1,True,[9035]
"(2574, 2688)",2,1,True,[2574]
"(4521, 7093)",2,1,True,[4521]
"(4605, 7893)",2,1,True,[7893]
"(5266, 5362, 10834)",3,1,False,[]
"(986, 1646, 6470)",3,1,False,[]
"(5545, 11138, 14101)",3,1,True,[11138]
"(6018, 7417)",2,1,True,"[6018, 7417]"
"(10863, 13134, 13196)",3,1,True,"[10863, 13134]"
"(2377, 10413)",2,1,True,[10413]
"(8110, 12389)",2,1,True,[12389]
"(3177, 9609)",2,1,True,[9609]
"(10702, 12768)",2,1,True,[10702]
"(11883, 14329)",2,1,True,[11883]
"(2891, 9455)",2,1,True,[2891]
"(6569, 8008)",2,1,False,[]
"(7862, 10041)",2,1,True,[7862]
"(1874, 5040)",2,1,True,[5040]
"(414, 10412)",2,1,True,"[414, 10412]"
"(309, 801, 1048, 2890, 3239, 4824, 6303, 8523)",8,1,True,[4824]
"(8815, 11515)",2,1,True,"[8815, 11515]"
"(10201, 13942)",2,1,True,"[10201, 13942]"
"(4638, 9059, 9181, 11023)",4,1,True,[11023]
"(6032, 6973, 13065)",3,1,True,[6973]
"(13630, 13658)",2,1,True,"[13630, 13658]"
"(1500, 3321)",2,1,True,[3321]
"(1947, 6570)",2,1,True,[1947]
"(1693, 2408, 3106)",3,1,True,[3106]
"(2107, 3287)",2,1,True,"[2107, 3287]"
"(230, 278, 994, 1811, 3258)",5,1,True,"[994, 1811, 3258]"
"(3399, 8659)",2,1,True,[8659]
"(2952, 6366)",2,1,True,[2952]
"(3233, 4676)",2,1,True,[4676]
"(157, 665)",2,1,True,[665]
"(3695, 4244, 11390)",3,1,True,[11390]
"(11657, 12915)",2,1,True,[12915]
"(792, 4992)",2,1,True,[792]
"(2384, 5098)",2,1,True,[2384]
"(436, 5555)",2,1,True,[436]
"(4732, 6992)",2,1,False,[]
"(4280, 10036)",2,1,True,[4280]
"(4719, 13903)",2,1,True,[13903]
"(2991, 8009)",2,1,True,"[2991, 8009]"
"(6391, 6540)",2,1,True,[6391]
"(960, 2411)",2,1,True,[2411]
"(13262, 14138)",2,1,True,[14138]
"(252, 12770)",2,1,False,[]
"(833, 871, 2525, 2914, 3239, 6363, 8312)",7,1,True,[2914]
"(5283, 8846)",2,1,True,[8846]
"(4031, 9536)",2,1,True,[4031]
"(12410, 13990)",2,1,False,[]
"(63, 2553)",2,1,False,[]
"(9327, 12769)",2,1,True,"[9327, 12769]"
"(5456, 6364)",2,1,True,[5456]
"(6222, 9384)",2,1,True,[6222]
"(5017, 8236)",2,1,False,[]
"(196, 570)",2,1,True,[196]
"(5127, 5328, 8627, 9119)",4,1,False,[]
"(5680, 6390)",2,1,True,"[5680, 6390]"
"(199, 7561, 9410)",3,1,False,[]
"(1229, 2037)",2,1,True,"[1229, 2037]"
"(8511, 9662)",2,1,True,[8511]
"(13516, 13991)",2,1,True,[13991]
"(2718, 7351)",2,1,True,[7351]
"(4675, 11826)",2,1,True,"[4675, 11826]"
"(1946, 6151)",2,1,True,[1946]
"(10923, 11930)",2,1,True,[10923]
"(12263, 12387)",2,1,True,"[12263, 12387]"
"(9216, 10342)",2,1,True,[9216]
"(799, 1182, 7674)",3,1,False,[]
"(12615, 13868)",2,1,True,[12615]
"(9380, 10957)",2,1,True,[10957]
"(983, 7380)",2,1,False,[]
"(5056, 9867)",2,1,True,[9867]
"(4307, 4823)",2,1,True,"[4307, 4823]"
"(772, 2216)",2,1,True,[2216]
"(11309, 13766)",2,1,True,[13766]
"(4059, 8657)",2,1,True,[8657]
"(10769, 14297)",2,1,True,"[10769, 14297]"
"(499, 10339)",2,1,True,[10339]
"(4570, 11634)",2,1,True,[11634]
"(442, 9833)",2,1,True,[442]
"(6044, 11882)",2,1,True,"[6044, 11882]"
"(343, 6708)",2,1,True,"[343, 6708]"
"(2005, 7446)",2,1,True,[7446]
"(844, 2129)",2,1,True,[2129]
"(6992, 8998)",2,1,True,[8998]
"(5917, 6997)",2,1,True,[5917]
"(3118, 8845)",2,1,True,"[3118, 8845]"
"(4654, 5097)",2,1,True,[5097]
"(3468, 5752, 10110)",3,1,True,[3468]
"(2599, 10833)",2,1,True,[10833]
"(4084, 5608)",2,1,True,[4084]
"(4278, 9832)",2,1,False,[]
"(3482, 8630)",2,1,True,[3482]
"(2205, 6121)",2,1,True,[2205]
"(5410, 6253, 6510)",3,1,True,[6253]
"(10267, 12354)",2,1,True,"[10267, 12354]"
"(11987, 13166)",2,1,True,[13166]
"(12498, 12503)",2,1,False,[]
"(334, 9087)",2,1,True,[9087]
"(3365, 5126)",2,1,False,[]
"(1405, 1405)",2,1,False,[]
"(4604, 9121)",2,1,True,[4604]
"(2286, 2494)",2,1,True,[2494]
"(3649, 13850)",2,1,False,[]
"(1993, 2618)",2,1,False,[]
"(6252, 8696)",2,1,True,[6252]
"(2531, 7447)",2,1,True,[7447]
"(353, 3674)",2,1,True,[3674]
"(11341, 14045)",2,1,True,[14045]
"(3483, 4279)",2,1,True,"[3483, 4279]"
"(6601, 8658)",2,1,True,[8658]
"(12388, 13998)",2,1,True,[13998]
"(4931, 8242)",2,1,True,[8242]
"(1344, 2770)",2,1,True,[2770]
"(3105, 7058)",2,1,True,[3105]
"(3, 12015)",2,1,False,[]
"(398, 983, 4009)",3,1,True,[4009]
"(9580, 10035)",2,1,True,[10035]
"(8881, 12067)",2,1,True,[8881]
"(469, 1266, 1825, 1845)",4,1,True,[1845]
"(9767, 9872)",2,1,True,"[9767, 9872]"
"(2728, 10990)",2,1,True,[10990]
"(3162, 5710, 6219, 6363, 8252, 8480, 9685)",7,1,True,[5710]
"(12734, 13200)",2,1,True,"[12734, 13200]"
"(13261, 13997)",2,1,True,"[13261, 13997]"
"(782, 7330)",2,1,True,[7330]
"(6075, 10277)",2,1,True,[6075]
"(2463, 6716)",2,1,True,[2463]
"(1314, 8330)",2,1,False,[]
"(3637, 5787)",2,1,True,[5787]
"(10804, 13530)",2,1,True,[10804]
"(356, 673, 5724)",3,1,True,[673]
"(9251, 11396)",2,1,True,[11396]
"(9320, 11147)",2,1,True,"[9320, 11147]"
"(1627, 5074, 6650)",3,1,True,[1627]
"(5076, 6614)",2,1,True,[6614]
"(2763, 10384)",2,1,True,[10384]
"(7939, 9247)",2,1,True,[7939]
"(5103, 6907, 7765)",3,1,True,[5103]
"(448, 954, 2500, 3441, 5833)",5,1,True,[2500]
"(6099, 11347)",2,1,True,"[6099, 11347]"
"(4258, 4945)",2,1,False,[]
"(222, 1568)",2,1,True,[1568]
"(632, 1510)",2,1,True,"[632, 1510]"
"(3387, 9881)",2,1,True,[3387]
"(2550, 6690)",2,1,False,[]
"(7037, 9250)",2,1,True,[9250]
"(6597, 6823)",2,1,False,[]
"(2477, 12714)",2,1,True,"[2477, 12714]"
"(3440, 10127)",2,1,True,[10127]
"(7, 11289)",2,1,True,[11289]
"(6879, 9249)",2,1,True,[6879]
"(2553, 4832, 12696, 13836)",4,1,False,[]
"(11848, 13618)",2,1,True,[11848]
"(5369, 10873)",2,1,True,[10873]
"(231, 237, 9963)",3,1,False,[]
"(629, 2408, 3604)",3,1,False,[]
"(11556, 12503)",2,1,True,[11556]
"(1467, 4729)",2,1,True,[4729]
"(13296, 13432)",2,1,True,[13432]
"(2538, 10385)",2,1,True,[10385]
"(363, 807, 1314, 8330)",4,1,False,[]
"(586, 6908)",2,1,True,[6908]
"(450, 13913)",2,1,True,[13913]
"(1019, 1608)",2,1,True,[1608]
"(1263, 2954)",2,1,True,[2954]
"(552, 9841)",2,1,True,[9841]
"(12041, 13837)",2,1,True,[13837]
"(3265, 4028, 13173)",3,1,True,[4028]
"(12353, 13874)",2,1,False,[]
"(4039, 12509)",2,1,True,[4039]
"(9014, 11519)",2,1,True,[11519]
"(1209, 12143)",2,1,True,[12143]
"(1507, 10423)",2,1,True,"[1507, 10423]"
"(11969, 13274)",2,1,True,[11969]
"(2799, 7138)",2,1,False,[]
"(230, 12782)",2,1,False,[]
"(2079, 9810)",2,1,False,[]
"(3507, 12238)",2,1,True,[12238]
"(157, 157)",2,1,False,[]
"(9431, 11615, 12239)",3,1,True,[9431]
"(7450, 13273)",2,1,True,[13273]
"(3129, 13043)",2,1,True,[13043]
"(4343, 12074)",2,1,False,[]
"(8495, 8780)",2,1,True,"[8495, 8780]"
"(2553, 3473)",2,1,False,[]
"(5463, 13737)",2,1,True,[13737]
"(3761, 12746)",2,1,True,[3761]
"(7560, 13158)",2,1,True,[7560]
"(4056, 13823)",2,1,True,"[4056, 13823]"
"(6407, 7028)",2,1,False,[]
"(7246, 8153)",2,1,True,"[7246, 8153]"
"(4728, 9121)",2,1,False,[]
"(5251, 9722)",2,1,False,[]
"(1, 6179)",2,1,False,[]
"(2974, 3215)",2,1,True,"[2974, 3215]"
"(5901, 8639)",2,1,False,[]
"(11109, 12477)",2,1,True,"[11109, 12477]"
"(45, 1923)",2,1,True,[1923]
"(8360, 11716)",2,1,True,"[8360, 11716]"
"(570, 11745)",2,1,False,[]
"(9983, 13431)",2,1,False,[]
"(875, 5963)",2,1,True,[5963]
"(9173, 10036)",2,1,False,[]
"(2084, 9013)",2,1,True,"[2084, 9013]"
"(2245, 7834)",2,1,True,"[2245, 7834]"
"(10897, 11276)",2,1,True,[10897]
"(9880, 12040)",2,1,True,[9880]
"(7928, 12952)",2,1,True,[7928]
"(2408, 10487)",2,1,True,[10487]
"(3056, 6094)",2,1,False,[]
"(6149, 11243)",2,1,True,"[6149, 11243]"
"(3032, 9011)",2,1,True,[9011]
"(642, 2362, 3660, 6842, 13042)",5,1,True,"[642, 3660, 6842]"
"(9163, 12331)",2,1,True,"[9163, 12331]"
"(7423, 9430)",2,1,True,[9430]
"(3386, 10126)",2,1,True,[10126]
"(5293, 8602)",2,1,True,[8602]
"(9663, 9733)",2,1,False,[]
"(6661, 7570)",2,1,False,[]
"(5781, 9097)",2,1,False,[]
"(820, 1188)",2,1,True,[820]
"(1584, 2261)",2,1,True,[2261]
"(290, 5026)",2,1,True,[290]
"(4145, 13975)",2,1,True,[4145]
"(4944, 5832)",2,1,True,[4944]
"(6049, 14290)",2,1,True,[14290]
"(22, 68, 650, 2026, 3545, 8460)",6,1,True,[3545]
"(10570, 12893)",2,1,True,"[10570, 12893]"
"(1748, 11113)",2,1,True,"[1748, 11113]"
"(1149, 5407)",2,1,True,[5407]
"(983, 3563)",2,1,True,[3563]
"(3941, 5706)",2,1,True,[5706]
"(7529, 7638)",2,1,True,[7638]
"(9622, 13991)",2,1,True,[13991]
"(3629, 8546)",2,1,True,"[3629, 8546]"
"(5578, 13395)",2,1,False,[]
"(8, 222, 380)",3,1,True,[380]
"(10488, 12561)",2,1,True,"[10488, 12561]"
"(5708, 11555)",2,1,False,[]
"(2103, 14219)",2,1,True,[14219]
"(230, 3111)",2,1,False,[]
"(4257, 8973)",2,1,True,[4257]
"(4535, 9461)",2,1,True,[9461]
"(3378, 11288, 14032)",3,1,True,[14032]
"(3318, 8032)",2,1,True,[3318]
"(9592, 10709)",2,1,True,[10709]
"(7914, 10898)",2,1,False,[]
"(434, 855)",2,1,True,[855]
"(180, 892)",2,1,True,[180]
"(7596, 8375, 9164)",3,1,True,"[7596, 8375]"
"(4650, 8988)",2,1,True,[8988]
"(2739, 13850)",2,1,False,[]
"(4460, 4730)",2,1,True,[4730]
"(6500, 12857)",2,1,False,[]
"(11630, 11982)",2,1,True,[11982]
"(11070, 13570)",2,1,True,"[11070, 13570]"
"(9736, 12751, 14232)",3,1,False,[]
"(10080, 13569)",2,1,True,"[10080, 13569]"
"(2820, 4038)",2,1,False,[]
"(10571, 10611)",2,1,True,[10611]
"(3678, 3885)",2,1,False,[]
"(6420, 11034)",2,1,True,[6420]
"(9964, 10168)",2,1,True,[10168]
"(6032, 13065)",2,1,False,[]
"(586, 3341)",2,1,False,[]
"(4947, 7305)",2,1,True,"[4947, 7305]"
"(261, 2109, 5318, 9411)",4,1,False,[]
"(2001, 13081)",2,1,True,[2001]
"(7765, 11617)",2,1,True,[11617]
"(3645, 7492)",2,1,True,[3645]
"(8823, 10806)",2,1,True,[8823]
"(9462, 12268)",2,1,True,"[9462, 12268]"
"(6088, 6977, 10490)",3,1,True,[10490]
"(364, 1193, 1552)",3,1,True,[1193]
"(4383, 9735)",2,1,True,"[4383, 9735]"
"(4659, 4659, 4659)",3,1,False,[]
"(12177, 13174)",2,1,True,"[12177, 13174]"
"(2778, 13806)",2,1,True,"[2778, 13806]"
"(1718, 4635, 4701, 4899, 5033)",5,1,False,[]
"(770, 6575)",2,1,True,[6575]
"(11029, 13976)",2,1,True,[13976]
"(6642, 12715)",2,1,True,"[6642, 12715]"
"(2943, 3743, 10002)",3,1,False,[]
"(10776, 13852)",2,1,True,[10776]
"(12562, 13807)",2,1,True,[13807]
"(4578, 4997)",2,1,True,[4997]
"(1857, 5907)",2,1,True,[5907]
"(12547, 13099)",2,1,True,"[12547, 13099]"
"(879, 4559)",2,1,False,[]
"(5910, 9346)",2,1,True,"[5910, 9346]"
"(11993, 14250)",2,1,True,[14250]
"(2363, 4172)",2,1,True,"[2363, 4172]"
"(1736, 5252)",2,1,True,[1736]
"(1738, 5350)",2,1,True,[1738]
"(758, 6345, 11148)",3,1,True,[758]
"(3095, 10642)",2,1,False,[]
"(2526, 5085)",2,1,False,[]
"(7454, 8461)",2,1,True,[7454]
"(10777, 10874)",2,1,True,[10777]
"(4996, 9500)",2,1,True,[4996]
"(4685, 9389)",2,1,True,"[4685, 9389]"
"(426, 3075, 8892)",3,1,True,"[426, 3075, 8892]"
"(2698, 12670)",2,1,True,[12670]
"(12912, 13365)",2,1,True,[12912]
"(50, 13954)",2,1,False,[]
"(1113, 3026)",2,1,False,[]
"(1044, 5426)",2,1,True,[5426]
"(6461, 10280)",2,1,True,[10280]
"(12244, 12894)",2,1,False,[]
"(4744, 5978)",2,1,False,[]
"(3988, 12524)",2,1,True,[12524]
"(163, 12144)",2,1,True,[12144]
"(7979, 13600)",2,1,True,"[7979, 13600]"
"(395, 4040)",2,1,True,[395]
"(1767, 3867)",2,1,False,[]
"(1067, 4581)",2,1,True,[1067]
"(1447, 4481)",2,1,True,[1447]
"(2553, 4561)",2,1,True,[4561]
"(230, 3608)",2,1,True,[3608]
"(8528, 11970)",2,1,False,[]
"(5541, 9842)",2,1,True,[9842]
"(7978, 11292)",2,1,True,[11292]
"(230, 1048, 3546)",3,1,False,[]
"(5590, 10489)",2,1,True,[10489]
"(12366, 13019)",2,1,True,"[12366, 13019]"
"(8214, 11460)",2,1,True,[8214]
"(4177, 9918)",2,1,True,"[4177, 9918]"
"(6246, 13221)",2,1,True,[6246]
"(2620, 4382)",2,1,True,[4382]
"(261, 3873)",2,1,False,[]
"(1956, 5921)",2,1,True,[5921]
"(11354, 13345)",2,1,True,"[11354, 13345]"
"(2856, 14305)",2,1,True,"[2856, 14305]"
"(2352, 12855)",2,1,False,[]
"(2928, 11431)",2,1,False,[]
"(5788, 10524)",2,1,True,"[5788, 10524]"
"(1127, 6786)",2,1,True,"[1127, 6786]"
"(5408, 9882)",2,1,True,"[5408, 9882]"
"(5517, 5879)",2,1,True,[5517]
"(4946, 8890)",2,1,True,[4946]
"(12447, 12669)",2,1,True,[12447]
"(8891, 11683)",2,1,True,"[8891, 11683]"
"(12478, 12783)",2,1,True,[12478]
"(1877, 9704)",2,1,True,[9704]
"(13211, 14272)",2,1,True,"[13211, 14272]"
"(10710, 13018)",2,1,True,[10710]
"(5295, 9363)",2,1,True,"[5295, 9363]"
"(1482, 9705)",2,1,True,[9705]
"(388, 3884)",2,1,True,[388]
"(3737, 12630)",2,1,True,[12630]
"(544, 3883)",2,1,True,[544]
"(11114, 13148)",2,1,True,[13148]
"(2408, 2866)",2,1,True,[2866]
"(1609, 4196)",2,1,True,"[1609, 4196]"
"(12176, 12953)",2,1,True,[12176]
"(3135, 8047)",2,1,True,[8047]
"(4301, 4372, 4373)",3,1,True,[4301]
"(2395, 9549, 10279)",3,1,True,[2395]
"(1427, 7304)",2,1,True,[7304]
"(2752, 3421)",2,1,True,[3421]
"(1036, 9843)",2,1,True,[9843]
"(2645, 11221)",2,1,True,[11221]
"(2097, 3927)",2,1,False,[]
"(2030, 5856)",2,1,True,"[2030, 5856]"
"(7096, 13464)",2,1,True,"[7096, 13464]"
"(6314, 12534)",2,1,False,[]
"(7789, 8804)",2,1,True,"[7789, 8804]"
"(292, 11981)",2,1,True,[11981]
"(4995, 11718)",2,1,True,"[4995, 11718]"
"(7701, 10443)",2,1,True,[10443]
"(6643, 13236)",2,1,True,[6643]
"(3033, 3074)",2,1,True,[3074]
"(2404, 13914)",2,1,True,[2404]
"(803, 3230)",2,1,False,[]
"(10459, 10805)",2,1,True,[10805]
"(6137, 8002)",2,1,True,[8002]
"(11616, 11719)",2,1,True,"[11616, 11719]"
"(7453, 13866)",2,1,True,[13866]
"(570, 4929, 9276)",3,1,False,[]
"(8507, 12075)",2,1,True,"[8507, 12075]"
"(2691, 5620)",2,1,True,[5620]
"(3977, 14268)",2,1,False,[]
"(9428, 10896)",2,1,True,"[9428, 10896]"
"(6663, 10803)",2,1,True,"[6663, 10803]"
"(192, 859, 1481, 3239, 3264)",5,1,True,[3264]
"(13430, 14304)",2,1,True,[13430]
"(2915, 8703)",2,1,False,[]
"(7481, 8451)",2,1,True,[7481]
"(5687, 9319)",2,1,True,[5687]
"(2908, 7013)",2,1,True,[2908]
"(1311, 3377, 12530)",3,1,False,[]
"(3541, 7953)",2,1,True,[3541]
"(3853, 8619)",2,1,True,[3853]
"(481, 1527)",2,1,True,[481]
"(8288, 13074)",2,1,True,[13074]
"(3866, 9012)",2,1,True,[9012]
"(10276, 14280)",2,1,True,[10276]
"(10871, 11434)",2,1,True,"[10871, 11434]"
"(944, 2777, 8180)",3,1,True,[944]
"(7492, 12828)",2,1,True,[12828]
"(237, 238, 6946, 9728)",4,1,False,[]
"(60, 12668)",2,1,True,[12668]
"(10242, 11662)",2,1,True,[11662]
"(595, 13235)",2,1,True,[13235]
"(82, 9924)",2,1,False,[]
"(2010, 2326)",2,1,False,[]
"(8394, 10167)",2,1,True,[10167]
"(10917, 11578)",2,1,True,[10917]
"(189, 9944)",2,1,True,[189]
"(8486, 8953)",2,1,False,[]
"(5045, 9383)",2,1,False,[]
"(732, 8989)",2,1,False,[]
"(627, 2550)",2,1,True,[627]
"(8637, 11915)",2,1,True,[8637]
"(145, 5911)",2,1,True,"[145, 5911]"
"(1949, 5328, 5618, 10458)",4,1,True,[1949]
"(1006, 11862)",2,1,True,[1006]
"(5075, 6280)",2,1,True,"[5075, 6280]"
"(377, 3934)",2,1,True,[3934]
"(4974, 6480)",2,1,True,"[4974, 6480]"
"(137, 6752)",2,1,True,[6752]
"(9006, 10448)",2,1,False,[]
"(3473, 11614)",2,1,True,[11614]
"(625, 2590)",2,1,False,[]
"(5831, 9219)",2,1,True,"[5831, 9219]"
"(1042, 2025, 5240)",3,1,True,[2025]
"(243, 4235)",2,1,True,"[243, 4235]"
"(5637, 7035)",2,1,True,"[5637, 7035]"
"(3129, 7866)",2,1,True,[7866]
"(2548, 9125)",2,1,True,[9125]
"(3701, 4807)",2,1,True,[3701]
"(11938, 13706)",2,1,True,[13706]
"(141, 515, 2831)",3,1,False,[]
"(807, 1257, 4854)",3,1,False,[]
"(3198, 7865)",2,1,True,[7865]
"(5310, 10533)",2,1,True,"[5310, 10533]"
"(4567, 13775)",2,1,False,[]
"(479, 1965)",2,1,True,[479]
"(2083, 3307, 4121)",3,1,True,"[2083, 3307, 4121]"
"(192, 3406)",2,1,False,[]
"(9624, 12982)",2,1,True,[9624]
"(6652, 9738)",2,1,False,[]
"(2895, 4482)",2,1,False,[]
"(384, 4994, 6188, 11717)",4,1,True,"[4994, 11717]"
"(5459, 5553)",2,1,True,[5459]
"(880, 1028)",2,1,True,[1028]
"(354, 13146)",2,1,True,"[354, 13146]"
"(2089, 5258)",2,1,False,[]
"(9009, 11145)",2,1,True,[11145]
"(2438, 6613)",2,1,True,"[2438, 6613]"
"(1051, 6877)",2,1,True,[1051]
"(985, 5745)",2,1,True,[5745]
"(554, 590, 883)",3,1,False,[]
"(2067, 8636)",2,1,True,[2067]
"(220, 6807)",2,1,False,[]
"(1134, 5410, 7851)",3,1,True,[1134]
"(4594, 10707)",2,1,True,"[4594, 10707]"
"(5786, 9738)",2,1,True,[5786]
"(6516, 10250)",2,1,False,[]
"(2553, 2553)",2,1,False,[]
"(1338, 3110)",2,1,False,[]
"(651, 4898)",2,1,True,[4898]
"(678, 678)",2,1,False,[]
"(13598, 13637)",2,1,True,[13598]
"(386, 768, 4682, 6536)",4,1,False,[]
"(6689, 12950)",2,1,False,[]
"(13210, 13733)",2,1,True,[13210]
"(12854, 14080)",2,1,True,"[12854, 14080]"
"(1436, 2735)",2,1,True,[1436]
"(2569, 13528)",2,1,True,"[2569, 13528]"
"(2078, 8459)",2,1,True,[2078]
"(12295, 13527)",2,1,True,[12295]
"(2629, 10775)",2,1,True,[10775]
"(7452, 10312)",2,1,True,"[7452, 10312]"
"(983, 1755, 3822)",3,1,True,[1755]
"(4004, 10698)",2,1,True,"[4004, 10698]"
"(1436, 1717, 2735)",3,1,True,[1436]
"(8889, 9067)",2,1,True,[8889]
"(3585, 8601)",2,1,True,[8601]
"(165, 11518)",2,1,True,[165]
"(192, 2855, 3778)",3,1,False,[]
"(2942, 9010)",2,1,True,"[2942, 9010]"
"(6549, 6751)",2,1,True,[6751]
"(53, 1487, 12712)",3,1,True,[1487]
"(854, 13974)",2,1,True,[854]
"(6197, 9383)",2,1,True,[6197]
"(2553, 3897)",2,1,True,[3897]
"(6878, 7064)",2,1,True,[6878]
"(7294, 9522)",2,1,True,[7294]
"(5117, 7702)",2,1,True,[7702]
"(1048, 2890, 3977)",3,1,False,[]
"(13668, 13774)",2,1,True,[13774]
"(2139, 2715)",2,1,True,[2715]
"(133, 12330)",2,1,False,[]
"(1955, 10934)",2,1,True,"[1955, 10934]"
"(124, 3003)",2,1,True,[3003]
"(444, 10081)",2,1,False,[]
"(12560, 13705)",2,1,True,[13705]
"(2200, 5636, 6495)",3,1,True,[5636]
"(1209, 6313)",2,1,True,[6313]
"(1901, 4634)",2,1,True,"[1901, 4634]"
"(9459, 13599)",2,1,True,[9459]
"(1862, 2586)",2,1,True,[1862]
"(3953, 9778)",2,1,True,[9778]
"(5074, 9903)",2,1,True,[9903]
"(1289, 2451, 4993)",3,1,True,[4993]
"(7203, 7803)",2,1,True,[7203]
"(14007, 14186)",2,1,True,[14186]
"(1848, 3650)",2,1,True,[1848]
"(5798, 13031)",2,1,True,[13031]
"(12039, 12922)",2,1,True,"[12039, 12922]"
"(192, 983, 2218)",3,1,False,[]
"(30, 4015)",2,1,True,[4015]
"(5131, 12508)",2,1,False,[]
"(1695, 6549, 6657)",3,1,True,[1695]
"(1032, 5131)",2,1,False,[]
"(10534, 14008)",2,1,True,"[10534, 14008]"
"(9852, 13736)",2,1,True,[13736]
"(4975, 5029)",2,1,True,[4975]
"(330, 1057, 5962, 7165)",4,1,True,[1057]
"(2896, 5462)",2,1,True,[2896]
"(81, 8664)",2,1,True,[81]
"(3091, 12781)",2,1,True,[3091]
"(8971, 12422)",2,1,True,[12422]
"(2832, 3679)",2,1,True,[3679]
"(3051, 9548)",2,1,True,"[3051, 9548]"
"(578, 4800, 8779)",3,1,False,[]
"(7451, 8709)",2,1,False,[]
"(2253, 9779)",2,1,True,[9779]
"(4122, 9961)",2,1,False,[]
"(9962, 13953)",2,1,True,"[9962, 13953]"
"(2407, 4038)",2,1,False,[]
"(915, 2120)",2,1,True,[2120]
"(5759, 5810)",2,1,True,[5759]
"(3072, 11146)",2,1,True,"[3072, 11146]"
"(4766, 10872)",2,1,True,[10872]
"(9178, 10036)",2,1,True,[9178]
"(2469, 8019)",2,1,True,[2469]
"(5140, 13708)",2,1,True,[13708]
"(7577, 10980)",2,1,True,[7577]
"(4208, 9703)",2,1,True,[9703]
"(965, 9734)",2,1,True,"[965, 9734]"
"(2605, 5391)",2,1,True,"[2605, 5391]"
"(3529, 11430)",2,1,True,[3529]
"(5313, 6893, 6942)",3,1,False,[]
"(3585, 5265, 7977)",3,1,True,[5265]
"(12836, 13694)",2,1,False,[]
"(6196, 6361)",2,1,True,[6196]
"(3888, 9591)",2,1,True,[9591]
"(4459, 8638)",2,1,True,"[4459, 8638]"
"(2453, 11939)",2,1,True,[11939]
"(3373, 11429)",2,1,True,[11429]
"(5760, 8494)",2,1,True,[5760]
"(11459, 14218)",2,1,True,[11459]
"(11044, 13709)",2,1,True,"[11044, 13709]"
"(583, 10209)",2,1,True,"[583, 10209]"
"(3327, 4508)",2,1,True,"[3327, 4508]"
"(11833, 14217)",2,1,True,"[11833, 14217]"
"(192, 983, 3599)",3,1,True,[3599]
"(6754, 10046)",2,1,True,[6754]
"(7343, 13147)",2,1,True,[13147]
"(7204, 9429)",2,1,True,"[7204, 9429]"
"(3349, 13463)",2,1,True,[13463]
"(3512, 9465)",2,1,True,[9465]
"(5051, 9223)",2,1,True,[5051]
"(5638, 6281)",2,1,True,"[5638, 6281]"
"(3978, 7005)",2,1,True,[7005]
"(749, 12237)",2,1,True,[12237]
"(4214, 10313)",2,1,True,[10313]
"(2149, 3011)",2,1,True,[2149]
"(2413, 11832)",2,1,False,[]
"(148, 911)",2,1,True,[911]
"(2047, 11089)",2,1,True,[2047]
"(11496, 12533)",2,1,True,"[11496, 12533]"
"(4256, 9916)",2,1,True,[4256]
"(645, 3907)",2,1,False,[]
"(9188, 13383)",2,1,True,"[9188, 13383]"
"(2881, 12713)",2,1,True,[12713]
"(192, 7095)",2,1,True,[7095]
"(1382, 3115, 11001)",3,1,True,[11001]
"(4704, 9360)",2,1,True,[9360]
"(2763, 7748)",2,1,True,[7748]
"(6714, 7047)",2,1,True,[6714]
"(25, 8119)",2,1,True,[8119]
"(2804, 3129, 6483)",3,1,True,[2804]
"(2142, 2759)",2,1,True,[2759]
"(9460, 10001)",2,1,True,[10001]
"(926, 9217)",2,1,False,[]
"(9248, 13707)",2,1,True,[9248]
"(5751, 8557)",2,1,False,[]
"(7576, 13951)",2,1,True,[13951]
"(658, 1075)",2,1,False,[]
"(1847, 7509)",2,1,True,[7509]
"(4436, 7036, 7066)",3,1,False,[]
"(7482, 9590)",2,1,True,[9590]
"(410, 645, 1329, 3621, 5410, 5867, 6464)",7,1,True,[5867]
"(4531, 11991)",2,1,True,[11991]
"(4759, 9824)",2,1,True,[9824]
"(986, 1646, 1646)",3,1,False,[]
"(1006, 5491, 6753)",3,1,True,[1006]
"(7065, 12476)",2,1,True,[12476]
"(4409, 6481)",2,1,True,[4409]
"(6687, 9983)",2,1,False,[]
"(6605, 13393)",2,1,False,[]
"(4038, 13735)",2,1,True,[13735]
"(9498, 13805)",2,1,True,"[9498, 13805]"
"(3129, 3488, 5203, 5380)",4,1,False,[]
"(192, 1893, 5165, 5439)",4,1,True,"[1893, 5165, 5439]"
"(2397, 2658)",2,1,True,[2658]
"(9917, 10383)",2,1,True,[10383]
"(235, 1077)",2,1,True,[1077]
"(3631, 12082)",2,1,True,[12082]
"(318, 2947)",2,1,True,[2947]
"(11554, 12951)",2,1,True,[11554]
"(521, 860)",2,1,True,[860]
"(1970, 9378)",2,1,True,"[1970, 9378]"
"(128, 6715)",2,1,True,[6715]
"(4037, 9625)",2,1,True,"[4037, 9625]"
"(8972, 11744)",2,1,True,"[8972, 11744]"
"(432, 1012, 2992)",3,1,True,[2992]
"(7976, 12780)",2,1,True,[12780]
"(167, 1922)",2,1,False,[]
"(1004, 3702)",2,1,True,"[1004, 3702]"
"(7510, 11992)",2,1,True,[11992]
"(620, 10926)",2,1,True,[10926]
"(997, 12038)",2,1,True,[12038]
"(5578, 8104)",2,1,False,[]
"(4485, 12428)",2,1,True,[4485]
"(844, 12515, 13158)",3,1,False,[]
"(6864, 8877)",2,1,True,[8877]
"(10168, 13887)",2,1,True,[10168]
"(7012, 13195)",2,1,True,[13195]
"(7472, 12729)",2,1,True,[12729]
"(13912, 13952)",2,1,True,"[13912, 13952]"
"(3454, 10708)",2,1,True,[10708]
"(5855, 10486)",2,1,True,[5855]
"(6318, 8040)",2,1,True,[8040]
"(10840, 13639)",2,1,False,[]
"(8528, 9100)",2,1,True,[9100]
"(10, 13800)",2,1,False,[]
"(1931, 4042)",2,1,True,[4042]
"(10106, 13116)",2,1,True,[13116]
"(899, 8158)",2,1,True,[8158]
"(3888, 10084)",2,1,False,[]
"(2408, 7364)",2,1,True,[7364]
"(1124, 10389)",2,1,True,[10389]
"(2280, 7511)",2,1,True,[7511]
"(3908, 6317)",2,1,True,[6317]
"(3175, 14083)",2,1,True,[3175]
"(4759, 11117)",2,1,True,[11117]
"(7148, 10083)",2,1,True,[10083]
"(3720, 6421)",2,1,True,[6421]
"(9502, 12240)",2,1,True,"[9502, 12240]"
"(2525, 3388)",2,1,True,[3388]
"(6194, 12694)",2,1,True,"[6194, 12694]"
"(2478, 8087)",2,1,True,[8087]
"(1858, 8157)",2,1,True,[8157]
"(2650, 9811)",2,1,True,[9811]
"(4344, 14171)",2,1,True,[14171]
"(1959, 1959)",2,1,False,[]
"(5299, 11461)",2,1,False,[]
"(1124, 4872)",2,1,True,[4872]
"(5298, 10644)",2,1,True,[5298]
"(1832, 13253)",2,1,True,[13253]
"(12924, 14140)",2,1,True,"[12924, 14140]"
"(452, 513, 1639)",3,1,True,[1639]
"(9190, 9619)",2,1,True,[9190]
"(4834, 7539)",2,1,True,[7539]
"(2575, 4438)",2,1,True,"[2575, 4438]"
"(4099, 4246)",2,1,True,[4099]
"(3804, 11618)",2,1,True,[3804]
"(2114, 2860)",2,1,False,[]
"(7038, 8320)",2,1,True,[8320]
"(1569, 9846)",2,1,True,[9846]
"(10936, 13672)",2,1,True,[13672]
"(274, 4272)",2,1,True,[4272]
"(2281, 14120)",2,1,True,"[2281, 14120]"
"(1690, 5691)",2,1,True,[5691]
"(10714, 12481)",2,1,True,[12481]
"(9393, 13604)",2,1,True,[13604]
"(1012, 2863)",2,1,True,[2863]
"(4577, 9252)",2,1,True,[4577]
"(7456, 10004)",2,1,True,[7456]
"(124, 6944)",2,1,True,[6944]
"(734, 5690)",2,1,True,[5690]
"(8653, 9222)",2,1,True,[8653]
"(9551, 11746)",2,1,True,"[9551, 11746]"
"(3456, 9015)",2,1,True,[9015]
"(2246, 9345)",2,1,False,[]
"(814, 8665)",2,1,True,[814]
"(3279, 13890)",2,1,True,[3279]
"(4161, 11590)",2,1,True,[11590]
"(5950, 11917)",2,1,True,"[5950, 11917]"
"(991, 1985)",2,1,True,[1985]
"(2840, 6231)",2,1,True,[6231]
"(12297, 13671)",2,1,True,"[12297, 13671]"
"(1528, 6282)",2,1,True,"[1528, 6282]"
"(4177, 9780)",2,1,True,"[4177, 9780]"
"(1631, 1887, 4535, 8974)",4,1,False,[]
"(2703, 2766, 6063)",3,1,True,[6063]
"(7772, 12510)",2,1,True,[7772]
"(5593, 12565)",2,1,True,[5593]
"(6485, 12043)",2,1,False,[]
"(334, 7653)",2,1,True,[7653]
"(16, 13175)",2,1,False,[]
"(799, 9924)",2,1,False,[]
"(6078, 8396, 9983)",3,1,False,[]
"(5142, 13499)",2,1,True,"[5142, 13499]"
"(7345, 12748)",2,1,True,[12748]
"(5812, 10130)",2,1,True,"[5812, 10130]"
"(4663, 6076)",2,1,True,[4663]
"(1809, 6180)",2,1,True,[1809]
"(751, 861, 1109, 3257)",4,1,True,[751]
"(823, 1688, 2415)",3,1,True,[2415]
"(825, 7280)",2,1,True,[7280]
"(12923, 13275)",2,1,True,[12923]
"(4124, 6787)",2,1,True,[4124]
"(10170, 11357)",2,1,True,"[10170, 11357]"
"(17, 215, 321, 1082, 7672)",5,1,False,[]
"(7069, 10211)",2,1,True,[7069]
"(477, 2340)",2,1,False,[]
"(6066, 12244)",2,1,False,[]
"(4215, 12818)",2,1,True,[4215]
"(5297, 12564)",2,1,True,[5297]
"(11364, 12110)",2,1,True,[12110]
"(101, 113, 941, 1372, 4474, 4786, 6166)",7,1,True,[4474]
"(13, 614, 4583, 5859, 7941)",5,1,False,[]
"(8156, 11239)",2,1,True,[8156]
"(456, 3759)",2,1,True,[456]
"(3401, 4259)",2,1,True,[4259]
"(12784, 13862)",2,1,True,[13862]
"(57, 57)",2,1,False,[]
"(5689, 6979)",2,1,True,[5689]
"(7903, 7942)",2,1,True,[7942]
"(3053, 10425)",2,1,True,[3053]
"(6542, 8451)",2,1,False,[]
"(983, 2779)",2,1,False,[]
"(146, 6195)",2,1,False,[]
"(10048, 11223)",2,1,True,[11223]
"(8496, 9220)",2,1,True,[8496]
"(4353, 10219)",2,1,False,[]
"(1918, 2686)",2,1,True,[1918]
"(2522, 3243)",2,1,True,"[2522, 3243]"
"(5726, 10003)",2,1,True,[5726]
"(7094, 8362)",2,1,True,[7094]
"(216, 12707, 13638)",3,1,True,[13638]
"(5664, 6462)",2,1,False,[]
"(6946, 9728)",2,1,False,[]
"(71, 6757)",2,1,True,[6757]
"(3803, 6809)",2,1,True,"[3803, 6809]"
"(5267, 7868)",2,1,True,[5267]
"(219, 1675)",2,1,True,[1675]
"(4179, 6704, 10257, 10664)",4,1,True,[10257]
"(223, 13076)",2,1,False,[]
"(736, 1292, 3116, 8159)",4,1,True,"[736, 1292]"
"(1185, 7346)",2,1,True,[7346]
"(152, 6337)",2,1,False,[]
"(4659, 4659)",2,1,False,[]
"(2267, 3745)",2,1,False,[]
"(12938, 14148)",2,1,True,[14148]
"(338, 983, 3682, 10005, 11462)",5,1,True,[11462]
"(11878, 12192)",2,1,True,"[11878, 12192]"
"(4635, 5033)",2,1,False,[]
"(7099, 12145)",2,1,True,[12145]
"(3373, 13465)",2,1,False,[]
"(303, 3136)",2,1,True,[3136]
"(12896, 13778)",2,1,True,"[12896, 13778]"
"(5244, 8321)",2,1,True,[8321]
"(4511, 11399)",2,1,True,[4511]
"(3681, 9737)",2,1,True,"[3681, 9737]"
"(6909, 13673)",2,1,True,"[6909, 13673]"
"(621, 3231, 7279)",3,1,False,[]
"(3901, 8088)",2,1,True,[8088]
"(6452, 10390)",2,1,True,"[6452, 10390]"
"(14032, 14032)",2,1,True,[14032]
"(1631, 9943)",2,1,True,[9943]
"(2444, 7928)",2,1,True,[7928]
"(9885, 13046)",2,1,True,[9885]
"(2470, 3844)",2,1,True,[3844]
"(2539, 13640)",2,1,True,[13640]
"(8438, 8778)",2,1,False,[]
"(13277, 13738)",2,1,True,"[13277, 13738]"
"(4535, 9789)",2,1,False,[]
"(8464, 14198)",2,1,True,[8464]
"(3277, 8667)",2,1,True,[3277]
"(1179, 2736)",2,1,True,"[1179, 2736]"
"(2553, 4638, 9422)",3,1,False,[]
"(12671, 13498)",2,1,True,"[12671, 13498]"
"(1299, 11214)",2,1,True,[11214]
"(10492, 14121)",2,1,True,[10492]
"(9321, 11806)",2,1,True,"[9321, 11806]"
"(89, 8506)",2,1,True,[8506]
"(4462, 12298)",2,1,True,[12298]
"(16, 5727)",2,1,False,[]
"(1343, 9192)",2,1,True,[9192]
"(3492, 3492, 5077, 5464, 9781)",5,1,False,[]
"(6051, 7161)",2,1,False,[]
"(3902, 4562, 5781)",3,1,False,[]
"(13077, 13500)",2,1,True,[13500]
"(6910, 10646)",2,1,True,"[6910, 10646]"
"(6423, 9017)",2,1,True,[6423]
"(5079, 7365)",2,1,True,[5079]
"(2501, 8048)",2,1,True,[8048]
"(1575, 1601, 1619)",3,1,True,[1575]
"(480, 12482)",2,1,True,[480]
"(433, 2349, 6094)",3,1,False,[]
"(2610, 9433)",2,1,True,"[2610, 9433]"
"(6692, 8160)",2,1,True,"[6692, 8160]"
"(5054, 11557)",2,1,False,[]
"(5640, 6980)",2,1,True,[6980]
"(2464, 6366)",2,1,True,[2464]
"(7512, 10284)",2,1,True,[7512]
"(1560, 2743)",2,1,True,[1560]
"(762, 1160)",2,1,True,[1160]
"(5907, 11361)",2,1,True,"[5907, 11361]"
"(9131, 11362)",2,1,False,[]
"(6399, 7101, 7457)",3,1,True,[7457]
"(499, 6517)",2,1,False,[]
"(6664, 8497)",2,1,True,[6664]
"(815, 11360)",2,1,True,[11360]
"(6484, 10006)",2,1,True,[10006]
"(6003, 8827)",2,1,False,[]
"(272, 11359)",2,1,True,[11359]
"(2754, 9149)",2,1,False,[]
"(7835, 12423)",2,1,True,"[7835, 12423]"
"(3661, 11481)",2,1,True,[3661]
"(234, 2850, 6655, 8931)",4,1,False,[]
"(3729, 10391)",2,1,True,[10391]
"(3909, 7100)",2,1,True,[7100]
"(8666, 10171)",2,1,True,[8666]
"(2010, 2550)",2,1,False,[]
"(219, 13146)",2,1,True,[13146]
"(181, 3890, 4738, 6844)",4,1,True,"[4738, 6844]"
"(8826, 12985)",2,1,True,[8826]
"(5260, 10900)",2,1,False,[]
"(9411, 9480)",2,1,False,[]
"(3479, 9221)",2,1,False,[]
"(2969, 7155)",2,1,False,[]
"(768, 7347)",2,1,True,[7347]
"(14, 1198, 4903)",3,1,True,[4903]
"(6703, 8987)",2,1,True,[6703]
"(1687, 12283)",2,1,False,[]
"(11849, 13991)",2,1,True,[13991]
"(3161, 4632)",2,1,True,[4632]
"(1959, 11224)",2,1,False,[]
"(4510, 5639)",2,1,True,"[4510, 5639]"
"(8836, 12495)",2,1,True,[8836]
"(4483, 8855)",2,1,True,[4483]
"(2224, 2663)",2,1,True,[2224]
"(1809, 2419)",2,1,True,[1809]
"(3664, 9016)",2,1,True,[3664]
"(5592, 5922)",2,1,True,"[5592, 5922]"
"(3887, 13978)",2,1,True,[13978]
"(685, 12146)",2,1,False,[]
"(4921, 5024, 8247)",3,1,True,[8247]
"(12111, 14306)",2,1,True,"[12111, 14306]"
"(5345, 5692)",2,1,True,[5692]
"(8525, 9707)",2,1,True,[9707]
"(6453, 12015)",2,1,False,[]
"(4767, 6077)",2,1,True,[4767]
"(330, 7165)",2,1,False,[]
"(79, 10036)",2,1,False,[]
"(9966, 14084)",2,1,True,[14084]
"(629, 2408, 4146)",3,1,False,[]
"(5167, 10645)",2,1,True,[10645]
"(1215, 3530)",2,1,True,"[1215, 3530]"
"(4637, 13710)",2,1,True,[4637]
"(5025, 6719, 8029)",3,1,True,[6719]
"(4873, 10681)",2,1,True,"[4873, 10681]"
"(4425, 4666)",2,1,True,[4666]
"(344, 3034)",2,1,True,[3034]
"(9306, 10514)",2,1,True,"[9306, 10514]"
"(1117, 5370)",2,1,True,"[1117, 5370]"
"(2377, 3317, 7039)",3,1,True,[7039]
"(8641, 11685)",2,1,True,[8641]
"(12925, 13434)",2,1,True,[12925]
"(8565, 11508)",2,1,False,[]
"(1681, 6319)",2,1,True,[6319]
"(5078, 10613)",2,1,False,[]
"(132, 14300)",2,1,False,[]
"(2803, 7971)",2,1,False,[]
"(3954, 9070, 10172)",3,1,True,[3954]
"(13641, 13891)",2,1,True,[13891]
"(2408, 7914, 9222)",3,1,False,[]
"(7614, 9476)",2,1,True,[7614]
"(465, 2114, 3828)",3,1,True,[3828]
"(8427, 9503)",2,1,True,[9503]
"(917, 1762)",2,1,True,[1762]
"(1483, 2233)",2,1,True,[2233]
"(410, 4097)",2,1,False,[]
"(8688, 8812)",2,1,False,[]
"(1835, 9191, 13276)",3,1,True,"[9191, 13276]"
"(579, 3296, 10679)",3,1,True,[579]
"(1476, 7940)",2,1,False,[]
"(645, 6717)",2,1,False,[]
"(348, 604)",2,1,True,[348]
"(6459, 12705)",2,1,True,[6459]
"(748, 1725)",2,1,True,[1725]
"(4437, 5131)",2,1,True,[4437]
"(9501, 11720)",2,1,True,[9501]
"(1537, 4833)",2,1,True,[4833]
"(2253, 5566)",2,1,True,[5566]
"(7682, 8480)",2,1,True,[7682]
"(12471, 12716)",2,1,True,[12716]
"(2096, 2191, 11242)",3,1,False,[]
"(433, 2267, 3847, 4532, 4636, 6179)",6,1,False,[]
"(2908, 5029)",2,1,True,[2908]
"(2555, 7613)",2,1,True,[2555]
"(6451, 14312)",2,1,True,[6451]
"(986, 1646, 6237)",3,1,False,[]
"(3705, 9129)",2,1,True,[3705]
"(11115, 12747)",2,1,True,[11115]
"(3547, 6755, 9069)",3,1,True,[6755]
"(9391, 13313)",2,1,True,[9391]
"(1092, 3704)",2,1,True,[3704]
"(12762, 13776)",2,1,True,[13776]
"(3345, 9364)",2,1,True,[9364]
"(1138, 2135, 5309)",3,1,True,[2135]
"(28, 96, 1197, 1283, 1945, 2897, 3156, 9266)",8,1,True,[1283]
"(12, 610, 850)",3,1,True,"[12, 850]"
"(3341, 7206)",2,1,True,[7206]
"(4353, 11293)",2,1,True,[11293]
"(6102, 10282)",2,1,True,"[6102, 10282]"
"(4041, 10128)",2,1,True,[4041]
"(10627, 13602)",2,1,True,[13602]
"(1468, 10387)",2,1,True,[10387]
"(10129, 12398)",2,1,True,[10129]
"(12895, 13670)",2,1,True,[13670]
"(402, 460)",2,1,False,[]
"(319, 830)",2,1,True,[830]
"(4278, 9845)",2,1,True,[9845]
"(6050, 12076)",2,1,True,"[6050, 12076]"
"(3471, 5542)",2,1,False,[]
"(13075, 13346)",2,1,True,"[13075, 13346]"
"(6756, 11149)",2,1,True,[11149]
"(879, 2553, 3858)",3,1,False,[]
"(5343, 7651, 13433)",3,1,True,[7651]
"(840, 4611)",2,1,True,[840]
"(11589, 12109)",2,1,True,"[11589, 12109]"
"(6320, 10169)",2,1,True,[10169]
"(1523, 7733)",2,1,False,[]
"(1049, 8564)",2,1,True,[8564]
"(1197, 3156, 9130)",3,1,False,[]
"(2439, 13044)",2,1,True,[13044]
"(12269, 12332)",2,1,True,"[12269, 12332]"
"(4322, 4814)",2,1,True,[4814]
"(12875, 13329)",2,1,True,"[12875, 13329]"
"(2352, 7052)",2,1,False,[]
"(7902, 13777)",2,1,True,[7902]
"(7507, 9665)",2,1,True,[9665]
"(1481, 3490)",2,1,True,[3490]
"(4412, 7805)",2,1,False,[]
"(298, 5725)",2,1,True,[298]
"(4385, 14154)",2,1,True,[4385]
"(627, 4896)",2,1,True,[627]
"(12696, 12858)",2,1,True,[12858]
"(10210, 10572, 10643)",3,1,True,"[10210, 10572]"
"(983, 3978)",2,1,False,[]
"(5895, 12178)",2,1,True,[12178]
"(1369, 9014)",2,1,False,[]
"(10792, 11762)",2,1,True,"[10792, 11762]"
"(5419, 6003)",2,1,False,[]
"(5296, 6422, 6841)",3,1,True,[6422]
"(3455, 11641)",2,1,True,[11641]
"(57, 3052, 6808)",3,1,True,"[3052, 6808]"
"(4703, 7068)",2,1,True,[7068]
"(230, 3173)",2,1,False,[]
"(4384, 5029)",2,1,True,[4384]
"(11035, 13867)",2,1,True,[13867]
"(7804, 10251)",2,1,True,[10251]
"(5242, 10711)",2,1,True,[5242]
"(1399, 3355)",2,1,False,[]
"(7578, 12397)",2,1,True,"[7578, 12397]"
"(9844, 13601)",2,1,True,"[9844, 13601]"
"(4731, 10899)",2,1,True,[4731]
"(7537, 14153)",2,1,True,[14153]
"(6550, 6576, 8462, 11184, 11317)",5,1,True,[8462]
"(5313, 6874, 6893, 6942)",4,1,False,[]
"(527, 1634, 4273)",3,1,False,[]
"(3488, 7771)",2,1,False,[]
"(552, 8154)",2,1,True,[8154]
"(10353, 10746)",2,1,True,[10353]
"(1004, 14273)",2,1,True,[1004]
"(139, 10243)",2,1,True,[10243]
"(495, 8740)",2,1,True,[8740]
"(4123, 13496)",2,1,True,[13496]
"(6372, 7570)",2,1,True,[6372]
"(444, 490, 656, 10081)",4,1,False,[]
"(2904, 5166)",2,1,True,"[2904, 5166]"
"(7681, 10281)",2,1,True,[7681]
"(549, 2256, 2408)",3,1,False,[]
"(3246, 12042)",2,1,True,[3246]
"(2660, 6483)",2,1,False,[]
"(2034, 3665)",2,1,True,[2034]
"(264, 8913)",2,1,False,[]
"(6230, 6615)",2,1,True,[6230]
"(6027, 12857)",2,1,True,[6027]
"(7205, 9883)",2,1,True,"[7205, 9883]"
"(997, 1776, 5688)",3,1,True,[1776]
"(2580, 3605)",2,1,True,[2580]
"(10969, 11233)",2,1,False,[]
"(254, 1610, 2164, 3703)",4,1,True,[2164]
"(5578, 6315)",2,1,True,[6315]
"(983, 3406, 8184)",3,1,False,[]
"(6978, 9128)",2,1,True,[9128]
"(570, 570, 7397)",3,1,False,[]
"(1407, 1849)",2,1,True,[1849]
"(8741, 10573)",2,1,True,"[8741, 10573]"
"(4835, 11894)",2,1,True,[11894]
"(1503, 11036)",2,1,True,[11036]
"(3407, 7483)",2,1,True,"[3407, 7483]"
"(5023, 8531)",2,1,True,"[5023, 8531]"
"(5744, 11959)",2,1,True,[5744]
"(4135, 12590)",2,1,False,[]
"(6397, 9098)",2,1,True,[9098]
"(3374, 10082)",2,1,True,"[3374, 10082]"
"(1724, 4362)",2,1,True,[4362]
"(1169, 10723)",2,1,True,[1169]
"(1516, 3508)",2,1,True,"[1516, 3508]"
"(92, 778)",2,1,True,[92]
"(7098, 11916)",2,1,True,[7098]
"(2039, 13603)",2,1,True,"[2039, 13603]"
"(655, 1628, 2134, 2446, 13315)",5,1,True,[1628]
"(1809, 7699)",2,1,True,[1809]
"(3944, 7398)",2,1,True,[7398]
"(578, 2268)",2,1,True,[2268]
"(5049, 9884)",2,1,False,[]
"(8856, 12717)",2,1,True,[8856]
"(12984, 13977)",2,1,True,[13977]
"(4535, 8893)",2,1,True,[8893]
"(5591, 13889)",2,1,True,"[5591, 13889]"
"(1930, 4016)",2,1,True,[1930]
"(246, 9288)",2,1,True,[9288]
"(288, 1538, 3093)",3,1,True,[288]
"(7139, 12591)",2,1,True,[7139]
"(9189, 9919)",2,1,True,"[9189, 9919]"
"(1124, 10283)",2,1,True,[10283]
"(8413, 8588)",2,1,True,"[8413, 8588]"
"(8290, 14291)",2,1,True,[8290]
"(1611, 4963)",2,1,True,"[1611, 4963]"
"(2750, 12011)",2,1,True,[2750]
"(2857, 11779)",2,1,True,[2857]
"(6188, 13314)",2,1,False,[]
"(451, 1671)",2,1,False,[]
"(678, 7344)",2,1,True,[7344]
"(12270, 14119)",2,1,True,"[12270, 14119]"
"(2696, 9099)",2,1,True,[2696]
"(4943, 12077)",2,1,True,"[4943, 12077]"
"(1699, 9627)",2,1,True,[9627]
"(6992, 8726)",2,1,False,[]
"(4920, 12695)",2,1,True,"[4920, 12695]"
"(2213, 5789)",2,1,True,[5789]
"(6147, 8029, 9383)",3,1,False,[]
"(1119, 14155)",2,1,True,[14155]
"(4610, 4747)",2,1,True,[4747]
"(10041, 12333)",2,1,True,[12333]
"(3744, 9432)",2,1,True,"[3744, 9432]"
"(137, 4380)",2,1,True,[4380]
"(7612, 8463)",2,1,True,"[7612, 8463]"
"(1295, 4687, 5189)",3,1,True,[5189]
"(12798, 14054)",2,1,True,[14054]
"(157, 9706)",2,1,True,[9706]
"(3649, 9550)",2,1,False,[]
"(404, 7289)",2,1,False,[]
"(12535, 13869)",2,1,False,[]
"(425, 9983)",2,1,True,[425]
"(5141, 7714)",2,1,True,"[5141, 7714]"
"(1770, 11116)",2,1,True,[11116]
"(309, 1048, 3054)",3,1,False,[]
"(5243, 7538)",2,1,True,[7538]
"(631, 12296)",2,1,False,[]
"(8155, 12563)",2,1,True,[12563]
"(83, 3761)",2,1,True,[3761]
"(787, 6373)",2,1,True,[787]
"(2348, 11398)",2,1,False,[]
"(11, 9396)",2,1,False,[]
"(5876, 11318)",2,1,True,[5876]
"(2139, 8197)",2,1,False,[]
"(2027, 11971)",2,1,False,[]
"(4649, 9396)",2,1,True,[4649]
"(11071, 14203)",2,1,True,[11071]
"(5942, 12480)",2,1,True,"[5942, 12480]"
"(4495, 12703)",2,1,False,[]
"(5761, 11356)",2,1,True,[11356]
"(1342, 7559, 7634)",3,1,True,[7634]
"(165, 554, 11355)",3,1,True,[165]
"(1502, 5266)",2,1,True,[1502]
"(2728, 13284)",2,1,False,[]
"(7652, 10773)",2,1,False,[]
"(8426, 14053)",2,1,True,[8426]
"(9476, 13838)",2,1,True,[13838]
"(680, 2155, 2581)",3,1,True,[2581]
"(615, 12939)",2,1,False,[]
"(6032, 13571)",2,1,True,[13571]
"(10713, 12207)",2,1,True,[10713]
"(3350, 4482)",2,1,True,[3350]
"(756, 6348)",2,1,False,[]
"(10388, 10979)",2,1,True,[10979]
"(13298, 13384)",2,1,False,[]
"(13839, 14197)",2,1,True,"[13839, 14197]"
"(2155, 11664)",2,1,True,[11664]
"(3720, 6421, 9270)",3,1,True,[6421]
"(3150, 7598)",2,1,True,[7598]
"(111, 3422)",2,1,False,[]
"(6398, 13915)",2,1,True,[6398]
"(7451, 11684)",2,1,True,[11684]
"(124, 13550)",2,1,False,[]
"(2666, 10152)",2,1,True,[2666]
"(5353, 14285)",2,1,True,[14285]
"(8361, 10935)",2,1,True,[10935]
"(3133, 12179)",2,1,False,[]
"(357, 1289, 3375, 3802)",4,1,True,[3375]
"(2378, 6691)",2,1,True,[6691]
"(4461, 6617)",2,1,True,[4461]
"(4901, 8532)",2,1,True,[8532]
"(13868, 14141)",2,1,True,[14141]
"(36, 6398)",2,1,True,[6398]
"(871, 1631, 1929, 5811)",4,1,False,[]
"(10612, 11185)",2,1,True,[10612]
"(259, 2140)",2,1,True,[2140]
"(8001, 9150)",2,1,True,[8001]
"(2512, 3706, 3908)",3,1,True,[2512]
"(2927, 3308, 5095, 5362)",4,1,False,[]
"(5344, 9965)",2,1,True,[9965]
"(1990, 4358)",2,1,False,[]
"(2967, 4066)",2,1,True,[4066]
"(4343, 12631)",2,1,False,[]
"(1631, 1937, 5702)",3,1,False,[]
"(2909, 3587)",2,1,False,[]
"(5104, 6077)",2,1,True,[5104]
"(10354, 14332)",2,1,True,[10354]
"(2880, 4089, 4284, 7307, 11261)",5,1,True,[7307]
"(8289, 9392)",2,1,True,[8289]
"(4855, 4948, 5578, 9383)",4,1,False,[]
"(887, 8171)",2,1,True,[887]
"(5491, 7713)",2,1,True,[7713]
"(3174, 6718)",2,1,True,[3174]
"(889, 5875)",2,1,False,[]
"(10, 11222)",2,1,True,[11222]
"(1016, 4363)",2,1,True,[1016]
"(379, 8111, 9151)",3,1,False,[]
"(3827, 11182)",2,1,False,[]
"(962, 5742)",2,1,True,[5742]
"(69, 13497)",2,1,True,[13497]
"(1045, 4562)",2,1,True,[1045]
"(782, 3328)",2,1,False,[]
"(7632, 14202)",2,1,True,[14202]
"(11151, 13045)",2,1,True,[13045]
"(2671, 5301)",2,1,True,[2671]
"(1183, 7314)",2,1,False,[]
"(11493, 13114)",2,1,True,[13114]
"(4682, 4705)",2,1,True,[4705]
"(13088, 14075)",2,1,True,[14075]
"(1551, 10485)",2,1,True,[1551]
"(3005, 12889)",2,1,True,[3005]
"(5940, 10207)",2,1,True,[5940]
"(4142, 4284)",2,1,False,[]
"(7166, 7934)",2,1,True,[7166]
"(3221, 3860, 5510)",3,1,False,[]
"(1769, 1954, 5404, 11256)",4,1,True,[1769]
"(12696, 13723)",2,1,True,[13723]
"(3532, 6048)",2,1,True,[6048]
"(12028, 12028)",2,1,True,[12028]
"(881, 10532)",2,1,True,[10532]
"(8766, 10368)",2,1,True,[8766]
"(11611, 14260)",2,1,True,"[11611, 14260]"
"(7277, 13311)",2,1,True,[13311]
"(11803, 12813)",2,1,True,[12813]
"(727, 3900)",2,1,False,[]
"(6803, 12662)",2,1,True,"[6803, 12662]"
"(14026, 14140)",2,1,True,"[14026, 14140]"
"(6378, 12139)",2,1,True,[6378]
"(6610, 9283)",2,1,True,[9283]
"(224, 7426)",2,1,True,[224]
"(170, 1207)",2,1,False,[]
"(1489, 13218)",2,1,False,[]
"(455, 758, 6839)",3,1,True,[758]
"(9282, 10244)",2,1,True,"[9282, 10244]"
"(1942, 13014)",2,1,True,[13014]
"(11492, 14027)",2,1,True,"[11492, 14027]"
"(10554, 11057)",2,1,True,[10554]
"(5050, 12587)",2,1,True,[12587]
"(11742, 13567)",2,1,True,[11742]
"(212, 212)",2,1,False,[]
"(2435, 13142)",2,1,True,[13142]
"(3938, 8968)",2,1,False,[]
"(4845, 7381)",2,1,True,[7381]
"(209, 9247)",2,1,False,[]
"(19, 34, 341)",3,1,False,[]
"(12174, 13206)",2,1,True,[12174]
"(767, 6484)",2,1,False,[]
"(13071, 14261)",2,1,True,[13071]
"(46, 2155)",2,1,True,[46]
"(9186, 10351)",2,1,True,"[9186, 10351]"
"(3177, 5960)",2,1,True,[5960]
"(6598, 9267)",2,1,True,[6598]
"(10608, 12506)",2,1,True,[12506]
"(3227, 6688)",2,1,True,[3227]
"(728, 1694)",2,1,True,[1694]
"(722, 1313)",2,1,True,[722]
"(3557, 11425)",2,1,False,[]
"(2553, 7340)",2,1,False,[]
"(4425, 5137)",2,1,True,[5137]
"(9447, 10593)",2,1,True,[10593]
"(60, 6127)",2,1,True,[6127]
"(762, 1160, 3170)",3,1,True,[1160]
"(12558, 14318)",2,1,True,[12558]
"(5756, 11143)",2,1,True,[5756]
"(13070, 13890)",2,1,False,[]
"(100, 3811, 8927)",3,1,True,[100]
"(4378, 14152)",2,1,True,[4378]
"(2576, 5941)",2,1,True,[5941]
"(1478, 11537)",2,1,False,[]
"(8560, 9006)",2,1,False,[]
"(5826, 8808)",2,1,True,[8808]
"(4181, 5252)",2,1,False,[]
"(2253, 4189)",2,1,False,[]
"(3721, 8377)",2,1,True,[8377]
"(9348, 10555)",2,1,True,"[9348, 10555]"
"(6477, 13521, 13522)",3,1,True,"[13521, 13522]"
"(6608, 13308)",2,1,True,"[6608, 13308]"
"(2138, 12812)",2,1,True,[12812]
"(2253, 11394)",2,1,True,[11394]
"(2721, 13909)",2,1,True,"[2721, 13909]"
"(672, 2253)",2,1,False,[]
"(3618, 6838)",2,1,True,[6838]
"(578, 1090)",2,1,True,[1090]
"(7165, 8561)",2,1,True,[8561]
"(3434, 11586)",2,1,False,[]
"(5162, 11830)",2,1,True,[5162]
"(7136, 11585)",2,1,True,[7136]
"(4283, 11775)",2,1,True,[4283]
"(4456, 11255)",2,1,True,"[4456, 11255]"
"(410, 3245)",2,1,False,[]
"(1243, 13377)",2,1,True,[1243]
"(5683, 5939)",2,1,True,[5939]
"(9185, 12362)",2,1,True,[12362]
"(12876, 13132)",2,1,True,[13132]
"(2659, 10638)",2,1,True,[10638]
"(2748, 8455)",2,1,True,[8455]
"(215, 1760, 2907, 8044)",4,1,False,[]
"(3195, 11033)",2,1,False,[]
"(4577, 9245)",2,1,True,"[4577, 9245]"
"(7339, 9388)",2,1,True,[9388]
"(1164, 4339)",2,1,True,"[1164, 4339]"
"(3542, 10258)",2,1,True,[10258]
"(47, 13731)",2,1,False,[]
"(746, 5054)",2,1,False,[]
"(6784, 14115)",2,1,True,[6784]
"(619, 6216)",2,1,True,[6216]
"(8284, 9361)",2,1,False,[]
"(3304, 13634)",2,1,True,[13634]
"(815, 2941)",2,1,True,[2941]
"(1210, 8077)",2,1,True,[8077]
"(16, 2854)",2,1,False,[]
"(35, 54, 341, 4190, 5212, 6747)",6,1,False,[]
"(436, 1747)",2,1,True,[436]
"(8820, 13663)",2,1,True,[8820]
"(549, 2692)",2,1,False,[]
"(334, 7832)",2,1,False,[]
"(2275, 2459, 10336)",3,1,True,"[2275, 2459]"
"(2096, 2550)",2,1,False,[]
"(4894, 7162)",2,1,True,[7162]
"(333, 2291)",2,1,True,[2291]
"(7001, 13802)",2,1,True,[13802]
"(2009, 10456)",2,1,True,[10456]
"(8654, 9347)",2,1,True,[8654]
"(186, 2527, 2817)",3,1,True,"[186, 2817]"
"(3699, 12363)",2,1,True,[3699]
"(7765, 11313)",2,1,True,[11313]
"(5876, 11802)",2,1,True,"[5876, 11802]"
"(11651, 12497)",2,1,True,[12497]
"(5614, 6802)",2,1,True,[5614]
"(2658, 10349)",2,1,True,[2658]
"(1049, 3836)",2,1,True,[3836]
"(301, 6609)",2,1,True,[6609]
"(72, 7137)",2,1,True,[7137]
"(778, 7426)",2,1,False,[]
"(7536, 11858)",2,1,True,[7536]
"(5475, 6385)",2,1,True,[6385]
"(3632, 10677)",2,1,False,[]
"(543, 1390, 7744, 8310)",4,1,True,"[543, 7744]"
"(3031, 9840)",2,1,True,[3031]
"(2313, 7732)",2,1,False,[]
"(6939, 9700)",2,1,True,[9700]
"(3612, 9221)",2,1,True,[3612]
"(7301, 13037)",2,1,True,[13037]
"(8080, 12559)",2,1,True,[12559]
"(1631, 5702)",2,1,False,[]
"(1012, 5854)",2,1,True,[5854]
"(81, 8447)",2,1,True,[81]
"(26, 56)",2,1,False,[]
"(5441, 6348)",2,1,False,[]
"(7527, 10699)",2,1,True,[10699]
"(6638, 12070)",2,1,True,"[6638, 12070]"
"(9093, 10568)",2,1,True,[9093]
"(1048, 10609)",2,1,False,[]
"(750, 1165)",2,1,True,[1165]
"(780, 1915, 4507, 5404)",4,1,True,[780]
"(4229, 7015)",2,1,True,"[4229, 7015]"
"(1774, 13073)",2,1,True,[1774]
"(1900, 4530)",2,1,True,[1900]
"(2370, 2774, 5516, 7637)",4,1,False,[]
"(429, 1459, 3528, 3798)",4,1,True,[3798]
"(11350, 13732)",2,1,True,[11350]
"(815, 5149)",2,1,False,[]
"(2178, 2576)",2,1,False,[]
"(6970, 8807)",2,1,True,[6970]
"(3418, 5602)",2,1,True,[5602]
"(9094, 9426)",2,1,True,[9426]
"(8245, 8772)",2,1,True,"[8245, 8772]"
"(6001, 6367)",2,1,True,"[6001, 6367]"
"(2829, 5830)",2,1,True,[2829]
"(2554, 2673)",2,1,False,[]
"(10311, 11831)",2,1,True,[10311]
"(2649, 11352)",2,1,False,[]
"(1737, 9153)",2,1,False,[]
"(7644, 7644)",2,1,False,[]
"(8165, 9285)",2,1,True,[8165]
"(8634, 12705)",2,1,True,[8634]
"(4457, 4971)",2,1,True,[4971]
"(3557, 11203)",2,1,False,[]
"(1359, 5877)",2,1,True,[1359]
"(5785, 7242, 9159)",3,1,True,[7242]
"(11182, 11715)",2,1,True,[11715]
"(5330, 6845, 10745)",3,1,True,[10745]
"(1361, 1631, 2148, 6088, 6384)",5,1,False,[]
"(13655, 14041)",2,1,True,[14041]
"(102, 4759)",2,1,False,[]
"(2708, 12035)",2,1,True,"[2708, 12035]"
"(1481, 2069)",2,1,False,[]
"(735, 1095, 1623)",3,1,False,[]
"(4038, 8351)",2,1,False,[]
"(954, 3555)",2,1,False,[]
"(7356, 12071)",2,1,True,[7356]
"(3898, 8589)",2,1,True,[8589]
"(12694, 13325)",2,1,True,[12694]
"(6597, 6676)",2,1,False,[]
"(11458, 12104)",2,1,True,[12104]
"(3120, 12364)",2,1,True,[12364]
"(3404, 10123)",2,1,True,[3404]
"(7127, 12496)",2,1,True,[12496]
"(774, 8852)",2,1,True,[774]
"(298, 604, 6309)",3,1,True,[298]
"(1136, 1471)",2,1,False,[]
"(5656, 8887)",2,1,True,[8887]
"(10766, 11276)",2,1,True,[10766]
"(4817, 11605)",2,1,True,[4817]
"(669, 5237, 7900)",3,1,True,[5237]
"(2122, 14216)",2,1,True,"[2122, 14216]"
"(1423, 3677)",2,1,True,[1423]
"(679, 983, 5659)",3,1,True,"[679, 5659]"
"(1580, 7380)",2,1,True,[1580]
"(3030, 4711)",2,1,True,"[3030, 4711]"
"(2609, 11108)",2,1,True,[2609]
"(889, 1898)",2,1,True,[1898]
"(8239, 8765)",2,1,True,[8765]
"(6175, 7479)",2,1,True,[7479]
"(12293, 13803)",2,1,True,[13803]
"(771, 1743)",2,1,True,"[771, 1743]"
"(9284, 10895)",2,1,True,"[9284, 10895]"
"(1865, 8730)",2,1,True,[1865]
"(655, 834, 2155, 2424, 6338, 9630)",6,1,False,[]
"(84, 6480)",2,1,True,[6480]
"(131, 2376)",2,1,True,[2376]
"(4166, 13410)",2,1,True,[13410]
"(8007, 12507)",2,1,True,[12507]
"(4191, 4828)",2,1,True,"[4191, 4828]"
"(10041, 10744)",2,1,False,[]
"(2790, 4062)",2,1,True,"[2790, 4062]"
"(4715, 12863)",2,1,False,[]
"(6655, 9526)",2,1,True,[9526]
"(32, 2112, 8045)",3,1,True,"[2112, 8045]"
"(1514, 4192)",2,1,True,[4192]
"(6, 13523)",2,1,False,[]
"(11743, 14052)",2,1,True,"[11743, 14052]"
"(3976, 9803)",2,1,True,[3976]
"(710, 747)",2,1,False,[]
"(7507, 11395)",2,1,True,[11395]
"(1870, 9731)",2,1,False,[]
"(5829, 8391)",2,1,True,[5829]
"(2791, 3949)",2,1,True,"[2791, 3949]"
"(5393, 11857)",2,1,True,[11857]
"(8707, 14248)",2,1,True,[14248]
"(2445, 8954)",2,1,True,[2445]
"(481, 6088)",2,1,True,[481]
"(3743, 11579)",2,1,True,[11579]
"(3131, 8390)",2,1,True,[8390]
"(99, 424)",2,1,False,[]
"(12532, 13850)",2,1,True,[12532]
"(1617, 6566)",2,1,True,"[1617, 6566]"
"(2185, 3585, 7573)",3,1,True,[2185]
"(3303, 6341)",2,1,True,"[3303, 6341]"
"(2253, 5072, 5263, 7391, 8752)",5,1,True,"[5072, 7391]"
"(3276, 10998)",2,1,True,[10998]
"(58, 12207)",2,1,False,[]
"(11257, 13460)",2,1,True,[11257]
"(2758, 11912)",2,1,True,[2758]
"(3967, 10196)",2,1,True,[3967]
"(2601, 6366)",2,1,True,[2601]
"(5405, 6340)",2,1,True,[6340]
"(4702, 4702)",2,1,False,[]
"(3602, 12980)",2,1,True,[12980]
"(6906, 13072)",2,1,True,[6906]
"(4434, 5766)",2,1,True,[4434]
"(1868, 8389)",2,1,True,[1868]
"(192, 983, 3262)",3,1,True,[3262]
"(1759, 2361)",2,1,True,[2361]
"(5261, 5485)",2,1,True,[5485]
"(5437, 12704)",2,1,True,[5437]
"(877, 877)",2,1,False,[]
"(10800, 13704)",2,1,True,"[10800, 13704]"
"(1505, 4529)",2,1,True,[4529]
"(5682, 6188)",2,1,True,[5682]
"(7770, 13424)",2,1,True,"[7770, 13424]"
"(9697, 13948)",2,1,True,[9697]
"(2678, 12226)",2,1,True,[2678]
"(5436, 8315)",2,1,True,[5436]
"(11965, 12945)",2,1,True,[12945]
"(681, 4338)",2,1,True,[4338]
"(3325, 12625)",2,1,True,[3325]
"(5364, 10743)",2,1,True,[10743]
"(266, 5203)",2,1,True,[266]
"(9357, 12200)",2,1,True,"[9357, 12200]"
"(1168, 6686)",2,1,True,"[1168, 6686]"
"(5656, 12979)",2,1,True,[12979]
"(8210, 10455)",2,1,True,[10455]
"(1912, 5181, 5841, 8268, 9482, 11020)",6,1,True,[11020]
"(1003, 1135)",2,1,True,[1003]
"(4896, 6693)",2,1,False,[]
"(347, 2408, 7338)",3,1,True,[7338]
"(2636, 8674, 8674)",3,1,False,[]
"(1883, 2008)",2,1,True,[2008]
"(9246, 13256)",2,1,True,[13256]
"(261, 2109, 4250)",3,1,True,[4250]
"(5006, 5580)",2,1,True,[5580]
"(10930, 12323)",2,1,True,[10930]
"(5537, 13564)",2,1,True,[13564]
"(5053, 7164)",2,1,False,[]
"(7421, 9775)",2,1,True,[7421]
"(5262, 12443)",2,1,True,"[5262, 12443]"
"(626, 988, 7742)",3,1,True,[988]
"(5385, 5565)",2,1,False,[]
"(5632, 7637)",2,1,True,[5632]
"(4607, 6475)",2,1,True,[6475]
"(90, 13377)",2,1,False,[]
"(5186, 5632, 7637, 9583)",4,1,True,[5632]
"(9003, 9092)",2,1,True,[9092]
"(2033, 3000, 3740, 4921)",4,1,False,[]
"(12627, 13458)",2,1,True,[12627]
"(5289, 11516)",2,1,True,[11516]
"(5134, 6100, 7933)",3,1,True,"[5134, 6100, 7933]"
"(316, 2536, 9112, 9865)",4,1,True,[9865]
"(2584, 8738)",2,1,True,[8738]
"(11348, 14215)",2,1,True,[14215]
"(489, 5403)",2,1,True,[5403]
"(4314, 12626)",2,1,True,[12626]
"(111, 3422, 4765, 8145)",4,1,True,[8145]
"(6607, 12034)",2,1,True,[6607]
"(6032, 7358)",2,1,True,[7358]
"(1159, 3859, 5021)",3,1,True,"[1159, 5021]"
"(206, 1486)",2,1,True,[1486]
"(2198, 11801)",2,1,True,[11801]
"(1804, 1804)",2,1,False,[]
"(1484, 4863)",2,1,True,"[1484, 4863]"
"(3751, 9659)",2,1,True,[9659]
"(513, 7992)",2,1,False,[]
"(39, 1637, 2334)",3,1,True,[1637]
"(334, 1891)",2,1,True,[1891]
"(1414, 14227)",2,1,True,[1414]
"(9423, 11289)",2,1,True,[11289]
"(1476, 7932)",2,1,True,[7932]
"(2078, 4478)",2,1,True,[2078]
"(603, 2989, 7657)",3,1,True,[2989]
"(539, 2424)",2,1,False,[]
"(6894, 11417)",2,1,True,"[6894, 11417]"
"(12696, 12844)",2,1,False,[]
"(3600, 11180, 11964)",3,1,True,"[11180, 11964]"
"(8771, 9183)",2,1,True,[9183]
"(1687, 3769)",2,1,False,[]
"(8425, 8965)",2,1,True,[8965]
"(10348, 10676)",2,1,True,[10676]
"(10272, 13907)",2,1,True,"[10272, 13907]"
"(11309, 12393)",2,1,True,[12393]
"(6512, 12557)",2,1,True,[12557]
"(9454, 13563)",2,1,True,[13563]
"(12428, 12844)",2,1,False,[]
"(8926, 10837)",2,1,True,"[8926, 10837]"
"(10023, 12360)",2,1,False,[]
"(71, 3932)",2,1,True,[3932]
"(1318, 1914)",2,1,True,[1318]
"(2953, 13562)",2,1,True,[13562]
"(112, 1421)",2,1,True,[112]
"(232, 778)",2,1,True,[232]
"(380, 1810, 2672)",3,1,True,"[380, 1810]"
"(1234, 2687, 5718)",3,1,True,[5718]
"(10483, 11911)",2,1,True,[11911]
"(2408, 3931)",2,1,True,[3931]
"(7830, 10419)",2,1,True,"[7830, 10419]"
"(9658, 12172)",2,1,True,[9658]
"(3776, 6836)",2,1,True,"[3776, 6836]"
"(3488, 5380, 6782, 10799)",4,1,True,[10799]
"(10840, 14003)",2,1,True,[14003]
"(7300, 8530)",2,1,True,[8530]
"(799, 13163)",2,1,True,[13163]
"(1631, 1631)",2,1,False,[]
"(3903, 11067)",2,1,True,"[3903, 11067]"
"(5133, 8706)",2,1,False,[]
"(192, 7357)",2,1,False,[]
"(9281, 10869)",2,1,True,[9281]
"(1121, 5356, 9807)",3,1,False,[]
"(3503, 5434)",2,1,True,[3503]
"(12776, 13800)",2,1,True,[12776]
"(2355, 3630, 4274)",3,1,False,[]
"(5288, 9057)",2,1,True,[5288]
"(2109, 4689)",2,1,False,[]
"(7899, 8282)",2,1,True,[7899]
"(1432, 4337, 5211)",3,1,True,"[1432, 4337]"
"(1062, 3402, 4745, 5720)",4,1,True,[1062]
"(12934, 14014)",2,1,True,[14014]
"(8211, 11181)",2,1,True,[11181]
"(5402, 9696)",2,1,True,[5402]
"(3100, 6722)",2,1,False,[]
"(813, 4004)",2,1,True,[4004]
"(862, 4940)",2,1,True,[862]
"(2553, 3858)",2,1,False,[]
"(230, 1012, 3048)",3,1,False,[]
"(815, 5719)",2,1,False,[]
"(283, 5433)",2,1,True,[5433]
"(12292, 12392)",2,1,True,[12292]
"(2476, 6474)",2,1,True,[2476]
"(4570, 9245)",2,1,True,[9245]
"(2413, 4038)",2,1,False,[]
"(687, 9986)",2,1,True,[9986]
"(6974, 8358)",2,1,False,[]
"(11032, 12394)",2,1,True,[11032]
"(6687, 11740)",2,1,True,[11740]
"(3070, 5236)",2,1,False,[]
"(3060, 9945)",2,1,True,"[3060, 9945]"
"(6308, 12888)",2,1,True,"[6308, 12888]"
"(3128, 3150)",2,1,True,[3128]
"(8886, 12008)",2,1,True,[8886]
"(3069, 3472)",2,1,True,[3472]
"(2691, 7505)",2,1,False,[]
"(3965, 9315)",2,1,True,[9315]
"(8452, 10637)",2,1,True,"[8452, 10637]"
"(5202, 8065)",2,1,True,[5202]
"(4929, 5515, 9314)",3,1,True,[5515]
"(5613, 12324)",2,1,True,[12324]
"(840, 8345)",2,1,True,[840]
"(2535, 5589)",2,1,True,"[2535, 5589]"
"(2685, 9783)",2,1,True,[2685]
"(6476, 11068)",2,1,True,"[6476, 11068]"
"(2236, 6905)",2,1,True,[6905]
"(13378, 14051)",2,1,True,[14051]
"(11661, 12233)",2,1,True,"[11661, 12233]"
"(4991, 5136)",2,1,True,"[4991, 5136]"
"(12417, 13862)",2,1,True,"[12417, 13862]"
"(2824, 12969, 13063)",3,1,True,"[2824, 12969]"
"(52, 940)",2,1,True,[940]
"(2879, 9184)",2,1,True,[2879]
"(10380, 11349)",2,1,True,[11349]
"(503, 1073, 2747)",3,1,False,[]
"(3103, 5783, 7851)",3,1,False,[]
"(12266, 14333)",2,1,True,[14333]
"(983, 3169)",2,1,False,[]
"(1716, 3326)",2,1,True,[3326]
"(12531, 13908)",2,1,True,[12531]
"(7610, 9005)",2,1,False,[]
"(4631, 8728)",2,1,True,[8728]
"(1433, 8851)",2,1,False,[]
"(403, 465, 1298, 2114, 3242, 3377, 4804)",7,1,True,"[1298, 4804]"
"(3840, 9776)",2,1,True,[9776]
"(3975, 4759)",2,1,False,[]
"(5791, 7105)",2,1,False,[]
"(11774, 13862)",2,1,True,[13862]
"(5721, 8850)",2,1,True,[5721]
"(7609, 10239)",2,1,True,[10239]
"(270, 11254)",2,1,False,[]
"(6535, 8148, 13127)",3,1,True,[13127]
"(7978, 13076)",2,1,False,[]
"(825, 841)",2,1,False,[]
"(10484, 11312)",2,1,True,[10484]
"(10, 10409)",2,1,True,[10409]
"(11741, 12234)",2,1,True,[12234]
"(16, 11052)",2,1,True,[11052]
"(4551, 6735)",2,1,True,[4551]
"(3676, 8114)",2,1,True,"[3676, 8114]"
"(7952, 10441)",2,1,True,[10441]
"(3651, 4665)",2,1,True,[3651]
"(1638, 10273)",2,1,True,[10273]
"(2820, 11790)",2,1,True,[11790]
"(448, 2756)",2,1,False,[]
"(4728, 7572)",2,1,False,[]
"(4035, 4521)",2,1,True,"[4035, 4521]"
"(3839, 8316)",2,1,False,[]
"(2973, 6938)",2,1,True,[2973]
"(4740, 4936)",2,1,True,[4740]
"(6067, 8131)",2,1,True,"[6067, 8131]"
"(149, 437, 1252)",3,1,True,[437]
"(4794, 11456)",2,1,True,[4794]
"(1884, 12138)",2,1,True,[1884]
"(7863, 12361)",2,1,True,[12361]
"(5565, 13270)",2,1,True,[13270]
"(3601, 13565)",2,1,True,[13565]
"(351, 449, 1846, 1907, 7642)",5,1,True,[7642]
"(6339, 8016)",2,1,True,[8016]
"(5755, 13170)",2,1,True,"[5755, 13170]"
"(4254, 7061, 8558, 10567, 11708)",5,1,False,[]
"(2217, 5588)",2,1,True,[2217]
"(5365, 5383)",2,1,True,"[5365, 5383]"
"(549, 3995)",2,1,False,[]
"(8633, 11829)",2,1,True,[8633]
"(4188, 11552)",2,1,True,[4188]
"(10206, 12505)",2,1,True,[10206]
"(1015, 9837)",2,1,True,[1015]
"(1645, 1746, 5438, 6712, 6783)",5,1,True,"[1645, 1746, 5438]"
"(1478, 6837)",2,1,False,[]
"(9063, 9063)",2,1,False,[]
"(7000, 8357)",2,1,True,[8357]
"(4179, 5476, 5935, 10594, 10664, 11337)",6,1,True,[11337]
"(8146, 12661)",2,1,True,[8146]
"(1892, 2600)",2,1,True,[2600]
"(591, 1565)",2,1,False,[]
"(6994, 11338)",2,1,True,[6994]
"(2079, 3741)",2,1,False,[]
"(7735, 12467)",2,1,True,[7735]
"(4286, 9325)",2,1,False,[]
"(971, 1346)",2,1,True,[1346]
"(13069, 13307)",2,1,True,"[13069, 13307]"
"(5959, 6032)",2,1,True,[5959]
"(6713, 9838)",2,1,True,[6713]
"(13801, 14050)",2,1,True,"[13801, 14050]"
"(4355, 6637)",2,1,True,[6637]
"(2, 774)",2,1,True,"[2, 774]"
"(2772, 6126)",2,1,True,[6126]
"(5612, 5875, 9915)",3,1,True,[5612]
"(348, 556, 11457)",3,1,True,"[348, 11457]"
"(9004, 12103)",2,1,True,"[9004, 12103]"
"(7831, 11491)",2,1,True,"[7831, 11491]"
"(318, 2816)",2,1,True,[2816]
"(2352, 9698)",2,1,True,[9698]
"(13343, 13459)",2,1,True,[13459]
"(10674, 12416)",2,1,True,[12416]
"(3275, 7743)",2,1,True,[3275]
"(5318, 8559, 10005)",3,1,False,[]
"(287, 11638)",2,1,True,[287]
"(1163, 13566)",2,1,True,"[1163, 13566]"
"(5022, 10379)",2,1,True,[10379]
"(3214, 8147)",2,1,True,[3214]
"(7390, 10931)",2,1,True,[10931]
"(13069, 13306)",2,1,True,[13069]
"(8076, 12921)",2,1,True,[12921]
"(7679, 10607)",2,1,True,[7679]
"(2819, 6022)",2,1,True,[2819]
"(552, 10965)",2,1,True,[10965]
"(192, 3614)",2,1,True,[3614]
"(4818, 8590)",2,1,True,[4818]
"(1334, 6449)",2,1,True,"[1334, 6449]"
"(5135, 6125, 6626)",3,1,True,[6125]
"(3488, 9777)",2,1,True,[9777]
"(3506, 9959)",2,1,True,[9959]
"(4449, 7191)",2,1,True,[7191]
"(844, 6969)",2,1,True,[6969]
"(9317, 13667)",2,1,True,[13667]
"(10444, 13937)",2,1,True,[13937]
"(1813, 3586)",2,1,True,[1813]
"(645, 4194)",2,1,False,[]
"(1992, 9522)",2,1,True,[1992]
"(3162, 6363, 8252, 8480)",4,1,False,[]
"(192, 983, 4026, 6515)",4,1,False,[]
"(6226, 9809)",2,1,True,[9809]
"(2131, 2224)",2,1,True,"[2131, 2224]"
"(3313, 9427)",2,1,True,[9427]
"(3933, 9161)",2,1,True,[9161]
"(5119, 9826)",2,1,True,"[5119, 9826]"
"(378, 4364)",2,1,True,[4364]
"(4684, 8563)",2,1,True,[4684]
"(7393, 13144)",2,1,True,[13144]
"(1972, 2578)",2,1,True,[2578]
"(10, 11494)",2,1,False,[]
"(3648, 8392)",2,1,True,[3648]
"(1793, 5239)",2,1,True,[1793]
"(505, 575, 3700)",3,1,False,[]
"(12294, 12665)",2,1,True,"[12294, 12665]"
"(474, 6806)",2,1,True,[474]
"(983, 2855)",2,1,False,[]
"(8854, 9701)",2,1,True,[9701]
"(5190, 9738)",2,1,False,[]
"(1274, 1542)",2,1,True,[1542]
"(3826, 10421)",2,1,True,[3826]
"(2175, 3864)",2,1,True,[3864]
"(633, 4342)",2,1,True,[4342]
"(3197, 5539)",2,1,True,[3197]
"(10045, 11353)",2,1,True,[10045]
"(637, 9066)",2,1,False,[]
"(8199, 8301)",2,1,True,"[8199, 8301]"
"(2568, 2568)",2,1,True,[2568]
"(3150, 12892)",2,1,False,[]
"(1427, 4897)",2,1,False,[]
"(237, 740, 1304, 4182)",4,1,False,[]
"(5961, 10968)",2,1,True,[5961]
"(5789, 10166)",2,1,True,[5789]
"(2579, 6101)",2,1,True,"[2579, 6101]"
"(2436, 13636)",2,1,True,[13636]
"(2377, 8493)",2,1,True,[8493]
"(5666, 13171)",2,1,True,[13171]
"(1018, 1422)",2,1,False,[]
"(699, 12010)",2,1,True,"[699, 12010]"
"(10840, 13525)",2,1,False,[]
"(4566, 13864)",2,1,True,"[4566, 13864]"
"(1045, 1364, 3977)",3,1,True,[1045]
"(4799, 12142)",2,1,True,"[4799, 12142]"
"(8111, 9151)",2,1,False,[]
"(1393, 3150)",2,1,False,[]
"(1922, 2299)",2,1,False,[]
"(4255, 7002, 9623)",3,1,True,"[4255, 9623]"
"(7647, 8213)",2,1,True,[8213]
"(2921, 8212)",2,1,True,[8212]
"(3649, 8776)",2,1,True,[8776]
"(2687, 8151)",2,1,True,[8151]
"(3649, 6279)",2,1,True,[6279]
"(2010, 9520, 12666)",3,1,False,[]
"(2022, 7747)",2,1,False,[]
"(2874, 8708)",2,1,True,[8708]
"(12949, 13495)",2,1,True,"[12949, 13495]"
"(3064, 11275)",2,1,True,[11275]
"(714, 10861)",2,1,True,[10861]
"(2660, 3082)",2,1,False,[]
"(3004, 11794)",2,1,True,[3004]
"(3272, 7497)",2,1,True,"[3272, 7497]"
"(72, 10457)",2,1,True,[10457]
"(12419, 12419)",2,1,True,[12419]
"(13524, 13888)",2,1,True,[13888]
"(3505, 4341)",2,1,True,[3505]
"(11893, 14200)",2,1,True,"[11893, 14200]"
"(10553, 11707)",2,1,True,"[10553, 11707]"
"(3090, 8821)",2,1,True,[8821]
"(2338, 2381)",2,1,True,[2381]
"(1699, 8600)",2,1,True,[8600]
"(3777, 6535)",2,1,True,[3777]
"(6343, 6369)",2,1,True,[6343]
"(2509, 3573)",2,1,True,[3573]
"(6514, 9359)",2,1,True,"[6514, 9359]"
"(2577, 3488)",2,1,True,[2577]
"(7734, 8517)",2,1,True,[8517]
"(1518, 5016)",2,1,True,[5016]
"(6200, 7936)",2,1,True,[6200]
"(5635, 9286)",2,1,True,[9286]
"(844, 6824)",2,1,True,[6824]
"(11823, 11823)",2,1,True,[11823]
"(1938, 9107)",2,1,True,[9107]
"(1979, 11260)",2,1,True,[11260]
"(1964, 6733)",2,1,False,[]
"(3330, 7974)",2,1,True,[7974]
"(9713, 12106)",2,1,True,[12106]
"(5350, 14079)",2,1,False,[]
"(6097, 9196)",2,1,True,"[6097, 9196]"
"(679, 983, 3364, 5398)",4,1,True,"[679, 3364, 5398]"
"(2066, 5919)",2,1,True,[2066]
"(2394, 3488, 5380, 6479)",4,1,True,[2394]
"(1435, 2919, 4558)",3,1,True,[2919]
"(3992, 5605)",2,1,True,[5605]
"(7765, 9187)",2,1,True,[9187]
"(2426, 6841, 7802)",3,1,True,"[2426, 7802]"
"(510, 7955)",2,1,True,[7955]
"(4633, 14195)",2,1,True,[4633]
"(190, 8117, 11967)",3,1,True,[11967]
"(1737, 8319)",2,1,True,[8319]
"(198, 2211)",2,1,True,[198]
"(1131, 1131, 1407, 1654)",4,1,True,[1654]
"(7937, 12853)",2,1,True,"[7937, 12853]"
"(6548, 13949)",2,1,True,"[6548, 13949]"
"(252, 2767, 10408)",3,1,True,[2767]
"(4063, 10569)",2,1,True,[4063]
"(258, 13041)",2,1,True,"[258, 13041]"
"(175, 1408)",2,1,True,[175]
"(4160, 13834)",2,1,False,[]
"(1392, 1674, 2199, 3891, 4831, 12445)",6,1,True,[1674]
"(9879, 12141)",2,1,True,[9879]
"(2523, 11631)",2,1,True,[11631]
"(4038, 4931)",2,1,False,[]
"(3487, 7266)",2,1,True,[3487]
"(5974, 6167)",2,1,True,[6167]
"(2563, 13842)",2,1,True,[2563]
"(1112, 4992)",2,1,True,[1112]
"(1012, 3154)",2,1,True,[3154]
"(77, 14078)",2,1,False,[]
"(10066, 11244)",2,1,True,[10066]
"(592, 1585, 2909, 4888, 8198, 8837)",6,1,True,"[592, 1585, 8837]"
"(1802, 4942)",2,1,False,[]
"(4608, 12327)",2,1,True,[4608]
"(2301, 3184)",2,1,True,[2301]
"(8393, 11144)",2,1,True,[11144]
"(7003, 14031)",2,1,True,[7003]
"(2830, 10274)",2,1,True,[10274]
"(192, 2460, 4379)",3,1,True,[2460]
"(3107, 3665)",2,1,True,[3107]
"(6395, 12328)",2,1,True,[12328]
"(2729, 5010)",2,1,True,[2729]
"(433, 2097, 3760)",3,1,False,[]
"(8778, 9287)",2,1,True,[9287]
"(12582, 13034)",2,1,True,[12582]
"(5686, 8118)",2,1,True,[5686]
"(2719, 3150, 4088)",3,1,False,[]
"(3818, 9825)",2,1,True,[3818]
"(586, 11481)",2,1,False,[]
"(7278, 10678)",2,1,True,"[7278, 10678]"
"(5907, 9304)",2,1,True,"[5907, 9304]"
"(7341, 8777)",2,1,True,[7341]
"(3556, 3849, 5891)",3,1,True,[3556]
"(3129, 10195)",2,1,False,[]
"(719, 2523)",2,1,True,[719]
"(339, 1149, 3722)",3,1,False,[]
"(8805, 10735)",2,1,True,[10735]
"(7719, 9648)",2,1,True,[9648]
"(1532, 5368)",2,1,True,[1532]
"(1990, 4762)",2,1,True,[4762]
"(7711, 13145)",2,1,True,[13145]
"(3134, 7245)",2,1,True,[7245]
"(4144, 10208)",2,1,False,[]
"(242, 6227, 13218)",3,1,False,[]
"(2027, 11315)",2,1,True,[11315]
"(12710, 13428)",2,1,True,[12710]
"(2436, 3263)",2,1,False,[]
"(2456, 8999)",2,1,True,[8999]
"(4262, 5626)",2,1,False,[]
"(5191, 7575)",2,1,True,[7575]
"(6177, 8018)",2,1,False,[]
"(6118, 11090)",2,1,True,[11090]
"(230, 1282, 3522, 3579)",4,1,False,[]
"(3517, 12004)",2,1,True,[12004]
"(3695, 11220)",2,1,False,[]
"(2488, 13526)",2,1,True,[13526]
"(2462, 6091, 8727)",3,1,True,"[6091, 8727]"
"(5455, 6440)",2,1,True,"[5455, 6440]"
"(3129, 4986)",2,1,True,[4986]
"(11778, 14196)",2,1,True,"[11778, 14196]"
"(2244, 6348)",2,1,False,[]
"(1196, 3384)",2,1,True,[3384]
"(51, 226, 10153, 10305)",4,1,False,[]
"(9476, 13209)",2,1,True,[13209]
"(2354, 7954)",2,1,True,[7954]
"(75, 7641)",2,1,False,[]
"(5920, 6344, 12446)",3,1,True,[5920]
"(4064, 11183)",2,1,True,"[4064, 11183]"
"(1271, 3155)",2,1,True,[3155]
"(6661, 7422, 8557)",3,1,False,[]
"(411, 1580)",2,1,True,[1580]
"(465, 1944, 2114)",3,1,True,[1944]
"(2030, 9589)",2,1,True,[2030]
"(13842, 14239)",2,1,False,[]
"(1509, 1509)",2,1,False,[]
"(5511, 9760)",2,1,True,[9760]
"(1046, 4714, 8033)",3,1,False,[]
"(11163, 13420)",2,1,False,[]
"(1204, 4209, 4361)",3,1,True,[1204]
"(8246, 10531)",2,1,True,[10531]
"(683, 13254)",2,1,False,[]
"(903, 2099)",2,1,False,[]
"(879, 2357, 3865)",3,1,False,[]
"(4822, 10154)",2,1,True,[10154]
"(1492, 4380)",2,1,True,[4380]
"(6662, 13950)",2,1,True,"[6662, 13950]"
"(12175, 14201)",2,1,True,[12175]
"(4109, 5776)",2,1,True,[4109]
"(4020, 6257)",2,1,True,[6257]
"(11019, 12730)",2,1,True,[11019]
"(8547, 8806)",2,1,True,"[8547, 8806]"
"(13429, 14262)",2,1,True,[13429]
"(12711, 13272)",2,1,True,[13272]
"(490, 7004)",2,1,True,[7004]
"(4943, 8152)",2,1,True,"[4943, 8152]"
"(5004, 10101)",2,1,True,[5004]
"(2805, 7922)",2,1,True,[7922]
"(12667, 13734)",2,1,True,"[12667, 13734]"
"(1126, 10431)",2,1,True,[1126]
"(6968, 10859)",2,1,True,[10859]
"(5074, 13835)",2,1,False,[]
"(2105, 7635)",2,1,True,"[2105, 7635]"
"(3751, 4651)",2,1,False,[]
"(1063, 7975)",2,1,True,[7975]
"(4658, 9497)",2,1,True,"[4658, 9497]"
"(835, 3966)",2,1,True,[3966]
"(3218, 11069)",2,1,True,[11069]
"(3, 242)",2,1,False,[]
"(9985, 11336)",2,1,True,[9985]
"(2650, 8286)",2,1,False,[]
"(44, 3489)",2,1,False,[]
"(6993, 11091)",2,1,True,"[6993, 11091]"
"(862, 5050)",2,1,True,[862]
"(12037, 12201)",2,1,True,[12201]
"(8692, 9524)",2,1,True,"[8692, 9524]"
"(1799, 2649)",2,1,False,[]
"(5953, 10335)",2,1,True,[5953]
"(11777, 11968)",2,1,True,[11968]
"(5557, 6574)",2,1,False,[]
"(4570, 8728)",2,1,True,[8728]
"(1297, 2808)",2,1,False,[]
"(7648, 14005)",2,1,True,[14005]
"(95, 2862)",2,1,True,[95]
"(417, 12745)",2,1,True,[12745]
"(3103, 6370)",2,1,True,[6370]
"(1626, 3488, 5380, 6479)",4,1,True,[1626]
"(879, 2357, 3473)",3,1,False,[]
"(7394, 7649)",2,1,True,[7649]
"(7040, 7426, 9024)",3,1,False,[]
"(2370, 3905)",2,1,True,[3905]
"(5156, 6003)",2,1,False,[]
"(1099, 6039)",2,1,True,[6039]
"(339, 4010)",2,1,True,[4010]
"(1984, 6443, 7611)",3,1,True,[1984]
"(12816, 13427)",2,1,True,[12816]
"(327, 862)",2,1,True,[862]
"(3789, 9152)",2,1,True,"[3789, 9152]"
"(11936, 13746)",2,1,False,[]
"(8456, 12851)",2,1,True,"[8456, 12851]"
"(15, 8747)",2,1,False,[]
"(229, 6462)",2,1,False,[]
"(1870, 8149, 11109)",3,1,True,[11109]
"(1424, 6639)",2,1,True,[6639]
"(4844, 7441)",2,1,True,"[4844, 7441]"
"(5616, 7710)",2,1,True,"[5616, 7710]"
"(12645, 12844)",2,1,False,[]
"(9525, 10516)",2,1,True,"[9525, 10516]"
"(417, 6611, 9124)",3,1,True,[9124]
"(4624, 8620)",2,1,True,"[4624, 8620]"
"(2840, 14029)",2,1,False,[]
"(4955, 5118)",2,1,True,[5118]
"(31, 1184, 2322, 3586)",4,1,True,"[1184, 2322]"
"(3121, 3950)",2,1,True,"[3121, 3950]"
"(6403, 12664)",2,1,True,[12664]
"(7973, 10124)",2,1,True,"[7973, 10124]"
"(13618, 14284)",2,1,True,[14284]
"(3881, 9575)",2,1,True,[3881]
"(1520, 4479, 4972)",3,1,True,[1520]
"(3678, 8773)",2,1,True,[8773]
"(645, 10989)",2,1,True,[10989]
"(4866, 9028)",2,1,False,[]
"(678, 9064)",2,1,False,[]
"(377, 983, 4026)",3,1,False,[]
"(7277, 7277)",2,1,False,[]
"(2065, 2909)",2,1,True,[2065]
"(909, 6310)",2,1,True,[909]
"(1270, 2199, 14231)",3,1,True,[1270]
"(2610, 9160)",2,1,True,[2610]
"(2279, 2392)",2,1,True,"[2279, 2392]"
"(2023, 10036)",2,1,False,[]
"(13015, 13635)",2,1,True,[13635]
"(96, 6024)",2,1,True,[6024]
"(3861, 8457)",2,1,True,[3861]
"(2649, 13222)",2,1,True,[13222]
"(5139, 14299)",2,1,True,[14299]
"(269, 4316)",2,1,True,"[269, 4316]"
"(7680, 10933)",2,1,True,[7680]
"(3611, 10445)",2,1,True,[3611]
"(8317, 12009)",2,1,True,"[8317, 12009]"
"(34, 341, 919, 2818)",4,1,False,[]
"(1707, 3591)",2,1,True,[1707]
"(1407, 1654)",2,1,True,[1654]
"(12438, 13790)",2,1,True,[13790]
"(6032, 7480)",2,1,True,[7480]
"(12743, 14169)",2,1,True,[14169]
"(4580, 7243, 8330)",3,1,True,[4580]
"(6088, 8351)",2,1,False,[]
"(4623, 13514)",2,1,True,[13514]
"(1124, 8929)",2,1,True,[8929]
"(8227, 11640)",2,1,True,[11640]
"(39, 12707)",2,1,False,[]
"(8558, 10000)",2,1,True,[10000]
"(995, 8757)",2,1,True,[995]
"(432, 8888)",2,1,True,[8888]
"(7498, 8345)",2,1,True,[7498]
"(48, 2058, 3305)",3,1,False,[]
"(12235, 12706)",2,1,False,[]
"(3433, 7066)",2,1,False,[]
"(13332, 13834)",2,1,False,[]
"(3512, 8839)",2,1,True,[8839]
"(9999, 10932)",2,1,True,[10932]
"(33, 11427)",2,1,True,[11427]
"(11258, 11804)",2,1,True,[11804]
"(11739, 11849)",2,1,True,[11739]
"(12105, 13831)",2,1,True,[13831]
"(17, 3095)",2,1,False,[]
"(5684, 12395)",2,1,True,"[5684, 12395]"
"(7928, 13493)",2,1,True,[7928]
"(11481, 12663)",2,1,True,[12663]
"(543, 7744)",2,1,True,"[543, 7744]"
"(4167, 5163)",2,1,True,"[4167, 5163]"
"(1547, 3824)",2,1,True,[3824]
"(10639, 13425)",2,1,True,"[10639, 13425]"
"(169, 507, 1385, 2451, 2451, 2730, 4285, 7892)",8,1,False,[]
"(1775, 5490)",2,1,True,[1775]
"(918, 1130, 1916)",3,1,True,[918]
"(2234, 12072)",2,1,True,[12072]
"(10312, 13038)",2,1,True,[10312]
"(1352, 13910)",2,1,False,[]
"(8852, 13597)",2,1,True,[13597]
"(6225, 8852)",2,1,True,[6225]
"(1091, 4992)",2,1,True,[1091]
"(3089, 4683)",2,1,True,[3089]
"(6173, 13158)",2,1,False,[]
"(651, 1122, 1625, 6366)",4,1,False,[]
"(5661, 5661)",2,1,True,[5661]
"(4014, 6023)",2,1,True,[4014]
"(5830, 6441)",2,1,True,[6441]
"(552, 7451)",2,1,False,[]
"(2010, 2449)",2,1,False,[]
"(6368, 8046)",2,1,True,"[6368, 8046]"
"(10027, 12061)",2,1,True,"[10027, 12061]"
"(4315, 5461)",2,1,True,"[4315, 5461]"
"(6176, 9958)",2,1,True,[6176]
"(5406, 7062)",2,1,True,[5406]
"(13734, 14249)",2,1,True,"[13734, 14249]"
"(1598, 3514)",2,1,False,[]
"(3162, 7745)",2,1,True,[7745]
"(9732, 9808)",2,1,True,[9808]
"(1661, 8490)",2,1,True,"[1661, 8490]"
"(8986, 10610, 13876)",3,1,True,[8986]
"(352, 2010)",2,1,True,[352]
"(8439, 10839)",2,1,True,"[8439, 10839]"
"(161, 4746)",2,1,True,[4746]
"(2452, 5188)",2,1,True,[5188]
"(1001, 1299)",2,1,True,[1001]
"(2425, 13494)",2,1,True,[2425]
"(1319, 1606)",2,1,True,[1319]
"(2709, 8928)",2,1,True,[8928]
"(1734, 10044)",2,1,True,[10044]
"(4852, 5431)",2,1,False,[]
"(1076, 2682, 5095, 5362)",4,1,False,[]
"(8115, 9026)",2,1,True,[8115]
"(7359, 10801)",2,1,False,[]
"(3904, 5634)",2,1,True,"[3904, 5634]"
"(2155, 5722)",2,1,True,[5722]
"(1989, 9726)",2,1,True,[9726]
"(2786, 4816)",2,1,True,[2786]
"(10640, 12850)",2,1,True,"[10640, 12850]"
"(2010, 14004)",2,1,True,[14004]
"(552, 6412)",2,1,False,[]
"(6320, 14028)",2,1,True,[14028]
"(871, 1631, 1719, 3172)",4,1,True,[3172]
"(157, 1209)",2,1,False,[]
"(178, 828)",2,1,True,[178]
"(1096, 10249, 13271)",3,1,True,[10249]
"(7574, 13207)",2,1,True,"[7574, 13207]"
"(933, 5745)",2,1,True,[5745]
"(4098, 14077)",2,1,True,[4098]
"(6342, 9358)",2,1,True,[9358]
"(8003, 8130)",2,1,True,"[8003, 8130]"
"(4798, 8562)",2,1,True,"[4798, 8562]"
"(5702, 8318)",2,1,True,[8318]
"(2063, 6926)",2,1,True,"[2063, 6926]"
"(10967, 14289)",2,1,True,[14289]
"(9458, 9700)",2,1,True,"[9458, 9700]"
"(7378, 12709)",2,1,True,"[7378, 12709]"
"(732, 1235)",2,1,False,[]
"(4480, 13039)",2,1,True,"[4480, 13039]"
"(8458, 12326)",2,1,True,[12326]
"(678, 3863)",2,1,False,[]
"(633, 3862)",2,1,True,[3862]
"(594, 2351, 9545)",3,1,True,[594]
"(4796, 5492, 8557)",3,1,True,[4796]
"(3759, 4727)",2,1,True,[4727]
"(9095, 13379)",2,1,True,[9095]
"(8853, 13016)",2,1,True,"[8853, 13016]"
"(62, 114, 163)",3,1,True,"[62, 114]"
"(318, 1497, 6312)",3,1,True,[6312]
"(4797, 14117)",2,1,True,"[4797, 14117]"
"(9040, 12778)",2,1,True,[12778]
"(5345, 9645)",2,1,False,[]
"(2776, 11000)",2,1,True,[2776]
"(5149, 7599)",2,1,True,[7599]
"(9761, 12162)",2,1,True,[12162]
"(11388, 13426)",2,1,False,[]
"(5238, 10870)",2,1,True,[5238]
"(4036, 13001)",2,1,True,[4036]
"(2553, 7646)",2,1,True,[7646]
"(1526, 6641)",2,1,True,"[1526, 6641]"
"(782, 12981)",2,1,True,[12981]
"(4645, 9619)",2,1,False,[]
"(12890, 13381)",2,1,True,"[12890, 13381]"
"(12938, 14118)",2,1,True,[14118]
"(4158, 9546)",2,1,False,[]
"(13380, 13568)",2,1,True,"[13380, 13568]"
"(8489, 13863)",2,1,False,[]
"(5321, 11111)",2,1,True,[11111]
"(6876, 10382)",2,1,True,[10382]
"(1761, 12779)",2,1,True,[1761]
"(8359, 10381)",2,1,True,[8359]
"(8613, 11428)",2,1,True,"[8613, 11428]"
"(8492, 12365)",2,1,True,"[8492, 12365]"
"(6073, 13833)",2,1,True,[13833]
"(2128, 4302, 5707, 11416)",4,1,True,"[2128, 4302, 5707, 11416]"
"(4263, 11892)",2,1,False,[]
"(5830, 7801)",2,1,False,[]
"(652, 2021)",2,1,True,"[652, 2021]"
"(401, 5353)",2,1,False,[]
"(3603, 4412, 14030)",3,1,True,[14030]
"(74, 11716)",2,1,True,[11716]
"(7746, 12660)",2,1,True,[7746]
"(3102, 4297, 7264)",3,1,True,[7264]
"(232, 4366)",2,1,True,[232]
"(62, 4713)",2,1,True,[62]
"(2841, 9096)",2,1,True,"[2841, 9096]"
"(1708, 5252)",2,1,True,[1708]
"(13040, 13780)",2,1,False,[]
"(3799, 5291)",2,1,True,"[3799, 5291]"
"(60, 7361)",2,1,False,[]
"(2097, 3742)",2,1,True,[3742]
"(10079, 10266)",2,1,True,[10079]
"(1668, 12814)",2,1,True,[1668]
"(955, 3728)",2,1,True,[3728]
"(291, 5269, 8774)",3,1,False,[]
"(1631, 1937)",2,1,False,[]
"(252, 4829, 10408)",3,1,False,[]
"(3434, 5218, 10241)",3,1,False,[]
"(6463, 9880)",2,1,True,"[6463, 9880]"
"(3371, 8285)",2,1,True,"[3371, 8285]"
"(6025, 7360, 13362)",3,1,True,[7360]
"(4728, 11259)",2,1,True,[11259]
"(10641, 12628)",2,1,True,"[10641, 12628]"
"(463, 6284)",2,1,False,[]
"(1101, 6640, 7645)",3,1,True,[7645]
"(4726, 5290)",2,1,True,[4726]
"(5781, 6483)",2,1,False,[]
"(4143, 11110)",2,1,True,[4143]
"(2432, 4550, 12351)",3,1,True,[12351]
"(84, 7063)",2,1,True,[7063]
"(5617, 8116)",2,1,True,[8116]
"(338, 4407)",2,1,True,[4407]
"(2270, 4929, 9276, 9276)",4,1,True,[2270]
"(828, 2061)",2,1,False,[]
"(4087, 12267)",2,1,True,"[4087, 12267]"
"(5151, 6628)",2,1,True,"[5151, 6628]"
"(1046, 4180, 5036)",3,1,True,[5036]
"(575, 5203)",2,1,False,[]
"(5746, 11245)",2,1,True,"[5746, 11245]"
"(954, 5319)",2,1,True,[5319]
"(7167, 7302)",2,1,True,[7167]
"(8267, 10515)",2,1,True,"[8267, 10515]"
"(1406, 6311)",2,1,True,[6311]
"(7014, 10736)",2,1,True,[10736]
"(8480, 11613)",2,1,True,[11613]
"(808, 1350)",2,1,True,[808]
"(1295, 4360, 8599)",3,1,True,[4360]
"(871, 2525, 5213)",3,1,False,[]
"(2254, 3835)",2,1,True,[2254]
"(13115, 13665)",2,1,True,"[13115, 13665]"
"(2775, 2894)",2,1,True,[2894]
"(2309, 5150)",2,1,True,"[2309, 5150]"
"(12708, 13773)",2,1,True,[12708]
"(567, 4524)",2,1,True,[4524]
"(6573, 8635, 13340)",3,1,True,"[6573, 13340]"
"(3049, 11859)",2,1,True,[11859]
"(505, 1614)",2,1,True,[1614]
"(1515, 2020, 3663)",3,1,True,[3663]
"(957, 3841)",2,1,True,[3841]
"(1289, 3562)",2,1,False,[]
"(141, 11553)",2,1,True,[11553]
"(316, 2536, 9112)",3,1,False,[]
"(301, 2445)",2,1,True,[2445]
"(11776, 14279)",2,1,True,[11776]
"(2625, 6119)",2,1,True,[6119]
"(192, 3951)",2,1,False,[]
"(2010, 12325)",2,1,True,[12325]
"(12852, 14116)",2,1,True,[12852]
"(3229, 9588)",2,1,True,[9588]
"(1990, 4340)",2,1,False,[]
"(7484, 9725)",2,1,True,[9725]
"(123, 6465)",2,1,True,[6465]
"(1536, 2260)",2,1,True,[1536]
"(6785, 10165)",2,1,True,[6785]
