Source,Target,Weight,Source_Type,Target_Type
3965,9302,1,Known_Family_Only,Known_Family_Only
3965,11169,1,Known_Family_Only,Potential_Novel_Family
3965,9315,1,Known_Family_Only,Potential_Novel_Family
9302,11169,1,Known_Family_Only,Potential_Novel_Family
4299,6146,1,Known_Family_Only,Potential_Novel_Family
3022,7266,1,Potential_Novel_Family,Expanded_Known_Family
7266,1061,1,Expanded_Known_Family,Potential_Novel_Family
7266,3487,1,Expanded_Known_Family,Potential_Novel_Family
7266,9925,2,Expanded_Known_Family,Known_Family_Only
7266,14326,1,Expanded_Known_Family,Known_Family_Only
5186,9583,10,Expanded_Known_Family,Expanded_Known_Family
5186,7675,1,Expanded_Known_Family,Potential_Novel_Family
5186,4138,1,Expanded_Known_Family,Potential_Novel_Family
5186,868,2,Expanded_Known_Family,Potential_Novel_Family
5186,13455,1,Expanded_Known_Family,Potential_Novel_Family
5186,5235,1,Expanded_Known_Family,Potential_Novel_Family
5186,5632,1,Expanded_Known_Family,Potential_Novel_Family
5186,7637,1,Expanded_Known_Family,Expanded_Known_Family
5186,1070,1,Expanded_Known_Family,Potential_Novel_Family
9583,12313,1,Expanded_Known_Family,Potential_Novel_Family
9583,7675,1,Expanded_Known_Family,Potential_Novel_Family
9583,868,2,Expanded_Known_Family,Potential_Novel_Family
9583,13455,1,Expanded_Known_Family,Potential_Novel_Family
9583,10705,1,Expanded_Known_Family,Potential_Novel_Family
9583,5632,1,Expanded_Known_Family,Potential_Novel_Family
9583,7637,1,Expanded_Known_Family,Expanded_Known_Family
9583,1070,1,Expanded_Known_Family,Potential_Novel_Family
8651,13788,1,Known_Family_Only,Potential_Novel_Family
8194,12546,1,Potential_Novel_Family,Known_Family_Only
4002,6617,1,Known_Family_Only,Expanded_Known_Family
6617,4461,1,Expanded_Known_Family,Potential_Novel_Family
6617,4265,2,Expanded_Known_Family,Expanded_Known_Family
6617,12309,1,Expanded_Known_Family,Potential_Novel_Family
1711,5863,2,Expanded_Known_Family,Expanded_Known_Family
2790,6503,2,Potential_Novel_Family,Expanded_Known_Family
2790,4062,1,Potential_Novel_Family,Potential_Novel_Family
398,6079,1,Expanded_Known_Family,Expanded_Known_Family
398,983,3,Expanded_Known_Family,Expanded_Known_Family
398,4009,1,Expanded_Known_Family,Potential_Novel_Family
398,7938,2,Expanded_Known_Family,Potential_Novel_Family
6079,2075,4,Expanded_Known_Family,Expanded_Known_Family
582,10309,4,Potential_Novel_Family,Expanded_Known_Family
582,3046,2,Potential_Novel_Family,Expanded_Known_Family
10309,3046,4,Expanded_Known_Family,Expanded_Known_Family
4834,11170,1,Expanded_Known_Family,Potential_Novel_Family
4834,7539,1,Expanded_Known_Family,Potential_Novel_Family
6655,8768,47,Expanded_Known_Family,Expanded_Known_Family
6655,8931,17,Expanded_Known_Family,Expanded_Known_Family
6655,9864,2,Expanded_Known_Family,Expanded_Known_Family
6655,9798,4,Expanded_Known_Family,Expanded_Known_Family
6655,9526,1,Expanded_Known_Family,Potential_Novel_Family
6655,9527,1,Expanded_Known_Family,Potential_Novel_Family
6655,9530,7,Expanded_Known_Family,Expanded_Known_Family
6655,12096,1,Expanded_Known_Family,Potential_Novel_Family
6655,2553,1,Expanded_Known_Family,Expanded_Known_Family
6655,9089,1,Expanded_Known_Family,Known_Family_Only
6655,9439,2,Expanded_Known_Family,Expanded_Known_Family
6655,9311,1,Expanded_Known_Family,Known_Family_Only
6655,7859,1,Expanded_Known_Family,Potential_Novel_Family
6655,8937,2,Expanded_Known_Family,Expanded_Known_Family
6655,9586,7,Expanded_Known_Family,Expanded_Known_Family
6655,9626,7,Expanded_Known_Family,Expanded_Known_Family
6655,234,1,Expanded_Known_Family,Expanded_Known_Family
6655,2850,1,Expanded_Known_Family,Expanded_Known_Family
6655,9895,4,Expanded_Known_Family,Expanded_Known_Family
8768,12129,1,Expanded_Known_Family,Potential_Novel_Family
8768,2493,1,Expanded_Known_Family,Potential_Novel_Family
8768,7054,4,Expanded_Known_Family,Expanded_Known_Family
8768,2553,1,Expanded_Known_Family,Expanded_Known_Family
8768,6147,1,Expanded_Known_Family,Expanded_Known_Family
8768,8029,1,Expanded_Known_Family,Expanded_Known_Family
8565,11508,2,Expanded_Known_Family,Expanded_Known_Family
8565,11761,1,Expanded_Known_Family,Known_Family_Only
11508,11761,1,Expanded_Known_Family,Known_Family_Only
4248,5739,1,Expanded_Known_Family,Known_Family_Only
4248,8028,1,Expanded_Known_Family,Known_Family_Only
4248,10405,1,Expanded_Known_Family,Known_Family_Only
4248,433,1,Expanded_Known_Family,Expanded_Known_Family
4248,2138,1,Expanded_Known_Family,Expanded_Known_Family
4248,1289,1,Expanded_Known_Family,Expanded_Known_Family
5739,8028,1,Known_Family_Only,Known_Family_Only
5739,10405,1,Known_Family_Only,Known_Family_Only
8028,10405,1,Known_Family_Only,Known_Family_Only
8478,8876,1,Potential_Novel_Family,Potential_Novel_Family
3376,11651,1,Expanded_Known_Family,Expanded_Known_Family
3376,14191,5,Expanded_Known_Family,Potential_Novel_Family
3376,5412,1,Expanded_Known_Family,Known_Family_Only
3376,4442,1,Expanded_Known_Family,Expanded_Known_Family
3376,10036,1,Expanded_Known_Family,Expanded_Known_Family
11651,12497,1,Expanded_Known_Family,Potential_Novel_Family
4704,9303,1,Expanded_Known_Family,Potential_Novel_Family
4704,7966,14,Expanded_Known_Family,Expanded_Known_Family
4704,7924,6,Expanded_Known_Family,Expanded_Known_Family
4704,9360,1,Expanded_Known_Family,Potential_Novel_Family
4704,3868,1,Expanded_Known_Family,Potential_Novel_Family
4704,8164,1,Expanded_Known_Family,Known_Family_Only
4704,8104,1,Expanded_Known_Family,Expanded_Known_Family
8799,13720,1,Potential_Novel_Family,Potential_Novel_Family
3940,10149,2,Potential_Novel_Family,Potential_Novel_Family
2253,6891,1,Expanded_Known_Family,Potential_Novel_Family
2253,4027,2,Expanded_Known_Family,Potential_Novel_Family
2253,4429,2,Expanded_Known_Family,Known_Family_Only
2253,236,1,Expanded_Known_Family,Potential_Novel_Family
2253,3420,1,Expanded_Known_Family,Potential_Novel_Family
2253,7739,1,Expanded_Known_Family,Potential_Novel_Family
2253,10834,1,Expanded_Known_Family,Expanded_Known_Family
2253,672,1,Expanded_Known_Family,Known_Family_Only
2253,11394,1,Expanded_Known_Family,Potential_Novel_Family
2253,4189,1,Expanded_Known_Family,Known_Family_Only
2253,5072,1,Expanded_Known_Family,Potential_Novel_Family
2253,5263,2,Expanded_Known_Family,Known_Family_Only
2253,7391,1,Expanded_Known_Family,Potential_Novel_Family
2253,8752,1,Expanded_Known_Family,Expanded_Known_Family
2253,9779,1,Expanded_Known_Family,Potential_Novel_Family
2253,5566,1,Expanded_Known_Family,Potential_Novel_Family
2253,2799,1,Expanded_Known_Family,Expanded_Known_Family
2253,7855,1,Expanded_Known_Family,Expanded_Known_Family
2253,7907,1,Expanded_Known_Family,Potential_Novel_Family
2253,10845,1,Expanded_Known_Family,Potential_Novel_Family
5294,8640,8,Expanded_Known_Family,Expanded_Known_Family
5294,8236,13,Expanded_Known_Family,Expanded_Known_Family
5294,8841,1,Expanded_Known_Family,Potential_Novel_Family
9756,12855,1,Potential_Novel_Family,Expanded_Known_Family
12855,1667,1,Expanded_Known_Family,Potential_Novel_Family
12855,12762,8,Expanded_Known_Family,Expanded_Known_Family
12855,11800,1,Expanded_Known_Family,Potential_Novel_Family
12855,2352,1,Expanded_Known_Family,Expanded_Known_Family
12855,12696,1,Expanded_Known_Family,Expanded_Known_Family
12855,12586,1,Expanded_Known_Family,Expanded_Known_Family
12855,14222,1,Expanded_Known_Family,Potential_Novel_Family
12629,12696,9,Expanded_Known_Family,Expanded_Known_Family
12629,12762,2,Expanded_Known_Family,Expanded_Known_Family
12629,7097,1,Expanded_Known_Family,Expanded_Known_Family
12696,12530,3,Expanded_Known_Family,Expanded_Known_Family
12696,13723,1,Expanded_Known_Family,Potential_Novel_Family
12696,13511,2,Expanded_Known_Family,Expanded_Known_Family
12696,13791,3,Expanded_Known_Family,Potential_Novel_Family
12696,13547,5,Expanded_Known_Family,Expanded_Known_Family
12696,13776,1,Expanded_Known_Family,Potential_Novel_Family
12696,12844,1,Expanded_Known_Family,Expanded_Known_Family
12696,13336,2,Expanded_Known_Family,Expanded_Known_Family
12696,2553,1,Expanded_Known_Family,Expanded_Known_Family
12696,4832,1,Expanded_Known_Family,Known_Family_Only
12696,13836,1,Expanded_Known_Family,Known_Family_Only
12696,12858,1,Expanded_Known_Family,Potential_Novel_Family
12696,13742,1,Expanded_Known_Family,Potential_Novel_Family
12696,7097,1,Expanded_Known_Family,Expanded_Known_Family
12696,13034,2,Expanded_Known_Family,Expanded_Known_Family
13296,13818,3,Expanded_Known_Family,Expanded_Known_Family
13296,13661,1,Expanded_Known_Family,Expanded_Known_Family
13296,1898,1,Expanded_Known_Family,Potential_Novel_Family
13296,13017,4,Expanded_Known_Family,Potential_Novel_Family
13296,13432,1,Expanded_Known_Family,Potential_Novel_Family
13818,2055,9,Expanded_Known_Family,Expanded_Known_Family
13818,1598,1,Expanded_Known_Family,Expanded_Known_Family
13818,13506,1,Expanded_Known_Family,Potential_Novel_Family
13818,5487,1,Expanded_Known_Family,Potential_Novel_Family
13818,648,1,Expanded_Known_Family,Expanded_Known_Family
6565,12677,2,Known_Family_Only,Potential_Novel_Family
6565,9253,1,Known_Family_Only,Potential_Novel_Family
12677,9253,1,Potential_Novel_Family,Potential_Novel_Family
8931,234,1,Expanded_Known_Family,Expanded_Known_Family
8931,2850,1,Expanded_Known_Family,Expanded_Known_Family
8931,9210,1,Expanded_Known_Family,Known_Family_Only
2861,8782,5,Expanded_Known_Family,Expanded_Known_Family
2861,8703,1,Expanded_Known_Family,Expanded_Known_Family
37,6298,1,Expanded_Known_Family,Potential_Novel_Family
37,7949,1,Expanded_Known_Family,Potential_Novel_Family
37,11704,1,Expanded_Known_Family,Expanded_Known_Family
8236,5017,1,Expanded_Known_Family,Expanded_Known_Family
8236,3638,1,Expanded_Known_Family,Potential_Novel_Family
2352,10148,2,Expanded_Known_Family,Expanded_Known_Family
2352,5579,1,Expanded_Known_Family,Potential_Novel_Family
2352,7052,1,Expanded_Known_Family,Known_Family_Only
2352,7972,3,Expanded_Known_Family,Known_Family_Only
2352,9698,1,Expanded_Known_Family,Potential_Novel_Family
2352,13677,1,Expanded_Known_Family,Potential_Novel_Family
2352,13716,2,Expanded_Known_Family,Known_Family_Only
2352,11573,1,Expanded_Known_Family,Known_Family_Only
10148,13796,1,Expanded_Known_Family,Potential_Novel_Family
6483,11591,3,Expanded_Known_Family,Potential_Novel_Family
6483,2804,1,Expanded_Known_Family,Potential_Novel_Family
6483,3129,1,Expanded_Known_Family,Expanded_Known_Family
6483,5482,1,Expanded_Known_Family,Known_Family_Only
6483,2267,2,Expanded_Known_Family,Expanded_Known_Family
6483,5781,1,Expanded_Known_Family,Expanded_Known_Family
6483,2660,1,Expanded_Known_Family,Expanded_Known_Family
6483,261,1,Expanded_Known_Family,Expanded_Known_Family
6483,2109,1,Expanded_Known_Family,Expanded_Known_Family
6483,4534,1,Expanded_Known_Family,Known_Family_Only
6483,13280,1,Expanded_Known_Family,Known_Family_Only
6483,453,1,Expanded_Known_Family,Known_Family_Only
6483,2723,1,Expanded_Known_Family,Known_Family_Only
6483,3847,1,Expanded_Known_Family,Expanded_Known_Family
6483,138,1,Expanded_Known_Family,Expanded_Known_Family
6483,7819,1,Expanded_Known_Family,Known_Family_Only
6483,7965,1,Expanded_Known_Family,Expanded_Known_Family
5337,10954,1,Expanded_Known_Family,Potential_Novel_Family
5337,13513,10,Expanded_Known_Family,Expanded_Known_Family
9238,9518,1,Potential_Novel_Family,Known_Family_Only
3207,5418,2,Expanded_Known_Family,Potential_Novel_Family
11334,13943,1,Potential_Novel_Family,Expanded_Known_Family
13943,12471,14,Expanded_Known_Family,Expanded_Known_Family
13943,12437,1,Expanded_Known_Family,Expanded_Known_Family
13943,12811,2,Expanded_Known_Family,Expanded_Known_Family
13943,21,1,Expanded_Known_Family,Expanded_Known_Family
3787,4284,1,Known_Family_Only,Known_Family_Only
3787,10550,1,Known_Family_Only,Potential_Novel_Family
4284,10550,1,Known_Family_Only,Potential_Novel_Family
4284,4142,1,Known_Family_Only,Expanded_Known_Family
4284,2880,1,Known_Family_Only,Known_Family_Only
4284,4089,1,Known_Family_Only,Known_Family_Only
4284,7307,1,Known_Family_Only,Potential_Novel_Family
4284,11261,1,Known_Family_Only,Known_Family_Only
5425,5865,1,Potential_Novel_Family,Known_Family_Only
5425,6595,1,Potential_Novel_Family,Potential_Novel_Family
5865,6595,1,Known_Family_Only,Potential_Novel_Family
5933,11536,1,Potential_Novel_Family,Known_Family_Only
11958,14040,1,Potential_Novel_Family,Known_Family_Only
6147,8029,4,Expanded_Known_Family,Expanded_Known_Family
6147,9383,1,Expanded_Known_Family,Expanded_Known_Family
8029,9239,4,Expanded_Known_Family,Potential_Novel_Family
8029,5681,30,Expanded_Known_Family,Expanded_Known_Family
8029,338,1,Expanded_Known_Family,Expanded_Known_Family
8029,983,1,Expanded_Known_Family,Expanded_Known_Family
8029,2097,1,Expanded_Known_Family,Expanded_Known_Family
8029,3682,1,Expanded_Known_Family,Expanded_Known_Family
8029,4655,1,Expanded_Known_Family,Known_Family_Only
8029,8109,1,Expanded_Known_Family,Expanded_Known_Family
8029,9383,1,Expanded_Known_Family,Expanded_Known_Family
8029,5025,1,Expanded_Known_Family,Known_Family_Only
8029,6719,1,Expanded_Known_Family,Potential_Novel_Family
8029,9396,2,Expanded_Known_Family,Expanded_Known_Family
11710,12834,5,Expanded_Known_Family,Expanded_Known_Family
12834,11786,2,Expanded_Known_Family,Known_Family_Only
8690,11053,1,Known_Family_Only,Potential_Novel_Family
1202,3743,2,Expanded_Known_Family,Expanded_Known_Family
1202,5713,1,Expanded_Known_Family,Potential_Novel_Family
3743,11579,1,Expanded_Known_Family,Potential_Novel_Family
3743,8113,1,Expanded_Known_Family,Known_Family_Only
3743,2943,1,Expanded_Known_Family,Known_Family_Only
3743,10002,1,Expanded_Known_Family,Known_Family_Only
2542,5380,1,Potential_Novel_Family,Expanded_Known_Family
5380,3488,7,Expanded_Known_Family,Expanded_Known_Family
5380,7771,2,Expanded_Known_Family,Expanded_Known_Family
5380,3273,1,Expanded_Known_Family,Known_Family_Only
5380,6782,2,Expanded_Known_Family,Known_Family_Only
5380,10799,1,Expanded_Known_Family,Potential_Novel_Family
5380,2394,1,Expanded_Known_Family,Potential_Novel_Family
5380,6479,2,Expanded_Known_Family,Known_Family_Only
5380,1626,1,Expanded_Known_Family,Potential_Novel_Family
5380,3129,1,Expanded_Known_Family,Expanded_Known_Family
5380,5203,1,Expanded_Known_Family,Expanded_Known_Family
5380,4512,1,Expanded_Known_Family,Potential_Novel_Family
5380,4521,1,Expanded_Known_Family,Potential_Novel_Family
5380,5092,2,Expanded_Known_Family,Potential_Novel_Family
5380,5311,1,Expanded_Known_Family,Potential_Novel_Family
5380,7918,1,Expanded_Known_Family,Potential_Novel_Family
5380,9607,1,Expanded_Known_Family,Known_Family_Only
3783,4003,1,Expanded_Known_Family,Potential_Novel_Family
3783,645,1,Expanded_Known_Family,Expanded_Known_Family
3783,6462,2,Expanded_Known_Family,Expanded_Known_Family
3783,6734,2,Expanded_Known_Family,Expanded_Known_Family
3783,4061,3,Expanded_Known_Family,Expanded_Known_Family
3783,366,2,Expanded_Known_Family,Expanded_Known_Family
3783,6825,1,Expanded_Known_Family,Expanded_Known_Family
3783,9313,1,Expanded_Known_Family,Expanded_Known_Family
3783,344,1,Expanded_Known_Family,Expanded_Known_Family
3783,377,2,Expanded_Known_Family,Expanded_Known_Family
3783,2069,3,Expanded_Known_Family,Expanded_Known_Family
3783,1481,1,Expanded_Known_Family,Expanded_Known_Family
3783,2295,1,Expanded_Known_Family,Expanded_Known_Family
3783,983,2,Expanded_Known_Family,Expanded_Known_Family
3783,61,1,Expanded_Known_Family,Expanded_Known_Family
3783,381,1,Expanded_Known_Family,Known_Family_Only
3783,3498,1,Expanded_Known_Family,Known_Family_Only
3783,6143,1,Expanded_Known_Family,Potential_Novel_Family
1926,2814,1,Potential_Novel_Family,Known_Family_Only
4357,5600,1,Potential_Novel_Family,Known_Family_Only
10406,10898,1,Potential_Novel_Family,Expanded_Known_Family
10898,11583,1,Expanded_Known_Family,Known_Family_Only
10898,7914,1,Expanded_Known_Family,Expanded_Known_Family
10898,12157,1,Expanded_Known_Family,Expanded_Known_Family
5578,9383,102,Expanded_Known_Family,Expanded_Known_Family
5578,8104,1,Expanded_Known_Family,Expanded_Known_Family
5578,3224,1,Expanded_Known_Family,Expanded_Known_Family
5578,6985,2,Expanded_Known_Family,Expanded_Known_Family
5578,7650,2,Expanded_Known_Family,Expanded_Known_Family
5578,2213,10,Expanded_Known_Family,Expanded_Known_Family
5578,13395,1,Expanded_Known_Family,Known_Family_Only
5578,6315,1,Expanded_Known_Family,Potential_Novel_Family
5578,4855,1,Expanded_Known_Family,Expanded_Known_Family
5578,4948,1,Expanded_Known_Family,Expanded_Known_Family
5578,9411,3,Expanded_Known_Family,Expanded_Known_Family
5578,8069,2,Expanded_Known_Family,Expanded_Known_Family
5578,12751,1,Expanded_Known_Family,Expanded_Known_Family
9383,6197,1,Expanded_Known_Family,Potential_Novel_Family
9383,3224,1,Expanded_Known_Family,Expanded_Known_Family
9383,5045,1,Expanded_Known_Family,Expanded_Known_Family
9383,4855,1,Expanded_Known_Family,Expanded_Known_Family
9383,4948,1,Expanded_Known_Family,Expanded_Known_Family
9383,9411,3,Expanded_Known_Family,Expanded_Known_Family
9383,6985,1,Expanded_Known_Family,Expanded_Known_Family
9383,7650,1,Expanded_Known_Family,Expanded_Known_Family
9383,8069,1,Expanded_Known_Family,Expanded_Known_Family
1729,13297,1,Potential_Novel_Family,Known_Family_Only
7919,11792,1,Potential_Novel_Family,Known_Family_Only
6003,7458,15,Expanded_Known_Family,Expanded_Known_Family
6003,7486,27,Expanded_Known_Family,Expanded_Known_Family
6003,5156,1,Expanded_Known_Family,Expanded_Known_Family
6003,11608,1,Expanded_Known_Family,Potential_Novel_Family
6003,5419,1,Expanded_Known_Family,Expanded_Known_Family
6003,8827,1,Expanded_Known_Family,Expanded_Known_Family
6003,12633,1,Expanded_Known_Family,Expanded_Known_Family
6003,10648,1,Expanded_Known_Family,Known_Family_Only
7458,6711,1,Expanded_Known_Family,Expanded_Known_Family
2367,7124,3,Expanded_Known_Family,Expanded_Known_Family
2367,4321,1,Expanded_Known_Family,Known_Family_Only
2367,10016,1,Expanded_Known_Family,Potential_Novel_Family
1371,3342,1,Known_Family_Only,Potential_Novel_Family
2169,6192,1,Potential_Novel_Family,Expanded_Known_Family
6192,2651,1,Expanded_Known_Family,Known_Family_Only
3888,10915,1,Expanded_Known_Family,Potential_Novel_Family
3888,10338,17,Expanded_Known_Family,Expanded_Known_Family
3888,10199,2,Expanded_Known_Family,Expanded_Known_Family
3888,9591,1,Expanded_Known_Family,Potential_Novel_Family
3888,10084,1,Expanded_Known_Family,Known_Family_Only
842,2624,1,Potential_Novel_Family,Known_Family_Only
842,3296,1,Potential_Novel_Family,Expanded_Known_Family
842,7165,1,Potential_Novel_Family,Expanded_Known_Family
842,8544,1,Potential_Novel_Family,Potential_Novel_Family
2624,3296,1,Known_Family_Only,Expanded_Known_Family
2624,7165,1,Known_Family_Only,Expanded_Known_Family
2624,8544,1,Known_Family_Only,Potential_Novel_Family
3296,7165,1,Expanded_Known_Family,Expanded_Known_Family
3296,8544,1,Expanded_Known_Family,Potential_Novel_Family
3296,2906,1,Expanded_Known_Family,Potential_Novel_Family
3296,9615,1,Expanded_Known_Family,Known_Family_Only
3296,579,1,Expanded_Known_Family,Potential_Novel_Family
3296,10679,1,Expanded_Known_Family,Known_Family_Only
7165,8544,1,Expanded_Known_Family,Potential_Novel_Family
7165,1039,1,Expanded_Known_Family,Potential_Novel_Family
7165,6020,2,Expanded_Known_Family,Expanded_Known_Family
7165,97,1,Expanded_Known_Family,Potential_Novel_Family
7165,253,1,Expanded_Known_Family,Known_Family_Only
7165,1146,1,Expanded_Known_Family,Potential_Novel_Family
7165,2690,1,Expanded_Known_Family,Expanded_Known_Family
7165,8561,1,Expanded_Known_Family,Potential_Novel_Family
7165,330,2,Expanded_Known_Family,Known_Family_Only
7165,1057,1,Expanded_Known_Family,Potential_Novel_Family
7165,5962,1,Expanded_Known_Family,Known_Family_Only
7165,32,1,Expanded_Known_Family,Expanded_Known_Family
7165,216,1,Expanded_Known_Family,Known_Family_Only
7165,6424,1,Expanded_Known_Family,Known_Family_Only
7165,6520,1,Expanded_Known_Family,Known_Family_Only
7165,7172,1,Expanded_Known_Family,Potential_Novel_Family
7165,998,1,Expanded_Known_Family,Known_Family_Only
192,11652,1,Expanded_Known_Family,Potential_Novel_Family
192,983,25,Expanded_Known_Family,Expanded_Known_Family
192,3878,1,Expanded_Known_Family,Known_Family_Only
192,3599,1,Expanded_Known_Family,Potential_Novel_Family
192,3968,1,Expanded_Known_Family,Potential_Novel_Family
192,169,3,Expanded_Known_Family,Known_Family_Only
192,1099,3,Expanded_Known_Family,Known_Family_Only
192,1385,3,Expanded_Known_Family,Known_Family_Only
192,2730,3,Expanded_Known_Family,Expanded_Known_Family
192,3151,3,Expanded_Known_Family,Expanded_Known_Family
192,4626,3,Expanded_Known_Family,Expanded_Known_Family
192,8004,3,Expanded_Known_Family,Known_Family_Only
192,4864,2,Expanded_Known_Family,Expanded_Known_Family
192,4846,2,Expanded_Known_Family,Expanded_Known_Family
192,4602,1,Expanded_Known_Family,Potential_Novel_Family
192,3239,5,Expanded_Known_Family,Expanded_Known_Family
192,669,3,Expanded_Known_Family,Known_Family_Only
192,1481,5,Expanded_Known_Family,Expanded_Known_Family
192,2069,4,Expanded_Known_Family,Expanded_Known_Family
192,5811,2,Expanded_Known_Family,Expanded_Known_Family
192,7357,1,Expanded_Known_Family,Known_Family_Only
192,3262,1,Expanded_Known_Family,Potential_Novel_Family
192,3614,1,Expanded_Known_Family,Potential_Novel_Family
192,3951,1,Expanded_Known_Family,Expanded_Known_Family
192,4026,1,Expanded_Known_Family,Expanded_Known_Family
192,6515,1,Expanded_Known_Family,Known_Family_Only
192,2460,1,Expanded_Known_Family,Potential_Novel_Family
192,4379,1,Expanded_Known_Family,Known_Family_Only
192,2855,1,Expanded_Known_Family,Known_Family_Only
192,3778,1,Expanded_Known_Family,Known_Family_Only
192,859,1,Expanded_Known_Family,Known_Family_Only
192,3264,1,Expanded_Known_Family,Potential_Novel_Family
192,3406,1,Expanded_Known_Family,Expanded_Known_Family
192,7095,1,Expanded_Known_Family,Potential_Novel_Family
192,1893,1,Expanded_Known_Family,Potential_Novel_Family
192,5165,1,Expanded_Known_Family,Potential_Novel_Family
192,5439,1,Expanded_Known_Family,Potential_Novel_Family
192,2218,1,Expanded_Known_Family,Expanded_Known_Family
192,4877,1,Expanded_Known_Family,Known_Family_Only
192,3398,4,Expanded_Known_Family,Potential_Novel_Family
192,2414,5,Expanded_Known_Family,Expanded_Known_Family
192,2295,2,Expanded_Known_Family,Expanded_Known_Family
192,2505,1,Expanded_Known_Family,Potential_Novel_Family
192,3414,1,Expanded_Known_Family,Potential_Novel_Family
192,2642,1,Expanded_Known_Family,Potential_Novel_Family
192,2906,1,Expanded_Known_Family,Potential_Novel_Family
6032,10278,16,Expanded_Known_Family,Expanded_Known_Family
6032,10202,8,Expanded_Known_Family,Expanded_Known_Family
6032,10719,2,Expanded_Known_Family,Expanded_Known_Family
6032,10747,4,Expanded_Known_Family,Expanded_Known_Family
6032,11058,1,Expanded_Known_Family,Potential_Novel_Family
6032,11176,3,Expanded_Known_Family,Expanded_Known_Family
6032,4115,3,Expanded_Known_Family,Potential_Novel_Family
6032,6973,1,Expanded_Known_Family,Potential_Novel_Family
6032,13065,2,Expanded_Known_Family,Known_Family_Only
6032,7741,1,Expanded_Known_Family,Known_Family_Only
6032,13342,1,Expanded_Known_Family,Potential_Novel_Family
6032,2618,2,Expanded_Known_Family,Expanded_Known_Family
6032,7358,1,Expanded_Known_Family,Potential_Novel_Family
6032,5959,1,Expanded_Known_Family,Potential_Novel_Family
6032,7480,1,Expanded_Known_Family,Potential_Novel_Family
6032,9593,2,Expanded_Known_Family,Potential_Novel_Family
6032,7277,2,Expanded_Known_Family,Expanded_Known_Family
6032,13571,1,Expanded_Known_Family,Potential_Novel_Family
6032,1857,2,Expanded_Known_Family,Expanded_Known_Family
6032,10878,1,Expanded_Known_Family,Potential_Novel_Family
6032,11836,1,Expanded_Known_Family,Known_Family_Only
6032,11320,1,Expanded_Known_Family,Potential_Novel_Family
6032,13311,1,Expanded_Known_Family,Potential_Novel_Family
6032,7073,1,Expanded_Known_Family,Potential_Novel_Family
6032,12516,1,Expanded_Known_Family,Known_Family_Only
6032,4777,1,Expanded_Known_Family,Potential_Novel_Family
6032,39,1,Expanded_Known_Family,Expanded_Known_Family
6032,1504,1,Expanded_Known_Family,Expanded_Known_Family
6032,8715,1,Expanded_Known_Family,Expanded_Known_Family
6032,678,1,Expanded_Known_Family,Expanded_Known_Family
6032,2328,1,Expanded_Known_Family,Known_Family_Only
6032,2848,1,Expanded_Known_Family,Known_Family_Only
6032,7188,1,Expanded_Known_Family,Expanded_Known_Family
10278,7277,2,Expanded_Known_Family,Expanded_Known_Family
1975,11382,1,Potential_Novel_Family,Known_Family_Only
12281,13759,1,Potential_Novel_Family,Potential_Novel_Family
6892,14267,1,Potential_Novel_Family,Potential_Novel_Family
7439,10916,1,Expanded_Known_Family,Known_Family_Only
7439,1942,1,Expanded_Known_Family,Expanded_Known_Family
7439,4119,1,Expanded_Known_Family,Expanded_Known_Family
2822,4020,2,Known_Family_Only,Expanded_Known_Family
4020,8237,2,Expanded_Known_Family,Expanded_Known_Family
4020,10307,1,Expanded_Known_Family,Known_Family_Only
4020,12195,1,Expanded_Known_Family,Potential_Novel_Family
4020,1259,2,Expanded_Known_Family,Expanded_Known_Family
4020,6257,1,Expanded_Known_Family,Potential_Novel_Family
4020,1206,1,Expanded_Known_Family,Potential_Novel_Family
4020,2304,1,Expanded_Known_Family,Potential_Novel_Family
4020,171,1,Expanded_Known_Family,Expanded_Known_Family
10036,11364,4,Expanded_Known_Family,Expanded_Known_Family
10036,1831,6,Expanded_Known_Family,Potential_Novel_Family
10036,7126,2,Expanded_Known_Family,Potential_Novel_Family
10036,79,1,Expanded_Known_Family,Expanded_Known_Family
10036,9173,1,Expanded_Known_Family,Expanded_Known_Family
10036,9178,1,Expanded_Known_Family,Potential_Novel_Family
10036,2023,1,Expanded_Known_Family,Expanded_Known_Family
10036,11280,1,Expanded_Known_Family,Potential_Novel_Family
10036,2022,2,Expanded_Known_Family,Expanded_Known_Family
10036,4280,1,Expanded_Known_Family,Potential_Novel_Family
10036,9277,1,Expanded_Known_Family,Potential_Novel_Family
10036,213,1,Expanded_Known_Family,Expanded_Known_Family
10036,12321,1,Expanded_Known_Family,Known_Family_Only
10036,6229,2,Expanded_Known_Family,Expanded_Known_Family
10036,9425,2,Expanded_Known_Family,Expanded_Known_Family
10036,461,1,Expanded_Known_Family,Potential_Novel_Family
10036,9135,1,Expanded_Known_Family,Potential_Novel_Family
10036,9074,1,Expanded_Known_Family,Potential_Novel_Family
11364,9802,5,Expanded_Known_Family,Expanded_Known_Family
11364,10203,1,Expanded_Known_Family,Potential_Novel_Family
11364,1186,1,Expanded_Known_Family,Expanded_Known_Family
11364,2096,1,Expanded_Known_Family,Expanded_Known_Family
11364,12110,1,Expanded_Known_Family,Potential_Novel_Family
11364,6463,1,Expanded_Known_Family,Potential_Novel_Family
11364,11477,1,Expanded_Known_Family,Potential_Novel_Family
11364,5642,1,Expanded_Known_Family,Potential_Novel_Family
6596,8170,1,Known_Family_Only,Potential_Novel_Family
150,10228,1,Expanded_Known_Family,Potential_Novel_Family
150,7031,1,Expanded_Known_Family,Known_Family_Only
1186,7049,1,Expanded_Known_Family,Potential_Novel_Family
1186,2988,1,Expanded_Known_Family,Potential_Novel_Family
1186,417,1,Expanded_Known_Family,Expanded_Known_Family
1186,6543,1,Expanded_Known_Family,Potential_Novel_Family
1186,301,1,Expanded_Known_Family,Expanded_Known_Family
1186,10621,1,Expanded_Known_Family,Potential_Novel_Family
1186,969,1,Expanded_Known_Family,Potential_Novel_Family
1186,1299,1,Expanded_Known_Family,Expanded_Known_Family
1186,2859,1,Expanded_Known_Family,Known_Family_Only
1186,8507,2,Expanded_Known_Family,Potential_Novel_Family
1186,6240,1,Expanded_Known_Family,Potential_Novel_Family
1864,2742,6,Expanded_Known_Family,Expanded_Known_Family
2424,7324,1,Expanded_Known_Family,Potential_Novel_Family
2424,539,4,Expanded_Known_Family,Known_Family_Only
2424,1744,3,Expanded_Known_Family,Known_Family_Only
2424,5554,1,Expanded_Known_Family,Known_Family_Only
2424,8270,3,Expanded_Known_Family,Potential_Novel_Family
2424,655,1,Expanded_Known_Family,Known_Family_Only
2424,834,1,Expanded_Known_Family,Expanded_Known_Family
2424,2155,1,Expanded_Known_Family,Expanded_Known_Family
2424,6338,1,Expanded_Known_Family,Expanded_Known_Family
2424,9630,1,Expanded_Known_Family,Known_Family_Only
1573,1659,1,Potential_Novel_Family,Potential_Novel_Family
8617,11846,1,Known_Family_Only,Potential_Novel_Family
2022,2815,1,Expanded_Known_Family,Potential_Novel_Family
2022,10109,1,Expanded_Known_Family,Potential_Novel_Family
2022,5481,1,Expanded_Known_Family,Known_Family_Only
2022,3649,1,Expanded_Known_Family,Expanded_Known_Family
2022,7747,1,Expanded_Known_Family,Known_Family_Only
2022,4659,2,Expanded_Known_Family,Expanded_Known_Family
2584,9644,2,Expanded_Known_Family,Potential_Novel_Family
2584,9451,2,Expanded_Known_Family,Expanded_Known_Family
2584,8376,3,Expanded_Known_Family,Expanded_Known_Family
2584,10411,1,Expanded_Known_Family,Expanded_Known_Family
2584,8738,1,Expanded_Known_Family,Potential_Novel_Family
2584,8712,1,Expanded_Known_Family,Known_Family_Only
2584,482,1,Expanded_Known_Family,Potential_Novel_Family
2584,13617,1,Expanded_Known_Family,Known_Family_Only
233,6261,1,Expanded_Known_Family,Expanded_Known_Family
233,373,1,Expanded_Known_Family,Potential_Novel_Family
233,8669,1,Expanded_Known_Family,Known_Family_Only
6261,2940,1,Expanded_Known_Family,Expanded_Known_Family
6261,5730,1,Expanded_Known_Family,Known_Family_Only
6261,12572,1,Expanded_Known_Family,Potential_Novel_Family
6261,2761,1,Expanded_Known_Family,Expanded_Known_Family
6261,4023,1,Expanded_Known_Family,Expanded_Known_Family
6261,9604,1,Expanded_Known_Family,Known_Family_Only
11450,13511,2,Potential_Novel_Family,Expanded_Known_Family
13511,12529,2,Expanded_Known_Family,Expanded_Known_Family
13511,12645,1,Expanded_Known_Family,Expanded_Known_Family
13511,8582,1,Expanded_Known_Family,Potential_Novel_Family
13511,12762,1,Expanded_Known_Family,Expanded_Known_Family
2,13323,1,Potential_Novel_Family,Known_Family_Only
2,10336,1,Potential_Novel_Family,Known_Family_Only
2,774,1,Potential_Novel_Family,Potential_Novel_Family
2,11768,1,Potential_Novel_Family,Known_Family_Only
2,13592,1,Potential_Novel_Family,Potential_Novel_Family
2,3095,1,Potential_Novel_Family,Expanded_Known_Family
13323,3958,1,Known_Family_Only,Potential_Novel_Family
6673,7928,1,Expanded_Known_Family,Potential_Novel_Family
6673,2317,1,Expanded_Known_Family,Potential_Novel_Family
7928,6324,1,Potential_Novel_Family,Expanded_Known_Family
7928,13493,1,Potential_Novel_Family,Known_Family_Only
7928,12952,1,Potential_Novel_Family,Known_Family_Only
7928,2444,1,Potential_Novel_Family,Known_Family_Only
8838,10261,11,Expanded_Known_Family,Expanded_Known_Family
8838,8257,2,Expanded_Known_Family,Potential_Novel_Family
10261,8879,4,Expanded_Known_Family,Expanded_Known_Family
10261,8916,2,Expanded_Known_Family,Expanded_Known_Family
931,12191,1,Known_Family_Only,Potential_Novel_Family
2837,8180,6,Potential_Novel_Family,Expanded_Known_Family
8180,127,1,Expanded_Known_Family,Potential_Novel_Family
8180,1426,1,Expanded_Known_Family,Known_Family_Only
8180,2532,1,Expanded_Known_Family,Known_Family_Only
8180,944,1,Expanded_Known_Family,Potential_Novel_Family
8180,2777,1,Expanded_Known_Family,Known_Family_Only
422,3788,1,Expanded_Known_Family,Known_Family_Only
422,7087,1,Expanded_Known_Family,Potential_Novel_Family
422,4097,1,Expanded_Known_Family,Expanded_Known_Family
422,3608,1,Expanded_Known_Family,Potential_Novel_Family
422,4048,1,Expanded_Known_Family,Expanded_Known_Family
422,10131,1,Expanded_Known_Family,Known_Family_Only
3788,7087,1,Known_Family_Only,Potential_Novel_Family
645,14244,1,Expanded_Known_Family,Potential_Novel_Family
645,410,2,Expanded_Known_Family,Expanded_Known_Family
645,1329,1,Expanded_Known_Family,Known_Family_Only
645,3621,2,Expanded_Known_Family,Expanded_Known_Family
645,5410,1,Expanded_Known_Family,Known_Family_Only
645,5867,1,Expanded_Known_Family,Potential_Novel_Family
645,6464,1,Expanded_Known_Family,Known_Family_Only
645,10989,1,Expanded_Known_Family,Potential_Novel_Family
645,4097,7,Expanded_Known_Family,Expanded_Known_Family
645,4204,1,Expanded_Known_Family,Known_Family_Only
645,3989,1,Expanded_Known_Family,Known_Family_Only
645,487,1,Expanded_Known_Family,Expanded_Known_Family
645,4206,1,Expanded_Known_Family,Potential_Novel_Family
645,505,1,Expanded_Known_Family,Expanded_Known_Family
645,3436,1,Expanded_Known_Family,Expanded_Known_Family
645,12914,1,Expanded_Known_Family,Expanded_Known_Family
645,2940,1,Expanded_Known_Family,Expanded_Known_Family
645,3245,2,Expanded_Known_Family,Expanded_Known_Family
645,3527,1,Expanded_Known_Family,Known_Family_Only
645,4194,1,Expanded_Known_Family,Known_Family_Only
645,3907,1,Expanded_Known_Family,Known_Family_Only
645,6717,1,Expanded_Known_Family,Known_Family_Only
645,6882,1,Expanded_Known_Family,Potential_Novel_Family
645,3494,2,Expanded_Known_Family,Expanded_Known_Family
645,6523,1,Expanded_Known_Family,Potential_Novel_Family
645,13983,1,Expanded_Known_Family,Potential_Novel_Family
645,357,1,Expanded_Known_Family,Expanded_Known_Family
645,369,1,Expanded_Known_Family,Expanded_Known_Family
645,4239,1,Expanded_Known_Family,Expanded_Known_Family
645,4768,1,Expanded_Known_Family,Known_Family_Only
645,4061,1,Expanded_Known_Family,Expanded_Known_Family
645,4053,1,Expanded_Known_Family,Known_Family_Only
645,7194,1,Expanded_Known_Family,Potential_Novel_Family
1454,5209,22,Expanded_Known_Family,Expanded_Known_Family
1357,10616,3,Expanded_Known_Family,Expanded_Known_Family
1357,13061,1,Expanded_Known_Family,Potential_Novel_Family
1357,8914,1,Expanded_Known_Family,Known_Family_Only
1357,3263,1,Expanded_Known_Family,Expanded_Known_Family
1357,2737,1,Expanded_Known_Family,Expanded_Known_Family
1357,9022,1,Expanded_Known_Family,Known_Family_Only
1357,12601,1,Expanded_Known_Family,Known_Family_Only
1357,11529,1,Expanded_Known_Family,Known_Family_Only
1357,13291,1,Expanded_Known_Family,Potential_Novel_Family
1357,5086,1,Expanded_Known_Family,Potential_Novel_Family
1357,3721,1,Expanded_Known_Family,Expanded_Known_Family
6443,8583,1,Expanded_Known_Family,Potential_Novel_Family
6443,199,1,Expanded_Known_Family,Expanded_Known_Family
6443,4697,1,Expanded_Known_Family,Known_Family_Only
6443,1984,1,Expanded_Known_Family,Potential_Novel_Family
6443,7611,1,Expanded_Known_Family,Known_Family_Only
8583,9606,1,Potential_Novel_Family,Potential_Novel_Family
8583,9718,2,Potential_Novel_Family,Expanded_Known_Family
9661,13661,3,Expanded_Known_Family,Expanded_Known_Family
9661,2294,1,Expanded_Known_Family,Known_Family_Only
13661,11886,2,Expanded_Known_Family,Expanded_Known_Family
13661,8040,1,Expanded_Known_Family,Potential_Novel_Family
13661,11748,1,Expanded_Known_Family,Potential_Novel_Family
13661,13254,1,Expanded_Known_Family,Expanded_Known_Family
13661,21,1,Expanded_Known_Family,Expanded_Known_Family
13661,2055,1,Expanded_Known_Family,Expanded_Known_Family
1048,3852,1,Expanded_Known_Family,Potential_Novel_Family
1048,230,4,Expanded_Known_Family,Expanded_Known_Family
1048,4029,1,Expanded_Known_Family,Known_Family_Only
1048,309,5,Expanded_Known_Family,Expanded_Known_Family
1048,3449,2,Expanded_Known_Family,Potential_Novel_Family
1048,801,1,Expanded_Known_Family,Known_Family_Only
1048,2890,2,Expanded_Known_Family,Expanded_Known_Family
1048,3239,1,Expanded_Known_Family,Expanded_Known_Family
1048,4824,1,Expanded_Known_Family,Potential_Novel_Family
1048,6303,1,Expanded_Known_Family,Known_Family_Only
1048,8523,1,Expanded_Known_Family,Known_Family_Only
1048,2257,1,Expanded_Known_Family,Potential_Novel_Family
1048,3578,1,Expanded_Known_Family,Known_Family_Only
1048,3579,1,Expanded_Known_Family,Known_Family_Only
1048,8959,1,Expanded_Known_Family,Known_Family_Only
1048,2992,1,Expanded_Known_Family,Potential_Novel_Family
1048,3119,1,Expanded_Known_Family,Potential_Novel_Family
1048,10609,1,Expanded_Known_Family,Expanded_Known_Family
1048,4195,2,Expanded_Known_Family,Potential_Novel_Family
1048,3977,1,Expanded_Known_Family,Expanded_Known_Family
1048,3546,1,Expanded_Known_Family,Known_Family_Only
1048,3054,1,Expanded_Known_Family,Expanded_Known_Family
1048,3495,2,Expanded_Known_Family,Expanded_Known_Family
1048,873,1,Expanded_Known_Family,Expanded_Known_Family
1048,374,1,Expanded_Known_Family,Known_Family_Only
1048,4565,1,Expanded_Known_Family,Known_Family_Only
1048,11696,1,Expanded_Known_Family,Potential_Novel_Family
1048,3126,1,Expanded_Known_Family,Potential_Novel_Family
1048,6338,1,Expanded_Known_Family,Expanded_Known_Family
1048,8480,1,Expanded_Known_Family,Expanded_Known_Family
7526,11703,1,Known_Family_Only,Potential_Novel_Family
78,6738,1,Expanded_Known_Family,Expanded_Known_Family
78,3666,1,Expanded_Known_Family,Potential_Novel_Family
6738,7386,1,Expanded_Known_Family,Potential_Novel_Family
6923,11432,1,Potential_Novel_Family,Known_Family_Only
11432,1908,1,Known_Family_Only,Potential_Novel_Family
11432,2833,1,Known_Family_Only,Known_Family_Only
5336,11704,2,Potential_Novel_Family,Expanded_Known_Family
5336,4448,1,Potential_Novel_Family,Potential_Novel_Family
11704,11423,1,Expanded_Known_Family,Potential_Novel_Family
6137,8252,2,Expanded_Known_Family,Known_Family_Only
6137,7028,5,Expanded_Known_Family,Expanded_Known_Family
6137,8002,1,Expanded_Known_Family,Potential_Novel_Family
6137,1747,1,Expanded_Known_Family,Expanded_Known_Family
6137,9992,2,Expanded_Known_Family,Expanded_Known_Family
6137,6799,3,Expanded_Known_Family,Potential_Novel_Family
6137,7395,4,Expanded_Known_Family,Expanded_Known_Family
8252,3162,2,Known_Family_Only,Expanded_Known_Family
8252,5710,1,Known_Family_Only,Potential_Novel_Family
8252,6219,1,Known_Family_Only,Expanded_Known_Family
8252,6363,3,Known_Family_Only,Expanded_Known_Family
8252,8480,2,Known_Family_Only,Expanded_Known_Family
8252,9685,1,Known_Family_Only,Known_Family_Only
7914,8970,1,Expanded_Known_Family,Expanded_Known_Family
7914,9988,10,Expanded_Known_Family,Expanded_Known_Family
7914,2408,1,Expanded_Known_Family,Expanded_Known_Family
7914,9222,1,Expanded_Known_Family,Expanded_Known_Family
8970,8834,2,Expanded_Known_Family,Known_Family_Only
8970,8704,1,Expanded_Known_Family,Expanded_Known_Family
4896,11362,5,Expanded_Known_Family,Expanded_Known_Family
4896,6693,1,Expanded_Known_Family,Known_Family_Only
4896,627,1,Expanded_Known_Family,Potential_Novel_Family
11362,7796,3,Expanded_Known_Family,Expanded_Known_Family
11362,9090,1,Expanded_Known_Family,Potential_Novel_Family
11362,9131,1,Expanded_Known_Family,Known_Family_Only
11362,9476,1,Expanded_Known_Family,Expanded_Known_Family
9344,13003,5,Potential_Novel_Family,Expanded_Known_Family
4354,7244,3,Expanded_Known_Family,Expanded_Known_Family
4354,7289,5,Expanded_Known_Family,Expanded_Known_Family
4354,6845,5,Expanded_Known_Family,Expanded_Known_Family
4354,339,2,Expanded_Known_Family,Expanded_Known_Family
4354,7944,4,Expanded_Known_Family,Expanded_Known_Family
4354,514,1,Expanded_Known_Family,Potential_Novel_Family
4354,4713,1,Expanded_Known_Family,Expanded_Known_Family
7244,5229,1,Expanded_Known_Family,Potential_Novel_Family
7244,361,1,Expanded_Known_Family,Expanded_Known_Family
7244,5264,3,Expanded_Known_Family,Expanded_Known_Family
586,11556,1,Expanded_Known_Family,Potential_Novel_Family
586,4677,2,Expanded_Known_Family,Potential_Novel_Family
586,11481,1,Expanded_Known_Family,Expanded_Known_Family
586,6908,1,Expanded_Known_Family,Potential_Novel_Family
586,3341,1,Expanded_Known_Family,Expanded_Known_Family
586,11590,1,Expanded_Known_Family,Potential_Novel_Family
11556,12503,1,Potential_Novel_Family,Expanded_Known_Family
8480,12751,1,Expanded_Known_Family,Expanded_Known_Family
8480,3162,5,Expanded_Known_Family,Expanded_Known_Family
8480,5710,1,Expanded_Known_Family,Potential_Novel_Family
8480,6219,1,Expanded_Known_Family,Expanded_Known_Family
8480,6363,2,Expanded_Known_Family,Expanded_Known_Family
8480,9685,1,Expanded_Known_Family,Known_Family_Only
8480,11613,1,Expanded_Known_Family,Potential_Novel_Family
8480,7682,1,Expanded_Known_Family,Potential_Novel_Family
8480,1170,1,Expanded_Known_Family,Known_Family_Only
8480,10811,1,Expanded_Known_Family,Potential_Novel_Family
8480,5192,1,Expanded_Known_Family,Known_Family_Only
8480,4759,1,Expanded_Known_Family,Expanded_Known_Family
8480,6338,1,Expanded_Known_Family,Expanded_Known_Family
12751,9736,1,Expanded_Known_Family,Known_Family_Only
12751,14232,1,Expanded_Known_Family,Known_Family_Only
12751,13955,1,Expanded_Known_Family,Expanded_Known_Family
12751,8069,1,Expanded_Known_Family,Expanded_Known_Family
12751,12797,1,Expanded_Known_Family,Potential_Novel_Family
1255,2187,3,Expanded_Known_Family,Potential_Novel_Family
3343,5357,2,Potential_Novel_Family,Potential_Novel_Family
381,5615,1,Known_Family_Only,Expanded_Known_Family
381,983,4,Known_Family_Only,Expanded_Known_Family
381,2218,1,Known_Family_Only,Expanded_Known_Family
381,12984,1,Known_Family_Only,Expanded_Known_Family
381,13409,1,Known_Family_Only,Expanded_Known_Family
381,2069,3,Known_Family_Only,Expanded_Known_Family
381,61,1,Known_Family_Only,Expanded_Known_Family
381,3498,1,Known_Family_Only,Known_Family_Only
381,6143,1,Known_Family_Only,Potential_Novel_Family
5615,6734,1,Expanded_Known_Family,Expanded_Known_Family
5615,12140,2,Expanded_Known_Family,Potential_Novel_Family
5615,8085,2,Expanded_Known_Family,Expanded_Known_Family
5615,6400,1,Expanded_Known_Family,Expanded_Known_Family
5615,65,1,Expanded_Known_Family,Expanded_Known_Family
5615,6436,1,Expanded_Known_Family,Potential_Novel_Family
3149,10696,1,Potential_Novel_Family,Potential_Novel_Family
4081,9177,1,Potential_Novel_Family,Known_Family_Only
4081,7277,1,Potential_Novel_Family,Expanded_Known_Family
3992,12173,1,Expanded_Known_Family,Potential_Novel_Family
3992,3574,1,Expanded_Known_Family,Known_Family_Only
3992,10451,1,Expanded_Known_Family,Known_Family_Only
3992,9086,1,Expanded_Known_Family,Potential_Novel_Family
3992,5605,1,Expanded_Known_Family,Potential_Novel_Family
3992,13240,1,Expanded_Known_Family,Potential_Novel_Family
12173,7308,2,Potential_Novel_Family,Expanded_Known_Family
6674,7414,1,Potential_Novel_Family,Potential_Novel_Family
1878,5577,1,Expanded_Known_Family,Known_Family_Only
1878,13449,1,Expanded_Known_Family,Known_Family_Only
1878,3998,1,Expanded_Known_Family,Potential_Novel_Family
1878,4119,1,Expanded_Known_Family,Expanded_Known_Family
1878,464,1,Expanded_Known_Family,Potential_Novel_Family
1878,5343,1,Expanded_Known_Family,Expanded_Known_Family
1878,6215,1,Expanded_Known_Family,Potential_Novel_Family
1878,13001,1,Expanded_Known_Family,Expanded_Known_Family
1878,13433,1,Expanded_Known_Family,Expanded_Known_Family
5577,13449,1,Known_Family_Only,Known_Family_Only
6461,13652,1,Expanded_Known_Family,Potential_Novel_Family
6461,10280,1,Expanded_Known_Family,Potential_Novel_Family
13652,7769,1,Potential_Novel_Family,Potential_Novel_Family
13760,14236,1,Potential_Novel_Family,Potential_Novel_Family
13760,14270,1,Potential_Novel_Family,Potential_Novel_Family
9988,8704,2,Expanded_Known_Family,Expanded_Known_Family
2298,5074,1,Known_Family_Only,Expanded_Known_Family
2298,10825,1,Known_Family_Only,Potential_Novel_Family
5074,10825,1,Expanded_Known_Family,Potential_Novel_Family
5074,3256,1,Expanded_Known_Family,Potential_Novel_Family
5074,7263,1,Expanded_Known_Family,Known_Family_Only
5074,9903,1,Expanded_Known_Family,Potential_Novel_Family
5074,6974,3,Expanded_Known_Family,Expanded_Known_Family
5074,1398,1,Expanded_Known_Family,Potential_Novel_Family
5074,6874,1,Expanded_Known_Family,Expanded_Known_Family
5074,13835,1,Expanded_Known_Family,Known_Family_Only
5074,1627,1,Expanded_Known_Family,Potential_Novel_Family
5074,6650,2,Expanded_Known_Family,Expanded_Known_Family
5074,2085,1,Expanded_Known_Family,Known_Family_Only
5074,2687,1,Expanded_Known_Family,Known_Family_Only
5074,6181,1,Expanded_Known_Family,Potential_Novel_Family
10109,9156,1,Potential_Novel_Family,Potential_Novel_Family
9451,5571,4,Expanded_Known_Family,Expanded_Known_Family
9451,5794,1,Expanded_Known_Family,Potential_Novel_Family
1606,6863,1,Known_Family_Only,Potential_Novel_Family
1606,14194,1,Known_Family_Only,Potential_Novel_Family
1606,1319,1,Known_Family_Only,Potential_Novel_Family
1012,3101,1,Expanded_Known_Family,Potential_Novel_Family
1012,5702,1,Expanded_Known_Family,Expanded_Known_Family
1012,2863,1,Expanded_Known_Family,Potential_Novel_Family
1012,3048,3,Expanded_Known_Family,Expanded_Known_Family
1012,230,6,Expanded_Known_Family,Expanded_Known_Family
1012,4288,2,Expanded_Known_Family,Potential_Novel_Family
1012,7856,1,Expanded_Known_Family,Known_Family_Only
1012,2745,1,Expanded_Known_Family,Potential_Novel_Family
1012,6539,1,Expanded_Known_Family,Expanded_Known_Family
1012,5854,1,Expanded_Known_Family,Potential_Novel_Family
1012,3154,2,Expanded_Known_Family,Potential_Novel_Family
1012,11914,2,Expanded_Known_Family,Expanded_Known_Family
1012,3054,3,Expanded_Known_Family,Expanded_Known_Family
1012,432,2,Expanded_Known_Family,Expanded_Known_Family
1012,2992,1,Expanded_Known_Family,Potential_Novel_Family
1012,3232,1,Expanded_Known_Family,Potential_Novel_Family
1012,3608,1,Expanded_Known_Family,Potential_Novel_Family
1012,954,1,Expanded_Known_Family,Expanded_Known_Family
1012,10401,1,Expanded_Known_Family,Potential_Novel_Family
1012,3127,1,Expanded_Known_Family,Known_Family_Only
1012,4024,1,Expanded_Known_Family,Potential_Novel_Family
1012,3126,1,Expanded_Known_Family,Potential_Novel_Family
9212,9304,1,Potential_Novel_Family,Potential_Novel_Family
9212,8501,1,Potential_Novel_Family,Expanded_Known_Family
9212,11709,1,Potential_Novel_Family,Known_Family_Only
9212,13258,1,Potential_Novel_Family,Expanded_Known_Family
9304,13407,1,Potential_Novel_Family,Known_Family_Only
9304,5907,1,Potential_Novel_Family,Potential_Novel_Family
7730,12692,1,Potential_Novel_Family,Known_Family_Only
9443,13819,1,Potential_Novel_Family,Potential_Novel_Family
4025,11054,1,Expanded_Known_Family,Potential_Novel_Family
4025,1490,10,Expanded_Known_Family,Expanded_Known_Family
4025,1590,1,Expanded_Known_Family,Known_Family_Only
7765,9982,2,Expanded_Known_Family,Potential_Novel_Family
7765,4937,1,Expanded_Known_Family,Potential_Novel_Family
7765,1857,3,Expanded_Known_Family,Expanded_Known_Family
7765,14073,1,Expanded_Known_Family,Potential_Novel_Family
7765,11313,1,Expanded_Known_Family,Potential_Novel_Family
7765,9187,1,Expanded_Known_Family,Potential_Novel_Family
7765,5103,1,Expanded_Known_Family,Potential_Novel_Family
7765,6907,1,Expanded_Known_Family,Known_Family_Only
7765,11617,1,Expanded_Known_Family,Potential_Novel_Family
7765,420,1,Expanded_Known_Family,Known_Family_Only
7765,8742,1,Expanded_Known_Family,Known_Family_Only
7765,5374,1,Expanded_Known_Family,Potential_Novel_Family
7765,265,1,Expanded_Known_Family,Expanded_Known_Family
7765,11197,1,Expanded_Known_Family,Potential_Novel_Family
7765,8123,1,Expanded_Known_Family,Known_Family_Only
7765,2273,1,Expanded_Known_Family,Expanded_Known_Family
7765,2489,2,Expanded_Known_Family,Potential_Novel_Family
3115,13363,1,Known_Family_Only,Potential_Novel_Family
3115,1382,1,Known_Family_Only,Expanded_Known_Family
3115,11001,1,Known_Family_Only,Potential_Novel_Family
4499,7123,2,Potential_Novel_Family,Expanded_Known_Family
7123,4061,1,Expanded_Known_Family,Expanded_Known_Family
11821,13852,1,Potential_Novel_Family,Expanded_Known_Family
13852,12810,10,Expanded_Known_Family,Potential_Novel_Family
13852,10776,1,Expanded_Known_Family,Potential_Novel_Family
13852,10491,6,Expanded_Known_Family,Potential_Novel_Family
5408,13584,1,Potential_Novel_Family,Known_Family_Only
5408,9882,1,Potential_Novel_Family,Potential_Novel_Family
3540,13062,1,Potential_Novel_Family,Known_Family_Only
2010,4919,1,Expanded_Known_Family,Expanded_Known_Family
2010,9325,2,Expanded_Known_Family,Expanded_Known_Family
2010,9520,9,Expanded_Known_Family,Expanded_Known_Family
2010,4286,7,Expanded_Known_Family,Expanded_Known_Family
2010,2604,9,Expanded_Known_Family,Expanded_Known_Family
2010,2803,3,Expanded_Known_Family,Expanded_Known_Family
2010,4329,5,Expanded_Known_Family,Expanded_Known_Family
2010,2944,6,Expanded_Known_Family,Expanded_Known_Family
2010,7798,2,Expanded_Known_Family,Expanded_Known_Family
2010,2449,1,Expanded_Known_Family,Expanded_Known_Family
2010,14004,1,Expanded_Known_Family,Potential_Novel_Family
2010,352,1,Expanded_Known_Family,Potential_Novel_Family
2010,12325,1,Expanded_Known_Family,Potential_Novel_Family
2010,12666,1,Expanded_Known_Family,Known_Family_Only
2010,2326,1,Expanded_Known_Family,Expanded_Known_Family
2010,1723,11,Expanded_Known_Family,Expanded_Known_Family
2010,2550,1,Expanded_Known_Family,Expanded_Known_Family
2010,2315,1,Expanded_Known_Family,Expanded_Known_Family
2010,6396,1,Expanded_Known_Family,Known_Family_Only
2010,385,4,Expanded_Known_Family,Expanded_Known_Family
2010,7971,1,Expanded_Known_Family,Expanded_Known_Family
4919,7148,1,Expanded_Known_Family,Known_Family_Only
11,10025,1,Expanded_Known_Family,Potential_Novel_Family
11,9396,1,Expanded_Known_Family,Expanded_Known_Family
11,10182,1,Expanded_Known_Family,Expanded_Known_Family
11,9898,1,Expanded_Known_Family,Known_Family_Only
2508,8306,3,Potential_Novel_Family,Expanded_Known_Family
8102,14099,1,Potential_Novel_Family,Known_Family_Only
685,5770,1,Expanded_Known_Family,Potential_Novel_Family
685,12146,1,Expanded_Known_Family,Known_Family_Only
5770,276,1,Potential_Novel_Family,Expanded_Known_Family
5770,2243,2,Potential_Novel_Family,Known_Family_Only
5135,6116,1,Known_Family_Only,Potential_Novel_Family
5135,6626,2,Known_Family_Only,Expanded_Known_Family
5135,6125,1,Known_Family_Only,Potential_Novel_Family
6116,6626,1,Potential_Novel_Family,Expanded_Known_Family
6626,6125,1,Expanded_Known_Family,Potential_Novel_Family
3572,8595,3,Potential_Novel_Family,Potential_Novel_Family
5222,10367,1,Expanded_Known_Family,Known_Family_Only
5222,9727,4,Expanded_Known_Family,Expanded_Known_Family
5222,9849,4,Expanded_Known_Family,Expanded_Known_Family
5222,9621,1,Expanded_Known_Family,Known_Family_Only
5222,6458,4,Expanded_Known_Family,Potential_Novel_Family
5222,10095,1,Expanded_Known_Family,Known_Family_Only
5222,9861,1,Expanded_Known_Family,Potential_Novel_Family
5222,9474,1,Expanded_Known_Family,Known_Family_Only
5390,10026,1,Known_Family_Only,Potential_Novel_Family
325,925,1,Potential_Novel_Family,Known_Family_Only
325,2614,1,Potential_Novel_Family,Known_Family_Only
925,2614,1,Known_Family_Only,Known_Family_Only
1403,10098,1,Expanded_Known_Family,Potential_Novel_Family
1403,7848,1,Expanded_Known_Family,Potential_Novel_Family
1403,2377,2,Expanded_Known_Family,Expanded_Known_Family
1403,3547,1,Expanded_Known_Family,Expanded_Known_Family
1403,13702,1,Expanded_Known_Family,Potential_Novel_Family
1403,3194,1,Expanded_Known_Family,Known_Family_Only
1403,6604,1,Expanded_Known_Family,Potential_Novel_Family
871,2525,11,Expanded_Known_Family,Expanded_Known_Family
871,953,1,Expanded_Known_Family,Potential_Novel_Family
871,6237,1,Expanded_Known_Family,Known_Family_Only
871,2239,1,Expanded_Known_Family,Potential_Novel_Family
871,5845,1,Expanded_Known_Family,Known_Family_Only
871,833,1,Expanded_Known_Family,Known_Family_Only
871,2914,1,Expanded_Known_Family,Potential_Novel_Family
871,3239,1,Expanded_Known_Family,Expanded_Known_Family
871,6363,1,Expanded_Known_Family,Expanded_Known_Family
871,8312,1,Expanded_Known_Family,Known_Family_Only
871,1631,11,Expanded_Known_Family,Expanded_Known_Family
871,1710,1,Expanded_Known_Family,Expanded_Known_Family
871,2162,1,Expanded_Known_Family,Potential_Novel_Family
871,1653,1,Expanded_Known_Family,Potential_Novel_Family
871,4477,4,Expanded_Known_Family,Known_Family_Only
871,1719,2,Expanded_Known_Family,Known_Family_Only
871,3172,1,Expanded_Known_Family,Potential_Novel_Family
871,5213,1,Expanded_Known_Family,Known_Family_Only
871,1929,1,Expanded_Known_Family,Known_Family_Only
871,5811,1,Expanded_Known_Family,Expanded_Known_Family
871,2341,1,Expanded_Known_Family,Known_Family_Only
871,5410,1,Expanded_Known_Family,Known_Family_Only
871,6258,1,Expanded_Known_Family,Expanded_Known_Family
871,9193,1,Expanded_Known_Family,Known_Family_Only
871,3389,1,Expanded_Known_Family,Expanded_Known_Family
871,9049,1,Expanded_Known_Family,Potential_Novel_Family
2525,3071,2,Expanded_Known_Family,Potential_Novel_Family
2525,953,1,Expanded_Known_Family,Potential_Novel_Family
2525,1710,4,Expanded_Known_Family,Expanded_Known_Family
2525,6237,1,Expanded_Known_Family,Known_Family_Only
2525,2239,1,Expanded_Known_Family,Potential_Novel_Family
2525,5845,1,Expanded_Known_Family,Known_Family_Only
2525,833,1,Expanded_Known_Family,Known_Family_Only
2525,2914,1,Expanded_Known_Family,Potential_Novel_Family
2525,3239,1,Expanded_Known_Family,Expanded_Known_Family
2525,6363,1,Expanded_Known_Family,Expanded_Known_Family
2525,8312,1,Expanded_Known_Family,Known_Family_Only
2525,3389,2,Expanded_Known_Family,Expanded_Known_Family
2525,1653,1,Expanded_Known_Family,Potential_Novel_Family
2525,5213,1,Expanded_Known_Family,Known_Family_Only
2525,1662,2,Expanded_Known_Family,Potential_Novel_Family
2525,2781,3,Expanded_Known_Family,Expanded_Known_Family
2525,3388,1,Expanded_Known_Family,Potential_Novel_Family
2525,1361,1,Expanded_Known_Family,Expanded_Known_Family
2525,3429,1,Expanded_Known_Family,Potential_Novel_Family
2525,2080,1,Expanded_Known_Family,Potential_Novel_Family
2525,4155,1,Expanded_Known_Family,Expanded_Known_Family
2525,2903,1,Expanded_Known_Family,Potential_Novel_Family
2525,9049,1,Expanded_Known_Family,Potential_Novel_Family
7350,12349,1,Potential_Novel_Family,Known_Family_Only
5073,11956,8,Expanded_Known_Family,Expanded_Known_Family
5073,5964,1,Expanded_Known_Family,Expanded_Known_Family
5073,8993,1,Expanded_Known_Family,Expanded_Known_Family
11956,4977,54,Expanded_Known_Family,Expanded_Known_Family
11956,1471,3,Expanded_Known_Family,Expanded_Known_Family
11956,9309,3,Expanded_Known_Family,Expanded_Known_Family
11956,8993,15,Expanded_Known_Family,Expanded_Known_Family
11956,8476,2,Expanded_Known_Family,Expanded_Known_Family
11956,9372,1,Expanded_Known_Family,Expanded_Known_Family
11956,255,1,Expanded_Known_Family,Expanded_Known_Family
9052,11509,1,Expanded_Known_Family,Known_Family_Only
9052,6354,2,Expanded_Known_Family,Potential_Novel_Family
2096,3554,2,Expanded_Known_Family,Expanded_Known_Family
2096,9717,1,Expanded_Known_Family,Known_Family_Only
2096,11766,3,Expanded_Known_Family,Expanded_Known_Family
2096,1922,3,Expanded_Known_Family,Expanded_Known_Family
2096,2413,1,Expanded_Known_Family,Expanded_Known_Family
2096,12919,1,Expanded_Known_Family,Potential_Novel_Family
2096,2550,1,Expanded_Known_Family,Expanded_Known_Family
2096,4353,2,Expanded_Known_Family,Expanded_Known_Family
2096,2191,1,Expanded_Known_Family,Known_Family_Only
2096,11242,1,Expanded_Known_Family,Expanded_Known_Family
2096,11700,1,Expanded_Known_Family,Potential_Novel_Family
3554,1421,1,Expanded_Known_Family,Known_Family_Only
3554,1922,1,Expanded_Known_Family,Expanded_Known_Family
3554,2153,1,Expanded_Known_Family,Expanded_Known_Family
3554,11890,3,Expanded_Known_Family,Expanded_Known_Family
4713,6088,1,Expanded_Known_Family,Expanded_Known_Family
4713,9276,2,Expanded_Known_Family,Expanded_Known_Family
4713,10193,2,Expanded_Known_Family,Expanded_Known_Family
4713,318,4,Expanded_Known_Family,Expanded_Known_Family
4713,954,4,Expanded_Known_Family,Expanded_Known_Family
4713,2755,4,Expanded_Known_Family,Known_Family_Only
4713,4061,4,Expanded_Known_Family,Expanded_Known_Family
4713,7530,1,Expanded_Known_Family,Known_Family_Only
4713,7531,1,Expanded_Known_Family,Potential_Novel_Family
4713,9019,2,Expanded_Known_Family,Expanded_Known_Family
4713,62,1,Expanded_Known_Family,Potential_Novel_Family
4713,9330,4,Expanded_Known_Family,Expanded_Known_Family
4713,9556,1,Expanded_Known_Family,Known_Family_Only
4713,514,1,Expanded_Known_Family,Potential_Novel_Family
4713,7289,1,Expanded_Known_Family,Expanded_Known_Family
4713,294,2,Expanded_Known_Family,Expanded_Known_Family
4713,2408,2,Expanded_Known_Family,Expanded_Known_Family
4713,2417,2,Expanded_Known_Family,Known_Family_Only
4713,3551,2,Expanded_Known_Family,Potential_Novel_Family
4713,9334,2,Expanded_Known_Family,Known_Family_Only
4713,12548,1,Expanded_Known_Family,Known_Family_Only
4713,9208,1,Expanded_Known_Family,Potential_Novel_Family
6088,9276,1,Expanded_Known_Family,Expanded_Known_Family
6088,10193,1,Expanded_Known_Family,Expanded_Known_Family
6088,1361,1,Expanded_Known_Family,Expanded_Known_Family
6088,1631,1,Expanded_Known_Family,Expanded_Known_Family
6088,2148,1,Expanded_Known_Family,Known_Family_Only
6088,6384,1,Expanded_Known_Family,Known_Family_Only
6088,642,1,Expanded_Known_Family,Potential_Novel_Family
6088,481,1,Expanded_Known_Family,Potential_Novel_Family
6088,8351,1,Expanded_Known_Family,Expanded_Known_Family
6088,6977,1,Expanded_Known_Family,Known_Family_Only
6088,10490,1,Expanded_Known_Family,Potential_Novel_Family
6088,7776,1,Expanded_Known_Family,Known_Family_Only
6088,274,1,Expanded_Known_Family,Expanded_Known_Family
6088,2109,1,Expanded_Known_Family,Expanded_Known_Family
6088,4392,1,Expanded_Known_Family,Known_Family_Only
6088,10222,1,Expanded_Known_Family,Potential_Novel_Family
6088,3661,1,Expanded_Known_Family,Potential_Novel_Family
6088,230,1,Expanded_Known_Family,Expanded_Known_Family
6088,2139,1,Expanded_Known_Family,Expanded_Known_Family
9276,10193,2,Expanded_Known_Family,Expanded_Known_Family
9276,4535,1,Expanded_Known_Family,Expanded_Known_Family
9276,361,2,Expanded_Known_Family,Expanded_Known_Family
9276,633,1,Expanded_Known_Family,Expanded_Known_Family
9276,3322,1,Expanded_Known_Family,Potential_Novel_Family
9276,4929,4,Expanded_Known_Family,Known_Family_Only
9276,2270,1,Expanded_Known_Family,Potential_Novel_Family
9276,570,1,Expanded_Known_Family,Expanded_Known_Family
9276,3815,1,Expanded_Known_Family,Known_Family_Only
6552,8218,4,Expanded_Known_Family,Potential_Novel_Family
6552,2052,1,Expanded_Known_Family,Expanded_Known_Family
6552,4781,1,Expanded_Known_Family,Expanded_Known_Family
7,6876,2,Expanded_Known_Family,Expanded_Known_Family
7,360,1,Expanded_Known_Family,Known_Family_Only
7,822,2,Expanded_Known_Family,Known_Family_Only
7,6774,1,Expanded_Known_Family,Potential_Novel_Family
7,12932,1,Expanded_Known_Family,Expanded_Known_Family
7,245,1,Expanded_Known_Family,Known_Family_Only
7,375,1,Expanded_Known_Family,Known_Family_Only
7,3396,1,Expanded_Known_Family,Expanded_Known_Family
7,4300,1,Expanded_Known_Family,Expanded_Known_Family
7,4939,1,Expanded_Known_Family,Known_Family_Only
7,6472,1,Expanded_Known_Family,Potential_Novel_Family
7,6781,1,Expanded_Known_Family,Known_Family_Only
7,7600,1,Expanded_Known_Family,Expanded_Known_Family
7,11289,1,Expanded_Known_Family,Potential_Novel_Family
7,13609,1,Expanded_Known_Family,Known_Family_Only
7,3988,1,Expanded_Known_Family,Expanded_Known_Family
7,3690,1,Expanded_Known_Family,Known_Family_Only
6876,10382,1,Expanded_Known_Family,Potential_Novel_Family
4043,9720,4,Expanded_Known_Family,Expanded_Known_Family
4043,10139,3,Expanded_Known_Family,Expanded_Known_Family
4043,10297,1,Expanded_Known_Family,Potential_Novel_Family
3464,8367,1,Known_Family_Only,Potential_Novel_Family
8367,3270,1,Potential_Novel_Family,Known_Family_Only
11055,14258,1,Potential_Novel_Family,Known_Family_Only
4977,9309,6,Expanded_Known_Family,Expanded_Known_Family
4977,8993,16,Expanded_Known_Family,Expanded_Known_Family
4977,11121,2,Expanded_Known_Family,Potential_Novel_Family
4977,9372,2,Expanded_Known_Family,Expanded_Known_Family
4977,5964,1,Expanded_Known_Family,Expanded_Known_Family
4977,8476,1,Expanded_Known_Family,Expanded_Known_Family
4977,13295,1,Expanded_Known_Family,Potential_Novel_Family
3094,12257,2,Expanded_Known_Family,Known_Family_Only
3094,8535,3,Expanded_Known_Family,Expanded_Known_Family
3094,94,1,Expanded_Known_Family,Expanded_Known_Family
12841,14118,1,Expanded_Known_Family,Potential_Novel_Family
12841,13879,1,Expanded_Known_Family,Potential_Novel_Family
12841,13656,3,Expanded_Known_Family,Potential_Novel_Family
14118,12938,1,Potential_Novel_Family,Expanded_Known_Family
4871,9068,2,Potential_Novel_Family,Expanded_Known_Family
5704,10194,1,Potential_Novel_Family,Known_Family_Only
4119,4781,1,Expanded_Known_Family,Expanded_Known_Family
4119,13230,1,Expanded_Known_Family,Potential_Novel_Family
4119,4584,2,Expanded_Known_Family,Expanded_Known_Family
4119,5889,3,Expanded_Known_Family,Expanded_Known_Family
4119,13445,3,Expanded_Known_Family,Known_Family_Only
4119,13446,2,Expanded_Known_Family,Known_Family_Only
4119,3998,1,Expanded_Known_Family,Potential_Novel_Family
4119,1942,1,Expanded_Known_Family,Expanded_Known_Family
4781,533,2,Expanded_Known_Family,Potential_Novel_Family
4781,4079,2,Expanded_Known_Family,Expanded_Known_Family
3488,7173,3,Expanded_Known_Family,Expanded_Known_Family
3488,8063,2,Expanded_Known_Family,Expanded_Known_Family
3488,6059,2,Expanded_Known_Family,Expanded_Known_Family
3488,10657,4,Expanded_Known_Family,Expanded_Known_Family
3488,7771,2,Expanded_Known_Family,Expanded_Known_Family
3488,1100,2,Expanded_Known_Family,Expanded_Known_Family
3488,10417,1,Expanded_Known_Family,Potential_Novel_Family
3488,6782,2,Expanded_Known_Family,Known_Family_Only
3488,10799,1,Expanded_Known_Family,Potential_Novel_Family
3488,2577,1,Expanded_Known_Family,Potential_Novel_Family
3488,2394,1,Expanded_Known_Family,Potential_Novel_Family
3488,6479,2,Expanded_Known_Family,Known_Family_Only
3488,9777,1,Expanded_Known_Family,Potential_Novel_Family
3488,1626,1,Expanded_Known_Family,Potential_Novel_Family
3488,3129,1,Expanded_Known_Family,Expanded_Known_Family
3488,5203,1,Expanded_Known_Family,Expanded_Known_Family
3488,4512,1,Expanded_Known_Family,Potential_Novel_Family
3488,4521,1,Expanded_Known_Family,Potential_Novel_Family
3488,3280,1,Expanded_Known_Family,Expanded_Known_Family
3488,7083,1,Expanded_Known_Family,Potential_Novel_Family
7173,1981,1,Expanded_Known_Family,Potential_Novel_Family
7173,2654,1,Expanded_Known_Family,Expanded_Known_Family
7173,1957,1,Expanded_Known_Family,Potential_Novel_Family
7173,10657,1,Expanded_Known_Family,Expanded_Known_Family
7173,11534,2,Expanded_Known_Family,Potential_Novel_Family
1468,6359,3,Expanded_Known_Family,Potential_Novel_Family
1468,6117,2,Expanded_Known_Family,Expanded_Known_Family
1468,9611,4,Expanded_Known_Family,Potential_Novel_Family
1468,9612,3,Expanded_Known_Family,Expanded_Known_Family
1468,1209,1,Expanded_Known_Family,Expanded_Known_Family
1468,5071,2,Expanded_Known_Family,Expanded_Known_Family
1468,10387,1,Expanded_Known_Family,Potential_Novel_Family
1468,9597,3,Expanded_Known_Family,Expanded_Known_Family
1468,9436,1,Expanded_Known_Family,Known_Family_Only
1468,4422,1,Expanded_Known_Family,Potential_Novel_Family
1468,13464,1,Expanded_Known_Family,Potential_Novel_Family
1468,7596,1,Expanded_Known_Family,Potential_Novel_Family
1468,5527,1,Expanded_Known_Family,Potential_Novel_Family
2876,7920,1,Potential_Novel_Family,Potential_Novel_Family
11705,13487,1,Potential_Novel_Family,Known_Family_Only
2338,7224,1,Expanded_Known_Family,Potential_Novel_Family
2338,2381,1,Expanded_Known_Family,Potential_Novel_Family
10229,10590,1,Expanded_Known_Family,Potential_Novel_Family
10229,783,4,Expanded_Known_Family,Potential_Novel_Family
3237,10955,1,Potential_Novel_Family,Potential_Novel_Family
1623,4182,1,Expanded_Known_Family,Expanded_Known_Family
1623,4227,1,Expanded_Known_Family,Potential_Novel_Family
1623,735,1,Expanded_Known_Family,Expanded_Known_Family
1623,1095,1,Expanded_Known_Family,Expanded_Known_Family
4182,4227,1,Expanded_Known_Family,Potential_Novel_Family
4182,8542,2,Expanded_Known_Family,Expanded_Known_Family
4182,8037,1,Expanded_Known_Family,Potential_Novel_Family
4182,8283,2,Expanded_Known_Family,Expanded_Known_Family
4182,237,1,Expanded_Known_Family,Expanded_Known_Family
4182,740,1,Expanded_Known_Family,Known_Family_Only
4182,1304,1,Expanded_Known_Family,Expanded_Known_Family
4227,10147,1,Potential_Novel_Family,Known_Family_Only
11980,14199,1,Potential_Novel_Family,Potential_Novel_Family
2765,8265,1,Potential_Novel_Family,Known_Family_Only
1097,4023,3,Expanded_Known_Family,Expanded_Known_Family
1097,7067,2,Expanded_Known_Family,Expanded_Known_Family
1097,2490,1,Expanded_Known_Family,Potential_Novel_Family
4023,2761,5,Expanded_Known_Family,Expanded_Known_Family
4023,10,1,Expanded_Known_Family,Expanded_Known_Family
4023,5491,1,Expanded_Known_Family,Expanded_Known_Family
4023,9604,1,Expanded_Known_Family,Known_Family_Only
591,5334,2,Expanded_Known_Family,Expanded_Known_Family
591,8835,2,Expanded_Known_Family,Potential_Novel_Family
591,1565,1,Expanded_Known_Family,Expanded_Known_Family
591,11837,1,Expanded_Known_Family,Expanded_Known_Family
591,1687,1,Expanded_Known_Family,Expanded_Known_Family
591,2593,1,Expanded_Known_Family,Expanded_Known_Family
3344,4646,1,Known_Family_Only,Known_Family_Only
3344,6164,1,Known_Family_Only,Potential_Novel_Family
4646,6164,1,Known_Family_Only,Potential_Novel_Family
4346,6148,1,Expanded_Known_Family,Potential_Novel_Family
4346,5568,1,Expanded_Known_Family,Potential_Novel_Family
1175,9444,1,Known_Family_Only,Potential_Novel_Family
7849,10512,2,Potential_Novel_Family,Potential_Novel_Family
6734,9586,1,Expanded_Known_Family,Expanded_Known_Family
6734,9798,3,Expanded_Known_Family,Expanded_Known_Family
1137,3093,2,Known_Family_Only,Expanded_Known_Family
1137,309,1,Known_Family_Only,Expanded_Known_Family
1137,3165,1,Known_Family_Only,Potential_Novel_Family
1137,5845,1,Known_Family_Only,Known_Family_Only
3093,801,1,Expanded_Known_Family,Known_Family_Only
3093,309,1,Expanded_Known_Family,Expanded_Known_Family
3093,3165,1,Expanded_Known_Family,Potential_Novel_Family
3093,5845,1,Expanded_Known_Family,Known_Family_Only
3093,679,1,Expanded_Known_Family,Potential_Novel_Family
3093,3364,1,Expanded_Known_Family,Potential_Novel_Family
3093,5398,1,Expanded_Known_Family,Potential_Novel_Family
3093,288,1,Expanded_Known_Family,Potential_Novel_Family
3093,1538,1,Expanded_Known_Family,Known_Family_Only
7677,9729,2,Expanded_Known_Family,Expanded_Known_Family
6462,229,1,Expanded_Known_Family,Known_Family_Only
6462,5664,1,Expanded_Known_Family,Known_Family_Only
6462,1279,1,Expanded_Known_Family,Potential_Novel_Family
6462,377,1,Expanded_Known_Family,Expanded_Known_Family
6462,2069,1,Expanded_Known_Family,Expanded_Known_Family
6462,7262,1,Expanded_Known_Family,Known_Family_Only
7470,10697,1,Potential_Novel_Family,Potential_Novel_Family
156,8586,2,Expanded_Known_Family,Expanded_Known_Family
156,1644,1,Expanded_Known_Family,Known_Family_Only
156,1768,1,Expanded_Known_Family,Potential_Novel_Family
156,898,1,Expanded_Known_Family,Expanded_Known_Family
12874,14315,1,Known_Family_Only,Potential_Novel_Family
4548,7552,2,Potential_Novel_Family,Known_Family_Only
5006,5375,24,Expanded_Known_Family,Expanded_Known_Family
5006,6360,1,Expanded_Known_Family,Known_Family_Only
5006,3081,3,Expanded_Known_Family,Potential_Novel_Family
5006,4197,4,Expanded_Known_Family,Expanded_Known_Family
5006,5580,1,Expanded_Known_Family,Potential_Novel_Family
5006,704,4,Expanded_Known_Family,Expanded_Known_Family
5006,261,2,Expanded_Known_Family,Expanded_Known_Family
5006,6006,3,Expanded_Known_Family,Potential_Novel_Family
5375,261,2,Expanded_Known_Family,Expanded_Known_Family
5375,8852,4,Expanded_Known_Family,Expanded_Known_Family
5375,1577,1,Expanded_Known_Family,Known_Family_Only
5375,704,2,Expanded_Known_Family,Expanded_Known_Family
6438,11171,1,Potential_Novel_Family,Potential_Novel_Family
1687,9377,1,Expanded_Known_Family,Known_Family_Only
1687,3512,2,Expanded_Known_Family,Expanded_Known_Family
1687,12283,1,Expanded_Known_Family,Known_Family_Only
1687,3769,1,Expanded_Known_Family,Expanded_Known_Family
1687,13388,1,Expanded_Known_Family,Known_Family_Only
1687,9032,1,Expanded_Known_Family,Expanded_Known_Family
9345,11510,2,Expanded_Known_Family,Expanded_Known_Family
9345,8663,1,Expanded_Known_Family,Known_Family_Only
9345,2246,2,Expanded_Known_Family,Expanded_Known_Family
9345,8675,1,Expanded_Known_Family,Known_Family_Only
9345,409,1,Expanded_Known_Family,Known_Family_Only
11510,9454,2,Expanded_Known_Family,Expanded_Known_Family
11510,9496,2,Expanded_Known_Family,Expanded_Known_Family
11510,9102,1,Expanded_Known_Family,Known_Family_Only
11510,13695,1,Expanded_Known_Family,Expanded_Known_Family
11510,7726,1,Expanded_Known_Family,Potential_Novel_Family
11510,10518,1,Expanded_Known_Family,Expanded_Known_Family
11510,409,1,Expanded_Known_Family,Known_Family_Only
11510,2246,1,Expanded_Known_Family,Expanded_Known_Family
1712,6370,1,Potential_Novel_Family,Potential_Novel_Family
6370,3103,1,Potential_Novel_Family,Known_Family_Only
12960,14324,1,Potential_Novel_Family,Potential_Novel_Family
12960,11021,8,Potential_Novel_Family,Expanded_Known_Family
12960,10137,1,Potential_Novel_Family,Expanded_Known_Family
12960,11907,1,Potential_Novel_Family,Potential_Novel_Family
12960,10376,4,Potential_Novel_Family,Expanded_Known_Family
12960,13187,1,Potential_Novel_Family,Known_Family_Only
7484,8017,4,Expanded_Known_Family,Expanded_Known_Family
7484,12115,24,Expanded_Known_Family,Expanded_Known_Family
7484,9725,1,Expanded_Known_Family,Potential_Novel_Family
7484,8825,10,Expanded_Known_Family,Expanded_Known_Family
7484,12093,2,Expanded_Known_Family,Expanded_Known_Family
7484,12996,1,Expanded_Known_Family,Potential_Novel_Family
7484,2209,1,Expanded_Known_Family,Expanded_Known_Family
7484,3919,1,Expanded_Known_Family,Potential_Novel_Family
8017,4135,44,Expanded_Known_Family,Expanded_Known_Family
8017,392,1,Expanded_Known_Family,Expanded_Known_Family
8017,11276,1,Expanded_Known_Family,Expanded_Known_Family
8017,5512,1,Expanded_Known_Family,Potential_Novel_Family
8017,3900,3,Expanded_Known_Family,Expanded_Known_Family
8017,5252,2,Expanded_Known_Family,Expanded_Known_Family
8017,12632,1,Expanded_Known_Family,Known_Family_Only
8017,12128,1,Expanded_Known_Family,Potential_Novel_Family
12693,13512,1,Potential_Novel_Family,Potential_Novel_Family
7088,13820,1,Potential_Novel_Family,Known_Family_Only
10041,11242,8,Expanded_Known_Family,Expanded_Known_Family
10041,7862,1,Expanded_Known_Family,Potential_Novel_Family
10041,8280,2,Expanded_Known_Family,Potential_Novel_Family
10041,10744,1,Expanded_Known_Family,Known_Family_Only
10041,12333,1,Expanded_Known_Family,Potential_Novel_Family
10041,11592,1,Expanded_Known_Family,Known_Family_Only
10041,7072,1,Expanded_Known_Family,Potential_Novel_Family
10041,12150,2,Expanded_Known_Family,Expanded_Known_Family
10041,4274,1,Expanded_Known_Family,Expanded_Known_Family
10041,8475,1,Expanded_Known_Family,Potential_Novel_Family
11242,2191,1,Expanded_Known_Family,Known_Family_Only
11242,12112,1,Expanded_Known_Family,Potential_Novel_Family
11242,36,1,Expanded_Known_Family,Expanded_Known_Family
11247,13324,1,Expanded_Known_Family,Potential_Novel_Family
11247,11453,1,Expanded_Known_Family,Expanded_Known_Family
11247,11759,1,Expanded_Known_Family,Known_Family_Only
11247,13193,1,Expanded_Known_Family,Potential_Novel_Family
5824,8928,1,Potential_Novel_Family,Potential_Novel_Family
8928,2709,1,Potential_Novel_Family,Known_Family_Only
6966,13848,1,Potential_Novel_Family,Potential_Novel_Family
2308,4784,1,Potential_Novel_Family,Potential_Novel_Family
9717,11047,1,Known_Family_Only,Potential_Novel_Family
13232,13548,2,Expanded_Known_Family,Potential_Novel_Family
13232,9956,1,Expanded_Known_Family,Potential_Novel_Family
744,5705,1,Expanded_Known_Family,Known_Family_Only
744,1461,1,Expanded_Known_Family,Known_Family_Only
744,3893,1,Expanded_Known_Family,Potential_Novel_Family
2944,7125,1,Expanded_Known_Family,Known_Family_Only
2944,8107,1,Expanded_Known_Family,Expanded_Known_Family
2944,42,1,Expanded_Known_Family,Known_Family_Only
2944,10973,1,Expanded_Known_Family,Potential_Novel_Family
2944,9514,1,Expanded_Known_Family,Known_Family_Only
2944,13438,1,Expanded_Known_Family,Potential_Novel_Family
9408,13325,1,Expanded_Known_Family,Known_Family_Only
9408,5571,2,Expanded_Known_Family,Expanded_Known_Family
13325,12694,1,Known_Family_Only,Potential_Novel_Family
12407,13875,3,Potential_Novel_Family,Expanded_Known_Family
2714,7089,1,Known_Family_Only,Potential_Novel_Family
10302,10763,1,Known_Family_Only,Potential_Novel_Family
135,10255,1,Expanded_Known_Family,Potential_Novel_Family
135,10632,1,Expanded_Known_Family,Potential_Novel_Family
135,778,1,Expanded_Known_Family,Expanded_Known_Family
135,11860,2,Expanded_Known_Family,Expanded_Known_Family
135,4242,1,Expanded_Known_Family,Known_Family_Only
135,14133,1,Expanded_Known_Family,Potential_Novel_Family
433,2138,2,Expanded_Known_Family,Expanded_Known_Family
433,2349,1,Expanded_Known_Family,Expanded_Known_Family
433,6094,1,Expanded_Known_Family,Expanded_Known_Family
433,3584,2,Expanded_Known_Family,Expanded_Known_Family
433,2097,1,Expanded_Known_Family,Expanded_Known_Family
433,3760,1,Expanded_Known_Family,Expanded_Known_Family
433,2267,2,Expanded_Known_Family,Expanded_Known_Family
433,3847,3,Expanded_Known_Family,Expanded_Known_Family
433,4532,1,Expanded_Known_Family,Expanded_Known_Family
433,4636,1,Expanded_Known_Family,Known_Family_Only
433,6179,1,Expanded_Known_Family,Expanded_Known_Family
433,3869,1,Expanded_Known_Family,Expanded_Known_Family
2138,3056,3,Expanded_Known_Family,Expanded_Known_Family
2138,453,1,Expanded_Known_Family,Known_Family_Only
2138,950,1,Expanded_Known_Family,Potential_Novel_Family
2138,3926,1,Expanded_Known_Family,Known_Family_Only
2138,4699,1,Expanded_Known_Family,Known_Family_Only
2138,567,2,Expanded_Known_Family,Known_Family_Only
2138,3927,1,Expanded_Known_Family,Known_Family_Only
2138,5655,2,Expanded_Known_Family,Expanded_Known_Family
2138,3423,1,Expanded_Known_Family,Expanded_Known_Family
2138,450,1,Expanded_Known_Family,Known_Family_Only
2138,505,1,Expanded_Known_Family,Expanded_Known_Family
2138,821,1,Expanded_Known_Family,Known_Family_Only
2138,3700,1,Expanded_Known_Family,Expanded_Known_Family
2138,4377,1,Expanded_Known_Family,Known_Family_Only
2138,4403,1,Expanded_Known_Family,Potential_Novel_Family
2138,2475,1,Expanded_Known_Family,Potential_Novel_Family
2138,9258,1,Expanded_Known_Family,Expanded_Known_Family
2138,12812,1,Expanded_Known_Family,Potential_Novel_Family
2138,3760,1,Expanded_Known_Family,Expanded_Known_Family
2138,7347,1,Expanded_Known_Family,Potential_Novel_Family
2138,3847,1,Expanded_Known_Family,Expanded_Known_Family
12728,13550,3,Potential_Novel_Family,Expanded_Known_Family
13550,12437,1,Expanded_Known_Family,Expanded_Known_Family
13550,12471,29,Expanded_Known_Family,Expanded_Known_Family
13550,124,1,Expanded_Known_Family,Expanded_Known_Family
13550,12548,1,Expanded_Known_Family,Known_Family_Only
13550,12811,4,Expanded_Known_Family,Expanded_Known_Family
13550,11737,1,Expanded_Known_Family,Expanded_Known_Family
13550,8961,1,Expanded_Known_Family,Potential_Novel_Family
13550,14319,3,Expanded_Known_Family,Expanded_Known_Family
13550,12773,2,Expanded_Known_Family,Expanded_Known_Family
13550,11039,1,Expanded_Known_Family,Potential_Novel_Family
2348,4549,7,Expanded_Known_Family,Expanded_Known_Family
2348,2288,1,Expanded_Known_Family,Expanded_Known_Family
2348,5780,1,Expanded_Known_Family,Expanded_Known_Family
2348,8378,1,Expanded_Known_Family,Potential_Novel_Family
2348,11282,1,Expanded_Known_Family,Expanded_Known_Family
2348,7133,1,Expanded_Known_Family,Potential_Novel_Family
2348,8356,1,Expanded_Known_Family,Potential_Novel_Family
2348,6053,2,Expanded_Known_Family,Expanded_Known_Family
2348,8969,2,Expanded_Known_Family,Expanded_Known_Family
2348,11398,1,Expanded_Known_Family,Known_Family_Only
2348,9468,1,Expanded_Known_Family,Expanded_Known_Family
2348,5026,1,Expanded_Known_Family,Expanded_Known_Family
2348,1728,1,Expanded_Known_Family,Potential_Novel_Family
4549,11282,1,Expanded_Known_Family,Expanded_Known_Family
3939,4054,1,Potential_Novel_Family,Known_Family_Only
2337,2543,3,Expanded_Known_Family,Expanded_Known_Family
2337,9747,1,Expanded_Known_Family,Known_Family_Only
2543,2251,1,Expanded_Known_Family,Potential_Novel_Family
2431,11212,1,Potential_Novel_Family,Potential_Novel_Family
4801,10362,18,Expanded_Known_Family,Expanded_Known_Family
4801,6019,1,Expanded_Known_Family,Known_Family_Only
146,332,1,Expanded_Known_Family,Expanded_Known_Family
146,6195,1,Expanded_Known_Family,Expanded_Known_Family
146,12649,1,Expanded_Known_Family,Known_Family_Only
146,3310,1,Expanded_Known_Family,Known_Family_Only
146,4809,1,Expanded_Known_Family,Potential_Novel_Family
146,11014,1,Expanded_Known_Family,Known_Family_Only
332,12965,1,Expanded_Known_Family,Expanded_Known_Family
332,484,3,Expanded_Known_Family,Expanded_Known_Family
332,9711,1,Expanded_Known_Family,Potential_Novel_Family
65,6699,1,Expanded_Known_Family,Potential_Novel_Family
65,12567,1,Expanded_Known_Family,Potential_Novel_Family
8300,13624,1,Potential_Novel_Family,Known_Family_Only
2597,5740,1,Expanded_Known_Family,Potential_Novel_Family
2597,3410,1,Expanded_Known_Family,Potential_Novel_Family
6024,11847,1,Potential_Novel_Family,Known_Family_Only
6024,96,1,Potential_Novel_Family,Expanded_Known_Family
10386,10764,5,Expanded_Known_Family,Expanded_Known_Family
13231,13287,2,Expanded_Known_Family,Expanded_Known_Family
13231,13804,3,Expanded_Known_Family,Potential_Novel_Family
13287,13263,6,Expanded_Known_Family,Potential_Novel_Family
13287,190,1,Expanded_Known_Family,Expanded_Known_Family
13287,13658,2,Expanded_Known_Family,Potential_Novel_Family
8227,11227,8,Expanded_Known_Family,Expanded_Known_Family
8227,3447,36,Expanded_Known_Family,Potential_Novel_Family
8227,11640,1,Expanded_Known_Family,Potential_Novel_Family
8227,6986,1,Expanded_Known_Family,Potential_Novel_Family
8227,678,1,Expanded_Known_Family,Expanded_Known_Family
11227,8486,14,Expanded_Known_Family,Expanded_Known_Family
5064,13653,1,Potential_Novel_Family,Potential_Novel_Family
6244,8952,1,Known_Family_Only,Potential_Novel_Family
3208,4785,1,Expanded_Known_Family,Potential_Novel_Family
3208,5508,1,Expanded_Known_Family,Known_Family_Only
3208,9404,1,Expanded_Known_Family,Potential_Novel_Family
718,1462,1,Potential_Novel_Family,Known_Family_Only
12835,13721,1,Potential_Novel_Family,Potential_Novel_Family
72,2375,1,Expanded_Known_Family,Known_Family_Only
72,1780,1,Expanded_Known_Family,Known_Family_Only
72,12619,1,Expanded_Known_Family,Potential_Novel_Family
72,11066,1,Expanded_Known_Family,Known_Family_Only
72,7137,1,Expanded_Known_Family,Potential_Novel_Family
72,10457,1,Expanded_Known_Family,Potential_Novel_Family
72,13579,2,Expanded_Known_Family,Potential_Novel_Family
1504,7670,1,Expanded_Known_Family,Expanded_Known_Family
1504,5210,2,Expanded_Known_Family,Known_Family_Only
1504,7277,1,Expanded_Known_Family,Expanded_Known_Family
1504,3830,1,Expanded_Known_Family,Potential_Novel_Family
7670,1938,2,Expanded_Known_Family,Expanded_Known_Family
2877,11575,2,Expanded_Known_Family,Known_Family_Only
2877,1899,1,Expanded_Known_Family,Expanded_Known_Family
2877,5431,1,Expanded_Known_Family,Expanded_Known_Family
11575,1899,1,Known_Family_Only,Expanded_Known_Family
11575,5431,1,Known_Family_Only,Expanded_Known_Family
5251,9738,5,Expanded_Known_Family,Expanded_Known_Family
5251,9722,1,Expanded_Known_Family,Expanded_Known_Family
9738,6652,1,Expanded_Known_Family,Known_Family_Only
9738,5429,3,Expanded_Known_Family,Expanded_Known_Family
9738,5807,4,Expanded_Known_Family,Potential_Novel_Family
9738,5190,1,Expanded_Known_Family,Known_Family_Only
9738,5786,1,Expanded_Known_Family,Potential_Novel_Family
9738,5567,1,Expanded_Known_Family,Known_Family_Only
9738,7148,1,Expanded_Known_Family,Known_Family_Only
7158,10230,2,Expanded_Known_Family,Expanded_Known_Family
7158,983,1,Expanded_Known_Family,Expanded_Known_Family
7158,2460,1,Expanded_Known_Family,Potential_Novel_Family
10230,983,1,Expanded_Known_Family,Expanded_Known_Family
10230,2460,1,Expanded_Known_Family,Potential_Novel_Family
6314,9746,2,Expanded_Known_Family,Expanded_Known_Family
6314,12534,1,Expanded_Known_Family,Known_Family_Only
6314,5353,1,Expanded_Known_Family,Expanded_Known_Family
6314,13486,1,Expanded_Known_Family,Expanded_Known_Family
3920,10195,1,Expanded_Known_Family,Expanded_Known_Family
3920,1053,1,Expanded_Known_Family,Known_Family_Only
3920,13299,1,Expanded_Known_Family,Known_Family_Only
3920,13035,1,Expanded_Known_Family,Potential_Novel_Family
3920,9243,1,Expanded_Known_Family,Known_Family_Only
3920,13633,2,Expanded_Known_Family,Potential_Novel_Family
3920,4732,1,Expanded_Known_Family,Expanded_Known_Family
3920,14108,1,Expanded_Known_Family,Potential_Novel_Family
10195,3129,1,Expanded_Known_Family,Expanded_Known_Family
10195,1216,1,Expanded_Known_Family,Potential_Novel_Family
10195,9552,7,Expanded_Known_Family,Potential_Novel_Family
10195,5982,1,Expanded_Known_Family,Expanded_Known_Family
1903,8985,1,Potential_Novel_Family,Expanded_Known_Family
1903,13133,1,Potential_Novel_Family,Potential_Novel_Family
1903,8439,1,Potential_Novel_Family,Potential_Novel_Family
8985,2607,1,Expanded_Known_Family,Potential_Novel_Family
2194,2377,4,Expanded_Known_Family,Expanded_Known_Family
2194,6793,1,Expanded_Known_Family,Known_Family_Only
2194,1665,2,Expanded_Known_Family,Potential_Novel_Family
2194,6957,2,Expanded_Known_Family,Known_Family_Only
2377,6793,1,Expanded_Known_Family,Known_Family_Only
2377,834,1,Expanded_Known_Family,Expanded_Known_Family
2377,1364,1,Expanded_Known_Family,Known_Family_Only
2377,662,1,Expanded_Known_Family,Known_Family_Only
2377,2416,1,Expanded_Known_Family,Potential_Novel_Family
2377,3317,2,Expanded_Known_Family,Expanded_Known_Family
2377,1624,3,Expanded_Known_Family,Potential_Novel_Family
2377,3269,10,Expanded_Known_Family,Expanded_Known_Family
2377,3192,1,Expanded_Known_Family,Potential_Novel_Family
2377,10413,1,Expanded_Known_Family,Potential_Novel_Family
2377,1513,2,Expanded_Known_Family,Expanded_Known_Family
2377,3713,3,Expanded_Known_Family,Expanded_Known_Family
2377,8493,1,Expanded_Known_Family,Potential_Novel_Family
2377,7039,1,Expanded_Known_Family,Potential_Novel_Family
2377,3190,1,Expanded_Known_Family,Expanded_Known_Family
2377,1777,1,Expanded_Known_Family,Potential_Novel_Family
2377,8094,1,Expanded_Known_Family,Potential_Novel_Family
2377,4266,1,Expanded_Known_Family,Potential_Novel_Family
2377,7739,1,Expanded_Known_Family,Potential_Novel_Family
2377,1665,2,Expanded_Known_Family,Potential_Novel_Family
2377,6957,2,Expanded_Known_Family,Known_Family_Only
2377,3622,2,Expanded_Known_Family,Known_Family_Only
2377,6356,1,Expanded_Known_Family,Expanded_Known_Family
2377,49,1,Expanded_Known_Family,Known_Family_Only
2377,368,1,Expanded_Known_Family,Potential_Novel_Family
2377,2754,1,Expanded_Known_Family,Expanded_Known_Family
2377,3271,1,Expanded_Known_Family,Known_Family_Only
12965,13095,1,Expanded_Known_Family,Expanded_Known_Family
6117,1506,28,Expanded_Known_Family,Expanded_Known_Family
6117,1530,3,Expanded_Known_Family,Potential_Novel_Family
6924,13988,1,Potential_Novel_Family,Potential_Novel_Family
7289,404,1,Expanded_Known_Family,Expanded_Known_Family
7289,514,1,Expanded_Known_Family,Potential_Novel_Family
602,2907,2,Known_Family_Only,Expanded_Known_Family
602,8044,4,Known_Family_Only,Expanded_Known_Family
602,1869,3,Known_Family_Only,Expanded_Known_Family
2907,8044,3,Expanded_Known_Family,Expanded_Known_Family
2907,215,1,Expanded_Known_Family,Expanded_Known_Family
2907,1760,1,Expanded_Known_Family,Known_Family_Only
2907,1869,1,Expanded_Known_Family,Expanded_Known_Family
8044,215,1,Expanded_Known_Family,Expanded_Known_Family
8044,1760,1,Expanded_Known_Family,Known_Family_Only
8044,1869,4,Expanded_Known_Family,Expanded_Known_Family
8044,2342,1,Expanded_Known_Family,Potential_Novel_Family
649,948,2,Expanded_Known_Family,Known_Family_Only
649,2728,5,Expanded_Known_Family,Expanded_Known_Family
649,4017,1,Expanded_Known_Family,Potential_Novel_Family
649,2650,1,Expanded_Known_Family,Expanded_Known_Family
649,5002,1,Expanded_Known_Family,Potential_Novel_Family
649,11016,1,Expanded_Known_Family,Known_Family_Only
4135,12613,1,Expanded_Known_Family,Potential_Novel_Family
4135,12285,1,Expanded_Known_Family,Potential_Novel_Family
4135,11659,1,Expanded_Known_Family,Potential_Novel_Family
4135,442,2,Expanded_Known_Family,Potential_Novel_Family
4135,12590,1,Expanded_Known_Family,Known_Family_Only
4135,7873,1,Expanded_Known_Family,Known_Family_Only
4135,4292,1,Expanded_Known_Family,Potential_Novel_Family
4135,6248,1,Expanded_Known_Family,Known_Family_Only
12936,13534,3,Potential_Novel_Family,Expanded_Known_Family
12936,717,1,Potential_Novel_Family,Expanded_Known_Family
12936,13275,1,Potential_Novel_Family,Expanded_Known_Family
13534,12873,1,Expanded_Known_Family,Potential_Novel_Family
13534,12946,6,Expanded_Known_Family,Potential_Novel_Family
13534,13020,3,Expanded_Known_Family,Expanded_Known_Family
13534,11163,1,Expanded_Known_Family,Expanded_Known_Family
13534,12686,1,Expanded_Known_Family,Potential_Novel_Family
2989,7279,2,Potential_Novel_Family,Expanded_Known_Family
2989,603,2,Potential_Novel_Family,Expanded_Known_Family
2989,7657,1,Potential_Novel_Family,Expanded_Known_Family
7279,603,9,Expanded_Known_Family,Expanded_Known_Family
7279,621,2,Expanded_Known_Family,Known_Family_Only
7279,3231,3,Expanded_Known_Family,Expanded_Known_Family
7279,3641,1,Expanded_Known_Family,Known_Family_Only
7279,4218,1,Expanded_Known_Family,Expanded_Known_Family
7279,3596,1,Expanded_Known_Family,Potential_Novel_Family
18,2655,1,Known_Family_Only,Potential_Novel_Family
18,475,1,Known_Family_Only,Known_Family_Only
18,866,1,Known_Family_Only,Expanded_Known_Family
18,7545,1,Known_Family_Only,Potential_Novel_Family
9570,10665,2,Potential_Novel_Family,Expanded_Known_Family
12086,13849,2,Expanded_Known_Family,Expanded_Known_Family
12086,3829,1,Expanded_Known_Family,Potential_Novel_Family
13849,12312,1,Expanded_Known_Family,Potential_Novel_Family
6711,7486,3,Expanded_Known_Family,Expanded_Known_Family
6711,5018,1,Expanded_Known_Family,Expanded_Known_Family
1473,2737,4,Expanded_Known_Family,Expanded_Known_Family
2737,5545,1,Expanded_Known_Family,Known_Family_Only
2737,1365,1,Expanded_Known_Family,Potential_Novel_Family
2737,11386,1,Expanded_Known_Family,Potential_Novel_Family
2737,11948,4,Expanded_Known_Family,Known_Family_Only
1081,4024,1,Expanded_Known_Family,Potential_Novel_Family
1081,741,1,Expanded_Known_Family,Known_Family_Only
1081,10118,1,Expanded_Known_Family,Potential_Novel_Family
1081,6207,1,Expanded_Known_Family,Potential_Novel_Family
1081,1897,1,Expanded_Known_Family,Expanded_Known_Family
4024,3127,1,Potential_Novel_Family,Known_Family_Only
3044,9757,10,Expanded_Known_Family,Potential_Novel_Family
4761,7478,1,Expanded_Known_Family,Expanded_Known_Family
4761,9682,3,Expanded_Known_Family,Expanded_Known_Family
7478,788,1,Expanded_Known_Family,Potential_Novel_Family
12582,13589,2,Potential_Novel_Family,Expanded_Known_Family
12582,13034,1,Potential_Novel_Family,Expanded_Known_Family
13589,8302,1,Expanded_Known_Family,Expanded_Known_Family
6338,9619,5,Expanded_Known_Family,Expanded_Known_Family
6338,1586,1,Expanded_Known_Family,Potential_Novel_Family
6338,9830,1,Expanded_Known_Family,Known_Family_Only
6338,10454,2,Expanded_Known_Family,Potential_Novel_Family
6338,55,1,Expanded_Known_Family,Potential_Novel_Family
6338,655,1,Expanded_Known_Family,Known_Family_Only
6338,834,1,Expanded_Known_Family,Expanded_Known_Family
6338,2155,1,Expanded_Known_Family,Expanded_Known_Family
6338,9630,1,Expanded_Known_Family,Known_Family_Only
6338,349,1,Expanded_Known_Family,Expanded_Known_Family
6338,5247,1,Expanded_Known_Family,Potential_Novel_Family
9619,55,1,Expanded_Known_Family,Potential_Novel_Family
9619,11937,1,Expanded_Known_Family,Potential_Novel_Family
9619,4645,1,Expanded_Known_Family,Expanded_Known_Family
9619,9190,1,Expanded_Known_Family,Potential_Novel_Family
9619,349,1,Expanded_Known_Family,Expanded_Known_Family
8479,11335,1,Potential_Novel_Family,Potential_Novel_Family
1565,3045,1,Expanded_Known_Family,Potential_Novel_Family
1565,9032,3,Expanded_Known_Family,Expanded_Known_Family
1565,204,1,Expanded_Known_Family,Expanded_Known_Family
1565,8451,1,Expanded_Known_Family,Expanded_Known_Family
1565,13026,1,Expanded_Known_Family,Potential_Novel_Family
1565,5063,1,Expanded_Known_Family,Known_Family_Only
3045,3453,1,Potential_Novel_Family,Known_Family_Only
5601,9194,1,Potential_Novel_Family,Expanded_Known_Family
9194,1176,1,Expanded_Known_Family,Expanded_Known_Family
12060,14029,1,Potential_Novel_Family,Expanded_Known_Family
14029,12170,1,Expanded_Known_Family,Expanded_Known_Family
14029,2840,1,Expanded_Known_Family,Known_Family_Only
14029,11374,1,Expanded_Known_Family,Expanded_Known_Family
14029,574,1,Expanded_Known_Family,Expanded_Known_Family
14029,161,1,Expanded_Known_Family,Expanded_Known_Family
4578,5065,1,Expanded_Known_Family,Known_Family_Only
4578,1129,1,Expanded_Known_Family,Known_Family_Only
4578,2330,1,Expanded_Known_Family,Potential_Novel_Family
4578,2687,1,Expanded_Known_Family,Known_Family_Only
4578,4997,1,Expanded_Known_Family,Potential_Novel_Family
4578,2090,1,Expanded_Known_Family,Expanded_Known_Family
9325,4286,1,Expanded_Known_Family,Expanded_Known_Family
9325,2326,1,Expanded_Known_Family,Expanded_Known_Family
9325,1922,2,Expanded_Known_Family,Expanded_Known_Family
9325,2803,2,Expanded_Known_Family,Expanded_Known_Family
10303,10734,1,Potential_Novel_Family,Known_Family_Only
1060,4183,2,Expanded_Known_Family,Potential_Novel_Family
5987,9721,1,Potential_Novel_Family,Known_Family_Only
503,1073,12,Expanded_Known_Family,Expanded_Known_Family
503,2747,1,Expanded_Known_Family,Known_Family_Only
1073,2747,1,Expanded_Known_Family,Known_Family_Only
1073,12019,1,Expanded_Known_Family,Known_Family_Only
682,6411,1,Known_Family_Only,Potential_Novel_Family
3512,8839,1,Expanded_Known_Family,Potential_Novel_Family
3512,9465,1,Expanded_Known_Family,Potential_Novel_Family
3512,6204,1,Expanded_Known_Family,Expanded_Known_Family
3512,6767,1,Expanded_Known_Family,Potential_Novel_Family
4208,9871,10,Expanded_Known_Family,Expanded_Known_Family
4208,9703,1,Expanded_Known_Family,Potential_Novel_Family
3665,9339,8,Expanded_Known_Family,Potential_Novel_Family
3665,179,3,Expanded_Known_Family,Known_Family_Only
3665,3107,1,Expanded_Known_Family,Potential_Novel_Family
3665,2034,1,Expanded_Known_Family,Potential_Novel_Family
9339,179,4,Potential_Novel_Family,Known_Family_Only
983,2218,3,Expanded_Known_Family,Expanded_Known_Family
983,12984,1,Expanded_Known_Family,Expanded_Known_Family
983,13409,1,Expanded_Known_Family,Expanded_Known_Family
983,3878,1,Expanded_Known_Family,Known_Family_Only
983,3682,8,Expanded_Known_Family,Expanded_Known_Family
983,3151,8,Expanded_Known_Family,Expanded_Known_Family
983,3316,14,Expanded_Known_Family,Expanded_Known_Family
983,3599,3,Expanded_Known_Family,Potential_Novel_Family
983,377,4,Expanded_Known_Family,Expanded_Known_Family
983,4026,2,Expanded_Known_Family,Expanded_Known_Family
983,2069,9,Expanded_Known_Family,Expanded_Known_Family
983,3104,1,Expanded_Known_Family,Known_Family_Only
983,169,3,Expanded_Known_Family,Known_Family_Only
983,1099,3,Expanded_Known_Family,Known_Family_Only
983,1385,3,Expanded_Known_Family,Known_Family_Only
983,2730,3,Expanded_Known_Family,Expanded_Known_Family
983,4626,3,Expanded_Known_Family,Expanded_Known_Family
983,8004,3,Expanded_Known_Family,Known_Family_Only
983,4864,2,Expanded_Known_Family,Expanded_Known_Family
983,3398,5,Expanded_Known_Family,Potential_Novel_Family
983,4846,2,Expanded_Known_Family,Expanded_Known_Family
983,4819,1,Expanded_Known_Family,Known_Family_Only
983,4058,1,Expanded_Known_Family,Known_Family_Only
983,2460,1,Expanded_Known_Family,Potential_Novel_Family
983,4602,1,Expanded_Known_Family,Potential_Novel_Family
983,3614,2,Expanded_Known_Family,Potential_Novel_Family
983,7380,1,Expanded_Known_Family,Expanded_Known_Family
983,4009,1,Expanded_Known_Family,Potential_Novel_Family
983,338,5,Expanded_Known_Family,Expanded_Known_Family
983,683,1,Expanded_Known_Family,Known_Family_Only
983,2644,1,Expanded_Known_Family,Known_Family_Only
983,3239,2,Expanded_Known_Family,Expanded_Known_Family
983,3452,2,Expanded_Known_Family,Potential_Novel_Family
983,3577,1,Expanded_Known_Family,Potential_Novel_Family
983,2097,1,Expanded_Known_Family,Expanded_Known_Family
983,4655,1,Expanded_Known_Family,Known_Family_Only
983,5681,1,Expanded_Known_Family,Expanded_Known_Family
983,8109,1,Expanded_Known_Family,Expanded_Known_Family
983,4061,6,Expanded_Known_Family,Expanded_Known_Family
983,5208,3,Expanded_Known_Family,Known_Family_Only
983,3470,1,Expanded_Known_Family,Potential_Novel_Family
983,3822,5,Expanded_Known_Family,Expanded_Known_Family
983,3146,1,Expanded_Known_Family,Expanded_Known_Family
983,4643,2,Expanded_Known_Family,Known_Family_Only
983,3262,2,Expanded_Known_Family,Potential_Novel_Family
983,3169,1,Expanded_Known_Family,Known_Family_Only
983,679,2,Expanded_Known_Family,Potential_Novel_Family
983,5659,1,Expanded_Known_Family,Potential_Novel_Family
983,3268,3,Expanded_Known_Family,Expanded_Known_Family
983,3364,1,Expanded_Known_Family,Potential_Novel_Family
983,5398,1,Expanded_Known_Family,Potential_Novel_Family
983,2855,1,Expanded_Known_Family,Known_Family_Only
983,6515,1,Expanded_Known_Family,Known_Family_Only
983,3405,9,Expanded_Known_Family,Expanded_Known_Family
983,8709,2,Expanded_Known_Family,Expanded_Known_Family
983,1755,1,Expanded_Known_Family,Potential_Novel_Family
983,7938,2,Expanded_Known_Family,Potential_Novel_Family
983,3563,1,Expanded_Known_Family,Potential_Novel_Family
983,3978,2,Expanded_Known_Family,Expanded_Known_Family
983,3406,1,Expanded_Known_Family,Expanded_Known_Family
983,8184,1,Expanded_Known_Family,Expanded_Known_Family
983,2362,2,Expanded_Known_Family,Known_Family_Only
983,10005,1,Expanded_Known_Family,Expanded_Known_Family
983,11462,1,Expanded_Known_Family,Potential_Novel_Family
983,2779,1,Expanded_Known_Family,Known_Family_Only
983,2642,2,Expanded_Known_Family,Potential_Novel_Family
983,6128,1,Expanded_Known_Family,Potential_Novel_Family
983,4877,1,Expanded_Known_Family,Known_Family_Only
983,3845,1,Expanded_Known_Family,Known_Family_Only
983,3962,2,Expanded_Known_Family,Potential_Novel_Family
983,4692,2,Expanded_Known_Family,Potential_Novel_Family
983,7751,1,Expanded_Known_Family,Known_Family_Only
983,4352,1,Expanded_Known_Family,Potential_Novel_Family
983,2414,2,Expanded_Known_Family,Expanded_Known_Family
983,3669,2,Expanded_Known_Family,Expanded_Known_Family
983,11624,1,Expanded_Known_Family,Potential_Novel_Family
983,2834,1,Expanded_Known_Family,Known_Family_Only
983,3711,1,Expanded_Known_Family,Potential_Novel_Family
983,4491,1,Expanded_Known_Family,Potential_Novel_Family
983,5885,1,Expanded_Known_Family,Known_Family_Only
983,1140,1,Expanded_Known_Family,Known_Family_Only
983,1293,1,Expanded_Known_Family,Known_Family_Only
983,694,1,Expanded_Known_Family,Known_Family_Only
983,7113,1,Expanded_Known_Family,Potential_Novel_Family
983,2295,2,Expanded_Known_Family,Expanded_Known_Family
983,4883,1,Expanded_Known_Family,Known_Family_Only
983,2741,1,Expanded_Known_Family,Potential_Novel_Family
983,9078,1,Expanded_Known_Family,Potential_Novel_Family
983,8718,1,Expanded_Known_Family,Potential_Novel_Family
983,61,1,Expanded_Known_Family,Expanded_Known_Family
983,3498,1,Expanded_Known_Family,Known_Family_Only
983,6143,1,Expanded_Known_Family,Potential_Novel_Family
983,3725,1,Expanded_Known_Family,Expanded_Known_Family
983,4108,1,Expanded_Known_Family,Potential_Novel_Family
983,669,1,Expanded_Known_Family,Known_Family_Only
2218,12984,1,Expanded_Known_Family,Expanded_Known_Family
2218,13409,1,Expanded_Known_Family,Expanded_Known_Family
2218,1481,1,Expanded_Known_Family,Expanded_Known_Family
12984,13409,1,Expanded_Known_Family,Expanded_Known_Family
12984,13547,2,Expanded_Known_Family,Expanded_Known_Family
12984,13977,1,Expanded_Known_Family,Potential_Novel_Family
12984,13336,1,Expanded_Known_Family,Expanded_Known_Family
13409,12762,5,Expanded_Known_Family,Expanded_Known_Family
13409,12624,1,Expanded_Known_Family,Known_Family_Only
13409,11526,1,Expanded_Known_Family,Potential_Novel_Family
13409,12962,1,Expanded_Known_Family,Expanded_Known_Family
9026,10858,1,Expanded_Known_Family,Known_Family_Only
9026,6740,2,Expanded_Known_Family,Potential_Novel_Family
9026,8966,2,Expanded_Known_Family,Potential_Novel_Family
9026,14112,1,Expanded_Known_Family,Known_Family_Only
9026,8115,1,Expanded_Known_Family,Potential_Novel_Family
9026,8403,1,Expanded_Known_Family,Potential_Novel_Family
9026,12156,1,Expanded_Known_Family,Potential_Novel_Family
9026,175,1,Expanded_Known_Family,Potential_Novel_Family
5626,6722,1,Expanded_Known_Family,Expanded_Known_Family
5626,4262,1,Expanded_Known_Family,Expanded_Known_Family
6722,124,1,Expanded_Known_Family,Expanded_Known_Family
6722,3100,1,Expanded_Known_Family,Expanded_Known_Family
6722,58,1,Expanded_Known_Family,Expanded_Known_Family
6722,52,1,Expanded_Known_Family,Known_Family_Only
6722,14011,1,Expanded_Known_Family,Potential_Novel_Family
2521,7277,1,Known_Family_Only,Expanded_Known_Family
7277,11213,1,Expanded_Known_Family,Potential_Novel_Family
7277,11279,1,Expanded_Known_Family,Potential_Novel_Family
7277,8715,1,Expanded_Known_Family,Expanded_Known_Family
7277,3734,1,Expanded_Known_Family,Expanded_Known_Family
7277,5796,2,Expanded_Known_Family,Expanded_Known_Family
7277,13311,1,Expanded_Known_Family,Potential_Novel_Family
7277,4115,2,Expanded_Known_Family,Potential_Novel_Family
7277,11122,1,Expanded_Known_Family,Known_Family_Only
7277,10879,1,Expanded_Known_Family,Potential_Novel_Family
7277,4663,1,Expanded_Known_Family,Potential_Novel_Family
11588,12225,3,Expanded_Known_Family,Potential_Novel_Family
5774,9519,1,Potential_Novel_Family,Potential_Novel_Family
5774,10393,1,Potential_Novel_Family,Potential_Novel_Family
5774,10253,1,Potential_Novel_Family,Potential_Novel_Family
7310,11576,1,Expanded_Known_Family,Known_Family_Only
7310,9120,1,Expanded_Known_Family,Potential_Novel_Family
7310,9666,1,Expanded_Known_Family,Known_Family_Only
7310,13318,1,Expanded_Known_Family,Potential_Novel_Family
7310,4052,1,Expanded_Known_Family,Potential_Novel_Family
10336,2275,1,Known_Family_Only,Potential_Novel_Family
10336,2459,1,Known_Family_Only,Potential_Novel_Family
3817,10150,1,Potential_Novel_Family,Known_Family_Only
3080,9913,1,Potential_Novel_Family,Expanded_Known_Family
9913,5016,2,Expanded_Known_Family,Potential_Novel_Family
9913,6295,1,Expanded_Known_Family,Known_Family_Only
5227,5551,1,Potential_Novel_Family,Expanded_Known_Family
5551,1844,1,Expanded_Known_Family,Known_Family_Only
5551,2626,1,Expanded_Known_Family,Known_Family_Only
5551,6961,1,Expanded_Known_Family,Potential_Novel_Family
5551,3813,1,Expanded_Known_Family,Known_Family_Only
1904,2544,1,Potential_Novel_Family,Known_Family_Only
1904,8554,1,Potential_Novel_Family,Expanded_Known_Family
2544,8554,1,Known_Family_Only,Expanded_Known_Family
8554,1009,2,Expanded_Known_Family,Known_Family_Only
8554,1928,2,Expanded_Known_Family,Potential_Novel_Family
8554,160,6,Expanded_Known_Family,Expanded_Known_Family
8554,1291,6,Expanded_Known_Family,Expanded_Known_Family
8554,1936,6,Expanded_Known_Family,Potential_Novel_Family
4030,9417,4,Potential_Novel_Family,Expanded_Known_Family
834,655,1,Expanded_Known_Family,Known_Family_Only
834,2155,1,Expanded_Known_Family,Expanded_Known_Family
834,9630,1,Expanded_Known_Family,Known_Family_Only
9081,9115,4,Expanded_Known_Family,Expanded_Known_Family
9081,131,1,Expanded_Known_Family,Expanded_Known_Family
9115,131,1,Expanded_Known_Family,Expanded_Known_Family
13408,13696,1,Potential_Novel_Family,Known_Family_Only
13696,10595,1,Known_Family_Only,Potential_Novel_Family
13696,13553,1,Known_Family_Only,Known_Family_Only
6180,14327,1,Expanded_Known_Family,Potential_Novel_Family
6180,1809,1,Expanded_Known_Family,Potential_Novel_Family
1897,4014,1,Expanded_Known_Family,Potential_Novel_Family
1897,1296,1,Expanded_Known_Family,Expanded_Known_Family
1897,13088,1,Expanded_Known_Family,Expanded_Known_Family
4014,6023,1,Potential_Novel_Family,Known_Family_Only
629,7820,1,Expanded_Known_Family,Potential_Novel_Family
629,6564,1,Expanded_Known_Family,Expanded_Known_Family
629,2256,2,Expanded_Known_Family,Known_Family_Only
629,2408,4,Expanded_Known_Family,Expanded_Known_Family
629,3576,1,Expanded_Known_Family,Known_Family_Only
629,4827,1,Expanded_Known_Family,Potential_Novel_Family
629,2368,1,Expanded_Known_Family,Potential_Novel_Family
629,3604,1,Expanded_Known_Family,Known_Family_Only
629,4146,1,Expanded_Known_Family,Known_Family_Only
629,3332,1,Expanded_Known_Family,Potential_Novel_Family
629,2371,2,Expanded_Known_Family,Expanded_Known_Family
629,8221,1,Expanded_Known_Family,Potential_Novel_Family
4557,6062,1,Potential_Novel_Family,Potential_Novel_Family
4557,9544,1,Potential_Novel_Family,Known_Family_Only
4557,5986,2,Potential_Novel_Family,Expanded_Known_Family
1850,7309,11,Expanded_Known_Family,Expanded_Known_Family
1850,7231,1,Expanded_Known_Family,Expanded_Known_Family
1850,2143,3,Expanded_Known_Family,Potential_Novel_Family
1850,6491,1,Expanded_Known_Family,Potential_Novel_Family
1850,7722,1,Expanded_Known_Family,Known_Family_Only
7309,2143,3,Expanded_Known_Family,Potential_Novel_Family
7309,2081,1,Expanded_Known_Family,Potential_Novel_Family
5775,8060,1,Known_Family_Only,Potential_Novel_Family
5775,5354,1,Known_Family_Only,Potential_Novel_Family
172,7731,1,Expanded_Known_Family,Potential_Novel_Family
172,207,2,Expanded_Known_Family,Known_Family_Only
172,8067,1,Expanded_Known_Family,Known_Family_Only
172,10450,1,Expanded_Known_Family,Potential_Novel_Family
172,1087,1,Expanded_Known_Family,Expanded_Known_Family
172,1307,1,Expanded_Known_Family,Known_Family_Only
172,10184,1,Expanded_Known_Family,Potential_Novel_Family
4082,8870,2,Potential_Novel_Family,Expanded_Known_Family
8870,3224,2,Expanded_Known_Family,Expanded_Known_Family
8870,2915,1,Expanded_Known_Family,Expanded_Known_Family
8870,3293,3,Expanded_Known_Family,Expanded_Known_Family
8870,3412,1,Expanded_Known_Family,Potential_Novel_Family
2189,13450,2,Expanded_Known_Family,Known_Family_Only
2189,6995,1,Expanded_Known_Family,Potential_Novel_Family
2189,3678,1,Expanded_Known_Family,Expanded_Known_Family
4203,7190,1,Potential_Novel_Family,Known_Family_Only
4203,4353,1,Potential_Novel_Family,Expanded_Known_Family
4369,6585,4,Expanded_Known_Family,Potential_Novel_Family
6585,404,1,Potential_Novel_Family,Expanded_Known_Family
678,2099,55,Expanded_Known_Family,Expanded_Known_Family
678,1704,43,Expanded_Known_Family,Expanded_Known_Family
678,1868,17,Expanded_Known_Family,Potential_Novel_Family
678,6151,3,Expanded_Known_Family,Expanded_Known_Family
678,5256,4,Expanded_Known_Family,Potential_Novel_Family
678,7131,1,Expanded_Known_Family,Potential_Novel_Family
678,9618,1,Expanded_Known_Family,Potential_Novel_Family
678,9064,1,Expanded_Known_Family,Known_Family_Only
678,3863,1,Expanded_Known_Family,Known_Family_Only
678,7344,1,Expanded_Known_Family,Potential_Novel_Family
678,5570,1,Expanded_Known_Family,Potential_Novel_Family
678,11946,1,Expanded_Known_Family,Potential_Novel_Family
678,5054,1,Expanded_Known_Family,Expanded_Known_Family
678,5861,1,Expanded_Known_Family,Known_Family_Only
678,9371,1,Expanded_Known_Family,Potential_Novel_Family
2099,903,1,Expanded_Known_Family,Known_Family_Only
4271,8691,1,Known_Family_Only,Potential_Novel_Family
4271,5870,1,Known_Family_Only,Potential_Novel_Family
155,10966,1,Potential_Novel_Family,Expanded_Known_Family
155,904,2,Potential_Novel_Family,Expanded_Known_Family
10966,9924,4,Expanded_Known_Family,Expanded_Known_Family
10888,13625,3,Potential_Novel_Family,Expanded_Known_Family
5473,9722,8,Expanded_Known_Family,Expanded_Known_Family
9722,793,1,Expanded_Known_Family,Expanded_Known_Family
9722,1095,1,Expanded_Known_Family,Expanded_Known_Family
9722,5429,4,Expanded_Known_Family,Expanded_Known_Family
1671,2802,4,Expanded_Known_Family,Potential_Novel_Family
1671,451,1,Expanded_Known_Family,Expanded_Known_Family
1671,2820,1,Expanded_Known_Family,Expanded_Known_Family
1671,2873,1,Expanded_Known_Family,Known_Family_Only
1671,4297,1,Expanded_Known_Family,Expanded_Known_Family
1671,4158,1,Expanded_Known_Family,Expanded_Known_Family
1671,3922,1,Expanded_Known_Family,Potential_Novel_Family
4448,1303,1,Potential_Novel_Family,Known_Family_Only
6700,7671,18,Expanded_Known_Family,Expanded_Known_Family
993,8773,1,Potential_Novel_Family,Potential_Novel_Family
993,4560,4,Potential_Novel_Family,Expanded_Known_Family
993,4473,1,Potential_Novel_Family,Known_Family_Only
8773,13361,1,Potential_Novel_Family,Potential_Novel_Family
8773,3678,1,Potential_Novel_Family,Expanded_Known_Family
5056,10376,6,Expanded_Known_Family,Expanded_Known_Family
5056,9867,1,Expanded_Known_Family,Potential_Novel_Family
5056,12811,3,Expanded_Known_Family,Expanded_Known_Family
5056,4406,1,Expanded_Known_Family,Known_Family_Only
5056,11861,3,Expanded_Known_Family,Expanded_Known_Family
5056,12085,1,Expanded_Known_Family,Potential_Novel_Family
10376,13068,2,Expanded_Known_Family,Expanded_Known_Family
10376,145,1,Expanded_Known_Family,Potential_Novel_Family
10376,12550,2,Expanded_Known_Family,Expanded_Known_Family
10376,9382,2,Expanded_Known_Family,Expanded_Known_Family
10376,10285,2,Expanded_Known_Family,Known_Family_Only
10376,13175,2,Expanded_Known_Family,Expanded_Known_Family
3150,4597,16,Expanded_Known_Family,Expanded_Known_Family
3150,7598,1,Expanded_Known_Family,Potential_Novel_Family
3150,7229,1,Expanded_Known_Family,Known_Family_Only
3150,14192,1,Expanded_Known_Family,Known_Family_Only
3150,1535,1,Expanded_Known_Family,Potential_Novel_Family
3150,5780,1,Expanded_Known_Family,Expanded_Known_Family
3150,8278,1,Expanded_Known_Family,Potential_Novel_Family
3150,3128,1,Expanded_Known_Family,Potential_Novel_Family
3150,1393,1,Expanded_Known_Family,Known_Family_Only
3150,12892,1,Expanded_Known_Family,Expanded_Known_Family
3150,2719,6,Expanded_Known_Family,Expanded_Known_Family
3150,4088,1,Expanded_Known_Family,Expanded_Known_Family
3150,1102,2,Expanded_Known_Family,Potential_Novel_Family
3150,3385,3,Expanded_Known_Family,Expanded_Known_Family
3150,2550,2,Expanded_Known_Family,Expanded_Known_Family
3150,7284,1,Expanded_Known_Family,Known_Family_Only
3150,3746,1,Expanded_Known_Family,Potential_Novel_Family
6572,13834,1,Expanded_Known_Family,Expanded_Known_Family
6572,12032,1,Expanded_Known_Family,Potential_Novel_Family
13834,13332,1,Expanded_Known_Family,Expanded_Known_Family
13834,4160,1,Expanded_Known_Family,Expanded_Known_Family
13834,13681,1,Expanded_Known_Family,Known_Family_Only
13834,7490,2,Expanded_Known_Family,Expanded_Known_Family
2563,8069,1,Potential_Novel_Family,Expanded_Known_Family
2563,13842,1,Potential_Novel_Family,Expanded_Known_Family
8069,6677,6,Expanded_Known_Family,Expanded_Known_Family
8069,2639,1,Expanded_Known_Family,Potential_Novel_Family
8069,8944,1,Expanded_Known_Family,Known_Family_Only
626,5538,2,Expanded_Known_Family,Potential_Novel_Family
626,1088,3,Expanded_Known_Family,Potential_Novel_Family
626,988,5,Expanded_Known_Family,Potential_Novel_Family
626,7742,1,Expanded_Known_Family,Known_Family_Only
626,1221,3,Expanded_Known_Family,Expanded_Known_Family
626,4541,1,Expanded_Known_Family,Expanded_Known_Family
477,2153,20,Expanded_Known_Family,Expanded_Known_Family
477,2028,4,Expanded_Known_Family,Expanded_Known_Family
477,10768,1,Expanded_Known_Family,Known_Family_Only
477,10635,1,Expanded_Known_Family,Potential_Novel_Family
477,2339,1,Expanded_Known_Family,Known_Family_Only
477,2340,1,Expanded_Known_Family,Known_Family_Only
477,7781,1,Expanded_Known_Family,Potential_Novel_Family
477,11377,1,Expanded_Known_Family,Known_Family_Only
2072,4371,24,Potential_Novel_Family,Expanded_Known_Family
828,2027,7,Expanded_Known_Family,Expanded_Known_Family
828,3766,2,Expanded_Known_Family,Potential_Novel_Family
828,178,1,Expanded_Known_Family,Potential_Novel_Family
828,2061,1,Expanded_Known_Family,Expanded_Known_Family
828,12706,1,Expanded_Known_Family,Expanded_Known_Family
2027,2864,2,Expanded_Known_Family,Potential_Novel_Family
2027,11315,1,Expanded_Known_Family,Potential_Novel_Family
2027,11971,1,Expanded_Known_Family,Known_Family_Only
11407,12002,1,Expanded_Known_Family,Potential_Novel_Family
11407,2209,1,Expanded_Known_Family,Expanded_Known_Family
7698,9297,1,Potential_Novel_Family,Expanded_Known_Family
9297,9924,2,Expanded_Known_Family,Expanded_Known_Family
11895,12914,24,Expanded_Known_Family,Expanded_Known_Family
11895,13344,20,Expanded_Known_Family,Potential_Novel_Family
11895,13612,12,Expanded_Known_Family,Potential_Novel_Family
11895,13143,4,Expanded_Known_Family,Potential_Novel_Family
12914,505,1,Expanded_Known_Family,Expanded_Known_Family
12914,3436,1,Expanded_Known_Family,Expanded_Known_Family
12914,5808,1,Expanded_Known_Family,Potential_Novel_Family
4570,8915,3,Expanded_Known_Family,Expanded_Known_Family
4570,8728,1,Expanded_Known_Family,Potential_Novel_Family
4570,9008,5,Expanded_Known_Family,Expanded_Known_Family
4570,8794,3,Expanded_Known_Family,Expanded_Known_Family
4570,8512,3,Expanded_Known_Family,Expanded_Known_Family
4570,11634,1,Expanded_Known_Family,Potential_Novel_Family
4570,9245,1,Expanded_Known_Family,Potential_Novel_Family
4570,9234,1,Expanded_Known_Family,Potential_Novel_Family
883,969,1,Known_Family_Only,Potential_Novel_Family
883,554,1,Known_Family_Only,Expanded_Known_Family
883,590,1,Known_Family_Only,Known_Family_Only
883,286,1,Known_Family_Only,Expanded_Known_Family
969,1299,4,Potential_Novel_Family,Expanded_Known_Family
969,3444,1,Potential_Novel_Family,Known_Family_Only
969,4878,1,Potential_Novel_Family,Potential_Novel_Family
969,2859,1,Potential_Novel_Family,Known_Family_Only
2220,7965,8,Expanded_Known_Family,Expanded_Known_Family
2220,807,5,Expanded_Known_Family,Expanded_Known_Family
2220,5145,1,Expanded_Known_Family,Expanded_Known_Family
2220,7838,1,Expanded_Known_Family,Known_Family_Only
2220,6985,1,Expanded_Known_Family,Expanded_Known_Family
2220,7650,1,Expanded_Known_Family,Expanded_Known_Family
7965,1598,1,Expanded_Known_Family,Expanded_Known_Family
7965,12184,1,Expanded_Known_Family,Potential_Novel_Family
7965,11914,1,Expanded_Known_Family,Expanded_Known_Family
7965,7819,1,Expanded_Known_Family,Known_Family_Only
5702,1631,2,Expanded_Known_Family,Expanded_Known_Family
5702,8318,1,Expanded_Known_Family,Potential_Novel_Family
5702,1937,1,Expanded_Known_Family,Expanded_Known_Family
5702,8467,1,Expanded_Known_Family,Expanded_Known_Family
5702,2557,1,Expanded_Known_Family,Known_Family_Only
5702,3209,1,Expanded_Known_Family,Expanded_Known_Family
5702,3680,1,Expanded_Known_Family,Expanded_Known_Family
12437,13970,1,Expanded_Known_Family,Expanded_Known_Family
12437,13192,1,Expanded_Known_Family,Potential_Novel_Family
1471,2383,4,Expanded_Known_Family,Expanded_Known_Family
1471,520,1,Expanded_Known_Family,Known_Family_Only
1471,6386,2,Expanded_Known_Family,Known_Family_Only
1471,2290,1,Expanded_Known_Family,Expanded_Known_Family
1471,2135,1,Expanded_Known_Family,Potential_Novel_Family
1471,1136,2,Expanded_Known_Family,Expanded_Known_Family
1471,13081,8,Expanded_Known_Family,Expanded_Known_Family
1471,13359,2,Expanded_Known_Family,Potential_Novel_Family
1471,1647,1,Expanded_Known_Family,Known_Family_Only
1471,13352,4,Expanded_Known_Family,Known_Family_Only
1471,9144,2,Expanded_Known_Family,Potential_Novel_Family
1471,10432,1,Expanded_Known_Family,Potential_Novel_Family
1471,13218,2,Expanded_Known_Family,Expanded_Known_Family
1471,104,1,Expanded_Known_Family,Potential_Novel_Family
1471,182,1,Expanded_Known_Family,Potential_Novel_Family
1471,6327,1,Expanded_Known_Family,Expanded_Known_Family
1471,12645,1,Expanded_Known_Family,Expanded_Known_Family
4739,6145,2,Expanded_Known_Family,Potential_Novel_Family
5773,7413,1,Potential_Novel_Family,Known_Family_Only
512,1625,1,Potential_Novel_Family,Expanded_Known_Family
1625,454,1,Expanded_Known_Family,Known_Family_Only
1625,690,2,Expanded_Known_Family,Potential_Novel_Family
1625,4158,1,Expanded_Known_Family,Expanded_Known_Family
1625,651,3,Expanded_Known_Family,Expanded_Known_Family
1625,1122,1,Expanded_Known_Family,Known_Family_Only
1625,6366,1,Expanded_Known_Family,Expanded_Known_Family
1625,1616,1,Expanded_Known_Family,Known_Family_Only
1625,12291,1,Expanded_Known_Family,Potential_Novel_Family
7848,1024,1,Potential_Novel_Family,Known_Family_Only
7848,2161,1,Potential_Novel_Family,Known_Family_Only
103,6518,1,Expanded_Known_Family,Potential_Novel_Family
103,12618,1,Expanded_Known_Family,Potential_Novel_Family
103,8111,1,Expanded_Known_Family,Expanded_Known_Family
103,5029,1,Expanded_Known_Family,Expanded_Known_Family
103,1750,1,Expanded_Known_Family,Known_Family_Only
6518,5268,1,Potential_Novel_Family,Potential_Novel_Family
7796,2524,9,Expanded_Known_Family,Expanded_Known_Family
7796,2163,2,Expanded_Known_Family,Expanded_Known_Family
7796,2286,2,Expanded_Known_Family,Expanded_Known_Family
7796,13574,1,Expanded_Known_Family,Potential_Novel_Family
7796,11372,1,Expanded_Known_Family,Expanded_Known_Family
10330,11979,1,Potential_Novel_Family,Potential_Novel_Family
2252,2801,1,Potential_Novel_Family,Expanded_Known_Family
2252,2819,1,Potential_Novel_Family,Potential_Novel_Family
2801,2819,1,Expanded_Known_Family,Potential_Novel_Family
2801,3295,1,Expanded_Known_Family,Potential_Novel_Family
2819,5315,1,Potential_Novel_Family,Known_Family_Only
2819,12448,1,Potential_Novel_Family,Expanded_Known_Family
2819,6022,1,Potential_Novel_Family,Known_Family_Only
2819,10938,1,Potential_Novel_Family,Known_Family_Only
2819,13714,1,Potential_Novel_Family,Known_Family_Only
2819,5131,1,Potential_Novel_Family,Expanded_Known_Family
2398,4080,1,Known_Family_Only,Potential_Novel_Family
2398,6061,1,Known_Family_Only,Known_Family_Only
4080,6061,1,Potential_Novel_Family,Known_Family_Only
8693,9410,17,Expanded_Known_Family,Expanded_Known_Family
8693,199,17,Expanded_Known_Family,Expanded_Known_Family
8693,7561,7,Expanded_Known_Family,Expanded_Known_Family
8693,1312,2,Expanded_Known_Family,Known_Family_Only
9410,199,21,Expanded_Known_Family,Expanded_Known_Family
9410,7561,9,Expanded_Known_Family,Expanded_Known_Family
9410,105,4,Expanded_Known_Family,Expanded_Known_Family
9410,201,4,Expanded_Known_Family,Known_Family_Only
9410,557,4,Expanded_Known_Family,Expanded_Known_Family
9410,674,4,Expanded_Known_Family,Known_Family_Only
9410,1173,4,Expanded_Known_Family,Expanded_Known_Family
9410,1194,4,Expanded_Known_Family,Known_Family_Only
9410,2668,4,Expanded_Known_Family,Known_Family_Only
9410,3083,4,Expanded_Known_Family,Expanded_Known_Family
9410,7066,4,Expanded_Known_Family,Expanded_Known_Family
9410,10520,4,Expanded_Known_Family,Potential_Novel_Family
9410,8081,2,Expanded_Known_Family,Potential_Novel_Family
9410,2165,1,Expanded_Known_Family,Known_Family_Only
9410,1312,2,Expanded_Known_Family,Known_Family_Only
377,3951,1,Expanded_Known_Family,Expanded_Known_Family
377,7669,1,Expanded_Known_Family,Potential_Novel_Family
377,4026,1,Expanded_Known_Family,Expanded_Known_Family
377,3452,1,Expanded_Known_Family,Potential_Novel_Family
377,3934,1,Expanded_Known_Family,Potential_Novel_Family
377,2069,2,Expanded_Known_Family,Expanded_Known_Family
377,5885,1,Expanded_Known_Family,Known_Family_Only
3951,7669,1,Expanded_Known_Family,Potential_Novel_Family
970,1128,1,Known_Family_Only,Known_Family_Only
970,2799,1,Known_Family_Only,Expanded_Known_Family
1128,2799,1,Known_Family_Only,Expanded_Known_Family
2799,6967,2,Expanded_Known_Family,Potential_Novel_Family
2799,951,1,Expanded_Known_Family,Known_Family_Only
2799,1430,1,Expanded_Known_Family,Known_Family_Only
2799,1257,1,Expanded_Known_Family,Expanded_Known_Family
2799,1602,3,Expanded_Known_Family,Known_Family_Only
2799,7855,3,Expanded_Known_Family,Expanded_Known_Family
2799,7138,1,Expanded_Known_Family,Known_Family_Only
2799,1010,1,Expanded_Known_Family,Known_Family_Only
2799,9394,1,Expanded_Known_Family,Potential_Novel_Family
2799,7907,1,Expanded_Known_Family,Potential_Novel_Family
2799,9969,1,Expanded_Known_Family,Potential_Novel_Family
2799,7318,1,Expanded_Known_Family,Known_Family_Only
12535,13874,2,Expanded_Known_Family,Expanded_Known_Family
12535,10182,1,Expanded_Known_Family,Expanded_Known_Family
12535,13158,13,Expanded_Known_Family,Expanded_Known_Family
12535,13869,1,Expanded_Known_Family,Expanded_Known_Family
12535,10214,2,Expanded_Known_Family,Potential_Novel_Family
12535,12645,1,Expanded_Known_Family,Expanded_Known_Family
12535,13034,1,Expanded_Known_Family,Expanded_Known_Family
12535,13840,1,Expanded_Known_Family,Potential_Novel_Family
13874,12353,1,Expanded_Known_Family,Expanded_Known_Family
13874,7546,1,Expanded_Known_Family,Potential_Novel_Family
458,3816,1,Potential_Novel_Family,Potential_Novel_Family
458,4420,1,Potential_Novel_Family,Potential_Novel_Family
458,8943,1,Potential_Novel_Family,Potential_Novel_Family
1079,2210,1,Expanded_Known_Family,Potential_Novel_Family
1079,2909,1,Expanded_Known_Family,Expanded_Known_Family
1079,11739,1,Expanded_Known_Family,Potential_Novel_Family
2210,2909,1,Potential_Novel_Family,Expanded_Known_Family
2909,592,1,Expanded_Known_Family,Potential_Novel_Family
2909,1585,1,Expanded_Known_Family,Potential_Novel_Family
2909,4888,1,Expanded_Known_Family,Known_Family_Only
2909,8198,1,Expanded_Known_Family,Known_Family_Only
2909,8837,1,Expanded_Known_Family,Potential_Novel_Family
2909,1553,1,Expanded_Known_Family,Known_Family_Only
2909,2669,1,Expanded_Known_Family,Known_Family_Only
2909,2065,1,Expanded_Known_Family,Potential_Novel_Family
2909,3587,1,Expanded_Known_Family,Known_Family_Only
4906,5250,2,Potential_Novel_Family,Potential_Novel_Family
4906,14309,1,Potential_Novel_Family,Potential_Novel_Family
10953,13651,1,Potential_Novel_Family,Potential_Novel_Family
8211,11031,3,Expanded_Known_Family,Potential_Novel_Family
8211,11342,2,Expanded_Known_Family,Expanded_Known_Family
8211,11181,1,Expanded_Known_Family,Potential_Novel_Family
11163,13030,7,Expanded_Known_Family,Expanded_Known_Family
11163,13275,3,Expanded_Known_Family,Expanded_Known_Family
11163,13420,1,Expanded_Known_Family,Expanded_Known_Family
11163,13482,2,Expanded_Known_Family,Expanded_Known_Family
11163,12836,1,Expanded_Known_Family,Expanded_Known_Family
11163,13694,1,Expanded_Known_Family,Expanded_Known_Family
11163,13455,1,Expanded_Known_Family,Potential_Novel_Family
11163,13284,1,Expanded_Known_Family,Expanded_Known_Family
11163,313,1,Expanded_Known_Family,Expanded_Known_Family
13030,12805,3,Expanded_Known_Family,Expanded_Known_Family
13030,12731,2,Expanded_Known_Family,Expanded_Known_Family
13030,12763,7,Expanded_Known_Family,Expanded_Known_Family
13030,10481,1,Expanded_Known_Family,Potential_Novel_Family
13030,3843,2,Expanded_Known_Family,Potential_Novel_Family
671,6191,10,Potential_Novel_Family,Expanded_Known_Family
671,6525,2,Potential_Novel_Family,Known_Family_Only
6191,6525,1,Expanded_Known_Family,Known_Family_Only
5472,12348,2,Expanded_Known_Family,Potential_Novel_Family
5472,12424,2,Expanded_Known_Family,Expanded_Known_Family
3938,10366,1,Expanded_Known_Family,Potential_Novel_Family
3938,1349,2,Expanded_Known_Family,Potential_Novel_Family
3938,8968,1,Expanded_Known_Family,Known_Family_Only
3938,12785,2,Expanded_Known_Family,Expanded_Known_Family
6502,13029,1,Known_Family_Only,Potential_Novel_Family
318,2751,5,Expanded_Known_Family,Expanded_Known_Family
318,954,8,Expanded_Known_Family,Expanded_Known_Family
318,2755,4,Expanded_Known_Family,Known_Family_Only
318,4061,4,Expanded_Known_Family,Expanded_Known_Family
318,2947,1,Expanded_Known_Family,Potential_Novel_Family
318,1787,2,Expanded_Known_Family,Potential_Novel_Family
318,2756,1,Expanded_Known_Family,Known_Family_Only
318,2816,1,Expanded_Known_Family,Potential_Novel_Family
318,1497,1,Expanded_Known_Family,Known_Family_Only
318,6312,1,Expanded_Known_Family,Potential_Novel_Family
318,1351,1,Expanded_Known_Family,Potential_Novel_Family
318,3247,2,Expanded_Known_Family,Known_Family_Only
318,4168,1,Expanded_Known_Family,Known_Family_Only
318,4414,1,Expanded_Known_Family,Known_Family_Only
318,7170,1,Expanded_Known_Family,Known_Family_Only
318,9330,3,Expanded_Known_Family,Expanded_Known_Family
318,3794,1,Expanded_Known_Family,Potential_Novel_Family
318,5906,2,Expanded_Known_Family,Potential_Novel_Family
318,6814,2,Expanded_Known_Family,Known_Family_Only
318,5111,1,Expanded_Known_Family,Known_Family_Only
2751,954,4,Expanded_Known_Family,Expanded_Known_Family
2751,5319,1,Expanded_Known_Family,Potential_Novel_Family
2751,1787,1,Expanded_Known_Family,Potential_Novel_Family
2751,3794,1,Expanded_Known_Family,Potential_Novel_Family
7596,8375,2,Potential_Novel_Family,Potential_Novel_Family
7596,9164,1,Potential_Novel_Family,Known_Family_Only
8375,9164,1,Potential_Novel_Family,Known_Family_Only
1667,2462,2,Potential_Novel_Family,Expanded_Known_Family
1667,9262,1,Potential_Novel_Family,Potential_Novel_Family
12761,13758,1,Potential_Novel_Family,Known_Family_Only
1322,5149,1,Expanded_Known_Family,Expanded_Known_Family
1322,8006,2,Expanded_Known_Family,Expanded_Known_Family
1322,5359,1,Expanded_Known_Family,Known_Family_Only
1322,6903,1,Expanded_Known_Family,Known_Family_Only
1322,7855,1,Expanded_Known_Family,Expanded_Known_Family
1322,13971,6,Expanded_Known_Family,Expanded_Known_Family
1322,3128,1,Expanded_Known_Family,Potential_Novel_Family
5149,7599,1,Expanded_Known_Family,Potential_Novel_Family
5149,815,1,Expanded_Known_Family,Expanded_Known_Family
5149,3408,1,Expanded_Known_Family,Known_Family_Only
5149,8166,1,Expanded_Known_Family,Expanded_Known_Family
5149,13320,1,Expanded_Known_Family,Potential_Novel_Family
8235,8543,2,Known_Family_Only,Potential_Novel_Family
3129,3190,2,Expanded_Known_Family,Expanded_Known_Family
3129,9759,2,Expanded_Known_Family,Potential_Novel_Family
3129,2804,2,Expanded_Known_Family,Potential_Novel_Family
3129,4986,1,Expanded_Known_Family,Potential_Novel_Family
3129,6725,2,Expanded_Known_Family,Expanded_Known_Family
3129,1410,1,Expanded_Known_Family,Known_Family_Only
3129,247,1,Expanded_Known_Family,Known_Family_Only
3129,2101,1,Expanded_Known_Family,Known_Family_Only
3129,2289,1,Expanded_Known_Family,Potential_Novel_Family
3129,1574,1,Expanded_Known_Family,Potential_Novel_Family
3129,3010,1,Expanded_Known_Family,Known_Family_Only
3129,7866,1,Expanded_Known_Family,Potential_Novel_Family
3129,5203,1,Expanded_Known_Family,Expanded_Known_Family
3129,13043,1,Expanded_Known_Family,Potential_Novel_Family
3129,9741,1,Expanded_Known_Family,Potential_Novel_Family
1598,6038,3,Expanded_Known_Family,Potential_Novel_Family
1598,555,2,Expanded_Known_Family,Potential_Novel_Family
1598,3902,1,Expanded_Known_Family,Expanded_Known_Family
1598,3514,1,Expanded_Known_Family,Expanded_Known_Family
1598,4738,1,Expanded_Known_Family,Potential_Novel_Family
300,424,1,Expanded_Known_Family,Expanded_Known_Family
300,9376,1,Expanded_Known_Family,Potential_Novel_Family
300,344,2,Expanded_Known_Family,Expanded_Known_Family
424,9376,1,Expanded_Known_Family,Potential_Novel_Family
424,272,1,Expanded_Known_Family,Expanded_Known_Family
424,99,1,Expanded_Known_Family,Expanded_Known_Family
6727,8027,2,Expanded_Known_Family,Known_Family_Only
6727,9343,8,Expanded_Known_Family,Expanded_Known_Family
6727,9082,3,Expanded_Known_Family,Expanded_Known_Family
6727,9213,1,Expanded_Known_Family,Expanded_Known_Family
6727,9516,1,Expanded_Known_Family,Potential_Novel_Family
8027,9343,2,Known_Family_Only,Expanded_Known_Family
9343,6677,1,Expanded_Known_Family,Expanded_Known_Family
2288,4470,12,Expanded_Known_Family,Expanded_Known_Family
2288,11633,2,Expanded_Known_Family,Potential_Novel_Family
2288,7707,1,Expanded_Known_Family,Potential_Novel_Family
2288,7558,1,Expanded_Known_Family,Potential_Novel_Family
2288,10350,2,Expanded_Known_Family,Expanded_Known_Family
2288,6219,1,Expanded_Known_Family,Expanded_Known_Family
2288,10818,2,Expanded_Known_Family,Known_Family_Only
4470,929,1,Expanded_Known_Family,Known_Family_Only
3762,11374,5,Expanded_Known_Family,Expanded_Known_Family
3762,1922,5,Expanded_Known_Family,Expanded_Known_Family
3762,11025,1,Expanded_Known_Family,Known_Family_Only
3762,13267,1,Expanded_Known_Family,Potential_Novel_Family
3762,4955,1,Expanded_Known_Family,Expanded_Known_Family
3762,12684,1,Expanded_Known_Family,Known_Family_Only
3762,71,1,Expanded_Known_Family,Expanded_Known_Family
11374,11162,1,Expanded_Known_Family,Expanded_Known_Family
304,7597,2,Expanded_Known_Family,Potential_Novel_Family
304,540,5,Expanded_Known_Family,Expanded_Known_Family
304,13546,1,Expanded_Known_Family,Known_Family_Only
7597,11673,3,Potential_Novel_Family,Expanded_Known_Family
6922,7617,1,Potential_Novel_Family,Expanded_Known_Family
7617,6158,1,Expanded_Known_Family,Known_Family_Only
3682,2097,1,Expanded_Known_Family,Expanded_Known_Family
3682,4655,1,Expanded_Known_Family,Known_Family_Only
3682,5681,1,Expanded_Known_Family,Expanded_Known_Family
3682,8109,1,Expanded_Known_Family,Expanded_Known_Family
3682,338,3,Expanded_Known_Family,Expanded_Known_Family
3682,2362,2,Expanded_Known_Family,Known_Family_Only
3682,10005,1,Expanded_Known_Family,Expanded_Known_Family
3682,11462,1,Expanded_Known_Family,Potential_Novel_Family
13094,14067,1,Potential_Novel_Family,Known_Family_Only
234,2850,8,Expanded_Known_Family,Expanded_Known_Family
234,990,5,Expanded_Known_Family,Potential_Novel_Family
2850,990,5,Expanded_Known_Family,Potential_Novel_Family
2850,996,2,Expanded_Known_Family,Known_Family_Only
6564,10704,28,Expanded_Known_Family,Expanded_Known_Family
6564,11028,1,Expanded_Known_Family,Potential_Novel_Family
1419,7632,3,Expanded_Known_Family,Expanded_Known_Family
7632,1328,2,Expanded_Known_Family,Expanded_Known_Family
7632,14202,1,Expanded_Known_Family,Potential_Novel_Family
8524,10559,2,Expanded_Known_Family,Expanded_Known_Family
2055,13393,2,Expanded_Known_Family,Expanded_Known_Family
2055,2562,1,Expanded_Known_Family,Potential_Novel_Family
2055,6036,1,Expanded_Known_Family,Potential_Novel_Family
13095,9020,1,Expanded_Known_Family,Potential_Novel_Family
13095,4759,1,Expanded_Known_Family,Expanded_Known_Family
13095,14313,1,Expanded_Known_Family,Known_Family_Only
13095,14088,1,Expanded_Known_Family,Known_Family_Only
13095,11309,1,Expanded_Known_Family,Expanded_Known_Family
2592,9237,2,Expanded_Known_Family,Expanded_Known_Family
10719,13982,1,Expanded_Known_Family,Known_Family_Only
1232,4427,1,Known_Family_Only,Expanded_Known_Family
4427,12910,6,Expanded_Known_Family,Expanded_Known_Family
8195,10591,1,Known_Family_Only,Potential_Novel_Family
12471,13970,4,Expanded_Known_Family,Expanded_Known_Family
12471,12842,1,Expanded_Known_Family,Potential_Novel_Family
12471,964,3,Expanded_Known_Family,Expanded_Known_Family
12471,13605,3,Expanded_Known_Family,Expanded_Known_Family
12471,12716,1,Expanded_Known_Family,Potential_Novel_Family
12471,1566,1,Expanded_Known_Family,Potential_Novel_Family
12471,578,1,Expanded_Known_Family,Expanded_Known_Family
12646,14226,1,Known_Family_Only,Potential_Novel_Family
2553,5201,1,Expanded_Known_Family,Known_Family_Only
2553,3897,1,Expanded_Known_Family,Potential_Novel_Family
2553,4556,2,Expanded_Known_Family,Expanded_Known_Family
2553,3994,3,Expanded_Known_Family,Expanded_Known_Family
2553,4559,4,Expanded_Known_Family,Known_Family_Only
2553,4231,1,Expanded_Known_Family,Expanded_Known_Family
2553,63,1,Expanded_Known_Family,Known_Family_Only
2553,3696,5,Expanded_Known_Family,Expanded_Known_Family
2553,6417,3,Expanded_Known_Family,Potential_Novel_Family
2553,3858,2,Expanded_Known_Family,Expanded_Known_Family
2553,7340,1,Expanded_Known_Family,Known_Family_Only
2553,7646,1,Expanded_Known_Family,Potential_Novel_Family
2553,4832,1,Expanded_Known_Family,Known_Family_Only
2553,13836,1,Expanded_Known_Family,Known_Family_Only
2553,3473,1,Expanded_Known_Family,Expanded_Known_Family
2553,4561,2,Expanded_Known_Family,Potential_Novel_Family
2553,879,4,Expanded_Known_Family,Expanded_Known_Family
2553,4638,1,Expanded_Known_Family,Expanded_Known_Family
2553,9422,1,Expanded_Known_Family,Expanded_Known_Family
2553,3865,3,Expanded_Known_Family,Known_Family_Only
2553,979,1,Expanded_Known_Family,Expanded_Known_Family
2553,3201,1,Expanded_Known_Family,Known_Family_Only
2553,9816,1,Expanded_Known_Family,Potential_Novel_Family
2553,3917,2,Expanded_Known_Family,Expanded_Known_Family
2553,1937,1,Expanded_Known_Family,Expanded_Known_Family
2553,3767,1,Expanded_Known_Family,Potential_Novel_Family
2553,4688,1,Expanded_Known_Family,Known_Family_Only
2553,4738,1,Expanded_Known_Family,Potential_Novel_Family
7223,7732,4,Expanded_Known_Family,Expanded_Known_Family
7223,8204,11,Expanded_Known_Family,Expanded_Known_Family
7223,2313,2,Expanded_Known_Family,Expanded_Known_Family
7223,1078,1,Expanded_Known_Family,Potential_Novel_Family
7223,2332,1,Expanded_Known_Family,Expanded_Known_Family
7223,7408,1,Expanded_Known_Family,Potential_Novel_Family
7223,8341,1,Expanded_Known_Family,Potential_Novel_Family
7732,2313,3,Expanded_Known_Family,Expanded_Known_Family
7732,6159,3,Expanded_Known_Family,Expanded_Known_Family
8103,13096,1,Known_Family_Only,Potential_Novel_Family
5988,9924,1,Potential_Novel_Family,Expanded_Known_Family
9924,12163,1,Expanded_Known_Family,Potential_Novel_Family
9924,8688,2,Expanded_Known_Family,Expanded_Known_Family
9924,82,1,Expanded_Known_Family,Expanded_Known_Family
9924,799,1,Expanded_Known_Family,Expanded_Known_Family
9924,13979,1,Expanded_Known_Family,Potential_Novel_Family
9924,7723,2,Expanded_Known_Family,Expanded_Known_Family
9924,34,1,Expanded_Known_Family,Expanded_Known_Family
9924,8190,1,Expanded_Known_Family,Expanded_Known_Family
6874,6942,23,Expanded_Known_Family,Expanded_Known_Family
6874,5313,1,Expanded_Known_Family,Expanded_Known_Family
6874,6893,1,Expanded_Known_Family,Expanded_Known_Family
6874,1398,1,Expanded_Known_Family,Potential_Novel_Family
6874,6974,1,Expanded_Known_Family,Expanded_Known_Family
6874,890,2,Expanded_Known_Family,Expanded_Known_Family
6874,7342,2,Expanded_Known_Family,Potential_Novel_Family
6874,261,1,Expanded_Known_Family,Expanded_Known_Family
6874,2109,1,Expanded_Known_Family,Expanded_Known_Family
6874,4150,1,Expanded_Known_Family,Known_Family_Only
6874,9787,1,Expanded_Known_Family,Potential_Novel_Family
6942,5313,2,Expanded_Known_Family,Expanded_Known_Family
6942,6893,2,Expanded_Known_Family,Expanded_Known_Family
6942,890,1,Expanded_Known_Family,Expanded_Known_Family
6942,261,1,Expanded_Known_Family,Expanded_Known_Family
6942,2109,1,Expanded_Known_Family,Expanded_Known_Family
6942,4150,1,Expanded_Known_Family,Known_Family_Only
6942,9787,1,Expanded_Known_Family,Potential_Novel_Family
298,5509,1,Potential_Novel_Family,Potential_Novel_Family
298,604,1,Potential_Novel_Family,Expanded_Known_Family
298,6309,1,Potential_Novel_Family,Known_Family_Only
298,5725,1,Potential_Novel_Family,Known_Family_Only
298,402,1,Potential_Novel_Family,Expanded_Known_Family
9645,13004,5,Expanded_Known_Family,Expanded_Known_Family
9645,5345,1,Expanded_Known_Family,Known_Family_Only
9645,13084,1,Expanded_Known_Family,Known_Family_Only
2458,6293,6,Potential_Novel_Family,Known_Family_Only
667,13251,1,Expanded_Known_Family,Potential_Novel_Family
667,9241,2,Expanded_Known_Family,Expanded_Known_Family
667,10924,1,Expanded_Known_Family,Potential_Novel_Family
667,10394,1,Expanded_Known_Family,Potential_Novel_Family
667,13348,1,Expanded_Known_Family,Potential_Novel_Family
667,10250,1,Expanded_Known_Family,Expanded_Known_Family
9755,13326,1,Potential_Novel_Family,Known_Family_Only
9755,3960,2,Potential_Novel_Family,Known_Family_Only
1584,3923,2,Expanded_Known_Family,Potential_Novel_Family
1584,1475,1,Expanded_Known_Family,Known_Family_Only
1584,2261,1,Expanded_Known_Family,Potential_Novel_Family
3923,891,7,Potential_Novel_Family,Expanded_Known_Family
404,4159,3,Expanded_Known_Family,Expanded_Known_Family
404,1707,1,Expanded_Known_Family,Potential_Novel_Family
404,3725,1,Expanded_Known_Family,Expanded_Known_Family
404,5489,1,Expanded_Known_Family,Potential_Novel_Family
8407,8913,1,Expanded_Known_Family,Expanded_Known_Family
8407,10556,1,Expanded_Known_Family,Potential_Novel_Family
8407,10765,2,Expanded_Known_Family,Potential_Novel_Family
8407,12375,1,Expanded_Known_Family,Potential_Novel_Family
8913,3757,2,Expanded_Known_Family,Expanded_Known_Family
8913,264,1,Expanded_Known_Family,Expanded_Known_Family
5228,9796,1,Potential_Novel_Family,Known_Family_Only
8030,8800,1,Known_Family_Only,Potential_Novel_Family
6439,12647,5,Expanded_Known_Family,Expanded_Known_Family
6651,8181,2,Expanded_Known_Family,Known_Family_Only
6651,13097,4,Expanded_Known_Family,Expanded_Known_Family
8181,13097,1,Known_Family_Only,Expanded_Known_Family
13097,5781,5,Expanded_Known_Family,Expanded_Known_Family
1098,10513,1,Potential_Novel_Family,Known_Family_Only
556,8000,2,Expanded_Known_Family,Potential_Novel_Family
556,348,1,Expanded_Known_Family,Potential_Novel_Family
556,11457,1,Expanded_Known_Family,Potential_Novel_Family
556,197,1,Expanded_Known_Family,Expanded_Known_Family
6463,11477,3,Potential_Novel_Family,Potential_Novel_Family
6463,9880,1,Potential_Novel_Family,Potential_Novel_Family
6463,2618,6,Potential_Novel_Family,Expanded_Known_Family
1315,7733,15,Expanded_Known_Family,Expanded_Known_Family
1315,8621,1,Expanded_Known_Family,Potential_Novel_Family
7733,4890,1,Expanded_Known_Family,Potential_Novel_Family
7733,1523,1,Expanded_Known_Family,Expanded_Known_Family
7733,505,1,Expanded_Known_Family,Expanded_Known_Family
7733,1183,1,Expanded_Known_Family,Expanded_Known_Family
1046,4326,9,Expanded_Known_Family,Expanded_Known_Family
1046,4714,1,Expanded_Known_Family,Known_Family_Only
1046,8033,1,Expanded_Known_Family,Known_Family_Only
1046,4180,7,Expanded_Known_Family,Expanded_Known_Family
1046,5036,1,Expanded_Known_Family,Potential_Novel_Family
12762,13034,6,Expanded_Known_Family,Expanded_Known_Family
12762,12530,3,Expanded_Known_Family,Expanded_Known_Family
12762,13698,1,Expanded_Known_Family,Potential_Novel_Family
12762,10558,1,Expanded_Known_Family,Potential_Novel_Family
12762,13776,1,Expanded_Known_Family,Potential_Novel_Family
12762,13741,1,Expanded_Known_Family,Expanded_Known_Family
12762,13547,1,Expanded_Known_Family,Expanded_Known_Family
12762,13684,1,Expanded_Known_Family,Potential_Novel_Family
811,1095,1,Potential_Novel_Family,Expanded_Known_Family
1095,1108,1,Expanded_Known_Family,Potential_Novel_Family
1095,793,6,Expanded_Known_Family,Expanded_Known_Family
1095,5429,1,Expanded_Known_Family,Expanded_Known_Family
1095,735,1,Expanded_Known_Family,Expanded_Known_Family
5741,6733,2,Expanded_Known_Family,Expanded_Known_Family
5741,7970,1,Expanded_Known_Family,Potential_Novel_Family
6733,1474,1,Expanded_Known_Family,Potential_Novel_Family
6733,1964,1,Expanded_Known_Family,Known_Family_Only
3261,7762,12,Expanded_Known_Family,Expanded_Known_Family
3261,116,1,Expanded_Known_Family,Expanded_Known_Family
3261,600,3,Expanded_Known_Family,Known_Family_Only
7762,600,3,Expanded_Known_Family,Known_Family_Only
1074,1613,30,Expanded_Known_Family,Expanded_Known_Family
1074,815,6,Expanded_Known_Family,Expanded_Known_Family
1074,3510,1,Expanded_Known_Family,Known_Family_Only
1613,815,6,Expanded_Known_Family,Expanded_Known_Family
501,6821,1,Expanded_Known_Family,Known_Family_Only
501,1123,1,Expanded_Known_Family,Expanded_Known_Family
501,4100,1,Expanded_Known_Family,Potential_Novel_Family
6821,2853,1,Known_Family_Only,Potential_Novel_Family
384,13989,2,Expanded_Known_Family,Expanded_Known_Family
384,4994,1,Expanded_Known_Family,Potential_Novel_Family
384,6188,1,Expanded_Known_Family,Expanded_Known_Family
384,11717,1,Expanded_Known_Family,Potential_Novel_Family
13989,353,1,Expanded_Known_Family,Expanded_Known_Family
3062,8762,2,Potential_Novel_Family,Potential_Novel_Family
4984,9646,1,Potential_Novel_Family,Potential_Novel_Family
8031,8516,3,Known_Family_Only,Potential_Novel_Family
1420,13364,1,Potential_Novel_Family,Potential_Novel_Family
6400,7921,7,Expanded_Known_Family,Expanded_Known_Family
6400,8344,3,Expanded_Known_Family,Potential_Novel_Family
6400,7800,7,Expanded_Known_Family,Expanded_Known_Family
6400,6409,1,Expanded_Known_Family,Potential_Novel_Family
6400,8510,1,Expanded_Known_Family,Known_Family_Only
5013,5866,2,Expanded_Known_Family,Known_Family_Only
5013,7496,9,Expanded_Known_Family,Expanded_Known_Family
5866,7496,2,Known_Family_Only,Expanded_Known_Family
2014,2015,1,Known_Family_Only,Potential_Novel_Family
2015,6600,1,Potential_Novel_Family,Known_Family_Only
2127,8342,1,Potential_Novel_Family,Known_Family_Only
9630,10331,2,Known_Family_Only,Potential_Novel_Family
9630,655,1,Known_Family_Only,Known_Family_Only
9630,2155,1,Known_Family_Only,Expanded_Known_Family
9630,3162,2,Known_Family_Only,Expanded_Known_Family
9630,6203,2,Known_Family_Only,Known_Family_Only
9630,7402,2,Known_Family_Only,Known_Family_Only
3151,169,3,Expanded_Known_Family,Known_Family_Only
3151,1099,3,Expanded_Known_Family,Known_Family_Only
3151,1385,3,Expanded_Known_Family,Known_Family_Only
3151,2730,3,Expanded_Known_Family,Expanded_Known_Family
3151,4626,3,Expanded_Known_Family,Expanded_Known_Family
3151,8004,3,Expanded_Known_Family,Known_Family_Only
6151,11388,9,Expanded_Known_Family,Expanded_Known_Family
6151,11483,1,Expanded_Known_Family,Potential_Novel_Family
6151,1946,1,Expanded_Known_Family,Potential_Novel_Family
6151,8389,1,Expanded_Known_Family,Expanded_Known_Family
6151,167,1,Expanded_Known_Family,Expanded_Known_Family
11388,8389,5,Expanded_Known_Family,Expanded_Known_Family
11388,7600,1,Expanded_Known_Family,Expanded_Known_Family
11388,10606,1,Expanded_Known_Family,Potential_Novel_Family
11388,13426,1,Expanded_Known_Family,Known_Family_Only
11388,7877,1,Expanded_Known_Family,Known_Family_Only
11388,1449,1,Expanded_Known_Family,Expanded_Known_Family
11388,532,1,Expanded_Known_Family,Expanded_Known_Family
505,2349,3,Expanded_Known_Family,Expanded_Known_Family
505,6094,5,Expanded_Known_Family,Expanded_Known_Family
505,633,1,Expanded_Known_Family,Expanded_Known_Family
505,3423,2,Expanded_Known_Family,Expanded_Known_Family
505,2550,1,Expanded_Known_Family,Expanded_Known_Family
505,4672,1,Expanded_Known_Family,Potential_Novel_Family
505,3436,2,Expanded_Known_Family,Expanded_Known_Family
505,450,1,Expanded_Known_Family,Known_Family_Only
505,821,1,Expanded_Known_Family,Known_Family_Only
505,3700,2,Expanded_Known_Family,Expanded_Known_Family
505,4377,1,Expanded_Known_Family,Known_Family_Only
505,4403,1,Expanded_Known_Family,Potential_Novel_Family
505,7303,1,Expanded_Known_Family,Potential_Novel_Family
505,1614,1,Expanded_Known_Family,Potential_Novel_Family
505,575,1,Expanded_Known_Family,Expanded_Known_Family
505,2097,1,Expanded_Known_Family,Expanded_Known_Family
505,10006,2,Expanded_Known_Family,Potential_Novel_Family
505,2374,1,Expanded_Known_Family,Expanded_Known_Family
505,8932,1,Expanded_Known_Family,Expanded_Known_Family
505,9599,1,Expanded_Known_Family,Potential_Novel_Family
505,3780,1,Expanded_Known_Family,Known_Family_Only
505,6539,1,Expanded_Known_Family,Expanded_Known_Family
2349,6094,2,Expanded_Known_Family,Expanded_Known_Family
2349,8437,1,Expanded_Known_Family,Expanded_Known_Family
2349,11913,2,Expanded_Known_Family,Expanded_Known_Family
2349,2097,1,Expanded_Known_Family,Expanded_Known_Family
2349,3423,1,Expanded_Known_Family,Expanded_Known_Family
2349,10006,2,Expanded_Known_Family,Potential_Novel_Family
2349,6427,1,Expanded_Known_Family,Potential_Novel_Family
6094,3056,1,Expanded_Known_Family,Expanded_Known_Family
6094,633,1,Expanded_Known_Family,Expanded_Known_Family
6094,3423,1,Expanded_Known_Family,Expanded_Known_Family
6094,7832,1,Expanded_Known_Family,Expanded_Known_Family
6094,2550,1,Expanded_Known_Family,Expanded_Known_Family
6094,4672,1,Expanded_Known_Family,Potential_Novel_Family
3116,8159,13,Expanded_Known_Family,Expanded_Known_Family
3116,736,1,Expanded_Known_Family,Potential_Novel_Family
3116,1292,1,Expanded_Known_Family,Potential_Novel_Family
8159,736,1,Expanded_Known_Family,Potential_Novel_Family
8159,1292,1,Expanded_Known_Family,Potential_Novel_Family
3757,10765,2,Expanded_Known_Family,Potential_Novel_Family
3757,10372,1,Expanded_Known_Family,Potential_Novel_Family
3757,10521,1,Expanded_Known_Family,Known_Family_Only
3757,9349,1,Expanded_Known_Family,Expanded_Known_Family
3757,9773,1,Expanded_Known_Family,Potential_Novel_Family
3757,12514,1,Expanded_Known_Family,Potential_Novel_Family
3757,11571,1,Expanded_Known_Family,Potential_Novel_Family
3757,9111,1,Expanded_Known_Family,Known_Family_Only
3757,13403,1,Expanded_Known_Family,Potential_Novel_Family
1450,5890,2,Expanded_Known_Family,Expanded_Known_Family
5890,1347,1,Expanded_Known_Family,Potential_Novel_Family
1857,4813,1,Expanded_Known_Family,Potential_Novel_Family
1857,12943,1,Expanded_Known_Family,Potential_Novel_Family
1857,5907,1,Expanded_Known_Family,Potential_Novel_Family
1857,12452,1,Expanded_Known_Family,Known_Family_Only
555,3902,2,Potential_Novel_Family,Expanded_Known_Family
555,9327,1,Potential_Novel_Family,Potential_Novel_Family
555,3977,1,Potential_Novel_Family,Expanded_Known_Family
3902,923,2,Expanded_Known_Family,Expanded_Known_Family
3902,618,1,Expanded_Known_Family,Expanded_Known_Family
3902,4562,1,Expanded_Known_Family,Expanded_Known_Family
3902,5781,1,Expanded_Known_Family,Expanded_Known_Family
1340,6991,1,Known_Family_Only,Potential_Novel_Family
3056,2097,1,Expanded_Known_Family,Expanded_Known_Family
10956,12579,3,Potential_Novel_Family,Expanded_Known_Family
12579,9804,2,Expanded_Known_Family,Potential_Novel_Family
8266,10407,1,Potential_Novel_Family,Known_Family_Only
5825,8150,20,Expanded_Known_Family,Expanded_Known_Family
5825,10266,4,Expanded_Known_Family,Expanded_Known_Family
8150,10266,1,Expanded_Known_Family,Expanded_Known_Family
5066,12911,5,Potential_Novel_Family,Known_Family_Only
12911,3753,7,Known_Family_Only,Potential_Novel_Family
1490,8039,1,Expanded_Known_Family,Potential_Novel_Family
1490,4387,3,Expanded_Known_Family,Potential_Novel_Family
7558,9148,1,Potential_Novel_Family,Potential_Novel_Family
7290,7984,3,Potential_Novel_Family,Expanded_Known_Family
7984,3058,1,Expanded_Known_Family,Expanded_Known_Family
1884,4442,1,Potential_Novel_Family,Expanded_Known_Family
1884,12138,1,Potential_Novel_Family,Known_Family_Only
4442,6739,1,Expanded_Known_Family,Known_Family_Only
4442,13576,2,Expanded_Known_Family,Potential_Novel_Family
4442,2408,1,Expanded_Known_Family,Expanded_Known_Family
7379,11706,5,Expanded_Known_Family,Expanded_Known_Family
7379,12899,2,Expanded_Known_Family,Known_Family_Only
7379,2672,9,Expanded_Known_Family,Expanded_Known_Family
7379,5767,1,Expanded_Known_Family,Potential_Novel_Family
7379,13480,1,Expanded_Known_Family,Known_Family_Only
7379,11162,1,Expanded_Known_Family,Expanded_Known_Family
11706,12899,2,Expanded_Known_Family,Known_Family_Only
13252,14181,5,Expanded_Known_Family,Expanded_Known_Family
13252,13994,2,Expanded_Known_Family,Expanded_Known_Family
13252,277,1,Expanded_Known_Family,Known_Family_Only
13252,7929,1,Expanded_Known_Family,Known_Family_Only
13252,11728,4,Expanded_Known_Family,Expanded_Known_Family
13252,6861,1,Expanded_Known_Family,Expanded_Known_Family
13252,638,1,Expanded_Known_Family,Expanded_Known_Family
13,13098,2,Known_Family_Only,Expanded_Known_Family
13,614,1,Known_Family_Only,Known_Family_Only
13,4583,1,Known_Family_Only,Expanded_Known_Family
13,5859,1,Known_Family_Only,Expanded_Known_Family
13,7941,1,Known_Family_Only,Expanded_Known_Family
13,9323,1,Known_Family_Only,Potential_Novel_Family
13,2053,2,Known_Family_Only,Potential_Novel_Family
13098,13502,1,Expanded_Known_Family,Potential_Novel_Family
1144,10256,1,Potential_Novel_Family,Known_Family_Only
1144,8895,2,Potential_Novel_Family,Known_Family_Only
8725,13327,1,Potential_Novel_Family,Known_Family_Only
2966,10332,1,Potential_Novel_Family,Potential_Novel_Family
985,5301,1,Expanded_Known_Family,Expanded_Known_Family
985,5745,1,Expanded_Known_Family,Potential_Novel_Family
985,5742,2,Expanded_Known_Family,Potential_Novel_Family
5301,9803,5,Expanded_Known_Family,Expanded_Known_Family
5301,2671,1,Expanded_Known_Family,Potential_Novel_Family
5301,7718,1,Expanded_Known_Family,Known_Family_Only
5301,4553,2,Expanded_Known_Family,Expanded_Known_Family
5301,6505,2,Expanded_Known_Family,Expanded_Known_Family
5301,10219,1,Expanded_Known_Family,Expanded_Known_Family
6710,9878,5,Expanded_Known_Family,Potential_Novel_Family
1037,3496,1,Known_Family_Only,Expanded_Known_Family
3496,507,2,Expanded_Known_Family,Known_Family_Only
3496,777,1,Expanded_Known_Family,Known_Family_Only
3496,2451,1,Expanded_Known_Family,Expanded_Known_Family
3496,2883,1,Expanded_Known_Family,Known_Family_Only
3496,4244,1,Expanded_Known_Family,Known_Family_Only
3496,5342,1,Expanded_Known_Family,Expanded_Known_Family
3496,8557,1,Expanded_Known_Family,Expanded_Known_Family
403,3700,1,Known_Family_Only,Expanded_Known_Family
403,12027,1,Known_Family_Only,Potential_Novel_Family
403,465,1,Known_Family_Only,Expanded_Known_Family
403,1298,1,Known_Family_Only,Potential_Novel_Family
403,2114,1,Known_Family_Only,Expanded_Known_Family
403,3242,1,Known_Family_Only,Known_Family_Only
403,3377,1,Known_Family_Only,Expanded_Known_Family
403,4804,1,Known_Family_Only,Potential_Novel_Family
3700,12027,1,Expanded_Known_Family,Potential_Novel_Family
3700,450,1,Expanded_Known_Family,Known_Family_Only
3700,821,1,Expanded_Known_Family,Known_Family_Only
3700,4377,1,Expanded_Known_Family,Known_Family_Only
3700,4403,1,Expanded_Known_Family,Potential_Novel_Family
3700,575,1,Expanded_Known_Family,Expanded_Known_Family
10889,11876,1,Expanded_Known_Family,Potential_Novel_Family
10889,10151,1,Expanded_Known_Family,Known_Family_Only
9647,10099,1,Potential_Novel_Family,Known_Family_Only
10099,9818,1,Known_Family_Only,Potential_Novel_Family
3628,13328,1,Known_Family_Only,Potential_Novel_Family
2097,9305,1,Expanded_Known_Family,Potential_Novel_Family
2097,4655,1,Expanded_Known_Family,Known_Family_Only
2097,5681,1,Expanded_Known_Family,Expanded_Known_Family
2097,8109,1,Expanded_Known_Family,Expanded_Known_Family
2097,3742,1,Expanded_Known_Family,Potential_Novel_Family
2097,3760,1,Expanded_Known_Family,Expanded_Known_Family
2097,3927,1,Expanded_Known_Family,Known_Family_Only
2097,4258,5,Expanded_Known_Family,Expanded_Known_Family
2097,3423,1,Expanded_Known_Family,Expanded_Known_Family
2097,10006,1,Expanded_Known_Family,Potential_Novel_Family
2097,3501,3,Expanded_Known_Family,Expanded_Known_Family
2097,5427,1,Expanded_Known_Family,Expanded_Known_Family
2097,7372,1,Expanded_Known_Family,Known_Family_Only
2097,732,1,Expanded_Known_Family,Expanded_Known_Family
2097,3356,1,Expanded_Known_Family,Expanded_Known_Family
2097,9403,1,Expanded_Known_Family,Potential_Novel_Family
3433,8061,12,Expanded_Known_Family,Expanded_Known_Family
3433,10662,6,Expanded_Known_Family,Expanded_Known_Family
3433,7066,8,Expanded_Known_Family,Expanded_Known_Family
3433,11344,7,Expanded_Known_Family,Expanded_Known_Family
8061,10662,4,Expanded_Known_Family,Expanded_Known_Family
8061,4376,1,Expanded_Known_Family,Expanded_Known_Family
8061,7604,1,Expanded_Known_Family,Potential_Novel_Family
8061,638,1,Expanded_Known_Family,Expanded_Known_Family
8061,2827,1,Expanded_Known_Family,Known_Family_Only
8061,9657,1,Expanded_Known_Family,Potential_Novel_Family
8061,11344,2,Expanded_Known_Family,Expanded_Known_Family
8061,1895,1,Expanded_Known_Family,Potential_Novel_Family
8061,2640,1,Expanded_Known_Family,Known_Family_Only
10662,7066,3,Expanded_Known_Family,Expanded_Known_Family
1969,5896,2,Known_Family_Only,Potential_Novel_Family
5681,8418,11,Expanded_Known_Family,Expanded_Known_Family
5681,338,3,Expanded_Known_Family,Expanded_Known_Family
5681,849,1,Expanded_Known_Family,Known_Family_Only
5681,5394,1,Expanded_Known_Family,Known_Family_Only
5681,4655,1,Expanded_Known_Family,Known_Family_Only
5681,8109,1,Expanded_Known_Family,Expanded_Known_Family
8418,849,1,Expanded_Known_Family,Known_Family_Only
8418,5394,1,Expanded_Known_Family,Known_Family_Only
8418,338,2,Expanded_Known_Family,Expanded_Known_Family
5552,7637,3,Expanded_Known_Family,Expanded_Known_Family
7637,5521,2,Expanded_Known_Family,Expanded_Known_Family
7637,255,1,Expanded_Known_Family,Expanded_Known_Family
7637,7827,1,Expanded_Known_Family,Known_Family_Only
7637,7029,1,Expanded_Known_Family,Known_Family_Only
7637,5632,2,Expanded_Known_Family,Potential_Novel_Family
7637,2370,1,Expanded_Known_Family,Known_Family_Only
7637,2774,1,Expanded_Known_Family,Known_Family_Only
7637,5516,3,Expanded_Known_Family,Expanded_Known_Family
7637,5790,1,Expanded_Known_Family,Expanded_Known_Family
7637,5693,1,Expanded_Known_Family,Known_Family_Only
7637,5503,1,Expanded_Known_Family,Potential_Novel_Family
2889,6701,1,Expanded_Known_Family,Known_Family_Only
2889,9355,1,Expanded_Known_Family,Potential_Novel_Family
859,3239,2,Known_Family_Only,Expanded_Known_Family
859,1481,1,Known_Family_Only,Expanded_Known_Family
859,3264,1,Known_Family_Only,Potential_Novel_Family
3239,669,4,Expanded_Known_Family,Known_Family_Only
3239,1481,3,Expanded_Known_Family,Expanded_Known_Family
3239,2069,2,Expanded_Known_Family,Expanded_Known_Family
3239,309,1,Expanded_Known_Family,Expanded_Known_Family
3239,801,1,Expanded_Known_Family,Known_Family_Only
3239,2890,1,Expanded_Known_Family,Expanded_Known_Family
3239,4824,1,Expanded_Known_Family,Potential_Novel_Family
3239,6303,1,Expanded_Known_Family,Known_Family_Only
3239,8523,1,Expanded_Known_Family,Known_Family_Only
3239,833,1,Expanded_Known_Family,Known_Family_Only
3239,2914,1,Expanded_Known_Family,Potential_Novel_Family
3239,6363,1,Expanded_Known_Family,Expanded_Known_Family
3239,8312,1,Expanded_Known_Family,Known_Family_Only
3239,338,1,Expanded_Known_Family,Expanded_Known_Family
3239,683,1,Expanded_Known_Family,Known_Family_Only
3239,2644,1,Expanded_Known_Family,Known_Family_Only
3239,3264,1,Expanded_Known_Family,Potential_Novel_Family
3239,2642,2,Expanded_Known_Family,Potential_Novel_Family
8652,10477,1,Potential_Novel_Family,Potential_Novel_Family
954,2755,4,Expanded_Known_Family,Known_Family_Only
954,4061,11,Expanded_Known_Family,Expanded_Known_Family
954,3555,1,Expanded_Known_Family,Known_Family_Only
954,3381,1,Expanded_Known_Family,Known_Family_Only
954,3723,1,Expanded_Known_Family,Potential_Novel_Family
954,6513,2,Expanded_Known_Family,Potential_Novel_Family
954,3111,3,Expanded_Known_Family,Expanded_Known_Family
954,5319,1,Expanded_Known_Family,Potential_Novel_Family
954,448,1,Expanded_Known_Family,Expanded_Known_Family
954,2500,1,Expanded_Known_Family,Potential_Novel_Family
954,3441,1,Expanded_Known_Family,Known_Family_Only
954,5833,1,Expanded_Known_Family,Known_Family_Only
954,1351,1,Expanded_Known_Family,Potential_Novel_Family
954,3247,2,Expanded_Known_Family,Known_Family_Only
954,4168,1,Expanded_Known_Family,Known_Family_Only
954,4414,1,Expanded_Known_Family,Known_Family_Only
954,7170,1,Expanded_Known_Family,Known_Family_Only
954,9330,3,Expanded_Known_Family,Expanded_Known_Family
954,1787,1,Expanded_Known_Family,Potential_Novel_Family
954,3794,1,Expanded_Known_Family,Potential_Novel_Family
954,5350,1,Expanded_Known_Family,Expanded_Known_Family
954,5111,1,Expanded_Known_Family,Known_Family_Only
954,2962,1,Expanded_Known_Family,Potential_Novel_Family
954,6697,1,Expanded_Known_Family,Known_Family_Only
954,5424,1,Expanded_Known_Family,Potential_Novel_Family
2755,4061,4,Known_Family_Only,Expanded_Known_Family
2755,9330,3,Known_Family_Only,Expanded_Known_Family
4061,1634,2,Expanded_Known_Family,Expanded_Known_Family
4061,212,1,Expanded_Known_Family,Expanded_Known_Family
4061,306,8,Expanded_Known_Family,Expanded_Known_Family
4061,2654,8,Expanded_Known_Family,Expanded_Known_Family
4061,3825,7,Expanded_Known_Family,Expanded_Known_Family
4061,9316,6,Expanded_Known_Family,Known_Family_Only
4061,548,2,Expanded_Known_Family,Expanded_Known_Family
4061,4949,1,Expanded_Known_Family,Known_Family_Only
4061,7207,1,Expanded_Known_Family,Potential_Novel_Family
4061,3030,1,Expanded_Known_Family,Potential_Novel_Family
4061,9330,3,Expanded_Known_Family,Expanded_Known_Family
4061,6407,1,Expanded_Known_Family,Expanded_Known_Family
4061,3217,1,Expanded_Known_Family,Potential_Novel_Family
4061,7813,1,Expanded_Known_Family,Potential_Novel_Family
4061,8413,1,Expanded_Known_Family,Potential_Novel_Family
4061,3669,1,Expanded_Known_Family,Expanded_Known_Family
4061,4269,4,Expanded_Known_Family,Known_Family_Only
4061,2963,1,Expanded_Known_Family,Known_Family_Only
4061,3414,1,Expanded_Known_Family,Potential_Novel_Family
9520,12666,1,Expanded_Known_Family,Known_Family_Only
7028,6407,1,Expanded_Known_Family,Expanded_Known_Family
1506,6002,1,Expanded_Known_Family,Expanded_Known_Family
5342,9332,5,Expanded_Known_Family,Potential_Novel_Family
5342,7822,2,Expanded_Known_Family,Potential_Novel_Family
5342,8557,5,Expanded_Known_Family,Expanded_Known_Family
5342,9584,1,Expanded_Known_Family,Expanded_Known_Family
5342,12199,1,Expanded_Known_Family,Potential_Novel_Family
5342,3882,2,Expanded_Known_Family,Potential_Novel_Family
5342,2451,2,Expanded_Known_Family,Expanded_Known_Family
5342,289,1,Expanded_Known_Family,Known_Family_Only
5342,2118,1,Expanded_Known_Family,Expanded_Known_Family
5342,4534,1,Expanded_Known_Family,Known_Family_Only
5342,5386,1,Expanded_Known_Family,Known_Family_Only
5342,10218,1,Expanded_Known_Family,Known_Family_Only
5342,507,1,Expanded_Known_Family,Known_Family_Only
5342,777,1,Expanded_Known_Family,Known_Family_Only
5342,2883,1,Expanded_Known_Family,Known_Family_Only
5342,4244,1,Expanded_Known_Family,Known_Family_Only
8852,13740,3,Expanded_Known_Family,Expanded_Known_Family
8852,11283,1,Expanded_Known_Family,Known_Family_Only
8852,5016,3,Expanded_Known_Family,Potential_Novel_Family
8852,6743,1,Expanded_Known_Family,Expanded_Known_Family
8852,9700,2,Expanded_Known_Family,Potential_Novel_Family
8852,1333,1,Expanded_Known_Family,Potential_Novel_Family
8852,774,1,Expanded_Known_Family,Potential_Novel_Family
8852,6225,1,Expanded_Known_Family,Potential_Novel_Family
8852,13597,1,Expanded_Known_Family,Potential_Novel_Family
8852,13911,8,Expanded_Known_Family,Potential_Novel_Family
8852,12721,1,Expanded_Known_Family,Potential_Novel_Family
8852,6542,1,Expanded_Known_Family,Expanded_Known_Family
13740,5050,1,Expanded_Known_Family,Expanded_Known_Family
3297,9445,1,Potential_Novel_Family,Known_Family_Only
11877,13990,1,Potential_Novel_Family,Expanded_Known_Family
13990,12170,2,Expanded_Known_Family,Expanded_Known_Family
13990,12410,1,Expanded_Known_Family,Known_Family_Only
13990,13149,1,Expanded_Known_Family,Known_Family_Only
6925,8587,1,Potential_Novel_Family,Potential_Novel_Family
13034,1953,2,Expanded_Known_Family,Expanded_Known_Family
13034,12645,1,Expanded_Known_Family,Expanded_Known_Family
13034,13158,1,Expanded_Known_Family,Expanded_Known_Family
12350,12966,2,Potential_Novel_Family,Potential_Novel_Family
7050,12003,1,Expanded_Known_Family,Potential_Novel_Family
7050,11308,1,Expanded_Known_Family,Potential_Novel_Family
7050,5299,1,Expanded_Known_Family,Expanded_Known_Family
12846,13722,22,Expanded_Known_Family,Expanded_Known_Family
12846,13666,2,Expanded_Known_Family,Expanded_Known_Family
12611,13789,21,Expanded_Known_Family,Expanded_Known_Family
13789,5986,4,Expanded_Known_Family,Expanded_Known_Family
13789,13070,3,Expanded_Known_Family,Known_Family_Only
1364,2402,2,Known_Family_Only,Expanded_Known_Family
1364,3948,2,Known_Family_Only,Expanded_Known_Family
1364,1883,1,Known_Family_Only,Expanded_Known_Family
1364,1045,1,Known_Family_Only,Potential_Novel_Family
1364,3977,1,Known_Family_Only,Expanded_Known_Family
1364,4583,1,Known_Family_Only,Expanded_Known_Family
12815,14068,4,Expanded_Known_Family,Potential_Novel_Family
3396,4300,2,Expanded_Known_Family,Expanded_Known_Family
3396,245,1,Expanded_Known_Family,Known_Family_Only
3396,375,1,Expanded_Known_Family,Known_Family_Only
3396,822,1,Expanded_Known_Family,Known_Family_Only
3396,4939,1,Expanded_Known_Family,Known_Family_Only
3396,6472,1,Expanded_Known_Family,Potential_Novel_Family
3396,6781,1,Expanded_Known_Family,Known_Family_Only
3396,7600,1,Expanded_Known_Family,Expanded_Known_Family
4300,6111,3,Expanded_Known_Family,Expanded_Known_Family
4300,245,1,Expanded_Known_Family,Known_Family_Only
4300,375,1,Expanded_Known_Family,Known_Family_Only
4300,822,1,Expanded_Known_Family,Known_Family_Only
4300,4939,1,Expanded_Known_Family,Known_Family_Only
4300,6472,1,Expanded_Known_Family,Potential_Novel_Family
4300,6781,1,Expanded_Known_Family,Known_Family_Only
4300,7600,1,Expanded_Known_Family,Expanded_Known_Family
154,5474,1,Known_Family_Only,Potential_Novel_Family
154,158,1,Known_Family_Only,Known_Family_Only
154,563,1,Known_Family_Only,Known_Family_Only
154,1173,1,Known_Family_Only,Expanded_Known_Family
154,3083,1,Known_Family_Only,Expanded_Known_Family
154,3282,1,Known_Family_Only,Potential_Novel_Family
154,5620,1,Known_Family_Only,Potential_Novel_Family
3794,12804,2,Potential_Novel_Family,Expanded_Known_Family
3794,13229,1,Potential_Novel_Family,Potential_Novel_Family
3794,1787,1,Potential_Novel_Family,Potential_Novel_Family
342,462,3,Expanded_Known_Family,Potential_Novel_Family
303,5314,1,Expanded_Known_Family,Potential_Novel_Family
303,3136,1,Expanded_Known_Family,Potential_Novel_Family
303,11203,1,Expanded_Known_Family,Expanded_Known_Family
303,2287,1,Expanded_Known_Family,Expanded_Known_Family
303,13321,1,Expanded_Known_Family,Potential_Novel_Family
2635,13822,6,Expanded_Known_Family,Expanded_Known_Family
2635,13700,1,Expanded_Known_Family,Potential_Novel_Family
2635,7116,1,Expanded_Known_Family,Potential_Novel_Family
11414,13162,1,Expanded_Known_Family,Potential_Novel_Family
11414,12739,4,Expanded_Known_Family,Potential_Novel_Family
11414,13557,3,Expanded_Known_Family,Expanded_Known_Family
1115,4985,1,Expanded_Known_Family,Known_Family_Only
1115,12107,4,Expanded_Known_Family,Expanded_Known_Family
1115,12988,1,Expanded_Known_Family,Potential_Novel_Family
1115,10541,2,Expanded_Known_Family,Potential_Novel_Family
2806,12583,7,Potential_Novel_Family,Expanded_Known_Family
1809,13821,1,Potential_Novel_Family,Known_Family_Only
1809,7699,1,Potential_Novel_Family,Known_Family_Only
1809,2419,1,Potential_Novel_Family,Expanded_Known_Family
1809,11321,2,Potential_Novel_Family,Known_Family_Only
1809,3057,1,Potential_Novel_Family,Known_Family_Only
1809,664,1,Potential_Novel_Family,Potential_Novel_Family
6822,12612,1,Known_Family_Only,Potential_Novel_Family
4870,6245,3,Expanded_Known_Family,Potential_Novel_Family
891,13005,1,Expanded_Known_Family,Known_Family_Only
1730,4573,1,Potential_Novel_Family,Potential_Novel_Family
59,9797,2,Expanded_Known_Family,Known_Family_Only
59,3793,1,Expanded_Known_Family,Potential_Novel_Family
8528,14282,1,Expanded_Known_Family,Potential_Novel_Family
8528,241,1,Expanded_Known_Family,Potential_Novel_Family
8528,11805,5,Expanded_Known_Family,Potential_Novel_Family
8528,11970,1,Expanded_Known_Family,Known_Family_Only
8528,9100,1,Expanded_Known_Family,Potential_Novel_Family
569,2946,2,Potential_Novel_Family,Known_Family_Only
2946,676,1,Known_Family_Only,Potential_Novel_Family
12231,13203,3,Expanded_Known_Family,Expanded_Known_Family
9682,2698,4,Expanded_Known_Family,Expanded_Known_Family
9682,6134,1,Expanded_Known_Family,Expanded_Known_Family
9682,11251,2,Expanded_Known_Family,Expanded_Known_Family
9682,12254,1,Expanded_Known_Family,Potential_Novel_Family
5973,8062,1,Expanded_Known_Family,Potential_Novel_Family
5973,7988,2,Expanded_Known_Family,Potential_Novel_Family
11511,12314,1,Known_Family_Only,Potential_Novel_Family
2823,9409,1,Potential_Novel_Family,Known_Family_Only
8196,9507,2,Expanded_Known_Family,Potential_Novel_Family
9507,7774,2,Potential_Novel_Family,Known_Family_Only
10551,10663,2,Potential_Novel_Family,Known_Family_Only
8545,9889,3,Potential_Novel_Family,Expanded_Known_Family
9889,8364,1,Expanded_Known_Family,Potential_Novel_Family
6514,7396,3,Potential_Novel_Family,Expanded_Known_Family
6514,10592,1,Potential_Novel_Family,Known_Family_Only
6514,9359,1,Potential_Novel_Family,Potential_Novel_Family
7396,10592,1,Expanded_Known_Family,Known_Family_Only
7396,13197,1,Expanded_Known_Family,Potential_Novel_Family
6597,9723,1,Expanded_Known_Family,Potential_Novel_Family
6597,6823,1,Expanded_Known_Family,Known_Family_Only
6597,6676,1,Expanded_Known_Family,Known_Family_Only
8763,12937,1,Potential_Novel_Family,Potential_Novel_Family
9983,13780,5,Expanded_Known_Family,Expanded_Known_Family
9983,6687,1,Expanded_Known_Family,Known_Family_Only
9983,13431,1,Expanded_Known_Family,Known_Family_Only
9983,425,1,Expanded_Known_Family,Potential_Novel_Family
9983,6078,1,Expanded_Known_Family,Known_Family_Only
9983,8396,1,Expanded_Known_Family,Expanded_Known_Family
13780,8992,2,Expanded_Known_Family,Expanded_Known_Family
13780,13040,1,Expanded_Known_Family,Known_Family_Only
13780,12249,1,Expanded_Known_Family,Potential_Novel_Family
26,10333,1,Expanded_Known_Family,Potential_Novel_Family
26,56,1,Expanded_Known_Family,Expanded_Known_Family
26,8758,1,Expanded_Known_Family,Known_Family_Only
6271,9902,1,Potential_Novel_Family,Known_Family_Only
425,13692,1,Potential_Novel_Family,Expanded_Known_Family
425,2728,2,Potential_Novel_Family,Expanded_Known_Family
425,6177,1,Potential_Novel_Family,Expanded_Known_Family
13692,11771,1,Expanded_Known_Family,Potential_Novel_Family
13692,3567,1,Expanded_Known_Family,Potential_Novel_Family
1489,13081,2,Expanded_Known_Family,Expanded_Known_Family
1489,13218,1,Expanded_Known_Family,Expanded_Known_Family
13081,2001,1,Expanded_Known_Family,Potential_Novel_Family
13081,1647,1,Expanded_Known_Family,Known_Family_Only
13081,104,1,Expanded_Known_Family,Potential_Novel_Family
13081,1136,1,Expanded_Known_Family,Expanded_Known_Family
5010,12466,1,Expanded_Known_Family,Potential_Novel_Family
5010,2729,1,Expanded_Known_Family,Potential_Novel_Family
5010,10506,3,Expanded_Known_Family,Expanded_Known_Family
5010,13669,4,Expanded_Known_Family,Expanded_Known_Family
5010,13712,1,Expanded_Known_Family,Known_Family_Only
5010,13485,4,Expanded_Known_Family,Expanded_Known_Family
5010,789,1,Expanded_Known_Family,Known_Family_Only
5010,11018,1,Expanded_Known_Family,Known_Family_Only
5010,10887,1,Expanded_Known_Family,Potential_Novel_Family
7051,8343,1,Potential_Novel_Family,Known_Family_Only
639,11905,2,Potential_Novel_Family,Expanded_Known_Family
11905,12829,1,Expanded_Known_Family,Known_Family_Only
8986,13876,10,Potential_Novel_Family,Expanded_Known_Family
8986,10610,1,Potential_Novel_Family,Known_Family_Only
13876,10610,1,Expanded_Known_Family,Known_Family_Only
6702,11577,1,Potential_Novel_Family,Potential_Novel_Family
4647,10552,1,Known_Family_Only,Potential_Novel_Family
3023,8709,20,Potential_Novel_Family,Expanded_Known_Family
8709,4648,2,Expanded_Known_Family,Expanded_Known_Family
8709,2407,4,Expanded_Known_Family,Expanded_Known_Family
8709,1838,1,Expanded_Known_Family,Expanded_Known_Family
8709,3405,2,Expanded_Known_Family,Expanded_Known_Family
8709,7451,1,Expanded_Known_Family,Expanded_Known_Family
8709,11366,1,Expanded_Known_Family,Known_Family_Only
8709,12902,1,Expanded_Known_Family,Known_Family_Only
8709,252,1,Expanded_Known_Family,Expanded_Known_Family
8709,4295,1,Expanded_Known_Family,Potential_Novel_Family
8709,7557,1,Expanded_Known_Family,Potential_Novel_Family
471,877,2,Known_Family_Only,Expanded_Known_Family
877,12656,1,Expanded_Known_Family,Potential_Novel_Family
877,12301,1,Expanded_Known_Family,Potential_Novel_Family
9487,12130,1,Expanded_Known_Family,Potential_Novel_Family
9487,432,4,Expanded_Known_Family,Expanded_Known_Family
9487,12031,1,Expanded_Known_Family,Potential_Novel_Family
3063,12380,7,Expanded_Known_Family,Expanded_Known_Family
12380,749,1,Expanded_Known_Family,Expanded_Known_Family
1421,112,1,Known_Family_Only,Potential_Novel_Family
2062,5309,2,Potential_Novel_Family,Expanded_Known_Family
5309,2643,1,Expanded_Known_Family,Potential_Novel_Family
5309,1119,1,Expanded_Known_Family,Expanded_Known_Family
5309,1138,1,Expanded_Known_Family,Known_Family_Only
5309,2135,2,Expanded_Known_Family,Potential_Novel_Family
5309,2234,1,Expanded_Known_Family,Expanded_Known_Family
5309,1084,2,Expanded_Known_Family,Expanded_Known_Family
5309,946,1,Expanded_Known_Family,Expanded_Known_Family
7850,9479,1,Potential_Novel_Family,Potential_Novel_Family
7850,5440,1,Potential_Novel_Family,Known_Family_Only
3499,5989,2,Expanded_Known_Family,Known_Family_Only
3499,8488,2,Expanded_Known_Family,Expanded_Known_Family
3499,7633,2,Expanded_Known_Family,Potential_Novel_Family
3499,12137,1,Expanded_Known_Family,Potential_Novel_Family
5989,8488,2,Known_Family_Only,Expanded_Known_Family
8488,11714,1,Expanded_Known_Family,Potential_Novel_Family
274,2109,4,Expanded_Known_Family,Expanded_Known_Family
274,4272,1,Expanded_Known_Family,Potential_Novel_Family
274,7926,2,Expanded_Known_Family,Potential_Novel_Family
274,4317,2,Expanded_Known_Family,Potential_Novel_Family
274,4095,1,Expanded_Known_Family,Expanded_Known_Family
274,1240,1,Expanded_Known_Family,Known_Family_Only
274,4392,1,Expanded_Known_Family,Known_Family_Only
274,4151,2,Expanded_Known_Family,Known_Family_Only
274,6560,2,Expanded_Known_Family,Potential_Novel_Family
2109,261,7,Expanded_Known_Family,Expanded_Known_Family
2109,4250,1,Expanded_Known_Family,Potential_Novel_Family
2109,5827,1,Expanded_Known_Family,Potential_Novel_Family
2109,4335,1,Expanded_Known_Family,Potential_Novel_Family
2109,4293,3,Expanded_Known_Family,Expanded_Known_Family
2109,4207,2,Expanded_Known_Family,Potential_Novel_Family
2109,4400,6,Expanded_Known_Family,Expanded_Known_Family
2109,7980,1,Expanded_Known_Family,Expanded_Known_Family
2109,3588,4,Expanded_Known_Family,Expanded_Known_Family
2109,5043,1,Expanded_Known_Family,Potential_Novel_Family
2109,4282,1,Expanded_Known_Family,Potential_Novel_Family
2109,4689,1,Expanded_Known_Family,Expanded_Known_Family
2109,5318,1,Expanded_Known_Family,Expanded_Known_Family
2109,9411,1,Expanded_Known_Family,Expanded_Known_Family
2109,4542,1,Expanded_Known_Family,Expanded_Known_Family
2109,5492,2,Expanded_Known_Family,Expanded_Known_Family
2109,8557,4,Expanded_Known_Family,Expanded_Known_Family
2109,4534,1,Expanded_Known_Family,Known_Family_Only
2109,13280,1,Expanded_Known_Family,Known_Family_Only
2109,9103,1,Expanded_Known_Family,Potential_Novel_Family
2109,4070,2,Expanded_Known_Family,Expanded_Known_Family
2109,4467,1,Expanded_Known_Family,Expanded_Known_Family
2109,5637,1,Expanded_Known_Family,Potential_Novel_Family
2109,866,1,Expanded_Known_Family,Expanded_Known_Family
2109,3873,1,Expanded_Known_Family,Expanded_Known_Family
2109,4392,1,Expanded_Known_Family,Known_Family_Only
2109,4150,1,Expanded_Known_Family,Known_Family_Only
2109,9787,1,Expanded_Known_Family,Potential_Novel_Family
2109,4151,2,Expanded_Known_Family,Known_Family_Only
2109,6560,2,Expanded_Known_Family,Potential_Novel_Family
2109,5598,2,Expanded_Known_Family,Known_Family_Only
2109,3983,1,Expanded_Known_Family,Known_Family_Only
2109,4330,1,Expanded_Known_Family,Known_Family_Only
2109,4095,1,Expanded_Known_Family,Expanded_Known_Family
2109,4370,1,Expanded_Known_Family,Potential_Novel_Family
2607,6869,1,Potential_Novel_Family,Known_Family_Only
2607,8680,1,Potential_Novel_Family,Expanded_Known_Family
2724,5358,18,Expanded_Known_Family,Expanded_Known_Family
2724,5597,1,Expanded_Known_Family,Potential_Novel_Family
11793,11822,1,Potential_Novel_Family,Known_Family_Only
9758,13654,1,Known_Family_Only,Potential_Novel_Family
2570,8618,2,Expanded_Known_Family,Expanded_Known_Family
2570,7958,9,Expanded_Known_Family,Potential_Novel_Family
8618,10977,1,Expanded_Known_Family,Potential_Novel_Family
10100,11134,1,Potential_Novel_Family,Potential_Novel_Family
530,8764,1,Potential_Novel_Family,Known_Family_Only
24,12282,1,Expanded_Known_Family,Potential_Novel_Family
24,8396,1,Expanded_Known_Family,Expanded_Known_Family
24,10078,1,Expanded_Known_Family,Potential_Novel_Family
24,354,1,Expanded_Known_Family,Potential_Novel_Family
24,13679,1,Expanded_Known_Family,Potential_Novel_Family
7066,11344,7,Expanded_Known_Family,Expanded_Known_Family
7066,105,4,Expanded_Known_Family,Expanded_Known_Family
7066,201,4,Expanded_Known_Family,Known_Family_Only
7066,557,4,Expanded_Known_Family,Expanded_Known_Family
7066,674,4,Expanded_Known_Family,Known_Family_Only
7066,1173,4,Expanded_Known_Family,Expanded_Known_Family
7066,1194,4,Expanded_Known_Family,Known_Family_Only
7066,2668,4,Expanded_Known_Family,Known_Family_Only
7066,3083,4,Expanded_Known_Family,Expanded_Known_Family
7066,10520,4,Expanded_Known_Family,Potential_Novel_Family
7066,4436,1,Expanded_Known_Family,Expanded_Known_Family
7066,7036,1,Expanded_Known_Family,Known_Family_Only
7066,2849,1,Expanded_Known_Family,Potential_Novel_Family
252,10408,5,Expanded_Known_Family,Expanded_Known_Family
252,2767,1,Expanded_Known_Family,Potential_Novel_Family
252,12770,1,Expanded_Known_Family,Known_Family_Only
252,286,3,Expanded_Known_Family,Expanded_Known_Family
252,4829,1,Expanded_Known_Family,Known_Family_Only
252,5307,1,Expanded_Known_Family,Potential_Novel_Family
10408,2767,1,Expanded_Known_Family,Potential_Novel_Family
10408,286,1,Expanded_Known_Family,Expanded_Known_Family
10408,4829,1,Expanded_Known_Family,Known_Family_Only
10408,6375,2,Expanded_Known_Family,Potential_Novel_Family
2274,8801,2,Expanded_Known_Family,Potential_Novel_Family
2274,9476,8,Expanded_Known_Family,Expanded_Known_Family
2274,334,1,Expanded_Known_Family,Expanded_Known_Family
2274,10294,2,Expanded_Known_Family,Potential_Novel_Family
2274,4934,2,Expanded_Known_Family,Potential_Novel_Family
2274,4008,1,Expanded_Known_Family,Expanded_Known_Family
510,570,1,Expanded_Known_Family,Expanded_Known_Family
510,5180,3,Expanded_Known_Family,Expanded_Known_Family
510,7955,1,Expanded_Known_Family,Potential_Novel_Family
510,4626,1,Expanded_Known_Family,Expanded_Known_Family
570,5180,1,Expanded_Known_Family,Expanded_Known_Family
570,2728,1,Expanded_Known_Family,Expanded_Known_Family
570,3942,1,Expanded_Known_Family,Known_Family_Only
570,715,1,Expanded_Known_Family,Potential_Novel_Family
570,5257,1,Expanded_Known_Family,Known_Family_Only
570,8448,1,Expanded_Known_Family,Known_Family_Only
570,196,1,Expanded_Known_Family,Potential_Novel_Family
570,11745,2,Expanded_Known_Family,Expanded_Known_Family
570,4929,1,Expanded_Known_Family,Known_Family_Only
570,7397,1,Expanded_Known_Family,Known_Family_Only
570,7945,1,Expanded_Known_Family,Known_Family_Only
570,9467,1,Expanded_Known_Family,Potential_Novel_Family
570,13813,1,Expanded_Known_Family,Known_Family_Only
570,578,2,Expanded_Known_Family,Expanded_Known_Family
8802,8803,2,Expanded_Known_Family,Expanded_Known_Family
8802,9656,2,Expanded_Known_Family,Potential_Novel_Family
8802,14184,1,Expanded_Known_Family,Known_Family_Only
11056,13693,2,Expanded_Known_Family,Potential_Novel_Family
12529,13626,4,Expanded_Known_Family,Potential_Novel_Family
12529,12844,5,Expanded_Known_Family,Expanded_Known_Family
12529,13336,5,Expanded_Known_Family,Expanded_Known_Family
12529,13741,1,Expanded_Known_Family,Expanded_Known_Family
12529,13385,5,Expanded_Known_Family,Potential_Novel_Family
12529,11999,1,Expanded_Known_Family,Expanded_Known_Family
2593,8238,1,Expanded_Known_Family,Potential_Novel_Family
2593,8163,1,Expanded_Known_Family,Known_Family_Only
2593,10169,1,Expanded_Known_Family,Potential_Novel_Family
3256,7263,1,Potential_Novel_Family,Known_Family_Only
4088,9446,1,Expanded_Known_Family,Known_Family_Only
4088,423,1,Expanded_Known_Family,Potential_Novel_Family
4088,2719,4,Expanded_Known_Family,Expanded_Known_Family
6193,9173,12,Potential_Novel_Family,Expanded_Known_Family
6193,10832,2,Potential_Novel_Family,Known_Family_Only
6193,9979,10,Potential_Novel_Family,Expanded_Known_Family
6193,10321,1,Potential_Novel_Family,Potential_Novel_Family
2576,6675,1,Expanded_Known_Family,Known_Family_Only
2576,5941,1,Expanded_Known_Family,Potential_Novel_Family
2576,2178,1,Expanded_Known_Family,Known_Family_Only
2576,7881,2,Expanded_Known_Family,Expanded_Known_Family
2576,12989,1,Expanded_Known_Family,Potential_Novel_Family
2576,12236,1,Expanded_Known_Family,Potential_Novel_Family
1560,2743,1,Potential_Novel_Family,Expanded_Known_Family
2743,5907,1,Expanded_Known_Family,Potential_Novel_Family
2743,1203,1,Expanded_Known_Family,Known_Family_Only
2743,7861,1,Expanded_Known_Family,Expanded_Known_Family
2743,6983,1,Expanded_Known_Family,Potential_Novel_Family
2754,9149,1,Expanded_Known_Family,Known_Family_Only
2754,49,1,Expanded_Known_Family,Known_Family_Only
2754,368,1,Expanded_Known_Family,Potential_Novel_Family
2754,3271,1,Expanded_Known_Family,Known_Family_Only
4931,7475,13,Expanded_Known_Family,Expanded_Known_Family
4931,8242,1,Expanded_Known_Family,Potential_Novel_Family
4931,4038,1,Expanded_Known_Family,Expanded_Known_Family
4931,5763,1,Expanded_Known_Family,Potential_Novel_Family
4931,7553,1,Expanded_Known_Family,Potential_Novel_Family
7475,5763,1,Expanded_Known_Family,Potential_Novel_Family
9798,12096,1,Expanded_Known_Family,Potential_Novel_Family
1299,11214,1,Expanded_Known_Family,Potential_Novel_Family
1299,5654,1,Expanded_Known_Family,Potential_Novel_Family
1299,1005,4,Expanded_Known_Family,Potential_Novel_Family
1299,1001,1,Expanded_Known_Family,Potential_Novel_Family
1299,1570,3,Expanded_Known_Family,Expanded_Known_Family
1299,999,4,Expanded_Known_Family,Expanded_Known_Family
1299,3444,1,Expanded_Known_Family,Known_Family_Only
1299,4878,1,Expanded_Known_Family,Potential_Novel_Family
1299,2859,1,Expanded_Known_Family,Known_Family_Only
1299,11268,2,Expanded_Known_Family,Expanded_Known_Family
7633,6661,1,Potential_Novel_Family,Known_Family_Only
199,7561,8,Expanded_Known_Family,Expanded_Known_Family
199,4697,1,Expanded_Known_Family,Known_Family_Only
199,8081,2,Expanded_Known_Family,Potential_Novel_Family
199,105,1,Expanded_Known_Family,Expanded_Known_Family
199,1312,2,Expanded_Known_Family,Known_Family_Only
79,6013,3,Expanded_Known_Family,Expanded_Known_Family
9306,10514,1,Potential_Novel_Family,Potential_Novel_Family
1922,2550,3,Expanded_Known_Family,Expanded_Known_Family
1922,2604,5,Expanded_Known_Family,Expanded_Known_Family
1922,9724,3,Expanded_Known_Family,Potential_Novel_Family
1922,3465,1,Expanded_Known_Family,Known_Family_Only
1922,13586,1,Expanded_Known_Family,Potential_Novel_Family
1922,11766,2,Expanded_Known_Family,Expanded_Known_Family
1922,3792,1,Expanded_Known_Family,Potential_Novel_Family
1922,2075,1,Expanded_Known_Family,Expanded_Known_Family
1922,3367,1,Expanded_Known_Family,Potential_Novel_Family
1922,3469,1,Expanded_Known_Family,Known_Family_Only
1922,11936,1,Expanded_Known_Family,Expanded_Known_Family
1922,7971,1,Expanded_Known_Family,Expanded_Known_Family
1922,2299,1,Expanded_Known_Family,Expanded_Known_Family
1922,6396,2,Expanded_Known_Family,Known_Family_Only
1922,167,1,Expanded_Known_Family,Expanded_Known_Family
1922,3035,2,Expanded_Known_Family,Potential_Novel_Family
1922,1163,1,Expanded_Known_Family,Potential_Novel_Family
1922,3643,2,Expanded_Known_Family,Expanded_Known_Family
1922,13813,1,Expanded_Known_Family,Known_Family_Only
1922,2315,1,Expanded_Known_Family,Expanded_Known_Family
1922,8057,1,Expanded_Known_Family,Potential_Novel_Family
1922,7298,1,Expanded_Known_Family,Potential_Novel_Family
2550,627,1,Expanded_Known_Family,Potential_Novel_Family
2550,4672,1,Expanded_Known_Family,Potential_Novel_Family
2550,2315,4,Expanded_Known_Family,Expanded_Known_Family
2550,12702,1,Expanded_Known_Family,Potential_Novel_Family
2550,6690,1,Expanded_Known_Family,Known_Family_Only
2550,7986,1,Expanded_Known_Family,Potential_Novel_Family
2550,6060,1,Expanded_Known_Family,Potential_Novel_Family
9411,9480,1,Expanded_Known_Family,Known_Family_Only
9411,5318,7,Expanded_Known_Family,Expanded_Known_Family
9411,261,1,Expanded_Known_Family,Expanded_Known_Family
9411,1341,1,Expanded_Known_Family,Potential_Novel_Family
6703,8987,1,Potential_Novel_Family,Known_Family_Only
8836,12495,1,Potential_Novel_Family,Known_Family_Only
2863,309,1,Potential_Novel_Family,Expanded_Known_Family
2863,432,3,Potential_Novel_Family,Expanded_Known_Family
2703,2766,1,Known_Family_Only,Known_Family_Only
2703,6063,1,Known_Family_Only,Potential_Novel_Family
2766,6063,1,Known_Family_Only,Potential_Novel_Family
8653,9222,1,Potential_Novel_Family,Expanded_Known_Family
9222,2408,1,Expanded_Known_Family,Expanded_Known_Family
10,13800,1,Expanded_Known_Family,Expanded_Known_Family
10,10409,1,Expanded_Known_Family,Potential_Novel_Family
10,2761,1,Expanded_Known_Family,Expanded_Known_Family
10,11494,1,Expanded_Known_Family,Expanded_Known_Family
10,11222,1,Expanded_Known_Family,Potential_Novel_Family
10,6325,1,Expanded_Known_Family,Potential_Novel_Family
13800,12776,1,Expanded_Known_Family,Potential_Novel_Family
13800,12744,2,Expanded_Known_Family,Potential_Novel_Family
6194,12694,1,Potential_Novel_Family,Potential_Novel_Family
12967,12968,3,Expanded_Known_Family,Expanded_Known_Family
1832,13253,1,Known_Family_Only,Potential_Novel_Family
2449,2803,4,Expanded_Known_Family,Expanded_Known_Family
2449,2510,1,Expanded_Known_Family,Potential_Novel_Family
2449,858,3,Expanded_Known_Family,Potential_Novel_Family
2449,4286,1,Expanded_Known_Family,Expanded_Known_Family
2449,3993,2,Expanded_Known_Family,Potential_Novel_Family
2449,627,1,Expanded_Known_Family,Potential_Novel_Family
2449,3734,1,Expanded_Known_Family,Expanded_Known_Family
2803,5392,2,Expanded_Known_Family,Potential_Novel_Family
2803,8107,1,Expanded_Known_Family,Expanded_Known_Family
2803,7971,1,Expanded_Known_Family,Expanded_Known_Family
6195,13101,1,Expanded_Known_Family,Expanded_Known_Family
2522,3243,1,Potential_Novel_Family,Potential_Novel_Family
3243,2567,1,Potential_Novel_Family,Potential_Novel_Family
4179,6704,1,Expanded_Known_Family,Known_Family_Only
4179,10257,1,Expanded_Known_Family,Potential_Novel_Family
4179,10664,2,Expanded_Known_Family,Known_Family_Only
4179,5476,1,Expanded_Known_Family,Known_Family_Only
4179,5935,1,Expanded_Known_Family,Known_Family_Only
4179,10594,1,Expanded_Known_Family,Known_Family_Only
4179,11337,1,Expanded_Known_Family,Potential_Novel_Family
6704,10257,1,Known_Family_Only,Potential_Novel_Family
6704,10664,1,Known_Family_Only,Known_Family_Only
10257,10664,1,Potential_Novel_Family,Known_Family_Only
10664,5476,1,Known_Family_Only,Known_Family_Only
10664,5935,1,Known_Family_Only,Known_Family_Only
10664,10594,1,Known_Family_Only,Known_Family_Only
10664,11337,1,Known_Family_Only,Potential_Novel_Family
12938,14148,1,Expanded_Known_Family,Potential_Novel_Family
11878,12192,1,Potential_Novel_Family,Potential_Novel_Family
11878,14020,1,Potential_Novel_Family,Potential_Novel_Family
4228,9521,2,Potential_Novel_Family,Expanded_Known_Family
9521,7638,1,Expanded_Known_Family,Potential_Novel_Family
4249,4398,4,Potential_Novel_Family,Expanded_Known_Family
101,113,1,Known_Family_Only,Known_Family_Only
101,941,1,Known_Family_Only,Known_Family_Only
101,1372,1,Known_Family_Only,Known_Family_Only
101,4474,1,Known_Family_Only,Potential_Novel_Family
101,4786,1,Known_Family_Only,Known_Family_Only
101,6166,1,Known_Family_Only,Known_Family_Only
113,941,1,Known_Family_Only,Known_Family_Only
113,1372,1,Known_Family_Only,Known_Family_Only
113,4474,1,Known_Family_Only,Potential_Novel_Family
113,4786,1,Known_Family_Only,Known_Family_Only
113,6166,1,Known_Family_Only,Known_Family_Only
941,1372,1,Known_Family_Only,Known_Family_Only
941,4474,1,Known_Family_Only,Potential_Novel_Family
941,4786,1,Known_Family_Only,Known_Family_Only
941,6166,1,Known_Family_Only,Known_Family_Only
1372,4474,1,Known_Family_Only,Potential_Novel_Family
1372,4786,1,Known_Family_Only,Known_Family_Only
1372,6166,1,Known_Family_Only,Known_Family_Only
4474,4786,1,Potential_Novel_Family,Known_Family_Only
4474,6166,1,Potential_Novel_Family,Known_Family_Only
4786,6166,1,Known_Family_Only,Known_Family_Only
164,3356,4,Expanded_Known_Family,Expanded_Known_Family
164,3501,1,Expanded_Known_Family,Expanded_Known_Family
164,7303,2,Expanded_Known_Family,Potential_Novel_Family
164,7746,1,Expanded_Known_Family,Potential_Novel_Family
164,4353,1,Expanded_Known_Family,Expanded_Known_Family
164,3644,1,Expanded_Known_Family,Potential_Novel_Family
3356,732,1,Expanded_Known_Family,Expanded_Known_Family
2552,8597,5,Potential_Novel_Family,Known_Family_Only
2552,8921,1,Potential_Novel_Family,Potential_Novel_Family
2139,8197,1,Expanded_Known_Family,Known_Family_Only
2139,2715,1,Expanded_Known_Family,Potential_Novel_Family
4649,9396,1,Potential_Novel_Family,Expanded_Known_Family
1328,12073,2,Expanded_Known_Family,Known_Family_Only
1328,8647,1,Expanded_Known_Family,Expanded_Known_Family
8413,8588,1,Potential_Novel_Family,Potential_Novel_Family
8413,11046,1,Potential_Novel_Family,Potential_Novel_Family
6336,10655,20,Expanded_Known_Family,Expanded_Known_Family
6336,10738,1,Expanded_Known_Family,Expanded_Known_Family
6336,10605,2,Expanded_Known_Family,Expanded_Known_Family
6992,8726,1,Expanded_Known_Family,Known_Family_Only
6992,5491,1,Expanded_Known_Family,Expanded_Known_Family
6992,9971,1,Expanded_Known_Family,Expanded_Known_Family
6992,8998,1,Expanded_Known_Family,Potential_Novel_Family
6992,4732,1,Expanded_Known_Family,Expanded_Known_Family
6992,11798,1,Expanded_Known_Family,Known_Family_Only
4920,12695,1,Potential_Novel_Family,Potential_Novel_Family
259,2140,1,Expanded_Known_Family,Potential_Novel_Family
259,10077,5,Expanded_Known_Family,Expanded_Known_Family
259,12717,1,Expanded_Known_Family,Expanded_Known_Family
2524,9528,1,Expanded_Known_Family,Expanded_Known_Family
2524,11386,1,Expanded_Known_Family,Potential_Novel_Family
2524,10742,1,Expanded_Known_Family,Expanded_Known_Family
2524,11052,1,Expanded_Known_Family,Potential_Novel_Family
8001,9150,1,Potential_Novel_Family,Known_Family_Only
1990,4358,1,Expanded_Known_Family,Known_Family_Only
1990,4762,1,Expanded_Known_Family,Potential_Novel_Family
1990,4112,1,Expanded_Known_Family,Known_Family_Only
1990,4467,1,Expanded_Known_Family,Expanded_Known_Family
1990,4340,1,Expanded_Known_Family,Known_Family_Only
1990,4542,3,Expanded_Known_Family,Expanded_Known_Family
1990,3588,2,Expanded_Known_Family,Expanded_Known_Family
1990,2688,1,Expanded_Known_Family,Expanded_Known_Family
1990,3977,1,Expanded_Known_Family,Expanded_Known_Family
1990,7881,1,Expanded_Known_Family,Expanded_Known_Family
5393,12244,19,Expanded_Known_Family,Expanded_Known_Family
5393,12806,8,Expanded_Known_Family,Expanded_Known_Family
5393,11857,1,Expanded_Known_Family,Potential_Novel_Family
5393,12857,2,Expanded_Known_Family,Expanded_Known_Family
5393,12894,1,Expanded_Known_Family,Expanded_Known_Family
12244,5977,2,Expanded_Known_Family,Potential_Novel_Family
12244,12894,1,Expanded_Known_Family,Expanded_Known_Family
12244,6066,1,Expanded_Known_Family,Expanded_Known_Family
12244,6085,3,Expanded_Known_Family,Expanded_Known_Family
12244,6500,1,Expanded_Known_Family,Expanded_Known_Family
585,2558,18,Known_Family_Only,Potential_Novel_Family
585,3491,17,Known_Family_Only,Expanded_Known_Family
2558,3491,17,Potential_Novel_Family,Expanded_Known_Family
3491,880,3,Expanded_Known_Family,Expanded_Known_Family
3491,1104,3,Expanded_Known_Family,Potential_Novel_Family
3491,394,1,Expanded_Known_Family,Known_Family_Only
3491,2422,1,Expanded_Known_Family,Potential_Novel_Family
3491,7878,1,Expanded_Known_Family,Known_Family_Only
2967,4066,1,Known_Family_Only,Potential_Novel_Family
4066,8499,1,Potential_Novel_Family,Potential_Novel_Family
887,8171,1,Potential_Novel_Family,Known_Family_Only
889,5875,1,Expanded_Known_Family,Expanded_Known_Family
889,1898,1,Expanded_Known_Family,Potential_Novel_Family
5875,5612,1,Expanded_Known_Family,Potential_Novel_Family
5875,9915,1,Expanded_Known_Family,Known_Family_Only
5875,10585,1,Expanded_Known_Family,Potential_Novel_Family
3024,8064,2,Expanded_Known_Family,Potential_Novel_Family
3024,4350,1,Expanded_Known_Family,Potential_Novel_Family
379,8111,1,Known_Family_Only,Expanded_Known_Family
379,9151,1,Known_Family_Only,Known_Family_Only
379,6497,1,Known_Family_Only,Potential_Novel_Family
8111,9151,2,Expanded_Known_Family,Known_Family_Only
8111,2437,2,Expanded_Known_Family,Expanded_Known_Family
962,5742,1,Expanded_Known_Family,Potential_Novel_Family
962,8417,1,Expanded_Known_Family,Potential_Novel_Family
1045,4562,1,Potential_Novel_Family,Expanded_Known_Family
1045,3977,1,Potential_Novel_Family,Expanded_Known_Family
1045,13844,1,Potential_Novel_Family,Known_Family_Only
4562,5781,1,Expanded_Known_Family,Expanded_Known_Family
4562,1631,1,Expanded_Known_Family,Expanded_Known_Family
1342,7559,1,Known_Family_Only,Known_Family_Only
1342,7634,1,Known_Family_Only,Potential_Novel_Family
7559,7634,1,Known_Family_Only,Potential_Novel_Family
615,12939,1,Known_Family_Only,Expanded_Known_Family
12939,522,1,Expanded_Known_Family,Expanded_Known_Family
5521,7450,10,Expanded_Known_Family,Expanded_Known_Family
3720,6421,2,Expanded_Known_Family,Potential_Novel_Family
3720,9270,1,Expanded_Known_Family,Expanded_Known_Family
6421,9270,1,Potential_Novel_Family,Expanded_Known_Family
9270,183,1,Expanded_Known_Family,Expanded_Known_Family
9476,11372,5,Expanded_Known_Family,Expanded_Known_Family
9476,12391,3,Expanded_Known_Family,Known_Family_Only
9476,13797,1,Expanded_Known_Family,Potential_Novel_Family
9476,13209,1,Expanded_Known_Family,Potential_Novel_Family
9476,13838,1,Expanded_Known_Family,Potential_Novel_Family
9476,7614,1,Expanded_Known_Family,Potential_Novel_Family
124,3003,1,Expanded_Known_Family,Potential_Novel_Family
124,6944,1,Expanded_Known_Family,Potential_Novel_Family
2666,10152,1,Potential_Novel_Family,Known_Family_Only
4322,4814,1,Expanded_Known_Family,Potential_Novel_Family
4322,12679,1,Expanded_Known_Family,Potential_Novel_Family
5743,12648,3,Potential_Novel_Family,Expanded_Known_Family
5743,3593,1,Potential_Novel_Family,Known_Family_Only
5743,6,1,Potential_Novel_Family,Expanded_Known_Family
12875,13329,1,Potential_Novel_Family,Potential_Novel_Family
534,12188,2,Potential_Novel_Family,Expanded_Known_Family
3362,13585,5,Potential_Novel_Family,Potential_Novel_Family
2908,5029,1,Potential_Novel_Family,Expanded_Known_Family
2908,7013,1,Potential_Novel_Family,Known_Family_Only
5029,10414,1,Expanded_Known_Family,Expanded_Known_Family
5029,4975,1,Expanded_Known_Family,Potential_Novel_Family
5029,4384,1,Expanded_Known_Family,Potential_Novel_Family
5029,3957,3,Expanded_Known_Family,Expanded_Known_Family
5029,6580,1,Expanded_Known_Family,Potential_Novel_Family
3583,6705,5,Expanded_Known_Family,Expanded_Known_Family
3583,11636,1,Expanded_Known_Family,Known_Family_Only
3583,3088,1,Expanded_Known_Family,Potential_Novel_Family
6705,1782,2,Expanded_Known_Family,Potential_Novel_Family
6059,10657,2,Expanded_Known_Family,Expanded_Known_Family
6059,12927,1,Expanded_Known_Family,Known_Family_Only
6059,3430,1,Expanded_Known_Family,Potential_Novel_Family
6059,5701,1,Expanded_Known_Family,Expanded_Known_Family
6059,6669,1,Expanded_Known_Family,Known_Family_Only
6059,2230,1,Expanded_Known_Family,Known_Family_Only
6059,12278,1,Expanded_Known_Family,Expanded_Known_Family
264,286,1,Expanded_Known_Family,Expanded_Known_Family
264,10584,1,Expanded_Known_Family,Known_Family_Only
2728,10990,1,Expanded_Known_Family,Potential_Novel_Family
2728,13945,3,Expanded_Known_Family,Expanded_Known_Family
2728,13969,1,Expanded_Known_Family,Expanded_Known_Family
2728,12169,1,Expanded_Known_Family,Known_Family_Only
2728,4259,1,Expanded_Known_Family,Potential_Novel_Family
2728,13284,1,Expanded_Known_Family,Expanded_Known_Family
2728,214,1,Expanded_Known_Family,Expanded_Known_Family
92,778,1,Potential_Novel_Family,Expanded_Known_Family
778,232,1,Expanded_Known_Family,Potential_Novel_Family
778,7426,1,Expanded_Known_Family,Expanded_Known_Family
778,12083,2,Expanded_Known_Family,Potential_Novel_Family
778,11623,1,Expanded_Known_Family,Potential_Novel_Family
778,9204,1,Expanded_Known_Family,Potential_Novel_Family
778,8443,1,Expanded_Known_Family,Known_Family_Only
778,7292,1,Expanded_Known_Family,Known_Family_Only
5744,11959,1,Potential_Novel_Family,Known_Family_Only
10792,11762,1,Potential_Novel_Family,Potential_Novel_Family
1566,4055,3,Potential_Novel_Family,Expanded_Known_Family
5313,6893,2,Expanded_Known_Family,Expanded_Known_Family
5313,8445,1,Expanded_Known_Family,Potential_Novel_Family
10630,11451,3,Known_Family_Only,Potential_Novel_Family
7700,13451,4,Expanded_Known_Family,Potential_Novel_Family
7700,3087,1,Expanded_Known_Family,Potential_Novel_Family
7700,4579,2,Expanded_Known_Family,Known_Family_Only
7700,13926,1,Expanded_Known_Family,Potential_Novel_Family
527,1634,1,Known_Family_Only,Expanded_Known_Family
527,4273,1,Known_Family_Only,Known_Family_Only
1634,4273,1,Expanded_Known_Family,Known_Family_Only
1634,3952,5,Expanded_Known_Family,Expanded_Known_Family
1634,492,3,Expanded_Known_Family,Expanded_Known_Family
1634,924,1,Expanded_Known_Family,Expanded_Known_Family
1634,3043,1,Expanded_Known_Family,Potential_Novel_Family
1634,3235,1,Expanded_Known_Family,Known_Family_Only
1634,3770,1,Expanded_Known_Family,Known_Family_Only
1634,8129,1,Expanded_Known_Family,Potential_Novel_Family
1634,3416,1,Expanded_Known_Family,Known_Family_Only
12547,13099,1,Potential_Novel_Family,Potential_Novel_Family
5910,9346,1,Potential_Novel_Family,Potential_Novel_Family
7471,9571,5,Potential_Novel_Family,Expanded_Known_Family
1736,5252,1,Potential_Novel_Family,Expanded_Known_Family
5252,4181,1,Expanded_Known_Family,Known_Family_Only
5252,1708,1,Expanded_Known_Family,Potential_Novel_Family
5252,12964,1,Expanded_Known_Family,Expanded_Known_Family
5252,9823,1,Expanded_Known_Family,Potential_Novel_Family
3002,5528,3,Potential_Novel_Family,Known_Family_Only
416,548,20,Expanded_Known_Family,Expanded_Known_Family
416,709,1,Expanded_Known_Family,Potential_Novel_Family
416,362,2,Expanded_Known_Family,Expanded_Known_Family
416,4538,1,Expanded_Known_Family,Known_Family_Only
416,5573,1,Expanded_Known_Family,Potential_Novel_Family
416,550,1,Expanded_Known_Family,Potential_Novel_Family
548,11769,4,Expanded_Known_Family,Potential_Novel_Family
548,11879,3,Expanded_Known_Family,Expanded_Known_Family
548,8521,2,Expanded_Known_Family,Known_Family_Only
548,1027,1,Expanded_Known_Family,Potential_Novel_Family
386,1118,2,Expanded_Known_Family,Known_Family_Only
386,3891,2,Expanded_Known_Family,Expanded_Known_Family
386,4682,4,Expanded_Known_Family,Known_Family_Only
386,6536,6,Expanded_Known_Family,Expanded_Known_Family
386,768,1,Expanded_Known_Family,Expanded_Known_Family
1118,3891,2,Known_Family_Only,Expanded_Known_Family
1118,4682,2,Known_Family_Only,Known_Family_Only
1118,6536,2,Known_Family_Only,Expanded_Known_Family
3891,4682,2,Expanded_Known_Family,Known_Family_Only
3891,6536,2,Expanded_Known_Family,Expanded_Known_Family
3891,1392,1,Expanded_Known_Family,Known_Family_Only
3891,1674,1,Expanded_Known_Family,Potential_Novel_Family
3891,2199,1,Expanded_Known_Family,Expanded_Known_Family
3891,4831,1,Expanded_Known_Family,Known_Family_Only
3891,12445,1,Expanded_Known_Family,Known_Family_Only
3891,12458,1,Expanded_Known_Family,Potential_Novel_Family
4682,6536,4,Known_Family_Only,Expanded_Known_Family
4682,4705,1,Known_Family_Only,Potential_Novel_Family
4682,768,1,Known_Family_Only,Expanded_Known_Family
6536,768,1,Expanded_Known_Family,Expanded_Known_Family
3081,296,1,Potential_Novel_Family,Known_Family_Only
3081,4118,1,Potential_Novel_Family,Known_Family_Only
3081,8013,1,Potential_Novel_Family,Known_Family_Only
2928,4083,3,Expanded_Known_Family,Expanded_Known_Family
2928,6067,1,Expanded_Known_Family,Potential_Novel_Family
2928,10830,1,Expanded_Known_Family,Known_Family_Only
2928,1256,1,Expanded_Known_Family,Potential_Novel_Family
2928,2626,1,Expanded_Known_Family,Known_Family_Only
2928,10496,4,Expanded_Known_Family,Expanded_Known_Family
2928,11431,1,Expanded_Known_Family,Known_Family_Only
2928,9400,1,Expanded_Known_Family,Potential_Novel_Family
2928,8688,1,Expanded_Known_Family,Expanded_Known_Family
2928,7426,2,Expanded_Known_Family,Expanded_Known_Family
4815,6505,2,Potential_Novel_Family,Expanded_Known_Family
6505,4553,21,Expanded_Known_Family,Expanded_Known_Family
12912,13365,1,Potential_Novel_Family,Known_Family_Only
6219,11192,3,Expanded_Known_Family,Expanded_Known_Family
6219,3162,1,Expanded_Known_Family,Expanded_Known_Family
6219,5710,1,Expanded_Known_Family,Potential_Novel_Family
6219,6363,1,Expanded_Known_Family,Expanded_Known_Family
6219,9685,1,Expanded_Known_Family,Known_Family_Only
6219,2788,1,Expanded_Known_Family,Known_Family_Only
6219,349,1,Expanded_Known_Family,Expanded_Known_Family
6219,5628,2,Expanded_Known_Family,Potential_Novel_Family
6219,8450,1,Expanded_Known_Family,Potential_Novel_Family
6219,12344,1,Expanded_Known_Family,Potential_Novel_Family
1044,5426,1,Expanded_Known_Family,Potential_Novel_Family
1044,552,1,Expanded_Known_Family,Expanded_Known_Family
9309,13295,1,Expanded_Known_Family,Potential_Novel_Family
3988,12524,1,Expanded_Known_Family,Potential_Novel_Family
3988,71,1,Expanded_Known_Family,Expanded_Known_Family
11630,11982,1,Expanded_Known_Family,Potential_Novel_Family
11630,11985,1,Expanded_Known_Family,Potential_Novel_Family
364,1193,1,Known_Family_Only,Potential_Novel_Family
364,1552,1,Known_Family_Only,Known_Family_Only
1193,1552,1,Potential_Novel_Family,Known_Family_Only
4301,4372,1,Potential_Novel_Family,Known_Family_Only
4301,4373,1,Potential_Novel_Family,Known_Family_Only
4372,4373,1,Known_Family_Only,Known_Family_Only
7789,8804,1,Potential_Novel_Family,Potential_Novel_Family
292,11981,1,Expanded_Known_Family,Potential_Novel_Family
292,9771,1,Expanded_Known_Family,Expanded_Known_Family
292,9998,1,Expanded_Known_Family,Expanded_Known_Family
7701,10443,1,Known_Family_Only,Potential_Novel_Family
8002,2255,1,Potential_Novel_Family,Potential_Novel_Family
6246,13221,1,Potential_Novel_Family,Known_Family_Only
11848,13618,1,Potential_Novel_Family,Expanded_Known_Family
13618,8108,1,Expanded_Known_Family,Potential_Novel_Family
13618,14284,1,Expanded_Known_Family,Potential_Novel_Family
13618,10185,2,Expanded_Known_Family,Known_Family_Only
13618,12406,1,Expanded_Known_Family,Expanded_Known_Family
820,1188,1,Potential_Novel_Family,Expanded_Known_Family
1188,64,1,Expanded_Known_Family,Expanded_Known_Family
1188,205,1,Expanded_Known_Family,Known_Family_Only
1188,818,3,Expanded_Known_Family,Expanded_Known_Family
1188,7761,1,Expanded_Known_Family,Potential_Novel_Family
1188,10029,1,Expanded_Known_Family,Known_Family_Only
7440,12719,3,Known_Family_Only,Potential_Novel_Family
290,5026,1,Potential_Novel_Family,Expanded_Known_Family
290,5486,1,Potential_Novel_Family,Potential_Novel_Family
5026,7503,7,Expanded_Known_Family,Expanded_Known_Family
5026,8656,1,Expanded_Known_Family,Potential_Novel_Family
5026,1772,6,Expanded_Known_Family,Expanded_Known_Family
5026,6616,2,Expanded_Known_Family,Potential_Novel_Family
5026,6105,1,Expanded_Known_Family,Known_Family_Only
3941,5706,1,Expanded_Known_Family,Potential_Novel_Family
3941,2299,1,Expanded_Known_Family,Expanded_Known_Family
5706,3065,1,Potential_Novel_Family,Potential_Novel_Family
5706,3319,1,Potential_Novel_Family,Expanded_Known_Family
7503,5249,2,Expanded_Known_Family,Expanded_Known_Family
7503,2726,1,Expanded_Known_Family,Potential_Novel_Family
7503,10020,1,Expanded_Known_Family,Expanded_Known_Family
9622,13991,1,Expanded_Known_Family,Potential_Novel_Family
9622,6362,1,Expanded_Known_Family,Known_Family_Only
9622,9365,1,Expanded_Known_Family,Expanded_Known_Family
9622,13993,1,Expanded_Known_Family,Potential_Novel_Family
9622,6478,12,Expanded_Known_Family,Potential_Novel_Family
9622,11325,1,Expanded_Known_Family,Potential_Novel_Family
13991,13516,1,Potential_Novel_Family,Known_Family_Only
13991,11849,1,Potential_Novel_Family,Expanded_Known_Family
13991,2313,1,Potential_Novel_Family,Expanded_Known_Family
3629,8546,1,Potential_Novel_Family,Potential_Novel_Family
3318,8032,1,Potential_Novel_Family,Known_Family_Only
3318,9361,1,Potential_Novel_Family,Expanded_Known_Family
9572,10497,2,Known_Family_Only,Potential_Novel_Family
10497,9382,5,Potential_Novel_Family,Expanded_Known_Family
4650,8988,1,Known_Family_Only,Potential_Novel_Family
4056,13823,1,Potential_Novel_Family,Potential_Novel_Family
2437,3417,5,Expanded_Known_Family,Expanded_Known_Family
2437,3050,4,Expanded_Known_Family,Expanded_Known_Family
2437,11076,1,Expanded_Known_Family,Potential_Novel_Family
3417,3050,2,Expanded_Known_Family,Expanded_Known_Family
6407,7800,4,Expanded_Known_Family,Expanded_Known_Family
4964,6815,3,Potential_Novel_Family,Expanded_Known_Family
6815,6574,3,Expanded_Known_Family,Expanded_Known_Family
4286,2310,1,Expanded_Known_Family,Potential_Novel_Family
4286,14190,1,Expanded_Known_Family,Known_Family_Only
4286,9829,10,Expanded_Known_Family,Expanded_Known_Family
4286,4117,4,Expanded_Known_Family,Expanded_Known_Family
4286,7298,1,Expanded_Known_Family,Potential_Novel_Family
4286,7971,1,Expanded_Known_Family,Expanded_Known_Family
1,6179,1,Known_Family_Only,Expanded_Known_Family
1,16,1,Known_Family_Only,Expanded_Known_Family
1,11231,1,Known_Family_Only,Potential_Novel_Family
6179,2267,1,Expanded_Known_Family,Expanded_Known_Family
6179,3847,1,Expanded_Known_Family,Expanded_Known_Family
6179,4532,4,Expanded_Known_Family,Expanded_Known_Family
6179,4636,1,Expanded_Known_Family,Known_Family_Only
6794,9481,4,Known_Family_Only,Potential_Novel_Family
3265,4028,5,Expanded_Known_Family,Potential_Novel_Family
3265,13173,1,Expanded_Known_Family,Known_Family_Only
4028,13173,1,Potential_Novel_Family,Known_Family_Only
4028,10902,1,Potential_Novel_Family,Known_Family_Only
6149,11243,1,Potential_Novel_Family,Potential_Novel_Family
2605,5391,1,Potential_Novel_Family,Potential_Novel_Family
7501,9984,5,Expanded_Known_Family,Expanded_Known_Family
7501,3714,3,Expanded_Known_Family,Known_Family_Only
7501,10324,1,Expanded_Known_Family,Known_Family_Only
12836,13694,2,Expanded_Known_Family,Expanded_Known_Family
12836,13863,1,Expanded_Known_Family,Expanded_Known_Family
12836,13275,1,Expanded_Known_Family,Expanded_Known_Family
12836,10182,1,Expanded_Known_Family,Expanded_Known_Family
13694,13275,1,Expanded_Known_Family,Expanded_Known_Family
6196,6361,1,Potential_Novel_Family,Known_Family_Only
5798,13031,1,Expanded_Known_Family,Potential_Novel_Family
5798,6527,1,Expanded_Known_Family,Potential_Novel_Family
13031,3378,1,Potential_Novel_Family,Known_Family_Only
1032,5131,1,Known_Family_Only,Expanded_Known_Family
5131,930,2,Expanded_Known_Family,Known_Family_Only
5131,12508,1,Expanded_Known_Family,Known_Family_Only
5131,4437,1,Expanded_Known_Family,Potential_Novel_Family
5131,872,1,Expanded_Known_Family,Potential_Novel_Family
5131,12787,1,Expanded_Known_Family,Known_Family_Only
3842,10422,3,Expanded_Known_Family,Potential_Novel_Family
915,2120,1,Known_Family_Only,Potential_Novel_Family
1970,9378,1,Potential_Novel_Family,Potential_Novel_Family
6864,8877,1,Known_Family_Only,Potential_Novel_Family
7012,13195,1,Known_Family_Only,Potential_Novel_Family
7472,12729,1,Known_Family_Only,Potential_Novel_Family
10518,11384,5,Expanded_Known_Family,Expanded_Known_Family
10518,7726,1,Expanded_Known_Family,Potential_Novel_Family
2047,11089,1,Potential_Novel_Family,Expanded_Known_Family
11089,11954,1,Expanded_Known_Family,Potential_Novel_Family
11089,1952,1,Expanded_Known_Family,Expanded_Known_Family
410,1329,1,Expanded_Known_Family,Known_Family_Only
410,3621,2,Expanded_Known_Family,Expanded_Known_Family
410,5410,1,Expanded_Known_Family,Known_Family_Only
410,5867,1,Expanded_Known_Family,Potential_Novel_Family
410,6464,1,Expanded_Known_Family,Known_Family_Only
410,3400,1,Expanded_Known_Family,Potential_Novel_Family
410,1313,2,Expanded_Known_Family,Expanded_Known_Family
410,3245,1,Expanded_Known_Family,Expanded_Known_Family
410,4097,1,Expanded_Known_Family,Expanded_Known_Family
410,1458,1,Expanded_Known_Family,Potential_Novel_Family
410,1758,1,Expanded_Known_Family,Known_Family_Only
410,3292,1,Expanded_Known_Family,Potential_Novel_Family
410,4053,1,Expanded_Known_Family,Known_Family_Only
410,7194,1,Expanded_Known_Family,Potential_Novel_Family
1329,3621,1,Known_Family_Only,Expanded_Known_Family
1329,5410,1,Known_Family_Only,Known_Family_Only
1329,5867,1,Known_Family_Only,Potential_Novel_Family
1329,6464,1,Known_Family_Only,Known_Family_Only
3621,5410,1,Expanded_Known_Family,Known_Family_Only
3621,5867,1,Expanded_Known_Family,Potential_Novel_Family
3621,6464,1,Expanded_Known_Family,Known_Family_Only
3621,1458,1,Expanded_Known_Family,Potential_Novel_Family
3621,1758,1,Expanded_Known_Family,Known_Family_Only
3621,3292,1,Expanded_Known_Family,Potential_Novel_Family
5410,5867,1,Known_Family_Only,Potential_Novel_Family
5410,6464,1,Known_Family_Only,Known_Family_Only
5410,1134,1,Known_Family_Only,Potential_Novel_Family
5410,7851,1,Known_Family_Only,Expanded_Known_Family
5410,6253,1,Known_Family_Only,Potential_Novel_Family
5410,6510,1,Known_Family_Only,Known_Family_Only
5410,1631,1,Known_Family_Only,Expanded_Known_Family
5410,1719,1,Known_Family_Only,Known_Family_Only
5410,2341,1,Known_Family_Only,Known_Family_Only
5410,6258,1,Known_Family_Only,Expanded_Known_Family
5410,9193,1,Known_Family_Only,Known_Family_Only
5867,6464,1,Potential_Novel_Family,Known_Family_Only
4759,9824,1,Expanded_Known_Family,Potential_Novel_Family
4759,4925,1,Expanded_Known_Family,Potential_Novel_Family
4759,21,1,Expanded_Known_Family,Expanded_Known_Family
4759,14311,2,Expanded_Known_Family,Potential_Novel_Family
4759,14330,1,Expanded_Known_Family,Potential_Novel_Family
4759,3975,1,Expanded_Known_Family,Expanded_Known_Family
4759,417,3,Expanded_Known_Family,Expanded_Known_Family
4759,102,1,Expanded_Known_Family,Expanded_Known_Family
4759,11117,1,Expanded_Known_Family,Potential_Novel_Family
4759,14313,1,Expanded_Known_Family,Known_Family_Only
627,5070,1,Potential_Novel_Family,Potential_Novel_Family
627,11550,1,Potential_Novel_Family,Known_Family_Only
627,11343,1,Potential_Novel_Family,Known_Family_Only
627,12947,2,Potential_Novel_Family,Potential_Novel_Family
627,3330,1,Potential_Novel_Family,Expanded_Known_Family
145,5911,1,Potential_Novel_Family,Potential_Novel_Family
145,13176,1,Potential_Novel_Family,Potential_Novel_Family
145,3808,1,Potential_Novel_Family,Potential_Novel_Family
145,4497,1,Potential_Novel_Family,Potential_Novel_Family
2691,5620,1,Expanded_Known_Family,Potential_Novel_Family
2691,7505,1,Expanded_Known_Family,Known_Family_Only
5620,158,1,Potential_Novel_Family,Known_Family_Only
5620,563,1,Potential_Novel_Family,Known_Family_Only
5620,1173,1,Potential_Novel_Family,Expanded_Known_Family
5620,3083,1,Potential_Novel_Family,Expanded_Known_Family
5620,3282,1,Potential_Novel_Family,Potential_Novel_Family
3977,14268,1,Expanded_Known_Family,Known_Family_Only
3977,3558,2,Expanded_Known_Family,Expanded_Known_Family
3977,10866,1,Expanded_Known_Family,Known_Family_Only
3977,10864,1,Expanded_Known_Family,Expanded_Known_Family
3977,2890,1,Expanded_Known_Family,Expanded_Known_Family
3977,2688,1,Expanded_Known_Family,Expanded_Known_Family
3977,7881,1,Expanded_Known_Family,Expanded_Known_Family
3977,651,1,Expanded_Known_Family,Expanded_Known_Family
3977,2004,1,Expanded_Known_Family,Expanded_Known_Family
3541,7953,1,Potential_Novel_Family,Expanded_Known_Family
7953,6237,1,Expanded_Known_Family,Known_Family_Only
3853,8619,1,Potential_Novel_Family,Known_Family_Only
299,8909,8,Expanded_Known_Family,Expanded_Known_Family
299,4093,4,Expanded_Known_Family,Known_Family_Only
299,2557,2,Expanded_Known_Family,Known_Family_Only
299,4614,1,Expanded_Known_Family,Known_Family_Only
299,11274,1,Expanded_Known_Family,Potential_Novel_Family
8909,9712,1,Expanded_Known_Family,Potential_Novel_Family
8909,2557,3,Expanded_Known_Family,Known_Family_Only
8909,4093,1,Expanded_Known_Family,Known_Family_Only
732,8989,1,Expanded_Known_Family,Known_Family_Only
732,1235,1,Expanded_Known_Family,Expanded_Known_Family
732,473,8,Expanded_Known_Family,Expanded_Known_Family
10917,11578,1,Potential_Novel_Family,Known_Family_Only
189,9944,1,Potential_Novel_Family,Known_Family_Only
9944,187,2,Known_Family_Only,Known_Family_Only
9944,358,2,Known_Family_Only,Known_Family_Only
9944,7445,2,Known_Family_Only,Known_Family_Only
9944,11095,2,Known_Family_Only,Potential_Novel_Family
8486,8953,1,Expanded_Known_Family,Known_Family_Only
8486,9800,1,Expanded_Known_Family,Potential_Novel_Family
8486,10675,1,Expanded_Known_Family,Potential_Novel_Family
8486,12796,1,Expanded_Known_Family,Potential_Novel_Family
8105,10304,2,Known_Family_Only,Potential_Novel_Family
7294,9522,1,Potential_Novel_Family,Expanded_Known_Family
9522,1992,1,Expanded_Known_Family,Potential_Novel_Family
5117,7702,1,Known_Family_Only,Potential_Novel_Family
8990,9660,2,Potential_Novel_Family,Expanded_Known_Family
444,10081,2,Known_Family_Only,Expanded_Known_Family
444,490,1,Known_Family_Only,Expanded_Known_Family
444,656,1,Known_Family_Only,Expanded_Known_Family
444,4620,1,Known_Family_Only,Potential_Novel_Family
10081,1921,1,Expanded_Known_Family,Potential_Novel_Family
10081,490,1,Expanded_Known_Family,Expanded_Known_Family
10081,656,1,Expanded_Known_Family,Expanded_Known_Family
5459,5553,2,Potential_Novel_Family,Expanded_Known_Family
5459,9876,1,Potential_Novel_Family,Potential_Novel_Family
5553,9876,1,Expanded_Known_Family,Potential_Novel_Family
880,1028,1,Expanded_Known_Family,Potential_Novel_Family
880,1104,3,Expanded_Known_Family,Potential_Novel_Family
880,4948,1,Expanded_Known_Family,Expanded_Known_Family
880,6637,1,Expanded_Known_Family,Potential_Novel_Family
880,8302,3,Expanded_Known_Family,Expanded_Known_Family
880,2821,2,Expanded_Known_Family,Expanded_Known_Family
880,3202,1,Expanded_Known_Family,Potential_Novel_Family
880,12530,1,Expanded_Known_Family,Expanded_Known_Family
880,12962,1,Expanded_Known_Family,Expanded_Known_Family
880,5650,1,Expanded_Known_Family,Potential_Novel_Family
880,6918,1,Expanded_Known_Family,Known_Family_Only
5745,933,1,Potential_Novel_Family,Known_Family_Only
1134,7851,1,Potential_Novel_Family,Expanded_Known_Family
7851,3103,1,Expanded_Known_Family,Known_Family_Only
7851,5783,1,Expanded_Known_Family,Known_Family_Only
4004,10698,1,Potential_Novel_Family,Potential_Novel_Family
4004,813,1,Potential_Novel_Family,Known_Family_Only
3673,8172,2,Potential_Novel_Family,Expanded_Known_Family
5558,6627,2,Potential_Novel_Family,Known_Family_Only
5558,2075,2,Potential_Novel_Family,Expanded_Known_Family
1822,5328,2,Known_Family_Only,Expanded_Known_Family
1822,5618,2,Known_Family_Only,Known_Family_Only
1822,9523,2,Known_Family_Only,Potential_Novel_Family
1822,11415,2,Known_Family_Only,Known_Family_Only
5328,5618,4,Expanded_Known_Family,Known_Family_Only
5328,9523,2,Expanded_Known_Family,Potential_Novel_Family
5328,11415,2,Expanded_Known_Family,Known_Family_Only
5328,5127,3,Expanded_Known_Family,Expanded_Known_Family
5328,8627,1,Expanded_Known_Family,Known_Family_Only
5328,9119,1,Expanded_Known_Family,Known_Family_Only
5328,5997,2,Expanded_Known_Family,Known_Family_Only
5328,1949,1,Expanded_Known_Family,Potential_Novel_Family
5328,10458,1,Expanded_Known_Family,Known_Family_Only
5328,6810,1,Expanded_Known_Family,Potential_Novel_Family
5328,8902,1,Expanded_Known_Family,Known_Family_Only
5328,267,1,Expanded_Known_Family,Known_Family_Only
5328,7407,1,Expanded_Known_Family,Known_Family_Only
5618,9523,2,Known_Family_Only,Potential_Novel_Family
5618,11415,2,Known_Family_Only,Known_Family_Only
5618,1949,1,Known_Family_Only,Potential_Novel_Family
5618,10458,1,Known_Family_Only,Known_Family_Only
5618,267,1,Known_Family_Only,Known_Family_Only
5618,7407,1,Known_Family_Only,Known_Family_Only
9523,11415,2,Potential_Novel_Family,Known_Family_Only
6118,11090,1,Known_Family_Only,Potential_Novel_Family
3517,12004,1,Known_Family_Only,Potential_Novel_Family
9006,10449,19,Expanded_Known_Family,Expanded_Known_Family
9006,8560,1,Expanded_Known_Family,Known_Family_Only
9006,10448,1,Expanded_Known_Family,Expanded_Known_Family
2462,6091,1,Expanded_Known_Family,Potential_Novel_Family
2462,8727,1,Expanded_Known_Family,Potential_Novel_Family
2462,6605,1,Expanded_Known_Family,Expanded_Known_Family
2462,10605,1,Expanded_Known_Family,Expanded_Known_Family
2462,4408,4,Expanded_Known_Family,Expanded_Known_Family
6091,8727,1,Potential_Novel_Family,Potential_Novel_Family
4986,134,2,Potential_Novel_Family,Expanded_Known_Family
51,226,2,Expanded_Known_Family,Expanded_Known_Family
51,10153,1,Expanded_Known_Family,Expanded_Known_Family
51,10305,1,Expanded_Known_Family,Known_Family_Only
51,766,1,Expanded_Known_Family,Known_Family_Only
51,988,1,Expanded_Known_Family,Potential_Novel_Family
51,1304,1,Expanded_Known_Family,Expanded_Known_Family
51,9397,1,Expanded_Known_Family,Known_Family_Only
51,20,1,Expanded_Known_Family,Expanded_Known_Family
226,10153,1,Expanded_Known_Family,Expanded_Known_Family
226,10305,1,Expanded_Known_Family,Known_Family_Only
226,766,1,Expanded_Known_Family,Known_Family_Only
226,988,1,Expanded_Known_Family,Potential_Novel_Family
226,1304,1,Expanded_Known_Family,Expanded_Known_Family
226,9397,1,Expanded_Known_Family,Known_Family_Only
226,14221,1,Expanded_Known_Family,Known_Family_Only
10153,10305,1,Expanded_Known_Family,Known_Family_Only
10153,7676,1,Expanded_Known_Family,Known_Family_Only
2354,7954,1,Known_Family_Only,Potential_Novel_Family
2354,2549,3,Known_Family_Only,Potential_Novel_Family
75,7641,1,Expanded_Known_Family,Expanded_Known_Family
75,3086,1,Expanded_Known_Family,Expanded_Known_Family
75,8551,1,Expanded_Known_Family,Expanded_Known_Family
75,13746,1,Expanded_Known_Family,Expanded_Known_Family
7641,14074,1,Expanded_Known_Family,Potential_Novel_Family
5455,6440,1,Potential_Novel_Family,Potential_Novel_Family
10066,11244,1,Potential_Novel_Family,Known_Family_Only
592,1585,1,Potential_Novel_Family,Potential_Novel_Family
592,4888,1,Potential_Novel_Family,Known_Family_Only
592,8198,1,Potential_Novel_Family,Known_Family_Only
592,8837,1,Potential_Novel_Family,Potential_Novel_Family
1585,4888,1,Potential_Novel_Family,Known_Family_Only
1585,8198,1,Potential_Novel_Family,Known_Family_Only
1585,8837,1,Potential_Novel_Family,Potential_Novel_Family
4888,8198,1,Known_Family_Only,Known_Family_Only
4888,8837,1,Known_Family_Only,Potential_Novel_Family
8198,8837,1,Known_Family_Only,Potential_Novel_Family
8386,10334,2,Potential_Novel_Family,Known_Family_Only
8386,10075,1,Potential_Novel_Family,Known_Family_Only
3818,9825,1,Potential_Novel_Family,Known_Family_Only
2222,9718,2,Potential_Novel_Family,Expanded_Known_Family
9718,13225,1,Expanded_Known_Family,Known_Family_Only
3556,3849,1,Potential_Novel_Family,Expanded_Known_Family
3556,5891,2,Potential_Novel_Family,Expanded_Known_Family
3556,5095,1,Potential_Novel_Family,Expanded_Known_Family
3849,5891,1,Expanded_Known_Family,Expanded_Known_Family
3849,1588,2,Expanded_Known_Family,Known_Family_Only
3849,2682,2,Expanded_Known_Family,Known_Family_Only
3849,2749,2,Expanded_Known_Family,Potential_Novel_Family
3849,5362,2,Expanded_Known_Family,Expanded_Known_Family
3849,3833,1,Expanded_Known_Family,Potential_Novel_Family
5891,5095,1,Expanded_Known_Family,Expanded_Known_Family
719,2523,1,Potential_Novel_Family,Known_Family_Only
2523,11631,1,Known_Family_Only,Potential_Novel_Family
8805,10735,1,Known_Family_Only,Potential_Novel_Family
3007,5367,6,Expanded_Known_Family,Expanded_Known_Family
7719,9648,1,Expanded_Known_Family,Potential_Novel_Family
7719,9542,13,Expanded_Known_Family,Expanded_Known_Family
7719,9576,1,Expanded_Known_Family,Known_Family_Only
7719,9499,4,Expanded_Known_Family,Expanded_Known_Family
7719,9472,3,Expanded_Known_Family,Expanded_Known_Family
7719,9850,1,Expanded_Known_Family,Known_Family_Only
11019,12730,1,Potential_Novel_Family,Known_Family_Only
9985,11336,1,Potential_Novel_Family,Known_Family_Only
6993,11091,1,Potential_Novel_Family,Potential_Novel_Family
8692,9524,1,Potential_Novel_Family,Potential_Novel_Family
1799,2649,1,Known_Family_Only,Expanded_Known_Family
1799,1428,2,Known_Family_Only,Expanded_Known_Family
2649,13222,1,Expanded_Known_Family,Potential_Novel_Family
2649,11352,1,Expanded_Known_Family,Known_Family_Only
2649,905,1,Expanded_Known_Family,Potential_Novel_Family
2649,12211,1,Expanded_Known_Family,Potential_Novel_Family
2649,3959,1,Expanded_Known_Family,Potential_Novel_Family
2649,13055,2,Expanded_Known_Family,Potential_Novel_Family
2649,7024,1,Expanded_Known_Family,Potential_Novel_Family
13275,13020,2,Expanded_Known_Family,Expanded_Known_Family
13275,12923,1,Expanded_Known_Family,Potential_Novel_Family
13275,717,1,Expanded_Known_Family,Expanded_Known_Family
5953,10335,1,Potential_Novel_Family,Known_Family_Only
8728,4631,1,Potential_Novel_Family,Expanded_Known_Family
95,2862,1,Potential_Novel_Family,Known_Family_Only
5156,9801,1,Expanded_Known_Family,Potential_Novel_Family
5156,3280,2,Expanded_Known_Family,Expanded_Known_Family
1099,6039,1,Known_Family_Only,Potential_Novel_Family
1099,169,3,Known_Family_Only,Known_Family_Only
1099,1385,3,Known_Family_Only,Known_Family_Only
1099,2730,3,Known_Family_Only,Expanded_Known_Family
1099,4626,3,Known_Family_Only,Expanded_Known_Family
1099,8004,3,Known_Family_Only,Known_Family_Only
3789,9152,1,Potential_Novel_Family,Potential_Novel_Family
5511,9760,1,Expanded_Known_Family,Potential_Novel_Family
5511,6571,1,Expanded_Known_Family,Potential_Novel_Family
5511,14283,1,Expanded_Known_Family,Potential_Novel_Family
4714,8033,1,Known_Family_Only,Known_Family_Only
13420,12978,2,Expanded_Known_Family,Expanded_Known_Family
683,13254,1,Known_Family_Only,Expanded_Known_Family
683,338,1,Known_Family_Only,Expanded_Known_Family
683,2644,1,Known_Family_Only,Known_Family_Only
4822,10154,1,Known_Family_Only,Potential_Novel_Family
4822,9991,1,Known_Family_Only,Potential_Novel_Family
4822,9195,1,Known_Family_Only,Potential_Novel_Family
4109,5776,1,Potential_Novel_Family,Known_Family_Only
4109,10999,1,Potential_Novel_Family,Potential_Novel_Family
835,3966,1,Known_Family_Only,Potential_Novel_Family
3966,7996,1,Potential_Novel_Family,Potential_Novel_Family
8547,8806,1,Potential_Novel_Family,Potential_Novel_Family
5004,10101,1,Potential_Novel_Family,Known_Family_Only
5004,10756,2,Potential_Novel_Family,Potential_Novel_Family
2805,7922,1,Known_Family_Only,Potential_Novel_Family
6968,10859,1,Known_Family_Only,Potential_Novel_Family
2105,7635,1,Potential_Novel_Family,Potential_Novel_Family
3751,4651,1,Expanded_Known_Family,Known_Family_Only
3751,9659,1,Expanded_Known_Family,Potential_Novel_Family
8199,8301,1,Potential_Novel_Family,Potential_Novel_Family
8301,11603,1,Potential_Novel_Family,Known_Family_Only
4449,7191,1,Known_Family_Only,Potential_Novel_Family
844,6969,1,Expanded_Known_Family,Potential_Novel_Family
844,6824,1,Expanded_Known_Family,Potential_Novel_Family
844,2129,1,Expanded_Known_Family,Potential_Novel_Family
844,12515,1,Expanded_Known_Family,Expanded_Known_Family
844,13158,1,Expanded_Known_Family,Expanded_Known_Family
10444,13937,1,Known_Family_Only,Potential_Novel_Family
4005,8729,2,Potential_Novel_Family,Potential_Novel_Family
198,2211,1,Potential_Novel_Family,Known_Family_Only
2211,4006,1,Known_Family_Only,Potential_Novel_Family
2211,500,1,Known_Family_Only,Known_Family_Only
2211,2059,1,Known_Family_Only,Expanded_Known_Family
2211,4425,1,Known_Family_Only,Expanded_Known_Family
175,1408,1,Potential_Novel_Family,Known_Family_Only
5974,6167,1,Known_Family_Only,Potential_Novel_Family
3064,11275,1,Known_Family_Only,Potential_Novel_Family
714,10861,1,Known_Family_Only,Potential_Novel_Family
2660,3082,1,Expanded_Known_Family,Known_Family_Only
2660,2479,1,Expanded_Known_Family,Potential_Novel_Family
3004,11794,1,Potential_Novel_Family,Known_Family_Only
1464,4763,5,Expanded_Known_Family,Expanded_Known_Family
1464,4826,1,Expanded_Known_Family,Potential_Novel_Family
3272,7497,1,Potential_Novel_Family,Potential_Novel_Family
1220,5990,3,Expanded_Known_Family,Potential_Novel_Family
10553,11707,1,Potential_Novel_Family,Potential_Novel_Family
2509,3573,1,Known_Family_Only,Potential_Novel_Family
7734,8517,1,Expanded_Known_Family,Potential_Novel_Family
7734,9534,2,Expanded_Known_Family,Expanded_Known_Family
7734,11082,1,Expanded_Known_Family,Expanded_Known_Family
8517,8388,1,Potential_Novel_Family,Known_Family_Only
1518,5016,1,Known_Family_Only,Potential_Novel_Family
1938,9107,1,Expanded_Known_Family,Potential_Novel_Family
1938,3800,5,Expanded_Known_Family,Expanded_Known_Family
9107,1478,1,Potential_Novel_Family,Expanded_Known_Family
9107,9932,1,Potential_Novel_Family,Known_Family_Only
2128,4302,1,Potential_Novel_Family,Potential_Novel_Family
2128,5707,1,Potential_Novel_Family,Potential_Novel_Family
2128,11416,1,Potential_Novel_Family,Potential_Novel_Family
4302,5707,1,Potential_Novel_Family,Potential_Novel_Family
4302,11416,1,Potential_Novel_Family,Potential_Novel_Family
5707,11416,1,Potential_Novel_Family,Potential_Novel_Family
564,2744,5,Expanded_Known_Family,Expanded_Known_Family
564,20,1,Expanded_Known_Family,Expanded_Known_Family
2744,11101,1,Expanded_Known_Family,Known_Family_Only
2744,11119,1,Expanded_Known_Family,Potential_Novel_Family
2744,8262,1,Expanded_Known_Family,Potential_Novel_Family
2948,9683,8,Potential_Novel_Family,Expanded_Known_Family
3102,4297,1,Known_Family_Only,Expanded_Known_Family
3102,7264,1,Known_Family_Only,Potential_Novel_Family
4297,7264,1,Expanded_Known_Family,Potential_Novel_Family
8003,8130,1,Potential_Novel_Family,Potential_Novel_Family
2063,6926,1,Potential_Novel_Family,Potential_Novel_Family
9761,12162,1,Known_Family_Only,Potential_Novel_Family
7014,10736,1,Known_Family_Only,Potential_Novel_Family
2254,3835,1,Potential_Novel_Family,Known_Family_Only
2309,5150,1,Potential_Novel_Family,Potential_Novel_Family
567,4524,1,Known_Family_Only,Potential_Novel_Family
567,3927,1,Known_Family_Only,Known_Family_Only
567,5655,1,Known_Family_Only,Expanded_Known_Family
567,3760,1,Known_Family_Only,Expanded_Known_Family
2625,6119,1,Known_Family_Only,Potential_Novel_Family
8794,5132,1,Expanded_Known_Family,Potential_Novel_Family
123,6465,1,Expanded_Known_Family,Potential_Novel_Family
123,9009,1,Expanded_Known_Family,Expanded_Known_Family
123,6636,1,Expanded_Known_Family,Known_Family_Only
8267,10515,1,Potential_Novel_Family,Potential_Novel_Family
2432,4550,1,Known_Family_Only,Expanded_Known_Family
2432,12351,1,Known_Family_Only,Potential_Novel_Family
4550,12351,1,Expanded_Known_Family,Potential_Novel_Family
4550,6937,1,Expanded_Known_Family,Known_Family_Only
2121,5934,3,Expanded_Known_Family,Potential_Novel_Family
2121,4719,1,Expanded_Known_Family,Expanded_Known_Family
5151,6628,1,Potential_Novel_Family,Potential_Novel_Family
4180,5036,1,Expanded_Known_Family,Potential_Novel_Family
5746,11245,1,Potential_Novel_Family,Potential_Novel_Family
3611,10445,1,Potential_Novel_Family,Known_Family_Only
12438,13790,1,Known_Family_Only,Potential_Novel_Family
4623,13514,1,Known_Family_Only,Potential_Novel_Family
7498,8345,1,Potential_Novel_Family,Known_Family_Only
8345,840,1,Known_Family_Only,Potential_Novel_Family
229,536,1,Known_Family_Only,Known_Family_Only
229,3300,1,Known_Family_Only,Expanded_Known_Family
229,212,8,Known_Family_Only,Expanded_Known_Family
229,9940,1,Known_Family_Only,Potential_Novel_Family
4844,7441,1,Potential_Novel_Family,Potential_Novel_Family
9525,10516,1,Potential_Novel_Family,Potential_Novel_Family
4624,8620,1,Potential_Novel_Family,Potential_Novel_Family
4955,5118,1,Expanded_Known_Family,Potential_Novel_Family
4955,4139,2,Expanded_Known_Family,Expanded_Known_Family
4955,13575,1,Expanded_Known_Family,Potential_Novel_Family
2023,9554,1,Expanded_Known_Family,Potential_Novel_Family
3585,4764,4,Expanded_Known_Family,Potential_Novel_Family
3585,8363,4,Expanded_Known_Family,Expanded_Known_Family
3585,2185,1,Expanded_Known_Family,Potential_Novel_Family
3585,7573,1,Expanded_Known_Family,Known_Family_Only
3585,8601,1,Expanded_Known_Family,Potential_Novel_Family
3585,5265,1,Expanded_Known_Family,Potential_Novel_Family
3585,7977,3,Expanded_Known_Family,Known_Family_Only
3585,1872,1,Expanded_Known_Family,Potential_Novel_Family
3585,1241,1,Expanded_Known_Family,Expanded_Known_Family
4764,8363,4,Potential_Novel_Family,Expanded_Known_Family
4764,5791,1,Potential_Novel_Family,Known_Family_Only
8363,3288,1,Expanded_Known_Family,Expanded_Known_Family
4026,6515,1,Expanded_Known_Family,Known_Family_Only
1885,3987,2,Expanded_Known_Family,Potential_Novel_Family
3514,2175,2,Expanded_Known_Family,Known_Family_Only
3514,4965,2,Expanded_Known_Family,Potential_Novel_Family
3514,5348,1,Expanded_Known_Family,Known_Family_Only
3514,11029,1,Expanded_Known_Family,Expanded_Known_Family
3514,2091,1,Expanded_Known_Family,Known_Family_Only
3514,4899,1,Expanded_Known_Family,Expanded_Known_Family
3514,4928,1,Expanded_Known_Family,Known_Family_Only
1989,9726,1,Known_Family_Only,Potential_Novel_Family
2786,4816,1,Potential_Novel_Family,Known_Family_Only
2786,12197,1,Potential_Novel_Family,Potential_Novel_Family
552,6412,1,Expanded_Known_Family,Known_Family_Only
552,10965,1,Expanded_Known_Family,Potential_Novel_Family
552,7451,1,Expanded_Known_Family,Expanded_Known_Family
552,9841,1,Expanded_Known_Family,Potential_Novel_Family
552,8154,1,Expanded_Known_Family,Potential_Novel_Family
552,12453,1,Expanded_Known_Family,Potential_Novel_Family
552,6328,1,Expanded_Known_Family,Potential_Novel_Family
11739,11849,1,Potential_Novel_Family,Expanded_Known_Family
11739,10469,1,Potential_Novel_Family,Expanded_Known_Family
11849,14034,4,Expanded_Known_Family,Potential_Novel_Family
11849,12207,6,Expanded_Known_Family,Expanded_Known_Family
11849,14027,1,Expanded_Known_Family,Potential_Novel_Family
5830,6441,1,Known_Family_Only,Potential_Novel_Family
5830,2829,1,Known_Family_Only,Potential_Novel_Family
5830,7801,1,Known_Family_Only,Expanded_Known_Family
10027,12061,1,Potential_Novel_Family,Potential_Novel_Family
5119,9826,1,Potential_Novel_Family,Potential_Novel_Family
3418,5602,1,Known_Family_Only,Potential_Novel_Family
1737,9153,1,Known_Family_Only,Expanded_Known_Family
1737,8319,1,Known_Family_Only,Potential_Novel_Family
9153,1457,2,Expanded_Known_Family,Potential_Novel_Family
5427,9240,2,Expanded_Known_Family,Known_Family_Only
5427,7372,1,Expanded_Known_Family,Known_Family_Only
1361,1631,1,Expanded_Known_Family,Expanded_Known_Family
1361,2148,1,Expanded_Known_Family,Known_Family_Only
1361,6384,1,Expanded_Known_Family,Known_Family_Only
1631,2148,1,Expanded_Known_Family,Known_Family_Only
1631,6384,1,Expanded_Known_Family,Known_Family_Only
1631,1783,1,Expanded_Known_Family,Potential_Novel_Family
1631,1710,1,Expanded_Known_Family,Expanded_Known_Family
1631,2162,1,Expanded_Known_Family,Potential_Novel_Family
1631,4185,27,Expanded_Known_Family,Expanded_Known_Family
1631,4477,4,Expanded_Known_Family,Known_Family_Only
1631,879,1,Expanded_Known_Family,Expanded_Known_Family
1631,3994,1,Expanded_Known_Family,Expanded_Known_Family
1631,1719,2,Expanded_Known_Family,Known_Family_Only
1631,3172,1,Expanded_Known_Family,Potential_Novel_Family
1631,1937,2,Expanded_Known_Family,Expanded_Known_Family
1631,1929,1,Expanded_Known_Family,Known_Family_Only
1631,5811,1,Expanded_Known_Family,Expanded_Known_Family
1631,1887,2,Expanded_Known_Family,Expanded_Known_Family
1631,4535,1,Expanded_Known_Family,Expanded_Known_Family
1631,8974,1,Expanded_Known_Family,Expanded_Known_Family
1631,9943,1,Expanded_Known_Family,Potential_Novel_Family
1631,2341,1,Expanded_Known_Family,Known_Family_Only
1631,6258,1,Expanded_Known_Family,Expanded_Known_Family
1631,9193,1,Expanded_Known_Family,Known_Family_Only
1631,6259,1,Expanded_Known_Family,Potential_Novel_Family
1631,3388,1,Expanded_Known_Family,Potential_Novel_Family
1631,12180,1,Expanded_Known_Family,Known_Family_Only
1631,11005,1,Expanded_Known_Family,Potential_Novel_Family
1631,4424,1,Expanded_Known_Family,Potential_Novel_Family
1631,972,1,Expanded_Known_Family,Potential_Novel_Family
1631,928,1,Expanded_Known_Family,Potential_Novel_Family
2148,6384,1,Known_Family_Only,Known_Family_Only
2148,7540,1,Known_Family_Only,Potential_Novel_Family
13655,14041,1,Known_Family_Only,Potential_Novel_Family
4038,8351,1,Expanded_Known_Family,Expanded_Known_Family
4038,8556,3,Expanded_Known_Family,Potential_Novel_Family
4038,2413,1,Expanded_Known_Family,Expanded_Known_Family
4038,13735,1,Expanded_Known_Family,Potential_Novel_Family
4038,2407,1,Expanded_Known_Family,Expanded_Known_Family
4038,2820,1,Expanded_Known_Family,Expanded_Known_Family
8351,10995,1,Expanded_Known_Family,Potential_Novel_Family
8351,8468,1,Expanded_Known_Family,Potential_Novel_Family
8351,13246,1,Expanded_Known_Family,Potential_Novel_Family
8351,365,1,Expanded_Known_Family,Potential_Novel_Family
3898,8589,1,Expanded_Known_Family,Potential_Novel_Family
3898,12971,1,Expanded_Known_Family,Potential_Novel_Family
12530,1311,1,Expanded_Known_Family,Known_Family_Only
12530,3377,1,Expanded_Known_Family,Expanded_Known_Family
12530,12897,1,Expanded_Known_Family,Expanded_Known_Family
12530,12962,3,Expanded_Known_Family,Expanded_Known_Family
5475,6385,1,Known_Family_Only,Potential_Novel_Family
3612,9221,1,Potential_Novel_Family,Expanded_Known_Family
3612,10666,1,Potential_Novel_Family,Known_Family_Only
3612,9132,3,Potential_Novel_Family,Expanded_Known_Family
9221,3479,1,Expanded_Known_Family,Expanded_Known_Family
316,3771,4,Expanded_Known_Family,Expanded_Known_Family
316,2536,2,Expanded_Known_Family,Expanded_Known_Family
316,9112,5,Expanded_Known_Family,Expanded_Known_Family
316,9865,1,Expanded_Known_Family,Potential_Novel_Family
3771,9112,2,Expanded_Known_Family,Expanded_Known_Family
81,8447,1,Potential_Novel_Family,Known_Family_Only
81,8664,1,Potential_Novel_Family,Known_Family_Only
6970,8807,1,Potential_Novel_Family,Known_Family_Only
3224,9769,2,Expanded_Known_Family,Expanded_Known_Family
3224,8437,4,Expanded_Known_Family,Expanded_Known_Family
3224,9054,1,Expanded_Known_Family,Expanded_Known_Family
3224,9489,1,Expanded_Known_Family,Potential_Novel_Family
3224,9,2,Expanded_Known_Family,Expanded_Known_Family
3224,9730,1,Expanded_Known_Family,Known_Family_Only
3224,8632,1,Expanded_Known_Family,Known_Family_Only
3224,8713,2,Expanded_Known_Family,Potential_Novel_Family
3224,8703,1,Expanded_Known_Family,Expanded_Known_Family
7527,10699,1,Known_Family_Only,Potential_Novel_Family
4229,7015,1,Potential_Novel_Family,Potential_Novel_Family
2445,8954,1,Potential_Novel_Family,Known_Family_Only
2445,301,1,Potential_Novel_Family,Expanded_Known_Family
7105,12970,2,Expanded_Known_Family,Potential_Novel_Family
7105,5791,1,Expanded_Known_Family,Known_Family_Only
7105,9198,1,Expanded_Known_Family,Known_Family_Only
1617,6566,1,Potential_Novel_Family,Potential_Novel_Family
58,12207,1,Expanded_Known_Family,Expanded_Known_Family
58,5606,1,Expanded_Known_Family,Potential_Novel_Family
58,7228,1,Expanded_Known_Family,Known_Family_Only
58,9533,1,Expanded_Known_Family,Potential_Novel_Family
58,12092,1,Expanded_Known_Family,Known_Family_Only
58,10850,2,Expanded_Known_Family,Potential_Novel_Family
58,12122,2,Expanded_Known_Family,Known_Family_Only
58,11582,1,Expanded_Known_Family,Expanded_Known_Family
58,2539,1,Expanded_Known_Family,Expanded_Known_Family
12207,42,1,Expanded_Known_Family,Known_Family_Only
12207,35,1,Expanded_Known_Family,Expanded_Known_Family
12207,12784,1,Expanded_Known_Family,Expanded_Known_Family
12207,3552,1,Expanded_Known_Family,Expanded_Known_Family
12207,10525,1,Expanded_Known_Family,Known_Family_Only
12207,36,1,Expanded_Known_Family,Expanded_Known_Family
12207,219,3,Expanded_Known_Family,Expanded_Known_Family
12207,10713,1,Expanded_Known_Family,Potential_Novel_Family
12207,2356,1,Expanded_Known_Family,Potential_Novel_Family
12207,875,1,Expanded_Known_Family,Expanded_Known_Family
12207,13123,1,Expanded_Known_Family,Known_Family_Only
12207,13444,1,Expanded_Known_Family,Known_Family_Only
3967,10196,1,Potential_Novel_Family,Known_Family_Only
6725,12418,1,Expanded_Known_Family,Expanded_Known_Family
7127,12496,1,Known_Family_Only,Potential_Novel_Family
10766,11276,1,Potential_Novel_Family,Expanded_Known_Family
11276,7625,5,Expanded_Known_Family,Expanded_Known_Family
11276,10897,1,Expanded_Known_Family,Potential_Novel_Family
11276,8404,1,Expanded_Known_Family,Potential_Novel_Family
4817,11605,1,Potential_Novel_Family,Known_Family_Only
5127,8627,1,Expanded_Known_Family,Known_Family_Only
5127,9119,1,Expanded_Known_Family,Known_Family_Only
1580,7380,1,Potential_Novel_Family,Expanded_Known_Family
1580,411,1,Potential_Novel_Family,Known_Family_Only
8239,8765,1,Known_Family_Only,Potential_Novel_Family
771,1743,1,Potential_Novel_Family,Potential_Novel_Family
1865,8730,1,Potential_Novel_Family,Known_Family_Only
131,2376,1,Expanded_Known_Family,Potential_Novel_Family
131,2899,1,Expanded_Known_Family,Known_Family_Only
131,9981,1,Expanded_Known_Family,Potential_Novel_Family
4166,13410,1,Expanded_Known_Family,Potential_Novel_Family
4166,12232,1,Expanded_Known_Family,Known_Family_Only
4715,12863,1,Expanded_Known_Family,Expanded_Known_Family
4715,4889,1,Expanded_Known_Family,Known_Family_Only
12863,8139,1,Expanded_Known_Family,Potential_Novel_Family
12863,14058,3,Expanded_Known_Family,Expanded_Known_Family
12863,11947,1,Expanded_Known_Family,Potential_Novel_Family
10554,11057,1,Potential_Novel_Family,Known_Family_Only
2589,5214,5,Expanded_Known_Family,Potential_Novel_Family
4845,7381,1,Known_Family_Only,Potential_Novel_Family
9447,10593,1,Known_Family_Only,Potential_Novel_Family
10593,13434,1,Potential_Novel_Family,Expanded_Known_Family
6598,9267,1,Potential_Novel_Family,Known_Family_Only
3221,3860,1,Known_Family_Only,Expanded_Known_Family
3221,5510,1,Known_Family_Only,Known_Family_Only
3860,5510,1,Expanded_Known_Family,Known_Family_Only
3860,2327,1,Expanded_Known_Family,Known_Family_Only
3860,4941,3,Expanded_Known_Family,Potential_Novel_Family
3860,5658,1,Expanded_Known_Family,Potential_Novel_Family
3860,11029,1,Expanded_Known_Family,Expanded_Known_Family
3860,1496,2,Expanded_Known_Family,Known_Family_Only
8766,10368,1,Potential_Novel_Family,Known_Family_Only
727,3900,1,Known_Family_Only,Expanded_Known_Family
3900,9307,1,Expanded_Known_Family,Potential_Novel_Family
3900,9702,2,Expanded_Known_Family,Known_Family_Only
13218,242,1,Expanded_Known_Family,Expanded_Known_Family
13218,6227,1,Expanded_Known_Family,Known_Family_Only
13218,10432,1,Expanded_Known_Family,Potential_Novel_Family
13218,6327,1,Expanded_Known_Family,Expanded_Known_Family
13218,12645,1,Expanded_Known_Family,Expanded_Known_Family
3542,10258,1,Known_Family_Only,Potential_Novel_Family
619,6216,1,Known_Family_Only,Potential_Novel_Family
549,2692,1,Expanded_Known_Family,Known_Family_Only
549,3995,1,Expanded_Known_Family,Expanded_Known_Family
549,2256,1,Expanded_Known_Family,Known_Family_Only
549,2408,1,Expanded_Known_Family,Expanded_Known_Family
549,2333,1,Expanded_Known_Family,Potential_Novel_Family
2275,2459,1,Potential_Novel_Family,Potential_Novel_Family
8654,9347,1,Potential_Novel_Family,Known_Family_Only
1049,3836,1,Expanded_Known_Family,Potential_Novel_Family
1049,5907,1,Expanded_Known_Family,Potential_Novel_Family
1049,9180,1,Expanded_Known_Family,Expanded_Known_Family
1049,8564,1,Expanded_Known_Family,Potential_Novel_Family
1049,2514,1,Expanded_Known_Family,Known_Family_Only
1049,4103,1,Expanded_Known_Family,Potential_Novel_Family
1049,8126,1,Expanded_Known_Family,Known_Family_Only
1049,11955,1,Expanded_Known_Family,Potential_Novel_Family
1049,2286,1,Expanded_Known_Family,Expanded_Known_Family
1478,11537,1,Expanded_Known_Family,Known_Family_Only
1478,112,1,Expanded_Known_Family,Potential_Novel_Family
1478,4791,2,Expanded_Known_Family,Potential_Novel_Family
1478,3347,6,Expanded_Known_Family,Potential_Novel_Family
1478,6837,1,Expanded_Known_Family,Known_Family_Only
1478,11977,1,Expanded_Known_Family,Potential_Novel_Family
1478,214,1,Expanded_Known_Family,Expanded_Known_Family
5826,8808,1,Known_Family_Only,Potential_Novel_Family
4181,12258,1,Known_Family_Only,Potential_Novel_Family
3721,8377,1,Expanded_Known_Family,Potential_Novel_Family
3721,12887,1,Expanded_Known_Family,Potential_Novel_Family
9348,10555,1,Potential_Novel_Family,Potential_Novel_Family
12876,13132,1,Known_Family_Only,Potential_Novel_Family
335,3732,2,Potential_Novel_Family,Known_Family_Only
335,6471,3,Potential_Novel_Family,Potential_Novel_Family
335,1605,1,Potential_Novel_Family,Expanded_Known_Family
4551,6735,1,Potential_Novel_Family,Known_Family_Only
687,9986,1,Expanded_Known_Family,Potential_Novel_Family
687,5287,1,Expanded_Known_Family,Potential_Novel_Family
687,1855,1,Expanded_Known_Family,Potential_Novel_Family
3060,9945,1,Potential_Novel_Family,Potential_Novel_Family
3060,10092,1,Potential_Novel_Family,Known_Family_Only
5202,8065,1,Potential_Novel_Family,Known_Family_Only
2824,12969,1,Potential_Novel_Family,Potential_Novel_Family
2824,13063,1,Potential_Novel_Family,Known_Family_Only
12969,13063,1,Potential_Novel_Family,Known_Family_Only
2075,6004,4,Expanded_Known_Family,Expanded_Known_Family
2075,6102,2,Expanded_Known_Family,Potential_Novel_Family
2075,6508,1,Expanded_Known_Family,Known_Family_Only
2075,5644,4,Expanded_Known_Family,Expanded_Known_Family
2075,3367,1,Expanded_Known_Family,Potential_Novel_Family
2075,10600,1,Expanded_Known_Family,Known_Family_Only
2075,6833,1,Expanded_Known_Family,Potential_Novel_Family
2075,7330,1,Expanded_Known_Family,Potential_Novel_Family
2075,12833,1,Expanded_Known_Family,Known_Family_Only
4818,8590,1,Potential_Novel_Family,Known_Family_Only
4153,9684,5,Expanded_Known_Family,Expanded_Known_Family
4153,13290,1,Expanded_Known_Family,Potential_Novel_Family
9684,13290,1,Expanded_Known_Family,Potential_Novel_Family
4740,4936,1,Potential_Novel_Family,Known_Family_Only
6067,8131,1,Potential_Novel_Family,Potential_Novel_Family
6934,7232,2,Expanded_Known_Family,Expanded_Known_Family
5476,5935,1,Known_Family_Only,Known_Family_Only
5476,10594,1,Known_Family_Only,Known_Family_Only
5476,11337,1,Known_Family_Only,Potential_Novel_Family
5935,10594,1,Known_Family_Only,Known_Family_Only
5935,11337,1,Known_Family_Only,Potential_Novel_Family
10594,11337,1,Known_Family_Only,Potential_Novel_Family
6994,11338,1,Potential_Novel_Family,Known_Family_Only
7735,12467,1,Potential_Novel_Family,Known_Family_Only
2536,9112,5,Expanded_Known_Family,Expanded_Known_Family
2536,9865,1,Expanded_Known_Family,Potential_Novel_Family
2536,3183,1,Expanded_Known_Family,Expanded_Known_Family
2536,2032,1,Expanded_Known_Family,Potential_Novel_Family
9112,9865,1,Expanded_Known_Family,Potential_Novel_Family
1484,4863,1,Potential_Novel_Family,Potential_Novel_Family
2678,12226,1,Potential_Novel_Family,Known_Family_Only
1912,5181,1,Known_Family_Only,Known_Family_Only
1912,5841,1,Known_Family_Only,Known_Family_Only
1912,8268,1,Known_Family_Only,Known_Family_Only
1912,9482,1,Known_Family_Only,Known_Family_Only
1912,11020,1,Known_Family_Only,Potential_Novel_Family
5181,5841,1,Known_Family_Only,Known_Family_Only
5181,8268,1,Known_Family_Only,Known_Family_Only
5181,9482,1,Known_Family_Only,Known_Family_Only
5181,11020,1,Known_Family_Only,Potential_Novel_Family
5841,8268,1,Known_Family_Only,Known_Family_Only
5841,9482,1,Known_Family_Only,Known_Family_Only
5841,11020,1,Known_Family_Only,Potential_Novel_Family
8268,9482,1,Known_Family_Only,Known_Family_Only
8268,11020,1,Known_Family_Only,Potential_Novel_Family
9482,11020,1,Known_Family_Only,Potential_Novel_Family
261,4250,1,Expanded_Known_Family,Potential_Novel_Family
261,3873,1,Expanded_Known_Family,Expanded_Known_Family
261,5318,1,Expanded_Known_Family,Expanded_Known_Family
261,4542,1,Expanded_Known_Family,Expanded_Known_Family
261,5492,2,Expanded_Known_Family,Expanded_Known_Family
261,8557,2,Expanded_Known_Family,Expanded_Known_Family
261,4534,1,Expanded_Known_Family,Known_Family_Only
261,13280,1,Expanded_Known_Family,Known_Family_Only
261,4150,1,Expanded_Known_Family,Known_Family_Only
261,9787,1,Expanded_Known_Family,Potential_Novel_Family
261,4070,1,Expanded_Known_Family,Expanded_Known_Family
261,4095,1,Expanded_Known_Family,Expanded_Known_Family
261,4370,1,Expanded_Known_Family,Potential_Novel_Family
597,728,2,Expanded_Known_Family,Expanded_Known_Family
597,2095,1,Expanded_Known_Family,Potential_Novel_Family
728,10670,1,Expanded_Known_Family,Known_Family_Only
728,8384,1,Expanded_Known_Family,Potential_Novel_Family
728,1367,1,Expanded_Known_Family,Potential_Novel_Family
728,2141,1,Expanded_Known_Family,Potential_Novel_Family
728,1694,1,Expanded_Known_Family,Potential_Novel_Family
728,8294,1,Expanded_Known_Family,Known_Family_Only
3191,6971,2,Potential_Novel_Family,Potential_Novel_Family
3191,8129,1,Potential_Novel_Family,Potential_Novel_Family
799,13163,1,Expanded_Known_Family,Potential_Novel_Family
799,7790,1,Expanded_Known_Family,Potential_Novel_Family
799,1182,5,Expanded_Known_Family,Expanded_Known_Family
799,7674,2,Expanded_Known_Family,Expanded_Known_Family
799,3561,1,Expanded_Known_Family,Potential_Novel_Family
799,3138,1,Expanded_Known_Family,Potential_Novel_Family
799,1132,1,Expanded_Known_Family,Known_Family_Only
799,12089,1,Expanded_Known_Family,Potential_Novel_Family
799,10294,1,Expanded_Known_Family,Potential_Novel_Family
799,10402,2,Expanded_Known_Family,Known_Family_Only
799,2111,1,Expanded_Known_Family,Potential_Novel_Family
799,9300,2,Expanded_Known_Family,Potential_Novel_Family
799,9147,1,Expanded_Known_Family,Known_Family_Only
2355,3630,1,Known_Family_Only,Known_Family_Only
2355,4274,1,Known_Family_Only,Expanded_Known_Family
3630,4274,1,Known_Family_Only,Expanded_Known_Family
2761,5491,1,Expanded_Known_Family,Expanded_Known_Family
2761,9604,1,Expanded_Known_Family,Known_Family_Only
1414,14227,1,Potential_Novel_Family,Known_Family_Only
6894,11417,1,Potential_Novel_Family,Potential_Novel_Family
3511,11191,2,Expanded_Known_Family,Potential_Novel_Family
380,1810,1,Potential_Novel_Family,Potential_Novel_Family
380,2672,1,Potential_Novel_Family,Expanded_Known_Family
380,8,1,Potential_Novel_Family,Known_Family_Only
380,222,1,Potential_Novel_Family,Known_Family_Only
1810,2672,1,Potential_Novel_Family,Expanded_Known_Family
1810,5957,1,Potential_Novel_Family,Known_Family_Only
2672,5778,2,Expanded_Known_Family,Known_Family_Only
2672,9005,1,Expanded_Known_Family,Expanded_Known_Family
2672,10013,1,Expanded_Known_Family,Potential_Novel_Family
2672,13480,1,Expanded_Known_Family,Known_Family_Only
7128,11538,1,Potential_Novel_Family,Known_Family_Only
1116,1618,1,Known_Family_Only,Potential_Novel_Family
265,12236,1,Expanded_Known_Family,Potential_Novel_Family
12236,6222,1,Potential_Novel_Family,Potential_Novel_Family
12236,4343,3,Potential_Novel_Family,Expanded_Known_Family
12236,587,1,Potential_Novel_Family,Expanded_Known_Family
4475,6911,1,Potential_Novel_Family,Known_Family_Only
6911,4705,1,Known_Family_Only,Potential_Novel_Family
5107,6660,2,Expanded_Known_Family,Potential_Novel_Family
5107,10086,2,Expanded_Known_Family,Expanded_Known_Family
5107,10881,1,Expanded_Known_Family,Known_Family_Only
5107,9441,1,Expanded_Known_Family,Known_Family_Only
5107,11167,1,Expanded_Known_Family,Potential_Novel_Family
7090,10446,1,Known_Family_Only,Potential_Novel_Family
10446,7236,1,Potential_Novel_Family,Potential_Novel_Family
11277,13724,1,Potential_Novel_Family,Potential_Novel_Family
4738,181,1,Potential_Novel_Family,Expanded_Known_Family
4738,3890,1,Potential_Novel_Family,Expanded_Known_Family
4738,6844,1,Potential_Novel_Family,Potential_Novel_Family
935,1444,1,Potential_Novel_Family,Potential_Novel_Family
1444,4170,1,Potential_Novel_Family,Potential_Novel_Family
2266,5581,1,Potential_Novel_Family,Potential_Novel_Family
8501,2451,1,Expanded_Known_Family,Expanded_Known_Family
1567,4479,1,Known_Family_Only,Expanded_Known_Family
1567,5338,1,Known_Family_Only,Potential_Novel_Family
4479,5338,1,Expanded_Known_Family,Potential_Novel_Family
4479,1660,1,Expanded_Known_Family,Known_Family_Only
4479,7708,2,Expanded_Known_Family,Potential_Novel_Family
4479,1520,1,Expanded_Known_Family,Potential_Novel_Family
4479,4972,1,Expanded_Known_Family,Known_Family_Only
4479,3442,1,Expanded_Known_Family,Expanded_Known_Family
2399,2910,2,Potential_Novel_Family,Known_Family_Only
5571,9457,1,Expanded_Known_Family,Potential_Novel_Family
5571,3213,1,Expanded_Known_Family,Known_Family_Only
5571,9541,1,Expanded_Known_Family,Known_Family_Only
5571,764,1,Expanded_Known_Family,Known_Family_Only
2784,7053,1,Potential_Novel_Family,Potential_Novel_Family
2784,7473,1,Potential_Novel_Family,Known_Family_Only
2784,7115,1,Potential_Novel_Family,Known_Family_Only
2784,7182,1,Potential_Novel_Family,Potential_Novel_Family
7053,7473,1,Potential_Novel_Family,Known_Family_Only
2098,6064,1,Known_Family_Only,Potential_Novel_Family
4234,10102,1,Potential_Novel_Family,Known_Family_Only
4234,1834,3,Potential_Novel_Family,Expanded_Known_Family
4234,12589,3,Potential_Novel_Family,Potential_Novel_Family
4006,6542,2,Potential_Novel_Family,Expanded_Known_Family
4006,11566,1,Potential_Novel_Family,Known_Family_Only
964,8132,1,Expanded_Known_Family,Potential_Novel_Family
6661,7675,1,Known_Family_Only,Potential_Novel_Family
6661,7328,1,Known_Family_Only,Potential_Novel_Family
6661,7737,1,Known_Family_Only,Known_Family_Only
6661,6985,1,Known_Family_Only,Expanded_Known_Family
6661,7422,1,Known_Family_Only,Known_Family_Only
6661,8557,1,Known_Family_Only,Expanded_Known_Family
6661,7570,1,Known_Family_Only,Expanded_Known_Family
6013,9313,2,Expanded_Known_Family,Expanded_Known_Family
6013,80,2,Expanded_Known_Family,Potential_Novel_Family
6013,12866,1,Expanded_Known_Family,Known_Family_Only
912,3005,1,Known_Family_Only,Potential_Novel_Family
912,1109,1,Known_Family_Only,Expanded_Known_Family
912,3257,1,Known_Family_Only,Expanded_Known_Family
3005,12889,1,Potential_Novel_Family,Known_Family_Only
1953,2704,1,Expanded_Known_Family,Potential_Novel_Family
1796,3008,2,Potential_Novel_Family,Known_Family_Only
633,3423,1,Expanded_Known_Family,Expanded_Known_Family
633,3299,1,Expanded_Known_Family,Potential_Novel_Family
633,3108,3,Expanded_Known_Family,Expanded_Known_Family
633,3366,1,Expanded_Known_Family,Expanded_Known_Family
633,5203,1,Expanded_Known_Family,Expanded_Known_Family
633,361,1,Expanded_Known_Family,Expanded_Known_Family
633,3322,1,Expanded_Known_Family,Potential_Novel_Family
633,4929,1,Expanded_Known_Family,Known_Family_Only
633,3862,1,Expanded_Known_Family,Potential_Novel_Family
633,4342,1,Expanded_Known_Family,Potential_Novel_Family
633,9547,2,Expanded_Known_Family,Expanded_Known_Family
633,3707,1,Expanded_Known_Family,Known_Family_Only
633,3158,3,Expanded_Known_Family,Potential_Novel_Family
633,5350,1,Expanded_Known_Family,Expanded_Known_Family
633,4076,1,Expanded_Known_Family,Potential_Novel_Family
3423,10006,1,Expanded_Known_Family,Potential_Novel_Family
4008,5093,3,Expanded_Known_Family,Expanded_Known_Family
4008,10164,6,Expanded_Known_Family,Expanded_Known_Family
4008,1971,1,Expanded_Known_Family,Potential_Novel_Family
4008,8095,3,Expanded_Known_Family,Expanded_Known_Family
4008,13213,2,Expanded_Known_Family,Potential_Novel_Family
4008,7951,1,Expanded_Known_Family,Expanded_Known_Family
6065,8591,1,Potential_Novel_Family,Known_Family_Only
2069,669,2,Expanded_Known_Family,Known_Family_Only
2069,1481,3,Expanded_Known_Family,Expanded_Known_Family
2069,61,1,Expanded_Known_Family,Expanded_Known_Family
2069,3498,1,Expanded_Known_Family,Known_Family_Only
2069,6143,1,Expanded_Known_Family,Potential_Novel_Family
9649,11478,1,Known_Family_Only,Potential_Novel_Family
1161,8106,1,Potential_Novel_Family,Known_Family_Only
662,2416,2,Known_Family_Only,Potential_Novel_Family
662,3317,1,Known_Family_Only,Expanded_Known_Family
662,12079,1,Known_Family_Only,Potential_Novel_Family
2416,3317,1,Potential_Novel_Family,Expanded_Known_Family
2416,539,1,Potential_Novel_Family,Known_Family_Only
2416,496,1,Potential_Novel_Family,Potential_Novel_Family
3317,13884,1,Expanded_Known_Family,Potential_Novel_Family
3317,7039,1,Expanded_Known_Family,Potential_Novel_Family
73,11960,1,Expanded_Known_Family,Potential_Novel_Family
73,9873,1,Expanded_Known_Family,Potential_Novel_Family
73,8571,1,Expanded_Known_Family,Known_Family_Only
73,2250,1,Expanded_Known_Family,Known_Family_Only
73,7871,1,Expanded_Known_Family,Potential_Novel_Family
73,9668,1,Expanded_Known_Family,Known_Family_Only
73,10720,1,Expanded_Known_Family,Known_Family_Only
73,13472,1,Expanded_Known_Family,Known_Family_Only
1599,10793,3,Potential_Novel_Family,Expanded_Known_Family
6466,7325,1,Potential_Novel_Family,Potential_Novel_Family
1704,8389,1,Expanded_Known_Family,Expanded_Known_Family
1704,12593,1,Expanded_Known_Family,Potential_Novel_Family
1704,885,1,Expanded_Known_Family,Expanded_Known_Family
631,9827,1,Expanded_Known_Family,Known_Family_Only
631,6933,1,Expanded_Known_Family,Known_Family_Only
631,12296,1,Expanded_Known_Family,Known_Family_Only
631,2141,2,Expanded_Known_Family,Potential_Novel_Family
9827,4177,1,Known_Family_Only,Potential_Novel_Family
268,2564,1,Known_Family_Only,Potential_Novel_Family
268,2585,1,Known_Family_Only,Known_Family_Only
268,1026,1,Known_Family_Only,Potential_Novel_Family
2564,2585,1,Potential_Novel_Family,Known_Family_Only
13101,13877,2,Expanded_Known_Family,Potential_Novel_Family
122,898,1,Known_Family_Only,Expanded_Known_Family
122,2087,1,Known_Family_Only,Potential_Novel_Family
4110,4598,1,Potential_Novel_Family,Potential_Novel_Family
6066,12806,7,Expanded_Known_Family,Expanded_Known_Family
12806,6027,2,Expanded_Known_Family,Potential_Novel_Family
12806,6649,2,Expanded_Known_Family,Potential_Novel_Family
1020,2263,2,Expanded_Known_Family,Expanded_Known_Family
1020,3103,1,Expanded_Known_Family,Known_Family_Only
2263,3103,1,Expanded_Known_Family,Known_Family_Only
3103,2420,1,Known_Family_Only,Potential_Novel_Family
3103,4742,3,Known_Family_Only,Potential_Novel_Family
3103,5783,1,Known_Family_Only,Known_Family_Only
3103,977,1,Known_Family_Only,Known_Family_Only
3103,1967,1,Known_Family_Only,Potential_Novel_Family
8993,5964,1,Expanded_Known_Family,Expanded_Known_Family
2968,8955,1,Expanded_Known_Family,Potential_Novel_Family
2968,9528,1,Expanded_Known_Family,Expanded_Known_Family
4251,8991,1,Potential_Novel_Family,Known_Family_Only
3645,4303,1,Potential_Novel_Family,Known_Family_Only
3645,7492,1,Potential_Novel_Family,Expanded_Known_Family
5120,5203,1,Potential_Novel_Family,Expanded_Known_Family
5203,3366,1,Expanded_Known_Family,Expanded_Known_Family
5203,1313,1,Expanded_Known_Family,Expanded_Known_Family
5203,266,1,Expanded_Known_Family,Potential_Novel_Family
5203,575,1,Expanded_Known_Family,Expanded_Known_Family
5203,4835,1,Expanded_Known_Family,Expanded_Known_Family
5203,4267,1,Expanded_Known_Family,Potential_Novel_Family
1451,12062,1,Potential_Novel_Family,Known_Family_Only
8518,9448,1,Potential_Novel_Family,Potential_Novel_Family
11303,14042,2,Expanded_Known_Family,Potential_Novel_Family
11303,13940,1,Expanded_Known_Family,Known_Family_Only
11303,10994,1,Expanded_Known_Family,Known_Family_Only
14042,13940,1,Potential_Novel_Family,Known_Family_Only
5477,5842,3,Potential_Novel_Family,Expanded_Known_Family
3960,10337,1,Known_Family_Only,Potential_Novel_Family
3960,13205,1,Known_Family_Only,Potential_Novel_Family
2762,3263,1,Potential_Novel_Family,Expanded_Known_Family
2762,11323,2,Potential_Novel_Family,Potential_Novel_Family
2762,9674,1,Potential_Novel_Family,Known_Family_Only
2762,10472,1,Potential_Novel_Family,Potential_Novel_Family
3263,14149,1,Expanded_Known_Family,Known_Family_Only
3263,2115,5,Expanded_Known_Family,Expanded_Known_Family
3263,2436,1,Expanded_Known_Family,Expanded_Known_Family
2650,13330,1,Expanded_Known_Family,Expanded_Known_Family
2650,8286,1,Expanded_Known_Family,Known_Family_Only
2650,9811,1,Expanded_Known_Family,Potential_Novel_Family
13330,12015,2,Expanded_Known_Family,Expanded_Known_Family
9573,9946,1,Potential_Novel_Family,Known_Family_Only
7016,7442,1,Known_Family_Only,Potential_Novel_Family
5346,6679,5,Expanded_Known_Family,Expanded_Known_Family
5346,7281,1,Expanded_Known_Family,Potential_Novel_Family
5346,7217,1,Expanded_Known_Family,Potential_Novel_Family
3646,10517,2,Potential_Novel_Family,Expanded_Known_Family
5215,12185,3,Expanded_Known_Family,Potential_Novel_Family
5215,12271,1,Expanded_Known_Family,Known_Family_Only
11172,12932,5,Expanded_Known_Family,Expanded_Known_Family
11172,13825,5,Expanded_Known_Family,Expanded_Known_Family
12932,13036,1,Expanded_Known_Family,Potential_Novel_Family
12932,11203,1,Expanded_Known_Family,Expanded_Known_Family
9412,9904,1,Potential_Novel_Family,Known_Family_Only
815,3434,1,Expanded_Known_Family,Expanded_Known_Family
815,1529,3,Expanded_Known_Family,Expanded_Known_Family
815,8570,1,Expanded_Known_Family,Expanded_Known_Family
815,3382,1,Expanded_Known_Family,Potential_Novel_Family
815,5719,1,Expanded_Known_Family,Known_Family_Only
815,2941,1,Expanded_Known_Family,Potential_Novel_Family
815,11360,1,Expanded_Known_Family,Potential_Novel_Family
815,6949,1,Expanded_Known_Family,Potential_Novel_Family
815,5556,1,Expanded_Known_Family,Potential_Novel_Family
3434,10960,1,Expanded_Known_Family,Potential_Novel_Family
3434,11586,1,Expanded_Known_Family,Known_Family_Only
3434,5218,1,Expanded_Known_Family,Known_Family_Only
3434,10241,1,Expanded_Known_Family,Known_Family_Only
3434,3870,9,Expanded_Known_Family,Expanded_Known_Family
3434,10841,4,Expanded_Known_Family,Expanded_Known_Family
3434,12882,1,Expanded_Known_Family,Potential_Novel_Family
7153,8080,1,Potential_Novel_Family,Expanded_Known_Family
8080,12559,1,Expanded_Known_Family,Potential_Novel_Family
14018,14245,2,Potential_Novel_Family,Potential_Novel_Family
6040,9034,3,Expanded_Known_Family,Potential_Novel_Family
6653,10103,1,Known_Family_Only,Potential_Novel_Family
5907,6120,1,Potential_Novel_Family,Expanded_Known_Family
5907,11606,1,Potential_Novel_Family,Known_Family_Only
5907,9180,7,Potential_Novel_Family,Expanded_Known_Family
5907,11361,1,Potential_Novel_Family,Potential_Novel_Family
5907,13177,3,Potential_Novel_Family,Known_Family_Only
5907,4466,1,Potential_Novel_Family,Potential_Novel_Family
5907,6554,1,Potential_Novel_Family,Known_Family_Only
5907,7107,1,Potential_Novel_Family,Known_Family_Only
5907,9469,2,Potential_Novel_Family,Known_Family_Only
5907,1507,1,Potential_Novel_Family,Potential_Novel_Family
5907,7593,1,Potential_Novel_Family,Potential_Novel_Family
5907,12724,1,Potential_Novel_Family,Potential_Novel_Family
6534,9574,1,Potential_Novel_Family,Potential_Novel_Family
12439,13556,7,Expanded_Known_Family,Expanded_Known_Family
262,450,16,Known_Family_Only,Known_Family_Only
262,3691,16,Known_Family_Only,Potential_Novel_Family
262,350,4,Known_Family_Only,Expanded_Known_Family
262,7404,4,Known_Family_Only,Known_Family_Only
262,8330,4,Known_Family_Only,Expanded_Known_Family
262,10091,4,Known_Family_Only,Expanded_Known_Family
262,6239,1,Known_Family_Only,Known_Family_Only
450,3691,16,Known_Family_Only,Potential_Novel_Family
450,821,1,Known_Family_Only,Known_Family_Only
450,4377,1,Known_Family_Only,Known_Family_Only
450,4403,1,Known_Family_Only,Potential_Novel_Family
450,13913,1,Known_Family_Only,Potential_Novel_Family
450,350,4,Known_Family_Only,Expanded_Known_Family
450,7404,4,Known_Family_Only,Known_Family_Only
450,8330,4,Known_Family_Only,Expanded_Known_Family
450,10091,4,Known_Family_Only,Expanded_Known_Family
450,6239,1,Known_Family_Only,Known_Family_Only
3691,350,4,Potential_Novel_Family,Expanded_Known_Family
3691,7404,4,Potential_Novel_Family,Known_Family_Only
3691,8330,4,Potential_Novel_Family,Expanded_Known_Family
3691,10091,4,Potential_Novel_Family,Expanded_Known_Family
3691,6239,1,Potential_Novel_Family,Known_Family_Only
1485,2949,3,Expanded_Known_Family,Expanded_Known_Family
2949,1594,1,Expanded_Known_Family,Potential_Novel_Family
31,6535,1,Expanded_Known_Family,Expanded_Known_Family
31,8148,1,Expanded_Known_Family,Expanded_Known_Family
31,1184,1,Expanded_Known_Family,Potential_Novel_Family
31,2322,1,Expanded_Known_Family,Potential_Novel_Family
31,3586,1,Expanded_Known_Family,Expanded_Known_Family
31,4325,1,Expanded_Known_Family,Potential_Novel_Family
6535,8148,2,Expanded_Known_Family,Expanded_Known_Family
6535,8322,1,Expanded_Known_Family,Known_Family_Only
6535,1114,1,Expanded_Known_Family,Potential_Novel_Family
6535,13127,2,Expanded_Known_Family,Potential_Novel_Family
6535,8082,2,Expanded_Known_Family,Potential_Novel_Family
6535,3777,1,Expanded_Known_Family,Potential_Novel_Family
6535,4523,1,Expanded_Known_Family,Known_Family_Only
8148,13127,1,Expanded_Known_Family,Potential_Novel_Family
8148,8322,1,Expanded_Known_Family,Known_Family_Only
2212,2443,1,Potential_Novel_Family,Potential_Novel_Family
5280,6041,1,Potential_Novel_Family,Known_Family_Only
5280,8809,1,Potential_Novel_Family,Potential_Novel_Family
5280,9762,1,Potential_Novel_Family,Known_Family_Only
6041,8809,1,Known_Family_Only,Potential_Novel_Family
6041,9762,1,Known_Family_Only,Known_Family_Only
8809,9762,1,Potential_Novel_Family,Known_Family_Only
6629,6736,1,Known_Family_Only,Potential_Novel_Family
6736,538,1,Potential_Novel_Family,Known_Family_Only
5095,2682,2,Expanded_Known_Family,Known_Family_Only
5095,2746,1,Expanded_Known_Family,Known_Family_Only
5095,5362,6,Expanded_Known_Family,Expanded_Known_Family
5095,1076,1,Expanded_Known_Family,Known_Family_Only
5095,2927,1,Expanded_Known_Family,Known_Family_Only
5095,3308,1,Expanded_Known_Family,Known_Family_Only
5095,2710,1,Expanded_Known_Family,Known_Family_Only
5095,2716,1,Expanded_Known_Family,Known_Family_Only
6348,8827,1,Expanded_Known_Family,Expanded_Known_Family
6348,4554,1,Expanded_Known_Family,Potential_Novel_Family
6348,10527,1,Expanded_Known_Family,Potential_Novel_Family
6348,5441,1,Expanded_Known_Family,Expanded_Known_Family
6348,2244,1,Expanded_Known_Family,Known_Family_Only
6348,756,1,Expanded_Known_Family,Known_Family_Only
6348,4749,1,Expanded_Known_Family,Potential_Novel_Family
6348,4666,1,Expanded_Known_Family,Potential_Novel_Family
8827,5047,1,Expanded_Known_Family,Known_Family_Only
5014,7154,4,Expanded_Known_Family,Expanded_Known_Family
5014,10369,4,Expanded_Known_Family,Expanded_Known_Family
7154,10369,5,Expanded_Known_Family,Expanded_Known_Family
10369,7265,1,Expanded_Known_Family,Potential_Novel_Family
511,4921,1,Expanded_Known_Family,Expanded_Known_Family
511,71,1,Expanded_Known_Family,Expanded_Known_Family
511,4485,1,Expanded_Known_Family,Potential_Novel_Family
4921,2033,1,Expanded_Known_Family,Known_Family_Only
4921,3000,1,Expanded_Known_Family,Expanded_Known_Family
4921,3740,1,Expanded_Known_Family,Known_Family_Only
4921,5024,1,Expanded_Known_Family,Known_Family_Only
4921,8247,1,Expanded_Known_Family,Potential_Novel_Family
8436,8963,2,Expanded_Known_Family,Expanded_Known_Family
8436,12856,2,Expanded_Known_Family,Potential_Novel_Family
8436,7147,2,Expanded_Known_Family,Known_Family_Only
2533,11304,1,Potential_Novel_Family,Known_Family_Only
2533,10604,1,Potential_Novel_Family,Known_Family_Only
309,7194,1,Expanded_Known_Family,Potential_Novel_Family
309,3165,1,Expanded_Known_Family,Potential_Novel_Family
309,5845,1,Expanded_Known_Family,Known_Family_Only
309,3449,2,Expanded_Known_Family,Potential_Novel_Family
309,3119,2,Expanded_Known_Family,Potential_Novel_Family
309,801,1,Expanded_Known_Family,Known_Family_Only
309,2890,1,Expanded_Known_Family,Expanded_Known_Family
309,4824,1,Expanded_Known_Family,Potential_Novel_Family
309,6303,1,Expanded_Known_Family,Known_Family_Only
309,8523,1,Expanded_Known_Family,Known_Family_Only
309,5754,2,Expanded_Known_Family,Potential_Novel_Family
309,3054,1,Expanded_Known_Family,Expanded_Known_Family
309,3137,1,Expanded_Known_Family,Potential_Novel_Family
309,6106,1,Expanded_Known_Family,Potential_Novel_Family
309,6323,1,Expanded_Known_Family,Known_Family_Only
1481,2642,1,Expanded_Known_Family,Potential_Novel_Family
1481,669,2,Expanded_Known_Family,Known_Family_Only
1481,2937,1,Expanded_Known_Family,Potential_Novel_Family
1481,2093,1,Expanded_Known_Family,Potential_Novel_Family
1481,4048,1,Expanded_Known_Family,Expanded_Known_Family
1481,3264,1,Expanded_Known_Family,Potential_Novel_Family
1481,3490,1,Expanded_Known_Family,Potential_Novel_Family
1481,2414,3,Expanded_Known_Family,Expanded_Known_Family
1481,2295,1,Expanded_Known_Family,Expanded_Known_Family
2642,669,2,Potential_Novel_Family,Known_Family_Only
525,1434,1,Expanded_Known_Family,Potential_Novel_Family
525,7672,1,Expanded_Known_Family,Known_Family_Only
525,485,1,Expanded_Known_Family,Expanded_Known_Family
1434,7672,1,Potential_Novel_Family,Known_Family_Only
7672,17,1,Known_Family_Only,Expanded_Known_Family
7672,215,1,Known_Family_Only,Expanded_Known_Family
7672,321,1,Known_Family_Only,Known_Family_Only
7672,1082,1,Known_Family_Only,Expanded_Known_Family
8034,11983,1,Known_Family_Only,Potential_Novel_Family
6689,7703,1,Expanded_Known_Family,Potential_Novel_Family
6689,9905,1,Expanded_Known_Family,Known_Family_Only
6689,12950,1,Expanded_Known_Family,Known_Family_Only
7703,9905,1,Potential_Novel_Family,Known_Family_Only
1529,1288,5,Expanded_Known_Family,Expanded_Known_Family
603,4433,2,Expanded_Known_Family,Potential_Novel_Family
603,7657,2,Expanded_Known_Family,Expanded_Known_Family
603,3641,1,Expanded_Known_Family,Known_Family_Only
603,4218,2,Expanded_Known_Family,Expanded_Known_Family
603,3231,1,Expanded_Known_Family,Expanded_Known_Family
6895,8878,2,Known_Family_Only,Potential_Novel_Family
6895,6,1,Known_Family_Only,Expanded_Known_Family
8878,6,1,Potential_Novel_Family,Expanded_Known_Family
7192,13223,1,Known_Family_Only,Potential_Novel_Family
137,6947,1,Known_Family_Only,Expanded_Known_Family
137,6752,1,Known_Family_Only,Potential_Novel_Family
137,4380,1,Known_Family_Only,Potential_Novel_Family
6947,3179,2,Expanded_Known_Family,Potential_Novel_Family
7771,5991,1,Expanded_Known_Family,Expanded_Known_Family
2073,3117,1,Potential_Novel_Family,Known_Family_Only
3772,4296,1,Known_Family_Only,Potential_Novel_Family
3772,4355,1,Known_Family_Only,Expanded_Known_Family
3772,9116,1,Known_Family_Only,Known_Family_Only
4296,4355,4,Potential_Novel_Family,Expanded_Known_Family
4296,9116,1,Potential_Novel_Family,Known_Family_Only
4296,4948,1,Potential_Novel_Family,Expanded_Known_Family
4355,9116,1,Expanded_Known_Family,Known_Family_Only
4355,6637,1,Expanded_Known_Family,Potential_Novel_Family
2481,9083,1,Potential_Novel_Family,Potential_Novel_Family
749,5912,1,Expanded_Known_Family,Potential_Novel_Family
749,6254,1,Expanded_Known_Family,Expanded_Known_Family
749,11124,1,Expanded_Known_Family,Expanded_Known_Family
749,12237,1,Expanded_Known_Family,Potential_Novel_Family
749,6621,1,Expanded_Known_Family,Potential_Novel_Family
10667,11278,1,Potential_Novel_Family,Potential_Novel_Family
3752,14043,1,Potential_Novel_Family,Known_Family_Only
520,1833,1,Known_Family_Only,Potential_Novel_Family
520,6386,2,Known_Family_Only,Known_Family_Only
520,13100,1,Known_Family_Only,Potential_Novel_Family
1833,6386,1,Potential_Novel_Family,Known_Family_Only
1833,13100,1,Potential_Novel_Family,Potential_Novel_Family
6386,13100,1,Known_Family_Only,Potential_Novel_Family
7821,10197,1,Potential_Novel_Family,Potential_Novel_Family
7821,1500,1,Potential_Novel_Family,Expanded_Known_Family
9361,8284,1,Expanded_Known_Family,Expanded_Known_Family
9361,3475,2,Expanded_Known_Family,Known_Family_Only
1316,1376,1,Potential_Novel_Family,Known_Family_Only
6567,8404,1,Potential_Novel_Family,Potential_Novel_Family
9799,10410,1,Potential_Novel_Family,Potential_Novel_Family
271,2418,2,Expanded_Known_Family,Potential_Novel_Family
271,13961,2,Expanded_Known_Family,Potential_Novel_Family
1038,4304,1,Potential_Novel_Family,Potential_Novel_Family
838,5325,3,Expanded_Known_Family,Expanded_Known_Family
5325,810,3,Expanded_Known_Family,Expanded_Known_Family
5325,761,2,Expanded_Known_Family,Expanded_Known_Family
5325,775,1,Expanded_Known_Family,Known_Family_Only
2787,8840,2,Potential_Novel_Family,Potential_Novel_Family
2223,6301,19,Potential_Novel_Family,Expanded_Known_Family
9906,11383,1,Potential_Novel_Family,Known_Family_Only
2851,6346,1,Potential_Novel_Family,Expanded_Known_Family
6346,4533,1,Expanded_Known_Family,Potential_Novel_Family
3899,7040,1,Potential_Novel_Family,Expanded_Known_Family
7040,7426,13,Expanded_Known_Family,Expanded_Known_Family
7040,9024,1,Expanded_Known_Family,Expanded_Known_Family
7040,2926,1,Expanded_Known_Family,Expanded_Known_Family
7040,13962,2,Expanded_Known_Family,Known_Family_Only
213,5913,1,Expanded_Known_Family,Potential_Novel_Family
6442,6776,1,Known_Family_Only,Known_Family_Only
6442,7499,1,Known_Family_Only,Potential_Novel_Family
6776,7499,1,Known_Family_Only,Potential_Novel_Family
6776,6258,2,Known_Family_Only,Expanded_Known_Family
6776,8185,1,Known_Family_Only,Potential_Novel_Family
6776,4638,1,Known_Family_Only,Expanded_Known_Family
6776,6647,1,Known_Family_Only,Known_Family_Only
6776,8980,1,Known_Family_Only,Known_Family_Only
7560,13850,2,Potential_Novel_Family,Expanded_Known_Family
7560,13158,1,Potential_Novel_Family,Expanded_Known_Family
13850,13878,1,Expanded_Known_Family,Potential_Novel_Family
13850,3649,1,Expanded_Known_Family,Expanded_Known_Family
13850,13228,17,Expanded_Known_Family,Potential_Novel_Family
13850,11609,1,Expanded_Known_Family,Known_Family_Only
13850,12847,3,Expanded_Known_Family,Potential_Novel_Family
13850,12532,1,Expanded_Known_Family,Potential_Novel_Family
13850,13461,3,Expanded_Known_Family,Potential_Novel_Family
13850,2739,1,Expanded_Known_Family,Expanded_Known_Family
13850,13389,1,Expanded_Known_Family,Potential_Novel_Family
13850,3480,1,Expanded_Known_Family,Expanded_Known_Family
13850,11997,1,Expanded_Known_Family,Potential_Novel_Family
13850,212,1,Expanded_Known_Family,Expanded_Known_Family
453,1317,1,Known_Family_Only,Known_Family_Only
453,2267,5,Known_Family_Only,Expanded_Known_Family
453,2935,1,Known_Family_Only,Potential_Novel_Family
453,3879,1,Known_Family_Only,Known_Family_Only
453,950,1,Known_Family_Only,Potential_Novel_Family
453,3926,1,Known_Family_Only,Known_Family_Only
453,4699,1,Known_Family_Only,Known_Family_Only
453,2723,1,Known_Family_Only,Known_Family_Only
453,3847,3,Known_Family_Only,Expanded_Known_Family
453,4591,2,Known_Family_Only,Known_Family_Only
453,10624,2,Known_Family_Only,Potential_Novel_Family
453,4154,1,Known_Family_Only,Known_Family_Only
1317,2267,1,Known_Family_Only,Expanded_Known_Family
1317,2935,1,Known_Family_Only,Potential_Novel_Family
1317,3879,1,Known_Family_Only,Known_Family_Only
2267,2935,1,Expanded_Known_Family,Potential_Novel_Family
2267,3879,1,Expanded_Known_Family,Known_Family_Only
2267,3869,2,Expanded_Known_Family,Expanded_Known_Family
2267,4187,1,Expanded_Known_Family,Known_Family_Only
2267,3847,5,Expanded_Known_Family,Expanded_Known_Family
2267,4532,1,Expanded_Known_Family,Expanded_Known_Family
2267,4636,1,Expanded_Known_Family,Known_Family_Only
2267,3745,1,Expanded_Known_Family,Known_Family_Only
2267,2723,1,Expanded_Known_Family,Known_Family_Only
2267,4591,2,Expanded_Known_Family,Known_Family_Only
2267,10624,2,Expanded_Known_Family,Potential_Novel_Family
2267,4154,1,Expanded_Known_Family,Known_Family_Only
2935,3879,1,Potential_Novel_Family,Known_Family_Only
853,2213,1,Expanded_Known_Family,Expanded_Known_Family
853,9651,1,Expanded_Known_Family,Known_Family_Only
2213,5789,1,Expanded_Known_Family,Potential_Novel_Family
7636,9575,1,Potential_Novel_Family,Expanded_Known_Family
9575,3881,1,Expanded_Known_Family,Potential_Novel_Family
9575,2353,1,Expanded_Known_Family,Potential_Novel_Family
10631,11539,3,Known_Family_Only,Potential_Novel_Family
1457,3391,3,Potential_Novel_Family,Expanded_Known_Family
8269,8694,4,Expanded_Known_Family,Expanded_Known_Family
8269,13141,1,Expanded_Known_Family,Known_Family_Only
8269,7508,2,Expanded_Known_Family,Expanded_Known_Family
6092,6630,1,Known_Family_Only,Potential_Novel_Family
4732,6437,1,Expanded_Known_Family,Expanded_Known_Family
6437,5547,1,Expanded_Known_Family,Potential_Novel_Family
6437,1013,1,Expanded_Known_Family,Potential_Novel_Family
7600,12468,1,Expanded_Known_Family,Known_Family_Only
7600,245,1,Expanded_Known_Family,Known_Family_Only
7600,375,1,Expanded_Known_Family,Known_Family_Only
7600,822,1,Expanded_Known_Family,Known_Family_Only
7600,4939,1,Expanded_Known_Family,Known_Family_Only
7600,6472,1,Expanded_Known_Family,Potential_Novel_Family
7600,6781,1,Expanded_Known_Family,Known_Family_Only
7600,10606,1,Expanded_Known_Family,Potential_Novel_Family
7600,4665,1,Expanded_Known_Family,Expanded_Known_Family
12468,6111,1,Known_Family_Only,Expanded_Known_Family
6504,12193,1,Potential_Novel_Family,Potential_Novel_Family
2698,12670,1,Expanded_Known_Family,Potential_Novel_Family
10747,6555,1,Expanded_Known_Family,Potential_Novel_Family
2718,7506,2,Expanded_Known_Family,Expanded_Known_Family
2718,7351,1,Expanded_Known_Family,Potential_Novel_Family
2718,7616,2,Expanded_Known_Family,Potential_Novel_Family
6222,9384,1,Potential_Novel_Family,Known_Family_Only
6568,9117,1,Known_Family_Only,Potential_Novel_Family
11950,12381,1,Expanded_Known_Family,Potential_Novel_Family
11950,67,1,Expanded_Known_Family,Expanded_Known_Family
2911,10067,1,Known_Family_Only,Expanded_Known_Family
2911,10561,1,Known_Family_Only,Expanded_Known_Family
2911,11708,1,Known_Family_Only,Expanded_Known_Family
10067,10561,1,Expanded_Known_Family,Expanded_Known_Family
10067,11708,1,Expanded_Known_Family,Expanded_Known_Family
10067,2545,1,Expanded_Known_Family,Known_Family_Only
10067,11248,1,Expanded_Known_Family,Potential_Novel_Family
10067,1280,1,Expanded_Known_Family,Potential_Novel_Family
10561,11708,1,Expanded_Known_Family,Expanded_Known_Family
10561,171,9,Expanded_Known_Family,Expanded_Known_Family
10561,4642,1,Expanded_Known_Family,Known_Family_Only
11708,4254,1,Expanded_Known_Family,Expanded_Known_Family
11708,7061,1,Expanded_Known_Family,Known_Family_Only
11708,8558,1,Expanded_Known_Family,Expanded_Known_Family
11708,10567,1,Expanded_Known_Family,Known_Family_Only
2030,5339,1,Potential_Novel_Family,Potential_Novel_Family
2030,8173,1,Potential_Novel_Family,Potential_Novel_Family
2030,9589,1,Potential_Novel_Family,Known_Family_Only
2030,5856,1,Potential_Novel_Family,Potential_Novel_Family
5339,8173,1,Potential_Novel_Family,Potential_Novel_Family
4333,11452,1,Potential_Novel_Family,Potential_Novel_Family
4741,7760,1,Potential_Novel_Family,Potential_Novel_Family
25,6896,1,Expanded_Known_Family,Potential_Novel_Family
25,457,1,Expanded_Known_Family,Potential_Novel_Family
25,10163,1,Expanded_Known_Family,Potential_Novel_Family
25,8119,1,Expanded_Known_Family,Potential_Novel_Family
25,14047,2,Expanded_Known_Family,Expanded_Known_Family
6896,4436,1,Potential_Novel_Family,Expanded_Known_Family
5037,6272,1,Potential_Novel_Family,Potential_Novel_Family
417,6611,1,Expanded_Known_Family,Known_Family_Only
417,9124,1,Expanded_Known_Family,Potential_Novel_Family
417,12745,1,Expanded_Known_Family,Potential_Novel_Family
417,1595,1,Expanded_Known_Family,Potential_Novel_Family
689,2565,2,Known_Family_Only,Potential_Novel_Family
2926,12697,1,Expanded_Known_Family,Potential_Novel_Family
2926,7426,18,Expanded_Known_Family,Expanded_Known_Family
2926,8411,3,Expanded_Known_Family,Expanded_Known_Family
2926,7579,1,Expanded_Known_Family,Potential_Novel_Family
5253,6217,1,Potential_Novel_Family,Known_Family_Only
134,5160,1,Expanded_Known_Family,Potential_Novel_Family
134,328,3,Expanded_Known_Family,Potential_Novel_Family
3944,4625,1,Expanded_Known_Family,Potential_Novel_Family
3944,1080,3,Expanded_Known_Family,Expanded_Known_Family
3944,7398,1,Expanded_Known_Family,Potential_Novel_Family
3837,4136,1,Potential_Novel_Family,Known_Family_Only
9413,10826,1,Potential_Novel_Family,Known_Family_Only
4670,8174,1,Potential_Novel_Family,Known_Family_Only
923,1455,1,Expanded_Known_Family,Expanded_Known_Family
923,12444,2,Expanded_Known_Family,Potential_Novel_Family
1455,5389,7,Expanded_Known_Family,Expanded_Known_Family
1455,1124,1,Expanded_Known_Family,Expanded_Known_Family
2064,4552,1,Known_Family_Only,Potential_Novel_Family
6093,7382,1,Known_Family_Only,Potential_Novel_Family
10028,11733,1,Potential_Novel_Family,Potential_Novel_Family
11734,13549,1,Potential_Novel_Family,Potential_Novel_Family
8956,11059,1,Potential_Novel_Family,Known_Family_Only
3284,3285,1,Known_Family_Only,Potential_Novel_Family
3284,4631,1,Known_Family_Only,Expanded_Known_Family
3839,10447,1,Expanded_Known_Family,Potential_Novel_Family
3839,9274,2,Expanded_Known_Family,Expanded_Known_Family
3839,9912,1,Expanded_Known_Family,Potential_Novel_Family
3839,8316,1,Expanded_Known_Family,Known_Family_Only
3839,9506,5,Expanded_Known_Family,Known_Family_Only
3839,9857,3,Expanded_Known_Family,Expanded_Known_Family
359,13076,4,Expanded_Known_Family,Expanded_Known_Family
359,3970,1,Expanded_Known_Family,Potential_Novel_Family
359,518,1,Expanded_Known_Family,Potential_Novel_Family
359,7467,1,Expanded_Known_Family,Potential_Novel_Family
13076,14298,1,Expanded_Known_Family,Known_Family_Only
13076,14238,1,Expanded_Known_Family,Potential_Novel_Family
13076,10271,2,Expanded_Known_Family,Potential_Novel_Family
13076,7978,1,Expanded_Known_Family,Known_Family_Only
13076,223,1,Expanded_Known_Family,Expanded_Known_Family
13076,13391,1,Expanded_Known_Family,Expanded_Known_Family
13076,13928,1,Expanded_Known_Family,Known_Family_Only
13076,14037,1,Expanded_Known_Family,Potential_Novel_Family
6677,9213,1,Expanded_Known_Family,Expanded_Known_Family
6677,9439,1,Expanded_Known_Family,Expanded_Known_Family
6482,8086,2,Expanded_Known_Family,Expanded_Known_Family
112,5708,2,Potential_Novel_Family,Expanded_Known_Family
112,12320,1,Potential_Novel_Family,Known_Family_Only
112,12760,1,Potential_Novel_Family,Potential_Novel_Family
5708,11555,1,Expanded_Known_Family,Known_Family_Only
10668,11479,1,Potential_Novel_Family,Known_Family_Only
64,205,1,Expanded_Known_Family,Known_Family_Only
64,818,1,Expanded_Known_Family,Expanded_Known_Family
64,7761,1,Expanded_Known_Family,Potential_Novel_Family
64,10029,1,Expanded_Known_Family,Known_Family_Only
64,14013,1,Expanded_Known_Family,Known_Family_Only
205,818,1,Known_Family_Only,Expanded_Known_Family
205,7761,1,Known_Family_Only,Potential_Novel_Family
205,10029,1,Known_Family_Only,Known_Family_Only
818,7761,1,Expanded_Known_Family,Potential_Novel_Family
818,10029,1,Expanded_Known_Family,Known_Family_Only
7761,10029,1,Potential_Novel_Family,Known_Family_Only
333,362,1,Expanded_Known_Family,Expanded_Known_Family
333,2291,1,Expanded_Known_Family,Potential_Novel_Family
333,565,2,Expanded_Known_Family,Potential_Novel_Family
362,4538,1,Expanded_Known_Family,Known_Family_Only
362,5573,1,Expanded_Known_Family,Potential_Novel_Family
362,4177,1,Expanded_Known_Family,Potential_Novel_Family
3613,7618,4,Expanded_Known_Family,Expanded_Known_Family
7618,8671,1,Expanded_Known_Family,Potential_Novel_Family
7618,8901,1,Expanded_Known_Family,Known_Family_Only
6387,13006,1,Known_Family_Only,Potential_Novel_Family
2315,5970,1,Expanded_Known_Family,Potential_Novel_Family
2315,12838,1,Expanded_Known_Family,Known_Family_Only
2315,8057,1,Expanded_Known_Family,Potential_Novel_Family
5970,2413,1,Potential_Novel_Family,Expanded_Known_Family
5970,11104,1,Potential_Novel_Family,Known_Family_Only
5970,12755,1,Potential_Novel_Family,Known_Family_Only
5970,3195,1,Potential_Novel_Family,Expanded_Known_Family
11653,12837,1,Known_Family_Only,Potential_Novel_Family
7225,10794,1,Potential_Novel_Family,Known_Family_Only
6168,9214,1,Known_Family_Only,Potential_Novel_Family
6678,10370,1,Potential_Novel_Family,Potential_Novel_Family
125,7415,1,Expanded_Known_Family,Potential_Novel_Family
125,7941,1,Expanded_Known_Family,Expanded_Known_Family
125,44,1,Expanded_Known_Family,Expanded_Known_Family
125,4574,1,Expanded_Known_Family,Potential_Novel_Family
125,4628,1,Expanded_Known_Family,Potential_Novel_Family
125,1219,1,Expanded_Known_Family,Known_Family_Only
125,3972,1,Expanded_Known_Family,Known_Family_Only
125,11553,1,Expanded_Known_Family,Potential_Novel_Family
125,566,2,Expanded_Known_Family,Expanded_Known_Family
125,82,1,Expanded_Known_Family,Expanded_Known_Family
1435,3435,1,Expanded_Known_Family,Potential_Novel_Family
1435,4922,1,Expanded_Known_Family,Potential_Novel_Family
1435,843,1,Expanded_Known_Family,Potential_Novel_Family
1435,4558,3,Expanded_Known_Family,Expanded_Known_Family
1435,2919,1,Expanded_Known_Family,Potential_Novel_Family
3435,4922,1,Potential_Novel_Family,Potential_Novel_Family
4923,6897,1,Potential_Novel_Family,Potential_Novel_Family
12548,13605,1,Known_Family_Only,Expanded_Known_Family
13605,12811,2,Expanded_Known_Family,Expanded_Known_Family
13605,13832,4,Expanded_Known_Family,Potential_Novel_Family
13605,11072,1,Expanded_Known_Family,Potential_Novel_Family
13605,14179,1,Expanded_Known_Family,Known_Family_Only
392,1158,1,Expanded_Known_Family,Potential_Novel_Family
392,1778,1,Expanded_Known_Family,Known_Family_Only
392,1836,1,Expanded_Known_Family,Potential_Novel_Family
392,8723,1,Expanded_Known_Family,Known_Family_Only
13851,14277,1,Known_Family_Only,Potential_Novel_Family
13158,12798,3,Expanded_Known_Family,Expanded_Known_Family
13158,12792,1,Expanded_Known_Family,Known_Family_Only
13158,6173,1,Expanded_Known_Family,Expanded_Known_Family
13158,12515,5,Expanded_Known_Family,Expanded_Known_Family
13158,10214,2,Expanded_Known_Family,Potential_Novel_Family
13158,12645,1,Expanded_Known_Family,Expanded_Known_Family
13158,14,1,Expanded_Known_Family,Expanded_Known_Family
1779,7890,1,Expanded_Known_Family,Potential_Novel_Family
1779,8608,1,Expanded_Known_Family,Potential_Novel_Family
5737,11961,1,Expanded_Known_Family,Potential_Novel_Family
5737,8415,1,Expanded_Known_Family,Known_Family_Only
12525,13032,1,Potential_Novel_Family,Potential_Novel_Family
10448,10795,1,Expanded_Known_Family,Potential_Novel_Family
3790,5038,1,Potential_Novel_Family,Known_Family_Only
9866,12549,1,Potential_Novel_Family,Potential_Novel_Family
4275,9483,1,Potential_Novel_Family,Potential_Novel_Family
4275,8569,1,Potential_Novel_Family,Potential_Novel_Family
9009,11145,1,Expanded_Known_Family,Potential_Novel_Family
2705,9650,1,Known_Family_Only,Potential_Novel_Family
1943,6737,1,Potential_Novel_Family,Known_Family_Only
7956,11092,1,Known_Family_Only,Potential_Novel_Family
3397,6706,1,Potential_Novel_Family,Potential_Novel_Family
6795,7017,1,Known_Family_Only,Potential_Novel_Family
5039,12259,1,Potential_Novel_Family,Potential_Novel_Family
302,4924,1,Potential_Novel_Family,Potential_Novel_Family
6247,6248,1,Potential_Novel_Family,Known_Family_Only
6248,6928,1,Known_Family_Only,Potential_Novel_Family
4230,8810,1,Potential_Novel_Family,Known_Family_Only
12732,13938,1,Potential_Novel_Family,Known_Family_Only
11339,12909,2,Potential_Novel_Family,Expanded_Known_Family
7923,10030,1,Potential_Novel_Family,Potential_Novel_Family
2413,6071,1,Expanded_Known_Family,Potential_Novel_Family
2413,11832,1,Expanded_Known_Family,Known_Family_Only
2413,11475,1,Expanded_Known_Family,Potential_Novel_Family
4716,12526,1,Potential_Novel_Family,Known_Family_Only
71,7018,1,Expanded_Known_Family,Known_Family_Only
71,6900,5,Expanded_Known_Family,Expanded_Known_Family
71,12101,1,Expanded_Known_Family,Known_Family_Only
71,3932,1,Expanded_Known_Family,Potential_Novel_Family
71,6757,1,Expanded_Known_Family,Potential_Novel_Family
71,974,1,Expanded_Known_Family,Potential_Novel_Family
71,8248,1,Expanded_Known_Family,Potential_Novel_Family
539,1744,3,Known_Family_Only,Known_Family_Only
539,5554,1,Known_Family_Only,Known_Family_Only
539,8270,3,Known_Family_Only,Potential_Novel_Family
1744,5554,1,Known_Family_Only,Known_Family_Only
1744,8270,3,Known_Family_Only,Potential_Novel_Family
5554,8270,1,Known_Family_Only,Potential_Novel_Family
6825,9313,4,Expanded_Known_Family,Expanded_Known_Family
6825,10200,2,Expanded_Known_Family,Potential_Novel_Family
17,215,2,Expanded_Known_Family,Expanded_Known_Family
17,321,2,Expanded_Known_Family,Known_Family_Only
17,1082,2,Expanded_Known_Family,Expanded_Known_Family
17,8004,1,Expanded_Known_Family,Known_Family_Only
17,3095,1,Expanded_Known_Family,Expanded_Known_Family
17,9024,1,Expanded_Known_Family,Expanded_Known_Family
17,3181,1,Expanded_Known_Family,Expanded_Known_Family
17,10627,1,Expanded_Known_Family,Known_Family_Only
215,321,2,Expanded_Known_Family,Known_Family_Only
215,1082,2,Expanded_Known_Family,Expanded_Known_Family
215,8004,1,Expanded_Known_Family,Known_Family_Only
215,1760,1,Expanded_Known_Family,Known_Family_Only
321,1082,2,Known_Family_Only,Expanded_Known_Family
321,8004,1,Known_Family_Only,Known_Family_Only
1082,8004,1,Expanded_Known_Family,Known_Family_Only
8004,169,3,Known_Family_Only,Known_Family_Only
8004,1385,3,Known_Family_Only,Known_Family_Only
8004,2730,3,Known_Family_Only,Expanded_Known_Family
8004,4626,3,Known_Family_Only,Expanded_Known_Family
3631,7129,1,Expanded_Known_Family,Potential_Novel_Family
3631,12082,2,Expanded_Known_Family,Potential_Novel_Family
3631,5980,1,Expanded_Known_Family,Expanded_Known_Family
4717,12131,1,Known_Family_Only,Potential_Novel_Family
6927,10862,2,Potential_Novel_Family,Expanded_Known_Family
13332,13792,6,Expanded_Known_Family,Expanded_Known_Family
13332,12839,1,Expanded_Known_Family,Potential_Novel_Family
13332,13107,2,Expanded_Known_Family,Expanded_Known_Family
13332,13629,1,Expanded_Known_Family,Potential_Novel_Family
13792,12118,1,Expanded_Known_Family,Expanded_Known_Family
8655,8688,1,Known_Family_Only,Expanded_Known_Family
8688,8812,1,Expanded_Known_Family,Expanded_Known_Family
8688,2613,1,Expanded_Known_Family,Known_Family_Only
5603,8203,4,Expanded_Known_Family,Potential_Novel_Family
7019,7383,2,Potential_Novel_Family,Expanded_Known_Family
2188,6599,1,Potential_Novel_Family,Known_Family_Only
7426,224,1,Expanded_Known_Family,Potential_Novel_Family
7426,9024,1,Expanded_Known_Family,Expanded_Known_Family
7426,7579,3,Expanded_Known_Family,Potential_Novel_Family
7426,12305,1,Expanded_Known_Family,Known_Family_Only
703,13551,1,Expanded_Known_Family,Potential_Novel_Family
703,2969,3,Expanded_Known_Family,Expanded_Known_Family
3048,230,1,Expanded_Known_Family,Expanded_Known_Family
4160,5676,1,Expanded_Known_Family,Potential_Novel_Family
360,822,1,Known_Family_Only,Known_Family_Only
360,6774,1,Known_Family_Only,Potential_Novel_Family
822,6774,1,Known_Family_Only,Potential_Novel_Family
822,245,1,Known_Family_Only,Known_Family_Only
822,375,1,Known_Family_Only,Known_Family_Only
822,4939,1,Known_Family_Only,Known_Family_Only
822,6472,1,Known_Family_Only,Potential_Novel_Family
822,6781,1,Known_Family_Only,Known_Family_Only
1624,3269,3,Potential_Novel_Family,Expanded_Known_Family
411,4217,1,Known_Family_Only,Expanded_Known_Family
4217,4586,2,Expanded_Known_Family,Potential_Novel_Family
7957,8175,1,Potential_Novel_Family,Potential_Novel_Family
14034,14247,1,Potential_Novel_Family,Potential_Novel_Family
14034,12784,3,Potential_Novel_Family,Expanded_Known_Family
5843,6467,1,Known_Family_Only,Potential_Novel_Family
6002,1600,2,Expanded_Known_Family,Potential_Novel_Family
12209,13695,5,Expanded_Known_Family,Expanded_Known_Family
12209,13613,3,Expanded_Known_Family,Potential_Novel_Family
12209,5381,1,Expanded_Known_Family,Known_Family_Only
12209,13719,3,Expanded_Known_Family,Potential_Novel_Family
12209,13739,1,Expanded_Known_Family,Known_Family_Only
12209,13880,1,Expanded_Known_Family,Potential_Novel_Family
12209,476,1,Expanded_Known_Family,Expanded_Known_Family
13695,9102,1,Expanded_Known_Family,Known_Family_Only
13695,9454,1,Expanded_Known_Family,Expanded_Known_Family
9058,11962,5,Potential_Novel_Family,Potential_Novel_Family
4718,14019,1,Known_Family_Only,Potential_Novel_Family
169,1385,4,Known_Family_Only,Known_Family_Only
169,2730,4,Known_Family_Only,Expanded_Known_Family
169,4626,3,Known_Family_Only,Expanded_Known_Family
169,507,1,Known_Family_Only,Known_Family_Only
169,2451,1,Known_Family_Only,Expanded_Known_Family
169,4285,1,Known_Family_Only,Known_Family_Only
169,7892,1,Known_Family_Only,Known_Family_Only
1385,2730,4,Known_Family_Only,Expanded_Known_Family
1385,4626,3,Known_Family_Only,Expanded_Known_Family
1385,507,1,Known_Family_Only,Known_Family_Only
1385,2451,1,Known_Family_Only,Expanded_Known_Family
1385,4285,1,Known_Family_Only,Known_Family_Only
1385,7892,1,Known_Family_Only,Known_Family_Only
2730,4626,3,Expanded_Known_Family,Expanded_Known_Family
2730,507,1,Expanded_Known_Family,Known_Family_Only
2730,2451,1,Expanded_Known_Family,Expanded_Known_Family
2730,4285,1,Expanded_Known_Family,Known_Family_Only
2730,7892,1,Expanded_Known_Family,Known_Family_Only
4626,1714,1,Expanded_Known_Family,Known_Family_Only
2236,7326,2,Expanded_Known_Family,Potential_Novel_Family
2236,6905,1,Expanded_Known_Family,Potential_Novel_Family
2236,6943,3,Expanded_Known_Family,Potential_Novel_Family
2236,1656,1,Expanded_Known_Family,Known_Family_Only
7155,7226,5,Expanded_Known_Family,Expanded_Known_Family
7155,2969,1,Expanded_Known_Family,Expanded_Known_Family
7226,535,1,Expanded_Known_Family,Expanded_Known_Family
4161,12745,1,Expanded_Known_Family,Potential_Novel_Family
4161,11590,1,Expanded_Known_Family,Potential_Novel_Family
12745,5145,1,Potential_Novel_Family,Expanded_Known_Family
9379,10104,1,Known_Family_Only,Potential_Novel_Family
6042,11060,1,Potential_Novel_Family,Known_Family_Only
4031,9529,10,Potential_Novel_Family,Expanded_Known_Family
4031,9536,1,Potential_Novel_Family,Known_Family_Only
3391,10032,3,Expanded_Known_Family,Expanded_Known_Family
10259,10767,1,Potential_Novel_Family,Known_Family_Only
6043,11494,3,Potential_Novel_Family,Expanded_Known_Family
9542,7811,2,Expanded_Known_Family,Potential_Novel_Family
2175,3864,1,Known_Family_Only,Potential_Novel_Family
8767,11850,1,Potential_Novel_Family,Expanded_Known_Family
11850,11093,1,Expanded_Known_Family,Potential_Novel_Family
11850,13960,1,Expanded_Known_Family,Potential_Novel_Family
2016,5975,1,Potential_Novel_Family,Known_Family_Only
5067,5844,1,Expanded_Known_Family,Potential_Novel_Family
5067,6406,2,Expanded_Known_Family,Expanded_Known_Family
4599,9349,2,Potential_Novel_Family,Expanded_Known_Family
6333,6865,3,Expanded_Known_Family,Expanded_Known_Family
5530,9987,1,Known_Family_Only,Potential_Novel_Family
5530,7329,1,Known_Family_Only,Potential_Novel_Family
13298,13411,5,Expanded_Known_Family,Potential_Novel_Family
13298,13234,5,Expanded_Known_Family,Expanded_Known_Family
13298,13384,1,Expanded_Known_Family,Known_Family_Only
1817,3886,7,Expanded_Known_Family,Potential_Novel_Family
1817,7889,1,Expanded_Known_Family,Known_Family_Only
1149,3130,1,Expanded_Known_Family,Known_Family_Only
1149,3935,1,Expanded_Known_Family,Expanded_Known_Family
1149,3725,1,Expanded_Known_Family,Expanded_Known_Family
1149,8660,1,Expanded_Known_Family,Known_Family_Only
1149,4010,1,Expanded_Known_Family,Potential_Novel_Family
1149,339,1,Expanded_Known_Family,Expanded_Known_Family
1149,3722,1,Expanded_Known_Family,Expanded_Known_Family
1149,5407,1,Expanded_Known_Family,Potential_Novel_Family
1149,4364,1,Expanded_Known_Family,Potential_Novel_Family
1149,4513,1,Expanded_Known_Family,Known_Family_Only
1149,9042,1,Expanded_Known_Family,Potential_Novel_Family
1149,6556,2,Expanded_Known_Family,Expanded_Known_Family
1149,4712,1,Expanded_Known_Family,Known_Family_Only
10077,10205,5,Expanded_Known_Family,Known_Family_Only
5991,9777,1,Expanded_Known_Family,Potential_Novel_Family
5991,11378,1,Expanded_Known_Family,Potential_Novel_Family
5991,12278,1,Expanded_Known_Family,Expanded_Known_Family
8133,13552,4,Potential_Novel_Family,Potential_Novel_Family
7673,9907,7,Potential_Novel_Family,Expanded_Known_Family
7673,3924,1,Potential_Novel_Family,Potential_Novel_Family
4535,8974,4,Expanded_Known_Family,Expanded_Known_Family
4535,9461,1,Expanded_Known_Family,Potential_Novel_Family
4535,8893,1,Expanded_Known_Family,Potential_Novel_Family
4535,1887,1,Expanded_Known_Family,Expanded_Known_Family
4535,9789,1,Expanded_Known_Family,Expanded_Known_Family
4535,9019,1,Expanded_Known_Family,Expanded_Known_Family
4535,8672,1,Expanded_Known_Family,Known_Family_Only
4535,12538,1,Expanded_Known_Family,Potential_Novel_Family
4535,8943,1,Expanded_Known_Family,Potential_Novel_Family
4535,9330,2,Expanded_Known_Family,Expanded_Known_Family
8974,1887,1,Expanded_Known_Family,Expanded_Known_Family
430,12527,1,Expanded_Known_Family,Potential_Novel_Family
430,273,1,Expanded_Known_Family,Potential_Novel_Family
2407,2450,1,Expanded_Known_Family,Expanded_Known_Family
2407,2319,9,Expanded_Known_Family,Potential_Novel_Family
2407,9839,2,Expanded_Known_Family,Known_Family_Only
2407,204,1,Expanded_Known_Family,Expanded_Known_Family
2407,542,1,Expanded_Known_Family,Known_Family_Only
4057,8731,1,Potential_Novel_Family,Known_Family_Only
3466,5747,2,Expanded_Known_Family,Potential_Novel_Family
3466,8983,5,Expanded_Known_Family,Expanded_Known_Family
3731,11984,10,Expanded_Known_Family,Potential_Novel_Family
1705,1713,1,Potential_Novel_Family,Potential_Novel_Family
536,3300,2,Known_Family_Only,Expanded_Known_Family
3300,8247,1,Expanded_Known_Family,Potential_Novel_Family
3300,1612,1,Expanded_Known_Family,Known_Family_Only
7443,11540,1,Potential_Novel_Family,Known_Family_Only
7443,3643,1,Potential_Novel_Family,Expanded_Known_Family
33,1691,1,Known_Family_Only,Known_Family_Only
33,2276,1,Known_Family_Only,Known_Family_Only
33,3791,1,Known_Family_Only,Potential_Novel_Family
33,6796,1,Known_Family_Only,Known_Family_Only
33,11427,1,Known_Family_Only,Potential_Novel_Family
1691,2276,1,Known_Family_Only,Known_Family_Only
1691,3791,1,Known_Family_Only,Potential_Novel_Family
1691,6796,1,Known_Family_Only,Known_Family_Only
2276,3791,1,Known_Family_Only,Potential_Novel_Family
2276,6796,1,Known_Family_Only,Known_Family_Only
3791,6796,1,Potential_Novel_Family,Known_Family_Only
6796,326,2,Known_Family_Only,Known_Family_Only
6796,3279,2,Known_Family_Only,Potential_Novel_Family
6796,6489,2,Known_Family_Only,Known_Family_Only
5318,10371,4,Expanded_Known_Family,Potential_Novel_Family
5318,8559,1,Expanded_Known_Family,Known_Family_Only
5318,10005,1,Expanded_Known_Family,Expanded_Known_Family
5318,9733,2,Expanded_Known_Family,Expanded_Known_Family
5318,1341,1,Expanded_Known_Family,Potential_Novel_Family
5318,2469,1,Expanded_Known_Family,Potential_Novel_Family
5318,2227,1,Expanded_Known_Family,Known_Family_Only
4027,4429,2,Potential_Novel_Family,Known_Family_Only
2632,5152,1,Expanded_Known_Family,Known_Family_Only
2632,4545,1,Expanded_Known_Family,Potential_Novel_Family
959,10031,1,Known_Family_Only,Potential_Novel_Family
959,7322,1,Known_Family_Only,Potential_Novel_Family
959,9235,1,Known_Family_Only,Known_Family_Only
781,1501,2,Known_Family_Only,Known_Family_Only
781,2400,2,Known_Family_Only,Potential_Novel_Family
1501,2400,2,Known_Family_Only,Potential_Novel_Family
6218,6826,1,Potential_Novel_Family,Potential_Novel_Family
20,9154,1,Expanded_Known_Family,Potential_Novel_Family
20,6693,1,Expanded_Known_Family,Known_Family_Only
852,9271,2,Potential_Novel_Family,Expanded_Known_Family
12650,13255,1,Potential_Novel_Family,Potential_Novel_Family
5378,7193,1,Known_Family_Only,Potential_Novel_Family
3065,3319,1,Potential_Novel_Family,Expanded_Known_Family
3319,12536,1,Expanded_Known_Family,Potential_Novel_Family
197,402,7,Expanded_Known_Family,Expanded_Known_Family
197,5307,1,Expanded_Known_Family,Potential_Novel_Family
197,3605,1,Expanded_Known_Family,Expanded_Known_Family
402,3588,1,Expanded_Known_Family,Expanded_Known_Family
402,5307,2,Expanded_Known_Family,Potential_Novel_Family
402,460,1,Expanded_Known_Family,Known_Family_Only
402,785,1,Expanded_Known_Family,Expanded_Known_Family
2990,4516,2,Potential_Novel_Family,Potential_Novel_Family
4516,5594,1,Potential_Novel_Family,Known_Family_Only
4516,5525,2,Potential_Novel_Family,Potential_Novel_Family
4516,12577,1,Potential_Novel_Family,Known_Family_Only
4516,4756,1,Potential_Novel_Family,Potential_Novel_Family
1024,2161,1,Known_Family_Only,Known_Family_Only
4671,11763,2,Potential_Novel_Family,Expanded_Known_Family
1085,2092,1,Potential_Novel_Family,Known_Family_Only
2511,8373,1,Known_Family_Only,Potential_Novel_Family
8373,467,1,Potential_Novel_Family,Expanded_Known_Family
7327,12469,1,Known_Family_Only,Potential_Novel_Family
7327,6579,1,Known_Family_Only,Potential_Novel_Family
1066,1702,2,Known_Family_Only,Potential_Novel_Family
1066,5281,2,Known_Family_Only,Known_Family_Only
1702,5281,2,Potential_Novel_Family,Known_Family_Only
5340,5428,1,Known_Family_Only,Potential_Novel_Family
5340,8816,1,Known_Family_Only,Potential_Novel_Family
11021,12550,4,Expanded_Known_Family,Expanded_Known_Family
12550,2382,2,Expanded_Known_Family,Expanded_Known_Family
12550,9976,1,Expanded_Known_Family,Potential_Novel_Family
2356,5068,2,Potential_Novel_Family,Known_Family_Only
6413,8085,11,Expanded_Known_Family,Expanded_Known_Family
8085,2667,1,Expanded_Known_Family,Known_Family_Only
8085,317,1,Expanded_Known_Family,Potential_Novel_Family
8085,13973,6,Expanded_Known_Family,Expanded_Known_Family
6169,9531,1,Potential_Novel_Family,Known_Family_Only
11567,12528,2,Potential_Novel_Family,Expanded_Known_Family
1025,2825,1,Known_Family_Only,Potential_Novel_Family
7832,334,1,Expanded_Known_Family,Expanded_Known_Family
1404,2693,1,Potential_Novel_Family,Potential_Novel_Family
1404,9,1,Potential_Novel_Family,Expanded_Known_Family
5555,13224,1,Known_Family_Only,Potential_Novel_Family
5555,436,1,Known_Family_Only,Potential_Novel_Family
5555,9990,2,Known_Family_Only,Potential_Novel_Family
2598,8134,1,Potential_Novel_Family,Potential_Novel_Family
4111,11906,1,Potential_Novel_Family,Potential_Novel_Family
5709,8200,2,Potential_Novel_Family,Known_Family_Only
7561,2165,1,Expanded_Known_Family,Known_Family_Only
4334,14165,2,Known_Family_Only,Potential_Novel_Family
879,2694,6,Expanded_Known_Family,Expanded_Known_Family
879,3994,1,Expanded_Known_Family,Expanded_Known_Family
879,2357,3,Expanded_Known_Family,Expanded_Known_Family
879,3865,1,Expanded_Known_Family,Known_Family_Only
879,3473,1,Expanded_Known_Family,Expanded_Known_Family
879,4559,1,Expanded_Known_Family,Known_Family_Only
879,3858,1,Expanded_Known_Family,Expanded_Known_Family
879,10619,1,Expanded_Known_Family,Potential_Novel_Family
879,4589,1,Expanded_Known_Family,Known_Family_Only
879,1937,1,Expanded_Known_Family,Expanded_Known_Family
879,3767,1,Expanded_Known_Family,Potential_Novel_Family
879,3917,1,Expanded_Known_Family,Expanded_Known_Family
2694,2357,1,Expanded_Known_Family,Expanded_Known_Family
1731,2529,1,Known_Family_Only,Potential_Novel_Family
3320,14228,1,Potential_Novel_Family,Potential_Novel_Family
3257,12733,1,Expanded_Known_Family,Potential_Novel_Family
3257,1109,2,Expanded_Known_Family,Expanded_Known_Family
3257,751,1,Expanded_Known_Family,Potential_Novel_Family
3257,861,1,Expanded_Known_Family,Known_Family_Only
1561,1797,5,Potential_Novel_Family,Expanded_Known_Family
1797,5535,1,Expanded_Known_Family,Known_Family_Only
1797,13889,1,Expanded_Known_Family,Potential_Novel_Family
2583,11692,2,Expanded_Known_Family,Potential_Novel_Family
2583,44,1,Expanded_Known_Family,Expanded_Known_Family
7625,6547,2,Expanded_Known_Family,Expanded_Known_Family
7625,10942,1,Expanded_Known_Family,Potential_Novel_Family
7625,6507,1,Expanded_Known_Family,Expanded_Known_Family
7625,6769,1,Expanded_Known_Family,Potential_Novel_Family
4130,5868,2,Potential_Novel_Family,Potential_Novel_Family
4130,1106,2,Potential_Novel_Family,Known_Family_Only
5868,10674,1,Potential_Novel_Family,Expanded_Known_Family
5868,1741,1,Potential_Novel_Family,Known_Family_Only
5868,13843,1,Potential_Novel_Family,Potential_Novel_Family
1512,13007,1,Expanded_Known_Family,Potential_Novel_Family
1512,890,1,Expanded_Known_Family,Expanded_Known_Family
1512,3712,1,Expanded_Known_Family,Potential_Novel_Family
717,9641,1,Expanded_Known_Family,Expanded_Known_Family
717,13905,2,Expanded_Known_Family,Potential_Novel_Family
9641,11975,1,Expanded_Known_Family,Potential_Novel_Family
9641,806,1,Expanded_Known_Family,Potential_Novel_Family
3854,12614,1,Known_Family_Only,Potential_Novel_Family
5478,6827,1,Known_Family_Only,Potential_Novel_Family
6827,4894,1,Potential_Novel_Family,Expanded_Known_Family
436,1747,1,Potential_Novel_Family,Expanded_Known_Family
4719,13903,1,Expanded_Known_Family,Potential_Novel_Family
4719,1413,1,Expanded_Known_Family,Known_Family_Only
13547,7086,1,Expanded_Known_Family,Potential_Novel_Family
10863,13134,1,Potential_Novel_Family,Potential_Novel_Family
10863,13196,1,Potential_Novel_Family,Known_Family_Only
13134,13196,1,Potential_Novel_Family,Known_Family_Only
3177,9609,1,Known_Family_Only,Potential_Novel_Family
3177,5960,1,Known_Family_Only,Potential_Novel_Family
3177,28,1,Known_Family_Only,Expanded_Known_Family
1874,5040,1,Expanded_Known_Family,Potential_Novel_Family
1874,1958,1,Expanded_Known_Family,Expanded_Known_Family
1874,4880,1,Expanded_Known_Family,Expanded_Known_Family
1874,11435,1,Expanded_Known_Family,Known_Family_Only
499,10339,1,Expanded_Known_Family,Potential_Novel_Family
499,6517,1,Expanded_Known_Family,Known_Family_Only
12498,12503,1,Known_Family_Only,Expanded_Known_Family
12503,11481,3,Expanded_Known_Family,Expanded_Known_Family
1124,1792,4,Expanded_Known_Family,Known_Family_Only
1124,5123,1,Expanded_Known_Family,Potential_Novel_Family
1124,9312,7,Expanded_Known_Family,Expanded_Known_Family
1124,5532,1,Expanded_Known_Family,Potential_Novel_Family
1124,8489,2,Expanded_Known_Family,Expanded_Known_Family
1124,8929,1,Expanded_Known_Family,Potential_Novel_Family
1124,5758,2,Expanded_Known_Family,Potential_Novel_Family
1124,10283,1,Expanded_Known_Family,Potential_Novel_Family
1124,4872,1,Expanded_Known_Family,Potential_Novel_Family
1124,10389,1,Expanded_Known_Family,Potential_Novel_Family
1124,3912,1,Expanded_Known_Family,Potential_Novel_Family
1124,12493,1,Expanded_Known_Family,Potential_Novel_Family
1124,3963,1,Expanded_Known_Family,Expanded_Known_Family
3162,5710,1,Expanded_Known_Family,Potential_Novel_Family
3162,6363,2,Expanded_Known_Family,Expanded_Known_Family
3162,9685,1,Expanded_Known_Family,Known_Family_Only
3162,7745,1,Expanded_Known_Family,Potential_Novel_Family
3162,1170,1,Expanded_Known_Family,Known_Family_Only
3162,6203,2,Expanded_Known_Family,Known_Family_Only
3162,7402,2,Expanded_Known_Family,Known_Family_Only
3162,2821,1,Expanded_Known_Family,Expanded_Known_Family
3162,8396,1,Expanded_Known_Family,Expanded_Known_Family
5710,6363,1,Potential_Novel_Family,Expanded_Known_Family
5710,9685,1,Potential_Novel_Family,Known_Family_Only
6363,9685,1,Expanded_Known_Family,Known_Family_Only
6363,833,1,Expanded_Known_Family,Known_Family_Only
6363,2914,1,Expanded_Known_Family,Potential_Novel_Family
6363,8312,1,Expanded_Known_Family,Known_Family_Only
6363,3773,1,Expanded_Known_Family,Potential_Novel_Family
6363,7161,1,Expanded_Known_Family,Expanded_Known_Family
6363,7930,2,Expanded_Known_Family,Expanded_Known_Family
1182,7674,1,Expanded_Known_Family,Expanded_Known_Family
1182,115,1,Expanded_Known_Family,Expanded_Known_Family
1182,7433,1,Expanded_Known_Family,Expanded_Known_Family
1182,2052,1,Expanded_Known_Family,Expanded_Known_Family
7791,13641,3,Potential_Novel_Family,Expanded_Known_Family
13641,13891,1,Expanded_Known_Family,Potential_Novel_Family
13641,13929,1,Expanded_Known_Family,Potential_Novel_Family
12615,13868,1,Potential_Novel_Family,Expanded_Known_Family
13868,14141,1,Expanded_Known_Family,Potential_Novel_Family
9380,10957,1,Known_Family_Only,Potential_Novel_Family
2580,5041,1,Potential_Novel_Family,Known_Family_Only
2580,3605,1,Potential_Novel_Family,Expanded_Known_Family
7562,12227,1,Potential_Novel_Family,Potential_Novel_Family
12132,12580,2,Expanded_Known_Family,Potential_Novel_Family
857,3006,1,Known_Family_Only,Known_Family_Only
857,3298,1,Known_Family_Only,Expanded_Known_Family
3006,3298,1,Known_Family_Only,Expanded_Known_Family
3298,3131,1,Expanded_Known_Family,Expanded_Known_Family
3298,6929,2,Expanded_Known_Family,Potential_Novel_Family
3298,8732,1,Expanded_Known_Family,Known_Family_Only
10231,14069,1,Potential_Novel_Family,Known_Family_Only
338,7826,1,Expanded_Known_Family,Potential_Novel_Family
338,2644,1,Expanded_Known_Family,Known_Family_Only
338,4407,1,Expanded_Known_Family,Potential_Novel_Family
338,2362,2,Expanded_Known_Family,Known_Family_Only
338,10005,1,Expanded_Known_Family,Expanded_Known_Family
338,11462,1,Expanded_Known_Family,Potential_Novel_Family
338,2741,1,Expanded_Known_Family,Potential_Novel_Family
338,3822,1,Expanded_Known_Family,Expanded_Known_Family
338,9078,1,Expanded_Known_Family,Potential_Novel_Family
2401,5529,1,Potential_Novel_Family,Known_Family_Only
4500,12877,1,Known_Family_Only,Potential_Novel_Family
1321,5604,1,Known_Family_Only,Potential_Novel_Family
2061,12633,3,Expanded_Known_Family,Expanded_Known_Family
2061,5976,1,Expanded_Known_Family,Known_Family_Only
2061,11580,1,Expanded_Known_Family,Potential_Novel_Family
2061,1145,2,Expanded_Known_Family,Potential_Novel_Family
2061,2292,1,Expanded_Known_Family,Potential_Novel_Family
2061,3769,1,Expanded_Known_Family,Expanded_Known_Family
1440,2606,10,Expanded_Known_Family,Potential_Novel_Family
1997,7563,2,Expanded_Known_Family,Potential_Novel_Family
5748,9652,4,Expanded_Known_Family,Potential_Novel_Family
5748,9968,1,Expanded_Known_Family,Potential_Novel_Family
5748,11507,1,Expanded_Known_Family,Known_Family_Only
5748,11535,1,Expanded_Known_Family,Known_Family_Only
6996,7891,1,Known_Family_Only,Potential_Novel_Family
8811,12352,1,Expanded_Known_Family,Potential_Novel_Family
8811,9225,1,Expanded_Known_Family,Potential_Novel_Family
554,3306,1,Expanded_Known_Family,Potential_Novel_Family
554,8303,1,Expanded_Known_Family,Potential_Novel_Family
554,1353,2,Expanded_Known_Family,Expanded_Known_Family
554,590,1,Expanded_Known_Family,Known_Family_Only
554,165,1,Expanded_Known_Family,Potential_Novel_Family
554,11355,1,Expanded_Known_Family,Known_Family_Only
554,153,1,Expanded_Known_Family,Potential_Novel_Family
554,11380,1,Expanded_Known_Family,Potential_Novel_Family
3306,8303,1,Potential_Novel_Family,Potential_Novel_Family
3306,8981,1,Potential_Novel_Family,Potential_Novel_Family
3306,10285,1,Potential_Novel_Family,Known_Family_Only
3306,8822,4,Potential_Novel_Family,Expanded_Known_Family
3306,588,1,Potential_Novel_Family,Expanded_Known_Family
2170,4501,1,Potential_Novel_Family,Known_Family_Only
12962,13761,4,Expanded_Known_Family,Potential_Novel_Family
10232,13725,1,Potential_Novel_Family,Known_Family_Only
8176,13488,1,Potential_Novel_Family,Potential_Novel_Family
9833,13932,2,Expanded_Known_Family,Expanded_Known_Family
9833,442,1,Expanded_Known_Family,Potential_Novel_Family
2716,5362,2,Known_Family_Only,Expanded_Known_Family
5362,5266,1,Expanded_Known_Family,Expanded_Known_Family
5362,10834,1,Expanded_Known_Family,Expanded_Known_Family
5362,2682,4,Expanded_Known_Family,Known_Family_Only
5362,2746,1,Expanded_Known_Family,Known_Family_Only
5362,1076,1,Expanded_Known_Family,Known_Family_Only
5362,2927,1,Expanded_Known_Family,Known_Family_Only
5362,3308,1,Expanded_Known_Family,Known_Family_Only
5362,1588,2,Expanded_Known_Family,Known_Family_Only
5362,2749,2,Expanded_Known_Family,Potential_Novel_Family
5362,2710,1,Expanded_Known_Family,Known_Family_Only
9317,12315,1,Expanded_Known_Family,Known_Family_Only
9317,6198,5,Expanded_Known_Family,Potential_Novel_Family
9317,13667,1,Expanded_Known_Family,Potential_Novel_Family
8437,2915,1,Expanded_Known_Family,Expanded_Known_Family
8437,3880,1,Expanded_Known_Family,Known_Family_Only
8437,9,2,Expanded_Known_Family,Expanded_Known_Family
8437,9730,1,Expanded_Known_Family,Known_Family_Only
8437,8632,1,Expanded_Known_Family,Known_Family_Only
8437,3411,5,Expanded_Known_Family,Expanded_Known_Family
2408,5479,1,Expanded_Known_Family,Known_Family_Only
2408,11764,1,Expanded_Known_Family,Potential_Novel_Family
2408,2256,3,Expanded_Known_Family,Known_Family_Only
2408,1693,1,Expanded_Known_Family,Expanded_Known_Family
2408,3106,2,Expanded_Known_Family,Potential_Novel_Family
2408,6276,1,Expanded_Known_Family,Potential_Novel_Family
2408,1672,1,Expanded_Known_Family,Known_Family_Only
2408,4164,1,Expanded_Known_Family,Potential_Novel_Family
2408,3931,1,Expanded_Known_Family,Potential_Novel_Family
2408,347,2,Expanded_Known_Family,Known_Family_Only
2408,7338,1,Expanded_Known_Family,Potential_Novel_Family
2408,10487,1,Expanded_Known_Family,Potential_Novel_Family
2408,3604,1,Expanded_Known_Family,Known_Family_Only
2408,2866,1,Expanded_Known_Family,Potential_Novel_Family
2408,7364,1,Expanded_Known_Family,Potential_Novel_Family
2408,4146,1,Expanded_Known_Family,Known_Family_Only
2408,2997,1,Expanded_Known_Family,Known_Family_Only
2408,3533,1,Expanded_Known_Family,Known_Family_Only
2408,3027,1,Expanded_Known_Family,Known_Family_Only
2408,9465,1,Expanded_Known_Family,Potential_Novel_Family
2408,630,2,Expanded_Known_Family,Expanded_Known_Family
2408,2144,2,Expanded_Known_Family,Expanded_Known_Family
2408,5668,1,Expanded_Known_Family,Known_Family_Only
2408,2193,1,Expanded_Known_Family,Known_Family_Only
2408,1887,1,Expanded_Known_Family,Expanded_Known_Family
2408,294,2,Expanded_Known_Family,Expanded_Known_Family
2408,2417,2,Expanded_Known_Family,Known_Family_Only
2408,3551,2,Expanded_Known_Family,Potential_Novel_Family
2408,9334,2,Expanded_Known_Family,Known_Family_Only
2408,6955,1,Expanded_Known_Family,Potential_Novel_Family
5479,11764,1,Known_Family_Only,Potential_Novel_Family
12717,8856,1,Expanded_Known_Family,Potential_Novel_Family
1173,3083,8,Expanded_Known_Family,Expanded_Known_Family
1173,105,4,Expanded_Known_Family,Expanded_Known_Family
1173,201,4,Expanded_Known_Family,Known_Family_Only
1173,557,4,Expanded_Known_Family,Expanded_Known_Family
1173,674,4,Expanded_Known_Family,Known_Family_Only
1173,1194,4,Expanded_Known_Family,Known_Family_Only
1173,2668,4,Expanded_Known_Family,Known_Family_Only
1173,10520,4,Expanded_Known_Family,Potential_Novel_Family
1173,3026,3,Expanded_Known_Family,Expanded_Known_Family
1173,133,1,Expanded_Known_Family,Expanded_Known_Family
1173,635,1,Expanded_Known_Family,Known_Family_Only
1173,4541,1,Expanded_Known_Family,Expanded_Known_Family
1173,158,1,Expanded_Known_Family,Known_Family_Only
1173,563,1,Expanded_Known_Family,Known_Family_Only
1173,3282,1,Expanded_Known_Family,Potential_Novel_Family
3083,105,4,Expanded_Known_Family,Expanded_Known_Family
3083,201,4,Expanded_Known_Family,Known_Family_Only
3083,557,4,Expanded_Known_Family,Expanded_Known_Family
3083,674,4,Expanded_Known_Family,Known_Family_Only
3083,1194,4,Expanded_Known_Family,Known_Family_Only
3083,2668,4,Expanded_Known_Family,Known_Family_Only
3083,10520,4,Expanded_Known_Family,Potential_Novel_Family
3083,158,1,Expanded_Known_Family,Known_Family_Only
3083,563,1,Expanded_Known_Family,Known_Family_Only
3083,3282,1,Expanded_Known_Family,Potential_Novel_Family
3131,6929,1,Expanded_Known_Family,Potential_Novel_Family
3131,8732,1,Expanded_Known_Family,Known_Family_Only
3131,8305,1,Expanded_Known_Family,Known_Family_Only
3131,8201,1,Expanded_Known_Family,Potential_Novel_Family
3131,8390,1,Expanded_Known_Family,Potential_Novel_Family
3131,5813,1,Expanded_Known_Family,Potential_Novel_Family
3131,6005,1,Expanded_Known_Family,Known_Family_Only
6929,8732,1,Potential_Novel_Family,Known_Family_Only
1790,2912,3,Potential_Novel_Family,Known_Family_Only
9268,10669,1,Potential_Novel_Family,Known_Family_Only
12118,12587,1,Expanded_Known_Family,Potential_Novel_Family
11385,12972,1,Known_Family_Only,Potential_Novel_Family
11385,14269,1,Known_Family_Only,Known_Family_Only
12972,14269,1,Potential_Novel_Family,Known_Family_Only
521,1287,1,Expanded_Known_Family,Known_Family_Only
521,5145,1,Expanded_Known_Family,Expanded_Known_Family
521,2004,1,Expanded_Known_Family,Expanded_Known_Family
521,860,1,Expanded_Known_Family,Potential_Novel_Family
521,1452,1,Expanded_Known_Family,Potential_Novel_Family
521,337,1,Expanded_Known_Family,Expanded_Known_Family
1287,5145,1,Known_Family_Only,Expanded_Known_Family
5145,807,1,Expanded_Known_Family,Expanded_Known_Family
5145,7177,1,Expanded_Known_Family,Known_Family_Only
5145,1947,1,Expanded_Known_Family,Potential_Novel_Family
4205,5869,1,Known_Family_Only,Potential_Novel_Family
5869,4236,1,Potential_Novel_Family,Expanded_Known_Family
5869,11037,1,Potential_Novel_Family,Known_Family_Only
908,4610,1,Expanded_Known_Family,Expanded_Known_Family
908,1054,1,Expanded_Known_Family,Potential_Novel_Family
4610,4747,1,Expanded_Known_Family,Potential_Novel_Family
7500,9828,2,Potential_Novel_Family,Expanded_Known_Family
7194,4053,1,Potential_Novel_Family,Known_Family_Only
10233,13793,1,Known_Family_Only,Potential_Novel_Family
8035,8481,1,Potential_Novel_Family,Potential_Novel_Family
3286,10519,1,Known_Family_Only,Potential_Novel_Family
10519,4390,1,Potential_Novel_Family,Potential_Novel_Family
9381,14134,1,Known_Family_Only,Potential_Novel_Family
336,1635,1,Known_Family_Only,Known_Family_Only
336,7852,1,Known_Family_Only,Potential_Novel_Family
1635,7852,1,Known_Family_Only,Potential_Novel_Family
5017,8622,1,Expanded_Known_Family,Potential_Novel_Family
5017,8624,2,Expanded_Known_Family,Expanded_Known_Family
5017,8882,10,Expanded_Known_Family,Expanded_Known_Family
13102,13412,1,Potential_Novel_Family,Potential_Novel_Family
13613,476,1,Potential_Novel_Family,Expanded_Known_Family
7020,8346,1,Potential_Novel_Family,Potential_Novel_Family
8346,4374,1,Potential_Novel_Family,Expanded_Known_Family
5777,10212,2,Potential_Novel_Family,Known_Family_Only
5780,8378,9,Expanded_Known_Family,Potential_Novel_Family
87,11824,1,Potential_Novel_Family,Potential_Novel_Family
7330,11765,1,Potential_Novel_Family,Known_Family_Only
7330,782,1,Potential_Novel_Family,Expanded_Known_Family
7330,11918,4,Potential_Novel_Family,Expanded_Known_Family
7330,5644,1,Potential_Novel_Family,Expanded_Known_Family
753,3222,1,Potential_Novel_Family,Potential_Novel_Family
4835,13967,1,Expanded_Known_Family,Potential_Novel_Family
4835,11894,1,Expanded_Known_Family,Potential_Novel_Family
4835,4090,1,Expanded_Known_Family,Expanded_Known_Family
1190,5379,2,Potential_Novel_Family,Potential_Novel_Family
642,2362,1,Potential_Novel_Family,Known_Family_Only
642,3660,1,Potential_Novel_Family,Potential_Novel_Family
642,6842,1,Potential_Novel_Family,Potential_Novel_Family
642,13042,1,Potential_Novel_Family,Known_Family_Only
14229,14328,1,Potential_Novel_Family,Known_Family_Only
1388,8057,1,Known_Family_Only,Potential_Novel_Family
1388,9532,1,Known_Family_Only,Known_Family_Only
8057,9532,1,Potential_Novel_Family,Known_Family_Only
3692,5032,1,Potential_Novel_Family,Expanded_Known_Family
5032,2665,1,Expanded_Known_Family,Known_Family_Only
5032,9515,1,Expanded_Known_Family,Potential_Novel_Family
5992,7474,1,Potential_Novel_Family,Known_Family_Only
3449,12316,1,Potential_Novel_Family,Potential_Novel_Family
10827,13726,1,Potential_Novel_Family,Known_Family_Only
10827,2970,2,Potential_Novel_Family,Expanded_Known_Family
2768,11851,2,Expanded_Known_Family,Potential_Novel_Family
5609,11196,5,Expanded_Known_Family,Known_Family_Only
5609,3820,1,Expanded_Known_Family,Known_Family_Only
5609,6045,1,Expanded_Known_Family,Known_Family_Only
5609,11637,1,Expanded_Known_Family,Known_Family_Only
5609,7585,1,Expanded_Known_Family,Potential_Novel_Family
11196,7585,1,Known_Family_Only,Potential_Novel_Family
1823,6299,1,Potential_Novel_Family,Known_Family_Only
949,5677,1,Known_Family_Only,Potential_Novel_Family
1593,13853,1,Potential_Novel_Family,Known_Family_Only
1593,100,1,Potential_Novel_Family,Potential_Novel_Family
1593,3211,1,Potential_Novel_Family,Known_Family_Only
1593,6154,1,Potential_Novel_Family,Potential_Novel_Family
7091,11852,1,Potential_Novel_Family,Potential_Novel_Family
8066,11022,3,Expanded_Known_Family,Potential_Novel_Family
8066,8647,4,Expanded_Known_Family,Expanded_Known_Family
8389,1868,1,Expanded_Known_Family,Potential_Novel_Family
1033,2586,3,Expanded_Known_Family,Expanded_Known_Family
1033,4987,2,Expanded_Known_Family,Potential_Novel_Family
2586,4987,2,Expanded_Known_Family,Potential_Novel_Family
2586,1862,1,Expanded_Known_Family,Potential_Novel_Family
9365,14070,1,Expanded_Known_Family,Potential_Novel_Family
9365,3084,1,Expanded_Known_Family,Potential_Novel_Family
9365,6362,1,Expanded_Known_Family,Known_Family_Only
9365,13993,1,Expanded_Known_Family,Potential_Novel_Family
9365,6026,3,Expanded_Known_Family,Expanded_Known_Family
10266,10079,1,Expanded_Known_Family,Potential_Novel_Family
10266,10433,1,Expanded_Known_Family,Known_Family_Only
1692,2004,3,Potential_Novel_Family,Expanded_Known_Family
2004,668,1,Expanded_Known_Family,Potential_Novel_Family
2004,12291,1,Expanded_Known_Family,Potential_Novel_Family
2004,5901,1,Expanded_Known_Family,Expanded_Known_Family
2004,6667,1,Expanded_Known_Family,Expanded_Known_Family
2004,651,1,Expanded_Known_Family,Expanded_Known_Family
2004,706,1,Expanded_Known_Family,Potential_Novel_Family
327,754,1,Expanded_Known_Family,Potential_Novel_Family
327,2472,1,Expanded_Known_Family,Known_Family_Only
327,862,1,Expanded_Known_Family,Potential_Novel_Family
754,2472,1,Potential_Novel_Family,Known_Family_Only
754,8999,1,Potential_Novel_Family,Potential_Novel_Family
616,804,1,Expanded_Known_Family,Potential_Novel_Family
616,4458,1,Expanded_Known_Family,Expanded_Known_Family
1355,5954,1,Potential_Novel_Family,Potential_Novel_Family
10595,13553,1,Potential_Novel_Family,Known_Family_Only
10234,10633,1,Known_Family_Only,Potential_Novel_Family
258,6680,3,Potential_Novel_Family,Potential_Novel_Family
258,13041,1,Potential_Novel_Family,Potential_Novel_Family
258,5274,1,Potential_Novel_Family,Potential_Novel_Family
4231,979,1,Expanded_Known_Family,Expanded_Known_Family
4231,2357,1,Expanded_Known_Family,Expanded_Known_Family
1382,2950,1,Expanded_Known_Family,Expanded_Known_Family
1382,11001,1,Expanded_Known_Family,Potential_Novel_Family
1382,3161,1,Expanded_Known_Family,Expanded_Known_Family
1382,4184,1,Expanded_Known_Family,Expanded_Known_Family
1382,4446,1,Expanded_Known_Family,Potential_Novel_Family
1382,14038,1,Expanded_Known_Family,Expanded_Known_Family
2950,10618,1,Expanded_Known_Family,Potential_Novel_Family
2950,3889,1,Expanded_Known_Family,Known_Family_Only
2950,4349,1,Expanded_Known_Family,Potential_Novel_Family
2950,4104,1,Expanded_Known_Family,Potential_Novel_Family
1557,6468,1,Expanded_Known_Family,Potential_Novel_Family
1557,3636,2,Expanded_Known_Family,Known_Family_Only
1557,4113,1,Expanded_Known_Family,Potential_Novel_Family
1557,6990,1,Expanded_Known_Family,Potential_Novel_Family
1557,5421,2,Expanded_Known_Family,Expanded_Known_Family
1557,1698,1,Expanded_Known_Family,Expanded_Known_Family
105,201,4,Expanded_Known_Family,Known_Family_Only
105,557,4,Expanded_Known_Family,Expanded_Known_Family
105,674,4,Expanded_Known_Family,Known_Family_Only
105,1194,4,Expanded_Known_Family,Known_Family_Only
105,2668,4,Expanded_Known_Family,Known_Family_Only
105,10520,4,Expanded_Known_Family,Potential_Novel_Family
201,557,4,Known_Family_Only,Expanded_Known_Family
201,674,4,Known_Family_Only,Known_Family_Only
201,1194,4,Known_Family_Only,Known_Family_Only
201,2668,4,Known_Family_Only,Known_Family_Only
201,10520,4,Known_Family_Only,Potential_Novel_Family
557,674,4,Expanded_Known_Family,Known_Family_Only
557,1194,4,Expanded_Known_Family,Known_Family_Only
557,2668,4,Expanded_Known_Family,Known_Family_Only
557,10520,4,Expanded_Known_Family,Potential_Novel_Family
557,12091,1,Expanded_Known_Family,Known_Family_Only
674,1194,4,Known_Family_Only,Known_Family_Only
674,2668,4,Known_Family_Only,Known_Family_Only
674,10520,4,Known_Family_Only,Potential_Novel_Family
1194,2668,4,Known_Family_Only,Known_Family_Only
1194,10520,4,Known_Family_Only,Potential_Novel_Family
2668,10520,4,Known_Family_Only,Potential_Novel_Family
5804,6898,2,Known_Family_Only,Potential_Novel_Family
3969,5711,4,Potential_Novel_Family,Known_Family_Only
3969,7227,4,Potential_Novel_Family,Known_Family_Only
5711,7227,4,Known_Family_Only,Known_Family_Only
895,1639,2,Known_Family_Only,Potential_Novel_Family
1639,452,1,Potential_Novel_Family,Known_Family_Only
1639,513,1,Potential_Novel_Family,Expanded_Known_Family
1294,1441,2,Potential_Novel_Family,Expanded_Known_Family
3557,5269,1,Expanded_Known_Family,Expanded_Known_Family
3557,11425,1,Expanded_Known_Family,Known_Family_Only
3557,11203,1,Expanded_Known_Family,Expanded_Known_Family
3557,6053,1,Expanded_Known_Family,Expanded_Known_Family
5269,291,1,Expanded_Known_Family,Expanded_Known_Family
5269,8774,1,Expanded_Known_Family,Expanded_Known_Family
5269,14187,1,Expanded_Known_Family,Potential_Novel_Family
5269,3163,1,Expanded_Known_Family,Potential_Novel_Family
1766,5480,2,Known_Family_Only,Potential_Novel_Family
3212,6069,4,Potential_Novel_Family,Known_Family_Only
11173,13256,1,Expanded_Known_Family,Potential_Novel_Family
11173,9030,1,Expanded_Known_Family,Potential_Novel_Family
13256,9246,1,Potential_Novel_Family,Known_Family_Only
2329,3659,1,Potential_Novel_Family,Known_Family_Only
468,696,1,Potential_Novel_Family,Known_Family_Only
9,7130,2,Expanded_Known_Family,Expanded_Known_Family
9,12133,1,Expanded_Known_Family,Known_Family_Only
9,9730,1,Expanded_Known_Family,Known_Family_Only
9,8632,1,Expanded_Known_Family,Known_Family_Only
7130,239,6,Expanded_Known_Family,Expanded_Known_Family
7130,223,5,Expanded_Known_Family,Expanded_Known_Family
7130,210,2,Expanded_Known_Family,Expanded_Known_Family
8177,14246,1,Potential_Novel_Family,Potential_Novel_Family
5605,11654,2,Potential_Novel_Family,Known_Family_Only
5606,7228,1,Potential_Novel_Family,Known_Family_Only
10169,12260,1,Potential_Novel_Family,Expanded_Known_Family
10169,6320,1,Potential_Novel_Family,Expanded_Known_Family
12260,7532,3,Expanded_Known_Family,Expanded_Known_Family
12260,1439,1,Expanded_Known_Family,Potential_Novel_Family
12260,13469,1,Expanded_Known_Family,Potential_Novel_Family
2936,7352,1,Potential_Novel_Family,Known_Family_Only
1251,11480,2,Known_Family_Only,Potential_Novel_Family
1208,9686,1,Potential_Novel_Family,Known_Family_Only
1208,2807,1,Potential_Novel_Family,Known_Family_Only
3838,4847,1,Potential_Novel_Family,Potential_Novel_Family
1234,5914,2,Known_Family_Only,Potential_Novel_Family
1234,2687,1,Known_Family_Only,Known_Family_Only
1234,5718,1,Known_Family_Only,Potential_Novel_Family
2783,4848,2,Potential_Novel_Family,Known_Family_Only
2783,1068,3,Potential_Novel_Family,Expanded_Known_Family
23,55,2,Potential_Novel_Family,Potential_Novel_Family
23,644,1,Potential_Novel_Family,Known_Family_Only
55,644,1,Potential_Novel_Family,Known_Family_Only
55,8329,1,Potential_Novel_Family,Potential_Novel_Family
5955,12063,1,Potential_Novel_Family,Potential_Novel_Family
12406,14170,1,Expanded_Known_Family,Potential_Novel_Family
14170,12948,3,Potential_Novel_Family,Potential_Novel_Family
3331,5712,4,Expanded_Known_Family,Potential_Novel_Family
141,606,1,Expanded_Known_Family,Potential_Novel_Family
141,3973,1,Expanded_Known_Family,Potential_Novel_Family
141,7569,1,Expanded_Known_Family,Potential_Novel_Family
141,11553,1,Expanded_Known_Family,Potential_Novel_Family
141,515,1,Expanded_Known_Family,Expanded_Known_Family
141,2831,1,Expanded_Known_Family,Known_Family_Only
606,38,1,Potential_Novel_Family,Expanded_Known_Family
2706,13103,1,Potential_Novel_Family,Known_Family_Only
2433,8842,1,Known_Family_Only,Potential_Novel_Family
42,4727,1,Known_Family_Only,Potential_Novel_Family
42,12155,1,Known_Family_Only,Potential_Novel_Family
42,13247,1,Known_Family_Only,Potential_Novel_Family
5993,9350,1,Potential_Novel_Family,Known_Family_Only
3518,12973,1,Potential_Novel_Family,Known_Family_Only
12194,13762,1,Known_Family_Only,Potential_Novel_Family
11512,14230,1,Known_Family_Only,Potential_Novel_Family
1254,13489,1,Expanded_Known_Family,Known_Family_Only
1254,6030,2,Expanded_Known_Family,Potential_Novel_Family
3500,10373,1,Potential_Novel_Family,Potential_Novel_Family
1976,3855,2,Expanded_Known_Family,Potential_Novel_Family
12839,13413,1,Potential_Novel_Family,Known_Family_Only
12839,9763,1,Potential_Novel_Family,Potential_Novel_Family
1304,9084,1,Expanded_Known_Family,Potential_Novel_Family
1304,766,2,Expanded_Known_Family,Known_Family_Only
1304,904,1,Expanded_Known_Family,Expanded_Known_Family
1304,237,1,Expanded_Known_Family,Expanded_Known_Family
1304,740,1,Expanded_Known_Family,Known_Family_Only
1304,735,3,Expanded_Known_Family,Expanded_Known_Family
1304,988,1,Expanded_Known_Family,Potential_Novel_Family
1304,9397,1,Expanded_Known_Family,Known_Family_Only
1034,9179,4,Known_Family_Only,Potential_Novel_Family
13656,13794,1,Potential_Novel_Family,Known_Family_Only
10235,12064,2,Known_Family_Only,Potential_Novel_Family
337,4688,2,Expanded_Known_Family,Known_Family_Only
337,11370,1,Expanded_Known_Family,Known_Family_Only
337,4106,1,Expanded_Known_Family,Expanded_Known_Family
337,12213,1,Expanded_Known_Family,Potential_Novel_Family
4688,630,1,Known_Family_Only,Expanded_Known_Family
4688,2144,1,Known_Family_Only,Expanded_Known_Family
4688,4561,1,Known_Family_Only,Potential_Novel_Family
6362,13993,2,Known_Family_Only,Potential_Novel_Family
9118,13104,2,Potential_Novel_Family,Expanded_Known_Family
93,2769,1,Potential_Novel_Family,Known_Family_Only
93,8327,1,Potential_Novel_Family,Known_Family_Only
528,1224,1,Potential_Novel_Family,Known_Family_Only
528,3026,1,Potential_Novel_Family,Expanded_Known_Family
528,8791,1,Potential_Novel_Family,Potential_Novel_Family
1224,3026,4,Known_Family_Only,Expanded_Known_Family
1224,133,1,Known_Family_Only,Expanded_Known_Family
1224,733,1,Known_Family_Only,Known_Family_Only
3026,13300,1,Expanded_Known_Family,Potential_Novel_Family
3026,133,2,Expanded_Known_Family,Expanded_Known_Family
3026,733,1,Expanded_Known_Family,Known_Family_Only
3026,635,1,Expanded_Known_Family,Known_Family_Only
3026,4541,1,Expanded_Known_Family,Expanded_Known_Family
3026,1113,2,Expanded_Known_Family,Expanded_Known_Family
3026,166,1,Expanded_Known_Family,Known_Family_Only
3026,659,1,Expanded_Known_Family,Known_Family_Only
3026,1739,1,Expanded_Known_Family,Potential_Novel_Family
85,902,1,Expanded_Known_Family,Expanded_Known_Family
85,6584,1,Expanded_Known_Family,Known_Family_Only
85,2373,1,Expanded_Known_Family,Potential_Novel_Family
85,2798,1,Expanded_Known_Family,Potential_Novel_Family
902,6053,1,Expanded_Known_Family,Expanded_Known_Family
902,2226,1,Expanded_Known_Family,Known_Family_Only
902,11595,1,Expanded_Known_Family,Potential_Novel_Family
902,8500,2,Expanded_Known_Family,Potential_Novel_Family
755,7384,3,Expanded_Known_Family,Potential_Novel_Family
9829,4117,4,Expanded_Known_Family,Expanded_Known_Family
13008,13854,2,Known_Family_Only,Potential_Novel_Family
11795,13366,1,Known_Family_Only,Expanded_Known_Family
13366,14056,2,Expanded_Known_Family,Potential_Novel_Family
13970,14182,1,Expanded_Known_Family,Known_Family_Only
2382,11305,1,Expanded_Known_Family,Known_Family_Only
2382,7455,2,Expanded_Known_Family,Known_Family_Only
2382,1453,1,Expanded_Known_Family,Expanded_Known_Family
2382,5498,1,Expanded_Known_Family,Expanded_Known_Family
70,1018,1,Potential_Novel_Family,Expanded_Known_Family
70,1422,1,Potential_Novel_Family,Known_Family_Only
1018,1422,2,Expanded_Known_Family,Known_Family_Only
3345,9414,6,Expanded_Known_Family,Expanded_Known_Family
3345,9364,1,Expanded_Known_Family,Potential_Novel_Family
5015,5096,1,Known_Family_Only,Potential_Novel_Family
13197,12699,1,Potential_Novel_Family,Known_Family_Only
1889,11418,1,Potential_Novel_Family,Potential_Novel_Family
2419,4276,3,Expanded_Known_Family,Expanded_Known_Family
11481,12663,1,Expanded_Known_Family,Potential_Novel_Family
11481,3661,1,Expanded_Known_Family,Potential_Novel_Family
8271,8379,1,Potential_Novel_Family,Known_Family_Only
8271,12317,1,Potential_Novel_Family,Known_Family_Only
8379,12317,1,Known_Family_Only,Known_Family_Only
849,5394,1,Known_Family_Only,Known_Family_Only
230,4288,1,Expanded_Known_Family,Potential_Novel_Family
230,4720,1,Expanded_Known_Family,Potential_Novel_Family
230,6414,1,Expanded_Known_Family,Potential_Novel_Family
230,4029,1,Expanded_Known_Family,Known_Family_Only
230,278,1,Expanded_Known_Family,Known_Family_Only
230,994,1,Expanded_Known_Family,Potential_Novel_Family
230,1811,1,Expanded_Known_Family,Potential_Novel_Family
230,3258,1,Expanded_Known_Family,Potential_Novel_Family
230,2745,1,Expanded_Known_Family,Potential_Novel_Family
230,6539,1,Expanded_Known_Family,Expanded_Known_Family
230,2257,1,Expanded_Known_Family,Potential_Novel_Family
230,3578,1,Expanded_Known_Family,Known_Family_Only
230,3579,2,Expanded_Known_Family,Known_Family_Only
230,8959,1,Expanded_Known_Family,Known_Family_Only
230,1282,1,Expanded_Known_Family,Known_Family_Only
230,3522,1,Expanded_Known_Family,Expanded_Known_Family
230,3111,1,Expanded_Known_Family,Expanded_Known_Family
230,12782,1,Expanded_Known_Family,Known_Family_Only
230,3546,1,Expanded_Known_Family,Known_Family_Only
230,3608,2,Expanded_Known_Family,Potential_Novel_Family
230,3173,1,Expanded_Known_Family,Known_Family_Only
230,3054,1,Expanded_Known_Family,Expanded_Known_Family
230,3109,2,Expanded_Known_Family,Expanded_Known_Family
5678,6537,2,Potential_Novel_Family,Known_Family_Only
1365,6506,1,Potential_Novel_Family,Potential_Novel_Family
1365,8011,1,Potential_Novel_Family,Known_Family_Only
1365,8580,1,Potential_Novel_Family,Potential_Novel_Family
3935,1089,1,Expanded_Known_Family,Expanded_Known_Family
88,942,2,Potential_Novel_Family,Known_Family_Only
88,2357,2,Potential_Novel_Family,Expanded_Known_Family
88,4849,2,Potential_Novel_Family,Known_Family_Only
88,2752,1,Potential_Novel_Family,Expanded_Known_Family
942,2357,2,Known_Family_Only,Expanded_Known_Family
942,4849,2,Known_Family_Only,Known_Family_Only
2357,4849,2,Expanded_Known_Family,Known_Family_Only
2357,979,1,Expanded_Known_Family,Expanded_Known_Family
2357,3865,1,Expanded_Known_Family,Known_Family_Only
2357,3473,1,Expanded_Known_Family,Expanded_Known_Family
2357,4589,1,Expanded_Known_Family,Known_Family_Only
2357,5193,2,Expanded_Known_Family,Potential_Novel_Family
2357,4423,1,Expanded_Known_Family,Known_Family_Only
2357,3767,1,Expanded_Known_Family,Potential_Novel_Family
5556,5994,2,Potential_Novel_Family,Expanded_Known_Family
5556,90,1,Potential_Novel_Family,Expanded_Known_Family
5556,7685,5,Potential_Novel_Family,Expanded_Known_Family
3971,11281,3,Expanded_Known_Family,Expanded_Known_Family
8380,8482,1,Potential_Novel_Family,Potential_Novel_Family
8178,10828,1,Potential_Novel_Family,Known_Family_Only
390,3736,1,Potential_Novel_Family,Known_Family_Only
390,3369,1,Potential_Novel_Family,Known_Family_Only
1295,4360,3,Expanded_Known_Family,Potential_Novel_Family
1295,413,2,Expanded_Known_Family,Known_Family_Only
1295,5723,2,Expanded_Known_Family,Expanded_Known_Family
1295,8599,1,Expanded_Known_Family,Known_Family_Only
1295,5189,3,Expanded_Known_Family,Potential_Novel_Family
1295,4687,1,Expanded_Known_Family,Known_Family_Only
4360,8599,1,Potential_Novel_Family,Known_Family_Only
5607,7055,3,Expanded_Known_Family,Potential_Novel_Family
2209,4186,7,Expanded_Known_Family,Potential_Novel_Family
2209,4950,5,Expanded_Known_Family,Expanded_Known_Family
2209,6984,1,Expanded_Known_Family,Potential_Novel_Family
2209,12827,1,Expanded_Known_Family,Potential_Novel_Family
2209,7818,1,Expanded_Known_Family,Potential_Novel_Family
2209,13093,1,Expanded_Known_Family,Potential_Novel_Family
4247,6220,2,Expanded_Known_Family,Expanded_Known_Family
4247,2082,1,Expanded_Known_Family,Expanded_Known_Family
4247,10671,1,Expanded_Known_Family,Known_Family_Only
4247,7951,1,Expanded_Known_Family,Expanded_Known_Family
6220,4094,1,Expanded_Known_Family,Expanded_Known_Family
7736,12065,1,Potential_Novel_Family,Known_Family_Only
11735,12840,1,Potential_Novel_Family,Known_Family_Only
2024,9908,1,Potential_Novel_Family,Potential_Novel_Family
691,1525,1,Known_Family_Only,Expanded_Known_Family
1525,12655,1,Expanded_Known_Family,Potential_Novel_Family
1525,6366,1,Expanded_Known_Family,Expanded_Known_Family
1525,3598,1,Expanded_Known_Family,Known_Family_Only
1337,6334,1,Potential_Novel_Family,Known_Family_Only
13727,13855,1,Potential_Novel_Family,Expanded_Known_Family
13855,4851,1,Expanded_Known_Family,Potential_Novel_Family
13855,14114,1,Expanded_Known_Family,Potential_Novel_Family
6538,8733,1,Known_Family_Only,Potential_Novel_Family
4502,7195,1,Potential_Novel_Family,Known_Family_Only
4502,8135,1,Potential_Novel_Family,Known_Family_Only
7195,8135,1,Known_Family_Only,Known_Family_Only
2631,8381,2,Expanded_Known_Family,Expanded_Known_Family
2631,11782,2,Expanded_Known_Family,Potential_Novel_Family
2631,10906,1,Expanded_Known_Family,Known_Family_Only
7328,7737,1,Potential_Novel_Family,Known_Family_Only
5,7385,2,Potential_Novel_Family,Potential_Novel_Family
5,10415,1,Potential_Novel_Family,Potential_Novel_Family
5,12408,1,Potential_Novel_Family,Expanded_Known_Family
12940,13627,1,Potential_Novel_Family,Potential_Novel_Family
707,6035,1,Known_Family_Only,Expanded_Known_Family
6035,2615,1,Expanded_Known_Family,Potential_Novel_Family
6035,8050,1,Expanded_Known_Family,Known_Family_Only
6035,1727,1,Expanded_Known_Family,Potential_Novel_Family
4399,6150,1,Potential_Novel_Family,Potential_Novel_Family
13331,13442,1,Known_Family_Only,Expanded_Known_Family
13442,11954,1,Expanded_Known_Family,Potential_Novel_Family
13442,8089,5,Expanded_Known_Family,Potential_Novel_Family
13442,1313,1,Expanded_Known_Family,Expanded_Known_Family
4720,6414,1,Potential_Novel_Family,Potential_Novel_Family
6388,8020,2,Expanded_Known_Family,Expanded_Known_Family
6388,371,1,Expanded_Known_Family,Potential_Novel_Family
6388,3095,1,Expanded_Known_Family,Expanded_Known_Family
2482,8736,3,Potential_Novel_Family,Expanded_Known_Family
3223,10155,1,Potential_Novel_Family,Potential_Novel_Family
6014,8304,1,Potential_Novel_Family,Potential_Novel_Family
4787,10918,1,Potential_Novel_Family,Potential_Novel_Family
3754,9868,1,Potential_Novel_Family,Potential_Novel_Family
11767,12277,3,Potential_Novel_Family,Expanded_Known_Family
11767,10784,1,Potential_Novel_Family,Known_Family_Only
173,11927,1,Potential_Novel_Family,Potential_Novel_Family
173,3378,1,Potential_Novel_Family,Known_Family_Only
3943,10596,4,Potential_Novel_Family,Potential_Novel_Family
339,1107,1,Expanded_Known_Family,Known_Family_Only
339,3377,1,Expanded_Known_Family,Expanded_Known_Family
339,3722,2,Expanded_Known_Family,Expanded_Known_Family
339,4010,1,Expanded_Known_Family,Potential_Novel_Family
339,6845,2,Expanded_Known_Family,Expanded_Known_Family
339,7944,2,Expanded_Known_Family,Expanded_Known_Family
1107,3377,1,Known_Family_Only,Expanded_Known_Family
1107,3722,1,Known_Family_Only,Expanded_Known_Family
3377,3722,1,Expanded_Known_Family,Expanded_Known_Family
3377,465,1,Expanded_Known_Family,Expanded_Known_Family
3377,1298,1,Expanded_Known_Family,Potential_Novel_Family
3377,2114,1,Expanded_Known_Family,Expanded_Known_Family
3377,3242,1,Expanded_Known_Family,Known_Family_Only
3377,4804,1,Expanded_Known_Family,Potential_Novel_Family
3377,1311,1,Expanded_Known_Family,Known_Family_Only
3377,657,1,Expanded_Known_Family,Known_Family_Only
3722,378,1,Expanded_Known_Family,Expanded_Known_Family
1277,8843,1,Known_Family_Only,Potential_Novel_Family
5781,7608,1,Expanded_Known_Family,Potential_Novel_Family
5781,13382,2,Expanded_Known_Family,Known_Family_Only
5781,9097,1,Expanded_Known_Family,Known_Family_Only
5781,9920,1,Expanded_Known_Family,Potential_Novel_Family
5781,9206,1,Expanded_Known_Family,Potential_Novel_Family
5781,9753,1,Expanded_Known_Family,Expanded_Known_Family
5781,1733,1,Expanded_Known_Family,Expanded_Known_Family
5781,8760,1,Expanded_Known_Family,Potential_Novel_Family
5781,13294,1,Expanded_Known_Family,Potential_Novel_Family
4600,6866,1,Known_Family_Only,Potential_Novel_Family
3481,6681,1,Potential_Novel_Family,Potential_Novel_Family
836,916,1,Expanded_Known_Family,Known_Family_Only
836,2106,1,Expanded_Known_Family,Potential_Novel_Family
836,1313,1,Expanded_Known_Family,Expanded_Known_Family
836,7667,1,Expanded_Known_Family,Potential_Novel_Family
916,2106,1,Known_Family_Only,Potential_Novel_Family
4850,12913,1,Potential_Novel_Family,Expanded_Known_Family
12913,11931,1,Expanded_Known_Family,Potential_Novel_Family
3693,5401,1,Known_Family_Only,Expanded_Known_Family
5401,1225,1,Expanded_Known_Family,Potential_Novel_Family
5401,12504,1,Expanded_Known_Family,Potential_Novel_Family
5401,117,2,Expanded_Known_Family,Known_Family_Only
5401,1658,1,Expanded_Known_Family,Potential_Novel_Family
4900,4998,2,Expanded_Known_Family,Expanded_Known_Family
11239,13856,1,Expanded_Known_Family,Potential_Novel_Family
11239,8156,1,Expanded_Known_Family,Potential_Novel_Family
11239,1842,1,Expanded_Known_Family,Potential_Novel_Family
8994,9869,1,Potential_Novel_Family,Known_Family_Only
8994,9909,1,Potential_Novel_Family,Known_Family_Only
9869,9909,1,Known_Family_Only,Known_Family_Only
35,4938,1,Expanded_Known_Family,Potential_Novel_Family
35,54,1,Expanded_Known_Family,Known_Family_Only
35,341,1,Expanded_Known_Family,Expanded_Known_Family
35,4190,1,Expanded_Known_Family,Known_Family_Only
35,5212,1,Expanded_Known_Family,Known_Family_Only
35,6747,1,Expanded_Known_Family,Known_Family_Only
412,7792,1,Potential_Novel_Family,Known_Family_Only
10068,13587,1,Known_Family_Only,Potential_Novel_Family
5443,10634,2,Expanded_Known_Family,Expanded_Known_Family
5443,11078,1,Expanded_Known_Family,Potential_Novel_Family
10634,5078,1,Expanded_Known_Family,Expanded_Known_Family
48,3305,2,Expanded_Known_Family,Expanded_Known_Family
48,7959,1,Expanded_Known_Family,Potential_Novel_Family
48,2058,3,Expanded_Known_Family,Known_Family_Only
48,3338,2,Expanded_Known_Family,Potential_Novel_Family
3305,7959,1,Expanded_Known_Family,Potential_Novel_Family
3305,2058,1,Expanded_Known_Family,Known_Family_Only
5204,13033,2,Expanded_Known_Family,Potential_Novel_Family
5204,4067,1,Expanded_Known_Family,Potential_Novel_Family
1524,2204,1,Known_Family_Only,Potential_Novel_Family
5786,6415,1,Potential_Novel_Family,Known_Family_Only
3025,8005,1,Potential_Novel_Family,Potential_Novel_Family
8382,11419,1,Potential_Novel_Family,Potential_Novel_Family
6867,13414,1,Potential_Novel_Family,Known_Family_Only
8483,9261,1,Potential_Novel_Family,Known_Family_Only
9261,7010,1,Known_Family_Only,Potential_Novel_Family
9415,12499,2,Expanded_Known_Family,Potential_Novel_Family
133,733,1,Expanded_Known_Family,Known_Family_Only
133,635,1,Expanded_Known_Family,Known_Family_Only
133,4541,1,Expanded_Known_Family,Expanded_Known_Family
133,12330,1,Expanded_Known_Family,Known_Family_Only
133,8673,1,Expanded_Known_Family,Potential_Novel_Family
432,8888,1,Expanded_Known_Family,Potential_Novel_Family
432,2992,1,Expanded_Known_Family,Potential_Novel_Family
432,3109,1,Expanded_Known_Family,Expanded_Known_Family
432,3154,1,Expanded_Known_Family,Potential_Novel_Family
2450,1029,1,Expanded_Known_Family,Potential_Novel_Family
2450,10220,1,Expanded_Known_Family,Potential_Novel_Family
16,13109,1,Expanded_Known_Family,Potential_Novel_Family
16,11828,1,Expanded_Known_Family,Known_Family_Only
16,11052,1,Expanded_Known_Family,Potential_Novel_Family
16,2854,1,Expanded_Known_Family,Expanded_Known_Family
16,13175,1,Expanded_Known_Family,Expanded_Known_Family
16,5727,1,Expanded_Known_Family,Known_Family_Only
16,54,1,Expanded_Known_Family,Known_Family_Only
16,3078,1,Expanded_Known_Family,Potential_Novel_Family
16,8822,1,Expanded_Known_Family,Expanded_Known_Family
4162,7925,1,Potential_Novel_Family,Potential_Novel_Family
14135,14295,1,Potential_Novel_Family,Potential_Novel_Family
3593,7844,1,Known_Family_Only,Potential_Novel_Family
6095,7021,1,Potential_Novel_Family,Known_Family_Only
5937,8011,1,Potential_Novel_Family,Known_Family_Only
5502,9416,4,Expanded_Known_Family,Potential_Novel_Family
5502,2846,2,Expanded_Known_Family,Potential_Novel_Family
5502,4468,2,Expanded_Known_Family,Potential_Novel_Family
3925,10890,1,Known_Family_Only,Potential_Novel_Family
363,1463,1,Known_Family_Only,Known_Family_Only
363,2913,1,Known_Family_Only,Potential_Novel_Family
363,8734,1,Known_Family_Only,Known_Family_Only
363,807,1,Known_Family_Only,Expanded_Known_Family
363,1314,1,Known_Family_Only,Expanded_Known_Family
363,8330,1,Known_Family_Only,Expanded_Known_Family
1463,2913,1,Known_Family_Only,Potential_Novel_Family
1463,8734,1,Known_Family_Only,Known_Family_Only
2913,8734,1,Potential_Novel_Family,Known_Family_Only
355,9196,1,Known_Family_Only,Potential_Novel_Family
355,4421,1,Known_Family_Only,Known_Family_Only
355,9893,1,Known_Family_Only,Known_Family_Only
355,11596,1,Known_Family_Only,Potential_Novel_Family
9196,6097,1,Potential_Novel_Family,Potential_Novel_Family
9196,11942,1,Potential_Novel_Family,Known_Family_Only
9196,9024,1,Potential_Novel_Family,Expanded_Known_Family
9196,14085,1,Potential_Novel_Family,Expanded_Known_Family
10535,11453,6,Expanded_Known_Family,Expanded_Known_Family
2402,3948,4,Expanded_Known_Family,Expanded_Known_Family
2402,11729,1,Expanded_Known_Family,Potential_Novel_Family
3948,11729,1,Expanded_Known_Family,Potential_Novel_Family
207,8067,1,Known_Family_Only,Known_Family_Only
207,10450,1,Known_Family_Only,Potential_Novel_Family
207,1087,1,Known_Family_Only,Expanded_Known_Family
207,1307,1,Known_Family_Only,Known_Family_Only
207,10184,1,Known_Family_Only,Potential_Novel_Family
8067,10450,1,Known_Family_Only,Potential_Novel_Family
6972,12807,1,Potential_Novel_Family,Known_Family_Only
2383,13352,3,Expanded_Known_Family,Known_Family_Only
57,6211,1,Expanded_Known_Family,Potential_Novel_Family
57,2174,1,Expanded_Known_Family,Expanded_Known_Family
57,5995,1,Expanded_Known_Family,Expanded_Known_Family
57,315,2,Expanded_Known_Family,Known_Family_Only
57,1607,2,Expanded_Known_Family,Known_Family_Only
57,2679,2,Expanded_Known_Family,Potential_Novel_Family
57,7892,2,Expanded_Known_Family,Known_Family_Only
57,4891,1,Expanded_Known_Family,Potential_Novel_Family
57,9834,1,Expanded_Known_Family,Potential_Novel_Family
57,3052,1,Expanded_Known_Family,Potential_Novel_Family
57,6808,1,Expanded_Known_Family,Potential_Novel_Family
57,9327,1,Expanded_Known_Family,Potential_Novel_Family
6211,1693,1,Potential_Novel_Family,Expanded_Known_Family
11061,13728,1,Known_Family_Only,Potential_Novel_Family
448,2962,1,Expanded_Known_Family,Potential_Novel_Family
448,2756,1,Expanded_Known_Family,Known_Family_Only
448,2500,1,Expanded_Known_Family,Potential_Novel_Family
448,3441,1,Expanded_Known_Family,Known_Family_Only
448,5833,1,Expanded_Known_Family,Known_Family_Only
7157,13198,1,Potential_Novel_Family,Potential_Novel_Family
10374,13764,1,Potential_Novel_Family,Known_Family_Only
2711,10340,2,Expanded_Known_Family,Potential_Novel_Family
9771,9998,5,Expanded_Known_Family,Expanded_Known_Family
9771,231,2,Expanded_Known_Family,Expanded_Known_Family
9771,9202,1,Expanded_Known_Family,Potential_Novel_Family
9998,231,1,Expanded_Known_Family,Expanded_Known_Family
2460,4379,1,Potential_Novel_Family,Known_Family_Only
1879,8136,1,Known_Family_Only,Potential_Novel_Family
6152,7804,1,Potential_Novel_Family,Expanded_Known_Family
7804,10251,1,Expanded_Known_Family,Potential_Novel_Family
7804,12274,1,Expanded_Known_Family,Potential_Novel_Family
1883,2008,1,Expanded_Known_Family,Potential_Novel_Family
1883,1854,1,Expanded_Known_Family,Potential_Novel_Family
6102,3,1,Potential_Novel_Family,Expanded_Known_Family
6102,10282,1,Potential_Novel_Family,Potential_Novel_Family
7159,12878,1,Potential_Novel_Family,Known_Family_Only
8623,12164,1,Known_Family_Only,Potential_Novel_Family
294,3632,1,Expanded_Known_Family,Expanded_Known_Family
294,2417,2,Expanded_Known_Family,Known_Family_Only
294,3551,2,Expanded_Known_Family,Potential_Novel_Family
294,9334,2,Expanded_Known_Family,Known_Family_Only
3632,10677,1,Expanded_Known_Family,Known_Family_Only
8419,9485,1,Potential_Novel_Family,Potential_Novel_Family
11246,14123,2,Potential_Novel_Family,Expanded_Known_Family
782,9947,1,Expanded_Known_Family,Potential_Novel_Family
782,12981,1,Expanded_Known_Family,Potential_Novel_Family
782,3328,1,Expanded_Known_Family,Known_Family_Only
782,870,1,Expanded_Known_Family,Known_Family_Only
782,922,1,Expanded_Known_Family,Potential_Novel_Family
313,11514,1,Expanded_Known_Family,Known_Family_Only
313,2882,2,Expanded_Known_Family,Potential_Novel_Family
313,6561,2,Expanded_Known_Family,Known_Family_Only
12680,12842,1,Potential_Novel_Family,Potential_Novel_Family
12680,8251,2,Potential_Novel_Family,Expanded_Known_Family
2897,3694,1,Known_Family_Only,Potential_Novel_Family
2897,9155,1,Known_Family_Only,Known_Family_Only
2897,28,1,Known_Family_Only,Expanded_Known_Family
2897,96,1,Known_Family_Only,Expanded_Known_Family
2897,1197,1,Known_Family_Only,Known_Family_Only
2897,1283,1,Known_Family_Only,Potential_Novel_Family
2897,1945,1,Known_Family_Only,Known_Family_Only
2897,3156,1,Known_Family_Only,Expanded_Known_Family
2897,9266,1,Known_Family_Only,Expanded_Known_Family
3694,9155,1,Potential_Novel_Family,Known_Family_Only
12843,14166,1,Potential_Novel_Family,Known_Family_Only
938,7564,1,Potential_Novel_Family,Potential_Novel_Family
938,6265,2,Potential_Novel_Family,Known_Family_Only
2468,8109,1,Potential_Novel_Family,Expanded_Known_Family
2468,9579,1,Potential_Novel_Family,Known_Family_Only
8109,3901,2,Expanded_Known_Family,Expanded_Known_Family
8109,8309,2,Expanded_Known_Family,Expanded_Known_Family
8109,4655,1,Expanded_Known_Family,Known_Family_Only
6120,6887,2,Expanded_Known_Family,Known_Family_Only
2231,7056,1,Potential_Novel_Family,Known_Family_Only
888,11674,1,Potential_Novel_Family,Known_Family_Only
888,601,1,Potential_Novel_Family,Potential_Novel_Family
485,4079,5,Expanded_Known_Family,Expanded_Known_Family
485,4584,1,Expanded_Known_Family,Expanded_Known_Family
4079,533,4,Expanded_Known_Family,Potential_Novel_Family
5915,7409,2,Potential_Novel_Family,Expanded_Known_Family
7450,5999,1,Expanded_Known_Family,Known_Family_Only
7450,13273,1,Expanded_Known_Family,Potential_Novel_Family
248,4788,1,Known_Family_Only,Potential_Novel_Family
248,224,1,Known_Family_Only,Potential_Novel_Family
6237,986,1,Known_Family_Only,Expanded_Known_Family
6237,1646,1,Known_Family_Only,Expanded_Known_Family
5893,10991,1,Potential_Novel_Family,Potential_Novel_Family
5893,7502,1,Potential_Novel_Family,Known_Family_Only
5893,7533,1,Potential_Novel_Family,Known_Family_Only
5893,7463,1,Potential_Novel_Family,Expanded_Known_Family
2951,4926,2,Expanded_Known_Family,Potential_Novel_Family
2951,8036,1,Expanded_Known_Family,Potential_Novel_Family
2951,9157,2,Expanded_Known_Family,Potential_Novel_Family
4926,8036,1,Potential_Novel_Family,Potential_Novel_Family
236,3420,1,Potential_Novel_Family,Potential_Novel_Family
236,13744,1,Potential_Novel_Family,Potential_Novel_Family
3420,5258,2,Potential_Novel_Family,Expanded_Known_Family
5491,9971,12,Expanded_Known_Family,Expanded_Known_Family
5491,6448,1,Expanded_Known_Family,Potential_Novel_Family
5491,6635,1,Expanded_Known_Family,Potential_Novel_Family
5491,1006,1,Expanded_Known_Family,Potential_Novel_Family
5491,6753,1,Expanded_Known_Family,Expanded_Known_Family
5491,7713,1,Expanded_Known_Family,Potential_Novel_Family
5491,6720,3,Expanded_Known_Family,Potential_Novel_Family
9971,7114,3,Expanded_Known_Family,Potential_Novel_Family
2020,10306,1,Expanded_Known_Family,Potential_Novel_Family
2020,4928,1,Expanded_Known_Family,Known_Family_Only
2020,1515,1,Expanded_Known_Family,Known_Family_Only
2020,3663,1,Expanded_Known_Family,Potential_Novel_Family
4374,11174,1,Expanded_Known_Family,Potential_Novel_Family
4374,12518,1,Expanded_Known_Family,Potential_Novel_Family
10137,10360,3,Expanded_Known_Family,Known_Family_Only
6221,6631,2,Expanded_Known_Family,Expanded_Known_Family
4001,5679,1,Known_Family_Only,Potential_Novel_Family
4001,3749,1,Known_Family_Only,Potential_Novel_Family
1183,1445,1,Expanded_Known_Family,Potential_Novel_Family
1183,2155,2,Expanded_Known_Family,Expanded_Known_Family
1183,7314,1,Expanded_Known_Family,Expanded_Known_Family
3725,1707,1,Expanded_Known_Family,Potential_Novel_Family
3725,340,1,Expanded_Known_Family,Expanded_Known_Family
3448,5395,3,Expanded_Known_Family,Expanded_Known_Family
6868,7738,1,Known_Family_Only,Potential_Novel_Family
4329,11522,1,Expanded_Known_Family,Potential_Novel_Family
6229,10105,2,Expanded_Known_Family,Known_Family_Only
6229,5260,11,Expanded_Known_Family,Expanded_Known_Family
6229,1142,3,Expanded_Known_Family,Expanded_Known_Family
6229,8165,2,Expanded_Known_Family,Potential_Novel_Family
6229,11790,1,Expanded_Known_Family,Potential_Novel_Family
6229,7469,1,Expanded_Known_Family,Potential_Novel_Family
1327,5121,1,Known_Family_Only,Potential_Novel_Family
1327,643,1,Known_Family_Only,Potential_Novel_Family
1327,5286,1,Known_Family_Only,Known_Family_Only
2174,5995,2,Expanded_Known_Family,Expanded_Known_Family
2174,7629,1,Expanded_Known_Family,Known_Family_Only
5153,5396,1,Potential_Novel_Family,Known_Family_Only
9215,13105,1,Potential_Novel_Family,Known_Family_Only
8310,9449,2,Expanded_Known_Family,Expanded_Known_Family
8310,12698,2,Expanded_Known_Family,Potential_Novel_Family
8310,543,1,Expanded_Known_Family,Potential_Novel_Family
8310,1390,1,Expanded_Known_Family,Known_Family_Only
8310,7744,1,Expanded_Known_Family,Potential_Novel_Family
9449,12698,2,Expanded_Known_Family,Potential_Novel_Family
12698,3133,4,Potential_Novel_Family,Expanded_Known_Family
504,7196,2,Potential_Novel_Family,Expanded_Known_Family
2268,5627,1,Potential_Novel_Family,Known_Family_Only
2268,578,1,Potential_Novel_Family,Expanded_Known_Family
13482,12928,2,Expanded_Known_Family,Potential_Novel_Family
7230,10260,1,Potential_Novel_Family,Known_Family_Only
1065,4430,2,Expanded_Known_Family,Expanded_Known_Family
3656,8880,2,Expanded_Known_Family,Potential_Novel_Family
3656,9047,1,Expanded_Known_Family,Potential_Novel_Family
3656,8682,1,Expanded_Known_Family,Potential_Novel_Family
3656,9170,1,Expanded_Known_Family,Potential_Novel_Family
7941,614,1,Expanded_Known_Family,Known_Family_Only
7941,4583,1,Expanded_Known_Family,Expanded_Known_Family
7941,5859,1,Expanded_Known_Family,Expanded_Known_Family
8932,13367,1,Expanded_Known_Family,Potential_Novel_Family
8932,2374,1,Expanded_Known_Family,Expanded_Known_Family
3164,4789,1,Expanded_Known_Family,Potential_Novel_Family
3164,8056,1,Expanded_Known_Family,Potential_Novel_Family
3164,4758,1,Expanded_Known_Family,Known_Family_Only
8592,11541,1,Potential_Novel_Family,Known_Family_Only
6007,8484,2,Known_Family_Only,Potential_Novel_Family
6007,12400,1,Known_Family_Only,Potential_Novel_Family
2960,12261,1,Expanded_Known_Family,Potential_Novel_Family
2960,12681,1,Expanded_Known_Family,Potential_Novel_Family
80,4007,1,Potential_Novel_Family,Potential_Novel_Family
413,5723,5,Known_Family_Only,Expanded_Known_Family
413,1330,3,Known_Family_Only,Potential_Novel_Family
5723,1330,3,Expanded_Known_Family,Potential_Novel_Family
1167,5749,1,Known_Family_Only,Known_Family_Only
1167,8240,1,Known_Family_Only,Potential_Novel_Family
5749,8240,1,Known_Family_Only,Potential_Novel_Family
10106,10700,1,Expanded_Known_Family,Known_Family_Only
10106,13116,1,Expanded_Known_Family,Potential_Novel_Family
7025,13135,1,Potential_Novel_Family,Potential_Novel_Family
7025,12385,1,Potential_Novel_Family,Known_Family_Only
4310,11175,1,Expanded_Known_Family,Known_Family_Only
4310,5184,1,Expanded_Known_Family,Known_Family_Only
4310,8206,1,Expanded_Known_Family,Potential_Novel_Family
2299,12382,1,Expanded_Known_Family,Potential_Novel_Family
599,12470,1,Known_Family_Only,Potential_Novel_Family
599,651,1,Known_Family_Only,Expanded_Known_Family
2176,2795,2,Expanded_Known_Family,Expanded_Known_Family
2795,2931,1,Expanded_Known_Family,Expanded_Known_Family
6053,11513,1,Expanded_Known_Family,Potential_Novel_Family
6053,13167,1,Expanded_Known_Family,Potential_Novel_Family
6053,2959,1,Expanded_Known_Family,Potential_Novel_Family
13136,13257,1,Potential_Novel_Family,Known_Family_Only
625,2048,1,Expanded_Known_Family,Potential_Novel_Family
625,2590,2,Expanded_Known_Family,Known_Family_Only
625,191,1,Expanded_Known_Family,Potential_Novel_Family
625,588,1,Expanded_Known_Family,Expanded_Known_Family
625,1401,1,Expanded_Known_Family,Known_Family_Only
625,5637,1,Expanded_Known_Family,Potential_Novel_Family
625,7199,1,Expanded_Known_Family,Expanded_Known_Family
625,7947,1,Expanded_Known_Family,Known_Family_Only
625,8330,1,Expanded_Known_Family,Expanded_Known_Family
625,10691,1,Expanded_Known_Family,Known_Family_Only
1437,7156,1,Expanded_Known_Family,Known_Family_Only
1437,2219,2,Expanded_Known_Family,Potential_Novel_Family
2082,10671,1,Expanded_Known_Family,Known_Family_Only
2082,863,5,Expanded_Known_Family,Expanded_Known_Family
6888,12616,1,Expanded_Known_Family,Potential_Novel_Family
6888,3020,1,Expanded_Known_Family,Known_Family_Only
12383,13763,1,Potential_Novel_Family,Potential_Novel_Family
1375,1920,2,Expanded_Known_Family,Expanded_Known_Family
1375,5585,2,Expanded_Known_Family,Expanded_Known_Family
7980,8553,1,Expanded_Known_Family,Expanded_Known_Family
7980,8781,4,Expanded_Known_Family,Expanded_Known_Family
8553,10158,1,Expanded_Known_Family,Potential_Novel_Family
8553,9817,1,Expanded_Known_Family,Potential_Novel_Family
3543,10522,1,Known_Family_Only,Potential_Novel_Family
7739,10834,1,Potential_Novel_Family,Expanded_Known_Family
10834,5266,1,Expanded_Known_Family,Expanded_Known_Family
10834,11150,2,Expanded_Known_Family,Known_Family_Only
136,4698,1,Known_Family_Only,Potential_Novel_Family
11310,11796,1,Expanded_Known_Family,Known_Family_Only
11310,13632,1,Expanded_Known_Family,Known_Family_Only
11310,7410,1,Expanded_Known_Family,Potential_Novel_Family
8548,8642,6,Expanded_Known_Family,Expanded_Known_Family
8548,9562,2,Expanded_Known_Family,Known_Family_Only
546,3660,1,Known_Family_Only,Potential_Novel_Family
3660,2362,1,Potential_Novel_Family,Known_Family_Only
3660,6842,1,Potential_Novel_Family,Potential_Novel_Family
3660,13042,1,Potential_Novel_Family,Known_Family_Only
13368,14296,1,Potential_Novel_Family,Potential_Novel_Family
8824,10244,2,Expanded_Known_Family,Potential_Novel_Family
10244,9387,1,Potential_Novel_Family,Potential_Novel_Family
10244,9282,1,Potential_Novel_Family,Potential_Novel_Family
9308,9484,1,Potential_Novel_Family,Known_Family_Only
5258,2089,1,Expanded_Known_Family,Known_Family_Only
7528,10156,1,Potential_Novel_Family,Known_Family_Only
3575,9085,1,Potential_Novel_Family,Known_Family_Only
3193,6707,1,Potential_Novel_Family,Known_Family_Only
9053,12808,1,Potential_Novel_Family,Known_Family_Only
7022,11215,1,Potential_Novel_Family,Potential_Novel_Family
7022,11797,1,Potential_Novel_Family,Known_Family_Only
11215,11797,1,Potential_Novel_Family,Known_Family_Only
2197,6170,1,Known_Family_Only,Expanded_Known_Family
6170,10685,1,Expanded_Known_Family,Expanded_Known_Family
950,3926,1,Potential_Novel_Family,Known_Family_Only
950,4699,1,Potential_Novel_Family,Known_Family_Only
3926,4699,1,Known_Family_Only,Known_Family_Only
9450,9910,1,Potential_Novel_Family,Known_Family_Only
6870,12318,1,Known_Family_Only,Potential_Novel_Family
1261,1642,1,Known_Family_Only,Known_Family_Only
1261,3737,1,Known_Family_Only,Expanded_Known_Family
1642,3737,1,Known_Family_Only,Expanded_Known_Family
3737,12630,1,Expanded_Known_Family,Potential_Novel_Family
7023,8347,1,Potential_Novel_Family,Potential_Novel_Family
2074,5316,1,Known_Family_Only,Potential_Novel_Family
10829,12262,1,Potential_Novel_Family,Potential_Novel_Family
6254,4213,1,Expanded_Known_Family,Potential_Novel_Family
3525,13164,1,Expanded_Known_Family,Potential_Novel_Family
3525,11551,1,Expanded_Known_Family,Potential_Novel_Family
1343,9577,1,Expanded_Known_Family,Potential_Novel_Family
1343,9192,1,Expanded_Known_Family,Potential_Novel_Family
4450,12651,2,Known_Family_Only,Potential_Novel_Family
4293,5598,2,Expanded_Known_Family,Known_Family_Only
4293,8557,2,Expanded_Known_Family,Expanded_Known_Family
13165,13697,1,Potential_Novel_Family,Potential_Novel_Family
7267,8613,1,Known_Family_Only,Potential_Novel_Family
8613,11428,1,Potential_Novel_Family,Potential_Novel_Family
8613,10295,2,Potential_Novel_Family,Potential_Novel_Family
7529,7793,18,Expanded_Known_Family,Expanded_Known_Family
7529,7638,1,Expanded_Known_Family,Potential_Novel_Family
5260,8453,1,Expanded_Known_Family,Potential_Novel_Family
5260,10900,1,Expanded_Known_Family,Known_Family_Only
13825,12881,9,Expanded_Known_Family,Expanded_Known_Family
13825,9318,5,Expanded_Known_Family,Potential_Novel_Family
1429,1703,11,Expanded_Known_Family,Potential_Novel_Family
7601,8068,1,Potential_Novel_Family,Known_Family_Only
11693,13258,10,Expanded_Known_Family,Expanded_Known_Family
13258,8775,2,Expanded_Known_Family,Expanded_Known_Family
13258,220,1,Expanded_Known_Family,Expanded_Known_Family
10737,10919,2,Potential_Novel_Family,Expanded_Known_Family
3633,4359,1,Potential_Novel_Family,Known_Family_Only
7960,8844,1,Known_Family_Only,Potential_Novel_Family
11769,11879,3,Potential_Novel_Family,Expanded_Known_Family
11769,8521,2,Potential_Novel_Family,Known_Family_Only
11879,8521,2,Expanded_Known_Family,Known_Family_Only
3819,12165,1,Potential_Novel_Family,Potential_Novel_Family
1236,2390,3,Expanded_Known_Family,Expanded_Known_Family
1236,11205,1,Expanded_Known_Family,Potential_Novel_Family
6249,10069,1,Known_Family_Only,Potential_Novel_Family
4193,10348,5,Expanded_Known_Family,Expanded_Known_Family
10348,10676,1,Expanded_Known_Family,Potential_Novel_Family
10323,12306,2,Potential_Novel_Family,Known_Family_Only
5205,8137,1,Known_Family_Only,Potential_Novel_Family
6828,8138,1,Known_Family_Only,Potential_Novel_Family
7024,9664,5,Potential_Novel_Family,Expanded_Known_Family
2545,11248,1,Known_Family_Only,Potential_Novel_Family
7823,9870,1,Potential_Novel_Family,Potential_Novel_Family
7268,11928,1,Potential_Novel_Family,Known_Family_Only
4163,6015,2,Expanded_Known_Family,Expanded_Known_Family
4163,7853,1,Expanded_Known_Family,Potential_Novel_Family
4163,10452,1,Expanded_Known_Family,Known_Family_Only
6015,7853,1,Expanded_Known_Family,Potential_Novel_Family
6015,10452,1,Expanded_Known_Family,Known_Family_Only
5254,13106,1,Potential_Novel_Family,Known_Family_Only
5498,11632,4,Expanded_Known_Family,Expanded_Known_Family
5498,12519,1,Expanded_Known_Family,Known_Family_Only
1649,5341,1,Expanded_Known_Family,Potential_Novel_Family
1649,9326,1,Expanded_Known_Family,Potential_Novel_Family
6444,13628,1,Potential_Novel_Family,Potential_Novel_Family
4476,5255,1,Potential_Novel_Family,Potential_Novel_Family
1017,1217,2,Expanded_Known_Family,Expanded_Known_Family
3066,9653,1,Potential_Novel_Family,Potential_Novel_Family
3066,323,1,Potential_Novel_Family,Potential_Novel_Family
13369,13880,6,Expanded_Known_Family,Potential_Novel_Family
13880,13350,1,Potential_Novel_Family,Known_Family_Only
987,8485,1,Potential_Novel_Family,Potential_Novel_Family
3714,10324,1,Known_Family_Only,Known_Family_Only
12319,12384,1,Potential_Novel_Family,Potential_Novel_Family
10033,10107,1,Potential_Novel_Family,Potential_Novel_Family
3253,9764,1,Potential_Novel_Family,Potential_Novel_Family
3253,9266,3,Potential_Novel_Family,Expanded_Known_Family
3253,8832,1,Potential_Novel_Family,Potential_Novel_Family
805,4601,1,Expanded_Known_Family,Known_Family_Only
805,11772,1,Expanded_Known_Family,Potential_Novel_Family
4601,12442,1,Known_Family_Only,Potential_Novel_Family
2434,5122,3,Expanded_Known_Family,Potential_Novel_Family
366,4577,1,Expanded_Known_Family,Potential_Novel_Family
366,8307,1,Expanded_Known_Family,Potential_Novel_Family
4577,8307,1,Potential_Novel_Family,Potential_Novel_Family
4577,8962,1,Potential_Novel_Family,Potential_Novel_Family
4577,9245,1,Potential_Novel_Family,Potential_Novel_Family
4577,9252,1,Potential_Novel_Family,Known_Family_Only
277,1818,8,Known_Family_Only,Expanded_Known_Family
277,2683,8,Known_Family_Only,Known_Family_Only
277,3548,2,Known_Family_Only,Known_Family_Only
277,4930,8,Known_Family_Only,Known_Family_Only
277,7171,8,Known_Family_Only,Expanded_Known_Family
277,11118,8,Known_Family_Only,Known_Family_Only
277,11179,8,Known_Family_Only,Known_Family_Only
277,11780,8,Known_Family_Only,Known_Family_Only
66,7353,1,Expanded_Known_Family,Known_Family_Only
66,186,2,Expanded_Known_Family,Potential_Novel_Family
66,2527,2,Expanded_Known_Family,Expanded_Known_Family
12798,14054,1,Expanded_Known_Family,Potential_Novel_Family
12798,13931,1,Expanded_Known_Family,Potential_Novel_Family
12798,13688,1,Expanded_Known_Family,Known_Family_Only
6068,10157,1,Known_Family_Only,Potential_Novel_Family
1152,13939,1,Potential_Novel_Family,Known_Family_Only
487,4206,1,Expanded_Known_Family,Potential_Novel_Family
487,2451,1,Expanded_Known_Family,Expanded_Known_Family
487,4201,2,Expanded_Known_Family,Known_Family_Only
487,507,1,Expanded_Known_Family,Known_Family_Only
487,560,1,Expanded_Known_Family,Potential_Novel_Family
487,6528,1,Expanded_Known_Family,Known_Family_Only
1952,8241,1,Expanded_Known_Family,Potential_Novel_Family
1952,7435,1,Expanded_Known_Family,Known_Family_Only
11216,12408,1,Known_Family_Only,Expanded_Known_Family
12408,11102,4,Expanded_Known_Family,Potential_Novel_Family
12408,10420,3,Expanded_Known_Family,Expanded_Known_Family
12408,10809,1,Expanded_Known_Family,Potential_Novel_Family
12408,8570,1,Expanded_Known_Family,Expanded_Known_Family
12408,9974,1,Expanded_Known_Family,Known_Family_Only
12353,13588,9,Expanded_Known_Family,Potential_Novel_Family
1586,9830,1,Potential_Novel_Family,Known_Family_Only
5429,793,1,Expanded_Known_Family,Expanded_Known_Family
1678,13995,1,Potential_Novel_Family,Potential_Novel_Family
1699,8420,1,Expanded_Known_Family,Potential_Novel_Family
1699,7723,1,Expanded_Known_Family,Expanded_Known_Family
1699,8600,1,Expanded_Known_Family,Potential_Novel_Family
1699,9627,1,Expanded_Known_Family,Potential_Novel_Family
1699,3564,1,Expanded_Known_Family,Potential_Novel_Family
1699,2923,1,Expanded_Known_Family,Expanded_Known_Family
10411,5354,2,Expanded_Known_Family,Potential_Novel_Family
10411,711,1,Expanded_Known_Family,Potential_Novel_Family
12581,13515,7,Expanded_Known_Family,Expanded_Known_Family
8812,11542,6,Expanded_Known_Family,Potential_Novel_Family
1438,10198,1,Potential_Novel_Family,Known_Family_Only
1438,5102,4,Potential_Novel_Family,Expanded_Known_Family
3761,10958,4,Potential_Novel_Family,Known_Family_Only
3761,12746,1,Potential_Novel_Family,Known_Family_Only
3761,83,1,Potential_Novel_Family,Expanded_Known_Family
2530,4113,1,Potential_Novel_Family,Potential_Novel_Family
7824,9687,4,Expanded_Known_Family,Potential_Novel_Family
13344,14317,1,Potential_Novel_Family,Potential_Novel_Family
3519,5956,1,Known_Family_Only,Potential_Novel_Family
3519,6416,1,Known_Family_Only,Known_Family_Only
5956,6416,1,Potential_Novel_Family,Known_Family_Only
187,358,2,Known_Family_Only,Known_Family_Only
187,7445,2,Known_Family_Only,Known_Family_Only
187,11095,2,Known_Family_Only,Potential_Novel_Family
358,7445,2,Known_Family_Only,Known_Family_Only
358,11095,2,Known_Family_Only,Potential_Novel_Family
358,202,1,Known_Family_Only,Known_Family_Only
358,1819,3,Known_Family_Only,Expanded_Known_Family
358,10293,1,Known_Family_Only,Known_Family_Only
7445,11095,2,Known_Family_Only,Potential_Novel_Family
13361,2839,1,Potential_Novel_Family,Potential_Novel_Family
13361,13028,1,Potential_Novel_Family,Known_Family_Only
1751,10597,1,Expanded_Known_Family,Potential_Novel_Family
1751,5692,1,Expanded_Known_Family,Potential_Novel_Family
1751,10733,1,Expanded_Known_Family,Known_Family_Only
3219,8520,1,Expanded_Known_Family,Potential_Novel_Family
3219,185,1,Expanded_Known_Family,Expanded_Known_Family
3219,210,1,Expanded_Known_Family,Expanded_Known_Family
3219,1828,1,Expanded_Known_Family,Potential_Novel_Family
3219,1383,1,Expanded_Known_Family,Known_Family_Only
5892,7962,1,Potential_Novel_Family,Known_Family_Only
612,4137,1,Potential_Novel_Family,Potential_Novel_Family
7444,12501,1,Known_Family_Only,Potential_Novel_Family
5354,11240,1,Potential_Novel_Family,Potential_Novel_Family
8549,13904,1,Expanded_Known_Family,Potential_Novel_Family
8549,13457,1,Expanded_Known_Family,Potential_Novel_Family
11655,12551,1,Potential_Novel_Family,Known_Family_Only
13863,8489,1,Expanded_Known_Family,Expanded_Known_Family
13863,8644,1,Expanded_Known_Family,Potential_Novel_Family
185,1880,5,Expanded_Known_Family,Potential_Novel_Family
7650,10864,1,Expanded_Known_Family,Expanded_Known_Family
7650,7570,2,Expanded_Known_Family,Expanded_Known_Family
7650,6985,4,Expanded_Known_Family,Expanded_Known_Family
7650,7712,7,Expanded_Known_Family,Potential_Novel_Family
7650,7235,1,Expanded_Known_Family,Potential_Novel_Family
7650,237,1,Expanded_Known_Family,Expanded_Known_Family
7650,238,1,Expanded_Known_Family,Expanded_Known_Family
7650,7518,3,Expanded_Known_Family,Potential_Novel_Family
4400,13394,1,Expanded_Known_Family,Potential_Novel_Family
12879,14044,3,Expanded_Known_Family,Expanded_Known_Family
6507,10262,3,Expanded_Known_Family,Expanded_Known_Family
6507,11340,1,Expanded_Known_Family,Known_Family_Only
6507,11897,1,Expanded_Known_Family,Potential_Novel_Family
2656,12880,1,Known_Family_Only,Potential_Novel_Family
7530,7531,1,Known_Family_Only,Potential_Novel_Family
8308,8593,1,Potential_Novel_Family,Potential_Novel_Family
13434,56,2,Expanded_Known_Family,Expanded_Known_Family
13434,12925,1,Expanded_Known_Family,Potential_Novel_Family
6185,10012,2,Potential_Novel_Family,Potential_Novel_Family
10012,6780,2,Potential_Novel_Family,Potential_Novel_Family
10012,7375,1,Potential_Novel_Family,Known_Family_Only
10012,7406,1,Potential_Novel_Family,Potential_Novel_Family
4401,8769,1,Potential_Novel_Family,Known_Family_Only
315,1607,2,Known_Family_Only,Known_Family_Only
315,2679,2,Known_Family_Only,Potential_Novel_Family
315,7892,2,Known_Family_Only,Known_Family_Only
1607,2679,2,Known_Family_Only,Potential_Novel_Family
1607,7892,2,Known_Family_Only,Known_Family_Only
2679,7892,2,Potential_Novel_Family,Known_Family_Only
7892,507,1,Known_Family_Only,Known_Family_Only
7892,2451,1,Known_Family_Only,Expanded_Known_Family
7892,4285,1,Known_Family_Only,Known_Family_Only
2707,5524,5,Expanded_Known_Family,Expanded_Known_Family
5524,5500,1,Expanded_Known_Family,Known_Family_Only
6016,11094,1,Potential_Novel_Family,Known_Family_Only
12170,14024,1,Expanded_Known_Family,Known_Family_Only
12617,14237,1,Potential_Novel_Family,Known_Family_Only
10849,13580,1,Expanded_Known_Family,Potential_Novel_Family
10849,8209,1,Expanded_Known_Family,Expanded_Known_Family
13580,5652,1,Potential_Novel_Family,Known_Family_Only
1296,9165,2,Expanded_Known_Family,Expanded_Known_Family
7160,8519,1,Potential_Novel_Family,Known_Family_Only
8759,14021,1,Expanded_Known_Family,Known_Family_Only
8759,12999,1,Expanded_Known_Family,Potential_Novel_Family
8759,7666,1,Expanded_Known_Family,Potential_Novel_Family
12284,14136,1,Potential_Novel_Family,Known_Family_Only
5173,8850,2,Potential_Novel_Family,Known_Family_Only
8850,5721,1,Known_Family_Only,Potential_Novel_Family
9054,3301,3,Expanded_Known_Family,Expanded_Known_Family
12784,13862,1,Expanded_Known_Family,Potential_Novel_Family
11282,7197,1,Expanded_Known_Family,Potential_Novel_Family
11282,11233,3,Expanded_Known_Family,Expanded_Known_Family
11282,251,1,Expanded_Known_Family,Known_Family_Only
9382,10285,2,Expanded_Known_Family,Known_Family_Only
3552,2886,1,Expanded_Known_Family,Potential_Novel_Family
4555,8272,1,Known_Family_Only,Potential_Novel_Family
7961,8348,1,Known_Family_Only,Potential_Novel_Family
5154,7565,6,Potential_Novel_Family,Expanded_Known_Family
2626,6935,1,Known_Family_Only,Potential_Novel_Family
2626,6961,1,Known_Family_Only,Potential_Novel_Family
1288,3856,1,Expanded_Known_Family,Potential_Novel_Family
2488,12166,2,Expanded_Known_Family,Expanded_Known_Family
2488,13526,1,Expanded_Known_Family,Potential_Novel_Family
2488,5241,2,Expanded_Known_Family,Expanded_Known_Family
2488,5409,2,Expanded_Known_Family,Potential_Novel_Family
8695,10992,1,Potential_Novel_Family,Potential_Novel_Family
8273,8813,1,Potential_Novel_Family,Known_Family_Only
8396,6078,1,Expanded_Known_Family,Known_Family_Only
8396,2821,1,Expanded_Known_Family,Expanded_Known_Family
801,2890,1,Known_Family_Only,Expanded_Known_Family
801,4824,1,Known_Family_Only,Potential_Novel_Family
801,6303,1,Known_Family_Only,Known_Family_Only
801,8523,1,Known_Family_Only,Known_Family_Only
3680,10199,3,Expanded_Known_Family,Expanded_Known_Family
3680,5531,3,Expanded_Known_Family,Expanded_Known_Family
3680,10268,4,Expanded_Known_Family,Potential_Novel_Family
3680,9669,3,Expanded_Known_Family,Potential_Novel_Family
3680,10463,2,Expanded_Known_Family,Potential_Novel_Family
3680,1919,1,Expanded_Known_Family,Known_Family_Only
3680,9795,1,Expanded_Known_Family,Potential_Novel_Family
3680,3209,2,Expanded_Known_Family,Expanded_Known_Family
8037,4232,2,Potential_Novel_Family,Potential_Novel_Family
1094,3210,1,Expanded_Known_Family,Known_Family_Only
1094,2740,1,Expanded_Known_Family,Known_Family_Only
1094,2221,1,Expanded_Known_Family,Potential_Novel_Family
1094,3187,1,Expanded_Known_Family,Known_Family_Only
1094,3254,1,Expanded_Known_Family,Known_Family_Only
723,14137,1,Potential_Novel_Family,Known_Family_Only
7825,11880,1,Known_Family_Only,Potential_Novel_Family
11543,12941,1,Known_Family_Only,Potential_Novel_Family
8570,10420,1,Expanded_Known_Family,Expanded_Known_Family
3901,8309,4,Expanded_Known_Family,Expanded_Known_Family
3901,7332,1,Expanded_Known_Family,Potential_Novel_Family
3901,8469,3,Expanded_Known_Family,Potential_Novel_Family
3901,906,1,Expanded_Known_Family,Potential_Novel_Family
3901,6123,2,Expanded_Known_Family,Known_Family_Only
3901,3609,1,Expanded_Known_Family,Potential_Novel_Family
3901,8088,1,Expanded_Known_Family,Potential_Novel_Family
3901,6233,1,Expanded_Known_Family,Potential_Novel_Family
3901,4494,1,Expanded_Known_Family,Potential_Novel_Family
3901,8905,1,Expanded_Known_Family,Known_Family_Only
3901,5033,1,Expanded_Known_Family,Expanded_Known_Family
7057,10598,1,Potential_Novel_Family,Potential_Novel_Family
1109,751,1,Expanded_Known_Family,Potential_Novel_Family
1109,861,1,Expanded_Known_Family,Known_Family_Only
2152,8202,2,Expanded_Known_Family,Expanded_Known_Family
2152,7260,1,Expanded_Known_Family,Known_Family_Only
2152,8477,1,Expanded_Known_Family,Potential_Novel_Family
7231,2081,1,Expanded_Known_Family,Potential_Novel_Family
10738,6008,4,Expanded_Known_Family,Potential_Novel_Family
11135,13824,1,Potential_Novel_Family,Potential_Novel_Family
13699,14100,1,Potential_Novel_Family,Potential_Novel_Family
9753,13881,1,Expanded_Known_Family,Known_Family_Only
824,5182,1,Known_Family_Only,Potential_Novel_Family
824,6899,1,Known_Family_Only,Known_Family_Only
5182,6899,1,Potential_Novel_Family,Known_Family_Only
7570,237,1,Expanded_Known_Family,Expanded_Known_Family
7570,238,1,Expanded_Known_Family,Expanded_Known_Family
7570,6372,1,Expanded_Known_Family,Potential_Novel_Family
7570,7655,1,Expanded_Known_Family,Known_Family_Only
3085,10891,1,Potential_Novel_Family,Potential_Novel_Family
4375,5069,1,Potential_Novel_Family,Potential_Novel_Family
4375,10920,1,Potential_Novel_Family,Known_Family_Only
5069,10920,1,Potential_Novel_Family,Known_Family_Only
720,3419,1,Potential_Novel_Family,Known_Family_Only
8078,9578,8,Expanded_Known_Family,Potential_Novel_Family
8078,3125,2,Expanded_Known_Family,Expanded_Known_Family
9765,9989,1,Known_Family_Only,Potential_Novel_Family
5916,9654,1,Known_Family_Only,Potential_Novel_Family
5916,6976,1,Known_Family_Only,Expanded_Known_Family
5916,11783,1,Known_Family_Only,Potential_Novel_Family
697,10108,1,Expanded_Known_Family,Potential_Novel_Family
697,4090,1,Expanded_Known_Family,Expanded_Known_Family
3990,5750,1,Expanded_Known_Family,Known_Family_Only
3990,5194,1,Expanded_Known_Family,Potential_Novel_Family
6273,10701,1,Potential_Novel_Family,Known_Family_Only
3165,5845,1,Potential_Novel_Family,Known_Family_Only
5845,2239,1,Known_Family_Only,Potential_Novel_Family
635,4541,1,Known_Family_Only,Expanded_Known_Family
4541,13124,1,Expanded_Known_Family,Potential_Novel_Family
12029,12974,1,Potential_Novel_Family,Known_Family_Only
8007,8522,1,Expanded_Known_Family,Known_Family_Only
8007,12507,1,Expanded_Known_Family,Potential_Novel_Family
4820,9486,1,Known_Family_Only,Potential_Novel_Family
3301,5623,1,Expanded_Known_Family,Potential_Novel_Family
12764,12765,1,Potential_Novel_Family,Potential_Novel_Family
4652,6632,1,Potential_Novel_Family,Potential_Novel_Family
5557,6300,1,Expanded_Known_Family,Potential_Novel_Family
5557,6574,1,Expanded_Known_Family,Expanded_Known_Family
5557,6577,2,Expanded_Known_Family,Expanded_Known_Family
6300,6730,1,Potential_Novel_Family,Potential_Novel_Family
1780,4750,1,Known_Family_Only,Potential_Novel_Family
9948,12964,1,Potential_Novel_Family,Expanded_Known_Family
13107,11885,1,Expanded_Known_Family,Known_Family_Only
10921,13009,1,Potential_Novel_Family,Known_Family_Only
1055,2483,1,Potential_Novel_Family,Potential_Novel_Family
2358,9418,1,Known_Family_Only,Potential_Novel_Family
11420,13415,1,Potential_Novel_Family,Potential_Novel_Family
2915,11711,4,Expanded_Known_Family,Expanded_Known_Family
2915,11581,1,Expanded_Known_Family,Potential_Novel_Family
2915,8703,1,Expanded_Known_Family,Expanded_Known_Family
11711,3293,1,Expanded_Known_Family,Expanded_Known_Family
9688,10047,1,Potential_Novel_Family,Potential_Novel_Family
10047,10574,3,Potential_Novel_Family,Expanded_Known_Family
1162,12066,1,Known_Family_Only,Potential_Novel_Family
523,12584,1,Expanded_Known_Family,Potential_Novel_Family
523,6287,1,Expanded_Known_Family,Known_Family_Only
523,4584,1,Expanded_Known_Family,Expanded_Known_Family
523,7312,1,Expanded_Known_Family,Potential_Novel_Family
523,14204,1,Expanded_Known_Family,Known_Family_Only
6741,11853,1,Potential_Novel_Family,Potential_Novel_Family
6741,14106,1,Potential_Novel_Family,Known_Family_Only
5644,12779,1,Expanded_Known_Family,Expanded_Known_Family
3927,5655,1,Known_Family_Only,Expanded_Known_Family
5381,13719,1,Known_Family_Only,Potential_Novel_Family
13719,143,1,Potential_Novel_Family,Potential_Novel_Family
12652,14278,1,Potential_Novel_Family,Known_Family_Only
12652,11730,5,Potential_Novel_Family,Expanded_Known_Family
7469,9269,1,Potential_Novel_Family,Known_Family_Only
2347,11986,1,Known_Family_Only,Potential_Novel_Family
2347,14242,1,Known_Family_Only,Potential_Novel_Family
1030,1195,1,Potential_Novel_Family,Known_Family_Only
1030,1133,1,Potential_Novel_Family,Known_Family_Only
3810,8188,3,Expanded_Known_Family,Expanded_Known_Family
3810,5197,1,Expanded_Known_Family,Potential_Novel_Family
13968,14167,1,Known_Family_Only,Potential_Novel_Family
2284,3467,1,Expanded_Known_Family,Potential_Novel_Family
2284,11040,1,Expanded_Known_Family,Potential_Novel_Family
12844,13590,1,Expanded_Known_Family,Potential_Novel_Family
12844,12428,1,Expanded_Known_Family,Expanded_Known_Family
12844,12645,1,Expanded_Known_Family,Expanded_Known_Family
12844,11999,1,Expanded_Known_Family,Expanded_Known_Family
3520,6742,1,Known_Family_Only,Potential_Novel_Family
1270,2199,3,Potential_Novel_Family,Expanded_Known_Family
1270,14231,1,Potential_Novel_Family,Known_Family_Only
2199,14231,1,Expanded_Known_Family,Known_Family_Only
2199,1392,1,Expanded_Known_Family,Known_Family_Only
2199,1674,1,Expanded_Known_Family,Potential_Novel_Family
2199,4831,1,Expanded_Known_Family,Known_Family_Only
2199,12445,1,Expanded_Known_Family,Known_Family_Only
5155,10865,1,Known_Family_Only,Known_Family_Only
5155,11096,1,Known_Family_Only,Potential_Novel_Family
10865,11096,1,Known_Family_Only,Potential_Novel_Family
4865,7026,1,Potential_Novel_Family,Potential_Novel_Family
5757,9007,3,Potential_Novel_Family,Known_Family_Only
13554,14071,1,Known_Family_Only,Potential_Novel_Family
183,3916,1,Expanded_Known_Family,Potential_Novel_Family
6134,10599,1,Expanded_Known_Family,Potential_Novel_Family
6134,11249,1,Expanded_Known_Family,Known_Family_Only
6134,12790,1,Expanded_Known_Family,Potential_Novel_Family
6134,9227,1,Expanded_Known_Family,Potential_Novel_Family
4821,12409,1,Potential_Novel_Family,Potential_Novel_Family
2826,5183,1,Known_Family_Only,Potential_Novel_Family
9055,10831,3,Expanded_Known_Family,Expanded_Known_Family
8139,10219,1,Potential_Novel_Family,Expanded_Known_Family
10219,4353,1,Expanded_Known_Family,Expanded_Known_Family
10219,9813,1,Expanded_Known_Family,Potential_Novel_Family
10219,10400,1,Expanded_Known_Family,Potential_Novel_Family
9689,13969,1,Potential_Novel_Family,Expanded_Known_Family
13969,13945,3,Expanded_Known_Family,Expanded_Known_Family
13969,12991,1,Expanded_Known_Family,Known_Family_Only
1519,6539,1,Potential_Novel_Family,Expanded_Known_Family
6539,6379,1,Expanded_Known_Family,Expanded_Known_Family
6539,2745,1,Expanded_Known_Family,Potential_Novel_Family
1856,5282,2,Potential_Novel_Family,Known_Family_Only
7853,10452,1,Potential_Novel_Family,Known_Family_Only
8917,14211,2,Known_Family_Only,Potential_Novel_Family
9455,11736,1,Expanded_Known_Family,Potential_Novel_Family
9455,2891,1,Expanded_Known_Family,Potential_Novel_Family
9455,8284,3,Expanded_Known_Family,Expanded_Known_Family
9455,12821,1,Expanded_Known_Family,Known_Family_Only
9455,12014,1,Expanded_Known_Family,Known_Family_Only
428,1433,2,Expanded_Known_Family,Expanded_Known_Family
428,2473,2,Expanded_Known_Family,Expanded_Known_Family
428,8851,2,Expanded_Known_Family,Expanded_Known_Family
428,6610,1,Expanded_Known_Family,Expanded_Known_Family
1433,2473,4,Expanded_Known_Family,Expanded_Known_Family
1433,8851,5,Expanded_Known_Family,Expanded_Known_Family
2473,8851,4,Expanded_Known_Family,Expanded_Known_Family
350,400,1,Expanded_Known_Family,Known_Family_Only
350,1381,1,Expanded_Known_Family,Potential_Novel_Family
350,7704,1,Expanded_Known_Family,Potential_Novel_Family
350,7404,4,Expanded_Known_Family,Known_Family_Only
350,8330,4,Expanded_Known_Family,Expanded_Known_Family
350,10091,4,Expanded_Known_Family,Expanded_Known_Family
350,6239,1,Expanded_Known_Family,Known_Family_Only
400,1381,1,Known_Family_Only,Potential_Novel_Family
400,7704,1,Known_Family_Only,Potential_Novel_Family
1381,7704,1,Potential_Novel_Family,Potential_Novel_Family
13199,13226,3,Potential_Novel_Family,Expanded_Known_Family
5805,7763,1,Known_Family_Only,Expanded_Known_Family
7763,5790,2,Expanded_Known_Family,Expanded_Known_Family
7763,5764,1,Expanded_Known_Family,Potential_Novel_Family
4305,8918,1,Potential_Novel_Family,Known_Family_Only
3479,9146,3,Expanded_Known_Family,Expanded_Known_Family
3479,6759,1,Expanded_Known_Family,Potential_Novel_Family
3479,9200,1,Expanded_Known_Family,Potential_Novel_Family
3479,9132,3,Expanded_Known_Family,Expanded_Known_Family
846,4992,2,Potential_Novel_Family,Expanded_Known_Family
4992,792,1,Expanded_Known_Family,Potential_Novel_Family
4992,831,3,Expanded_Known_Family,Expanded_Known_Family
4992,1091,1,Expanded_Known_Family,Potential_Novel_Family
4992,945,2,Expanded_Known_Family,Potential_Novel_Family
4992,1112,1,Expanded_Known_Family,Potential_Novel_Family
4992,865,1,Expanded_Known_Family,Known_Family_Only
12030,13882,1,Potential_Novel_Family,Known_Family_Only
218,4603,1,Expanded_Known_Family,Potential_Novel_Family
218,4222,2,Expanded_Known_Family,Potential_Novel_Family
361,759,1,Expanded_Known_Family,Expanded_Known_Family
361,3363,1,Expanded_Known_Family,Known_Family_Only
361,9056,1,Expanded_Known_Family,Potential_Novel_Family
361,3322,1,Expanded_Known_Family,Potential_Novel_Family
361,4929,2,Expanded_Known_Family,Known_Family_Only
361,5264,1,Expanded_Known_Family,Expanded_Known_Family
361,3815,1,Expanded_Known_Family,Known_Family_Only
759,3363,1,Expanded_Known_Family,Known_Family_Only
759,9056,1,Expanded_Known_Family,Potential_Novel_Family
759,12080,1,Expanded_Known_Family,Potential_Novel_Family
759,3294,1,Expanded_Known_Family,Known_Family_Only
3363,9056,1,Known_Family_Only,Potential_Novel_Family
622,9642,2,Expanded_Known_Family,Potential_Novel_Family
622,6831,1,Expanded_Known_Family,Potential_Novel_Family
622,6847,1,Expanded_Known_Family,Potential_Novel_Family
622,3658,1,Expanded_Known_Family,Potential_Novel_Family
9642,3658,1,Potential_Novel_Family,Potential_Novel_Family
1961,6509,1,Potential_Novel_Family,Known_Family_Only
1587,4673,1,Potential_Novel_Family,Known_Family_Only
2154,4306,5,Expanded_Known_Family,Potential_Novel_Family
2154,508,1,Expanded_Known_Family,Known_Family_Only
2154,5384,1,Expanded_Known_Family,Potential_Novel_Family
5124,7416,5,Potential_Novel_Family,Expanded_Known_Family
7132,9057,2,Potential_Novel_Family,Expanded_Known_Family
7132,7908,1,Potential_Novel_Family,Expanded_Known_Family
9057,5288,1,Expanded_Known_Family,Potential_Novel_Family
7027,8038,1,Known_Family_Only,Potential_Novel_Family
4979,6250,8,Expanded_Known_Family,Expanded_Known_Family
4979,777,1,Expanded_Known_Family,Known_Family_Only
6250,12196,1,Expanded_Known_Family,Potential_Novel_Family
6250,110,2,Expanded_Known_Family,Known_Family_Only
6250,13925,2,Expanded_Known_Family,Potential_Novel_Family
6250,777,1,Expanded_Known_Family,Known_Family_Only
2300,4948,3,Known_Family_Only,Expanded_Known_Family
4948,6637,1,Expanded_Known_Family,Potential_Novel_Family
4948,4855,4,Expanded_Known_Family,Expanded_Known_Family
13259,14259,1,Potential_Novel_Family,Potential_Novel_Family
378,1233,1,Expanded_Known_Family,Expanded_Known_Family
378,7764,1,Expanded_Known_Family,Potential_Novel_Family
378,4364,1,Expanded_Known_Family,Potential_Novel_Family
378,3591,1,Expanded_Known_Family,Expanded_Known_Family
1233,7764,1,Expanded_Known_Family,Potential_Novel_Family
1233,1075,1,Expanded_Known_Family,Expanded_Known_Family
12700,12766,1,Potential_Novel_Family,Potential_Novel_Family
13883,14110,1,Potential_Novel_Family,Known_Family_Only
5751,9584,1,Expanded_Known_Family,Expanded_Known_Family
5751,8557,1,Expanded_Known_Family,Expanded_Known_Family
5751,9851,1,Expanded_Known_Family,Potential_Novel_Family
9584,12199,1,Expanded_Known_Family,Potential_Novel_Family
13260,13333,1,Potential_Novel_Family,Known_Family_Only
5656,7963,1,Expanded_Known_Family,Potential_Novel_Family
5656,12979,1,Expanded_Known_Family,Potential_Novel_Family
5656,8887,1,Expanded_Known_Family,Potential_Novel_Family
6569,11929,1,Expanded_Known_Family,Potential_Novel_Family
6569,8008,1,Expanded_Known_Family,Known_Family_Only
6569,1163,1,Expanded_Known_Family,Potential_Novel_Family
7269,11770,1,Potential_Novel_Family,Potential_Novel_Family
349,2386,3,Expanded_Known_Family,Expanded_Known_Family
349,3337,2,Expanded_Known_Family,Expanded_Known_Family
349,7910,1,Expanded_Known_Family,Known_Family_Only
349,8941,1,Expanded_Known_Family,Known_Family_Only
9452,13490,5,Potential_Novel_Family,Expanded_Known_Family
1303,9831,1,Known_Family_Only,Potential_Novel_Family
588,11482,1,Expanded_Known_Family,Potential_Novel_Family
588,3204,1,Expanded_Known_Family,Expanded_Known_Family
588,8822,2,Expanded_Known_Family,Expanded_Known_Family
588,191,1,Expanded_Known_Family,Potential_Novel_Family
588,1401,1,Expanded_Known_Family,Known_Family_Only
588,2590,1,Expanded_Known_Family,Known_Family_Only
588,5637,2,Expanded_Known_Family,Potential_Novel_Family
588,7199,2,Expanded_Known_Family,Expanded_Known_Family
588,7947,1,Expanded_Known_Family,Known_Family_Only
588,8330,1,Expanded_Known_Family,Expanded_Known_Family
588,10691,1,Expanded_Known_Family,Known_Family_Only
588,568,1,Expanded_Known_Family,Potential_Novel_Family
588,177,1,Expanded_Known_Family,Potential_Novel_Family
9351,11454,2,Expanded_Known_Family,Potential_Novel_Family
13334,13555,1,Potential_Novel_Family,Known_Family_Only
10599,11249,1,Potential_Novel_Family,Known_Family_Only
11483,13841,3,Potential_Novel_Family,Expanded_Known_Family
2327,4941,1,Known_Family_Only,Potential_Novel_Family
2327,4808,2,Known_Family_Only,Potential_Novel_Family
4941,1496,2,Potential_Novel_Family,Known_Family_Only
851,2579,1,Potential_Novel_Family,Potential_Novel_Family
851,796,1,Potential_Novel_Family,Expanded_Known_Family
2579,6101,1,Potential_Novel_Family,Potential_Novel_Family
13393,6605,1,Expanded_Known_Family,Expanded_Known_Family
13393,14301,1,Expanded_Known_Family,Potential_Novel_Family
12767,13335,5,Potential_Novel_Family,Potential_Novel_Family
22,4674,1,Expanded_Known_Family,Potential_Novel_Family
22,6682,1,Expanded_Known_Family,Known_Family_Only
22,68,1,Expanded_Known_Family,Known_Family_Only
22,650,1,Expanded_Known_Family,Known_Family_Only
22,2026,1,Expanded_Known_Family,Known_Family_Only
22,3545,1,Expanded_Known_Family,Potential_Novel_Family
22,8460,1,Expanded_Known_Family,Known_Family_Only
22,5077,1,Expanded_Known_Family,Expanded_Known_Family
22,9781,1,Expanded_Known_Family,Known_Family_Only
4674,6682,1,Potential_Novel_Family,Known_Family_Only
2326,7854,2,Expanded_Known_Family,Expanded_Known_Family
2326,6087,2,Expanded_Known_Family,Known_Family_Only
13795,13996,1,Potential_Novel_Family,Potential_Novel_Family
7092,10341,1,Known_Family_Only,Potential_Novel_Family
5042,10236,1,Known_Family_Only,Potential_Novel_Family
10237,13337,1,Potential_Novel_Family,Potential_Novel_Family
988,7742,1,Potential_Novel_Family,Known_Family_Only
988,766,1,Potential_Novel_Family,Known_Family_Only
988,9397,1,Potential_Novel_Family,Known_Family_Only
13452,13826,1,Potential_Novel_Family,Known_Family_Only
1494,3625,2,Potential_Novel_Family,Expanded_Known_Family
3755,8814,1,Known_Family_Only,Potential_Novel_Family
8557,5492,5,Expanded_Known_Family,Expanded_Known_Family
8557,13518,2,Expanded_Known_Family,Potential_Novel_Family
8557,4796,1,Expanded_Known_Family,Potential_Novel_Family
8557,7422,1,Expanded_Known_Family,Known_Family_Only
8557,4542,1,Expanded_Known_Family,Expanded_Known_Family
8557,1839,1,Expanded_Known_Family,Known_Family_Only
8557,5167,2,Expanded_Known_Family,Known_Family_Only
8557,1043,1,Expanded_Known_Family,Known_Family_Only
8557,5170,1,Expanded_Known_Family,Expanded_Known_Family
8557,7175,1,Expanded_Known_Family,Potential_Novel_Family
8557,2451,2,Expanded_Known_Family,Expanded_Known_Family
8557,4419,1,Expanded_Known_Family,Expanded_Known_Family
8557,289,1,Expanded_Known_Family,Known_Family_Only
8557,2118,1,Expanded_Known_Family,Expanded_Known_Family
8557,4534,1,Expanded_Known_Family,Known_Family_Only
8557,5386,1,Expanded_Known_Family,Known_Family_Only
8557,10218,1,Expanded_Known_Family,Known_Family_Only
8557,5598,2,Expanded_Known_Family,Known_Family_Only
8557,507,1,Expanded_Known_Family,Known_Family_Only
8557,777,1,Expanded_Known_Family,Known_Family_Only
8557,2883,1,Expanded_Known_Family,Known_Family_Only
8557,4244,1,Expanded_Known_Family,Known_Family_Only
8557,4070,1,Expanded_Known_Family,Expanded_Known_Family
10478,13010,1,Potential_Novel_Family,Potential_Novel_Family
791,4363,1,Expanded_Known_Family,Expanded_Known_Family
791,1700,1,Expanded_Known_Family,Potential_Novel_Family
4363,785,5,Expanded_Known_Family,Expanded_Known_Family
4363,1016,1,Expanded_Known_Family,Potential_Novel_Family
4363,747,1,Expanded_Known_Family,Expanded_Known_Family
5582,12809,3,Expanded_Known_Family,Expanded_Known_Family
1039,6020,1,Potential_Novel_Family,Expanded_Known_Family
6020,97,1,Expanded_Known_Family,Potential_Novel_Family
6020,253,1,Expanded_Known_Family,Known_Family_Only
6020,1146,1,Expanded_Known_Family,Potential_Novel_Family
6020,2690,1,Expanded_Known_Family,Expanded_Known_Family
4653,6366,1,Known_Family_Only,Expanded_Known_Family
4653,7603,1,Known_Family_Only,Potential_Novel_Family
6366,7603,1,Expanded_Known_Family,Potential_Novel_Family
6366,2952,1,Expanded_Known_Family,Potential_Novel_Family
6366,5159,1,Expanded_Known_Family,Potential_Novel_Family
6366,2601,1,Expanded_Known_Family,Potential_Novel_Family
6366,651,1,Expanded_Known_Family,Expanded_Known_Family
6366,1122,1,Expanded_Known_Family,Known_Family_Only
6366,2464,1,Expanded_Known_Family,Potential_Novel_Family
6366,2491,1,Expanded_Known_Family,Potential_Novel_Family
10034,12502,1,Potential_Novel_Family,Known_Family_Only
3403,13890,1,Potential_Novel_Family,Expanded_Known_Family
3403,38,2,Potential_Novel_Family,Expanded_Known_Family
13890,13070,1,Expanded_Known_Family,Known_Family_Only
13890,3279,1,Expanded_Known_Family,Potential_Novel_Family
13890,13278,1,Expanded_Known_Family,Potential_Novel_Family
7602,13657,1,Known_Family_Only,Potential_Novel_Family
5335,13827,1,Expanded_Known_Family,Known_Family_Only
5335,9114,5,Expanded_Known_Family,Expanded_Known_Family
5335,13194,2,Expanded_Known_Family,Expanded_Known_Family
5335,8711,1,Expanded_Known_Family,Known_Family_Only
5335,8338,1,Expanded_Known_Family,Potential_Novel_Family
5335,968,1,Expanded_Known_Family,Known_Family_Only
1767,4277,1,Expanded_Known_Family,Potential_Novel_Family
1767,3867,1,Expanded_Known_Family,Known_Family_Only
10840,13765,1,Expanded_Known_Family,Potential_Novel_Family
10840,14003,1,Expanded_Known_Family,Potential_Novel_Family
10840,13525,1,Expanded_Known_Family,Known_Family_Only
10840,13639,1,Expanded_Known_Family,Known_Family_Only
2215,14111,1,Potential_Novel_Family,Potential_Novel_Family
3450,11250,1,Known_Family_Only,Potential_Novel_Family
1722,5483,1,Potential_Novel_Family,Known_Family_Only
10070,10479,1,Potential_Novel_Family,Expanded_Known_Family
10479,10925,1,Expanded_Known_Family,Known_Family_Only
630,3027,1,Expanded_Known_Family,Known_Family_Only
630,2566,1,Expanded_Known_Family,Known_Family_Only
630,2144,4,Expanded_Known_Family,Expanded_Known_Family
630,5496,1,Expanded_Known_Family,Potential_Novel_Family
630,5523,1,Expanded_Known_Family,Known_Family_Only
630,2371,1,Expanded_Known_Family,Expanded_Known_Family
13370,14022,2,Potential_Novel_Family,Potential_Novel_Family
10469,12701,2,Expanded_Known_Family,Potential_Novel_Family
10469,6047,2,Expanded_Known_Family,Expanded_Known_Family
10469,9398,1,Expanded_Known_Family,Known_Family_Only
10469,13054,1,Expanded_Known_Family,Potential_Novel_Family
2925,9766,1,Potential_Novel_Family,Known_Family_Only
86,1366,1,Potential_Novel_Family,Known_Family_Only
86,6389,1,Potential_Novel_Family,Known_Family_Only
1366,6389,1,Known_Family_Only,Known_Family_Only
8349,11306,1,Potential_Novel_Family,Known_Family_Only
843,1861,1,Potential_Novel_Family,Known_Family_Only
690,2933,1,Potential_Novel_Family,Known_Family_Only
3381,3723,1,Known_Family_Only,Potential_Novel_Family
4627,8383,1,Potential_Novel_Family,Potential_Novel_Family
669,5237,1,Known_Family_Only,Potential_Novel_Family
669,7900,1,Known_Family_Only,Known_Family_Only
8625,9453,1,Known_Family_Only,Potential_Novel_Family
1927,3238,1,Potential_Novel_Family,Known_Family_Only
1899,5431,2,Expanded_Known_Family,Expanded_Known_Family
1899,4852,1,Expanded_Known_Family,Expanded_Known_Family
5431,4852,2,Expanded_Known_Family,Expanded_Known_Family
10635,2854,1,Potential_Novel_Family,Expanded_Known_Family
1636,5397,1,Potential_Novel_Family,Known_Family_Only
1636,5927,1,Potential_Novel_Family,Known_Family_Only
5397,5927,1,Known_Family_Only,Known_Family_Only
5927,4771,1,Known_Family_Only,Expanded_Known_Family
768,4114,1,Expanded_Known_Family,Potential_Novel_Family
768,7347,1,Expanded_Known_Family,Potential_Novel_Family
768,7661,1,Expanded_Known_Family,Potential_Novel_Family
768,9174,1,Expanded_Known_Family,Known_Family_Only
2417,6930,1,Known_Family_Only,Potential_Novel_Family
2417,3551,2,Known_Family_Only,Potential_Novel_Family
2417,9334,2,Known_Family_Only,Known_Family_Only
2049,8179,1,Potential_Novel_Family,Known_Family_Only
90,1837,2,Expanded_Known_Family,Known_Family_Only
90,13377,1,Expanded_Known_Family,Expanded_Known_Family
1332,6335,1,Known_Family_Only,Potential_Novel_Family
1332,640,1,Known_Family_Only,Known_Family_Only
1332,2699,1,Known_Family_Only,Potential_Novel_Family
5125,11097,1,Potential_Novel_Family,Potential_Novel_Family
8450,708,1,Potential_Novel_Family,Known_Family_Only
3067,9258,2,Potential_Novel_Family,Expanded_Known_Family
3067,593,1,Potential_Novel_Family,Known_Family_Only
9258,593,1,Expanded_Known_Family,Known_Family_Only
9258,2475,1,Expanded_Known_Family,Potential_Novel_Family
9258,2167,1,Expanded_Known_Family,Potential_Novel_Family
9258,8366,1,Expanded_Known_Family,Potential_Novel_Family
1693,2079,1,Expanded_Known_Family,Expanded_Known_Family
1693,3106,1,Expanded_Known_Family,Potential_Novel_Family
2079,3741,1,Expanded_Known_Family,Known_Family_Only
2079,9810,1,Expanded_Known_Family,Expanded_Known_Family
2079,5416,1,Expanded_Known_Family,Potential_Novel_Family
812,8626,1,Potential_Novel_Family,Known_Family_Only
1752,1962,1,Potential_Novel_Family,Potential_Novel_Family
1752,6775,1,Potential_Novel_Family,Known_Family_Only
1962,6775,1,Potential_Novel_Family,Known_Family_Only
44,4574,1,Expanded_Known_Family,Potential_Novel_Family
44,4628,1,Expanded_Known_Family,Potential_Novel_Family
44,3489,1,Expanded_Known_Family,Known_Family_Only
44,7880,1,Expanded_Known_Family,Known_Family_Only
4574,4628,1,Potential_Novel_Family,Potential_Novel_Family
5389,10867,1,Expanded_Known_Family,Known_Family_Only
5389,4853,3,Expanded_Known_Family,Expanded_Known_Family
5389,12171,1,Expanded_Known_Family,Known_Family_Only
5389,13439,1,Expanded_Known_Family,Potential_Novel_Family
9454,13563,1,Expanded_Known_Family,Potential_Novel_Family
9454,9102,1,Expanded_Known_Family,Known_Family_Only
5996,10739,1,Potential_Novel_Family,Potential_Novel_Family
2636,8735,1,Expanded_Known_Family,Potential_Novel_Family
2636,8674,4,Expanded_Known_Family,Expanded_Known_Family
344,913,1,Expanded_Known_Family,Potential_Novel_Family
344,5484,1,Expanded_Known_Family,Potential_Novel_Family
344,3034,1,Expanded_Known_Family,Potential_Novel_Family
344,3620,1,Expanded_Known_Family,Known_Family_Only
913,5484,1,Potential_Novel_Family,Potential_Novel_Family
5484,3227,2,Potential_Novel_Family,Potential_Novel_Family
11136,13971,1,Potential_Novel_Family,Expanded_Known_Family
13971,12588,2,Expanded_Known_Family,Expanded_Known_Family
6750,7606,18,Expanded_Known_Family,Expanded_Known_Family
6750,10506,1,Expanded_Known_Family,Expanded_Known_Family
6171,6274,1,Potential_Novel_Family,Known_Family_Only
679,3364,2,Potential_Novel_Family,Potential_Novel_Family
679,5398,2,Potential_Novel_Family,Potential_Novel_Family
679,5659,1,Potential_Novel_Family,Potential_Novel_Family
3364,5398,2,Potential_Novel_Family,Potential_Novel_Family
2451,4201,1,Expanded_Known_Family,Known_Family_Only
2451,507,2,Expanded_Known_Family,Known_Family_Only
2451,4285,1,Expanded_Known_Family,Known_Family_Only
2451,1289,2,Expanded_Known_Family,Expanded_Known_Family
2451,4993,1,Expanded_Known_Family,Potential_Novel_Family
2451,10882,1,Expanded_Known_Family,Potential_Novel_Family
2451,777,1,Expanded_Known_Family,Known_Family_Only
2451,2883,1,Expanded_Known_Family,Known_Family_Only
2451,4244,1,Expanded_Known_Family,Known_Family_Only
4201,560,1,Known_Family_Only,Potential_Novel_Family
4201,6528,1,Known_Family_Only,Known_Family_Only
715,5257,1,Potential_Novel_Family,Known_Family_Only
715,8448,1,Potential_Novel_Family,Known_Family_Only
5257,8448,1,Known_Family_Only,Known_Family_Only
5257,8167,1,Known_Family_Only,Potential_Novel_Family
6251,12386,2,Potential_Novel_Family,Expanded_Known_Family
6017,11656,1,Potential_Novel_Family,Known_Family_Only
5359,6469,1,Known_Family_Only,Potential_Novel_Family
5359,7855,3,Known_Family_Only,Expanded_Known_Family
5359,6903,1,Known_Family_Only,Known_Family_Only
6469,7855,1,Potential_Novel_Family,Expanded_Known_Family
7855,6903,1,Expanded_Known_Family,Known_Family_Only
7855,7907,1,Expanded_Known_Family,Potential_Novel_Family
2177,8550,1,Potential_Novel_Family,Known_Family_Only
3634,12228,1,Potential_Novel_Family,Known_Family_Only
10972,11607,1,Expanded_Known_Family,Potential_Novel_Family
10972,10132,1,Expanded_Known_Family,Potential_Novel_Family
4853,3910,1,Expanded_Known_Family,Potential_Novel_Family
1913,13941,1,Known_Family_Only,Potential_Novel_Family
6275,11825,1,Potential_Novel_Family,Potential_Novel_Family
2838,6633,1,Potential_Novel_Family,Potential_Novel_Family
2838,8754,1,Potential_Novel_Family,Known_Family_Only
9993,10453,1,Known_Family_Only,Potential_Novel_Family
9993,8739,1,Known_Family_Only,Expanded_Known_Family
9993,8511,1,Known_Family_Only,Potential_Novel_Family
10999,8079,2,Potential_Novel_Family,Known_Family_Only
10480,10922,1,Expanded_Known_Family,Known_Family_Only
10480,3240,3,Expanded_Known_Family,Expanded_Known_Family
2240,2547,4,Expanded_Known_Family,Expanded_Known_Family
7705,11389,1,Potential_Novel_Family,Potential_Novel_Family
5485,6302,1,Potential_Novel_Family,Potential_Novel_Family
5485,5261,1,Potential_Novel_Family,Known_Family_Only
5399,13828,1,Potential_Novel_Family,Known_Family_Only
1040,6931,1,Known_Family_Only,Potential_Novel_Family
5230,9535,1,Potential_Novel_Family,Known_Family_Only
1824,2867,3,Expanded_Known_Family,Expanded_Known_Family
3482,8630,1,Potential_Novel_Family,Known_Family_Only
8630,2287,1,Known_Family_Only,Expanded_Known_Family
4278,9832,1,Expanded_Known_Family,Known_Family_Only
4278,9845,1,Expanded_Known_Family,Potential_Novel_Family
4084,5608,1,Potential_Novel_Family,Known_Family_Only
2599,10833,1,Known_Family_Only,Potential_Novel_Family
3468,5752,1,Potential_Novel_Family,Known_Family_Only
3468,10110,1,Potential_Novel_Family,Known_Family_Only
5752,10110,1,Known_Family_Only,Known_Family_Only
4654,5097,1,Known_Family_Only,Potential_Novel_Family
3118,8845,1,Potential_Novel_Family,Potential_Novel_Family
5917,6997,1,Potential_Novel_Family,Known_Family_Only
8998,1652,1,Potential_Novel_Family,Potential_Novel_Family
8998,6392,1,Potential_Novel_Family,Potential_Novel_Family
2005,7446,1,Known_Family_Only,Potential_Novel_Family
343,6708,1,Potential_Novel_Family,Potential_Novel_Family
6044,11882,1,Potential_Novel_Family,Potential_Novel_Family
442,772,1,Potential_Novel_Family,Expanded_Known_Family
442,8467,1,Potential_Novel_Family,Expanded_Known_Family
442,2388,1,Potential_Novel_Family,Potential_Novel_Family
2205,6121,1,Potential_Novel_Family,Known_Family_Only
10769,14297,1,Potential_Novel_Family,Potential_Novel_Family
4059,8657,1,Known_Family_Only,Potential_Novel_Family
11309,13766,1,Expanded_Known_Family,Potential_Novel_Family
11309,7033,1,Expanded_Known_Family,Potential_Novel_Family
11309,12393,1,Expanded_Known_Family,Potential_Novel_Family
11309,9329,1,Expanded_Known_Family,Potential_Novel_Family
772,2216,1,Expanded_Known_Family,Potential_Novel_Family
4307,4823,1,Potential_Novel_Family,Potential_Novel_Family
3216,11558,3,Expanded_Known_Family,Expanded_Known_Family
9216,10342,1,Potential_Novel_Family,Known_Family_Only
12263,12387,1,Potential_Novel_Family,Potential_Novel_Family
12263,12220,1,Potential_Novel_Family,Known_Family_Only
10923,11930,1,Potential_Novel_Family,Known_Family_Only
4675,11826,1,Potential_Novel_Family,Potential_Novel_Family
3483,4279,1,Potential_Novel_Family,Potential_Novel_Family
13261,13997,1,Potential_Novel_Family,Potential_Novel_Family
12734,13200,1,Potential_Novel_Family,Potential_Novel_Family
11137,14038,2,Expanded_Known_Family,Expanded_Known_Family
11137,13545,1,Expanded_Known_Family,Expanded_Known_Family
9767,9872,1,Potential_Novel_Family,Potential_Novel_Family
469,1266,1,Known_Family_Only,Expanded_Known_Family
469,1825,1,Known_Family_Only,Known_Family_Only
469,1845,1,Known_Family_Only,Potential_Novel_Family
1266,1825,2,Expanded_Known_Family,Known_Family_Only
1266,1845,1,Expanded_Known_Family,Potential_Novel_Family
1825,1845,1,Known_Family_Only,Potential_Novel_Family
8881,12067,1,Potential_Novel_Family,Known_Family_Only
9580,10035,1,Known_Family_Only,Potential_Novel_Family
3,12015,1,Expanded_Known_Family,Expanded_Known_Family
3,242,1,Expanded_Known_Family,Expanded_Known_Family
3,12898,1,Expanded_Known_Family,Potential_Novel_Family
3,796,1,Expanded_Known_Family,Expanded_Known_Family
3,5820,1,Expanded_Known_Family,Potential_Novel_Family
12015,13375,2,Expanded_Known_Family,Potential_Novel_Family
12015,6453,1,Expanded_Known_Family,Expanded_Known_Family
3105,7058,1,Potential_Novel_Family,Known_Family_Only
1344,2770,1,Known_Family_Only,Potential_Novel_Family
12388,13998,1,Known_Family_Only,Potential_Novel_Family
12388,1310,1,Known_Family_Only,Potential_Novel_Family
6601,8658,1,Known_Family_Only,Potential_Novel_Family
11341,14045,1,Known_Family_Only,Potential_Novel_Family
353,3674,1,Expanded_Known_Family,Potential_Novel_Family
353,5820,1,Expanded_Known_Family,Potential_Novel_Family
2531,7447,1,Known_Family_Only,Potential_Novel_Family
6252,8696,1,Potential_Novel_Family,Known_Family_Only
1993,2618,1,Expanded_Known_Family,Expanded_Known_Family
1993,6490,2,Expanded_Known_Family,Potential_Novel_Family
3649,12264,1,Expanded_Known_Family,Potential_Novel_Family
3649,6279,1,Expanded_Known_Family,Potential_Novel_Family
3649,8776,1,Expanded_Known_Family,Potential_Novel_Family
3649,9550,1,Expanded_Known_Family,Known_Family_Only
2286,2494,1,Expanded_Known_Family,Potential_Novel_Family
2286,14102,1,Expanded_Known_Family,Potential_Novel_Family
4604,9121,1,Potential_Novel_Family,Expanded_Known_Family
9121,7299,2,Expanded_Known_Family,Known_Family_Only
9121,4728,1,Expanded_Known_Family,Expanded_Known_Family
9121,7315,1,Expanded_Known_Family,Potential_Novel_Family
3365,5126,1,Known_Family_Only,Expanded_Known_Family
5126,9260,1,Expanded_Known_Family,Potential_Novel_Family
334,9087,1,Expanded_Known_Family,Potential_Novel_Family
334,1891,1,Expanded_Known_Family,Potential_Novel_Family
334,7653,1,Expanded_Known_Family,Potential_Novel_Family
334,10757,1,Expanded_Known_Family,Potential_Novel_Family
334,4152,2,Expanded_Known_Family,Potential_Novel_Family
9802,12068,1,Expanded_Known_Family,Known_Family_Only
11987,13166,1,Known_Family_Only,Potential_Novel_Family
10267,12354,1,Potential_Novel_Family,Potential_Novel_Family
10267,14072,1,Potential_Novel_Family,Known_Family_Only
6253,6510,1,Potential_Novel_Family,Known_Family_Only
3399,8659,1,Known_Family_Only,Potential_Novel_Family
278,994,1,Known_Family_Only,Potential_Novel_Family
278,1811,1,Known_Family_Only,Potential_Novel_Family
278,3258,1,Known_Family_Only,Potential_Novel_Family
994,1811,1,Potential_Novel_Family,Potential_Novel_Family
994,3258,1,Potential_Novel_Family,Potential_Novel_Family
1811,3258,1,Potential_Novel_Family,Potential_Novel_Family
2107,3287,1,Potential_Novel_Family,Potential_Novel_Family
1947,6570,1,Potential_Novel_Family,Known_Family_Only
1947,6578,1,Potential_Novel_Family,Known_Family_Only
1500,3321,1,Expanded_Known_Family,Potential_Novel_Family
1500,7816,1,Expanded_Known_Family,Potential_Novel_Family
13630,13658,1,Potential_Novel_Family,Potential_Novel_Family
6973,13065,1,Potential_Novel_Family,Known_Family_Only
4638,9059,1,Expanded_Known_Family,Known_Family_Only
4638,9181,1,Expanded_Known_Family,Known_Family_Only
4638,11023,1,Expanded_Known_Family,Potential_Novel_Family
4638,9242,1,Expanded_Known_Family,Potential_Novel_Family
4638,9422,3,Expanded_Known_Family,Expanded_Known_Family
4638,6647,1,Expanded_Known_Family,Known_Family_Only
4638,8980,1,Expanded_Known_Family,Known_Family_Only
9059,9181,1,Known_Family_Only,Known_Family_Only
9059,11023,1,Known_Family_Only,Potential_Novel_Family
9181,11023,1,Known_Family_Only,Potential_Novel_Family
10201,13942,1,Potential_Novel_Family,Potential_Novel_Family
8815,11515,1,Potential_Novel_Family,Potential_Novel_Family
8815,3597,1,Potential_Novel_Family,Expanded_Known_Family
2890,4824,1,Expanded_Known_Family,Potential_Novel_Family
2890,6303,1,Expanded_Known_Family,Known_Family_Only
2890,8523,1,Expanded_Known_Family,Known_Family_Only
4824,6303,1,Potential_Novel_Family,Known_Family_Only
4824,8523,1,Potential_Novel_Family,Known_Family_Only
6303,8523,1,Known_Family_Only,Known_Family_Only
414,10412,1,Potential_Novel_Family,Potential_Novel_Family
7862,11910,1,Potential_Novel_Family,Known_Family_Only
11883,14329,1,Potential_Novel_Family,Known_Family_Only
10702,12768,1,Potential_Novel_Family,Known_Family_Only
1905,2653,2,Expanded_Known_Family,Expanded_Known_Family
2653,1522,2,Expanded_Known_Family,Known_Family_Only
2653,13239,1,Expanded_Known_Family,Known_Family_Only
2653,1058,1,Expanded_Known_Family,Potential_Novel_Family
8110,12389,1,Known_Family_Only,Potential_Novel_Family
6018,7417,1,Potential_Novel_Family,Potential_Novel_Family
5545,11138,1,Known_Family_Only,Potential_Novel_Family
5545,14101,1,Known_Family_Only,Known_Family_Only
5545,3036,1,Known_Family_Only,Potential_Novel_Family
11138,14101,1,Potential_Novel_Family,Known_Family_Only
986,1646,3,Expanded_Known_Family,Expanded_Known_Family
986,6470,1,Expanded_Known_Family,Expanded_Known_Family
986,1187,1,Expanded_Known_Family,Known_Family_Only
1646,6470,1,Expanded_Known_Family,Expanded_Known_Family
1646,917,1,Expanded_Known_Family,Expanded_Known_Family
6470,157,1,Expanded_Known_Family,Expanded_Known_Family
5266,1502,1,Expanded_Known_Family,Potential_Novel_Family
4605,7893,1,Known_Family_Only,Potential_Novel_Family
4521,7093,1,Potential_Novel_Family,Known_Family_Only
4521,4035,1,Potential_Novel_Family,Potential_Novel_Family
4521,6782,1,Potential_Novel_Family,Known_Family_Only
2574,2688,1,Potential_Novel_Family,Expanded_Known_Family
2688,3713,1,Expanded_Known_Family,Expanded_Known_Family
2688,7881,1,Expanded_Known_Family,Expanded_Known_Family
2688,6356,1,Expanded_Known_Family,Expanded_Known_Family
2538,9035,1,Known_Family_Only,Potential_Novel_Family
2538,10385,1,Known_Family_Only,Potential_Novel_Family
833,2914,1,Known_Family_Only,Potential_Novel_Family
833,8312,1,Known_Family_Only,Known_Family_Only
2914,8312,1,Potential_Novel_Family,Known_Family_Only
8511,9662,1,Potential_Novel_Family,Expanded_Known_Family
9662,8739,2,Expanded_Known_Family,Expanded_Known_Family
1229,2037,1,Potential_Novel_Family,Potential_Novel_Family
5680,6390,1,Potential_Novel_Family,Potential_Novel_Family
8627,9119,1,Known_Family_Only,Known_Family_Only
196,13468,1,Potential_Novel_Family,Known_Family_Only
5456,6364,1,Potential_Novel_Family,Known_Family_Only
9327,12769,1,Potential_Novel_Family,Potential_Novel_Family
9327,6351,1,Potential_Novel_Family,Potential_Novel_Family
9327,4243,1,Potential_Novel_Family,Potential_Novel_Family
9327,8942,2,Potential_Novel_Family,Potential_Novel_Family
9327,14132,1,Potential_Novel_Family,Potential_Novel_Family
5283,8846,1,Known_Family_Only,Potential_Novel_Family
13262,14138,1,Known_Family_Only,Potential_Novel_Family
960,2411,1,Expanded_Known_Family,Potential_Novel_Family
960,10250,3,Expanded_Known_Family,Expanded_Known_Family
6391,6540,1,Potential_Novel_Family,Known_Family_Only
2991,8009,1,Potential_Novel_Family,Potential_Novel_Family
698,2206,2,Expanded_Known_Family,Expanded_Known_Family
2384,5098,1,Potential_Novel_Family,Expanded_Known_Family
5098,3241,1,Expanded_Known_Family,Potential_Novel_Family
5098,946,1,Expanded_Known_Family,Expanded_Known_Family
5098,1084,1,Expanded_Known_Family,Expanded_Known_Family
792,1527,1,Potential_Novel_Family,Known_Family_Only
11657,12915,1,Known_Family_Only,Potential_Novel_Family
3695,4244,1,Expanded_Known_Family,Known_Family_Only
3695,11390,1,Expanded_Known_Family,Potential_Novel_Family
3695,11220,1,Expanded_Known_Family,Expanded_Known_Family
4244,11390,1,Known_Family_Only,Potential_Novel_Family
4244,507,1,Known_Family_Only,Known_Family_Only
4244,777,1,Known_Family_Only,Known_Family_Only
4244,2883,1,Known_Family_Only,Known_Family_Only
157,665,1,Expanded_Known_Family,Potential_Novel_Family
157,4199,1,Expanded_Known_Family,Expanded_Known_Family
157,9694,1,Expanded_Known_Family,Known_Family_Only
157,10204,1,Expanded_Known_Family,Potential_Novel_Family
157,1209,1,Expanded_Known_Family,Expanded_Known_Family
157,9706,1,Expanded_Known_Family,Potential_Novel_Family
157,4048,1,Expanded_Known_Family,Expanded_Known_Family
3233,4676,1,Expanded_Known_Family,Potential_Novel_Family
3233,11600,1,Expanded_Known_Family,Potential_Novel_Family
5539,10523,1,Expanded_Known_Family,Potential_Novel_Family
5539,3197,1,Expanded_Known_Family,Potential_Novel_Family
5539,3779,1,Expanded_Known_Family,Known_Family_Only
1105,1323,1,Potential_Novel_Family,Known_Family_Only
8243,10557,1,Potential_Novel_Family,Known_Family_Only
5492,4796,1,Expanded_Known_Family,Potential_Novel_Family
5492,4542,1,Expanded_Known_Family,Expanded_Known_Family
5492,4070,1,Expanded_Known_Family,Expanded_Known_Family
5360,10524,1,Potential_Novel_Family,Potential_Novel_Family
10524,5788,1,Potential_Novel_Family,Potential_Novel_Family
3086,8551,2,Expanded_Known_Family,Expanded_Known_Family
305,2731,1,Expanded_Known_Family,Known_Family_Only
305,3825,2,Expanded_Known_Family,Expanded_Known_Family
305,9610,2,Expanded_Known_Family,Expanded_Known_Family
2731,3825,1,Known_Family_Only,Expanded_Known_Family
2731,9610,1,Known_Family_Only,Expanded_Known_Family
3825,9610,2,Expanded_Known_Family,Expanded_Known_Family
3825,306,8,Expanded_Known_Family,Expanded_Known_Family
3825,2654,7,Expanded_Known_Family,Expanded_Known_Family
3825,9316,6,Expanded_Known_Family,Known_Family_Only
3825,291,1,Expanded_Known_Family,Expanded_Known_Family
3825,8774,1,Expanded_Known_Family,Expanded_Known_Family
3366,369,1,Expanded_Known_Family,Expanded_Known_Family
522,4629,1,Expanded_Known_Family,Potential_Novel_Family
522,8372,1,Expanded_Known_Family,Potential_Novel_Family
522,11875,1,Expanded_Known_Family,Potential_Novel_Family
8739,9491,1,Expanded_Known_Family,Known_Family_Only
7766,10796,1,Known_Family_Only,Potential_Novel_Family
7740,11635,1,Potential_Novel_Family,Known_Family_Only
1335,6602,2,Expanded_Known_Family,Potential_Novel_Family
3676,7964,1,Potential_Novel_Family,Potential_Novel_Family
3676,8114,1,Potential_Novel_Family,Potential_Novel_Family
13729,13999,1,Known_Family_Only,Potential_Novel_Family
12735,12882,1,Potential_Novel_Family,Potential_Novel_Family
6379,5625,1,Expanded_Known_Family,Potential_Novel_Family
3451,11675,1,Expanded_Known_Family,Potential_Novel_Family
3451,98,1,Expanded_Known_Family,Potential_Novel_Family
1672,4164,1,Known_Family_Only,Potential_Novel_Family
212,10773,1,Expanded_Known_Family,Expanded_Known_Family
212,439,1,Expanded_Known_Family,Known_Family_Only
212,9463,1,Expanded_Known_Family,Potential_Novel_Family
212,4611,1,Expanded_Known_Family,Expanded_Known_Family
212,13421,1,Expanded_Known_Family,Known_Family_Only
212,648,1,Expanded_Known_Family,Expanded_Known_Family
212,2982,1,Expanded_Known_Family,Potential_Novel_Family
212,3252,1,Expanded_Known_Family,Expanded_Known_Family
212,8716,1,Expanded_Known_Family,Known_Family_Only
6172,8412,1,Potential_Novel_Family,Potential_Novel_Family
8412,1428,1,Potential_Novel_Family,Expanded_Known_Family
1407,10308,2,Expanded_Known_Family,Expanded_Known_Family
1407,1654,2,Expanded_Known_Family,Potential_Novel_Family
1407,1131,1,Expanded_Known_Family,Known_Family_Only
1407,1849,1,Expanded_Known_Family,Potential_Novel_Family
10071,11098,1,Potential_Novel_Family,Potential_Novel_Family
11854,12229,1,Potential_Novel_Family,Potential_Novel_Family
2637,8697,1,Known_Family_Only,Potential_Novel_Family
991,1840,3,Expanded_Known_Family,Potential_Novel_Family
991,1985,1,Expanded_Known_Family,Potential_Novel_Family
4451,4825,1,Known_Family_Only,Potential_Novel_Family
6871,11045,3,Expanded_Known_Family,Expanded_Known_Family
6871,9158,1,Expanded_Known_Family,Potential_Novel_Family
8010,8995,1,Known_Family_Only,Potential_Novel_Family
12355,12916,1,Known_Family_Only,Potential_Novel_Family
3346,5806,1,Potential_Novel_Family,Potential_Novel_Family
5457,11658,1,Potential_Novel_Family,Known_Family_Only
12772,14023,2,Potential_Novel_Family,Expanded_Known_Family
1890,12736,1,Potential_Novel_Family,Expanded_Known_Family
12736,1835,1,Expanded_Known_Family,Expanded_Known_Family
12736,3626,1,Expanded_Known_Family,Potential_Novel_Family
12736,5179,1,Expanded_Known_Family,Potential_Novel_Family
12736,5278,1,Expanded_Known_Family,Known_Family_Only
11544,11676,1,Known_Family_Only,Potential_Novel_Family
8452,12771,1,Potential_Novel_Family,Potential_Novel_Family
8452,8925,1,Potential_Novel_Family,Potential_Novel_Family
8452,10637,1,Potential_Novel_Family,Potential_Novel_Family
5206,8698,1,Known_Family_Only,Potential_Novel_Family
11024,12390,1,Potential_Novel_Family,Potential_Novel_Family
8996,10111,1,Known_Family_Only,Expanded_Known_Family
10111,8503,1,Expanded_Known_Family,Potential_Novel_Family
127,1426,1,Potential_Novel_Family,Known_Family_Only
127,2532,1,Potential_Novel_Family,Known_Family_Only
1426,2532,1,Known_Family_Only,Known_Family_Only
10414,11297,1,Expanded_Known_Family,Potential_Novel_Family
5629,8919,1,Potential_Novel_Family,Potential_Novel_Family
1431,5583,1,Potential_Novel_Family,Known_Family_Only
475,866,1,Known_Family_Only,Expanded_Known_Family
866,8465,1,Expanded_Known_Family,Potential_Novel_Family
866,3873,1,Expanded_Known_Family,Expanded_Known_Family
2006,2054,1,Known_Family_Only,Potential_Novel_Family
2054,684,1,Potential_Novel_Family,Known_Family_Only
5560,14000,1,Expanded_Known_Family,Potential_Novel_Family
5560,121,2,Expanded_Known_Family,Expanded_Known_Family
3019,5859,1,Known_Family_Only,Expanded_Known_Family
3019,1231,1,Known_Family_Only,Expanded_Known_Family
3019,12186,1,Known_Family_Only,Potential_Novel_Family
5859,614,1,Expanded_Known_Family,Known_Family_Only
5859,4583,1,Expanded_Known_Family,Expanded_Known_Family
5859,2202,1,Expanded_Known_Family,Expanded_Known_Family
1959,7210,1,Expanded_Known_Family,Expanded_Known_Family
1959,11224,1,Expanded_Known_Family,Known_Family_Only
1959,6031,2,Expanded_Known_Family,Expanded_Known_Family
1959,12457,1,Expanded_Known_Family,Known_Family_Only
1959,3996,1,Expanded_Known_Family,Potential_Novel_Family
1959,2104,1,Expanded_Known_Family,Potential_Novel_Family
1959,7257,1,Expanded_Known_Family,Known_Family_Only
7210,4616,2,Expanded_Known_Family,Expanded_Known_Family
3662,11932,1,Potential_Novel_Family,Known_Family_Only
769,2320,1,Potential_Novel_Family,Known_Family_Only
721,4630,1,Known_Family_Only,Potential_Novel_Family
10993,11099,1,Potential_Novel_Family,Known_Family_Only
8699,13011,1,Known_Family_Only,Potential_Novel_Family
7706,12005,1,Potential_Novel_Family,Known_Family_Only
3635,11177,1,Potential_Novel_Family,Known_Family_Only
1773,4721,2,Known_Family_Only,Potential_Novel_Family
13453,13767,1,Potential_Novel_Family,Potential_Novel_Family
13416,13659,1,Potential_Novel_Family,Known_Family_Only
36,11545,1,Expanded_Known_Family,Potential_Novel_Family
36,6398,1,Expanded_Known_Family,Potential_Novel_Family
36,532,1,Expanded_Known_Family,Expanded_Known_Family
11100,11546,1,Potential_Novel_Family,Known_Family_Only
1059,8274,1,Potential_Novel_Family,Potential_Novel_Family
6932,11547,1,Potential_Novel_Family,Expanded_Known_Family
11547,1239,1,Expanded_Known_Family,Potential_Novel_Family
9768,14212,1,Potential_Novel_Family,Known_Family_Only
6829,13417,1,Known_Family_Only,Potential_Novel_Family
7331,10343,1,Known_Family_Only,Potential_Novel_Family
11307,13701,1,Potential_Novel_Family,Potential_Novel_Family
393,11063,1,Potential_Novel_Family,Potential_Novel_Family
393,13631,1,Potential_Novel_Family,Known_Family_Only
3453,13944,1,Known_Family_Only,Potential_Novel_Family
1345,7828,1,Potential_Novel_Family,Known_Family_Only
9581,11548,1,Potential_Novel_Family,Potential_Novel_Family
9994,12230,1,Potential_Novel_Family,Known_Family_Only
6541,10770,1,Known_Family_Only,Potential_Novel_Family
1204,4209,2,Potential_Novel_Family,Known_Family_Only
1204,6684,1,Potential_Novel_Family,Known_Family_Only
1204,4361,1,Potential_Novel_Family,Known_Family_Only
4209,4361,1,Known_Family_Only,Known_Family_Only
7034,7864,3,Potential_Novel_Family,Potential_Novel_Family
7034,5169,1,Potential_Novel_Family,Potential_Novel_Family
9036,12884,1,Potential_Novel_Family,Known_Family_Only
8847,11677,2,Potential_Novel_Family,Expanded_Known_Family
9490,10703,1,Known_Family_Only,Potential_Novel_Family
9490,13074,1,Known_Family_Only,Potential_Novel_Family
10703,13074,1,Potential_Novel_Family,Potential_Novel_Family
13074,8288,1,Potential_Novel_Family,Known_Family_Only
255,7827,1,Expanded_Known_Family,Known_Family_Only
4891,9834,1,Potential_Novel_Family,Potential_Novel_Family
1125,5487,1,Potential_Novel_Family,Potential_Novel_Family
1125,8055,1,Potential_Novel_Family,Potential_Novel_Family
5487,10926,1,Potential_Novel_Family,Potential_Novel_Family
1218,6304,1,Potential_Novel_Family,Known_Family_Only
6933,2498,1,Known_Family_Only,Known_Family_Only
6933,9301,1,Known_Family_Only,Potential_Novel_Family
4503,12653,1,Known_Family_Only,Potential_Novel_Family
4452,9272,1,Known_Family_Only,Potential_Novel_Family
580,1963,1,Known_Family_Only,Potential_Novel_Family
3302,9273,4,Potential_Novel_Family,Potential_Novel_Family
1373,2865,1,Potential_Novel_Family,Known_Family_Only
446,6305,1,Potential_Novel_Family,Potential_Novel_Family
6900,167,2,Expanded_Known_Family,Expanded_Known_Family
4927,12883,1,Potential_Novel_Family,Potential_Novel_Family
9949,10112,1,Potential_Novel_Family,Known_Family_Only
3152,9488,1,Known_Family_Only,Potential_Novel_Family
1171,6872,1,Potential_Novel_Family,Known_Family_Only
845,3068,3,Known_Family_Only,Potential_Novel_Family
3820,6045,1,Known_Family_Only,Known_Family_Only
3820,11637,1,Known_Family_Only,Known_Family_Only
6045,11637,1,Known_Family_Only,Known_Family_Only
3544,7233,2,Known_Family_Only,Potential_Novel_Family
7233,9478,1,Potential_Novel_Family,Known_Family_Only
1119,14155,1,Expanded_Known_Family,Potential_Novel_Family
5617,8700,3,Expanded_Known_Family,Potential_Novel_Family
5617,8116,1,Expanded_Known_Family,Potential_Novel_Family
3547,6755,1,Expanded_Known_Family,Potential_Novel_Family
3547,9069,1,Expanded_Known_Family,Known_Family_Only
8552,13227,2,Potential_Novel_Family,Expanded_Known_Family
10238,12552,1,Potential_Novel_Family,Potential_Novel_Family
7295,11062,1,Potential_Novel_Family,Known_Family_Only
1262,5630,1,Potential_Novel_Family,Known_Family_Only
1262,6901,1,Potential_Novel_Family,Potential_Novel_Family
5630,6901,1,Known_Family_Only,Potential_Novel_Family
284,4575,3,Potential_Novel_Family,Potential_Novel_Family
10264,13371,1,Potential_Novel_Family,Known_Family_Only
796,12654,1,Expanded_Known_Family,Potential_Novel_Family
3437,10072,1,Known_Family_Only,Potential_Novel_Family
7270,9770,2,Expanded_Known_Family,Potential_Novel_Family
979,3201,1,Expanded_Known_Family,Known_Family_Only
5458,10835,1,Known_Family_Only,Potential_Novel_Family
1553,2669,1,Known_Family_Only,Known_Family_Only
3484,10959,1,Potential_Novel_Family,Known_Family_Only
3484,74,1,Potential_Novel_Family,Expanded_Known_Family
1539,5080,1,Expanded_Known_Family,Expanded_Known_Family
1539,4879,2,Expanded_Known_Family,Known_Family_Only
1539,1698,2,Expanded_Known_Family,Expanded_Known_Family
1539,5062,1,Expanded_Known_Family,Known_Family_Only
5080,1555,1,Expanded_Known_Family,Potential_Novel_Family
5080,11186,1,Expanded_Known_Family,Known_Family_Only
11139,12356,1,Potential_Novel_Family,Potential_Novel_Family
40,108,1,Known_Family_Only,Expanded_Known_Family
40,1753,2,Known_Family_Only,Potential_Novel_Family
108,1753,1,Expanded_Known_Family,Potential_Novel_Family
108,1370,1,Expanded_Known_Family,Potential_Novel_Family
2444,7387,1,Known_Family_Only,Potential_Novel_Family
2017,13338,1,Known_Family_Only,Potential_Novel_Family
2852,3774,1,Potential_Novel_Family,Potential_Novel_Family
2277,2302,2,Expanded_Known_Family,Expanded_Known_Family
3588,6487,2,Expanded_Known_Family,Potential_Novel_Family
5871,8997,1,Potential_Novel_Family,Potential_Novel_Family
2645,5207,1,Expanded_Known_Family,Known_Family_Only
2645,11221,1,Expanded_Known_Family,Potential_Novel_Family
4614,9835,1,Known_Family_Only,Potential_Novel_Family
4614,7582,1,Known_Family_Only,Potential_Novel_Family
7059,10073,2,Known_Family_Only,Potential_Novel_Family
1409,4689,1,Known_Family_Only,Expanded_Known_Family
4689,6289,1,Expanded_Known_Family,Potential_Novel_Family
3009,6654,1,Known_Family_Only,Potential_Novel_Family
11884,12440,1,Known_Family_Only,Potential_Novel_Family
2018,3485,1,Known_Family_Only,Potential_Novel_Family
2018,4576,1,Known_Family_Only,Potential_Novel_Family
3485,4576,1,Potential_Novel_Family,Potential_Novel_Family
10265,11933,1,Potential_Novel_Family,Known_Family_Only
3293,9690,1,Expanded_Known_Family,Known_Family_Only
4892,14168,1,Potential_Novel_Family,Known_Family_Only
4210,9995,1,Potential_Novel_Family,Known_Family_Only
10074,13056,3,Potential_Novel_Family,Expanded_Known_Family
12167,13857,1,Known_Family_Only,Potential_Novel_Family
13857,10317,1,Potential_Novel_Family,Potential_Novel_Family
3615,9310,2,Expanded_Known_Family,Potential_Novel_Family
3615,9291,5,Expanded_Known_Family,Expanded_Known_Family
8848,12411,1,Potential_Novel_Family,Potential_Novel_Family
1479,4211,4,Potential_Novel_Family,Known_Family_Only
1479,11678,4,Potential_Novel_Family,Known_Family_Only
4211,11678,4,Known_Family_Only,Known_Family_Only
3734,13959,1,Expanded_Known_Family,Known_Family_Only
1072,4281,1,Known_Family_Only,Potential_Novel_Family
4376,7604,1,Expanded_Known_Family,Potential_Novel_Family
4376,3123,1,Expanded_Known_Family,Potential_Novel_Family
5997,6810,1,Known_Family_Only,Potential_Novel_Family
5997,8902,1,Known_Family_Only,Known_Family_Only
6974,1398,1,Expanded_Known_Family,Potential_Novel_Family
6974,8358,1,Expanded_Known_Family,Known_Family_Only
7894,9582,2,Expanded_Known_Family,Known_Family_Only
7894,4968,1,Expanded_Known_Family,Potential_Novel_Family
3502,12097,1,Known_Family_Only,Potential_Novel_Family
8701,11140,1,Potential_Novel_Family,Potential_Novel_Family
1652,6392,1,Potential_Novel_Family,Potential_Novel_Family
3028,9182,1,Expanded_Known_Family,Known_Family_Only
3028,11988,1,Expanded_Known_Family,Potential_Novel_Family
3028,13606,1,Expanded_Known_Family,Known_Family_Only
3028,3521,1,Expanded_Known_Family,Expanded_Known_Family
9182,11988,1,Known_Family_Only,Potential_Novel_Family
9217,11284,1,Expanded_Known_Family,Potential_Novel_Family
9217,926,1,Expanded_Known_Family,Known_Family_Only
5721,9911,1,Potential_Novel_Family,Known_Family_Only
1706,2670,2,Potential_Novel_Family,Expanded_Known_Family
478,1177,1,Known_Family_Only,Expanded_Known_Family
1177,6139,1,Expanded_Known_Family,Potential_Novel_Family
1177,12545,1,Expanded_Known_Family,Potential_Novel_Family
3259,6430,1,Known_Family_Only,Potential_Novel_Family
6430,3291,3,Potential_Novel_Family,Expanded_Known_Family
13768,14183,1,Potential_Novel_Family,Known_Family_Only
13202,14046,1,Potential_Novel_Family,Potential_Novel_Family
1803,10672,1,Expanded_Known_Family,Potential_Novel_Family
1803,3710,1,Expanded_Known_Family,Expanded_Known_Family
1803,924,1,Expanded_Known_Family,Expanded_Known_Family
734,3029,1,Expanded_Known_Family,Potential_Novel_Family
734,5690,1,Expanded_Known_Family,Potential_Novel_Family
1035,4966,1,Potential_Novel_Family,Potential_Novel_Family
1035,3188,1,Potential_Novel_Family,Potential_Novel_Family
8999,2456,1,Potential_Novel_Family,Expanded_Known_Family
11827,12917,1,Potential_Novel_Family,Known_Family_Only
13201,13302,1,Potential_Novel_Family,Potential_Novel_Family
13137,13858,1,Known_Family_Only,Expanded_Known_Family
13858,12942,11,Expanded_Known_Family,Potential_Novel_Family
13858,11218,1,Expanded_Known_Family,Known_Family_Only
481,1075,1,Potential_Novel_Family,Expanded_Known_Family
481,1527,1,Potential_Novel_Family,Known_Family_Only
481,1521,2,Potential_Novel_Family,Known_Family_Only
1075,658,1,Expanded_Known_Family,Expanded_Known_Family
1075,1257,1,Expanded_Known_Family,Expanded_Known_Family
8204,2332,4,Expanded_Known_Family,Expanded_Known_Family
517,3486,1,Known_Family_Only,Potential_Novel_Family
517,3054,1,Known_Family_Only,Expanded_Known_Family
5284,6902,25,Potential_Novel_Family,Known_Family_Only
1480,4402,1,Potential_Novel_Family,Known_Family_Only
231,6946,4,Expanded_Known_Family,Expanded_Known_Family
231,9728,4,Expanded_Known_Family,Expanded_Known_Family
231,237,1,Expanded_Known_Family,Expanded_Known_Family
231,9963,2,Expanded_Known_Family,Known_Family_Only
231,9923,1,Expanded_Known_Family,Known_Family_Only
9537,13339,1,Potential_Novel_Family,Known_Family_Only
4184,6873,9,Expanded_Known_Family,Expanded_Known_Family
4184,6945,11,Expanded_Known_Family,Expanded_Known_Family
4184,4446,1,Expanded_Known_Family,Potential_Novel_Family
6873,6945,8,Expanded_Known_Family,Expanded_Known_Family
46,9655,1,Potential_Novel_Family,Known_Family_Only
46,2155,1,Potential_Novel_Family,Expanded_Known_Family
138,8920,1,Expanded_Known_Family,Potential_Novel_Family
138,9060,1,Expanded_Known_Family,Potential_Novel_Family
138,13012,1,Expanded_Known_Family,Potential_Novel_Family
138,7296,1,Expanded_Known_Family,Potential_Novel_Family
138,10988,1,Expanded_Known_Family,Known_Family_Only
8920,9060,1,Potential_Novel_Family,Potential_Novel_Family
8920,13012,1,Potential_Novel_Family,Potential_Novel_Family
9060,13012,1,Potential_Novel_Family,Potential_Novel_Family
2208,5872,4,Expanded_Known_Family,Potential_Novel_Family
2208,11105,1,Expanded_Known_Family,Potential_Novel_Family
2208,5317,1,Expanded_Known_Family,Potential_Novel_Family
2208,5943,1,Expanded_Known_Family,Known_Family_Only
2208,5966,1,Expanded_Known_Family,Potential_Novel_Family
6153,8572,2,Expanded_Known_Family,Expanded_Known_Family
4905,5361,1,Potential_Novel_Family,Potential_Novel_Family
4905,5731,1,Potential_Novel_Family,Known_Family_Only
10203,11995,1,Potential_Novel_Family,Potential_Novel_Family
6999,9088,6,Expanded_Known_Family,Potential_Novel_Family
6999,13269,1,Expanded_Known_Family,Known_Family_Only
6999,14214,1,Expanded_Known_Family,Potential_Novel_Family
310,8594,1,Known_Family_Only,Potential_Novel_Family
310,5519,1,Known_Family_Only,Potential_Novel_Family
10037,11026,2,Potential_Novel_Family,Potential_Novel_Family
829,2269,1,Known_Family_Only,Potential_Novel_Family
3738,12773,2,Potential_Novel_Family,Expanded_Known_Family
12773,14014,1,Expanded_Known_Family,Potential_Novel_Family
12773,13649,1,Expanded_Known_Family,Potential_Novel_Family
4158,9546,1,Expanded_Known_Family,Known_Family_Only
4158,11602,1,Expanded_Known_Family,Potential_Novel_Family
4158,10856,1,Expanded_Known_Family,Potential_Novel_Family
13108,13301,1,Potential_Novel_Family,Potential_Novel_Family
13373,14193,1,Potential_Novel_Family,Potential_Novel_Family
4431,10076,1,Potential_Novel_Family,Known_Family_Only
8438,10962,1,Expanded_Known_Family,Known_Family_Only
8438,13374,1,Expanded_Known_Family,Potential_Novel_Family
8438,8778,1,Expanded_Known_Family,Expanded_Known_Family
8438,989,1,Expanded_Known_Family,Expanded_Known_Family
10962,13374,1,Known_Family_Only,Potential_Novel_Family
10562,12413,1,Known_Family_Only,Potential_Novel_Family
4467,5637,1,Expanded_Known_Family,Potential_Novel_Family
2391,10116,1,Potential_Novel_Family,Known_Family_Only
181,3890,2,Expanded_Known_Family,Expanded_Known_Family
181,6844,2,Expanded_Known_Family,Potential_Novel_Family
3890,6844,2,Expanded_Known_Family,Potential_Novel_Family
3890,194,1,Expanded_Known_Family,Potential_Novel_Family
3890,10038,1,Expanded_Known_Family,Potential_Novel_Family
6844,176,1,Potential_Novel_Family,Known_Family_Only
1219,3972,1,Known_Family_Only,Known_Family_Only
4656,7969,2,Potential_Novel_Family,Known_Family_Only
1812,3132,1,Potential_Novel_Family,Known_Family_Only
1812,4867,1,Potential_Novel_Family,Potential_Novel_Family
3132,4867,1,Known_Family_Only,Potential_Novel_Family
6709,7271,1,Potential_Novel_Family,Known_Family_Only
6709,8253,1,Potential_Novel_Family,Known_Family_Only
6605,10605,12,Expanded_Known_Family,Expanded_Known_Family
3204,8749,4,Expanded_Known_Family,Expanded_Known_Family
3204,9105,1,Expanded_Known_Family,Known_Family_Only
2100,2943,1,Potential_Novel_Family,Known_Family_Only
2943,10002,1,Known_Family_Only,Known_Family_Only
2943,7044,1,Known_Family_Only,Potential_Novel_Family
2943,8186,1,Known_Family_Only,Potential_Novel_Family
2943,9671,2,Known_Family_Only,Expanded_Known_Family
2943,11923,1,Known_Family_Only,Potential_Novel_Family
2681,5849,1,Potential_Novel_Family,Known_Family_Only
5848,12886,1,Potential_Novel_Family,Known_Family_Only
5208,4692,2,Known_Family_Only,Potential_Novel_Family
2917,5158,1,Potential_Novel_Family,Known_Family_Only
10685,6843,2,Expanded_Known_Family,Expanded_Known_Family
10685,13180,1,Expanded_Known_Family,Potential_Novel_Family
10270,13770,1,Potential_Novel_Family,Potential_Novel_Family
6573,13340,2,Potential_Novel_Family,Potential_Novel_Family
6573,8635,1,Potential_Novel_Family,Known_Family_Only
6573,9714,1,Potential_Novel_Family,Known_Family_Only
13340,8635,1,Potential_Novel_Family,Known_Family_Only
10926,620,1,Potential_Novel_Family,Expanded_Known_Family
7418,10771,1,Known_Family_Only,Potential_Novel_Family
1269,2892,2,Potential_Novel_Family,Expanded_Known_Family
1269,7901,2,Potential_Novel_Family,Expanded_Known_Family
2892,7901,2,Expanded_Known_Family,Expanded_Known_Family
7901,5663,2,Expanded_Known_Family,Expanded_Known_Family
8314,11712,1,Potential_Novel_Family,Known_Family_Only
1977,4454,1,Known_Family_Only,Potential_Novel_Family
10563,14150,1,Known_Family_Only,Potential_Novel_Family
50,1870,1,Expanded_Known_Family,Expanded_Known_Family
50,13954,1,Expanded_Known_Family,Known_Family_Only
50,2942,2,Expanded_Known_Family,Potential_Novel_Family
50,9010,2,Expanded_Known_Family,Potential_Novel_Family
50,7912,1,Expanded_Known_Family,Potential_Novel_Family
1870,9731,1,Expanded_Known_Family,Known_Family_Only
1870,11236,3,Expanded_Known_Family,Expanded_Known_Family
1870,8149,1,Expanded_Known_Family,Expanded_Known_Family
1870,11109,1,Expanded_Known_Family,Potential_Novel_Family
1870,10287,1,Expanded_Known_Family,Potential_Novel_Family
1870,14124,1,Expanded_Known_Family,Known_Family_Only
1870,12307,1,Expanded_Known_Family,Known_Family_Only
6324,7841,2,Expanded_Known_Family,Known_Family_Only
9000,9037,2,Potential_Novel_Family,Expanded_Known_Family
2938,11486,1,Potential_Novel_Family,Known_Family_Only
8884,10725,3,Expanded_Known_Family,Expanded_Known_Family
10725,8866,1,Expanded_Known_Family,Potential_Novel_Family
3928,10893,3,Expanded_Known_Family,Expanded_Known_Family
5874,12620,1,Potential_Novel_Family,Known_Family_Only
10117,13295,2,Potential_Novel_Family,Potential_Novel_Family
5070,11550,1,Potential_Novel_Family,Known_Family_Only
1069,11103,1,Expanded_Known_Family,Potential_Novel_Family
1069,4068,1,Expanded_Known_Family,Known_Family_Only
1069,9176,1,Expanded_Known_Family,Potential_Novel_Family
1069,11650,1,Expanded_Known_Family,Potential_Novel_Family
1267,9352,1,Potential_Novel_Family,Known_Family_Only
8534,9691,1,Expanded_Known_Family,Potential_Novel_Family
8534,9293,1,Expanded_Known_Family,Expanded_Known_Family
724,1935,2,Known_Family_Only,Expanded_Known_Family
1935,5586,1,Expanded_Known_Family,Potential_Novel_Family
3857,9538,1,Potential_Novel_Family,Potential_Novel_Family
3857,6683,1,Potential_Novel_Family,Known_Family_Only
13517,13561,1,Potential_Novel_Family,Expanded_Known_Family
13517,14105,1,Potential_Novel_Family,Known_Family_Only
13561,13428,1,Expanded_Known_Family,Expanded_Known_Family
7895,12553,1,Potential_Novel_Family,Potential_Novel_Family
7857,13418,8,Potential_Novel_Family,Expanded_Known_Family
8399,8849,1,Expanded_Known_Family,Potential_Novel_Family
8399,4173,1,Expanded_Known_Family,Potential_Novel_Family
1178,4706,1,Potential_Novel_Family,Potential_Novel_Family
4706,13390,1,Potential_Novel_Family,Known_Family_Only
6258,1719,1,Expanded_Known_Family,Known_Family_Only
6258,2341,1,Expanded_Known_Family,Known_Family_Only
6258,9193,1,Expanded_Known_Family,Known_Family_Only
6258,8185,1,Expanded_Known_Family,Potential_Novel_Family
9803,3976,1,Expanded_Known_Family,Potential_Novel_Family
8385,8957,1,Potential_Novel_Family,Potential_Novel_Family
3225,7861,1,Known_Family_Only,Expanded_Known_Family
1309,1784,1,Potential_Novel_Family,Known_Family_Only
4060,8629,2,Expanded_Known_Family,Expanded_Known_Family
1732,4308,1,Expanded_Known_Family,Known_Family_Only
1732,2296,1,Expanded_Known_Family,Potential_Novel_Family
14,1412,1,Expanded_Known_Family,Expanded_Known_Family
14,1198,1,Expanded_Known_Family,Known_Family_Only
14,4903,1,Expanded_Known_Family,Potential_Novel_Family
1412,83,2,Expanded_Known_Family,Expanded_Known_Family
1412,1987,2,Expanded_Known_Family,Known_Family_Only
7967,12657,1,Potential_Novel_Family,Known_Family_Only
3030,10113,1,Potential_Novel_Family,Known_Family_Only
3030,4711,1,Potential_Novel_Family,Potential_Novel_Family
10269,11855,1,Known_Family_Only,Potential_Novel_Family
4353,5157,3,Expanded_Known_Family,Expanded_Known_Family
4353,803,1,Expanded_Known_Family,Expanded_Known_Family
4353,11293,1,Expanded_Known_Family,Potential_Novel_Family
4353,7141,1,Expanded_Known_Family,Known_Family_Only
4353,12090,1,Expanded_Known_Family,Potential_Novel_Family
4353,12995,1,Expanded_Known_Family,Known_Family_Only
4353,5624,1,Expanded_Known_Family,Potential_Novel_Family
4353,13027,2,Expanded_Known_Family,Known_Family_Only
932,8628,1,Known_Family_Only,Potential_Novel_Family
1377,9692,1,Known_Family_Only,Known_Family_Only
1377,10636,1,Known_Family_Only,Potential_Novel_Family
9692,10636,1,Known_Family_Only,Potential_Novel_Family
5846,11217,1,Potential_Novel_Family,Known_Family_Only
3945,4453,1,Potential_Novel_Family,Potential_Novel_Family
3756,6998,1,Expanded_Known_Family,Potential_Novel_Family
3756,6779,2,Expanded_Known_Family,Known_Family_Only
13518,4419,1,Potential_Novel_Family,Expanded_Known_Family
817,3459,2,Expanded_Known_Family,Potential_Novel_Family
817,6744,1,Expanded_Known_Family,Known_Family_Only
817,7658,2,Expanded_Known_Family,Expanded_Known_Family
817,2182,3,Expanded_Known_Family,Expanded_Known_Family
6743,7605,2,Expanded_Known_Family,Expanded_Known_Family
10344,11484,1,Known_Family_Only,Potential_Novel_Family
1881,10114,1,Potential_Novel_Family,Known_Family_Only
1881,10836,1,Potential_Novel_Family,Known_Family_Only
5374,11963,1,Potential_Novel_Family,Known_Family_Only
7896,13066,1,Potential_Novel_Family,Potential_Novel_Family
10601,11285,1,Potential_Novel_Family,Known_Family_Only
2019,4106,1,Potential_Novel_Family,Expanded_Known_Family
4106,14188,1,Expanded_Known_Family,Potential_Novel_Family
4106,12213,2,Expanded_Known_Family,Potential_Novel_Family
4106,12642,3,Expanded_Known_Family,Potential_Novel_Family
2183,4893,1,Potential_Novel_Family,Known_Family_Only
7030,9950,1,Potential_Novel_Family,Potential_Novel_Family
4790,8350,1,Potential_Novel_Family,Potential_Novel_Family
2461,11737,1,Potential_Novel_Family,Expanded_Known_Family
4127,7476,5,Expanded_Known_Family,Expanded_Known_Family
4127,12720,1,Expanded_Known_Family,Known_Family_Only
4127,12252,2,Expanded_Known_Family,Potential_Novel_Family
1690,2732,2,Expanded_Known_Family,Potential_Novel_Family
1690,5691,1,Expanded_Known_Family,Potential_Novel_Family
1690,10688,1,Expanded_Known_Family,Potential_Novel_Family
7234,10673,1,Potential_Novel_Family,Known_Family_Only
8981,10285,1,Potential_Novel_Family,Known_Family_Only
8981,3393,1,Potential_Novel_Family,Expanded_Known_Family
10285,11723,1,Known_Family_Only,Potential_Novel_Family
285,311,1,Known_Family_Only,Potential_Novel_Family
285,8070,1,Known_Family_Only,Potential_Novel_Family
311,8070,1,Potential_Novel_Family,Potential_Novel_Family
2311,12098,1,Potential_Novel_Family,Known_Family_Only
1014,2040,3,Expanded_Known_Family,Expanded_Known_Family
7198,12737,1,Potential_Novel_Family,Potential_Novel_Family
7198,12726,1,Potential_Novel_Family,Known_Family_Only
6830,13067,1,Known_Family_Only,Potential_Novel_Family
4309,8449,1,Potential_Novel_Family,Potential_Novel_Family
2820,3049,1,Expanded_Known_Family,Known_Family_Only
2820,11790,1,Expanded_Known_Family,Potential_Novel_Family
2820,3330,1,Expanded_Known_Family,Expanded_Known_Family
2820,4595,1,Expanded_Known_Family,Known_Family_Only
2820,314,1,Expanded_Known_Family,Potential_Novel_Family
3049,11859,1,Known_Family_Only,Potential_Novel_Family
4663,7897,1,Potential_Novel_Family,Known_Family_Only
4663,6076,1,Potential_Novel_Family,Known_Family_Only
2412,3438,1,Potential_Novel_Family,Potential_Novel_Family
7968,11027,1,Known_Family_Only,Potential_Novel_Family
6393,6912,7,Expanded_Known_Family,Expanded_Known_Family
6571,14283,1,Potential_Novel_Family,Potential_Novel_Family
10742,11889,1,Expanded_Known_Family,Potential_Novel_Family
10742,6587,1,Expanded_Known_Family,Potential_Novel_Family
10674,12416,1,Expanded_Known_Family,Potential_Novel_Family
2646,6122,1,Known_Family_Only,Potential_Novel_Family
11286,12554,1,Potential_Novel_Family,Known_Family_Only
1313,7273,1,Expanded_Known_Family,Potential_Novel_Family
1313,722,1,Expanded_Known_Family,Potential_Novel_Family
1313,486,3,Expanded_Known_Family,Expanded_Known_Family
1313,4904,1,Expanded_Known_Family,Potential_Novel_Family
1313,7667,1,Expanded_Known_Family,Potential_Novel_Family
8275,12286,2,Expanded_Known_Family,Expanded_Known_Family
2151,13372,3,Expanded_Known_Family,Expanded_Known_Family
4,3303,7,Expanded_Known_Family,Potential_Novel_Family
4,7583,1,Expanded_Known_Family,Potential_Novel_Family
3303,6341,1,Potential_Novel_Family,Potential_Novel_Family
562,4233,1,Known_Family_Only,Potential_Novel_Family
1163,5018,1,Potential_Novel_Family,Expanded_Known_Family
1163,13566,1,Potential_Novel_Family,Potential_Novel_Family
13730,14001,5,Expanded_Known_Family,Potential_Novel_Family
13730,13664,2,Expanded_Known_Family,Expanded_Known_Family
13730,6165,1,Expanded_Known_Family,Potential_Novel_Family
11252,11989,1,Expanded_Known_Family,Potential_Novel_Family
11252,13674,1,Expanded_Known_Family,Expanded_Known_Family
6046,11178,1,Known_Family_Only,Potential_Novel_Family
6542,8451,1,Expanded_Known_Family,Expanded_Known_Family
9318,14323,1,Potential_Novel_Family,Potential_Novel_Family
535,491,1,Expanded_Known_Family,Potential_Novel_Family
2971,3521,1,Known_Family_Only,Expanded_Known_Family
638,2827,1,Expanded_Known_Family,Known_Family_Only
638,9657,1,Expanded_Known_Family,Potential_Novel_Family
2827,9657,1,Known_Family_Only,Potential_Novel_Family
7794,9456,1,Known_Family_Only,Potential_Novel_Family
2647,7692,3,Expanded_Known_Family,Expanded_Known_Family
8205,12287,1,Potential_Novel_Family,Potential_Novel_Family
8525,10159,1,Known_Family_Only,Potential_Novel_Family
8525,9707,1,Known_Family_Only,Potential_Novel_Family
617,1446,1,Known_Family_Only,Potential_Novel_Family
617,2916,1,Known_Family_Only,Known_Family_Only
1446,2916,1,Potential_Novel_Family,Known_Family_Only
1289,3559,1,Expanded_Known_Family,Potential_Novel_Family
1289,9805,1,Expanded_Known_Family,Potential_Novel_Family
1289,3562,1,Expanded_Known_Family,Known_Family_Only
1289,4993,1,Expanded_Known_Family,Potential_Novel_Family
1289,357,1,Expanded_Known_Family,Expanded_Known_Family
1289,3375,1,Expanded_Known_Family,Potential_Novel_Family
1289,3802,1,Expanded_Known_Family,Known_Family_Only
1289,4239,2,Expanded_Known_Family,Expanded_Known_Family
1289,7814,1,Expanded_Known_Family,Potential_Novel_Family
1289,5818,1,Expanded_Known_Family,Potential_Novel_Family
1289,1966,3,Expanded_Known_Family,Expanded_Known_Family
1289,9810,1,Expanded_Known_Family,Expanded_Known_Family
3559,9805,1,Potential_Novel_Family,Potential_Novel_Family
1541,1546,1,Potential_Novel_Family,Potential_Novel_Family
5657,8702,1,Potential_Novel_Family,Potential_Novel_Family
5128,8958,1,Known_Family_Only,Potential_Novel_Family
9539,13264,1,Expanded_Known_Family,Potential_Novel_Family
9539,6264,4,Expanded_Known_Family,Potential_Novel_Family
5129,6832,1,Potential_Novel_Family,Known_Family_Only
5129,10560,1,Potential_Novel_Family,Potential_Novel_Family
6832,10560,1,Known_Family_Only,Potential_Novel_Family
1002,2828,1,Known_Family_Only,Potential_Novel_Family
6445,11679,1,Potential_Novel_Family,Known_Family_Only
821,4377,1,Known_Family_Only,Known_Family_Only
821,4403,1,Known_Family_Only,Potential_Novel_Family
4377,4403,1,Known_Family_Only,Potential_Novel_Family
5847,10160,1,Potential_Novel_Family,Known_Family_Only
2257,3578,1,Potential_Novel_Family,Known_Family_Only
2257,3579,1,Potential_Novel_Family,Known_Family_Only
2257,8959,1,Potential_Novel_Family,Known_Family_Only
3578,3579,1,Known_Family_Only,Known_Family_Only
3578,8959,1,Known_Family_Only,Known_Family_Only
3579,8959,1,Known_Family_Only,Known_Family_Only
3579,1282,1,Known_Family_Only,Known_Family_Only
3579,3522,1,Known_Family_Only,Expanded_Known_Family
7424,11358,2,Potential_Novel_Family,Known_Family_Only
7927,8922,1,Potential_Novel_Family,Potential_Novel_Family
317,69,1,Potential_Novel_Family,Known_Family_Only
2119,9275,1,Potential_Novel_Family,Potential_Novel_Family
2119,4696,1,Potential_Novel_Family,Potential_Novel_Family
460,3724,1,Known_Family_Only,Potential_Novel_Family
1866,2733,2,Potential_Novel_Family,Known_Family_Only
2346,4866,1,Potential_Novel_Family,Expanded_Known_Family
2346,10474,1,Potential_Novel_Family,Potential_Novel_Family
4866,9028,1,Expanded_Known_Family,Expanded_Known_Family
4866,6643,1,Expanded_Known_Family,Potential_Novel_Family
4866,14177,2,Expanded_Known_Family,Known_Family_Only
5232,8526,1,Potential_Novel_Family,Potential_Novel_Family
2680,8313,1,Potential_Novel_Family,Known_Family_Only
5184,8206,1,Known_Family_Only,Potential_Novel_Family
3322,4929,1,Potential_Novel_Family,Known_Family_Only
4929,5515,1,Known_Family_Only,Potential_Novel_Family
4929,9314,1,Known_Family_Only,Known_Family_Only
4929,2270,1,Known_Family_Only,Potential_Novel_Family
4929,19,1,Known_Family_Only,Expanded_Known_Family
4929,34,1,Known_Family_Only,Expanded_Known_Family
4929,3815,1,Known_Family_Only,Known_Family_Only
1123,13178,1,Expanded_Known_Family,Known_Family_Only
1123,7757,1,Expanded_Known_Family,Potential_Novel_Family
2575,8421,1,Potential_Novel_Family,Potential_Novel_Family
2575,4438,1,Potential_Novel_Family,Potential_Novel_Family
2575,11299,2,Potential_Novel_Family,Potential_Novel_Family
8817,10161,1,Potential_Novel_Family,Known_Family_Only
8140,10961,1,Potential_Novel_Family,Potential_Novel_Family
4678,6656,1,Potential_Novel_Family,Known_Family_Only
5400,8960,1,Potential_Novel_Family,Potential_Novel_Family
4404,6797,1,Potential_Novel_Family,Potential_Novel_Family
5637,7199,9,Potential_Novel_Family,Expanded_Known_Family
5637,7035,1,Potential_Novel_Family,Potential_Novel_Family
5637,191,1,Potential_Novel_Family,Potential_Novel_Family
5637,1401,1,Potential_Novel_Family,Known_Family_Only
5637,2590,1,Potential_Novel_Family,Known_Family_Only
5637,7947,1,Potential_Novel_Family,Known_Family_Only
5637,8330,1,Potential_Novel_Family,Expanded_Known_Family
5637,10691,1,Potential_Novel_Family,Known_Family_Only
7199,191,1,Expanded_Known_Family,Potential_Novel_Family
7199,1401,1,Expanded_Known_Family,Known_Family_Only
7199,2590,1,Expanded_Known_Family,Known_Family_Only
7199,7947,1,Expanded_Known_Family,Known_Family_Only
7199,8330,1,Expanded_Known_Family,Expanded_Known_Family
7199,10691,1,Expanded_Known_Family,Known_Family_Only
171,10749,1,Expanded_Known_Family,Known_Family_Only
171,4642,1,Expanded_Known_Family,Known_Family_Only
6008,10802,2,Potential_Novel_Family,Expanded_Known_Family
356,673,2,Expanded_Known_Family,Potential_Novel_Family
356,5724,3,Expanded_Known_Family,Known_Family_Only
673,5724,1,Potential_Novel_Family,Known_Family_Only
9693,11549,1,Potential_Novel_Family,Potential_Novel_Family
6603,12976,1,Potential_Novel_Family,Potential_Novel_Family
8162,8883,1,Expanded_Known_Family,Potential_Novel_Family
8162,10085,1,Expanded_Known_Family,Potential_Novel_Family
8883,14175,1,Potential_Novel_Family,Potential_Novel_Family
484,2782,1,Expanded_Known_Family,Known_Family_Only
8923,13769,3,Expanded_Known_Family,Expanded_Known_Family
9951,13946,1,Potential_Novel_Family,Known_Family_Only
148,722,1,Expanded_Known_Family,Potential_Novel_Family
148,911,1,Expanded_Known_Family,Potential_Novel_Family
3446,13885,1,Potential_Novel_Family,Known_Family_Only
3446,14094,1,Potential_Novel_Family,Potential_Novel_Family
176,6777,1,Known_Family_Only,Known_Family_Only
176,10038,1,Known_Family_Only,Potential_Novel_Family
6777,10038,1,Known_Family_Only,Potential_Novel_Family
10038,194,1,Potential_Novel_Family,Potential_Novel_Family
5998,9789,1,Potential_Novel_Family,Expanded_Known_Family
9789,13191,1,Expanded_Known_Family,Potential_Novel_Family
10892,11141,1,Potential_Novel_Family,Potential_Novel_Family
5324,10533,1,Expanded_Known_Family,Potential_Novel_Family
5324,10807,1,Expanded_Known_Family,Known_Family_Only
5324,10686,1,Expanded_Known_Family,Potential_Novel_Family
10533,5310,1,Potential_Novel_Family,Potential_Novel_Family
1210,12099,2,Expanded_Known_Family,Expanded_Known_Family
1210,8077,1,Expanded_Known_Family,Potential_Novel_Family
1210,6029,2,Expanded_Known_Family,Potential_Novel_Family
1210,9564,1,Expanded_Known_Family,Known_Family_Only
1210,13064,1,Expanded_Known_Family,Potential_Novel_Family
9613,9952,1,Potential_Novel_Family,Known_Family_Only
9613,10821,1,Potential_Novel_Family,Expanded_Known_Family
9952,7071,1,Known_Family_Only,Potential_Novel_Family
6778,12658,1,Potential_Novel_Family,Known_Family_Only
6778,9838,1,Potential_Novel_Family,Expanded_Known_Family
4212,9772,4,Potential_Novel_Family,Potential_Novel_Family
4212,9419,1,Potential_Novel_Family,Potential_Novel_Family
10115,12885,4,Potential_Novel_Family,Potential_Novel_Family
12329,14006,3,Expanded_Known_Family,Potential_Novel_Family
5714,8182,1,Potential_Novel_Family,Known_Family_Only
5714,13138,1,Potential_Novel_Family,Known_Family_Only
8182,13138,1,Known_Family_Only,Known_Family_Only
4988,10375,1,Potential_Novel_Family,Potential_Novel_Family
4988,5550,1,Potential_Novel_Family,Known_Family_Only
1213,4967,1,Potential_Novel_Family,Potential_Novel_Family
1213,5938,1,Potential_Novel_Family,Potential_Novel_Family
4967,5938,1,Potential_Novel_Family,Potential_Novel_Family
11485,11934,1,Potential_Novel_Family,Potential_Novel_Family
9540,10118,1,Potential_Novel_Family,Potential_Novel_Family
10118,741,1,Potential_Novel_Family,Known_Family_Only
1273,1733,5,Potential_Novel_Family,Expanded_Known_Family
8703,3393,2,Expanded_Known_Family,Expanded_Known_Family
607,1368,1,Known_Family_Only,Potential_Novel_Family
5873,7333,1,Potential_Novel_Family,Potential_Novel_Family
4213,6762,1,Potential_Novel_Family,Potential_Novel_Family
10345,11582,1,Potential_Novel_Family,Expanded_Known_Family
11908,12100,1,Potential_Novel_Family,Known_Family_Only
8244,12738,1,Expanded_Known_Family,Potential_Novel_Family
8244,4311,1,Expanded_Known_Family,Potential_Novel_Family
8244,6260,1,Expanded_Known_Family,Known_Family_Only
5715,7709,2,Expanded_Known_Family,Expanded_Known_Family
7709,83,1,Expanded_Known_Family,Expanded_Known_Family
3560,8422,1,Potential_Novel_Family,Potential_Novel_Family
1715,13947,1,Known_Family_Only,Potential_Novel_Family
896,12412,12,Potential_Novel_Family,Expanded_Known_Family
7795,9492,1,Potential_Novel_Family,Potential_Novel_Family
955,10162,1,Expanded_Known_Family,Potential_Novel_Family
955,3728,1,Expanded_Known_Family,Potential_Novel_Family
6657,6798,1,Known_Family_Only,Potential_Novel_Family
6657,1695,1,Known_Family_Only,Potential_Novel_Family
6657,6549,1,Known_Family_Only,Known_Family_Only
5044,6936,1,Potential_Novel_Family,Potential_Novel_Family
7801,11886,3,Expanded_Known_Family,Expanded_Known_Family
7363,9353,1,Potential_Novel_Family,Potential_Novel_Family
7363,6074,3,Potential_Novel_Family,Expanded_Known_Family
13491,14139,1,Known_Family_Only,Potential_Novel_Family
6255,12585,1,Potential_Novel_Family,Known_Family_Only
247,2101,1,Known_Family_Only,Known_Family_Only
247,2289,1,Known_Family_Only,Potential_Novel_Family
2101,2289,1,Known_Family_Only,Potential_Novel_Family
7038,11064,1,Expanded_Known_Family,Known_Family_Only
7038,8320,1,Expanded_Known_Family,Potential_Novel_Family
7237,7477,1,Potential_Novel_Family,Known_Family_Only
7237,12168,1,Potential_Novel_Family,Potential_Novel_Family
7477,12168,1,Known_Family_Only,Potential_Novel_Family
4525,5610,1,Known_Family_Only,Potential_Novel_Family
3274,9614,1,Known_Family_Only,Potential_Novel_Family
802,5584,1,Potential_Novel_Family,Known_Family_Only
1257,807,1,Expanded_Known_Family,Expanded_Known_Family
1257,4854,1,Expanded_Known_Family,Known_Family_Only
7419,12441,4,Potential_Novel_Family,Potential_Novel_Family
3260,4938,1,Potential_Novel_Family,Potential_Novel_Family
1745,5233,1,Potential_Novel_Family,Known_Family_Only
8466,10564,4,Potential_Novel_Family,Expanded_Known_Family
2359,10526,1,Known_Family_Only,Potential_Novel_Family
8535,94,1,Expanded_Known_Family,Expanded_Known_Family
2906,9615,1,Potential_Novel_Family,Known_Family_Only
219,1324,1,Expanded_Known_Family,Known_Family_Only
219,1675,1,Expanded_Known_Family,Potential_Novel_Family
219,13146,1,Expanded_Known_Family,Potential_Novel_Family
219,6241,1,Expanded_Known_Family,Expanded_Known_Family
219,10660,1,Expanded_Known_Family,Potential_Novel_Family
2421,2832,1,Known_Family_Only,Expanded_Known_Family
2832,3679,1,Expanded_Known_Family,Potential_Novel_Family
2832,2922,2,Expanded_Known_Family,Potential_Novel_Family
1427,5099,1,Expanded_Known_Family,Known_Family_Only
1427,4897,1,Expanded_Known_Family,Known_Family_Only
1427,7304,1,Expanded_Known_Family,Potential_Novel_Family
1009,1928,2,Known_Family_Only,Potential_Novel_Family
4032,12918,1,Known_Family_Only,Potential_Novel_Family
2393,2619,3,Expanded_Known_Family,Expanded_Known_Family
4327,8352,1,Potential_Novel_Family,Known_Family_Only
4327,8855,2,Potential_Novel_Family,Expanded_Known_Family
4327,8365,4,Potential_Novel_Family,Potential_Novel_Family
1643,3821,2,Expanded_Known_Family,Potential_Novel_Family
7238,13519,1,Potential_Novel_Family,Potential_Novel_Family
100,3211,1,Potential_Novel_Family,Known_Family_Only
100,6154,1,Potential_Novel_Family,Potential_Novel_Family
100,3811,1,Potential_Novel_Family,Expanded_Known_Family
100,8927,1,Potential_Novel_Family,Known_Family_Only
100,13869,1,Potential_Novel_Family,Expanded_Known_Family
3211,6154,1,Known_Family_Only,Potential_Novel_Family
3368,8071,1,Potential_Novel_Family,Known_Family_Only
3368,3280,1,Potential_Novel_Family,Expanded_Known_Family
13139,13419,1,Potential_Novel_Family,Known_Family_Only
3696,6417,3,Expanded_Known_Family,Potential_Novel_Family
3696,5641,1,Expanded_Known_Family,Potential_Novel_Family
2114,3166,1,Expanded_Known_Family,Potential_Novel_Family
2114,750,1,Expanded_Known_Family,Expanded_Known_Family
2114,3242,2,Expanded_Known_Family,Known_Family_Only
2114,465,5,Expanded_Known_Family,Expanded_Known_Family
2114,1298,1,Expanded_Known_Family,Potential_Novel_Family
2114,4804,1,Expanded_Known_Family,Potential_Novel_Family
2114,1944,1,Expanded_Known_Family,Potential_Novel_Family
2114,2860,1,Expanded_Known_Family,Known_Family_Only
2114,3828,2,Expanded_Known_Family,Potential_Novel_Family
2114,3531,1,Expanded_Known_Family,Potential_Novel_Family
2114,3353,1,Expanded_Known_Family,Known_Family_Only
2114,7660,1,Expanded_Known_Family,Potential_Novel_Family
2114,5548,2,Expanded_Known_Family,Potential_Novel_Family
2114,3185,1,Expanded_Known_Family,Potential_Novel_Family
2114,3962,1,Expanded_Known_Family,Potential_Novel_Family
1707,3591,1,Potential_Novel_Family,Expanded_Known_Family
1707,4546,1,Potential_Novel_Family,Potential_Novel_Family
7797,10617,2,Potential_Novel_Family,Expanded_Known_Family
10617,798,1,Expanded_Known_Family,Potential_Novel_Family
10617,4505,1,Expanded_Known_Family,Expanded_Known_Family
10617,5081,1,Expanded_Known_Family,Expanded_Known_Family
1389,6544,1,Potential_Novel_Family,Potential_Novel_Family
10377,13454,2,Potential_Novel_Family,Known_Family_Only
10377,3775,1,Potential_Novel_Family,Potential_Novel_Family
5753,7534,1,Potential_Novel_Family,Expanded_Known_Family
7534,9065,2,Expanded_Known_Family,Known_Family_Only
5100,6545,1,Known_Family_Only,Potential_Novel_Family
651,5901,6,Expanded_Known_Family,Expanded_Known_Family
651,1122,1,Expanded_Known_Family,Known_Family_Only
651,4898,1,Expanded_Known_Family,Potential_Novel_Family
651,4958,2,Expanded_Known_Family,Known_Family_Only
651,5501,2,Expanded_Known_Family,Known_Family_Only
651,9077,2,Expanded_Known_Family,Known_Family_Only
5901,8639,1,Expanded_Known_Family,Known_Family_Only
7272,10740,1,Potential_Novel_Family,Potential_Novel_Family
5185,14287,4,Expanded_Known_Family,Expanded_Known_Family
12198,13303,4,Expanded_Known_Family,Potential_Novel_Family
13303,463,1,Potential_Novel_Family,Expanded_Known_Family
263,275,1,Potential_Novel_Family,Known_Family_Only
263,397,1,Potential_Novel_Family,Known_Family_Only
263,142,2,Potential_Novel_Family,Expanded_Known_Family
263,3061,1,Potential_Novel_Family,Known_Family_Only
4048,10416,3,Expanded_Known_Family,Expanded_Known_Family
4048,10131,1,Expanded_Known_Family,Known_Family_Only
4048,10690,1,Expanded_Known_Family,Known_Family_Only
4048,13619,1,Expanded_Known_Family,Potential_Novel_Family
9616,10292,1,Potential_Novel_Family,Expanded_Known_Family
10292,10358,1,Expanded_Known_Family,Known_Family_Only
1798,13886,1,Known_Family_Only,Potential_Novel_Family
4868,8661,1,Known_Family_Only,Potential_Novel_Family
2475,9091,1,Potential_Novel_Family,Known_Family_Only
5045,10741,4,Expanded_Known_Family,Potential_Novel_Family
5045,11324,1,Expanded_Known_Family,Potential_Novel_Family
5045,13687,1,Expanded_Known_Family,Potential_Novel_Family
5130,7566,1,Potential_Novel_Family,Known_Family_Only
21,461,1,Expanded_Known_Family,Potential_Novel_Family
21,408,1,Expanded_Known_Family,Potential_Novel_Family
5513,5631,1,Known_Family_Only,Potential_Novel_Family
165,3522,1,Potential_Novel_Family,Expanded_Known_Family
165,9420,1,Potential_Novel_Family,Expanded_Known_Family
165,11287,1,Potential_Novel_Family,Known_Family_Only
165,11518,1,Potential_Novel_Family,Known_Family_Only
165,11355,1,Potential_Novel_Family,Known_Family_Only
3522,9420,1,Expanded_Known_Family,Expanded_Known_Family
3522,11287,1,Expanded_Known_Family,Known_Family_Only
3522,1282,1,Expanded_Known_Family,Known_Family_Only
9420,11287,1,Expanded_Known_Family,Known_Family_Only
9420,2900,1,Expanded_Known_Family,Known_Family_Only
2958,7767,2,Expanded_Known_Family,Expanded_Known_Family
2958,2262,1,Expanded_Known_Family,Potential_Novel_Family
2958,6763,1,Expanded_Known_Family,Known_Family_Only
2958,3785,1,Expanded_Known_Family,Expanded_Known_Family
5352,6685,3,Expanded_Known_Family,Potential_Novel_Family
238,6946,2,Expanded_Known_Family,Expanded_Known_Family
238,9728,6,Expanded_Known_Family,Expanded_Known_Family
238,237,6,Expanded_Known_Family,Expanded_Known_Family
6946,9728,7,Expanded_Known_Family,Expanded_Known_Family
6946,237,1,Expanded_Known_Family,Expanded_Known_Family
9728,237,4,Expanded_Known_Family,Expanded_Known_Family
9874,13341,1,Potential_Novel_Family,Known_Family_Only
7858,12472,1,Known_Family_Only,Potential_Novel_Family
2682,2746,1,Known_Family_Only,Known_Family_Only
2682,1076,1,Known_Family_Only,Known_Family_Only
2682,1588,2,Known_Family_Only,Known_Family_Only
2682,2749,2,Known_Family_Only,Potential_Novel_Family
7375,9110,1,Known_Family_Only,Potential_Novel_Family
2307,10963,1,Known_Family_Only,Potential_Novel_Family
2307,8719,1,Known_Family_Only,Potential_Novel_Family
2993,13676,2,Potential_Novel_Family,Expanded_Known_Family
8469,5033,1,Potential_Novel_Family,Expanded_Known_Family
2627,3523,2,Known_Family_Only,Potential_Novel_Family
121,11487,1,Expanded_Known_Family,Known_Family_Only
121,2648,1,Expanded_Known_Family,Known_Family_Only
121,6097,1,Expanded_Known_Family,Potential_Novel_Family
121,8355,1,Expanded_Known_Family,Known_Family_Only
121,8423,1,Expanded_Known_Family,Known_Family_Only
121,10819,1,Expanded_Known_Family,Potential_Novel_Family
5234,9493,1,Potential_Novel_Family,Potential_Novel_Family
5234,11253,1,Potential_Novel_Family,Potential_Novel_Family
9493,11253,1,Potential_Novel_Family,Potential_Novel_Family
4405,8527,1,Known_Family_Only,Potential_Novel_Family
3194,6604,1,Known_Family_Only,Potential_Novel_Family
28,2608,1,Expanded_Known_Family,Potential_Novel_Family
28,96,2,Expanded_Known_Family,Expanded_Known_Family
28,1197,2,Expanded_Known_Family,Known_Family_Only
28,1283,1,Expanded_Known_Family,Potential_Novel_Family
28,1945,2,Expanded_Known_Family,Known_Family_Only
28,3156,2,Expanded_Known_Family,Expanded_Known_Family
28,9266,1,Expanded_Known_Family,Expanded_Known_Family
28,2811,1,Expanded_Known_Family,Known_Family_Only
28,9130,1,Expanded_Known_Family,Expanded_Known_Family
4526,10020,1,Known_Family_Only,Expanded_Known_Family
4199,9694,1,Expanded_Known_Family,Known_Family_Only
4199,10204,1,Expanded_Known_Family,Potential_Novel_Family
4199,3911,1,Expanded_Known_Family,Potential_Novel_Family
9694,10204,1,Known_Family_Only,Potential_Novel_Family
5785,14271,1,Expanded_Known_Family,Potential_Novel_Family
5785,7242,1,Expanded_Known_Family,Potential_Novel_Family
5785,9159,1,Expanded_Known_Family,Known_Family_Only
382,526,1,Potential_Novel_Family,Potential_Novel_Family
5559,7239,1,Potential_Novel_Family,Potential_Novel_Family
9038,9278,1,Potential_Novel_Family,Known_Family_Only
1644,1768,1,Known_Family_Only,Potential_Novel_Family
5388,12134,1,Known_Family_Only,Potential_Novel_Family
5388,13622,1,Known_Family_Only,Potential_Novel_Family
10927,12977,1,Potential_Novel_Family,Potential_Novel_Family
5187,6761,4,Expanded_Known_Family,Expanded_Known_Family
5187,438,1,Expanded_Known_Family,Expanded_Known_Family
6761,5144,2,Expanded_Known_Family,Potential_Novel_Family
8207,10602,1,Known_Family_Only,Potential_Novel_Family
1242,4312,1,Known_Family_Only,Known_Family_Only
1242,7898,1,Known_Family_Only,Potential_Novel_Family
4312,7898,1,Known_Family_Only,Potential_Novel_Family
1778,3280,1,Known_Family_Only,Expanded_Known_Family
1778,1158,1,Known_Family_Only,Potential_Novel_Family
1778,1836,1,Known_Family_Only,Potential_Novel_Family
1778,8723,1,Known_Family_Only,Known_Family_Only
3280,3341,2,Expanded_Known_Family,Expanded_Known_Family
3280,6404,1,Expanded_Known_Family,Potential_Novel_Family
3280,4246,1,Expanded_Known_Family,Expanded_Known_Family
5779,12774,1,Known_Family_Only,Potential_Novel_Family
766,904,1,Known_Family_Only,Expanded_Known_Family
766,9397,1,Known_Family_Only,Known_Family_Only
884,9292,2,Potential_Novel_Family,Potential_Novel_Family
9292,12046,1,Potential_Novel_Family,Potential_Novel_Family
6418,7567,1,Potential_Novel_Family,Known_Family_Only
5092,10039,1,Potential_Novel_Family,Potential_Novel_Family
5092,5506,1,Potential_Novel_Family,Known_Family_Only
7032,10964,1,Known_Family_Only,Potential_Novel_Family
729,5978,1,Expanded_Known_Family,Known_Family_Only
729,795,1,Expanded_Known_Family,Potential_Novel_Family
5978,4744,1,Known_Family_Only,Expanded_Known_Family
12845,13591,1,Potential_Novel_Family,Potential_Novel_Family
5101,7639,1,Potential_Novel_Family,Known_Family_Only
12586,13972,1,Expanded_Known_Family,Potential_Novel_Family
12586,12368,1,Expanded_Known_Family,Known_Family_Only
12586,13503,1,Expanded_Known_Family,Potential_Novel_Family
2038,2076,1,Potential_Novel_Family,Potential_Novel_Family
11990,13887,1,Potential_Novel_Family,Expanded_Known_Family
13887,10168,1,Expanded_Known_Family,Potential_Novel_Family
13887,11871,1,Expanded_Known_Family,Potential_Novel_Family
3226,4722,1,Known_Family_Only,Potential_Novel_Family
3562,5850,1,Known_Family_Only,Potential_Novel_Family
3562,9617,1,Known_Family_Only,Potential_Novel_Family
3562,9953,1,Known_Family_Only,Known_Family_Only
5850,9617,1,Potential_Novel_Family,Potential_Novel_Family
5850,9953,1,Potential_Novel_Family,Known_Family_Only
9617,9953,1,Potential_Novel_Family,Known_Family_Only
507,4455,1,Known_Family_Only,Potential_Novel_Family
507,7571,1,Known_Family_Only,Potential_Novel_Family
507,4285,1,Known_Family_Only,Known_Family_Only
507,777,1,Known_Family_Only,Known_Family_Only
507,2883,1,Known_Family_Only,Known_Family_Only
4743,5488,1,Known_Family_Only,Potential_Novel_Family
2130,11455,1,Potential_Novel_Family,Potential_Novel_Family
2495,2546,1,Potential_Novel_Family,Known_Family_Only
8976,10706,1,Potential_Novel_Family,Known_Family_Only
8976,8323,2,Potential_Novel_Family,Expanded_Known_Family
12391,13797,1,Known_Family_Only,Potential_Novel_Family
5533,10119,1,Potential_Novel_Family,Known_Family_Only
2789,13304,1,Potential_Novel_Family,Known_Family_Only
2939,6745,1,Potential_Novel_Family,Known_Family_Only
6634,13660,1,Potential_Novel_Family,Potential_Novel_Family
4989,6845,3,Expanded_Known_Family,Expanded_Known_Family
6845,5330,1,Expanded_Known_Family,Expanded_Known_Family
6845,10745,1,Expanded_Known_Family,Potential_Novel_Family
6845,7944,4,Expanded_Known_Family,Expanded_Known_Family
8072,11856,1,Potential_Novel_Family,Potential_Novel_Family
11680,14113,1,Known_Family_Only,Potential_Novel_Family
2695,4857,1,Potential_Novel_Family,Expanded_Known_Family
4857,10536,1,Expanded_Known_Family,Potential_Novel_Family
7568,9061,1,Known_Family_Only,Potential_Novel_Family
11996,13204,1,Potential_Novel_Family,Known_Family_Only
11996,6352,1,Potential_Novel_Family,Potential_Novel_Family
4432,6446,1,Known_Family_Only,Potential_Novel_Family
2241,6419,1,Potential_Novel_Family,Potential_Novel_Family
9218,11524,3,Known_Family_Only,Expanded_Known_Family
11524,9254,1,Expanded_Known_Family,Potential_Novel_Family
11524,12602,1,Expanded_Known_Family,Potential_Novel_Family
11524,10944,2,Expanded_Known_Family,Known_Family_Only
1111,7274,1,Known_Family_Only,Potential_Novel_Family
3973,7569,1,Potential_Novel_Family,Potential_Novel_Family
1876,7388,1,Potential_Novel_Family,Known_Family_Only
6658,9875,1,Potential_Novel_Family,Known_Family_Only
4723,10133,1,Known_Family_Only,Potential_Novel_Family
10133,4733,1,Potential_Novel_Family,Known_Family_Only
227,1415,1,Known_Family_Only,Known_Family_Only
227,8073,1,Known_Family_Only,Potential_Novel_Family
227,10772,1,Known_Family_Only,Known_Family_Only
1415,8073,1,Known_Family_Only,Potential_Novel_Family
1415,10772,1,Known_Family_Only,Known_Family_Only
8073,10772,1,Potential_Novel_Family,Known_Family_Only
4033,7334,1,Potential_Novel_Family,Known_Family_Only
5033,8770,1,Expanded_Known_Family,Potential_Novel_Family
5033,1718,1,Expanded_Known_Family,Known_Family_Only
5033,4635,2,Expanded_Known_Family,Expanded_Known_Family
5033,4701,1,Expanded_Known_Family,Expanded_Known_Family
5033,4899,1,Expanded_Known_Family,Expanded_Known_Family
5033,3565,1,Expanded_Known_Family,Known_Family_Only
5033,6113,1,Expanded_Known_Family,Potential_Novel_Family
7829,10797,1,Potential_Novel_Family,Potential_Novel_Family
3240,11665,1,Expanded_Known_Family,Potential_Novel_Family
6800,13140,1,Known_Family_Only,Potential_Novel_Family
1948,14151,1,Potential_Novel_Family,Known_Family_Only
204,8451,1,Expanded_Known_Family,Expanded_Known_Family
8451,7481,1,Expanded_Known_Family,Potential_Novel_Family
8451,739,1,Expanded_Known_Family,Potential_Novel_Family
7335,12069,1,Potential_Novel_Family,Potential_Novel_Family
7354,9421,1,Known_Family_Only,Potential_Novel_Family
3769,10120,1,Expanded_Known_Family,Potential_Novel_Family
4527,10346,1,Potential_Novel_Family,Potential_Novel_Family
917,1762,1,Expanded_Known_Family,Potential_Novel_Family
917,1227,1,Expanded_Known_Family,Expanded_Known_Family
11681,13456,1,Potential_Novel_Family,Potential_Novel_Family
1449,14288,1,Expanded_Known_Family,Potential_Novel_Family
7640,11391,1,Known_Family_Only,Potential_Novel_Family
12659,13013,1,Potential_Novel_Family,Potential_Novel_Family
12107,10541,3,Expanded_Known_Family,Potential_Novel_Family
2423,10568,3,Expanded_Known_Family,Expanded_Known_Family
10568,9093,1,Expanded_Known_Family,Potential_Novel_Family
9838,10603,1,Expanded_Known_Family,Known_Family_Only
9838,12135,1,Expanded_Known_Family,Potential_Novel_Family
9838,6713,1,Expanded_Known_Family,Potential_Novel_Family
10603,12135,1,Known_Family_Only,Potential_Novel_Family
1791,11421,1,Potential_Novel_Family,Known_Family_Only
276,6000,1,Expanded_Known_Family,Potential_Novel_Family
6511,11887,1,Known_Family_Only,Potential_Novel_Family
6096,9244,1,Potential_Novel_Family,Potential_Novel_Family
3383,13266,1,Known_Family_Only,Potential_Novel_Family
116,7555,1,Expanded_Known_Family,Known_Family_Only
1151,5851,5,Expanded_Known_Family,Expanded_Known_Family
1151,13532,1,Expanded_Known_Family,Known_Family_Only
1151,228,1,Expanded_Known_Family,Known_Family_Only
1151,10403,1,Expanded_Known_Family,Potential_Novel_Family
174,4313,1,Expanded_Known_Family,Potential_Novel_Family
174,8208,1,Expanded_Known_Family,Potential_Novel_Family
4313,8208,1,Potential_Novel_Family,Potential_Novel_Family
221,1010,1,Potential_Novel_Family,Known_Family_Only
221,1281,1,Potential_Novel_Family,Potential_Novel_Family
221,3000,1,Potential_Novel_Family,Expanded_Known_Family
221,4505,1,Potential_Novel_Family,Expanded_Known_Family
1010,1281,1,Known_Family_Only,Potential_Novel_Family
1010,3000,1,Known_Family_Only,Expanded_Known_Family
1010,4505,1,Known_Family_Only,Expanded_Known_Family
1010,9394,1,Known_Family_Only,Potential_Novel_Family
1281,3000,1,Potential_Novel_Family,Expanded_Known_Family
1281,4505,1,Potential_Novel_Family,Expanded_Known_Family
3000,4505,1,Expanded_Known_Family,Expanded_Known_Family
3000,2033,1,Expanded_Known_Family,Known_Family_Only
3000,3740,1,Expanded_Known_Family,Known_Family_Only
3000,387,2,Expanded_Known_Family,Known_Family_Only
3000,5088,2,Expanded_Known_Family,Known_Family_Only
3000,7881,2,Expanded_Known_Family,Expanded_Known_Family
3000,4395,1,Expanded_Known_Family,Known_Family_Only
4505,506,1,Expanded_Known_Family,Known_Family_Only
4505,4660,1,Expanded_Known_Family,Potential_Novel_Family
4505,798,1,Expanded_Known_Family,Potential_Novel_Family
4505,5081,1,Expanded_Known_Family,Expanded_Known_Family
394,2422,1,Known_Family_Only,Potential_Novel_Family
7161,7930,1,Expanded_Known_Family,Expanded_Known_Family
7161,6051,1,Expanded_Known_Family,Known_Family_Only
7930,8084,3,Expanded_Known_Family,Expanded_Known_Family
7355,11392,2,Expanded_Known_Family,Potential_Novel_Family
2155,700,1,Expanded_Known_Family,Known_Family_Only
2155,2474,1,Expanded_Known_Family,Potential_Novel_Family
2155,655,1,Expanded_Known_Family,Known_Family_Only
2155,5722,1,Expanded_Known_Family,Potential_Novel_Family
2155,11664,1,Expanded_Known_Family,Potential_Novel_Family
2155,680,1,Expanded_Known_Family,Known_Family_Only
2155,2581,1,Expanded_Known_Family,Potential_Novel_Family
2155,8098,1,Expanded_Known_Family,Potential_Novel_Family
2155,3018,1,Expanded_Known_Family,Known_Family_Only
2155,1265,1,Expanded_Known_Family,Potential_Novel_Family
3697,7931,1,Potential_Novel_Family,Potential_Novel_Family
2534,8117,3,Expanded_Known_Family,Expanded_Known_Family
8117,190,1,Expanded_Known_Family,Expanded_Known_Family
8117,11967,1,Expanded_Known_Family,Potential_Novel_Family
210,6337,5,Expanded_Known_Family,Expanded_Known_Family
6337,152,1,Expanded_Known_Family,Expanded_Known_Family
6337,223,2,Expanded_Known_Family,Expanded_Known_Family
6337,11198,1,Expanded_Known_Family,Known_Family_Only
3698,6875,1,Expanded_Known_Family,Known_Family_Only
3698,6072,1,Expanded_Known_Family,Potential_Novel_Family
3167,12621,1,Potential_Novel_Family,Known_Family_Only
3597,8924,1,Expanded_Known_Family,Known_Family_Only
3597,6820,1,Expanded_Known_Family,Potential_Novel_Family
12357,14213,1,Potential_Novel_Family,Potential_Novel_Family
2050,4861,2,Known_Family_Only,Potential_Novel_Family
1531,4116,1,Potential_Novel_Family,Known_Family_Only
3378,11288,3,Known_Family_Only,Expanded_Known_Family
3378,14032,1,Known_Family_Only,Potential_Novel_Family
653,4011,4,Expanded_Known_Family,Expanded_Known_Family
653,2035,3,Expanded_Known_Family,Potential_Novel_Family
4011,2035,3,Expanded_Known_Family,Potential_Novel_Family
4011,2090,2,Expanded_Known_Family,Expanded_Known_Family
7607,8387,1,Potential_Novel_Family,Known_Family_Only
2287,5599,1,Expanded_Known_Family,Potential_Novel_Family
2287,7696,1,Expanded_Known_Family,Known_Family_Only
4894,7162,1,Expanded_Known_Family,Potential_Novel_Family
5430,5918,1,Known_Family_Only,Potential_Novel_Family
10174,13829,1,Potential_Novel_Family,Known_Family_Only
10174,7492,1,Potential_Novel_Family,Expanded_Known_Family
8706,10040,1,Expanded_Known_Family,Potential_Novel_Family
8706,5133,1,Expanded_Known_Family,Known_Family_Only
5046,6659,6,Expanded_Known_Family,Expanded_Known_Family
5046,11532,1,Expanded_Known_Family,Potential_Novel_Family
918,13798,1,Potential_Novel_Family,Known_Family_Only
918,1130,1,Potential_Novel_Family,Known_Family_Only
918,1916,1,Potential_Novel_Family,Known_Family_Only
2719,3507,2,Expanded_Known_Family,Expanded_Known_Family
2719,12152,2,Expanded_Known_Family,Expanded_Known_Family
2719,2902,1,Expanded_Known_Family,Potential_Novel_Family
438,726,4,Expanded_Known_Family,Potential_Novel_Family
438,7845,1,Expanded_Known_Family,Potential_Novel_Family
1971,8095,1,Potential_Novel_Family,Expanded_Known_Family
8095,4094,1,Expanded_Known_Family,Expanded_Known_Family
8141,10378,1,Potential_Novel_Family,Potential_Novel_Family
9039,14002,3,Expanded_Known_Family,Potential_Novel_Family
2207,4679,1,Potential_Novel_Family,Known_Family_Only
8487,11935,1,Expanded_Known_Family,Potential_Novel_Family
8487,4969,1,Expanded_Known_Family,Potential_Novel_Family
1225,12504,1,Potential_Novel_Family,Potential_Novel_Family
3991,8142,1,Known_Family_Only,Potential_Novel_Family
13168,13859,2,Potential_Novel_Family,Expanded_Known_Family
160,1291,6,Expanded_Known_Family,Expanded_Known_Family
160,1936,6,Expanded_Known_Family,Potential_Novel_Family
1291,1936,6,Expanded_Known_Family,Potential_Novel_Family
3047,9494,2,Potential_Novel_Family,Known_Family_Only
1129,2330,1,Known_Family_Only,Potential_Novel_Family
1129,2687,1,Known_Family_Only,Known_Family_Only
2330,2687,1,Potential_Novel_Family,Known_Family_Only
2687,5718,1,Known_Family_Only,Potential_Novel_Family
2687,8151,1,Known_Family_Only,Potential_Novel_Family
2687,2085,1,Known_Family_Only,Known_Family_Only
2687,6181,1,Known_Family_Only,Potential_Novel_Family
2687,2780,1,Known_Family_Only,Potential_Novel_Family
3974,7336,6,Expanded_Known_Family,Expanded_Known_Family
3675,7420,1,Potential_Novel_Family,Potential_Novel_Family
7420,7140,1,Potential_Novel_Family,Known_Family_Only
340,6223,2,Expanded_Known_Family,Potential_Novel_Family
4969,7504,2,Potential_Novel_Family,Expanded_Known_Family
3580,4504,4,Expanded_Known_Family,Potential_Novel_Family
12779,1761,1,Expanded_Known_Family,Potential_Novel_Family
3822,1755,1,Expanded_Known_Family,Potential_Novel_Family
3822,2741,1,Expanded_Known_Family,Potential_Novel_Family
3822,9078,1,Expanded_Known_Family,Potential_Novel_Family
8184,11422,1,Expanded_Known_Family,Potential_Novel_Family
8184,3406,1,Expanded_Known_Family,Expanded_Known_Family
6173,11713,1,Expanded_Known_Family,Potential_Novel_Family
8353,9385,1,Potential_Novel_Family,Known_Family_Only
3616,6546,1,Potential_Novel_Family,Potential_Novel_Family
2369,3171,3,Potential_Novel_Family,Expanded_Known_Family
2369,4956,1,Potential_Novel_Family,Potential_Novel_Family
3171,11890,7,Expanded_Known_Family,Expanded_Known_Family
4085,7297,3,Potential_Novel_Family,Potential_Novel_Family
840,5382,1,Potential_Novel_Family,Known_Family_Only
840,4611,1,Potential_Novel_Family,Expanded_Known_Family
840,4324,1,Potential_Novel_Family,Known_Family_Only
840,7493,1,Potential_Novel_Family,Potential_Novel_Family
840,13131,1,Potential_Novel_Family,Known_Family_Only
3946,8209,1,Potential_Novel_Family,Expanded_Known_Family
5611,12033,4,Known_Family_Only,Potential_Novel_Family
8631,10528,1,Potential_Novel_Family,Known_Family_Only
8631,1491,1,Potential_Novel_Family,Potential_Novel_Family
1495,6365,1,Known_Family_Only,Potential_Novel_Family
9001,13376,1,Potential_Novel_Family,Known_Family_Only
272,11359,1,Expanded_Known_Family,Potential_Novel_Family
11345,11888,1,Known_Family_Only,Potential_Novel_Family
7275,8596,3,Potential_Novel_Family,Known_Family_Only
663,7356,2,Known_Family_Only,Potential_Novel_Family
663,10928,2,Known_Family_Only,Potential_Novel_Family
7356,10928,2,Potential_Novel_Family,Potential_Novel_Family
7356,12071,1,Potential_Novel_Family,Known_Family_Only
1785,3524,4,Potential_Novel_Family,Expanded_Known_Family
1056,6306,1,Potential_Novel_Family,Known_Family_Only
1056,12639,1,Potential_Novel_Family,Known_Family_Only
11288,14032,1,Expanded_Known_Family,Potential_Novel_Family
1838,11639,5,Expanded_Known_Family,Expanded_Known_Family
1838,1555,1,Expanded_Known_Family,Potential_Novel_Family
1838,12490,2,Expanded_Known_Family,Known_Family_Only
7134,7860,1,Known_Family_Only,Potential_Novel_Family
13421,13860,1,Known_Family_Only,Potential_Novel_Family
1041,2360,2,Expanded_Known_Family,Potential_Novel_Family
1041,2972,1,Expanded_Known_Family,Known_Family_Only
1041,14185,1,Expanded_Known_Family,Known_Family_Only
2360,2972,1,Potential_Novel_Family,Known_Family_Only
2360,14185,1,Potential_Novel_Family,Known_Family_Only
13169,13593,1,Known_Family_Only,Potential_Novel_Family
490,656,2,Expanded_Known_Family,Expanded_Known_Family
490,7004,1,Expanded_Known_Family,Potential_Novel_Family
490,10325,1,Expanded_Known_Family,Known_Family_Only
5460,11488,1,Known_Family_Only,Known_Family_Only
5460,11799,1,Known_Family_Only,Potential_Novel_Family
11488,11799,1,Known_Family_Only,Potential_Novel_Family
8555,9279,1,Potential_Novel_Family,Known_Family_Only
4744,8074,1,Expanded_Known_Family,Potential_Novel_Family
9954,12136,1,Potential_Novel_Family,Potential_Novel_Family
286,999,1,Expanded_Known_Family,Expanded_Known_Family
286,10584,1,Expanded_Known_Family,Known_Family_Only
286,5307,1,Expanded_Known_Family,Potential_Novel_Family
5534,10121,1,Potential_Novel_Family,Known_Family_Only
3146,1818,1,Expanded_Known_Family,Expanded_Known_Family
2616,5308,1,Potential_Novel_Family,Expanded_Known_Family
5308,2366,1,Expanded_Known_Family,Potential_Novel_Family
5809,6512,1,Potential_Novel_Family,Expanded_Known_Family
6512,12557,1,Expanded_Known_Family,Potential_Novel_Family
1416,5716,1,Potential_Novel_Family,Known_Family_Only
10773,7652,1,Expanded_Known_Family,Known_Family_Only
688,4680,1,Potential_Novel_Family,Known_Family_Only
688,7135,1,Potential_Novel_Family,Known_Family_Only
688,10482,1,Potential_Novel_Family,Potential_Novel_Family
4680,7135,1,Known_Family_Only,Known_Family_Only
4680,10482,1,Known_Family_Only,Potential_Novel_Family
7135,10482,1,Known_Family_Only,Potential_Novel_Family
4165,8276,1,Potential_Novel_Family,Known_Family_Only
4140,6975,1,Known_Family_Only,Potential_Novel_Family
4259,3401,1,Potential_Novel_Family,Expanded_Known_Family
3617,7162,2,Known_Family_Only,Potential_Novel_Family
7162,5285,1,Potential_Novel_Family,Potential_Novel_Family
7971,9354,3,Expanded_Known_Family,Expanded_Known_Family
1358,1579,1,Potential_Novel_Family,Potential_Novel_Family
8075,9806,1,Potential_Novel_Family,Known_Family_Only
3823,14316,1,Known_Family_Only,Potential_Novel_Family
3639,12265,2,Potential_Novel_Family,Known_Family_Only
12265,4134,1,Known_Family_Only,Potential_Novel_Family
12739,13557,3,Potential_Novel_Family,Expanded_Known_Family
13557,12544,1,Expanded_Known_Family,Potential_Novel_Family
5561,7768,1,Potential_Novel_Family,Potential_Novel_Family
5561,13746,2,Potential_Novel_Family,Expanded_Known_Family
12740,12741,2,Potential_Novel_Family,Known_Family_Only
11999,13558,1,Expanded_Known_Family,Potential_Novel_Family
6174,13594,1,Potential_Novel_Family,Known_Family_Only
2290,4911,1,Expanded_Known_Family,Potential_Novel_Family
9774,11610,5,Potential_Novel_Family,Expanded_Known_Family
8391,12358,1,Expanded_Known_Family,Known_Family_Only
8391,5829,1,Expanded_Known_Family,Potential_Novel_Family
874,2893,1,Expanded_Known_Family,Potential_Novel_Family
874,2350,1,Expanded_Known_Family,Known_Family_Only
874,2994,1,Expanded_Known_Family,Known_Family_Only
1325,2134,1,Potential_Novel_Family,Expanded_Known_Family
2134,655,1,Expanded_Known_Family,Known_Family_Only
2134,1628,1,Expanded_Known_Family,Potential_Novel_Family
2134,2446,1,Expanded_Known_Family,Known_Family_Only
2134,13315,1,Expanded_Known_Family,Known_Family_Only
2134,9073,1,Expanded_Known_Family,Potential_Novel_Family
2134,5675,2,Expanded_Known_Family,Potential_Novel_Family
12288,12622,1,Potential_Novel_Family,Known_Family_Only
8277,9280,1,Potential_Novel_Family,Known_Family_Only
6746,8354,3,Potential_Novel_Family,Expanded_Known_Family
3370,11065,1,Potential_Novel_Family,Known_Family_Only
1906,2077,1,Potential_Novel_Family,Potential_Novel_Family
9700,6939,1,Potential_Novel_Family,Known_Family_Only
9700,9458,1,Potential_Novel_Family,Potential_Novel_Family
5363,12703,2,Potential_Novel_Family,Expanded_Known_Family
12703,4495,1,Expanded_Known_Family,Expanded_Known_Family
3795,9062,1,Known_Family_Only,Potential_Novel_Family
5259,7163,1,Potential_Novel_Family,Known_Family_Only
2648,6097,1,Known_Family_Only,Potential_Novel_Family
2648,8355,1,Known_Family_Only,Known_Family_Only
2648,8423,1,Known_Family_Only,Known_Family_Only
6097,8355,1,Potential_Novel_Family,Known_Family_Only
6097,8423,1,Potential_Novel_Family,Known_Family_Only
8355,8423,1,Known_Family_Only,Known_Family_Only
3442,13422,1,Expanded_Known_Family,Known_Family_Only
3442,9967,1,Expanded_Known_Family,Potential_Novel_Family
3442,12802,1,Expanded_Known_Family,Known_Family_Only
8662,11489,1,Known_Family_Only,Potential_Novel_Family
12792,14003,1,Known_Family_Only,Potential_Novel_Family
4252,10418,2,Known_Family_Only,Potential_Novel_Family
8143,9543,1,Potential_Novel_Family,Potential_Novel_Family
2135,1138,1,Potential_Novel_Family,Known_Family_Only
12742,12848,1,Potential_Novel_Family,Potential_Novel_Family
2657,10565,1,Known_Family_Only,Potential_Novel_Family
1209,6313,1,Expanded_Known_Family,Potential_Novel_Family
1209,12143,1,Expanded_Known_Family,Potential_Novel_Family
1209,4323,3,Expanded_Known_Family,Expanded_Known_Family
3439,4336,1,Known_Family_Only,Potential_Novel_Family
837,9386,1,Known_Family_Only,Potential_Novel_Family
618,716,2,Expanded_Known_Family,Potential_Novel_Family
8129,492,1,Potential_Novel_Family,Expanded_Known_Family
8129,3770,1,Potential_Novel_Family,Known_Family_Only
2321,8818,2,Potential_Novel_Family,Potential_Novel_Family
5717,5828,1,Known_Family_Only,Potential_Novel_Family
118,12473,2,Potential_Novel_Family,Potential_Novel_Family
118,4148,1,Potential_Novel_Family,Known_Family_Only
443,12555,1,Potential_Novel_Family,Potential_Novel_Family
9955,12006,1,Potential_Novel_Family,Potential_Novel_Family
12645,6327,2,Expanded_Known_Family,Expanded_Known_Family
2141,885,1,Potential_Novel_Family,Expanded_Known_Family
8040,6318,1,Potential_Novel_Family,Known_Family_Only
2278,10929,1,Potential_Novel_Family,Known_Family_Only
5811,1929,1,Expanded_Known_Family,Known_Family_Only
5811,2898,1,Expanded_Known_Family,Potential_Novel_Family
10529,13559,1,Potential_Novel_Family,Potential_Novel_Family
97,253,1,Potential_Novel_Family,Known_Family_Only
97,1146,1,Potential_Novel_Family,Potential_Novel_Family
97,2690,1,Potential_Novel_Family,Expanded_Known_Family
97,14089,1,Potential_Novel_Family,Known_Family_Only
253,1146,1,Known_Family_Only,Potential_Novel_Family
253,2690,1,Known_Family_Only,Expanded_Known_Family
1146,2690,1,Potential_Novel_Family,Expanded_Known_Family
2690,1286,1,Expanded_Known_Family,Potential_Novel_Family
1245,8041,1,Potential_Novel_Family,Known_Family_Only
3678,3885,1,Expanded_Known_Family,Known_Family_Only
3678,4735,4,Expanded_Known_Family,Potential_Novel_Family
3678,4443,1,Expanded_Known_Family,Known_Family_Only
4657,12944,1,Potential_Novel_Family,Potential_Novel_Family
1114,281,1,Potential_Novel_Family,Known_Family_Only
8529,11909,1,Potential_Novel_Family,Known_Family_Only
1991,10122,1,Potential_Novel_Family,Potential_Novel_Family
270,8042,1,Expanded_Known_Family,Potential_Novel_Family
270,11254,1,Expanded_Known_Family,Known_Family_Only
270,43,1,Expanded_Known_Family,Expanded_Known_Family
1592,6224,1,Potential_Novel_Family,Potential_Novel_Family
1592,6791,1,Potential_Novel_Family,Known_Family_Only
1787,2756,1,Potential_Novel_Family,Known_Family_Only
4990,11346,1,Potential_Novel_Family,Potential_Novel_Family
1574,3010,1,Potential_Novel_Family,Known_Family_Only
11936,13746,1,Expanded_Known_Family,Expanded_Known_Family
11936,1648,1,Expanded_Known_Family,Potential_Novel_Family
459,3824,1,Known_Family_Only,Potential_Novel_Family
3824,5049,2,Potential_Novel_Family,Expanded_Known_Family
3824,1547,1,Potential_Novel_Family,Known_Family_Only
19,34,4,Expanded_Known_Family,Expanded_Known_Family
19,341,1,Expanded_Known_Family,Expanded_Known_Family
19,11585,1,Expanded_Known_Family,Expanded_Known_Family
19,907,1,Expanded_Known_Family,Expanded_Known_Family
19,13621,1,Expanded_Known_Family,Known_Family_Only
34,2184,1,Expanded_Known_Family,Potential_Novel_Family
34,341,3,Expanded_Known_Family,Expanded_Known_Family
34,919,1,Expanded_Known_Family,Known_Family_Only
34,2818,1,Expanded_Known_Family,Known_Family_Only
13267,10683,1,Potential_Novel_Family,Known_Family_Only
2972,14185,1,Known_Family_Only,Known_Family_Only
4700,7799,1,Known_Family_Only,Potential_Novel_Family
11106,13955,1,Known_Family_Only,Expanded_Known_Family
13955,483,1,Expanded_Known_Family,Expanded_Known_Family
4895,13799,1,Potential_Novel_Family,Expanded_Known_Family
237,740,1,Expanded_Known_Family,Known_Family_Only
237,9963,1,Expanded_Known_Family,Known_Family_Only
296,4118,1,Known_Family_Only,Known_Family_Only
296,8013,1,Known_Family_Only,Known_Family_Only
4118,8013,1,Known_Family_Only,Known_Family_Only
8454,10894,1,Known_Family_Only,Potential_Novel_Family
1696,5666,2,Expanded_Known_Family,Expanded_Known_Family
1696,6447,1,Expanded_Known_Family,Known_Family_Only
1696,3267,1,Expanded_Known_Family,Known_Family_Only
1696,12049,1,Expanded_Known_Family,Potential_Novel_Family
5666,6447,1,Expanded_Known_Family,Known_Family_Only
5666,13171,1,Expanded_Known_Family,Potential_Novel_Family
5666,3267,1,Expanded_Known_Family,Known_Family_Only
5666,12049,1,Expanded_Known_Family,Potential_Novel_Family
5666,13060,1,Expanded_Known_Family,Potential_Novel_Family
5666,10629,1,Expanded_Known_Family,Known_Family_Only
700,2474,1,Known_Family_Only,Potential_Novel_Family
2526,7448,1,Expanded_Known_Family,Potential_Novel_Family
2526,5085,1,Expanded_Known_Family,Expanded_Known_Family
4528,12479,2,Potential_Novel_Family,Expanded_Known_Family
4455,7571,1,Potential_Novel_Family,Potential_Novel_Family
773,864,1,Known_Family_Only,Potential_Novel_Family
547,1362,3,Expanded_Known_Family,Expanded_Known_Family
1362,5226,1,Expanded_Known_Family,Potential_Novel_Family
2587,12920,1,Potential_Novel_Family,Known_Family_Only
4012,9002,1,Potential_Novel_Family,Potential_Novel_Family
3947,6175,1,Potential_Novel_Family,Expanded_Known_Family
6175,7479,1,Expanded_Known_Family,Potential_Novel_Family
6175,12245,1,Expanded_Known_Family,Known_Family_Only
6175,9899,1,Expanded_Known_Family,Potential_Novel_Family
6256,6904,1,Known_Family_Only,Potential_Novel_Family
3471,3796,1,Expanded_Known_Family,Potential_Novel_Family
3471,5542,1,Expanded_Known_Family,Known_Family_Only
9620,12474,1,Potential_Novel_Family,Potential_Novel_Family
8424,13830,1,Potential_Novel_Family,Known_Family_Only
8279,13861,1,Potential_Novel_Family,Known_Family_Only
1826,4792,1,Known_Family_Only,Potential_Novel_Family
3581,4120,2,Potential_Novel_Family,Potential_Novel_Family
654,3797,1,Potential_Novel_Family,Potential_Novel_Family
2332,13392,1,Expanded_Known_Family,Known_Family_Only
1998,3014,1,Potential_Novel_Family,Known_Family_Only
3014,11073,1,Known_Family_Only,Potential_Novel_Family
3401,7449,4,Expanded_Known_Family,Expanded_Known_Family
3401,5905,1,Expanded_Known_Family,Known_Family_Only
7449,5905,1,Expanded_Known_Family,Known_Family_Only
383,8819,1,Potential_Novel_Family,Potential_Novel_Family
383,13560,1,Potential_Novel_Family,Known_Family_Only
8819,13560,1,Potential_Novel_Family,Known_Family_Only
12289,12660,1,Potential_Novel_Family,Expanded_Known_Family
12660,7746,1,Expanded_Known_Family,Potential_Novel_Family
9585,11424,1,Potential_Novel_Family,Potential_Novel_Family
1867,1882,1,Known_Family_Only,Potential_Novel_Family
1867,8408,1,Known_Family_Only,Potential_Novel_Family
2940,5730,1,Expanded_Known_Family,Known_Family_Only
2940,12572,1,Expanded_Known_Family,Potential_Novel_Family
6225,8705,1,Potential_Novel_Family,Potential_Novel_Family
4086,13110,1,Potential_Novel_Family,Potential_Novel_Family
827,3323,2,Expanded_Known_Family,Potential_Novel_Family
827,1982,1,Expanded_Known_Family,Known_Family_Only
827,2258,2,Expanded_Known_Family,Known_Family_Only
827,3526,1,Expanded_Known_Family,Potential_Novel_Family
13428,13233,1,Expanded_Known_Family,Potential_Novel_Family
13428,12710,1,Expanded_Known_Family,Potential_Novel_Family
2638,14025,1,Potential_Novel_Family,Known_Family_Only
5432,6155,2,Expanded_Known_Family,Expanded_Known_Family
5432,10434,1,Expanded_Known_Family,Potential_Novel_Family
7693,14047,1,Expanded_Known_Family,Expanded_Known_Family
7693,12181,1,Expanded_Known_Family,Known_Family_Only
7693,7628,1,Expanded_Known_Family,Potential_Novel_Family
14047,12308,1,Expanded_Known_Family,Potential_Novel_Family
705,9122,1,Expanded_Known_Family,Potential_Novel_Family
705,2588,2,Expanded_Known_Family,Expanded_Known_Family
13771,13906,2,Potential_Novel_Family,Expanded_Known_Family
1297,2232,5,Expanded_Known_Family,Expanded_Known_Family
1297,2808,6,Expanded_Known_Family,Expanded_Known_Family
2232,2808,5,Expanded_Known_Family,Expanded_Known_Family
5332,6940,3,Expanded_Known_Family,Expanded_Known_Family
5332,1622,1,Expanded_Known_Family,Known_Family_Only
5332,856,1,Expanded_Known_Family,Potential_Novel_Family
6940,6748,4,Expanded_Known_Family,Expanded_Known_Family
6940,3956,2,Expanded_Known_Family,Potential_Novel_Family
6940,4444,1,Expanded_Known_Family,Potential_Novel_Family
5019,5048,22,Expanded_Known_Family,Potential_Novel_Family
4701,5536,2,Expanded_Known_Family,Known_Family_Only
4701,1718,1,Expanded_Known_Family,Known_Family_Only
4701,4635,1,Expanded_Known_Family,Expanded_Known_Family
4701,4899,1,Expanded_Known_Family,Expanded_Known_Family
4701,10538,1,Expanded_Known_Family,Potential_Novel_Family
2108,3288,2,Known_Family_Only,Expanded_Known_Family
483,8907,1,Expanded_Known_Family,Potential_Novel_Family
750,3242,1,Expanded_Known_Family,Known_Family_Only
750,1165,1,Expanded_Known_Family,Potential_Novel_Family
3242,465,1,Known_Family_Only,Expanded_Known_Family
3242,1298,1,Known_Family_Only,Potential_Novel_Family
3242,4804,1,Known_Family_Only,Potential_Novel_Family
1982,2258,1,Known_Family_Only,Known_Family_Only
1982,3526,1,Known_Family_Only,Potential_Novel_Family
2258,3526,1,Known_Family_Only,Potential_Novel_Family
5562,11393,1,Potential_Novel_Family,Known_Family_Only
12475,13111,1,Potential_Novel_Family,Potential_Novel_Family
2658,9356,1,Potential_Novel_Family,Known_Family_Only
2658,10349,1,Potential_Novel_Family,Known_Family_Only
2658,2397,1,Potential_Novel_Family,Expanded_Known_Family
1819,9914,4,Expanded_Known_Family,Potential_Novel_Family
1819,10347,4,Expanded_Known_Family,Potential_Novel_Family
1819,202,1,Expanded_Known_Family,Known_Family_Only
1819,10293,1,Expanded_Known_Family,Known_Family_Only
9914,10347,5,Potential_Novel_Family,Potential_Novel_Family
5563,7060,1,Potential_Novel_Family,Known_Family_Only
1683,4724,1,Potential_Novel_Family,Known_Family_Only
4855,8014,1,Expanded_Known_Family,Potential_Novel_Family
906,6123,1,Potential_Novel_Family,Known_Family_Only
8144,13112,3,Known_Family_Only,Potential_Novel_Family
6,13523,1,Expanded_Known_Family,Known_Family_Only
6,13810,1,Expanded_Known_Family,Potential_Novel_Family
3609,6553,2,Potential_Novel_Family,Known_Family_Only
3609,12435,1,Potential_Novel_Family,Potential_Novel_Family
1216,1994,1,Potential_Novel_Family,Known_Family_Only
3726,12290,1,Potential_Novel_Family,Potential_Novel_Family
9587,11584,1,Potential_Novel_Family,Potential_Novel_Family
9587,7485,1,Potential_Novel_Family,Expanded_Known_Family
11311,13268,1,Potential_Novel_Family,Known_Family_Only
6448,6635,1,Potential_Novel_Family,Potential_Novel_Family
4643,1140,1,Known_Family_Only,Known_Family_Only
4643,1293,1,Known_Family_Only,Known_Family_Only
7749,10042,2,Potential_Novel_Family,Expanded_Known_Family
6394,9996,1,Potential_Novel_Family,Known_Family_Only
2350,2994,1,Known_Family_Only,Known_Family_Only
2683,10208,1,Known_Family_Only,Expanded_Known_Family
2683,11179,9,Known_Family_Only,Known_Family_Only
2683,12415,1,Known_Family_Only,Potential_Novel_Family
2683,1818,8,Known_Family_Only,Expanded_Known_Family
2683,3548,2,Known_Family_Only,Known_Family_Only
2683,4930,8,Known_Family_Only,Known_Family_Only
2683,7171,8,Known_Family_Only,Expanded_Known_Family
2683,11118,8,Known_Family_Only,Known_Family_Only
2683,11780,8,Known_Family_Only,Known_Family_Only
10208,11179,1,Expanded_Known_Family,Known_Family_Only
10208,12415,1,Expanded_Known_Family,Potential_Novel_Family
10208,4144,1,Expanded_Known_Family,Known_Family_Only
10208,7547,1,Expanded_Known_Family,Potential_Novel_Family
10208,7589,1,Expanded_Known_Family,Potential_Novel_Family
11179,12415,1,Known_Family_Only,Potential_Novel_Family
11179,1818,8,Known_Family_Only,Expanded_Known_Family
11179,3548,2,Known_Family_Only,Known_Family_Only
11179,4930,8,Known_Family_Only,Known_Family_Only
11179,7171,8,Known_Family_Only,Expanded_Known_Family
11179,11118,8,Known_Family_Only,Known_Family_Only
11179,11780,8,Known_Family_Only,Known_Family_Only
11179,4264,1,Known_Family_Only,Potential_Novel_Family
11179,10000,1,Known_Family_Only,Potential_Novel_Family
84,1999,1,Expanded_Known_Family,Known_Family_Only
84,6480,1,Expanded_Known_Family,Potential_Novel_Family
84,7063,1,Expanded_Known_Family,Potential_Novel_Family
2918,12359,1,Potential_Novel_Family,Known_Family_Only
6098,13305,1,Potential_Novel_Family,Potential_Novel_Family
6098,13492,2,Potential_Novel_Family,Expanded_Known_Family
13305,13492,1,Potential_Novel_Family,Expanded_Known_Family
2771,3324,1,Potential_Novel_Family,Known_Family_Only
2771,5894,1,Potential_Novel_Family,Potential_Novel_Family
3324,5894,1,Known_Family_Only,Potential_Novel_Family
7240,7879,1,Known_Family_Only,Potential_Novel_Family
7879,867,1,Potential_Novel_Family,Known_Family_Only
2684,8043,1,Potential_Novel_Family,Known_Family_Only
1250,11107,2,Expanded_Known_Family,Potential_Novel_Family
1250,5930,1,Expanded_Known_Family,Potential_Novel_Family
245,375,1,Known_Family_Only,Known_Family_Only
245,4939,1,Known_Family_Only,Known_Family_Only
245,6472,1,Known_Family_Only,Potential_Novel_Family
245,6781,1,Known_Family_Only,Known_Family_Only
375,4939,1,Known_Family_Only,Known_Family_Only
375,6472,1,Known_Family_Only,Potential_Novel_Family
375,6781,1,Known_Family_Only,Known_Family_Only
4939,6472,1,Known_Family_Only,Potential_Novel_Family
4939,6781,1,Known_Family_Only,Known_Family_Only
6472,6781,1,Potential_Novel_Family,Known_Family_Only
2259,10566,2,Expanded_Known_Family,Expanded_Known_Family
620,3252,3,Expanded_Known_Family,Expanded_Known_Family
3252,648,1,Expanded_Known_Family,Expanded_Known_Family
3252,2982,1,Expanded_Known_Family,Potential_Novel_Family
3252,8716,1,Expanded_Known_Family,Known_Family_Only
2102,8281,1,Known_Family_Only,Potential_Novel_Family
4506,5852,1,Potential_Novel_Family,Potential_Novel_Family
144,1278,1,Known_Family_Only,Potential_Novel_Family
144,9957,1,Known_Family_Only,Potential_Novel_Family
1278,9957,1,Potential_Novel_Family,Potential_Novel_Family
2403,6124,2,Known_Family_Only,Potential_Novel_Family
2403,6606,2,Known_Family_Only,Potential_Novel_Family
2403,11219,2,Known_Family_Only,Known_Family_Only
6124,6606,2,Potential_Novel_Family,Potential_Novel_Family
6124,11219,2,Potential_Novel_Family,Known_Family_Only
6606,11219,2,Potential_Novel_Family,Known_Family_Only
2385,4970,3,Potential_Novel_Family,Expanded_Known_Family
4606,10996,1,Potential_Novel_Family,Potential_Novel_Family
11124,7659,1,Expanded_Known_Family,Potential_Novel_Family
11660,13391,1,Known_Family_Only,Expanded_Known_Family
13391,4633,1,Expanded_Known_Family,Potential_Novel_Family
3244,6834,1,Known_Family_Only,Potential_Novel_Family
975,7306,2,Expanded_Known_Family,Potential_Novel_Family
2000,4793,1,Potential_Novel_Family,Known_Family_Only
5658,11029,1,Potential_Novel_Family,Expanded_Known_Family
11029,13976,1,Expanded_Known_Family,Potential_Novel_Family
11029,11924,1,Expanded_Known_Family,Potential_Novel_Family
3245,3527,1,Expanded_Known_Family,Known_Family_Only
486,12556,1,Expanded_Known_Family,Potential_Novel_Family
3111,7591,1,Expanded_Known_Family,Potential_Novel_Family
224,11570,1,Potential_Novel_Family,Known_Family_Only
4141,4725,1,Potential_Novel_Family,Known_Family_Only
4141,8606,1,Potential_Novel_Family,Known_Family_Only
12448,1530,4,Expanded_Known_Family,Potential_Novel_Family
4869,7389,1,Known_Family_Only,Potential_Novel_Family
5132,9245,1,Potential_Novel_Family,Potential_Novel_Family
6748,7678,2,Expanded_Known_Family,Potential_Novel_Family
5853,11142,1,Potential_Novel_Family,Potential_Novel_Family
4633,14195,1,Potential_Novel_Family,Known_Family_Only
3582,8737,1,Known_Family_Only,Potential_Novel_Family
3549,3729,1,Expanded_Known_Family,Expanded_Known_Family
3549,11781,1,Expanded_Known_Family,Potential_Novel_Family
3729,10391,1,Expanded_Known_Family,Potential_Novel_Family
11030,11738,1,Known_Family_Only,Potential_Novel_Family
109,279,1,Potential_Novel_Family,Known_Family_Only
109,2007,1,Potential_Novel_Family,Known_Family_Only
109,2190,1,Potential_Novel_Family,Potential_Novel_Family
279,2007,1,Known_Family_Only,Known_Family_Only
279,2190,1,Known_Family_Only,Potential_Novel_Family
2007,2190,1,Known_Family_Only,Potential_Novel_Family
577,4253,1,Potential_Novel_Family,Known_Family_Only
577,5564,1,Potential_Novel_Family,Potential_Novel_Family
577,6277,1,Potential_Novel_Family,Potential_Novel_Family
4253,5564,1,Known_Family_Only,Potential_Novel_Family
4253,6277,1,Known_Family_Only,Potential_Novel_Family
5564,6277,1,Potential_Novel_Family,Potential_Novel_Family
6473,8183,1,Potential_Novel_Family,Potential_Novel_Family
4727,3759,1,Potential_Novel_Family,Expanded_Known_Family
2513,4581,2,Expanded_Known_Family,Expanded_Known_Family
4581,1067,1,Expanded_Known_Family,Potential_Novel_Family
2734,5958,1,Potential_Novel_Family,Potential_Novel_Family
3929,8015,1,Potential_Novel_Family,Known_Family_Only
643,5286,1,Potential_Novel_Family,Known_Family_Only
4013,5782,1,Potential_Novel_Family,Known_Family_Only
4013,8964,1,Potential_Novel_Family,Known_Family_Only
5782,8964,1,Known_Family_Only,Known_Family_Only
6278,13520,1,Potential_Novel_Family,Known_Family_Only
1983,3647,1,Known_Family_Only,Known_Family_Only
1983,4034,1,Known_Family_Only,Known_Family_Only
1983,6456,1,Known_Family_Only,Potential_Novel_Family
3647,4034,1,Known_Family_Only,Known_Family_Only
3647,6456,1,Known_Family_Only,Potential_Novel_Family
4034,6456,1,Known_Family_Only,Potential_Novel_Family
6456,8023,1,Potential_Novel_Family,Known_Family_Only
952,1674,1,Potential_Novel_Family,Potential_Novel_Family
1674,1392,1,Potential_Novel_Family,Known_Family_Only
1674,4831,1,Potential_Novel_Family,Known_Family_Only
1674,12445,1,Potential_Novel_Family,Known_Family_Only
12623,13662,1,Potential_Novel_Family,Known_Family_Only
3153,5020,1,Potential_Novel_Family,Known_Family_Only
2617,10530,1,Known_Family_Only,Potential_Novel_Family
2617,8821,1,Known_Family_Only,Potential_Novel_Family
6835,12102,1,Potential_Novel_Family,Known_Family_Only
61,760,1,Expanded_Known_Family,Potential_Novel_Family
61,4426,1,Expanded_Known_Family,Known_Family_Only
61,3498,1,Expanded_Known_Family,Known_Family_Only
61,6143,1,Expanded_Known_Family,Potential_Novel_Family
2628,9123,1,Known_Family_Only,Potential_Novel_Family
3930,9836,1,Known_Family_Only,Potential_Novel_Family
1679,6307,1,Potential_Novel_Family,Known_Family_Only
2717,6801,1,Known_Family_Only,Potential_Novel_Family
788,5054,1,Potential_Novel_Family,Expanded_Known_Family
788,3730,1,Potential_Novel_Family,Expanded_Known_Family
13113,13772,1,Potential_Novel_Family,Known_Family_Only
7241,11773,1,Potential_Novel_Family,Known_Family_Only
2484,7337,1,Known_Family_Only,Potential_Novel_Family
13143,13423,1,Potential_Novel_Family,Potential_Novel_Family
3348,9495,1,Potential_Novel_Family,Potential_Novel_Family
13596,14048,1,Potential_Novel_Family,Known_Family_Only
3906,5292,2,Known_Family_Only,Potential_Novel_Family
803,3230,1,Expanded_Known_Family,Known_Family_Only
6021,13595,1,Expanded_Known_Family,Known_Family_Only
6021,11446,1,Expanded_Known_Family,Potential_Novel_Family
6021,14065,1,Expanded_Known_Family,Known_Family_Only
6188,6199,1,Expanded_Known_Family,Potential_Novel_Family
6188,5682,1,Expanded_Known_Family,Potential_Novel_Family
6188,4994,1,Expanded_Known_Family,Potential_Novel_Family
6188,11717,1,Expanded_Known_Family,Potential_Novel_Family
6188,13314,1,Expanded_Known_Family,Known_Family_Only
6188,2454,2,Expanded_Known_Family,Potential_Novel_Family
6188,2884,1,Expanded_Known_Family,Potential_Novel_Family
10310,10997,1,Known_Family_Only,Potential_Novel_Family
2809,8112,1,Potential_Novel_Family,Known_Family_Only
5514,12007,1,Known_Family_Only,Potential_Novel_Family
2520,11490,1,Potential_Novel_Family,Potential_Novel_Family
2520,10510,2,Potential_Novel_Family,Known_Family_Only
939,2499,1,Known_Family_Only,Potential_Novel_Family
13269,14214,1,Known_Family_Only,Potential_Novel_Family
6070,7276,1,Potential_Novel_Family,Potential_Novel_Family
956,13703,1,Potential_Novel_Family,Potential_Novel_Family
208,493,1,Potential_Novel_Family,Potential_Novel_Family
208,537,1,Potential_Novel_Family,Potential_Novel_Family
493,537,1,Potential_Novel_Family,Potential_Novel_Family
493,14256,1,Potential_Novel_Family,Known_Family_Only
537,391,4,Potential_Novel_Family,Potential_Novel_Family
147,566,3,Expanded_Known_Family,Expanded_Known_Family
6071,3975,1,Potential_Novel_Family,Expanded_Known_Family
10798,12322,1,Potential_Novel_Family,Potential_Novel_Family
6072,13917,1,Potential_Novel_Family,Known_Family_Only
6099,11347,1,Potential_Novel_Family,Potential_Novel_Family
7830,10419,1,Potential_Novel_Family,Potential_Novel_Family
10483,11911,1,Known_Family_Only,Potential_Novel_Family
3133,12179,1,Expanded_Known_Family,Known_Family_Only
232,4366,1,Potential_Novel_Family,Expanded_Known_Family
2953,13562,1,Known_Family_Only,Potential_Novel_Family
1318,1914,1,Potential_Novel_Family,Known_Family_Only
10023,12360,1,Expanded_Known_Family,Known_Family_Only
10023,11300,1,Expanded_Known_Family,Potential_Novel_Family
8926,10837,1,Potential_Novel_Family,Potential_Novel_Family
12428,4485,1,Expanded_Known_Family,Potential_Novel_Family
12428,5271,1,Expanded_Known_Family,Known_Family_Only
9658,12172,1,Potential_Novel_Family,Known_Family_Only
10272,13907,1,Potential_Novel_Family,Potential_Novel_Family
8425,8965,1,Known_Family_Only,Potential_Novel_Family
8771,9183,1,Known_Family_Only,Potential_Novel_Family
3600,11180,1,Known_Family_Only,Potential_Novel_Family
3600,11964,1,Known_Family_Only,Potential_Novel_Family
11180,11964,1,Potential_Novel_Family,Potential_Novel_Family
5587,6618,2,Expanded_Known_Family,Potential_Novel_Family
5587,14157,1,Expanded_Known_Family,Potential_Novel_Family
2078,4478,1,Potential_Novel_Family,Known_Family_Only
2078,8459,1,Potential_Novel_Family,Known_Family_Only
2078,2517,1,Potential_Novel_Family,Potential_Novel_Family
1476,7932,1,Expanded_Known_Family,Potential_Novel_Family
1476,7940,1,Expanded_Known_Family,Known_Family_Only
9423,11289,1,Known_Family_Only,Potential_Novel_Family
1503,3168,2,Expanded_Known_Family,Expanded_Known_Family
1503,11036,1,Expanded_Known_Family,Potential_Novel_Family
1503,6376,2,Expanded_Known_Family,Known_Family_Only
2476,6474,1,Potential_Novel_Family,Known_Family_Only
12292,12392,1,Potential_Novel_Family,Known_Family_Only
283,5433,1,Expanded_Known_Family,Potential_Novel_Family
283,10223,1,Expanded_Known_Family,Known_Family_Only
862,4940,1,Potential_Novel_Family,Known_Family_Only
862,5050,1,Potential_Novel_Family,Expanded_Known_Family
3100,11443,1,Expanded_Known_Family,Potential_Novel_Family
3100,10476,1,Expanded_Known_Family,Known_Family_Only
5402,9696,1,Potential_Novel_Family,Known_Family_Only
5402,10177,1,Potential_Novel_Family,Potential_Novel_Family
12934,14014,1,Expanded_Known_Family,Potential_Novel_Family
12934,2497,2,Expanded_Known_Family,Expanded_Known_Family
12934,5932,1,Expanded_Known_Family,Known_Family_Only
12934,13544,2,Expanded_Known_Family,Expanded_Known_Family
1062,3402,1,Potential_Novel_Family,Known_Family_Only
1062,4745,1,Potential_Novel_Family,Known_Family_Only
1062,5720,1,Potential_Novel_Family,Known_Family_Only
3402,4745,1,Known_Family_Only,Known_Family_Only
3402,5720,1,Known_Family_Only,Known_Family_Only
4745,5720,1,Known_Family_Only,Known_Family_Only
1432,4337,1,Potential_Novel_Family,Potential_Novel_Family
1432,5211,1,Potential_Novel_Family,Known_Family_Only
4337,5211,1,Potential_Novel_Family,Known_Family_Only
7899,8282,1,Potential_Novel_Family,Known_Family_Only
3739,5161,2,Potential_Novel_Family,Known_Family_Only
3739,5967,1,Potential_Novel_Family,Known_Family_Only
3503,5434,1,Potential_Novel_Family,Known_Family_Only
1121,5356,1,Known_Family_Only,Expanded_Known_Family
1121,9807,1,Known_Family_Only,Known_Family_Only
5356,9807,1,Expanded_Known_Family,Known_Family_Only
5356,9791,1,Expanded_Known_Family,Potential_Novel_Family
5356,10328,1,Expanded_Known_Family,Potential_Novel_Family
5356,13293,1,Expanded_Known_Family,Known_Family_Only
5356,9942,1,Expanded_Known_Family,Known_Family_Only
9281,10869,1,Potential_Novel_Family,Known_Family_Only
3903,11067,1,Potential_Novel_Family,Potential_Novel_Family
5435,8885,2,Potential_Novel_Family,Expanded_Known_Family
7300,8530,1,Expanded_Known_Family,Potential_Novel_Family
7300,4261,1,Expanded_Known_Family,Potential_Novel_Family
7300,8435,1,Expanded_Known_Family,Potential_Novel_Family
4558,2919,1,Expanded_Known_Family,Potential_Novel_Family
6782,10799,1,Known_Family_Only,Potential_Novel_Family
3776,6836,1,Potential_Novel_Family,Potential_Novel_Family
6670,7184,3,Expanded_Known_Family,Expanded_Known_Family
6670,7784,2,Expanded_Known_Family,Potential_Novel_Family
7184,6965,1,Expanded_Known_Family,Potential_Novel_Family
347,7338,1,Known_Family_Only,Potential_Novel_Family
1003,1135,1,Potential_Novel_Family,Known_Family_Only
8210,10455,1,Known_Family_Only,Potential_Novel_Family
1168,6686,1,Potential_Novel_Family,Potential_Novel_Family
9357,12200,1,Potential_Novel_Family,Potential_Novel_Family
5364,10743,1,Known_Family_Only,Potential_Novel_Family
3325,12625,1,Potential_Novel_Family,Known_Family_Only
11965,12945,1,Known_Family_Only,Potential_Novel_Family
5436,8315,1,Potential_Novel_Family,Known_Family_Only
9697,13948,1,Potential_Novel_Family,Known_Family_Only
7770,13424,1,Potential_Novel_Family,Potential_Novel_Family
1505,4529,1,Known_Family_Only,Potential_Novel_Family
10800,13704,1,Potential_Novel_Family,Potential_Novel_Family
5437,12704,1,Potential_Novel_Family,Known_Family_Only
1759,2361,1,Known_Family_Only,Potential_Novel_Family
4434,5766,1,Potential_Novel_Family,Expanded_Known_Family
5766,13285,1,Expanded_Known_Family,Potential_Novel_Family
5134,6100,1,Potential_Novel_Family,Potential_Novel_Family
5134,7933,1,Potential_Novel_Family,Potential_Novel_Family
6100,7933,1,Potential_Novel_Family,Potential_Novel_Family
513,7992,1,Expanded_Known_Family,Expanded_Known_Family
513,452,1,Expanded_Known_Family,Known_Family_Only
513,13217,1,Expanded_Known_Family,Potential_Novel_Family
7992,13395,1,Expanded_Known_Family,Known_Family_Only
7399,7685,2,Expanded_Known_Family,Expanded_Known_Family
2198,11801,1,Known_Family_Only,Potential_Novel_Family
2198,11225,1,Known_Family_Only,Potential_Novel_Family
206,1486,1,Known_Family_Only,Potential_Novel_Family
1159,3859,1,Potential_Novel_Family,Known_Family_Only
1159,5021,1,Potential_Novel_Family,Potential_Novel_Family
3859,5021,1,Known_Family_Only,Potential_Novel_Family
6607,12034,1,Potential_Novel_Family,Known_Family_Only
111,3422,2,Expanded_Known_Family,Known_Family_Only
111,4765,1,Expanded_Known_Family,Known_Family_Only
111,8145,1,Expanded_Known_Family,Potential_Novel_Family
3422,4765,1,Known_Family_Only,Known_Family_Only
3422,8145,1,Known_Family_Only,Potential_Novel_Family
4765,8145,1,Known_Family_Only,Potential_Novel_Family
4314,12626,1,Known_Family_Only,Potential_Novel_Family
489,5403,1,Expanded_Known_Family,Potential_Novel_Family
489,13443,1,Expanded_Known_Family,Expanded_Known_Family
489,3536,1,Expanded_Known_Family,Known_Family_Only
489,11379,1,Expanded_Known_Family,Potential_Novel_Family
11348,14215,1,Known_Family_Only,Potential_Novel_Family
39,1637,1,Expanded_Known_Family,Potential_Novel_Family
39,2334,2,Expanded_Known_Family,Known_Family_Only
39,12707,1,Expanded_Known_Family,Known_Family_Only
1637,2334,1,Potential_Novel_Family,Known_Family_Only
5289,11516,1,Known_Family_Only,Potential_Novel_Family
12627,13458,1,Potential_Novel_Family,Known_Family_Only
2033,3740,1,Known_Family_Only,Known_Family_Only
9003,9092,1,Known_Family_Only,Potential_Novel_Family
13377,1243,1,Expanded_Known_Family,Potential_Novel_Family
4607,6475,1,Known_Family_Only,Potential_Novel_Family
5385,5565,1,Expanded_Known_Family,Expanded_Known_Family
5385,6347,1,Expanded_Known_Family,Potential_Novel_Family
5385,12718,1,Expanded_Known_Family,Potential_Novel_Family
5385,10726,1,Expanded_Known_Family,Known_Family_Only
5385,13443,1,Expanded_Known_Family,Expanded_Known_Family
5565,13270,1,Expanded_Known_Family,Potential_Novel_Family
5262,12443,1,Potential_Novel_Family,Potential_Novel_Family
7421,9775,1,Potential_Novel_Family,Known_Family_Only
5053,7164,1,Expanded_Known_Family,Known_Family_Only
5053,7169,5,Expanded_Known_Family,Potential_Novel_Family
5053,10943,1,Expanded_Known_Family,Known_Family_Only
5537,13564,1,Known_Family_Only,Potential_Novel_Family
10930,12323,1,Potential_Novel_Family,Known_Family_Only
10930,6326,1,Potential_Novel_Family,Potential_Novel_Family
5515,9314,1,Potential_Novel_Family,Known_Family_Only
8489,7904,1,Expanded_Known_Family,Known_Family_Only
1892,2600,1,Known_Family_Only,Potential_Novel_Family
8146,12661,1,Potential_Novel_Family,Known_Family_Only
7000,8357,1,Known_Family_Only,Potential_Novel_Family
1645,1746,1,Potential_Novel_Family,Potential_Novel_Family
1645,5438,1,Potential_Novel_Family,Potential_Novel_Family
1645,6712,1,Potential_Novel_Family,Known_Family_Only
1645,6783,1,Potential_Novel_Family,Known_Family_Only
1746,5438,1,Potential_Novel_Family,Potential_Novel_Family
1746,6712,1,Potential_Novel_Family,Known_Family_Only
1746,6783,1,Potential_Novel_Family,Known_Family_Only
5438,6712,1,Potential_Novel_Family,Known_Family_Only
5438,6783,1,Potential_Novel_Family,Known_Family_Only
6712,6783,1,Known_Family_Only,Known_Family_Only
1015,9837,1,Potential_Novel_Family,Known_Family_Only
10206,12505,1,Potential_Novel_Family,Known_Family_Only
4188,11552,1,Potential_Novel_Family,Known_Family_Only
8633,11829,1,Potential_Novel_Family,Known_Family_Only
5365,5383,1,Potential_Novel_Family,Potential_Novel_Family
2217,5588,1,Potential_Novel_Family,Known_Family_Only
4254,7061,1,Expanded_Known_Family,Known_Family_Only
4254,8558,1,Expanded_Known_Family,Expanded_Known_Family
4254,10567,1,Expanded_Known_Family,Known_Family_Only
4254,10055,1,Expanded_Known_Family,Known_Family_Only
7061,8558,1,Known_Family_Only,Expanded_Known_Family
7061,10567,1,Known_Family_Only,Known_Family_Only
8558,10567,1,Expanded_Known_Family,Known_Family_Only
8558,10000,1,Expanded_Known_Family,Potential_Novel_Family
5755,13170,1,Potential_Novel_Family,Potential_Novel_Family
6339,8016,1,Known_Family_Only,Potential_Novel_Family
351,449,1,Known_Family_Only,Known_Family_Only
351,1846,1,Known_Family_Only,Known_Family_Only
351,1907,1,Known_Family_Only,Known_Family_Only
351,7642,1,Known_Family_Only,Potential_Novel_Family
449,1846,1,Known_Family_Only,Known_Family_Only
449,1907,1,Known_Family_Only,Known_Family_Only
449,7642,1,Known_Family_Only,Potential_Novel_Family
1846,1907,1,Known_Family_Only,Known_Family_Only
1846,7642,1,Known_Family_Only,Potential_Novel_Family
1907,7642,1,Known_Family_Only,Potential_Novel_Family
3601,13565,1,Known_Family_Only,Potential_Novel_Family
7863,12361,1,Known_Family_Only,Potential_Novel_Family
4794,11456,1,Potential_Novel_Family,Known_Family_Only
149,437,1,Known_Family_Only,Potential_Novel_Family
149,1252,1,Known_Family_Only,Known_Family_Only
437,1252,1,Potential_Novel_Family,Known_Family_Only
370,6085,2,Expanded_Known_Family,Expanded_Known_Family
6085,13152,3,Expanded_Known_Family,Expanded_Known_Family
6085,12857,1,Expanded_Known_Family,Expanded_Known_Family
2973,6938,1,Potential_Novel_Family,Expanded_Known_Family
6938,9288,1,Expanded_Known_Family,Potential_Novel_Family
1334,6449,1,Potential_Novel_Family,Potential_Novel_Family
2312,3504,2,Potential_Novel_Family,Expanded_Known_Family
7679,10607,1,Potential_Novel_Family,Known_Family_Only
8076,12921,1,Known_Family_Only,Potential_Novel_Family
2878,9997,2,Potential_Novel_Family,Expanded_Known_Family
2878,10141,1,Potential_Novel_Family,Known_Family_Only
13069,13306,1,Potential_Novel_Family,Known_Family_Only
13069,13307,1,Potential_Novel_Family,Potential_Novel_Family
7390,10931,1,Known_Family_Only,Potential_Novel_Family
3214,8147,1,Potential_Novel_Family,Known_Family_Only
5022,10379,1,Known_Family_Only,Potential_Novel_Family
287,11638,1,Potential_Novel_Family,Known_Family_Only
8559,10005,1,Known_Family_Only,Expanded_Known_Family
10005,11462,1,Expanded_Known_Family,Potential_Novel_Family
3275,7743,1,Potential_Novel_Family,Known_Family_Only
13343,13459,1,Known_Family_Only,Potential_Novel_Family
7831,11491,1,Potential_Novel_Family,Potential_Novel_Family
9004,12103,1,Potential_Novel_Family,Potential_Novel_Family
348,11457,1,Potential_Novel_Family,Potential_Novel_Family
348,604,1,Potential_Novel_Family,Expanded_Known_Family
5612,9915,1,Potential_Novel_Family,Known_Family_Only
2772,6126,1,Known_Family_Only,Potential_Novel_Family
13801,14050,1,Potential_Novel_Family,Potential_Novel_Family
6713,7392,2,Potential_Novel_Family,Potential_Novel_Family
971,1346,1,Known_Family_Only,Potential_Novel_Family
3995,5816,1,Expanded_Known_Family,Potential_Novel_Family
10380,11349,1,Known_Family_Only,Potential_Novel_Family
2879,9184,1,Potential_Novel_Family,Known_Family_Only
52,940,1,Known_Family_Only,Potential_Novel_Family
12417,13862,1,Potential_Novel_Family,Potential_Novel_Family
13862,11774,1,Potential_Novel_Family,Known_Family_Only
13862,14057,1,Potential_Novel_Family,Potential_Novel_Family
13862,200,1,Potential_Novel_Family,Expanded_Known_Family
4991,5136,1,Potential_Novel_Family,Potential_Novel_Family
11661,12233,1,Potential_Novel_Family,Potential_Novel_Family
13378,14051,1,Known_Family_Only,Potential_Novel_Family
6476,11068,1,Potential_Novel_Family,Potential_Novel_Family
2685,9783,1,Potential_Novel_Family,Known_Family_Only
9783,1581,1,Known_Family_Only,Potential_Novel_Family
2535,5589,1,Potential_Novel_Family,Potential_Novel_Family
5613,12324,1,Known_Family_Only,Potential_Novel_Family
1684,8967,2,Expanded_Known_Family,Expanded_Known_Family
9315,4022,1,Potential_Novel_Family,Potential_Novel_Family
3069,3472,1,Known_Family_Only,Potential_Novel_Family
8886,12008,1,Potential_Novel_Family,Known_Family_Only
6308,12888,1,Potential_Novel_Family,Potential_Novel_Family
3070,5236,1,Expanded_Known_Family,Known_Family_Only
3070,3186,2,Expanded_Known_Family,Potential_Novel_Family
3070,11470,2,Expanded_Known_Family,Known_Family_Only
6687,11740,1,Known_Family_Only,Potential_Novel_Family
11032,12394,1,Potential_Novel_Family,Known_Family_Only
4728,7572,1,Expanded_Known_Family,Known_Family_Only
4728,11259,1,Expanded_Known_Family,Potential_Novel_Family
11790,14142,1,Potential_Novel_Family,Known_Family_Only
1638,10273,1,Known_Family_Only,Potential_Novel_Family
3651,4665,1,Potential_Novel_Family,Expanded_Known_Family
3651,3329,1,Potential_Novel_Family,Expanded_Known_Family
4665,7717,1,Expanded_Known_Family,Potential_Novel_Family
4665,7906,1,Expanded_Known_Family,Known_Family_Only
4665,2722,1,Expanded_Known_Family,Potential_Novel_Family
7952,10441,2,Known_Family_Only,Potential_Novel_Family
7952,6011,1,Known_Family_Only,Known_Family_Only
10441,6011,1,Potential_Novel_Family,Known_Family_Only
11741,12234,1,Known_Family_Only,Potential_Novel_Family
10484,11312,1,Potential_Novel_Family,Known_Family_Only
825,841,1,Known_Family_Only,Expanded_Known_Family
825,7280,1,Known_Family_Only,Potential_Novel_Family
841,8897,1,Expanded_Known_Family,Potential_Novel_Family
841,832,1,Expanded_Known_Family,Potential_Novel_Family
7978,11292,1,Known_Family_Only,Potential_Novel_Family
7609,10239,1,Expanded_Known_Family,Potential_Novel_Family
7609,12849,2,Expanded_Known_Family,Potential_Novel_Family
2757,4681,2,Expanded_Known_Family,Expanded_Known_Family
3840,9776,1,Known_Family_Only,Potential_Novel_Family
465,1298,1,Expanded_Known_Family,Potential_Novel_Family
465,4804,1,Expanded_Known_Family,Potential_Novel_Family
465,1944,1,Expanded_Known_Family,Potential_Novel_Family
465,3828,1,Expanded_Known_Family,Potential_Novel_Family
465,3531,1,Expanded_Known_Family,Potential_Novel_Family
465,3353,1,Expanded_Known_Family,Known_Family_Only
465,7660,1,Expanded_Known_Family,Potential_Novel_Family
465,3814,1,Expanded_Known_Family,Known_Family_Only
1298,4804,1,Potential_Novel_Family,Potential_Novel_Family
4804,893,1,Potential_Novel_Family,Expanded_Known_Family
7610,9005,1,Known_Family_Only,Expanded_Known_Family
12531,13908,1,Potential_Novel_Family,Known_Family_Only
1716,3326,1,Known_Family_Only,Potential_Novel_Family
12266,14333,1,Known_Family_Only,Potential_Novel_Family
681,4338,1,Known_Family_Only,Potential_Novel_Family
3195,11033,1,Expanded_Known_Family,Known_Family_Only
2748,8455,1,Known_Family_Only,Potential_Novel_Family
2659,10638,1,Known_Family_Only,Potential_Novel_Family
10638,1000,1,Potential_Novel_Family,Potential_Novel_Family
3227,6688,1,Potential_Novel_Family,Known_Family_Only
9185,12362,1,Known_Family_Only,Potential_Novel_Family
5683,5939,1,Known_Family_Only,Potential_Novel_Family
4456,11255,1,Potential_Novel_Family,Potential_Novel_Family
4283,11775,1,Potential_Novel_Family,Known_Family_Only
7136,11585,1,Potential_Novel_Family,Expanded_Known_Family
5162,11830,1,Potential_Novel_Family,Known_Family_Only
7339,9388,1,Known_Family_Only,Potential_Novel_Family
578,1090,1,Expanded_Known_Family,Potential_Novel_Family
578,4800,1,Expanded_Known_Family,Known_Family_Only
578,8779,1,Expanded_Known_Family,Known_Family_Only
578,11749,1,Expanded_Known_Family,Known_Family_Only
578,1352,1,Expanded_Known_Family,Expanded_Known_Family
578,2901,1,Expanded_Known_Family,Potential_Novel_Family
3618,6838,1,Known_Family_Only,Potential_Novel_Family
2721,13909,1,Potential_Novel_Family,Potential_Novel_Family
2721,13897,1,Potential_Novel_Family,Potential_Novel_Family
6608,13308,1,Potential_Novel_Family,Potential_Novel_Family
6477,13521,1,Known_Family_Only,Potential_Novel_Family
6477,13522,1,Known_Family_Only,Potential_Novel_Family
13521,13522,1,Potential_Novel_Family,Potential_Novel_Family
3228,9298,2,Expanded_Known_Family,Expanded_Known_Family
4584,7312,1,Expanded_Known_Family,Potential_Novel_Family
4584,14204,1,Expanded_Known_Family,Known_Family_Only
5614,6802,1,Potential_Novel_Family,Known_Family_Only
13309,13310,5,Potential_Novel_Family,Expanded_Known_Family
5876,11802,1,Potential_Novel_Family,Potential_Novel_Family
5876,11318,1,Potential_Novel_Family,Known_Family_Only
3699,12363,1,Potential_Novel_Family,Known_Family_Only
186,2527,3,Potential_Novel_Family,Expanded_Known_Family
186,2817,1,Potential_Novel_Family,Potential_Novel_Family
2527,2817,1,Expanded_Known_Family,Potential_Novel_Family
1235,1754,2,Expanded_Known_Family,Expanded_Known_Family
1754,6206,1,Expanded_Known_Family,Potential_Novel_Family
2009,10456,1,Known_Family_Only,Potential_Novel_Family
4191,10043,2,Potential_Novel_Family,Expanded_Known_Family
4191,4828,1,Potential_Novel_Family,Potential_Novel_Family
10043,10817,1,Expanded_Known_Family,Potential_Novel_Family
7001,13802,1,Known_Family_Only,Potential_Novel_Family
301,6609,1,Expanded_Known_Family,Potential_Novel_Family
301,2285,2,Expanded_Known_Family,Expanded_Known_Family
301,9793,1,Expanded_Known_Family,Known_Family_Only
8820,13663,1,Potential_Novel_Family,Known_Family_Only
54,341,1,Known_Family_Only,Expanded_Known_Family
54,4190,1,Known_Family_Only,Known_Family_Only
54,5212,1,Known_Family_Only,Known_Family_Only
54,6747,1,Known_Family_Only,Known_Family_Only
54,3078,1,Known_Family_Only,Potential_Novel_Family
341,4190,1,Expanded_Known_Family,Known_Family_Only
341,5212,1,Expanded_Known_Family,Known_Family_Only
341,6747,1,Expanded_Known_Family,Known_Family_Only
341,919,1,Expanded_Known_Family,Known_Family_Only
341,2818,1,Expanded_Known_Family,Known_Family_Only
4190,5212,1,Known_Family_Only,Known_Family_Only
4190,6747,1,Known_Family_Only,Known_Family_Only
5212,6747,1,Known_Family_Only,Known_Family_Only
3304,13634,1,Known_Family_Only,Potential_Novel_Family
6784,14115,1,Potential_Novel_Family,Known_Family_Only
6784,4973,6,Potential_Novel_Family,Known_Family_Only
746,5054,1,Expanded_Known_Family,Expanded_Known_Family
746,13980,1,Expanded_Known_Family,Potential_Novel_Family
746,4124,1,Expanded_Known_Family,Potential_Novel_Family
5054,11557,1,Expanded_Known_Family,Known_Family_Only
5054,9639,1,Expanded_Known_Family,Known_Family_Only
47,13731,1,Expanded_Known_Family,Known_Family_Only
47,14308,2,Expanded_Known_Family,Potential_Novel_Family
1164,4339,1,Potential_Novel_Family,Potential_Novel_Family
1942,13014,1,Expanded_Known_Family,Potential_Novel_Family
1942,14096,1,Expanded_Known_Family,Potential_Novel_Family
455,758,1,Known_Family_Only,Potential_Novel_Family
455,6839,1,Known_Family_Only,Known_Family_Only
758,6839,1,Potential_Novel_Family,Known_Family_Only
758,6345,1,Potential_Novel_Family,Known_Family_Only
758,11148,1,Potential_Novel_Family,Known_Family_Only
170,1207,1,Expanded_Known_Family,Expanded_Known_Family
170,6724,3,Expanded_Known_Family,Potential_Novel_Family
6610,9283,1,Expanded_Known_Family,Potential_Novel_Family
6378,12139,1,Potential_Novel_Family,Known_Family_Only
6378,598,1,Potential_Novel_Family,Potential_Novel_Family
14026,14140,1,Potential_Novel_Family,Potential_Novel_Family
14140,12924,1,Potential_Novel_Family,Potential_Novel_Family
6803,12662,1,Potential_Novel_Family,Potential_Novel_Family
11803,12813,1,Known_Family_Only,Potential_Novel_Family
11611,14260,1,Potential_Novel_Family,Potential_Novel_Family
11611,13190,1,Potential_Novel_Family,Known_Family_Only
7482,9424,4,Expanded_Known_Family,Potential_Novel_Family
7482,9590,1,Expanded_Known_Family,Potential_Novel_Family
11492,14027,1,Potential_Novel_Family,Potential_Novel_Family
14027,14060,1,Potential_Novel_Family,Potential_Novel_Family
5049,9884,1,Expanded_Known_Family,Known_Family_Only
3532,6048,1,Expanded_Known_Family,Potential_Novel_Family
1769,1954,1,Potential_Novel_Family,Known_Family_Only
1769,5404,1,Potential_Novel_Family,Known_Family_Only
1769,11256,1,Potential_Novel_Family,Known_Family_Only
1954,5404,1,Known_Family_Only,Known_Family_Only
1954,11256,1,Known_Family_Only,Known_Family_Only
5404,11256,1,Known_Family_Only,Known_Family_Only
5404,780,1,Known_Family_Only,Potential_Novel_Family
5404,1915,1,Known_Family_Only,Known_Family_Only
5404,4507,1,Known_Family_Only,Known_Family_Only
5404,1873,1,Known_Family_Only,Potential_Novel_Family
7166,7934,1,Potential_Novel_Family,Known_Family_Only
4142,6236,1,Expanded_Known_Family,Potential_Novel_Family
4142,7586,1,Expanded_Known_Family,Known_Family_Only
4142,9891,1,Expanded_Known_Family,Known_Family_Only
5940,10207,1,Potential_Novel_Family,Known_Family_Only
1551,10485,1,Potential_Novel_Family,Known_Family_Only
1551,3147,1,Potential_Novel_Family,Expanded_Known_Family
13088,14075,1,Expanded_Known_Family,Potential_Novel_Family
13088,11411,1,Expanded_Known_Family,Known_Family_Only
11493,13114,1,Known_Family_Only,Potential_Novel_Family
7314,1411,1,Expanded_Known_Family,Expanded_Known_Family
7314,1523,1,Expanded_Known_Family,Expanded_Known_Family
4378,14152,1,Potential_Novel_Family,Known_Family_Only
3811,8927,1,Expanded_Known_Family,Known_Family_Only
3811,12253,1,Expanded_Known_Family,Potential_Novel_Family
3811,12434,1,Expanded_Known_Family,Known_Family_Only
5756,11143,1,Potential_Novel_Family,Known_Family_Only
12558,14318,1,Potential_Novel_Family,Known_Family_Only
762,1160,2,Known_Family_Only,Potential_Novel_Family
762,3170,1,Known_Family_Only,Known_Family_Only
1160,3170,1,Potential_Novel_Family,Known_Family_Only
60,6127,1,Expanded_Known_Family,Potential_Novel_Family
60,7361,1,Expanded_Known_Family,Known_Family_Only
60,12668,1,Expanded_Known_Family,Potential_Novel_Family
60,13475,1,Expanded_Known_Family,Potential_Novel_Family
10350,3870,1,Expanded_Known_Family,Expanded_Known_Family
4425,5137,1,Expanded_Known_Family,Potential_Novel_Family
4425,4666,1,Expanded_Known_Family,Potential_Novel_Family
4425,2528,1,Expanded_Known_Family,Known_Family_Only
4425,500,1,Expanded_Known_Family,Known_Family_Only
4425,2059,1,Expanded_Known_Family,Expanded_Known_Family
11425,584,1,Known_Family_Only,Expanded_Known_Family
1694,8121,1,Potential_Novel_Family,Known_Family_Only
10608,12506,1,Known_Family_Only,Potential_Novel_Family
12506,10543,1,Potential_Novel_Family,Known_Family_Only
9186,10351,1,Potential_Novel_Family,Potential_Novel_Family
13071,14261,1,Potential_Novel_Family,Known_Family_Only
767,6484,1,Known_Family_Only,Expanded_Known_Family
6484,10006,1,Expanded_Known_Family,Potential_Novel_Family
12174,13206,1,Potential_Novel_Family,Known_Family_Only
209,9247,1,Known_Family_Only,Expanded_Known_Family
9247,7939,1,Expanded_Known_Family,Potential_Novel_Family
11397,11966,2,Potential_Novel_Family,Expanded_Known_Family
2435,13142,1,Known_Family_Only,Potential_Novel_Family
11742,13567,1,Potential_Novel_Family,Known_Family_Only
5050,12587,1,Expanded_Known_Family,Potential_Novel_Family
56,1469,1,Expanded_Known_Family,Potential_Novel_Family
2996,11314,9,Expanded_Known_Family,Expanded_Known_Family
6480,4974,1,Potential_Novel_Family,Potential_Novel_Family
6480,4913,2,Potential_Novel_Family,Known_Family_Only
655,1628,1,Known_Family_Only,Potential_Novel_Family
655,2446,1,Known_Family_Only,Known_Family_Only
655,13315,1,Known_Family_Only,Known_Family_Only
9284,10895,1,Potential_Novel_Family,Potential_Novel_Family
5188,11426,2,Potential_Novel_Family,Expanded_Known_Family
5188,2452,1,Potential_Novel_Family,Known_Family_Only
12293,13803,1,Known_Family_Only,Potential_Novel_Family
447,9699,2,Potential_Novel_Family,Expanded_Known_Family
447,11564,1,Potential_Novel_Family,Expanded_Known_Family
9699,6590,1,Expanded_Known_Family,Known_Family_Only
8083,10240,3,Expanded_Known_Family,Potential_Novel_Family
10240,3607,1,Potential_Novel_Family,Known_Family_Only
2609,11108,1,Potential_Novel_Family,Known_Family_Only
4711,6920,2,Potential_Novel_Family,Known_Family_Only
7643,8854,3,Expanded_Known_Family,Expanded_Known_Family
8854,9701,1,Expanded_Known_Family,Potential_Novel_Family
8854,3143,1,Expanded_Known_Family,Potential_Novel_Family
8854,8444,1,Expanded_Known_Family,Known_Family_Only
1423,3677,1,Potential_Novel_Family,Known_Family_Only
2122,14216,1,Potential_Novel_Family,Potential_Novel_Family
5237,7900,1,Potential_Novel_Family,Known_Family_Only
604,6309,1,Expanded_Known_Family,Known_Family_Only
214,5784,7,Expanded_Known_Family,Expanded_Known_Family
5784,3199,1,Expanded_Known_Family,Potential_Novel_Family
3404,10123,1,Potential_Novel_Family,Known_Family_Only
3602,12980,1,Known_Family_Only,Potential_Novel_Family
5405,6340,1,Known_Family_Only,Potential_Novel_Family
2758,11912,1,Potential_Novel_Family,Known_Family_Only
11257,13460,1,Potential_Novel_Family,Known_Family_Only
6129,6976,5,Expanded_Known_Family,Expanded_Known_Family
6976,11783,1,Expanded_Known_Family,Potential_Novel_Family
3276,10998,1,Known_Family_Only,Potential_Novel_Family
5072,5263,1,Potential_Novel_Family,Known_Family_Only
5072,7391,1,Potential_Novel_Family,Potential_Novel_Family
5072,8752,1,Potential_Novel_Family,Expanded_Known_Family
5263,7391,1,Known_Family_Only,Potential_Novel_Family
5263,8752,1,Known_Family_Only,Expanded_Known_Family
7391,8752,1,Potential_Novel_Family,Expanded_Known_Family
8752,4102,1,Expanded_Known_Family,Known_Family_Only
8752,7990,1,Expanded_Known_Family,Potential_Novel_Family
2185,7573,1,Potential_Novel_Family,Known_Family_Only
4795,6804,3,Expanded_Known_Family,Potential_Novel_Family
1673,5138,3,Expanded_Known_Family,Expanded_Known_Family
1673,12992,1,Expanded_Known_Family,Potential_Novel_Family
99,8900,1,Expanded_Known_Family,Potential_Novel_Family
6906,13072,1,Potential_Novel_Family,Known_Family_Only
936,14076,2,Known_Family_Only,Potential_Novel_Family
8707,14248,1,Known_Family_Only,Potential_Novel_Family
2791,3949,1,Potential_Novel_Family,Potential_Novel_Family
7507,11395,1,Expanded_Known_Family,Potential_Novel_Family
7507,9665,1,Expanded_Known_Family,Potential_Novel_Family
710,747,1,Known_Family_Only,Expanded_Known_Family
747,13050,1,Expanded_Known_Family,Potential_Novel_Family
11743,14052,1,Potential_Novel_Family,Potential_Novel_Family
1514,4192,1,Known_Family_Only,Potential_Novel_Family
32,2112,1,Expanded_Known_Family,Potential_Novel_Family
32,8045,1,Expanded_Known_Family,Potential_Novel_Family
32,216,1,Expanded_Known_Family,Known_Family_Only
32,6424,1,Expanded_Known_Family,Known_Family_Only
32,6520,1,Expanded_Known_Family,Known_Family_Only
32,7172,1,Expanded_Known_Family,Potential_Novel_Family
32,2557,1,Expanded_Known_Family,Known_Family_Only
2112,8045,2,Potential_Novel_Family,Potential_Novel_Family
1465,2773,3,Expanded_Known_Family,Expanded_Known_Family
11350,13732,1,Potential_Novel_Family,Known_Family_Only
429,1459,1,Known_Family_Only,Known_Family_Only
429,3528,1,Known_Family_Only,Known_Family_Only
429,3798,1,Known_Family_Only,Potential_Novel_Family
1459,3528,1,Known_Family_Only,Known_Family_Only
1459,3798,1,Known_Family_Only,Potential_Novel_Family
3528,3798,1,Known_Family_Only,Potential_Novel_Family
2370,2774,1,Known_Family_Only,Known_Family_Only
2370,5516,1,Known_Family_Only,Expanded_Known_Family
2370,3905,1,Known_Family_Only,Potential_Novel_Family
2774,5516,1,Known_Family_Only,Expanded_Known_Family
1900,4530,1,Potential_Novel_Family,Known_Family_Only
1774,13073,1,Potential_Novel_Family,Known_Family_Only
780,1915,1,Potential_Novel_Family,Known_Family_Only
780,4507,1,Potential_Novel_Family,Known_Family_Only
1915,4507,1,Known_Family_Only,Known_Family_Only
10609,11565,1,Expanded_Known_Family,Potential_Novel_Family
6638,12070,1,Potential_Novel_Family,Potential_Novel_Family
5660,7535,2,Potential_Novel_Family,Expanded_Known_Family
5441,13435,1,Expanded_Known_Family,Potential_Novel_Family
5441,7429,1,Expanded_Known_Family,Known_Family_Only
10838,12571,2,Expanded_Known_Family,Expanded_Known_Family
7301,13037,1,Known_Family_Only,Potential_Novel_Family
3031,9840,1,Potential_Novel_Family,Known_Family_Only
543,1390,1,Potential_Novel_Family,Known_Family_Only
543,7744,2,Potential_Novel_Family,Potential_Novel_Family
1390,7744,1,Known_Family_Only,Potential_Novel_Family
3341,7206,1,Expanded_Known_Family,Potential_Novel_Family
3341,10843,1,Expanded_Known_Family,Potential_Novel_Family
3341,13355,1,Expanded_Known_Family,Known_Family_Only
3341,3735,1,Expanded_Known_Family,Potential_Novel_Family
3341,11088,1,Expanded_Known_Family,Potential_Novel_Family
7536,11858,1,Potential_Novel_Family,Known_Family_Only
7242,9159,1,Potential_Novel_Family,Known_Family_Only
11458,12104,1,Known_Family_Only,Potential_Novel_Family
8190,11189,3,Expanded_Known_Family,Potential_Novel_Family
8190,7283,1,Expanded_Known_Family,Potential_Novel_Family
8190,4268,1,Expanded_Known_Family,Potential_Novel_Family
11189,8500,1,Potential_Novel_Family,Potential_Novel_Family
9233,11351,2,Expanded_Known_Family,Potential_Novel_Family
9233,12641,1,Expanded_Known_Family,Known_Family_Only
2708,12035,1,Potential_Novel_Family,Potential_Novel_Family
2708,2456,1,Potential_Novel_Family,Expanded_Known_Family
102,2031,1,Expanded_Known_Family,Potential_Novel_Family
102,3443,1,Expanded_Known_Family,Potential_Novel_Family
5330,10745,1,Expanded_Known_Family,Potential_Novel_Family
5330,1260,1,Expanded_Known_Family,Known_Family_Only
5330,10693,1,Expanded_Known_Family,Potential_Novel_Family
11182,11715,1,Expanded_Known_Family,Potential_Novel_Family
11182,3827,1,Expanded_Known_Family,Expanded_Known_Family
3120,12364,1,Known_Family_Only,Potential_Novel_Family
1359,5877,1,Potential_Novel_Family,Known_Family_Only
1359,4874,1,Potential_Novel_Family,Known_Family_Only
5877,9628,1,Known_Family_Only,Expanded_Known_Family
4457,4971,1,Known_Family_Only,Potential_Novel_Family
8634,12705,1,Potential_Novel_Family,Known_Family_Only
12705,6459,1,Known_Family_Only,Potential_Novel_Family
8165,9285,1,Potential_Novel_Family,Known_Family_Only
10311,11831,1,Potential_Novel_Family,Known_Family_Only
2554,2673,1,Known_Family_Only,Expanded_Known_Family
2673,5728,1,Expanded_Known_Family,Potential_Novel_Family
6001,6367,1,Potential_Novel_Family,Potential_Novel_Family
8245,8772,1,Potential_Novel_Family,Potential_Novel_Family
9094,9426,1,Known_Family_Only,Potential_Novel_Family
1583,7433,2,Expanded_Known_Family,Expanded_Known_Family
1583,10501,2,Expanded_Known_Family,Potential_Novel_Family
7433,115,1,Expanded_Known_Family,Expanded_Known_Family
7433,12573,1,Expanded_Known_Family,Potential_Novel_Family
7433,9257,1,Expanded_Known_Family,Potential_Novel_Family
7433,5653,3,Expanded_Known_Family,Expanded_Known_Family
7433,3999,1,Expanded_Known_Family,Potential_Novel_Family
5633,5762,4,Potential_Novel_Family,Known_Family_Only
5762,5347,1,Known_Family_Only,Potential_Novel_Family
4315,5461,1,Potential_Novel_Family,Potential_Novel_Family
6368,8046,1,Potential_Novel_Family,Potential_Novel_Family
7451,11684,1,Expanded_Known_Family,Potential_Novel_Family
1122,6913,1,Known_Family_Only,Potential_Novel_Family
3089,4683,1,Potential_Novel_Family,Known_Family_Only
1352,13910,1,Expanded_Known_Family,Known_Family_Only
1352,9605,1,Expanded_Known_Family,Known_Family_Only
1352,2901,1,Expanded_Known_Family,Potential_Novel_Family
6176,9958,1,Potential_Novel_Family,Known_Family_Only
2234,12072,1,Expanded_Known_Family,Potential_Novel_Family
1130,1916,1,Known_Family_Only,Known_Family_Only
1775,5490,1,Potential_Novel_Family,Known_Family_Only
10639,13425,1,Potential_Novel_Family,Potential_Novel_Family
4167,5163,1,Potential_Novel_Family,Potential_Novel_Family
5684,12395,1,Potential_Novel_Family,Potential_Novel_Family
3095,10642,1,Expanded_Known_Family,Known_Family_Only
12105,13831,1,Known_Family_Only,Potential_Novel_Family
11258,11804,1,Known_Family_Only,Potential_Novel_Family
1734,10044,1,Known_Family_Only,Potential_Novel_Family
1719,3172,1,Known_Family_Only,Potential_Novel_Family
1719,2341,1,Known_Family_Only,Known_Family_Only
1719,9193,1,Known_Family_Only,Known_Family_Only
6320,14028,1,Expanded_Known_Family,Potential_Novel_Family
6320,11807,1,Expanded_Known_Family,Potential_Novel_Family
6320,14240,1,Expanded_Known_Family,Potential_Novel_Family
9877,13540,2,Expanded_Known_Family,Known_Family_Only
9877,1558,1,Expanded_Known_Family,Potential_Novel_Family
10640,12850,1,Potential_Novel_Family,Potential_Novel_Family
6283,10937,2,Expanded_Known_Family,Expanded_Known_Family
3904,5634,1,Potential_Novel_Family,Potential_Novel_Family
7359,10801,1,Expanded_Known_Family,Known_Family_Only
7359,12210,1,Expanded_Known_Family,Potential_Novel_Family
1096,10249,1,Known_Family_Only,Potential_Novel_Family
1096,13271,1,Known_Family_Only,Expanded_Known_Family
10249,13271,1,Potential_Novel_Family,Expanded_Known_Family
10249,897,2,Potential_Novel_Family,Known_Family_Only
13271,10175,1,Expanded_Known_Family,Potential_Novel_Family
2709,8249,1,Known_Family_Only,Potential_Novel_Family
2425,13494,1,Potential_Novel_Family,Known_Family_Only
161,4746,1,Expanded_Known_Family,Potential_Novel_Family
8439,10839,1,Potential_Novel_Family,Potential_Novel_Family
1661,8490,1,Potential_Novel_Family,Potential_Novel_Family
9732,9808,1,Known_Family_Only,Potential_Novel_Family
13734,14249,1,Potential_Novel_Family,Potential_Novel_Family
13734,12667,1,Potential_Novel_Family,Potential_Novel_Family
5406,7062,1,Potential_Novel_Family,Known_Family_Only
10312,13038,1,Potential_Novel_Family,Known_Family_Only
10312,7452,1,Potential_Novel_Family,Potential_Novel_Family
10312,9750,1,Potential_Novel_Family,Known_Family_Only
2279,2392,1,Potential_Novel_Family,Potential_Novel_Family
2610,9160,1,Potential_Novel_Family,Known_Family_Only
2610,9362,3,Potential_Novel_Family,Potential_Novel_Family
2610,9433,1,Potential_Novel_Family,Potential_Novel_Family
909,6310,1,Potential_Novel_Family,Known_Family_Only
9028,10910,1,Expanded_Known_Family,Potential_Novel_Family
1520,4972,1,Potential_Novel_Family,Known_Family_Only
7973,10124,1,Potential_Novel_Family,Potential_Novel_Family
3121,3950,1,Potential_Novel_Family,Potential_Novel_Family
1184,2322,1,Potential_Novel_Family,Potential_Novel_Family
1184,3586,1,Potential_Novel_Family,Expanded_Known_Family
2322,3586,1,Potential_Novel_Family,Expanded_Known_Family
3586,1813,1,Expanded_Known_Family,Potential_Novel_Family
2840,6231,1,Known_Family_Only,Potential_Novel_Family
7201,11891,2,Potential_Novel_Family,Potential_Novel_Family
6611,9124,1,Known_Family_Only,Potential_Novel_Family
5979,7935,6,Expanded_Known_Family,Expanded_Known_Family
5616,7710,1,Potential_Novel_Family,Potential_Novel_Family
1424,6639,1,Known_Family_Only,Potential_Novel_Family
8149,11109,1,Expanded_Known_Family,Potential_Novel_Family
8149,1543,2,Expanded_Known_Family,Potential_Novel_Family
8149,11816,1,Expanded_Known_Family,Known_Family_Only
8149,10658,1,Expanded_Known_Family,Known_Family_Only
11109,12477,1,Potential_Novel_Family,Potential_Novel_Family
15,8747,1,Expanded_Known_Family,Expanded_Known_Family
15,509,1,Expanded_Known_Family,Potential_Novel_Family
15,10980,1,Expanded_Known_Family,Expanded_Known_Family
8747,11784,1,Expanded_Known_Family,Potential_Novel_Family
8456,12851,1,Potential_Novel_Family,Potential_Novel_Family
4580,7243,1,Potential_Novel_Family,Known_Family_Only
4580,8330,1,Potential_Novel_Family,Expanded_Known_Family
7243,8330,1,Known_Family_Only,Expanded_Known_Family
8330,1314,2,Expanded_Known_Family,Expanded_Known_Family
8330,807,1,Expanded_Known_Family,Expanded_Known_Family
8330,191,1,Expanded_Known_Family,Potential_Novel_Family
8330,1401,1,Expanded_Known_Family,Known_Family_Only
8330,2590,1,Expanded_Known_Family,Known_Family_Only
8330,7947,1,Expanded_Known_Family,Known_Family_Only
8330,10691,1,Expanded_Known_Family,Known_Family_Only
8330,7404,4,Expanded_Known_Family,Known_Family_Only
8330,10091,4,Expanded_Known_Family,Expanded_Known_Family
8330,6239,1,Expanded_Known_Family,Known_Family_Only
8330,2965,1,Expanded_Known_Family,Known_Family_Only
8330,12255,1,Expanded_Known_Family,Known_Family_Only
9999,10932,1,Known_Family_Only,Potential_Novel_Family
12235,12706,1,Known_Family_Only,Expanded_Known_Family
2058,3338,2,Known_Family_Only,Potential_Novel_Family
3727,8598,2,Known_Family_Only,Potential_Novel_Family
3727,11612,2,Known_Family_Only,Potential_Novel_Family
8598,11612,2,Potential_Novel_Family,Potential_Novel_Family
995,8757,1,Potential_Novel_Family,Expanded_Known_Family
8757,1249,2,Expanded_Known_Family,Potential_Novel_Family
10000,4264,1,Potential_Novel_Family,Potential_Novel_Family
12707,216,1,Known_Family_Only,Known_Family_Only
12707,13638,1,Known_Family_Only,Potential_Novel_Family
7362,13312,3,Known_Family_Only,Potential_Novel_Family
12743,14169,1,Known_Family_Only,Potential_Novel_Family
1654,1131,1,Potential_Novel_Family,Known_Family_Only
3591,4047,1,Expanded_Known_Family,Known_Family_Only
3591,6557,1,Expanded_Known_Family,Potential_Novel_Family
919,2818,1,Known_Family_Only,Known_Family_Only
8317,12009,1,Potential_Novel_Family,Potential_Novel_Family
7680,10933,1,Potential_Novel_Family,Known_Family_Only
269,4316,1,Potential_Novel_Family,Potential_Novel_Family
5139,14299,1,Known_Family_Only,Potential_Novel_Family
3861,8457,1,Potential_Novel_Family,Known_Family_Only
96,1197,2,Expanded_Known_Family,Known_Family_Only
96,1283,1,Expanded_Known_Family,Potential_Novel_Family
96,1945,4,Expanded_Known_Family,Known_Family_Only
96,3156,2,Expanded_Known_Family,Expanded_Known_Family
96,9266,1,Expanded_Known_Family,Expanded_Known_Family
96,2811,2,Expanded_Known_Family,Known_Family_Only
96,9130,2,Expanded_Known_Family,Expanded_Known_Family
13015,13635,1,Known_Family_Only,Potential_Novel_Family
7167,7302,1,Potential_Novel_Family,Known_Family_Only
6612,6840,2,Potential_Novel_Family,Expanded_Known_Family
6612,7168,2,Potential_Novel_Family,Potential_Novel_Family
6840,7168,2,Expanded_Known_Family,Potential_Novel_Family
4087,12267,1,Potential_Novel_Family,Potential_Novel_Family
4143,11110,1,Potential_Novel_Family,Known_Family_Only
2995,5982,5,Expanded_Known_Family,Expanded_Known_Family
5982,10216,1,Expanded_Known_Family,Potential_Novel_Family
1101,6640,1,Known_Family_Only,Known_Family_Only
1101,7645,1,Known_Family_Only,Potential_Novel_Family
6640,7645,1,Known_Family_Only,Potential_Novel_Family
463,6284,3,Expanded_Known_Family,Expanded_Known_Family
463,797,2,Expanded_Known_Family,Known_Family_Only
463,5834,2,Expanded_Known_Family,Potential_Novel_Family
6284,797,2,Expanded_Known_Family,Known_Family_Only
6284,5834,2,Expanded_Known_Family,Potential_Novel_Family
10641,12628,1,Potential_Novel_Family,Potential_Novel_Family
6025,7360,1,Known_Family_Only,Potential_Novel_Family
6025,13362,1,Known_Family_Only,Expanded_Known_Family
7360,13362,1,Potential_Novel_Family,Expanded_Known_Family
13362,5178,2,Expanded_Known_Family,Expanded_Known_Family
13362,12189,2,Expanded_Known_Family,Expanded_Known_Family
3371,8285,1,Potential_Novel_Family,Potential_Novel_Family
9880,12040,1,Potential_Novel_Family,Known_Family_Only
5218,10241,1,Known_Family_Only,Known_Family_Only
5218,9510,1,Known_Family_Only,Potential_Novel_Family
291,8774,3,Expanded_Known_Family,Expanded_Known_Family
291,2654,1,Expanded_Known_Family,Expanded_Known_Family
291,12433,1,Expanded_Known_Family,Potential_Novel_Family
8774,2654,2,Expanded_Known_Family,Expanded_Known_Family
8774,12433,1,Expanded_Known_Family,Potential_Novel_Family
1668,12814,1,Potential_Novel_Family,Known_Family_Only
1515,3663,1,Known_Family_Only,Potential_Novel_Family
1536,2260,1,Potential_Novel_Family,Known_Family_Only
3229,9588,1,Known_Family_Only,Potential_Novel_Family
3229,10581,1,Known_Family_Only,Potential_Novel_Family
12852,14116,1,Potential_Novel_Family,Known_Family_Only
389,587,5,Expanded_Known_Family,Expanded_Known_Family
11776,14279,1,Potential_Novel_Family,Known_Family_Only
957,3841,1,Known_Family_Only,Potential_Novel_Family
6785,10165,1,Potential_Novel_Family,Known_Family_Only
807,4854,1,Expanded_Known_Family,Known_Family_Only
807,1314,1,Expanded_Known_Family,Expanded_Known_Family
12708,13773,1,Potential_Novel_Family,Known_Family_Only
12418,12723,2,Expanded_Known_Family,Expanded_Known_Family
2775,2894,1,Known_Family_Only,Potential_Novel_Family
13115,13665,1,Potential_Novel_Family,Potential_Novel_Family
13665,12484,1,Potential_Novel_Family,Potential_Novel_Family
808,1350,1,Potential_Novel_Family,Known_Family_Only
13666,495,1,Expanded_Known_Family,Known_Family_Only
1406,6311,1,Known_Family_Only,Potential_Novel_Family
4726,5290,1,Potential_Novel_Family,Known_Family_Only
5238,10870,1,Potential_Novel_Family,Known_Family_Only
5366,11290,2,Known_Family_Only,Potential_Novel_Family
10774,12036,2,Expanded_Known_Family,Potential_Novel_Family
12036,14241,1,Potential_Novel_Family,Known_Family_Only
2776,11000,1,Potential_Novel_Family,Known_Family_Only
5345,5692,1,Known_Family_Only,Potential_Novel_Family
9040,12778,1,Known_Family_Only,Potential_Novel_Family
4797,14117,1,Potential_Novel_Family,Potential_Novel_Family
1497,6312,1,Known_Family_Only,Potential_Novel_Family
62,114,1,Potential_Novel_Family,Potential_Novel_Family
62,163,1,Potential_Novel_Family,Expanded_Known_Family
62,8298,1,Potential_Novel_Family,Expanded_Known_Family
114,163,1,Potential_Novel_Family,Expanded_Known_Family
163,12144,1,Expanded_Known_Family,Potential_Novel_Family
8853,13016,1,Potential_Novel_Family,Potential_Novel_Family
8853,12024,1,Potential_Novel_Family,Known_Family_Only
9095,13379,1,Potential_Novel_Family,Known_Family_Only
3759,12421,2,Expanded_Known_Family,Potential_Novel_Family
3759,456,1,Expanded_Known_Family,Potential_Novel_Family
594,2351,1,Potential_Novel_Family,Expanded_Known_Family
594,9545,1,Potential_Novel_Family,Known_Family_Only
2351,9545,1,Expanded_Known_Family,Known_Family_Only
2351,10791,1,Expanded_Known_Family,Potential_Novel_Family
4036,13001,1,Potential_Novel_Family,Expanded_Known_Family
13001,5889,1,Expanded_Known_Family,Expanded_Known_Family
13001,13445,1,Expanded_Known_Family,Known_Family_Only
13001,5343,1,Expanded_Known_Family,Expanded_Known_Family
13001,6215,1,Expanded_Known_Family,Potential_Novel_Family
13001,13433,1,Expanded_Known_Family,Expanded_Known_Family
8458,12326,1,Known_Family_Only,Potential_Novel_Family
4480,13039,1,Potential_Novel_Family,Potential_Novel_Family
7378,12709,1,Potential_Novel_Family,Potential_Novel_Family
7378,7152,1,Potential_Novel_Family,Known_Family_Only
10967,14289,1,Known_Family_Only,Potential_Novel_Family
4366,5320,2,Expanded_Known_Family,Expanded_Known_Family
4798,8562,1,Potential_Novel_Family,Potential_Novel_Family
6342,9358,1,Known_Family_Only,Potential_Novel_Family
4098,14077,1,Potential_Novel_Family,Known_Family_Only
7574,13207,1,Potential_Novel_Family,Potential_Novel_Family
6073,13833,1,Known_Family_Only,Potential_Novel_Family
3799,5291,1,Potential_Novel_Family,Potential_Novel_Family
2841,9096,1,Potential_Novel_Family,Potential_Novel_Family
2841,9041,3,Potential_Novel_Family,Expanded_Known_Family
3122,8491,3,Expanded_Known_Family,Expanded_Known_Family
74,11716,1,Expanded_Known_Family,Potential_Novel_Family
11716,8360,1,Potential_Novel_Family,Potential_Novel_Family
3603,4412,1,Known_Family_Only,Expanded_Known_Family
3603,14030,1,Known_Family_Only,Potential_Novel_Family
4412,14030,1,Expanded_Known_Family,Potential_Novel_Family
4412,7805,1,Expanded_Known_Family,Known_Family_Only
4412,8585,1,Expanded_Known_Family,Potential_Novel_Family
401,5353,1,Expanded_Known_Family,Expanded_Known_Family
401,2979,1,Expanded_Known_Family,Potential_Novel_Family
5353,14285,1,Expanded_Known_Family,Potential_Novel_Family
5353,1300,2,Expanded_Known_Family,Potential_Novel_Family
5353,256,1,Expanded_Known_Family,Known_Family_Only
652,2021,1,Potential_Novel_Family,Potential_Novel_Family
4263,11892,1,Expanded_Known_Family,Known_Family_Only
4263,6666,1,Expanded_Known_Family,Potential_Novel_Family
220,3196,3,Expanded_Known_Family,Potential_Novel_Family
220,6807,1,Expanded_Known_Family,Known_Family_Only
220,12403,1,Expanded_Known_Family,Potential_Novel_Family
8492,12365,1,Potential_Novel_Family,Potential_Novel_Family
8359,10381,1,Potential_Novel_Family,Known_Family_Only
5321,11111,1,Known_Family_Only,Potential_Novel_Family
13380,13568,1,Potential_Novel_Family,Potential_Novel_Family
9546,11695,1,Known_Family_Only,Potential_Novel_Family
12890,13381,1,Potential_Novel_Family,Potential_Novel_Family
4645,12460,1,Expanded_Known_Family,Potential_Novel_Family
1526,6641,1,Potential_Novel_Family,Potential_Novel_Family
6403,12664,1,Known_Family_Only,Potential_Novel_Family
6403,6425,1,Known_Family_Only,Potential_Novel_Family
3330,7974,1,Expanded_Known_Family,Potential_Novel_Family
3330,13779,1,Expanded_Known_Family,Potential_Novel_Family
3330,11726,1,Expanded_Known_Family,Potential_Novel_Family
3330,4885,1,Expanded_Known_Family,Potential_Novel_Family
1964,7946,1,Known_Family_Only,Potential_Novel_Family
1979,11260,1,Expanded_Known_Family,Potential_Novel_Family
1979,11365,1,Expanded_Known_Family,Potential_Novel_Family
5685,7202,5,Expanded_Known_Family,Expanded_Known_Family
180,1391,2,Potential_Novel_Family,Expanded_Known_Family
180,892,1,Potential_Novel_Family,Known_Family_Only
180,745,1,Potential_Novel_Family,Known_Family_Only
180,1320,1,Potential_Novel_Family,Known_Family_Only
5635,9286,1,Known_Family_Only,Potential_Novel_Family
6200,7936,1,Potential_Novel_Family,Known_Family_Only
6749,6805,2,Expanded_Known_Family,Potential_Novel_Family
4830,13208,2,Potential_Novel_Family,Potential_Novel_Family
3998,11517,2,Potential_Novel_Family,Known_Family_Only
6343,6369,1,Potential_Novel_Family,Known_Family_Only
3777,10300,1,Potential_Novel_Family,Known_Family_Only
9713,12106,1,Known_Family_Only,Potential_Novel_Family
9713,11298,1,Known_Family_Only,Potential_Novel_Family
1834,12589,3,Expanded_Known_Family,Potential_Novel_Family
3090,8821,1,Known_Family_Only,Potential_Novel_Family
2372,2480,3,Expanded_Known_Family,Expanded_Known_Family
2372,1417,1,Expanded_Known_Family,Known_Family_Only
2480,2117,1,Expanded_Known_Family,Known_Family_Only
2480,1417,1,Expanded_Known_Family,Known_Family_Only
11893,14200,1,Potential_Novel_Family,Potential_Novel_Family
3505,4341,1,Potential_Novel_Family,Known_Family_Only
13524,13888,1,Known_Family_Only,Potential_Novel_Family
3268,8977,1,Expanded_Known_Family,Potential_Novel_Family
5189,4687,1,Potential_Novel_Family,Known_Family_Only
9114,13194,2,Expanded_Known_Family,Expanded_Known_Family
9114,968,1,Expanded_Known_Family,Known_Family_Only
12949,13495,1,Potential_Novel_Family,Potential_Novel_Family
2874,8708,1,Expanded_Known_Family,Potential_Novel_Family
2874,7492,1,Expanded_Known_Family,Expanded_Known_Family
7937,12853,1,Potential_Novel_Family,Potential_Novel_Family
13842,14239,1,Expanded_Known_Family,Known_Family_Only
13842,8432,1,Expanded_Known_Family,Potential_Novel_Family
472,613,7,Expanded_Known_Family,Potential_Novel_Family
472,7311,1,Expanded_Known_Family,Known_Family_Only
613,7311,1,Potential_Novel_Family,Known_Family_Only
8822,9894,1,Expanded_Known_Family,Potential_Novel_Family
9879,12141,1,Potential_Novel_Family,Known_Family_Only
1392,4831,1,Known_Family_Only,Known_Family_Only
1392,12445,1,Known_Family_Only,Known_Family_Only
4831,12445,1,Known_Family_Only,Known_Family_Only
4632,12891,4,Potential_Novel_Family,Expanded_Known_Family
4632,3161,1,Potential_Novel_Family,Expanded_Known_Family
4063,10569,1,Potential_Novel_Family,Expanded_Known_Family
10569,4410,2,Expanded_Known_Family,Potential_Novel_Family
6548,13949,1,Potential_Novel_Family,Potential_Novel_Family
77,14078,1,Expanded_Known_Family,Known_Family_Only
77,27,1,Expanded_Known_Family,Known_Family_Only
77,1338,1,Expanded_Known_Family,Expanded_Known_Family
77,2272,1,Expanded_Known_Family,Known_Family_Only
77,3110,1,Expanded_Known_Family,Expanded_Known_Family
77,5797,1,Expanded_Known_Family,Potential_Novel_Family
77,7109,1,Expanded_Known_Family,Potential_Novel_Family
77,10851,1,Expanded_Known_Family,Known_Family_Only
190,11967,1,Expanded_Known_Family,Potential_Novel_Family
306,2654,8,Expanded_Known_Family,Expanded_Known_Family
306,9316,6,Expanded_Known_Family,Known_Family_Only
306,11294,1,Expanded_Known_Family,Known_Family_Only
2654,9316,6,Expanded_Known_Family,Known_Family_Only
2654,12433,1,Expanded_Known_Family,Potential_Novel_Family
2426,6841,1,Potential_Novel_Family,Expanded_Known_Family
2426,7802,1,Potential_Novel_Family,Potential_Novel_Family
2426,4881,1,Potential_Novel_Family,Potential_Novel_Family
6841,7802,1,Expanded_Known_Family,Potential_Novel_Family
6841,5296,1,Expanded_Known_Family,Known_Family_Only
6841,6422,1,Expanded_Known_Family,Potential_Novel_Family
6841,10815,1,Expanded_Known_Family,Known_Family_Only
2394,6479,1,Potential_Novel_Family,Known_Family_Only
6479,1626,1,Known_Family_Only,Potential_Novel_Family
2066,5919,1,Potential_Novel_Family,Known_Family_Only
5350,14079,1,Expanded_Known_Family,Expanded_Known_Family
5350,1738,1,Expanded_Known_Family,Potential_Novel_Family
14079,11226,1,Expanded_Known_Family,Potential_Novel_Family
3826,10421,1,Potential_Novel_Family,Known_Family_Only
1274,1542,1,Known_Family_Only,Potential_Novel_Family
2855,3778,1,Known_Family_Only,Known_Family_Only
474,6806,1,Potential_Novel_Family,Known_Family_Only
12294,12665,1,Potential_Novel_Family,Potential_Novel_Family
1793,5239,1,Potential_Novel_Family,Known_Family_Only
3648,8392,1,Potential_Novel_Family,Known_Family_Only
1972,2578,1,Known_Family_Only,Potential_Novel_Family
7393,13144,1,Known_Family_Only,Potential_Novel_Family
4684,8563,1,Potential_Novel_Family,Known_Family_Only
3933,9161,1,Known_Family_Only,Potential_Novel_Family
3313,9427,1,Expanded_Known_Family,Potential_Novel_Family
3313,10018,1,Expanded_Known_Family,Potential_Novel_Family
2131,2224,1,Potential_Novel_Family,Potential_Novel_Family
2224,2663,1,Potential_Novel_Family,Expanded_Known_Family
6226,9809,1,Known_Family_Only,Potential_Novel_Family
2821,11834,1,Expanded_Known_Family,Potential_Novel_Family
2821,5884,1,Expanded_Known_Family,Potential_Novel_Family
2039,2537,2,Potential_Novel_Family,Known_Family_Only
2039,13603,1,Potential_Novel_Family,Potential_Novel_Family
3506,9959,1,Known_Family_Only,Potential_Novel_Family
2921,8212,1,Expanded_Known_Family,Potential_Novel_Family
2921,4587,1,Expanded_Known_Family,Potential_Novel_Family
7647,8213,1,Known_Family_Only,Potential_Novel_Family
4255,7002,1,Potential_Novel_Family,Known_Family_Only
4255,9623,1,Potential_Novel_Family,Potential_Novel_Family
7002,9623,1,Known_Family_Only,Potential_Novel_Family
4799,12142,1,Potential_Novel_Family,Potential_Novel_Family
4566,13864,1,Potential_Novel_Family,Potential_Novel_Family
4566,14126,1,Potential_Novel_Family,Known_Family_Only
699,12010,1,Potential_Novel_Family,Potential_Novel_Family
2436,13636,1,Expanded_Known_Family,Potential_Novel_Family
5789,10166,1,Potential_Novel_Family,Known_Family_Only
5961,10968,1,Potential_Novel_Family,Known_Family_Only
12892,8897,1,Expanded_Known_Family,Potential_Novel_Family
637,9066,1,Expanded_Known_Family,Known_Family_Only
637,3515,1,Expanded_Known_Family,Potential_Novel_Family
10045,11353,1,Potential_Novel_Family,Known_Family_Only
5686,8118,1,Potential_Novel_Family,Known_Family_Only
4658,9497,1,Potential_Novel_Family,Potential_Novel_Family
4658,3202,1,Potential_Novel_Family,Potential_Novel_Family
1063,7975,1,Known_Family_Only,Potential_Novel_Family
4408,7214,2,Expanded_Known_Family,Expanded_Known_Family
1126,10431,1,Potential_Novel_Family,Expanded_Known_Family
10431,12216,2,Expanded_Known_Family,Potential_Novel_Family
10125,11291,2,Known_Family_Only,Potential_Novel_Family
4943,8152,1,Potential_Novel_Family,Potential_Novel_Family
4943,12077,1,Potential_Novel_Family,Potential_Novel_Family
4943,2094,1,Potential_Novel_Family,Known_Family_Only
4943,5670,1,Potential_Novel_Family,Known_Family_Only
7004,13476,1,Potential_Novel_Family,Known_Family_Only
12711,13272,1,Known_Family_Only,Potential_Novel_Family
13429,14262,1,Potential_Novel_Family,Known_Family_Only
12175,14201,1,Potential_Novel_Family,Known_Family_Only
6662,13950,1,Potential_Novel_Family,Potential_Novel_Family
1492,4380,1,Known_Family_Only,Potential_Novel_Family
4380,11381,1,Potential_Novel_Family,Potential_Novel_Family
6371,9960,2,Potential_Novel_Family,Known_Family_Only
8246,10531,1,Known_Family_Only,Potential_Novel_Family
1802,11682,2,Expanded_Known_Family,Expanded_Known_Family
1802,4942,1,Expanded_Known_Family,Known_Family_Only
7648,14005,1,Known_Family_Only,Potential_Novel_Family
12816,13427,1,Potential_Novel_Family,Known_Family_Only
1984,7611,1,Potential_Novel_Family,Known_Family_Only
11587,14331,3,Potential_Novel_Family,Expanded_Known_Family
9024,14085,4,Expanded_Known_Family,Expanded_Known_Family
7394,7649,1,Known_Family_Only,Potential_Novel_Family
3473,11614,1,Expanded_Known_Family,Potential_Novel_Family
11777,11968,1,Known_Family_Only,Potential_Novel_Family
646,982,2,Potential_Novel_Family,Expanded_Known_Family
4343,12074,1,Expanded_Known_Family,Expanded_Known_Family
4343,12631,1,Expanded_Known_Family,Known_Family_Only
1353,1651,2,Expanded_Known_Family,Known_Family_Only
1353,1859,2,Expanded_Known_Family,Known_Family_Only
12037,12201,1,Known_Family_Only,Potential_Novel_Family
242,6227,1,Expanded_Known_Family,Known_Family_Only
3218,11069,1,Known_Family_Only,Potential_Novel_Family
3218,5028,1,Known_Family_Only,Known_Family_Only
3218,6583,1,Known_Family_Only,Potential_Novel_Family
4077,6450,4,Potential_Novel_Family,Expanded_Known_Family
4077,8668,1,Potential_Novel_Family,Known_Family_Only
4077,5505,1,Potential_Novel_Family,Potential_Novel_Family
7711,13145,1,Known_Family_Only,Potential_Novel_Family
1532,5368,1,Potential_Novel_Family,Known_Family_Only
1523,7247,3,Expanded_Known_Family,Potential_Novel_Family
3870,10841,4,Expanded_Known_Family,Expanded_Known_Family
3870,11003,1,Expanded_Known_Family,Potential_Novel_Family
647,11495,3,Expanded_Known_Family,Potential_Novel_Family
647,12218,1,Expanded_Known_Family,Known_Family_Only
11495,1804,1,Potential_Novel_Family,Expanded_Known_Family
636,3372,4,Potential_Novel_Family,Known_Family_Only
7881,387,2,Expanded_Known_Family,Known_Family_Only
7881,5088,2,Expanded_Known_Family,Known_Family_Only
7881,4395,1,Expanded_Known_Family,Known_Family_Only
7341,8777,1,Potential_Novel_Family,Known_Family_Only
7278,10678,1,Potential_Novel_Family,Potential_Novel_Family
3134,7245,1,Known_Family_Only,Potential_Novel_Family
8778,9287,1,Expanded_Known_Family,Potential_Novel_Family
6395,12328,1,Known_Family_Only,Potential_Novel_Family
2830,10274,1,Known_Family_Only,Potential_Novel_Family
7003,14031,1,Potential_Novel_Family,Known_Family_Only
8393,11144,1,Known_Family_Only,Potential_Novel_Family
2301,3184,1,Potential_Novel_Family,Expanded_Known_Family
3184,6988,1,Expanded_Known_Family,Potential_Novel_Family
4608,12327,1,Potential_Novel_Family,Known_Family_Only
1102,11262,1,Potential_Novel_Family,Known_Family_Only
1271,3155,1,Known_Family_Only,Potential_Novel_Family
4064,11183,1,Potential_Novel_Family,Potential_Novel_Family
5920,6344,1,Potential_Novel_Family,Known_Family_Only
5920,12446,1,Potential_Novel_Family,Known_Family_Only
6344,12446,1,Known_Family_Only,Known_Family_Only
4435,8287,2,Known_Family_Only,Potential_Novel_Family
1196,3384,1,Expanded_Known_Family,Potential_Novel_Family
1196,9788,1,Expanded_Known_Family,Known_Family_Only
11778,14196,1,Potential_Novel_Family,Potential_Novel_Family
589,10275,5,Expanded_Known_Family,Potential_Novel_Family
11220,142,1,Expanded_Known_Family,Expanded_Known_Family
6941,7094,3,Potential_Novel_Family,Potential_Novel_Family
7094,8362,1,Potential_Novel_Family,Known_Family_Only
4902,8894,2,Known_Family_Only,Potential_Novel_Family
7616,4661,1,Potential_Novel_Family,Known_Family_Only
6177,8018,1,Expanded_Known_Family,Expanded_Known_Family
6177,5078,1,Expanded_Known_Family,Expanded_Known_Family
8018,12865,1,Expanded_Known_Family,Known_Family_Only
5191,7575,1,Known_Family_Only,Potential_Novel_Family
4262,5413,3,Expanded_Known_Family,Potential_Novel_Family
881,10532,1,Known_Family_Only,Potential_Novel_Family
3474,11112,2,Potential_Novel_Family,Expanded_Known_Family
2629,10775,1,Known_Family_Only,Potential_Novel_Family
12295,13527,1,Potential_Novel_Family,Known_Family_Only
2569,13528,1,Potential_Novel_Family,Potential_Novel_Family
1436,2735,2,Potential_Novel_Family,Known_Family_Only
1436,1717,2,Potential_Novel_Family,Known_Family_Only
2735,1717,1,Known_Family_Only,Known_Family_Only
12854,14080,1,Potential_Novel_Family,Potential_Novel_Family
13210,13733,1,Potential_Novel_Family,Known_Family_Only
13598,13637,1,Potential_Novel_Family,Known_Family_Only
1338,3110,2,Expanded_Known_Family,Expanded_Known_Family
1338,27,1,Expanded_Known_Family,Known_Family_Only
1338,2272,1,Expanded_Known_Family,Known_Family_Only
1338,5797,1,Expanded_Known_Family,Potential_Novel_Family
1338,7109,1,Expanded_Known_Family,Potential_Novel_Family
3110,27,1,Expanded_Known_Family,Known_Family_Only
3110,2272,1,Expanded_Known_Family,Known_Family_Only
3110,5797,1,Expanded_Known_Family,Potential_Novel_Family
3110,7109,1,Expanded_Known_Family,Potential_Novel_Family
5540,8124,3,Known_Family_Only,Known_Family_Only
5540,12817,3,Known_Family_Only,Potential_Novel_Family
5540,13462,3,Known_Family_Only,Known_Family_Only
5540,13529,3,Known_Family_Only,Known_Family_Only
8124,12817,3,Known_Family_Only,Potential_Novel_Family
8124,13462,3,Known_Family_Only,Known_Family_Only
8124,13529,3,Known_Family_Only,Known_Family_Only
12817,13462,3,Potential_Novel_Family,Known_Family_Only
12817,13529,3,Potential_Novel_Family,Known_Family_Only
13462,13529,3,Known_Family_Only,Known_Family_Only
13462,3784,1,Known_Family_Only,Known_Family_Only
13462,11209,1,Known_Family_Only,Potential_Novel_Family
6516,10250,1,Known_Family_Only,Expanded_Known_Family
4594,10707,1,Potential_Novel_Family,Potential_Novel_Family
4594,1632,1,Potential_Novel_Family,Known_Family_Only
4594,5837,1,Potential_Novel_Family,Potential_Novel_Family
2067,8636,1,Potential_Novel_Family,Known_Family_Only
12857,6500,1,Expanded_Known_Family,Expanded_Known_Family
12857,6027,1,Expanded_Known_Family,Potential_Novel_Family
1051,6877,1,Potential_Novel_Family,Known_Family_Only
1051,10493,1,Potential_Novel_Family,Known_Family_Only
2438,6613,1,Potential_Novel_Family,Potential_Novel_Family
2089,1511,1,Known_Family_Only,Potential_Novel_Family
2089,5327,1,Known_Family_Only,Potential_Novel_Family
354,13146,1,Potential_Novel_Family,Potential_Novel_Family
13146,1852,1,Potential_Novel_Family,Known_Family_Only
5878,12420,2,Potential_Novel_Family,Known_Family_Only
13668,13774,1,Known_Family_Only,Potential_Novel_Family
7203,7803,1,Potential_Novel_Family,Known_Family_Only
3953,9778,1,Known_Family_Only,Potential_Novel_Family
9459,13599,1,Potential_Novel_Family,Known_Family_Only
1901,4634,1,Potential_Novel_Family,Potential_Novel_Family
2200,5636,1,Known_Family_Only,Potential_Novel_Family
2200,6495,1,Known_Family_Only,Expanded_Known_Family
5636,6495,1,Potential_Novel_Family,Expanded_Known_Family
6495,1958,2,Expanded_Known_Family,Expanded_Known_Family
6495,4880,2,Expanded_Known_Family,Expanded_Known_Family
12560,13705,1,Known_Family_Only,Potential_Novel_Family
9162,12108,2,Potential_Novel_Family,Expanded_Known_Family
1955,10934,1,Potential_Novel_Family,Potential_Novel_Family
14007,14186,1,Known_Family_Only,Potential_Novel_Family
329,1174,4,Potential_Novel_Family,Expanded_Known_Family
6878,7064,1,Potential_Novel_Family,Known_Family_Only
385,1723,13,Expanded_Known_Family,Expanded_Known_Family
385,1663,2,Expanded_Known_Family,Potential_Novel_Family
385,8868,1,Expanded_Known_Family,Known_Family_Only
385,2623,1,Expanded_Known_Family,Known_Family_Only
854,13974,1,Potential_Novel_Family,Known_Family_Only
53,1487,1,Known_Family_Only,Potential_Novel_Family
53,12712,1,Known_Family_Only,Known_Family_Only
1487,12712,1,Potential_Novel_Family,Known_Family_Only
6549,6751,1,Known_Family_Only,Potential_Novel_Family
6549,1695,1,Known_Family_Only,Potential_Novel_Family
2942,9010,3,Potential_Novel_Family,Potential_Novel_Family
8889,9067,1,Potential_Novel_Family,Known_Family_Only
12515,13440,2,Expanded_Known_Family,Potential_Novel_Family
1589,10352,2,Expanded_Known_Family,Expanded_Known_Family
8394,10167,1,Known_Family_Only,Potential_Novel_Family
82,515,1,Expanded_Known_Family,Expanded_Known_Family
595,13235,1,Known_Family_Only,Potential_Novel_Family
10242,11662,1,Known_Family_Only,Potential_Novel_Family
7492,12828,2,Expanded_Known_Family,Potential_Novel_Family
7492,9071,1,Expanded_Known_Family,Known_Family_Only
7492,10056,1,Expanded_Known_Family,Known_Family_Only
12828,10056,1,Potential_Novel_Family,Known_Family_Only
944,2777,1,Potential_Novel_Family,Known_Family_Only
10871,11434,1,Potential_Novel_Family,Potential_Novel_Family
11434,7905,1,Potential_Novel_Family,Known_Family_Only
11434,8679,1,Potential_Novel_Family,Known_Family_Only
11434,9473,1,Potential_Novel_Family,Potential_Novel_Family
10276,14280,1,Potential_Novel_Family,Known_Family_Only
473,634,2,Expanded_Known_Family,Known_Family_Only
473,440,1,Expanded_Known_Family,Potential_Novel_Family
473,9598,2,Expanded_Known_Family,Expanded_Known_Family
473,738,1,Expanded_Known_Family,Potential_Novel_Family
4093,2557,1,Known_Family_Only,Known_Family_Only
5687,9319,1,Potential_Novel_Family,Known_Family_Only
13430,14304,1,Potential_Novel_Family,Known_Family_Only
6663,10803,1,Potential_Novel_Family,Potential_Novel_Family
9428,10896,1,Potential_Novel_Family,Potential_Novel_Family
1064,4458,2,Expanded_Known_Family,Expanded_Known_Family
2895,4482,1,Known_Family_Only,Expanded_Known_Family
4482,3350,1,Expanded_Known_Family,Potential_Novel_Family
7833,13172,2,Potential_Novel_Family,Potential_Novel_Family
9624,12982,1,Potential_Novel_Family,Known_Family_Only
2083,3307,1,Potential_Novel_Family,Potential_Novel_Family
2083,4121,1,Potential_Novel_Family,Potential_Novel_Family
3307,4121,1,Potential_Novel_Family,Potential_Novel_Family
479,1965,1,Potential_Novel_Family,Known_Family_Only
4567,13775,1,Expanded_Known_Family,Known_Family_Only
4567,4149,1,Expanded_Known_Family,Potential_Novel_Family
5310,11133,1,Potential_Novel_Family,Known_Family_Only
5310,4810,1,Potential_Novel_Family,Known_Family_Only
3198,7865,1,Known_Family_Only,Potential_Novel_Family
515,2831,1,Expanded_Known_Family,Known_Family_Only
515,41,2,Expanded_Known_Family,Expanded_Known_Family
11938,13706,1,Known_Family_Only,Potential_Novel_Family
3701,4807,1,Potential_Novel_Family,Expanded_Known_Family
4807,3566,1,Expanded_Known_Family,Known_Family_Only
2548,9125,1,Known_Family_Only,Potential_Novel_Family
4994,11717,1,Potential_Novel_Family,Potential_Novel_Family
243,4235,1,Potential_Novel_Family,Potential_Novel_Family
1042,2025,1,Known_Family_Only,Potential_Novel_Family
1042,5240,1,Known_Family_Only,Expanded_Known_Family
2025,5240,1,Potential_Novel_Family,Expanded_Known_Family
5240,7683,1,Expanded_Known_Family,Potential_Novel_Family
5831,9219,1,Potential_Novel_Family,Potential_Novel_Family
2590,191,1,Known_Family_Only,Potential_Novel_Family
2590,1401,1,Known_Family_Only,Known_Family_Only
2590,7947,1,Known_Family_Only,Known_Family_Only
2590,10691,1,Known_Family_Only,Known_Family_Only
5075,6280,1,Potential_Novel_Family,Potential_Novel_Family
1006,11862,1,Potential_Novel_Family,Known_Family_Only
1006,6753,1,Potential_Novel_Family,Expanded_Known_Family
1949,10458,1,Potential_Novel_Family,Known_Family_Only
8637,11915,1,Potential_Novel_Family,Known_Family_Only
8971,12422,1,Known_Family_Only,Potential_Novel_Family
4409,6481,1,Potential_Novel_Family,Known_Family_Only
7065,12476,1,Known_Family_Only,Potential_Novel_Family
6753,2641,1,Expanded_Known_Family,Expanded_Known_Family
4531,11991,1,Known_Family_Only,Potential_Novel_Family
4436,7036,1,Expanded_Known_Family,Known_Family_Only
1847,7509,1,Known_Family_Only,Potential_Novel_Family
658,331,1,Expanded_Known_Family,Expanded_Known_Family
7576,13951,1,Known_Family_Only,Potential_Novel_Family
9248,13707,1,Potential_Novel_Family,Known_Family_Only
9460,10001,1,Known_Family_Only,Potential_Novel_Family
2142,2759,1,Known_Family_Only,Potential_Novel_Family
6714,7047,1,Potential_Novel_Family,Expanded_Known_Family
7047,10854,1,Expanded_Known_Family,Potential_Novel_Family
2763,7748,1,Expanded_Known_Family,Potential_Novel_Family
2763,10384,1,Expanded_Known_Family,Potential_Novel_Family
2763,3768,1,Expanded_Known_Family,Potential_Novel_Family
2881,12713,1,Expanded_Known_Family,Potential_Novel_Family
2881,10392,1,Expanded_Known_Family,Potential_Novel_Family
9188,13383,1,Potential_Novel_Family,Potential_Novel_Family
4256,9916,1,Potential_Novel_Family,Known_Family_Only
11496,12533,1,Potential_Novel_Family,Potential_Novel_Family
10506,13669,3,Expanded_Known_Family,Expanded_Known_Family
3454,10708,1,Known_Family_Only,Potential_Novel_Family
13912,13952,1,Potential_Novel_Family,Potential_Novel_Family
10168,9964,1,Potential_Novel_Family,Known_Family_Only
2179,5662,2,Potential_Novel_Family,Known_Family_Only
997,12038,1,Expanded_Known_Family,Potential_Novel_Family
997,1776,1,Expanded_Known_Family,Potential_Novel_Family
997,5688,1,Expanded_Known_Family,Known_Family_Only
7510,11992,1,Known_Family_Only,Potential_Novel_Family
1004,3702,1,Potential_Novel_Family,Potential_Novel_Family
1004,14273,1,Potential_Novel_Family,Known_Family_Only
1004,6383,1,Potential_Novel_Family,Known_Family_Only
7976,12780,1,Known_Family_Only,Potential_Novel_Family
5855,10486,1,Potential_Novel_Family,Known_Family_Only
8972,11744,1,Potential_Novel_Family,Potential_Novel_Family
4037,9625,1,Potential_Novel_Family,Potential_Novel_Family
128,6715,1,Known_Family_Only,Potential_Novel_Family
11554,12951,1,Potential_Novel_Family,Known_Family_Only
4381,9126,2,Potential_Novel_Family,Potential_Novel_Family
12082,5980,1,Potential_Novel_Family,Expanded_Known_Family
235,1077,1,Known_Family_Only,Potential_Novel_Family
9917,10383,1,Known_Family_Only,Potential_Novel_Family
2397,12256,1,Expanded_Known_Family,Known_Family_Only
1893,5165,1,Potential_Novel_Family,Potential_Novel_Family
1893,5439,1,Potential_Novel_Family,Potential_Novel_Family
5165,5439,1,Potential_Novel_Family,Potential_Novel_Family
9498,13805,1,Potential_Novel_Family,Potential_Novel_Family
5140,13708,1,Known_Family_Only,Potential_Novel_Family
2469,8019,1,Potential_Novel_Family,Expanded_Known_Family
8019,2622,1,Expanded_Known_Family,Expanded_Known_Family
4766,10872,1,Known_Family_Only,Potential_Novel_Family
3072,11146,1,Potential_Novel_Family,Potential_Novel_Family
5759,5810,1,Potential_Novel_Family,Expanded_Known_Family
5810,6459,1,Expanded_Known_Family,Potential_Novel_Family
9962,13953,1,Potential_Novel_Family,Potential_Novel_Family
4122,9961,1,Expanded_Known_Family,Known_Family_Only
4122,1200,2,Expanded_Known_Family,Potential_Novel_Family
4122,5306,2,Expanded_Known_Family,Known_Family_Only
4800,8779,1,Known_Family_Only,Known_Family_Only
3051,9548,1,Potential_Novel_Family,Potential_Novel_Family
7577,10980,1,Potential_Novel_Family,Expanded_Known_Family
3091,12781,1,Potential_Novel_Family,Known_Family_Only
2896,5462,1,Potential_Novel_Family,Known_Family_Only
330,1057,1,Known_Family_Only,Potential_Novel_Family
330,5962,1,Known_Family_Only,Known_Family_Only
1057,5962,1,Potential_Novel_Family,Known_Family_Only
9852,13736,1,Expanded_Known_Family,Potential_Novel_Family
9852,6350,1,Expanded_Known_Family,Known_Family_Only
10534,14008,1,Potential_Novel_Family,Potential_Novel_Family
30,4015,1,Expanded_Known_Family,Potential_Novel_Family
30,13748,1,Expanded_Known_Family,Potential_Novel_Family
30,4780,1,Expanded_Known_Family,Known_Family_Only
12039,12922,1,Potential_Novel_Family,Potential_Novel_Family
13130,13865,2,Potential_Novel_Family,Potential_Novel_Family
1848,3650,1,Potential_Novel_Family,Known_Family_Only
1848,2344,1,Potential_Novel_Family,Known_Family_Only
583,10209,1,Potential_Novel_Family,Potential_Novel_Family
2149,3011,1,Potential_Novel_Family,Known_Family_Only
4214,10313,1,Known_Family_Only,Potential_Novel_Family
3978,7005,1,Expanded_Known_Family,Potential_Novel_Family
3978,4491,1,Expanded_Known_Family,Potential_Novel_Family
5638,6281,1,Potential_Novel_Family,Potential_Novel_Family
5051,9223,1,Potential_Novel_Family,Expanded_Known_Family
9223,4389,7,Expanded_Known_Family,Expanded_Known_Family
3349,13463,1,Known_Family_Only,Potential_Novel_Family
7204,9429,1,Potential_Novel_Family,Potential_Novel_Family
7343,13147,1,Known_Family_Only,Potential_Novel_Family
6754,10046,1,Potential_Novel_Family,Known_Family_Only
8645,10319,2,Potential_Novel_Family,Known_Family_Only
10319,7523,1,Known_Family_Only,Potential_Novel_Family
11833,14217,1,Potential_Novel_Family,Potential_Novel_Family
3327,4508,1,Potential_Novel_Family,Potential_Novel_Family
11044,13709,1,Potential_Novel_Family,Potential_Novel_Family
11044,13645,2,Potential_Novel_Family,Expanded_Known_Family
11459,14218,1,Potential_Novel_Family,Known_Family_Only
11459,11922,1,Potential_Novel_Family,Known_Family_Only
5760,8494,1,Potential_Novel_Family,Known_Family_Only
3373,11429,1,Expanded_Known_Family,Potential_Novel_Family
3373,13465,1,Expanded_Known_Family,Known_Family_Only
3373,10939,1,Expanded_Known_Family,Potential_Novel_Family
2453,11939,1,Known_Family_Only,Potential_Novel_Family
4459,8638,1,Potential_Novel_Family,Potential_Novel_Family
5265,7977,1,Potential_Novel_Family,Known_Family_Only
7977,1241,1,Known_Family_Only,Expanded_Known_Family
3529,11430,1,Potential_Novel_Family,Known_Family_Only
965,9734,1,Potential_Novel_Family,Potential_Novel_Family
3866,9012,1,Known_Family_Only,Potential_Novel_Family
9012,5167,1,Potential_Novel_Family,Known_Family_Only
9663,9733,1,Known_Family_Only,Expanded_Known_Family
5293,8602,1,Known_Family_Only,Potential_Novel_Family
3386,10126,1,Known_Family_Only,Potential_Novel_Family
7423,9430,1,Expanded_Known_Family,Potential_Novel_Family
7423,6267,1,Expanded_Known_Family,Potential_Novel_Family
9163,12331,1,Potential_Novel_Family,Potential_Novel_Family
2362,6842,1,Known_Family_Only,Potential_Novel_Family
2362,13042,1,Known_Family_Only,Known_Family_Only
6842,13042,1,Potential_Novel_Family,Known_Family_Only
3032,9011,1,Known_Family_Only,Potential_Novel_Family
596,3092,3,Expanded_Known_Family,Potential_Novel_Family
2245,7834,1,Potential_Novel_Family,Potential_Novel_Family
875,5963,1,Expanded_Known_Family,Potential_Novel_Family
45,1923,1,Expanded_Known_Family,Potential_Novel_Family
45,1307,1,Expanded_Known_Family,Known_Family_Only
2974,3215,1,Potential_Novel_Family,Potential_Novel_Family
958,2242,2,Expanded_Known_Family,Known_Family_Only
958,4609,2,Expanded_Known_Family,Expanded_Known_Family
2242,4609,2,Known_Family_Only,Expanded_Known_Family
7246,8153,1,Potential_Novel_Family,Potential_Novel_Family
6228,14081,2,Potential_Novel_Family,Known_Family_Only
516,518,2,Potential_Novel_Family,Potential_Novel_Family
434,855,1,Known_Family_Only,Potential_Novel_Family
9592,10709,1,Known_Family_Only,Potential_Novel_Family
7067,12396,4,Expanded_Known_Family,Potential_Novel_Family
14032,11628,1,Potential_Novel_Family,Known_Family_Only
4257,8973,1,Potential_Novel_Family,Known_Family_Only
2103,14219,1,Known_Family_Only,Potential_Novel_Family
10488,12561,1,Potential_Novel_Family,Potential_Novel_Family
8,222,1,Known_Family_Only,Known_Family_Only
222,1568,1,Known_Family_Only,Potential_Novel_Family
2739,11951,1,Expanded_Known_Family,Known_Family_Only
3073,11316,5,Potential_Novel_Family,Expanded_Known_Family
899,7867,2,Expanded_Known_Family,Expanded_Known_Family
899,8158,1,Expanded_Known_Family,Potential_Novel_Family
1748,11113,1,Potential_Novel_Family,Potential_Novel_Family
10570,12893,1,Potential_Novel_Family,Potential_Novel_Family
68,650,1,Known_Family_Only,Known_Family_Only
68,2026,1,Known_Family_Only,Known_Family_Only
68,3545,1,Known_Family_Only,Potential_Novel_Family
68,8460,1,Known_Family_Only,Known_Family_Only
650,2026,1,Known_Family_Only,Known_Family_Only
650,3545,1,Known_Family_Only,Potential_Novel_Family
650,8460,1,Known_Family_Only,Known_Family_Only
2026,3545,1,Known_Family_Only,Potential_Novel_Family
2026,8460,1,Known_Family_Only,Known_Family_Only
3545,8460,1,Potential_Novel_Family,Known_Family_Only
6049,14290,1,Known_Family_Only,Potential_Novel_Family
4944,5832,1,Potential_Novel_Family,Known_Family_Only
4145,13975,1,Potential_Novel_Family,Known_Family_Only
7432,7522,2,Expanded_Known_Family,Expanded_Known_Family
2084,9013,1,Potential_Novel_Family,Potential_Novel_Family
9963,9923,1,Known_Family_Only,Known_Family_Only
5369,10873,1,Known_Family_Only,Potential_Novel_Family
418,4411,2,Potential_Novel_Family,Known_Family_Only
4832,13836,1,Known_Family_Only,Known_Family_Only
6879,9249,1,Potential_Novel_Family,Known_Family_Only
3440,10127,1,Known_Family_Only,Potential_Novel_Family
2477,12714,1,Potential_Novel_Family,Potential_Novel_Family
2477,12248,1,Potential_Novel_Family,Known_Family_Only
7037,9250,1,Known_Family_Only,Potential_Novel_Family
3387,9881,1,Potential_Novel_Family,Known_Family_Only
632,1510,1,Potential_Novel_Family,Potential_Novel_Family
4258,4945,1,Expanded_Known_Family,Known_Family_Only
2500,3441,1,Potential_Novel_Family,Known_Family_Only
2500,5833,1,Potential_Novel_Family,Known_Family_Only
3441,5833,1,Known_Family_Only,Known_Family_Only
5103,6907,1,Potential_Novel_Family,Known_Family_Only
5076,6614,1,Known_Family_Only,Potential_Novel_Family
1627,6650,1,Potential_Novel_Family,Expanded_Known_Family
9320,11147,1,Potential_Novel_Family,Potential_Novel_Family
9251,11396,1,Known_Family_Only,Potential_Novel_Family
10804,13530,1,Potential_Novel_Family,Known_Family_Only
3637,5787,1,Known_Family_Only,Potential_Novel_Family
2463,6716,1,Potential_Novel_Family,Known_Family_Only
6075,10277,1,Potential_Novel_Family,Known_Family_Only
5463,13737,1,Known_Family_Only,Potential_Novel_Family
8495,8780,1,Potential_Novel_Family,Potential_Novel_Family
12074,10539,1,Expanded_Known_Family,Known_Family_Only
12074,11264,1,Expanded_Known_Family,Potential_Novel_Family
9431,11615,1,Potential_Novel_Family,Known_Family_Only
9431,12239,1,Potential_Novel_Family,Known_Family_Only
11615,12239,1,Known_Family_Only,Known_Family_Only
3507,12238,1,Expanded_Known_Family,Potential_Novel_Family
11969,13274,1,Potential_Novel_Family,Known_Family_Only
1507,10423,1,Potential_Novel_Family,Potential_Novel_Family
9014,11519,1,Expanded_Known_Family,Potential_Novel_Family
9014,1369,1,Expanded_Known_Family,Expanded_Known_Family
4039,12509,1,Potential_Novel_Family,Known_Family_Only
12041,13837,1,Known_Family_Only,Potential_Novel_Family
1263,2954,1,Known_Family_Only,Potential_Novel_Family
1019,1608,1,Known_Family_Only,Potential_Novel_Family
1467,4729,1,Expanded_Known_Family,Potential_Novel_Family
1467,1544,1,Expanded_Known_Family,Potential_Novel_Family
2001,8234,1,Potential_Novel_Family,Known_Family_Only
5295,9363,1,Potential_Novel_Family,Potential_Novel_Family
10710,13018,1,Potential_Novel_Family,Known_Family_Only
13211,14272,1,Potential_Novel_Family,Potential_Novel_Family
1877,9704,1,Known_Family_Only,Potential_Novel_Family
12478,12783,1,Potential_Novel_Family,Known_Family_Only
8891,11683,1,Potential_Novel_Family,Potential_Novel_Family
12447,12669,1,Potential_Novel_Family,Known_Family_Only
4946,8890,1,Potential_Novel_Family,Known_Family_Only
5517,5879,1,Potential_Novel_Family,Known_Family_Only
1127,6786,1,Potential_Novel_Family,Potential_Novel_Family
2856,14305,1,Potential_Novel_Family,Potential_Novel_Family
1482,9705,1,Known_Family_Only,Potential_Novel_Family
1956,5921,1,Known_Family_Only,Potential_Novel_Family
2620,4382,1,Known_Family_Only,Potential_Novel_Family
4177,9918,1,Potential_Novel_Family,Potential_Novel_Family
4177,9780,1,Potential_Novel_Family,Potential_Novel_Family
4177,9939,5,Potential_Novel_Family,Expanded_Known_Family
4177,10021,1,Potential_Novel_Family,Known_Family_Only
8214,11460,1,Potential_Novel_Family,Known_Family_Only
12366,13019,1,Potential_Novel_Family,Potential_Novel_Family
5590,10489,1,Known_Family_Only,Potential_Novel_Family
5541,9842,1,Known_Family_Only,Potential_Novel_Family
1447,4481,1,Potential_Novel_Family,Known_Family_Only
7453,13866,1,Expanded_Known_Family,Potential_Novel_Family
7453,11237,1,Expanded_Known_Family,Known_Family_Only
11616,11719,1,Potential_Novel_Family,Potential_Novel_Family
10459,10805,1,Known_Family_Only,Potential_Novel_Family
2404,13914,1,Potential_Novel_Family,Known_Family_Only
3033,3074,1,Known_Family_Only,Potential_Novel_Family
6643,13236,1,Potential_Novel_Family,Known_Family_Only
4509,8334,2,Potential_Novel_Family,Expanded_Known_Family
4509,8649,1,Potential_Novel_Family,Known_Family_Only
4995,11718,1,Potential_Novel_Family,Potential_Novel_Family
3716,12059,2,Expanded_Known_Family,Potential_Novel_Family
7096,13464,1,Potential_Novel_Family,Potential_Novel_Family
8507,12075,1,Potential_Novel_Family,Potential_Novel_Family
11221,5814,1,Potential_Novel_Family,Potential_Novel_Family
1036,9843,1,Expanded_Known_Family,Potential_Novel_Family
1036,11302,1,Expanded_Known_Family,Potential_Novel_Family
2752,3421,1,Expanded_Known_Family,Potential_Novel_Family
2395,9549,1,Potential_Novel_Family,Known_Family_Only
2395,10279,1,Potential_Novel_Family,Known_Family_Only
9549,10279,1,Known_Family_Only,Known_Family_Only
3135,8047,1,Known_Family_Only,Potential_Novel_Family
12176,12953,1,Potential_Novel_Family,Known_Family_Only
1609,4196,1,Potential_Novel_Family,Potential_Novel_Family
11114,13148,1,Known_Family_Only,Potential_Novel_Family
544,3883,1,Potential_Novel_Family,Known_Family_Only
388,3884,1,Potential_Novel_Family,Known_Family_Only
11354,13345,1,Potential_Novel_Family,Potential_Novel_Family
6642,12715,1,Potential_Novel_Family,Potential_Novel_Family
770,6575,1,Known_Family_Only,Potential_Novel_Family
1718,4635,1,Known_Family_Only,Expanded_Known_Family
1718,4899,1,Known_Family_Only,Expanded_Known_Family
4635,4899,1,Expanded_Known_Family,Expanded_Known_Family
2778,13806,1,Potential_Novel_Family,Potential_Novel_Family
12177,13174,1,Potential_Novel_Family,Potential_Novel_Family
4383,9735,1,Potential_Novel_Family,Potential_Novel_Family
6977,10490,1,Known_Family_Only,Potential_Novel_Family
9462,12268,1,Potential_Novel_Family,Potential_Novel_Family
8823,10806,1,Potential_Novel_Family,Known_Family_Only
4947,7305,1,Potential_Novel_Family,Potential_Novel_Family
6420,11034,1,Potential_Novel_Family,Known_Family_Only
10571,10611,1,Known_Family_Only,Potential_Novel_Family
10080,13569,1,Potential_Novel_Family,Potential_Novel_Family
9736,14232,1,Known_Family_Only,Known_Family_Only
11070,13570,1,Potential_Novel_Family,Potential_Novel_Family
4460,4730,1,Known_Family_Only,Potential_Novel_Family
4996,9500,1,Potential_Novel_Family,Known_Family_Only
9500,10175,1,Known_Family_Only,Potential_Novel_Family
395,4040,1,Potential_Novel_Family,Known_Family_Only
7979,13600,1,Potential_Novel_Family,Potential_Novel_Family
12894,584,1,Expanded_Known_Family,Expanded_Known_Family
12894,12183,1,Expanded_Known_Family,Known_Family_Only
1113,3476,1,Expanded_Known_Family,Known_Family_Only
1113,166,1,Expanded_Known_Family,Known_Family_Only
1113,659,1,Expanded_Known_Family,Known_Family_Only
1113,1739,1,Expanded_Known_Family,Potential_Novel_Family
1113,6519,1,Expanded_Known_Family,Potential_Novel_Family
6178,6316,2,Potential_Novel_Family,Known_Family_Only
426,3075,1,Potential_Novel_Family,Potential_Novel_Family
426,8892,1,Potential_Novel_Family,Potential_Novel_Family
3075,8892,1,Potential_Novel_Family,Potential_Novel_Family
4685,9389,1,Potential_Novel_Family,Potential_Novel_Family
10777,10874,1,Potential_Novel_Family,Known_Family_Only
7454,8461,1,Potential_Novel_Family,Known_Family_Only
5085,3874,1,Expanded_Known_Family,Potential_Novel_Family
6345,11148,1,Known_Family_Only,Known_Family_Only
2363,4172,1,Potential_Novel_Family,Potential_Novel_Family
4172,8677,2,Potential_Novel_Family,Expanded_Known_Family
11993,14250,1,Known_Family_Only,Potential_Novel_Family
3801,9328,3,Known_Family_Only,Potential_Novel_Family
12562,13807,1,Known_Family_Only,Potential_Novel_Family
4123,13496,1,Known_Family_Only,Potential_Novel_Family
495,8740,1,Known_Family_Only,Potential_Novel_Family
139,10243,1,Known_Family_Only,Potential_Novel_Family
10353,10746,1,Potential_Novel_Family,Known_Family_Only
9127,10424,2,Potential_Novel_Family,Expanded_Known_Family
9127,4484,1,Potential_Novel_Family,Known_Family_Only
6550,6576,1,Known_Family_Only,Known_Family_Only
6550,8462,1,Known_Family_Only,Potential_Novel_Family
6550,11184,1,Known_Family_Only,Known_Family_Only
6550,11317,1,Known_Family_Only,Known_Family_Only
6576,8462,1,Known_Family_Only,Potential_Novel_Family
6576,11184,1,Known_Family_Only,Known_Family_Only
6576,11317,1,Known_Family_Only,Known_Family_Only
8462,11184,1,Potential_Novel_Family,Known_Family_Only
8462,11317,1,Potential_Novel_Family,Known_Family_Only
11184,11317,1,Known_Family_Only,Known_Family_Only
7537,14153,1,Known_Family_Only,Potential_Novel_Family
4731,10899,1,Potential_Novel_Family,Known_Family_Only
9844,13601,1,Potential_Novel_Family,Potential_Novel_Family
7578,12397,1,Potential_Novel_Family,Potential_Novel_Family
5242,10711,1,Potential_Novel_Family,Known_Family_Only
10251,1764,1,Potential_Novel_Family,Known_Family_Only
11035,13867,1,Known_Family_Only,Potential_Novel_Family
4703,7068,1,Known_Family_Only,Potential_Novel_Family
3052,6808,1,Potential_Novel_Family,Potential_Novel_Family
3455,11641,1,Known_Family_Only,Potential_Novel_Family
5296,6422,1,Known_Family_Only,Potential_Novel_Family
5419,6919,1,Expanded_Known_Family,Known_Family_Only
1369,1384,1,Expanded_Known_Family,Known_Family_Only
5895,12178,1,Known_Family_Only,Potential_Novel_Family
10210,10572,1,Potential_Novel_Family,Potential_Novel_Family
10210,10643,1,Potential_Novel_Family,Known_Family_Only
10572,10643,1,Potential_Novel_Family,Known_Family_Only
1516,3508,1,Potential_Novel_Family,Potential_Novel_Family
1169,10723,1,Potential_Novel_Family,Known_Family_Only
10723,7589,1,Known_Family_Only,Potential_Novel_Family
1724,4362,1,Expanded_Known_Family,Potential_Novel_Family
1724,3748,2,Expanded_Known_Family,Known_Family_Only
3374,10082,1,Potential_Novel_Family,Potential_Novel_Family
6397,9098,1,Known_Family_Only,Potential_Novel_Family
5023,8531,1,Potential_Novel_Family,Potential_Novel_Family
3407,7483,1,Potential_Novel_Family,Potential_Novel_Family
8741,10573,1,Potential_Novel_Family,Potential_Novel_Family
6978,9128,1,Known_Family_Only,Potential_Novel_Family
3764,8855,2,Potential_Novel_Family,Expanded_Known_Family
8855,4483,1,Expanded_Known_Family,Potential_Novel_Family
254,1610,1,Known_Family_Only,Known_Family_Only
254,2164,1,Known_Family_Only,Potential_Novel_Family
254,3703,1,Known_Family_Only,Known_Family_Only
1610,2164,1,Known_Family_Only,Potential_Novel_Family
1610,3703,1,Known_Family_Only,Known_Family_Only
2164,3703,1,Potential_Novel_Family,Known_Family_Only
10969,11233,1,Expanded_Known_Family,Expanded_Known_Family
10969,6772,1,Expanded_Known_Family,Potential_Novel_Family
1776,5688,1,Potential_Novel_Family,Known_Family_Only
7205,9883,1,Potential_Novel_Family,Potential_Novel_Family
6230,6615,1,Potential_Novel_Family,Known_Family_Only
9390,10842,2,Potential_Novel_Family,Potential_Novel_Family
3246,12042,1,Potential_Novel_Family,Known_Family_Only
7681,10281,1,Potential_Novel_Family,Known_Family_Only
2904,5166,1,Potential_Novel_Family,Potential_Novel_Family
2904,4772,1,Potential_Novel_Family,Known_Family_Only
2904,5803,2,Potential_Novel_Family,Known_Family_Only
1399,3355,1,Known_Family_Only,Expanded_Known_Family
3355,1150,1,Expanded_Known_Family,Potential_Novel_Family
3355,2515,1,Expanded_Known_Family,Known_Family_Only
12,610,1,Potential_Novel_Family,Known_Family_Only
12,850,1,Potential_Novel_Family,Potential_Novel_Family
610,850,1,Known_Family_Only,Potential_Novel_Family
1197,1283,1,Known_Family_Only,Potential_Novel_Family
1197,1945,2,Known_Family_Only,Known_Family_Only
1197,3156,3,Known_Family_Only,Expanded_Known_Family
1197,9266,1,Known_Family_Only,Expanded_Known_Family
1197,9130,2,Known_Family_Only,Expanded_Known_Family
1197,2811,1,Known_Family_Only,Known_Family_Only
1283,1945,1,Potential_Novel_Family,Known_Family_Only
1283,3156,1,Potential_Novel_Family,Expanded_Known_Family
1283,9266,1,Potential_Novel_Family,Expanded_Known_Family
1945,3156,2,Known_Family_Only,Expanded_Known_Family
1945,9266,1,Known_Family_Only,Expanded_Known_Family
1945,2811,2,Known_Family_Only,Known_Family_Only
1945,9130,2,Known_Family_Only,Expanded_Known_Family
3156,9266,2,Expanded_Known_Family,Expanded_Known_Family
3156,9130,2,Expanded_Known_Family,Expanded_Known_Family
3156,2811,1,Expanded_Known_Family,Known_Family_Only
989,4686,2,Expanded_Known_Family,Potential_Novel_Family
989,6773,2,Expanded_Known_Family,Expanded_Known_Family
989,3670,1,Expanded_Known_Family,Potential_Novel_Family
1092,3704,1,Known_Family_Only,Potential_Novel_Family
9391,13313,1,Potential_Novel_Family,Known_Family_Only
6755,9069,1,Potential_Novel_Family,Known_Family_Only
11115,12747,1,Potential_Novel_Family,Known_Family_Only
3705,9129,1,Potential_Novel_Family,Known_Family_Only
6451,14312,1,Potential_Novel_Family,Known_Family_Only
4041,10128,1,Potential_Novel_Family,Known_Family_Only
3847,4532,1,Expanded_Known_Family,Expanded_Known_Family
3847,4636,1,Expanded_Known_Family,Known_Family_Only
3847,2723,1,Expanded_Known_Family,Known_Family_Only
3847,4591,2,Expanded_Known_Family,Known_Family_Only
3847,10624,2,Expanded_Known_Family,Potential_Novel_Family
4532,4636,1,Expanded_Known_Family,Known_Family_Only
4532,6426,1,Expanded_Known_Family,Expanded_Known_Family
1537,4833,1,Known_Family_Only,Potential_Novel_Family
9501,11720,1,Potential_Novel_Family,Known_Family_Only
748,1725,1,Known_Family_Only,Potential_Novel_Family
579,10679,1,Potential_Novel_Family,Known_Family_Only
2661,10575,2,Potential_Novel_Family,Expanded_Known_Family
4385,14154,1,Potential_Novel_Family,Known_Family_Only
7902,13777,1,Potential_Novel_Family,Known_Family_Only
5052,10712,2,Known_Family_Only,Potential_Novel_Family
6159,4417,1,Expanded_Known_Family,Potential_Novel_Family
12269,12332,1,Potential_Novel_Family,Potential_Novel_Family
2439,13044,2,Expanded_Known_Family,Potential_Novel_Family
2439,13022,1,Expanded_Known_Family,Potential_Novel_Family
13044,13022,1,Potential_Novel_Family,Potential_Novel_Family
9130,2811,2,Expanded_Known_Family,Known_Family_Only
11589,12109,1,Potential_Novel_Family,Potential_Novel_Family
5343,7651,1,Expanded_Known_Family,Potential_Novel_Family
5343,13433,6,Expanded_Known_Family,Expanded_Known_Family
5343,12189,4,Expanded_Known_Family,Expanded_Known_Family
5343,7887,2,Expanded_Known_Family,Potential_Novel_Family
5343,6792,1,Expanded_Known_Family,Known_Family_Only
5343,6215,1,Expanded_Known_Family,Potential_Novel_Family
7651,13433,1,Potential_Novel_Family,Expanded_Known_Family
13433,12189,4,Expanded_Known_Family,Expanded_Known_Family
13433,7887,2,Expanded_Known_Family,Potential_Novel_Family
13433,6792,1,Expanded_Known_Family,Known_Family_Only
13433,6215,1,Expanded_Known_Family,Potential_Novel_Family
6756,11149,1,Known_Family_Only,Potential_Novel_Family
13075,13346,1,Potential_Novel_Family,Potential_Novel_Family
6050,12076,1,Potential_Novel_Family,Potential_Novel_Family
319,830,1,Expanded_Known_Family,Potential_Novel_Family
319,873,1,Expanded_Known_Family,Expanded_Known_Family
12895,13670,1,Known_Family_Only,Potential_Novel_Family
10129,12398,1,Potential_Novel_Family,Known_Family_Only
10627,13602,1,Known_Family_Only,Potential_Novel_Family
9189,9919,1,Potential_Novel_Family,Potential_Novel_Family
4901,8532,1,Known_Family_Only,Potential_Novel_Family
2378,6691,1,Known_Family_Only,Potential_Novel_Family
357,3375,1,Expanded_Known_Family,Potential_Novel_Family
357,3802,1,Expanded_Known_Family,Known_Family_Only
357,369,1,Expanded_Known_Family,Expanded_Known_Family
357,4239,1,Expanded_Known_Family,Expanded_Known_Family
357,4768,1,Expanded_Known_Family,Known_Family_Only
3375,3802,1,Potential_Novel_Family,Known_Family_Only
8361,10935,1,Known_Family_Only,Potential_Novel_Family
3492,5077,4,Expanded_Known_Family,Expanded_Known_Family
3492,5464,1,Expanded_Known_Family,Known_Family_Only
3492,9781,1,Expanded_Known_Family,Known_Family_Only
5077,5464,1,Expanded_Known_Family,Known_Family_Only
5077,9781,2,Expanded_Known_Family,Known_Family_Only
6398,13915,1,Potential_Novel_Family,Known_Family_Only
10680,11663,3,Potential_Novel_Family,Potential_Novel_Family
10388,10979,1,Known_Family_Only,Potential_Novel_Family
10979,11838,2,Potential_Novel_Family,Potential_Novel_Family
10979,12757,1,Potential_Novel_Family,Potential_Novel_Family
6943,1656,1,Potential_Novel_Family,Known_Family_Only
680,2581,1,Known_Family_Only,Potential_Novel_Family
6551,14082,3,Potential_Novel_Family,Expanded_Known_Family
8426,14053,1,Potential_Novel_Family,Known_Family_Only
13284,13685,1,Expanded_Known_Family,Potential_Novel_Family
2880,4089,1,Known_Family_Only,Known_Family_Only
2880,7307,1,Known_Family_Only,Potential_Novel_Family
2880,11261,1,Known_Family_Only,Known_Family_Only
4089,7307,1,Known_Family_Only,Potential_Novel_Family
4089,11261,1,Known_Family_Only,Known_Family_Only
7307,11261,1,Potential_Novel_Family,Known_Family_Only
69,13497,1,Known_Family_Only,Potential_Novel_Family
8395,13531,4,Known_Family_Only,Potential_Novel_Family
7322,12983,3,Potential_Novel_Family,Potential_Novel_Family
7322,9235,1,Potential_Novel_Family,Known_Family_Only
3174,6718,1,Potential_Novel_Family,Known_Family_Only
1356,7097,3,Potential_Novel_Family,Expanded_Known_Family
8289,9392,1,Potential_Novel_Family,Known_Family_Only
11151,13045,1,Known_Family_Only,Potential_Novel_Family
10354,14332,1,Potential_Novel_Family,Known_Family_Only
5104,6077,1,Potential_Novel_Family,Expanded_Known_Family
6077,4767,1,Expanded_Known_Family,Potential_Novel_Family
5344,9965,1,Known_Family_Only,Potential_Novel_Family
2927,3308,1,Known_Family_Only,Known_Family_Only
2512,3706,1,Potential_Novel_Family,Known_Family_Only
2512,3908,1,Potential_Novel_Family,Expanded_Known_Family
3706,3908,1,Known_Family_Only,Expanded_Known_Family
3908,6317,1,Expanded_Known_Family,Potential_Novel_Family
1007,1917,2,Known_Family_Only,Potential_Novel_Family
10612,11185,1,Potential_Novel_Family,Known_Family_Only
1929,3668,1,Known_Family_Only,Potential_Novel_Family
13839,14197,1,Potential_Novel_Family,Potential_Novel_Family
11646,12153,3,Potential_Novel_Family,Potential_Novel_Family
1588,2749,2,Known_Family_Only,Potential_Novel_Family
2696,9099,1,Potential_Novel_Family,Known_Family_Only
2696,13159,1,Potential_Novel_Family,Potential_Novel_Family
12270,14119,1,Potential_Novel_Family,Potential_Novel_Family
451,1448,1,Expanded_Known_Family,Known_Family_Only
451,1800,1,Expanded_Known_Family,Known_Family_Only
451,2068,1,Expanded_Known_Family,Potential_Novel_Family
2857,11779,1,Potential_Novel_Family,Known_Family_Only
2750,12011,1,Potential_Novel_Family,Known_Family_Only
1611,4963,1,Potential_Novel_Family,Potential_Novel_Family
4963,2335,1,Potential_Novel_Family,Known_Family_Only
4963,1141,1,Potential_Novel_Family,Known_Family_Only
8290,14291,1,Potential_Novel_Family,Known_Family_Only
7139,12591,1,Potential_Novel_Family,Known_Family_Only
288,1538,1,Potential_Novel_Family,Known_Family_Only
246,9288,1,Known_Family_Only,Potential_Novel_Family
1930,4016,1,Potential_Novel_Family,Known_Family_Only
5591,13889,1,Potential_Novel_Family,Potential_Novel_Family
1628,2446,1,Potential_Novel_Family,Known_Family_Only
1628,13315,1,Potential_Novel_Family,Known_Family_Only
2446,13315,1,Known_Family_Only,Known_Family_Only
7098,11916,1,Potential_Novel_Family,Known_Family_Only
1770,11116,1,Known_Family_Only,Potential_Novel_Family
4495,13846,1,Expanded_Known_Family,Known_Family_Only
5942,12480,1,Potential_Novel_Family,Potential_Novel_Family
11071,14203,1,Potential_Novel_Family,Known_Family_Only
787,6373,1,Potential_Novel_Family,Expanded_Known_Family
6373,2796,1,Expanded_Known_Family,Known_Family_Only
83,1987,2,Expanded_Known_Family,Known_Family_Only
8155,12563,1,Known_Family_Only,Potential_Novel_Family
5243,7538,1,Known_Family_Only,Potential_Novel_Family
5761,11356,1,Known_Family_Only,Potential_Novel_Family
5141,7714,1,Potential_Novel_Family,Potential_Novel_Family
5141,8440,1,Potential_Novel_Family,Known_Family_Only
7612,8463,1,Potential_Novel_Family,Potential_Novel_Family
3744,9432,1,Potential_Novel_Family,Potential_Novel_Family
2555,7613,1,Potential_Novel_Family,Known_Family_Only
614,4583,1,Known_Family_Only,Expanded_Known_Family
5297,12564,1,Potential_Novel_Family,Known_Family_Only
4215,12818,1,Potential_Novel_Family,Known_Family_Only
12818,2999,1,Known_Family_Only,Potential_Novel_Family
7069,10211,1,Potential_Novel_Family,Known_Family_Only
10170,11357,1,Potential_Novel_Family,Potential_Novel_Family
4124,6787,1,Potential_Novel_Family,Known_Family_Only
823,1688,1,Expanded_Known_Family,Known_Family_Only
823,2415,3,Expanded_Known_Family,Potential_Novel_Family
1688,2415,1,Known_Family_Only,Potential_Novel_Family
751,861,1,Potential_Novel_Family,Known_Family_Only
5812,10130,1,Potential_Novel_Family,Potential_Novel_Family
5812,9715,1,Potential_Novel_Family,Potential_Novel_Family
7345,12748,1,Known_Family_Only,Potential_Novel_Family
5142,13499,1,Potential_Novel_Family,Potential_Novel_Family
13175,12251,1,Expanded_Known_Family,Known_Family_Only
6485,12043,1,Expanded_Known_Family,Known_Family_Only
6485,13120,1,Expanded_Known_Family,Potential_Novel_Family
5593,12565,1,Potential_Novel_Family,Known_Family_Only
7772,12510,1,Potential_Novel_Family,Known_Family_Only
152,7428,1,Expanded_Known_Family,Known_Family_Only
152,14162,1,Expanded_Known_Family,Potential_Novel_Family
1185,7346,1,Known_Family_Only,Potential_Novel_Family
736,1292,1,Potential_Novel_Family,Potential_Novel_Family
736,1677,4,Potential_Novel_Family,Potential_Novel_Family
1292,7810,1,Potential_Novel_Family,Known_Family_Only
5267,7868,1,Potential_Novel_Family,Known_Family_Only
3803,6809,1,Potential_Novel_Family,Potential_Novel_Family
7099,12145,1,Known_Family_Only,Potential_Novel_Family
216,13638,1,Known_Family_Only,Potential_Novel_Family
216,6424,1,Known_Family_Only,Known_Family_Only
216,6520,1,Known_Family_Only,Known_Family_Only
216,7172,1,Known_Family_Only,Potential_Novel_Family
5726,10003,1,Potential_Novel_Family,Known_Family_Only
1918,2686,1,Potential_Novel_Family,Known_Family_Only
8496,9220,1,Potential_Novel_Family,Known_Family_Only
10048,11223,1,Known_Family_Only,Potential_Novel_Family
293,1629,2,Potential_Novel_Family,Potential_Novel_Family
293,1576,1,Potential_Novel_Family,Known_Family_Only
3053,10425,1,Potential_Novel_Family,Known_Family_Only
7903,7942,1,Known_Family_Only,Potential_Novel_Family
5689,6979,1,Potential_Novel_Family,Known_Family_Only
5298,10644,1,Potential_Novel_Family,Known_Family_Only
5299,11461,1,Expanded_Known_Family,Known_Family_Only
5299,8166,1,Expanded_Known_Family,Expanded_Known_Family
4344,14171,1,Known_Family_Only,Potential_Novel_Family
1858,8157,1,Known_Family_Only,Potential_Novel_Family
2478,8087,1,Known_Family_Only,Potential_Novel_Family
9502,12240,1,Potential_Novel_Family,Potential_Novel_Family
7148,10083,1,Known_Family_Only,Potential_Novel_Family
3175,14083,1,Potential_Novel_Family,Known_Family_Only
2280,7511,1,Known_Family_Only,Potential_Novel_Family
1931,4042,1,Known_Family_Only,Potential_Novel_Family
2485,5903,2,Known_Family_Only,Potential_Novel_Family
13639,11594,1,Known_Family_Only,Potential_Novel_Family
13639,12451,1,Known_Family_Only,Known_Family_Only
1528,6282,1,Potential_Novel_Family,Potential_Novel_Family
12297,13671,1,Potential_Novel_Family,Potential_Novel_Family
5950,11917,1,Potential_Novel_Family,Potential_Novel_Family
5950,10731,1,Potential_Novel_Family,Known_Family_Only
3279,326,2,Potential_Novel_Family,Known_Family_Only
3279,6489,2,Potential_Novel_Family,Known_Family_Only
814,8665,1,Potential_Novel_Family,Known_Family_Only
2246,409,1,Expanded_Known_Family,Known_Family_Only
3456,9015,1,Known_Family_Only,Potential_Novel_Family
9551,11746,1,Potential_Novel_Family,Potential_Novel_Family
531,3176,2,Expanded_Known_Family,Expanded_Known_Family
3176,1031,1,Expanded_Known_Family,Potential_Novel_Family
3176,9143,1,Expanded_Known_Family,Known_Family_Only
7869,9670,2,Expanded_Known_Family,Potential_Novel_Family
7456,10004,1,Potential_Novel_Family,Known_Family_Only
9393,13604,1,Known_Family_Only,Potential_Novel_Family
10714,12481,1,Known_Family_Only,Potential_Novel_Family
2281,14120,1,Potential_Novel_Family,Potential_Novel_Family
2281,11904,1,Potential_Novel_Family,Known_Family_Only
10936,13672,1,Known_Family_Only,Potential_Novel_Family
1569,9846,1,Known_Family_Only,Potential_Novel_Family
2860,1418,1,Known_Family_Only,Known_Family_Only
2860,11843,1,Known_Family_Only,Potential_Novel_Family
3804,11618,1,Potential_Novel_Family,Known_Family_Only
4099,4246,1,Potential_Novel_Family,Expanded_Known_Family
4099,5012,1,Potential_Novel_Family,Known_Family_Only
4246,11760,1,Expanded_Known_Family,Known_Family_Only
4246,6698,1,Expanded_Known_Family,Known_Family_Only
2539,13640,1,Expanded_Known_Family,Potential_Novel_Family
2539,2611,1,Expanded_Known_Family,Known_Family_Only
6453,10844,2,Expanded_Known_Family,Potential_Novel_Family
12111,14306,1,Potential_Novel_Family,Potential_Novel_Family
5024,8247,1,Known_Family_Only,Potential_Novel_Family
3887,13978,1,Known_Family_Only,Potential_Novel_Family
5592,5922,1,Potential_Novel_Family,Potential_Novel_Family
3664,9016,1,Potential_Novel_Family,Known_Family_Only
2663,8784,2,Expanded_Known_Family,Potential_Novel_Family
4483,8904,1,Potential_Novel_Family,Known_Family_Only
4510,5639,1,Potential_Novel_Family,Potential_Novel_Family
1198,4903,1,Known_Family_Only,Potential_Novel_Family
282,297,2,Potential_Novel_Family,Expanded_Known_Family
8826,12985,1,Potential_Novel_Family,Known_Family_Only
8666,10171,1,Potential_Novel_Family,Known_Family_Only
3909,7100,1,Known_Family_Only,Potential_Novel_Family
1483,2233,1,Known_Family_Only,Potential_Novel_Family
1483,2046,1,Known_Family_Only,Potential_Novel_Family
8427,9503,1,Known_Family_Only,Potential_Novel_Family
3954,9070,1,Potential_Novel_Family,Known_Family_Only
3954,10172,1,Potential_Novel_Family,Known_Family_Only
9070,10172,1,Known_Family_Only,Known_Family_Only
132,14300,1,Expanded_Known_Family,Known_Family_Only
132,2720,1,Expanded_Known_Family,Potential_Novel_Family
5078,10613,1,Expanded_Known_Family,Known_Family_Only
1681,6319,1,Known_Family_Only,Potential_Novel_Family
1835,9191,1,Expanded_Known_Family,Potential_Novel_Family
1835,13276,1,Expanded_Known_Family,Potential_Novel_Family
1835,6357,1,Expanded_Known_Family,Potential_Novel_Family
9191,13276,1,Potential_Novel_Family,Potential_Novel_Family
8641,11685,1,Potential_Novel_Family,Known_Family_Only
1117,5370,1,Potential_Novel_Family,Potential_Novel_Family
4873,10681,1,Potential_Novel_Family,Potential_Novel_Family
5025,6719,1,Known_Family_Only,Potential_Novel_Family
4637,13710,1,Potential_Novel_Family,Known_Family_Only
1215,3530,1,Potential_Novel_Family,Potential_Novel_Family
5167,10645,1,Known_Family_Only,Potential_Novel_Family
5167,1043,1,Known_Family_Only,Known_Family_Only
5167,5170,1,Known_Family_Only,Expanded_Known_Family
5167,7175,1,Known_Family_Only,Potential_Novel_Family
9966,14084,1,Known_Family_Only,Potential_Novel_Family
2314,5322,1,Known_Family_Only,Potential_Novel_Family
4462,12298,1,Known_Family_Only,Potential_Novel_Family
89,8506,1,Known_Family_Only,Potential_Novel_Family
8506,2158,1,Potential_Novel_Family,Known_Family_Only
9321,11806,1,Potential_Novel_Family,Potential_Novel_Family
10492,14121,1,Potential_Novel_Family,Known_Family_Only
12671,13498,1,Potential_Novel_Family,Potential_Novel_Family
1179,2736,1,Potential_Novel_Family,Potential_Novel_Family
3277,8667,1,Potential_Novel_Family,Known_Family_Only
8464,14198,1,Potential_Novel_Family,Known_Family_Only
13277,13738,1,Potential_Novel_Family,Potential_Novel_Family
5464,9781,1,Known_Family_Only,Known_Family_Only
2470,3844,1,Known_Family_Only,Potential_Novel_Family
9885,13046,1,Potential_Novel_Family,Known_Family_Only
9943,3719,1,Potential_Novel_Family,Potential_Novel_Family
12078,13929,2,Potential_Novel_Family,Potential_Novel_Family
6452,10390,1,Potential_Novel_Family,Potential_Novel_Family
621,3231,1,Known_Family_Only,Expanded_Known_Family
621,3596,1,Known_Family_Only,Potential_Novel_Family
6909,13673,1,Potential_Novel_Family,Potential_Novel_Family
3681,9737,1,Potential_Novel_Family,Potential_Novel_Family
4511,11399,1,Potential_Novel_Family,Known_Family_Only
5244,8321,1,Known_Family_Only,Potential_Novel_Family
12896,13778,1,Potential_Novel_Family,Potential_Novel_Family
3136,4917,1,Potential_Novel_Family,Potential_Novel_Family
7512,10284,1,Potential_Novel_Family,Known_Family_Only
7835,12423,1,Potential_Novel_Family,Potential_Novel_Family
2868,6858,3,Potential_Novel_Family,Expanded_Known_Family
6664,8497,1,Potential_Novel_Family,Known_Family_Only
6399,7101,1,Known_Family_Only,Known_Family_Only
6399,7457,1,Known_Family_Only,Potential_Novel_Family
7101,7457,1,Known_Family_Only,Potential_Novel_Family
4413,10147,2,Potential_Novel_Family,Known_Family_Only
5640,6980,1,Known_Family_Only,Potential_Novel_Family
6692,8160,1,Potential_Novel_Family,Potential_Novel_Family
480,12482,1,Potential_Novel_Family,Known_Family_Only
1575,1601,1,Potential_Novel_Family,Known_Family_Only
1575,1619,1,Potential_Novel_Family,Known_Family_Only
1601,1619,1,Known_Family_Only,Known_Family_Only
2501,8048,1,Known_Family_Only,Potential_Novel_Family
5079,7365,1,Potential_Novel_Family,Known_Family_Only
6423,9017,1,Potential_Novel_Family,Known_Family_Only
6910,10646,1,Potential_Novel_Family,Potential_Novel_Family
13077,13500,1,Known_Family_Only,Potential_Novel_Family
7425,10314,1,Known_Family_Only,Potential_Novel_Family
847,1021,1,Potential_Novel_Family,Known_Family_Only
1554,5168,1,Potential_Novel_Family,Potential_Novel_Family
12749,14292,1,Potential_Novel_Family,Known_Family_Only
3619,11520,1,Potential_Novel_Family,Potential_Novel_Family
7463,6084,1,Expanded_Known_Family,Known_Family_Only
4856,6758,1,Potential_Novel_Family,Potential_Novel_Family
4216,9812,1,Potential_Novel_Family,Potential_Novel_Family
5440,11686,1,Known_Family_Only,Potential_Novel_Family
9322,14009,1,Potential_Novel_Family,Known_Family_Only
12483,12566,1,Known_Family_Only,Potential_Novel_Family
9886,13501,2,Potential_Novel_Family,Expanded_Known_Family
1153,10715,1,Potential_Novel_Family,Expanded_Known_Family
1153,9324,1,Potential_Novel_Family,Potential_Novel_Family
10715,12500,1,Expanded_Known_Family,Known_Family_Only
6232,8215,1,Expanded_Known_Family,Potential_Novel_Family
6232,7982,1,Expanded_Known_Family,Known_Family_Only
7006,10049,1,Potential_Novel_Family,Potential_Novel_Family
12672,14172,1,Potential_Novel_Family,Potential_Novel_Family
2341,9193,1,Known_Family_Only,Known_Family_Only
12897,13711,1,Expanded_Known_Family,Potential_Novel_Family
4463,4802,5,Potential_Novel_Family,Potential_Novel_Family
1351,3247,1,Potential_Novel_Family,Known_Family_Only
1351,4168,1,Potential_Novel_Family,Known_Family_Only
1351,4414,1,Potential_Novel_Family,Known_Family_Only
1351,7170,1,Potential_Novel_Family,Known_Family_Only
3247,4168,1,Known_Family_Only,Known_Family_Only
3247,4414,1,Known_Family_Only,Known_Family_Only
3247,7170,1,Known_Family_Only,Known_Family_Only
3247,5111,1,Known_Family_Only,Known_Family_Only
4168,4414,1,Known_Family_Only,Known_Family_Only
4168,7170,1,Known_Family_Only,Known_Family_Only
4414,7170,1,Known_Family_Only,Known_Family_Only
5880,12044,1,Known_Family_Only,Potential_Novel_Family
2621,7248,1,Potential_Novel_Family,Known_Family_Only
1908,2833,1,Potential_Novel_Family,Known_Family_Only
1756,4976,1,Known_Family_Only,Potential_Novel_Family
1756,5000,1,Known_Family_Only,Potential_Novel_Family
4976,5000,1,Potential_Novel_Family,Potential_Novel_Family
7943,9072,1,Known_Family_Only,Potential_Novel_Family
7715,14122,1,Potential_Novel_Family,Known_Family_Only
7836,10778,1,Known_Family_Only,Potential_Novel_Family
4582,4999,1,Potential_Novel_Family,Known_Family_Only
11152,12147,1,Known_Family_Only,Potential_Novel_Family
1176,6054,1,Expanded_Known_Family,Known_Family_Only
4318,9739,1,Potential_Novel_Family,Known_Family_Only
9708,12673,1,Potential_Novel_Family,Known_Family_Only
9289,11863,1,Potential_Novel_Family,Known_Family_Only
5734,9628,1,Potential_Novel_Family,Expanded_Known_Family
5734,13157,1,Potential_Novel_Family,Potential_Novel_Family
8397,11433,1,Potential_Novel_Family,Potential_Novel_Family
11721,12954,1,Potential_Novel_Family,Potential_Novel_Family
7615,10779,1,Potential_Novel_Family,Potential_Novel_Family
1818,3548,2,Expanded_Known_Family,Known_Family_Only
1818,4930,8,Expanded_Known_Family,Known_Family_Only
1818,7171,8,Expanded_Known_Family,Expanded_Known_Family
1818,11118,8,Expanded_Known_Family,Known_Family_Only
1818,11780,8,Expanded_Known_Family,Known_Family_Only
3548,4930,2,Known_Family_Only,Known_Family_Only
3548,7171,2,Known_Family_Only,Expanded_Known_Family
3548,11118,2,Known_Family_Only,Known_Family_Only
3548,11780,2,Known_Family_Only,Known_Family_Only
4930,7171,8,Known_Family_Only,Expanded_Known_Family
4930,11118,8,Known_Family_Only,Known_Family_Only
4930,11780,8,Known_Family_Only,Known_Family_Only
7171,11118,8,Expanded_Known_Family,Known_Family_Only
7171,11780,8,Expanded_Known_Family,Known_Family_Only
11118,11780,8,Known_Family_Only,Known_Family_Only
6374,12148,1,Potential_Novel_Family,Known_Family_Only
2113,6156,3,Potential_Novel_Family,Potential_Novel_Family
6882,12113,1,Potential_Novel_Family,Known_Family_Only
11002,11521,1,Known_Family_Only,Potential_Novel_Family
10875,13675,1,Potential_Novel_Family,Known_Family_Only
11747,13078,1,Potential_Novel_Family,Known_Family_Only
1909,9740,1,Potential_Novel_Family,Potential_Novel_Family
8411,11752,1,Expanded_Known_Family,Known_Family_Only
8120,10901,1,Potential_Novel_Family,Known_Family_Only
6880,8090,1,Potential_Novel_Family,Potential_Novel_Family
11463,12367,1,Known_Family_Only,Potential_Novel_Family
12045,12750,1,Potential_Novel_Family,Potential_Novel_Family
4065,13117,2,Expanded_Known_Family,Expanded_Known_Family
7485,13085,1,Expanded_Known_Family,Known_Family_Only
1555,11186,1,Potential_Novel_Family,Known_Family_Only
6486,11687,2,Potential_Novel_Family,Potential_Novel_Family
2630,12114,1,Potential_Novel_Family,Known_Family_Only
13021,13316,1,Potential_Novel_Family,Potential_Novel_Family
4949,7207,1,Known_Family_Only,Potential_Novel_Family
3642,9847,1,Expanded_Known_Family,Known_Family_Only
3642,7989,1,Expanded_Known_Family,Potential_Novel_Family
5897,8498,1,Potential_Novel_Family,Potential_Novel_Family
4345,13150,1,Potential_Novel_Family,Potential_Novel_Family
4345,9935,1,Potential_Novel_Family,Known_Family_Only
4345,9048,1,Potential_Novel_Family,Known_Family_Only
712,6883,1,Potential_Novel_Family,Known_Family_Only
373,8669,1,Potential_Novel_Family,Known_Family_Only
8500,7373,1,Potential_Novel_Family,Potential_Novel_Family
1548,8984,1,Known_Family_Only,Expanded_Known_Family
8984,184,1,Expanded_Known_Family,Potential_Novel_Family
1022,9848,1,Known_Family_Only,Potential_Novel_Family
961,5815,2,Potential_Novel_Family,Expanded_Known_Family
1763,4237,1,Potential_Novel_Family,Known_Family_Only
4022,9025,2,Potential_Novel_Family,Potential_Novel_Family
6288,9815,1,Potential_Novel_Family,Known_Family_Only
761,11750,1,Expanded_Known_Family,Known_Family_Only
3124,4803,1,Known_Family_Only,Potential_Novel_Family
6424,6520,1,Known_Family_Only,Known_Family_Only
6424,7172,1,Known_Family_Only,Potential_Novel_Family
6520,7172,1,Known_Family_Only,Potential_Novel_Family
11724,13643,1,Potential_Novel_Family,Potential_Novel_Family
5467,5729,1,Known_Family_Only,Potential_Novel_Family
2975,11559,1,Known_Family_Only,Potential_Novel_Family
4837,6846,1,Known_Family_Only,Potential_Novel_Family
7514,9742,1,Potential_Novel_Family,Known_Family_Only
5792,11593,1,Known_Family_Only,Potential_Novel_Family
11038,11835,1,Known_Family_Only,Potential_Novel_Family
2842,4319,1,Potential_Novel_Family,Potential_Novel_Family
3202,13533,1,Potential_Novel_Family,Known_Family_Only
2997,3533,1,Known_Family_Only,Known_Family_Only
3533,4170,1,Known_Family_Only,Potential_Novel_Family
3533,11074,1,Known_Family_Only,Known_Family_Only
4173,6764,1,Potential_Novel_Family,Known_Family_Only
7775,8328,1,Potential_Novel_Family,Potential_Novel_Family
5793,13080,1,Potential_Novel_Family,Known_Family_Only
7103,8049,2,Potential_Novel_Family,Potential_Novel_Family
115,9075,2,Expanded_Known_Family,Known_Family_Only
115,312,2,Expanded_Known_Family,Expanded_Known_Family
115,1596,3,Expanded_Known_Family,Expanded_Known_Family
3805,11400,6,Expanded_Known_Family,Expanded_Known_Family
10682,12859,2,Known_Family_Only,Potential_Novel_Family
8091,10970,1,Potential_Novel_Family,Known_Family_Only
7684,12399,1,Known_Family_Only,Potential_Novel_Family
11940,12860,1,Expanded_Known_Family,Potential_Novel_Family
11940,11017,1,Expanded_Known_Family,Potential_Novel_Family
12368,13503,1,Known_Family_Only,Potential_Novel_Family
431,8566,1,Potential_Novel_Family,Known_Family_Only
5543,6644,1,Potential_Novel_Family,Potential_Novel_Family
13126,14263,1,Potential_Novel_Family,Known_Family_Only
13126,826,1,Potential_Novel_Family,Expanded_Known_Family
13126,13965,1,Potential_Novel_Family,Known_Family_Only
2486,8054,7,Expanded_Known_Family,Potential_Novel_Family
8054,3590,1,Potential_Novel_Family,Potential_Novel_Family
250,427,3,Expanded_Known_Family,Expanded_Known_Family
250,9555,1,Expanded_Known_Family,Known_Family_Only
250,8021,2,Expanded_Known_Family,Potential_Novel_Family
250,692,1,Expanded_Known_Family,Potential_Novel_Family
427,9555,1,Expanded_Known_Family,Known_Family_Only
427,8021,1,Expanded_Known_Family,Potential_Novel_Family
427,2516,1,Expanded_Known_Family,Potential_Novel_Family
8324,9505,2,Known_Family_Only,Potential_Novel_Family
8324,9596,2,Known_Family_Only,Potential_Novel_Family
9553,11941,1,Known_Family_Only,Known_Family_Only
9553,13237,1,Known_Family_Only,Potential_Novel_Family
11941,13237,1,Known_Family_Only,Potential_Novel_Family
6881,7773,1,Potential_Novel_Family,Known_Family_Only
9709,10460,1,Known_Family_Only,Potential_Novel_Family
2697,4386,1,Known_Family_Only,Potential_Novel_Family
797,5834,2,Known_Family_Only,Potential_Novel_Family
2582,4639,1,Known_Family_Only,Potential_Novel_Family
8251,11688,2,Expanded_Known_Family,Potential_Novel_Family
8251,12299,1,Expanded_Known_Family,Known_Family_Only
11688,12299,1,Potential_Novel_Family,Known_Family_Only
4095,4370,1,Expanded_Known_Family,Potential_Novel_Family
6139,9018,1,Potential_Novel_Family,Known_Family_Only
11120,13916,1,Known_Family_Only,Expanded_Known_Family
13916,12931,2,Expanded_Known_Family,Potential_Novel_Family
5465,12819,1,Potential_Novel_Family,Potential_Novel_Family
10394,8504,1,Potential_Novel_Family,Known_Family_Only
2396,13808,1,Known_Family_Only,Potential_Novel_Family
9330,8943,1,Expanded_Known_Family,Potential_Novel_Family
5964,1604,1,Expanded_Known_Family,Potential_Novel_Family
7208,11689,1,Potential_Novel_Family,Potential_Novel_Family
11619,12092,1,Potential_Novel_Family,Known_Family_Only
4236,11037,1,Expanded_Known_Family,Known_Family_Only
4236,12788,1,Expanded_Known_Family,Known_Family_Only
9504,11263,1,Known_Family_Only,Potential_Novel_Family
9504,12600,1,Known_Family_Only,Potential_Novel_Family
9293,9395,1,Expanded_Known_Family,Potential_Novel_Family
12202,12592,2,Potential_Novel_Family,Expanded_Known_Family
1347,10971,1,Potential_Novel_Family,Known_Family_Only
166,659,1,Known_Family_Only,Known_Family_Only
166,1739,1,Known_Family_Only,Potential_Novel_Family
659,1739,1,Known_Family_Only,Potential_Novel_Family
10426,12449,1,Known_Family_Only,Potential_Novel_Family
2405,2955,1,Known_Family_Only,Potential_Novel_Family
7806,12674,1,Known_Family_Only,Potential_Novel_Family
9782,10245,1,Potential_Novel_Family,Potential_Novel_Family
2156,3055,5,Known_Family_Only,Expanded_Known_Family
2156,5665,5,Known_Family_Only,Potential_Novel_Family
3055,5665,5,Expanded_Known_Family,Potential_Novel_Family
9165,9509,1,Expanded_Known_Family,Potential_Novel_Family
5641,725,1,Potential_Novel_Family,Known_Family_Only
3894,12511,4,Expanded_Known_Family,Potential_Novel_Family
3894,1540,1,Expanded_Known_Family,Known_Family_Only
981,12682,4,Potential_Novel_Family,Expanded_Known_Family
4260,11722,1,Potential_Novel_Family,Potential_Novel_Family
11121,9372,1,Potential_Novel_Family,Expanded_Known_Family
3178,10876,3,Expanded_Known_Family,Expanded_Known_Family
3178,12675,2,Expanded_Known_Family,Potential_Novel_Family
10876,12675,2,Expanded_Known_Family,Potential_Novel_Family
6103,9166,1,Potential_Novel_Family,Known_Family_Only
10427,13713,1,Known_Family_Only,Potential_Novel_Family
4090,10649,2,Expanded_Known_Family,Known_Family_Only
1615,6052,1,Potential_Novel_Family,Potential_Novel_Family
1562,5327,1,Potential_Novel_Family,Potential_Novel_Family
5327,1511,2,Potential_Novel_Family,Potential_Novel_Family
11972,12986,1,Known_Family_Only,Potential_Novel_Family
11187,13079,1,Potential_Novel_Family,Potential_Novel_Family
3278,3457,3,Potential_Novel_Family,Known_Family_Only
3157,13607,1,Potential_Novel_Family,Known_Family_Only
6081,11363,1,Known_Family_Only,Potential_Novel_Family
6081,6080,1,Known_Family_Only,Potential_Novel_Family
6948,11943,2,Expanded_Known_Family,Potential_Novel_Family
5835,10614,1,Potential_Novel_Family,Potential_Novel_Family
12300,12512,3,Expanded_Known_Family,Potential_Novel_Family
369,6285,1,Expanded_Known_Family,Potential_Novel_Family
369,6886,1,Expanded_Known_Family,Potential_Novel_Family
369,4239,1,Expanded_Known_Family,Expanded_Known_Family
369,4768,1,Expanded_Known_Family,Known_Family_Only
12241,12752,1,Potential_Novel_Family,Known_Family_Only
5857,12012,1,Potential_Novel_Family,Known_Family_Only
1354,12369,2,Known_Family_Only,Potential_Novel_Family
816,8216,1,Potential_Novel_Family,Potential_Novel_Family
12820,13642,1,Potential_Novel_Family,Known_Family_Only
1950,14033,1,Potential_Novel_Family,Potential_Novel_Family
1950,10752,1,Potential_Novel_Family,Known_Family_Only
10684,12370,1,Potential_Novel_Family,Potential_Novel_Family
4978,9133,1,Potential_Novel_Family,Potential_Novel_Family
5813,6005,1,Potential_Novel_Family,Known_Family_Only
12513,12861,1,Known_Family_Only,Potential_Novel_Family
3012,10576,4,Potential_Novel_Family,Potential_Novel_Family
1669,7837,1,Potential_Novel_Family,Potential_Novel_Family
1973,6201,1,Potential_Novel_Family,Potential_Novel_Family
1973,10186,1,Potential_Novel_Family,Potential_Novel_Family
10537,11808,1,Potential_Novel_Family,Potential_Novel_Family
4709,13279,2,Potential_Novel_Family,Known_Family_Only
2427,5466,1,Known_Family_Only,Potential_Novel_Family
784,2440,1,Potential_Novel_Family,Potential_Novel_Family
12822,14055,1,Potential_Novel_Family,Potential_Novel_Family
8398,10647,2,Potential_Novel_Family,Expanded_Known_Family
2085,6181,1,Known_Family_Only,Potential_Novel_Family
1806,5619,1,Known_Family_Only,Potential_Novel_Family
244,7041,1,Potential_Novel_Family,Potential_Novel_Family
1157,4768,1,Potential_Novel_Family,Known_Family_Only
4768,4239,1,Known_Family_Only,Expanded_Known_Family
439,9463,2,Known_Family_Only,Potential_Novel_Family
439,8326,1,Known_Family_Only,Known_Family_Only
9463,8326,1,Potential_Novel_Family,Known_Family_Only
5858,7580,1,Potential_Novel_Family,Potential_Novel_Family
5858,7654,1,Potential_Novel_Family,Known_Family_Only
7580,7654,1,Potential_Novel_Family,Known_Family_Only
1370,11153,1,Potential_Novel_Family,Known_Family_Only
5323,10716,1,Potential_Novel_Family,Potential_Novel_Family
3200,10877,1,Potential_Novel_Family,Potential_Novel_Family
4147,9814,1,Potential_Novel_Family,Known_Family_Only
7102,8217,1,Potential_Novel_Family,Known_Family_Only
9101,12900,1,Potential_Novel_Family,Known_Family_Only
7807,7981,1,Known_Family_Only,Potential_Novel_Family
3351,11896,1,Known_Family_Only,Potential_Novel_Family
7716,8161,1,Potential_Novel_Family,Known_Family_Only
13047,13347,1,Potential_Novel_Family,Potential_Novel_Family
10780,13608,1,Potential_Novel_Family,Potential_Novel_Family
2465,10355,1,Known_Family_Only,Known_Family_Only
2465,11690,1,Known_Family_Only,Potential_Novel_Family
2465,5300,1,Known_Family_Only,Potential_Novel_Family
2465,6760,1,Known_Family_Only,Known_Family_Only
10355,11690,1,Known_Family_Only,Potential_Novel_Family
43,12676,1,Expanded_Known_Family,Potential_Novel_Family
13742,11620,1,Potential_Novel_Family,Potential_Novel_Family
7808,8325,1,Known_Family_Only,Potential_Novel_Family
2441,8533,1,Potential_Novel_Family,Potential_Novel_Family
8603,10315,1,Potential_Novel_Family,Potential_Novel_Family
3266,4836,1,Potential_Novel_Family,Potential_Novel_Family
9667,13118,1,Potential_Novel_Family,Known_Family_Only
2157,12334,1,Potential_Novel_Family,Potential_Novel_Family
1227,7581,1,Expanded_Known_Family,Potential_Novel_Family
6104,9366,1,Potential_Novel_Family,Known_Family_Only
13892,13956,1,Potential_Novel_Family,Potential_Novel_Family
27,4464,1,Known_Family_Only,Potential_Novel_Family
27,2272,1,Known_Family_Only,Known_Family_Only
27,5797,1,Known_Family_Only,Potential_Novel_Family
27,7109,1,Known_Family_Only,Potential_Novel_Family
3183,1093,1,Expanded_Known_Family,Potential_Novel_Family
6981,8567,1,Potential_Novel_Family,Known_Family_Only
6721,12786,1,Potential_Novel_Family,Known_Family_Only
1089,2264,1,Expanded_Known_Family,Known_Family_Only
1089,4356,1,Expanded_Known_Family,Known_Family_Only
3477,4875,1,Known_Family_Only,Potential_Novel_Family
8896,10246,1,Known_Family_Only,Potential_Novel_Family
10176,12926,2,Known_Family_Only,Potential_Novel_Family
5411,14233,1,Known_Family_Only,Potential_Novel_Family
9367,11973,1,Known_Family_Only,Potential_Novel_Family
12013,12594,1,Potential_Novel_Family,Known_Family_Only
2364,4388,1,Potential_Novel_Family,Potential_Novel_Family
10577,12987,1,Potential_Novel_Family,Potential_Novel_Family
10577,12775,1,Potential_Novel_Family,Known_Family_Only
10578,13466,1,Potential_Novel_Family,Potential_Novel_Family
10050,13238,1,Potential_Novel_Family,Known_Family_Only
1448,1800,1,Known_Family_Only,Known_Family_Only
1448,2068,1,Known_Family_Only,Potential_Novel_Family
1800,2068,1,Known_Family_Only,Potential_Novel_Family
2282,4125,1,Known_Family_Only,Potential_Novel_Family
5881,9921,1,Potential_Novel_Family,Known_Family_Only
257,4769,1,Known_Family_Only,Potential_Novel_Family
4876,10748,1,Potential_Novel_Family,Known_Family_Only
10748,1630,1,Known_Family_Only,Potential_Novel_Family
5923,6286,1,Potential_Novel_Family,Known_Family_Only
5923,9290,1,Potential_Novel_Family,Known_Family_Only
6286,9290,1,Known_Family_Only,Known_Family_Only
7717,7906,1,Potential_Novel_Family,Known_Family_Only
4748,12862,1,Known_Family_Only,Potential_Novel_Family
7459,8568,1,Potential_Novel_Family,Expanded_Known_Family
8568,12795,1,Expanded_Known_Family,Known_Family_Only
11691,12568,1,Potential_Novel_Family,Potential_Novel_Family
11691,14145,1,Potential_Novel_Family,Known_Family_Only
2374,10786,1,Expanded_Known_Family,Potential_Novel_Family
1801,10494,1,Known_Family_Only,Potential_Novel_Family
2056,10173,1,Known_Family_Only,Potential_Novel_Family
4563,7513,1,Potential_Novel_Family,Potential_Novel_Family
2662,2929,1,Potential_Novel_Family,Potential_Novel_Family
2929,12933,1,Potential_Novel_Family,Potential_Novel_Family
2792,6182,1,Known_Family_Only,Potential_Novel_Family
407,1978,1,Potential_Novel_Family,Potential_Novel_Family
13212,13918,1,Potential_Novel_Family,Potential_Novel_Family
6488,12371,1,Known_Family_Only,Potential_Novel_Family
6488,4839,1,Known_Family_Only,Potential_Novel_Family
12595,14010,1,Potential_Novel_Family,Potential_Novel_Family
976,12450,1,Potential_Novel_Family,Known_Family_Only
12955,13919,1,Potential_Novel_Family,Known_Family_Only
10286,10461,2,Potential_Novel_Family,Known_Family_Only
3180,13119,1,Potential_Novel_Family,Known_Family_Only
3493,4951,1,Potential_Novel_Family,Potential_Novel_Family
502,13678,1,Known_Family_Only,Potential_Novel_Family
9594,12569,1,Potential_Novel_Family,Known_Family_Only
6982,10808,1,Known_Family_Only,Potential_Novel_Family
10213,11864,1,Potential_Novel_Family,Potential_Novel_Family
4612,9887,1,Potential_Novel_Family,Known_Family_Only
2247,12272,1,Potential_Novel_Family,Known_Family_Only
3509,6212,2,Potential_Novel_Family,Potential_Novel_Family
4952,5143,1,Potential_Novel_Family,Potential_Novel_Family
240,10615,1,Known_Family_Only,Potential_Novel_Family
4389,5695,1,Expanded_Known_Family,Expanded_Known_Family
3013,9197,1,Potential_Novel_Family,Potential_Novel_Family
5814,7656,1,Potential_Novel_Family,Potential_Novel_Family
1052,2331,1,Potential_Novel_Family,Known_Family_Only
3181,10983,1,Expanded_Known_Family,Potential_Novel_Family
12956,13610,1,Known_Family_Only,Potential_Novel_Family
6426,4953,1,Expanded_Known_Family,Known_Family_Only
6426,10396,1,Expanded_Known_Family,Known_Family_Only
7312,14204,1,Potential_Novel_Family,Known_Family_Only
2201,2316,1,Potential_Novel_Family,Known_Family_Only
8400,14086,1,Potential_Novel_Family,Potential_Novel_Family
4287,7042,1,Potential_Novel_Family,Known_Family_Only
5371,11188,1,Potential_Novel_Family,Potential_Novel_Family
12081,12242,1,Known_Family_Only,Potential_Novel_Family
3763,4439,1,Potential_Novel_Family,Potential_Novel_Family
76,4415,1,Known_Family_Only,Potential_Novel_Family
188,435,1,Known_Family_Only,Potential_Novel_Family
188,2675,1,Known_Family_Only,Potential_Novel_Family
476,3708,1,Expanded_Known_Family,Expanded_Known_Family
396,4365,1,Potential_Novel_Family,Potential_Novel_Family
6665,7209,1,Potential_Novel_Family,Potential_Novel_Family
3606,9743,1,Known_Family_Only,Potential_Novel_Family
893,5544,1,Expanded_Known_Family,Known_Family_Only
1199,2248,1,Potential_Novel_Family,Potential_Novel_Family
1199,2810,1,Potential_Novel_Family,Known_Family_Only
2248,2810,1,Potential_Novel_Family,Known_Family_Only
742,11228,1,Potential_Novel_Family,Potential_Novel_Family
7809,10007,1,Expanded_Known_Family,Potential_Novel_Family
7809,8646,1,Expanded_Known_Family,Potential_Novel_Family
2180,2303,1,Potential_Novel_Family,Known_Family_Only
94,581,1,Expanded_Known_Family,Known_Family_Only
94,763,1,Expanded_Known_Family,Potential_Novel_Family
581,763,1,Known_Family_Only,Potential_Novel_Family
8401,10395,1,Potential_Novel_Family,Potential_Novel_Family
1655,11464,1,Potential_Novel_Family,Known_Family_Only
4440,11725,1,Potential_Novel_Family,Potential_Novel_Family
12203,12335,1,Potential_Novel_Family,Known_Family_Only
809,9508,1,Potential_Novel_Family,Potential_Novel_Family
4018,6695,1,Known_Family_Only,Expanded_Known_Family
6695,13086,1,Expanded_Known_Family,Potential_Novel_Family
6695,12907,1,Expanded_Known_Family,Potential_Novel_Family
11401,11944,1,Known_Family_Only,Potential_Novel_Family
11944,5219,1,Potential_Novel_Family,Known_Family_Only
894,2171,1,Potential_Novel_Family,Known_Family_Only
894,9595,1,Potential_Novel_Family,Known_Family_Only
2171,9595,1,Known_Family_Only,Known_Family_Only
4170,11074,1,Potential_Novel_Family,Known_Family_Only
2976,7400,1,Known_Family_Only,Potential_Novel_Family
12047,13386,1,Known_Family_Only,Potential_Novel_Family
2622,13504,1,Expanded_Known_Family,Potential_Novel_Family
2622,13477,1,Expanded_Known_Family,Known_Family_Only
5300,6760,1,Potential_Novel_Family,Known_Family_Only
2793,12678,1,Potential_Novel_Family,Known_Family_Only
5216,8710,1,Known_Family_Only,Potential_Novel_Family
10247,11154,1,Known_Family_Only,Potential_Novel_Family
7460,10911,2,Potential_Novel_Family,Potential_Novel_Family
5980,4886,1,Expanded_Known_Family,Expanded_Known_Family
11560,13387,1,Potential_Novel_Family,Known_Family_Only
11974,12753,1,Potential_Novel_Family,Potential_Novel_Family
3458,5944,1,Known_Family_Only,Potential_Novel_Family
2998,12048,1,Potential_Novel_Family,Potential_Novel_Family
3021,10051,1,Expanded_Known_Family,Potential_Novel_Family
3021,6812,1,Expanded_Known_Family,Potential_Novel_Family
3021,10188,1,Expanded_Known_Family,Potential_Novel_Family
6183,7686,1,Known_Family_Only,Potential_Novel_Family
6402,9744,1,Potential_Novel_Family,Potential_Novel_Family
1556,11004,1,Known_Family_Only,Potential_Novel_Family
2406,7366,1,Potential_Novel_Family,Known_Family_Only
2738,11465,1,Potential_Novel_Family,Known_Family_Only
1698,8857,1,Expanded_Known_Family,Potential_Novel_Family
1698,5062,2,Expanded_Known_Family,Known_Family_Only
1698,5421,1,Expanded_Known_Family,Expanded_Known_Family
1378,8670,1,Known_Family_Only,Potential_Novel_Family
4534,13280,1,Known_Family_Only,Known_Family_Only
4534,289,1,Known_Family_Only,Known_Family_Only
4534,2118,1,Known_Family_Only,Expanded_Known_Family
4534,5386,1,Known_Family_Only,Known_Family_Only
4534,10218,1,Known_Family_Only,Known_Family_Only
1851,4640,1,Potential_Novel_Family,Known_Family_Only
3037,5349,1,Known_Family_Only,Potential_Novel_Family
5898,7043,1,Potential_Novel_Family,Potential_Novel_Family
4416,11523,1,Potential_Novel_Family,Potential_Novel_Family
1685,6377,1,Potential_Novel_Family,Potential_Novel_Family
4126,8858,1,Known_Family_Only,Potential_Novel_Family
11727,11809,1,Potential_Novel_Family,Known_Family_Only
6788,14321,1,Known_Family_Only,Potential_Novel_Family
2923,12204,1,Expanded_Known_Family,Known_Family_Only
2923,7689,1,Expanded_Known_Family,Known_Family_Only
4223,11728,1,Expanded_Known_Family,Expanded_Known_Family
4223,12870,1,Expanded_Known_Family,Known_Family_Only
11728,6861,2,Expanded_Known_Family,Expanded_Known_Family
4613,12149,1,Potential_Novel_Family,Known_Family_Only
4613,10437,1,Potential_Novel_Family,Potential_Novel_Family
13436,13809,1,Potential_Novel_Family,Potential_Novel_Family
2496,13048,1,Potential_Novel_Family,Potential_Novel_Family
1871,9745,1,Potential_Novel_Family,Potential_Novel_Family
2722,11131,2,Potential_Novel_Family,Expanded_Known_Family
7367,10248,1,Known_Family_Only,Potential_Novel_Family
2959,13216,1,Potential_Novel_Family,Known_Family_Only
11594,12451,1,Potential_Novel_Family,Known_Family_Only
7282,13467,1,Potential_Novel_Family,Potential_Novel_Family
8402,12596,1,Potential_Novel_Family,Known_Family_Only
5105,9464,1,Potential_Novel_Family,Potential_Novel_Family
11865,14322,1,Known_Family_Only,Potential_Novel_Family
4320,11322,1,Potential_Novel_Family,Known_Family_Only
1103,2487,1,Potential_Novel_Family,Known_Family_Only
5647,10356,1,Potential_Novel_Family,Potential_Novel_Family
5647,6294,1,Potential_Novel_Family,Known_Family_Only
1498,7687,1,Known_Family_Only,Potential_Novel_Family
4513,9042,1,Known_Family_Only,Potential_Novel_Family
2794,3038,1,Potential_Novel_Family,Known_Family_Only
5518,10288,1,Potential_Novel_Family,Known_Family_Only
5546,8604,1,Potential_Novel_Family,Known_Family_Only
13505,13920,1,Known_Family_Only,Potential_Novel_Family
757,3248,1,Potential_Novel_Family,Known_Family_Only
757,13357,2,Potential_Novel_Family,Potential_Novel_Family
14156,14307,1,Known_Family_Only,Potential_Novel_Family
4486,4564,3,Potential_Novel_Family,Expanded_Known_Family
7070,11642,1,Potential_Novel_Family,Expanded_Known_Family
11642,11840,1,Expanded_Known_Family,Potential_Novel_Family
3495,374,1,Expanded_Known_Family,Known_Family_Only
2086,11898,1,Potential_Novel_Family,Expanded_Known_Family
11898,12597,1,Expanded_Known_Family,Known_Family_Only
7777,9134,1,Potential_Novel_Family,Known_Family_Only
1517,5217,1,Known_Family_Only,Potential_Novel_Family
12823,13281,1,Known_Family_Only,Potential_Novel_Family
11229,11295,1,Known_Family_Only,Potential_Novel_Family
695,2132,1,Potential_Novel_Family,Potential_Novel_Family
695,1939,1,Potential_Novel_Family,Potential_Novel_Family
3478,6521,1,Known_Family_Only,Potential_Novel_Family
6521,2932,1,Potential_Novel_Family,Potential_Novel_Family
1201,3730,1,Known_Family_Only,Expanded_Known_Family
3730,11531,1,Expanded_Known_Family,Known_Family_Only
2387,5001,1,Known_Family_Only,Potential_Novel_Family
3806,4441,2,Expanded_Known_Family,Potential_Novel_Family
2283,9922,1,Potential_Novel_Family,Known_Family_Only
4198,8828,1,Potential_Novel_Family,Potential_Novel_Family
7778,13893,1,Known_Family_Only,Potential_Novel_Family
2202,9635,1,Expanded_Known_Family,Potential_Novel_Family
4514,11402,1,Potential_Novel_Family,Potential_Novel_Family
8428,9021,1,Known_Family_Only,Potential_Novel_Family
571,12570,2,Expanded_Known_Family,Potential_Novel_Family
571,9477,1,Expanded_Known_Family,Potential_Novel_Family
7142,13921,1,Known_Family_Only,Potential_Novel_Family
10810,11075,2,Known_Family_Only,Potential_Novel_Family
470,6454,1,Potential_Novel_Family,Known_Family_Only
7427,8429,1,Potential_Novel_Family,Potential_Novel_Family
12537,13179,1,Potential_Novel_Family,Known_Family_Only
2031,3443,1,Potential_Novel_Family,Potential_Novel_Family
3058,5899,1,Expanded_Known_Family,Potential_Novel_Family
326,6489,2,Known_Family_Only,Known_Family_Only
4585,12084,1,Potential_Novel_Family,Known_Family_Only
1740,7313,1,Potential_Novel_Family,Known_Family_Only
1740,10008,1,Potential_Novel_Family,Known_Family_Only
7313,10008,1,Known_Family_Only,Known_Family_Only
927,8291,1,Known_Family_Only,Potential_Novel_Family
5882,6157,1,Known_Family_Only,Potential_Novel_Family
10717,11403,1,Known_Family_Only,Potential_Novel_Family
440,9598,3,Potential_Novel_Family,Expanded_Known_Family
640,2699,1,Known_Family_Only,Potential_Novel_Family
11620,2237,1,Potential_Novel_Family,Potential_Novel_Family
13468,13922,1,Known_Family_Only,Potential_Novel_Family
4838,10750,1,Potential_Novel_Family,Known_Family_Only
4734,10903,1,Potential_Novel_Family,Known_Family_Only
4770,10495,1,Potential_Novel_Family,Known_Family_Only
1689,5900,1,Known_Family_Only,Potential_Novel_Family
11561,12598,1,Potential_Novel_Family,Known_Family_Only
12205,14251,1,Potential_Novel_Family,Known_Family_Only
1279,280,1,Potential_Novel_Family,Known_Family_Only
558,6848,1,Known_Family_Only,Potential_Novel_Family
1083,7541,1,Potential_Novel_Family,Potential_Novel_Family
5414,10289,1,Potential_Novel_Family,Known_Family_Only
628,1172,1,Known_Family_Only,Potential_Novel_Family
2379,3159,1,Known_Family_Only,Potential_Novel_Family
1246,5106,1,Potential_Novel_Family,Potential_Novel_Family
1246,13896,1,Potential_Novel_Family,Known_Family_Only
798,5081,1,Potential_Novel_Family,Expanded_Known_Family
5081,8869,1,Expanded_Known_Family,Potential_Novel_Family
13679,12246,1,Potential_Novel_Family,Potential_Novel_Family
1563,5965,1,Potential_Novel_Family,Potential_Novel_Family
13121,13535,1,Potential_Novel_Family,Known_Family_Only
2556,3076,2,Potential_Novel_Family,Known_Family_Only
7870,10904,2,Potential_Novel_Family,Known_Family_Only
7542,10718,1,Potential_Novel_Family,Known_Family_Only
3424,10134,1,Potential_Novel_Family,Potential_Novel_Family
6241,11844,1,Expanded_Known_Family,Known_Family_Only
900,2011,1,Potential_Novel_Family,Known_Family_Only
900,10974,1,Potential_Novel_Family,Potential_Novel_Family
2011,10974,1,Known_Family_Only,Potential_Novel_Family
10316,13743,1,Known_Family_Only,Potential_Novel_Family
5415,13572,1,Potential_Novel_Family,Known_Family_Only
13122,13349,1,Potential_Novel_Family,Potential_Novel_Family
12957,13981,1,Potential_Novel_Family,Known_Family_Only
3709,7840,1,Known_Family_Only,Potential_Novel_Family
6404,3249,1,Potential_Novel_Family,Known_Family_Only
6404,8446,1,Potential_Novel_Family,Known_Family_Only
6290,7839,1,Potential_Novel_Family,Known_Family_Only
6522,8859,1,Potential_Novel_Family,Potential_Novel_Family
11621,12634,1,Potential_Novel_Family,Known_Family_Only
11782,10906,1,Potential_Novel_Family,Known_Family_Only
5493,6234,1,Known_Family_Only,Known_Family_Only
5493,11622,1,Known_Family_Only,Potential_Novel_Family
6234,11622,1,Known_Family_Only,Potential_Novel_Family
8643,13049,1,Known_Family_Only,Potential_Novel_Family
1786,5569,2,Expanded_Known_Family,Expanded_Known_Family
12485,12990,1,Known_Family_Only,Potential_Novel_Family
576,13573,1,Potential_Novel_Family,Known_Family_Only
839,9434,1,Known_Family_Only,Potential_Novel_Family
1477,2249,1,Potential_Novel_Family,Known_Family_Only
1477,140,1,Potential_Novel_Family,Potential_Novel_Family
7688,13437,1,Potential_Novel_Family,Known_Family_Only
1143,6949,1,Potential_Novel_Family,Potential_Novel_Family
1143,11051,1,Potential_Novel_Family,Known_Family_Only
924,2843,1,Expanded_Known_Family,Known_Family_Only
924,492,1,Expanded_Known_Family,Expanded_Known_Family
924,3043,1,Expanded_Known_Family,Potential_Novel_Family
924,3235,1,Expanded_Known_Family,Known_Family_Only
12336,13282,4,Potential_Novel_Family,Potential_Novel_Family
13282,12604,1,Potential_Novel_Family,Known_Family_Only
8021,692,1,Potential_Novel_Family,Potential_Novel_Family
4771,7983,1,Expanded_Known_Family,Potential_Novel_Family
6884,7543,1,Potential_Novel_Family,Potential_Novel_Family
12206,12273,1,Potential_Novel_Family,Potential_Novel_Family
2869,4391,1,Potential_Novel_Family,Potential_Novel_Family
4805,10751,1,Potential_Novel_Family,Potential_Novel_Family
1986,3846,1,Potential_Novel_Family,Known_Family_Only
11497,11751,1,Potential_Novel_Family,Known_Family_Only
1442,4465,1,Potential_Novel_Family,Potential_Novel_Family
7174,13894,1,Potential_Novel_Family,Known_Family_Only
4953,10396,1,Known_Family_Only,Known_Family_Only
2150,10462,1,Known_Family_Only,Potential_Novel_Family
1411,9438,1,Expanded_Known_Family,Potential_Novel_Family
1411,7994,2,Expanded_Known_Family,Known_Family_Only
10579,12116,1,Potential_Novel_Family,Potential_Novel_Family
4069,9629,1,Potential_Novel_Family,Known_Family_Only
1757,4044,1,Potential_Novel_Family,Known_Family_Only
331,3640,1,Expanded_Known_Family,Potential_Novel_Family
331,4806,1,Expanded_Known_Family,Known_Family_Only
331,6107,1,Expanded_Known_Family,Known_Family_Only
331,14143,1,Expanded_Known_Family,Potential_Novel_Family
331,6558,1,Expanded_Known_Family,Potential_Novel_Family
3640,4806,1,Potential_Novel_Family,Known_Family_Only
3640,6107,1,Potential_Novel_Family,Known_Family_Only
4806,6107,1,Known_Family_Only,Known_Family_Only
1284,1980,1,Known_Family_Only,Potential_Novel_Family
1827,4515,1,Potential_Novel_Family,Potential_Novel_Family
7104,13923,1,Known_Family_Only,Potential_Novel_Family
5730,12572,1,Known_Family_Only,Potential_Novel_Family
1974,4045,1,Known_Family_Only,Potential_Novel_Family
6723,10781,1,Potential_Novel_Family,Known_Family_Only
6723,11190,1,Potential_Novel_Family,Potential_Novel_Family
8783,12454,1,Potential_Novel_Family,Known_Family_Only
1571,1807,1,Potential_Novel_Family,Known_Family_Only
934,5442,1,Potential_Novel_Family,Potential_Novel_Family
10052,12789,1,Potential_Novel_Family,Known_Family_Only
10052,3733,1,Potential_Novel_Family,Known_Family_Only
8860,9435,1,Potential_Novel_Family,Known_Family_Only
9557,10053,1,Potential_Novel_Family,Potential_Novel_Family
3957,10093,1,Expanded_Known_Family,Potential_Novel_Family
2110,9255,1,Known_Family_Only,Potential_Novel_Family
7779,11976,1,Potential_Novel_Family,Known_Family_Only
256,13470,1,Known_Family_Only,Potential_Novel_Family
10687,12117,1,Potential_Novel_Family,Potential_Novel_Family
3877,6082,1,Potential_Novel_Family,Potential_Novel_Family
3877,6270,1,Potential_Novel_Family,Known_Family_Only
7249,13283,1,Potential_Novel_Family,Known_Family_Only
11666,13471,1,Known_Family_Only,Potential_Novel_Family
8898,10290,1,Potential_Novel_Family,Known_Family_Only
5170,7175,2,Expanded_Known_Family,Potential_Novel_Family
5170,1043,1,Expanded_Known_Family,Known_Family_Only
7175,1043,1,Potential_Novel_Family,Known_Family_Only
8862,11753,1,Potential_Novel_Family,Known_Family_Only
9104,9224,1,Potential_Novel_Family,Potential_Novel_Family
1275,3409,1,Potential_Novel_Family,Potential_Novel_Family
1023,5171,1,Potential_Novel_Family,Known_Family_Only
6130,13781,1,Potential_Novel_Family,Potential_Novel_Family
3765,13957,1,Known_Family_Only,Potential_Novel_Family
869,7143,1,Potential_Novel_Family,Potential_Novel_Family
574,498,1,Expanded_Known_Family,Potential_Novel_Family
9558,11155,1,Potential_Novel_Family,Potential_Novel_Family
2166,6321,1,Potential_Novel_Family,Known_Family_Only
4447,9559,2,Expanded_Known_Family,Potential_Novel_Family
4447,8790,2,Expanded_Known_Family,Expanded_Known_Family
4447,878,1,Expanded_Known_Family,Potential_Novel_Family
4447,2196,1,Expanded_Known_Family,Known_Family_Only
4447,3114,1,Expanded_Known_Family,Known_Family_Only
1577,8189,2,Known_Family_Only,Potential_Novel_Family
1577,367,1,Known_Family_Only,Potential_Novel_Family
2228,6056,3,Potential_Novel_Family,Expanded_Known_Family
6056,4492,1,Expanded_Known_Family,Potential_Novel_Family
11230,14125,1,Potential_Novel_Family,Known_Family_Only
524,10135,1,Expanded_Known_Family,Known_Family_Only
524,3922,1,Expanded_Known_Family,Potential_Novel_Family
524,2964,1,Expanded_Known_Family,Potential_Novel_Family
2250,7871,1,Known_Family_Only,Potential_Novel_Family
2250,9668,1,Known_Family_Only,Known_Family_Only
2250,10720,1,Known_Family_Only,Known_Family_Only
7871,9668,1,Potential_Novel_Family,Known_Family_Only
7871,10720,1,Potential_Novel_Family,Known_Family_Only
9668,10720,1,Known_Family_Only,Known_Family_Only
5302,11367,1,Known_Family_Only,Potential_Novel_Family
7544,10498,1,Potential_Novel_Family,Known_Family_Only
7780,7985,1,Potential_Novel_Family,Potential_Novel_Family
1460,13181,1,Potential_Novel_Family,Known_Family_Only
4690,10782,1,Known_Family_Only,Potential_Novel_Family
3444,4878,1,Known_Family_Only,Potential_Novel_Family
280,1582,1,Known_Family_Only,Potential_Novel_Family
289,2118,2,Known_Family_Only,Expanded_Known_Family
289,5386,1,Known_Family_Only,Known_Family_Only
289,10218,1,Known_Family_Only,Known_Family_Only
2118,5386,1,Expanded_Known_Family,Known_Family_Only
2118,10218,1,Expanded_Known_Family,Known_Family_Only
2118,4105,1,Expanded_Known_Family,Potential_Novel_Family
2118,3961,1,Expanded_Known_Family,Potential_Novel_Family
11525,13611,1,Potential_Novel_Family,Known_Family_Only
4347,14173,1,Potential_Novel_Family,Known_Family_Only
8861,10428,1,Known_Family_Only,Potential_Novel_Family
4321,10016,2,Known_Family_Only,Potential_Novel_Family
1456,6262,1,Potential_Novel_Family,Known_Family_Only
5902,8092,1,Potential_Novel_Family,Potential_Novel_Family
12401,14059,1,Potential_Novel_Family,Potential_Novel_Family
6405,12901,1,Potential_Novel_Family,Known_Family_Only
13958,14252,1,Potential_Novel_Family,Known_Family_Only
2540,3017,1,Potential_Novel_Family,Known_Family_Only
2540,5494,1,Potential_Novel_Family,Known_Family_Only
3017,5494,1,Known_Family_Only,Known_Family_Only
3641,4218,1,Known_Family_Only,Expanded_Known_Family
3807,9710,1,Expanded_Known_Family,Known_Family_Only
3807,9888,1,Expanded_Known_Family,Potential_Novel_Family
3267,12049,1,Known_Family_Only,Potential_Novel_Family
415,4736,1,Potential_Novel_Family,Known_Family_Only
4736,10656,1,Known_Family_Only,Potential_Novel_Family
5836,8605,1,Potential_Novel_Family,Known_Family_Only
13680,13870,1,Potential_Novel_Family,Known_Family_Only
12958,13895,1,Known_Family_Only,Potential_Novel_Family
10539,11264,1,Known_Family_Only,Potential_Novel_Family
1147,2192,1,Potential_Novel_Family,Known_Family_Only
992,10540,1,Expanded_Known_Family,Known_Family_Only
992,1110,1,Expanded_Known_Family,Potential_Novel_Family
992,12343,1,Expanded_Known_Family,Potential_Novel_Family
3445,11368,1,Potential_Novel_Family,Known_Family_Only
3281,10753,1,Known_Family_Only,Potential_Novel_Family
1230,3979,1,Known_Family_Only,Potential_Novel_Family
1230,5270,1,Known_Family_Only,Known_Family_Only
3979,5270,1,Potential_Novel_Family,Known_Family_Only
3979,7876,2,Potential_Novel_Family,Known_Family_Only
7250,7872,1,Potential_Novel_Family,Potential_Novel_Family
1226,10501,1,Known_Family_Only,Potential_Novel_Family
307,1564,1,Known_Family_Only,Known_Family_Only
307,3039,1,Known_Family_Only,Potential_Novel_Family
307,6492,1,Known_Family_Only,Known_Family_Only
1564,3039,1,Known_Family_Only,Potential_Novel_Family
1564,6492,1,Known_Family_Only,Known_Family_Only
3039,6492,1,Potential_Novel_Family,Known_Family_Only
5372,11694,1,Potential_Novel_Family,Known_Family_Only
4858,5468,1,Known_Family_Only,Potential_Novel_Family
3871,10087,1,Potential_Novel_Family,Known_Family_Only
5520,11006,1,Known_Family_Only,Potential_Novel_Family
8022,11498,1,Potential_Novel_Family,Known_Family_Only
8022,13317,1,Potential_Novel_Family,Potential_Novel_Family
11498,13317,1,Known_Family_Only,Potential_Novel_Family
11810,11866,1,Potential_Novel_Family,Potential_Novel_Family
4536,6349,1,Known_Family_Only,Potential_Novel_Family
11157,11265,1,Potential_Novel_Family,Potential_Novel_Family
11157,12754,1,Potential_Novel_Family,Potential_Novel_Family
11265,12754,1,Potential_Novel_Family,Potential_Novel_Family
7811,9970,1,Potential_Novel_Family,Known_Family_Only
11007,11156,1,Potential_Novel_Family,Known_Family_Only
605,1326,1,Expanded_Known_Family,Potential_Novel_Family
605,1721,1,Expanded_Known_Family,Potential_Novel_Family
6083,13182,1,Potential_Novel_Family,Known_Family_Only
3139,10812,1,Potential_Novel_Family,Known_Family_Only
6493,10580,1,Potential_Novel_Family,Potential_Novel_Family
2133,2956,1,Potential_Novel_Family,Known_Family_Only
2133,9466,1,Potential_Novel_Family,Known_Family_Only
2956,9466,1,Known_Family_Only,Known_Family_Only
914,1549,1,Potential_Novel_Family,Known_Family_Only
8899,12426,1,Potential_Novel_Family,Potential_Novel_Family
7515,13241,1,Potential_Novel_Family,Known_Family_Only
10088,11077,1,Known_Family_Only,Potential_Novel_Family
10054,13674,1,Potential_Novel_Family,Expanded_Known_Family
13674,13753,1,Expanded_Known_Family,Potential_Novel_Family
13674,12310,1,Expanded_Known_Family,Potential_Novel_Family
5373,10940,1,Known_Family_Only,Potential_Novel_Family
12599,14293,1,Potential_Novel_Family,Potential_Novel_Family
598,5801,1,Potential_Novel_Family,Potential_Novel_Family
598,3786,1,Potential_Novel_Family,Known_Family_Only
5667,6263,2,Expanded_Known_Family,Expanded_Known_Family
7782,11754,1,Potential_Novel_Family,Potential_Novel_Family
2502,6184,1,Known_Family_Only,Potential_Novel_Family
6619,6849,1,Known_Family_Only,Potential_Novel_Family
1386,10975,1,Potential_Novel_Family,Potential_Novel_Family
8573,10178,1,Known_Family_Only,Potential_Novel_Family
3534,8430,1,Potential_Novel_Family,Known_Family_Only
5326,6131,1,Potential_Novel_Family,Known_Family_Only
6581,12427,1,Potential_Novel_Family,Potential_Novel_Family
6581,9673,1,Potential_Novel_Family,Known_Family_Only
4773,6620,2,Potential_Novel_Family,Expanded_Known_Family
1453,13082,1,Expanded_Known_Family,Known_Family_Only
1453,4175,1,Expanded_Known_Family,Potential_Novel_Family
1533,1808,1,Known_Family_Only,Known_Family_Only
1533,7007,1,Known_Family_Only,Potential_Novel_Family
1808,7007,1,Known_Family_Only,Potential_Novel_Family
4537,12087,1,Known_Family_Only,Potential_Novel_Family
6132,13151,1,Potential_Novel_Family,Known_Family_Only
5572,10500,1,Potential_Novel_Family,Potential_Novel_Family
5444,9511,1,Potential_Novel_Family,Potential_Novel_Family
1383,6952,1,Known_Family_Only,Expanded_Known_Family
6952,13319,1,Expanded_Known_Family,Potential_Novel_Family
6952,10181,1,Expanded_Known_Family,Potential_Novel_Family
11158,11563,1,Potential_Novel_Family,Potential_Novel_Family
2870,10783,1,Known_Family_Only,Potential_Novel_Family
1910,4348,1,Known_Family_Only,Potential_Novel_Family
12243,12959,1,Potential_Novel_Family,Known_Family_Only
1789,5732,4,Expanded_Known_Family,Potential_Novel_Family
8051,11404,1,Known_Family_Only,Potential_Novel_Family
3683,9256,1,Potential_Novel_Family,Potential_Novel_Family
7075,11466,1,Potential_Novel_Family,Potential_Novel_Family
9043,12338,1,Potential_Novel_Family,Known_Family_Only
1493,14174,1,Potential_Novel_Family,Known_Family_Only
10499,11562,1,Potential_Novel_Family,Potential_Novel_Family
1253,7176,1,Known_Family_Only,Potential_Novel_Family
1958,4880,5,Expanded_Known_Family,Expanded_Known_Family
1958,12825,1,Expanded_Known_Family,Known_Family_Only
1958,11435,1,Expanded_Known_Family,Known_Family_Only
4880,11435,2,Expanded_Known_Family,Known_Family_Only
4880,12825,1,Expanded_Known_Family,Known_Family_Only
4880,2181,1,Expanded_Known_Family,Potential_Novel_Family
324,743,1,Expanded_Known_Family,Known_Family_Only
324,9680,1,Expanded_Known_Family,Potential_Novel_Family
6428,10952,1,Known_Family_Only,Expanded_Known_Family
10952,8724,1,Expanded_Known_Family,Potential_Novel_Family
10581,5387,1,Potential_Novel_Family,Known_Family_Only
5172,10357,1,Potential_Novel_Family,Known_Family_Only
9136,11994,1,Potential_Novel_Family,Potential_Novel_Family
158,563,1,Known_Family_Only,Known_Family_Only
158,3282,1,Known_Family_Only,Potential_Novel_Family
563,3282,1,Known_Family_Only,Potential_Novel_Family
7074,13682,1,Potential_Novel_Family,Potential_Novel_Family
11369,12182,1,Potential_Novel_Family,Known_Family_Only
4169,12302,1,Known_Family_Only,Potential_Novel_Family
6850,14281,1,Known_Family_Only,Potential_Novel_Family
2858,4662,1,Potential_Novel_Family,Known_Family_Only
4641,5621,1,Potential_Novel_Family,Known_Family_Only
4487,12337,1,Known_Family_Only,Potential_Novel_Family
6028,7461,1,Known_Family_Only,Potential_Novel_Family
1781,5595,1,Potential_Novel_Family,Known_Family_Only
573,2041,6,Expanded_Known_Family,Potential_Novel_Family
1384,6914,1,Known_Family_Only,Potential_Novel_Family
4707,9044,1,Potential_Novel_Family,Known_Family_Only
12429,13083,1,Potential_Novel_Family,Potential_Novel_Family
8933,12486,1,Potential_Novel_Family,Potential_Novel_Family
8933,13812,1,Potential_Novel_Family,Known_Family_Only
5027,10813,1,Potential_Novel_Family,Potential_Novel_Family
7251,7750,1,Expanded_Known_Family,Potential_Novel_Family
7251,1726,1,Expanded_Known_Family,Potential_Novel_Family
3283,5643,1,Known_Family_Only,Potential_Novel_Family
5643,5985,1,Potential_Novel_Family,Expanded_Known_Family
9926,12824,1,Potential_Novel_Family,Known_Family_Only
7401,11193,1,Potential_Novel_Family,Potential_Novel_Family
13183,13214,1,Potential_Novel_Family,Potential_Novel_Family
3289,13242,1,Potential_Novel_Family,Known_Family_Only
1499,10650,1,Potential_Novel_Family,Known_Family_Only
11467,12151,1,Known_Family_Only,Potential_Novel_Family
6582,11436,1,Potential_Novel_Family,Known_Family_Only
7516,9137,1,Known_Family_Only,Potential_Novel_Family
4545,9231,1,Potential_Novel_Family,Known_Family_Only
686,3936,1,Known_Family_Only,Known_Family_Only
686,10582,1,Known_Family_Only,Potential_Novel_Family
3936,10582,1,Known_Family_Only,Potential_Novel_Family
4419,11194,1,Expanded_Known_Family,Known_Family_Only
921,7106,1,Potential_Novel_Family,Known_Family_Only
921,10821,2,Potential_Novel_Family,Expanded_Known_Family
13782,14087,1,Known_Family_Only,Potential_Novel_Family
2051,11643,1,Known_Family_Only,Potential_Novel_Family
2503,7144,3,Potential_Novel_Family,Potential_Novel_Family
6524,11405,1,Potential_Novel_Family,Known_Family_Only
5055,12208,1,Known_Family_Only,Potential_Novel_Family
7619,13924,1,Potential_Novel_Family,Potential_Novel_Family
6203,7402,2,Known_Family_Only,Known_Family_Only
1620,2042,1,Known_Family_Only,Potential_Novel_Family
1620,3352,1,Known_Family_Only,Known_Family_Only
1620,5303,1,Known_Family_Only,Potential_Novel_Family
2042,3352,1,Potential_Novel_Family,Known_Family_Only
2042,5303,1,Potential_Novel_Family,Potential_Novel_Family
3352,5303,1,Known_Family_Only,Potential_Novel_Family
611,2225,1,Potential_Novel_Family,Known_Family_Only
9560,10397,1,Potential_Novel_Family,Known_Family_Only
2957,4071,1,Known_Family_Only,Potential_Novel_Family
4072,8607,1,Potential_Novel_Family,Known_Family_Only
9561,12372,1,Potential_Novel_Family,Known_Family_Only
11437,11811,1,Known_Family_Only,Potential_Novel_Family
110,13925,2,Known_Family_Only,Potential_Novel_Family
6235,7987,1,Known_Family_Only,Potential_Novel_Family
6851,7462,1,Known_Family_Only,Potential_Novel_Family
641,1180,1,Known_Family_Only,Potential_Novel_Family
1258,7487,1,Known_Family_Only,Potential_Novel_Family
11041,13243,1,Potential_Novel_Family,Potential_Novel_Family
4538,5573,1,Known_Family_Only,Potential_Novel_Family
1191,9199,1,Known_Family_Only,Potential_Novel_Family
3425,7211,1,Potential_Novel_Family,Known_Family_Only
11232,13683,1,Potential_Novel_Family,Potential_Novel_Family
4539,10689,1,Known_Family_Only,Potential_Novel_Family
6667,9853,1,Expanded_Known_Family,Potential_Novel_Family
5220,11945,1,Potential_Novel_Family,Potential_Novel_Family
11266,12455,1,Potential_Novel_Family,Potential_Novel_Family
7584,8052,1,Known_Family_Only,Potential_Novel_Family
2123,3333,1,Potential_Novel_Family,Known_Family_Only
3140,10651,1,Potential_Novel_Family,Potential_Novel_Family
2447,3963,1,Potential_Novel_Family,Expanded_Known_Family
1697,10179,1,Potential_Novel_Family,Known_Family_Only
4751,10620,1,Known_Family_Only,Potential_Novel_Family
5574,11079,1,Potential_Novel_Family,Known_Family_Only
6133,8093,1,Potential_Novel_Family,Potential_Novel_Family
6055,10009,2,Potential_Novel_Family,Known_Family_Only
5924,12826,1,Potential_Novel_Family,Known_Family_Only
9784,11042,1,Potential_Novel_Family,Potential_Novel_Family
4752,10502,1,Potential_Novel_Family,Known_Family_Only
3831,6138,3,Potential_Novel_Family,Expanded_Known_Family
6138,2125,1,Expanded_Known_Family,Known_Family_Only
5795,10976,1,Potential_Novel_Family,Potential_Novel_Family
2920,9106,1,Potential_Novel_Family,Potential_Novel_Family
3684,5945,1,Potential_Novel_Family,Known_Family_Only
4488,4774,1,Potential_Novel_Family,Known_Family_Only
6108,10010,1,Known_Family_Only,Potential_Novel_Family
2702,11644,1,Potential_Novel_Family,Known_Family_Only
2702,5507,1,Potential_Novel_Family,Potential_Novel_Family
8743,10318,1,Known_Family_Only,Potential_Novel_Family
5765,11267,1,Potential_Novel_Family,Potential_Novel_Family
9437,12864,1,Known_Family_Only,Potential_Novel_Family
372,1940,1,Potential_Novel_Family,Known_Family_Only
29,731,1,Potential_Novel_Family,Potential_Novel_Family
11995,7995,1,Potential_Novel_Family,Known_Family_Only
9138,10583,1,Potential_Novel_Family,Known_Family_Only
3182,10011,1,Potential_Novel_Family,Known_Family_Only
3550,13244,1,Potential_Novel_Family,Potential_Novel_Family
3550,10015,1,Potential_Novel_Family,Potential_Novel_Family
2116,3015,1,Known_Family_Only,Potential_Novel_Family
4954,7812,1,Potential_Novel_Family,Potential_Novel_Family
41,1924,1,Expanded_Known_Family,Potential_Novel_Family
8829,12373,1,Known_Family_Only,Potential_Novel_Family
1443,8744,1,Potential_Novel_Family,Known_Family_Only
8975,12303,1,Known_Family_Only,Potential_Novel_Family
3250,6322,1,Known_Family_Only,Potential_Novel_Family
9854,10089,1,Potential_Novel_Family,Known_Family_Only
1852,11837,1,Known_Family_Only,Expanded_Known_Family
4489,11296,1,Known_Family_Only,Potential_Novel_Family
5272,5417,1,Known_Family_Only,Potential_Novel_Family
3980,5192,1,Potential_Novel_Family,Known_Family_Only
5221,10905,1,Potential_Novel_Family,Potential_Novel_Family
2081,11506,1,Potential_Novel_Family,Potential_Novel_Family
5245,10503,1,Known_Family_Only,Potential_Novel_Family
3889,4349,1,Known_Family_Only,Potential_Novel_Family
2633,10215,1,Known_Family_Only,Potential_Novel_Family
4565,11696,1,Known_Family_Only,Potential_Novel_Family
4418,12402,1,Potential_Novel_Family,Known_Family_Only
6291,12430,1,Potential_Novel_Family,Potential_Novel_Family
7044,8186,1,Potential_Novel_Family,Potential_Novel_Family
7044,9671,1,Potential_Novel_Family,Expanded_Known_Family
8186,9671,1,Potential_Novel_Family,Expanded_Known_Family
9671,11923,1,Expanded_Known_Family,Potential_Novel_Family
5246,6494,1,Known_Family_Only,Potential_Novel_Family
320,3589,1,Potential_Novel_Family,Known_Family_Only
7178,8574,2,Potential_Novel_Family,Known_Family_Only
6109,11438,1,Potential_Novel_Family,Potential_Novel_Family
11468,13536,1,Potential_Novel_Family,Potential_Novel_Family
1154,1400,1,Potential_Novel_Family,Known_Family_Only
1650,5057,1,Potential_Novel_Family,Known_Family_Only
1650,11080,1,Potential_Novel_Family,Known_Family_Only
5057,11080,1,Known_Family_Only,Known_Family_Only
4859,14158,1,Known_Family_Only,Potential_Novel_Family
1086,11667,1,Known_Family_Only,Potential_Novel_Family
12456,13153,1,Known_Family_Only,Potential_Novel_Family
5981,13215,1,Known_Family_Only,Potential_Novel_Family
5946,7874,1,Known_Family_Only,Potential_Novel_Family
1205,2002,1,Known_Family_Only,Potential_Novel_Family
1205,3290,1,Known_Family_Only,Known_Family_Only
2002,3290,1,Potential_Novel_Family,Known_Family_Only
5694,10721,1,Potential_Novel_Family,Potential_Novel_Family
1621,7252,1,Potential_Novel_Family,Potential_Novel_Family
7430,8122,1,Known_Family_Only,Potential_Novel_Family
7430,7843,1,Known_Family_Only,Potential_Novel_Family
4171,4775,1,Potential_Novel_Family,Known_Family_Only
8053,11125,1,Potential_Novel_Family,Potential_Novel_Family
2172,5469,2,Potential_Novel_Family,Potential_Novel_Family
545,6852,1,Potential_Novel_Family,Known_Family_Only
545,13154,1,Potential_Novel_Family,Potential_Novel_Family
6852,13154,1,Known_Family_Only,Potential_Novel_Family
1222,2871,1,Known_Family_Only,Potential_Novel_Family
1222,4517,1,Known_Family_Only,Known_Family_Only
2871,4517,1,Potential_Novel_Family,Known_Family_Only
5090,13898,1,Potential_Novel_Family,Potential_Novel_Family
5090,7665,1,Potential_Novel_Family,Known_Family_Only
12993,13783,1,Known_Family_Only,Potential_Novel_Family
3480,12998,1,Expanded_Known_Family,Known_Family_Only
2365,4289,1,Potential_Novel_Family,Potential_Novel_Family
9201,14144,1,Potential_Novel_Family,Known_Family_Only
1788,4664,1,Potential_Novel_Family,Known_Family_Only
3913,6915,1,Potential_Novel_Family,Potential_Novel_Family
2664,5351,1,Potential_Novel_Family,Known_Family_Only
497,3872,1,Potential_Novel_Family,Potential_Novel_Family
11195,12088,1,Potential_Novel_Family,Potential_Novel_Family
13184,13351,1,Known_Family_Only,Potential_Novel_Family
13351,12906,2,Potential_Novel_Family,Potential_Novel_Family
1360,3535,1,Known_Family_Only,Potential_Novel_Family
4219,4518,1,Potential_Novel_Family,Known_Family_Only
200,776,1,Expanded_Known_Family,Potential_Novel_Family
200,1306,1,Expanded_Known_Family,Potential_Novel_Family
776,1306,1,Potential_Novel_Family,Potential_Novel_Family
9855,12247,1,Potential_Novel_Family,Potential_Novel_Family
2872,7368,1,Potential_Novel_Family,Potential_Novel_Family
2124,12791,1,Known_Family_Only,Potential_Novel_Family
5108,9890,1,Potential_Novel_Family,Known_Family_Only
2674,4691,1,Known_Family_Only,Potential_Novel_Family
10429,11326,1,Known_Family_Only,Potential_Novel_Family
10291,11371,1,Known_Family_Only,Potential_Novel_Family
5575,9631,1,Potential_Novel_Family,Known_Family_Only
1155,7488,1,Potential_Novel_Family,Potential_Novel_Family
3460,9513,1,Potential_Novel_Family,Potential_Novel_Family
7993,10090,2,Known_Family_Only,Potential_Novel_Family
5968,10722,1,Known_Family_Only,Potential_Novel_Family
5968,11043,1,Known_Family_Only,Potential_Novel_Family
10722,11043,1,Potential_Novel_Family,Potential_Novel_Family
2466,8431,1,Potential_Novel_Family,Potential_Novel_Family
1285,2945,1,Known_Family_Only,Potential_Novel_Family
1285,6950,1,Known_Family_Only,Known_Family_Only
2945,6950,1,Potential_Novel_Family,Known_Family_Only
1276,8745,1,Known_Family_Only,Potential_Novel_Family
5058,13438,1,Potential_Novel_Family,Potential_Novel_Family
5304,7212,1,Potential_Novel_Family,Potential_Novel_Family
2043,2977,1,Potential_Novel_Family,Known_Family_Only
6135,7403,1,Potential_Novel_Family,Known_Family_Only
8609,10320,1,Potential_Novel_Family,Known_Family_Only
4238,8536,1,Potential_Novel_Family,Potential_Novel_Family
4091,8785,1,Known_Family_Only,Potential_Novel_Family
4367,8746,1,Known_Family_Only,Potential_Novel_Family
3309,6160,1,Potential_Novel_Family,Known_Family_Only
5109,10941,1,Known_Family_Only,Potential_Novel_Family
8292,9633,1,Potential_Novel_Family,Known_Family_Only
9512,11499,1,Known_Family_Only,Potential_Novel_Family
4932,9632,1,Potential_Novel_Family,Potential_Novel_Family
4932,11081,1,Potential_Novel_Family,Known_Family_Only
9632,11081,1,Potential_Novel_Family,Known_Family_Only
120,9226,1,Potential_Novel_Family,Known_Family_Only
120,7218,1,Potential_Novel_Family,Known_Family_Only
8219,13155,1,Known_Family_Only,Potential_Novel_Family
6236,7586,1,Potential_Novel_Family,Known_Family_Only
6236,9891,1,Potential_Novel_Family,Known_Family_Only
7586,9891,1,Known_Family_Only,Known_Family_Only
2873,12929,1,Known_Family_Only,Potential_Novel_Family
6810,8902,1,Potential_Novel_Family,Known_Family_Only
12635,13927,1,Potential_Novel_Family,Known_Family_Only
3892,5495,1,Potential_Novel_Family,Potential_Novel_Family
143,126,1,Potential_Novel_Family,Known_Family_Only
162,1640,1,Known_Family_Only,Potential_Novel_Family
1911,12050,1,Known_Family_Only,Potential_Novel_Family
11668,14061,1,Potential_Novel_Family,Potential_Novel_Family
5003,6161,1,Known_Family_Only,Potential_Novel_Family
4753,4907,1,Potential_Novel_Family,Potential_Novel_Family
675,6765,1,Known_Family_Only,Potential_Novel_Family
6853,12994,1,Potential_Novel_Family,Potential_Novel_Family
2796,13023,1,Known_Family_Only,Potential_Novel_Family
2978,5445,1,Potential_Novel_Family,Potential_Novel_Family
5622,6429,1,Potential_Novel_Family,Potential_Novel_Family
3427,7842,2,Potential_Novel_Family,Expanded_Known_Family
2591,5645,2,Expanded_Known_Family,Expanded_Known_Family
9023,11469,1,Known_Family_Only,Potential_Novel_Family
5883,7720,1,Potential_Novel_Family,Known_Family_Only
4708,13577,1,Known_Family_Only,Potential_Novel_Family
7253,13185,1,Potential_Novel_Family,Known_Family_Only
9892,11406,1,Potential_Novel_Family,Potential_Novel_Family
9368,12487,1,Potential_Novel_Family,Known_Family_Only
5273,8575,1,Known_Family_Only,Potential_Novel_Family
225,13473,1,Potential_Novel_Family,Known_Family_Only
9139,13537,1,Potential_Novel_Family,Potential_Novel_Family
5028,6583,1,Known_Family_Only,Potential_Novel_Family
6353,14234,1,Potential_Novel_Family,Known_Family_Only
2371,13129,1,Expanded_Known_Family,Potential_Novel_Family
3016,11126,1,Known_Family_Only,Potential_Novel_Family
8220,9369,1,Potential_Novel_Family,Potential_Novel_Family
8220,10217,2,Potential_Novel_Family,Expanded_Known_Family
693,7690,1,Known_Family_Only,Potential_Novel_Family
7587,9927,1,Potential_Novel_Family,Potential_Novel_Family
10754,11439,1,Known_Family_Only,Potential_Novel_Family
6266,13245,1,Known_Family_Only,Potential_Novel_Family
191,1401,1,Potential_Novel_Family,Known_Family_Only
191,7947,1,Potential_Novel_Family,Known_Family_Only
191,10691,1,Potential_Novel_Family,Known_Family_Only
1401,7947,1,Known_Family_Only,Known_Family_Only
1401,10691,1,Known_Family_Only,Known_Family_Only
7947,10691,1,Known_Family_Only,Known_Family_Only
10691,177,1,Known_Family_Only,Potential_Novel_Family
10691,1894,1,Known_Family_Only,Potential_Novel_Family
1181,6729,1,Potential_Novel_Family,Expanded_Known_Family
6729,10509,1,Expanded_Known_Family,Potential_Novel_Family
7517,10504,1,Potential_Novel_Family,Potential_Novel_Family
4754,9928,1,Known_Family_Only,Potential_Novel_Family
8502,12339,1,Potential_Novel_Family,Potential_Novel_Family
3077,14253,1,Potential_Novel_Family,Known_Family_Only
8786,10785,1,Potential_Novel_Family,Known_Family_Only
13051,14159,1,Potential_Novel_Family,Known_Family_Only
8576,9167,1,Potential_Novel_Family,Known_Family_Only
8934,10398,1,Potential_Novel_Family,Potential_Novel_Family
8863,9370,1,Potential_Novel_Family,Known_Family_Only
4368,9168,1,Known_Family_Only,Potential_Novel_Family
6766,11645,1,Known_Family_Only,Potential_Novel_Family
1709,10399,1,Potential_Novel_Family,Known_Family_Only
2797,4220,1,Known_Family_Only,Potential_Novel_Family
2797,5147,1,Known_Family_Only,Potential_Novel_Family
12488,12793,1,Potential_Novel_Family,Known_Family_Only
11564,7911,1,Expanded_Known_Family,Known_Family_Only
6789,7489,1,Known_Family_Only,Expanded_Known_Family
7489,10542,1,Expanded_Known_Family,Potential_Novel_Family
1749,6885,1,Potential_Novel_Family,Known_Family_Only
5646,10755,1,Potential_Novel_Family,Potential_Novel_Family
119,11008,1,Potential_Novel_Family,Potential_Novel_Family
1670,2057,2,Potential_Novel_Family,Known_Family_Only
1070,7468,1,Potential_Novel_Family,Potential_Novel_Family
6431,11009,1,Potential_Novel_Family,Known_Family_Only
10464,13474,1,Potential_Novel_Family,Known_Family_Only
5969,6432,1,Potential_Novel_Family,Known_Family_Only
3353,7660,1,Known_Family_Only,Potential_Novel_Family
1648,1680,1,Potential_Novel_Family,Potential_Novel_Family
790,2380,1,Potential_Novel_Family,Potential_Novel_Family
701,8405,1,Known_Family_Only,Potential_Novel_Family
4908,9972,1,Potential_Novel_Family,Potential_Novel_Family
4908,7370,1,Potential_Novel_Family,Known_Family_Only
8787,11373,1,Potential_Novel_Family,Potential_Novel_Family
1458,1758,1,Potential_Novel_Family,Known_Family_Only
1458,3292,1,Potential_Novel_Family,Potential_Novel_Family
1758,3292,2,Known_Family_Only,Potential_Novel_Family
6455,11697,1,Potential_Novel_Family,Potential_Novel_Family
6811,6987,1,Known_Family_Only,Potential_Novel_Family
3955,8433,1,Known_Family_Only,Potential_Novel_Family
7145,11867,1,Potential_Novel_Family,Known_Family_Only
4909,11998,1,Potential_Novel_Family,Known_Family_Only
2036,11755,1,Potential_Novel_Family,Known_Family_Only
9600,10465,1,Potential_Novel_Family,Potential_Novel_Family
1394,9076,1,Known_Family_Only,Potential_Novel_Family
6204,1212,1,Expanded_Known_Family,Known_Family_Only
130,1011,1,Potential_Novel_Family,Known_Family_Only
12930,12961,1,Potential_Novel_Family,Potential_Novel_Family
9929,11082,3,Expanded_Known_Family,Expanded_Known_Family
13538,13745,1,Potential_Novel_Family,Known_Family_Only
6205,10880,2,Potential_Novel_Family,Potential_Novel_Family
308,11327,1,Expanded_Known_Family,Potential_Novel_Family
308,9751,1,Expanded_Known_Family,Known_Family_Only
12489,14090,1,Potential_Novel_Family,Known_Family_Only
777,2883,1,Known_Family_Only,Known_Family_Only
7404,10091,4,Known_Family_Only,Expanded_Known_Family
7404,6239,1,Known_Family_Only,Known_Family_Only
10091,6239,1,Expanded_Known_Family,Known_Family_Only
3141,11408,1,Potential_Novel_Family,Known_Family_Only
12212,14012,2,Expanded_Known_Family,Expanded_Known_Family
4351,11409,1,Potential_Novel_Family,Known_Family_Only
4019,6292,1,Known_Family_Only,Potential_Novel_Family
9856,11868,1,Potential_Novel_Family,Known_Family_Only
1087,1307,2,Expanded_Known_Family,Known_Family_Only
1087,10184,1,Expanded_Known_Family,Potential_Novel_Family
1307,10184,1,Known_Family_Only,Potential_Novel_Family
2271,4776,2,Known_Family_Only,Potential_Novel_Family
7213,8830,2,Known_Family_Only,Potential_Novel_Family
10466,12574,1,Potential_Novel_Family,Known_Family_Only
4540,11375,2,Known_Family_Only,Potential_Novel_Family
11919,12539,1,Potential_Novel_Family,Known_Family_Only
1741,13843,1,Known_Family_Only,Potential_Novel_Family
177,1894,1,Potential_Novel_Family,Potential_Novel_Family
7374,7783,2,Potential_Novel_Family,Expanded_Known_Family
7589,7547,1,Potential_Novel_Family,Potential_Novel_Family
4490,9601,3,Expanded_Known_Family,Expanded_Known_Family
6526,8903,1,Potential_Novel_Family,Known_Family_Only
3710,6921,1,Expanded_Known_Family,Known_Family_Only
9468,1559,1,Expanded_Known_Family,Potential_Novel_Family
5082,8935,1,Known_Family_Only,Potential_Novel_Family
1572,3685,2,Expanded_Known_Family,Potential_Novel_Family
2442,2612,1,Potential_Novel_Family,Potential_Novel_Family
2293,6668,1,Known_Family_Only,Potential_Novel_Family
1395,4290,1,Potential_Novel_Family,Potential_Novel_Family
2602,4693,1,Potential_Novel_Family,Known_Family_Only
13052,14091,1,Potential_Novel_Family,Potential_Novel_Family
13984,14103,1,Known_Family_Only,Potential_Novel_Family
5110,6951,1,Potential_Novel_Family,Known_Family_Only
6645,12051,1,Potential_Novel_Family,Known_Family_Only
202,10293,1,Known_Family_Only,Known_Family_Only
11527,14264,1,Known_Family_Only,Potential_Novel_Family
1664,3059,1,Potential_Novel_Family,Potential_Novel_Family
5800,7369,1,Expanded_Known_Family,Potential_Novel_Family
5800,12057,1,Expanded_Known_Family,Potential_Novel_Family
8406,14265,1,Known_Family_Only,Potential_Novel_Family
7348,9785,1,Potential_Novel_Family,Potential_Novel_Family
1461,3893,1,Known_Family_Only,Potential_Novel_Family
1268,8434,1,Potential_Novel_Family,Potential_Novel_Family
2145,7146,1,Potential_Novel_Family,Known_Family_Only
5925,10814,1,Potential_Novel_Family,Known_Family_Only
4021,8537,2,Expanded_Known_Family,Potential_Novel_Family
4021,4569,1,Expanded_Known_Family,Known_Family_Only
4021,8100,1,Expanded_Known_Family,Known_Family_Only
2652,11756,1,Potential_Novel_Family,Potential_Novel_Family
2652,14314,1,Potential_Novel_Family,Known_Family_Only
3568,7875,1,Potential_Novel_Family,Known_Family_Only
2012,10586,1,Potential_Novel_Family,Known_Family_Only
4588,6186,1,Potential_Novel_Family,Known_Family_Only
1374,3160,1,Potential_Novel_Family,Potential_Novel_Family
4101,5446,1,Potential_Novel_Family,Known_Family_Only
7285,8577,1,Known_Family_Only,Potential_Novel_Family
3914,5522,1,Potential_Novel_Family,Known_Family_Only
3334,12683,1,Potential_Novel_Family,Known_Family_Only
6916,7588,1,Known_Family_Only,Potential_Novel_Family
2844,2930,1,Known_Family_Only,Potential_Novel_Family
5669,10467,1,Potential_Novel_Family,Potential_Novel_Family
5819,5860,1,Known_Family_Only,Potential_Novel_Family
2323,9930,1,Known_Family_Only,Potential_Novel_Family
1932,10846,1,Potential_Novel_Family,Known_Family_Only
3809,12119,2,Potential_Novel_Family,Known_Family_Only
745,1320,1,Known_Family_Only,Known_Family_Only
11920,12052,1,Potential_Novel_Family,Known_Family_Only
13545,14097,1,Expanded_Known_Family,Potential_Novel_Family
4073,13614,1,Potential_Novel_Family,Potential_Novel_Family
4291,8936,1,Potential_Novel_Family,Potential_Novel_Family
3203,9140,1,Potential_Novel_Family,Known_Family_Only
3981,11949,1,Potential_Novel_Family,Potential_Novel_Family
7620,8748,1,Potential_Novel_Family,Known_Family_Only
3669,11624,1,Expanded_Known_Family,Potential_Novel_Family
8864,9931,1,Potential_Novel_Family,Known_Family_Only
3513,7662,1,Known_Family_Only,Potential_Novel_Family
3142,10180,1,Potential_Novel_Family,Known_Family_Only
8865,12431,1,Potential_Novel_Family,Known_Family_Only
49,3040,1,Known_Family_Only,Potential_Novel_Family
49,6136,1,Known_Family_Only,Known_Family_Only
49,10057,1,Known_Family_Only,Known_Family_Only
49,368,1,Known_Family_Only,Potential_Novel_Family
49,3271,1,Known_Family_Only,Known_Family_Only
3040,6136,1,Potential_Novel_Family,Known_Family_Only
3040,10057,1,Potential_Novel_Family,Known_Family_Only
6136,10057,1,Known_Family_Only,Known_Family_Only
159,11528,1,Potential_Novel_Family,Known_Family_Only
159,13581,1,Potential_Novel_Family,Known_Family_Only
4933,9973,1,Known_Family_Only,Potential_Novel_Family
4240,7909,1,Known_Family_Only,Potential_Novel_Family
4421,9893,1,Known_Family_Only,Known_Family_Only
4421,11596,1,Known_Family_Only,Potential_Novel_Family
9893,11596,1,Known_Family_Only,Potential_Novel_Family
4519,12903,1,Known_Family_Only,Potential_Novel_Family
11785,11921,1,Potential_Novel_Family,Potential_Novel_Family
4174,4200,1,Potential_Novel_Family,Potential_Novel_Family
2324,8750,1,Potential_Novel_Family,Known_Family_Only
2044,12053,1,Known_Family_Only,Potential_Novel_Family
980,12794,1,Potential_Novel_Family,Known_Family_Only
6433,13578,1,Known_Family_Only,Potential_Novel_Family
5596,14160,1,Potential_Novel_Family,Known_Family_Only
8408,11841,1,Potential_Novel_Family,Potential_Novel_Family
2676,12120,1,Potential_Novel_Family,Potential_Novel_Family
4241,7590,1,Known_Family_Only,Potential_Novel_Family
9045,10622,1,Known_Family_Only,Potential_Novel_Family
7948,9141,1,Known_Family_Only,Potential_Novel_Family
9563,12722,1,Potential_Novel_Family,Potential_Novel_Family
7108,10359,1,Potential_Novel_Family,Known_Family_Only
1470,12154,1,Potential_Novel_Family,Known_Family_Only
107,7255,1,Known_Family_Only,Potential_Novel_Family
3096,3652,1,Known_Family_Only,Known_Family_Only
3096,7254,1,Known_Family_Only,Potential_Novel_Family
3652,7254,1,Known_Family_Only,Potential_Novel_Family
12636,13539,1,Known_Family_Only,Potential_Novel_Family
6559,10847,1,Potential_Novel_Family,Potential_Novel_Family
6559,4128,1,Potential_Novel_Family,Potential_Novel_Family
67,405,1,Expanded_Known_Family,Potential_Novel_Family
6622,11839,1,Known_Family_Only,Potential_Novel_Family
12374,13353,1,Potential_Novel_Family,Potential_Novel_Family
10136,13644,1,Potential_Novel_Family,Known_Family_Only
13644,11200,1,Known_Family_Only,Potential_Novel_Family
5059,6854,1,Potential_Novel_Family,Known_Family_Only
11500,11698,1,Known_Family_Only,Potential_Novel_Family
3337,7910,2,Expanded_Known_Family,Known_Family_Only
3354,10816,1,Potential_Novel_Family,Potential_Novel_Family
151,13615,1,Potential_Novel_Family,Potential_Novel_Family
151,5451,1,Potential_Novel_Family,Known_Family_Only
2961,7752,1,Potential_Novel_Family,Known_Family_Only
10758,12340,1,Potential_Novel_Family,Potential_Novel_Family
12340,13286,1,Potential_Novel_Family,Known_Family_Only
10848,12432,1,Potential_Novel_Family,Potential_Novel_Family
3426,5447,2,Potential_Novel_Family,Known_Family_Only
3426,6238,2,Potential_Novel_Family,Expanded_Known_Family
5447,6238,2,Known_Family_Only,Expanded_Known_Family
11376,14035,1,Potential_Novel_Family,Potential_Novel_Family
1720,9331,1,Known_Family_Only,Potential_Novel_Family
4520,12304,1,Known_Family_Only,Potential_Novel_Family
3848,5083,1,Known_Family_Only,Potential_Novel_Family
4102,7990,1,Known_Family_Only,Potential_Novel_Family
8470,9169,1,Potential_Novel_Family,Potential_Novel_Family
2013,11199,1,Known_Family_Only,Potential_Novel_Family
977,1967,1,Known_Family_Only,Potential_Novel_Family
1895,2640,1,Potential_Novel_Family,Known_Family_Only
2159,7721,1,Expanded_Known_Family,Known_Family_Only
2159,2409,1,Expanded_Known_Family,Potential_Novel_Family
2272,5797,1,Known_Family_Only,Potential_Novel_Family
2272,7109,1,Known_Family_Only,Potential_Novel_Family
5797,7109,1,Potential_Novel_Family,Potential_Novel_Family
5386,10218,1,Known_Family_Only,Known_Family_Only
8096,8938,1,Known_Family_Only,Potential_Novel_Family
4778,6187,1,Known_Family_Only,Potential_Novel_Family
2273,8792,1,Expanded_Known_Family,Known_Family_Only
12213,3986,1,Potential_Novel_Family,Known_Family_Only
4493,7110,1,Potential_Novel_Family,Known_Family_Only
7076,14161,1,Potential_Novel_Family,Known_Family_Only
6917,13747,1,Potential_Novel_Family,Known_Family_Only
11159,12997,1,Known_Family_Only,Potential_Novel_Family
4046,7179,1,Potential_Novel_Family,Potential_Novel_Family
8714,14220,1,Known_Family_Only,Potential_Novel_Family
4047,6557,1,Known_Family_Only,Potential_Novel_Family
2167,8366,1,Potential_Novel_Family,Potential_Novel_Family
5195,11269,1,Known_Family_Only,Potential_Novel_Family
9819,13354,1,Expanded_Known_Family,Potential_Novel_Family
9819,8262,1,Expanded_Known_Family,Potential_Novel_Family
5060,13811,1,Known_Family_Only,Potential_Novel_Family
8097,10623,1,Potential_Novel_Family,Known_Family_Only
6586,13478,1,Potential_Novel_Family,Potential_Novel_Family
4694,7316,1,Potential_Novel_Family,Potential_Novel_Family
6855,8255,1,Potential_Novel_Family,Potential_Novel_Family
7111,7785,1,Potential_Novel_Family,Potential_Novel_Family
5497,12214,1,Potential_Novel_Family,Known_Family_Only
8788,11270,1,Potential_Novel_Family,Known_Family_Only
2029,8578,1,Potential_Novel_Family,Known_Family_Only
2029,9565,1,Potential_Novel_Family,Known_Family_Only
8578,9565,1,Known_Family_Only,Known_Family_Only
1603,9672,1,Expanded_Known_Family,Potential_Novel_Family
1603,2924,1,Expanded_Known_Family,Potential_Novel_Family
3832,10183,1,Potential_Novel_Family,Known_Family_Only
4755,9108,1,Known_Family_Only,Potential_Novel_Family
7045,8254,1,Potential_Novel_Family,Known_Family_Only
11597,14205,1,Potential_Novel_Family,Known_Family_Only
608,5695,1,Known_Family_Only,Expanded_Known_Family
3461,9933,1,Known_Family_Only,Potential_Novel_Family
3205,5904,1,Expanded_Known_Family,Known_Family_Only
3205,2887,1,Expanded_Known_Family,Potential_Novel_Family
2373,2798,1,Potential_Novel_Family,Potential_Novel_Family
11625,14320,1,Known_Family_Only,Potential_Novel_Family
3335,6989,2,Potential_Novel_Family,Potential_Novel_Family
3335,9566,3,Potential_Novel_Family,Known_Family_Only
6989,9566,2,Potential_Novel_Family,Known_Family_Only
7519,10759,1,Potential_Novel_Family,Known_Family_Only
9046,9602,1,Potential_Novel_Family,Known_Family_Only
12341,14092,2,Potential_Novel_Family,Expanded_Known_Family
4074,12517,1,Potential_Novel_Family,Known_Family_Only
3686,8256,2,Potential_Novel_Family,Potential_Novel_Family
648,2982,1,Expanded_Known_Family,Potential_Novel_Family
648,8716,1,Expanded_Known_Family,Known_Family_Only
9603,10014,1,Potential_Novel_Family,Known_Family_Only
7046,9399,1,Potential_Novel_Family,Known_Family_Only
8582,8798,1,Potential_Novel_Family,Potential_Novel_Family
702,6457,1,Potential_Novel_Family,Potential_Novel_Family
666,11598,1,Potential_Novel_Family,Potential_Novel_Family
8579,11530,1,Expanded_Known_Family,Known_Family_Only
2551,4910,1,Known_Family_Only,Potential_Novel_Family
2104,8648,1,Potential_Novel_Family,Potential_Novel_Family
2104,1402,1,Potential_Novel_Family,Known_Family_Only
7371,8939,1,Known_Family_Only,Potential_Novel_Family
195,765,1,Potential_Novel_Family,Known_Family_Only
10692,10883,1,Known_Family_Only,Potential_Novel_Family
6768,12459,1,Known_Family_Only,Potential_Novel_Family
1139,1814,1,Known_Family_Only,Potential_Novel_Family
7663,12904,1,Potential_Novel_Family,Potential_Novel_Family
9786,12603,1,Potential_Novel_Family,Known_Family_Only
572,1290,1,Known_Family_Only,Potential_Novel_Family
1290,14098,1,Potential_Novel_Family,Known_Family_Only
10724,10884,1,Potential_Novel_Family,Potential_Novel_Family
660,3428,1,Potential_Novel_Family,Potential_Novel_Family
560,6528,1,Potential_Novel_Family,Known_Family_Only
2305,12491,1,Potential_Novel_Family,Known_Family_Only
10322,13930,1,Potential_Novel_Family,Known_Family_Only
3097,14274,1,Known_Family_Only,Potential_Novel_Family
5084,9470,1,Potential_Novel_Family,Potential_Novel_Family
9820,10094,1,Potential_Novel_Family,Potential_Novel_Family
9934,10138,1,Potential_Novel_Family,Known_Family_Only
819,10907,1,Potential_Novel_Family,Known_Family_Only
441,4221,1,Known_Family_Only,Potential_Novel_Family
13715,14176,1,Potential_Novel_Family,Potential_Novel_Family
9634,10468,1,Known_Family_Only,Potential_Novel_Family
8293,11925,1,Potential_Novel_Family,Known_Family_Only
1875,11501,1,Known_Family_Only,Potential_Novel_Family
7112,10909,1,Potential_Novel_Family,Potential_Novel_Family
11083,11160,1,Potential_Novel_Family,Known_Family_Only
826,10652,1,Expanded_Known_Family,Known_Family_Only
826,13965,1,Expanded_Known_Family,Known_Family_Only
670,1534,1,Known_Family_Only,Potential_Novel_Family
670,10908,1,Known_Family_Only,Known_Family_Only
1534,10908,1,Potential_Novel_Family,Known_Family_Only
7256,14062,1,Potential_Novel_Family,Potential_Novel_Family
11926,14235,1,Known_Family_Only,Potential_Novel_Family
1211,8753,1,Known_Family_Only,Potential_Novel_Family
13248,13616,1,Potential_Novel_Family,Potential_Novel_Family
6953,9142,1,Known_Family_Only,Potential_Novel_Family
984,13479,1,Potential_Novel_Family,Known_Family_Only
1140,1293,1,Known_Family_Only,Known_Family_Only
10361,10760,1,Potential_Novel_Family,Known_Family_Only
10361,13053,1,Potential_Novel_Family,Known_Family_Only
10760,13053,1,Known_Family_Only,Known_Family_Only
3653,5329,1,Known_Family_Only,Potential_Novel_Family
5329,5091,1,Potential_Novel_Family,Potential_Novel_Family
9294,13156,1,Potential_Novel_Family,Known_Family_Only
2325,2725,1,Known_Family_Only,Potential_Novel_Family
7215,8331,1,Potential_Novel_Family,Potential_Novel_Family
2467,12540,1,Potential_Novel_Family,Known_Family_Only
1597,7664,1,Known_Family_Only,Potential_Novel_Family
4912,7548,1,Potential_Novel_Family,Potential_Novel_Family
2753,8612,1,Known_Family_Only,Potential_Novel_Family
7317,11599,1,Potential_Novel_Family,Potential_Novel_Family
11813,12685,1,Potential_Novel_Family,Potential_Novel_Family
3390,7431,1,Potential_Novel_Family,Potential_Novel_Family
5030,11568,1,Known_Family_Only,Potential_Novel_Family
1260,10693,1,Known_Family_Only,Potential_Novel_Family
4980,5146,1,Known_Family_Only,Potential_Novel_Family
8538,13507,1,Potential_Novel_Family,Potential_Novel_Family
1031,9143,1,Potential_Novel_Family,Known_Family_Only
694,7113,1,Known_Family_Only,Potential_Novel_Family
203,1545,1,Known_Family_Only,Expanded_Known_Family
203,3915,1,Known_Family_Only,Potential_Novel_Family
1545,3915,2,Expanded_Known_Family,Potential_Novel_Family
966,2845,1,Potential_Novel_Family,Known_Family_Only
12541,12575,1,Potential_Novel_Family,Known_Family_Only
2634,12121,1,Potential_Novel_Family,Known_Family_Only
6086,13288,1,Known_Family_Only,Potential_Novel_Family
10885,14206,1,Potential_Novel_Family,Potential_Novel_Family
2489,623,1,Potential_Novel_Family,Known_Family_Only
2306,4590,1,Potential_Novel_Family,Potential_Novel_Family
2835,7520,1,Known_Family_Only,Potential_Novel_Family
5947,11201,1,Known_Family_Only,Potential_Novel_Family
3654,6408,1,Potential_Novel_Family,Potential_Novel_Family
3206,7621,1,Potential_Novel_Family,Known_Family_Only
3655,13289,1,Known_Family_Only,Potential_Novel_Family
4756,12637,1,Potential_Novel_Family,Known_Family_Only
7491,11234,1,Potential_Novel_Family,Potential_Novel_Family
11234,7725,1,Potential_Novel_Family,Known_Family_Only
5248,7991,1,Potential_Novel_Family,Potential_Novel_Family
3336,8505,1,Potential_Novel_Family,Known_Family_Only
2931,4595,1,Expanded_Known_Family,Known_Family_Only
2931,9901,1,Expanded_Known_Family,Potential_Novel_Family
7815,8610,1,Potential_Novel_Family,Known_Family_Only
3592,13186,1,Potential_Novel_Family,Potential_Novel_Family
1886,4568,1,Potential_Novel_Family,Potential_Novel_Family
1886,11127,1,Potential_Novel_Family,Known_Family_Only
4568,11127,1,Potential_Novel_Family,Known_Family_Only
12054,12250,1,Potential_Novel_Family,Potential_Novel_Family
5696,6057,1,Potential_Novel_Family,Potential_Novel_Family
5196,8867,1,Known_Family_Only,Potential_Novel_Family
4328,11235,1,Known_Family_Only,Potential_Novel_Family
559,7622,1,Potential_Novel_Family,Potential_Novel_Family
3144,12215,1,Potential_Novel_Family,Potential_Novel_Family
8611,11731,1,Potential_Novel_Family,Known_Family_Only
5305,10430,1,Known_Family_Only,Potential_Novel_Family
5926,12376,1,Potential_Novel_Family,Potential_Novel_Family
1189,6110,1,Known_Family_Only,Potential_Novel_Family
4092,5499,1,Potential_Novel_Family,Known_Family_Only
4092,11952,1,Potential_Novel_Family,Known_Family_Only
5499,11952,1,Known_Family_Only,Known_Family_Only
11161,11626,1,Potential_Novel_Family,Known_Family_Only
11816,12520,1,Known_Family_Only,Potential_Novel_Family
4156,5448,1,Expanded_Known_Family,Potential_Novel_Family
4156,9337,1,Expanded_Known_Family,Known_Family_Only
9203,9936,1,Known_Family_Only,Potential_Novel_Family
3982,7549,1,Potential_Novel_Family,Known_Family_Only
901,4393,1,Known_Family_Only,Potential_Novel_Family
9748,11842,1,Potential_Novel_Family,Potential_Novel_Family
10221,10694,1,Potential_Novel_Family,Known_Family_Only
5671,5886,1,Known_Family_Only,Potential_Novel_Family
2980,3667,1,Potential_Novel_Family,Known_Family_Only
6813,10505,1,Potential_Novel_Family,Known_Family_Only
7077,8676,1,Known_Family_Only,Potential_Novel_Family
11569,11812,1,Potential_Novel_Family,Potential_Novel_Family
5799,11627,1,Known_Family_Only,Potential_Novel_Family
12157,13396,1,Expanded_Known_Family,Potential_Novel_Family
7551,11084,1,Potential_Novel_Family,Known_Family_Only
12543,14128,1,Potential_Novel_Family,Potential_Novel_Family
7181,11787,1,Potential_Novel_Family,Potential_Novel_Family
4914,11899,1,Potential_Novel_Family,Known_Family_Only
2059,12905,1,Expanded_Known_Family,Potential_Novel_Family
2059,500,1,Expanded_Known_Family,Known_Family_Only
4957,13784,1,Potential_Novel_Family,Known_Family_Only
8978,10470,1,Potential_Novel_Family,Known_Family_Only
11271,14127,1,Potential_Novel_Family,Potential_Novel_Family
5449,13749,1,Potential_Novel_Family,Potential_Novel_Family
4860,8258,1,Potential_Novel_Family,Potential_Novel_Family
2689,6856,1,Potential_Novel_Family,Potential_Novel_Family
12377,14207,1,Potential_Novel_Family,Potential_Novel_Family
9228,11128,1,Known_Family_Only,Potential_Novel_Family
4150,9787,1,Known_Family_Only,Potential_Novel_Family
7592,10978,2,Potential_Novel_Family,Potential_Novel_Family
4151,6560,2,Known_Family_Only,Potential_Novel_Family
8125,10587,2,Potential_Novel_Family,Potential_Novel_Family
4958,5501,2,Known_Family_Only,Known_Family_Only
4958,9077,2,Known_Family_Only,Known_Family_Only
5501,9077,2,Known_Family_Only,Known_Family_Only
6790,9749,2,Potential_Novel_Family,Potential_Novel_Family
3186,11470,2,Potential_Novel_Family,Known_Family_Only
5906,6814,2,Potential_Novel_Family,Known_Family_Only
4129,6208,2,Potential_Novel_Family,Potential_Novel_Family
4695,8539,2,Known_Family_Only,Potential_Novel_Family
2318,4882,2,Potential_Novel_Family,Known_Family_Only
445,5697,2,Potential_Novel_Family,Potential_Novel_Family
5005,7008,2,Known_Family_Only,Potential_Novel_Family
9333,10653,2,Potential_Novel_Family,Known_Family_Only
3145,9401,2,Known_Family_Only,Potential_Novel_Family
1651,1859,2,Known_Family_Only,Known_Family_Only
7180,11129,2,Potential_Novel_Family,Potential_Novel_Family
7550,8540,2,Potential_Novel_Family,Known_Family_Only
1200,5306,2,Potential_Novel_Family,Known_Family_Only
4840,8508,2,Potential_Novel_Family,Known_Family_Only
3551,9334,2,Potential_Novel_Family,Known_Family_Only
4710,10058,2,Potential_Novel_Family,Known_Family_Only
5174,9636,2,Known_Family_Only,Potential_Novel_Family
2882,6561,2,Potential_Novel_Family,Known_Family_Only
7078,13024,2,Potential_Novel_Family,Known_Family_Only
10296,14104,2,Potential_Novel_Family,Potential_Novel_Family
3569,13356,2,Potential_Novel_Family,Potential_Novel_Family
1264,3041,2,Known_Family_Only,Potential_Novel_Family
3041,1397,1,Potential_Novel_Family,Potential_Novel_Family
10850,12122,2,Potential_Novel_Family,Known_Family_Only
9440,13087,2,Known_Family_Only,Potential_Novel_Family
1308,5648,2,Potential_Novel_Family,Known_Family_Only
4591,10624,2,Known_Family_Only,Potential_Novel_Family
4394,4737,2,Potential_Novel_Family,Potential_Novel_Family
11010,13899,2,Potential_Novel_Family,Known_Family_Only
886,1829,2,Known_Family_Only,Potential_Novel_Family
886,2981,2,Known_Family_Only,Potential_Novel_Family
1829,2981,2,Potential_Novel_Family,Potential_Novel_Family
91,466,2,Known_Family_Only,Known_Family_Only
91,1223,2,Known_Family_Only,Potential_Novel_Family
91,2504,2,Known_Family_Only,Known_Family_Only
466,1223,2,Known_Family_Only,Potential_Novel_Family
466,2504,2,Known_Family_Only,Known_Family_Only
1223,2504,2,Potential_Novel_Family,Known_Family_Only
2846,4468,2,Potential_Novel_Family,Potential_Novel_Family
4468,11164,1,Potential_Novel_Family,Potential_Novel_Family
8789,13125,2,Potential_Novel_Family,Known_Family_Only
12542,13025,2,Known_Family_Only,Potential_Novel_Family
5948,11788,1,Known_Family_Only,Potential_Novel_Family
10059,10060,2,Expanded_Known_Family,Expanded_Known_Family
7623,11471,1,Known_Family_Only,Potential_Novel_Family
11202,13646,1,Potential_Novel_Family,Potential_Novel_Family
5672,11869,1,Known_Family_Only,Potential_Novel_Family
10945,12867,1,Known_Family_Only,Potential_Novel_Family
920,1214,1,Potential_Novel_Family,Known_Family_Only
920,2235,1,Potential_Novel_Family,Potential_Novel_Family
1214,2235,1,Known_Family_Only,Potential_Novel_Family
421,6529,1,Potential_Novel_Family,Known_Family_Only
7079,11669,1,Potential_Novel_Family,Potential_Novel_Family
4592,14275,1,Potential_Novel_Family,Known_Family_Only
1247,4176,1,Potential_Novel_Family,Potential_Novel_Family
6646,11011,1,Potential_Novel_Family,Known_Family_Only
4543,11012,1,Potential_Novel_Family,Known_Family_Only
7216,12275,1,Potential_Novel_Family,Potential_Novel_Family
8409,13647,1,Potential_Novel_Family,Known_Family_Only
12123,13648,1,Potential_Novel_Family,Potential_Novel_Family
8259,11328,1,Known_Family_Only,Potential_Novel_Family
8259,11441,1,Known_Family_Only,Known_Family_Only
11328,11441,1,Potential_Novel_Family,Known_Family_Only
9937,14093,1,Potential_Novel_Family,Potential_Novel_Family
4981,8678,1,Potential_Novel_Family,Known_Family_Only
8541,11814,1,Potential_Novel_Family,Potential_Novel_Family
937,3251,1,Potential_Novel_Family,Potential_Novel_Family
1150,2515,1,Potential_Novel_Family,Known_Family_Only
5376,5768,1,Potential_Novel_Family,Known_Family_Only
6058,7405,1,Known_Family_Only,Potential_Novel_Family
4593,6954,1,Known_Family_Only,Potential_Novel_Family
4593,8940,1,Known_Family_Only,Known_Family_Only
6954,8940,1,Potential_Novel_Family,Known_Family_Only
6496,13397,1,Known_Family_Only,Potential_Novel_Family
6857,10061,1,Known_Family_Only,Potential_Novel_Family
4982,7464,1,Known_Family_Only,Potential_Novel_Family
6694,9295,1,Known_Family_Only,Potential_Novel_Family
3570,9471,1,Known_Family_Only,Potential_Novel_Family
8332,11699,1,Potential_Novel_Family,Potential_Novel_Family
2203,7817,1,Known_Family_Only,Potential_Novel_Family
9637,14276,1,Potential_Novel_Family,Known_Family_Only
5971,9259,1,Known_Family_Only,Potential_Novel_Family
3147,7624,1,Expanded_Known_Family,Known_Family_Only
3147,8680,1,Expanded_Known_Family,Expanded_Known_Family
7624,8680,1,Known_Family_Only,Expanded_Known_Family
8680,6594,1,Expanded_Known_Family,Potential_Novel_Family
2812,9109,1,Potential_Novel_Family,Known_Family_Only
3997,11472,1,Potential_Novel_Family,Potential_Novel_Family
5698,6530,2,Known_Family_Only,Potential_Novel_Family
6562,9975,1,Potential_Novel_Family,Known_Family_Only
11502,12217,1,Potential_Novel_Family,Known_Family_Only
1995,4544,1,Potential_Novel_Family,Known_Family_Only
2982,8716,1,Potential_Novel_Family,Known_Family_Only
12127,12404,2,Potential_Novel_Family,Potential_Novel_Family
3781,8333,1,Potential_Novel_Family,Known_Family_Only
1794,9027,1,Potential_Novel_Family,Known_Family_Only
1794,12605,1,Potential_Novel_Family,Known_Family_Only
9027,12605,1,Known_Family_Only,Known_Family_Only
11442,11953,1,Potential_Novel_Family,Potential_Novel_Family
2186,10852,1,Potential_Novel_Family,Known_Family_Only
1968,8471,1,Known_Family_Only,Potential_Novel_Family
1968,2800,1,Known_Family_Only,Potential_Novel_Family
4294,4445,1,Potential_Novel_Family,Known_Family_Only
3311,5031,1,Known_Family_Only,Potential_Novel_Family
806,12405,1,Potential_Novel_Family,Known_Family_Only
1425,1853,1,Known_Family_Only,Potential_Novel_Family
2741,9078,1,Potential_Novel_Family,Potential_Novel_Family
1815,2885,1,Known_Family_Only,Potential_Novel_Family
7149,12055,1,Potential_Novel_Family,Potential_Novel_Family
1387,13750,1,Potential_Novel_Family,Known_Family_Only
5007,5526,1,Potential_Novel_Family,Known_Family_Only
6531,8410,1,Potential_Novel_Family,Known_Family_Only
5331,11085,1,Potential_Novel_Family,Known_Family_Only
5701,6669,1,Expanded_Known_Family,Known_Family_Only
5701,6329,1,Expanded_Known_Family,Potential_Novel_Family
5701,10063,1,Expanded_Known_Family,Known_Family_Only
5701,7434,1,Expanded_Known_Family,Potential_Novel_Family
2264,4356,1,Known_Family_Only,Known_Family_Only
8831,9567,1,Potential_Novel_Family,Known_Family_Only
2665,9515,1,Known_Family_Only,Potential_Novel_Family
6140,9229,1,Potential_Novel_Family,Potential_Novel_Family
7626,13481,1,Potential_Novel_Family,Potential_Novel_Family
4494,8905,1,Potential_Novel_Family,Known_Family_Only
848,4469,1,Known_Family_Only,Potential_Novel_Family
1071,5112,1,Known_Family_Only,Potential_Novel_Family
5674,13541,1,Expanded_Known_Family,Expanded_Known_Family
5674,13486,1,Expanded_Known_Family,Expanded_Known_Family
13541,5823,1,Expanded_Known_Family,Potential_Novel_Family
5175,14015,1,Potential_Novel_Family,Potential_Novel_Family
3112,12868,1,Known_Family_Only,Potential_Novel_Family
5649,7691,1,Potential_Novel_Family,Known_Family_Only
2088,2455,1,Potential_Novel_Family,Potential_Novel_Family
5377,7286,1,Known_Family_Only,Potential_Novel_Family
4155,11978,1,Expanded_Known_Family,Potential_Novel_Family
4155,13292,1,Expanded_Known_Family,Known_Family_Only
4615,10946,1,Potential_Novel_Family,Known_Family_Only
786,2875,2,Known_Family_Only,Expanded_Known_Family
786,1591,1,Known_Family_Only,Potential_Novel_Family
2875,1591,1,Expanded_Known_Family,Potential_Novel_Family
9230,10625,1,Potential_Novel_Family,Potential_Novel_Family
5650,6918,1,Potential_Novel_Family,Known_Family_Only
8681,11670,1,Potential_Novel_Family,Known_Family_Only
5673,8871,1,Potential_Novel_Family,Potential_Novel_Family
2836,9675,1,Potential_Novel_Family,Potential_Novel_Family
467,1272,1,Expanded_Known_Family,Known_Family_Only
9821,12056,1,Potential_Novel_Family,Known_Family_Only
267,7407,1,Known_Family_Only,Known_Family_Only
260,4935,1,Potential_Novel_Family,Known_Family_Only
7594,10065,3,Expanded_Known_Family,Potential_Novel_Family
10065,5888,2,Potential_Novel_Family,Expanded_Known_Family
553,11533,1,Potential_Novel_Family,Known_Family_Only
553,7884,1,Potential_Novel_Family,Potential_Novel_Family
322,13219,1,Expanded_Known_Family,Potential_Novel_Family
322,10473,1,Expanded_Known_Family,Known_Family_Only
3392,12576,1,Potential_Novel_Family,Potential_Novel_Family
1795,11815,1,Potential_Novel_Family,Known_Family_Only
2785,2847,1,Potential_Novel_Family,Potential_Novel_Family
1941,12908,1,Potential_Novel_Family,Known_Family_Only
4049,6726,1,Potential_Novel_Family,Known_Family_Only
9404,13402,1,Potential_Novel_Family,Known_Family_Only
5928,6268,1,Known_Family_Only,Known_Family_Only
5928,9402,1,Known_Family_Only,Potential_Novel_Family
5928,11329,1,Known_Family_Only,Known_Family_Only
6268,9402,1,Known_Family_Only,Potential_Novel_Family
6268,11329,1,Known_Family_Only,Known_Family_Only
9402,11329,1,Potential_Novel_Family,Known_Family_Only
3312,5450,1,Known_Family_Only,Potential_Novel_Family
11204,13542,1,Known_Family_Only,Potential_Novel_Family
494,1896,1,Potential_Novel_Family,Known_Family_Only
1665,6957,2,Potential_Novel_Family,Known_Family_Only
3782,9145,1,Potential_Novel_Family,Known_Family_Only
5176,13964,1,Potential_Novel_Family,Potential_Novel_Family
4809,11014,1,Potential_Novel_Family,Known_Family_Only
6647,8980,1,Known_Family_Only,Known_Family_Only
8099,10948,1,Potential_Novel_Family,Known_Family_Only
1192,1331,1,Potential_Novel_Family,Potential_Novel_Family
12276,12521,1,Potential_Novel_Family,Known_Family_Only
5549,10471,1,Potential_Novel_Family,Potential_Novel_Family
6435,9299,1,Potential_Novel_Family,Potential_Novel_Family
5034,8191,1,Known_Family_Only,Potential_Novel_Family
6648,7117,1,Known_Family_Only,Potential_Novel_Family
2070,8509,1,Known_Family_Only,Potential_Novel_Family
387,5088,2,Known_Family_Only,Known_Family_Only
387,4395,1,Known_Family_Only,Known_Family_Only
5088,4395,1,Known_Family_Only,Known_Family_Only
5949,10588,1,Potential_Novel_Family,Known_Family_Only
1686,2506,1,Potential_Novel_Family,Known_Family_Only
907,2430,1,Expanded_Known_Family,Potential_Novel_Family
4668,13090,1,Known_Family_Only,Potential_Novel_Family
4668,13509,1,Known_Family_Only,Known_Family_Only
13090,13509,1,Potential_Novel_Family,Known_Family_Only
1765,6623,1,Potential_Novel_Family,Known_Family_Only
1765,11272,1,Potential_Novel_Family,Potential_Novel_Family
6623,11272,1,Known_Family_Only,Potential_Novel_Family
8224,12640,1,Potential_Novel_Family,Known_Family_Only
9172,11473,1,Potential_Novel_Family,Potential_Novel_Family
3875,6958,1,Potential_Novel_Family,Known_Family_Only
6296,11273,1,Known_Family_Only,Potential_Novel_Family
5089,7258,1,Potential_Novel_Family,Potential_Novel_Family
7494,7627,1,Potential_Novel_Family,Potential_Novel_Family
4245,8472,1,Known_Family_Only,Potential_Novel_Family
2984,6859,1,Potential_Novel_Family,Known_Family_Only
1540,7554,1,Known_Family_Only,Potential_Novel_Family
609,8335,1,Potential_Novel_Family,Known_Family_Only
6142,7376,1,Potential_Novel_Family,Potential_Novel_Family
7185,10224,1,Potential_Novel_Family,Known_Family_Only
5061,7915,2,Expanded_Known_Family,Potential_Novel_Family
6409,8510,1,Potential_Novel_Family,Known_Family_Only
3462,12461,1,Potential_Novel_Family,Potential_Novel_Family
10886,12830,1,Potential_Novel_Family,Potential_Novel_Family
5275,7288,1,Potential_Novel_Family,Known_Family_Only
12020,13752,1,Potential_Novel_Family,Known_Family_Only
2221,3187,1,Potential_Novel_Family,Known_Family_Only
5114,9335,1,Potential_Novel_Family,Known_Family_Only
2229,13091,1,Known_Family_Only,Potential_Novel_Family
1379,10062,1,Potential_Novel_Family,Potential_Novel_Family
4669,11086,1,Known_Family_Only,Potential_Novel_Family
519,7882,1,Known_Family_Only,Potential_Novel_Family
7118,10404,1,Known_Family_Only,Potential_Novel_Family
1148,10507,1,Known_Family_Only,Potential_Novel_Family
9568,13358,1,Known_Family_Only,Potential_Novel_Family
2160,12462,1,Known_Family_Only,Potential_Novel_Family
10252,11474,1,Potential_Novel_Family,Potential_Novel_Family
2195,10787,1,Potential_Novel_Family,Potential_Novel_Family
7186,12871,1,Known_Family_Only,Potential_Novel_Family
3463,9977,1,Potential_Novel_Family,Known_Family_Only
6671,10728,1,Potential_Novel_Family,Potential_Novel_Family
4522,4961,1,Known_Family_Only,Potential_Novel_Family
4522,7411,1,Known_Family_Only,Known_Family_Only
4522,12124,1,Known_Family_Only,Known_Family_Only
4961,7411,1,Potential_Novel_Family,Known_Family_Only
4961,12124,1,Potential_Novel_Family,Known_Family_Only
7411,12124,1,Known_Family_Only,Known_Family_Only
7846,8755,1,Potential_Novel_Family,Known_Family_Only
4547,12094,1,Known_Family_Only,Potential_Novel_Family
6624,8368,1,Potential_Novel_Family,Known_Family_Only
2003,9678,1,Known_Family_Only,Potential_Novel_Family
3001,14254,1,Potential_Novel_Family,Potential_Novel_Family
11789,12342,1,Potential_Novel_Family,Known_Family_Only
737,2173,1,Potential_Novel_Family,Known_Family_Only
8192,11015,1,Potential_Novel_Family,Potential_Novel_Family
9858,10436,1,Potential_Novel_Family,Potential_Novel_Family
1466,3271,1,Potential_Novel_Family,Known_Family_Only
3271,368,1,Known_Family_Only,Potential_Novel_Family
7753,9679,1,Potential_Novel_Family,Known_Family_Only
5699,9336,1,Known_Family_Only,Potential_Novel_Family
376,1925,1,Known_Family_Only,Potential_Novel_Family
9232,12125,1,Known_Family_Only,Potential_Novel_Family
3984,10225,1,Known_Family_Only,Potential_Novel_Family
8225,10949,1,Potential_Novel_Family,Known_Family_Only
1248,10545,1,Potential_Novel_Family,Known_Family_Only
794,11410,1,Known_Family_Only,Potential_Novel_Family
6498,11238,1,Potential_Novel_Family,Potential_Novel_Family
5148,8261,1,Potential_Novel_Family,Potential_Novel_Family
8982,13400,1,Potential_Novel_Family,Potential_Novel_Family
8683,13718,1,Potential_Novel_Family,Potential_Novel_Family
5035,7188,1,Known_Family_Only,Expanded_Known_Family
6499,11757,1,Potential_Novel_Family,Known_Family_Only
7219,12159,1,Known_Family_Only,Potential_Novel_Family
11503,11647,1,Potential_Novel_Family,Known_Family_Only
9790,11504,1,Potential_Novel_Family,Known_Family_Only
3715,6959,1,Known_Family_Only,Potential_Novel_Family
3876,9175,1,Potential_Novel_Family,Potential_Novel_Family
12522,12831,1,Known_Family_Only,Potential_Novel_Family
7724,14208,1,Known_Family_Only,Potential_Novel_Family
8441,8720,1,Known_Family_Only,Potential_Novel_Family
9859,12021,1,Known_Family_Only,Potential_Novel_Family
9207,14294,1,Potential_Novel_Family,Potential_Novel_Family
2559,8442,1,Known_Family_Only,Potential_Novel_Family
1841,11870,1,Potential_Novel_Family,Potential_Novel_Family
2677,13985,1,Potential_Novel_Family,Known_Family_Only
9822,10142,1,Known_Family_Only,Potential_Novel_Family
5087,9029,1,Potential_Novel_Family,Known_Family_Only
249,6434,1,Potential_Novel_Family,Potential_Novel_Family
6112,6563,1,Potential_Novel_Family,Known_Family_Only
10096,10654,1,Known_Family_Only,Potential_Novel_Family
3687,13000,1,Potential_Novel_Family,Known_Family_Only
1418,11843,1,Known_Family_Only,Potential_Novel_Family
5733,6141,1,Potential_Novel_Family,Potential_Novel_Family
12638,14016,1,Potential_Novel_Family,Known_Family_Only
13399,13900,1,Potential_Novel_Family,Potential_Novel_Family
973,9938,1,Potential_Novel_Family,Known_Family_Only
13441,13717,1,Potential_Novel_Family,Known_Family_Only
8223,8979,1,Potential_Novel_Family,Potential_Novel_Family
10017,12869,1,Potential_Novel_Family,Potential_Novel_Family
12869,13814,1,Potential_Novel_Family,Potential_Novel_Family
4841,4959,1,Known_Family_Only,Potential_Novel_Family
2428,5651,2,Known_Family_Only,Potential_Novel_Family
2428,7950,2,Known_Family_Only,Known_Family_Only
5651,7950,2,Potential_Novel_Family,Known_Family_Only
3747,13089,1,Potential_Novel_Family,Known_Family_Only
5821,13620,1,Potential_Novel_Family,Potential_Novel_Family
2146,13963,1,Potential_Novel_Family,Potential_Novel_Family
10727,12016,1,Potential_Novel_Family,Potential_Novel_Family
345,3497,1,Potential_Novel_Family,Potential_Novel_Family
1396,7287,1,Known_Family_Only,Potential_Novel_Family
6588,6589,1,Potential_Novel_Family,Known_Family_Only
7080,13508,1,Known_Family_Only,Potential_Novel_Family
9676,10097,1,Potential_Novel_Family,Known_Family_Only
12687,13188,1,Known_Family_Only,Potential_Novel_Family
12017,14063,1,Potential_Novel_Family,Known_Family_Only
3113,6770,1,Potential_Novel_Family,Known_Family_Only
4224,10544,1,Potential_Novel_Family,Known_Family_Only
4224,10947,1,Potential_Novel_Family,Potential_Novel_Family
10544,10947,1,Known_Family_Only,Potential_Novel_Family
6033,10140,1,Potential_Novel_Family,Known_Family_Only
1676,1830,1,Potential_Novel_Family,Known_Family_Only
2343,3812,1,Potential_Novel_Family,Potential_Novel_Family
2343,11732,1,Potential_Novel_Family,Potential_Novel_Family
3812,11732,1,Potential_Novel_Family,Potential_Novel_Family
4667,7786,1,Known_Family_Only,Potential_Novel_Family
4915,9171,1,Known_Family_Only,Potential_Novel_Family
5769,10626,1,Potential_Novel_Family,Known_Family_Only
11601,14178,1,Potential_Novel_Family,Known_Family_Only
13845,14036,1,Potential_Novel_Family,Known_Family_Only
11444,12606,1,Potential_Novel_Family,Potential_Novel_Family
3079,4757,1,Potential_Novel_Family,Potential_Novel_Family
1742,7913,1,Potential_Novel_Family,Known_Family_Only
10853,11013,1,Potential_Novel_Family,Known_Family_Only
4644,9296,1,Potential_Novel_Family,Known_Family_Only
10435,10820,1,Potential_Novel_Family,Known_Family_Only
8295,12219,1,Potential_Novel_Family,Known_Family_Only
6380,8260,1,Potential_Novel_Family,Known_Family_Only
8872,14064,1,Known_Family_Only,Potential_Novel_Family
8717,12018,1,Known_Family_Only,Potential_Novel_Family
1231,12186,1,Expanded_Known_Family,Potential_Novel_Family
1231,13815,1,Expanded_Known_Family,Potential_Novel_Family
4884,13189,1,Potential_Novel_Family,Known_Family_Only
2045,6209,1,Potential_Novel_Family,Known_Family_Only
3413,7009,1,Potential_Novel_Family,Known_Family_Only
910,13785,1,Known_Family_Only,Potential_Novel_Family
13751,14129,1,Potential_Novel_Family,Known_Family_Only
13486,2701,1,Expanded_Known_Family,Known_Family_Only
13486,882,1,Expanded_Known_Family,Known_Family_Only
13486,5738,1,Expanded_Known_Family,Potential_Novel_Family
10298,12158,1,Known_Family_Only,Potential_Novel_Family
8906,14180,1,Potential_Novel_Family,Known_Family_Only
12000,13686,1,Known_Family_Only,Potential_Novel_Family
3850,9677,1,Potential_Novel_Family,Potential_Novel_Family
4075,4960,1,Potential_Novel_Family,Known_Family_Only
7493,5951,1,Potential_Novel_Family,Potential_Novel_Family
1641,11671,1,Known_Family_Only,Potential_Novel_Family
713,5113,1,Potential_Novel_Family,Known_Family_Only
713,5504,1,Potential_Novel_Family,Potential_Novel_Family
5113,5504,1,Known_Family_Only,Potential_Novel_Family
217,3234,1,Known_Family_Only,Potential_Novel_Family
2571,2983,1,Potential_Novel_Family,Potential_Novel_Family
6771,12187,1,Known_Family_Only,Potential_Novel_Family
4916,6956,1,Potential_Novel_Family,Known_Family_Only
5735,10299,1,Known_Family_Only,Potential_Novel_Family
10860,13992,1,Known_Family_Only,Potential_Novel_Family
8311,11881,1,Potential_Novel_Family,Potential_Novel_Family
8684,10729,1,Potential_Novel_Family,Potential_Novel_Family
11505,14286,1,Known_Family_Only,Potential_Novel_Family
1550,8473,1,Potential_Novel_Family,Known_Family_Only
4617,14255,1,Potential_Novel_Family,Known_Family_Only
5177,10659,1,Potential_Novel_Family,Potential_Novel_Family
12725,12756,1,Potential_Novel_Family,Known_Family_Only
5198,10730,1,Potential_Novel_Family,Known_Family_Only
1244,2594,1,Known_Family_Only,Potential_Novel_Family
5736,5838,1,Known_Family_Only,Potential_Novel_Family
9338,11701,1,Potential_Novel_Family,Known_Family_Only
7011,10438,1,Known_Family_Only,Potential_Novel_Family
7119,12126,1,Potential_Novel_Family,Known_Family_Only
6381,10019,1,Known_Family_Only,Potential_Novel_Family
10187,10226,1,Potential_Novel_Family,Potential_Novel_Family
10143,10981,1,Potential_Novel_Family,Potential_Novel_Family
6410,9716,1,Potential_Novel_Family,Known_Family_Only
6960,10982,1,Potential_Novel_Family,Known_Family_Only
12492,12758,1,Potential_Novel_Family,Known_Family_Only
10326,11130,1,Potential_Novel_Family,Potential_Novel_Family
2336,9860,3,Potential_Novel_Family,Expanded_Known_Family
13933,14302,1,Potential_Novel_Family,Known_Family_Only
1960,5936,1,Potential_Novel_Family,Known_Family_Only
2345,2507,1,Known_Family_Only,Known_Family_Only
2345,10327,1,Known_Family_Only,Known_Family_Only
2345,12799,1,Known_Family_Only,Potential_Novel_Family
2507,10327,1,Known_Family_Only,Known_Family_Only
2507,12799,1,Known_Family_Only,Potential_Novel_Family
10327,12799,1,Known_Family_Only,Potential_Novel_Family
2389,6210,1,Potential_Novel_Family,Potential_Novel_Family
2429,2492,1,Potential_Novel_Family,Potential_Novel_Family
8296,11900,1,Potential_Novel_Family,Known_Family_Only
8721,9978,1,Potential_Novel_Family,Known_Family_Only
10263,11387,1,Potential_Novel_Family,Known_Family_Only
346,1050,1,Known_Family_Only,Potential_Novel_Family
346,1666,1,Known_Family_Only,Known_Family_Only
346,3688,1,Known_Family_Only,Known_Family_Only
1050,1666,1,Potential_Novel_Family,Known_Family_Only
1050,3688,1,Potential_Novel_Family,Known_Family_Only
1666,3688,1,Known_Family_Only,Known_Family_Only
3553,13754,1,Potential_Novel_Family,Known_Family_Only
295,1951,1,Potential_Novel_Family,Potential_Novel_Family
8722,12022,1,Potential_Novel_Family,Potential_Novel_Family
5231,12975,1,Potential_Novel_Family,Known_Family_Only
6591,6860,1,Potential_Novel_Family,Known_Family_Only
5008,9681,1,Potential_Novel_Family,Potential_Novel_Family
3357,10912,1,Potential_Novel_Family,Known_Family_Only
1301,5862,3,Expanded_Known_Family,Potential_Novel_Family
624,2560,1,Potential_Novel_Family,Potential_Novel_Family
6034,7220,1,Potential_Novel_Family,Potential_Novel_Family
7220,3964,1,Potential_Novel_Family,Potential_Novel_Family
7220,9373,1,Potential_Novel_Family,Known_Family_Only
800,3851,1,Potential_Novel_Family,Expanded_Known_Family
3851,12608,1,Expanded_Known_Family,Potential_Novel_Family
7259,12963,2,Potential_Novel_Family,Known_Family_Only
8414,8908,1,Potential_Novel_Family,Known_Family_Only
2727,6889,1,Expanded_Known_Family,Known_Family_Only
2727,4332,1,Expanded_Known_Family,Potential_Novel_Family
7754,9752,1,Potential_Novel_Family,Known_Family_Only
752,5929,1,Known_Family_Only,Potential_Novel_Family
4862,7755,1,Potential_Novel_Family,Known_Family_Only
12221,13249,1,Known_Family_Only,Potential_Novel_Family
5888,5864,5,Expanded_Known_Family,Expanded_Known_Family
12378,13786,2,Potential_Novel_Family,Known_Family_Only
4918,9980,1,Known_Family_Only,Potential_Novel_Family
106,7150,1,Known_Family_Only,Potential_Novel_Family
1302,3431,1,Known_Family_Only,Potential_Novel_Family
5908,12160,1,Potential_Novel_Family,Known_Family_Only
6672,13057,1,Known_Family_Only,Potential_Novel_Family
4842,11087,1,Known_Family_Only,Potential_Novel_Family
11445,13934,1,Potential_Novel_Family,Known_Family_Only
5983,11758,1,Known_Family_Only,Potential_Novel_Family
117,1658,1,Known_Family_Only,Potential_Novel_Family
3358,13755,1,Potential_Novel_Family,Known_Family_Only
7694,12800,1,Potential_Novel_Family,Known_Family_Only
7787,11572,1,Potential_Novel_Family,Potential_Novel_Family
11132,12832,1,Potential_Novel_Family,Known_Family_Only
3394,13250,1,Potential_Novel_Family,Potential_Novel_Family
2641,5422,1,Expanded_Known_Family,Potential_Novel_Family
3918,10761,2,Known_Family_Only,Potential_Novel_Family
4050,5276,1,Potential_Novel_Family,Potential_Novel_Family
4779,11330,1,Potential_Novel_Family,Potential_Novel_Family
4496,5822,1,Potential_Novel_Family,Potential_Novel_Family
11817,12058,1,Potential_Novel_Family,Known_Family_Only
10546,13360,1,Known_Family_Only,Potential_Novel_Family
967,1237,1,Potential_Novel_Family,Known_Family_Only
4051,4178,1,Known_Family_Only,Potential_Novel_Family
6269,7788,1,Potential_Novel_Family,Known_Family_Only
5972,10144,1,Potential_Novel_Family,Known_Family_Only
12023,12095,2,Expanded_Known_Family,Potential_Novel_Family
8685,11332,3,Known_Family_Only,Potential_Novel_Family
8685,9640,1,Known_Family_Only,Known_Family_Only
11332,9640,1,Potential_Novel_Family,Known_Family_Only
11332,10695,1,Potential_Novel_Family,Known_Family_Only
7726,11447,1,Potential_Novel_Family,Potential_Novel_Family
8793,12759,1,Potential_Novel_Family,Potential_Novel_Family
3537,4078,2,Known_Family_Only,Potential_Novel_Family
11446,14065,1,Potential_Novel_Family,Known_Family_Only
1657,10508,1,Potential_Novel_Family,Known_Family_Only
10508,10547,1,Known_Family_Only,Potential_Novel_Family
2561,3538,1,Expanded_Known_Family,Potential_Novel_Family
2561,9475,1,Expanded_Known_Family,Potential_Novel_Family
12345,14095,1,Potential_Novel_Family,Known_Family_Only
1305,1860,1,Potential_Novel_Family,Known_Family_Only
3657,10822,1,Known_Family_Only,Potential_Novel_Family
11206,11872,1,Potential_Novel_Family,Known_Family_Only
9941,12872,1,Potential_Novel_Family,Known_Family_Only
3895,9079,2,Potential_Novel_Family,Known_Family_Only
3359,11331,1,Known_Family_Only,Potential_Novel_Family
541,13582,1,Potential_Novel_Family,Potential_Novel_Family
10145,14223,1,Potential_Novel_Family,Known_Family_Only
4396,8336,1,Potential_Novel_Family,Known_Family_Only
5889,13445,4,Expanded_Known_Family,Known_Family_Only
5889,13446,2,Expanded_Known_Family,Known_Family_Only
13445,13446,2,Known_Family_Only,Known_Family_Only
13445,5985,1,Known_Family_Only,Expanded_Known_Family
13445,7466,1,Known_Family_Only,Potential_Novel_Family
13445,13510,1,Known_Family_Only,Known_Family_Only
6532,10022,1,Known_Family_Only,Potential_Novel_Family
9263,12346,1,Potential_Novel_Family,Known_Family_Only
3623,9862,1,Potential_Novel_Family,Known_Family_Only
2541,3896,1,Expanded_Known_Family,Potential_Novel_Family
2541,4571,1,Expanded_Known_Family,Potential_Novel_Family
3414,2963,1,Potential_Novel_Family,Known_Family_Only
2214,5452,1,Potential_Novel_Family,Known_Family_Only
2214,13401,1,Potential_Novel_Family,Known_Family_Only
5452,13401,1,Known_Family_Only,Known_Family_Only
5887,10823,2,Potential_Novel_Family,Expanded_Known_Family
5887,11672,1,Potential_Novel_Family,Potential_Novel_Family
6382,8873,1,Potential_Novel_Family,Known_Family_Only
6728,7495,1,Potential_Novel_Family,Potential_Novel_Family
6773,3670,1,Expanded_Known_Family,Potential_Novel_Family
5453,10329,1,Potential_Novel_Family,Known_Family_Only
13028,13059,1,Known_Family_Only,Potential_Novel_Family
6816,9209,1,Potential_Novel_Family,Potential_Novel_Family
6816,10788,1,Potential_Novel_Family,Known_Family_Only
9209,10788,1,Potential_Novel_Family,Known_Family_Only
4202,7916,1,Known_Family_Only,Known_Family_Only
4202,9050,1,Known_Family_Only,Potential_Novel_Family
7916,9050,1,Known_Family_Only,Potential_Novel_Family
9896,12001,1,Potential_Novel_Family,Known_Family_Only
3670,7081,1,Potential_Novel_Family,Potential_Novel_Family
3689,4618,1,Potential_Novel_Family,Potential_Novel_Family
2562,6036,1,Potential_Novel_Family,Potential_Novel_Family
492,3571,1,Expanded_Known_Family,Potential_Novel_Family
492,3043,1,Expanded_Known_Family,Potential_Novel_Family
492,3235,1,Expanded_Known_Family,Known_Family_Only
492,3770,1,Expanded_Known_Family,Known_Family_Only
492,3416,1,Expanded_Known_Family,Known_Family_Only
13583,13756,1,Known_Family_Only,Potential_Novel_Family
1166,5839,1,Known_Family_Only,Potential_Novel_Family
3220,3314,2,Potential_Novel_Family,Known_Family_Only
4886,8337,1,Expanded_Known_Family,Potential_Novel_Family
963,10439,1,Potential_Novel_Family,Potential_Novel_Family
8226,11648,1,Potential_Novel_Family,Known_Family_Only
4619,6817,1,Potential_Novel_Family,Potential_Novel_Family
14130,14209,1,Known_Family_Only,Potential_Novel_Family
12222,13483,1,Potential_Novel_Family,Known_Family_Only
7319,14266,1,Potential_Novel_Family,Known_Family_Only
4569,8100,1,Known_Family_Only,Known_Family_Only
4131,8168,1,Potential_Novel_Family,Potential_Novel_Family
10363,11048,1,Potential_Novel_Family,Potential_Novel_Family
6297,10301,1,Potential_Novel_Family,Potential_Novel_Family
1605,5115,1,Expanded_Known_Family,Potential_Novel_Family
7885,12223,1,Potential_Novel_Family,Known_Family_Only
1158,1836,1,Potential_Novel_Family,Potential_Novel_Family
1158,8723,1,Potential_Novel_Family,Known_Family_Only
1836,8723,1,Potential_Novel_Family,Known_Family_Only
2700,6089,1,Potential_Novel_Family,Known_Family_Only
6696,8795,1,Potential_Novel_Family,Known_Family_Only
5771,11901,1,Known_Family_Only,Potential_Novel_Family
7151,10440,1,Known_Family_Only,Potential_Novel_Family
6329,10063,1,Potential_Novel_Family,Known_Family_Only
8474,10364,1,Known_Family_Only,Potential_Novel_Family
3624,11873,1,Potential_Novel_Family,Known_Family_Only
5952,8513,1,Known_Family_Only,Potential_Novel_Family
1578,8796,1,Known_Family_Only,Potential_Novel_Family
4780,8024,1,Known_Family_Only,Potential_Novel_Family
6592,9340,1,Potential_Novel_Family,Known_Family_Only
6592,14189,1,Potential_Novel_Family,Known_Family_Only
9340,14189,1,Known_Family_Only,Known_Family_Only
10589,13447,1,Known_Family_Only,Potential_Novel_Family
10789,12025,1,Potential_Novel_Family,Known_Family_Only
2813,3516,1,Potential_Novel_Family,Known_Family_Only
8581,11574,1,Potential_Novel_Family,Known_Family_Only
8945,12607,1,Potential_Novel_Family,Potential_Novel_Family
5802,10984,1,Potential_Novel_Family,Known_Family_Only
5931,7120,1,Known_Family_Only,Potential_Novel_Family
14017,14224,1,Known_Family_Only,Potential_Novel_Family
1820,6114,1,Potential_Novel_Family,Known_Family_Only
1820,8650,1,Potential_Novel_Family,Potential_Novel_Family
6114,8650,1,Known_Family_Only,Potential_Novel_Family
4471,11448,1,Potential_Novel_Family,Potential_Novel_Family
13485,7082,1,Expanded_Known_Family,Known_Family_Only
13485,10887,2,Expanded_Known_Family,Potential_Novel_Family
13485,789,1,Expanded_Known_Family,Known_Family_Only
13485,11018,1,Expanded_Known_Family,Known_Family_Only
13485,5576,2,Expanded_Known_Family,Known_Family_Only
13485,11211,2,Expanded_Known_Family,Potential_Novel_Family
1701,7221,1,Potential_Novel_Family,Known_Family_Only
3098,11207,1,Potential_Novel_Family,Known_Family_Only
5420,6330,1,Potential_Novel_Family,Potential_Novel_Family
12279,13543,1,Potential_Novel_Family,Known_Family_Only
7917,11818,1,Known_Family_Only,Potential_Novel_Family
6355,13847,1,Potential_Novel_Family,Known_Family_Only
6818,8687,1,Potential_Novel_Family,Potential_Novel_Family
12280,12436,1,Potential_Novel_Family,Potential_Novel_Family
5700,8910,2,Potential_Novel_Family,Expanded_Known_Family
5700,12523,1,Potential_Novel_Family,Known_Family_Only
5700,1508,1,Potential_Novel_Family,Known_Family_Only
8910,12523,1,Expanded_Known_Family,Known_Family_Only
8910,1508,1,Expanded_Known_Family,Known_Family_Only
3042,8369,1,Potential_Novel_Family,Potential_Novel_Family
8686,9792,1,Potential_Novel_Family,Known_Family_Only
4225,8946,1,Potential_Novel_Family,Potential_Novel_Family
3043,3235,1,Potential_Novel_Family,Known_Family_Only
7082,10887,1,Known_Family_Only,Potential_Novel_Family
8874,9405,1,Known_Family_Only,Potential_Novel_Family
5199,14107,1,Potential_Novel_Family,Potential_Novel_Family
3432,14131,1,Potential_Novel_Family,Known_Family_Only
3432,5355,1,Potential_Novel_Family,Potential_Novel_Family
2595,4843,2,Expanded_Known_Family,Potential_Novel_Family
3937,7997,1,Potential_Novel_Family,Known_Family_Only
551,7727,1,Potential_Novel_Family,Potential_Novel_Family
551,8947,1,Potential_Novel_Family,Known_Family_Only
7727,8947,1,Potential_Novel_Family,Known_Family_Only
7222,14146,1,Known_Family_Only,Potential_Novel_Family
5223,9897,1,Potential_Novel_Family,Potential_Novel_Family
3379,7886,1,Potential_Novel_Family,Known_Family_Only
3964,10985,1,Potential_Novel_Family,Potential_Novel_Family
3964,9373,1,Potential_Novel_Family,Known_Family_Only
7756,10986,2,Expanded_Known_Family,Potential_Novel_Family
2934,8797,1,Known_Family_Only,Potential_Novel_Family
4811,9863,3,Expanded_Known_Family,Expanded_Known_Family
8614,8615,2,Expanded_Known_Family,Potential_Novel_Family
12189,5178,2,Expanded_Known_Family,Expanded_Known_Family
12189,7887,2,Expanded_Known_Family,Potential_Novel_Family
12189,6792,1,Expanded_Known_Family,Known_Family_Only
1363,8514,1,Potential_Novel_Family,Known_Family_Only
9031,11412,1,Known_Family_Only,Potential_Novel_Family
4132,5116,1,Potential_Novel_Family,Potential_Novel_Family
7320,8297,1,Potential_Novel_Family,Potential_Novel_Family
8298,1488,1,Expanded_Known_Family,Potential_Novel_Family
7695,14310,1,Potential_Novel_Family,Known_Family_Only
7524,11208,1,Known_Family_Only,Potential_Novel_Family
978,1933,1,Potential_Novel_Family,Known_Family_Only
978,6962,1,Potential_Novel_Family,Known_Family_Only
1933,6962,1,Known_Family_Only,Known_Family_Only
3339,9638,2,Expanded_Known_Family,Potential_Novel_Family
8911,10913,1,Potential_Novel_Family,Potential_Novel_Family
4270,4887,1,Potential_Novel_Family,Known_Family_Only
2497,5932,1,Expanded_Known_Family,Known_Family_Only
2497,13544,1,Expanded_Known_Family,Expanded_Known_Family
7758,13986,1,Potential_Novel_Family,Potential_Novel_Family
1008,8012,1,Known_Family_Only,Potential_Novel_Family
7200,9695,1,Potential_Novel_Family,Known_Family_Only
12777,14049,1,Potential_Novel_Family,Known_Family_Only
878,2196,1,Potential_Novel_Family,Known_Family_Only
878,3114,1,Potential_Novel_Family,Known_Family_Only
2196,3114,1,Known_Family_Only,Known_Family_Only
6242,12494,1,Potential_Novel_Family,Known_Family_Only
5164,8930,1,Potential_Novel_Family,Known_Family_Only
5009,7556,1,Potential_Novel_Family,Known_Family_Only
129,730,1,Potential_Novel_Family,Known_Family_Only
6401,11319,1,Potential_Novel_Family,Known_Family_Only
11978,13292,1,Potential_Novel_Family,Known_Family_Only
5311,7918,1,Potential_Novel_Family,Potential_Novel_Family
5311,9607,1,Potential_Novel_Family,Known_Family_Only
7918,9607,1,Potential_Novel_Family,Known_Family_Only
2760,11123,1,Known_Family_Only,Potential_Novel_Family
5817,8250,1,Potential_Novel_Family,Known_Family_Only
8187,11440,1,Known_Family_Only,Potential_Novel_Family
9113,12578,1,Known_Family_Only,Potential_Novel_Family
3498,6143,1,Known_Family_Only,Potential_Novel_Family
2136,2596,1,Known_Family_Only,Potential_Novel_Family
2596,2137,1,Potential_Novel_Family,Known_Family_Only
8025,11165,1,Potential_Novel_Family,Known_Family_Only
2060,7759,1,Known_Family_Only,Potential_Novel_Family
7525,12643,3,Potential_Novel_Family,Potential_Novel_Family
1633,1996,2,Potential_Novel_Family,Known_Family_Only
1633,13220,1,Potential_Novel_Family,Known_Family_Only
1996,13220,1,Known_Family_Only,Known_Family_Only
6963,9264,1,Known_Family_Only,Potential_Novel_Family
9754,11049,1,Known_Family_Only,Potential_Novel_Family
2471,7349,1,Known_Family_Only,Potential_Novel_Family
12801,13448,1,Potential_Novel_Family,Potential_Novel_Family
8101,13901,1,Known_Family_Only,Potential_Novel_Family
2572,2985,1,Potential_Novel_Family,Known_Family_Only
8339,9442,1,Potential_Novel_Family,Known_Family_Only
8339,12688,1,Potential_Novel_Family,Known_Family_Only
9442,12688,1,Known_Family_Only,Known_Family_Only
10548,13816,1,Potential_Novel_Family,Potential_Novel_Family
6533,12935,1,Potential_Novel_Family,Known_Family_Only
3594,11819,1,Potential_Novel_Family,Known_Family_Only
2147,5277,1,Known_Family_Only,Potential_Novel_Family
8228,9265,1,Known_Family_Only,Potential_Novel_Family
7321,11050,1,Potential_Novel_Family,Potential_Novel_Family
3785,12379,2,Expanded_Known_Family,Potential_Novel_Family
5984,6009,1,Potential_Novel_Family,Known_Family_Only
2712,8299,2,Expanded_Known_Family,Expanded_Known_Family
12689,13128,1,Potential_Novel_Family,Potential_Novel_Family
7887,6792,1,Potential_Novel_Family,Known_Family_Only
1805,13871,1,Potential_Novel_Family,Potential_Novel_Family
10146,13689,1,Potential_Novel_Family,Known_Family_Only
561,3415,1,Known_Family_Only,Potential_Novel_Family
4962,5224,1,Known_Family_Only,Potential_Novel_Family
6964,9900,1,Potential_Novel_Family,Potential_Novel_Family
12311,12727,1,Known_Family_Only,Potential_Novel_Family
12224,13650,1,Potential_Novel_Family,Potential_Novel_Family
3626,5179,1,Potential_Novel_Family,Potential_Novel_Family
3626,5278,1,Potential_Novel_Family,Known_Family_Only
5179,5278,1,Potential_Novel_Family,Known_Family_Only
8370,9794,1,Known_Family_Only,Potential_Novel_Family
13787,14163,1,Known_Family_Only,Potential_Novel_Family
6115,9236,1,Potential_Novel_Family,Potential_Novel_Family
2986,11413,1,Known_Family_Only,Potential_Novel_Family
3148,6819,1,Known_Family_Only,Potential_Novel_Family
3148,8912,1,Known_Family_Only,Potential_Novel_Family
6819,8912,1,Potential_Novel_Family,Potential_Novel_Family
5985,7466,1,Expanded_Known_Family,Potential_Novel_Family
5985,13510,1,Expanded_Known_Family,Known_Family_Only
7084,14210,1,Potential_Novel_Family,Potential_Novel_Family
1735,1888,1,Known_Family_Only,Known_Family_Only
1735,14066,1,Known_Family_Only,Potential_Novel_Family
1888,14066,1,Known_Family_Only,Potential_Novel_Family
2518,10824,1,Potential_Novel_Family,Known_Family_Only
6331,6593,1,Potential_Novel_Family,Potential_Novel_Family
7999,10661,2,Expanded_Known_Family,Expanded_Known_Family
2905,6862,1,Potential_Novel_Family,Known_Family_Only
1228,3360,1,Known_Family_Only,Potential_Novel_Family
1228,3539,1,Known_Family_Only,Potential_Novel_Family
7998,10790,1,Potential_Novel_Family,Known_Family_Only
3717,11902,1,Potential_Novel_Family,Potential_Novel_Family
6010,6358,1,Potential_Novel_Family,Known_Family_Only
677,8229,1,Potential_Novel_Family,Known_Family_Only
5599,7696,1,Potential_Novel_Family,Known_Family_Only
12609,13935,3,Expanded_Known_Family,Potential_Novel_Family
14243,14325,1,Potential_Novel_Family,Known_Family_Only
3671,9051,1,Potential_Novel_Family,Known_Family_Only
1988,11791,1,Potential_Novel_Family,Known_Family_Only
3784,11209,1,Known_Family_Only,Potential_Novel_Family
8948,14303,1,Known_Family_Only,Potential_Novel_Family
4133,10732,1,Potential_Novel_Family,Potential_Novel_Family
1027,10914,1,Potential_Novel_Family,Potential_Novel_Family
8058,12347,1,Potential_Novel_Family,Known_Family_Only
5312,11210,1,Known_Family_Only,Potential_Novel_Family
2519,9608,1,Potential_Novel_Family,Known_Family_Only
7189,8193,2,Potential_Novel_Family,Expanded_Known_Family
7189,11874,1,Potential_Novel_Family,Known_Family_Only
8193,11874,1,Expanded_Known_Family,Known_Family_Only
1336,1339,1,Known_Family_Only,Potential_Novel_Family
1336,3718,1,Known_Family_Only,Known_Family_Only
1339,3718,1,Potential_Novel_Family,Known_Family_Only
4157,4983,4,Expanded_Known_Family,Potential_Novel_Family
11476,12644,2,Expanded_Known_Family,Potential_Novel_Family
4812,9374,1,Potential_Novel_Family,Known_Family_Only
2126,10987,1,Potential_Novel_Family,Known_Family_Only
8760,13294,1,Potential_Novel_Family,Potential_Novel_Family
3255,7412,1,Known_Family_Only,Potential_Novel_Family
1863,5225,1,Known_Family_Only,Potential_Novel_Family
1771,4782,1,Known_Family_Only,Potential_Novel_Family
4331,5909,1,Known_Family_Only,Potential_Novel_Family
10549,11241,2,Potential_Novel_Family,Potential_Novel_Family
10549,13160,2,Potential_Novel_Family,Known_Family_Only
11241,13160,2,Potential_Novel_Family,Known_Family_Only
3627,7847,1,Potential_Novel_Family,Potential_Novel_Family
6162,13484,1,Potential_Novel_Family,Potential_Novel_Family
6162,4397,1,Potential_Novel_Family,Potential_Novel_Family
12690,13058,1,Potential_Novel_Family,Potential_Novel_Family
11301,11702,2,Potential_Novel_Family,Potential_Novel_Family
7085,10628,1,Potential_Novel_Family,Known_Family_Only
4596,4783,1,Potential_Novel_Family,Potential_Novel_Family
4096,10064,1,Potential_Novel_Family,Known_Family_Only
4298,7121,1,Potential_Novel_Family,Known_Family_Only
9517,13757,1,Potential_Novel_Family,Potential_Novel_Family
6213,13404,1,Potential_Novel_Family,Potential_Novel_Family
4000,6243,1,Known_Family_Only,Potential_Novel_Family
9406,13987,1,Potential_Novel_Family,Known_Family_Only
779,1348,1,Potential_Novel_Family,Known_Family_Only
5333,8263,1,Potential_Novel_Family,Known_Family_Only
1241,1238,1,Expanded_Known_Family,Potential_Novel_Family
2410,3395,1,Known_Family_Only,Potential_Novel_Family
4621,6460,1,Potential_Novel_Family,Known_Family_Only
4226,8371,1,Potential_Novel_Family,Known_Family_Only
8949,13966,1,Potential_Novel_Family,Known_Family_Only
4572,11820,1,Potential_Novel_Family,Known_Family_Only
4572,11903,1,Potential_Novel_Family,Known_Family_Only
2573,6214,1,Potential_Novel_Family,Potential_Novel_Family
5470,8264,1,Potential_Novel_Family,Known_Family_Only
6037,9080,2,Expanded_Known_Family,Potential_Novel_Family
2764,3340,1,Known_Family_Only,Potential_Novel_Family
10950,13902,2,Potential_Novel_Family,Known_Family_Only
193,8127,1,Known_Family_Only,Potential_Novel_Family
5279,8950,1,Potential_Novel_Family,Known_Family_Only
9341,12026,1,Potential_Novel_Family,Known_Family_Only
12463,13872,1,Potential_Novel_Family,Potential_Novel_Family
2498,9301,1,Known_Family_Only,Potential_Novel_Family
399,2238,1,Known_Family_Only,Potential_Novel_Family
7377,9342,1,Known_Family_Only,Potential_Novel_Family
8059,11957,1,Potential_Novel_Family,Potential_Novel_Family
4760,14109,1,Potential_Novel_Family,Known_Family_Only
3921,4622,1,Known_Family_Only,Expanded_Known_Family
3921,7465,1,Known_Family_Only,Potential_Novel_Family
4622,7465,2,Expanded_Known_Family,Potential_Novel_Family
211,4107,1,Potential_Novel_Family,Potential_Novel_Family
2071,7630,1,Known_Family_Only,Potential_Novel_Family
7436,7728,1,Potential_Novel_Family,Known_Family_Only
1047,1816,1,Known_Family_Only,Potential_Novel_Family
1047,8584,1,Known_Family_Only,Known_Family_Only
1816,8584,1,Potential_Novel_Family,Known_Family_Only
5454,11166,1,Potential_Novel_Family,Potential_Novel_Family
11649,13690,1,Potential_Novel_Family,Known_Family_Only
6189,11333,1,Potential_Novel_Family,Potential_Novel_Family
7466,13510,1,Potential_Novel_Family,Known_Family_Only
789,11018,1,Known_Family_Only,Known_Family_Only
3834,5011,1,Potential_Novel_Family,Potential_Novel_Family
943,8230,1,Potential_Novel_Family,Known_Family_Only
661,6501,1,Known_Family_Only,Known_Family_Only
661,10475,1,Known_Family_Only,Potential_Novel_Family
6501,10475,1,Known_Family_Only,Potential_Novel_Family
1156,6163,1,Potential_Novel_Family,Potential_Novel_Family
3610,5840,1,Potential_Novel_Family,Potential_Novel_Family
2965,12255,1,Known_Family_Only,Known_Family_Only
3595,10855,1,Known_Family_Only,Potential_Novel_Family
8372,11875,1,Potential_Novel_Family,Potential_Novel_Family
2265,13936,1,Potential_Novel_Family,Known_Family_Only
8515,11449,1,Known_Family_Only,Potential_Novel_Family
8128,8340,1,Potential_Novel_Family,Potential_Novel_Family
8689,9033,1,Potential_Novel_Family,Known_Family_Only
10024,10951,1,Known_Family_Only,Potential_Novel_Family
2987,8951,1,Potential_Novel_Family,Known_Family_Only
3236,11845,1,Potential_Novel_Family,Known_Family_Only
11507,11535,1,Known_Family_Only,Known_Family_Only
5703,10189,2,Expanded_Known_Family,Expanded_Known_Family
7291,9211,2,Potential_Novel_Family,Expanded_Known_Family
10227,13161,1,Known_Family_Only,Potential_Novel_Family
3361,8616,1,Potential_Novel_Family,Known_Family_Only
529,2713,2,Expanded_Known_Family,Potential_Novel_Family
7888,13405,1,Potential_Novel_Family,Known_Family_Only
6625,13092,1,Potential_Novel_Family,Known_Family_Only
1902,12464,1,Potential_Novel_Family,Known_Family_Only
12691,13817,1,Potential_Novel_Family,Potential_Novel_Family
7261,14147,1,Potential_Novel_Family,Potential_Novel_Family
7048,12465,2,Potential_Novel_Family,Known_Family_Only
6890,8875,1,Potential_Novel_Family,Known_Family_Only
5423,10762,1,Potential_Novel_Family,Known_Family_Only
5423,13691,1,Potential_Novel_Family,Known_Family_Only
10762,13691,1,Known_Family_Only,Known_Family_Only
1934,8374,1,Potential_Novel_Family,Known_Family_Only
7293,11168,1,Potential_Novel_Family,Known_Family_Only
488,3750,1,Known_Family_Only,Potential_Novel_Family
1821,4472,1,Known_Family_Only,Potential_Novel_Family
1821,5471,1,Known_Family_Only,Known_Family_Only
4472,5471,1,Potential_Novel_Family,Known_Family_Only
6731,14164,1,Potential_Novel_Family,Known_Family_Only
6090,10190,1,Potential_Novel_Family,Known_Family_Only
1380,8416,1,Known_Family_Only,Potential_Novel_Family
9719,12803,1,Potential_Novel_Family,Known_Family_Only
8026,10254,1,Known_Family_Only,Potential_Novel_Family
1843,5772,1,Potential_Novel_Family,Potential_Novel_Family
10191,10511,1,Potential_Novel_Family,Known_Family_Only
13322,14039,1,Known_Family_Only,Potential_Novel_Family
1472,3672,1,Potential_Novel_Family,Potential_Novel_Family
8231,9643,2,Potential_Novel_Family,Expanded_Known_Family
3189,6190,1,Known_Family_Only,Potential_Novel_Family
2457,8169,1,Potential_Novel_Family,Known_Family_Only
2297,11629,1,Potential_Novel_Family,Potential_Novel_Family
7323,7631,2,Known_Family_Only,Potential_Novel_Family
3985,7437,1,Potential_Novel_Family,Known_Family_Only
7438,14225,1,Potential_Novel_Family,Known_Family_Only
168,9569,1,Known_Family_Only,Potential_Novel_Family
6732,8761,1,Known_Family_Only,Potential_Novel_Family
6332,8833,1,Potential_Novel_Family,Potential_Novel_Family
9176,11650,1,Potential_Novel_Family,Potential_Novel_Family
8232,10192,2,Potential_Novel_Family,Potential_Novel_Family
5200,6144,1,Potential_Novel_Family,Known_Family_Only
7595,12190,1,Potential_Novel_Family,Potential_Novel_Family
4498,10365,1,Potential_Novel_Family,Potential_Novel_Family
406,7668,1,Potential_Novel_Family,Potential_Novel_Family
12161,14257,1,Potential_Novel_Family,Potential_Novel_Family
9375,13873,1,Potential_Novel_Family,Potential_Novel_Family
947,3099,1,Potential_Novel_Family,Known_Family_Only
9407,13623,1,Potential_Novel_Family,Potential_Novel_Family
3380,8233,1,Known_Family_Only,Potential_Novel_Family
7697,10857,1,Potential_Novel_Family,Known_Family_Only
419,4428,1,Known_Family_Only,Potential_Novel_Family
419,13406,1,Known_Family_Only,Known_Family_Only
4428,13406,1,Potential_Novel_Family,Known_Family_Only
5576,11211,2,Known_Family_Only,Potential_Novel_Family
2888,11604,1,Potential_Novel_Family,Potential_Novel_Family
7122,12610,1,Potential_Novel_Family,Known_Family_Only
