Architecture,Frequency,Novel_Families,Genome,Cluster_ID,Gene_Context
"(11122, 12566)",30,[12566],202104TB-W29-N1_bin.136.purify_k141_953906,202104TB-W29-N1_bin.136.purify_k141_953906_1267-1811,202104TB-W29-N1_bin.136.purify_k141_953906_2(Fam_12566 [★Target]) --> 202104TB-W29-N1_bin.136.purify_k141_953906_3(Fam_11122 [★Target])
"(11122, 12566)",30,[12566],202104TB-W31-N1_bin.122.purify_k141_272545,202104TB-W31-N1_bin.122.purify_k141_272545_3197-3741,202104TB-W31-N1_bin.122.purify_k141_272545_5(Fam_12566 [★Target]) --> 202104TB-W31-N1_bin.122.purify_k141_272545_6(Fam_11122 [★Target])
"(11122, 12566)",30,[12566],202104TB-W31-N1_bin.78.purify_k141_1349795,202104TB-W31-N1_bin.78.purify_k141_1349795_13431-13974,202104TB-W31-N1_bin.78.purify_k141_1349795_12(Fam_12566 [★Target]) --> 202104TB-W31-N1_bin.78.purify_k141_1349795_13(Fam_11122 [★Target])
"(11122, 12566)",30,[12566],202104TB-W33-N1_bin.111.purify_k141_1294739,202104TB-W33-N1_bin.111.purify_k141_1294739_1537-2081,202104TB-W33-N1_bin.111.purify_k141_1294739_3(Fam_12566 [★Target]) --> 202104TB-W33-N1_bin.111.purify_k141_1294739_4(Fam_11122 [★Target])
"(11122, 12566)",30,[12566],202104TB-W37-N1_bin.50.purify_k141_1042649,202104TB-W37-N1_bin.50.purify_k141_1042649_408-952,202104TB-W37-N1_bin.50.purify_k141_1042649_2(Fam_12566 [★Target]) --> 202104TB-W37-N1_bin.50.purify_k141_1042649_3(Fam_11122 [★Target])
"(2465, 5923)",14,[2465],202106QH-W18-N1_bin.231.purify_k141_5686228,202106QH-W18-N1_bin.231.purify_k141_5686228_3324-5536,202106QH-W18-N1_bin.231.purify_k141_5686228_6(Fam_5923 [★Target]) --> 202106QH-W18-N1_bin.231.purify_k141_5686228_7(Fam_2465 [★Target])
"(2465, 5923)",14,[2465],202106QH-W19-N1_bin.97.purify_k141_467811,202106QH-W19-N1_bin.97.purify_k141_467811_4001-6213,202106QH-W19-N1_bin.97.purify_k141_467811_6(Fam_5923 [★Target]) --> 202106QH-W19-N1_bin.97.purify_k141_467811_7(Fam_2465 [★Target])
"(2465, 5923)",14,[2465],202106QH-W28-N1_bin.11.purify_k141_1515139,202106QH-W28-N1_bin.11.purify_k141_1515139_4001-6213,202106QH-W28-N1_bin.11.purify_k141_1515139_6(Fam_5923 [★Target]) --> 202106QH-W28-N1_bin.11.purify_k141_1515139_7(Fam_2465 [★Target])
"(2465, 5923)",14,[2465],202106QH-W29-N1_bin.129.purify_k141_712328,202106QH-W29-N1_bin.129.purify_k141_712328_2492-4704,202106QH-W29-N1_bin.129.purify_k141_712328_4(Fam_2465 [★Target]) --> 202106QH-W29-N1_bin.129.purify_k141_712328_5(Fam_5923 [★Target])
"(2465, 5923)",14,[2465],202106QH-W30-N1_bin.78.purify_k141_1372783,202106QH-W30-N1_bin.78.purify_k141_1372783_2743-4904,202106QH-W30-N1_bin.78.purify_k141_1372783_5(Fam_2465 [★Target]) --> 202106QH-W30-N1_bin.78.purify_k141_1372783_6(Fam_5923 [★Target])
"(1107, 7308)",12,[7308],202104TB-W31-N1_bin.26.purify_k141_298799,202104TB-W31-N1_bin.26.purify_k141_298799_1367-3941,202104TB-W31-N1_bin.26.purify_k141_298799_3(Fam_7308 [★Target]) --> 202104TB-W31-N1_bin.26.purify_k141_298799_4(Fam_1107 [★Target])
"(1107, 7308)",12,[7308],202104TB-W41-N1_bin.35.purify_k141_86379,202104TB-W41-N1_bin.35.purify_k141_86379_3-2586,202104TB-W41-N1_bin.35.purify_k141_86379_1(Fam_1107 [★Target]) --> 202104TB-W41-N1_bin.35.purify_k141_86379_2(Fam_7308 [★Target])
"(1107, 7308)",12,[7308],202104TB-W70-N1_bin.72.purify_k141_578621,202104TB-W70-N1_bin.72.purify_k141_578621_2958-5234,202104TB-W70-N1_bin.72.purify_k141_578621_5(Fam_7308 [★Target]) --> 202104TB-W70-N1_bin.72.purify_k141_578621_6(Fam_1107 [★Target])
"(1107, 7308)",12,[7308],202106QH-W18-N1_bin.14.purify_k141_3051840,202106QH-W18-N1_bin.14.purify_k141_3051840_2244-4862,202106QH-W18-N1_bin.14.purify_k141_3051840_4(Fam_7308 [★Target]) --> 202106QH-W18-N1_bin.14.purify_k141_3051840_5(Fam_1107 [★Target])
"(1107, 7308)",12,[7308],202106QH-W40-N1_bin.54.purify_k141_1004428,202106QH-W40-N1_bin.54.purify_k141_1004428_1971-4592,202106QH-W40-N1_bin.54.purify_k141_1004428_3(Fam_1107 [★Target]) --> 202106QH-W40-N1_bin.54.purify_k141_1004428_4(Fam_7308 [★Target])
"(3327, 3352)",9,[3327],202104TB-W69-N1_bin.140.purify_k141_966713,202104TB-W69-N1_bin.140.purify_k141_966713_161-2720,202104TB-W69-N1_bin.140.purify_k141_966713_2(Fam_3327 [★Target]) --> 202104TB-W69-N1_bin.140.purify_k141_966713_3(Fam_3352 [★Target])
"(3327, 3352)",9,[3327],202104TB-W69-N1_bin.190.purify_k141_1055593,202104TB-W69-N1_bin.190.purify_k141_1055593_164-2697,202104TB-W69-N1_bin.190.purify_k141_1055593_2(Fam_3352 [★Target]) --> 202104TB-W69-N1_bin.190.purify_k141_1055593_3(Fam_3327 [★Target])
"(3327, 3352)",9,[3327],202104TB-W70-N1_bin.114.purify_k141_965371,202104TB-W70-N1_bin.114.purify_k141_965371_161-2720,202104TB-W70-N1_bin.114.purify_k141_965371_2(Fam_3327 [★Target]) --> 202104TB-W70-N1_bin.114.purify_k141_965371_3(Fam_3352 [★Target])
"(3327, 3352)",9,[3327],202104TB-W70-N1_bin.204.purify_k141_859474,202104TB-W70-N1_bin.204.purify_k141_859474_164-2697,202104TB-W70-N1_bin.204.purify_k141_859474_2(Fam_3352 [★Target]) --> 202104TB-W70-N1_bin.204.purify_k141_859474_3(Fam_3327 [★Target])
"(3327, 3352)",9,[3327],202104TB-W71-N1_bin.7.purify_k141_1139186,202104TB-W71-N1_bin.7.purify_k141_1139186_164-2697,202104TB-W71-N1_bin.7.purify_k141_1139186_2(Fam_3352 [★Target]) --> 202104TB-W71-N1_bin.7.purify_k141_1139186_3(Fam_3327 [★Target])
"(10482, 12281)",9,[12281],202104TB-W33-N1_bin.95.purify_k141_888214,202104TB-W33-N1_bin.95.purify_k141_888214_7437-8002,202104TB-W33-N1_bin.95.purify_k141_888214_9(Fam_12281 [★Target]) --> 202104TB-W33-N1_bin.95.purify_k141_888214_10(Fam_10482 [★Target])
"(10482, 12281)",9,[12281],BGBMC-20S-3-N1_bin.97.purify_k141_4041,BGBMC-20S-3-N1_bin.97.purify_k141_4041_6831-7396,BGBMC-20S-3-N1_bin.97.purify_k141_4041_8(Fam_12281 [★Target]) --> BGBMC-20S-3-N1_bin.97.purify_k141_4041_9(Fam_10482 [★Target])
"(10482, 12281)",9,[12281],CE-20S-1-N1_bin.40.purify_k141_1648628,CE-20S-1-N1_bin.40.purify_k141_1648628_8144-8709,CE-20S-1-N1_bin.40.purify_k141_1648628_12(Fam_10482 [★Target]) --> CE-20S-1-N1_bin.40.purify_k141_1648628_13(Fam_12281 [★Target])
"(10482, 12281)",9,[12281],CE-20S-3-N1_bin.139.purify_k141_194707,CE-20S-3-N1_bin.139.purify_k141_194707_5165-5730,CE-20S-3-N1_bin.139.purify_k141_194707_8(Fam_10482 [★Target]) --> CE-20S-3-N1_bin.139.purify_k141_194707_9(Fam_12281 [★Target])
"(10482, 12281)",9,[12281],CE-D-S-28.1m-N2_bin.74.purify_k141_669681,CE-D-S-28.1m-N2_bin.74.purify_k141_669681_336-901,CE-D-S-28.1m-N2_bin.74.purify_k141_669681_2(Fam_10482 [★Target]) --> CE-D-S-28.1m-N2_bin.74.purify_k141_669681_3(Fam_12281 [★Target])
"(10506, 12670)",8,[12670],202104TB-W31-N1_bin.159.purify_k141_595406,202104TB-W31-N1_bin.159.purify_k141_595406_5494-6293,202104TB-W31-N1_bin.159.purify_k141_595406_10(Fam_12670 [★Target]) --> 202104TB-W31-N1_bin.159.purify_k141_595406_11(Fam_10506 [★Target])
"(10506, 12670)",8,[12670],202104TB-W32-N1_bin.72.purify_k141_395264,202104TB-W32-N1_bin.72.purify_k141_395264_7525-8324,202104TB-W32-N1_bin.72.purify_k141_395264_12(Fam_12670 [★Target]) --> 202104TB-W32-N1_bin.72.purify_k141_395264_13(Fam_10506 [★Target])
"(10506, 12670)",8,[12670],202104TB-W40-N1_bin.52.purify_k141_592642,202104TB-W40-N1_bin.52.purify_k141_592642_7589-8388,202104TB-W40-N1_bin.52.purify_k141_592642_11(Fam_12670 [★Target]) --> 202104TB-W40-N1_bin.52.purify_k141_592642_12(Fam_10506 [★Target])
"(10506, 12670)",8,[12670],202104TB-W41-N1_bin.69.purify_k141_1573940,202104TB-W41-N1_bin.69.purify_k141_1573940_1905-2704,202104TB-W41-N1_bin.69.purify_k141_1573940_6(Fam_12670 [★Target]) --> 202104TB-W41-N1_bin.69.purify_k141_1573940_7(Fam_10506 [★Target])
"(10506, 12670)",8,[12670],YM-3-34.9m-N1_bin.112.purify_k141_1293387,YM-3-34.9m-N1_bin.112.purify_k141_1293387_7421-8220,YM-3-34.9m-N1_bin.112.purify_k141_1293387_12(Fam_12670 [★Target]) --> YM-3-34.9m-N1_bin.112.purify_k141_1293387_13(Fam_10506 [★Target])
"(11683, 12256)",8,"[11683, 12256]",NMC-S-5-N1_bin.183.purify_k141_1071174,NMC-S-5-N1_bin.183.purify_k141_1071174_18246-19263,NMC-S-5-N1_bin.183.purify_k141_1071174_18(Fam_11683 [★Target]) --> NMC-S-5-N1_bin.183.purify_k141_1071174_19(Fam_12256 [★Target])
"(11683, 12256)",8,"[11683, 12256]",NMC-S-6-N1_bin.193.purify_k141_2479802,NMC-S-6-N1_bin.193.purify_k141_2479802_19955-20972,NMC-S-6-N1_bin.193.purify_k141_2479802_19(Fam_11683 [★Target]) --> NMC-S-6-N1_bin.193.purify_k141_2479802_20(Fam_12256 [★Target])
"(11683, 12256)",8,"[11683, 12256]",NMC-S-7-N1_bin.122.purify_k141_86529,NMC-S-7-N1_bin.122.purify_k141_86529_7594-8611,NMC-S-7-N1_bin.122.purify_k141_86529_12(Fam_12256 [★Target]) --> NMC-S-7-N1_bin.122.purify_k141_86529_13(Fam_11683 [★Target])
"(11683, 12256)",8,"[11683, 12256]",YZYC-20S-1-N1_bin.182.purify_k141_1828287,YZYC-20S-1-N1_bin.182.purify_k141_1828287_8562-9579,YZYC-20S-1-N1_bin.182.purify_k141_1828287_10(Fam_11683 [★Target]) --> YZYC-20S-1-N1_bin.182.purify_k141_1828287_11(Fam_12256 [★Target])
"(11683, 12256)",8,"[11683, 12256]",YZYC-20S-4-N1_bin.159.purify_k141_828185,YZYC-20S-4-N1_bin.159.purify_k141_828185_7818-8835,YZYC-20S-4-N1_bin.159.purify_k141_828185_9(Fam_11683 [★Target]) --> YZYC-20S-4-N1_bin.159.purify_k141_828185_10(Fam_12256 [★Target])
"(2752, 4706)",8,[4706],202104TB-W24-N1_bin.24.purify_k141_1912813,202104TB-W24-N1_bin.24.purify_k141_1912813_3167-5645,202104TB-W24-N1_bin.24.purify_k141_1912813_6(Fam_4706 [★Target]) --> 202104TB-W24-N1_bin.24.purify_k141_1912813_7(Fam_2752 [★Target])
"(2752, 4706)",8,[4706],202106QH-W11-N1_bin.109.purify_k141_459680,202106QH-W11-N1_bin.109.purify_k141_459680_1443-3921,202106QH-W11-N1_bin.109.purify_k141_459680_4(Fam_4706 [★Target]) --> 202106QH-W11-N1_bin.109.purify_k141_459680_5(Fam_2752 [★Target])
"(2752, 4706)",8,[4706],202106QH-W19-N1_bin.110.purify_k141_1442494,202106QH-W19-N1_bin.110.purify_k141_1442494_14780-17262,202106QH-W19-N1_bin.110.purify_k141_1442494_15(Fam_4706 [★Target]) --> 202106QH-W19-N1_bin.110.purify_k141_1442494_16(Fam_2752 [★Target])
"(2752, 4706)",8,[4706],202106QH-W29-N1_bin.76.purify_k141_299966,202106QH-W29-N1_bin.76.purify_k141_299966_1398-3876,202106QH-W29-N1_bin.76.purify_k141_299966_2(Fam_2752 [★Target]) --> 202106QH-W29-N1_bin.76.purify_k141_299966_3(Fam_4706 [★Target])
"(2752, 4706)",8,[4706],202106QH-W39-N1_bin.52.purify_k141_289607,202106QH-W39-N1_bin.52.purify_k141_289607_819-3297,202106QH-W39-N1_bin.52.purify_k141_289607_2(Fam_2752 [★Target]) --> 202106QH-W39-N1_bin.52.purify_k141_289607_3(Fam_4706 [★Target])
"(686, 4408)",8,[686],202104TB-W41-N1_bin.60.purify_k141_1113600,202104TB-W41-N1_bin.60.purify_k141_1113600_2-1593,202104TB-W41-N1_bin.60.purify_k141_1113600_1(Fam_686 [★Target]) --> 202104TB-W41-N1_bin.60.purify_k141_1113600_2(Fam_4408 [★Target])
"(686, 4408)",8,[686],202104TB-W69-N1_bin.195.purify_k141_424522,202104TB-W69-N1_bin.195.purify_k141_424522_51-3505,202104TB-W69-N1_bin.195.purify_k141_424522_1(Fam_4408 [★Target]) --> 202104TB-W69-N1_bin.195.purify_k141_424522_2(Fam_686 [★Target])
"(686, 4408)",8,[686],202104TB-W71-N1_bin.2.purify_k141_1235321,202104TB-W71-N1_bin.2.purify_k141_1235321_1-2573,202104TB-W71-N1_bin.2.purify_k141_1235321_1(Fam_686 [★Target]) --> 202104TB-W71-N1_bin.2.purify_k141_1235321_2(Fam_4408 [★Target])
"(686, 4408)",8,[686],202106QH-W25-N1_bin.155.purify_k141_1870165,202106QH-W25-N1_bin.155.purify_k141_1870165_1-2068,202106QH-W25-N1_bin.155.purify_k141_1870165_1(Fam_686 [★Target]) --> 202106QH-W25-N1_bin.155.purify_k141_1870165_2(Fam_4408 [★Target])
"(686, 4408)",8,[686],202106QH-W28-N1_bin.85.purify_k141_15108,202106QH-W28-N1_bin.85.purify_k141_15108_3-2446,202106QH-W28-N1_bin.85.purify_k141_15108_1(Fam_4408 [★Target]) --> 202106QH-W28-N1_bin.85.purify_k141_15108_2(Fam_686 [★Target])
"(280, 340)",7,[280],202106QH-W19-N1_bin.102.purify_k141_2549715,202106QH-W19-N1_bin.102.purify_k141_2549715_2-6356,202106QH-W19-N1_bin.102.purify_k141_2549715_1(Fam_280 [★Target]) --> 202106QH-W19-N1_bin.102.purify_k141_2549715_3(Fam_340 [★Target])
"(280, 340)",7,[280],202106QH-W28-N1_bin.19.purify_k141_911117,202106QH-W28-N1_bin.19.purify_k141_911117_1994-9404,202106QH-W28-N1_bin.19.purify_k141_911117_3(Fam_340 [★Target]) --> 202106QH-W28-N1_bin.19.purify_k141_911117_5(Fam_280 [★Target])
"(280, 340)",7,[280],202106QH-W32-N1_bin.110.purify_k141_701361,202106QH-W32-N1_bin.110.purify_k141_701361_1994-9404,202106QH-W32-N1_bin.110.purify_k141_701361_3(Fam_340 [★Target]) --> 202106QH-W32-N1_bin.110.purify_k141_701361_5(Fam_280 [★Target])
"(280, 340)",7,[280],202106QH-W33-N1_bin.57.purify_k141_563739,202106QH-W33-N1_bin.57.purify_k141_563739_1994-9404,202106QH-W33-N1_bin.57.purify_k141_563739_3(Fam_340 [★Target]) --> 202106QH-W33-N1_bin.57.purify_k141_563739_5(Fam_280 [★Target])
"(280, 340)",7,[280],202106QH-W36-N1_bin.93.purify_k141_115584,202106QH-W36-N1_bin.93.purify_k141_115584_2-6623,202106QH-W36-N1_bin.93.purify_k141_115584_1(Fam_280 [★Target]) --> 202106QH-W36-N1_bin.93.purify_k141_115584_3(Fam_340 [★Target])
"(3255, 9815)",6,"[3255, 9815]",202106QH-W28-N1_bin.139.purify_k141_208423,202106QH-W28-N1_bin.139.purify_k141_208423_8659-10379,202106QH-W28-N1_bin.139.purify_k141_208423_8(Fam_3255 [★Target]) --> 202106QH-W28-N1_bin.139.purify_k141_208423_9(Fam_9815 [★Target])
"(3255, 9815)",6,"[3255, 9815]",202106QH-W33-N1_bin.85.purify_k141_672170,202106QH-W33-N1_bin.85.purify_k141_672170_3078-4813,202106QH-W33-N1_bin.85.purify_k141_672170_4(Fam_3255 [★Target]) --> 202106QH-W33-N1_bin.85.purify_k141_672170_5(Fam_9815 [★Target])
"(3255, 9815)",6,"[3255, 9815]",202106QH-W40-N1_bin.23.purify_k141_294357,202106QH-W40-N1_bin.23.purify_k141_294357_11294-13029,202106QH-W40-N1_bin.23.purify_k141_294357_10(Fam_3255 [★Target]) --> 202106QH-W40-N1_bin.23.purify_k141_294357_11(Fam_9815 [★Target])
"(3255, 9815)",6,"[3255, 9815]",CE-20S-1-N1_bin.31.purify_k141_294466,CE-20S-1-N1_bin.31.purify_k141_294466_24634-26369,CE-20S-1-N1_bin.31.purify_k141_294466_21(Fam_9815 [★Target]) --> CE-20S-1-N1_bin.31.purify_k141_294466_22(Fam_3255 [★Target])
"(3255, 9815)",6,"[3255, 9815]",NMC-S-6-N1_bin.83.purify_k141_504212,NMC-S-6-N1_bin.83.purify_k141_504212_3163-4898,NMC-S-6-N1_bin.83.purify_k141_504212_4(Fam_9815 [★Target]) --> NMC-S-6-N1_bin.83.purify_k141_504212_5(Fam_3255 [★Target])
"(5546, 11465)",6,[5546],HHSD1-N1_bin.25.purify_k141_2228842,HHSD1-N1_bin.25.purify_k141_2228842_135-1431,HHSD1-N1_bin.25.purify_k141_2228842_2(Fam_11465 [★Target]) --> HHSD1-N1_bin.25.purify_k141_2228842_3(Fam_5546 [★Target])
"(5546, 11465)",6,[5546],KMC-20S-2-N1_bin.119.purify_k141_679146,KMC-20S-2-N1_bin.119.purify_k141_679146_4707-5890,KMC-20S-2-N1_bin.119.purify_k141_679146_10(Fam_5546 [★Target]) --> KMC-20S-2-N1_bin.119.purify_k141_679146_11(Fam_11465 [★Target])
"(5546, 11465)",6,[5546],KMC-20S-4-N1_bin.66.purify_k141_546998,KMC-20S-4-N1_bin.66.purify_k141_546998_2244-3427,KMC-20S-4-N1_bin.66.purify_k141_546998_6(Fam_5546 [★Target]) --> KMC-20S-4-N1_bin.66.purify_k141_546998_7(Fam_11465 [★Target])
"(5546, 11465)",6,[5546],KMC-20S-5-N1_bin.41.purify_k141_418020,KMC-20S-5-N1_bin.41.purify_k141_418020_1785-2950,KMC-20S-5-N1_bin.41.purify_k141_418020_5(Fam_5546 [★Target]) --> KMC-20S-5-N1_bin.41.purify_k141_418020_6(Fam_11465 [★Target])
"(5546, 11465)",6,[5546],LLSD-7-N1_bin.37.purify_k141_1380766,LLSD-7-N1_bin.37.purify_k141_1380766_8948-10163,LLSD-7-N1_bin.37.purify_k141_1380766_11(Fam_5546 [★Target]) --> LLSD-7-N1_bin.37.purify_k141_1380766_12(Fam_11465 [★Target])
"(5907, 5974)",6,[5907],202104TB-W31-N1_bin.17.purify_k141_46635,202104TB-W31-N1_bin.17.purify_k141_46635_1848-3433,202104TB-W31-N1_bin.17.purify_k141_46635_3(Fam_5907 [★Target]) --> 202104TB-W31-N1_bin.17.purify_k141_46635_4(Fam_5974 [★Target])
"(5907, 5974)",6,[5907],202104TB-W68-N1_bin.5.purify_k141_1951884,202104TB-W68-N1_bin.5.purify_k141_1951884_6544-8154,202104TB-W68-N1_bin.5.purify_k141_1951884_9(Fam_5907 [★Target]) --> 202104TB-W68-N1_bin.5.purify_k141_1951884_10(Fam_5974 [★Target])
"(5907, 5974)",6,[5907],202106QH-W19-N1_bin.33.purify_k141_1382699,202106QH-W19-N1_bin.33.purify_k141_1382699_828-2416,202106QH-W19-N1_bin.33.purify_k141_1382699_3(Fam_5907 [★Target]) --> 202106QH-W19-N1_bin.33.purify_k141_1382699_4(Fam_5974 [★Target])
"(5907, 5974)",6,[5907],202106QH-W29-N1_bin.96.purify_k141_599998,202106QH-W29-N1_bin.96.purify_k141_599998_378-1654,202106QH-W29-N1_bin.96.purify_k141_599998_2(Fam_5974 [★Target]) --> 202106QH-W29-N1_bin.96.purify_k141_599998_3(Fam_5907 [★Target])
"(5907, 5974)",6,[5907],202106QH-W36-N1_bin.92.purify_k141_687179,202106QH-W36-N1_bin.92.purify_k141_687179_3420-5020,202106QH-W36-N1_bin.92.purify_k141_687179_6(Fam_5907 [★Target]) --> 202106QH-W36-N1_bin.92.purify_k141_687179_7(Fam_5974 [★Target])
"(414, 3846)",6,[3846],202106QH-W19-N1_bin.158.purify_k141_1109426,202106QH-W19-N1_bin.158.purify_k141_1109426_3695-7694,202106QH-W19-N1_bin.158.purify_k141_1109426_5(Fam_3846 [★Target]) --> 202106QH-W19-N1_bin.158.purify_k141_1109426_6(Fam_414 [★Target])
"(414, 3846)",6,[3846],202106QH-W24-N1_bin.21.purify_k141_815353,202106QH-W24-N1_bin.21.purify_k141_815353_4267-8266,202106QH-W24-N1_bin.21.purify_k141_815353_5(Fam_3846 [★Target]) --> 202106QH-W24-N1_bin.21.purify_k141_815353_6(Fam_414 [★Target])
"(414, 3846)",6,[3846],202106QH-W27-N1_bin.258.purify_k141_162759,202106QH-W27-N1_bin.258.purify_k141_162759_850-4849,202106QH-W27-N1_bin.258.purify_k141_162759_2(Fam_3846 [★Target]) --> 202106QH-W27-N1_bin.258.purify_k141_162759_3(Fam_414 [★Target])
"(414, 3846)",6,[3846],YM-S-27.0m-N1_bin.205.purify_k141_266919,YM-S-27.0m-N1_bin.205.purify_k141_266919_10114-14191,YM-S-27.0m-N1_bin.205.purify_k141_266919_16(Fam_3846 [★Target]) --> YM-S-27.0m-N1_bin.205.purify_k141_266919_17(Fam_414 [★Target])
"(414, 3846)",6,[3846],YM-S-43m-N3_bin.169.purify_k141_1038752,YM-S-43m-N3_bin.169.purify_k141_1038752_2642-6719,YM-S-43m-N3_bin.169.purify_k141_1038752_6(Fam_3846 [★Target]) --> YM-S-43m-N3_bin.169.purify_k141_1038752_7(Fam_414 [★Target])
"(3136, 9040)",6,[9040],202104TB-W26-N1_bin.120.purify_k141_561861,202104TB-W26-N1_bin.120.purify_k141_561861_3228-5024,202104TB-W26-N1_bin.120.purify_k141_561861_5(Fam_9040 [★Target]) --> 202104TB-W26-N1_bin.120.purify_k141_561861_6(Fam_3136 [★Target])
"(3136, 9040)",6,[9040],202104TB-W34-N1_bin.95.purify_k141_1223110,202104TB-W34-N1_bin.95.purify_k141_1223110_8056-9852,202104TB-W34-N1_bin.95.purify_k141_1223110_6(Fam_3136 [★Target]) --> 202104TB-W34-N1_bin.95.purify_k141_1223110_7(Fam_9040 [★Target])
"(3136, 9040)",6,[9040],BGBMC-20S-1-N1_bin.22.purify_k141_288953,BGBMC-20S-1-N1_bin.22.purify_k141_288953_2637-4433,BGBMC-20S-1-N1_bin.22.purify_k141_288953_4(Fam_9040 [★Target]) --> BGBMC-20S-1-N1_bin.22.purify_k141_288953_5(Fam_3136 [★Target])
"(3136, 9040)",6,[9040],BGBMC-20S-1-N1_bin.62.purify_k141_1158688,BGBMC-20S-1-N1_bin.62.purify_k141_1158688_951-2692,BGBMC-20S-1-N1_bin.62.purify_k141_1158688_2(Fam_9040 [★Target]) --> BGBMC-20S-1-N1_bin.62.purify_k141_1158688_3(Fam_3136 [★Target])
"(3136, 9040)",6,[9040],BGBMC-20S-2-N1_bin.282.purify_k141_918260,BGBMC-20S-2-N1_bin.282.purify_k141_918260_6428-8224,BGBMC-20S-2-N1_bin.282.purify_k141_918260_6(Fam_3136 [★Target]) --> BGBMC-20S-2-N1_bin.282.purify_k141_918260_7(Fam_9040 [★Target])
"(3810, 6053)",6,[6053],202106QH-W28-N1_bin.101.purify_k141_1212831,202106QH-W28-N1_bin.101.purify_k141_1212831_2172-4110,202106QH-W28-N1_bin.101.purify_k141_1212831_5(Fam_6053 [★Target]) --> 202106QH-W28-N1_bin.101.purify_k141_1212831_6(Fam_3810 [★Target])
"(3810, 6053)",6,[6053],BGBMC-20S-3-N1_bin.183.purify_k141_1052151,BGBMC-20S-3-N1_bin.183.purify_k141_1052151_2507-4256,BGBMC-20S-3-N1_bin.183.purify_k141_1052151_5(Fam_3810 [★Target]) --> BGBMC-20S-3-N1_bin.183.purify_k141_1052151_6(Fam_6053 [★Target])
"(3810, 6053)",6,[6053],QHH8-N1_bin.19.purify_k141_324353,QHH8-N1_bin.19.purify_k141_324353_3037-4900,QHH8-N1_bin.19.purify_k141_324353_6(Fam_3810 [★Target]) --> QHH8-N1_bin.19.purify_k141_324353_7(Fam_6053 [★Target])
"(3810, 6053)",6,[6053],QHH8-N1_bin.32.purify_k141_997902,QHH8-N1_bin.32.purify_k141_997902_1991-3848,QHH8-N1_bin.32.purify_k141_997902_5(Fam_6053 [★Target]) --> QHH8-N1_bin.32.purify_k141_997902_6(Fam_3810 [★Target])
"(3810, 6053)",6,[6053],YZYC-20S-4-N1_bin.44.purify_k141_828364,YZYC-20S-4-N1_bin.44.purify_k141_828364_16025-17882,YZYC-20S-4-N1_bin.44.purify_k141_828364_13(Fam_3810 [★Target]) --> YZYC-20S-4-N1_bin.44.purify_k141_828364_14(Fam_6053 [★Target])
"(6490, 7015)",6,[7015],202104TB-W69-N1_bin.79.purify_k141_336965,202104TB-W69-N1_bin.79.purify_k141_336965_4128-6493,202104TB-W69-N1_bin.79.purify_k141_336965_6(Fam_7015 [★Target]) --> 202104TB-W69-N1_bin.79.purify_k141_336965_9(Fam_6490 [★Target])
"(6490, 7015)",6,[7015],BGBMC-20S-1-N1_bin.122.purify_k141_633535,BGBMC-20S-1-N1_bin.122.purify_k141_633535_2278-4643,BGBMC-20S-1-N1_bin.122.purify_k141_633535_4(Fam_7015 [★Target]) --> BGBMC-20S-1-N1_bin.122.purify_k141_633535_7(Fam_6490 [★Target])
"(6490, 7015)",6,[7015],BGBMC-20S-2-N1_bin.20.purify_k141_1989069,BGBMC-20S-2-N1_bin.20.purify_k141_1989069_4718-7083,BGBMC-20S-2-N1_bin.20.purify_k141_1989069_9(Fam_7015 [★Target]) --> BGBMC-20S-2-N1_bin.20.purify_k141_1989069_12(Fam_6490 [★Target])
"(6490, 7015)",6,[7015],CE-20S-1-N1_bin.102.purify_k141_1311117,CE-20S-1-N1_bin.102.purify_k141_1311117_175-2540,CE-20S-1-N1_bin.102.purify_k141_1311117_1(Fam_6490 [★Target]) --> CE-20S-1-N1_bin.102.purify_k141_1311117_4(Fam_7015 [★Target])
"(6490, 7015)",6,[7015],CE-D-S-28.1m-N2_bin.39.purify_k141_72803,CE-D-S-28.1m-N2_bin.39.purify_k141_72803_181-2546,CE-D-S-28.1m-N2_bin.39.purify_k141_72803_1(Fam_6490 [★Target]) --> CE-D-S-28.1m-N2_bin.39.purify_k141_72803_4(Fam_7015 [★Target])
"(1825, 10592)",6,"[1825, 10592]",202104TB-W25-N1_bin.4.purify_k141_1061305,202104TB-W25-N1_bin.4.purify_k141_1061305_8663-10685,202104TB-W25-N1_bin.4.purify_k141_1061305_10(Fam_1825 [★Target]) --> 202104TB-W25-N1_bin.4.purify_k141_1061305_11(Fam_10592 [★Target])
"(1825, 10592)",6,"[1825, 10592]",202104TB-W31-N1_bin.41.purify_k141_1440440,202104TB-W31-N1_bin.41.purify_k141_1440440_7788-9810,202104TB-W31-N1_bin.41.purify_k141_1440440_10(Fam_1825 [★Target]) --> 202104TB-W31-N1_bin.41.purify_k141_1440440_11(Fam_10592 [★Target])
"(1825, 10592)",6,"[1825, 10592]",202104TB-W34-N1_bin.194.purify_k141_728107,202104TB-W34-N1_bin.194.purify_k141_728107_12663-14685,202104TB-W34-N1_bin.194.purify_k141_728107_14(Fam_1825 [★Target]) --> 202104TB-W34-N1_bin.194.purify_k141_728107_15(Fam_10592 [★Target])
"(1825, 10592)",6,"[1825, 10592]",BGBMC-20S-1-N1_bin.201.purify_k141_101817,BGBMC-20S-1-N1_bin.201.purify_k141_101817_9336-11358,BGBMC-20S-1-N1_bin.201.purify_k141_101817_10(Fam_1825 [★Target]) --> BGBMC-20S-1-N1_bin.201.purify_k141_101817_11(Fam_10592 [★Target])
"(1825, 10592)",6,"[1825, 10592]",YM-3-34.9m-N1_bin.213.purify_k141_42948,YM-3-34.9m-N1_bin.213.purify_k141_42948_9424-11446,YM-3-34.9m-N1_bin.213.purify_k141_42948_10(Fam_1825 [★Target]) --> YM-3-34.9m-N1_bin.213.purify_k141_42948_11(Fam_10592 [★Target])
"(1486, 4280)",6,[4280],202104TB-W70-N1_bin.22.purify_k141_1333303,202104TB-W70-N1_bin.22.purify_k141_1333303_3-2651,202104TB-W70-N1_bin.22.purify_k141_1333303_1(Fam_1486 [★Target]) --> 202104TB-W70-N1_bin.22.purify_k141_1333303_2(Fam_4280 [★Target])
"(1486, 4280)",6,[4280],CE-D-S-28.1m-N2_bin.98.purify_k141_877900,CE-D-S-28.1m-N2_bin.98.purify_k141_877900_328-2922,CE-D-S-28.1m-N2_bin.98.purify_k141_877900_2(Fam_4280 [★Target]) --> CE-D-S-28.1m-N2_bin.98.purify_k141_877900_3(Fam_1486 [★Target])
"(1486, 4280)",6,[4280],CN-2-4.9m-N1_bin.61.purify_k141_1925950,CN-2-4.9m-N1_bin.61.purify_k141_1925950_2-2308,CN-2-4.9m-N1_bin.61.purify_k141_1925950_1(Fam_1486 [★Target]) --> CN-2-4.9m-N1_bin.61.purify_k141_1925950_2(Fam_4280 [★Target])
"(1486, 4280)",6,[4280],NMC-S-7-N1_bin.133.purify_k141_2187544,NMC-S-7-N1_bin.133.purify_k141_2187544_2858-5792,NMC-S-7-N1_bin.133.purify_k141_2187544_3(Fam_4280 [★Target]) --> NMC-S-7-N1_bin.133.purify_k141_2187544_4(Fam_1486 [★Target])
"(1486, 4280)",6,[4280],NMC-S-8-N1_bin.74.purify_k141_840132,NMC-S-8-N1_bin.74.purify_k141_840132_1-2137,NMC-S-8-N1_bin.74.purify_k141_840132_1(Fam_1486 [★Target]) --> NMC-S-8-N1_bin.74.purify_k141_840132_2(Fam_4280 [★Target])
"(3101, 3588)",6,[3588],202104TB-W37-N1_bin.152.purify_k141_1710874,202104TB-W37-N1_bin.152.purify_k141_1710874_2718-5158,202104TB-W37-N1_bin.152.purify_k141_1710874_5(Fam_3588 [★Target]) --> 202104TB-W37-N1_bin.152.purify_k141_1710874_6(Fam_3101 [★Target])
"(3101, 3588)",6,[3588],202104TB-W69-N1_bin.37.purify_k141_1360543,202104TB-W69-N1_bin.37.purify_k141_1360543_692-3120,202104TB-W69-N1_bin.37.purify_k141_1360543_3(Fam_3588 [★Target]) --> 202104TB-W69-N1_bin.37.purify_k141_1360543_4(Fam_3101 [★Target])
"(3101, 3588)",6,[3588],202104TB-W70-N1_bin.179.purify_k141_543358,202104TB-W70-N1_bin.179.purify_k141_543358_753-3181,202104TB-W70-N1_bin.179.purify_k141_543358_3(Fam_3588 [★Target]) --> 202104TB-W70-N1_bin.179.purify_k141_543358_4(Fam_3101 [★Target])
"(3101, 3588)",6,[3588],CE-20S-1-N1_bin.58.purify_k141_1596049,CE-20S-1-N1_bin.58.purify_k141_1596049_10799-13227,CE-20S-1-N1_bin.58.purify_k141_1596049_12(Fam_3588 [★Target]) --> CE-20S-1-N1_bin.58.purify_k141_1596049_13(Fam_3101 [★Target])
"(3101, 3588)",6,[3588],ZJ-S-05.4m-N1_bin.171.purify_k141_2363559,ZJ-S-05.4m-N1_bin.171.purify_k141_2363559_2662-5102,ZJ-S-05.4m-N1_bin.171.purify_k141_2363559_5(Fam_3588 [★Target]) --> ZJ-S-05.4m-N1_bin.171.purify_k141_2363559_6(Fam_3101 [★Target])
"(2323, 6281)",6,[6281],202104TB-W37-N1_bin.136.purify_k141_1543877,202104TB-W37-N1_bin.136.purify_k141_1543877_183-2562,202104TB-W37-N1_bin.136.purify_k141_1543877_2(Fam_2323 [★Target]) --> 202104TB-W37-N1_bin.136.purify_k141_1543877_3(Fam_6281 [★Target])
"(2323, 6281)",6,[6281],202106QH-W37-N1_bin.16.purify_k141_216007,202106QH-W37-N1_bin.16.purify_k141_216007_705-3073,202106QH-W37-N1_bin.16.purify_k141_216007_2(Fam_2323 [★Target]) --> 202106QH-W37-N1_bin.16.purify_k141_216007_3(Fam_6281 [★Target])
"(2323, 6281)",6,[6281],GH-N1_bin.198.purify_k141_1185150,GH-N1_bin.198.purify_k141_1185150_308-2610,GH-N1_bin.198.purify_k141_1185150_2(Fam_6281 [★Target]) --> GH-N1_bin.198.purify_k141_1185150_3(Fam_2323 [★Target])
"(2323, 6281)",6,[6281],JC-20S-1-N1_bin.145.purify_k141_593420,JC-20S-1-N1_bin.145.purify_k141_593420_273-2620,JC-20S-1-N1_bin.145.purify_k141_593420_2(Fam_2323 [★Target]) --> JC-20S-1-N1_bin.145.purify_k141_593420_3(Fam_6281 [★Target])
"(2323, 6281)",6,[6281],JC-20S-2-N1_bin.27.purify_k141_562758,JC-20S-2-N1_bin.27.purify_k141_562758_1-2234,JC-20S-2-N1_bin.27.purify_k141_562758_1(Fam_6281 [★Target]) --> JC-20S-2-N1_bin.27.purify_k141_562758_2(Fam_2323 [★Target])
"(674, 739)",6,[739],202104TB-W24-N1_bin.57.purify_k141_1287445,202104TB-W24-N1_bin.57.purify_k141_1287445_1-2903,202104TB-W24-N1_bin.57.purify_k141_1287445_1(Fam_739 [★Target]) --> 202104TB-W24-N1_bin.57.purify_k141_1287445_2(Fam_674 [★Target])
"(674, 739)",6,[739],202104TB-W34-N1_bin.162.purify_k141_2179616,202104TB-W34-N1_bin.162.purify_k141_2179616_4423-8828,202104TB-W34-N1_bin.162.purify_k141_2179616_5(Fam_674 [★Target]) --> 202104TB-W34-N1_bin.162.purify_k141_2179616_6(Fam_739 [★Target])
"(674, 739)",6,[739],202104TB-W71-N1_bin.140.purify_k141_1609423,202104TB-W71-N1_bin.140.purify_k141_1609423_3-2997,202104TB-W71-N1_bin.140.purify_k141_1609423_1(Fam_739 [★Target]) --> 202104TB-W71-N1_bin.140.purify_k141_1609423_2(Fam_674 [★Target])
"(674, 739)",6,[739],CE-20S-2-N1_bin.51.purify_k141_1236108,CE-20S-2-N1_bin.51.purify_k141_1236108_685-5537,CE-20S-2-N1_bin.51.purify_k141_1236108_3(Fam_739 [★Target]) --> CE-20S-2-N1_bin.51.purify_k141_1236108_4(Fam_674 [★Target])
"(674, 739)",6,[739],JC-20S-2-N1_bin.24.purify_k141_756751,JC-20S-2-N1_bin.24.purify_k141_756751_1-2368,JC-20S-2-N1_bin.24.purify_k141_756751_1(Fam_739 [★Target]) --> JC-20S-2-N1_bin.24.purify_k141_756751_2(Fam_674 [★Target])
"(6224, 8141)",6,[8141],BMC20S-2-N1_bin.53.purify_k141_976562,BMC20S-2-N1_bin.53.purify_k141_976562_86649-88011,BMC20S-2-N1_bin.53.purify_k141_976562_88(Fam_8141 [★Target]) --> BMC20S-2-N1_bin.53.purify_k141_976562_89(Fam_6224 [★Target])
"(6224, 8141)",6,[8141],BMC20S-N1-N1_bin.274.purify_k141_190345,BMC20S-N1-N1_bin.274.purify_k141_190345_4036-5428,BMC20S-N1-N1_bin.274.purify_k141_190345_6(Fam_8141 [★Target]) --> BMC20S-N1-N1_bin.274.purify_k141_190345_7(Fam_6224 [★Target])
"(6224, 8141)",6,[8141],JC-20S-1-N1_bin.69.purify_k141_1761104,JC-20S-1-N1_bin.69.purify_k141_1761104_1707-3097,JC-20S-1-N1_bin.69.purify_k141_1761104_4(Fam_8141 [★Target]) --> JC-20S-1-N1_bin.69.purify_k141_1761104_5(Fam_6224 [★Target])
"(6224, 8141)",6,[8141],JC-20S-2-N1_bin.139.purify_k141_281823,JC-20S-2-N1_bin.139.purify_k141_281823_1035-2493,JC-20S-2-N1_bin.139.purify_k141_281823_2(Fam_8141 [★Target]) --> JC-20S-2-N1_bin.139.purify_k141_281823_3(Fam_6224 [★Target])
"(6224, 8141)",6,[8141],QHH6-N1_bin.99.purify_k141_2230328,QHH6-N1_bin.99.purify_k141_2230328_85-1489,QHH6-N1_bin.99.purify_k141_2230328_1(Fam_6224 [★Target]) --> QHH6-N1_bin.99.purify_k141_2230328_2(Fam_8141 [★Target])
"(4840, 8928)",6,[4840],202104TB-W37-N1_bin.10.purify_k141_172370,202104TB-W37-N1_bin.10.purify_k141_172370_17836-21276,202104TB-W37-N1_bin.10.purify_k141_172370_18(Fam_8928 [★Target]) --> 202104TB-W37-N1_bin.10.purify_k141_172370_19(Fam_4840 [★Target]) --> 202104TB-W37-N1_bin.10.purify_k141_172370_21(Fam_2461)
"(4840, 8928)",6,[4840],202104TB-W40-N1_bin.64.purify_k141_1337721,202104TB-W40-N1_bin.64.purify_k141_1337721_15863-17359,202104TB-W40-N1_bin.64.purify_k141_1337721_17(Fam_8928 [★Target]) --> 202104TB-W40-N1_bin.64.purify_k141_1337721_18(Fam_4840 [★Target])
"(4840, 8928)",6,[4840],BGBMC-20S-2-N1_bin.40.purify_k141_299793,BGBMC-20S-2-N1_bin.40.purify_k141_299793_1784-3274,BGBMC-20S-2-N1_bin.40.purify_k141_299793_4(Fam_8928 [★Target]) --> BGBMC-20S-2-N1_bin.40.purify_k141_299793_5(Fam_4840 [★Target])
"(4840, 8928)",6,[4840],BGBMC-20S-3-N1_bin.104.purify_k141_2268234,BGBMC-20S-3-N1_bin.104.purify_k141_2268234_4705-6201,BGBMC-20S-3-N1_bin.104.purify_k141_2268234_4(Fam_4840 [★Target]) --> BGBMC-20S-3-N1_bin.104.purify_k141_2268234_5(Fam_8928 [★Target])
"(4840, 8928)",6,[4840],SLC-S-N1_bin.143.purify_k141_959105,SLC-S-N1_bin.143.purify_k141_959105_1005-2646,SLC-S-N1_bin.143.purify_k141_959105_2(Fam_8928 [★Target]) --> SLC-S-N1_bin.143.purify_k141_959105_3(Fam_4840 [★Target])
"(9367, 9566)",6,[9566],202104TB-W70-N1_bin.198.purify_k141_395166,202104TB-W70-N1_bin.198.purify_k141_395166_2434-3473,202104TB-W70-N1_bin.198.purify_k141_395166_2(Fam_9566 [★Target]) --> 202104TB-W70-N1_bin.198.purify_k141_395166_3(Fam_9367 [★Target])
"(9367, 9566)",6,[9566],CE-20S-1-N1_bin.81.purify_k141_220293,CE-20S-1-N1_bin.81.purify_k141_220293_6675-7714,CE-20S-1-N1_bin.81.purify_k141_220293_5(Fam_9367 [★Target]) --> CE-20S-1-N1_bin.81.purify_k141_220293_6(Fam_9566 [★Target])
"(9367, 9566)",6,[9566],CE-20S-2-N1_bin.67.purify_k141_720131,CE-20S-2-N1_bin.67.purify_k141_720131_7292-8331,CE-20S-2-N1_bin.67.purify_k141_720131_6(Fam_9367 [★Target]) --> CE-20S-2-N1_bin.67.purify_k141_720131_7(Fam_9566 [★Target])
"(9367, 9566)",6,[9566],YM-S-27.0m-N1_bin.152.purify_k141_1600402,YM-S-27.0m-N1_bin.152.purify_k141_1600402_667-1706,YM-S-27.0m-N1_bin.152.purify_k141_1600402_3(Fam_9367 [★Target]) --> YM-S-27.0m-N1_bin.152.purify_k141_1600402_4(Fam_9566 [★Target])
"(9367, 9566)",6,[9566],ZJ-S-2-N2_bin.167.purify_k141_2570841,ZJ-S-2-N2_bin.167.purify_k141_2570841_1174-2213,ZJ-S-2-N2_bin.167.purify_k141_2570841_3(Fam_9367 [★Target]) --> ZJ-S-2-N2_bin.167.purify_k141_2570841_4(Fam_9566 [★Target])
"(4619, 5525)",6,[5525],202104TB-W60-N1_bin.84.purify_k141_60398,202104TB-W60-N1_bin.84.purify_k141_60398_2233-4141,202104TB-W60-N1_bin.84.purify_k141_60398_4(Fam_5525 [★Target]) --> 202104TB-W60-N1_bin.84.purify_k141_60398_5(Fam_4619 [★Target])
"(4619, 5525)",6,[5525],NMC-S-4-N1_bin.6.purify_k141_519912,NMC-S-4-N1_bin.6.purify_k141_519912_1582-3463,NMC-S-4-N1_bin.6.purify_k141_519912_3(Fam_5525 [★Target]) --> NMC-S-4-N1_bin.6.purify_k141_519912_4(Fam_4619 [★Target])
"(4619, 5525)",6,[5525],NMC-S-5-N1_bin.180.purify_k141_323395,NMC-S-5-N1_bin.180.purify_k141_323395_1426-3307,NMC-S-5-N1_bin.180.purify_k141_323395_3(Fam_5525 [★Target]) --> NMC-S-5-N1_bin.180.purify_k141_323395_4(Fam_4619 [★Target])
"(4619, 5525)",6,[5525],NMC-S-7-N1_bin.171.purify_k141_1780503,NMC-S-7-N1_bin.171.purify_k141_1780503_1426-3307,NMC-S-7-N1_bin.171.purify_k141_1780503_3(Fam_5525 [★Target]) --> NMC-S-7-N1_bin.171.purify_k141_1780503_4(Fam_4619 [★Target])
"(4619, 5525)",6,[5525],YM-3-34.9m-N1_bin.208.purify_k141_477006,YM-3-34.9m-N1_bin.208.purify_k141_477006_865-2670,YM-3-34.9m-N1_bin.208.purify_k141_477006_4(Fam_4619 [★Target]) --> YM-3-34.9m-N1_bin.208.purify_k141_477006_5(Fam_5525 [★Target])
"(4457, 6154)",6,[4457],202104TB-W71-N1_bin.141.purify_k141_487719,202104TB-W71-N1_bin.141.purify_k141_487719_305-2159,202104TB-W71-N1_bin.141.purify_k141_487719_2(Fam_4457 [★Target]) --> 202104TB-W71-N1_bin.141.purify_k141_487719_3(Fam_6154 [★Target])
"(4457, 6154)",6,[4457],BGBMC-20S-3-N1_bin.59.purify_k141_643454,BGBMC-20S-3-N1_bin.59.purify_k141_643454_1058-2912,BGBMC-20S-3-N1_bin.59.purify_k141_643454_2(Fam_4457 [★Target]) --> BGBMC-20S-3-N1_bin.59.purify_k141_643454_3(Fam_6154 [★Target])
"(4457, 6154)",6,[4457],CE-20S-3-N1_bin.102.purify_k141_42274,CE-20S-3-N1_bin.102.purify_k141_42274_1087-2941,CE-20S-3-N1_bin.102.purify_k141_42274_2(Fam_4457 [★Target]) --> CE-20S-3-N1_bin.102.purify_k141_42274_3(Fam_6154 [★Target])
"(4457, 6154)",6,[4457],CE-D-S-N1_bin.103.purify_k141_1605607,CE-D-S-N1_bin.103.purify_k141_1605607_1087-2941,CE-D-S-N1_bin.103.purify_k141_1605607_2(Fam_4457 [★Target]) --> CE-D-S-N1_bin.103.purify_k141_1605607_3(Fam_6154 [★Target])
"(4457, 6154)",6,[4457],NRPC-20S-1-N1_bin.163.purify_k141_254593,NRPC-20S-1-N1_bin.163.purify_k141_254593_3092-4946,NRPC-20S-1-N1_bin.163.purify_k141_254593_5(Fam_6154 [★Target]) --> NRPC-20S-1-N1_bin.163.purify_k141_254593_6(Fam_4457 [★Target])
"(5544, 5769)",6,[5769],CBL-5-N1_bin.24.purify_k141_827260,CBL-5-N1_bin.24.purify_k141_827260_981-2793,CBL-5-N1_bin.24.purify_k141_827260_2(Fam_5769 [★Target]) --> CBL-5-N1_bin.24.purify_k141_827260_3(Fam_5544 [★Target])
"(5544, 5769)",6,[5769],GMZ12-N1_bin.9.purify_k141_154063,GMZ12-N1_bin.9.purify_k141_154063_127-2161,GMZ12-N1_bin.9.purify_k141_154063_1(Fam_5544 [★Target]) --> GMZ12-N1_bin.9.purify_k141_154063_2(Fam_5769 [★Target])
"(5544, 5769)",6,[5769],NMC-S-4-N1_bin.10.purify_k141_568971,NMC-S-4-N1_bin.10.purify_k141_568971_1-1887,NMC-S-4-N1_bin.10.purify_k141_568971_1(Fam_5544 [★Target]) --> NMC-S-4-N1_bin.10.purify_k141_568971_2(Fam_5769 [★Target])
"(5544, 5769)",6,[5769],NMC-S-8-N1_bin.70.purify_k141_919149,NMC-S-8-N1_bin.70.purify_k141_919149_700-2614,NMC-S-8-N1_bin.70.purify_k141_919149_2(Fam_5544 [★Target]) --> NMC-S-8-N1_bin.70.purify_k141_919149_3(Fam_5769 [★Target])
"(5544, 5769)",6,[5769],QJH-N1_bin.14.purify_k141_1488970,QJH-N1_bin.14.purify_k141_1488970_2284-4314,QJH-N1_bin.14.purify_k141_1488970_4(Fam_5769 [★Target]) --> QJH-N1_bin.14.purify_k141_1488970_6(Fam_5544 [★Target])
"(4437, 5779)",5,[4437],202104TB-W25-N1_bin.123.purify_k141_117981,202104TB-W25-N1_bin.123.purify_k141_117981_1451-3347,202104TB-W25-N1_bin.123.purify_k141_117981_3(Fam_5779 [★Target]) --> 202104TB-W25-N1_bin.123.purify_k141_117981_4(Fam_4437 [★Target])
"(4437, 5779)",5,[4437],202104TB-W29-N1_bin.83.purify_k141_1770317,202104TB-W29-N1_bin.83.purify_k141_1770317_3697-5593,202104TB-W29-N1_bin.83.purify_k141_1770317_5(Fam_5779 [★Target]) --> 202104TB-W29-N1_bin.83.purify_k141_1770317_6(Fam_4437 [★Target])
"(4437, 5779)",5,[4437],202104TB-W34-N1_bin.49.purify_k141_387556,202104TB-W34-N1_bin.49.purify_k141_387556_714-2610,202104TB-W34-N1_bin.49.purify_k141_387556_2(Fam_4437 [★Target]) --> 202104TB-W34-N1_bin.49.purify_k141_387556_3(Fam_5779 [★Target])
"(4437, 5779)",5,[4437],NRPC-20S-2-N1_bin.44.purify_k141_675242,NRPC-20S-2-N1_bin.44.purify_k141_675242_375-2271,NRPC-20S-2-N1_bin.44.purify_k141_675242_2(Fam_5779 [★Target]) --> NRPC-20S-2-N1_bin.44.purify_k141_675242_3(Fam_4437 [★Target])
"(4437, 5779)",5,[4437],ZJ-S-05.4m-N1_bin.170.purify_k141_955811,ZJ-S-05.4m-N1_bin.170.purify_k141_955811_711-2607,ZJ-S-05.4m-N1_bin.170.purify_k141_955811_2(Fam_4437 [★Target]) --> ZJ-S-05.4m-N1_bin.170.purify_k141_955811_3(Fam_5779 [★Target])
"(2173, 10248)",5,[2173],202104TB-W63-N1_bin.5.purify_k141_1713519,202104TB-W63-N1_bin.5.purify_k141_1713519_5500-7361,202104TB-W63-N1_bin.5.purify_k141_1713519_7(Fam_10248 [★Target]) --> 202104TB-W63-N1_bin.5.purify_k141_1713519_8(Fam_2173 [★Target])
"(2173, 10248)",5,[2173],CN-B-S-N1_bin.132.purify_k141_1620802,CN-B-S-N1_bin.132.purify_k141_1620802_2702-4281,CN-B-S-N1_bin.132.purify_k141_1620802_5(Fam_10248 [★Target]) --> CN-B-S-N1_bin.132.purify_k141_1620802_6(Fam_2173 [★Target])
"(2173, 10248)",5,[2173],JC-20S-2-N1_bin.156.purify_k141_1489428,JC-20S-2-N1_bin.156.purify_k141_1489428_773-2652,JC-20S-2-N1_bin.156.purify_k141_1489428_2(Fam_10248 [★Target]) --> JC-20S-2-N1_bin.156.purify_k141_1489428_3(Fam_2173 [★Target])
"(2173, 10248)",5,[2173],NMC-S-4-N1_bin.185.purify_k141_693102,NMC-S-4-N1_bin.185.purify_k141_693102_2391-4018,NMC-S-4-N1_bin.185.purify_k141_693102_4(Fam_10248 [★Target]) --> NMC-S-4-N1_bin.185.purify_k141_693102_5(Fam_2173 [★Target])
"(2173, 10248)",5,[2173],YZYC-20S-1-N1_bin.164.purify_k141_923264,YZYC-20S-1-N1_bin.164.purify_k141_923264_2685-4570,YZYC-20S-1-N1_bin.164.purify_k141_923264_5(Fam_10248 [★Target]) --> YZYC-20S-1-N1_bin.164.purify_k141_923264_6(Fam_2173 [★Target])
"(10237, 10514)",5,[10237],202106QH-W11-N1_bin.96.purify_k141_1109806,202106QH-W11-N1_bin.96.purify_k141_1109806_8453-9436,202106QH-W11-N1_bin.96.purify_k141_1109806_9(Fam_10237 [★Target]) --> 202106QH-W11-N1_bin.96.purify_k141_1109806_10(Fam_10514 [★Target])
"(10237, 10514)",5,[10237],202106QH-W16-N1_bin.33.purify_k141_1659327,202106QH-W16-N1_bin.33.purify_k141_1659327_5540-6523,202106QH-W16-N1_bin.33.purify_k141_1659327_7(Fam_10237 [★Target]) --> 202106QH-W16-N1_bin.33.purify_k141_1659327_8(Fam_10514 [★Target])
"(10237, 10514)",5,[10237],202106QH-W19-N1_bin.305.purify_k141_191422,202106QH-W19-N1_bin.305.purify_k141_191422_3703-4686,202106QH-W19-N1_bin.305.purify_k141_191422_4(Fam_10514 [★Target]) --> 202106QH-W19-N1_bin.305.purify_k141_191422_5(Fam_10237 [★Target])
"(10237, 10514)",5,[10237],202106QH-W9-N1_bin.122.purify_k141_2143760,202106QH-W9-N1_bin.122.purify_k141_2143760_4875-5858,202106QH-W9-N1_bin.122.purify_k141_2143760_5(Fam_10514 [★Target]) --> 202106QH-W9-N1_bin.122.purify_k141_2143760_6(Fam_10237 [★Target])
"(10237, 10514)",5,[10237],GH-N1_bin.181.purify_k141_1092252,GH-N1_bin.181.purify_k141_1092252_5582-6565,GH-N1_bin.181.purify_k141_1092252_7(Fam_10237 [★Target]) --> GH-N1_bin.181.purify_k141_1092252_8(Fam_10514 [★Target])
"(2585, 7571)",5,[2585],202106QH-W25-N1_bin.175.purify_k141_1025703,202106QH-W25-N1_bin.175.purify_k141_1025703_4810-6886,202106QH-W25-N1_bin.175.purify_k141_1025703_6(Fam_2585 [★Target]) --> 202106QH-W25-N1_bin.175.purify_k141_1025703_7(Fam_7571 [★Target])
"(2585, 7571)",5,[2585],202106QH-W27-N1_bin.177.purify_k141_3470140,202106QH-W27-N1_bin.177.purify_k141_3470140_1019-3095,202106QH-W27-N1_bin.177.purify_k141_3470140_5(Fam_7571 [★Target]) --> 202106QH-W27-N1_bin.177.purify_k141_3470140_6(Fam_2585 [★Target])
"(2585, 7571)",5,[2585],202106QH-W39-N1_bin.173.purify_k141_975118,202106QH-W39-N1_bin.173.purify_k141_975118_869-2960,202106QH-W39-N1_bin.173.purify_k141_975118_3(Fam_7571 [★Target]) --> 202106QH-W39-N1_bin.173.purify_k141_975118_4(Fam_2585 [★Target])
"(2585, 7571)",5,[2585],QHH6-N1_bin.235.purify_k141_1072896,QHH6-N1_bin.235.purify_k141_1072896_823-2914,QHH6-N1_bin.235.purify_k141_1072896_3(Fam_7571 [★Target]) --> QHH6-N1_bin.235.purify_k141_1072896_4(Fam_2585 [★Target])
"(2585, 7571)",5,[2585],QHH10-N1_bin.197.purify_k141_894661,QHH10-N1_bin.197.purify_k141_894661_538-2614,QHH10-N1_bin.197.purify_k141_894661_3(Fam_7571 [★Target]) --> QHH10-N1_bin.197.purify_k141_894661_4(Fam_2585 [★Target])
"(11273, 11765)",5,[11765],202104TB-W24-N1_bin.98.purify_k141_1490543,202104TB-W24-N1_bin.98.purify_k141_1490543_3631-4256,202104TB-W24-N1_bin.98.purify_k141_1490543_7(Fam_11765 [★Target]) --> 202104TB-W24-N1_bin.98.purify_k141_1490543_8(Fam_11273 [★Target])
"(11273, 11765)",5,[11765],202104TB-W25-N1_bin.4.purify_k141_1593961,202104TB-W25-N1_bin.4.purify_k141_1593961_1357-1982,202104TB-W25-N1_bin.4.purify_k141_1593961_4(Fam_11273 [★Target]) --> 202104TB-W25-N1_bin.4.purify_k141_1593961_5(Fam_11765 [★Target])
"(11273, 11765)",5,[11765],202104TB-W37-N1_bin.19.purify_k141_1801829,202104TB-W37-N1_bin.19.purify_k141_1801829_1105-1730,202104TB-W37-N1_bin.19.purify_k141_1801829_2(Fam_11273 [★Target]) --> 202104TB-W37-N1_bin.19.purify_k141_1801829_3(Fam_11765 [★Target])
"(11273, 11765)",5,[11765],202104TB-W61-N1_bin.26.purify_k141_1392966,202104TB-W61-N1_bin.26.purify_k141_1392966_3004-3629,202104TB-W61-N1_bin.26.purify_k141_1392966_7(Fam_11273 [★Target]) --> 202104TB-W61-N1_bin.26.purify_k141_1392966_8(Fam_11765 [★Target])
"(11273, 11765)",5,[11765],SYH5-N1_bin.12.purify_k141_1140349,SYH5-N1_bin.12.purify_k141_1140349_5881-6509,SYH5-N1_bin.12.purify_k141_1140349_5(Fam_11765 [★Target]) --> SYH5-N1_bin.12.purify_k141_1140349_6(Fam_11273 [★Target])
"(2320, 2819)",5,[2819],202104TB-W66-N1_bin.12.purify_k141_1674565,202104TB-W66-N1_bin.12.purify_k141_1674565_12712-15490,202104TB-W66-N1_bin.12.purify_k141_1674565_10(Fam_2320 [★Target]) --> 202104TB-W66-N1_bin.12.purify_k141_1674565_11(Fam_2819 [★Target])
"(2320, 2819)",5,[2819],202104TB-W68-N1_bin.5.purify_k141_1936814,202104TB-W68-N1_bin.5.purify_k141_1936814_10735-13514,202104TB-W68-N1_bin.5.purify_k141_1936814_11(Fam_2320 [★Target]) --> 202104TB-W68-N1_bin.5.purify_k141_1936814_12(Fam_2819 [★Target])
"(2320, 2819)",5,[2819],SQ-S-2-N1_bin.26.purify_k141_2692074,SQ-S-2-N1_bin.26.purify_k141_2692074_2387-5165,SQ-S-2-N1_bin.26.purify_k141_2692074_2(Fam_2320 [★Target]) --> SQ-S-2-N1_bin.26.purify_k141_2692074_3(Fam_2819 [★Target])
"(2320, 2819)",5,[2819],ZJZBSD-s04-N1_bin.61.purify_k141_2630105,ZJZBSD-s04-N1_bin.61.purify_k141_2630105_3744-6522,ZJZBSD-s04-N1_bin.61.purify_k141_2630105_4(Fam_2819 [★Target]) --> ZJZBSD-s04-N1_bin.61.purify_k141_2630105_5(Fam_2320 [★Target])
"(2320, 2819)",5,[2819],CN-B-S-2-N2_bin.55.purify_k141_1571516,CN-B-S-2-N2_bin.55.purify_k141_1571516_2-2297,CN-B-S-2-N2_bin.55.purify_k141_1571516_1(Fam_2320 [★Target]) --> CN-B-S-2-N2_bin.55.purify_k141_1571516_2(Fam_2819 [★Target])
"(8249, 9236)",5,[9236],202106QH-W8-N1_bin.57.purify_k141_201290,202106QH-W8-N1_bin.57.purify_k141_201290_7312-8378,202106QH-W8-N1_bin.57.purify_k141_201290_8(Fam_8249 [★Target]) --> 202106QH-W8-N1_bin.57.purify_k141_201290_9(Fam_9236 [★Target])
"(8249, 9236)",5,[9236],CESD-S-1-N2_bin.10.purify_k141_1214266,CESD-S-1-N2_bin.10.purify_k141_1214266_2562-3654,CESD-S-1-N2_bin.10.purify_k141_1214266_4(Fam_8249 [★Target]) --> CESD-S-1-N2_bin.10.purify_k141_1214266_5(Fam_9236 [★Target])
"(8249, 9236)",5,[9236],NMC-S-5-N1_bin.14.purify_k141_1144696,NMC-S-5-N1_bin.14.purify_k141_1144696_1521-2631,NMC-S-5-N1_bin.14.purify_k141_1144696_2(Fam_8249 [★Target]) --> NMC-S-5-N1_bin.14.purify_k141_1144696_3(Fam_9236 [★Target])
"(8249, 9236)",5,[9236],NMC-S-6-N1_bin.72.purify_k141_862498,NMC-S-6-N1_bin.72.purify_k141_862498_3575-4709,NMC-S-6-N1_bin.72.purify_k141_862498_5(Fam_9236 [★Target]) --> NMC-S-6-N1_bin.72.purify_k141_862498_6(Fam_8249 [★Target])
"(8249, 9236)",5,[9236],YZYC-20S-1-N1_bin.150.purify_k141_1094268,YZYC-20S-1-N1_bin.150.purify_k141_1094268_543-1653,YZYC-20S-1-N1_bin.150.purify_k141_1094268_2(Fam_9236 [★Target]) --> YZYC-20S-1-N1_bin.150.purify_k141_1094268_3(Fam_8249 [★Target])
"(860, 3314)",5,[860],202106QH-W25-N1_bin.8.purify_k141_1131085,202106QH-W25-N1_bin.8.purify_k141_1131085_3187-6654,202106QH-W25-N1_bin.8.purify_k141_1131085_6(Fam_3314 [★Target]) --> 202106QH-W25-N1_bin.8.purify_k141_1131085_7(Fam_860 [★Target])
"(860, 3314)",5,[860],202106QH-W27-N1_bin.245.purify_k141_423857,202106QH-W27-N1_bin.245.purify_k141_423857_1-2073,202106QH-W27-N1_bin.245.purify_k141_423857_1(Fam_860 [★Target]) --> 202106QH-W27-N1_bin.245.purify_k141_423857_2(Fam_3314 [★Target])
"(860, 3314)",5,[860],202106QH-W36-N1_bin.19.purify_k141_188618,202106QH-W36-N1_bin.19.purify_k141_188618_2-2455,202106QH-W36-N1_bin.19.purify_k141_188618_1(Fam_860 [★Target]) --> 202106QH-W36-N1_bin.19.purify_k141_188618_2(Fam_3314 [★Target])
"(860, 3314)",5,[860],202106QH-W6-N1_bin.90.purify_k141_46682,202106QH-W6-N1_bin.90.purify_k141_46682_7726-11193,202106QH-W6-N1_bin.90.purify_k141_46682_7(Fam_860 [★Target]) --> 202106QH-W6-N1_bin.90.purify_k141_46682_8(Fam_3314 [★Target])
"(860, 3314)",5,[860],ZJ-S-05.4m-N1_bin.238.purify_k141_2018936,ZJ-S-05.4m-N1_bin.238.purify_k141_2018936_14883-17006,ZJ-S-05.4m-N1_bin.238.purify_k141_2018936_17(Fam_3314 [★Target]) --> ZJ-S-05.4m-N1_bin.238.purify_k141_2018936_18(Fam_860 [★Target])
"(3823, 7368)",5,[3823],202104TB-W24-N1_bin.69.purify_k141_1540572,202104TB-W24-N1_bin.69.purify_k141_1540572_2357-4136,202104TB-W24-N1_bin.69.purify_k141_1540572_3(Fam_7368 [★Target]) --> 202104TB-W24-N1_bin.69.purify_k141_1540572_4(Fam_3823 [★Target])
"(3823, 7368)",5,[3823],202104TB-W29-N1_bin.19.purify_k141_998573,202104TB-W29-N1_bin.19.purify_k141_998573_85-1864,202104TB-W29-N1_bin.19.purify_k141_998573_1(Fam_3823 [★Target]) --> 202104TB-W29-N1_bin.19.purify_k141_998573_2(Fam_7368 [★Target])
"(3823, 7368)",5,[3823],NRPC-20S-1-N1_bin.86.purify_k141_990157,NRPC-20S-1-N1_bin.86.purify_k141_990157_22-1810,NRPC-20S-1-N1_bin.86.purify_k141_990157_1(Fam_3823 [★Target]) --> NRPC-20S-1-N1_bin.86.purify_k141_990157_2(Fam_7368 [★Target])
"(3823, 7368)",5,[3823],SLC-S-N1_bin.45.purify_k141_1532465,SLC-S-N1_bin.45.purify_k141_1532465_3239-5018,SLC-S-N1_bin.45.purify_k141_1532465_4(Fam_7368 [★Target]) --> SLC-S-N1_bin.45.purify_k141_1532465_5(Fam_3823 [★Target])
"(3823, 7368)",5,[3823],ZJZBSD-01-2-s1-N1_bin.108.purify_k141_2176568,ZJZBSD-01-2-s1-N1_bin.108.purify_k141_2176568_6356-8144,ZJZBSD-01-2-s1-N1_bin.108.purify_k141_2176568_7(Fam_7368 [★Target]) --> ZJZBSD-01-2-s1-N1_bin.108.purify_k141_2176568_8(Fam_3823 [★Target])
"(9414, 11996)",5,[11996],202104TB-W32-N1_bin.13.purify_k141_527829,202104TB-W32-N1_bin.13.purify_k141_527829_895-1537,202104TB-W32-N1_bin.13.purify_k141_527829_2(Fam_9414 [★Target]) --> 202104TB-W32-N1_bin.13.purify_k141_527829_3(Fam_11996 [★Target])
"(9414, 11996)",5,[11996],JC-20S-1-N1_bin.137.purify_k141_1720299,JC-20S-1-N1_bin.137.purify_k141_1720299_364-1168,JC-20S-1-N1_bin.137.purify_k141_1720299_2(Fam_11996 [★Target]) --> JC-20S-1-N1_bin.137.purify_k141_1720299_3(Fam_9414 [★Target])
"(9414, 11996)",5,[11996],NMC-S-4-N1_bin.1.purify_k141_1106456,NMC-S-4-N1_bin.1.purify_k141_1106456_734-1538,NMC-S-4-N1_bin.1.purify_k141_1106456_3(Fam_9414 [★Target]) --> NMC-S-4-N1_bin.1.purify_k141_1106456_4(Fam_11996 [★Target])
"(9414, 11996)",5,[11996],NMC-S-4-N1_bin.73.purify_k141_226278,NMC-S-4-N1_bin.73.purify_k141_226278_15209-15832,NMC-S-4-N1_bin.73.purify_k141_226278_11(Fam_9414 [★Target]) --> NMC-S-4-N1_bin.73.purify_k141_226278_12(Fam_11996 [★Target])
"(9414, 11996)",5,[11996],QHH6-N1_bin.131.purify_k141_2128553,QHH6-N1_bin.131.purify_k141_2128553_246-1050,QHH6-N1_bin.131.purify_k141_2128553_2(Fam_11996 [★Target]) --> QHH6-N1_bin.131.purify_k141_2128553_3(Fam_9414 [★Target])
"(852, 9511)",5,[9511],202106QH-W18-N1_bin.91.purify_k141_5325333,202106QH-W18-N1_bin.91.purify_k141_5325333_557-3246,202106QH-W18-N1_bin.91.purify_k141_5325333_3(Fam_852 [★Target]) --> 202106QH-W18-N1_bin.91.purify_k141_5325333_4(Fam_9511 [★Target])
"(852, 9511)",5,[9511],BMC20S-2-N1_bin.151.purify_k141_1399585,BMC20S-2-N1_bin.151.purify_k141_1399585_259-2948,BMC20S-2-N1_bin.151.purify_k141_1399585_2(Fam_9511 [★Target]) --> BMC20S-2-N1_bin.151.purify_k141_1399585_3(Fam_852 [★Target])
"(852, 9511)",5,[9511],BMC20S-N1-N1_bin.5.purify_k141_570276,BMC20S-N1-N1_bin.5.purify_k141_570276_509-3195,BMC20S-N1-N1_bin.5.purify_k141_570276_2(Fam_9511 [★Target]) --> BMC20S-N1-N1_bin.5.purify_k141_570276_3(Fam_852 [★Target])
"(852, 9511)",5,[9511],QHH6-N1_bin.117.purify_k141_82050,QHH6-N1_bin.117.purify_k141_82050_8579-11268,QHH6-N1_bin.117.purify_k141_82050_13(Fam_852 [★Target]) --> QHH6-N1_bin.117.purify_k141_82050_14(Fam_9511 [★Target])
"(852, 9511)",5,[9511],QHH8-N1_bin.36.purify_k141_662189,QHH8-N1_bin.36.purify_k141_662189_170-2859,QHH8-N1_bin.36.purify_k141_662189_1(Fam_9511 [★Target]) --> QHH8-N1_bin.36.purify_k141_662189_2(Fam_852 [★Target])
"(1078, 6179)",5,[1078],202104TB-W37-N1_bin.77.purify_k141_757495,202104TB-W37-N1_bin.77.purify_k141_757495_1492-3248,202104TB-W37-N1_bin.77.purify_k141_757495_4(Fam_6179 [★Target]) --> 202104TB-W37-N1_bin.77.purify_k141_757495_5(Fam_1078 [★Target])
"(1078, 6179)",5,[1078],SLC-S-N1_bin.70.purify_k141_839988,SLC-S-N1_bin.70.purify_k141_839988_3-1327,SLC-S-N1_bin.70.purify_k141_839988_1(Fam_1078 [★Target]) --> SLC-S-N1_bin.70.purify_k141_839988_2(Fam_6179 [★Target])
"(1078, 6179)",5,[1078],YM-S-27.0m-N1_bin.8.purify_k141_1644289,YM-S-27.0m-N1_bin.8.purify_k141_1644289_2-1902,YM-S-27.0m-N1_bin.8.purify_k141_1644289_1(Fam_1078 [★Target]) --> YM-S-27.0m-N1_bin.8.purify_k141_1644289_2(Fam_6179 [★Target])
"(1078, 6179)",5,[1078],ZJ-S-05.4m-N1_bin.175.purify_k141_422172,ZJ-S-05.4m-N1_bin.175.purify_k141_422172_1-1094,ZJ-S-05.4m-N1_bin.175.purify_k141_422172_1(Fam_1078 [★Target]) --> ZJ-S-05.4m-N1_bin.175.purify_k141_422172_2(Fam_6179 [★Target])
"(1078, 6179)",5,[1078],ZJ-S-2-N2_bin.82.purify_k141_2298953,ZJ-S-2-N2_bin.82.purify_k141_2298953_2-2892,ZJ-S-2-N2_bin.82.purify_k141_2298953_1(Fam_1078 [★Target]) --> ZJ-S-2-N2_bin.82.purify_k141_2298953_2(Fam_6179 [★Target])
"(140, 5862, 7919)",5,[7919],202106QH-W29-N1_bin.88.purify_k141_96178,202106QH-W29-N1_bin.88.purify_k141_96178_22438-27740,202106QH-W29-N1_bin.88.purify_k141_96178_32(Fam_5862 [★Target]) --> 202106QH-W29-N1_bin.88.purify_k141_96178_33(Fam_140 [★Target]) --> 202106QH-W29-N1_bin.88.purify_k141_96178_34(Fam_7919 [★Target])
"(140, 5862, 7919)",5,[7919],202106QH-W30-N1_bin.70.purify_k141_63208,202106QH-W30-N1_bin.70.purify_k141_63208_4252-9554,202106QH-W30-N1_bin.70.purify_k141_63208_6(Fam_7919 [★Target]) --> 202106QH-W30-N1_bin.70.purify_k141_63208_7(Fam_140 [★Target]) --> 202106QH-W30-N1_bin.70.purify_k141_63208_8(Fam_5862 [★Target])
"(140, 5862, 7919)",5,[7919],202106QH-W39-N1_bin.25.purify_k141_1337584,202106QH-W39-N1_bin.25.purify_k141_1337584_13066-18368,202106QH-W39-N1_bin.25.purify_k141_1337584_20(Fam_5862 [★Target]) --> 202106QH-W39-N1_bin.25.purify_k141_1337584_21(Fam_140 [★Target]) --> 202106QH-W39-N1_bin.25.purify_k141_1337584_22(Fam_7919 [★Target])
"(140, 5862, 7919)",5,[7919],202106QH-W40-N1_bin.18.purify_k141_1003222,202106QH-W40-N1_bin.18.purify_k141_1003222_13064-18366,202106QH-W40-N1_bin.18.purify_k141_1003222_21(Fam_5862 [★Target]) --> 202106QH-W40-N1_bin.18.purify_k141_1003222_22(Fam_140 [★Target]) --> 202106QH-W40-N1_bin.18.purify_k141_1003222_23(Fam_7919 [★Target])
"(140, 5862, 7919)",5,[7919],QHH6-N1_bin.1.purify_k141_1646286,QHH6-N1_bin.1.purify_k141_1646286_13065-18367,QHH6-N1_bin.1.purify_k141_1646286_20(Fam_5862 [★Target]) --> QHH6-N1_bin.1.purify_k141_1646286_21(Fam_140 [★Target]) --> QHH6-N1_bin.1.purify_k141_1646286_22(Fam_7919 [★Target])
"(6478, 9915)",5,[9915],202106QH-W29-N1_bin.77.purify_k141_1568887,202106QH-W29-N1_bin.77.purify_k141_1568887_984-2285,202106QH-W29-N1_bin.77.purify_k141_1568887_3(Fam_6478 [★Target]) --> 202106QH-W29-N1_bin.77.purify_k141_1568887_4(Fam_9915 [★Target])
"(6478, 9915)",5,[9915],BGBMC-20S-2-N1_bin.75.purify_k141_1226023,BGBMC-20S-2-N1_bin.75.purify_k141_1226023_8623-9924,BGBMC-20S-2-N1_bin.75.purify_k141_1226023_10(Fam_9915 [★Target]) --> BGBMC-20S-2-N1_bin.75.purify_k141_1226023_11(Fam_6478 [★Target])
"(6478, 9915)",5,[9915],BGBMC-20S-3-N1_bin.150.purify_k141_2124208,BGBMC-20S-3-N1_bin.150.purify_k141_2124208_2465-3766,BGBMC-20S-3-N1_bin.150.purify_k141_2124208_5(Fam_9915 [★Target]) --> BGBMC-20S-3-N1_bin.150.purify_k141_2124208_6(Fam_6478 [★Target])
"(6478, 9915)",5,[9915],JC-20S-2-N1_bin.152.purify_k141_55418,JC-20S-2-N1_bin.152.purify_k141_55418_2486-3787,JC-20S-2-N1_bin.152.purify_k141_55418_5(Fam_6478 [★Target]) --> JC-20S-2-N1_bin.152.purify_k141_55418_6(Fam_9915 [★Target])
"(6478, 9915)",5,[9915],PC-20S-4-N1_bin.42.purify_k141_843755,PC-20S-4-N1_bin.42.purify_k141_843755_13747-15048,PC-20S-4-N1_bin.42.purify_k141_843755_13(Fam_9915 [★Target]) --> PC-20S-4-N1_bin.42.purify_k141_843755_14(Fam_6478 [★Target])
"(1434, 3368)",5,[1434],202104TB-W31-N1_bin.146.purify_k141_793561,202104TB-W31-N1_bin.146.purify_k141_793561_2817-6148,202104TB-W31-N1_bin.146.purify_k141_793561_6(Fam_1434 [★Target]) --> 202104TB-W31-N1_bin.146.purify_k141_793561_7(Fam_3368 [★Target])
"(1434, 3368)",5,[1434],202106QH-W19-N1_bin.120.purify_k141_3352540,202106QH-W19-N1_bin.120.purify_k141_3352540_1-2771,202106QH-W19-N1_bin.120.purify_k141_3352540_1(Fam_1434 [★Target]) --> 202106QH-W19-N1_bin.120.purify_k141_3352540_2(Fam_3368 [★Target])
"(1434, 3368)",5,[1434],202106QH-W29-N1_bin.42.purify_k141_394170,202106QH-W29-N1_bin.42.purify_k141_394170_3075-6406,202106QH-W29-N1_bin.42.purify_k141_394170_5(Fam_1434 [★Target]) --> 202106QH-W29-N1_bin.42.purify_k141_394170_6(Fam_3368 [★Target])
"(1434, 3368)",5,[1434],202106QH-W30-N1_bin.144.purify_k141_863647,202106QH-W30-N1_bin.144.purify_k141_863647_3133-6464,202106QH-W30-N1_bin.144.purify_k141_863647_5(Fam_1434 [★Target]) --> 202106QH-W30-N1_bin.144.purify_k141_863647_6(Fam_3368 [★Target])
"(1434, 3368)",5,[1434],YM-S-27.0m-N1_bin.211.purify_k141_92571,YM-S-27.0m-N1_bin.211.purify_k141_92571_4341-7672,YM-S-27.0m-N1_bin.211.purify_k141_92571_8(Fam_1434 [★Target]) --> YM-S-27.0m-N1_bin.211.purify_k141_92571_9(Fam_3368 [★Target])
"(948, 6980)",5,"[948, 6980]",202104TB-W70-N1_bin.42.purify_k141_294392,202104TB-W70-N1_bin.42.purify_k141_294392_8136-11316,202104TB-W70-N1_bin.42.purify_k141_294392_8(Fam_948 [★Target]) --> 202104TB-W70-N1_bin.42.purify_k141_294392_9(Fam_6980 [★Target])
"(948, 6980)",5,"[948, 6980]",202104TB-W71-N1_bin.90.purify_k141_342803,202104TB-W71-N1_bin.90.purify_k141_342803_8160-11340,202104TB-W71-N1_bin.90.purify_k141_342803_8(Fam_948 [★Target]) --> 202104TB-W71-N1_bin.90.purify_k141_342803_9(Fam_6980 [★Target])
"(948, 6980)",5,"[948, 6980]",202106QH-W33-N1_bin.88.purify_k141_1197453,202106QH-W33-N1_bin.88.purify_k141_1197453_7028-10208,202106QH-W33-N1_bin.88.purify_k141_1197453_7(Fam_948 [★Target]) --> 202106QH-W33-N1_bin.88.purify_k141_1197453_8(Fam_6980 [★Target])
"(948, 6980)",5,"[948, 6980]",202106QH-W37-N1_bin.3.purify_k141_1122756,202106QH-W37-N1_bin.3.purify_k141_1122756_8006-11186,202106QH-W37-N1_bin.3.purify_k141_1122756_7(Fam_948 [★Target]) --> 202106QH-W37-N1_bin.3.purify_k141_1122756_8(Fam_6980 [★Target])
"(948, 6980)",5,"[948, 6980]",202106QH-W39-N1_bin.84.purify_k141_792884,202106QH-W39-N1_bin.84.purify_k141_792884_8215-11395,202106QH-W39-N1_bin.84.purify_k141_792884_7(Fam_948 [★Target]) --> 202106QH-W39-N1_bin.84.purify_k141_792884_8(Fam_6980 [★Target])
"(863, 12576)",5,[12576],202106QH-W29-N1_bin.157.purify_k141_827768,202106QH-W29-N1_bin.157.purify_k141_827768_14930-15392,202106QH-W29-N1_bin.157.purify_k141_827768_10(Fam_12576 [★Target]) --> 202106QH-W29-N1_bin.157.purify_k141_827768_11(Fam_863 [★Target])
"(863, 12576)",5,[12576],202106QH-W38-N1_bin.118.purify_k141_1254827,202106QH-W38-N1_bin.118.purify_k141_1254827_14930-15392,202106QH-W38-N1_bin.118.purify_k141_1254827_10(Fam_12576 [★Target]) --> 202106QH-W38-N1_bin.118.purify_k141_1254827_11(Fam_863 [★Target])
"(863, 12576)",5,[12576],202106QH-W39-N1_bin.106.purify_k141_772851,202106QH-W39-N1_bin.106.purify_k141_772851_13792-14254,202106QH-W39-N1_bin.106.purify_k141_772851_10(Fam_12576 [★Target]) --> 202106QH-W39-N1_bin.106.purify_k141_772851_11(Fam_863 [★Target])
"(863, 12576)",5,[12576],202106QH-W40-N1_bin.134.purify_k141_214477,202106QH-W40-N1_bin.134.purify_k141_214477_14925-15387,202106QH-W40-N1_bin.134.purify_k141_214477_10(Fam_12576 [★Target]) --> 202106QH-W40-N1_bin.134.purify_k141_214477_11(Fam_863 [★Target])
"(863, 12576)",5,[12576],QHH6-N1_bin.115.purify_k141_1278811,QHH6-N1_bin.115.purify_k141_1278811_13792-14254,QHH6-N1_bin.115.purify_k141_1278811_10(Fam_12576 [★Target]) --> QHH6-N1_bin.115.purify_k141_1278811_11(Fam_863 [★Target])
"(6813, 8660)",5,[8660],202104TB-W58-N1_bin.102.purify_k141_379962,202104TB-W58-N1_bin.102.purify_k141_379962_817-2138,202104TB-W58-N1_bin.102.purify_k141_379962_2(Fam_6813 [★Target]) --> 202104TB-W58-N1_bin.102.purify_k141_379962_3(Fam_8660 [★Target])
"(6813, 8660)",5,[8660],202104TB-W61-N1_bin.73.purify_k141_2044925,202104TB-W61-N1_bin.73.purify_k141_2044925_2318-3639,202104TB-W61-N1_bin.73.purify_k141_2044925_3(Fam_8660 [★Target]) --> 202104TB-W61-N1_bin.73.purify_k141_2044925_4(Fam_6813 [★Target])
"(6813, 8660)",5,[8660],NMC-S-5-N1_bin.62.purify_k141_1312885,NMC-S-5-N1_bin.62.purify_k141_1312885_16165-17492,NMC-S-5-N1_bin.62.purify_k141_1312885_10(Fam_6813 [★Target]) --> NMC-S-5-N1_bin.62.purify_k141_1312885_11(Fam_8660 [★Target])
"(6813, 8660)",5,[8660],NMC-S-8-N1_bin.200.purify_k141_1220126,NMC-S-8-N1_bin.200.purify_k141_1220126_4328-5655,NMC-S-8-N1_bin.200.purify_k141_1220126_3(Fam_6813 [★Target]) --> NMC-S-8-N1_bin.200.purify_k141_1220126_4(Fam_8660 [★Target])
"(6813, 8660)",5,[8660],YZYC-20S-5-N1_bin.103.purify_k141_1768249,YZYC-20S-5-N1_bin.103.purify_k141_1768249_4939-6266,YZYC-20S-5-N1_bin.103.purify_k141_1768249_4(Fam_6813 [★Target]) --> YZYC-20S-5-N1_bin.103.purify_k141_1768249_5(Fam_8660 [★Target])
"(1358, 7400)",5,[1358],202106QH-W27-N1_bin.31.purify_k141_586358,202106QH-W27-N1_bin.31.purify_k141_586358_662-3330,202106QH-W27-N1_bin.31.purify_k141_586358_2(Fam_1358 [★Target]) --> 202106QH-W27-N1_bin.31.purify_k141_586358_3(Fam_7400 [★Target])
"(1358, 7400)",5,[1358],PC-20S-2-N1_bin.111.purify_k141_89572,PC-20S-2-N1_bin.111.purify_k141_89572_2371-5039,PC-20S-2-N1_bin.111.purify_k141_89572_3(Fam_1358 [★Target]) --> PC-20S-2-N1_bin.111.purify_k141_89572_4(Fam_7400 [★Target])
"(1358, 7400)",5,[1358],PC-20S-3-N1_bin.87.purify_k141_155522,PC-20S-3-N1_bin.87.purify_k141_155522_1729-4397,PC-20S-3-N1_bin.87.purify_k141_155522_2(Fam_7400 [★Target]) --> PC-20S-3-N1_bin.87.purify_k141_155522_3(Fam_1358 [★Target])
"(1358, 7400)",5,[1358],ZJ-S-05.4m-N1_bin.82.purify_k141_933224,ZJ-S-05.4m-N1_bin.82.purify_k141_933224_384-3052,ZJ-S-05.4m-N1_bin.82.purify_k141_933224_2(Fam_1358 [★Target]) --> ZJ-S-05.4m-N1_bin.82.purify_k141_933224_3(Fam_7400 [★Target])
"(1358, 7400)",5,[1358],SLC-S-N1_bin.117.purify_k141_124299,SLC-S-N1_bin.117.purify_k141_124299_3215-5883,SLC-S-N1_bin.117.purify_k141_124299_3(Fam_7400 [★Target]) --> SLC-S-N1_bin.117.purify_k141_124299_4(Fam_1358 [★Target])
"(8277, 10139)",5,[8277],202106QH-W19-N1_bin.195.purify_k141_1845573,202106QH-W19-N1_bin.195.purify_k141_1845573_832-2081,202106QH-W19-N1_bin.195.purify_k141_1845573_3(Fam_8277 [★Target]) --> 202106QH-W19-N1_bin.195.purify_k141_1845573_4(Fam_10139 [★Target])
"(8277, 10139)",5,[8277],202106QH-W39-N1_bin.121.purify_k141_855753,202106QH-W39-N1_bin.121.purify_k141_855753_835-1813,202106QH-W39-N1_bin.121.purify_k141_855753_3(Fam_8277 [★Target]) --> 202106QH-W39-N1_bin.121.purify_k141_855753_4(Fam_10139 [★Target])
"(8277, 10139)",5,[8277],202106QH-W40-N1_bin.118.purify_k141_1386723,202106QH-W40-N1_bin.118.purify_k141_1386723_747-1898,202106QH-W40-N1_bin.118.purify_k141_1386723_3(Fam_8277 [★Target]) --> 202106QH-W40-N1_bin.118.purify_k141_1386723_4(Fam_10139 [★Target])
"(8277, 10139)",5,[8277],CE-20S-2-N1_bin.45.purify_k141_846975,CE-20S-2-N1_bin.45.purify_k141_846975_2003-3254,CE-20S-2-N1_bin.45.purify_k141_846975_3(Fam_8277 [★Target]) --> CE-20S-2-N1_bin.45.purify_k141_846975_4(Fam_10139 [★Target])
"(8277, 10139)",5,[8277],YM-S-27.0m-N1_bin.177.purify_k141_165735,YM-S-27.0m-N1_bin.177.purify_k141_165735_1114-2364,YM-S-27.0m-N1_bin.177.purify_k141_165735_3(Fam_8277 [★Target]) --> YM-S-27.0m-N1_bin.177.purify_k141_165735_4(Fam_10139 [★Target])
"(5728, 11053)",5,[5728],202104TB-W34-N1_bin.82.purify_k141_7087,202104TB-W34-N1_bin.82.purify_k141_7087_1251-2705,202104TB-W34-N1_bin.82.purify_k141_7087_2(Fam_5728 [★Target]) --> 202104TB-W34-N1_bin.82.purify_k141_7087_3(Fam_11053 [★Target])
"(5728, 11053)",5,[5728],202106QH-W27-N1_bin.71.purify_k141_1750860,202106QH-W27-N1_bin.71.purify_k141_1750860_4384-5774,202106QH-W27-N1_bin.71.purify_k141_1750860_7(Fam_11053 [★Target]) --> 202106QH-W27-N1_bin.71.purify_k141_1750860_8(Fam_5728 [★Target])
"(5728, 11053)",5,[5728],CE-D-S-28.1m-N2_bin.51.purify_k141_869689,CE-D-S-28.1m-N2_bin.51.purify_k141_869689_1374-2828,CE-D-S-28.1m-N2_bin.51.purify_k141_869689_2(Fam_5728 [★Target]) --> CE-D-S-28.1m-N2_bin.51.purify_k141_869689_3(Fam_11053 [★Target])
"(5728, 11053)",5,[5728],JC-20S-3-N1_bin.110.purify_k141_809951,JC-20S-3-N1_bin.110.purify_k141_809951_3557-4828,JC-20S-3-N1_bin.110.purify_k141_809951_6(Fam_11053 [★Target]) --> JC-20S-3-N1_bin.110.purify_k141_809951_7(Fam_5728 [★Target])
"(5728, 11053)",5,[5728],ZJZBSD-01-2-s1-N1_bin.84.purify_k141_281487,ZJZBSD-01-2-s1-N1_bin.84.purify_k141_281487_1569-2381,ZJZBSD-01-2-s1-N1_bin.84.purify_k141_281487_4(Fam_11053 [★Target]) --> ZJZBSD-01-2-s1-N1_bin.84.purify_k141_281487_5(Fam_5728 [★Target])
"(3750, 8394)",4,[8394],BMC20S-2-N1_bin.328.purify_k141_762114,BMC20S-2-N1_bin.328.purify_k141_762114_2767-3883,BMC20S-2-N1_bin.328.purify_k141_762114_3(Fam_3750 [★Target]) --> BMC20S-2-N1_bin.328.purify_k141_762114_4(Fam_8394 [★Target])
"(3750, 8394)",4,[8394],BMC20S-N1-N1_bin.154.purify_k141_335818,BMC20S-N1-N1_bin.154.purify_k141_335818_2752-3868,BMC20S-N1-N1_bin.154.purify_k141_335818_3(Fam_3750 [★Target]) --> BMC20S-N1-N1_bin.154.purify_k141_335818_4(Fam_8394 [★Target])
"(3750, 8394)",4,[8394],GH-N1_bin.107.purify_k141_619132,GH-N1_bin.107.purify_k141_619132_1340-3093,GH-N1_bin.107.purify_k141_619132_2(Fam_8394 [★Target]) --> GH-N1_bin.107.purify_k141_619132_3(Fam_3750 [★Target])
"(3750, 8394)",4,[8394],JC-20S-3-N1_bin.144.purify_k141_882956,JC-20S-3-N1_bin.144.purify_k141_882956_4798-6527,JC-20S-3-N1_bin.144.purify_k141_882956_5(Fam_3750 [★Target]) --> JC-20S-3-N1_bin.144.purify_k141_882956_6(Fam_8394 [★Target])
"(8277, 9349)",4,[8277],NMC-S-7-N1_bin.83.purify_k141_1145424,NMC-S-7-N1_bin.83.purify_k141_1145424_2188-3339,NMC-S-7-N1_bin.83.purify_k141_1145424_4(Fam_9349 [★Target]) --> NMC-S-7-N1_bin.83.purify_k141_1145424_5(Fam_8277 [★Target])
"(8277, 9349)",4,[8277],YZYC-20S-2-N1_bin.31.purify_k141_1123404,YZYC-20S-2-N1_bin.31.purify_k141_1123404_1272-2423,YZYC-20S-2-N1_bin.31.purify_k141_1123404_3(Fam_8277 [★Target]) --> YZYC-20S-2-N1_bin.31.purify_k141_1123404_4(Fam_9349 [★Target])
"(8277, 9349)",4,[8277],YZYC-20S-7-N1_bin.92.purify_k141_1073298,YZYC-20S-7-N1_bin.92.purify_k141_1073298_1238-2389,YZYC-20S-7-N1_bin.92.purify_k141_1073298_3(Fam_8277 [★Target]) --> YZYC-20S-7-N1_bin.92.purify_k141_1073298_4(Fam_9349 [★Target])
"(8277, 9349)",4,[8277],NMC-S-6-N1_bin.190.purify_k141_734406,NMC-S-6-N1_bin.190.purify_k141_734406_2-1111,NMC-S-6-N1_bin.190.purify_k141_734406_1(Fam_8277 [★Target]) --> NMC-S-6-N1_bin.190.purify_k141_734406_2(Fam_9349 [★Target])
"(7883, 8048)",4,[7883],202104TB-W71-N1_bin.175.purify_k141_1284896,202104TB-W71-N1_bin.175.purify_k141_1284896_3321-4566,202104TB-W71-N1_bin.175.purify_k141_1284896_5(Fam_7883 [★Target]) --> 202104TB-W71-N1_bin.175.purify_k141_1284896_6(Fam_8048 [★Target])
"(7883, 8048)",4,[7883],202106QH-W39-N1_bin.21.purify_k141_810301,202106QH-W39-N1_bin.21.purify_k141_810301_352-1642,202106QH-W39-N1_bin.21.purify_k141_810301_3(Fam_7883 [★Target]) --> 202106QH-W39-N1_bin.21.purify_k141_810301_4(Fam_8048 [★Target])
"(7883, 8048)",4,[7883],202106QH-W40-N1_bin.56.purify_k141_1280566,202106QH-W40-N1_bin.56.purify_k141_1280566_633-1923,202106QH-W40-N1_bin.56.purify_k141_1280566_3(Fam_7883 [★Target]) --> 202106QH-W40-N1_bin.56.purify_k141_1280566_4(Fam_8048 [★Target])
"(7883, 8048)",4,[7883],QHH8-N1_bin.36.purify_k141_2431393,QHH8-N1_bin.36.purify_k141_2431393_5028-6279,QHH8-N1_bin.36.purify_k141_2431393_7(Fam_7883 [★Target]) --> QHH8-N1_bin.36.purify_k141_2431393_8(Fam_8048 [★Target])
"(4503, 5663)",4,[4503],202104TB-W24-N1_bin.160.purify_k141_307566,202104TB-W24-N1_bin.160.purify_k141_307566_33132-35028,202104TB-W24-N1_bin.160.purify_k141_307566_33(Fam_4503 [★Target]) --> 202104TB-W24-N1_bin.160.purify_k141_307566_34(Fam_5663 [★Target])
"(4503, 5663)",4,[4503],NMC-S-7-N1_bin.53.purify_k141_188039,NMC-S-7-N1_bin.53.purify_k141_188039_1023-2919,NMC-S-7-N1_bin.53.purify_k141_188039_3(Fam_5663 [★Target]) --> NMC-S-7-N1_bin.53.purify_k141_188039_4(Fam_4503 [★Target])
"(4503, 5663)",4,[4503],QHH6-N1_bin.229.purify_k141_2073928,QHH6-N1_bin.229.purify_k141_2073928_33445-35341,QHH6-N1_bin.229.purify_k141_2073928_34(Fam_4503 [★Target]) --> QHH6-N1_bin.229.purify_k141_2073928_35(Fam_5663 [★Target])
"(4503, 5663)",4,[4503],QHH7-N1_bin.268.purify_k141_1405144,QHH7-N1_bin.268.purify_k141_1405144_21620-23465,QHH7-N1_bin.268.purify_k141_1405144_23(Fam_5663 [★Target]) --> QHH7-N1_bin.268.purify_k141_1405144_24(Fam_4503 [★Target])
"(6473, 7208)",4,[6473],202106QH-W6-N1_bin.34.purify_k141_1363391,202106QH-W6-N1_bin.34.purify_k141_1363391_2492-4009,202106QH-W6-N1_bin.34.purify_k141_1363391_4(Fam_6473 [★Target]) --> 202106QH-W6-N1_bin.34.purify_k141_1363391_5(Fam_7208 [★Target])
"(6473, 7208)",4,[6473],BGBMC-20S-2-N1_bin.110.purify_k141_1715446,BGBMC-20S-2-N1_bin.110.purify_k141_1715446_2663-4417,BGBMC-20S-2-N1_bin.110.purify_k141_1715446_4(Fam_6473 [★Target]) --> BGBMC-20S-2-N1_bin.110.purify_k141_1715446_5(Fam_7208 [★Target])
"(6473, 7208)",4,[6473],PC-20S-3-N1_bin.13.purify_k141_1531532,PC-20S-3-N1_bin.13.purify_k141_1531532_12552-14306,PC-20S-3-N1_bin.13.purify_k141_1531532_9(Fam_6473 [★Target]) --> PC-20S-3-N1_bin.13.purify_k141_1531532_10(Fam_7208 [★Target])
"(6473, 7208)",4,[6473],YBJSD-S-3-N1_bin.27.purify_k141_846212,YBJSD-S-3-N1_bin.27.purify_k141_846212_26100-27586,YBJSD-S-3-N1_bin.27.purify_k141_846212_26(Fam_7208 [★Target]) --> YBJSD-S-3-N1_bin.27.purify_k141_846212_27(Fam_6473 [★Target])
"(2429, 11459)",4,[2429],202104TB-W69-N1_bin.144.purify_k141_502142,202104TB-W69-N1_bin.144.purify_k141_502142_3251-5065,202104TB-W69-N1_bin.144.purify_k141_502142_4(Fam_2429 [★Target]) --> 202104TB-W69-N1_bin.144.purify_k141_502142_5(Fam_11459 [★Target])
"(2429, 11459)",4,[2429],202104TB-W71-N1_bin.151.purify_k141_1612897,202104TB-W71-N1_bin.151.purify_k141_1612897_1-1098,202104TB-W71-N1_bin.151.purify_k141_1612897_1(Fam_2429 [★Target]) --> 202104TB-W71-N1_bin.151.purify_k141_1612897_2(Fam_11459 [★Target])
"(2429, 11459)",4,[2429],SLC-S-3-N1_bin.148.purify_k141_107830,SLC-S-3-N1_bin.148.purify_k141_107830_160-4418,SLC-S-3-N1_bin.148.purify_k141_107830_2(Fam_2429 [★Target]) --> SLC-S-3-N1_bin.148.purify_k141_107830_3(Fam_11459 [★Target]) --> SLC-S-3-N1_bin.148.purify_k141_107830_4(Fam_831)
"(2429, 11459)",4,[2429],ZJ-S-N13.9m-N2_bin.61.purify_k141_1612735,ZJ-S-N13.9m-N2_bin.61.purify_k141_1612735_722-2670,ZJ-S-N13.9m-N2_bin.61.purify_k141_1612735_2(Fam_11459 [★Target]) --> ZJ-S-N13.9m-N2_bin.61.purify_k141_1612735_3(Fam_2429 [★Target])
"(2429, 11459)",4,[2429],SLHSD1-N1_bin.10.purify_k141_1886410,SLHSD1-N1_bin.10.purify_k141_1886410_2-1166,SLHSD1-N1_bin.10.purify_k141_1886410_1(Fam_11459 [★Target]) --> SLHSD1-N1_bin.10.purify_k141_1886410_2(Fam_2429 [★Target])
"(3678, 10790)",4,"[3678, 10790]",202104TB-W31-N1_bin.136.purify_k141_1074279,202104TB-W31-N1_bin.136.purify_k141_1074279_628-2505,202104TB-W31-N1_bin.136.purify_k141_1074279_3(Fam_3678 [★Target]) --> 202104TB-W31-N1_bin.136.purify_k141_1074279_4(Fam_10790 [★Target])
"(3678, 10790)",4,"[3678, 10790]",202104TB-W37-N1_bin.47.purify_k141_738965,202104TB-W37-N1_bin.47.purify_k141_738965_1790-3667,202104TB-W37-N1_bin.47.purify_k141_738965_4(Fam_3678 [★Target]) --> 202104TB-W37-N1_bin.47.purify_k141_738965_5(Fam_10790 [★Target])
"(3678, 10790)",4,"[3678, 10790]",NMC-S-5-N1_bin.33.purify_k141_1005945,NMC-S-5-N1_bin.33.purify_k141_1005945_1792-3664,NMC-S-5-N1_bin.33.purify_k141_1005945_4(Fam_3678 [★Target]) --> NMC-S-5-N1_bin.33.purify_k141_1005945_5(Fam_10790 [★Target])
"(3678, 10790)",4,"[3678, 10790]",QHH7-N1_bin.156.purify_k141_948808,QHH7-N1_bin.156.purify_k141_948808_1064-2941,QHH7-N1_bin.156.purify_k141_948808_3(Fam_3678 [★Target]) --> QHH7-N1_bin.156.purify_k141_948808_4(Fam_10790 [★Target])
"(10272, 11308)",4,[10272],BGBMC-20S-2-N1_bin.26.purify_k141_1241087,BGBMC-20S-2-N1_bin.26.purify_k141_1241087_1783-2661,BGBMC-20S-2-N1_bin.26.purify_k141_1241087_5(Fam_10272 [★Target]) --> BGBMC-20S-2-N1_bin.26.purify_k141_1241087_6(Fam_11308 [★Target])
"(10272, 11308)",4,[10272],BGBMC-20S-3-N1_bin.114.purify_k141_2140569,BGBMC-20S-3-N1_bin.114.purify_k141_2140569_2510-3388,BGBMC-20S-3-N1_bin.114.purify_k141_2140569_5(Fam_10272 [★Target]) --> BGBMC-20S-3-N1_bin.114.purify_k141_2140569_6(Fam_11308 [★Target])
"(10272, 11308)",4,[10272],PC-20S-4-N1_bin.9.purify_k141_756833,PC-20S-4-N1_bin.9.purify_k141_756833_1874-2752,PC-20S-4-N1_bin.9.purify_k141_756833_4(Fam_11308 [★Target]) --> PC-20S-4-N1_bin.9.purify_k141_756833_5(Fam_10272 [★Target])
"(10272, 11308)",4,[10272],ZJ-S-N13.9m-N2_bin.5.purify_k141_218556,ZJ-S-N13.9m-N2_bin.5.purify_k141_218556_257-1135,ZJ-S-N13.9m-N2_bin.5.purify_k141_218556_1(Fam_10272 [★Target]) --> ZJ-S-N13.9m-N2_bin.5.purify_k141_218556_2(Fam_11308 [★Target])
"(2251, 2883)",4,[2883],202104TB-W67-N1_bin.11.purify_k141_2384993,202104TB-W67-N1_bin.11.purify_k141_2384993_2845-5652,202104TB-W67-N1_bin.11.purify_k141_2384993_5(Fam_2883 [★Target]) --> 202104TB-W67-N1_bin.11.purify_k141_2384993_6(Fam_2251 [★Target])
"(2251, 2883)",4,[2883],YZYC-20S-1-N1_bin.15.purify_k141_683989,YZYC-20S-1-N1_bin.15.purify_k141_683989_13867-16681,YZYC-20S-1-N1_bin.15.purify_k141_683989_14(Fam_2251 [★Target]) --> YZYC-20S-1-N1_bin.15.purify_k141_683989_15(Fam_2883 [★Target])
"(2251, 2883)",4,[2883],ZJZB-s-4-N1_bin.31.purify_k141_2209056,ZJZB-s-4-N1_bin.31.purify_k141_2209056_7345-10010,ZJZB-s-4-N1_bin.31.purify_k141_2209056_8(Fam_2251 [★Target]) --> ZJZB-s-4-N1_bin.31.purify_k141_2209056_9(Fam_2883 [★Target])
"(2251, 2883)",4,[2883],ZJZBSD-s04-N1_bin.15.purify_k141_186802,ZJZBSD-s04-N1_bin.15.purify_k141_186802_726-3533,ZJZBSD-s04-N1_bin.15.purify_k141_186802_3(Fam_2883 [★Target]) --> ZJZBSD-s04-N1_bin.15.purify_k141_186802_4(Fam_2251 [★Target])
"(7526, 10848, 12285)",4,[10848],202106QH-W18-N1_bin.114.purify_k141_1242525,202106QH-W18-N1_bin.114.purify_k141_1242525_16344-17529,202106QH-W18-N1_bin.114.purify_k141_1242525_11(Fam_7526 [★Target]) --> 202106QH-W18-N1_bin.114.purify_k141_1242525_12(Fam_12285 [★Target]) --> 202106QH-W18-N1_bin.114.purify_k141_1242525_13(Fam_10848 [★Target])
"(7526, 10848, 12285)",4,[10848],202106QH-W32-N1_bin.1.purify_k141_299822,202106QH-W32-N1_bin.1.purify_k141_299822_4014-5199,202106QH-W32-N1_bin.1.purify_k141_299822_4(Fam_10848 [★Target]) --> 202106QH-W32-N1_bin.1.purify_k141_299822_5(Fam_12285 [★Target]) --> 202106QH-W32-N1_bin.1.purify_k141_299822_6(Fam_7526 [★Target])
"(7526, 10848, 12285)",4,[10848],JC-20S-1-N1_bin.124.purify_k141_1015259,JC-20S-1-N1_bin.124.purify_k141_1015259_21857-23042,JC-20S-1-N1_bin.124.purify_k141_1015259_19(Fam_10848 [★Target]) --> JC-20S-1-N1_bin.124.purify_k141_1015259_20(Fam_12285 [★Target]) --> JC-20S-1-N1_bin.124.purify_k141_1015259_21(Fam_7526 [★Target])
"(7526, 10848, 12285)",4,[10848],JC-20S-3-N1_bin.108.purify_k141_431288,JC-20S-3-N1_bin.108.purify_k141_431288_9348-10533,JC-20S-3-N1_bin.108.purify_k141_431288_8(Fam_7526 [★Target]) --> JC-20S-3-N1_bin.108.purify_k141_431288_9(Fam_12285 [★Target]) --> JC-20S-3-N1_bin.108.purify_k141_431288_10(Fam_10848 [★Target])
"(7524, 9057)",4,[9057],202106QH-W24-N1_bin.8.purify_k141_2274887,202106QH-W24-N1_bin.8.purify_k141_2274887_6885-8089,202106QH-W24-N1_bin.8.purify_k141_2274887_8(Fam_7524 [★Target]) --> 202106QH-W24-N1_bin.8.purify_k141_2274887_9(Fam_9057 [★Target])
"(7524, 9057)",4,[9057],BGBMC-20S-2-N1_bin.282.purify_k141_986170,BGBMC-20S-2-N1_bin.282.purify_k141_986170_7781-8604,BGBMC-20S-2-N1_bin.282.purify_k141_986170_6(Fam_7524 [★Target]) --> BGBMC-20S-2-N1_bin.282.purify_k141_986170_7(Fam_9057 [★Target])
"(7524, 9057)",4,[9057],GH-N1_bin.170.purify_k141_1986499,GH-N1_bin.170.purify_k141_1986499_12877-14060,GH-N1_bin.170.purify_k141_1986499_15(Fam_9057 [★Target]) --> GH-N1_bin.170.purify_k141_1986499_16(Fam_7524 [★Target])
"(7524, 9057)",4,[9057],GMZ4-N1_bin.153.purify_k141_223549,GMZ4-N1_bin.153.purify_k141_223549_274-1457,GMZ4-N1_bin.153.purify_k141_223549_2(Fam_7524 [★Target]) --> GMZ4-N1_bin.153.purify_k141_223549_3(Fam_9057 [★Target])
"(2704, 6094)",4,[6094],202104TB-W31-N1_bin.134.purify_k141_316619,202104TB-W31-N1_bin.134.purify_k141_316619_30608-32741,202104TB-W31-N1_bin.134.purify_k141_316619_25(Fam_6094 [★Target]) --> 202104TB-W31-N1_bin.134.purify_k141_316619_26(Fam_2704 [★Target])
"(2704, 6094)",4,[6094],202106QH-W11-N1_bin.76.purify_k141_586155,202106QH-W11-N1_bin.76.purify_k141_586155_12023-13979,202106QH-W11-N1_bin.76.purify_k141_586155_13(Fam_6094 [★Target]) --> 202106QH-W11-N1_bin.76.purify_k141_586155_14(Fam_2704 [★Target])
"(2704, 6094)",4,[6094],202106QH-W12-N1_bin.81.purify_k141_73845,202106QH-W12-N1_bin.81.purify_k141_73845_4188-6144,202106QH-W12-N1_bin.81.purify_k141_73845_7(Fam_6094 [★Target]) --> 202106QH-W12-N1_bin.81.purify_k141_73845_8(Fam_2704 [★Target])
"(2704, 6094)",4,[6094],NRPC-20S-1-N1_bin.86.purify_k141_709571,NRPC-20S-1-N1_bin.86.purify_k141_709571_22752-24885,NRPC-20S-1-N1_bin.86.purify_k141_709571_19(Fam_6094 [★Target]) --> NRPC-20S-1-N1_bin.86.purify_k141_709571_20(Fam_2704 [★Target])
"(10933, 12416)",4,[10933],202104TB-W37-N1_bin.90.purify_k141_317653,202104TB-W37-N1_bin.90.purify_k141_317653_852-1311,202104TB-W37-N1_bin.90.purify_k141_317653_3(Fam_10933 [★Target]) --> 202104TB-W37-N1_bin.90.purify_k141_317653_4(Fam_12416 [★Target])
"(10933, 12416)",4,[10933],QHH10-N1_bin.47.purify_k141_2410348,QHH10-N1_bin.47.purify_k141_2410348_864-1323,QHH10-N1_bin.47.purify_k141_2410348_4(Fam_10933 [★Target]) --> QHH10-N1_bin.47.purify_k141_2410348_5(Fam_12416 [★Target])
"(10933, 12416)",4,[10933],QHH17-N1_bin.55.purify_k141_1062758,QHH17-N1_bin.55.purify_k141_1062758_852-1311,QHH17-N1_bin.55.purify_k141_1062758_3(Fam_10933 [★Target]) --> QHH17-N1_bin.55.purify_k141_1062758_4(Fam_12416 [★Target])
"(10933, 12416)",4,[10933],QHH7-N1_bin.118.purify_k141_1068373,QHH7-N1_bin.118.purify_k141_1068373_864-1770,QHH7-N1_bin.118.purify_k141_1068373_4(Fam_10933 [★Target]) --> QHH7-N1_bin.118.purify_k141_1068373_5(Fam_12416 [★Target]) --> QHH7-N1_bin.118.purify_k141_1068373_6(Fam_10865)
"(10933, 12416)",4,[10933],YZYC-20S-4-N1_bin.45.purify_k141_1827897,YZYC-20S-4-N1_bin.45.purify_k141_1827897_735-1323,YZYC-20S-4-N1_bin.45.purify_k141_1827897_4(Fam_10933 [★Target]) --> YZYC-20S-4-N1_bin.45.purify_k141_1827897_5(Fam_12416 [★Target])
"(1531, 4282)",4,[1531],202106QH-W12-N1_bin.81.purify_k141_285812,202106QH-W12-N1_bin.81.purify_k141_285812_6787-9728,202106QH-W12-N1_bin.81.purify_k141_285812_6(Fam_1531 [★Target]) --> 202106QH-W12-N1_bin.81.purify_k141_285812_7(Fam_4282 [★Target])
"(1531, 4282)",4,[1531],202106QH-W19-N1_bin.195.purify_k141_523267,202106QH-W19-N1_bin.195.purify_k141_523267_933-3874,202106QH-W19-N1_bin.195.purify_k141_523267_3(Fam_1531 [★Target]) --> 202106QH-W19-N1_bin.195.purify_k141_523267_4(Fam_4282 [★Target])
"(1531, 4282)",4,[1531],202106QH-W27-N1_bin.1.purify_k141_93996,202106QH-W27-N1_bin.1.purify_k141_93996_6752-9693,202106QH-W27-N1_bin.1.purify_k141_93996_6(Fam_1531 [★Target]) --> 202106QH-W27-N1_bin.1.purify_k141_93996_7(Fam_4282 [★Target])
"(1531, 4282)",4,[1531],202106QH-W30-N1_bin.66.purify_k141_192181,202106QH-W30-N1_bin.66.purify_k141_192181_7562-10503,202106QH-W30-N1_bin.66.purify_k141_192181_7(Fam_1531 [★Target]) --> 202106QH-W30-N1_bin.66.purify_k141_192181_8(Fam_4282 [★Target])
"(6772, 9591)",4,[9591],202104TB-W25-N1_bin.123.purify_k141_796750,202104TB-W25-N1_bin.123.purify_k141_796750_8540-9813,202104TB-W25-N1_bin.123.purify_k141_796750_7(Fam_9591 [★Target]) --> 202104TB-W25-N1_bin.123.purify_k141_796750_8(Fam_6772 [★Target])
"(6772, 9591)",4,[9591],202106QH-W25-N1_bin.15.purify_k141_416963,202106QH-W25-N1_bin.15.purify_k141_416963_2415-3688,202106QH-W25-N1_bin.15.purify_k141_416963_3(Fam_9591 [★Target]) --> 202106QH-W25-N1_bin.15.purify_k141_416963_4(Fam_6772 [★Target])
"(6772, 9591)",4,[9591],PC-20S-2-N1_bin.27.purify_k141_1233130,PC-20S-2-N1_bin.27.purify_k141_1233130_7165-8438,PC-20S-2-N1_bin.27.purify_k141_1233130_7(Fam_9591 [★Target]) --> PC-20S-2-N1_bin.27.purify_k141_1233130_8(Fam_6772 [★Target])
"(6772, 9591)",4,[9591],QHH6-N1_bin.174.purify_k141_244020,QHH6-N1_bin.174.purify_k141_244020_2425-3698,QHH6-N1_bin.174.purify_k141_244020_3(Fam_9591 [★Target]) --> QHH6-N1_bin.174.purify_k141_244020_4(Fam_6772 [★Target])
"(737, 1337)",4,[1337],202106QH-W38-N1_bin.9.purify_k141_1164987,202106QH-W38-N1_bin.9.purify_k141_1164987_3801-7515,202106QH-W38-N1_bin.9.purify_k141_1164987_4(Fam_737 [★Target]) --> 202106QH-W38-N1_bin.9.purify_k141_1164987_5(Fam_1337 [★Target]) --> 202106QH-W38-N1_bin.9.purify_k141_1164987_6(Fam_10854)
"(737, 1337)",4,[1337],CE-20S-3-N1_bin.39.purify_k141_446063,CE-20S-3-N1_bin.39.purify_k141_446063_6155-9363,CE-20S-3-N1_bin.39.purify_k141_446063_7(Fam_737 [★Target]) --> CE-20S-3-N1_bin.39.purify_k141_446063_8(Fam_1337 [★Target])
"(737, 1337)",4,[1337],CE-B-S-2-N1_bin.6.purify_k141_836361,CE-B-S-2-N1_bin.6.purify_k141_836361_91-3299,CE-B-S-2-N1_bin.6.purify_k141_836361_1(Fam_1337 [★Target]) --> CE-B-S-2-N1_bin.6.purify_k141_836361_2(Fam_737 [★Target])
"(737, 1337)",4,[1337],QHH7-N1_bin.29.purify_k141_2283997,QHH7-N1_bin.29.purify_k141_2283997_6790-9998,QHH7-N1_bin.29.purify_k141_2283997_8(Fam_737 [★Target]) --> QHH7-N1_bin.29.purify_k141_2283997_9(Fam_1337 [★Target])
"(737, 1337)",4,[1337],QHH8-N1_bin.205.purify_k141_2310798,QHH8-N1_bin.205.purify_k141_2310798_10441-13649,QHH8-N1_bin.205.purify_k141_2310798_12(Fam_737 [★Target]) --> QHH8-N1_bin.205.purify_k141_2310798_13(Fam_1337 [★Target])
"(6251, 9730)",4,[6251],202106QH-W19-N1_bin.242.purify_k141_2898208,202106QH-W19-N1_bin.242.purify_k141_2898208_553-1910,202106QH-W19-N1_bin.242.purify_k141_2898208_2(Fam_6251 [★Target]) --> 202106QH-W19-N1_bin.242.purify_k141_2898208_3(Fam_9730 [★Target])
"(6251, 9730)",4,[6251],202106QH-W24-N1_bin.187.purify_k141_2125236,202106QH-W24-N1_bin.187.purify_k141_2125236_1562-2919,202106QH-W24-N1_bin.187.purify_k141_2125236_2(Fam_6251 [★Target]) --> 202106QH-W24-N1_bin.187.purify_k141_2125236_3(Fam_9730 [★Target])
"(6251, 9730)",4,[6251],202106QH-W25-N1_bin.24.purify_k141_2461111,202106QH-W25-N1_bin.24.purify_k141_2461111_262-1619,202106QH-W25-N1_bin.24.purify_k141_2461111_2(Fam_6251 [★Target]) --> 202106QH-W25-N1_bin.24.purify_k141_2461111_3(Fam_9730 [★Target])
"(6251, 9730)",4,[6251],202106QH-W27-N1_bin.271.purify_k141_3259891,202106QH-W27-N1_bin.271.purify_k141_3259891_620-1977,202106QH-W27-N1_bin.271.purify_k141_3259891_2(Fam_6251 [★Target]) --> 202106QH-W27-N1_bin.271.purify_k141_3259891_3(Fam_9730 [★Target])
"(10595, 12422)",4,[10595],202106QH-W19-N1_bin.238.purify_k141_651843,202106QH-W19-N1_bin.238.purify_k141_651843_783-1498,202106QH-W19-N1_bin.238.purify_k141_651843_4(Fam_12422 [★Target]) --> 202106QH-W19-N1_bin.238.purify_k141_651843_5(Fam_10595 [★Target])
"(10595, 12422)",4,[10595],PC-20S-1-N1_bin.78.purify_k141_1062895,PC-20S-1-N1_bin.78.purify_k141_1062895_2087-2802,PC-20S-1-N1_bin.78.purify_k141_1062895_4(Fam_10595 [★Target]) --> PC-20S-1-N1_bin.78.purify_k141_1062895_5(Fam_12422 [★Target])
"(10595, 12422)",4,[10595],PC-20S-2-N1_bin.46.purify_k141_1108662,PC-20S-2-N1_bin.46.purify_k141_1108662_2064-2779,PC-20S-2-N1_bin.46.purify_k141_1108662_4(Fam_10595 [★Target]) --> PC-20S-2-N1_bin.46.purify_k141_1108662_5(Fam_12422 [★Target])
"(10595, 12422)",4,[10595],QHH7-N1_bin.157.purify_k141_175881,QHH7-N1_bin.157.purify_k141_175881_13311-14026,QHH7-N1_bin.157.purify_k141_175881_10(Fam_10595 [★Target]) --> QHH7-N1_bin.157.purify_k141_175881_11(Fam_12422 [★Target])
"(6102, 6699)",4,[6102],202106QH-W19-N1_bin.175.purify_k141_3111187,202106QH-W19-N1_bin.175.purify_k141_3111187_4543-6065,202106QH-W19-N1_bin.175.purify_k141_3111187_5(Fam_6102 [★Target]) --> 202106QH-W19-N1_bin.175.purify_k141_3111187_6(Fam_6699 [★Target])
"(6102, 6699)",4,[6102],202106QH-W27-N1_bin.240.purify_k141_1261048,202106QH-W27-N1_bin.240.purify_k141_1261048_4302-5824,202106QH-W27-N1_bin.240.purify_k141_1261048_5(Fam_6102 [★Target]) --> 202106QH-W27-N1_bin.240.purify_k141_1261048_6(Fam_6699 [★Target])
"(6102, 6699)",4,[6102],202106QH-W38-N1_bin.118.purify_k141_1134259,202106QH-W38-N1_bin.118.purify_k141_1134259_3220-4742,202106QH-W38-N1_bin.118.purify_k141_1134259_4(Fam_6102 [★Target]) --> 202106QH-W38-N1_bin.118.purify_k141_1134259_5(Fam_6699 [★Target])
"(6102, 6699)",4,[6102],QHH10-N1_bin.157.purify_k141_735065,QHH10-N1_bin.157.purify_k141_735065_3568-5090,QHH10-N1_bin.157.purify_k141_735065_4(Fam_6102 [★Target]) --> QHH10-N1_bin.157.purify_k141_735065_5(Fam_6699 [★Target])
"(2883, 2941)",4,[2883],NMC-S-8-N1_bin.218.purify_k141_487905,NMC-S-8-N1_bin.218.purify_k141_487905_4293-6892,NMC-S-8-N1_bin.218.purify_k141_487905_5(Fam_2883 [★Target]) --> NMC-S-8-N1_bin.218.purify_k141_487905_6(Fam_2941 [★Target])
"(2883, 2941)",4,[2883],QHH7-N1_bin.60.purify_k141_1251107,QHH7-N1_bin.60.purify_k141_1251107_7488-10035,QHH7-N1_bin.60.purify_k141_1251107_9(Fam_2941 [★Target]) --> QHH7-N1_bin.60.purify_k141_1251107_10(Fam_2883 [★Target])
"(2883, 2941)",4,[2883],YZYC-20S-1-N1_bin.125.purify_k141_1709977,YZYC-20S-1-N1_bin.125.purify_k141_1709977_8801-11400,YZYC-20S-1-N1_bin.125.purify_k141_1709977_17(Fam_2883 [★Target]) --> YZYC-20S-1-N1_bin.125.purify_k141_1709977_18(Fam_2941 [★Target])
"(2883, 2941)",4,[2883],YZYC-20S-5-N1_bin.83.purify_k141_248611,YZYC-20S-5-N1_bin.83.purify_k141_248611_10104-12703,YZYC-20S-5-N1_bin.83.purify_k141_248611_12(Fam_2941 [★Target]) --> YZYC-20S-5-N1_bin.83.purify_k141_248611_13(Fam_2883 [★Target])
"(69, 3449)",4,[3449],CE-20S-3-N1_bin.65.purify_k141_1172979,CE-20S-3-N1_bin.65.purify_k141_1172979_2-5260,CE-20S-3-N1_bin.65.purify_k141_1172979_1(Fam_3449 [★Target]) --> CE-20S-3-N1_bin.65.purify_k141_1172979_2(Fam_69 [★Target])
"(69, 3449)",4,[3449],CE-B-S-2-N1_bin.71.purify_k141_20617,CE-B-S-2-N1_bin.71.purify_k141_20617_9354-14558,CE-B-S-2-N1_bin.71.purify_k141_20617_10(Fam_69 [★Target]) --> CE-B-S-2-N1_bin.71.purify_k141_20617_11(Fam_3449 [★Target])
"(69, 3449)",4,[3449],CE-D-S-28.1m-N2_bin.132.purify_k141_567167,CE-D-S-28.1m-N2_bin.132.purify_k141_567167_9441-14669,CE-D-S-28.1m-N2_bin.132.purify_k141_567167_9(Fam_69 [★Target]) --> CE-D-S-28.1m-N2_bin.132.purify_k141_567167_10(Fam_3449 [★Target])
"(69, 3449)",4,[3449],CE-D-S-N1_bin.209.purify_k141_499522,CE-D-S-N1_bin.209.purify_k141_499522_4238-9520,CE-D-S-N1_bin.209.purify_k141_499522_5(Fam_3449 [★Target]) --> CE-D-S-N1_bin.209.purify_k141_499522_6(Fam_69 [★Target])
"(5400, 6725)",4,"[5400, 6725]",202106QH-W19-N1_bin.164.purify_k141_2334250,202106QH-W19-N1_bin.164.purify_k141_2334250_6651-8351,202106QH-W19-N1_bin.164.purify_k141_2334250_8(Fam_6725 [★Target]) --> 202106QH-W19-N1_bin.164.purify_k141_2334250_9(Fam_5400 [★Target])
"(5400, 6725)",4,"[5400, 6725]",202106QH-W25-N1_bin.41.purify_k141_1544835,202106QH-W25-N1_bin.41.purify_k141_1544835_6607-8307,202106QH-W25-N1_bin.41.purify_k141_1544835_7(Fam_6725 [★Target]) --> 202106QH-W25-N1_bin.41.purify_k141_1544835_8(Fam_5400 [★Target])
"(5400, 6725)",4,"[5400, 6725]",QHH10-N1_bin.218.purify_k141_571465,QHH10-N1_bin.218.purify_k141_571465_3093-4793,QHH10-N1_bin.218.purify_k141_571465_6(Fam_6725 [★Target]) --> QHH10-N1_bin.218.purify_k141_571465_7(Fam_5400 [★Target])
"(5400, 6725)",4,"[5400, 6725]",QHH17-N1_bin.126.purify_k141_1453181,QHH17-N1_bin.126.purify_k141_1453181_10984-12684,QHH17-N1_bin.126.purify_k141_1453181_12(Fam_6725 [★Target]) --> QHH17-N1_bin.126.purify_k141_1453181_13(Fam_5400 [★Target])
"(10185, 11191)",4,"[10185, 11191]",202104TB-W70-N1_bin.24.purify_k141_1656933,202104TB-W70-N1_bin.24.purify_k141_1656933_5657-6672,202104TB-W70-N1_bin.24.purify_k141_1656933_7(Fam_10185 [★Target]) --> 202104TB-W70-N1_bin.24.purify_k141_1656933_8(Fam_11191 [★Target])
"(10185, 11191)",4,"[10185, 11191]",CE-D-S-28.1m-N2_bin.154.purify_k141_417110,CE-D-S-28.1m-N2_bin.154.purify_k141_417110_1742-2759,CE-D-S-28.1m-N2_bin.154.purify_k141_417110_5(Fam_10185 [★Target]) --> CE-D-S-28.1m-N2_bin.154.purify_k141_417110_6(Fam_11191 [★Target])
"(10185, 11191)",4,"[10185, 11191]",CE-N-S-N1_bin.93.purify_k141_528263,CE-N-S-N1_bin.93.purify_k141_528263_3744-4761,CE-N-S-N1_bin.93.purify_k141_528263_7(Fam_10185 [★Target]) --> CE-N-S-N1_bin.93.purify_k141_528263_8(Fam_11191 [★Target])
"(10185, 11191)",4,"[10185, 11191]",NMC-S-8-N1_bin.19.purify_k141_1190572,NMC-S-8-N1_bin.19.purify_k141_1190572_3536-4553,NMC-S-8-N1_bin.19.purify_k141_1190572_6(Fam_10185 [★Target]) --> NMC-S-8-N1_bin.19.purify_k141_1190572_7(Fam_11191 [★Target])
"(1993, 10808)",4,[1993],NMC-S-7-N1_bin.156.purify_k141_242148,NMC-S-7-N1_bin.156.purify_k141_242148_7211-9133,NMC-S-7-N1_bin.156.purify_k141_242148_7(Fam_1993 [★Target]) --> NMC-S-7-N1_bin.156.purify_k141_242148_8(Fam_10808 [★Target])
"(1993, 10808)",4,[1993],NMC-S-8-N1_bin.103.purify_k141_1662131,NMC-S-8-N1_bin.103.purify_k141_1662131_9237-11159,NMC-S-8-N1_bin.103.purify_k141_1662131_9(Fam_1993 [★Target]) --> NMC-S-8-N1_bin.103.purify_k141_1662131_10(Fam_10808 [★Target])
"(1993, 10808)",4,[1993],YZYC-20S-1-N1_bin.67.purify_k141_78165,YZYC-20S-1-N1_bin.67.purify_k141_78165_12734-14656,YZYC-20S-1-N1_bin.67.purify_k141_78165_13(Fam_10808 [★Target]) --> YZYC-20S-1-N1_bin.67.purify_k141_78165_14(Fam_1993 [★Target])
"(1993, 10808)",4,[1993],YZYC-20S-7-N1_bin.114.purify_k141_130890,YZYC-20S-7-N1_bin.114.purify_k141_130890_23353-25275,YZYC-20S-7-N1_bin.114.purify_k141_130890_22(Fam_10808 [★Target]) --> YZYC-20S-7-N1_bin.114.purify_k141_130890_23(Fam_1993 [★Target])
"(7232, 10801)",4,[10801],BGBMC-20S-2-N1_bin.157.purify_k141_222833,BGBMC-20S-2-N1_bin.157.purify_k141_222833_3499-5072,BGBMC-20S-2-N1_bin.157.purify_k141_222833_3(Fam_7232 [★Target]) --> BGBMC-20S-2-N1_bin.157.purify_k141_222833_5(Fam_10801 [★Target])
"(7232, 10801)",4,[10801],BGBMC-20S-3-N1_bin.24.purify_k141_1318974,BGBMC-20S-3-N1_bin.24.purify_k141_1318974_3324-4897,BGBMC-20S-3-N1_bin.24.purify_k141_1318974_3(Fam_7232 [★Target]) --> BGBMC-20S-3-N1_bin.24.purify_k141_1318974_5(Fam_10801 [★Target])
"(7232, 10801)",4,[10801],QHH10-N1_bin.89.purify_k141_1865663,QHH10-N1_bin.89.purify_k141_1865663_3477-5050,QHH10-N1_bin.89.purify_k141_1865663_3(Fam_7232 [★Target]) --> QHH10-N1_bin.89.purify_k141_1865663_5(Fam_10801 [★Target])
"(7232, 10801)",4,[10801],SLC-S-3-N1_bin.222.purify_k141_2332460,SLC-S-3-N1_bin.222.purify_k141_2332460_1177-2750,SLC-S-3-N1_bin.222.purify_k141_2332460_3(Fam_7232 [★Target]) --> SLC-S-3-N1_bin.222.purify_k141_2332460_5(Fam_10801 [★Target])
"(4900, 9933)",4,[4900],QHH7-N1_bin.94.purify_k141_491994,QHH7-N1_bin.94.purify_k141_491994_8211-9562,QHH7-N1_bin.94.purify_k141_491994_5(Fam_9933 [★Target]) --> QHH7-N1_bin.94.purify_k141_491994_6(Fam_4900 [★Target])
"(4900, 9933)",4,[4900],YMH1-N1_bin.16.purify_k141_1134771,YMH1-N1_bin.16.purify_k141_1134771_1-1509,YMH1-N1_bin.16.purify_k141_1134771_1(Fam_9933 [★Target]) --> YMH1-N1_bin.16.purify_k141_1134771_2(Fam_4900 [★Target])
"(4900, 9933)",4,[4900],YZYC-20S-2-N1_bin.18.purify_k141_2130227,YZYC-20S-2-N1_bin.18.purify_k141_2130227_10361-12019,YZYC-20S-2-N1_bin.18.purify_k141_2130227_13(Fam_4900 [★Target]) --> YZYC-20S-2-N1_bin.18.purify_k141_2130227_14(Fam_9933 [★Target])
"(4900, 9933)",4,[4900],YZYC-20S-4-N1_bin.30.purify_k141_538016,YZYC-20S-4-N1_bin.30.purify_k141_538016_1492-3150,YZYC-20S-4-N1_bin.30.purify_k141_538016_4(Fam_4900 [★Target]) --> YZYC-20S-4-N1_bin.30.purify_k141_538016_5(Fam_9933 [★Target])
"(3309, 8441)",4,[8441],202104TB-W37-N1_bin.21.purify_k141_1628784,202104TB-W37-N1_bin.21.purify_k141_1628784_4459-6365,202104TB-W37-N1_bin.21.purify_k141_1628784_6(Fam_3309 [★Target]) --> 202104TB-W37-N1_bin.21.purify_k141_1628784_7(Fam_8441 [★Target])
"(3309, 8441)",4,[8441],BGBMC-20S-1-N1_bin.188.purify_k141_182384,BGBMC-20S-1-N1_bin.188.purify_k141_182384_6128-8034,BGBMC-20S-1-N1_bin.188.purify_k141_182384_7(Fam_8441 [★Target]) --> BGBMC-20S-1-N1_bin.188.purify_k141_182384_8(Fam_3309 [★Target])
"(3309, 8441)",4,[8441],BGBMC-20S-3-N1_bin.153.purify_k141_2205504,BGBMC-20S-3-N1_bin.153.purify_k141_2205504_2533-4439,BGBMC-20S-3-N1_bin.153.purify_k141_2205504_5(Fam_8441 [★Target]) --> BGBMC-20S-3-N1_bin.153.purify_k141_2205504_6(Fam_3309 [★Target])
"(3309, 8441)",4,[8441],ZJ-S-N13.9m-N2_bin.192.purify_k141_1414975,ZJ-S-N13.9m-N2_bin.192.purify_k141_1414975_13098-15004,ZJ-S-N13.9m-N2_bin.192.purify_k141_1414975_13(Fam_3309 [★Target]) --> ZJ-S-N13.9m-N2_bin.192.purify_k141_1414975_14(Fam_8441 [★Target])
"(11817, 11932)",4,[11932],202104TB-W70-N1_bin.203.purify_k141_1453406,202104TB-W70-N1_bin.203.purify_k141_1453406_2187-2974,202104TB-W70-N1_bin.203.purify_k141_1453406_3(Fam_11932 [★Target]) --> 202104TB-W70-N1_bin.203.purify_k141_1453406_4(Fam_11817 [★Target])
"(11817, 11932)",4,[11932],202104TB-W71-N1_bin.119.purify_k141_1280762,202104TB-W71-N1_bin.119.purify_k141_1280762_1337-2124,202104TB-W71-N1_bin.119.purify_k141_1280762_4(Fam_11817 [★Target]) --> 202104TB-W71-N1_bin.119.purify_k141_1280762_5(Fam_11932 [★Target])
"(11817, 11932)",4,[11932],CE-20S-1-N1_bin.122.purify_k141_588581,CE-20S-1-N1_bin.122.purify_k141_588581_1487-2274,CE-20S-1-N1_bin.122.purify_k141_588581_4(Fam_11817 [★Target]) --> CE-20S-1-N1_bin.122.purify_k141_588581_5(Fam_11932 [★Target])
"(11817, 11932)",4,[11932],CE-D-S-28.1m-N2_bin.180.purify_k141_466842,CE-D-S-28.1m-N2_bin.180.purify_k141_466842_6178-6965,CE-D-S-28.1m-N2_bin.180.purify_k141_466842_8(Fam_11932 [★Target]) --> CE-D-S-28.1m-N2_bin.180.purify_k141_466842_9(Fam_11817 [★Target])
"(1107, 5027)",4,[5027],202104TB-W29-N1_bin.20.purify_k141_262161,202104TB-W29-N1_bin.20.purify_k141_262161_145-3238,202104TB-W29-N1_bin.20.purify_k141_262161_2(Fam_5027 [★Target]) --> 202104TB-W29-N1_bin.20.purify_k141_262161_3(Fam_1107 [★Target])
"(1107, 5027)",4,[5027],202106QH-W10-N1_bin.79.purify_k141_1318889,202106QH-W10-N1_bin.79.purify_k141_1318889_524-3617,202106QH-W10-N1_bin.79.purify_k141_1318889_2(Fam_1107 [★Target]) --> 202106QH-W10-N1_bin.79.purify_k141_1318889_3(Fam_5027 [★Target])
"(1107, 5027)",4,[5027],202106QH-W11-N1_bin.47.purify_k141_487970,202106QH-W11-N1_bin.47.purify_k141_487970_4735-7828,202106QH-W11-N1_bin.47.purify_k141_487970_8(Fam_1107 [★Target]) --> 202106QH-W11-N1_bin.47.purify_k141_487970_9(Fam_5027 [★Target])
"(1107, 5027)",4,[5027],JC-20S-2-N1_bin.118.purify_k141_1803104,JC-20S-2-N1_bin.118.purify_k141_1803104_22039-25132,JC-20S-2-N1_bin.118.purify_k141_1803104_25(Fam_1107 [★Target]) --> JC-20S-2-N1_bin.118.purify_k141_1803104_26(Fam_5027 [★Target])
"(5539, 5572)",4,[5572],BGBMC-20S-2-N1_bin.105.purify_k141_1633087,BGBMC-20S-2-N1_bin.105.purify_k141_1633087_7469-9163,BGBMC-20S-2-N1_bin.105.purify_k141_1633087_11(Fam_5572 [★Target]) --> BGBMC-20S-2-N1_bin.105.purify_k141_1633087_12(Fam_5539 [★Target])
"(5539, 5572)",4,[5572],BGBMC-20S-3-N1_bin.98.purify_k141_1240504,BGBMC-20S-3-N1_bin.98.purify_k141_1240504_1707-3401,BGBMC-20S-3-N1_bin.98.purify_k141_1240504_3(Fam_5539 [★Target]) --> BGBMC-20S-3-N1_bin.98.purify_k141_1240504_4(Fam_5572 [★Target])
"(5539, 5572)",4,[5572],NMC-S-5-N1_bin.93.purify_k141_1588676,NMC-S-5-N1_bin.93.purify_k141_1588676_7143-8879,NMC-S-5-N1_bin.93.purify_k141_1588676_7(Fam_5539 [★Target]) --> NMC-S-5-N1_bin.93.purify_k141_1588676_8(Fam_5572 [★Target])
"(5539, 5572)",4,[5572],YM-3-34.9m-N1_bin.54.purify_k141_2670538,YM-3-34.9m-N1_bin.54.purify_k141_2670538_275-2017,YM-3-34.9m-N1_bin.54.purify_k141_2670538_1(Fam_5539 [★Target]) --> YM-3-34.9m-N1_bin.54.purify_k141_2670538_2(Fam_5572 [★Target])
"(1159, 2400)",4,[1159],202104TB-W40-N1_bin.87.purify_k141_1413426,202104TB-W40-N1_bin.87.purify_k141_1413426_6669-9018,202104TB-W40-N1_bin.87.purify_k141_1413426_8(Fam_1159 [★Target]) --> 202104TB-W40-N1_bin.87.purify_k141_1413426_9(Fam_2400 [★Target])
"(1159, 2400)",4,[1159],202106QH-W19-N1_bin.229.purify_k141_3148035,202106QH-W19-N1_bin.229.purify_k141_3148035_2-3197,202106QH-W19-N1_bin.229.purify_k141_3148035_1(Fam_2400 [★Target]) --> 202106QH-W19-N1_bin.229.purify_k141_3148035_2(Fam_1159 [★Target])
"(1159, 2400)",4,[1159],202106QH-W30-N1_bin.109.purify_k141_1549978,202106QH-W30-N1_bin.109.purify_k141_1549978_2-2351,202106QH-W30-N1_bin.109.purify_k141_1549978_1(Fam_2400 [★Target]) --> 202106QH-W30-N1_bin.109.purify_k141_1549978_2(Fam_1159 [★Target])
"(1159, 2400)",4,[1159],ZJ-S-N13.9m-N2_bin.23.purify_k141_199329,ZJ-S-N13.9m-N2_bin.23.purify_k141_199329_11367-14169,ZJ-S-N13.9m-N2_bin.23.purify_k141_199329_11(Fam_1159 [★Target]) --> ZJ-S-N13.9m-N2_bin.23.purify_k141_199329_12(Fam_2400 [★Target])
"(7028, 10304)",4,[10304],202104TB-W17-N1_bin.29.purify_k141_2020131,202104TB-W17-N1_bin.29.purify_k141_2020131_15833-17003,202104TB-W17-N1_bin.29.purify_k141_2020131_20(Fam_10304 [★Target]) --> 202104TB-W17-N1_bin.29.purify_k141_2020131_21(Fam_7028 [★Target])
"(7028, 10304)",4,[10304],CC-20S-2-N1_bin.31.purify_k141_644871,CC-20S-2-N1_bin.31.purify_k141_644871_14787-15976,CC-20S-2-N1_bin.31.purify_k141_644871_12(Fam_7028 [★Target]) --> CC-20S-2-N1_bin.31.purify_k141_644871_13(Fam_10304 [★Target])
"(7028, 10304)",4,[10304],NMC-S-4-N1_bin.72.purify_k141_410487,NMC-S-4-N1_bin.72.purify_k141_410487_2031-2796,NMC-S-4-N1_bin.72.purify_k141_410487_4(Fam_10304 [★Target]) --> NMC-S-4-N1_bin.72.purify_k141_410487_5(Fam_7028 [★Target])
"(7028, 10304)",4,[10304],TLH2-N1_bin.25.purify_k141_2444585,TLH2-N1_bin.25.purify_k141_2444585_269-1464,TLH2-N1_bin.25.purify_k141_2444585_2(Fam_10304 [★Target]) --> TLH2-N1_bin.25.purify_k141_2444585_3(Fam_7028 [★Target])
"(11178, 12242)",4,[12242],CE-20S-1-N1_bin.81.purify_k141_1473267,CE-20S-1-N1_bin.81.purify_k141_1473267_9958-10590,CE-20S-1-N1_bin.81.purify_k141_1473267_10(Fam_12242 [★Target]) --> CE-20S-1-N1_bin.81.purify_k141_1473267_11(Fam_11178 [★Target])
"(11178, 12242)",4,[12242],CE-D-S-N1_bin.128.purify_k141_631781,CE-D-S-N1_bin.128.purify_k141_631781_8918-9550,CE-D-S-N1_bin.128.purify_k141_631781_9(Fam_12242 [★Target]) --> CE-D-S-N1_bin.128.purify_k141_631781_10(Fam_11178 [★Target])
"(11178, 12242)",4,[12242],CE-N-S-N1_bin.54.purify_k141_454086,CE-N-S-N1_bin.54.purify_k141_454086_8821-9453,CE-N-S-N1_bin.54.purify_k141_454086_9(Fam_12242 [★Target]) --> CE-N-S-N1_bin.54.purify_k141_454086_10(Fam_11178 [★Target])
"(11178, 12242)",4,[12242],ZJ-S-2-N2_bin.167.purify_k141_887826,ZJ-S-2-N2_bin.167.purify_k141_887826_5593-6225,ZJ-S-2-N2_bin.167.purify_k141_887826_9(Fam_11178 [★Target]) --> ZJ-S-2-N2_bin.167.purify_k141_887826_10(Fam_12242 [★Target])
"(963, 5218)",4,[5218],202104TB-W34-N1_bin.118.purify_k141_1976644,202104TB-W34-N1_bin.118.purify_k141_1976644_2-2226,202104TB-W34-N1_bin.118.purify_k141_1976644_1(Fam_963 [★Target]) --> 202104TB-W34-N1_bin.118.purify_k141_1976644_2(Fam_5218 [★Target])
"(963, 5218)",4,[5218],PC-20S-2-N1_bin.189.purify_k141_1054891,PC-20S-2-N1_bin.189.purify_k141_1054891_1055-4059,PC-20S-2-N1_bin.189.purify_k141_1054891_3(Fam_5218 [★Target]) --> PC-20S-2-N1_bin.189.purify_k141_1054891_4(Fam_963 [★Target])
"(963, 5218)",4,[5218],YM-3-34.9m-N1_bin.97.purify_k141_95091,YM-3-34.9m-N1_bin.97.purify_k141_95091_750-3754,YM-3-34.9m-N1_bin.97.purify_k141_95091_3(Fam_963 [★Target]) --> YM-3-34.9m-N1_bin.97.purify_k141_95091_4(Fam_5218 [★Target])
"(963, 5218)",4,[5218],ZJ-S-N13.9m-N2_bin.157.purify_k141_990183,ZJ-S-N13.9m-N2_bin.157.purify_k141_990183_3-2437,ZJ-S-N13.9m-N2_bin.157.purify_k141_990183_1(Fam_5218 [★Target]) --> ZJ-S-N13.9m-N2_bin.157.purify_k141_990183_2(Fam_963 [★Target])
"(396, 2215)",4,[2215],202106QH-W27-N1_bin.106.purify_k141_760312,202106QH-W27-N1_bin.106.purify_k141_760312_1-2111,202106QH-W27-N1_bin.106.purify_k141_760312_1(Fam_396 [★Target]) --> 202106QH-W27-N1_bin.106.purify_k141_760312_2(Fam_2215 [★Target])
"(396, 2215)",4,[2215],NMC-S-4-N1_bin.157.purify_k141_260254,NMC-S-4-N1_bin.157.purify_k141_260254_21704-26172,NMC-S-4-N1_bin.157.purify_k141_260254_22(Fam_396 [★Target]) --> NMC-S-4-N1_bin.157.purify_k141_260254_23(Fam_2215 [★Target])
"(396, 2215)",4,[2215],NMC-S-5-N1_bin.7.purify_k141_858897,NMC-S-5-N1_bin.7.purify_k141_858897_21604-26072,NMC-S-5-N1_bin.7.purify_k141_858897_22(Fam_396 [★Target]) --> NMC-S-5-N1_bin.7.purify_k141_858897_23(Fam_2215 [★Target])
"(396, 2215)",4,[2215],NMC-S-8-N1_bin.153.purify_k141_2462491,NMC-S-8-N1_bin.153.purify_k141_2462491_28147-32615,NMC-S-8-N1_bin.153.purify_k141_2462491_28(Fam_396 [★Target]) --> NMC-S-8-N1_bin.153.purify_k141_2462491_29(Fam_2215 [★Target])
"(12185, 12887)",4,[12887],202106QH-W27-N1_bin.272.purify_k141_21868,202106QH-W27-N1_bin.272.purify_k141_21868_1459-1980,202106QH-W27-N1_bin.272.purify_k141_21868_4(Fam_12185 [★Target]) --> 202106QH-W27-N1_bin.272.purify_k141_21868_5(Fam_12887 [★Target])
"(12185, 12887)",4,[12887],202106QH-W7-N1_bin.78.purify_k141_1324741,202106QH-W7-N1_bin.78.purify_k141_1324741_1746-2267,202106QH-W7-N1_bin.78.purify_k141_1324741_4(Fam_12185 [★Target]) --> 202106QH-W7-N1_bin.78.purify_k141_1324741_5(Fam_12887 [★Target])
"(12185, 12887)",4,[12887],GMZ11-N1_bin.74.purify_k141_1419757,GMZ11-N1_bin.74.purify_k141_1419757_1836-2357,GMZ11-N1_bin.74.purify_k141_1419757_3(Fam_12887 [★Target]) --> GMZ11-N1_bin.74.purify_k141_1419757_4(Fam_12185 [★Target])
"(12185, 12887)",4,[12887],NMC-S-8-N1_bin.193.purify_k141_139852,NMC-S-8-N1_bin.193.purify_k141_139852_3112-3633,NMC-S-8-N1_bin.193.purify_k141_139852_5(Fam_12887 [★Target]) --> NMC-S-8-N1_bin.193.purify_k141_139852_6(Fam_12185 [★Target])
"(9810, 10438)",4,"[9810, 10438]",202104TB-W58-N1_bin.32.purify_k141_2381762,202104TB-W58-N1_bin.32.purify_k141_2381762_4924-5883,202104TB-W58-N1_bin.32.purify_k141_2381762_5(Fam_10438 [★Target]) --> 202104TB-W58-N1_bin.32.purify_k141_2381762_6(Fam_9810 [★Target])
"(9810, 10438)",4,"[9810, 10438]",CC-20S-2-N1_bin.59.purify_k141_368451,CC-20S-2-N1_bin.59.purify_k141_368451_4153-5111,CC-20S-2-N1_bin.59.purify_k141_368451_5(Fam_9810 [★Target]) --> CC-20S-2-N1_bin.59.purify_k141_368451_6(Fam_10438 [★Target])
"(9810, 10438)",4,"[9810, 10438]",CN-B-S-N1_bin.137.purify_k141_2003320,CN-B-S-N1_bin.137.purify_k141_2003320_5459-6418,CN-B-S-N1_bin.137.purify_k141_2003320_5(Fam_10438 [★Target]) --> CN-B-S-N1_bin.137.purify_k141_2003320_6(Fam_9810 [★Target])
"(9810, 10438)",4,"[9810, 10438]",SQ-S-2-N1_bin.44.purify_k141_1561732,SQ-S-2-N1_bin.44.purify_k141_1561732_8194-9153,SQ-S-2-N1_bin.44.purify_k141_1561732_7(Fam_10438 [★Target]) --> SQ-S-2-N1_bin.44.purify_k141_1561732_8(Fam_9810 [★Target])
"(2435, 6549)",4,[6549],202104TB-W58-N1_bin.17.purify_k141_624195,202104TB-W58-N1_bin.17.purify_k141_624195_12773-14987,202104TB-W58-N1_bin.17.purify_k141_624195_15(Fam_6549 [★Target]) --> 202104TB-W58-N1_bin.17.purify_k141_624195_16(Fam_2435 [★Target])
"(2435, 6549)",4,[6549],YM-3-34.9m-N1_bin.66.purify_k141_2368301,YM-3-34.9m-N1_bin.66.purify_k141_2368301_11462-13667,YM-3-34.9m-N1_bin.66.purify_k141_2368301_11(Fam_2435 [★Target]) --> YM-3-34.9m-N1_bin.66.purify_k141_2368301_12(Fam_6549 [★Target])
"(2435, 6549)",4,[6549],YZYC-20S-1-N1_bin.73.purify_k141_2969705,YZYC-20S-1-N1_bin.73.purify_k141_2969705_5095-7286,YZYC-20S-1-N1_bin.73.purify_k141_2969705_6(Fam_6549 [★Target]) --> YZYC-20S-1-N1_bin.73.purify_k141_2969705_7(Fam_2435 [★Target])
"(2435, 6549)",4,[6549],YZYC-20S-2-N1_bin.59.purify_k141_2359,YZYC-20S-2-N1_bin.59.purify_k141_2359_8067-10258,YZYC-20S-2-N1_bin.59.purify_k141_2359_11(Fam_2435 [★Target]) --> YZYC-20S-2-N1_bin.59.purify_k141_2359_12(Fam_6549 [★Target])
"(5974, 6572)",4,[6572],PC-20S-1-N1_bin.3.purify_k141_316179,PC-20S-1-N1_bin.3.purify_k141_316179_908-2487,PC-20S-1-N1_bin.3.purify_k141_316179_2(Fam_6572 [★Target]) --> PC-20S-1-N1_bin.3.purify_k141_316179_3(Fam_5974 [★Target])
"(5974, 6572)",4,[6572],PC-20S-2-N1_bin.43.purify_k141_1710,PC-20S-2-N1_bin.43.purify_k141_1710_1831-3410,PC-20S-2-N1_bin.43.purify_k141_1710_3(Fam_5974 [★Target]) --> PC-20S-2-N1_bin.43.purify_k141_1710_4(Fam_6572 [★Target])
"(5974, 6572)",4,[6572],PC-20S-3-N1_bin.70.purify_k141_1600302,PC-20S-3-N1_bin.70.purify_k141_1600302_537-2116,PC-20S-3-N1_bin.70.purify_k141_1600302_2(Fam_6572 [★Target]) --> PC-20S-3-N1_bin.70.purify_k141_1600302_3(Fam_5974 [★Target])
"(5974, 6572)",4,[6572],PC-20S-4-N1_bin.69.purify_k141_931781,PC-20S-4-N1_bin.69.purify_k141_931781_1862-3441,PC-20S-4-N1_bin.69.purify_k141_931781_2(Fam_6572 [★Target]) --> PC-20S-4-N1_bin.69.purify_k141_931781_3(Fam_5974 [★Target])
"(3853, 7359)",4,[3853],PC-20S-1-N1_bin.186.purify_k141_219015,PC-20S-1-N1_bin.186.purify_k141_219015_9415-11242,PC-20S-1-N1_bin.186.purify_k141_219015_8(Fam_3853 [★Target]) --> PC-20S-1-N1_bin.186.purify_k141_219015_9(Fam_7359 [★Target])
"(3853, 7359)",4,[3853],PC-20S-2-N1_bin.192.purify_k141_303857,PC-20S-2-N1_bin.192.purify_k141_303857_1347-3174,PC-20S-2-N1_bin.192.purify_k141_303857_2(Fam_3853 [★Target]) --> PC-20S-2-N1_bin.192.purify_k141_303857_3(Fam_7359 [★Target])
"(3853, 7359)",4,[3853],PC-20S-3-N1_bin.118.purify_k141_234227,PC-20S-3-N1_bin.118.purify_k141_234227_1360-3187,PC-20S-3-N1_bin.118.purify_k141_234227_3(Fam_3853 [★Target]) --> PC-20S-3-N1_bin.118.purify_k141_234227_4(Fam_7359 [★Target])
"(3853, 7359)",4,[3853],PC-20S-4-N1_bin.62.purify_k141_155176,PC-20S-4-N1_bin.62.purify_k141_155176_5774-7601,PC-20S-4-N1_bin.62.purify_k141_155176_5(Fam_3853 [★Target]) --> PC-20S-4-N1_bin.62.purify_k141_155176_6(Fam_7359 [★Target])
"(6123, 8529)",4,[6123],202106QH-W11-N1_bin.113.purify_k141_1185689,202106QH-W11-N1_bin.113.purify_k141_1185689_832-2297,202106QH-W11-N1_bin.113.purify_k141_1185689_2(Fam_8529 [★Target]) --> 202106QH-W11-N1_bin.113.purify_k141_1185689_3(Fam_6123 [★Target])
"(6123, 8529)",4,[6123],202106QH-W19-N1_bin.174.purify_k141_658935,202106QH-W19-N1_bin.174.purify_k141_658935_4363-5828,202106QH-W19-N1_bin.174.purify_k141_658935_4(Fam_6123 [★Target]) --> 202106QH-W19-N1_bin.174.purify_k141_658935_5(Fam_8529 [★Target])
"(6123, 8529)",4,[6123],202106QH-W27-N1_bin.192.purify_k141_173568,202106QH-W27-N1_bin.192.purify_k141_173568_339-1804,202106QH-W27-N1_bin.192.purify_k141_173568_1(Fam_8529 [★Target]) --> 202106QH-W27-N1_bin.192.purify_k141_173568_2(Fam_6123 [★Target])
"(6123, 8529)",4,[6123],QHH10-N1_bin.159.purify_k141_1241364,QHH10-N1_bin.159.purify_k141_1241364_3496-4961,QHH10-N1_bin.159.purify_k141_1241364_2(Fam_8529 [★Target]) --> QHH10-N1_bin.159.purify_k141_1241364_3(Fam_6123 [★Target])
"(1529, 8606)",4,[1529],202106QH-W36-N1_bin.99.purify_k141_393096,202106QH-W36-N1_bin.99.purify_k141_393096_141-2474,202106QH-W36-N1_bin.99.purify_k141_393096_1(Fam_8606 [★Target]) --> 202106QH-W36-N1_bin.99.purify_k141_393096_2(Fam_1529 [★Target])
"(1529, 8606)",4,[1529],202106QH-W37-N1_bin.84.purify_k141_1250487,202106QH-W37-N1_bin.84.purify_k141_1250487_9264-11465,202106QH-W37-N1_bin.84.purify_k141_1250487_9(Fam_1529 [★Target]) --> 202106QH-W37-N1_bin.84.purify_k141_1250487_10(Fam_8606 [★Target])
"(1529, 8606)",4,[1529],202106QH-W38-N1_bin.111.purify_k141_1072742,202106QH-W38-N1_bin.111.purify_k141_1072742_4046-6379,202106QH-W38-N1_bin.111.purify_k141_1072742_6(Fam_1529 [★Target]) --> 202106QH-W38-N1_bin.111.purify_k141_1072742_7(Fam_8606 [★Target])
"(1529, 8606)",4,[1529],QHH10-N1_bin.111.purify_k141_1271534,QHH10-N1_bin.111.purify_k141_1271534_164-2497,QHH10-N1_bin.111.purify_k141_1271534_1(Fam_8606 [★Target]) --> QHH10-N1_bin.111.purify_k141_1271534_2(Fam_1529 [★Target])
"(3613, 6226)",4,[6226],KMC-20S-2-N1_bin.88.purify_k141_2478634,KMC-20S-2-N1_bin.88.purify_k141_2478634_1542-3680,KMC-20S-2-N1_bin.88.purify_k141_2478634_3(Fam_3613 [★Target]) --> KMC-20S-2-N1_bin.88.purify_k141_2478634_4(Fam_6226 [★Target])
"(3613, 6226)",4,[6226],KMC-20S-5-N1_bin.62.purify_k141_369213,KMC-20S-5-N1_bin.62.purify_k141_369213_153-2291,KMC-20S-5-N1_bin.62.purify_k141_369213_2(Fam_3613 [★Target]) --> KMC-20S-5-N1_bin.62.purify_k141_369213_3(Fam_6226 [★Target])
"(3613, 6226)",4,[6226],NMC-S-6-N1_bin.201.purify_k141_1427941,NMC-S-6-N1_bin.201.purify_k141_1427941_626-2764,NMC-S-6-N1_bin.201.purify_k141_1427941_2(Fam_3613 [★Target]) --> NMC-S-6-N1_bin.201.purify_k141_1427941_3(Fam_6226 [★Target])
"(3613, 6226)",4,[6226],TBCBL-03-N1_bin.121.purify_k141_4390665,TBCBL-03-N1_bin.121.purify_k141_4390665_3950-6054,TBCBL-03-N1_bin.121.purify_k141_4390665_6(Fam_6226 [★Target]) --> TBCBL-03-N1_bin.121.purify_k141_4390665_7(Fam_3613 [★Target])
"(2649, 3489)",4,[2649],202106QH-W29-N1_bin.107.purify_k141_1057830,202106QH-W29-N1_bin.107.purify_k141_1057830_2507-5014,202106QH-W29-N1_bin.107.purify_k141_1057830_4(Fam_2649 [★Target]) --> 202106QH-W29-N1_bin.107.purify_k141_1057830_5(Fam_3489 [★Target])
"(2649, 3489)",4,[2649],202106QH-W39-N1_bin.21.purify_k141_495693,202106QH-W39-N1_bin.21.purify_k141_495693_10377-12884,202106QH-W39-N1_bin.21.purify_k141_495693_12(Fam_3489 [★Target]) --> 202106QH-W39-N1_bin.21.purify_k141_495693_13(Fam_2649 [★Target])
"(2649, 3489)",4,[2649],202106QH-W40-N1_bin.56.purify_k141_874198,202106QH-W40-N1_bin.56.purify_k141_874198_1-2514,202106QH-W40-N1_bin.56.purify_k141_874198_1(Fam_3489 [★Target]) --> 202106QH-W40-N1_bin.56.purify_k141_874198_2(Fam_2649 [★Target])
"(2649, 3489)",4,[2649],QHH6-N1_bin.27.purify_k141_2291418,QHH6-N1_bin.27.purify_k141_2291418_4852-7359,QHH6-N1_bin.27.purify_k141_2291418_6(Fam_2649 [★Target]) --> QHH6-N1_bin.27.purify_k141_2291418_7(Fam_3489 [★Target])
"(5891, 9589)",4,[5891],CE-20S-1-N1_bin.154.purify_k141_821337,CE-20S-1-N1_bin.154.purify_k141_821337_3531-4904,CE-20S-1-N1_bin.154.purify_k141_821337_5(Fam_5891 [★Target]) --> CE-20S-1-N1_bin.154.purify_k141_821337_6(Fam_9589 [★Target])
"(5891, 9589)",4,[5891],LLSD-1-N1_bin.57.purify_k141_793794,LLSD-1-N1_bin.57.purify_k141_793794_6261-7479,LLSD-1-N1_bin.57.purify_k141_793794_10(Fam_9589 [★Target]) --> LLSD-1-N1_bin.57.purify_k141_793794_11(Fam_5891 [★Target])
"(5891, 9589)",4,[5891],NMC-S-6-N1_bin.209.purify_k141_1129578,NMC-S-6-N1_bin.209.purify_k141_1129578_272-1682,NMC-S-6-N1_bin.209.purify_k141_1129578_2(Fam_5891 [★Target]) --> NMC-S-6-N1_bin.209.purify_k141_1129578_3(Fam_9589 [★Target])
"(5891, 9589)",4,[5891],YBJSD-S-N1_bin.14.purify_k141_114296,YBJSD-S-N1_bin.14.purify_k141_114296_1098-2526,YBJSD-S-N1_bin.14.purify_k141_114296_3(Fam_9589 [★Target]) --> YBJSD-S-N1_bin.14.purify_k141_114296_4(Fam_5891 [★Target])
"(2377, 2708)",4,[2708],CE-D-S-N1_bin.100.purify_k141_938462,CE-D-S-N1_bin.100.purify_k141_938462_15165-17860,CE-D-S-N1_bin.100.purify_k141_938462_13(Fam_2708 [★Target]) --> CE-D-S-N1_bin.100.purify_k141_938462_14(Fam_2377 [★Target])
"(2377, 2708)",4,[2708],NRPC-20S-1-N1_bin.105.purify_k141_588242,NRPC-20S-1-N1_bin.105.purify_k141_588242_15524-18219,NRPC-20S-1-N1_bin.105.purify_k141_588242_13(Fam_2708 [★Target]) --> NRPC-20S-1-N1_bin.105.purify_k141_588242_14(Fam_2377 [★Target])
"(2377, 2708)",4,[2708],PC-20S-2-N1_bin.173.purify_k141_1383763,PC-20S-2-N1_bin.173.purify_k141_1383763_10905-13600,PC-20S-2-N1_bin.173.purify_k141_1383763_12(Fam_2708 [★Target]) --> PC-20S-2-N1_bin.173.purify_k141_1383763_13(Fam_2377 [★Target])
"(2377, 2708)",4,[2708],PC-20S-3-N1_bin.40.purify_k141_1668638,PC-20S-3-N1_bin.40.purify_k141_1668638_10442-13137,PC-20S-3-N1_bin.40.purify_k141_1668638_12(Fam_2708 [★Target]) --> PC-20S-3-N1_bin.40.purify_k141_1668638_13(Fam_2377 [★Target])
"(5993, 9633)",4,[5993],202106QH-W30-N1_bin.9.purify_k141_374031,202106QH-W30-N1_bin.9.purify_k141_374031_4287-5777,202106QH-W30-N1_bin.9.purify_k141_374031_6(Fam_5993 [★Target]) --> 202106QH-W30-N1_bin.9.purify_k141_374031_7(Fam_9633 [★Target])
"(5993, 9633)",4,[5993],202106QH-W38-N1_bin.45.purify_k141_613902,202106QH-W38-N1_bin.45.purify_k141_613902_4089-5579,202106QH-W38-N1_bin.45.purify_k141_613902_6(Fam_5993 [★Target]) --> 202106QH-W38-N1_bin.45.purify_k141_613902_7(Fam_9633 [★Target])
"(5993, 9633)",4,[5993],202106QH-W39-N1_bin.45.purify_k141_1754094,202106QH-W39-N1_bin.45.purify_k141_1754094_1197-2687,202106QH-W39-N1_bin.45.purify_k141_1754094_3(Fam_5993 [★Target]) --> 202106QH-W39-N1_bin.45.purify_k141_1754094_4(Fam_9633 [★Target])
"(5993, 9633)",4,[5993],JC-20S-3-N1_bin.24.purify_k141_246966,JC-20S-3-N1_bin.24.purify_k141_246966_3307-4797,JC-20S-3-N1_bin.24.purify_k141_246966_6(Fam_5993 [★Target]) --> JC-20S-3-N1_bin.24.purify_k141_246966_7(Fam_9633 [★Target])
"(4975, 6736)",4,[6736],202104TB-W51-N1_bin.188.purify_k141_542246,202104TB-W51-N1_bin.188.purify_k141_542246_3631-5332,202104TB-W51-N1_bin.188.purify_k141_542246_6(Fam_4975 [★Target]) --> 202104TB-W51-N1_bin.188.purify_k141_542246_7(Fam_6736 [★Target])
"(4975, 6736)",4,[6736],202106QH-W25-N1_bin.54.purify_k141_3255959,202106QH-W25-N1_bin.54.purify_k141_3255959_1129-2842,202106QH-W25-N1_bin.54.purify_k141_3255959_2(Fam_6736 [★Target]) --> 202106QH-W25-N1_bin.54.purify_k141_3255959_3(Fam_4975 [★Target])
"(4975, 6736)",4,[6736],CE-D-S-N1_bin.33.purify_k141_809886,CE-D-S-N1_bin.33.purify_k141_809886_2-1712,CE-D-S-N1_bin.33.purify_k141_809886_1(Fam_4975 [★Target]) --> CE-D-S-N1_bin.33.purify_k141_809886_2(Fam_6736 [★Target])
"(4975, 6736)",4,[6736],YZYC-20S-8-N1_bin.4.purify_k141_2967194,YZYC-20S-8-N1_bin.4.purify_k141_2967194_1330-3034,YZYC-20S-8-N1_bin.4.purify_k141_2967194_3(Fam_6736 [★Target]) --> YZYC-20S-8-N1_bin.4.purify_k141_2967194_4(Fam_4975 [★Target])
"(6848, 8949)",4,[8949],202104TB-W51-N1_bin.141.purify_k141_103353,202104TB-W51-N1_bin.141.purify_k141_103353_19151-20471,202104TB-W51-N1_bin.141.purify_k141_103353_23(Fam_6848 [★Target]) --> 202104TB-W51-N1_bin.141.purify_k141_103353_24(Fam_8949 [★Target])
"(6848, 8949)",4,[8949],BMC20S-2-N1_bin.203.purify_k141_735918,BMC20S-2-N1_bin.203.purify_k141_735918_1068-2386,BMC20S-2-N1_bin.203.purify_k141_735918_2(Fam_8949 [★Target]) --> BMC20S-2-N1_bin.203.purify_k141_735918_3(Fam_6848 [★Target])
"(6848, 8949)",4,[8949],BMC20S-N1-N1_bin.39.purify_k141_547002,BMC20S-N1-N1_bin.39.purify_k141_547002_1054-2372,BMC20S-N1-N1_bin.39.purify_k141_547002_2(Fam_8949 [★Target]) --> BMC20S-N1-N1_bin.39.purify_k141_547002_3(Fam_6848 [★Target])
"(6848, 8949)",4,[8949],QHH6-N1_bin.27.purify_k141_763976,QHH6-N1_bin.27.purify_k141_763976_9237-10552,QHH6-N1_bin.27.purify_k141_763976_12(Fam_8949 [★Target]) --> QHH6-N1_bin.27.purify_k141_763976_13(Fam_6848 [★Target])
"(3391, 6271)",4,[6271],202104TB-W58-N1_bin.8.purify_k141_2410158,202104TB-W58-N1_bin.8.purify_k141_2410158_10854-12747,202104TB-W58-N1_bin.8.purify_k141_2410158_10(Fam_6271 [★Target]) --> 202104TB-W58-N1_bin.8.purify_k141_2410158_11(Fam_3391 [★Target])
"(3391, 6271)",4,[6271],202106QH-W10-N1_bin.101.purify_k141_729562,202106QH-W10-N1_bin.101.purify_k141_729562_712-2689,202106QH-W10-N1_bin.101.purify_k141_729562_2(Fam_3391 [★Target]) --> 202106QH-W10-N1_bin.101.purify_k141_729562_3(Fam_6271 [★Target])
"(3391, 6271)",4,[6271],CN-B-S-N1_bin.46.purify_k141_2118924,CN-B-S-N1_bin.46.purify_k141_2118924_2013-3906,CN-B-S-N1_bin.46.purify_k141_2118924_4(Fam_3391 [★Target]) --> CN-B-S-N1_bin.46.purify_k141_2118924_5(Fam_6271 [★Target])
"(3391, 6271)",4,[6271],YBJSD-S-3-N1_bin.109.purify_k141_216192,YBJSD-S-3-N1_bin.109.purify_k141_216192_12205-14209,YBJSD-S-3-N1_bin.109.purify_k141_216192_15(Fam_6271 [★Target]) --> YBJSD-S-3-N1_bin.109.purify_k141_216192_16(Fam_3391 [★Target])
"(11593, 12692)",3,"[11593, 12692]",202106QH-W15-N1_bin.43.purify_k141_1741170,202106QH-W15-N1_bin.43.purify_k141_1741170_7091-7963,202106QH-W15-N1_bin.43.purify_k141_1741170_6(Fam_11593 [★Target]) --> 202106QH-W15-N1_bin.43.purify_k141_1741170_7(Fam_12692 [★Target])
"(11593, 12692)",3,"[11593, 12692]",SD-S-N1_bin.40.purify_k141_2700272,SD-S-N1_bin.40.purify_k141_2700272_23-1267,SD-S-N1_bin.40.purify_k141_2700272_1(Fam_11593 [★Target]) --> SD-S-N1_bin.40.purify_k141_2700272_2(Fam_12692 [★Target])
"(11593, 12692)",3,"[11593, 12692]",SD-S-N2_bin.64.purify_k141_910756,SD-S-N2_bin.64.purify_k141_910756_1572-2816,SD-S-N2_bin.64.purify_k141_910756_3(Fam_12692 [★Target]) --> SD-S-N2_bin.64.purify_k141_910756_4(Fam_11593 [★Target])
"(578, 3189)",3,[3189],202106QH-W28-N1_bin.31.purify_k141_831532,202106QH-W28-N1_bin.31.purify_k141_831532_303-2491,202106QH-W28-N1_bin.31.purify_k141_831532_1(Fam_3189 [★Target]) --> 202106QH-W28-N1_bin.31.purify_k141_831532_2(Fam_578 [★Target])
"(578, 3189)",3,[3189],202106QH-W33-N1_bin.55.purify_k141_1121096,202106QH-W33-N1_bin.55.purify_k141_1121096_1-1472,202106QH-W33-N1_bin.55.purify_k141_1121096_1(Fam_578 [★Target]) --> 202106QH-W33-N1_bin.55.purify_k141_1121096_2(Fam_3189 [★Target])
"(578, 3189)",3,[3189],ZJ-S-N13.9m-N2_bin.28.purify_k141_1470427,ZJ-S-N13.9m-N2_bin.28.purify_k141_1470427_1-3833,ZJ-S-N13.9m-N2_bin.28.purify_k141_1470427_1(Fam_578 [★Target]) --> ZJ-S-N13.9m-N2_bin.28.purify_k141_1470427_2(Fam_3189 [★Target])
"(1161, 1669, 2057)",3,[1669],202104TB-W58-N1_bin.12.purify_k141_306056,202104TB-W58-N1_bin.12.purify_k141_306056_431-5538,202104TB-W58-N1_bin.12.purify_k141_306056_2(Fam_2057 [★Target]) --> 202104TB-W58-N1_bin.12.purify_k141_306056_3(Fam_1669 [★Target]) --> 202104TB-W58-N1_bin.12.purify_k141_306056_4(Fam_1161 [★Target])
"(1161, 1669, 2057)",3,[1669],CN-2-4.9m-N1_bin.43.purify_k141_1154883,CN-2-4.9m-N1_bin.43.purify_k141_1154883_366-5473,CN-2-4.9m-N1_bin.43.purify_k141_1154883_2(Fam_1161 [★Target]) --> CN-2-4.9m-N1_bin.43.purify_k141_1154883_3(Fam_1669 [★Target]) --> CN-2-4.9m-N1_bin.43.purify_k141_1154883_4(Fam_2057 [★Target])
"(1161, 1669, 2057)",3,[1669],CN-S-N1_bin.59.purify_k141_677623,CN-S-N1_bin.59.purify_k141_677623_1763-6870,CN-S-N1_bin.59.purify_k141_677623_3(Fam_1161 [★Target]) --> CN-S-N1_bin.59.purify_k141_677623_4(Fam_1669 [★Target]) --> CN-S-N1_bin.59.purify_k141_677623_5(Fam_2057 [★Target])
"(2838, 7516)",3,[7516],202106QH-W28-N1_bin.26.purify_k141_368978,202106QH-W28-N1_bin.26.purify_k141_368978_2-1872,202106QH-W28-N1_bin.26.purify_k141_368978_1(Fam_7516 [★Target]) --> 202106QH-W28-N1_bin.26.purify_k141_368978_2(Fam_2838 [★Target])
"(2838, 7516)",3,[7516],202106QH-W32-N1_bin.48.purify_k141_521244,202106QH-W32-N1_bin.48.purify_k141_521244_4241-6222,202106QH-W32-N1_bin.48.purify_k141_521244_5(Fam_2838 [★Target]) --> 202106QH-W32-N1_bin.48.purify_k141_521244_6(Fam_7516 [★Target])
"(2838, 7516)",3,[7516],202106QH-W33-N1_bin.72.purify_k141_480398,202106QH-W33-N1_bin.72.purify_k141_480398_62-2043,202106QH-W33-N1_bin.72.purify_k141_480398_1(Fam_2838 [★Target]) --> 202106QH-W33-N1_bin.72.purify_k141_480398_2(Fam_7516 [★Target])
"(6992, 7347)",3,"[6992, 7347]",202106QH-W37-N1_bin.55.purify_k141_842660,202106QH-W37-N1_bin.55.purify_k141_842660_4230-5709,202106QH-W37-N1_bin.55.purify_k141_842660_6(Fam_6992 [★Target]) --> 202106QH-W37-N1_bin.55.purify_k141_842660_7(Fam_7347 [★Target])
"(6992, 7347)",3,"[6992, 7347]",YM-3-34.9m-N1_bin.161.purify_k141_1455776,YM-3-34.9m-N1_bin.161.purify_k141_1455776_11569-13048,YM-3-34.9m-N1_bin.161.purify_k141_1455776_11(Fam_6992 [★Target]) --> YM-3-34.9m-N1_bin.161.purify_k141_1455776_12(Fam_7347 [★Target])
"(6992, 7347)",3,"[6992, 7347]",YZYC-20S-5-N1_bin.12.purify_k141_1470194,YZYC-20S-5-N1_bin.12.purify_k141_1470194_10637-12116,YZYC-20S-5-N1_bin.12.purify_k141_1470194_11(Fam_6992 [★Target]) --> YZYC-20S-5-N1_bin.12.purify_k141_1470194_12(Fam_7347 [★Target])
"(3320, 10836)",3,[10836],PC-20S-1-N1_bin.78.purify_k141_97186,PC-20S-1-N1_bin.78.purify_k141_97186_4801-6490,PC-20S-1-N1_bin.78.purify_k141_97186_7(Fam_10836 [★Target]) --> PC-20S-1-N1_bin.78.purify_k141_97186_8(Fam_3320 [★Target])
"(3320, 10836)",3,[10836],PC-20S-2-N1_bin.46.purify_k141_855510,PC-20S-2-N1_bin.46.purify_k141_855510_1828-3517,PC-20S-2-N1_bin.46.purify_k141_855510_3(Fam_3320 [★Target]) --> PC-20S-2-N1_bin.46.purify_k141_855510_4(Fam_10836 [★Target])
"(3320, 10836)",3,[10836],PC-20S-4-N1_bin.42.purify_k141_694865,PC-20S-4-N1_bin.42.purify_k141_694865_711-2400,PC-20S-4-N1_bin.42.purify_k141_694865_3(Fam_3320 [★Target]) --> PC-20S-4-N1_bin.42.purify_k141_694865_4(Fam_10836 [★Target])
"(2331, 9095)",3,[9095],202104TB-W29-N1_bin.94.purify_k141_290175,202104TB-W29-N1_bin.94.purify_k141_290175_3-1930,202104TB-W29-N1_bin.94.purify_k141_290175_1(Fam_2331 [★Target]) --> 202104TB-W29-N1_bin.94.purify_k141_290175_2(Fam_9095 [★Target])
"(2331, 9095)",3,[9095],BGBMC-20S-1-N1_bin.135.purify_k141_666236,BGBMC-20S-1-N1_bin.135.purify_k141_666236_2155-4127,BGBMC-20S-1-N1_bin.135.purify_k141_666236_2(Fam_9095 [★Target]) --> BGBMC-20S-1-N1_bin.135.purify_k141_666236_3(Fam_2331 [★Target])
"(2331, 9095)",3,[9095],ZJ-S-2-N2_bin.76.purify_k141_3493295,ZJ-S-2-N2_bin.76.purify_k141_3493295_3909-5266,ZJ-S-2-N2_bin.76.purify_k141_3493295_4(Fam_9095 [★Target]) --> ZJ-S-2-N2_bin.76.purify_k141_3493295_5(Fam_2331 [★Target])
"(7106, 9589)",3,[7106],QHH10-N1_bin.181.purify_k141_2227096,QHH10-N1_bin.181.purify_k141_2227096_2685-3741,QHH10-N1_bin.181.purify_k141_2227096_5(Fam_9589 [★Target]) --> QHH10-N1_bin.181.purify_k141_2227096_6(Fam_7106 [★Target])
"(7106, 9589)",3,[7106],SLC-S-3-N1_bin.111.purify_k141_1163682,SLC-S-3-N1_bin.111.purify_k141_1163682_4007-5292,SLC-S-3-N1_bin.111.purify_k141_1163682_7(Fam_9589 [★Target]) --> SLC-S-3-N1_bin.111.purify_k141_1163682_8(Fam_7106 [★Target])
"(7106, 9589)",3,[7106],ZJ-S-05.4m-N1_bin.245.purify_k141_1900235,ZJ-S-05.4m-N1_bin.245.purify_k141_1900235_2113-3413,ZJ-S-05.4m-N1_bin.245.purify_k141_1900235_4(Fam_9589 [★Target]) --> ZJ-S-05.4m-N1_bin.245.purify_k141_1900235_5(Fam_7106 [★Target])
"(11303, 12358)",3,[12358],202106QH-W36-N1_bin.89.purify_k141_304924,202106QH-W36-N1_bin.89.purify_k141_304924_852-1351,202106QH-W36-N1_bin.89.purify_k141_304924_2(Fam_12358 [★Target]) --> 202106QH-W36-N1_bin.89.purify_k141_304924_3(Fam_11303 [★Target])
"(11303, 12358)",3,[12358],QHH6-N1_bin.249.purify_k141_1297620,QHH6-N1_bin.249.purify_k141_1297620_688-1187,QHH6-N1_bin.249.purify_k141_1297620_1(Fam_12358 [★Target]) --> QHH6-N1_bin.249.purify_k141_1297620_2(Fam_11303 [★Target])
"(11303, 12358)",3,[12358],YZYC-20S-4-N1_bin.137.purify_k141_165286,YZYC-20S-4-N1_bin.137.purify_k141_165286_9376-9875,YZYC-20S-4-N1_bin.137.purify_k141_165286_9(Fam_11303 [★Target]) --> YZYC-20S-4-N1_bin.137.purify_k141_165286_10(Fam_12358 [★Target])
"(8663, 9373)",3,[9373],202106QH-W28-N1_bin.99.purify_k141_1410260,202106QH-W28-N1_bin.99.purify_k141_1410260_496-1623,202106QH-W28-N1_bin.99.purify_k141_1410260_2(Fam_9373 [★Target]) --> 202106QH-W28-N1_bin.99.purify_k141_1410260_3(Fam_8663 [★Target])
"(8663, 9373)",3,[9373],202106QH-W32-N1_bin.48.purify_k141_901267,202106QH-W32-N1_bin.48.purify_k141_901267_16576-17703,202106QH-W32-N1_bin.48.purify_k141_901267_20(Fam_8663 [★Target]) --> 202106QH-W32-N1_bin.48.purify_k141_901267_21(Fam_9373 [★Target])
"(8663, 9373)",3,[9373],202106QH-W33-N1_bin.72.purify_k141_82513,202106QH-W33-N1_bin.72.purify_k141_82513_2101-3228,202106QH-W33-N1_bin.72.purify_k141_82513_4(Fam_9373 [★Target]) --> 202106QH-W33-N1_bin.72.purify_k141_82513_5(Fam_8663 [★Target])
"(155, 11897)",3,[11897],202106QH-W19-N1_bin.10.purify_k141_1244346,202106QH-W19-N1_bin.10.purify_k141_1244346_3100-3530,202106QH-W19-N1_bin.10.purify_k141_1244346_6(Fam_11897 [★Target]) --> 202106QH-W19-N1_bin.10.purify_k141_1244346_7(Fam_155 [★Target])
"(155, 11897)",3,[11897],202106QH-W28-N1_bin.101.purify_k141_1190443,202106QH-W28-N1_bin.101.purify_k141_1190443_1119-1549,202106QH-W28-N1_bin.101.purify_k141_1190443_5(Fam_155 [★Target]) --> 202106QH-W28-N1_bin.101.purify_k141_1190443_6(Fam_11897 [★Target])
"(155, 11897)",3,[11897],202106QH-W29-N1_bin.114.purify_k141_592128,202106QH-W29-N1_bin.114.purify_k141_592128_535-965,202106QH-W29-N1_bin.114.purify_k141_592128_3(Fam_11897 [★Target]) --> 202106QH-W29-N1_bin.114.purify_k141_592128_4(Fam_155 [★Target])
"(9039, 11398)",3,[11398],202104TB-W29-N1_bin.10.purify_k141_755194,202104TB-W29-N1_bin.10.purify_k141_755194_6036-7108,202104TB-W29-N1_bin.10.purify_k141_755194_5(Fam_9039 [★Target]) --> 202104TB-W29-N1_bin.10.purify_k141_755194_6(Fam_11398 [★Target])
"(9039, 11398)",3,[11398],BGBMC-20S-3-N1_bin.8.purify_k141_401147,BGBMC-20S-3-N1_bin.8.purify_k141_401147_7590-8662,BGBMC-20S-3-N1_bin.8.purify_k141_401147_6(Fam_9039 [★Target]) --> BGBMC-20S-3-N1_bin.8.purify_k141_401147_7(Fam_11398 [★Target])
"(9039, 11398)",3,[11398],SLC-S-N1_bin.98.purify_k141_375854,SLC-S-N1_bin.98.purify_k141_375854_7590-8662,SLC-S-N1_bin.98.purify_k141_375854_6(Fam_9039 [★Target]) --> SLC-S-N1_bin.98.purify_k141_375854_7(Fam_11398 [★Target])
"(660, 4969)",3,[4969],202104TB-W48-N1_bin.87.purify_k141_1819682,202104TB-W48-N1_bin.87.purify_k141_1819682_1-2114,202104TB-W48-N1_bin.87.purify_k141_1819682_1(Fam_660 [★Target]) --> 202104TB-W48-N1_bin.87.purify_k141_1819682_2(Fam_4969 [★Target])
"(660, 4969)",3,[4969],CC-20S-3-N1_bin.22.purify_k141_140247,CC-20S-3-N1_bin.22.purify_k141_140247_2-1614,CC-20S-3-N1_bin.22.purify_k141_140247_1(Fam_660 [★Target]) --> CC-20S-3-N1_bin.22.purify_k141_140247_2(Fam_4969 [★Target])
"(660, 4969)",3,[4969],LLSD-4-N1_bin.35.purify_k141_1179650,LLSD-4-N1_bin.35.purify_k141_1179650_2639-6012,LLSD-4-N1_bin.35.purify_k141_1179650_4(Fam_660 [★Target]) --> LLSD-4-N1_bin.35.purify_k141_1179650_5(Fam_4969 [★Target])
"(6355, 8114)",3,[6355],202106QH-W28-N1_bin.154.purify_k141_1121941,202106QH-W28-N1_bin.154.purify_k141_1121941_5990-7437,202106QH-W28-N1_bin.154.purify_k141_1121941_7(Fam_6355 [★Target]) --> 202106QH-W28-N1_bin.154.purify_k141_1121941_8(Fam_8114 [★Target])
"(6355, 8114)",3,[6355],PC-20S-1-N1_bin.80.purify_k141_115658,PC-20S-1-N1_bin.80.purify_k141_115658_437-1887,PC-20S-1-N1_bin.80.purify_k141_115658_2(Fam_6355 [★Target]) --> PC-20S-1-N1_bin.80.purify_k141_115658_3(Fam_8114 [★Target])
"(6355, 8114)",3,[6355],PC-20S-4-N1_bin.132.purify_k141_24751,PC-20S-4-N1_bin.132.purify_k141_24751_395-1845,PC-20S-4-N1_bin.132.purify_k141_24751_2(Fam_6355 [★Target]) --> PC-20S-4-N1_bin.132.purify_k141_24751_3(Fam_8114 [★Target])
"(6659, 8098)",3,[6659],202104TB-W37-N1_bin.86.purify_k141_982444,202104TB-W37-N1_bin.86.purify_k141_982444_5286-6738,202104TB-W37-N1_bin.86.purify_k141_982444_6(Fam_6659 [★Target]) --> 202104TB-W37-N1_bin.86.purify_k141_982444_7(Fam_8098 [★Target])
"(6659, 8098)",3,[6659],202106QH-W27-N1_bin.236.purify_k141_1559035,202106QH-W27-N1_bin.236.purify_k141_1559035_13637-15089,202106QH-W27-N1_bin.236.purify_k141_1559035_14(Fam_6659 [★Target]) --> 202106QH-W27-N1_bin.236.purify_k141_1559035_15(Fam_8098 [★Target])
"(6659, 8098)",3,[6659],SLC-S-3-N1_bin.326.purify_k141_258981,SLC-S-3-N1_bin.326.purify_k141_258981_3202-4654,SLC-S-3-N1_bin.326.purify_k141_258981_4(Fam_6659 [★Target]) --> SLC-S-3-N1_bin.326.purify_k141_258981_5(Fam_8098 [★Target])
"(4356, 11289)",3,[4356],HHSD1-N1_bin.39.purify_k141_56436,HHSD1-N1_bin.39.purify_k141_56436_2832-4144,HHSD1-N1_bin.39.purify_k141_56436_7(Fam_4356 [★Target]) --> HHSD1-N1_bin.39.purify_k141_56436_8(Fam_11289 [★Target])
"(4356, 11289)",3,[4356],HHSD1-N1_bin.39.purify_k141_2268255,HHSD1-N1_bin.39.purify_k141_2268255_5809-7031,HHSD1-N1_bin.39.purify_k141_2268255_7(Fam_4356 [★Target]) --> HHSD1-N1_bin.39.purify_k141_2268255_8(Fam_11289 [★Target])
"(4356, 11289)",3,[4356],LLSD-7-N1_bin.37.purify_k141_27977,LLSD-7-N1_bin.37.purify_k141_27977_2-1188,LLSD-7-N1_bin.37.purify_k141_27977_1(Fam_11289 [★Target]) --> LLSD-7-N1_bin.37.purify_k141_27977_2(Fam_4356 [★Target])
"(4225, 8509)",3,[8509],BGBMC-20S-1-N1_bin.70.purify_k141_1695676,BGBMC-20S-1-N1_bin.70.purify_k141_1695676_5087-6555,BGBMC-20S-1-N1_bin.70.purify_k141_1695676_6(Fam_8509 [★Target]) --> BGBMC-20S-1-N1_bin.70.purify_k141_1695676_7(Fam_4225 [★Target])
"(4225, 8509)",3,[8509],JC-20S-2-N1_bin.96.purify_k141_1918337,JC-20S-2-N1_bin.96.purify_k141_1918337_2214-3802,JC-20S-2-N1_bin.96.purify_k141_1918337_3(Fam_8509 [★Target]) --> JC-20S-2-N1_bin.96.purify_k141_1918337_4(Fam_4225 [★Target])
"(4225, 8509)",3,[8509],PC-20S-4-N1_bin.75.purify_k141_1003083,PC-20S-4-N1_bin.75.purify_k141_1003083_915-2503,PC-20S-4-N1_bin.75.purify_k141_1003083_2(Fam_4225 [★Target]) --> PC-20S-4-N1_bin.75.purify_k141_1003083_3(Fam_8509 [★Target])
"(946, 2147, 3036)",3,[2147],YZYC-20S-2-N1_bin.53.purify_k141_1095129,YZYC-20S-2-N1_bin.53.purify_k141_1095129_1206-6038,YZYC-20S-2-N1_bin.53.purify_k141_1095129_2(Fam_2147 [★Target]) --> YZYC-20S-2-N1_bin.53.purify_k141_1095129_3(Fam_3036 [★Target]) --> YZYC-20S-2-N1_bin.53.purify_k141_1095129_5(Fam_946 [★Target])
"(946, 2147, 3036)",3,[2147],YZYC-20S-4-N1_bin.45.purify_k141_617966,YZYC-20S-4-N1_bin.45.purify_k141_617966_1155-5990,YZYC-20S-4-N1_bin.45.purify_k141_617966_2(Fam_2147 [★Target]) --> YZYC-20S-4-N1_bin.45.purify_k141_617966_3(Fam_3036 [★Target]) --> YZYC-20S-4-N1_bin.45.purify_k141_617966_5(Fam_946 [★Target])
"(946, 2147, 3036)",3,[2147],YZYC-20S-5-N1_bin.197.purify_k141_1575688,YZYC-20S-5-N1_bin.197.purify_k141_1575688_1041-5876,YZYC-20S-5-N1_bin.197.purify_k141_1575688_2(Fam_2147 [★Target]) --> YZYC-20S-5-N1_bin.197.purify_k141_1575688_3(Fam_3036 [★Target]) --> YZYC-20S-5-N1_bin.197.purify_k141_1575688_5(Fam_946 [★Target])
"(814, 1136)",3,"[814, 1136]",BGBMC-20S-1-N1_bin.35.purify_k141_594746,BGBMC-20S-1-N1_bin.35.purify_k141_594746_9936-13963,BGBMC-20S-1-N1_bin.35.purify_k141_594746_9(Fam_1136 [★Target]) --> BGBMC-20S-1-N1_bin.35.purify_k141_594746_11(Fam_814 [★Target])
"(814, 1136)",3,"[814, 1136]",JC-20S-1-N1_bin.86.purify_k141_1166733,JC-20S-1-N1_bin.86.purify_k141_1166733_16199-20772,JC-20S-1-N1_bin.86.purify_k141_1166733_14(Fam_814 [★Target]) --> JC-20S-1-N1_bin.86.purify_k141_1166733_16(Fam_1136 [★Target])
"(814, 1136)",3,"[814, 1136]",PC-20S-4-N1_bin.42.purify_k141_244579,PC-20S-4-N1_bin.42.purify_k141_244579_6274-10847,PC-20S-4-N1_bin.42.purify_k141_244579_8(Fam_1136 [★Target]) --> PC-20S-4-N1_bin.42.purify_k141_244579_10(Fam_814 [★Target])
"(10067, 10196)",3,[10067],NMC-S-4-N1_bin.38.purify_k141_2313453,NMC-S-4-N1_bin.38.purify_k141_2313453_5367-7324,NMC-S-4-N1_bin.38.purify_k141_2313453_6(Fam_10196 [★Target]) --> NMC-S-4-N1_bin.38.purify_k141_2313453_9(Fam_10067 [★Target])
"(10067, 10196)",3,[10067],NMC-S-8-N1_bin.236.purify_k141_472214,NMC-S-8-N1_bin.236.purify_k141_472214_3655-5612,NMC-S-8-N1_bin.236.purify_k141_472214_5(Fam_10196 [★Target]) --> NMC-S-8-N1_bin.236.purify_k141_472214_8(Fam_10067 [★Target])
"(10067, 10196)",3,[10067],NMC-S-7-N1_bin.62.purify_k141_2010624,NMC-S-7-N1_bin.62.purify_k141_2010624_3606-5563,NMC-S-7-N1_bin.62.purify_k141_2010624_5(Fam_10196 [★Target]) --> NMC-S-7-N1_bin.62.purify_k141_2010624_8(Fam_10067 [★Target])
"(1705, 4231)",3,[1705],202104TB-W37-N1_bin.62.purify_k141_377553,202104TB-W37-N1_bin.62.purify_k141_377553_1-3238,202104TB-W37-N1_bin.62.purify_k141_377553_1(Fam_4231 [★Target]) --> 202104TB-W37-N1_bin.62.purify_k141_377553_3(Fam_1705 [★Target])
"(1705, 4231)",3,[1705],SLC-S-7-N1_bin.92.purify_k141_1616907,SLC-S-7-N1_bin.92.purify_k141_1616907_2744-5999,SLC-S-7-N1_bin.92.purify_k141_1616907_3(Fam_1705 [★Target]) --> SLC-S-7-N1_bin.92.purify_k141_1616907_5(Fam_4231 [★Target])
"(1705, 4231)",3,[1705],YM-3-34.9m-N1_bin.118.purify_k141_16807,YM-3-34.9m-N1_bin.118.purify_k141_16807_1-3208,YM-3-34.9m-N1_bin.118.purify_k141_16807_1(Fam_4231 [★Target]) --> YM-3-34.9m-N1_bin.118.purify_k141_16807_3(Fam_1705 [★Target])
"(510, 5555)",3,[510],202106QH-W37-N1_bin.13.purify_k141_569874,202106QH-W37-N1_bin.13.purify_k141_569874_1-4081,202106QH-W37-N1_bin.13.purify_k141_569874_1(Fam_3462) --> 202106QH-W37-N1_bin.13.purify_k141_569874_2(Fam_5555 [★Target]) --> 202106QH-W37-N1_bin.13.purify_k141_569874_3(Fam_510 [★Target])
"(510, 5555)",3,[510],202106QH-W39-N1_bin.43.purify_k141_1099828,202106QH-W39-N1_bin.43.purify_k141_1099828_2439-7128,202106QH-W39-N1_bin.43.purify_k141_1099828_3(Fam_510 [★Target]) --> 202106QH-W39-N1_bin.43.purify_k141_1099828_4(Fam_5555 [★Target]) --> 202106QH-W39-N1_bin.43.purify_k141_1099828_5(Fam_3462)
"(510, 5555)",3,[510],QHH10-N1_bin.47.purify_k141_1429194,QHH10-N1_bin.47.purify_k141_1429194_3065-6654,QHH10-N1_bin.47.purify_k141_1429194_8(Fam_5555 [★Target]) --> QHH10-N1_bin.47.purify_k141_1429194_9(Fam_510 [★Target])
"(510, 5555)",3,[510],QHH7-N1_bin.118.purify_k141_2957733,QHH7-N1_bin.118.purify_k141_2957733_2699-7388,QHH7-N1_bin.118.purify_k141_2957733_3(Fam_510 [★Target]) --> QHH7-N1_bin.118.purify_k141_2957733_4(Fam_5555 [★Target]) --> QHH7-N1_bin.118.purify_k141_2957733_5(Fam_3462)
"(510, 5555)",3,[510],YZYC-20S-1-N1_bin.175.purify_k141_739062,YZYC-20S-1-N1_bin.175.purify_k141_739062_2335-5924,YZYC-20S-1-N1_bin.175.purify_k141_739062_3(Fam_510 [★Target]) --> YZYC-20S-1-N1_bin.175.purify_k141_739062_4(Fam_5555 [★Target])
"(11371, 12473)",3,[12473],202104TB-W37-N1_bin.6.purify_k141_1414507,202104TB-W37-N1_bin.6.purify_k141_1414507_2388-2932,202104TB-W37-N1_bin.6.purify_k141_1414507_3(Fam_11371 [★Target]) --> 202104TB-W37-N1_bin.6.purify_k141_1414507_4(Fam_12473 [★Target])
"(11371, 12473)",3,[12473],202106QH-W25-N1_bin.212.purify_k141_724013,202106QH-W25-N1_bin.212.purify_k141_724013_1266-1801,202106QH-W25-N1_bin.212.purify_k141_724013_3(Fam_11371 [★Target]) --> 202106QH-W25-N1_bin.212.purify_k141_724013_4(Fam_12473 [★Target])
"(11371, 12473)",3,[12473],PC-20S-4-N1_bin.75.purify_k141_293680,PC-20S-4-N1_bin.75.purify_k141_293680_217-752,PC-20S-4-N1_bin.75.purify_k141_293680_1(Fam_12473 [★Target]) --> PC-20S-4-N1_bin.75.purify_k141_293680_2(Fam_11371 [★Target])
"(6729, 8386)",3,[8386],BGBMC-20S-1-N1_bin.86.purify_k141_363658,BGBMC-20S-1-N1_bin.86.purify_k141_363658_6206-7596,BGBMC-20S-1-N1_bin.86.purify_k141_363658_4(Fam_6729 [★Target]) --> BGBMC-20S-1-N1_bin.86.purify_k141_363658_5(Fam_8386 [★Target])
"(6729, 8386)",3,[8386],BGBMC-20S-3-N1_bin.46.purify_k141_510491,BGBMC-20S-3-N1_bin.46.purify_k141_510491_6090-7462,BGBMC-20S-3-N1_bin.46.purify_k141_510491_4(Fam_6729 [★Target]) --> BGBMC-20S-3-N1_bin.46.purify_k141_510491_5(Fam_8386 [★Target])
"(6729, 8386)",3,[8386],SLC-S-3-N1_bin.156.purify_k141_1439491,SLC-S-3-N1_bin.156.purify_k141_1439491_7251-8641,SLC-S-3-N1_bin.156.purify_k141_1439491_7(Fam_8386 [★Target]) --> SLC-S-3-N1_bin.156.purify_k141_1439491_8(Fam_6729 [★Target])
"(5026, 7965)",3,[7965],202009TB-N7_bin.36.purify_k141_1770066,202009TB-N7_bin.36.purify_k141_1770066_505-2057,202009TB-N7_bin.36.purify_k141_1770066_2(Fam_7965 [★Target]) --> 202009TB-N7_bin.36.purify_k141_1770066_3(Fam_5026 [★Target])
"(5026, 7965)",3,[7965],NMC-S-7-N1_bin.64.purify_k141_760899,NMC-S-7-N1_bin.64.purify_k141_760899_10578-11992,NMC-S-7-N1_bin.64.purify_k141_760899_10(Fam_5026 [★Target]) --> NMC-S-7-N1_bin.64.purify_k141_760899_11(Fam_7965 [★Target])
"(5026, 7965)",3,[7965],QHH7-N1_bin.217.purify_k141_2329910,QHH7-N1_bin.217.purify_k141_2329910_352-1940,QHH7-N1_bin.217.purify_k141_2329910_2(Fam_7965 [★Target]) --> QHH7-N1_bin.217.purify_k141_2329910_3(Fam_5026 [★Target])
"(189, 1357)",3,[189],BMC20S-2-N1_bin.8.purify_k141_1368405,BMC20S-2-N1_bin.8.purify_k141_1368405_3-2281,BMC20S-2-N1_bin.8.purify_k141_1368405_1(Fam_1357 [★Target]) --> BMC20S-2-N1_bin.8.purify_k141_1368405_2(Fam_189 [★Target])
"(189, 1357)",3,[189],NMC-S-6-N1_bin.156.purify_k141_1572924,NMC-S-6-N1_bin.156.purify_k141_1572924_1-5195,NMC-S-6-N1_bin.156.purify_k141_1572924_1(Fam_1357 [★Target]) --> NMC-S-6-N1_bin.156.purify_k141_1572924_2(Fam_189 [★Target])
"(189, 1357)",3,[189],PC-20S-1-N1_bin.242.purify_k141_704779,PC-20S-1-N1_bin.242.purify_k141_704779_3-5022,PC-20S-1-N1_bin.242.purify_k141_704779_1(Fam_189 [★Target]) --> PC-20S-1-N1_bin.242.purify_k141_704779_2(Fam_1357 [★Target])
"(5080, 7728)",3,[5080],BGBMC-20S-1-N1_bin.35.purify_k141_1677106,BGBMC-20S-1-N1_bin.35.purify_k141_1677106_204-1411,BGBMC-20S-1-N1_bin.35.purify_k141_1677106_2(Fam_7728 [★Target]) --> BGBMC-20S-1-N1_bin.35.purify_k141_1677106_3(Fam_5080 [★Target])
"(5080, 7728)",3,[5080],BGBMC-20S-1-N1_bin.57.purify_k141_1748821,BGBMC-20S-1-N1_bin.57.purify_k141_1748821_443-1980,BGBMC-20S-1-N1_bin.57.purify_k141_1748821_2(Fam_7728 [★Target]) --> BGBMC-20S-1-N1_bin.57.purify_k141_1748821_3(Fam_5080 [★Target])
"(5080, 7728)",3,[5080],YM-3-34.9m-N1_bin.94.purify_k141_423793,YM-3-34.9m-N1_bin.94.purify_k141_423793_1314-2512,YM-3-34.9m-N1_bin.94.purify_k141_423793_3(Fam_7728 [★Target]) --> YM-3-34.9m-N1_bin.94.purify_k141_423793_4(Fam_5080 [★Target])
"(8744, 9628)",3,[9628],202106QH-W19-N1_bin.131.purify_k141_2307490,202106QH-W19-N1_bin.131.purify_k141_2307490_3815-4985,202106QH-W19-N1_bin.131.purify_k141_2307490_5(Fam_8744 [★Target]) --> 202106QH-W19-N1_bin.131.purify_k141_2307490_6(Fam_9628 [★Target])
"(8744, 9628)",3,[9628],202106QH-W24-N1_bin.187.purify_k141_475507,202106QH-W24-N1_bin.187.purify_k141_475507_3378-4484,202106QH-W24-N1_bin.187.purify_k141_475507_4(Fam_9628 [★Target]) --> 202106QH-W24-N1_bin.187.purify_k141_475507_5(Fam_8744 [★Target])
"(8744, 9628)",3,[9628],202106QH-W25-N1_bin.24.purify_k141_1048499,202106QH-W25-N1_bin.24.purify_k141_1048499_3714-4820,202106QH-W25-N1_bin.24.purify_k141_1048499_5(Fam_8744 [★Target]) --> 202106QH-W25-N1_bin.24.purify_k141_1048499_6(Fam_9628 [★Target])
"(510, 3462, 5555)",3,[510],202106QH-W37-N1_bin.13.purify_k141_569874,202106QH-W37-N1_bin.13.purify_k141_569874_1-4081,202106QH-W37-N1_bin.13.purify_k141_569874_1(Fam_3462 [★Target]) --> 202106QH-W37-N1_bin.13.purify_k141_569874_2(Fam_5555 [★Target]) --> 202106QH-W37-N1_bin.13.purify_k141_569874_3(Fam_510 [★Target])
"(510, 3462, 5555)",3,[510],202106QH-W39-N1_bin.43.purify_k141_1099828,202106QH-W39-N1_bin.43.purify_k141_1099828_2439-7128,202106QH-W39-N1_bin.43.purify_k141_1099828_3(Fam_510 [★Target]) --> 202106QH-W39-N1_bin.43.purify_k141_1099828_4(Fam_5555 [★Target]) --> 202106QH-W39-N1_bin.43.purify_k141_1099828_5(Fam_3462 [★Target])
"(510, 3462, 5555)",3,[510],QHH7-N1_bin.118.purify_k141_2957733,QHH7-N1_bin.118.purify_k141_2957733_2699-7388,QHH7-N1_bin.118.purify_k141_2957733_3(Fam_510 [★Target]) --> QHH7-N1_bin.118.purify_k141_2957733_4(Fam_5555 [★Target]) --> QHH7-N1_bin.118.purify_k141_2957733_5(Fam_3462 [★Target])
"(1959, 2484)",3,[1959],YZYC-20S-1-N1_bin.175.purify_k141_2349273,YZYC-20S-1-N1_bin.175.purify_k141_2349273_1266-4137,YZYC-20S-1-N1_bin.175.purify_k141_2349273_2(Fam_2484 [★Target]) --> YZYC-20S-1-N1_bin.175.purify_k141_2349273_3(Fam_1959 [★Target])
"(1959, 2484)",3,[1959],YZYC-20S-4-N1_bin.45.purify_k141_1157454,YZYC-20S-4-N1_bin.45.purify_k141_1157454_24068-26939,YZYC-20S-4-N1_bin.45.purify_k141_1157454_19(Fam_1959 [★Target]) --> YZYC-20S-4-N1_bin.45.purify_k141_1157454_20(Fam_2484 [★Target])
"(1959, 2484)",3,[1959],YZYC-20S-5-N1_bin.197.purify_k141_312589,YZYC-20S-5-N1_bin.197.purify_k141_312589_65349-68220,YZYC-20S-5-N1_bin.197.purify_k141_312589_47(Fam_1959 [★Target]) --> YZYC-20S-5-N1_bin.197.purify_k141_312589_48(Fam_2484 [★Target])
"(5392, 8628)",3,[8628],202106QH-W16-N1_bin.115.purify_k141_5944,202106QH-W16-N1_bin.115.purify_k141_5944_1221-2656,202106QH-W16-N1_bin.115.purify_k141_5944_2(Fam_5392 [★Target]) --> 202106QH-W16-N1_bin.115.purify_k141_5944_3(Fam_8628 [★Target])
"(5392, 8628)",3,[8628],BMC20S-N1-N1_bin.100.purify_k141_313199,BMC20S-N1-N1_bin.100.purify_k141_313199_1386-2854,BMC20S-N1-N1_bin.100.purify_k141_313199_2(Fam_5392 [★Target]) --> BMC20S-N1-N1_bin.100.purify_k141_313199_3(Fam_8628 [★Target])
"(5392, 8628)",3,[8628],YMH1-N1_bin.59.purify_k141_1978703,YMH1-N1_bin.59.purify_k141_1978703_1313-2771,YMH1-N1_bin.59.purify_k141_1978703_3(Fam_8628 [★Target]) --> YMH1-N1_bin.59.purify_k141_1978703_4(Fam_5392 [★Target])
"(3704, 8176)",3,[3704],202104TB-W31-N1_bin.17.purify_k141_762836,202104TB-W31-N1_bin.17.purify_k141_762836_8387-10161,202104TB-W31-N1_bin.17.purify_k141_762836_9(Fam_3704 [★Target]) --> 202104TB-W31-N1_bin.17.purify_k141_762836_10(Fam_8176 [★Target])
"(3704, 8176)",3,[3704],CE-B-S-2-N1_bin.29.purify_k141_1026022,CE-B-S-2-N1_bin.29.purify_k141_1026022_140-2163,CE-B-S-2-N1_bin.29.purify_k141_1026022_2(Fam_8176 [★Target]) --> CE-B-S-2-N1_bin.29.purify_k141_1026022_3(Fam_3704 [★Target])
"(3704, 8176)",3,[3704],YM-3-34.9m-N1_bin.62.purify_k141_1682518,YM-3-34.9m-N1_bin.62.purify_k141_1682518_8397-10171,YM-3-34.9m-N1_bin.62.purify_k141_1682518_9(Fam_3704 [★Target]) --> YM-3-34.9m-N1_bin.62.purify_k141_1682518_10(Fam_8176 [★Target])
"(901, 8681)",3,[8681],202106QH-W25-N1_bin.24.purify_k141_1446218,202106QH-W25-N1_bin.24.purify_k141_1446218_1125-4294,202106QH-W25-N1_bin.24.purify_k141_1446218_2(Fam_901 [★Target]) --> 202106QH-W25-N1_bin.24.purify_k141_1446218_3(Fam_8681 [★Target]) --> 202106QH-W25-N1_bin.24.purify_k141_1446218_4(Fam_9663)
"(901, 8681)",3,[8681],BGBMC-20S-2-N1_bin.237.purify_k141_895162,BGBMC-20S-2-N1_bin.237.purify_k141_895162_2-2689,BGBMC-20S-2-N1_bin.237.purify_k141_895162_1(Fam_8681 [★Target]) --> BGBMC-20S-2-N1_bin.237.purify_k141_895162_2(Fam_901 [★Target])
"(901, 8681)",3,[8681],NRPC-20S-2-N1_bin.46.purify_k141_888137,NRPC-20S-2-N1_bin.46.purify_k141_888137_2-2731,NRPC-20S-2-N1_bin.46.purify_k141_888137_1(Fam_8681 [★Target]) --> NRPC-20S-2-N1_bin.46.purify_k141_888137_2(Fam_901 [★Target])
"(901, 8681)",3,[8681],PC-20S-3-N1_bin.77.purify_k141_1479425,PC-20S-3-N1_bin.77.purify_k141_1479425_2-2719,PC-20S-3-N1_bin.77.purify_k141_1479425_1(Fam_8681 [★Target]) --> PC-20S-3-N1_bin.77.purify_k141_1479425_2(Fam_901 [★Target])
"(10385, 12242)",3,[12242],202106QH-W30-N1_bin.147.purify_k141_1660972,202106QH-W30-N1_bin.147.purify_k141_1660972_4840-5506,202106QH-W30-N1_bin.147.purify_k141_1660972_6(Fam_12242 [★Target]) --> 202106QH-W30-N1_bin.147.purify_k141_1660972_7(Fam_10385 [★Target])
"(10385, 12242)",3,[12242],YZYC-20S-2-N1_bin.122.purify_k141_892669,YZYC-20S-2-N1_bin.122.purify_k141_892669_3283-3938,YZYC-20S-2-N1_bin.122.purify_k141_892669_8(Fam_10385 [★Target]) --> YZYC-20S-2-N1_bin.122.purify_k141_892669_9(Fam_12242 [★Target])
"(10385, 12242)",3,[12242],YZYC-20S-5-N1_bin.58.purify_k141_1383201,YZYC-20S-5-N1_bin.58.purify_k141_1383201_4297-4952,YZYC-20S-5-N1_bin.58.purify_k141_1383201_8(Fam_10385 [★Target]) --> YZYC-20S-5-N1_bin.58.purify_k141_1383201_9(Fam_12242 [★Target])
"(1489, 2077, 7367)",3,[1489],202104TB-W34-N1_bin.35.purify_k141_2011445,202104TB-W34-N1_bin.35.purify_k141_2011445_178-3535,202104TB-W34-N1_bin.35.purify_k141_2011445_2(Fam_2077 [★Target]) --> 202104TB-W34-N1_bin.35.purify_k141_2011445_3(Fam_7367 [★Target]) --> 202104TB-W34-N1_bin.35.purify_k141_2011445_4(Fam_1489 [★Target])
"(1489, 2077, 7367)",3,[1489],202106QH-W16-N1_bin.119.purify_k141_566705,202106QH-W16-N1_bin.119.purify_k141_566705_173-3338,202106QH-W16-N1_bin.119.purify_k141_566705_2(Fam_1489 [★Target]) --> 202106QH-W16-N1_bin.119.purify_k141_566705_3(Fam_7367 [★Target]) --> 202106QH-W16-N1_bin.119.purify_k141_566705_4(Fam_2077 [★Target])
"(1489, 2077, 7367)",3,[1489],JC-20S-3-N1_bin.66.purify_k141_1586507,JC-20S-3-N1_bin.66.purify_k141_1586507_3-3030,JC-20S-3-N1_bin.66.purify_k141_1586507_1(Fam_2077 [★Target]) --> JC-20S-3-N1_bin.66.purify_k141_1586507_2(Fam_7367 [★Target]) --> JC-20S-3-N1_bin.66.purify_k141_1586507_3(Fam_1489 [★Target])
"(2229, 3975)",3,[3975],202104TB-W70-N1_bin.22.purify_k141_1628312,202104TB-W70-N1_bin.22.purify_k141_1628312_3895-6480,202104TB-W70-N1_bin.22.purify_k141_1628312_5(Fam_2229 [★Target]) --> 202104TB-W70-N1_bin.22.purify_k141_1628312_6(Fam_3975 [★Target])
"(2229, 3975)",3,[3975],BGBMC-20S-2-N1_bin.109.purify_k141_2506884,BGBMC-20S-2-N1_bin.109.purify_k141_2506884_2465-4132,BGBMC-20S-2-N1_bin.109.purify_k141_2506884_3(Fam_3975 [★Target]) --> BGBMC-20S-2-N1_bin.109.purify_k141_2506884_4(Fam_2229 [★Target])
"(2229, 3975)",3,[3975],QHH10-N1_bin.2.purify_k141_2213702,QHH10-N1_bin.2.purify_k141_2213702_2777-5362,QHH10-N1_bin.2.purify_k141_2213702_4(Fam_2229 [★Target]) --> QHH10-N1_bin.2.purify_k141_2213702_5(Fam_3975 [★Target])
"(2700, 7651)",3,[7651],NMC-S-6-N1_bin.68.purify_k141_84861,NMC-S-6-N1_bin.68.purify_k141_84861_5179-7133,NMC-S-6-N1_bin.68.purify_k141_84861_8(Fam_2700 [★Target]) --> NMC-S-6-N1_bin.68.purify_k141_84861_9(Fam_7651 [★Target])
"(2700, 7651)",3,[7651],SLHSD1-N1_bin.27.purify_k141_808942,SLHSD1-N1_bin.27.purify_k141_808942_13727-15679,SLHSD1-N1_bin.27.purify_k141_808942_12(Fam_2700 [★Target]) --> SLHSD1-N1_bin.27.purify_k141_808942_13(Fam_7651 [★Target])
"(2700, 7651)",3,[7651],ZJ-S-N13.9m-N2_bin.45.purify_k141_367241,ZJ-S-N13.9m-N2_bin.45.purify_k141_367241_1683-3704,ZJ-S-N13.9m-N2_bin.45.purify_k141_367241_4(Fam_2700 [★Target]) --> ZJ-S-N13.9m-N2_bin.45.purify_k141_367241_5(Fam_7651 [★Target])
"(133, 1972)",3,[1972],202104TB-W33-N1_bin.157.purify_k141_60522,202104TB-W33-N1_bin.157.purify_k141_60522_3171-6475,202104TB-W33-N1_bin.157.purify_k141_60522_5(Fam_1972 [★Target]) --> 202104TB-W33-N1_bin.157.purify_k141_60522_8(Fam_133 [★Target])
"(133, 1972)",3,[1972],YM-3-34.9m-N1_bin.180.purify_k141_397614,YM-3-34.9m-N1_bin.180.purify_k141_397614_5181-8485,YM-3-34.9m-N1_bin.180.purify_k141_397614_8(Fam_1972 [★Target]) --> YM-3-34.9m-N1_bin.180.purify_k141_397614_11(Fam_133 [★Target])
"(133, 1972)",3,[1972],YM-S-27.0m-N1_bin.161.purify_k141_786337,YM-S-27.0m-N1_bin.161.purify_k141_786337_4060-7364,YM-S-27.0m-N1_bin.161.purify_k141_786337_4(Fam_133 [★Target]) --> YM-S-27.0m-N1_bin.161.purify_k141_786337_7(Fam_1972 [★Target])
"(5033, 7673)",3,[5033],CE-20S-1-N1_bin.37.purify_k141_779201,CE-20S-1-N1_bin.37.purify_k141_779201_824-2683,CE-20S-1-N1_bin.37.purify_k141_779201_2(Fam_7673 [★Target]) --> CE-20S-1-N1_bin.37.purify_k141_779201_3(Fam_5033 [★Target])
"(5033, 7673)",3,[5033],CE-20S-2-N1_bin.84.purify_k141_633243,CE-20S-2-N1_bin.84.purify_k141_633243_926-2785,CE-20S-2-N1_bin.84.purify_k141_633243_3(Fam_7673 [★Target]) --> CE-20S-2-N1_bin.84.purify_k141_633243_4(Fam_5033 [★Target])
"(5033, 7673)",3,[5033],SLC-S-3-N1_bin.221.purify_k141_2448410,SLC-S-3-N1_bin.221.purify_k141_2448410_1628-3487,SLC-S-3-N1_bin.221.purify_k141_2448410_3(Fam_5033 [★Target]) --> SLC-S-3-N1_bin.221.purify_k141_2448410_4(Fam_7673 [★Target])
"(10825, 12418)",3,[12418],202104TB-W70-N1_bin.76.purify_k141_855341,202104TB-W70-N1_bin.76.purify_k141_855341_3303-4058,202104TB-W70-N1_bin.76.purify_k141_855341_6(Fam_10825 [★Target]) --> 202104TB-W70-N1_bin.76.purify_k141_855341_7(Fam_12418 [★Target])
"(10825, 12418)",3,[12418],CE-20S-1-N1_bin.149.purify_k141_88622,CE-20S-1-N1_bin.149.purify_k141_88622_8680-9435,CE-20S-1-N1_bin.149.purify_k141_88622_9(Fam_10825 [★Target]) --> CE-20S-1-N1_bin.149.purify_k141_88622_10(Fam_12418 [★Target])
"(10825, 12418)",3,[12418],NRPC-20S-2-N1_bin.12.purify_k141_736837,NRPC-20S-2-N1_bin.12.purify_k141_736837_8529-9284,NRPC-20S-2-N1_bin.12.purify_k141_736837_7(Fam_12418 [★Target]) --> NRPC-20S-2-N1_bin.12.purify_k141_736837_8(Fam_10825 [★Target])
"(1902, 4965)",3,"[1902, 4965]",SLC-S-7-N1_bin.120.purify_k141_759499,SLC-S-7-N1_bin.120.purify_k141_759499_6034-8485,SLC-S-7-N1_bin.120.purify_k141_759499_6(Fam_4965 [★Target]) --> SLC-S-7-N1_bin.120.purify_k141_759499_7(Fam_1902 [★Target])
"(1902, 4965)",3,"[1902, 4965]",YM-3-34.9m-N1_bin.54.purify_k141_1730726,YM-3-34.9m-N1_bin.54.purify_k141_1730726_908-3461,YM-3-34.9m-N1_bin.54.purify_k141_1730726_3(Fam_1902 [★Target]) --> YM-3-34.9m-N1_bin.54.purify_k141_1730726_4(Fam_4965 [★Target])
"(1902, 4965)",3,"[1902, 4965]",ZJZBSD-s05-2-N2_bin.85.purify_k141_1022994,ZJZBSD-s05-2-N2_bin.85.purify_k141_1022994_2-1483,ZJZBSD-s05-2-N2_bin.85.purify_k141_1022994_1(Fam_1902 [★Target]) --> ZJZBSD-s05-2-N2_bin.85.purify_k141_1022994_2(Fam_4965 [★Target])
"(11443, 12479)",3,"[11443, 12479]",202106QH-W16-N1_bin.153.purify_k141_1110149,202106QH-W16-N1_bin.153.purify_k141_1110149_11567-12156,202106QH-W16-N1_bin.153.purify_k141_1110149_13(Fam_11443 [★Target]) --> 202106QH-W16-N1_bin.153.purify_k141_1110149_14(Fam_12479 [★Target])
"(11443, 12479)",3,"[11443, 12479]",202106QH-W25-N1_bin.76.purify_k141_229934,202106QH-W25-N1_bin.76.purify_k141_229934_11733-12322,202106QH-W25-N1_bin.76.purify_k141_229934_13(Fam_11443 [★Target]) --> 202106QH-W25-N1_bin.76.purify_k141_229934_14(Fam_12479 [★Target])
"(11443, 12479)",3,"[11443, 12479]",202106QH-W27-N1_bin.109.purify_k141_3096220,202106QH-W27-N1_bin.109.purify_k141_3096220_9544-10133,202106QH-W27-N1_bin.109.purify_k141_3096220_11(Fam_11443 [★Target]) --> 202106QH-W27-N1_bin.109.purify_k141_3096220_12(Fam_12479 [★Target])
"(1074, 3044)",3,[1074],BGBMC-20S-2-N1_bin.55.purify_k141_288096,BGBMC-20S-2-N1_bin.55.purify_k141_288096_2317-6644,BGBMC-20S-2-N1_bin.55.purify_k141_288096_4(Fam_3044 [★Target]) --> BGBMC-20S-2-N1_bin.55.purify_k141_288096_6(Fam_1074 [★Target])
"(1074, 3044)",3,[1074],BGBMC-20S-3-N1_bin.176.purify_k141_1610270,BGBMC-20S-3-N1_bin.176.purify_k141_1610270_11077-15404,BGBMC-20S-3-N1_bin.176.purify_k141_1610270_11(Fam_1074 [★Target]) --> BGBMC-20S-3-N1_bin.176.purify_k141_1610270_13(Fam_3044 [★Target])
"(1074, 3044)",3,[1074],SLC-S-N1_bin.167.purify_k141_1903551,SLC-S-N1_bin.167.purify_k141_1903551_11065-15392,SLC-S-N1_bin.167.purify_k141_1903551_11(Fam_1074 [★Target]) --> SLC-S-N1_bin.167.purify_k141_1903551_13(Fam_3044 [★Target])
"(3792, 5457)",3,[3792],CE-20S-1-N1_bin.11.purify_k141_259220,CE-20S-1-N1_bin.11.purify_k141_259220_2075-5263,CE-20S-1-N1_bin.11.purify_k141_259220_4(Fam_3792 [★Target]) --> CE-20S-1-N1_bin.11.purify_k141_259220_6(Fam_5457 [★Target])
"(3792, 5457)",3,[3792],CE-20S-2-N1_bin.39.purify_k141_1581105,CE-20S-2-N1_bin.39.purify_k141_1581105_1697-4885,CE-20S-2-N1_bin.39.purify_k141_1581105_4(Fam_3792 [★Target]) --> CE-20S-2-N1_bin.39.purify_k141_1581105_6(Fam_5457 [★Target])
"(3792, 5457)",3,[3792],QHH17-N1_bin.69.purify_k141_1405617,QHH17-N1_bin.69.purify_k141_1405617_9923-13111,QHH17-N1_bin.69.purify_k141_1405617_8(Fam_5457 [★Target]) --> QHH17-N1_bin.69.purify_k141_1405617_10(Fam_3792 [★Target])
"(6434, 7621)",3,[6434],202104TB-W31-N1_bin.29.purify_k141_1219278,202104TB-W31-N1_bin.29.purify_k141_1219278_571-2159,202104TB-W31-N1_bin.29.purify_k141_1219278_2(Fam_6434 [★Target]) --> 202104TB-W31-N1_bin.29.purify_k141_1219278_3(Fam_7621 [★Target])
"(6434, 7621)",3,[6434],CE-D-S-N1_bin.90.purify_k141_1494725,CE-D-S-N1_bin.90.purify_k141_1494725_678-2270,CE-D-S-N1_bin.90.purify_k141_1494725_2(Fam_6434 [★Target]) --> CE-D-S-N1_bin.90.purify_k141_1494725_3(Fam_7621 [★Target])
"(6434, 7621)",3,[6434],YM-3-34.9m-N1_bin.145.purify_k141_683391,YM-3-34.9m-N1_bin.145.purify_k141_683391_681-2269,YM-3-34.9m-N1_bin.145.purify_k141_683391_2(Fam_6434 [★Target]) --> YM-3-34.9m-N1_bin.145.purify_k141_683391_3(Fam_7621 [★Target])
"(6945, 11889)",3,[6945],202104TB-W31-N1_bin.58.purify_k141_582994,202104TB-W31-N1_bin.58.purify_k141_582994_2-1091,202104TB-W31-N1_bin.58.purify_k141_582994_1(Fam_6945 [★Target]) --> 202104TB-W31-N1_bin.58.purify_k141_582994_2(Fam_11889 [★Target])
"(6945, 11889)",3,[6945],CE-20S-1-N1_bin.53.purify_k141_1499062,CE-20S-1-N1_bin.53.purify_k141_1499062_3-651,CE-20S-1-N1_bin.53.purify_k141_1499062_1(Fam_6945 [★Target]) --> CE-20S-1-N1_bin.53.purify_k141_1499062_2(Fam_11889 [★Target])
"(6945, 11889)",3,[6945],CE-20S-2-N1_bin.51.purify_k141_1272209,CE-20S-2-N1_bin.51.purify_k141_1272209_2-656,CE-20S-2-N1_bin.51.purify_k141_1272209_1(Fam_6945 [★Target]) --> CE-20S-2-N1_bin.51.purify_k141_1272209_2(Fam_11889 [★Target])
"(7738, 12680)",3,[12680],JC-20S-2-N1_bin.79.purify_k141_1377349,JC-20S-2-N1_bin.79.purify_k141_1377349_742-1718,JC-20S-2-N1_bin.79.purify_k141_1377349_3(Fam_12680 [★Target]) --> JC-20S-2-N1_bin.79.purify_k141_1377349_4(Fam_7738 [★Target])
"(7738, 12680)",3,[12680],QHH17-N1_bin.48.purify_k141_1580357,QHH17-N1_bin.48.purify_k141_1580357_330-1306,QHH17-N1_bin.48.purify_k141_1580357_2(Fam_7738 [★Target]) --> QHH17-N1_bin.48.purify_k141_1580357_3(Fam_12680 [★Target])
"(7738, 12680)",3,[12680],QHH10-N1_bin.140.purify_k141_1069510,QHH10-N1_bin.140.purify_k141_1069510_1927-2873,QHH10-N1_bin.140.purify_k141_1069510_3(Fam_12680 [★Target]) --> QHH10-N1_bin.140.purify_k141_1069510_4(Fam_7738 [★Target])
"(6531, 8575)",3,[6531],202104TB-W71-N1_bin.108.purify_k141_988379,202104TB-W71-N1_bin.108.purify_k141_988379_6781-8128,202104TB-W71-N1_bin.108.purify_k141_988379_5(Fam_8575 [★Target]) --> 202104TB-W71-N1_bin.108.purify_k141_988379_6(Fam_6531 [★Target])
"(6531, 8575)",3,[6531],202106QH-W30-N1_bin.24.purify_k141_935933,202106QH-W30-N1_bin.24.purify_k141_935933_49-1213,202106QH-W30-N1_bin.24.purify_k141_935933_1(Fam_6531 [★Target]) --> 202106QH-W30-N1_bin.24.purify_k141_935933_2(Fam_8575 [★Target])
"(6531, 8575)",3,[6531],CRC-20S-3-N1_bin.100.purify_k141_786538,CRC-20S-3-N1_bin.100.purify_k141_786538_1470-2820,CRC-20S-3-N1_bin.100.purify_k141_786538_3(Fam_6531 [★Target]) --> CRC-20S-3-N1_bin.100.purify_k141_786538_4(Fam_8575 [★Target])
"(2280, 8111)",3,[8111],202104TB-W73-N1_bin.62.purify_k141_329854,202104TB-W73-N1_bin.62.purify_k141_329854_1-1963,202104TB-W73-N1_bin.62.purify_k141_329854_1(Fam_8111 [★Target]) --> 202104TB-W73-N1_bin.62.purify_k141_329854_2(Fam_2280 [★Target])
"(2280, 8111)",3,[8111],202106QH-W19-N1_bin.94.purify_k141_3131297,202106QH-W19-N1_bin.94.purify_k141_3131297_4504-6491,202106QH-W19-N1_bin.94.purify_k141_3131297_4(Fam_2280 [★Target]) --> 202106QH-W19-N1_bin.94.purify_k141_3131297_5(Fam_8111 [★Target])
"(2280, 8111)",3,[8111],LLSD-4-N1_bin.7.purify_k141_568264,LLSD-4-N1_bin.7.purify_k141_568264_2015-4031,LLSD-4-N1_bin.7.purify_k141_568264_2(Fam_8111 [★Target]) --> LLSD-4-N1_bin.7.purify_k141_568264_3(Fam_2280 [★Target])
"(2130, 10793)",3,[2130],202104TB-W70-N1_bin.223.purify_k141_1499625,202104TB-W70-N1_bin.223.purify_k141_1499625_4289-6184,202104TB-W70-N1_bin.223.purify_k141_1499625_6(Fam_10793 [★Target]) --> 202104TB-W70-N1_bin.223.purify_k141_1499625_7(Fam_2130 [★Target])
"(2130, 10793)",3,[2130],NRPC-20S-2-N1_bin.153.purify_k141_473059,NRPC-20S-2-N1_bin.153.purify_k141_473059_3315-5207,NRPC-20S-2-N1_bin.153.purify_k141_473059_5(Fam_10793 [★Target]) --> NRPC-20S-2-N1_bin.153.purify_k141_473059_6(Fam_2130 [★Target])
"(2130, 10793)",3,[2130],CE-D-S-N1_bin.133.purify_k141_1079122,CE-D-S-N1_bin.133.purify_k141_1079122_3711-5606,CE-D-S-N1_bin.133.purify_k141_1079122_6(Fam_10793 [★Target]) --> CE-D-S-N1_bin.133.purify_k141_1079122_7(Fam_2130 [★Target])
"(7601, 12165)",3,[7601],CE-N-S-N1_bin.71.purify_k141_737698,CE-N-S-N1_bin.71.purify_k141_737698_28708-30196,CE-N-S-N1_bin.71.purify_k141_737698_28(Fam_7601 [★Target]) --> CE-N-S-N1_bin.71.purify_k141_737698_29(Fam_12165 [★Target])
"(7601, 12165)",3,[7601],YM-3-34.9m-N1_bin.201.purify_k141_8771,YM-3-34.9m-N1_bin.201.purify_k141_8771_5947-7435,YM-3-34.9m-N1_bin.201.purify_k141_8771_5(Fam_7601 [★Target]) --> YM-3-34.9m-N1_bin.201.purify_k141_8771_6(Fam_12165 [★Target])
"(7601, 12165)",3,[7601],ZJ-S-05.4m-N1_bin.114.purify_k141_952491,ZJ-S-05.4m-N1_bin.114.purify_k141_952491_74891-76379,ZJ-S-05.4m-N1_bin.114.purify_k141_952491_61(Fam_7601 [★Target]) --> ZJ-S-05.4m-N1_bin.114.purify_k141_952491_62(Fam_12165 [★Target])
"(2874, 4857)",3,[2874],QHH10-N1_bin.137.purify_k141_62859,QHH10-N1_bin.137.purify_k141_62859_1641-3028,QHH10-N1_bin.137.purify_k141_62859_4(Fam_2874 [★Target]) --> QHH10-N1_bin.137.purify_k141_62859_5(Fam_4857 [★Target])
"(2874, 4857)",3,[2874],QHH17-N1_bin.130.purify_k141_1378285,QHH17-N1_bin.130.purify_k141_1378285_5497-6884,QHH17-N1_bin.130.purify_k141_1378285_10(Fam_4857 [★Target]) --> QHH17-N1_bin.130.purify_k141_1378285_11(Fam_2874 [★Target])
"(2874, 4857)",3,[2874],QHH7-N1_bin.16.purify_k141_718836,QHH7-N1_bin.16.purify_k141_718836_5549-6936,QHH7-N1_bin.16.purify_k141_718836_10(Fam_4857 [★Target]) --> QHH7-N1_bin.16.purify_k141_718836_11(Fam_2874 [★Target])
"(4083, 5012)",3,[5012],202009TB-N11_bin.47.purify_k141_1386102,202009TB-N11_bin.47.purify_k141_1386102_2-1659,202009TB-N11_bin.47.purify_k141_1386102_1(Fam_4083 [★Target]) --> 202009TB-N11_bin.47.purify_k141_1386102_2(Fam_5012 [★Target])
"(4083, 5012)",3,[5012],202106QH-W38-N1_bin.86.purify_k141_1603547,202106QH-W38-N1_bin.86.purify_k141_1603547_1-1316,202106QH-W38-N1_bin.86.purify_k141_1603547_1(Fam_4083 [★Target]) --> 202106QH-W38-N1_bin.86.purify_k141_1603547_2(Fam_5012 [★Target])
"(4083, 5012)",3,[5012],GH-N1_bin.210.purify_k141_2363174,GH-N1_bin.210.purify_k141_2363174_182-1728,GH-N1_bin.210.purify_k141_2363174_2(Fam_5012 [★Target]) --> GH-N1_bin.210.purify_k141_2363174_3(Fam_4083 [★Target])
"(11444, 11936)",3,[11444],202106QH-W19-N1_bin.152.purify_k141_1604276,202106QH-W19-N1_bin.152.purify_k141_1604276_6993-7533,202106QH-W19-N1_bin.152.purify_k141_1604276_5(Fam_11444 [★Target]) --> 202106QH-W19-N1_bin.152.purify_k141_1604276_6(Fam_11936 [★Target])
"(11444, 11936)",3,[11444],202106QH-W29-N1_bin.136.purify_k141_1148850,202106QH-W29-N1_bin.136.purify_k141_1148850_9445-9985,202106QH-W29-N1_bin.136.purify_k141_1148850_9(Fam_11936 [★Target]) --> 202106QH-W29-N1_bin.136.purify_k141_1148850_10(Fam_11444 [★Target])
"(11444, 11936)",3,[11444],QHH6-N1_bin.85.purify_k141_794148,QHH6-N1_bin.85.purify_k141_794148_3567-4107,QHH6-N1_bin.85.purify_k141_794148_4(Fam_11444 [★Target]) --> QHH6-N1_bin.85.purify_k141_794148_5(Fam_11936 [★Target])
"(202, 221)",3,[221],202106QH-W30-N1_bin.106.purify_k141_1411129,202106QH-W30-N1_bin.106.purify_k141_1411129_1088-6167,202106QH-W30-N1_bin.106.purify_k141_1411129_3(Fam_202 [★Target]) --> 202106QH-W30-N1_bin.106.purify_k141_1411129_5(Fam_221 [★Target])
"(202, 221)",3,[221],202106QH-W39-N1_bin.43.purify_k141_1203296,202106QH-W39-N1_bin.43.purify_k141_1203296_1-6028,202106QH-W39-N1_bin.43.purify_k141_1203296_1(Fam_202 [★Target]) --> 202106QH-W39-N1_bin.43.purify_k141_1203296_3(Fam_221 [★Target])
"(202, 221)",3,[221],QHH17-N1_bin.55.purify_k141_1630339,QHH17-N1_bin.55.purify_k141_1630339_3-7452,QHH17-N1_bin.55.purify_k141_1630339_1(Fam_221 [★Target]) --> QHH17-N1_bin.55.purify_k141_1630339_3(Fam_202 [★Target])
"(1942, 12505)",3,[1942],202106QH-W29-N1_bin.114.purify_k141_1792326,202106QH-W29-N1_bin.114.purify_k141_1792326_208-782,202106QH-W29-N1_bin.114.purify_k141_1792326_1(Fam_1942 [★Target]) --> 202106QH-W29-N1_bin.114.purify_k141_1792326_2(Fam_12505 [★Target])
"(1942, 12505)",3,[1942],202106QH-W39-N1_bin.111.purify_k141_1294483,202106QH-W39-N1_bin.111.purify_k141_1294483_2151-2725,202106QH-W39-N1_bin.111.purify_k141_1294483_5(Fam_12505 [★Target]) --> 202106QH-W39-N1_bin.111.purify_k141_1294483_6(Fam_1942 [★Target])
"(1942, 12505)",3,[1942],QHH10-N1_bin.134.purify_k141_2147303,QHH10-N1_bin.134.purify_k141_2147303_2214-2788,QHH10-N1_bin.134.purify_k141_2147303_4(Fam_12505 [★Target]) --> QHH10-N1_bin.134.purify_k141_2147303_5(Fam_1942 [★Target])
"(1147, 1811)",3,[1147],BGBMC-20S-2-N1_bin.166.purify_k141_1817478,BGBMC-20S-2-N1_bin.166.purify_k141_1817478_308-3940,BGBMC-20S-2-N1_bin.166.purify_k141_1817478_2(Fam_1811 [★Target]) --> BGBMC-20S-2-N1_bin.166.purify_k141_1817478_3(Fam_1147 [★Target])
"(1147, 1811)",3,[1147],CE-20S-2-N1_bin.77.purify_k141_1485029,CE-20S-2-N1_bin.77.purify_k141_1485029_5620-9237,CE-20S-2-N1_bin.77.purify_k141_1485029_6(Fam_1147 [★Target]) --> CE-20S-2-N1_bin.77.purify_k141_1485029_7(Fam_1811 [★Target])
"(1147, 1811)",3,[1147],PC-20S-3-N1_bin.158.purify_k141_23376,PC-20S-3-N1_bin.158.purify_k141_23376_6316-9948,PC-20S-3-N1_bin.158.purify_k141_23376_6(Fam_1147 [★Target]) --> PC-20S-3-N1_bin.158.purify_k141_23376_7(Fam_1811 [★Target])
"(1103, 5154)",3,[5154],YZYC-20S-2-N1_bin.7.purify_k141_1218828,YZYC-20S-2-N1_bin.7.purify_k141_1218828_9819-12842,YZYC-20S-2-N1_bin.7.purify_k141_1218828_9(Fam_1103 [★Target]) --> YZYC-20S-2-N1_bin.7.purify_k141_1218828_10(Fam_5154 [★Target])
"(1103, 5154)",3,[5154],YZYC-20S-4-N1_bin.77.purify_k141_935651,YZYC-20S-4-N1_bin.77.purify_k141_935651_1688-4711,YZYC-20S-4-N1_bin.77.purify_k141_935651_5(Fam_1103 [★Target]) --> YZYC-20S-4-N1_bin.77.purify_k141_935651_6(Fam_5154 [★Target])
"(1103, 5154)",3,[5154],YZYC-20S-7-N1_bin.43.purify_k141_923484,YZYC-20S-7-N1_bin.43.purify_k141_923484_2466-5489,YZYC-20S-7-N1_bin.43.purify_k141_923484_5(Fam_5154 [★Target]) --> YZYC-20S-7-N1_bin.43.purify_k141_923484_6(Fam_1103 [★Target])
"(11665, 12112)",3,[11665],202104TB-W41-N1_bin.80.purify_k141_652980,202104TB-W41-N1_bin.80.purify_k141_652980_1780-5831,202104TB-W41-N1_bin.80.purify_k141_652980_4(Fam_11665 [★Target]) --> 202104TB-W41-N1_bin.80.purify_k141_652980_5(Fam_12112 [★Target]) --> 202104TB-W41-N1_bin.80.purify_k141_652980_10(Fam_1823) --> 202104TB-W41-N1_bin.80.purify_k141_652980_11(Fam_7456)
"(11665, 12112)",3,[11665],202106QH-W15-N1_bin.65.purify_k141_397649,202106QH-W15-N1_bin.65.purify_k141_397649_2494-3037,202106QH-W15-N1_bin.65.purify_k141_397649_4(Fam_12112 [★Target]) --> 202106QH-W15-N1_bin.65.purify_k141_397649_5(Fam_11665 [★Target])
"(11665, 12112)",3,[11665],BGBMC-20S-2-N1_bin.234.purify_k141_2098037,BGBMC-20S-2-N1_bin.234.purify_k141_2098037_305-848,BGBMC-20S-2-N1_bin.234.purify_k141_2098037_2(Fam_11665 [★Target]) --> BGBMC-20S-2-N1_bin.234.purify_k141_2098037_3(Fam_12112 [★Target])
"(11665, 12112)",3,[11665],BMC20S-N1-N1_bin.164.purify_k141_284614,BMC20S-N1-N1_bin.164.purify_k141_284614_7455-7998,BMC20S-N1-N1_bin.164.purify_k141_284614_10(Fam_11665 [★Target]) --> BMC20S-N1-N1_bin.164.purify_k141_284614_11(Fam_12112 [★Target])
"(526, 4234)",3,[526],JC-20S-3-N1_bin.143.purify_k141_1000956,JC-20S-3-N1_bin.143.purify_k141_1000956_1-1784,JC-20S-3-N1_bin.143.purify_k141_1000956_1(Fam_526 [★Target]) --> JC-20S-3-N1_bin.143.purify_k141_1000956_2(Fam_4234 [★Target])
"(526, 4234)",3,[526],PC-20S-2-N1_bin.13.purify_k141_837563,PC-20S-2-N1_bin.13.purify_k141_837563_3-3088,PC-20S-2-N1_bin.13.purify_k141_837563_1(Fam_526 [★Target]) --> PC-20S-2-N1_bin.13.purify_k141_837563_2(Fam_4234 [★Target])
"(526, 4234)",3,[526],YZYC-20S-6-N1_bin.53.purify_k141_1150685,YZYC-20S-6-N1_bin.53.purify_k141_1150685_3-2470,YZYC-20S-6-N1_bin.53.purify_k141_1150685_1(Fam_4234 [★Target]) --> YZYC-20S-6-N1_bin.53.purify_k141_1150685_2(Fam_526 [★Target])
"(270, 6658)",3,[6658],202104TB-W31-N1_bin.148.purify_k141_757588,202104TB-W31-N1_bin.148.purify_k141_757588_471-4598,202104TB-W31-N1_bin.148.purify_k141_757588_2(Fam_270 [★Target]) --> 202104TB-W31-N1_bin.148.purify_k141_757588_3(Fam_6658 [★Target])
"(270, 6658)",3,[6658],202104TB-W31-N1_bin.3.purify_k141_182355,202104TB-W31-N1_bin.3.purify_k141_182355_3-3677,202104TB-W31-N1_bin.3.purify_k141_182355_1(Fam_270 [★Target]) --> 202104TB-W31-N1_bin.3.purify_k141_182355_2(Fam_6658 [★Target])
"(270, 6658)",3,[6658],YM-S-27.0m-N1_bin.1.purify_k141_828739,YM-S-27.0m-N1_bin.1.purify_k141_828739_1310-5433,YM-S-27.0m-N1_bin.1.purify_k141_828739_3(Fam_270 [★Target]) --> YM-S-27.0m-N1_bin.1.purify_k141_828739_4(Fam_6658 [★Target])
"(747, 5531)",3,[5531],202106QH-W18-N1_bin.117.purify_k141_1294139,202106QH-W18-N1_bin.117.purify_k141_1294139_3-3252,202106QH-W18-N1_bin.117.purify_k141_1294139_1(Fam_5531 [★Target]) --> 202106QH-W18-N1_bin.117.purify_k141_1294139_2(Fam_747 [★Target])
"(747, 5531)",3,[5531],202106QH-W19-N1_bin.177.purify_k141_102915,202106QH-W19-N1_bin.177.purify_k141_102915_3-3252,202106QH-W19-N1_bin.177.purify_k141_102915_1(Fam_5531 [★Target]) --> 202106QH-W19-N1_bin.177.purify_k141_102915_2(Fam_747 [★Target])
"(747, 5531)",3,[5531],202106QH-W27-N1_bin.211.purify_k141_46095,202106QH-W27-N1_bin.211.purify_k141_46095_3-3252,202106QH-W27-N1_bin.211.purify_k141_46095_1(Fam_5531 [★Target]) --> 202106QH-W27-N1_bin.211.purify_k141_46095_2(Fam_747 [★Target])
"(1999, 9472)",3,[1999],202106QH-W29-N1_bin.58.purify_k141_1368900,202106QH-W29-N1_bin.58.purify_k141_1368900_2782-4893,202106QH-W29-N1_bin.58.purify_k141_1368900_4(Fam_9472 [★Target]) --> 202106QH-W29-N1_bin.58.purify_k141_1368900_5(Fam_1999 [★Target])
"(1999, 9472)",3,[1999],202106QH-W33-N1_bin.105.purify_k141_446343,202106QH-W33-N1_bin.105.purify_k141_446343_11752-13584,202106QH-W33-N1_bin.105.purify_k141_446343_15(Fam_9472 [★Target]) --> 202106QH-W33-N1_bin.105.purify_k141_446343_16(Fam_1999 [★Target])
"(1999, 9472)",3,[1999],QHH8-N1_bin.121.purify_k141_456648,QHH8-N1_bin.121.purify_k141_456648_6132-7976,QHH8-N1_bin.121.purify_k141_456648_8(Fam_9472 [★Target]) --> QHH8-N1_bin.121.purify_k141_456648_9(Fam_1999 [★Target])
"(11221, 11745)",3,[11745],JC-20S-1-N1_bin.122.purify_k141_413945,JC-20S-1-N1_bin.122.purify_k141_413945_4345-5332,JC-20S-1-N1_bin.122.purify_k141_413945_7(Fam_11221 [★Target]) --> JC-20S-1-N1_bin.122.purify_k141_413945_8(Fam_11745 [★Target])
"(11221, 11745)",3,[11745],JC-20S-2-N1_bin.65.purify_k141_639185,JC-20S-2-N1_bin.65.purify_k141_639185_4344-5331,JC-20S-2-N1_bin.65.purify_k141_639185_7(Fam_11221 [★Target]) --> JC-20S-2-N1_bin.65.purify_k141_639185_8(Fam_11745 [★Target])
"(11221, 11745)",3,[11745],JC-20S-3-N1_bin.88.purify_k141_372792,JC-20S-3-N1_bin.88.purify_k141_372792_2778-3765,JC-20S-3-N1_bin.88.purify_k141_372792_4(Fam_11221 [★Target]) --> JC-20S-3-N1_bin.88.purify_k141_372792_5(Fam_11745 [★Target])
"(5668, 9309)",3,[5668],202104TB-W49-N1_bin.82.purify_k141_180065,202104TB-W49-N1_bin.82.purify_k141_180065_194-1598,202104TB-W49-N1_bin.82.purify_k141_180065_2(Fam_5668 [★Target]) --> 202104TB-W49-N1_bin.82.purify_k141_180065_3(Fam_9309 [★Target])
"(5668, 9309)",3,[5668],202104TB-W50-N1_bin.11.purify_k141_584729,202104TB-W50-N1_bin.11.purify_k141_584729_538-1852,202104TB-W50-N1_bin.11.purify_k141_584729_2(Fam_9309 [★Target]) --> 202104TB-W50-N1_bin.11.purify_k141_584729_3(Fam_5668 [★Target])
"(5668, 9309)",3,[5668],202106QH-W19-N1_bin.22.purify_k141_2280359,202106QH-W19-N1_bin.22.purify_k141_2280359_2-1139,202106QH-W19-N1_bin.22.purify_k141_2280359_1(Fam_9309 [★Target]) --> 202106QH-W19-N1_bin.22.purify_k141_2280359_2(Fam_5668 [★Target])
"(2214, 6517)",3,[6517],202104TB-W31-N1_bin.118.purify_k141_1215514,202104TB-W31-N1_bin.118.purify_k141_1215514_240-2315,202104TB-W31-N1_bin.118.purify_k141_1215514_2(Fam_2214 [★Target]) --> 202104TB-W31-N1_bin.118.purify_k141_1215514_3(Fam_6517 [★Target])
"(2214, 6517)",3,[6517],202106QH-W18-N1_bin.295.purify_k141_5335636,202106QH-W18-N1_bin.295.purify_k141_5335636_1202-3372,202106QH-W18-N1_bin.295.purify_k141_5335636_2(Fam_2214 [★Target]) --> 202106QH-W18-N1_bin.295.purify_k141_5335636_3(Fam_6517 [★Target])
"(2214, 6517)",3,[6517],BMC20S-N1-N1_bin.104.purify_k141_740822,BMC20S-N1-N1_bin.104.purify_k141_740822_3-1988,BMC20S-N1-N1_bin.104.purify_k141_740822_1(Fam_6517 [★Target]) --> BMC20S-N1-N1_bin.104.purify_k141_740822_2(Fam_2214 [★Target])
"(2773, 4172)",3,[4172],202104TB-W31-N1_bin.99.purify_k141_1363758,202104TB-W31-N1_bin.99.purify_k141_1363758_23576-25941,202104TB-W31-N1_bin.99.purify_k141_1363758_21(Fam_4172 [★Target]) --> 202104TB-W31-N1_bin.99.purify_k141_1363758_22(Fam_2773 [★Target])
"(2773, 4172)",3,[4172],202104TB-W32-N1_bin.147.purify_k141_187819,202104TB-W32-N1_bin.147.purify_k141_187819_3637-6002,202104TB-W32-N1_bin.147.purify_k141_187819_5(Fam_4172 [★Target]) --> 202104TB-W32-N1_bin.147.purify_k141_187819_6(Fam_2773 [★Target])
"(2773, 4172)",3,[4172],ZJ-S-05.4m-N1_bin.138.purify_k141_2262052,ZJ-S-05.4m-N1_bin.138.purify_k141_2262052_3516-5881,ZJ-S-05.4m-N1_bin.138.purify_k141_2262052_4(Fam_2773 [★Target]) --> ZJ-S-05.4m-N1_bin.138.purify_k141_2262052_5(Fam_4172 [★Target])
"(7321, 8779)",3,[8779],202104TB-W70-N1_bin.25.purify_k141_799029,202104TB-W70-N1_bin.25.purify_k141_799029_517-1789,202104TB-W70-N1_bin.25.purify_k141_799029_2(Fam_8779 [★Target]) --> 202104TB-W70-N1_bin.25.purify_k141_799029_3(Fam_7321 [★Target])
"(7321, 8779)",3,[8779],202106QH-W25-N1_bin.197.purify_k141_27764,202106QH-W25-N1_bin.197.purify_k141_27764_6024-7302,202106QH-W25-N1_bin.197.purify_k141_27764_7(Fam_8779 [★Target]) --> 202106QH-W25-N1_bin.197.purify_k141_27764_8(Fam_7321 [★Target])
"(7321, 8779)",3,[8779],202106QH-W25-N1_bin.70.purify_k141_2994332,202106QH-W25-N1_bin.70.purify_k141_2994332_1204-2482,202106QH-W25-N1_bin.70.purify_k141_2994332_3(Fam_7321 [★Target]) --> 202106QH-W25-N1_bin.70.purify_k141_2994332_4(Fam_8779 [★Target])
"(3166, 8073)",3,[8073],202106QH-W29-N1_bin.157.purify_k141_344198,202106QH-W29-N1_bin.157.purify_k141_344198_13031-14901,202106QH-W29-N1_bin.157.purify_k141_344198_13(Fam_8073 [★Target]) --> 202106QH-W29-N1_bin.157.purify_k141_344198_14(Fam_3166 [★Target])
"(3166, 8073)",3,[8073],202106QH-W37-N1_bin.117.purify_k141_77108,202106QH-W37-N1_bin.117.purify_k141_77108_13325-15195,202106QH-W37-N1_bin.117.purify_k141_77108_14(Fam_8073 [★Target]) --> 202106QH-W37-N1_bin.117.purify_k141_77108_15(Fam_3166 [★Target])
"(3166, 8073)",3,[8073],NMC-S-8-N1_bin.23.purify_k141_2164866,NMC-S-8-N1_bin.23.purify_k141_2164866_1098-2968,NMC-S-8-N1_bin.23.purify_k141_2164866_4(Fam_3166 [★Target]) --> NMC-S-8-N1_bin.23.purify_k141_2164866_5(Fam_8073 [★Target])
"(6046, 8088)",3,[6046],PC-20S-1-N1_bin.167.purify_k141_936887,PC-20S-1-N1_bin.167.purify_k141_936887_11295-12781,PC-20S-1-N1_bin.167.purify_k141_936887_9(Fam_6046 [★Target]) --> PC-20S-1-N1_bin.167.purify_k141_936887_10(Fam_8088 [★Target])
"(6046, 8088)",3,[6046],PC-20S-4-N1_bin.105.purify_k141_459350,PC-20S-4-N1_bin.105.purify_k141_459350_11296-12782,PC-20S-4-N1_bin.105.purify_k141_459350_9(Fam_6046 [★Target]) --> PC-20S-4-N1_bin.105.purify_k141_459350_10(Fam_8088 [★Target])
"(6046, 8088)",3,[6046],YM-S-27.0m-N1_bin.179.purify_k141_1060775,YM-S-27.0m-N1_bin.179.purify_k141_1060775_4188-5674,YM-S-27.0m-N1_bin.179.purify_k141_1060775_5(Fam_8088 [★Target]) --> YM-S-27.0m-N1_bin.179.purify_k141_1060775_6(Fam_6046 [★Target])
"(1117, 7410)",3,[7410],202106QH-W7-N1_bin.69.purify_k141_1729117,202106QH-W7-N1_bin.69.purify_k141_1729117_993-3722,202106QH-W7-N1_bin.69.purify_k141_1729117_2(Fam_7410 [★Target]) --> 202106QH-W7-N1_bin.69.purify_k141_1729117_3(Fam_1117 [★Target])
"(1117, 7410)",3,[7410],BGBMC-20S-2-N1_bin.115.purify_k141_1756609,BGBMC-20S-2-N1_bin.115.purify_k141_1756609_2448-5173,BGBMC-20S-2-N1_bin.115.purify_k141_1756609_2(Fam_1117 [★Target]) --> BGBMC-20S-2-N1_bin.115.purify_k141_1756609_3(Fam_7410 [★Target])
"(1117, 7410)",3,[7410],CN-B-S-N1_bin.18.purify_k141_1200506,CN-B-S-N1_bin.18.purify_k141_1200506_1885-4624,CN-B-S-N1_bin.18.purify_k141_1200506_2(Fam_7410 [★Target]) --> CN-B-S-N1_bin.18.purify_k141_1200506_3(Fam_1117 [★Target])
"(2150, 7619)",3,[7619],202104TB-W24-N1_bin.69.purify_k141_380538,202104TB-W24-N1_bin.69.purify_k141_380538_975-3129,202104TB-W24-N1_bin.69.purify_k141_380538_2(Fam_2150 [★Target]) --> 202104TB-W24-N1_bin.69.purify_k141_380538_3(Fam_7619 [★Target])
"(2150, 7619)",3,[7619],BGBMC-20S-1-N1_bin.135.purify_k141_1646060,BGBMC-20S-1-N1_bin.135.purify_k141_1646060_2-1430,BGBMC-20S-1-N1_bin.135.purify_k141_1646060_1(Fam_2150 [★Target]) --> BGBMC-20S-1-N1_bin.135.purify_k141_1646060_2(Fam_7619 [★Target])
"(2150, 7619)",3,[7619],YM-3-34.9m-N1_bin.69.purify_k141_22139,YM-3-34.9m-N1_bin.69.purify_k141_22139_1062-2160,YM-3-34.9m-N1_bin.69.purify_k141_22139_2(Fam_7619 [★Target]) --> YM-3-34.9m-N1_bin.69.purify_k141_22139_3(Fam_2150 [★Target])
"(3534, 10447)",3,[3534],202106QH-W39-N1_bin.172.purify_k141_1141114,202106QH-W39-N1_bin.172.purify_k141_1141114_1107-2761,202106QH-W39-N1_bin.172.purify_k141_1141114_2(Fam_3534 [★Target]) --> 202106QH-W39-N1_bin.172.purify_k141_1141114_3(Fam_10447 [★Target])
"(3534, 10447)",3,[3534],CE-D-S-N1_bin.107.purify_k141_1323562,CE-D-S-N1_bin.107.purify_k141_1323562_1-1667,CE-D-S-N1_bin.107.purify_k141_1323562_1(Fam_10447 [★Target]) --> CE-D-S-N1_bin.107.purify_k141_1323562_2(Fam_3534 [★Target])
"(3534, 10447)",3,[3534],YM-S-27.0m-N1_bin.133.purify_k141_1065931,YM-S-27.0m-N1_bin.133.purify_k141_1065931_1-1667,YM-S-27.0m-N1_bin.133.purify_k141_1065931_1(Fam_10447 [★Target]) --> YM-S-27.0m-N1_bin.133.purify_k141_1065931_2(Fam_3534 [★Target])
"(185, 4939)",3,"[185, 4939]",NMC-S-4-N1_bin.126.purify_k141_2132988,NMC-S-4-N1_bin.126.purify_k141_2132988_9024-13463,NMC-S-4-N1_bin.126.purify_k141_2132988_10(Fam_4939 [★Target]) --> NMC-S-4-N1_bin.126.purify_k141_2132988_11(Fam_185 [★Target])
"(185, 4939)",3,"[185, 4939]",YZYC-20S-1-N1_bin.67.purify_k141_1066426,YZYC-20S-1-N1_bin.67.purify_k141_1066426_8725-13164,YZYC-20S-1-N1_bin.67.purify_k141_1066426_9(Fam_4939 [★Target]) --> YZYC-20S-1-N1_bin.67.purify_k141_1066426_10(Fam_185 [★Target])
"(185, 4939)",3,"[185, 4939]",YZYC-20S-2-N1_bin.27.purify_k141_13242,YZYC-20S-2-N1_bin.27.purify_k141_13242_8580-13019,YZYC-20S-2-N1_bin.27.purify_k141_13242_9(Fam_4939 [★Target]) --> YZYC-20S-2-N1_bin.27.purify_k141_13242_10(Fam_185 [★Target])
"(10159, 11963)",3,[10159],202106QH-W27-N1_bin.104.purify_k141_3087936,202106QH-W27-N1_bin.104.purify_k141_3087936_1025-1824,202106QH-W27-N1_bin.104.purify_k141_3087936_3(Fam_10159 [★Target]) --> 202106QH-W27-N1_bin.104.purify_k141_3087936_4(Fam_11963 [★Target])
"(10159, 11963)",3,[10159],ZJ-S-05.4m-N1_bin.59.purify_k141_1693965,ZJ-S-05.4m-N1_bin.59.purify_k141_1693965_717-1519,ZJ-S-05.4m-N1_bin.59.purify_k141_1693965_2(Fam_10159 [★Target]) --> ZJ-S-05.4m-N1_bin.59.purify_k141_1693965_3(Fam_11963 [★Target])
"(10159, 11963)",3,[10159],CE-N-S-N1_bin.35.purify_k141_683274,CE-N-S-N1_bin.35.purify_k141_683274_3-835,CE-N-S-N1_bin.35.purify_k141_683274_1(Fam_11963 [★Target]) --> CE-N-S-N1_bin.35.purify_k141_683274_2(Fam_10159 [★Target])
"(3661, 6174)",3,[6174],202104TB-W24-N1_bin.51.purify_k141_1793186,202104TB-W24-N1_bin.51.purify_k141_1793186_1-1801,202104TB-W24-N1_bin.51.purify_k141_1793186_1(Fam_6174 [★Target]) --> 202104TB-W24-N1_bin.51.purify_k141_1793186_2(Fam_3661 [★Target])
"(3661, 6174)",3,[6174],202104TB-W34-N1_bin.128.purify_k141_428064,202104TB-W34-N1_bin.128.purify_k141_428064_1-1573,202104TB-W34-N1_bin.128.purify_k141_428064_1(Fam_3661 [★Target]) --> 202104TB-W34-N1_bin.128.purify_k141_428064_2(Fam_6174 [★Target])
"(3661, 6174)",3,[6174],YM-S-27.0m-N1_bin.121.purify_k141_1048270,YM-S-27.0m-N1_bin.121.purify_k141_1048270_2-1738,YM-S-27.0m-N1_bin.121.purify_k141_1048270_1(Fam_3661 [★Target]) --> YM-S-27.0m-N1_bin.121.purify_k141_1048270_2(Fam_6174 [★Target])
"(11824, 12007)",3,[12007],CBL-1-N1_bin.20.purify_k141_488224,CBL-1-N1_bin.20.purify_k141_488224_2212-2944,CBL-1-N1_bin.20.purify_k141_488224_4(Fam_11824 [★Target]) --> CBL-1-N1_bin.20.purify_k141_488224_5(Fam_12007 [★Target])
"(11824, 12007)",3,[12007],SD-S-N2_bin.64.purify_k141_37469,SD-S-N2_bin.64.purify_k141_37469_3683-4533,SD-S-N2_bin.64.purify_k141_37469_4(Fam_12007 [★Target]) --> SD-S-N2_bin.64.purify_k141_37469_5(Fam_11824 [★Target])
"(11824, 12007)",3,[12007],ZJZBSD-s05-N1_bin.1.purify_k141_2054441,ZJZBSD-s05-N1_bin.1.purify_k141_2054441_1538-2423,ZJZBSD-s05-N1_bin.1.purify_k141_2054441_3(Fam_11824 [★Target]) --> ZJZBSD-s05-N1_bin.1.purify_k141_2054441_4(Fam_12007 [★Target])
"(1613, 2319)",3,[2319],202104TB-W32-N1_bin.132.purify_k141_10363,202104TB-W32-N1_bin.132.purify_k141_10363_6580-9798,202104TB-W32-N1_bin.132.purify_k141_10363_6(Fam_1613 [★Target]) --> 202104TB-W32-N1_bin.132.purify_k141_10363_7(Fam_2319 [★Target])
"(1613, 2319)",3,[2319],QHH10-N1_bin.150.purify_k141_639038,QHH10-N1_bin.150.purify_k141_639038_425-3643,QHH10-N1_bin.150.purify_k141_639038_2(Fam_1613 [★Target]) --> QHH10-N1_bin.150.purify_k141_639038_3(Fam_2319 [★Target])
"(1613, 2319)",3,[2319],YM-3-34.9m-N1_bin.88.purify_k141_1373971,YM-3-34.9m-N1_bin.88.purify_k141_1373971_33242-36460,YM-3-34.9m-N1_bin.88.purify_k141_1373971_32(Fam_2319 [★Target]) --> YM-3-34.9m-N1_bin.88.purify_k141_1373971_33(Fam_1613 [★Target])
"(412, 607)",3,[412],202106QH-W27-N1_bin.16.purify_k141_713936,202106QH-W27-N1_bin.16.purify_k141_713936_2-3563,202106QH-W27-N1_bin.16.purify_k141_713936_1(Fam_412 [★Target]) --> 202106QH-W27-N1_bin.16.purify_k141_713936_2(Fam_607 [★Target])
"(412, 607)",3,[412],PC-20S-3-N1_bin.77.purify_k141_662006,PC-20S-3-N1_bin.77.purify_k141_662006_495-5957,PC-20S-3-N1_bin.77.purify_k141_662006_2(Fam_607 [★Target]) --> PC-20S-3-N1_bin.77.purify_k141_662006_3(Fam_412 [★Target])
"(412, 607)",3,[412],PC-20S-3-N1_bin.77.purify_k141_139977,PC-20S-3-N1_bin.77.purify_k141_139977_825-4914,PC-20S-3-N1_bin.77.purify_k141_139977_2(Fam_607 [★Target]) --> PC-20S-3-N1_bin.77.purify_k141_139977_3(Fam_412 [★Target])
"(5840, 7613)",3,[5840],CE-D-S-N1_bin.157.purify_k141_1815943,CE-D-S-N1_bin.157.purify_k141_1815943_300-1880,CE-D-S-N1_bin.157.purify_k141_1815943_2(Fam_7613 [★Target]) --> CE-D-S-N1_bin.157.purify_k141_1815943_3(Fam_5840 [★Target])
"(5840, 7613)",3,[5840],YM-3-34.9m-N1_bin.95.purify_k141_599426,YM-3-34.9m-N1_bin.95.purify_k141_599426_3795-5372,YM-3-34.9m-N1_bin.95.purify_k141_599426_4(Fam_5840 [★Target]) --> YM-3-34.9m-N1_bin.95.purify_k141_599426_5(Fam_7613 [★Target])
"(5840, 7613)",3,[5840],SLC-S-N1_bin.184.purify_k141_1317653,SLC-S-N1_bin.184.purify_k141_1317653_10177-11712,SLC-S-N1_bin.184.purify_k141_1317653_10(Fam_7613 [★Target]) --> SLC-S-N1_bin.184.purify_k141_1317653_11(Fam_5840 [★Target])
"(2453, 2574)",3,[2574],202106QH-W9-N1_bin.82.purify_k141_35336,202106QH-W9-N1_bin.82.purify_k141_35336_1-1772,202106QH-W9-N1_bin.82.purify_k141_35336_1(Fam_2453 [★Target]) --> 202106QH-W9-N1_bin.82.purify_k141_35336_2(Fam_2574 [★Target])
"(2453, 2574)",3,[2574],202106QH-W9-N1_bin.82.purify_k141_796239,202106QH-W9-N1_bin.82.purify_k141_796239_199-3080,202106QH-W9-N1_bin.82.purify_k141_796239_2(Fam_2453 [★Target]) --> 202106QH-W9-N1_bin.82.purify_k141_796239_3(Fam_2574 [★Target])
"(2453, 2574)",3,[2574],BMC20S-N1-N1_bin.260.purify_k141_784694,BMC20S-N1-N1_bin.260.purify_k141_784694_3-1876,BMC20S-N1-N1_bin.260.purify_k141_784694_1(Fam_2453 [★Target]) --> BMC20S-N1-N1_bin.260.purify_k141_784694_2(Fam_2574 [★Target])
"(96, 5180)",3,[5180],202104TB-W40-N1_bin.65.purify_k141_2428,202104TB-W40-N1_bin.65.purify_k141_2428_466-5161,202104TB-W40-N1_bin.65.purify_k141_2428_2(Fam_5180 [★Target]) --> 202104TB-W40-N1_bin.65.purify_k141_2428_3(Fam_96 [★Target])
"(96, 5180)",3,[5180],NMC-S-8-N1_bin.224.purify_k141_1556756,NMC-S-8-N1_bin.224.purify_k141_1556756_1-4492,NMC-S-8-N1_bin.224.purify_k141_1556756_1(Fam_96 [★Target]) --> NMC-S-8-N1_bin.224.purify_k141_1556756_2(Fam_5180 [★Target])
"(96, 5180)",3,[5180],QHH7-N1_bin.8.purify_k141_1979439,QHH7-N1_bin.8.purify_k141_1979439_521-4274,QHH7-N1_bin.8.purify_k141_1979439_2(Fam_5180 [★Target]) --> QHH7-N1_bin.8.purify_k141_1979439_3(Fam_96 [★Target])
"(1745, 2790)",3,[2790],202104TB-W61-N1_bin.57.purify_k141_1820080,202104TB-W61-N1_bin.57.purify_k141_1820080_2655-5491,202104TB-W61-N1_bin.57.purify_k141_1820080_5(Fam_2790 [★Target]) --> 202104TB-W61-N1_bin.57.purify_k141_1820080_6(Fam_1745 [★Target])
"(1745, 2790)",3,[2790],CC-20S-2-N1_bin.79.purify_k141_1537969,CC-20S-2-N1_bin.79.purify_k141_1537969_114-2290,CC-20S-2-N1_bin.79.purify_k141_1537969_2(Fam_1745 [★Target]) --> CC-20S-2-N1_bin.79.purify_k141_1537969_3(Fam_2790 [★Target])
"(1745, 2790)",3,[2790],YM-3-34.9m-N1_bin.94.purify_k141_684011,YM-3-34.9m-N1_bin.94.purify_k141_684011_3-2838,YM-3-34.9m-N1_bin.94.purify_k141_684011_1(Fam_2790 [★Target]) --> YM-3-34.9m-N1_bin.94.purify_k141_684011_2(Fam_1745 [★Target])
"(7405, 7974)",3,[7974],202104TB-W24-N1_bin.99.purify_k141_1733552,202104TB-W24-N1_bin.99.purify_k141_1733552_4705-6080,202104TB-W24-N1_bin.99.purify_k141_1733552_7(Fam_7974 [★Target]) --> 202104TB-W24-N1_bin.99.purify_k141_1733552_8(Fam_7405 [★Target])
"(7405, 7974)",3,[7974],BGBMC-20S-1-N1_bin.7.purify_k141_1574479,BGBMC-20S-1-N1_bin.7.purify_k141_1574479_2769-4144,BGBMC-20S-1-N1_bin.7.purify_k141_1574479_5(Fam_7974 [★Target]) --> BGBMC-20S-1-N1_bin.7.purify_k141_1574479_6(Fam_7405 [★Target])
"(7405, 7974)",3,[7974],YM-S-43m-N3_bin.166.purify_k141_1803201,YM-S-43m-N3_bin.166.purify_k141_1803201_20367-21709,YM-S-43m-N3_bin.166.purify_k141_1803201_20(Fam_7974 [★Target]) --> YM-S-43m-N3_bin.166.purify_k141_1803201_21(Fam_7405 [★Target])
"(1202, 7754)",3,[1202],202106QH-W28-N1_bin.119.purify_k141_871451,202106QH-W28-N1_bin.119.purify_k141_871451_129-2733,202106QH-W28-N1_bin.119.purify_k141_871451_1(Fam_7754 [★Target]) --> 202106QH-W28-N1_bin.119.purify_k141_871451_2(Fam_1202 [★Target])
"(1202, 7754)",3,[1202],202106QH-W37-N1_bin.59.purify_k141_1426081,202106QH-W37-N1_bin.59.purify_k141_1426081_116-2720,202106QH-W37-N1_bin.59.purify_k141_1426081_1(Fam_7754 [★Target]) --> 202106QH-W37-N1_bin.59.purify_k141_1426081_2(Fam_1202 [★Target])
"(1202, 7754)",3,[1202],QHH8-N1_bin.190.purify_k141_1595529,QHH8-N1_bin.190.purify_k141_1595529_128-2732,QHH8-N1_bin.190.purify_k141_1595529_1(Fam_7754 [★Target]) --> QHH8-N1_bin.190.purify_k141_1595529_2(Fam_1202 [★Target])
"(4400, 4717)",3,[4717],NMC-S-4-N1_bin.132.purify_k141_2493888,NMC-S-4-N1_bin.132.purify_k141_2493888_211-2423,NMC-S-4-N1_bin.132.purify_k141_2493888_2(Fam_4400 [★Target]) --> NMC-S-4-N1_bin.132.purify_k141_2493888_3(Fam_4717 [★Target])
"(4400, 4717)",3,[4717],NMC-S-6-N1_bin.165.purify_k141_723911,NMC-S-6-N1_bin.165.purify_k141_723911_316-2528,NMC-S-6-N1_bin.165.purify_k141_723911_2(Fam_4717 [★Target]) --> NMC-S-6-N1_bin.165.purify_k141_723911_3(Fam_4400 [★Target])
"(4400, 4717)",3,[4717],YZYC-20S-1-N1_bin.209.purify_k141_1238002,YZYC-20S-1-N1_bin.209.purify_k141_1238002_189-2401,YZYC-20S-1-N1_bin.209.purify_k141_1238002_2(Fam_4717 [★Target]) --> YZYC-20S-1-N1_bin.209.purify_k141_1238002_3(Fam_4400 [★Target])
"(5435, 10028)",3,[5435],202106QH-W6-N1_bin.30.purify_k141_442005,202106QH-W6-N1_bin.30.purify_k141_442005_1-868,202106QH-W6-N1_bin.30.purify_k141_442005_1(Fam_5435 [★Target]) --> 202106QH-W6-N1_bin.30.purify_k141_442005_2(Fam_10028 [★Target])
"(5435, 10028)",3,[5435],GH-N1_bin.207.purify_k141_2432747,GH-N1_bin.207.purify_k141_2432747_608-2012,GH-N1_bin.207.purify_k141_2432747_3(Fam_5435 [★Target]) --> GH-N1_bin.207.purify_k141_2432747_4(Fam_10028 [★Target])
"(5435, 10028)",3,[5435],YBJSD-S-3-N1_bin.71.purify_k141_2580892,YBJSD-S-3-N1_bin.71.purify_k141_2580892_2953-3696,YBJSD-S-3-N1_bin.71.purify_k141_2580892_3(Fam_10028 [★Target]) --> YBJSD-S-3-N1_bin.71.purify_k141_2580892_4(Fam_5435 [★Target])
"(3221, 10791)",3,[3221],202104TB-W24-N1_bin.161.purify_k141_1861982,202104TB-W24-N1_bin.161.purify_k141_1861982_624-2358,202104TB-W24-N1_bin.161.purify_k141_1861982_2(Fam_3221 [★Target]) --> 202104TB-W24-N1_bin.161.purify_k141_1861982_3(Fam_10791 [★Target])
"(3221, 10791)",3,[3221],202104TB-W32-N1_bin.81.purify_k141_45888,202104TB-W32-N1_bin.81.purify_k141_45888_255-2085,202104TB-W32-N1_bin.81.purify_k141_45888_2(Fam_10791 [★Target]) --> 202104TB-W32-N1_bin.81.purify_k141_45888_3(Fam_3221 [★Target])
"(3221, 10791)",3,[3221],NRPC-20S-1-N1_bin.88.purify_k141_1048707,NRPC-20S-1-N1_bin.88.purify_k141_1048707_3228-4832,NRPC-20S-1-N1_bin.88.purify_k141_1048707_4(Fam_3221 [★Target]) --> NRPC-20S-1-N1_bin.88.purify_k141_1048707_5(Fam_10791 [★Target])
"(943, 4210)",3,[4210],QHH7-N1_bin.118.purify_k141_1659590,QHH7-N1_bin.118.purify_k141_1659590_2021-5239,QHH7-N1_bin.118.purify_k141_1659590_4(Fam_943 [★Target]) --> QHH7-N1_bin.118.purify_k141_1659590_5(Fam_4210 [★Target])
"(943, 4210)",3,[4210],YZYC-20S-2-N1_bin.53.purify_k141_1402378,YZYC-20S-2-N1_bin.53.purify_k141_1402378_9226-12444,YZYC-20S-2-N1_bin.53.purify_k141_1402378_10(Fam_943 [★Target]) --> YZYC-20S-2-N1_bin.53.purify_k141_1402378_11(Fam_4210 [★Target])
"(943, 4210)",3,[4210],ZJ-S-05.4m-N1_bin.144.purify_k141_1494202,ZJ-S-05.4m-N1_bin.144.purify_k141_1494202_2858-6076,ZJ-S-05.4m-N1_bin.144.purify_k141_1494202_5(Fam_4210 [★Target]) --> ZJ-S-05.4m-N1_bin.144.purify_k141_1494202_6(Fam_943 [★Target])
"(2584, 9364)",3,[9364],202106QH-W25-N1_bin.99.purify_k141_1881976,202106QH-W25-N1_bin.99.purify_k141_1881976_4921-6820,202106QH-W25-N1_bin.99.purify_k141_1881976_4(Fam_2584 [★Target]) --> 202106QH-W25-N1_bin.99.purify_k141_1881976_5(Fam_9364 [★Target])
"(2584, 9364)",3,[9364],PC-20S-2-N1_bin.38.purify_k141_1002614,PC-20S-2-N1_bin.38.purify_k141_1002614_25269-28416,PC-20S-2-N1_bin.38.purify_k141_1002614_18(Fam_9364 [★Target]) --> PC-20S-2-N1_bin.38.purify_k141_1002614_19(Fam_2584 [★Target]) --> PC-20S-2-N1_bin.38.purify_k141_1002614_20(Fam_3005)
"(2584, 9364)",3,[9364],SLC-S-3-N1_bin.54.purify_k141_666837,SLC-S-3-N1_bin.54.purify_k141_666837_144-2043,SLC-S-3-N1_bin.54.purify_k141_666837_2(Fam_2584 [★Target]) --> SLC-S-3-N1_bin.54.purify_k141_666837_3(Fam_9364 [★Target])
"(2584, 9364)",3,[9364],YM-3-34.9m-N1_bin.90.purify_k141_11475,YM-3-34.9m-N1_bin.90.purify_k141_11475_16664-18563,YM-3-34.9m-N1_bin.90.purify_k141_11475_9(Fam_9364 [★Target]) --> YM-3-34.9m-N1_bin.90.purify_k141_11475_10(Fam_2584 [★Target])
"(5051, 9157)",3,[5051],202106QH-W11-N1_bin.57.purify_k141_1442235,202106QH-W11-N1_bin.57.purify_k141_1442235_1545-2740,202106QH-W11-N1_bin.57.purify_k141_1442235_4(Fam_5051 [★Target]) --> 202106QH-W11-N1_bin.57.purify_k141_1442235_5(Fam_9157 [★Target])
"(5051, 9157)",3,[5051],202106QH-W19-N1_bin.4.purify_k141_3054021,202106QH-W19-N1_bin.4.purify_k141_3054021_723-2231,202106QH-W19-N1_bin.4.purify_k141_3054021_2(Fam_9157 [★Target]) --> 202106QH-W19-N1_bin.4.purify_k141_3054021_3(Fam_5051 [★Target])
"(5051, 9157)",3,[5051],JC-20S-2-N1_bin.80.purify_k141_666699,JC-20S-2-N1_bin.80.purify_k141_666699_639-2147,JC-20S-2-N1_bin.80.purify_k141_666699_2(Fam_9157 [★Target]) --> JC-20S-2-N1_bin.80.purify_k141_666699_3(Fam_5051 [★Target])
"(4555, 7450)",3,[4555],202104TB-W67-N1_bin.61.purify_k141_2041699,202104TB-W67-N1_bin.61.purify_k141_2041699_287-2021,202104TB-W67-N1_bin.61.purify_k141_2041699_2(Fam_4555 [★Target]) --> 202104TB-W67-N1_bin.61.purify_k141_2041699_3(Fam_7450 [★Target])
"(4555, 7450)",3,[4555],202106QH-W19-N1_bin.121.purify_k141_3461913,202106QH-W19-N1_bin.121.purify_k141_3461913_923-2607,202106QH-W19-N1_bin.121.purify_k141_3461913_2(Fam_4555 [★Target]) --> 202106QH-W19-N1_bin.121.purify_k141_3461913_3(Fam_7450 [★Target])
"(4555, 7450)",3,[4555],YZYC-20S-5-N1_bin.174.purify_k141_246247,YZYC-20S-5-N1_bin.174.purify_k141_246247_1-1653,YZYC-20S-5-N1_bin.174.purify_k141_246247_1(Fam_4555 [★Target]) --> YZYC-20S-5-N1_bin.174.purify_k141_246247_2(Fam_7450 [★Target])
"(3774, 11446)",3,[11446],202106QH-W25-N1_bin.13.purify_k141_940081,202106QH-W25-N1_bin.13.purify_k141_940081_3258-4122,202106QH-W25-N1_bin.13.purify_k141_940081_5(Fam_11446 [★Target]) --> 202106QH-W25-N1_bin.13.purify_k141_940081_6(Fam_3774 [★Target])
"(3774, 11446)",3,[11446],BGBMC-20S-1-N1_bin.47.purify_k141_448112,BGBMC-20S-1-N1_bin.47.purify_k141_448112_2-836,BGBMC-20S-1-N1_bin.47.purify_k141_448112_1(Fam_3774 [★Target]) --> BGBMC-20S-1-N1_bin.47.purify_k141_448112_2(Fam_11446 [★Target])
"(3774, 11446)",3,[11446],NMC-S-8-N1_bin.118.purify_k141_542790,NMC-S-8-N1_bin.118.purify_k141_542790_6378-7161,NMC-S-8-N1_bin.118.purify_k141_542790_7(Fam_11446 [★Target]) --> NMC-S-8-N1_bin.118.purify_k141_542790_8(Fam_3774 [★Target])
"(11303, 11993)",3,[11993],202104TB-W24-N1_bin.118.purify_k141_1348066,202104TB-W24-N1_bin.118.purify_k141_1348066_2511-3042,202104TB-W24-N1_bin.118.purify_k141_1348066_7(Fam_11993 [★Target]) --> 202104TB-W24-N1_bin.118.purify_k141_1348066_8(Fam_11303 [★Target])
"(11303, 11993)",3,[11993],202104TB-W58-N1_bin.129.purify_k141_386230,202104TB-W58-N1_bin.129.purify_k141_386230_5773-6272,202104TB-W58-N1_bin.129.purify_k141_386230_5(Fam_11993 [★Target]) --> 202104TB-W58-N1_bin.129.purify_k141_386230_6(Fam_11303 [★Target])
"(11303, 11993)",3,[11993],CN-B-S-N1_bin.139.purify_k141_1354022,CN-B-S-N1_bin.139.purify_k141_1354022_2541-3040,CN-B-S-N1_bin.139.purify_k141_1354022_4(Fam_11303 [★Target]) --> CN-B-S-N1_bin.139.purify_k141_1354022_5(Fam_11993 [★Target])
"(7574, 9057)",3,[9057],CN-B-S-N1_bin.33.purify_k141_695348,CN-B-S-N1_bin.33.purify_k141_695348_14250-15456,CN-B-S-N1_bin.33.purify_k141_695348_22(Fam_9057 [★Target]) --> CN-B-S-N1_bin.33.purify_k141_695348_23(Fam_7574 [★Target])
"(7574, 9057)",3,[9057],KMC-20S-1-N1_bin.109.purify_k141_4065790,KMC-20S-1-N1_bin.109.purify_k141_4065790_939-2145,KMC-20S-1-N1_bin.109.purify_k141_4065790_2(Fam_7574 [★Target]) --> KMC-20S-1-N1_bin.109.purify_k141_4065790_3(Fam_9057 [★Target])
"(7574, 9057)",3,[9057],KMC-20S-2-N1_bin.45.purify_k141_2513403,KMC-20S-2-N1_bin.45.purify_k141_2513403_470-1683,KMC-20S-2-N1_bin.45.purify_k141_2513403_2(Fam_9057 [★Target]) --> KMC-20S-2-N1_bin.45.purify_k141_2513403_3(Fam_7574 [★Target])
"(1807, 6122)",3,[6122],202104TB-W69-N1_bin.145.purify_k141_752391,202104TB-W69-N1_bin.145.purify_k141_752391_799-2027,202104TB-W69-N1_bin.145.purify_k141_752391_2(Fam_6122 [★Target]) --> 202104TB-W69-N1_bin.145.purify_k141_752391_3(Fam_1807 [★Target])
"(1807, 6122)",3,[6122],202106QH-W27-N1_bin.150.purify_k141_1064261,202106QH-W27-N1_bin.150.purify_k141_1064261_595-3034,202106QH-W27-N1_bin.150.purify_k141_1064261_2(Fam_6122 [★Target]) --> 202106QH-W27-N1_bin.150.purify_k141_1064261_3(Fam_1807 [★Target])
"(1807, 6122)",3,[6122],SLC-S-N1_bin.174.purify_k141_136548,SLC-S-N1_bin.174.purify_k141_136548_512-2951,SLC-S-N1_bin.174.purify_k141_136548_2(Fam_6122 [★Target]) --> SLC-S-N1_bin.174.purify_k141_136548_3(Fam_1807 [★Target])
"(5634, 11275)",3,[5634],202104TB-W44-N1_bin.17.purify_k141_1522164,202104TB-W44-N1_bin.17.purify_k141_1522164_92-1396,202104TB-W44-N1_bin.17.purify_k141_1522164_2(Fam_5634 [★Target]) --> 202104TB-W44-N1_bin.17.purify_k141_1522164_3(Fam_11275 [★Target])
"(5634, 11275)",3,[5634],CBL-3-N1_bin.42.purify_k141_1398401,CBL-3-N1_bin.42.purify_k141_1398401_1-993,CBL-3-N1_bin.42.purify_k141_1398401_1(Fam_5634 [★Target]) --> CBL-3-N1_bin.42.purify_k141_1398401_2(Fam_11275 [★Target])
"(5634, 11275)",3,[5634],TBCBL-04-N1_bin.23.purify_k141_380414,TBCBL-04-N1_bin.23.purify_k141_380414_315-1619,TBCBL-04-N1_bin.23.purify_k141_380414_2(Fam_5634 [★Target]) --> TBCBL-04-N1_bin.23.purify_k141_380414_3(Fam_11275 [★Target])
"(3055, 3411)",3,"[3055, 3411]",KMC-20S-1-N1_bin.133.purify_k141_1191177,KMC-20S-1-N1_bin.133.purify_k141_1191177_1352-3261,KMC-20S-1-N1_bin.133.purify_k141_1191177_3(Fam_3411 [★Target]) --> KMC-20S-1-N1_bin.133.purify_k141_1191177_4(Fam_3055 [★Target])
"(3055, 3411)",3,"[3055, 3411]",SLC-S-3-N1_bin.219.purify_k141_2361745,SLC-S-3-N1_bin.219.purify_k141_2361745_5674-7981,SLC-S-3-N1_bin.219.purify_k141_2361745_6(Fam_3411 [★Target]) --> SLC-S-3-N1_bin.219.purify_k141_2361745_7(Fam_3055 [★Target])
"(3055, 3411)",3,"[3055, 3411]",YZYC-20S-4-N1_bin.43.purify_k141_1149200,YZYC-20S-4-N1_bin.43.purify_k141_1149200_3-2407,YZYC-20S-4-N1_bin.43.purify_k141_1149200_1(Fam_3055 [★Target]) --> YZYC-20S-4-N1_bin.43.purify_k141_1149200_2(Fam_3411 [★Target])
"(4171, 5966)",3,[4171],BMC20S-N1-N1_bin.71.purify_k141_1951013,BMC20S-N1-N1_bin.71.purify_k141_1951013_1703-3569,BMC20S-N1-N1_bin.71.purify_k141_1951013_2(Fam_5966 [★Target]) --> BMC20S-N1-N1_bin.71.purify_k141_1951013_3(Fam_4171 [★Target])
"(4171, 5966)",3,[4171],CN-B-S-2-N2_bin.67.purify_k141_1815624,CN-B-S-2-N2_bin.67.purify_k141_1815624_1427-3317,CN-B-S-2-N2_bin.67.purify_k141_1815624_3(Fam_5966 [★Target]) --> CN-B-S-2-N2_bin.67.purify_k141_1815624_4(Fam_4171 [★Target])
"(4171, 5966)",3,[4171],NRPC-20S-1-N1_bin.107.purify_k141_764031,NRPC-20S-1-N1_bin.107.purify_k141_764031_13108-15029,NRPC-20S-1-N1_bin.107.purify_k141_764031_16(Fam_4171 [★Target]) --> NRPC-20S-1-N1_bin.107.purify_k141_764031_17(Fam_5966 [★Target])
"(2604, 2708)",3,[2708],202106QH-W24-N1_bin.207.purify_k141_705822,202106QH-W24-N1_bin.207.purify_k141_705822_15724-18355,202106QH-W24-N1_bin.207.purify_k141_705822_20(Fam_2604 [★Target]) --> 202106QH-W24-N1_bin.207.purify_k141_705822_21(Fam_2708 [★Target])
"(2604, 2708)",3,[2708],202106QH-W25-N1_bin.103.purify_k141_1249672,202106QH-W25-N1_bin.103.purify_k141_1249672_25489-28120,202106QH-W25-N1_bin.103.purify_k141_1249672_30(Fam_2604 [★Target]) --> 202106QH-W25-N1_bin.103.purify_k141_1249672_31(Fam_2708 [★Target])
"(2604, 2708)",3,[2708],SLC-S-N1_bin.91.purify_k141_1580670,SLC-S-N1_bin.91.purify_k141_1580670_28463-31094,SLC-S-N1_bin.91.purify_k141_1580670_33(Fam_2604 [★Target]) --> SLC-S-N1_bin.91.purify_k141_1580670_34(Fam_2708 [★Target])
"(10611, 10885)",3,"[10611, 10885]",NRPC-20S-2-N1_bin.99.purify_k141_480329,NRPC-20S-2-N1_bin.99.purify_k141_480329_134-909,NRPC-20S-2-N1_bin.99.purify_k141_480329_2(Fam_10885 [★Target]) --> NRPC-20S-2-N1_bin.99.purify_k141_480329_3(Fam_10611 [★Target])
"(10611, 10885)",3,"[10611, 10885]",SLC-S-3-N1_bin.324.purify_k141_1605047,SLC-S-3-N1_bin.324.purify_k141_1605047_231-1006,SLC-S-3-N1_bin.324.purify_k141_1605047_2(Fam_10885 [★Target]) --> SLC-S-3-N1_bin.324.purify_k141_1605047_3(Fam_10611 [★Target])
"(10611, 10885)",3,"[10611, 10885]",YM-3-34.9m-N1_bin.192.purify_k141_693572,YM-3-34.9m-N1_bin.192.purify_k141_693572_615-1390,YM-3-34.9m-N1_bin.192.purify_k141_693572_2(Fam_10611 [★Target]) --> YM-3-34.9m-N1_bin.192.purify_k141_693572_3(Fam_10885 [★Target])
"(2010, 11100)",3,[2010],CE-20S-2-N1_bin.73.purify_k141_1519167,CE-20S-2-N1_bin.73.purify_k141_1519167_1775-4113,CE-20S-2-N1_bin.73.purify_k141_1519167_4(Fam_2010 [★Target]) --> CE-20S-2-N1_bin.73.purify_k141_1519167_5(Fam_11100 [★Target])
"(2010, 11100)",3,[2010],CE-N-S-N1_bin.57.purify_k141_1265471,CE-N-S-N1_bin.57.purify_k141_1265471_1753-4091,CE-N-S-N1_bin.57.purify_k141_1265471_4(Fam_2010 [★Target]) --> CE-N-S-N1_bin.57.purify_k141_1265471_5(Fam_11100 [★Target])
"(2010, 11100)",3,[2010],YM-S-27.0m-N1_bin.68.purify_k141_832509,YM-S-27.0m-N1_bin.68.purify_k141_832509_2038-4376,YM-S-27.0m-N1_bin.68.purify_k141_832509_4(Fam_2010 [★Target]) --> YM-S-27.0m-N1_bin.68.purify_k141_832509_5(Fam_11100 [★Target])
"(10718, 10763)",3,[10763],202104TB-W32-N1_bin.55.purify_k141_1215701,202104TB-W32-N1_bin.55.purify_k141_1215701_2820-3873,202104TB-W32-N1_bin.55.purify_k141_1215701_5(Fam_10763 [★Target]) --> 202104TB-W32-N1_bin.55.purify_k141_1215701_6(Fam_10718 [★Target])
"(10718, 10763)",3,[10763],CE-20S-3-N1_bin.138.purify_k141_1068133,CE-20S-3-N1_bin.138.purify_k141_1068133_19422-20475,CE-20S-3-N1_bin.138.purify_k141_1068133_24(Fam_10763 [★Target]) --> CE-20S-3-N1_bin.138.purify_k141_1068133_25(Fam_10718 [★Target])
"(10718, 10763)",3,[10763],CE-N-S-N1_bin.173.purify_k141_187217,CE-N-S-N1_bin.173.purify_k141_187217_2007-3060,CE-N-S-N1_bin.173.purify_k141_187217_4(Fam_10763 [★Target]) --> CE-N-S-N1_bin.173.purify_k141_187217_5(Fam_10718 [★Target])
"(6882, 7565)",3,"[6882, 7565]",BGBMC-20S-1-N1_bin.141.purify_k141_1161414,BGBMC-20S-1-N1_bin.141.purify_k141_1161414_747-2197,BGBMC-20S-1-N1_bin.141.purify_k141_1161414_2(Fam_6882 [★Target]) --> BGBMC-20S-1-N1_bin.141.purify_k141_1161414_3(Fam_7565 [★Target])
"(6882, 7565)",3,"[6882, 7565]",QHH7-N1_bin.17.purify_k141_868614,QHH7-N1_bin.17.purify_k141_868614_25553-27003,QHH7-N1_bin.17.purify_k141_868614_27(Fam_7565 [★Target]) --> QHH7-N1_bin.17.purify_k141_868614_28(Fam_6882 [★Target])
"(6882, 7565)",3,"[6882, 7565]",QHH8-N1_bin.105.purify_k141_1929156,QHH8-N1_bin.105.purify_k141_1929156_2382-3832,QHH8-N1_bin.105.purify_k141_1929156_5(Fam_7565 [★Target]) --> QHH8-N1_bin.105.purify_k141_1929156_6(Fam_6882 [★Target])
"(5146, 7495)",3,[7495],NMC-S-4-N1_bin.175.purify_k141_1003127,NMC-S-4-N1_bin.175.purify_k141_1003127_3351-4980,NMC-S-4-N1_bin.175.purify_k141_1003127_8(Fam_7495 [★Target]) --> NMC-S-4-N1_bin.175.purify_k141_1003127_9(Fam_5146 [★Target])
"(5146, 7495)",3,[7495],NMC-S-5-N1_bin.133.purify_k141_1579262,NMC-S-5-N1_bin.133.purify_k141_1579262_5071-6700,NMC-S-5-N1_bin.133.purify_k141_1579262_9(Fam_7495 [★Target]) --> NMC-S-5-N1_bin.133.purify_k141_1579262_10(Fam_5146 [★Target])
"(5146, 7495)",3,[7495],YZYC-20S-6-N1_bin.96.purify_k141_288867,YZYC-20S-6-N1_bin.96.purify_k141_288867_2447-4076,YZYC-20S-6-N1_bin.96.purify_k141_288867_3(Fam_5146 [★Target]) --> YZYC-20S-6-N1_bin.96.purify_k141_288867_4(Fam_7495 [★Target])
"(2681, 10715)",3,[10715],202106QH-W19-N1_bin.213.purify_k141_1560498,202106QH-W19-N1_bin.213.purify_k141_1560498_1431-3128,202106QH-W19-N1_bin.213.purify_k141_1560498_2(Fam_10715 [★Target]) --> 202106QH-W19-N1_bin.213.purify_k141_1560498_3(Fam_2681 [★Target])
"(2681, 10715)",3,[10715],202106QH-W27-N1_bin.99.purify_k141_1760345,202106QH-W27-N1_bin.99.purify_k141_1760345_1029-2657,202106QH-W27-N1_bin.99.purify_k141_1760345_3(Fam_2681 [★Target]) --> 202106QH-W27-N1_bin.99.purify_k141_1760345_4(Fam_10715 [★Target])
"(2681, 10715)",3,[10715],202106QH-W32-N1_bin.56.purify_k141_709870,202106QH-W32-N1_bin.56.purify_k141_709870_1-1623,202106QH-W32-N1_bin.56.purify_k141_709870_1(Fam_10715 [★Target]) --> 202106QH-W32-N1_bin.56.purify_k141_709870_2(Fam_2681 [★Target])
"(3619, 3971)",3,[3971],YZYC-20S-2-N1_bin.171.purify_k141_1652753,YZYC-20S-2-N1_bin.171.purify_k141_1652753_358-2640,YZYC-20S-2-N1_bin.171.purify_k141_1652753_2(Fam_3971 [★Target]) --> YZYC-20S-2-N1_bin.171.purify_k141_1652753_3(Fam_3619 [★Target])
"(3619, 3971)",3,[3971],YZYC-20S-4-N1_bin.105.purify_k141_1663092,YZYC-20S-4-N1_bin.105.purify_k141_1663092_991-3273,YZYC-20S-4-N1_bin.105.purify_k141_1663092_3(Fam_3971 [★Target]) --> YZYC-20S-4-N1_bin.105.purify_k141_1663092_4(Fam_3619 [★Target])
"(3619, 3971)",3,[3971],YZYC-20S-5-N1_bin.183.purify_k141_166944,YZYC-20S-5-N1_bin.183.purify_k141_166944_1066-3348,YZYC-20S-5-N1_bin.183.purify_k141_166944_2(Fam_3971 [★Target]) --> YZYC-20S-5-N1_bin.183.purify_k141_166944_3(Fam_3619 [★Target])
"(4406, 6871)",3,[6871],202104TB-W59-N1_bin.39.purify_k141_389321,202104TB-W59-N1_bin.39.purify_k141_389321_10071-11978,202104TB-W59-N1_bin.39.purify_k141_389321_12(Fam_4406 [★Target]) --> 202104TB-W59-N1_bin.39.purify_k141_389321_13(Fam_6871 [★Target])
"(4406, 6871)",3,[6871],202106QH-W17-N1_bin.117.purify_k141_1301898,202106QH-W17-N1_bin.117.purify_k141_1301898_4830-6861,202106QH-W17-N1_bin.117.purify_k141_1301898_5(Fam_4406 [★Target]) --> 202106QH-W17-N1_bin.117.purify_k141_1301898_6(Fam_6871 [★Target])
"(4406, 6871)",3,[6871],CBL-1-N1_bin.48.purify_k141_2288033,CBL-1-N1_bin.48.purify_k141_2288033_2427-5805,CBL-1-N1_bin.48.purify_k141_2288033_6(Fam_6871 [★Target]) --> CBL-1-N1_bin.48.purify_k141_2288033_7(Fam_4406 [★Target]) --> CBL-1-N1_bin.48.purify_k141_2288033_8(Fam_6454)
"(4406, 6871)",3,[6871],TBCBL-03-N1_bin.17.purify_k141_2290573,TBCBL-03-N1_bin.17.purify_k141_2290573_4555-7372,TBCBL-03-N1_bin.17.purify_k141_2290573_5(Fam_4406 [★Target]) --> TBCBL-03-N1_bin.17.purify_k141_2290573_6(Fam_6871 [★Target]) --> TBCBL-03-N1_bin.17.purify_k141_2290573_7(Fam_7968)
"(4406, 6871)",3,[6871],TBCBL-04-N1_bin.58.purify_k141_53823,TBCBL-04-N1_bin.58.purify_k141_53823_311-2102,TBCBL-04-N1_bin.58.purify_k141_53823_1(Fam_4406 [★Target]) --> TBCBL-04-N1_bin.58.purify_k141_53823_2(Fam_6871 [★Target])
"(8817, 9315)",3,[8817],CRC-20S-2-N1_bin.77.purify_k141_1521708,CRC-20S-2-N1_bin.77.purify_k141_1521708_2603-3720,CRC-20S-2-N1_bin.77.purify_k141_1521708_3(Fam_9315 [★Target]) --> CRC-20S-2-N1_bin.77.purify_k141_1521708_4(Fam_8817 [★Target])
"(8817, 9315)",3,[8817],CRC-20S-3-N1_bin.92.purify_k141_2951083,CRC-20S-3-N1_bin.92.purify_k141_2951083_5957-7074,CRC-20S-3-N1_bin.92.purify_k141_2951083_4(Fam_9315 [★Target]) --> CRC-20S-3-N1_bin.92.purify_k141_2951083_5(Fam_8817 [★Target])
"(8817, 9315)",3,[8817],YZYC-20S-4-N1_bin.132.purify_k141_1189109,YZYC-20S-4-N1_bin.132.purify_k141_1189109_3039-4063,YZYC-20S-4-N1_bin.132.purify_k141_1189109_4(Fam_9315 [★Target]) --> YZYC-20S-4-N1_bin.132.purify_k141_1189109_5(Fam_8817 [★Target])
"(757, 9098)",3,[9098],202104TB-W71-N1_bin.165.purify_k141_1138566,202104TB-W71-N1_bin.165.purify_k141_1138566_12062-12942,202104TB-W71-N1_bin.165.purify_k141_1138566_9(Fam_9098 [★Target]) --> 202104TB-W71-N1_bin.165.purify_k141_1138566_10(Fam_757 [★Target])
"(757, 9098)",3,[9098],CE-20S-1-N1_bin.80.purify_k141_619154,CE-20S-1-N1_bin.80.purify_k141_619154_12589-13469,CE-20S-1-N1_bin.80.purify_k141_619154_10(Fam_9098 [★Target]) --> CE-20S-1-N1_bin.80.purify_k141_619154_11(Fam_757 [★Target])
"(757, 9098)",3,[9098],CE-N-S-N1_bin.168.purify_k141_727972,CE-N-S-N1_bin.168.purify_k141_727972_103-983,CE-N-S-N1_bin.168.purify_k141_727972_2(Fam_757 [★Target]) --> CE-N-S-N1_bin.168.purify_k141_727972_3(Fam_9098 [★Target])
"(448, 1964)",3,[1964],BMC20S-N1-N1_bin.119.purify_k141_1007003,BMC20S-N1-N1_bin.119.purify_k141_1007003_12608-17462,BMC20S-N1-N1_bin.119.purify_k141_1007003_11(Fam_448 [★Target]) --> BMC20S-N1-N1_bin.119.purify_k141_1007003_14(Fam_1964 [★Target])
"(448, 1964)",3,[1964],CE-20S-2-N1_bin.45.purify_k141_1305984,CE-20S-2-N1_bin.45.purify_k141_1305984_253-4909,CE-20S-2-N1_bin.45.purify_k141_1305984_2(Fam_1964 [★Target]) --> CE-20S-2-N1_bin.45.purify_k141_1305984_4(Fam_448 [★Target])
"(448, 1964)",3,[1964],NRPC-20S-2-N1_bin.177.purify_k141_867163,NRPC-20S-2-N1_bin.177.purify_k141_867163_20639-25313,NRPC-20S-2-N1_bin.177.purify_k141_867163_23(Fam_448 [★Target]) --> NRPC-20S-2-N1_bin.177.purify_k141_867163_25(Fam_1964 [★Target])
"(2754, 8496)",3,[2754],BGBMC-20S-1-N1_bin.184.purify_k141_1828114,BGBMC-20S-1-N1_bin.184.purify_k141_1828114_7207-9103,BGBMC-20S-1-N1_bin.184.purify_k141_1828114_8(Fam_8496 [★Target]) --> BGBMC-20S-1-N1_bin.184.purify_k141_1828114_9(Fam_2754 [★Target])
"(2754, 8496)",3,[2754],BGBMC-20S-3-N1_bin.160.purify_k141_262695,BGBMC-20S-3-N1_bin.160.purify_k141_262695_12825-14721,BGBMC-20S-3-N1_bin.160.purify_k141_262695_10(Fam_8496 [★Target]) --> BGBMC-20S-3-N1_bin.160.purify_k141_262695_11(Fam_2754 [★Target])
"(2754, 8496)",3,[2754],QHH7-N1_bin.130.purify_k141_1239584,QHH7-N1_bin.130.purify_k141_1239584_405-2301,QHH7-N1_bin.130.purify_k141_1239584_2(Fam_2754 [★Target]) --> QHH7-N1_bin.130.purify_k141_1239584_3(Fam_8496 [★Target])
"(9080, 12778)",3,[12778],202104TB-W70-N1_bin.138.purify_k141_835323,202104TB-W70-N1_bin.138.purify_k141_835323_249-1086,202104TB-W70-N1_bin.138.purify_k141_835323_1(Fam_9080 [★Target]) --> 202104TB-W70-N1_bin.138.purify_k141_835323_2(Fam_12778 [★Target])
"(9080, 12778)",3,[12778],BGBMC-20S-2-N1_bin.241.purify_k141_1226896,BGBMC-20S-2-N1_bin.241.purify_k141_1226896_6567-7518,BGBMC-20S-2-N1_bin.241.purify_k141_1226896_9(Fam_12778 [★Target]) --> BGBMC-20S-2-N1_bin.241.purify_k141_1226896_10(Fam_9080 [★Target])
"(9080, 12778)",3,[12778],QHH10-N1_bin.76.purify_k141_2388390,QHH10-N1_bin.76.purify_k141_2388390_4327-5278,QHH10-N1_bin.76.purify_k141_2388390_7(Fam_12778 [★Target]) --> QHH10-N1_bin.76.purify_k141_2388390_8(Fam_9080 [★Target])
"(4576, 5846)",3,[5846],202106QH-W19-N1_bin.16.purify_k141_726902,202106QH-W19-N1_bin.16.purify_k141_726902_329-2111,202106QH-W19-N1_bin.16.purify_k141_726902_2(Fam_5846 [★Target]) --> 202106QH-W19-N1_bin.16.purify_k141_726902_3(Fam_4576 [★Target])
"(4576, 5846)",3,[5846],BGBMC-20S-3-N1_bin.192.purify_k141_559193,BGBMC-20S-3-N1_bin.192.purify_k141_559193_5600-7382,BGBMC-20S-3-N1_bin.192.purify_k141_559193_4(Fam_4576 [★Target]) --> BGBMC-20S-3-N1_bin.192.purify_k141_559193_5(Fam_5846 [★Target])
"(4576, 5846)",3,[5846],PC-20S-1-N1_bin.238.purify_k141_86527,PC-20S-1-N1_bin.238.purify_k141_86527_5480-7262,PC-20S-1-N1_bin.238.purify_k141_86527_4(Fam_4576 [★Target]) --> PC-20S-1-N1_bin.238.purify_k141_86527_5(Fam_5846 [★Target])
"(980, 5127)",3,[980],NMC-S-8-N1_bin.18.purify_k141_2359553,NMC-S-8-N1_bin.18.purify_k141_2359553_7799-10543,NMC-S-8-N1_bin.18.purify_k141_2359553_7(Fam_980 [★Target]) --> NMC-S-8-N1_bin.18.purify_k141_2359553_8(Fam_5127 [★Target])
"(980, 5127)",3,[980],YZYC-20S-2-N1_bin.131.purify_k141_2105157,YZYC-20S-2-N1_bin.131.purify_k141_2105157_2203-4328,YZYC-20S-2-N1_bin.131.purify_k141_2105157_3(Fam_5127 [★Target]) --> YZYC-20S-2-N1_bin.131.purify_k141_2105157_4(Fam_980 [★Target])
"(980, 5127)",3,[980],YZYC-20S-6-N1_bin.48.purify_k141_904282,YZYC-20S-6-N1_bin.48.purify_k141_904282_10579-13652,YZYC-20S-6-N1_bin.48.purify_k141_904282_9(Fam_980 [★Target]) --> YZYC-20S-6-N1_bin.48.purify_k141_904282_10(Fam_5127 [★Target])
"(2725, 10094)",3,[10094],NMC-S-8-N1_bin.170.purify_k141_2241314,NMC-S-8-N1_bin.170.purify_k141_2241314_3581-5366,NMC-S-8-N1_bin.170.purify_k141_2241314_7(Fam_10094 [★Target]) --> NMC-S-8-N1_bin.170.purify_k141_2241314_8(Fam_2725 [★Target])
"(2725, 10094)",3,[10094],QHH8-N1_bin.32.purify_k141_437713,QHH8-N1_bin.32.purify_k141_437713_693-2478,QHH8-N1_bin.32.purify_k141_437713_2(Fam_10094 [★Target]) --> QHH8-N1_bin.32.purify_k141_437713_3(Fam_2725 [★Target])
"(2725, 10094)",3,[10094],YZYC-20S-1-N1_bin.55.purify_k141_1703003,YZYC-20S-1-N1_bin.55.purify_k141_1703003_3748-5533,YZYC-20S-1-N1_bin.55.purify_k141_1703003_7(Fam_10094 [★Target]) --> YZYC-20S-1-N1_bin.55.purify_k141_1703003_8(Fam_2725 [★Target])
"(363, 3383)",3,[363],CE-20S-3-N1_bin.80.purify_k141_284667,CE-20S-3-N1_bin.80.purify_k141_284667_20683-24890,CE-20S-3-N1_bin.80.purify_k141_284667_13(Fam_363 [★Target]) --> CE-20S-3-N1_bin.80.purify_k141_284667_14(Fam_3383 [★Target])
"(363, 3383)",3,[363],CE-B-S-2-N1_bin.92.purify_k141_1338449,CE-B-S-2-N1_bin.92.purify_k141_1338449_431-4638,CE-B-S-2-N1_bin.92.purify_k141_1338449_2(Fam_363 [★Target]) --> CE-B-S-2-N1_bin.92.purify_k141_1338449_3(Fam_3383 [★Target])
"(363, 3383)",3,[363],NMC-S-8-N1_bin.147.purify_k141_337060,NMC-S-8-N1_bin.147.purify_k141_337060_478-4685,NMC-S-8-N1_bin.147.purify_k141_337060_2(Fam_3383 [★Target]) --> NMC-S-8-N1_bin.147.purify_k141_337060_3(Fam_363 [★Target])
"(489, 1616)",3,[1616],NMC-S-4-N1_bin.148.purify_k141_1034089,NMC-S-4-N1_bin.148.purify_k141_1034089_12394-17390,NMC-S-4-N1_bin.148.purify_k141_1034089_19(Fam_489 [★Target]) --> NMC-S-4-N1_bin.148.purify_k141_1034089_22(Fam_1616 [★Target])
"(489, 1616)",3,[1616],NMC-S-5-N1_bin.202.purify_k141_228963,NMC-S-5-N1_bin.202.purify_k141_228963_1-4913,NMC-S-5-N1_bin.202.purify_k141_228963_1(Fam_1616 [★Target]) --> NMC-S-5-N1_bin.202.purify_k141_228963_4(Fam_489 [★Target])
"(489, 1616)",3,[1616],NMC-S-7-N1_bin.161.purify_k141_90311,NMC-S-7-N1_bin.161.purify_k141_90311_1-4187,NMC-S-7-N1_bin.161.purify_k141_90311_1(Fam_489 [★Target]) --> NMC-S-7-N1_bin.161.purify_k141_90311_4(Fam_1616 [★Target])
"(5490, 6464)",3,[6464],PC-20S-1-N1_bin.213.purify_k141_1988687,PC-20S-1-N1_bin.213.purify_k141_1988687_1051-2593,PC-20S-1-N1_bin.213.purify_k141_1988687_3(Fam_5490 [★Target]) --> PC-20S-1-N1_bin.213.purify_k141_1988687_4(Fam_6464 [★Target])
"(5490, 6464)",3,[6464],QHH7-N1_bin.59.purify_k141_2513928,QHH7-N1_bin.59.purify_k141_2513928_2-1502,QHH7-N1_bin.59.purify_k141_2513928_1(Fam_6464 [★Target]) --> QHH7-N1_bin.59.purify_k141_2513928_2(Fam_5490 [★Target])
"(5490, 6464)",3,[6464],YZYC-20S-8-N1_bin.3.purify_k141_2741857,YZYC-20S-8-N1_bin.3.purify_k141_2741857_8289-9957,YZYC-20S-8-N1_bin.3.purify_k141_2741857_8(Fam_6464 [★Target]) --> YZYC-20S-8-N1_bin.3.purify_k141_2741857_9(Fam_5490 [★Target])
"(8796, 8907)",3,[8907],202106QH-W11-N1_bin.13.purify_k141_1338180,202106QH-W11-N1_bin.13.purify_k141_1338180_10808-12110,202106QH-W11-N1_bin.13.purify_k141_1338180_13(Fam_8796 [★Target]) --> 202106QH-W11-N1_bin.13.purify_k141_1338180_14(Fam_8907 [★Target])
"(8796, 8907)",3,[8907],PC-20S-3-N1_bin.175.purify_k141_361376,PC-20S-3-N1_bin.175.purify_k141_361376_2844-4146,PC-20S-3-N1_bin.175.purify_k141_361376_2(Fam_8796 [★Target]) --> PC-20S-3-N1_bin.175.purify_k141_361376_3(Fam_8907 [★Target])
"(8796, 8907)",3,[8907],CE-D-S-N1_bin.19.purify_k141_2118180,CE-D-S-N1_bin.19.purify_k141_2118180_2240-3542,CE-D-S-N1_bin.19.purify_k141_2118180_2(Fam_8796 [★Target]) --> CE-D-S-N1_bin.19.purify_k141_2118180_3(Fam_8907 [★Target])
"(7111, 7202)",3,[7202],202104TB-W40-N1_bin.54.purify_k141_1189037,202104TB-W40-N1_bin.54.purify_k141_1189037_3993-5473,202104TB-W40-N1_bin.54.purify_k141_1189037_5(Fam_7111 [★Target]) --> 202104TB-W40-N1_bin.54.purify_k141_1189037_6(Fam_7202 [★Target])
"(7111, 7202)",3,[7202],202106QH-W19-N1_bin.297.purify_k141_1777559,202106QH-W19-N1_bin.297.purify_k141_1777559_123-1603,202106QH-W19-N1_bin.297.purify_k141_1777559_2(Fam_7111 [★Target]) --> 202106QH-W19-N1_bin.297.purify_k141_1777559_3(Fam_7202 [★Target])
"(7111, 7202)",3,[7202],YM-S-27.0m-N1_bin.172.purify_k141_1779855,YM-S-27.0m-N1_bin.172.purify_k141_1779855_4834-6314,YM-S-27.0m-N1_bin.172.purify_k141_1779855_5(Fam_7111 [★Target]) --> YM-S-27.0m-N1_bin.172.purify_k141_1779855_6(Fam_7202 [★Target])
"(539, 4846)",3,[4846],202106QH-W19-N1_bin.290.purify_k141_1832573,202106QH-W19-N1_bin.290.purify_k141_1832573_1602-4733,202106QH-W19-N1_bin.290.purify_k141_1832573_3(Fam_4846 [★Target]) --> 202106QH-W19-N1_bin.290.purify_k141_1832573_4(Fam_539 [★Target])
"(539, 4846)",3,[4846],202106QH-W27-N1_bin.28.purify_k141_1629617,202106QH-W27-N1_bin.28.purify_k141_1629617_8678-12127,202106QH-W27-N1_bin.28.purify_k141_1629617_10(Fam_4846 [★Target]) --> 202106QH-W27-N1_bin.28.purify_k141_1629617_11(Fam_539 [★Target])
"(539, 4846)",3,[4846],JC-20S-2-N1_bin.148.purify_k141_1189555,JC-20S-2-N1_bin.148.purify_k141_1189555_1618-4257,JC-20S-2-N1_bin.148.purify_k141_1189555_3(Fam_4846 [★Target]) --> JC-20S-2-N1_bin.148.purify_k141_1189555_4(Fam_539 [★Target])
"(7655, 10991)",3,[10991],202104TB-W32-N1_bin.128.purify_k141_548380,202104TB-W32-N1_bin.128.purify_k141_548380_28007-29052,202104TB-W32-N1_bin.128.purify_k141_548380_22(Fam_10991 [★Target]) --> 202104TB-W32-N1_bin.128.purify_k141_548380_23(Fam_7655 [★Target])
"(7655, 10991)",3,[10991],YM-S-27.0m-N1_bin.189.purify_k141_492459,YM-S-27.0m-N1_bin.189.purify_k141_492459_27751-28796,YM-S-27.0m-N1_bin.189.purify_k141_492459_22(Fam_10991 [★Target]) --> YM-S-27.0m-N1_bin.189.purify_k141_492459_23(Fam_7655 [★Target])
"(7655, 10991)",3,[10991],BGBMC-20S-1-N1_bin.100.purify_k141_47748,BGBMC-20S-1-N1_bin.100.purify_k141_47748_6137-7182,BGBMC-20S-1-N1_bin.100.purify_k141_47748_9(Fam_10991 [★Target]) --> BGBMC-20S-1-N1_bin.100.purify_k141_47748_10(Fam_7655 [★Target])
"(2645, 8802)",3,[8802],202104TB-W25-N1_bin.142.purify_k141_1105089,202104TB-W25-N1_bin.142.purify_k141_1105089_15992-17897,202104TB-W25-N1_bin.142.purify_k141_1105089_10(Fam_8802 [★Target]) --> 202104TB-W25-N1_bin.142.purify_k141_1105089_11(Fam_2645 [★Target])
"(2645, 8802)",3,[8802],SLC-S-3-N1_bin.39.purify_k141_356326,SLC-S-3-N1_bin.39.purify_k141_356326_16268-18173,SLC-S-3-N1_bin.39.purify_k141_356326_10(Fam_8802 [★Target]) --> SLC-S-3-N1_bin.39.purify_k141_356326_11(Fam_2645 [★Target])
"(2645, 8802)",3,[8802],SLC-S-N1_bin.143.purify_k141_700043,SLC-S-N1_bin.143.purify_k141_700043_16157-18062,SLC-S-N1_bin.143.purify_k141_700043_10(Fam_8802 [★Target]) --> SLC-S-N1_bin.143.purify_k141_700043_11(Fam_2645 [★Target])
"(11340, 11851)",3,[11851],202104TB-W60-N1_bin.18.purify_k141_1404614,202104TB-W60-N1_bin.18.purify_k141_1404614_11481-12081,202104TB-W60-N1_bin.18.purify_k141_1404614_12(Fam_11340 [★Target]) --> 202104TB-W60-N1_bin.18.purify_k141_1404614_13(Fam_11851 [★Target])
"(11340, 11851)",3,[11851],CC-20S-1-N1_bin.42.purify_k141_930396,CC-20S-1-N1_bin.42.purify_k141_930396_7751-8351,CC-20S-1-N1_bin.42.purify_k141_930396_9(Fam_11340 [★Target]) --> CC-20S-1-N1_bin.42.purify_k141_930396_10(Fam_11851 [★Target])
"(11340, 11851)",3,[11851],KMC-20S-1-N1_bin.179.purify_k141_3713501,KMC-20S-1-N1_bin.179.purify_k141_3713501_6677-7277,KMC-20S-1-N1_bin.179.purify_k141_3713501_8(Fam_11340 [★Target]) --> KMC-20S-1-N1_bin.179.purify_k141_3713501_9(Fam_11851 [★Target])
"(6916, 9375)",3,[9375],202106QH-W38-N1_bin.71.purify_k141_1528489,202106QH-W38-N1_bin.71.purify_k141_1528489_2388-3903,202106QH-W38-N1_bin.71.purify_k141_1528489_4(Fam_6916 [★Target]) --> 202106QH-W38-N1_bin.71.purify_k141_1528489_5(Fam_9375 [★Target])
"(6916, 9375)",3,[9375],JC-20S-3-N1_bin.114.purify_k141_1354880,JC-20S-3-N1_bin.114.purify_k141_1354880_807-2322,JC-20S-3-N1_bin.114.purify_k141_1354880_2(Fam_6916 [★Target]) --> JC-20S-3-N1_bin.114.purify_k141_1354880_3(Fam_9375 [★Target])
"(6916, 9375)",3,[9375],SLC-S-7-N1_bin.53.purify_k141_975994,SLC-S-7-N1_bin.53.purify_k141_975994_2366-3881,SLC-S-7-N1_bin.53.purify_k141_975994_4(Fam_9375 [★Target]) --> SLC-S-7-N1_bin.53.purify_k141_975994_5(Fam_6916 [★Target])
"(11091, 12636)",3,[11091],202104TB-W59-N1_bin.95.purify_k141_612804,202104TB-W59-N1_bin.95.purify_k141_612804_5431-6123,202104TB-W59-N1_bin.95.purify_k141_612804_6(Fam_11091 [★Target]) --> 202104TB-W59-N1_bin.95.purify_k141_612804_7(Fam_12636 [★Target])
"(11091, 12636)",3,[11091],KMC-20S-1-N1_bin.29.purify_k141_54300,KMC-20S-1-N1_bin.29.purify_k141_54300_1-681,KMC-20S-1-N1_bin.29.purify_k141_54300_1(Fam_12636 [★Target]) --> KMC-20S-1-N1_bin.29.purify_k141_54300_2(Fam_11091 [★Target])
"(11091, 12636)",3,[11091],KMC-20S-2-N1_bin.18.purify_k141_3763331,KMC-20S-2-N1_bin.18.purify_k141_3763331_1-681,KMC-20S-2-N1_bin.18.purify_k141_3763331_1(Fam_12636 [★Target]) --> KMC-20S-2-N1_bin.18.purify_k141_3763331_2(Fam_11091 [★Target])
"(1818, 5226)",2,[1818],202104TB-W71-N1_bin.174.purify_k141_1401186,202104TB-W71-N1_bin.174.purify_k141_1401186_3-1914,202104TB-W71-N1_bin.174.purify_k141_1401186_1(Fam_5226 [★Target]) --> 202104TB-W71-N1_bin.174.purify_k141_1401186_2(Fam_1818 [★Target])
"(1818, 5226)",2,[1818],CC-20S-2-N1_bin.10.purify_k141_2200182,CC-20S-2-N1_bin.10.purify_k141_2200182_2816-5334,CC-20S-2-N1_bin.10.purify_k141_2200182_3(Fam_5226 [★Target]) --> CC-20S-2-N1_bin.10.purify_k141_2200182_4(Fam_1818 [★Target])
"(2707, 10409)",2,"[2707, 10409]",202104TB-W71-N1_bin.189.purify_k141_1171793,202104TB-W71-N1_bin.189.purify_k141_1171793_5618-7399,202104TB-W71-N1_bin.189.purify_k141_1171793_9(Fam_2707 [★Target]) --> 202104TB-W71-N1_bin.189.purify_k141_1171793_10(Fam_10409 [★Target])
"(2707, 10409)",2,"[2707, 10409]",CE-D-S-28.1m-N2_bin.54.purify_k141_1357616,CE-D-S-28.1m-N2_bin.54.purify_k141_1357616_1447-3228,CE-D-S-28.1m-N2_bin.54.purify_k141_1357616_4(Fam_10409 [★Target]) --> CE-D-S-28.1m-N2_bin.54.purify_k141_1357616_5(Fam_2707 [★Target])
"(796, 1629)",2,[1629],202104TB-W71-N1_bin.96.purify_k141_273017,202104TB-W71-N1_bin.96.purify_k141_273017_2341-6331,202104TB-W71-N1_bin.96.purify_k141_273017_3(Fam_796 [★Target]) --> 202104TB-W71-N1_bin.96.purify_k141_273017_4(Fam_1629 [★Target])
"(796, 1629)",2,[1629],CE-N-S-N1_bin.90.purify_k141_431400,CE-N-S-N1_bin.90.purify_k141_431400_1857-5847,CE-N-S-N1_bin.90.purify_k141_431400_2(Fam_796 [★Target]) --> CE-N-S-N1_bin.90.purify_k141_431400_3(Fam_1629 [★Target])
"(12051, 12225)",2,[12051],NMC-S-5-N1_bin.123.purify_k141_320460,NMC-S-5-N1_bin.123.purify_k141_320460_985-1754,NMC-S-5-N1_bin.123.purify_k141_320460_4(Fam_12225 [★Target]) --> NMC-S-5-N1_bin.123.purify_k141_320460_5(Fam_12051 [★Target])
"(12051, 12225)",2,[12051],NMC-S-8-N1_bin.193.purify_k141_1858456,NMC-S-8-N1_bin.193.purify_k141_1858456_820-1589,NMC-S-8-N1_bin.193.purify_k141_1858456_3(Fam_12225 [★Target]) --> NMC-S-8-N1_bin.193.purify_k141_1858456_4(Fam_12051 [★Target])
"(3738, 11374)",2,[11374],202104TB-W73-N1_bin.83.purify_k141_3357155,202104TB-W73-N1_bin.83.purify_k141_3357155_2314-4231,202104TB-W73-N1_bin.83.purify_k141_3357155_4(Fam_11374 [★Target]) --> 202104TB-W73-N1_bin.83.purify_k141_3357155_6(Fam_3738 [★Target])
"(3738, 11374)",2,[11374],HHSD2-N1_bin.54.purify_k141_1289716,HHSD2-N1_bin.54.purify_k141_1289716_1746-3660,HHSD2-N1_bin.54.purify_k141_1289716_3(Fam_11374 [★Target]) --> HHSD2-N1_bin.54.purify_k141_1289716_6(Fam_3738 [★Target])
"(2575, 3264)",2,[2575],NMC-S-5-N1_bin.160.purify_k141_381544,NMC-S-5-N1_bin.160.purify_k141_381544_2639-4257,NMC-S-5-N1_bin.160.purify_k141_381544_5(Fam_2575 [★Target]) --> NMC-S-5-N1_bin.160.purify_k141_381544_6(Fam_3264 [★Target])
"(2575, 3264)",2,[2575],YZYC-20S-6-N1_bin.41.purify_k141_1011292,YZYC-20S-6-N1_bin.41.purify_k141_1011292_1067-2672,YZYC-20S-6-N1_bin.41.purify_k141_1011292_4(Fam_2575 [★Target]) --> YZYC-20S-6-N1_bin.41.purify_k141_1011292_5(Fam_3264 [★Target])
"(3318, 8661)",2,[8661],NMC-S-5-N1_bin.136.purify_k141_509334,NMC-S-5-N1_bin.136.purify_k141_509334_688-2476,NMC-S-5-N1_bin.136.purify_k141_509334_2(Fam_3318 [★Target]) --> NMC-S-5-N1_bin.136.purify_k141_509334_3(Fam_8661 [★Target])
"(3318, 8661)",2,[8661],YZYC-20S-2-N1_bin.31.purify_k141_1199053,YZYC-20S-2-N1_bin.31.purify_k141_1199053_4758-6546,YZYC-20S-2-N1_bin.31.purify_k141_1199053_8(Fam_3318 [★Target]) --> YZYC-20S-2-N1_bin.31.purify_k141_1199053_9(Fam_8661 [★Target])
"(524, 7087)",2,[7087],BMC20S-2-N1_bin.244.purify_k141_2435004,BMC20S-2-N1_bin.244.purify_k141_2435004_2-1624,BMC20S-2-N1_bin.244.purify_k141_2435004_1(Fam_524 [★Target]) --> BMC20S-2-N1_bin.244.purify_k141_2435004_2(Fam_7087 [★Target])
"(524, 7087)",2,[7087],BMC20S-N1-N1_bin.312.purify_k141_734524,BMC20S-N1-N1_bin.312.purify_k141_734524_2-1594,BMC20S-N1-N1_bin.312.purify_k141_734524_1(Fam_524 [★Target]) --> BMC20S-N1-N1_bin.312.purify_k141_734524_2(Fam_7087 [★Target])
"(53, 2749, 4556, 7588)",2,[4556],202104TB-W71-N1_bin.33.purify_k141_541353,202104TB-W71-N1_bin.33.purify_k141_541353_347-7777,202104TB-W71-N1_bin.33.purify_k141_541353_2(Fam_4556 [★Target]) --> 202104TB-W71-N1_bin.33.purify_k141_541353_3(Fam_53 [★Target]) --> 202104TB-W71-N1_bin.33.purify_k141_541353_4(Fam_7588 [★Target]) --> 202104TB-W71-N1_bin.33.purify_k141_541353_5(Fam_2749 [★Target])
"(53, 2749, 4556, 7588)",2,[4556],CE-20S-3-N1_bin.138.purify_k141_1255149,CE-20S-3-N1_bin.138.purify_k141_1255149_417-7547,CE-20S-3-N1_bin.138.purify_k141_1255149_2(Fam_2749 [★Target]) --> CE-20S-3-N1_bin.138.purify_k141_1255149_3(Fam_7588 [★Target]) --> CE-20S-3-N1_bin.138.purify_k141_1255149_4(Fam_53 [★Target]) --> CE-20S-3-N1_bin.138.purify_k141_1255149_5(Fam_4556 [★Target])
"(53, 2749, 4556, 7588)",2,[4556],CE-D-S-28.1m-N2_bin.138.purify_k141_47818,CE-D-S-28.1m-N2_bin.138.purify_k141_47818_194-8499,CE-D-S-28.1m-N2_bin.138.purify_k141_47818_2(Fam_5026) --> CE-D-S-28.1m-N2_bin.138.purify_k141_47818_3(Fam_2749 [★Target]) --> CE-D-S-28.1m-N2_bin.138.purify_k141_47818_4(Fam_7588 [★Target]) --> CE-D-S-28.1m-N2_bin.138.purify_k141_47818_5(Fam_53 [★Target]) --> CE-D-S-28.1m-N2_bin.138.purify_k141_47818_6(Fam_4556 [★Target])
"(4537, 10125)",2,[10125],NMC-S-5-N1_bin.145.purify_k141_1254562,NMC-S-5-N1_bin.145.purify_k141_1254562_2849-4244,NMC-S-5-N1_bin.145.purify_k141_1254562_3(Fam_4537 [★Target]) --> NMC-S-5-N1_bin.145.purify_k141_1254562_4(Fam_10125 [★Target])
"(4537, 10125)",2,[10125],NMC-S-8-N1_bin.133.purify_k141_1202862,NMC-S-8-N1_bin.133.purify_k141_1202862_2710-4219,NMC-S-8-N1_bin.133.purify_k141_1202862_3(Fam_4537 [★Target]) --> NMC-S-8-N1_bin.133.purify_k141_1202862_4(Fam_10125 [★Target])
"(1990, 9011)",2,[9011],202104TB-W71-N1_bin.36.purify_k141_181604,202104TB-W71-N1_bin.36.purify_k141_181604_1-1749,202104TB-W71-N1_bin.36.purify_k141_181604_1(Fam_9011 [★Target]) --> 202104TB-W71-N1_bin.36.purify_k141_181604_2(Fam_1990 [★Target])
"(1990, 9011)",2,[9011],202106QH-W19-N1_bin.211.purify_k141_293444,202106QH-W19-N1_bin.211.purify_k141_293444_3677-5776,202106QH-W19-N1_bin.211.purify_k141_293444_3(Fam_1990 [★Target]) --> 202106QH-W19-N1_bin.211.purify_k141_293444_4(Fam_9011 [★Target])
"(6722, 10536)",2,[10536],202104TB-W73-N1_bin.27.purify_k141_878321,202104TB-W73-N1_bin.27.purify_k141_878321_2777-4027,202104TB-W73-N1_bin.27.purify_k141_878321_4(Fam_6722 [★Target]) --> 202104TB-W73-N1_bin.27.purify_k141_878321_5(Fam_10536 [★Target])
"(6722, 10536)",2,[10536],202106QH-W8-N1_bin.57.purify_k141_94626,202106QH-W8-N1_bin.57.purify_k141_94626_2469-3684,202106QH-W8-N1_bin.57.purify_k141_94626_5(Fam_6722 [★Target]) --> 202106QH-W8-N1_bin.57.purify_k141_94626_6(Fam_10536 [★Target])
"(11067, 12589)",2,[12589],NMC-S-5-N1_bin.14.purify_k141_86556,NMC-S-5-N1_bin.14.purify_k141_86556_7284-7833,NMC-S-5-N1_bin.14.purify_k141_86556_8(Fam_11067 [★Target]) --> NMC-S-5-N1_bin.14.purify_k141_86556_9(Fam_12589 [★Target])
"(11067, 12589)",2,[12589],NMC-S-7-N1_bin.82.purify_k141_911813,NMC-S-7-N1_bin.82.purify_k141_911813_9319-9868,NMC-S-7-N1_bin.82.purify_k141_911813_9(Fam_11067 [★Target]) --> NMC-S-7-N1_bin.82.purify_k141_911813_10(Fam_12589 [★Target])
"(112, 12138)",2,[12138],202104TB-W71-N1_bin.36.purify_k141_873141,202104TB-W71-N1_bin.36.purify_k141_873141_966-2209,202104TB-W71-N1_bin.36.purify_k141_873141_3(Fam_12138 [★Target]) --> 202104TB-W71-N1_bin.36.purify_k141_873141_4(Fam_112 [★Target])
"(112, 12138)",2,[12138],JC-20S-2-N1_bin.107.purify_k141_784464,JC-20S-2-N1_bin.107.purify_k141_784464_3990-5140,JC-20S-2-N1_bin.107.purify_k141_784464_4(Fam_112 [★Target]) --> JC-20S-2-N1_bin.107.purify_k141_784464_5(Fam_12138 [★Target])
"(6327, 8874)",2,[8874],202104TB-W71-N1_bin.133.purify_k141_803135,202104TB-W71-N1_bin.133.purify_k141_803135_5785-7177,202104TB-W71-N1_bin.133.purify_k141_803135_7(Fam_6327 [★Target]) --> 202104TB-W71-N1_bin.133.purify_k141_803135_8(Fam_8874 [★Target])
"(6327, 8874)",2,[8874],CE-20S-3-N1_bin.65.purify_k141_1030895,CE-20S-3-N1_bin.65.purify_k141_1030895_1134-3571,CE-20S-3-N1_bin.65.purify_k141_1030895_3(Fam_8874 [★Target]) --> CE-20S-3-N1_bin.65.purify_k141_1030895_4(Fam_6327 [★Target]) --> CE-20S-3-N1_bin.65.purify_k141_1030895_5(Fam_4055)
"(6327, 8874)",2,[8874],SLC-S-3-N1_bin.228.purify_k141_226542,SLC-S-3-N1_bin.228.purify_k141_226542_5905-7297,SLC-S-3-N1_bin.228.purify_k141_226542_8(Fam_6327 [★Target]) --> SLC-S-3-N1_bin.228.purify_k141_226542_9(Fam_8874 [★Target])
"(8713, 11160)",2,[8713],202104TB-W71-N1_bin.47.purify_k141_492237,202104TB-W71-N1_bin.47.purify_k141_492237_764-1843,202104TB-W71-N1_bin.47.purify_k141_492237_3(Fam_11160 [★Target]) --> 202104TB-W71-N1_bin.47.purify_k141_492237_4(Fam_8713 [★Target])
"(8713, 11160)",2,[8713],CE-D-S-28.1m-N2_bin.111.purify_k141_1060149,CE-D-S-28.1m-N2_bin.111.purify_k141_1060149_752-1831,CE-D-S-28.1m-N2_bin.111.purify_k141_1060149_3(Fam_11160 [★Target]) --> CE-D-S-28.1m-N2_bin.111.purify_k141_1060149_4(Fam_8713 [★Target])
"(7177, 8808)",2,[7177],202104TB-W71-N1_bin.175.purify_k141_1614793,202104TB-W71-N1_bin.175.purify_k141_1614793_10073-11382,202104TB-W71-N1_bin.175.purify_k141_1614793_16(Fam_7177 [★Target]) --> 202104TB-W71-N1_bin.175.purify_k141_1614793_17(Fam_8808 [★Target])
"(7177, 8808)",2,[7177],202106QH-W40-N1_bin.78.purify_k141_337743,202106QH-W40-N1_bin.78.purify_k141_337743_4076-5376,202106QH-W40-N1_bin.78.purify_k141_337743_6(Fam_8808 [★Target]) --> 202106QH-W40-N1_bin.78.purify_k141_337743_7(Fam_7177 [★Target])
"(2376, 7210)",2,[7210],BMC20S-2-N1_bin.245.purify_k141_1636982,BMC20S-2-N1_bin.245.purify_k141_1636982_2-1713,BMC20S-2-N1_bin.245.purify_k141_1636982_1(Fam_2376 [★Target]) --> BMC20S-2-N1_bin.245.purify_k141_1636982_2(Fam_7210 [★Target])
"(2376, 7210)",2,[7210],BMC20S-N1-N1_bin.268.purify_k141_1723483,BMC20S-N1-N1_bin.268.purify_k141_1723483_926-3054,BMC20S-N1-N1_bin.268.purify_k141_1723483_2(Fam_2376 [★Target]) --> BMC20S-N1-N1_bin.268.purify_k141_1723483_3(Fam_7210 [★Target])
"(3719, 9249)",2,[9249],202104TB-W71-N1_bin.165.purify_k141_1219356,202104TB-W71-N1_bin.165.purify_k141_1219356_727-2787,202104TB-W71-N1_bin.165.purify_k141_1219356_2(Fam_3719 [★Target]) --> 202104TB-W71-N1_bin.165.purify_k141_1219356_3(Fam_9249 [★Target])
"(3719, 9249)",2,[9249],CE-20S-2-N1_bin.68.purify_k141_643313,CE-20S-2-N1_bin.68.purify_k141_643313_468-2528,CE-20S-2-N1_bin.68.purify_k141_643313_2(Fam_9249 [★Target]) --> CE-20S-2-N1_bin.68.purify_k141_643313_3(Fam_3719 [★Target])
"(6105, 8653)",2,[8653],BMC20S-2-N1_bin.245.purify_k141_2799196,BMC20S-2-N1_bin.245.purify_k141_2799196_1635-3146,BMC20S-2-N1_bin.245.purify_k141_2799196_3(Fam_6105 [★Target]) --> BMC20S-2-N1_bin.245.purify_k141_2799196_4(Fam_8653 [★Target])
"(6105, 8653)",2,[8653],BMC20S-N1-N1_bin.268.purify_k141_625627,BMC20S-N1-N1_bin.268.purify_k141_625627_291-1802,BMC20S-N1-N1_bin.268.purify_k141_625627_1(Fam_8653 [★Target]) --> BMC20S-N1-N1_bin.268.purify_k141_625627_2(Fam_6105 [★Target])
"(11298, 12449)",2,[11298],SYH4-N1_bin.9.purify_k141_471716,SYH4-N1_bin.9.purify_k141_471716_1388-2025,SYH4-N1_bin.9.purify_k141_471716_3(Fam_12449 [★Target]) --> SYH4-N1_bin.9.purify_k141_471716_4(Fam_11298 [★Target])
"(11298, 12449)",2,[11298],YMH2-N1_bin.145.purify_k141_1930250,YMH2-N1_bin.145.purify_k141_1930250_1858-2495,YMH2-N1_bin.145.purify_k141_1930250_4(Fam_11298 [★Target]) --> YMH2-N1_bin.145.purify_k141_1930250_5(Fam_12449 [★Target])
"(6789, 11823)",2,[6789],202104TB-W71-N1_bin.165.purify_k141_1150294,202104TB-W71-N1_bin.165.purify_k141_1150294_3158-3946,202104TB-W71-N1_bin.165.purify_k141_1150294_7(Fam_11823 [★Target]) --> 202104TB-W71-N1_bin.165.purify_k141_1150294_8(Fam_6789 [★Target])
"(6789, 11823)",2,[6789],CE-N-S-N1_bin.168.purify_k141_1458960,CE-N-S-N1_bin.168.purify_k141_1458960_2-1288,CE-N-S-N1_bin.168.purify_k141_1458960_1(Fam_6789 [★Target]) --> CE-N-S-N1_bin.168.purify_k141_1458960_2(Fam_11823 [★Target])
"(5401, 9989)",2,[9989],202104TB-W71-N1_bin.189.purify_k141_1105668,202104TB-W71-N1_bin.189.purify_k141_1105668_19487-21125,202104TB-W71-N1_bin.189.purify_k141_1105668_22(Fam_5401 [★Target]) --> 202104TB-W71-N1_bin.189.purify_k141_1105668_24(Fam_9989 [★Target])
"(5401, 9989)",2,[9989],202106QH-W25-N1_bin.243.purify_k141_319953,202106QH-W25-N1_bin.243.purify_k141_319953_7193-8659,202106QH-W25-N1_bin.243.purify_k141_319953_10(Fam_9989 [★Target]) --> 202106QH-W25-N1_bin.243.purify_k141_319953_11(Fam_5401 [★Target])
"(3223, 9029)",2,[3223],202104TB-W71-N1_bin.133.purify_k141_830715,202104TB-W71-N1_bin.133.purify_k141_830715_8512-10796,202104TB-W71-N1_bin.133.purify_k141_830715_9(Fam_9029 [★Target]) --> 202104TB-W71-N1_bin.133.purify_k141_830715_10(Fam_3223 [★Target])
"(3223, 9029)",2,[3223],CE-N-S-N1_bin.4.purify_k141_546768,CE-N-S-N1_bin.4.purify_k141_546768_5164-7448,CE-N-S-N1_bin.4.purify_k141_546768_6(Fam_9029 [★Target]) --> CE-N-S-N1_bin.4.purify_k141_546768_7(Fam_3223 [★Target])
"(4311, 8422)",2,[8422],CC-20S-1-N1_bin.18.purify_k141_557353,CC-20S-1-N1_bin.18.purify_k141_557353_307-1882,CC-20S-1-N1_bin.18.purify_k141_557353_2(Fam_8422 [★Target]) --> CC-20S-1-N1_bin.18.purify_k141_557353_3(Fam_4311 [★Target])
"(4311, 8422)",2,[8422],KMC-20S-1-N1_bin.100.purify_k141_4113205,KMC-20S-1-N1_bin.100.purify_k141_4113205_26110-27685,KMC-20S-1-N1_bin.100.purify_k141_4113205_20(Fam_4311 [★Target]) --> KMC-20S-1-N1_bin.100.purify_k141_4113205_21(Fam_8422 [★Target])
"(1546, 5455)",2,[5455],CC-20S-1-N1_bin.23.purify_k141_1870394,CC-20S-1-N1_bin.23.purify_k141_1870394_1290-3963,CC-20S-1-N1_bin.23.purify_k141_1870394_3(Fam_5455 [★Target]) --> CC-20S-1-N1_bin.23.purify_k141_1870394_4(Fam_1546 [★Target])
"(1546, 5455)",2,[5455],KMC-20S-1-N1_bin.116.purify_k141_2499438,KMC-20S-1-N1_bin.116.purify_k141_2499438_2-2681,KMC-20S-1-N1_bin.116.purify_k141_2499438_1(Fam_1546 [★Target]) --> KMC-20S-1-N1_bin.116.purify_k141_2499438_2(Fam_5455 [★Target])
"(60, 2877)",2,[2877],202104TB-W60-N1_bin.18.purify_k141_2577695,202104TB-W60-N1_bin.18.purify_k141_2577695_1-4785,202104TB-W60-N1_bin.18.purify_k141_2577695_1(Fam_2877 [★Target]) --> 202104TB-W60-N1_bin.18.purify_k141_2577695_2(Fam_60 [★Target])
"(60, 2877)",2,[2877],CN-B-S-2-N2_bin.9.purify_k141_169521,CN-B-S-2-N2_bin.9.purify_k141_169521_116-5982,CN-B-S-2-N2_bin.9.purify_k141_169521_1(Fam_60 [★Target]) --> CN-B-S-2-N2_bin.9.purify_k141_169521_2(Fam_2877 [★Target])
"(3673, 9365)",2,[3673],202104TB-W59-N1_bin.95.purify_k141_1068388,202104TB-W59-N1_bin.95.purify_k141_1068388_1-854,202104TB-W59-N1_bin.95.purify_k141_1068388_1(Fam_3673 [★Target]) --> 202104TB-W59-N1_bin.95.purify_k141_1068388_2(Fam_9365 [★Target])
"(3673, 9365)",2,[3673],202104TB-W60-N1_bin.38.purify_k141_113566,202104TB-W60-N1_bin.38.purify_k141_113566_1-815,202104TB-W60-N1_bin.38.purify_k141_113566_1(Fam_3673 [★Target]) --> 202104TB-W60-N1_bin.38.purify_k141_113566_2(Fam_9365 [★Target])
"(4021, 4872)",2,[4021],202104TB-W59-N1_bin.89.purify_k141_1408387,202104TB-W59-N1_bin.89.purify_k141_1408387_1-1512,202104TB-W59-N1_bin.89.purify_k141_1408387_1(Fam_4021 [★Target]) --> 202104TB-W59-N1_bin.89.purify_k141_1408387_2(Fam_4872 [★Target])
"(4021, 4872)",2,[4021],CN-B-S-2-N2_bin.68.purify_k141_1027984,CN-B-S-2-N2_bin.68.purify_k141_1027984_1981-4155,CN-B-S-2-N2_bin.68.purify_k141_1027984_5(Fam_4872 [★Target]) --> CN-B-S-2-N2_bin.68.purify_k141_1027984_6(Fam_4021 [★Target])
"(10114, 12454)",2,"[10114, 12454]",CC-20S-1-N1_bin.59.purify_k141_993126,CC-20S-1-N1_bin.59.purify_k141_993126_9323-10416,CC-20S-1-N1_bin.59.purify_k141_993126_11(Fam_12454 [★Target]) --> CC-20S-1-N1_bin.59.purify_k141_993126_12(Fam_10114 [★Target])
"(10114, 12454)",2,"[10114, 12454]",CN-2-4.9m-N1_bin.42.purify_k141_1803253,CN-2-4.9m-N1_bin.42.purify_k141_1803253_3-1027,CN-2-4.9m-N1_bin.42.purify_k141_1803253_1(Fam_10114 [★Target]) --> CN-2-4.9m-N1_bin.42.purify_k141_1803253_2(Fam_12454 [★Target])
"(5974, 6282)",2,[6282],LLSD-1-N1_bin.30.purify_k141_683762,LLSD-1-N1_bin.30.purify_k141_683762_2-1449,LLSD-1-N1_bin.30.purify_k141_683762_1(Fam_6282 [★Target]) --> LLSD-1-N1_bin.30.purify_k141_683762_2(Fam_5974 [★Target])
"(5974, 6282)",2,[6282],NMC-S-8-N1_bin.229.purify_k141_1628624,NMC-S-8-N1_bin.229.purify_k141_1628624_641-2244,NMC-S-8-N1_bin.229.purify_k141_1628624_2(Fam_5974 [★Target]) --> NMC-S-8-N1_bin.229.purify_k141_1628624_3(Fam_6282 [★Target])
"(6698, 10996)",2,[10996],202104TB-W69-N1_bin.5.purify_k141_496804,202104TB-W69-N1_bin.5.purify_k141_496804_749-1856,202104TB-W69-N1_bin.5.purify_k141_496804_1(Fam_6698 [★Target]) --> 202104TB-W69-N1_bin.5.purify_k141_496804_2(Fam_10996 [★Target])
"(6698, 10996)",2,[10996],202104TB-W71-N1_bin.165.purify_k141_274859,202104TB-W71-N1_bin.165.purify_k141_274859_368-1475,202104TB-W71-N1_bin.165.purify_k141_274859_1(Fam_6698 [★Target]) --> 202104TB-W71-N1_bin.165.purify_k141_274859_2(Fam_10996 [★Target])
"(2772, 4699)",2,[2772],LLSD-1-N1_bin.30.purify_k141_1829613,LLSD-1-N1_bin.30.purify_k141_1829613_7688-9723,LLSD-1-N1_bin.30.purify_k141_1829613_7(Fam_2772 [★Target]) --> LLSD-1-N1_bin.30.purify_k141_1829613_8(Fam_4699 [★Target])
"(2772, 4699)",2,[2772],ZJ-S-2-N2_bin.73.purify_k141_453345,ZJ-S-2-N2_bin.73.purify_k141_453345_18659-21017,ZJ-S-2-N2_bin.73.purify_k141_453345_14(Fam_4699 [★Target]) --> ZJ-S-2-N2_bin.73.purify_k141_453345_15(Fam_2772 [★Target])
"(3962, 6046)",2,"[3962, 6046]",202104TB-W59-N1_bin.32.purify_k141_829630,202104TB-W59-N1_bin.32.purify_k141_829630_8025-9932,202104TB-W59-N1_bin.32.purify_k141_829630_8(Fam_6046 [★Target]) --> 202104TB-W59-N1_bin.32.purify_k141_829630_9(Fam_3962 [★Target])
"(3962, 6046)",2,"[3962, 6046]",CRC-20S-1-N1_bin.71.purify_k141_2332804,CRC-20S-1-N1_bin.71.purify_k141_2332804_8683-10600,CRC-20S-1-N1_bin.71.purify_k141_2332804_11(Fam_3962 [★Target]) --> CRC-20S-1-N1_bin.71.purify_k141_2332804_12(Fam_6046 [★Target])
"(3652, 10465)",2,[3652],202104TB-W59-N1_bin.18.purify_k141_2359144,202104TB-W59-N1_bin.18.purify_k141_2359144_2-1651,202104TB-W59-N1_bin.18.purify_k141_2359144_1(Fam_10465 [★Target]) --> 202104TB-W59-N1_bin.18.purify_k141_2359144_2(Fam_3652 [★Target])
"(3652, 10465)",2,[3652],CRC-20S-1-N1_bin.31.purify_k141_2165290,CRC-20S-1-N1_bin.31.purify_k141_2165290_1-1545,CRC-20S-1-N1_bin.31.purify_k141_2165290_1(Fam_10465 [★Target]) --> CRC-20S-1-N1_bin.31.purify_k141_2165290_2(Fam_3652 [★Target])
"(1770, 3995)",2,[3995],202104TB-W58-N1_bin.99.purify_k141_267399,202104TB-W58-N1_bin.99.purify_k141_267399_1193-3917,202104TB-W58-N1_bin.99.purify_k141_267399_2(Fam_1770 [★Target]) --> 202104TB-W58-N1_bin.99.purify_k141_267399_3(Fam_3995 [★Target])
"(1770, 3995)",2,[3995],CN-B-S-N1_bin.77.purify_k141_2387469,CN-B-S-N1_bin.77.purify_k141_2387469_1105-3829,CN-B-S-N1_bin.77.purify_k141_2387469_2(Fam_1770 [★Target]) --> CN-B-S-N1_bin.77.purify_k141_2387469_3(Fam_3995 [★Target])
"(2985, 10761)",2,[2985],YM-S-27.0m-N1_bin.111.purify_k141_570291,YM-S-27.0m-N1_bin.111.purify_k141_570291_159-1938,YM-S-27.0m-N1_bin.111.purify_k141_570291_2(Fam_2985 [★Target]) --> YM-S-27.0m-N1_bin.111.purify_k141_570291_3(Fam_10761 [★Target])
"(2985, 10761)",2,[2985],YM-S-43m-N3_bin.114.purify_k141_1696671,YM-S-43m-N3_bin.114.purify_k141_1696671_1123-2902,YM-S-43m-N3_bin.114.purify_k141_1696671_3(Fam_2985 [★Target]) --> YM-S-43m-N3_bin.114.purify_k141_1696671_4(Fam_10761 [★Target])
"(5691, 7644)",2,[7644],YBJSD-S-3-N1_bin.9.purify_k141_104894,YBJSD-S-3-N1_bin.9.purify_k141_104894_3825-5382,YBJSD-S-3-N1_bin.9.purify_k141_104894_5(Fam_7644 [★Target]) --> YBJSD-S-3-N1_bin.9.purify_k141_104894_6(Fam_5691 [★Target])
"(5691, 7644)",2,[7644],YZYC-20S-8-N1_bin.155.purify_k141_456235,YZYC-20S-8-N1_bin.155.purify_k141_456235_2037-3336,YZYC-20S-8-N1_bin.155.purify_k141_456235_4(Fam_7644 [★Target]) --> YZYC-20S-8-N1_bin.155.purify_k141_456235_5(Fam_5691 [★Target])
"(4549, 8152)",2,[4549],YBJSD-S-N1_bin.3.purify_k141_1501445,YBJSD-S-N1_bin.3.purify_k141_1501445_8486-10152,YBJSD-S-N1_bin.3.purify_k141_1501445_11(Fam_4549 [★Target]) --> YBJSD-S-N1_bin.3.purify_k141_1501445_12(Fam_8152 [★Target])
"(4549, 8152)",2,[4549],ZJZBSD-01-3-s1-N3_bin.8.purify_k141_1781535,ZJZBSD-01-3-s1-N3_bin.8.purify_k141_1781535_287-1932,ZJZBSD-01-3-s1-N3_bin.8.purify_k141_1781535_2(Fam_8152 [★Target]) --> ZJZBSD-01-3-s1-N3_bin.8.purify_k141_1781535_3(Fam_4549 [★Target])
"(8371, 9991)",2,[9991],LLSD-3-N1_bin.7.purify_k141_313547,LLSD-3-N1_bin.7.purify_k141_313547_449-1521,LLSD-3-N1_bin.7.purify_k141_313547_2(Fam_9991 [★Target]) --> LLSD-3-N1_bin.7.purify_k141_313547_3(Fam_8371 [★Target])
"(8371, 9991)",2,[9991],TLSD3-N1_bin.20.purify_k141_698473,TLSD3-N1_bin.20.purify_k141_698473_1084-2159,TLSD3-N1_bin.20.purify_k141_698473_2(Fam_8371 [★Target]) --> TLSD3-N1_bin.20.purify_k141_698473_3(Fam_9991 [★Target])
"(3237, 5171)",2,[3237],202104TB-W63-N1_bin.19.purify_k141_1623523,202104TB-W63-N1_bin.19.purify_k141_1623523_941-2982,202104TB-W63-N1_bin.19.purify_k141_1623523_2(Fam_3237 [★Target]) --> 202104TB-W63-N1_bin.19.purify_k141_1623523_3(Fam_5171 [★Target])
"(3237, 5171)",2,[3237],CBL-1-N1_bin.16.purify_k141_2160555,CBL-1-N1_bin.16.purify_k141_2160555_2-1815,CBL-1-N1_bin.16.purify_k141_2160555_1(Fam_3237 [★Target]) --> CBL-1-N1_bin.16.purify_k141_2160555_2(Fam_5171 [★Target])
"(614, 2723)",2,[2723],202104TB-W62-N1_bin.69.purify_k141_557958,202104TB-W62-N1_bin.69.purify_k141_557958_259-3208,202104TB-W62-N1_bin.69.purify_k141_557958_2(Fam_614 [★Target]) --> 202104TB-W62-N1_bin.69.purify_k141_557958_3(Fam_2723 [★Target])
"(614, 2723)",2,[2723],YZYC-20S-2-N1_bin.110.purify_k141_1801756,YZYC-20S-2-N1_bin.110.purify_k141_1801756_35-3416,YZYC-20S-2-N1_bin.110.purify_k141_1801756_1(Fam_2723 [★Target]) --> YZYC-20S-2-N1_bin.110.purify_k141_1801756_2(Fam_614 [★Target])
"(7125, 8020)",2,[7125],CBL-1-N1_bin.31.purify_k141_788947,CBL-1-N1_bin.31.purify_k141_788947_85-1520,CBL-1-N1_bin.31.purify_k141_788947_1(Fam_7125 [★Target]) --> CBL-1-N1_bin.31.purify_k141_788947_2(Fam_8020 [★Target])
"(7125, 8020)",2,[7125],KMC-20S-1-N1_bin.71.purify_k141_2141508,KMC-20S-1-N1_bin.71.purify_k141_2141508_3-1518,KMC-20S-1-N1_bin.71.purify_k141_2141508_1(Fam_7125 [★Target]) --> KMC-20S-1-N1_bin.71.purify_k141_2141508_2(Fam_8020 [★Target])
"(173, 5652)",2,[5652],CBL-4-N1_bin.30.purify_k141_18344,CBL-4-N1_bin.30.purify_k141_18344_2604-6924,CBL-4-N1_bin.30.purify_k141_18344_2(Fam_5652 [★Target]) --> CBL-4-N1_bin.30.purify_k141_18344_3(Fam_173 [★Target])
"(173, 5652)",2,[5652],CRC-20S-1-N1_bin.60.purify_k141_2174380,CRC-20S-1-N1_bin.60.purify_k141_2174380_198-4362,CRC-20S-1-N1_bin.60.purify_k141_2174380_1(Fam_5652 [★Target]) --> CRC-20S-1-N1_bin.60.purify_k141_2174380_2(Fam_173 [★Target])
"(1525, 7993)",2,[7993],YM-3-34.9m-N1_bin.27.purify_k141_1860125,YM-3-34.9m-N1_bin.27.purify_k141_1860125_254-1690,YM-3-34.9m-N1_bin.27.purify_k141_1860125_2(Fam_7993 [★Target]) --> YM-3-34.9m-N1_bin.27.purify_k141_1860125_3(Fam_1525 [★Target])
"(1525, 7993)",2,[7993],YM-S-43m-N3_bin.31.purify_k141_985745,YM-S-43m-N3_bin.31.purify_k141_985745_703-3099,YM-S-43m-N3_bin.31.purify_k141_985745_2(Fam_7993 [★Target]) --> YM-S-43m-N3_bin.31.purify_k141_985745_3(Fam_1525 [★Target])
"(1006, 8044)",2,[1006],202104TB-W60-N1_bin.56.purify_k141_2423856,202104TB-W60-N1_bin.56.purify_k141_2423856_1283-4063,202104TB-W60-N1_bin.56.purify_k141_2423856_3(Fam_8044 [★Target]) --> 202104TB-W60-N1_bin.56.purify_k141_2423856_4(Fam_1006 [★Target])
"(1006, 8044)",2,[1006],202106QH-W29-N1_bin.107.purify_k141_1245120,202106QH-W29-N1_bin.107.purify_k141_1245120_4515-6873,202106QH-W29-N1_bin.107.purify_k141_1245120_8(Fam_1006 [★Target]) --> 202106QH-W29-N1_bin.107.purify_k141_1245120_9(Fam_8044 [★Target])
"(2154, 4316)",2,[2154],CC-20S-3-N1_bin.36.purify_k141_1319552,CC-20S-3-N1_bin.36.purify_k141_1319552_319-2609,CC-20S-3-N1_bin.36.purify_k141_1319552_2(Fam_4316 [★Target]) --> CC-20S-3-N1_bin.36.purify_k141_1319552_3(Fam_2154 [★Target])
"(2154, 4316)",2,[2154],QJH-N1_bin.3.purify_k141_1324372,QJH-N1_bin.3.purify_k141_1324372_712-2856,QJH-N1_bin.3.purify_k141_1324372_2(Fam_4316 [★Target]) --> QJH-N1_bin.3.purify_k141_1324372_3(Fam_2154 [★Target])
"(3763, 5886)",2,[5886],CC-20S-3-N1_bin.36.purify_k141_152071,CC-20S-3-N1_bin.36.purify_k141_152071_3214-5156,CC-20S-3-N1_bin.36.purify_k141_152071_3(Fam_5886 [★Target]) --> CC-20S-3-N1_bin.36.purify_k141_152071_4(Fam_3763 [★Target])
"(3763, 5886)",2,[5886],YZYC-20S-6-N1_bin.85.purify_k141_1220969,YZYC-20S-6-N1_bin.85.purify_k141_1220969_20566-22532,YZYC-20S-6-N1_bin.85.purify_k141_1220969_20(Fam_3763 [★Target]) --> YZYC-20S-6-N1_bin.85.purify_k141_1220969_21(Fam_5886 [★Target])
"(4287, 12318)",2,[4287],CC-20S-3-N1_bin.6.purify_k141_1786175,CC-20S-3-N1_bin.6.purify_k141_1786175_12082-13453,CC-20S-3-N1_bin.6.purify_k141_1786175_19(Fam_4287 [★Target]) --> CC-20S-3-N1_bin.6.purify_k141_1786175_20(Fam_12318 [★Target])
"(4287, 12318)",2,[4287],NRPC-20S-1-N1_bin.9.purify_k141_520732,NRPC-20S-1-N1_bin.9.purify_k141_520732_767-2138,NRPC-20S-1-N1_bin.9.purify_k141_520732_3(Fam_12318 [★Target]) --> NRPC-20S-1-N1_bin.9.purify_k141_520732_4(Fam_4287 [★Target])
"(10766, 11341)",2,[11341],CC-20S-3-N1_bin.70.purify_k141_39926,CC-20S-3-N1_bin.70.purify_k141_39926_8279-8850,CC-20S-3-N1_bin.70.purify_k141_39926_7(Fam_11341 [★Target]) --> CC-20S-3-N1_bin.70.purify_k141_39926_8(Fam_10766 [★Target])
"(10766, 11341)",2,[11341],CRC-20S-2-N1_bin.32.purify_k141_1212684,CRC-20S-2-N1_bin.32.purify_k141_1212684_5784-6355,CRC-20S-2-N1_bin.32.purify_k141_1212684_5(Fam_11341 [★Target]) --> CRC-20S-2-N1_bin.32.purify_k141_1212684_6(Fam_10766 [★Target])
"(2264, 4650)",2,[2264],CC-20S-3-N1_bin.78.purify_k141_1133550,CC-20S-3-N1_bin.78.purify_k141_1133550_2162-4593,CC-20S-3-N1_bin.78.purify_k141_1133550_3(Fam_4650 [★Target]) --> CC-20S-3-N1_bin.78.purify_k141_1133550_4(Fam_2264 [★Target])
"(2264, 4650)",2,[2264],NMC-S-6-N1_bin.114.purify_k141_2586277,NMC-S-6-N1_bin.114.purify_k141_2586277_10301-12741,NMC-S-6-N1_bin.114.purify_k141_2586277_13(Fam_4650 [★Target]) --> NMC-S-6-N1_bin.114.purify_k141_2586277_14(Fam_2264 [★Target])
"(7029, 12744)",2,[12744],CE-20S-1-N1_bin.119.purify_k141_1553388,CE-20S-1-N1_bin.119.purify_k141_1553388_124-1138,CE-20S-1-N1_bin.119.purify_k141_1553388_1(Fam_7029 [★Target]) --> CE-20S-1-N1_bin.119.purify_k141_1553388_2(Fam_12744 [★Target])
"(7029, 12744)",2,[12744],CE-20S-3-N1_bin.132.purify_k141_438971,CE-20S-3-N1_bin.132.purify_k141_438971_2085-3093,CE-20S-3-N1_bin.132.purify_k141_438971_3(Fam_12744 [★Target]) --> CE-20S-3-N1_bin.132.purify_k141_438971_4(Fam_7029 [★Target])
"(1016, 2311)",2,[1016],202104TB-W51-N1_bin.147.purify_k141_1204325,202104TB-W51-N1_bin.147.purify_k141_1204325_829-4324,202104TB-W51-N1_bin.147.purify_k141_1204325_2(Fam_2311 [★Target]) --> 202104TB-W51-N1_bin.147.purify_k141_1204325_3(Fam_1016 [★Target])
"(1016, 2311)",2,[1016],ZJZB-s-2-N2_bin.33.purify_k141_2777041,ZJZB-s-2-N2_bin.33.purify_k141_2777041_2413-4538,ZJZB-s-2-N2_bin.33.purify_k141_2777041_2(Fam_2311 [★Target]) --> ZJZB-s-2-N2_bin.33.purify_k141_2777041_3(Fam_1016 [★Target])
"(2677, 4090)",2,"[2677, 4090]",202104TB-W58-N1_bin.74.purify_k141_488134,202104TB-W58-N1_bin.74.purify_k141_488134_9242-11838,202104TB-W58-N1_bin.74.purify_k141_488134_7(Fam_2677 [★Target]) --> 202104TB-W58-N1_bin.74.purify_k141_488134_8(Fam_4090 [★Target])
"(2677, 4090)",2,"[2677, 4090]",202104TB-W61-N1_bin.78.purify_k141_675368,202104TB-W61-N1_bin.78.purify_k141_675368_5027-7623,202104TB-W61-N1_bin.78.purify_k141_675368_6(Fam_2677 [★Target]) --> 202104TB-W61-N1_bin.78.purify_k141_675368_7(Fam_4090 [★Target])
"(4017, 9825)",2,"[4017, 9825]",CC-20S-2-N1_bin.104.purify_k141_1409330,CC-20S-2-N1_bin.104.purify_k141_1409330_3-1531,CC-20S-2-N1_bin.104.purify_k141_1409330_1(Fam_4017 [★Target]) --> CC-20S-2-N1_bin.104.purify_k141_1409330_2(Fam_9825 [★Target])
"(4017, 9825)",2,"[4017, 9825]",NMC-S-4-N1_bin.176.purify_k141_354126,NMC-S-4-N1_bin.176.purify_k141_354126_82-1559,NMC-S-4-N1_bin.176.purify_k141_354126_2(Fam_9825 [★Target]) --> NMC-S-4-N1_bin.176.purify_k141_354126_3(Fam_4017 [★Target])
"(9546, 11066)",2,[9546],CC-20S-2-N1_bin.111.purify_k141_1632811,CC-20S-2-N1_bin.111.purify_k141_1632811_1909-2839,CC-20S-2-N1_bin.111.purify_k141_1632811_4(Fam_11066 [★Target]) --> CC-20S-2-N1_bin.111.purify_k141_1632811_5(Fam_9546 [★Target])
"(9546, 11066)",2,[9546],TBLU-06-N1_bin.2.purify_k141_2069441,TBLU-06-N1_bin.2.purify_k141_2069441_1795-2753,TBLU-06-N1_bin.2.purify_k141_2069441_5(Fam_11066 [★Target]) --> TBLU-06-N1_bin.2.purify_k141_2069441_6(Fam_9546 [★Target])
"(197, 2864)",2,[2864],202104TB-W58-N1_bin.41.purify_k141_881269,202104TB-W58-N1_bin.41.purify_k141_881269_1-4774,202104TB-W58-N1_bin.41.purify_k141_881269_1(Fam_197 [★Target]) --> 202104TB-W58-N1_bin.41.purify_k141_881269_2(Fam_2864 [★Target])
"(197, 2864)",2,[2864],CN-B-S-N1_bin.115.purify_k141_1398953,CN-B-S-N1_bin.115.purify_k141_1398953_1571-6491,CN-B-S-N1_bin.115.purify_k141_1398953_4(Fam_2864 [★Target]) --> CN-B-S-N1_bin.115.purify_k141_1398953_5(Fam_197 [★Target])
"(12277, 12466)",2,"[12277, 12466]",YM-S-27.0m-N1_bin.219.purify_k141_950887,YM-S-27.0m-N1_bin.219.purify_k141_950887_1788-2138,YM-S-27.0m-N1_bin.219.purify_k141_950887_3(Fam_12466 [★Target]) --> YM-S-27.0m-N1_bin.219.purify_k141_950887_4(Fam_12277 [★Target])
"(12277, 12466)",2,"[12277, 12466]",ZJ-S-N13.9m-N2_bin.41.purify_k141_1776631,ZJ-S-N13.9m-N2_bin.41.purify_k141_1776631_1966-2346,ZJ-S-N13.9m-N2_bin.41.purify_k141_1776631_3(Fam_12466 [★Target]) --> ZJ-S-N13.9m-N2_bin.41.purify_k141_1776631_4(Fam_12277 [★Target])
"(2269, 6207)",2,[2269],KMC-20S-3-N1_bin.53.purify_k141_1551406,KMC-20S-3-N1_bin.53.purify_k141_1551406_1-1347,KMC-20S-3-N1_bin.53.purify_k141_1551406_1(Fam_2269 [★Target]) --> KMC-20S-3-N1_bin.53.purify_k141_1551406_2(Fam_6207 [★Target])
"(2269, 6207)",2,[2269],YZYC-20S-7-N1_bin.119.purify_k141_913029,YZYC-20S-7-N1_bin.119.purify_k141_913029_294-2551,YZYC-20S-7-N1_bin.119.purify_k141_913029_2(Fam_6207 [★Target]) --> YZYC-20S-7-N1_bin.119.purify_k141_913029_3(Fam_2269 [★Target])
"(6826, 10918)",2,[10918],CC-20S-2-N1_bin.88.purify_k141_2256545,CC-20S-2-N1_bin.88.purify_k141_2256545_5990-7122,CC-20S-2-N1_bin.88.purify_k141_2256545_6(Fam_10918 [★Target]) --> CC-20S-2-N1_bin.88.purify_k141_2256545_7(Fam_6826 [★Target])
"(6826, 10918)",2,[10918],CRC-20S-3-N1_bin.82.purify_k141_2195632,CRC-20S-3-N1_bin.82.purify_k141_2195632_7972-9104,CRC-20S-3-N1_bin.82.purify_k141_2195632_8(Fam_10918 [★Target]) --> CRC-20S-3-N1_bin.82.purify_k141_2195632_9(Fam_6826 [★Target])
"(100, 8785)",2,[8785],CC-20S-2-N1_bin.26.purify_k141_495064,CC-20S-2-N1_bin.26.purify_k141_495064_1308-2258,CC-20S-2-N1_bin.26.purify_k141_495064_2(Fam_8785 [★Target]) --> CC-20S-2-N1_bin.26.purify_k141_495064_3(Fam_100 [★Target])
"(100, 8785)",2,[8785],CRC-20S-2-N1_bin.60.purify_k141_2014123,CRC-20S-2-N1_bin.60.purify_k141_2014123_8659-9609,CRC-20S-2-N1_bin.60.purify_k141_2014123_6(Fam_100 [★Target]) --> CRC-20S-2-N1_bin.60.purify_k141_2014123_7(Fam_8785 [★Target])
"(5370, 8011)",2,[5370],CC-20S-2-N1_bin.35.purify_k141_793778,CC-20S-2-N1_bin.35.purify_k141_793778_5340-6999,CC-20S-2-N1_bin.35.purify_k141_793778_7(Fam_5370 [★Target]) --> CC-20S-2-N1_bin.35.purify_k141_793778_8(Fam_8011 [★Target])
"(5370, 8011)",2,[5370],NMC-S-7-N1_bin.92.purify_k141_1237045,NMC-S-7-N1_bin.92.purify_k141_1237045_2389-3962,NMC-S-7-N1_bin.92.purify_k141_1237045_6(Fam_5370 [★Target]) --> NMC-S-7-N1_bin.92.purify_k141_1237045_7(Fam_8011 [★Target])
"(11905, 12090)",2,"[11905, 12090]",KMC-20S-2-N1_bin.74.purify_k141_1828939,KMC-20S-2-N1_bin.74.purify_k141_1828939_911-1449,KMC-20S-2-N1_bin.74.purify_k141_1828939_2(Fam_11905 [★Target]) --> KMC-20S-2-N1_bin.74.purify_k141_1828939_3(Fam_12090 [★Target])
"(11905, 12090)",2,"[11905, 12090]",SD-S-3-N1_bin.46.purify_k141_255847,SD-S-3-N1_bin.46.purify_k141_255847_1613-2151,SD-S-3-N1_bin.46.purify_k141_255847_3(Fam_12090 [★Target]) --> SD-S-3-N1_bin.46.purify_k141_255847_4(Fam_11905 [★Target])
"(447, 1940)",2,[1940],202104TB-W51-N1_bin.70.purify_k141_920982,202104TB-W51-N1_bin.70.purify_k141_920982_24052-28322,202104TB-W51-N1_bin.70.purify_k141_920982_19(Fam_447 [★Target]) --> 202104TB-W51-N1_bin.70.purify_k141_920982_20(Fam_1940 [★Target])
"(447, 1940)",2,[1940],NMC-S-5-N1_bin.142.purify_k141_1585675,NMC-S-5-N1_bin.142.purify_k141_1585675_341-4671,NMC-S-5-N1_bin.142.purify_k141_1585675_2(Fam_1940 [★Target]) --> NMC-S-5-N1_bin.142.purify_k141_1585675_3(Fam_447 [★Target])
"(6388, 6585)",2,[6388],202104TB-W70-N1_bin.199.purify_k141_501010,202104TB-W70-N1_bin.199.purify_k141_501010_7101-8569,202104TB-W70-N1_bin.199.purify_k141_501010_8(Fam_6388 [★Target]) --> 202104TB-W70-N1_bin.199.purify_k141_501010_9(Fam_6585 [★Target])
"(6388, 6585)",2,[6388],BMC20S-2-N1_bin.21.purify_k141_2018702,BMC20S-2-N1_bin.21.purify_k141_2018702_20039-21603,BMC20S-2-N1_bin.21.purify_k141_2018702_20(Fam_6585 [★Target]) --> BMC20S-2-N1_bin.21.purify_k141_2018702_21(Fam_6388 [★Target])
"(1366, 5014)",2,"[1366, 5014]",BMC20S-2-N1_bin.81.purify_k141_2196667,BMC20S-2-N1_bin.81.purify_k141_2196667_13482-16273,BMC20S-2-N1_bin.81.purify_k141_2196667_12(Fam_5014 [★Target]) --> BMC20S-2-N1_bin.81.purify_k141_2196667_13(Fam_1366 [★Target])
"(1366, 5014)",2,"[1366, 5014]",BMC20S-N1-N1_bin.197.purify_k141_36136,BMC20S-N1-N1_bin.197.purify_k141_36136_1488-4279,BMC20S-N1-N1_bin.197.purify_k141_36136_2(Fam_1366 [★Target]) --> BMC20S-N1-N1_bin.197.purify_k141_36136_3(Fam_5014 [★Target])
"(2815, 4845, 6015)",2,[2815],202104TB-W70-N1_bin.169.purify_k141_1742599,202104TB-W70-N1_bin.169.purify_k141_1742599_6166-9778,202104TB-W70-N1_bin.169.purify_k141_1742599_6(Fam_6015 [★Target]) --> 202104TB-W70-N1_bin.169.purify_k141_1742599_7(Fam_4845 [★Target]) --> 202104TB-W70-N1_bin.169.purify_k141_1742599_8(Fam_2815 [★Target])
"(2815, 4845, 6015)",2,[2815],CE-20S-1-N1_bin.150.purify_k141_416889,CE-20S-1-N1_bin.150.purify_k141_416889_968-4580,CE-20S-1-N1_bin.150.purify_k141_416889_2(Fam_6015 [★Target]) --> CE-20S-1-N1_bin.150.purify_k141_416889_3(Fam_4845 [★Target]) --> CE-20S-1-N1_bin.150.purify_k141_416889_4(Fam_2815 [★Target])
"(3502, 6742)",2,[3502],NMC-S-5-N1_bin.94.purify_k141_940841,NMC-S-5-N1_bin.94.purify_k141_940841_13020-15144,NMC-S-5-N1_bin.94.purify_k141_940841_12(Fam_3502 [★Target]) --> NMC-S-5-N1_bin.94.purify_k141_940841_13(Fam_6742 [★Target])
"(3502, 6742)",2,[3502],NMC-S-4-N1_bin.24.purify_k141_2439653,NMC-S-4-N1_bin.24.purify_k141_2439653_3-2085,NMC-S-4-N1_bin.24.purify_k141_2439653_1(Fam_6742 [★Target]) --> NMC-S-4-N1_bin.24.purify_k141_2439653_2(Fam_3502 [★Target])
"(6134, 8291)",2,[6134],202104TB-W70-N1_bin.14.purify_k141_314851,202104TB-W70-N1_bin.14.purify_k141_314851_506-1639,202104TB-W70-N1_bin.14.purify_k141_314851_3(Fam_8291 [★Target]) --> 202104TB-W70-N1_bin.14.purify_k141_314851_4(Fam_6134 [★Target])
"(6134, 8291)",2,[6134],KMC-20S-1-N1_bin.183.purify_k141_1848626,KMC-20S-1-N1_bin.183.purify_k141_1848626_399-1705,KMC-20S-1-N1_bin.183.purify_k141_1848626_3(Fam_8291 [★Target]) --> KMC-20S-1-N1_bin.183.purify_k141_1848626_4(Fam_6134 [★Target])
"(9216, 10078)",2,[9216],202104TB-W70-N1_bin.138.purify_k141_20569,202104TB-W70-N1_bin.138.purify_k141_20569_2479-3786,202104TB-W70-N1_bin.138.purify_k141_20569_6(Fam_10078 [★Target]) --> 202104TB-W70-N1_bin.138.purify_k141_20569_7(Fam_9216 [★Target])
"(9216, 10078)",2,[9216],SLC-S-3-N1_bin.9.purify_k141_29636,SLC-S-3-N1_bin.9.purify_k141_29636_1644-2951,SLC-S-3-N1_bin.9.purify_k141_29636_5(Fam_10078 [★Target]) --> SLC-S-3-N1_bin.9.purify_k141_29636_6(Fam_9216 [★Target])
"(11303, 12315)",2,[12315],NMC-S-4-N1_bin.180.purify_k141_1195890,NMC-S-4-N1_bin.180.purify_k141_1195890_2845-3341,NMC-S-4-N1_bin.180.purify_k141_1195890_4(Fam_11303 [★Target]) --> NMC-S-4-N1_bin.180.purify_k141_1195890_5(Fam_12315 [★Target])
"(11303, 12315)",2,[12315],ZJ-S-N13.9m-N2_bin.42.purify_k141_1920819,ZJ-S-N13.9m-N2_bin.42.purify_k141_1920819_11245-11747,ZJ-S-N13.9m-N2_bin.42.purify_k141_1920819_10(Fam_11303 [★Target]) --> ZJ-S-N13.9m-N2_bin.42.purify_k141_1920819_11(Fam_12315 [★Target])
"(631, 1816)",2,[1816],202104TB-W70-N1_bin.123.purify_k141_67705,202104TB-W70-N1_bin.123.purify_k141_67705_12516-14694,202104TB-W70-N1_bin.123.purify_k141_67705_14(Fam_1816 [★Target]) --> 202104TB-W70-N1_bin.123.purify_k141_67705_15(Fam_631 [★Target])
"(631, 1816)",2,[1816],202104TB-W71-N1_bin.108.purify_k141_42083,202104TB-W71-N1_bin.108.purify_k141_42083_18124-20302,202104TB-W71-N1_bin.108.purify_k141_42083_17(Fam_631 [★Target]) --> 202104TB-W71-N1_bin.108.purify_k141_42083_18(Fam_1816 [★Target])
"(3650, 9096)",2,[3650],202104TB-W70-N1_bin.123.purify_k141_513960,202104TB-W70-N1_bin.123.purify_k141_513960_32-1692,202104TB-W70-N1_bin.123.purify_k141_513960_1(Fam_3650 [★Target]) --> 202104TB-W70-N1_bin.123.purify_k141_513960_2(Fam_9096 [★Target])
"(3650, 9096)",2,[3650],BMC20S-N1-N1_bin.35.purify_k141_1083366,BMC20S-N1-N1_bin.35.purify_k141_1083366_2056-3713,BMC20S-N1-N1_bin.35.purify_k141_1083366_2(Fam_3650 [★Target]) --> BMC20S-N1-N1_bin.35.purify_k141_1083366_3(Fam_9096 [★Target])
"(1049, 1598)",2,[1049],NMC-S-4-N1_bin.16.purify_k141_2496212,NMC-S-4-N1_bin.16.purify_k141_2496212_3-2427,NMC-S-4-N1_bin.16.purify_k141_2496212_1(Fam_1049 [★Target]) --> NMC-S-4-N1_bin.16.purify_k141_2496212_2(Fam_1598 [★Target])
"(1049, 1598)",2,[1049],NRPC-20S-2-N1_bin.154.purify_k141_1002342,NRPC-20S-2-N1_bin.154.purify_k141_1002342_418-4144,NRPC-20S-2-N1_bin.154.purify_k141_1002342_2(Fam_1598 [★Target]) --> NRPC-20S-2-N1_bin.154.purify_k141_1002342_3(Fam_1049 [★Target])
"(11824, 12545)",2,[12545],NMC-S-4-N1_bin.152.purify_k141_2275127,NMC-S-4-N1_bin.152.purify_k141_2275127_5544-6172,NMC-S-4-N1_bin.152.purify_k141_2275127_5(Fam_12545 [★Target]) --> NMC-S-4-N1_bin.152.purify_k141_2275127_6(Fam_11824 [★Target])
"(11824, 12545)",2,[12545],NMC-S-8-N1_bin.144.purify_k141_401508,NMC-S-8-N1_bin.144.purify_k141_401508_3655-4394,NMC-S-8-N1_bin.144.purify_k141_401508_5(Fam_11824 [★Target]) --> NMC-S-8-N1_bin.144.purify_k141_401508_6(Fam_12545 [★Target])
"(604, 642, 993)",2,[993],BMC20S-2-N1_bin.349.purify_k141_2019643,BMC20S-2-N1_bin.349.purify_k141_2019643_477-8571,BMC20S-2-N1_bin.349.purify_k141_2019643_2(Fam_993 [★Target]) --> BMC20S-2-N1_bin.349.purify_k141_2019643_3(Fam_642 [★Target]) --> BMC20S-2-N1_bin.349.purify_k141_2019643_5(Fam_604 [★Target])
"(604, 642, 993)",2,[993],BMC20S-N1-N1_bin.313.purify_k141_628961,BMC20S-N1-N1_bin.313.purify_k141_628961_478-8572,BMC20S-N1-N1_bin.313.purify_k141_628961_2(Fam_993 [★Target]) --> BMC20S-N1-N1_bin.313.purify_k141_628961_3(Fam_642 [★Target]) --> BMC20S-N1-N1_bin.313.purify_k141_628961_5(Fam_604 [★Target])
"(426, 5180)",2,[5180],202104TB-W71-N1_bin.113.purify_k141_906555,202104TB-W71-N1_bin.113.purify_k141_906555_1-3655,202104TB-W71-N1_bin.113.purify_k141_906555_1(Fam_5180 [★Target]) --> 202104TB-W71-N1_bin.113.purify_k141_906555_2(Fam_426 [★Target])
"(426, 5180)",2,[5180],NMC-S-4-N1_bin.4.purify_k141_2090663,NMC-S-4-N1_bin.4.purify_k141_2090663_2-1592,NMC-S-4-N1_bin.4.purify_k141_2090663_1(Fam_5180 [★Target]) --> NMC-S-4-N1_bin.4.purify_k141_2090663_2(Fam_426 [★Target])
"(3356, 8175)",2,[3356],BMC20S-2-N1_bin.354.purify_k141_144131,BMC20S-2-N1_bin.354.purify_k141_144131_1363-3194,BMC20S-2-N1_bin.354.purify_k141_144131_2(Fam_8175 [★Target]) --> BMC20S-2-N1_bin.354.purify_k141_144131_3(Fam_3356 [★Target])
"(3356, 8175)",2,[3356],ZJ-S-05.4m-N1_bin.92.purify_k141_1846558,ZJ-S-05.4m-N1_bin.92.purify_k141_1846558_3864-5698,ZJ-S-05.4m-N1_bin.92.purify_k141_1846558_6(Fam_3356 [★Target]) --> ZJ-S-05.4m-N1_bin.92.purify_k141_1846558_7(Fam_8175 [★Target])
"(2320, 3378)",2,[3378],202104TB-W71-N1_bin.101.purify_k141_1639767,202104TB-W71-N1_bin.101.purify_k141_1639767_573-3670,202104TB-W71-N1_bin.101.purify_k141_1639767_3(Fam_2320 [★Target]) --> 202104TB-W71-N1_bin.101.purify_k141_1639767_5(Fam_3378 [★Target])
"(2320, 3378)",2,[3378],202106QH-W40-N1_bin.30.purify_k141_167399,202106QH-W40-N1_bin.30.purify_k141_167399_374-3134,202106QH-W40-N1_bin.30.purify_k141_167399_2(Fam_2320 [★Target]) --> 202106QH-W40-N1_bin.30.purify_k141_167399_3(Fam_3378 [★Target])
"(1956, 8791)",2,[8791],NMC-S-4-N1_bin.47.purify_k141_2342684,NMC-S-4-N1_bin.47.purify_k141_2342684_1238-3438,NMC-S-4-N1_bin.47.purify_k141_2342684_4(Fam_8791 [★Target]) --> NMC-S-4-N1_bin.47.purify_k141_2342684_5(Fam_1956 [★Target])
"(1956, 8791)",2,[8791],NMC-S-5-N1_bin.70.purify_k141_2458714,NMC-S-5-N1_bin.70.purify_k141_2458714_2582-4758,NMC-S-5-N1_bin.70.purify_k141_2458714_5(Fam_8791 [★Target]) --> NMC-S-5-N1_bin.70.purify_k141_2458714_6(Fam_1956 [★Target])
"(3299, 9645)",2,"[3299, 9645]",NMC-S-4-N1_bin.84.purify_k141_1824724,NMC-S-4-N1_bin.84.purify_k141_1824724_5233-6941,NMC-S-4-N1_bin.84.purify_k141_1824724_8(Fam_9645 [★Target]) --> NMC-S-4-N1_bin.84.purify_k141_1824724_9(Fam_3299 [★Target])
"(3299, 9645)",2,"[3299, 9645]",YZYC-20S-6-N1_bin.22.purify_k141_1231136,YZYC-20S-6-N1_bin.22.purify_k141_1231136_4375-6083,YZYC-20S-6-N1_bin.22.purify_k141_1231136_8(Fam_9645 [★Target]) --> YZYC-20S-6-N1_bin.22.purify_k141_1231136_9(Fam_3299 [★Target])
"(11322, 12267)",2,[11322],NMC-S-4-N1_bin.83.purify_k141_214520,NMC-S-4-N1_bin.83.purify_k141_214520_311-999,NMC-S-4-N1_bin.83.purify_k141_214520_2(Fam_11322 [★Target]) --> NMC-S-4-N1_bin.83.purify_k141_214520_3(Fam_12267 [★Target])
"(11322, 12267)",2,[11322],YZYC-20S-7-N1_bin.82.purify_k141_1739500,YZYC-20S-7-N1_bin.82.purify_k141_1739500_5519-6212,YZYC-20S-7-N1_bin.82.purify_k141_1739500_5(Fam_12267 [★Target]) --> YZYC-20S-7-N1_bin.82.purify_k141_1739500_6(Fam_11322 [★Target])
"(2048, 12301)",2,[2048],NMC-S-4-N1_bin.83.purify_k141_1796525,NMC-S-4-N1_bin.83.purify_k141_1796525_1998-3844,NMC-S-4-N1_bin.83.purify_k141_1796525_3(Fam_2048 [★Target]) --> NMC-S-4-N1_bin.83.purify_k141_1796525_4(Fam_12301 [★Target])
"(2048, 12301)",2,[2048],NMC-S-6-N1_bin.156.purify_k141_2360392,NMC-S-6-N1_bin.156.purify_k141_2360392_2642-3699,NMC-S-6-N1_bin.156.purify_k141_2360392_4(Fam_12301 [★Target]) --> NMC-S-6-N1_bin.156.purify_k141_2360392_5(Fam_2048 [★Target])
"(330, 3511, 5670)",2,"[3511, 5670]",202104TB-W70-N1_bin.38.purify_k141_1042369,202104TB-W70-N1_bin.38.purify_k141_1042369_4066-10732,202104TB-W70-N1_bin.38.purify_k141_1042369_4(Fam_330 [★Target]) --> 202104TB-W70-N1_bin.38.purify_k141_1042369_6(Fam_5670 [★Target]) --> 202104TB-W70-N1_bin.38.purify_k141_1042369_7(Fam_3511 [★Target])
"(330, 3511, 5670)",2,"[3511, 5670]",CE-N-S-N1_bin.109.purify_k141_905868,CE-N-S-N1_bin.109.purify_k141_905868_3-6378,CE-N-S-N1_bin.109.purify_k141_905868_1(Fam_330 [★Target]) --> CE-N-S-N1_bin.109.purify_k141_905868_3(Fam_5670 [★Target]) --> CE-N-S-N1_bin.109.purify_k141_905868_4(Fam_3511 [★Target])
"(3959, 6152)",2,[6152],202104TB-W70-N1_bin.3.purify_k141_546096,202104TB-W70-N1_bin.3.purify_k141_546096_1719-3598,202104TB-W70-N1_bin.3.purify_k141_546096_3(Fam_3959 [★Target]) --> 202104TB-W70-N1_bin.3.purify_k141_546096_4(Fam_6152 [★Target])
"(3959, 6152)",2,[6152],CE-B-S-2-N1_bin.63.purify_k141_1600636,CE-B-S-2-N1_bin.63.purify_k141_1600636_409-2249,CE-B-S-2-N1_bin.63.purify_k141_1600636_2(Fam_6152 [★Target]) --> CE-B-S-2-N1_bin.63.purify_k141_1600636_3(Fam_3959 [★Target])
"(33, 10901)",2,[10901],202104TB-W70-N1_bin.3.purify_k141_361163,202104TB-W70-N1_bin.3.purify_k141_361163_918-6347,202104TB-W70-N1_bin.3.purify_k141_361163_2(Fam_10901 [★Target]) --> 202104TB-W70-N1_bin.3.purify_k141_361163_3(Fam_33 [★Target])
"(33, 10901)",2,[10901],NRPC-20S-2-N1_bin.165.purify_k141_482138,NRPC-20S-2-N1_bin.165.purify_k141_482138_2264-7693,NRPC-20S-2-N1_bin.165.purify_k141_482138_4(Fam_10901 [★Target]) --> NRPC-20S-2-N1_bin.165.purify_k141_482138_5(Fam_33 [★Target])
"(6552, 11419)",2,"[6552, 11419]",202104TB-W70-N1_bin.22.purify_k141_800672,202104TB-W70-N1_bin.22.purify_k141_800672_3-1521,202104TB-W70-N1_bin.22.purify_k141_800672_1(Fam_11419 [★Target]) --> 202104TB-W70-N1_bin.22.purify_k141_800672_2(Fam_6552 [★Target])
"(6552, 11419)",2,"[6552, 11419]",NMC-S-5-N1_bin.132.purify_k141_41296,NMC-S-5-N1_bin.132.purify_k141_41296_3-1533,NMC-S-5-N1_bin.132.purify_k141_41296_1(Fam_11419 [★Target]) --> NMC-S-5-N1_bin.132.purify_k141_41296_2(Fam_6552 [★Target])
"(2968, 12691)",2,[2968],202104TB-W70-N1_bin.22.purify_k141_1631173,202104TB-W70-N1_bin.22.purify_k141_1631173_3325-4950,202104TB-W70-N1_bin.22.purify_k141_1631173_5(Fam_12691 [★Target]) --> 202104TB-W70-N1_bin.22.purify_k141_1631173_6(Fam_2968 [★Target])
"(2968, 12691)",2,[2968],NMC-S-7-N1_bin.133.purify_k141_539991,NMC-S-7-N1_bin.133.purify_k141_539991_7038-8672,NMC-S-7-N1_bin.133.purify_k141_539991_10(Fam_12691 [★Target]) --> NMC-S-7-N1_bin.133.purify_k141_539991_11(Fam_2968 [★Target])
"(3545, 5267)",2,[3545],BMC20S-2-N1_bin.70.purify_k141_509979,BMC20S-2-N1_bin.70.purify_k141_509979_1961-4044,BMC20S-2-N1_bin.70.purify_k141_509979_4(Fam_5267 [★Target]) --> BMC20S-2-N1_bin.70.purify_k141_509979_5(Fam_3545 [★Target])
"(3545, 5267)",2,[3545],SLC-S-3-N1_bin.206.purify_k141_1833482,SLC-S-3-N1_bin.206.purify_k141_1833482_5124-9202,SLC-S-3-N1_bin.206.purify_k141_1833482_3(Fam_3545 [★Target]) --> SLC-S-3-N1_bin.206.purify_k141_1833482_4(Fam_5267 [★Target]) --> SLC-S-3-N1_bin.206.purify_k141_1833482_6(Fam_454)
"(3545, 5267)",2,[3545],SYH5-N1_bin.42.purify_k141_1199457,SYH5-N1_bin.42.purify_k141_1199457_10590-12687,SYH5-N1_bin.42.purify_k141_1199457_11(Fam_3545 [★Target]) --> SYH5-N1_bin.42.purify_k141_1199457_12(Fam_5267 [★Target])
"(5462, 8806)",2,[8806],202104TB-W68-N1_bin.57.purify_k141_2869917,202104TB-W68-N1_bin.57.purify_k141_2869917_1868-3345,202104TB-W68-N1_bin.57.purify_k141_2869917_2(Fam_8806 [★Target]) --> 202104TB-W68-N1_bin.57.purify_k141_2869917_3(Fam_5462 [★Target])
"(5462, 8806)",2,[8806],KMC-20S-5-N1_bin.44.purify_k141_864196,KMC-20S-5-N1_bin.44.purify_k141_864196_597-2083,KMC-20S-5-N1_bin.44.purify_k141_864196_2(Fam_8806 [★Target]) --> KMC-20S-5-N1_bin.44.purify_k141_864196_3(Fam_5462 [★Target])
"(3485, 4279)",2,[4279],202104TB-W68-N1_bin.35.purify_k141_3254719,202104TB-W68-N1_bin.35.purify_k141_3254719_3722-5959,202104TB-W68-N1_bin.35.purify_k141_3254719_6(Fam_4279 [★Target]) --> 202104TB-W68-N1_bin.35.purify_k141_3254719_7(Fam_3485 [★Target])
"(3485, 4279)",2,[4279],BGBMC-20S-2-N1_bin.170.purify_k141_554399,BGBMC-20S-2-N1_bin.170.purify_k141_554399_2-1989,BGBMC-20S-2-N1_bin.170.purify_k141_554399_1(Fam_4279 [★Target]) --> BGBMC-20S-2-N1_bin.170.purify_k141_554399_2(Fam_3485 [★Target])
"(3195, 3964)",2,"[3195, 3964]",LLSD-8-N1_bin.37.purify_k141_1105420,LLSD-8-N1_bin.37.purify_k141_1105420_1162-3488,LLSD-8-N1_bin.37.purify_k141_1105420_3(Fam_3195 [★Target]) --> LLSD-8-N1_bin.37.purify_k141_1105420_4(Fam_3964 [★Target])
"(3195, 3964)",2,"[3195, 3964]",TBLU-06-N1_bin.2.purify_k141_748639,TBLU-06-N1_bin.2.purify_k141_748639_585-2842,TBLU-06-N1_bin.2.purify_k141_748639_3(Fam_3964 [★Target]) --> TBLU-06-N1_bin.2.purify_k141_748639_4(Fam_3195 [★Target])
"(3333, 5641)",2,[3333],202104TB-W69-N1_bin.73.purify_k141_205140,202104TB-W69-N1_bin.73.purify_k141_205140_19876-21956,202104TB-W69-N1_bin.73.purify_k141_205140_30(Fam_3333 [★Target]) --> 202104TB-W69-N1_bin.73.purify_k141_205140_31(Fam_5641 [★Target])
"(3333, 5641)",2,[3333],202104TB-W70-N1_bin.224.purify_k141_670678,202104TB-W70-N1_bin.224.purify_k141_670678_726-2806,202104TB-W70-N1_bin.224.purify_k141_670678_2(Fam_3333 [★Target]) --> 202104TB-W70-N1_bin.224.purify_k141_670678_3(Fam_5641 [★Target])
"(709, 1236)",2,[709],202104TB-W67-N1_bin.31.purify_k141_1001269,202104TB-W67-N1_bin.31.purify_k141_1001269_3-3102,202104TB-W67-N1_bin.31.purify_k141_1001269_1(Fam_1236 [★Target]) --> 202104TB-W67-N1_bin.31.purify_k141_1001269_2(Fam_709 [★Target])
"(709, 1236)",2,[709],NMC-S-7-N1_bin.24.purify_k141_2512235,NMC-S-7-N1_bin.24.purify_k141_2512235_105-1734,NMC-S-7-N1_bin.24.purify_k141_2512235_2(Fam_1236 [★Target]) --> NMC-S-7-N1_bin.24.purify_k141_2512235_3(Fam_709 [★Target])
"(6151, 6439)",2,"[6151, 6439]",202104TB-W66-N1_bin.99.purify_k141_2337148,202104TB-W66-N1_bin.99.purify_k141_2337148_22027-23698,202104TB-W66-N1_bin.99.purify_k141_2337148_15(Fam_6151 [★Target]) --> 202104TB-W66-N1_bin.99.purify_k141_2337148_16(Fam_6439 [★Target])
"(6151, 6439)",2,"[6151, 6439]",202104TB-W68-N1_bin.84.purify_k141_3159227,202104TB-W68-N1_bin.84.purify_k141_3159227_5850-7521,202104TB-W68-N1_bin.84.purify_k141_3159227_5(Fam_6151 [★Target]) --> 202104TB-W68-N1_bin.84.purify_k141_3159227_6(Fam_6439 [★Target])
"(7713, 8399)",2,[8399],LLSD-5-N1_bin.22.purify_k141_2133651,LLSD-5-N1_bin.22.purify_k141_2133651_1-899,LLSD-5-N1_bin.22.purify_k141_2133651_1(Fam_8399 [★Target]) --> LLSD-5-N1_bin.22.purify_k141_2133651_2(Fam_7713 [★Target])
"(7713, 8399)",2,[8399],TBCBL-05-N1_bin.37.purify_k141_2328100,TBCBL-05-N1_bin.37.purify_k141_2328100_465-1768,TBCBL-05-N1_bin.37.purify_k141_2328100_2(Fam_8399 [★Target]) --> TBCBL-05-N1_bin.37.purify_k141_2328100_3(Fam_7713 [★Target])
"(1294, 5514)",2,[5514],BMC20S-N1-N1_bin.36.purify_k141_1717645,BMC20S-N1-N1_bin.36.purify_k141_1717645_17120-19776,BMC20S-N1-N1_bin.36.purify_k141_1717645_15(Fam_1294 [★Target]) --> BMC20S-N1-N1_bin.36.purify_k141_1717645_16(Fam_5514 [★Target])
"(1294, 5514)",2,[5514],PC-20S-1-N1_bin.109.purify_k141_493815,PC-20S-1-N1_bin.109.purify_k141_493815_902-3639,PC-20S-1-N1_bin.109.purify_k141_493815_4(Fam_1294 [★Target]) --> PC-20S-1-N1_bin.109.purify_k141_493815_5(Fam_5514 [★Target])
"(2108, 10530)",2,[10530],LLSD-5-N1_bin.22.purify_k141_1253163,LLSD-5-N1_bin.22.purify_k141_1253163_1-1681,LLSD-5-N1_bin.22.purify_k141_1253163_1(Fam_10530 [★Target]) --> LLSD-5-N1_bin.22.purify_k141_1253163_2(Fam_2108 [★Target])
"(2108, 10530)",2,[10530],SLC-S-7-N1_bin.127.purify_k141_2323019,SLC-S-7-N1_bin.127.purify_k141_2323019_3-1906,SLC-S-7-N1_bin.127.purify_k141_2323019_1(Fam_10530 [★Target]) --> SLC-S-7-N1_bin.127.purify_k141_2323019_2(Fam_2108 [★Target])
"(914, 5685)",2,[5685],LLSD-5-N1_bin.21.purify_k141_139366,LLSD-5-N1_bin.21.purify_k141_139366_273-3451,LLSD-5-N1_bin.21.purify_k141_139366_2(Fam_5685 [★Target]) --> LLSD-5-N1_bin.21.purify_k141_139366_3(Fam_914 [★Target])
"(914, 5685)",2,[5685],TBLU-07-N1_bin.3.purify_k141_397200,TBLU-07-N1_bin.3.purify_k141_397200_393-3591,TBLU-07-N1_bin.3.purify_k141_397200_1(Fam_914 [★Target]) --> TBLU-07-N1_bin.3.purify_k141_397200_2(Fam_5685 [★Target])
"(1287, 5360, 7652)",2,[5360],BMC20S-N1-N1_bin.298.purify_k141_685357,BMC20S-N1-N1_bin.298.purify_k141_685357_13779-17148,BMC20S-N1-N1_bin.298.purify_k141_685357_20(Fam_5360 [★Target]) --> BMC20S-N1-N1_bin.298.purify_k141_685357_21(Fam_1287 [★Target]) --> BMC20S-N1-N1_bin.298.purify_k141_685357_22(Fam_7652 [★Target])
"(1287, 5360, 7652)",2,[5360],ZJZBSD-s03-N1_bin.31.purify_k141_424698,ZJZBSD-s03-N1_bin.31.purify_k141_424698_583-4068,ZJZBSD-s03-N1_bin.31.purify_k141_424698_2(Fam_7652 [★Target]) --> ZJZBSD-s03-N1_bin.31.purify_k141_424698_3(Fam_1287 [★Target]) --> ZJZBSD-s03-N1_bin.31.purify_k141_424698_4(Fam_5360 [★Target])
"(480, 8125)",2,[8125],202104TB-W69-N1_bin.6.purify_k141_1175199,202104TB-W69-N1_bin.6.purify_k141_1175199_1-1110,202104TB-W69-N1_bin.6.purify_k141_1175199_1(Fam_480 [★Target]) --> 202104TB-W69-N1_bin.6.purify_k141_1175199_2(Fam_8125 [★Target])
"(480, 8125)",2,[8125],CE-N-S-N1_bin.38.purify_k141_795313,CE-N-S-N1_bin.38.purify_k141_795313_3-1589,CE-N-S-N1_bin.38.purify_k141_795313_1(Fam_480 [★Target]) --> CE-N-S-N1_bin.38.purify_k141_795313_2(Fam_8125 [★Target])
"(11905, 12110)",2,[11905],BMC20S-N1-N1_bin.175.purify_k141_1791725,BMC20S-N1-N1_bin.175.purify_k141_1791725_299-837,BMC20S-N1-N1_bin.175.purify_k141_1791725_2(Fam_12110 [★Target]) --> BMC20S-N1-N1_bin.175.purify_k141_1791725_3(Fam_11905 [★Target])
"(11905, 12110)",2,[11905],CRC-20S-1-N1_bin.73.purify_k141_1764587,CRC-20S-1-N1_bin.73.purify_k141_1764587_2201-2739,CRC-20S-1-N1_bin.73.purify_k141_1764587_3(Fam_11905 [★Target]) --> CRC-20S-1-N1_bin.73.purify_k141_1764587_4(Fam_12110 [★Target])
"(975, 6583)",2,[6583],202104TB-W69-N1_bin.43.purify_k141_64909,202104TB-W69-N1_bin.43.purify_k141_64909_346-3245,202104TB-W69-N1_bin.43.purify_k141_64909_3(Fam_975 [★Target]) --> 202104TB-W69-N1_bin.43.purify_k141_64909_4(Fam_6583 [★Target])
"(975, 6583)",2,[6583],NRPC-20S-1-N1_bin.5.purify_k141_821861,NRPC-20S-1-N1_bin.5.purify_k141_821861_14470-17369,NRPC-20S-1-N1_bin.5.purify_k141_821861_13(Fam_975 [★Target]) --> NRPC-20S-1-N1_bin.5.purify_k141_821861_14(Fam_6583 [★Target])
"(7623, 12017)",2,"[7623, 12017]",NMC-S-4-N1_bin.137.purify_k141_872480,NMC-S-4-N1_bin.137.purify_k141_872480_7863-8884,NMC-S-4-N1_bin.137.purify_k141_872480_9(Fam_12017 [★Target]) --> NMC-S-4-N1_bin.137.purify_k141_872480_10(Fam_7623 [★Target])
"(7623, 12017)",2,"[7623, 12017]",NMC-S-7-N1_bin.64.purify_k141_2058926,NMC-S-7-N1_bin.64.purify_k141_2058926_1874-2895,NMC-S-7-N1_bin.64.purify_k141_2058926_4(Fam_7623 [★Target]) --> NMC-S-7-N1_bin.64.purify_k141_2058926_5(Fam_12017 [★Target])
"(3718, 6864)",2,[3718],202104TB-W69-N1_bin.30.purify_k141_930065,202104TB-W69-N1_bin.30.purify_k141_930065_2744-4700,202104TB-W69-N1_bin.30.purify_k141_930065_5(Fam_6864 [★Target]) --> 202104TB-W69-N1_bin.30.purify_k141_930065_6(Fam_3718 [★Target])
"(3718, 6864)",2,[3718],CE-N-S-N1_bin.101.purify_k141_1024239,CE-N-S-N1_bin.101.purify_k141_1024239_137-2093,CE-N-S-N1_bin.101.purify_k141_1024239_1(Fam_3718 [★Target]) --> CE-N-S-N1_bin.101.purify_k141_1024239_2(Fam_6864 [★Target])
"(2608, 5304)",2,[5304],NMC-S-4-N1_bin.137.purify_k141_2039920,NMC-S-4-N1_bin.137.purify_k141_2039920_7308-9514,NMC-S-4-N1_bin.137.purify_k141_2039920_6(Fam_2608 [★Target]) --> NMC-S-4-N1_bin.137.purify_k141_2039920_7(Fam_5304 [★Target])
"(2608, 5304)",2,[5304],NMC-S-8-N1_bin.134.purify_k141_2093432,NMC-S-8-N1_bin.134.purify_k141_2093432_7308-9514,NMC-S-8-N1_bin.134.purify_k141_2093432_6(Fam_2608 [★Target]) --> NMC-S-8-N1_bin.134.purify_k141_2093432_7(Fam_5304 [★Target])
"(8511, 9891)",2,[9891],202104TB-W68-N1_bin.67.purify_k141_695339,202104TB-W68-N1_bin.67.purify_k141_695339_1-1138,202104TB-W68-N1_bin.67.purify_k141_695339_1(Fam_9891 [★Target]) --> 202104TB-W68-N1_bin.67.purify_k141_695339_2(Fam_8511 [★Target])
"(8511, 9891)",2,[9891],KMC-20S-1-N1_bin.71.purify_k141_1590867,KMC-20S-1-N1_bin.71.purify_k141_1590867_1-1156,KMC-20S-1-N1_bin.71.purify_k141_1590867_1(Fam_9891 [★Target]) --> KMC-20S-1-N1_bin.71.purify_k141_1590867_2(Fam_8511 [★Target])
"(1675, 6304)",2,[6304],NMC-S-4-N1_bin.132.purify_k141_2278506,NMC-S-4-N1_bin.132.purify_k141_2278506_255-2701,NMC-S-4-N1_bin.132.purify_k141_2278506_1(Fam_6304 [★Target]) --> NMC-S-4-N1_bin.132.purify_k141_2278506_2(Fam_1675 [★Target])
"(1675, 6304)",2,[6304],NMC-S-7-N1_bin.185.purify_k141_656974,NMC-S-7-N1_bin.185.purify_k141_656974_246-2692,NMC-S-7-N1_bin.185.purify_k141_656974_1(Fam_1675 [★Target]) --> NMC-S-7-N1_bin.185.purify_k141_656974_2(Fam_6304 [★Target])
"(406, 4658)",2,[4658],202104TB-W69-N1_bin.198.purify_k141_880838,202104TB-W69-N1_bin.198.purify_k141_880838_2-3729,202104TB-W69-N1_bin.198.purify_k141_880838_1(Fam_406 [★Target]) --> 202104TB-W69-N1_bin.198.purify_k141_880838_2(Fam_4658 [★Target])
"(406, 4658)",2,[4658],KMC-20S-1-N1_bin.200.purify_k141_2417180,KMC-20S-1-N1_bin.200.purify_k141_2417180_3-2863,KMC-20S-1-N1_bin.200.purify_k141_2417180_1(Fam_406 [★Target]) --> KMC-20S-1-N1_bin.200.purify_k141_2417180_2(Fam_4658 [★Target])
"(5819, 7971)",2,[5819],202104TB-W69-N1_bin.183.purify_k141_696075,202104TB-W69-N1_bin.183.purify_k141_696075_818-2228,202104TB-W69-N1_bin.183.purify_k141_696075_2(Fam_5819 [★Target]) --> 202104TB-W69-N1_bin.183.purify_k141_696075_3(Fam_7971 [★Target])
"(5819, 7971)",2,[5819],ZJ-S-N13.9m-N2_bin.200.purify_k141_1301995,ZJ-S-N13.9m-N2_bin.200.purify_k141_1301995_685-2296,ZJ-S-N13.9m-N2_bin.200.purify_k141_1301995_2(Fam_5819 [★Target]) --> ZJ-S-N13.9m-N2_bin.200.purify_k141_1301995_3(Fam_7971 [★Target])
"(2567, 9835)",2,"[2567, 9835]",NMC-S-4-N1_bin.121.purify_k141_678440,NMC-S-4-N1_bin.121.purify_k141_678440_1134-2956,NMC-S-4-N1_bin.121.purify_k141_678440_2(Fam_2567 [★Target]) --> NMC-S-4-N1_bin.121.purify_k141_678440_3(Fam_9835 [★Target])
"(2567, 9835)",2,"[2567, 9835]",YZYC-20S-7-N1_bin.119.purify_k141_1788487,YZYC-20S-7-N1_bin.119.purify_k141_1788487_2-1836,YZYC-20S-7-N1_bin.119.purify_k141_1788487_1(Fam_9835 [★Target]) --> YZYC-20S-7-N1_bin.119.purify_k141_1788487_2(Fam_2567 [★Target])
"(10574, 12510)",2,[12510],202104TB-W68-N1_bin.77.purify_k141_2865309,202104TB-W68-N1_bin.77.purify_k141_2865309_2548-3198,202104TB-W68-N1_bin.77.purify_k141_2865309_5(Fam_12510 [★Target]) --> 202104TB-W68-N1_bin.77.purify_k141_2865309_6(Fam_10574 [★Target])
"(10574, 12510)",2,[12510],SLHSD1-N1_bin.138.purify_k141_551209,SLHSD1-N1_bin.138.purify_k141_551209_5193-5665,SLHSD1-N1_bin.138.purify_k141_551209_6(Fam_12510 [★Target]) --> SLHSD1-N1_bin.138.purify_k141_551209_7(Fam_10574 [★Target])
"(515, 7592)",2,[7592],202106QH-W27-N1_bin.119.purify_k141_2820146,202106QH-W27-N1_bin.119.purify_k141_2820146_338-3744,202106QH-W27-N1_bin.119.purify_k141_2820146_2(Fam_515 [★Target]) --> 202106QH-W27-N1_bin.119.purify_k141_2820146_3(Fam_7592 [★Target])
"(515, 7592)",2,[7592],ZJ-S-05.4m-N1_bin.42.purify_k141_2157093,ZJ-S-05.4m-N1_bin.42.purify_k141_2157093_286-3475,ZJ-S-05.4m-N1_bin.42.purify_k141_2157093_2(Fam_515 [★Target]) --> ZJ-S-05.4m-N1_bin.42.purify_k141_2157093_3(Fam_7592 [★Target])
"(6986, 12179)",2,"[6986, 12179]",202106QH-W25-N1_bin.70.purify_k141_919429,202106QH-W25-N1_bin.70.purify_k141_919429_388-1624,202106QH-W25-N1_bin.70.purify_k141_919429_1(Fam_6986 [★Target]) --> 202106QH-W25-N1_bin.70.purify_k141_919429_2(Fam_12179 [★Target])
"(6986, 12179)",2,"[6986, 12179]",202106QH-W27-N1_bin.29.purify_k141_367535,202106QH-W27-N1_bin.29.purify_k141_367535_16466-17702,202106QH-W27-N1_bin.29.purify_k141_367535_15(Fam_6986 [★Target]) --> 202106QH-W27-N1_bin.29.purify_k141_367535_16(Fam_12179 [★Target])
"(1286, 11004)",2,[11004],202106QH-W25-N1_bin.69.purify_k141_955393,202106QH-W25-N1_bin.69.purify_k141_955393_2-1395,202106QH-W25-N1_bin.69.purify_k141_955393_1(Fam_1286 [★Target]) --> 202106QH-W25-N1_bin.69.purify_k141_955393_2(Fam_11004 [★Target])
"(1286, 11004)",2,[11004],202106QH-W40-N1_bin.156.purify_k141_1019780,202106QH-W40-N1_bin.156.purify_k141_1019780_2633-4938,202106QH-W40-N1_bin.156.purify_k141_1019780_6(Fam_11004 [★Target]) --> 202106QH-W40-N1_bin.156.purify_k141_1019780_7(Fam_1286 [★Target])
"(7067, 12021)",2,[12021],PC-20S-1-N1_bin.110.purify_k141_1615181,PC-20S-1-N1_bin.110.purify_k141_1615181_4063-5260,PC-20S-1-N1_bin.110.purify_k141_1615181_4(Fam_12021 [★Target]) --> PC-20S-1-N1_bin.110.purify_k141_1615181_5(Fam_7067 [★Target])
"(7067, 12021)",2,[12021],PC-20S-3-N1_bin.50.purify_k141_319820,PC-20S-3-N1_bin.50.purify_k141_319820_4063-5260,PC-20S-3-N1_bin.50.purify_k141_319820_4(Fam_12021 [★Target]) --> PC-20S-3-N1_bin.50.purify_k141_319820_5(Fam_7067 [★Target])
"(1712, 6985)",2,[1712],202106QH-W25-N1_bin.252.purify_k141_862457,202106QH-W25-N1_bin.252.purify_k141_862457_458-2265,202106QH-W25-N1_bin.252.purify_k141_862457_2(Fam_6985 [★Target]) --> 202106QH-W25-N1_bin.252.purify_k141_862457_3(Fam_1712 [★Target])
"(1712, 6985)",2,[1712],SLC-S-N1_bin.129.purify_k141_68368,SLC-S-N1_bin.129.purify_k141_68368_458-2882,SLC-S-N1_bin.129.purify_k141_68368_2(Fam_6985 [★Target]) --> SLC-S-N1_bin.129.purify_k141_68368_3(Fam_1712 [★Target])
"(6503, 10140)",2,[6503],202106QH-W25-N1_bin.243.purify_k141_3446931,202106QH-W25-N1_bin.243.purify_k141_3446931_2-1461,202106QH-W25-N1_bin.243.purify_k141_3446931_1(Fam_6503 [★Target]) --> 202106QH-W25-N1_bin.243.purify_k141_3446931_2(Fam_10140 [★Target])
"(6503, 10140)",2,[6503],202106QH-W9-N1_bin.51.purify_k141_1965268,202106QH-W9-N1_bin.51.purify_k141_1965268_1-1432,202106QH-W9-N1_bin.51.purify_k141_1965268_1(Fam_6503 [★Target]) --> 202106QH-W9-N1_bin.51.purify_k141_1965268_2(Fam_10140 [★Target])
"(853, 1516)",2,[1516],202106QH-W4-N1_bin.68.purify_k141_1816893,202106QH-W4-N1_bin.68.purify_k141_1816893_975-5187,202106QH-W4-N1_bin.68.purify_k141_1816893_2(Fam_1516 [★Target]) --> 202106QH-W4-N1_bin.68.purify_k141_1816893_3(Fam_853 [★Target])
"(853, 1516)",2,[1516],YZYC-20S-6-N1_bin.48.purify_k141_781606,YZYC-20S-6-N1_bin.48.purify_k141_781606_10985-14962,YZYC-20S-6-N1_bin.48.purify_k141_781606_13(Fam_853 [★Target]) --> YZYC-20S-6-N1_bin.48.purify_k141_781606_14(Fam_1516 [★Target])
"(3210, 5322)",2,[3210],202106QH-W25-N1_bin.24.purify_k141_1888536,202106QH-W25-N1_bin.24.purify_k141_1888536_1067-3204,202106QH-W25-N1_bin.24.purify_k141_1888536_3(Fam_3210 [★Target]) --> 202106QH-W25-N1_bin.24.purify_k141_1888536_4(Fam_5322 [★Target])
"(3210, 5322)",2,[3210],202106QH-W27-N1_bin.271.purify_k141_2902050,202106QH-W27-N1_bin.271.purify_k141_2902050_9281-11418,202106QH-W27-N1_bin.271.purify_k141_2902050_7(Fam_5322 [★Target]) --> 202106QH-W27-N1_bin.271.purify_k141_2902050_8(Fam_3210 [★Target])
"(10501, 12022)",2,[12022],PC-20S-1-N1_bin.111.purify_k141_322047,PC-20S-1-N1_bin.111.purify_k141_322047_3036-3734,PC-20S-1-N1_bin.111.purify_k141_322047_5(Fam_10501 [★Target]) --> PC-20S-1-N1_bin.111.purify_k141_322047_6(Fam_12022 [★Target])
"(10501, 12022)",2,[12022],PC-20S-4-N1_bin.28.purify_k141_1118096,PC-20S-4-N1_bin.28.purify_k141_1118096_2598-3296,PC-20S-4-N1_bin.28.purify_k141_1118096_5(Fam_10501 [★Target]) --> PC-20S-4-N1_bin.28.purify_k141_1118096_6(Fam_12022 [★Target])
"(3478, 7005)",2,[7005],202106QH-W27-N1_bin.243.purify_k141_2224546,202106QH-W27-N1_bin.243.purify_k141_2224546_624-2515,202106QH-W27-N1_bin.243.purify_k141_2224546_2(Fam_3478 [★Target]) --> 202106QH-W27-N1_bin.243.purify_k141_2224546_3(Fam_7005 [★Target])
"(3478, 7005)",2,[7005],SYH5-N1_bin.66.purify_k141_693894,SYH5-N1_bin.66.purify_k141_693894_2165-4094,SYH5-N1_bin.66.purify_k141_693894_5(Fam_3478 [★Target]) --> SYH5-N1_bin.66.purify_k141_693894_6(Fam_7005 [★Target])
"(6447, 8180)",2,[8180],202106QH-W27-N1_bin.220.purify_k141_1043251,202106QH-W27-N1_bin.220.purify_k141_1043251_8058-9486,202106QH-W27-N1_bin.220.purify_k141_1043251_8(Fam_6447 [★Target]) --> 202106QH-W27-N1_bin.220.purify_k141_1043251_9(Fam_8180 [★Target])
"(6447, 8180)",2,[8180],NMC-S-6-N1_bin.95.purify_k141_1938213,NMC-S-6-N1_bin.95.purify_k141_1938213_11136-12564,NMC-S-6-N1_bin.95.purify_k141_1938213_8(Fam_8180 [★Target]) --> NMC-S-6-N1_bin.95.purify_k141_1938213_9(Fam_6447 [★Target])
"(3936, 9209)",2,[9209],PC-20S-1-N1_bin.241.purify_k141_1940972,PC-20S-1-N1_bin.241.purify_k141_1940972_12613-14417,PC-20S-1-N1_bin.241.purify_k141_1940972_12(Fam_3936 [★Target]) --> PC-20S-1-N1_bin.241.purify_k141_1940972_14(Fam_9209 [★Target])
"(3936, 9209)",2,[9209],PC-20S-4-N1_bin.16.purify_k141_1097807,PC-20S-4-N1_bin.16.purify_k141_1097807_10897-12701,PC-20S-4-N1_bin.16.purify_k141_1097807_11(Fam_3936 [★Target]) --> PC-20S-4-N1_bin.16.purify_k141_1097807_13(Fam_9209 [★Target])
"(5065, 8852)",2,[5065],QHH17-N1_bin.23.purify_k141_263901,QHH17-N1_bin.23.purify_k141_263901_2080-3608,QHH17-N1_bin.23.purify_k141_263901_3(Fam_8852 [★Target]) --> QHH17-N1_bin.23.purify_k141_263901_4(Fam_5065 [★Target])
"(5065, 8852)",2,[5065],YZYC-20S-4-N1_bin.82.purify_k141_64291,YZYC-20S-4-N1_bin.82.purify_k141_64291_626-2154,YZYC-20S-4-N1_bin.82.purify_k141_64291_2(Fam_5065 [★Target]) --> YZYC-20S-4-N1_bin.82.purify_k141_64291_3(Fam_8852 [★Target])
"(1900, 3777)",2,[3777],202106QH-W27-N1_bin.200.purify_k141_1662426,202106QH-W27-N1_bin.200.purify_k141_1662426_11427-14028,202106QH-W27-N1_bin.200.purify_k141_1662426_13(Fam_1900 [★Target]) --> 202106QH-W27-N1_bin.200.purify_k141_1662426_14(Fam_3777 [★Target])
"(1900, 3777)",2,[3777],TMRSD3-N1_bin.50.purify_k141_1277974,TMRSD3-N1_bin.50.purify_k141_1277974_10431-13059,TMRSD3-N1_bin.50.purify_k141_1277974_12(Fam_1900 [★Target]) --> TMRSD3-N1_bin.50.purify_k141_1277974_13(Fam_3777 [★Target])
"(5181, 11944)",2,"[5181, 11944]",202106QH-W27-N1_bin.184.purify_k141_1002320,202106QH-W27-N1_bin.184.purify_k141_1002320_11567-12691,202106QH-W27-N1_bin.184.purify_k141_1002320_10(Fam_5181 [★Target]) --> 202106QH-W27-N1_bin.184.purify_k141_1002320_11(Fam_11944 [★Target])
"(5181, 11944)",2,"[5181, 11944]",CBL-3-N1_bin.16.purify_k141_141704,CBL-3-N1_bin.16.purify_k141_141704_3-1023,CBL-3-N1_bin.16.purify_k141_141704_1(Fam_11944 [★Target]) --> CBL-3-N1_bin.16.purify_k141_141704_2(Fam_5181 [★Target])
"(2792, 4420)",2,[4420],202106QH-W27-N1_bin.129.purify_k141_2693157,202106QH-W27-N1_bin.129.purify_k141_2693157_394-2788,202106QH-W27-N1_bin.129.purify_k141_2693157_1(Fam_2792 [★Target]) --> 202106QH-W27-N1_bin.129.purify_k141_2693157_2(Fam_4420 [★Target])
"(2792, 4420)",2,[4420],JC-20S-1-N1_bin.80.purify_k141_1232844,JC-20S-1-N1_bin.80.purify_k141_1232844_183-2580,JC-20S-1-N1_bin.80.purify_k141_1232844_1(Fam_2792 [★Target]) --> JC-20S-1-N1_bin.80.purify_k141_1232844_2(Fam_4420 [★Target])
"(2068, 5893)",2,[5893],QHH17-N1_bin.55.purify_k141_776317,QHH17-N1_bin.55.purify_k141_776317_3-2104,QHH17-N1_bin.55.purify_k141_776317_1(Fam_2068 [★Target]) --> QHH17-N1_bin.55.purify_k141_776317_2(Fam_5893 [★Target])
"(2068, 5893)",2,[5893],QHH7-N1_bin.118.purify_k141_1866856,QHH7-N1_bin.118.purify_k141_1866856_2-2109,QHH7-N1_bin.118.purify_k141_1866856_1(Fam_2068 [★Target]) --> QHH7-N1_bin.118.purify_k141_1866856_2(Fam_5893 [★Target])
"(30, 2916)",2,[30],202106QH-W39-N1_bin.14.purify_k141_105094,202106QH-W39-N1_bin.14.purify_k141_105094_250-3198,202106QH-W39-N1_bin.14.purify_k141_105094_2(Fam_2916 [★Target]) --> 202106QH-W39-N1_bin.14.purify_k141_105094_3(Fam_30 [★Target])
"(30, 2916)",2,[30],QHH8-N1_bin.10.purify_k141_1289657,QHH8-N1_bin.10.purify_k141_1289657_14435-20893,QHH8-N1_bin.10.purify_k141_1289657_13(Fam_2916 [★Target]) --> QHH8-N1_bin.10.purify_k141_1289657_14(Fam_30 [★Target])
"(2683, 3403)",2,"[2683, 3403]",202106QH-W39-N1_bin.140.purify_k141_12991,202106QH-W39-N1_bin.140.purify_k141_12991_12071-14653,202106QH-W39-N1_bin.140.purify_k141_12991_14(Fam_3403 [★Target]) --> 202106QH-W39-N1_bin.140.purify_k141_12991_15(Fam_2683 [★Target])
"(2683, 3403)",2,"[2683, 3403]",QHH6-N1_bin.124.purify_k141_972812,QHH6-N1_bin.124.purify_k141_972812_12093-14675,QHH6-N1_bin.124.purify_k141_972812_14(Fam_3403 [★Target]) --> QHH6-N1_bin.124.purify_k141_972812_15(Fam_2683 [★Target])
"(587, 5687)",2,[587],PC-20S-1-N1_bin.197.purify_k141_200039,PC-20S-1-N1_bin.197.purify_k141_200039_789-4322,PC-20S-1-N1_bin.197.purify_k141_200039_2(Fam_5687 [★Target]) --> PC-20S-1-N1_bin.197.purify_k141_200039_3(Fam_587 [★Target])
"(587, 5687)",2,[587],PC-20S-2-N1_bin.17.purify_k141_1201864,PC-20S-2-N1_bin.17.purify_k141_1201864_8475-12008,PC-20S-2-N1_bin.17.purify_k141_1201864_7(Fam_5687 [★Target]) --> PC-20S-2-N1_bin.17.purify_k141_1201864_8(Fam_587 [★Target])
"(8647, 9849)",2,[9849],202106QH-W39-N1_bin.145.purify_k141_1365423,202106QH-W39-N1_bin.145.purify_k141_1365423_10086-11196,202106QH-W39-N1_bin.145.purify_k141_1365423_18(Fam_8647 [★Target]) --> 202106QH-W39-N1_bin.145.purify_k141_1365423_19(Fam_9849 [★Target])
"(8647, 9849)",2,[9849],202106QH-W40-N1_bin.133.purify_k141_731970,202106QH-W40-N1_bin.133.purify_k141_731970_6632-7742,202106QH-W40-N1_bin.133.purify_k141_731970_9(Fam_9849 [★Target]) --> 202106QH-W40-N1_bin.133.purify_k141_731970_10(Fam_8647 [★Target])
"(7205, 7372)",2,[7372],202106QH-W27-N1_bin.145.purify_k141_2269752,202106QH-W27-N1_bin.145.purify_k141_2269752_463-2008,202106QH-W27-N1_bin.145.purify_k141_2269752_2(Fam_7372 [★Target]) --> 202106QH-W27-N1_bin.145.purify_k141_2269752_3(Fam_7205 [★Target])
"(7205, 7372)",2,[7372],QHH6-N1_bin.213.purify_k141_2043997,QHH6-N1_bin.213.purify_k141_2043997_359-1904,QHH6-N1_bin.213.purify_k141_2043997_2(Fam_7372 [★Target]) --> QHH6-N1_bin.213.purify_k141_2043997_3(Fam_7205 [★Target])
"(682, 4426)",2,"[682, 4426]",PC-20S-1-N1_bin.183.purify_k141_624163,PC-20S-1-N1_bin.183.purify_k141_624163_754-4148,PC-20S-1-N1_bin.183.purify_k141_624163_3(Fam_4426 [★Target]) --> PC-20S-1-N1_bin.183.purify_k141_624163_4(Fam_682 [★Target])
"(682, 4426)",2,"[682, 4426]",SLC-S-N1_bin.35.purify_k141_53537,SLC-S-N1_bin.35.purify_k141_53537_253-3752,SLC-S-N1_bin.35.purify_k141_53537_2(Fam_682 [★Target]) --> SLC-S-N1_bin.35.purify_k141_53537_3(Fam_4426 [★Target])
"(2216, 10491)",2,[2216],202106QH-W39-N1_bin.160.purify_k141_1106250,202106QH-W39-N1_bin.160.purify_k141_1106250_4969-6905,202106QH-W39-N1_bin.160.purify_k141_1106250_4(Fam_2216 [★Target]) --> 202106QH-W39-N1_bin.160.purify_k141_1106250_5(Fam_10491 [★Target])
"(2216, 10491)",2,[2216],NMC-S-6-N1_bin.138.purify_k141_1306442,NMC-S-6-N1_bin.138.purify_k141_1306442_3324-5257,NMC-S-6-N1_bin.138.purify_k141_1306442_3(Fam_2216 [★Target]) --> NMC-S-6-N1_bin.138.purify_k141_1306442_4(Fam_10491 [★Target])
"(3630, 5535)",2,[5535],202106QH-W27-N1_bin.142.purify_k141_95380,202106QH-W27-N1_bin.142.purify_k141_95380_1185-3403,202106QH-W27-N1_bin.142.purify_k141_95380_3(Fam_5535 [★Target]) --> 202106QH-W27-N1_bin.142.purify_k141_95380_4(Fam_3630 [★Target])
"(3630, 5535)",2,[5535],JC-20S-3-N1_bin.6.purify_k141_1825388,JC-20S-3-N1_bin.6.purify_k141_1825388_19478-21696,JC-20S-3-N1_bin.6.purify_k141_1825388_15(Fam_3630 [★Target]) --> JC-20S-3-N1_bin.6.purify_k141_1825388_16(Fam_5535 [★Target])
"(6370, 8145)",2,[6370],PC-20S-1-N1_bin.213.purify_k141_276279,PC-20S-1-N1_bin.213.purify_k141_276279_1753-3197,PC-20S-1-N1_bin.213.purify_k141_276279_3(Fam_8145 [★Target]) --> PC-20S-1-N1_bin.213.purify_k141_276279_4(Fam_6370 [★Target])
"(6370, 8145)",2,[6370],PC-20S-1-N1_bin.250.purify_k141_1775260,PC-20S-1-N1_bin.250.purify_k141_1775260_272-1716,PC-20S-1-N1_bin.250.purify_k141_1775260_1(Fam_6370 [★Target]) --> PC-20S-1-N1_bin.250.purify_k141_1775260_2(Fam_8145 [★Target])
"(306, 1611)",2,[1611],202106QH-W24-N1_bin.187.purify_k141_289498,202106QH-W24-N1_bin.187.purify_k141_289498_1340-6123,202106QH-W24-N1_bin.187.purify_k141_289498_2(Fam_1611 [★Target]) --> 202106QH-W24-N1_bin.187.purify_k141_289498_3(Fam_306 [★Target])
"(306, 1611)",2,[1611],NMC-S-8-N1_bin.144.purify_k141_1487259,NMC-S-8-N1_bin.144.purify_k141_1487259_266-5031,NMC-S-8-N1_bin.144.purify_k141_1487259_1(Fam_1611 [★Target]) --> NMC-S-8-N1_bin.144.purify_k141_1487259_2(Fam_306 [★Target])
"(760, 4191)",2,[4191],QHH7-N1_bin.156.purify_k141_2731674,QHH7-N1_bin.156.purify_k141_2731674_394-3792,QHH7-N1_bin.156.purify_k141_2731674_2(Fam_760 [★Target]) --> QHH7-N1_bin.156.purify_k141_2731674_3(Fam_4191 [★Target])
"(760, 4191)",2,[4191],YZYC-20S-4-N1_bin.35.purify_k141_1097283,YZYC-20S-4-N1_bin.35.purify_k141_1097283_132-3632,YZYC-20S-4-N1_bin.35.purify_k141_1097283_2(Fam_4191 [★Target]) --> YZYC-20S-4-N1_bin.35.purify_k141_1097283_3(Fam_760 [★Target])
"(194, 8216)",2,[8216],NRPC-20S-1-N1_bin.57.purify_k141_408054,NRPC-20S-1-N1_bin.57.purify_k141_408054_246-4999,NRPC-20S-1-N1_bin.57.purify_k141_408054_2(Fam_194 [★Target]) --> NRPC-20S-1-N1_bin.57.purify_k141_408054_4(Fam_8216 [★Target])
"(194, 8216)",2,[8216],NRPC-20S-2-N1_bin.84.purify_k141_949481,NRPC-20S-2-N1_bin.84.purify_k141_949481_33329-38082,NRPC-20S-2-N1_bin.84.purify_k141_949481_30(Fam_194 [★Target]) --> NRPC-20S-2-N1_bin.84.purify_k141_949481_32(Fam_8216 [★Target])
"(11393, 12087)",2,[11393],NRPC-20S-1-N1_bin.57.purify_k141_1160430,NRPC-20S-1-N1_bin.57.purify_k141_1160430_4251-4843,NRPC-20S-1-N1_bin.57.purify_k141_1160430_5(Fam_12087 [★Target]) --> NRPC-20S-1-N1_bin.57.purify_k141_1160430_6(Fam_11393 [★Target])
"(11393, 12087)",2,[11393],NRPC-20S-2-N1_bin.84.purify_k141_495972,NRPC-20S-2-N1_bin.84.purify_k141_495972_10038-10630,NRPC-20S-2-N1_bin.84.purify_k141_495972_9(Fam_12087 [★Target]) --> NRPC-20S-2-N1_bin.84.purify_k141_495972_10(Fam_11393 [★Target])
"(11752, 11931)",2,[11752],NRPC-20S-1-N1_bin.5.purify_k141_395754,NRPC-20S-1-N1_bin.5.purify_k141_395754_4950-5746,NRPC-20S-1-N1_bin.5.purify_k141_395754_8(Fam_11752 [★Target]) --> NRPC-20S-1-N1_bin.5.purify_k141_395754_9(Fam_11931 [★Target])
"(11752, 11931)",2,[11752],PC-20S-4-N1_bin.155.purify_k141_58063,PC-20S-4-N1_bin.155.purify_k141_58063_3355-4141,PC-20S-4-N1_bin.155.purify_k141_58063_7(Fam_11931 [★Target]) --> PC-20S-4-N1_bin.155.purify_k141_58063_8(Fam_11752 [★Target])
"(671, 683)",2,"[671, 683]",202106QH-W7-N1_bin.108.purify_k141_1635956,202106QH-W7-N1_bin.108.purify_k141_1635956_21861-26772,202106QH-W7-N1_bin.108.purify_k141_1635956_16(Fam_683 [★Target]) --> 202106QH-W7-N1_bin.108.purify_k141_1635956_17(Fam_671 [★Target])
"(671, 683)",2,"[671, 683]",ZJ-S-2-N2_bin.136.purify_k141_1800065,ZJ-S-2-N2_bin.136.purify_k141_1800065_27136-32047,ZJ-S-2-N2_bin.136.purify_k141_1800065_21(Fam_683 [★Target]) --> ZJ-S-2-N2_bin.136.purify_k141_1800065_22(Fam_671 [★Target])
"(3823, 7849)",2,[3823],202106QH-W24-N1_bin.148.purify_k141_2377761,202106QH-W24-N1_bin.148.purify_k141_2377761_4690-6460,202106QH-W24-N1_bin.148.purify_k141_2377761_5(Fam_3823 [★Target]) --> 202106QH-W24-N1_bin.148.purify_k141_2377761_6(Fam_7849 [★Target])
"(3823, 7849)",2,[3823],SLC-S-N1_bin.33.purify_k141_596000,SLC-S-N1_bin.33.purify_k141_596000_154-1924,SLC-S-N1_bin.33.purify_k141_596000_2(Fam_7849 [★Target]) --> SLC-S-N1_bin.33.purify_k141_596000_3(Fam_3823 [★Target])
"(3758, 5076)",2,[5076],202106QH-W24-N1_bin.136.purify_k141_715290,202106QH-W24-N1_bin.136.purify_k141_715290_1318-3305,202106QH-W24-N1_bin.136.purify_k141_715290_2(Fam_5076 [★Target]) --> 202106QH-W24-N1_bin.136.purify_k141_715290_3(Fam_3758 [★Target])
"(3758, 5076)",2,[5076],SLC-S-3-N1_bin.61.purify_k141_2622423,SLC-S-3-N1_bin.61.purify_k141_2622423_1285-3859,SLC-S-3-N1_bin.61.purify_k141_2622423_2(Fam_5076 [★Target]) --> SLC-S-3-N1_bin.61.purify_k141_2622423_3(Fam_3758 [★Target]) --> SLC-S-3-N1_bin.61.purify_k141_2622423_4(Fam_10346)
"(3758, 5076)",2,[5076],ZJ-S-05.4m-N1_bin.108.purify_k141_2152742,ZJ-S-05.4m-N1_bin.108.purify_k141_2152742_477-2588,ZJ-S-05.4m-N1_bin.108.purify_k141_2152742_2(Fam_3758 [★Target]) --> ZJ-S-05.4m-N1_bin.108.purify_k141_2152742_3(Fam_5076 [★Target])
"(8065, 11762)",2,[8065],QHH6-N1_bin.244.purify_k141_1637588,QHH6-N1_bin.244.purify_k141_1637588_2720-3600,QHH6-N1_bin.244.purify_k141_1637588_7(Fam_8065 [★Target]) --> QHH6-N1_bin.244.purify_k141_1637588_8(Fam_11762 [★Target])
"(8065, 11762)",2,[8065],YZYC-20S-1-N1_bin.41.purify_k141_644606,YZYC-20S-1-N1_bin.41.purify_k141_644606_16465-17408,YZYC-20S-1-N1_bin.41.purify_k141_644606_17(Fam_8065 [★Target]) --> YZYC-20S-1-N1_bin.41.purify_k141_644606_18(Fam_11762 [★Target])
"(1353, 5040)",2,[1353],202106QH-W24-N1_bin.126.purify_k141_2262083,202106QH-W24-N1_bin.126.purify_k141_2262083_198-2914,202106QH-W24-N1_bin.126.purify_k141_2262083_1(Fam_5040 [★Target]) --> 202106QH-W24-N1_bin.126.purify_k141_2262083_2(Fam_1353 [★Target])
"(1353, 5040)",2,[1353],ZJ-S-05.4m-N1_bin.110.purify_k141_1558162,ZJ-S-05.4m-N1_bin.110.purify_k141_1558162_1921-4630,ZJ-S-05.4m-N1_bin.110.purify_k141_1558162_3(Fam_1353 [★Target]) --> ZJ-S-05.4m-N1_bin.110.purify_k141_1558162_4(Fam_5040 [★Target])
"(2164, 4878)",2,[4878],202106QH-W7-N1_bin.39.purify_k141_2453065,202106QH-W7-N1_bin.39.purify_k141_2453065_6609-9067,202106QH-W7-N1_bin.39.purify_k141_2453065_6(Fam_2164 [★Target]) --> 202106QH-W7-N1_bin.39.purify_k141_2453065_7(Fam_4878 [★Target])
"(2164, 4878)",2,[4878],202106QH-W9-N1_bin.124.purify_k141_1026408,202106QH-W9-N1_bin.124.purify_k141_1026408_8441-10899,202106QH-W9-N1_bin.124.purify_k141_1026408_8(Fam_2164 [★Target]) --> 202106QH-W9-N1_bin.124.purify_k141_1026408_9(Fam_4878 [★Target])
"(4469, 7057)",2,[4469],202106QH-W23-N1_bin.34.purify_k141_276794,202106QH-W23-N1_bin.34.purify_k141_276794_4923-6192,202106QH-W23-N1_bin.34.purify_k141_276794_7(Fam_7057 [★Target]) --> 202106QH-W23-N1_bin.34.purify_k141_276794_8(Fam_4469 [★Target])
"(4469, 7057)",2,[4469],QHH17-N1_bin.130.purify_k141_169443,QHH17-N1_bin.130.purify_k141_169443_2310-3906,QHH17-N1_bin.130.purify_k141_169443_3(Fam_4469 [★Target]) --> QHH17-N1_bin.130.purify_k141_169443_4(Fam_7057 [★Target])
"(5392, 7833)",2,[7833],202106QH-W7-N1_bin.47.purify_k141_549477,202106QH-W7-N1_bin.47.purify_k141_549477_5073-6564,202106QH-W7-N1_bin.47.purify_k141_549477_4(Fam_7833 [★Target]) --> 202106QH-W7-N1_bin.47.purify_k141_549477_5(Fam_5392 [★Target])
"(5392, 7833)",2,[7833],PC-20S-1-N1_bin.141.purify_k141_293760,PC-20S-1-N1_bin.141.purify_k141_293760_4665-6156,PC-20S-1-N1_bin.141.purify_k141_293760_4(Fam_7833 [★Target]) --> PC-20S-1-N1_bin.141.purify_k141_293760_5(Fam_5392 [★Target])
"(2687, 7465)",2,[7465],NRPC-20S-1-N1_bin.142.purify_k141_625234,NRPC-20S-1-N1_bin.142.purify_k141_625234_861-2871,NRPC-20S-1-N1_bin.142.purify_k141_625234_3(Fam_2687 [★Target]) --> NRPC-20S-1-N1_bin.142.purify_k141_625234_4(Fam_7465 [★Target])
"(2687, 7465)",2,[7465],PC-20S-1-N1_bin.214.purify_k141_2093290,PC-20S-1-N1_bin.214.purify_k141_2093290_2462-4472,PC-20S-1-N1_bin.214.purify_k141_2093290_3(Fam_2687 [★Target]) --> PC-20S-1-N1_bin.214.purify_k141_2093290_4(Fam_7465 [★Target])
"(6134, 9017)",2,"[6134, 9017]",202106QH-W8-N1_bin.42.purify_k141_933290,202106QH-W8-N1_bin.42.purify_k141_933290_218-1065,202106QH-W8-N1_bin.42.purify_k141_933290_1(Fam_6134 [★Target]) --> 202106QH-W8-N1_bin.42.purify_k141_933290_2(Fam_9017 [★Target])
"(6134, 9017)",2,"[6134, 9017]",QHH10-N1_bin.122.purify_k141_886449,QHH10-N1_bin.122.purify_k141_886449_560-1863,QHH10-N1_bin.122.purify_k141_886449_3(Fam_9017 [★Target]) --> QHH10-N1_bin.122.purify_k141_886449_4(Fam_6134 [★Target])
"(8606, 9353)",2,[9353],QHH7-N1_bin.258.purify_k141_2713672,QHH7-N1_bin.258.purify_k141_2713672_620-1843,QHH7-N1_bin.258.purify_k141_2713672_2(Fam_9353 [★Target]) --> QHH7-N1_bin.258.purify_k141_2713672_3(Fam_8606 [★Target])
"(8606, 9353)",2,[9353],QHH8-N1_bin.210.purify_k141_1486552,QHH8-N1_bin.210.purify_k141_1486552_10867-12090,QHH8-N1_bin.210.purify_k141_1486552_12(Fam_8606 [★Target]) --> QHH8-N1_bin.210.purify_k141_1486552_13(Fam_9353 [★Target])
"(11899, 12051)",2,[12051],NRPC-20S-1-N1_bin.24.purify_k141_539328,NRPC-20S-1-N1_bin.24.purify_k141_539328_462-1198,NRPC-20S-1-N1_bin.24.purify_k141_539328_2(Fam_11899 [★Target]) --> NRPC-20S-1-N1_bin.24.purify_k141_539328_3(Fam_12051 [★Target])
"(11899, 12051)",2,[12051],NRPC-20S-2-N1_bin.23.purify_k141_540990,NRPC-20S-2-N1_bin.23.purify_k141_540990_10212-10948,NRPC-20S-2-N1_bin.23.purify_k141_540990_10(Fam_12051 [★Target]) --> NRPC-20S-2-N1_bin.23.purify_k141_540990_11(Fam_11899 [★Target])
"(1456, 9881)",2,[1456],202106QH-W40-N1_bin.156.purify_k141_1549326,202106QH-W40-N1_bin.156.purify_k141_1549326_1411-3125,202106QH-W40-N1_bin.156.purify_k141_1549326_5(Fam_1456 [★Target]) --> 202106QH-W40-N1_bin.156.purify_k141_1549326_6(Fam_9881 [★Target])
"(1456, 9881)",2,[1456],NMC-S-7-N1_bin.150.purify_k141_9928,NMC-S-7-N1_bin.150.purify_k141_9928_1114-2828,NMC-S-7-N1_bin.150.purify_k141_9928_5(Fam_1456 [★Target]) --> NMC-S-7-N1_bin.150.purify_k141_9928_6(Fam_9881 [★Target])
"(6102, 6127)",2,"[6102, 6127]",202106QH-W40-N1_bin.36.purify_k141_767615,202106QH-W40-N1_bin.36.purify_k141_767615_5663-7329,202106QH-W40-N1_bin.36.purify_k141_767615_5(Fam_6127 [★Target]) --> 202106QH-W40-N1_bin.36.purify_k141_767615_6(Fam_6102 [★Target])
"(6102, 6127)",2,"[6102, 6127]",BMC20S-N1-N1_bin.73.purify_k141_589163,BMC20S-N1-N1_bin.73.purify_k141_589163_84372-85978,BMC20S-N1-N1_bin.73.purify_k141_589163_75(Fam_6102 [★Target]) --> BMC20S-N1-N1_bin.73.purify_k141_589163_76(Fam_6127 [★Target])
"(6823, 7100)",2,[7100],202106QH-W40-N1_bin.63.purify_k141_403946,202106QH-W40-N1_bin.63.purify_k141_403946_15312-17246,202106QH-W40-N1_bin.63.purify_k141_403946_11(Fam_6823 [★Target]) --> 202106QH-W40-N1_bin.63.purify_k141_403946_13(Fam_7100 [★Target])
"(6823, 7100)",2,[7100],QJH-N1_bin.28.purify_k141_1806052,QJH-N1_bin.28.purify_k141_1806052_3074-5052,QJH-N1_bin.28.purify_k141_1806052_6(Fam_6823 [★Target]) --> QJH-N1_bin.28.purify_k141_1806052_8(Fam_7100 [★Target])
"(1222, 7625)",2,[7625],202106QH-W24-N1_bin.80.purify_k141_248786,202106QH-W24-N1_bin.80.purify_k141_248786_6027-8775,202106QH-W24-N1_bin.80.purify_k141_248786_8(Fam_1222 [★Target]) --> 202106QH-W24-N1_bin.80.purify_k141_248786_9(Fam_7625 [★Target])
"(1222, 7625)",2,[7625],202106QH-W39-N1_bin.177.purify_k141_207860,202106QH-W39-N1_bin.177.purify_k141_207860_6337-9010,202106QH-W39-N1_bin.177.purify_k141_207860_8(Fam_1222 [★Target]) --> 202106QH-W39-N1_bin.177.purify_k141_207860_9(Fam_7625 [★Target])
"(5743, 8732)",2,[8732],202106QH-W24-N1_bin.20.purify_k141_452889,202106QH-W24-N1_bin.20.purify_k141_452889_112-1534,202106QH-W24-N1_bin.20.purify_k141_452889_2(Fam_8732 [★Target]) --> 202106QH-W24-N1_bin.20.purify_k141_452889_3(Fam_5743 [★Target])
"(5743, 8732)",2,[8732],QHH7-N1_bin.205.purify_k141_1922896,QHH7-N1_bin.205.purify_k141_1922896_1516-2990,QHH7-N1_bin.205.purify_k141_1922896_4(Fam_8732 [★Target]) --> QHH7-N1_bin.205.purify_k141_1922896_5(Fam_5743 [★Target])
"(3959, 6984)",2,[6984],202106QH-W24-N1_bin.64.purify_k141_1280054,202106QH-W24-N1_bin.64.purify_k141_1280054_229-2060,202106QH-W24-N1_bin.64.purify_k141_1280054_1(Fam_3959 [★Target]) --> 202106QH-W24-N1_bin.64.purify_k141_1280054_2(Fam_6984 [★Target])
"(3959, 6984)",2,[6984],LLSD-2-N1_bin.65.purify_k141_73693,LLSD-2-N1_bin.65.purify_k141_73693_2234-4068,LLSD-2-N1_bin.65.purify_k141_73693_4(Fam_6984 [★Target]) --> LLSD-2-N1_bin.65.purify_k141_73693_5(Fam_3959 [★Target])
"(3894, 4954)",2,[4954],202106QH-W24-N1_bin.56.purify_k141_143857,202106QH-W24-N1_bin.56.purify_k141_143857_3364-6400,202106QH-W24-N1_bin.56.purify_k141_143857_6(Fam_3894 [★Target]) --> 202106QH-W24-N1_bin.56.purify_k141_143857_7(Fam_4954 [★Target])
"(3894, 4954)",2,[4954],202106QH-W25-N1_bin.242.purify_k141_1219669,202106QH-W25-N1_bin.242.purify_k141_1219669_13749-16785,202106QH-W25-N1_bin.242.purify_k141_1219669_13(Fam_4954 [★Target]) --> 202106QH-W25-N1_bin.242.purify_k141_1219669_14(Fam_3894 [★Target])
"(550, 1026)",2,[550],202106QH-W24-N1_bin.24.purify_k141_475669,202106QH-W24-N1_bin.24.purify_k141_475669_3-4652,202106QH-W24-N1_bin.24.purify_k141_475669_1(Fam_550 [★Target]) --> 202106QH-W24-N1_bin.24.purify_k141_475669_2(Fam_1026 [★Target])
"(550, 1026)",2,[550],202106QH-W27-N1_bin.225.purify_k141_1470605,202106QH-W27-N1_bin.225.purify_k141_1470605_1548-6404,202106QH-W27-N1_bin.225.purify_k141_1470605_3(Fam_550 [★Target]) --> 202106QH-W27-N1_bin.225.purify_k141_1470605_4(Fam_1026 [★Target])
"(4877, 10648)",2,"[4877, 10648]",202106QH-W6-N1_bin.30.purify_k141_306737,202106QH-W6-N1_bin.30.purify_k141_306737_2-1388,202106QH-W6-N1_bin.30.purify_k141_306737_1(Fam_10648 [★Target]) --> 202106QH-W6-N1_bin.30.purify_k141_306737_2(Fam_4877 [★Target])
"(4877, 10648)",2,"[4877, 10648]",202106QH-W7-N1_bin.44.purify_k141_2811790,202106QH-W7-N1_bin.44.purify_k141_2811790_2-1391,202106QH-W7-N1_bin.44.purify_k141_2811790_1(Fam_10648 [★Target]) --> 202106QH-W7-N1_bin.44.purify_k141_2811790_2(Fam_4877 [★Target])
"(1245, 5053)",2,[1245],202106QH-W24-N1_bin.218.purify_k141_2297657,202106QH-W24-N1_bin.218.purify_k141_2297657_1722-4854,202106QH-W24-N1_bin.218.purify_k141_2297657_3(Fam_5053 [★Target]) --> 202106QH-W24-N1_bin.218.purify_k141_2297657_4(Fam_1245 [★Target])
"(1245, 5053)",2,[1245],202106QH-W7-N1_bin.150.purify_k141_1560643,202106QH-W7-N1_bin.150.purify_k141_1560643_8271-11403,202106QH-W7-N1_bin.150.purify_k141_1560643_9(Fam_5053 [★Target]) --> 202106QH-W7-N1_bin.150.purify_k141_1560643_10(Fam_1245 [★Target])
"(1857, 1970)",2,[1857],202106QH-W6-N1_bin.38.purify_k141_939863,202106QH-W6-N1_bin.38.purify_k141_939863_3-2872,202106QH-W6-N1_bin.38.purify_k141_939863_1(Fam_1970 [★Target]) --> 202106QH-W6-N1_bin.38.purify_k141_939863_2(Fam_1857 [★Target])
"(1857, 1970)",2,[1857],ZJ-S-05.4m-N1_bin.80.purify_k141_751132,ZJ-S-05.4m-N1_bin.80.purify_k141_751132_1-2371,ZJ-S-05.4m-N1_bin.80.purify_k141_751132_1(Fam_1857 [★Target]) --> ZJ-S-05.4m-N1_bin.80.purify_k141_751132_2(Fam_1970 [★Target])
"(4710, 8564)",2,[8564],202106QH-W6-N1_bin.41.purify_k141_312535,202106QH-W6-N1_bin.41.purify_k141_312535_4836-6445,202106QH-W6-N1_bin.41.purify_k141_312535_7(Fam_4710 [★Target]) --> 202106QH-W6-N1_bin.41.purify_k141_312535_8(Fam_8564 [★Target])
"(4710, 8564)",2,[8564],SD-S-N1_bin.16.purify_k141_553217,SD-S-N1_bin.16.purify_k141_553217_4478-5844,SD-S-N1_bin.16.purify_k141_553217_7(Fam_8564 [★Target]) --> SD-S-N1_bin.16.purify_k141_553217_8(Fam_4710 [★Target])
"(4678, 11657)",2,[11657],202106QH-W40-N1_bin.78.purify_k141_700157,202106QH-W40-N1_bin.78.purify_k141_700157_257-1569,202106QH-W40-N1_bin.78.purify_k141_700157_1(Fam_11657 [★Target]) --> 202106QH-W40-N1_bin.78.purify_k141_700157_2(Fam_4678 [★Target])
"(4678, 11657)",2,[11657],YM-S-43m-N3_bin.131.purify_k141_151942,YM-S-43m-N3_bin.131.purify_k141_151942_1271-2571,YM-S-43m-N3_bin.131.purify_k141_151942_2(Fam_4678 [★Target]) --> YM-S-43m-N3_bin.131.purify_k141_151942_3(Fam_11657 [★Target])
"(7532, 10152)",2,[7532],PC-20S-4-N1_bin.32.purify_k141_1457852,PC-20S-4-N1_bin.32.purify_k141_1457852_1-1016,PC-20S-4-N1_bin.32.purify_k141_1457852_1(Fam_10152 [★Target]) --> PC-20S-4-N1_bin.32.purify_k141_1457852_2(Fam_7532 [★Target])
"(7532, 10152)",2,[7532],SLC-S-3-N1_bin.174.purify_k141_1104007,SLC-S-3-N1_bin.174.purify_k141_1104007_7971-9121,SLC-S-3-N1_bin.174.purify_k141_1104007_12(Fam_10152 [★Target]) --> SLC-S-3-N1_bin.174.purify_k141_1104007_13(Fam_7532 [★Target])
"(2488, 7789)",2,[7789],202106QH-W30-N1_bin.112.purify_k141_187655,202106QH-W30-N1_bin.112.purify_k141_187655_4410-6435,202106QH-W30-N1_bin.112.purify_k141_187655_6(Fam_7789 [★Target]) --> 202106QH-W30-N1_bin.112.purify_k141_187655_7(Fam_2488 [★Target])
"(2488, 7789)",2,[7789],202106QH-W36-N1_bin.57.purify_k141_137098,202106QH-W36-N1_bin.57.purify_k141_137098_4410-6435,202106QH-W36-N1_bin.57.purify_k141_137098_6(Fam_7789 [★Target]) --> 202106QH-W36-N1_bin.57.purify_k141_137098_7(Fam_2488 [★Target])
"(3081, 6113)",2,[6113],PC-20S-2-N1_bin.83.purify_k141_1149189,PC-20S-2-N1_bin.83.purify_k141_1149189_9722-12039,PC-20S-2-N1_bin.83.purify_k141_1149189_12(Fam_3081 [★Target]) --> PC-20S-2-N1_bin.83.purify_k141_1149189_13(Fam_6113 [★Target])
"(3081, 6113)",2,[6113],PC-20S-3-N1_bin.80.purify_k141_2918,PC-20S-3-N1_bin.80.purify_k141_2918_1471-3788,PC-20S-3-N1_bin.80.purify_k141_2918_2(Fam_6113 [★Target]) --> PC-20S-3-N1_bin.80.purify_k141_2918_3(Fam_3081 [★Target])
"(3434, 7755)",2,[7755],202106QH-W30-N1_bin.106.purify_k141_1657279,202106QH-W30-N1_bin.106.purify_k141_1657279_1008-2866,202106QH-W30-N1_bin.106.purify_k141_1657279_2(Fam_3434 [★Target]) --> 202106QH-W30-N1_bin.106.purify_k141_1657279_3(Fam_7755 [★Target])
"(3434, 7755)",2,[7755],YZYC-20S-4-N1_bin.45.purify_k141_1801027,YZYC-20S-4-N1_bin.45.purify_k141_1801027_201-2059,YZYC-20S-4-N1_bin.45.purify_k141_1801027_2(Fam_3434 [★Target]) --> YZYC-20S-4-N1_bin.45.purify_k141_1801027_3(Fam_7755 [★Target])
"(3072, 6198)",2,[6198],PC-20S-2-N1_bin.64.purify_k141_870828,PC-20S-2-N1_bin.64.purify_k141_870828_1-1947,PC-20S-2-N1_bin.64.purify_k141_870828_1(Fam_3072 [★Target]) --> PC-20S-2-N1_bin.64.purify_k141_870828_2(Fam_6198 [★Target])
"(3072, 6198)",2,[6198],PC-20S-3-N1_bin.12.purify_k141_427061,PC-20S-3-N1_bin.12.purify_k141_427061_1-2136,PC-20S-3-N1_bin.12.purify_k141_427061_1(Fam_3072 [★Target]) --> PC-20S-3-N1_bin.12.purify_k141_427061_2(Fam_6198 [★Target])
"(765, 4294)",2,[4294],PC-20S-4-N1_bin.79.purify_k141_593017,PC-20S-4-N1_bin.79.purify_k141_593017_430-3934,PC-20S-4-N1_bin.79.purify_k141_593017_2(Fam_4294 [★Target]) --> PC-20S-4-N1_bin.79.purify_k141_593017_3(Fam_765 [★Target])
"(765, 4294)",2,[4294],SLC-S-7-N1_bin.54.purify_k141_2667466,SLC-S-7-N1_bin.54.purify_k141_2667466_596-4109,SLC-S-7-N1_bin.54.purify_k141_2667466_3(Fam_4294 [★Target]) --> SLC-S-7-N1_bin.54.purify_k141_2667466_4(Fam_765 [★Target])
"(6546, 10415)",2,[10415],202106QH-W38-N1_bin.46.purify_k141_597580,202106QH-W38-N1_bin.46.purify_k141_597580_3177-4643,202106QH-W38-N1_bin.46.purify_k141_597580_5(Fam_6546 [★Target]) --> 202106QH-W38-N1_bin.46.purify_k141_597580_6(Fam_10415 [★Target])
"(6546, 10415)",2,[10415],CE-20S-1-N1_bin.25.purify_k141_63587,CE-20S-1-N1_bin.25.purify_k141_63587_3178-4644,CE-20S-1-N1_bin.25.purify_k141_63587_4(Fam_6546 [★Target]) --> CE-20S-1-N1_bin.25.purify_k141_63587_5(Fam_10415 [★Target])
"(5478, 12577)",2,[12577],202106QH-W29-N1_bin.54.purify_k141_877529,202106QH-W29-N1_bin.54.purify_k141_877529_1322-2461,202106QH-W29-N1_bin.54.purify_k141_877529_3(Fam_5478 [★Target]) --> 202106QH-W29-N1_bin.54.purify_k141_877529_4(Fam_12577 [★Target])
"(5478, 12577)",2,[12577],202106QH-W40-N1_bin.142.purify_k141_333273,202106QH-W40-N1_bin.142.purify_k141_333273_714-1853,202106QH-W40-N1_bin.142.purify_k141_333273_3(Fam_12577 [★Target]) --> 202106QH-W40-N1_bin.142.purify_k141_333273_4(Fam_5478 [★Target])
"(3799, 4298)",2,[4298],PC-20S-2-N1_bin.143.purify_k141_502513,PC-20S-2-N1_bin.143.purify_k141_502513_69347-72294,PC-20S-2-N1_bin.143.purify_k141_502513_65(Fam_3799 [★Target]) --> PC-20S-2-N1_bin.143.purify_k141_502513_67(Fam_4298 [★Target])
"(3799, 4298)",2,[4298],QHH6-N1_bin.171.purify_k141_330307,QHH6-N1_bin.171.purify_k141_330307_67025-69972,QHH6-N1_bin.171.purify_k141_330307_62(Fam_3799 [★Target]) --> QHH6-N1_bin.171.purify_k141_330307_64(Fam_4298 [★Target])
"(292, 349)",2,[349],202106QH-W36-N1_bin.93.purify_k141_39139,202106QH-W36-N1_bin.93.purify_k141_39139_2-5121,202106QH-W36-N1_bin.93.purify_k141_39139_1(Fam_292 [★Target]) --> 202106QH-W36-N1_bin.93.purify_k141_39139_2(Fam_349 [★Target])
"(292, 349)",2,[349],QHH6-N1_bin.25.purify_k141_317081,QHH6-N1_bin.25.purify_k141_317081_190-6338,QHH6-N1_bin.25.purify_k141_317081_1(Fam_292 [★Target]) --> QHH6-N1_bin.25.purify_k141_317081_2(Fam_349 [★Target])
"(5787, 11007)",2,"[5787, 11007]",202106QH-W36-N1_bin.99.purify_k141_997494,202106QH-W36-N1_bin.99.purify_k141_997494_4385-5627,202106QH-W36-N1_bin.99.purify_k141_997494_7(Fam_11007 [★Target]) --> 202106QH-W36-N1_bin.99.purify_k141_997494_8(Fam_5787 [★Target])
"(5787, 11007)",2,"[5787, 11007]",202106QH-W37-N1_bin.84.purify_k141_102797,202106QH-W37-N1_bin.84.purify_k141_102797_860-2270,202106QH-W37-N1_bin.84.purify_k141_102797_3(Fam_11007 [★Target]) --> 202106QH-W37-N1_bin.84.purify_k141_102797_4(Fam_5787 [★Target])
"(197, 1293)",2,[1293],202106QH-W28-N1_bin.44.purify_k141_1699067,202106QH-W28-N1_bin.44.purify_k141_1699067_3-2080,202106QH-W28-N1_bin.44.purify_k141_1699067_1(Fam_197 [★Target]) --> 202106QH-W28-N1_bin.44.purify_k141_1699067_2(Fam_1293 [★Target])
"(197, 1293)",2,[1293],NMC-S-8-N1_bin.179.purify_k141_1555949,NMC-S-8-N1_bin.179.purify_k141_1555949_3-3268,NMC-S-8-N1_bin.179.purify_k141_1555949_1(Fam_1293 [★Target]) --> NMC-S-8-N1_bin.179.purify_k141_1555949_2(Fam_197 [★Target])
"(4048, 8880)",2,[8880],202106QH-W32-N1_bin.19.purify_k141_715221,202106QH-W32-N1_bin.19.purify_k141_715221_2409-4075,202106QH-W32-N1_bin.19.purify_k141_715221_3(Fam_8880 [★Target]) --> 202106QH-W32-N1_bin.19.purify_k141_715221_4(Fam_4048 [★Target])
"(4048, 8880)",2,[8880],202106QH-W39-N1_bin.175.purify_k141_746096,202106QH-W39-N1_bin.175.purify_k141_746096_2404-4070,202106QH-W39-N1_bin.175.purify_k141_746096_3(Fam_8880 [★Target]) --> 202106QH-W39-N1_bin.175.purify_k141_746096_4(Fam_4048 [★Target])
"(6878, 7563)",2,"[6878, 7563]",202106QH-W32-N1_bin.26.purify_k141_196468,202106QH-W32-N1_bin.26.purify_k141_196468_1029-2479,202106QH-W32-N1_bin.26.purify_k141_196468_2(Fam_7563 [★Target]) --> 202106QH-W32-N1_bin.26.purify_k141_196468_3(Fam_6878 [★Target])
"(6878, 7563)",2,"[6878, 7563]",QHH8-N1_bin.39.purify_k141_2323083,QHH8-N1_bin.39.purify_k141_2323083_1704-3154,QHH8-N1_bin.39.purify_k141_2323083_3(Fam_6878 [★Target]) --> QHH8-N1_bin.39.purify_k141_2323083_4(Fam_7563 [★Target])
"(5674, 8045)",2,[8045],202106QH-W32-N1_bin.26.purify_k141_918083,202106QH-W32-N1_bin.26.purify_k141_918083_287-1823,202106QH-W32-N1_bin.26.purify_k141_918083_2(Fam_8045 [★Target]) --> 202106QH-W32-N1_bin.26.purify_k141_918083_3(Fam_5674 [★Target])
"(5674, 8045)",2,[8045],QHH8-N1_bin.39.purify_k141_608115,QHH8-N1_bin.39.purify_k141_608115_887-2423,QHH8-N1_bin.39.purify_k141_608115_3(Fam_8045 [★Target]) --> QHH8-N1_bin.39.purify_k141_608115_4(Fam_5674 [★Target])
"(2432, 9439)",2,"[2432, 9439]",202106QH-W32-N1_bin.113.purify_k141_38152,202106QH-W32-N1_bin.113.purify_k141_38152_12475-14385,202106QH-W32-N1_bin.113.purify_k141_38152_16(Fam_2432 [★Target]) --> 202106QH-W32-N1_bin.113.purify_k141_38152_17(Fam_9439 [★Target])
"(2432, 9439)",2,"[2432, 9439]",202106QH-W40-N1_bin.47.purify_k141_832651,202106QH-W40-N1_bin.47.purify_k141_832651_223-2133,202106QH-W40-N1_bin.47.purify_k141_832651_2(Fam_9439 [★Target]) --> 202106QH-W40-N1_bin.47.purify_k141_832651_3(Fam_2432 [★Target])
"(12140, 12536)",2,[12536],202106QH-W32-N1_bin.110.purify_k141_81628,202106QH-W32-N1_bin.110.purify_k141_81628_2186-2907,202106QH-W32-N1_bin.110.purify_k141_81628_5(Fam_12536 [★Target]) --> 202106QH-W32-N1_bin.110.purify_k141_81628_6(Fam_12140 [★Target])
"(12140, 12536)",2,[12536],QHH8-N1_bin.193.purify_k141_835783,QHH8-N1_bin.193.purify_k141_835783_2186-2907,QHH8-N1_bin.193.purify_k141_835783_5(Fam_12536 [★Target]) --> QHH8-N1_bin.193.purify_k141_835783_6(Fam_12140 [★Target])
"(541, 4309, 7057)",2,[4309],202106QH-W32-N1_bin.110.purify_k141_48168,202106QH-W32-N1_bin.110.purify_k141_48168_125-3232,202106QH-W32-N1_bin.110.purify_k141_48168_2(Fam_4309 [★Target]) --> 202106QH-W32-N1_bin.110.purify_k141_48168_3(Fam_7057 [★Target]) --> 202106QH-W32-N1_bin.110.purify_k141_48168_4(Fam_541 [★Target])
"(541, 4309, 7057)",2,[4309],202106QH-W40-N1_bin.147.purify_k141_1339399,202106QH-W40-N1_bin.147.purify_k141_1339399_5911-9034,202106QH-W40-N1_bin.147.purify_k141_1339399_7(Fam_4309 [★Target]) --> 202106QH-W40-N1_bin.147.purify_k141_1339399_8(Fam_7057 [★Target]) --> 202106QH-W40-N1_bin.147.purify_k141_1339399_9(Fam_541 [★Target])
"(541, 4309, 7057)",2,[4309],QHH7-N1_bin.3.purify_k141_1308712,QHH7-N1_bin.3.purify_k141_1308712_20404-24374,QHH7-N1_bin.3.purify_k141_1308712_16(Fam_541 [★Target]) --> QHH7-N1_bin.3.purify_k141_1308712_17(Fam_7057 [★Target]) --> QHH7-N1_bin.3.purify_k141_1308712_18(Fam_4309 [★Target]) --> QHH7-N1_bin.3.purify_k141_1308712_19(Fam_5864)
"(359, 1927)",2,[1927],202106QH-W32-N1_bin.110.purify_k141_358513,202106QH-W32-N1_bin.110.purify_k141_358513_1394-5956,202106QH-W32-N1_bin.110.purify_k141_358513_2(Fam_1927 [★Target]) --> 202106QH-W32-N1_bin.110.purify_k141_358513_4(Fam_359 [★Target])
"(359, 1927)",2,[1927],QHH17-N1_bin.166.purify_k141_200422,QHH17-N1_bin.166.purify_k141_200422_1277-5839,QHH17-N1_bin.166.purify_k141_200422_2(Fam_1927 [★Target]) --> QHH17-N1_bin.166.purify_k141_200422_4(Fam_359 [★Target])
"(151, 7887)",2,[7887],202106QH-W32-N1_bin.110.purify_k141_296486,202106QH-W32-N1_bin.110.purify_k141_296486_1-3763,202106QH-W32-N1_bin.110.purify_k141_296486_1(Fam_7887 [★Target]) --> 202106QH-W32-N1_bin.110.purify_k141_296486_2(Fam_151 [★Target])
"(151, 7887)",2,[7887],202106QH-W36-N1_bin.93.purify_k141_755355,202106QH-W36-N1_bin.93.purify_k141_755355_2-4178,202106QH-W36-N1_bin.93.purify_k141_755355_1(Fam_7887 [★Target]) --> 202106QH-W36-N1_bin.93.purify_k141_755355_2(Fam_151 [★Target])
"(789, 5772)",2,[5772],PC-20S-4-N1_bin.31.purify_k141_324229,PC-20S-4-N1_bin.31.purify_k141_324229_4838-7377,PC-20S-4-N1_bin.31.purify_k141_324229_4(Fam_5772 [★Target]) --> PC-20S-4-N1_bin.31.purify_k141_324229_5(Fam_789 [★Target])
"(789, 5772)",2,[5772],QHH8-N1_bin.118.purify_k141_1368483,QHH8-N1_bin.118.purify_k141_1368483_2-1815,QHH8-N1_bin.118.purify_k141_1368483_1(Fam_789 [★Target]) --> QHH8-N1_bin.118.purify_k141_1368483_2(Fam_5772 [★Target])
"(1933, 7403)",2,[7403],202106QH-W32-N1_bin.85.purify_k141_666068,202106QH-W32-N1_bin.85.purify_k141_666068_10-2221,202106QH-W32-N1_bin.85.purify_k141_666068_1(Fam_1933 [★Target]) --> 202106QH-W32-N1_bin.85.purify_k141_666068_2(Fam_7403 [★Target])
"(1933, 7403)",2,[7403],202106QH-W33-N1_bin.39.purify_k141_634387,202106QH-W33-N1_bin.39.purify_k141_634387_2129-3770,202106QH-W33-N1_bin.39.purify_k141_634387_3(Fam_7403 [★Target]) --> 202106QH-W33-N1_bin.39.purify_k141_634387_4(Fam_1933 [★Target])
"(5647, 10646)",2,[5647],202106QH-W32-N1_bin.93.purify_k141_362726,202106QH-W32-N1_bin.93.purify_k141_362726_952-2370,202106QH-W32-N1_bin.93.purify_k141_362726_3(Fam_5647 [★Target]) --> 202106QH-W32-N1_bin.93.purify_k141_362726_4(Fam_10646 [★Target])
"(5647, 10646)",2,[5647],202106QH-W33-N1_bin.97.purify_k141_792940,202106QH-W33-N1_bin.97.purify_k141_792940_952-2325,202106QH-W33-N1_bin.97.purify_k141_792940_3(Fam_5647 [★Target]) --> 202106QH-W33-N1_bin.97.purify_k141_792940_4(Fam_10646 [★Target])
"(1312, 6622)",2,[1312],202106QH-W30-N1_bin.31.purify_k141_1340984,202106QH-W30-N1_bin.31.purify_k141_1340984_499-1925,202106QH-W30-N1_bin.31.purify_k141_1340984_2(Fam_6622 [★Target]) --> 202106QH-W30-N1_bin.31.purify_k141_1340984_3(Fam_1312 [★Target])
"(1312, 6622)",2,[1312],CE-D-S-28.1m-N2_bin.132.purify_k141_747263,CE-D-S-28.1m-N2_bin.132.purify_k141_747263_1718-3246,CE-D-S-28.1m-N2_bin.132.purify_k141_747263_4(Fam_6622 [★Target]) --> CE-D-S-28.1m-N2_bin.132.purify_k141_747263_5(Fam_1312 [★Target])
"(8315, 11839)",2,[11839],202106QH-W30-N1_bin.27.purify_k141_312256,202106QH-W30-N1_bin.27.purify_k141_312256_1036-1897,202106QH-W30-N1_bin.27.purify_k141_312256_3(Fam_8315 [★Target]) --> 202106QH-W30-N1_bin.27.purify_k141_312256_4(Fam_11839 [★Target])
"(8315, 11839)",2,[11839],QHH6-N1_bin.213.purify_k141_2023525,QHH6-N1_bin.213.purify_k141_2023525_1012-1930,QHH6-N1_bin.213.purify_k141_2023525_3(Fam_8315 [★Target]) --> QHH6-N1_bin.213.purify_k141_2023525_4(Fam_11839 [★Target])
"(3361, 10468)",2,[10468],202106QH-W33-N1_bin.16.purify_k141_656214,202106QH-W33-N1_bin.16.purify_k141_656214_5312-7062,202106QH-W33-N1_bin.16.purify_k141_656214_5(Fam_10468 [★Target]) --> 202106QH-W33-N1_bin.16.purify_k141_656214_6(Fam_3361 [★Target])
"(3361, 10468)",2,[10468],202106QH-W36-N1_bin.26.purify_k141_185872,202106QH-W36-N1_bin.26.purify_k141_185872_5426-7176,202106QH-W36-N1_bin.26.purify_k141_185872_5(Fam_10468 [★Target]) --> 202106QH-W36-N1_bin.26.purify_k141_185872_6(Fam_3361 [★Target])
"(10414, 10875)",2,[10414],202106QH-W33-N1_bin.35.purify_k141_14647,202106QH-W33-N1_bin.35.purify_k141_14647_418-1198,202106QH-W33-N1_bin.35.purify_k141_14647_2(Fam_10875 [★Target]) --> 202106QH-W33-N1_bin.35.purify_k141_14647_3(Fam_10414 [★Target])
"(10414, 10875)",2,[10414],BMC20S-2-N1_bin.311.purify_k141_837043,BMC20S-2-N1_bin.311.purify_k141_837043_3764-4544,BMC20S-2-N1_bin.311.purify_k141_837043_3(Fam_10875 [★Target]) --> BMC20S-2-N1_bin.311.purify_k141_837043_4(Fam_10414 [★Target])
"(5937, 8154)",2,[8154],202106QH-W30-N1_bin.66.purify_k141_477527,202106QH-W30-N1_bin.66.purify_k141_477527_513-1892,202106QH-W30-N1_bin.66.purify_k141_477527_2(Fam_5937 [★Target]) --> 202106QH-W30-N1_bin.66.purify_k141_477527_3(Fam_8154 [★Target])
"(5937, 8154)",2,[8154],YM-S-27.0m-N1_bin.177.purify_k141_1324432,YM-S-27.0m-N1_bin.177.purify_k141_1324432_416-2050,YM-S-27.0m-N1_bin.177.purify_k141_1324432_2(Fam_5937 [★Target]) --> YM-S-27.0m-N1_bin.177.purify_k141_1324432_3(Fam_8154 [★Target])
"(1187, 4243)",2,[1187],202106QH-W37-N1_bin.90.purify_k141_1106786,202106QH-W37-N1_bin.90.purify_k141_1106786_5585-8601,202106QH-W37-N1_bin.90.purify_k141_1106786_5(Fam_1187 [★Target]) --> 202106QH-W37-N1_bin.90.purify_k141_1106786_6(Fam_4243 [★Target])
"(1187, 4243)",2,[1187],QHH6-N1_bin.127.purify_k141_1504041,QHH6-N1_bin.127.purify_k141_1504041_6361-9173,QHH6-N1_bin.127.purify_k141_1504041_8(Fam_4243 [★Target]) --> QHH6-N1_bin.127.purify_k141_1504041_9(Fam_1187 [★Target])
"(3839, 7443)",2,[3839],QHH10-N1_bin.88.purify_k141_1588303,QHH10-N1_bin.88.purify_k141_1588303_667-2663,QHH10-N1_bin.88.purify_k141_1588303_2(Fam_3839 [★Target]) --> QHH10-N1_bin.88.purify_k141_1588303_3(Fam_7443 [★Target])
"(3839, 7443)",2,[3839],QHH6-N1_bin.32.purify_k141_1042977,QHH6-N1_bin.32.purify_k141_1042977_1776-3772,QHH6-N1_bin.32.purify_k141_1042977_4(Fam_7443 [★Target]) --> QHH6-N1_bin.32.purify_k141_1042977_5(Fam_3839 [★Target])
"(5937, 6449)",2,[6449],202106QH-W38-N1_bin.101.purify_k141_1332364,202106QH-W38-N1_bin.101.purify_k141_1332364_3399-5063,202106QH-W38-N1_bin.101.purify_k141_1332364_6(Fam_5937 [★Target]) --> 202106QH-W38-N1_bin.101.purify_k141_1332364_7(Fam_6449 [★Target])
"(5937, 6449)",2,[6449],NRPC-20S-1-N1_bin.65.purify_k141_618487,NRPC-20S-1-N1_bin.65.purify_k141_618487_826-2490,NRPC-20S-1-N1_bin.65.purify_k141_618487_2(Fam_5937 [★Target]) --> NRPC-20S-1-N1_bin.65.purify_k141_618487_3(Fam_6449 [★Target])
"(4010, 5254)",2,[5254],202106QH-W27-N1_bin.68.purify_k141_2119735,202106QH-W27-N1_bin.68.purify_k141_2119735_290-2274,202106QH-W27-N1_bin.68.purify_k141_2119735_2(Fam_5254 [★Target]) --> 202106QH-W27-N1_bin.68.purify_k141_2119735_3(Fam_4010 [★Target])
"(4010, 5254)",2,[5254],ZJZBSD-s04-N1_bin.2.purify_k141_944622,ZJZBSD-s04-N1_bin.2.purify_k141_944622_25004-27049,ZJZBSD-s04-N1_bin.2.purify_k141_944622_29(Fam_5254 [★Target]) --> ZJZBSD-s04-N1_bin.2.purify_k141_944622_30(Fam_4010 [★Target])
"(1317, 2496)",2,[1317],YBJSD-S-N1_bin.26.purify_k141_1352842,YBJSD-S-N1_bin.26.purify_k141_1352842_1746-4730,YBJSD-S-N1_bin.26.purify_k141_1352842_3(Fam_1317 [★Target]) --> YBJSD-S-N1_bin.26.purify_k141_1352842_4(Fam_2496 [★Target])
"(1317, 2496)",2,[1317],QHH17-N1_bin.104.purify_k141_1568243,QHH17-N1_bin.104.purify_k141_1568243_3375-6401,QHH17-N1_bin.104.purify_k141_1568243_4(Fam_2496 [★Target]) --> QHH17-N1_bin.104.purify_k141_1568243_5(Fam_1317 [★Target])
"(8230, 10185)",2,[10185],202106QH-W27-N1_bin.40.purify_k141_1196671,202106QH-W27-N1_bin.40.purify_k141_1196671_1940-2933,202106QH-W27-N1_bin.40.purify_k141_1196671_4(Fam_10185 [★Target]) --> 202106QH-W27-N1_bin.40.purify_k141_1196671_5(Fam_8230 [★Target])
"(8230, 10185)",2,[10185],202106QH-W29-N1_bin.96.purify_k141_907553,202106QH-W29-N1_bin.96.purify_k141_907553_150-1143,202106QH-W29-N1_bin.96.purify_k141_907553_2(Fam_10185 [★Target]) --> 202106QH-W29-N1_bin.96.purify_k141_907553_3(Fam_8230 [★Target])
"(7445, 9402)",2,[7445],YZYC-20S-2-N1_bin.76.purify_k141_696751,YZYC-20S-2-N1_bin.76.purify_k141_696751_3-1179,YZYC-20S-2-N1_bin.76.purify_k141_696751_1(Fam_9402 [★Target]) --> YZYC-20S-2-N1_bin.76.purify_k141_696751_2(Fam_7445 [★Target])
"(7445, 9402)",2,[7445],QHH10-N1_bin.213.purify_k141_1773013,QHH10-N1_bin.213.purify_k141_1773013_1570-2788,QHH10-N1_bin.213.purify_k141_1773013_5(Fam_7445 [★Target]) --> QHH10-N1_bin.213.purify_k141_1773013_6(Fam_9402 [★Target])
"(11660, 11804)",2,[11660],QHH17-N1_bin.121.purify_k141_1162811,QHH17-N1_bin.121.purify_k141_1162811_65737-66311,QHH17-N1_bin.121.purify_k141_1162811_64(Fam_11804 [★Target]) --> QHH17-N1_bin.121.purify_k141_1162811_65(Fam_11660 [★Target])
"(11660, 11804)",2,[11660],ZJ-S-N13.9m-N2_bin.189.purify_k141_376500,ZJ-S-N13.9m-N2_bin.189.purify_k141_376500_13072-13661,ZJ-S-N13.9m-N2_bin.189.purify_k141_376500_13(Fam_11804 [★Target]) --> ZJ-S-N13.9m-N2_bin.189.purify_k141_376500_14(Fam_11660 [★Target])
"(8514, 8662)",2,[8514],PC-20S-1-N1_bin.50.purify_k141_1861522,PC-20S-1-N1_bin.50.purify_k141_1861522_132-1344,PC-20S-1-N1_bin.50.purify_k141_1861522_2(Fam_8662 [★Target]) --> PC-20S-1-N1_bin.50.purify_k141_1861522_3(Fam_8514 [★Target])
"(8514, 8662)",2,[8514],PC-20S-1-N1_bin.50.purify_k141_1861585,PC-20S-1-N1_bin.50.purify_k141_1861585_132-1341,PC-20S-1-N1_bin.50.purify_k141_1861585_2(Fam_8662 [★Target]) --> PC-20S-1-N1_bin.50.purify_k141_1861585_3(Fam_8514 [★Target])
"(4934, 8494)",2,[8494],202106QH-W38-N1_bin.128.purify_k141_131854,202106QH-W38-N1_bin.128.purify_k141_131854_481-2063,202106QH-W38-N1_bin.128.purify_k141_131854_2(Fam_4934 [★Target]) --> 202106QH-W38-N1_bin.128.purify_k141_131854_3(Fam_8494 [★Target])
"(4934, 8494)",2,[8494],PC-20S-4-N1_bin.31.purify_k141_921306,PC-20S-4-N1_bin.31.purify_k141_921306_4573-6161,PC-20S-4-N1_bin.31.purify_k141_921306_5(Fam_8494 [★Target]) --> PC-20S-4-N1_bin.31.purify_k141_921306_6(Fam_4934 [★Target])
"(4049, 7333)",2,"[4049, 7333]",202106QH-W38-N1_bin.139.purify_k141_1164109,202106QH-W38-N1_bin.139.purify_k141_1164109_1-1744,202106QH-W38-N1_bin.139.purify_k141_1164109_1(Fam_7333 [★Target]) --> 202106QH-W38-N1_bin.139.purify_k141_1164109_2(Fam_4049 [★Target])
"(4049, 7333)",2,"[4049, 7333]",YM-S-27.0m-N1_bin.147.purify_k141_510908,YM-S-27.0m-N1_bin.147.purify_k141_510908_1-1822,YM-S-27.0m-N1_bin.147.purify_k141_510908_1(Fam_7333 [★Target]) --> YM-S-27.0m-N1_bin.147.purify_k141_510908_2(Fam_4049 [★Target])
"(9226, 11742)",2,[11742],202106QH-W38-N1_bin.14.purify_k141_1047136,202106QH-W38-N1_bin.14.purify_k141_1047136_2596-3739,202106QH-W38-N1_bin.14.purify_k141_1047136_5(Fam_11742 [★Target]) --> 202106QH-W38-N1_bin.14.purify_k141_1047136_6(Fam_9226 [★Target])
"(9226, 11742)",2,[11742],CE-D-S-N1_bin.128.purify_k141_1663773,CE-D-S-N1_bin.128.purify_k141_1663773_701-1844,CE-D-S-N1_bin.128.purify_k141_1663773_2(Fam_9226 [★Target]) --> CE-D-S-N1_bin.128.purify_k141_1663773_3(Fam_11742 [★Target])
"(9376, 12425)",2,[12425],202106QH-W38-N1_bin.17.purify_k141_34905,202106QH-W38-N1_bin.17.purify_k141_34905_5546-6278,202106QH-W38-N1_bin.17.purify_k141_34905_6(Fam_12425 [★Target]) --> 202106QH-W38-N1_bin.17.purify_k141_34905_7(Fam_9376 [★Target])
"(9376, 12425)",2,[12425],202106QH-W39-N1_bin.116.purify_k141_652552,202106QH-W39-N1_bin.116.purify_k141_652552_22746-23502,202106QH-W39-N1_bin.116.purify_k141_652552_19(Fam_12425 [★Target]) --> 202106QH-W39-N1_bin.116.purify_k141_652552_20(Fam_9376 [★Target])
"(1875, 2209)",2,[2209],202106QH-W27-N1_bin.277.purify_k141_2164709,202106QH-W27-N1_bin.277.purify_k141_2164709_1-3414,202106QH-W27-N1_bin.277.purify_k141_2164709_1(Fam_2209 [★Target]) --> 202106QH-W27-N1_bin.277.purify_k141_2164709_2(Fam_1875 [★Target])
"(1875, 2209)",2,[2209],PC-20S-1-N1_bin.78.purify_k141_277666,PC-20S-1-N1_bin.78.purify_k141_277666_1452-4310,PC-20S-1-N1_bin.78.purify_k141_277666_2(Fam_1875 [★Target]) --> PC-20S-1-N1_bin.78.purify_k141_277666_3(Fam_2209 [★Target])
"(3296, 12143)",2,[3296],BGBMC-20S-1-N1_bin.143.purify_k141_1097854,BGBMC-20S-1-N1_bin.143.purify_k141_1097854_39-1991,BGBMC-20S-1-N1_bin.143.purify_k141_1097854_1(Fam_8649) --> BGBMC-20S-1-N1_bin.143.purify_k141_1097854_2(Fam_12143 [★Target]) --> BGBMC-20S-1-N1_bin.143.purify_k141_1097854_3(Fam_3296 [★Target])
"(3296, 12143)",2,[3296],BGBMC-20S-2-N1_bin.108.purify_k141_255848,BGBMC-20S-2-N1_bin.108.purify_k141_255848_182-2134,BGBMC-20S-2-N1_bin.108.purify_k141_255848_1(Fam_8649) --> BGBMC-20S-2-N1_bin.108.purify_k141_255848_2(Fam_12143 [★Target]) --> BGBMC-20S-2-N1_bin.108.purify_k141_255848_3(Fam_3296 [★Target])
"(3296, 12143)",2,[3296],PC-20S-1-N1_bin.38.purify_k141_627942,PC-20S-1-N1_bin.38.purify_k141_627942_4528-5831,PC-20S-1-N1_bin.38.purify_k141_627942_6(Fam_3296 [★Target]) --> PC-20S-1-N1_bin.38.purify_k141_627942_7(Fam_12143 [★Target])
"(3296, 12143)",2,[3296],PC-20S-2-N1_bin.102.purify_k141_1098844,PC-20S-2-N1_bin.102.purify_k141_1098844_1128-2431,PC-20S-2-N1_bin.102.purify_k141_1098844_2(Fam_12143 [★Target]) --> PC-20S-2-N1_bin.102.purify_k141_1098844_3(Fam_3296 [★Target])
"(8681, 9663)",2,[8681],202104TB-W71-N1_bin.13.purify_k141_1489565,202104TB-W71-N1_bin.13.purify_k141_1489565_240-1975,202104TB-W71-N1_bin.13.purify_k141_1489565_1(Fam_8681 [★Target]) --> 202104TB-W71-N1_bin.13.purify_k141_1489565_2(Fam_9663 [★Target]) --> 202104TB-W71-N1_bin.13.purify_k141_1489565_3(Fam_7115)
"(8681, 9663)",2,[8681],202106QH-W25-N1_bin.24.purify_k141_1446218,202106QH-W25-N1_bin.24.purify_k141_1446218_1125-4294,202106QH-W25-N1_bin.24.purify_k141_1446218_2(Fam_901) --> 202106QH-W25-N1_bin.24.purify_k141_1446218_3(Fam_8681 [★Target]) --> 202106QH-W25-N1_bin.24.purify_k141_1446218_4(Fam_9663 [★Target])
"(8681, 9663)",2,[8681],202106QH-W27-N1_bin.271.purify_k141_2851771,202106QH-W27-N1_bin.271.purify_k141_2851771_2-855,202106QH-W27-N1_bin.271.purify_k141_2851771_1(Fam_8681 [★Target]) --> 202106QH-W27-N1_bin.271.purify_k141_2851771_2(Fam_9663 [★Target])
"(8681, 9663)",2,[8681],BGBMC-20S-3-N1_bin.79.purify_k141_260774,BGBMC-20S-3-N1_bin.79.purify_k141_260774_5003-9006,BGBMC-20S-3-N1_bin.79.purify_k141_260774_5(Fam_358) --> BGBMC-20S-3-N1_bin.79.purify_k141_260774_6(Fam_8681 [★Target]) --> BGBMC-20S-3-N1_bin.79.purify_k141_260774_7(Fam_9663 [★Target])
"(8681, 9663)",2,[8681],QHH6-N1_bin.110.purify_k141_703488,QHH6-N1_bin.110.purify_k141_703488_991-1950,QHH6-N1_bin.110.purify_k141_703488_3(Fam_9663 [★Target]) --> QHH6-N1_bin.110.purify_k141_703488_4(Fam_8681 [★Target])
"(9214, 11476)",2,[9214],QHH17-N1_bin.162.purify_k141_92942,QHH17-N1_bin.162.purify_k141_92942_1938-2908,QHH17-N1_bin.162.purify_k141_92942_4(Fam_11476 [★Target]) --> QHH17-N1_bin.162.purify_k141_92942_5(Fam_9214 [★Target])
"(9214, 11476)",2,[9214],QHH7-N1_bin.167.purify_k141_320239,QHH7-N1_bin.167.purify_k141_320239_1934-2904,QHH7-N1_bin.167.purify_k141_320239_5(Fam_11476 [★Target]) --> QHH7-N1_bin.167.purify_k141_320239_6(Fam_9214 [★Target])
"(5123, 10599)",2,[5123],202106QH-W37-N1_bin.103.purify_k141_225663,202106QH-W37-N1_bin.103.purify_k141_225663_630-1911,202106QH-W37-N1_bin.103.purify_k141_225663_2(Fam_10599 [★Target]) --> 202106QH-W37-N1_bin.103.purify_k141_225663_3(Fam_5123 [★Target])
"(5123, 10599)",2,[5123],QHH10-N1_bin.198.purify_k141_1490529,QHH10-N1_bin.198.purify_k141_1490529_987-2382,QHH10-N1_bin.198.purify_k141_1490529_2(Fam_5123 [★Target]) --> QHH10-N1_bin.198.purify_k141_1490529_3(Fam_10599 [★Target])
"(2995, 3312)",2,[3312],202106QH-W28-N1_bin.32.purify_k141_897759,202106QH-W28-N1_bin.32.purify_k141_897759_1248-3562,202106QH-W28-N1_bin.32.purify_k141_897759_2(Fam_3312 [★Target]) --> 202106QH-W28-N1_bin.32.purify_k141_897759_3(Fam_2995 [★Target])
"(2995, 3312)",2,[3312],JC-20S-1-N1_bin.147.purify_k141_1398233,JC-20S-1-N1_bin.147.purify_k141_1398233_1056-3459,JC-20S-1-N1_bin.147.purify_k141_1398233_2(Fam_2995 [★Target]) --> JC-20S-1-N1_bin.147.purify_k141_1398233_3(Fam_3312 [★Target])
"(1052, 1809)",2,[1052],202106QH-W28-N1_bin.26.purify_k141_956949,202106QH-W28-N1_bin.26.purify_k141_956949_8729-12531,202106QH-W28-N1_bin.26.purify_k141_956949_10(Fam_1809 [★Target]) --> 202106QH-W28-N1_bin.26.purify_k141_956949_11(Fam_1052 [★Target])
"(1052, 1809)",2,[1052],202106QH-W33-N1_bin.6.purify_k141_911910,202106QH-W33-N1_bin.6.purify_k141_911910_17952-21754,202106QH-W33-N1_bin.6.purify_k141_911910_18(Fam_1809 [★Target]) --> 202106QH-W33-N1_bin.6.purify_k141_911910_19(Fam_1052 [★Target])
"(4979, 7852)",2,[4979],202106QH-W37-N1_bin.117.purify_k141_1059178,202106QH-W37-N1_bin.117.purify_k141_1059178_13058-14705,202106QH-W37-N1_bin.117.purify_k141_1059178_14(Fam_4979 [★Target]) --> 202106QH-W37-N1_bin.117.purify_k141_1059178_15(Fam_7852 [★Target])
"(4979, 7852)",2,[4979],202106QH-W39-N1_bin.106.purify_k141_558115,202106QH-W39-N1_bin.106.purify_k141_558115_1230-2754,202106QH-W39-N1_bin.106.purify_k141_558115_4(Fam_4979 [★Target]) --> 202106QH-W39-N1_bin.106.purify_k141_558115_5(Fam_7852 [★Target])
"(2948, 9151)",2,[9151],202106QH-W28-N1_bin.20.purify_k141_1257798,202106QH-W28-N1_bin.20.purify_k141_1257798_5442-7238,202106QH-W28-N1_bin.20.purify_k141_1257798_6(Fam_9151 [★Target]) --> 202106QH-W28-N1_bin.20.purify_k141_1257798_7(Fam_2948 [★Target])
"(2948, 9151)",2,[9151],ZJZBSD-01-N1-s1-N1_bin.6.purify_k141_2243556,ZJZBSD-01-N1-s1-N1_bin.6.purify_k141_2243556_12102-13925,ZJZBSD-01-N1-s1-N1_bin.6.purify_k141_2243556_15(Fam_2948 [★Target]) --> ZJZBSD-01-N1-s1-N1_bin.6.purify_k141_2243556_16(Fam_9151 [★Target])
"(2515, 10255)",2,[2515],QHH10-N1_bin.47.purify_k141_329158,QHH10-N1_bin.47.purify_k141_329158_1263-2281,QHH10-N1_bin.47.purify_k141_329158_3(Fam_10255 [★Target]) --> QHH10-N1_bin.47.purify_k141_329158_4(Fam_2515 [★Target])
"(2515, 10255)",2,[2515],YZYC-20S-4-N1_bin.45.purify_k141_82701,YZYC-20S-4-N1_bin.45.purify_k141_82701_1174-2996,YZYC-20S-4-N1_bin.45.purify_k141_82701_3(Fam_2515 [★Target]) --> YZYC-20S-4-N1_bin.45.purify_k141_82701_4(Fam_10255 [★Target])
"(3818, 11327)",2,[3818],PC-20S-1-N1_bin.83.purify_k141_524512,PC-20S-1-N1_bin.83.purify_k141_524512_4438-5915,PC-20S-1-N1_bin.83.purify_k141_524512_7(Fam_3818 [★Target]) --> PC-20S-1-N1_bin.83.purify_k141_524512_8(Fam_11327 [★Target])
"(3818, 11327)",2,[3818],ZJ-S-05.4m-N1_bin.120.purify_k141_426462,ZJ-S-05.4m-N1_bin.120.purify_k141_426462_5139-6616,ZJ-S-05.4m-N1_bin.120.purify_k141_426462_7(Fam_3818 [★Target]) --> ZJ-S-05.4m-N1_bin.120.purify_k141_426462_8(Fam_11327 [★Target])
"(1671, 2152)",2,[1671],202106QH-W28-N1_bin.142.purify_k141_828552,202106QH-W28-N1_bin.142.purify_k141_828552_12439-15690,202106QH-W28-N1_bin.142.purify_k141_828552_12(Fam_2152 [★Target]) --> 202106QH-W28-N1_bin.142.purify_k141_828552_13(Fam_1671 [★Target])
"(1671, 2152)",2,[1671],202106QH-W29-N1_bin.161.purify_k141_41147,202106QH-W29-N1_bin.161.purify_k141_41147_1080-2878,202106QH-W29-N1_bin.161.purify_k141_41147_2(Fam_2152 [★Target]) --> 202106QH-W29-N1_bin.161.purify_k141_41147_3(Fam_1671 [★Target])
"(1535, 3514)",2,[3514],202106QH-W28-N1_bin.119.purify_k141_757652,202106QH-W28-N1_bin.119.purify_k141_757652_7047-9730,202106QH-W28-N1_bin.119.purify_k141_757652_5(Fam_1535 [★Target]) --> 202106QH-W28-N1_bin.119.purify_k141_757652_6(Fam_3514 [★Target])
"(1535, 3514)",2,[3514],QHH8-N1_bin.113.purify_k141_1640493,QHH8-N1_bin.113.purify_k141_1640493_7047-9730,QHH8-N1_bin.113.purify_k141_1640493_5(Fam_1535 [★Target]) --> QHH8-N1_bin.113.purify_k141_1640493_6(Fam_3514 [★Target])
"(1394, 2579)",2,[2579],202106QH-W37-N1_bin.67.purify_k141_884344,202106QH-W37-N1_bin.67.purify_k141_884344_2490-5712,202106QH-W37-N1_bin.67.purify_k141_884344_3(Fam_1394 [★Target]) --> 202106QH-W37-N1_bin.67.purify_k141_884344_4(Fam_2579 [★Target])
"(1394, 2579)",2,[2579],YZYC-20S-7-N1_bin.96.purify_k141_160604,YZYC-20S-7-N1_bin.96.purify_k141_160604_3985-7205,YZYC-20S-7-N1_bin.96.purify_k141_160604_5(Fam_2579 [★Target]) --> YZYC-20S-7-N1_bin.96.purify_k141_160604_6(Fam_1394 [★Target])
"(7262, 7506)",2,[7262],QHH10-N1_bin.74.purify_k141_1276894,QHH10-N1_bin.74.purify_k141_1276894_2-1082,QHH10-N1_bin.74.purify_k141_1276894_1(Fam_7506 [★Target]) --> QHH10-N1_bin.74.purify_k141_1276894_2(Fam_7262 [★Target])
"(7262, 7506)",2,[7262],YM-3-34.9m-N1_bin.163.purify_k141_720911,YM-3-34.9m-N1_bin.163.purify_k141_720911_2-1097,YM-3-34.9m-N1_bin.163.purify_k141_720911_1(Fam_7506 [★Target]) --> YM-3-34.9m-N1_bin.163.purify_k141_720911_2(Fam_7262 [★Target])
"(1205, 10852)",2,[10852],202106QH-W28-N1_bin.111.purify_k141_1113069,202106QH-W28-N1_bin.111.purify_k141_1113069_393-2709,202106QH-W28-N1_bin.111.purify_k141_1113069_2(Fam_10852 [★Target]) --> 202106QH-W28-N1_bin.111.purify_k141_1113069_3(Fam_1205 [★Target])
"(1205, 10852)",2,[10852],QHH17-N1_bin.71.purify_k141_621181,QHH17-N1_bin.71.purify_k141_621181_1062-2046,QHH17-N1_bin.71.purify_k141_621181_4(Fam_10852 [★Target]) --> QHH17-N1_bin.71.purify_k141_621181_5(Fam_1205 [★Target])
"(8557, 9652)",2,[9652],202104TB-W24-N1_bin.24.purify_k141_183816,202104TB-W24-N1_bin.24.purify_k141_183816_7790-9002,202104TB-W24-N1_bin.24.purify_k141_183816_10(Fam_8557 [★Target]) --> 202104TB-W24-N1_bin.24.purify_k141_183816_11(Fam_9652 [★Target]) --> 202104TB-W24-N1_bin.24.purify_k141_183816_12(Fam_50)
"(8557, 9652)",2,[9652],202106QH-W37-N1_bin.8.purify_k141_470527,202106QH-W37-N1_bin.8.purify_k141_470527_10102-11214,202106QH-W37-N1_bin.8.purify_k141_470527_13(Fam_8557 [★Target]) --> 202106QH-W37-N1_bin.8.purify_k141_470527_14(Fam_9652 [★Target])
"(8557, 9652)",2,[9652],SLC-S-N1_bin.125.purify_k141_1545907,SLC-S-N1_bin.125.purify_k141_1545907_10552-11664,SLC-S-N1_bin.125.purify_k141_1545907_13(Fam_8557 [★Target]) --> SLC-S-N1_bin.125.purify_k141_1545907_14(Fam_9652 [★Target])
"(6520, 10683)",2,[6520],202106QH-W28-N1_bin.146.purify_k141_1729454,202106QH-W28-N1_bin.146.purify_k141_1729454_276-1459,202106QH-W28-N1_bin.146.purify_k141_1729454_2(Fam_6520 [★Target]) --> 202106QH-W28-N1_bin.146.purify_k141_1729454_3(Fam_10683 [★Target])
"(6520, 10683)",2,[6520],YZYC-20S-5-N1_bin.87.purify_k141_1477217,YZYC-20S-5-N1_bin.87.purify_k141_1477217_461-1644,YZYC-20S-5-N1_bin.87.purify_k141_1477217_2(Fam_10683 [★Target]) --> YZYC-20S-5-N1_bin.87.purify_k141_1477217_3(Fam_6520 [★Target])
"(3355, 7190)",2,[7190],202106QH-W15-N1_bin.85.purify_k141_1399221,202106QH-W15-N1_bin.85.purify_k141_1399221_4079-5993,202106QH-W15-N1_bin.85.purify_k141_1399221_4(Fam_3355 [★Target]) --> 202106QH-W15-N1_bin.85.purify_k141_1399221_5(Fam_7190 [★Target])
"(3355, 7190)",2,[7190],GH-N1_bin.19.purify_k141_1382505,GH-N1_bin.19.purify_k141_1382505_4858-6763,GH-N1_bin.19.purify_k141_1382505_6(Fam_3355 [★Target]) --> GH-N1_bin.19.purify_k141_1382505_7(Fam_7190 [★Target])
"(4242, 9280)",2,"[4242, 9280]",202106QH-W15-N1_bin.44.purify_k141_1211953,202106QH-W15-N1_bin.44.purify_k141_1211953_1693-3275,202106QH-W15-N1_bin.44.purify_k141_1211953_4(Fam_4242 [★Target]) --> 202106QH-W15-N1_bin.44.purify_k141_1211953_5(Fam_9280 [★Target])
"(4242, 9280)",2,"[4242, 9280]",202106QH-W24-N1_bin.13.purify_k141_1479819,202106QH-W24-N1_bin.13.purify_k141_1479819_173-1770,202106QH-W24-N1_bin.13.purify_k141_1479819_2(Fam_4242 [★Target]) --> 202106QH-W24-N1_bin.13.purify_k141_1479819_3(Fam_9280 [★Target])
"(1814, 3253)",2,[3253],SLC-S-N1_bin.119.purify_k141_826972,SLC-S-N1_bin.119.purify_k141_826972_1448-3042,SLC-S-N1_bin.119.purify_k141_826972_6(Fam_3253 [★Target]) --> SLC-S-N1_bin.119.purify_k141_826972_7(Fam_1814 [★Target])
"(1814, 3253)",2,[3253],YZYC-20S-8-N1_bin.62.purify_k141_2837432,YZYC-20S-8-N1_bin.62.purify_k141_2837432_1710-4333,YZYC-20S-8-N1_bin.62.purify_k141_2837432_5(Fam_3253 [★Target]) --> YZYC-20S-8-N1_bin.62.purify_k141_2837432_6(Fam_1814 [★Target])
"(9704, 10023)",2,[10023],202106QH-W12-N1_bin.81.purify_k141_158344,202106QH-W12-N1_bin.81.purify_k141_158344_1018-2092,202106QH-W12-N1_bin.81.purify_k141_158344_3(Fam_9704 [★Target]) --> 202106QH-W12-N1_bin.81.purify_k141_158344_4(Fam_10023 [★Target])
"(9704, 10023)",2,[10023],CE-20S-3-N1_bin.66.purify_k141_714457,CE-20S-3-N1_bin.66.purify_k141_714457_962-2015,CE-20S-3-N1_bin.66.purify_k141_714457_3(Fam_9704 [★Target]) --> CE-20S-3-N1_bin.66.purify_k141_714457_4(Fam_10023 [★Target])
"(4201, 6171)",2,[4201],202106QH-W19-N1_bin.83.purify_k141_748104,202106QH-W19-N1_bin.83.purify_k141_748104_1-1255,202106QH-W19-N1_bin.83.purify_k141_748104_1(Fam_6171 [★Target]) --> 202106QH-W19-N1_bin.83.purify_k141_748104_2(Fam_4201 [★Target])
"(4201, 6171)",2,[4201],QHH6-N1_bin.201.purify_k141_1044181,QHH6-N1_bin.201.purify_k141_1044181_2094-3975,QHH6-N1_bin.201.purify_k141_1044181_4(Fam_4201 [★Target]) --> QHH6-N1_bin.201.purify_k141_1044181_5(Fam_6171 [★Target])
"(2387, 12848)",2,[2387],202106QH-W12-N1_bin.68.purify_k141_1153015,202106QH-W12-N1_bin.68.purify_k141_1153015_3-1216,202106QH-W12-N1_bin.68.purify_k141_1153015_1(Fam_2387 [★Target]) --> 202106QH-W12-N1_bin.68.purify_k141_1153015_2(Fam_12848 [★Target])
"(2387, 12848)",2,[2387],QHH10-N1_bin.25.purify_k141_572127,QHH10-N1_bin.25.purify_k141_572127_55-1794,QHH10-N1_bin.25.purify_k141_572127_1(Fam_2387 [★Target]) --> QHH10-N1_bin.25.purify_k141_572127_2(Fam_12848 [★Target])
"(8081, 11452)",2,[11452],BGBMC-20S-3-N1_bin.3.purify_k141_1541089,BGBMC-20S-3-N1_bin.3.purify_k141_1541089_5780-6930,BGBMC-20S-3-N1_bin.3.purify_k141_1541089_6(Fam_8081 [★Target]) --> BGBMC-20S-3-N1_bin.3.purify_k141_1541089_7(Fam_11452 [★Target])
"(8081, 11452)",2,[11452],CE-B-S-2-N1_bin.73.purify_k141_96353,CE-B-S-2-N1_bin.73.purify_k141_96353_1136-2164,CE-B-S-2-N1_bin.73.purify_k141_96353_2(Fam_11452 [★Target]) --> CE-B-S-2-N1_bin.73.purify_k141_96353_3(Fam_8081 [★Target])
"(1990, 4523)",2,[4523],NMC-S-6-N1_bin.139.purify_k141_168997,NMC-S-6-N1_bin.139.purify_k141_168997_527-2703,NMC-S-6-N1_bin.139.purify_k141_168997_2(Fam_4523 [★Target]) --> NMC-S-6-N1_bin.139.purify_k141_168997_3(Fam_1990 [★Target])
"(1990, 4523)",2,[4523],QHH17-N1_bin.9.purify_k141_409348,QHH17-N1_bin.9.purify_k141_409348_70-2439,QHH17-N1_bin.9.purify_k141_409348_2(Fam_4523 [★Target]) --> QHH17-N1_bin.9.purify_k141_409348_3(Fam_1990 [★Target])
"(681, 1622, 1630)",2,[681],202106QH-W12-N1_bin.17.purify_k141_1405737,202106QH-W12-N1_bin.17.purify_k141_1405737_1-5889,202106QH-W12-N1_bin.17.purify_k141_1405737_1(Fam_1622 [★Target]) --> 202106QH-W12-N1_bin.17.purify_k141_1405737_4(Fam_1630 [★Target]) --> 202106QH-W12-N1_bin.17.purify_k141_1405737_5(Fam_681 [★Target])
"(681, 1622, 1630)",2,[681],YM-3-34.9m-N1_bin.31.purify_k141_2393370,YM-3-34.9m-N1_bin.31.purify_k141_2393370_1-5145,YM-3-34.9m-N1_bin.31.purify_k141_2393370_1(Fam_1622 [★Target]) --> YM-3-34.9m-N1_bin.31.purify_k141_2393370_4(Fam_1630 [★Target]) --> YM-3-34.9m-N1_bin.31.purify_k141_2393370_5(Fam_681 [★Target])
"(2723, 3876)",2,[2723],NMC-S-6-N1_bin.130.purify_k141_84065,NMC-S-6-N1_bin.130.purify_k141_84065_333-2773,NMC-S-6-N1_bin.130.purify_k141_84065_2(Fam_3876 [★Target]) --> NMC-S-6-N1_bin.130.purify_k141_84065_3(Fam_2723 [★Target])
"(2723, 3876)",2,[2723],SLC-S-3-N1_bin.244.purify_k141_90636,SLC-S-3-N1_bin.244.purify_k141_90636_247-2659,SLC-S-3-N1_bin.244.purify_k141_90636_2(Fam_3876 [★Target]) --> SLC-S-3-N1_bin.244.purify_k141_90636_3(Fam_2723 [★Target])
"(3165, 4078, 9339)",2,[9339],BGBMC-20S-2-N1_bin.237.purify_k141_1422062,BGBMC-20S-2-N1_bin.237.purify_k141_1422062_7154-10207,BGBMC-20S-2-N1_bin.237.purify_k141_1422062_7(Fam_4078 [★Target]) --> BGBMC-20S-2-N1_bin.237.purify_k141_1422062_8(Fam_3165 [★Target]) --> BGBMC-20S-2-N1_bin.237.purify_k141_1422062_9(Fam_9339 [★Target])
"(3165, 4078, 9339)",2,[9339],PC-20S-2-N1_bin.126.purify_k141_1224345,PC-20S-2-N1_bin.126.purify_k141_1224345_7209-10262,PC-20S-2-N1_bin.126.purify_k141_1224345_7(Fam_4078 [★Target]) --> PC-20S-2-N1_bin.126.purify_k141_1224345_8(Fam_3165 [★Target]) --> PC-20S-2-N1_bin.126.purify_k141_1224345_9(Fam_9339 [★Target])
"(10470, 12303)",2,[12303],BGBMC-20S-2-N1_bin.237.purify_k141_2538694,BGBMC-20S-2-N1_bin.237.purify_k141_2538694_5902-6589,BGBMC-20S-2-N1_bin.237.purify_k141_2538694_7(Fam_10470 [★Target]) --> BGBMC-20S-2-N1_bin.237.purify_k141_2538694_8(Fam_12303 [★Target])
"(10470, 12303)",2,[12303],NRPC-20S-2-N1_bin.46.purify_k141_389024,NRPC-20S-2-N1_bin.46.purify_k141_389024_4745-5477,NRPC-20S-2-N1_bin.46.purify_k141_389024_6(Fam_10470 [★Target]) --> NRPC-20S-2-N1_bin.46.purify_k141_389024_7(Fam_12303 [★Target])
"(1026, 3208)",2,[3208],202106QH-W17-N1_bin.155.purify_k141_600703,202106QH-W17-N1_bin.155.purify_k141_600703_13239-16685,202106QH-W17-N1_bin.155.purify_k141_600703_16(Fam_1026 [★Target]) --> 202106QH-W17-N1_bin.155.purify_k141_600703_17(Fam_3208 [★Target])
"(1026, 3208)",2,[3208],GMZ11-N1_bin.44.purify_k141_2172325,GMZ11-N1_bin.44.purify_k141_2172325_940-4386,GMZ11-N1_bin.44.purify_k141_2172325_2(Fam_3208 [★Target]) --> GMZ11-N1_bin.44.purify_k141_2172325_3(Fam_1026 [★Target])
"(5530, 7230)",2,[7230],202106QH-W17-N1_bin.146.purify_k141_2266801,202106QH-W17-N1_bin.146.purify_k141_2266801_3-1614,202106QH-W17-N1_bin.146.purify_k141_2266801_1(Fam_5530 [★Target]) --> 202106QH-W17-N1_bin.146.purify_k141_2266801_2(Fam_7230 [★Target])
"(5530, 7230)",2,[7230],JC-20S-1-N1_bin.65.purify_k141_299892,JC-20S-1-N1_bin.65.purify_k141_299892_3-1521,JC-20S-1-N1_bin.65.purify_k141_299892_1(Fam_5530 [★Target]) --> JC-20S-1-N1_bin.65.purify_k141_299892_2(Fam_7230 [★Target])
"(10802, 12249)",2,[12249],BGBMC-20S-2-N1_bin.275.purify_k141_2020126,BGBMC-20S-2-N1_bin.275.purify_k141_2020126_197-768,BGBMC-20S-2-N1_bin.275.purify_k141_2020126_1(Fam_12249 [★Target]) --> BGBMC-20S-2-N1_bin.275.purify_k141_2020126_2(Fam_10802 [★Target])
"(10802, 12249)",2,[12249],PC-20S-1-N1_bin.85.purify_k141_705201,PC-20S-1-N1_bin.85.purify_k141_705201_3891-4462,PC-20S-1-N1_bin.85.purify_k141_705201_3(Fam_12249 [★Target]) --> PC-20S-1-N1_bin.85.purify_k141_705201_4(Fam_10802 [★Target])
"(4439, 8069)",2,[8069],202106QH-W16-N1_bin.81.purify_k141_1814276,202106QH-W16-N1_bin.81.purify_k141_1814276_1404-3078,202106QH-W16-N1_bin.81.purify_k141_1814276_4(Fam_8069 [★Target]) --> 202106QH-W16-N1_bin.81.purify_k141_1814276_5(Fam_4439 [★Target])
"(4439, 8069)",2,[8069],JC-20S-3-N1_bin.165.purify_k141_850595,JC-20S-3-N1_bin.165.purify_k141_850595_1743-3039,JC-20S-3-N1_bin.165.purify_k141_850595_5(Fam_4439 [★Target]) --> JC-20S-3-N1_bin.165.purify_k141_850595_6(Fam_8069 [★Target])
"(7895, 8991)",2,[8991],NMC-S-6-N1_bin.228.purify_k141_965994,NMC-S-6-N1_bin.228.purify_k141_965994_5681-7198,NMC-S-6-N1_bin.228.purify_k141_965994_13(Fam_8991 [★Target]) --> NMC-S-6-N1_bin.228.purify_k141_965994_15(Fam_7895 [★Target])
"(7895, 8991)",2,[8991],NMC-S-7-N1_bin.187.purify_k141_1416411,NMC-S-7-N1_bin.187.purify_k141_1416411_6692-8209,NMC-S-7-N1_bin.187.purify_k141_1416411_13(Fam_8991 [★Target]) --> NMC-S-7-N1_bin.187.purify_k141_1416411_15(Fam_7895 [★Target])
"(10163, 11211)",2,[10163],202106QH-W16-N1_bin.107.purify_k141_1900165,202106QH-W16-N1_bin.107.purify_k141_1900165_731-1766,202106QH-W16-N1_bin.107.purify_k141_1900165_3(Fam_10163 [★Target]) --> 202106QH-W16-N1_bin.107.purify_k141_1900165_4(Fam_11211 [★Target])
"(10163, 11211)",2,[10163],QHH6-N1_bin.213.purify_k141_1078038,QHH6-N1_bin.213.purify_k141_1078038_496-1585,QHH6-N1_bin.213.purify_k141_1078038_2(Fam_11211 [★Target]) --> QHH6-N1_bin.213.purify_k141_1078038_3(Fam_10163 [★Target])
"(6912, 12420)",2,[12420],202106QH-W16-N1_bin.53.purify_k141_1450139,202106QH-W16-N1_bin.53.purify_k141_1450139_1000-2233,202106QH-W16-N1_bin.53.purify_k141_1450139_3(Fam_12420 [★Target]) --> 202106QH-W16-N1_bin.53.purify_k141_1450139_4(Fam_6912 [★Target])
"(6912, 12420)",2,[12420],GH-N1_bin.19.purify_k141_837822,GH-N1_bin.19.purify_k141_837822_5472-6705,GH-N1_bin.19.purify_k141_837822_7(Fam_12420 [★Target]) --> GH-N1_bin.19.purify_k141_837822_8(Fam_6912 [★Target])
"(8112, 9235)",2,[9235],NMC-S-6-N1_bin.221.purify_k141_1780640,NMC-S-6-N1_bin.221.purify_k141_1780640_373-1559,NMC-S-6-N1_bin.221.purify_k141_1780640_2(Fam_9235 [★Target]) --> NMC-S-6-N1_bin.221.purify_k141_1780640_3(Fam_8112 [★Target])
"(8112, 9235)",2,[9235],YZYC-20S-5-N1_bin.64.purify_k141_939020,YZYC-20S-5-N1_bin.64.purify_k141_939020_2940-4126,YZYC-20S-5-N1_bin.64.purify_k141_939020_8(Fam_8112 [★Target]) --> YZYC-20S-5-N1_bin.64.purify_k141_939020_9(Fam_9235 [★Target])
"(4589, 5224)",2,[4589],BGBMC-20S-2-N1_bin.62.purify_k141_542539,BGBMC-20S-2-N1_bin.62.purify_k141_542539_5201-7301,BGBMC-20S-2-N1_bin.62.purify_k141_542539_5(Fam_5224 [★Target]) --> BGBMC-20S-2-N1_bin.62.purify_k141_542539_6(Fam_4589 [★Target])
"(4589, 5224)",2,[4589],NRPC-20S-2-N1_bin.159.purify_k141_376633,NRPC-20S-2-N1_bin.159.purify_k141_376633_3834-5934,NRPC-20S-2-N1_bin.159.purify_k141_376633_4(Fam_5224 [★Target]) --> NRPC-20S-2-N1_bin.159.purify_k141_376633_5(Fam_4589 [★Target])
"(2980, 12192)",2,[12192],BGBMC-20S-2-N1_bin.75.purify_k141_1852838,BGBMC-20S-2-N1_bin.75.purify_k141_1852838_1434-3237,BGBMC-20S-2-N1_bin.75.purify_k141_1852838_3(Fam_2980 [★Target]) --> BGBMC-20S-2-N1_bin.75.purify_k141_1852838_4(Fam_12192 [★Target])
"(2980, 12192)",2,[12192],JC-20S-2-N1_bin.152.purify_k141_740375,JC-20S-2-N1_bin.152.purify_k141_740375_113-1916,JC-20S-2-N1_bin.152.purify_k141_740375_2(Fam_12192 [★Target]) --> JC-20S-2-N1_bin.152.purify_k141_740375_3(Fam_2980 [★Target])
"(4691, 10068)",2,[10068],NMC-S-6-N1_bin.201.purify_k141_2593241,NMC-S-6-N1_bin.201.purify_k141_2593241_59-1600,NMC-S-6-N1_bin.201.purify_k141_2593241_2(Fam_10068 [★Target]) --> NMC-S-6-N1_bin.201.purify_k141_2593241_3(Fam_4691 [★Target])
"(4691, 10068)",2,[10068],NMC-S-7-N1_bin.24.purify_k141_567327,NMC-S-7-N1_bin.24.purify_k141_567327_1248-2515,NMC-S-7-N1_bin.24.purify_k141_567327_3(Fam_4691 [★Target]) --> NMC-S-7-N1_bin.24.purify_k141_567327_4(Fam_10068 [★Target])
"(5464, 6832, 6930)",2,[5464],NMC-S-6-N1_bin.201.purify_k141_1756391,NMC-S-6-N1_bin.201.purify_k141_1756391_905-3301,NMC-S-6-N1_bin.201.purify_k141_1756391_3(Fam_6832 [★Target]) --> NMC-S-6-N1_bin.201.purify_k141_1756391_4(Fam_6930 [★Target]) --> NMC-S-6-N1_bin.201.purify_k141_1756391_5(Fam_5464 [★Target])
"(5464, 6832, 6930)",2,[5464],YZYC-20S-6-N1_bin.3.purify_k141_1340148,YZYC-20S-6-N1_bin.3.purify_k141_1340148_3110-5506,YZYC-20S-6-N1_bin.3.purify_k141_1340148_3(Fam_5464 [★Target]) --> YZYC-20S-6-N1_bin.3.purify_k141_1340148_4(Fam_6930 [★Target]) --> YZYC-20S-6-N1_bin.3.purify_k141_1340148_5(Fam_6832 [★Target])
"(6558, 7953)",2,[7953],BGBMC-20S-3-N1_bin.1.purify_k141_1172605,BGBMC-20S-3-N1_bin.1.purify_k141_1172605_4779-6204,BGBMC-20S-3-N1_bin.1.purify_k141_1172605_5(Fam_7953 [★Target]) --> BGBMC-20S-3-N1_bin.1.purify_k141_1172605_6(Fam_6558 [★Target])
"(6558, 7953)",2,[7953],SLC-S-N1_bin.18.purify_k141_1562615,SLC-S-N1_bin.18.purify_k141_1562615_352-1744,SLC-S-N1_bin.18.purify_k141_1562615_1(Fam_6558 [★Target]) --> SLC-S-N1_bin.18.purify_k141_1562615_2(Fam_7953 [★Target])
"(1396, 1831)",2,[1831],ZJZBSD-s05-N1_bin.24.purify_k141_1090740,ZJZBSD-s05-N1_bin.24.purify_k141_1090740_1631-5013,ZJZBSD-s05-N1_bin.24.purify_k141_1090740_5(Fam_1396 [★Target]) --> ZJZBSD-s05-N1_bin.24.purify_k141_1090740_6(Fam_1831 [★Target])
"(1396, 1831)",2,[1831],SLHSD1-N1_bin.10.purify_k141_2529063,SLHSD1-N1_bin.10.purify_k141_2529063_2390-5772,SLHSD1-N1_bin.10.purify_k141_2529063_3(Fam_1831 [★Target]) --> SLHSD1-N1_bin.10.purify_k141_2529063_4(Fam_1396 [★Target])
"(6352, 7896)",2,[7896],NMC-S-5-N1_bin.70.purify_k141_2474304,NMC-S-5-N1_bin.70.purify_k141_2474304_5403-6642,NMC-S-5-N1_bin.70.purify_k141_2474304_5(Fam_6352 [★Target]) --> NMC-S-5-N1_bin.70.purify_k141_2474304_6(Fam_7896 [★Target])
"(6352, 7896)",2,[7896],NMC-S-7-N1_bin.187.purify_k141_675359,NMC-S-7-N1_bin.187.purify_k141_675359_2-1397,NMC-S-7-N1_bin.187.purify_k141_675359_1(Fam_7896 [★Target]) --> NMC-S-7-N1_bin.187.purify_k141_675359_2(Fam_6352 [★Target])
"(847, 1616)",2,[1616],BMC20S-2-N1_bin.142.purify_k141_868732,BMC20S-2-N1_bin.142.purify_k141_868732_14440-18374,BMC20S-2-N1_bin.142.purify_k141_868732_16(Fam_1616 [★Target]) --> BMC20S-2-N1_bin.142.purify_k141_868732_17(Fam_847 [★Target])
"(847, 1616)",2,[1616],BMC20S-N1-N1_bin.308.purify_k141_1955078,BMC20S-N1-N1_bin.308.purify_k141_1955078_14440-18374,BMC20S-N1-N1_bin.308.purify_k141_1955078_16(Fam_1616 [★Target]) --> BMC20S-N1-N1_bin.308.purify_k141_1955078_17(Fam_847 [★Target])
"(3487, 6430)",2,[3487],202106QH-W1-N1_bin.4.purify_k141_1624595,202106QH-W1-N1_bin.4.purify_k141_1624595_195-2105,202106QH-W1-N1_bin.4.purify_k141_1624595_2(Fam_3487 [★Target]) --> 202106QH-W1-N1_bin.4.purify_k141_1624595_3(Fam_6430 [★Target])
"(3487, 6430)",2,[3487],TBCBL-03-N1_bin.80.purify_k141_4619854,TBCBL-03-N1_bin.80.purify_k141_4619854_542-2774,TBCBL-03-N1_bin.80.purify_k141_4619854_2(Fam_6430 [★Target]) --> TBCBL-03-N1_bin.80.purify_k141_4619854_3(Fam_3487 [★Target])
"(259, 354)",2,"[259, 354]",BMC20S-2-N1_bin.153.purify_k141_458104,BMC20S-2-N1_bin.153.purify_k141_458104_8924-15154,BMC20S-2-N1_bin.153.purify_k141_458104_10(Fam_259 [★Target]) --> BMC20S-2-N1_bin.153.purify_k141_458104_11(Fam_354 [★Target])
"(259, 354)",2,"[259, 354]",BMC20S-N1-N1_bin.133.purify_k141_2043907,BMC20S-N1-N1_bin.133.purify_k141_2043907_8924-15154,BMC20S-N1-N1_bin.133.purify_k141_2043907_10(Fam_259 [★Target]) --> BMC20S-N1-N1_bin.133.purify_k141_2043907_11(Fam_354 [★Target])
"(4882, 10307)",2,"[4882, 10307]",BMC20S-2-N1_bin.171.purify_k141_297459,BMC20S-2-N1_bin.171.purify_k141_297459_12370-13790,BMC20S-2-N1_bin.171.purify_k141_297459_15(Fam_10307 [★Target]) --> BMC20S-2-N1_bin.171.purify_k141_297459_16(Fam_4882 [★Target])
"(4882, 10307)",2,"[4882, 10307]",BMC20S-N1-N1_bin.157.purify_k141_437089,BMC20S-N1-N1_bin.157.purify_k141_437089_20765-22185,BMC20S-N1-N1_bin.157.purify_k141_437089_23(Fam_10307 [★Target]) --> BMC20S-N1-N1_bin.157.purify_k141_437089_24(Fam_4882 [★Target])
"(4204, 6526)",2,"[4204, 6526]",BMC20S-2-N1_bin.175.purify_k141_383947,BMC20S-2-N1_bin.175.purify_k141_383947_26608-28456,BMC20S-2-N1_bin.175.purify_k141_383947_31(Fam_4204 [★Target]) --> BMC20S-2-N1_bin.175.purify_k141_383947_32(Fam_6526 [★Target])
"(4204, 6526)",2,"[4204, 6526]",BMC20S-N1-N1_bin.100.purify_k141_1852883,BMC20S-N1-N1_bin.100.purify_k141_1852883_24333-26181,BMC20S-N1-N1_bin.100.purify_k141_1852883_30(Fam_4204 [★Target]) --> BMC20S-N1-N1_bin.100.purify_k141_1852883_31(Fam_6526 [★Target])
"(4194, 5252)",2,[4194],SLHSD1-N1_bin.41.purify_k141_935903,SLHSD1-N1_bin.41.purify_k141_935903_2-1146,SLHSD1-N1_bin.41.purify_k141_935903_1(Fam_5252 [★Target]) --> SLHSD1-N1_bin.41.purify_k141_935903_2(Fam_4194 [★Target])
"(4194, 5252)",2,[4194],ZJ-S-05.4m-N1_bin.25.purify_k141_1226406,ZJ-S-05.4m-N1_bin.25.purify_k141_1226406_11700-13699,ZJ-S-05.4m-N1_bin.25.purify_k141_1226406_15(Fam_4194 [★Target]) --> ZJ-S-05.4m-N1_bin.25.purify_k141_1226406_16(Fam_5252 [★Target])
"(317, 1284)",2,[317],NMC-S-5-N1_bin.46.purify_k141_1264049,NMC-S-5-N1_bin.46.purify_k141_1264049_4415-9347,NMC-S-5-N1_bin.46.purify_k141_1264049_6(Fam_1284 [★Target]) --> NMC-S-5-N1_bin.46.purify_k141_1264049_7(Fam_317 [★Target])
"(317, 1284)",2,[317],YZYC-20S-5-N1_bin.205.purify_k141_567690,YZYC-20S-5-N1_bin.205.purify_k141_567690_2-3221,YZYC-20S-5-N1_bin.205.purify_k141_567690_1(Fam_317 [★Target]) --> YZYC-20S-5-N1_bin.205.purify_k141_567690_2(Fam_1284 [★Target])
"(1383, 2699)",2,[2699],BMC20S-2-N1_bin.186.purify_k141_1470164,BMC20S-2-N1_bin.186.purify_k141_1470164_13436-16772,BMC20S-2-N1_bin.186.purify_k141_1470164_14(Fam_1383 [★Target]) --> BMC20S-2-N1_bin.186.purify_k141_1470164_15(Fam_2699 [★Target])
"(1383, 2699)",2,[2699],QHH8-N1_bin.131.purify_k141_893989,QHH8-N1_bin.131.purify_k141_893989_2-2087,QHH8-N1_bin.131.purify_k141_893989_1(Fam_1383 [★Target]) --> QHH8-N1_bin.131.purify_k141_893989_2(Fam_2699 [★Target])
"(9285, 9510)",2,[9285],BMC20S-2-N1_bin.193.purify_k141_290344,BMC20S-2-N1_bin.193.purify_k141_290344_1140-2185,BMC20S-2-N1_bin.193.purify_k141_290344_2(Fam_9510 [★Target]) --> BMC20S-2-N1_bin.193.purify_k141_290344_3(Fam_9285 [★Target])
"(9285, 9510)",2,[9285],ZJZBSD-s03-2-N1_bin.47.purify_k141_654384,ZJZBSD-s03-2-N1_bin.47.purify_k141_654384_3287-4311,ZJZBSD-s03-2-N1_bin.47.purify_k141_654384_4(Fam_9510 [★Target]) --> ZJZBSD-s03-2-N1_bin.47.purify_k141_654384_5(Fam_9285 [★Target])
"(781, 2433)",2,[781],NMC-S-7-N1_bin.147.purify_k141_1026984,NMC-S-7-N1_bin.147.purify_k141_1026984_373-4094,NMC-S-7-N1_bin.147.purify_k141_1026984_2(Fam_2433 [★Target]) --> NMC-S-7-N1_bin.147.purify_k141_1026984_3(Fam_781 [★Target])
"(781, 2433)",2,[781],NMC-S-5-N1_bin.29.purify_k141_335283,NMC-S-5-N1_bin.29.purify_k141_335283_373-4094,NMC-S-5-N1_bin.29.purify_k141_335283_2(Fam_2433 [★Target]) --> NMC-S-5-N1_bin.29.purify_k141_335283_3(Fam_781 [★Target])
"(2751, 3706)",2,[3706],NMC-S-5-N1_bin.191.purify_k141_734975,NMC-S-5-N1_bin.191.purify_k141_734975_2880-5577,NMC-S-5-N1_bin.191.purify_k141_734975_3(Fam_3706 [★Target]) --> NMC-S-5-N1_bin.191.purify_k141_734975_4(Fam_2751 [★Target])
"(2751, 3706)",2,[3706],YZYC-20S-1-N1_bin.15.purify_k141_2959857,YZYC-20S-1-N1_bin.15.purify_k141_2959857_369-3066,YZYC-20S-1-N1_bin.15.purify_k141_2959857_1(Fam_2751 [★Target]) --> YZYC-20S-1-N1_bin.15.purify_k141_2959857_2(Fam_3706 [★Target])
"(1066, 9679)",2,[9679],NMC-S-5-N1_bin.186.purify_k141_2370164,NMC-S-5-N1_bin.186.purify_k141_2370164_14171-16727,NMC-S-5-N1_bin.186.purify_k141_2370164_15(Fam_9679 [★Target]) --> NMC-S-5-N1_bin.186.purify_k141_2370164_16(Fam_1066 [★Target])
"(1066, 9679)",2,[9679],NMC-S-7-N1_bin.7.purify_k141_2454224,NMC-S-7-N1_bin.7.purify_k141_2454224_935-3491,NMC-S-7-N1_bin.7.purify_k141_2454224_2(Fam_1066 [★Target]) --> NMC-S-7-N1_bin.7.purify_k141_2454224_3(Fam_9679 [★Target])
"(4436, 7315)",2,[4436],202106QH-W1-N1_bin.20.purify_k141_1362295,202106QH-W1-N1_bin.20.purify_k141_1362295_2-1746,202106QH-W1-N1_bin.20.purify_k141_1362295_1(Fam_7315 [★Target]) --> 202106QH-W1-N1_bin.20.purify_k141_1362295_2(Fam_4436 [★Target])
"(4436, 7315)",2,[4436],ZJZBSD-s05-N1_bin.37.purify_k141_2315339,ZJZBSD-s05-N1_bin.37.purify_k141_2315339_3-1666,ZJZBSD-s05-N1_bin.37.purify_k141_2315339_1(Fam_7315 [★Target]) --> ZJZBSD-s05-N1_bin.37.purify_k141_2315339_2(Fam_4436 [★Target])
"(655, 3512)",2,[655],202106QH-W11-N1_bin.76.purify_k141_796889,202106QH-W11-N1_bin.76.purify_k141_796889_2795-6504,202106QH-W11-N1_bin.76.purify_k141_796889_5(Fam_3512 [★Target]) --> 202106QH-W11-N1_bin.76.purify_k141_796889_6(Fam_655 [★Target])
"(655, 3512)",2,[655],202106QH-W37-N1_bin.68.purify_k141_796204,202106QH-W37-N1_bin.68.purify_k141_796204_2663-5061,202106QH-W37-N1_bin.68.purify_k141_796204_5(Fam_3512 [★Target]) --> 202106QH-W37-N1_bin.68.purify_k141_796204_6(Fam_655 [★Target])
"(4053, 8367)",2,[4053],BGBMC-20S-3-N1_bin.47.purify_k141_1252838,BGBMC-20S-3-N1_bin.47.purify_k141_1252838_2-1538,BGBMC-20S-3-N1_bin.47.purify_k141_1252838_1(Fam_8367 [★Target]) --> BGBMC-20S-3-N1_bin.47.purify_k141_1252838_2(Fam_4053 [★Target])
"(4053, 8367)",2,[4053],YZYC-20S-2-N1_bin.48.purify_k141_2179555,YZYC-20S-2-N1_bin.48.purify_k141_2179555_2-1160,YZYC-20S-2-N1_bin.48.purify_k141_2179555_1(Fam_8367 [★Target]) --> YZYC-20S-2-N1_bin.48.purify_k141_2179555_2(Fam_4053 [★Target])
"(167, 2355)",2,[2355],202106QH-W11-N1_bin.58.purify_k141_618135,202106QH-W11-N1_bin.58.purify_k141_618135_791-6634,202106QH-W11-N1_bin.58.purify_k141_618135_2(Fam_2355 [★Target]) --> 202106QH-W11-N1_bin.58.purify_k141_618135_4(Fam_167 [★Target])
"(167, 2355)",2,[2355],202106QH-W29-N1_bin.61.purify_k141_243523,202106QH-W29-N1_bin.61.purify_k141_243523_261-6104,202106QH-W29-N1_bin.61.purify_k141_243523_2(Fam_2355 [★Target]) --> 202106QH-W29-N1_bin.61.purify_k141_243523_4(Fam_167 [★Target])
"(11820, 12731)",2,"[11820, 12731]",202106QH-W11-N1_bin.58.purify_k141_1485670,202106QH-W11-N1_bin.58.purify_k141_1485670_2174-2652,202106QH-W11-N1_bin.58.purify_k141_1485670_4(Fam_12731 [★Target]) --> 202106QH-W11-N1_bin.58.purify_k141_1485670_5(Fam_11820 [★Target])
"(11820, 12731)",2,"[11820, 12731]",QHH8-N1_bin.176.purify_k141_1968348,QHH8-N1_bin.176.purify_k141_1968348_1273-1751,QHH8-N1_bin.176.purify_k141_1968348_3(Fam_12731 [★Target]) --> QHH8-N1_bin.176.purify_k141_1968348_4(Fam_11820 [★Target])
"(4287, 4593)",2,"[4287, 4593]",NMC-S-6-N1_bin.117.purify_k141_1045683,NMC-S-6-N1_bin.117.purify_k141_1045683_13849-15977,NMC-S-6-N1_bin.117.purify_k141_1045683_18(Fam_4287 [★Target]) --> NMC-S-6-N1_bin.117.purify_k141_1045683_19(Fam_4593 [★Target])
"(4287, 4593)",2,"[4287, 4593]",YZYC-20S-5-N1_bin.94.purify_k141_1561667,YZYC-20S-5-N1_bin.94.purify_k141_1561667_2176-4344,YZYC-20S-5-N1_bin.94.purify_k141_1561667_4(Fam_4287 [★Target]) --> YZYC-20S-5-N1_bin.94.purify_k141_1561667_5(Fam_4593 [★Target])
"(1083, 4675)",2,[4675],202106QH-W11-N1_bin.17.purify_k141_916542,202106QH-W11-N1_bin.17.purify_k141_916542_603-3648,202106QH-W11-N1_bin.17.purify_k141_916542_2(Fam_4675 [★Target]) --> 202106QH-W11-N1_bin.17.purify_k141_916542_3(Fam_1083 [★Target])
"(1083, 4675)",2,[4675],BGBMC-20S-2-N1_bin.9.purify_k141_2548935,BGBMC-20S-2-N1_bin.9.purify_k141_2548935_15017-17990,BGBMC-20S-2-N1_bin.9.purify_k141_2548935_10(Fam_4675 [★Target]) --> BGBMC-20S-2-N1_bin.9.purify_k141_2548935_11(Fam_1083 [★Target])
"(2923, 6133)",2,[2923],NMC-S-5-N1_bin.93.purify_k141_276753,NMC-S-5-N1_bin.93.purify_k141_276753_36-2399,NMC-S-5-N1_bin.93.purify_k141_276753_1(Fam_6133 [★Target]) --> NMC-S-5-N1_bin.93.purify_k141_276753_2(Fam_2923 [★Target])
"(2923, 6133)",2,[2923],YZYC-20S-4-N1_bin.71.purify_k141_432973,YZYC-20S-4-N1_bin.71.purify_k141_432973_3-1646,YZYC-20S-4-N1_bin.71.purify_k141_432973_1(Fam_2923 [★Target]) --> YZYC-20S-4-N1_bin.71.purify_k141_432973_2(Fam_6133 [★Target])
"(5050, 12326)",2,[5050],202106QH-W10-N1_bin.88.purify_k141_960655,202106QH-W10-N1_bin.88.purify_k141_960655_260-1538,202106QH-W10-N1_bin.88.purify_k141_960655_2(Fam_12326 [★Target]) --> 202106QH-W10-N1_bin.88.purify_k141_960655_3(Fam_5050 [★Target])
"(5050, 12326)",2,[5050],202106QH-W11-N1_bin.110.purify_k141_3503,202106QH-W11-N1_bin.110.purify_k141_3503_8719-9997,202106QH-W11-N1_bin.110.purify_k141_3503_7(Fam_12326 [★Target]) --> 202106QH-W11-N1_bin.110.purify_k141_3503_8(Fam_5050 [★Target])
"(2993, 7954)",2,[7954],BMC20S-2-N1_bin.114.purify_k141_918412,BMC20S-2-N1_bin.114.purify_k141_918412_759-2632,BMC20S-2-N1_bin.114.purify_k141_918412_2(Fam_2993 [★Target]) --> BMC20S-2-N1_bin.114.purify_k141_918412_3(Fam_7954 [★Target])
"(2993, 7954)",2,[7954],BMC20S-2-N1_bin.71.purify_k141_1258786,BMC20S-2-N1_bin.71.purify_k141_1258786_18381-20287,BMC20S-2-N1_bin.71.purify_k141_1258786_15(Fam_7954 [★Target]) --> BMC20S-2-N1_bin.71.purify_k141_1258786_16(Fam_2993 [★Target])
"(6920, 7236)",2,[7236],BMC20S-2-N1_bin.119.purify_k141_1773769,BMC20S-2-N1_bin.119.purify_k141_1773769_9424-10901,BMC20S-2-N1_bin.119.purify_k141_1773769_12(Fam_7236 [★Target]) --> BMC20S-2-N1_bin.119.purify_k141_1773769_13(Fam_6920 [★Target])
"(6920, 7236)",2,[7236],CN-B-S-2-N2_bin.2.purify_k141_1728987,CN-B-S-2-N2_bin.2.purify_k141_1728987_1358-2826,CN-B-S-2-N2_bin.2.purify_k141_1728987_4(Fam_7236 [★Target]) --> CN-B-S-2-N2_bin.2.purify_k141_1728987_5(Fam_6920 [★Target])
"(900, 5320)",2,[900],202106QH-W10-N1_bin.34.purify_k141_295985,202106QH-W10-N1_bin.34.purify_k141_295985_816-5030,202106QH-W10-N1_bin.34.purify_k141_295985_2(Fam_5320 [★Target]) --> 202106QH-W10-N1_bin.34.purify_k141_295985_5(Fam_900 [★Target])
"(900, 5320)",2,[900],202106QH-W9-N1_bin.26.purify_k141_843700,202106QH-W9-N1_bin.26.purify_k141_843700_1484-6004,202106QH-W9-N1_bin.26.purify_k141_843700_2(Fam_5320 [★Target]) --> 202106QH-W9-N1_bin.26.purify_k141_843700_5(Fam_900 [★Target])
"(3296, 8649, 12143)",2,[3296],BGBMC-20S-1-N1_bin.143.purify_k141_1097854,BGBMC-20S-1-N1_bin.143.purify_k141_1097854_39-1991,BGBMC-20S-1-N1_bin.143.purify_k141_1097854_1(Fam_8649 [★Target]) --> BGBMC-20S-1-N1_bin.143.purify_k141_1097854_2(Fam_12143 [★Target]) --> BGBMC-20S-1-N1_bin.143.purify_k141_1097854_3(Fam_3296 [★Target])
"(3296, 8649, 12143)",2,[3296],BGBMC-20S-2-N1_bin.108.purify_k141_255848,BGBMC-20S-2-N1_bin.108.purify_k141_255848_182-2134,BGBMC-20S-2-N1_bin.108.purify_k141_255848_1(Fam_8649 [★Target]) --> BGBMC-20S-2-N1_bin.108.purify_k141_255848_2(Fam_12143 [★Target]) --> BGBMC-20S-2-N1_bin.108.purify_k141_255848_3(Fam_3296 [★Target])
"(3829, 6299)",2,[6299],BGBMC-20S-1-N1_bin.149.purify_k141_1799831,BGBMC-20S-1-N1_bin.149.purify_k141_1799831_1082-3012,BGBMC-20S-1-N1_bin.149.purify_k141_1799831_5(Fam_6299 [★Target]) --> BGBMC-20S-1-N1_bin.149.purify_k141_1799831_6(Fam_3829 [★Target])
"(3829, 6299)",2,[6299],BGBMC-20S-3-N1_bin.79.purify_k141_1137716,BGBMC-20S-3-N1_bin.79.purify_k141_1137716_5322-7252,BGBMC-20S-3-N1_bin.79.purify_k141_1137716_8(Fam_3829 [★Target]) --> BGBMC-20S-3-N1_bin.79.purify_k141_1137716_9(Fam_6299 [★Target])
"(4731, 11969)",2,[4731],202106QH-W19-N1_bin.202.purify_k141_1337584,202106QH-W19-N1_bin.202.purify_k141_1337584_309-1589,202106QH-W19-N1_bin.202.purify_k141_1337584_2(Fam_4731 [★Target]) --> 202106QH-W19-N1_bin.202.purify_k141_1337584_3(Fam_11969 [★Target])
"(4731, 11969)",2,[4731],202106QH-W30-N1_bin.47.purify_k141_250684,202106QH-W30-N1_bin.47.purify_k141_250684_22-1298,202106QH-W30-N1_bin.47.purify_k141_250684_1(Fam_4731 [★Target]) --> 202106QH-W30-N1_bin.47.purify_k141_250684_2(Fam_11969 [★Target])
"(6631, 11091)",2,[11091],BGBMC-20S-1-N1_bin.160.purify_k141_1522124,BGBMC-20S-1-N1_bin.160.purify_k141_1522124_3181-4575,BGBMC-20S-1-N1_bin.160.purify_k141_1522124_7(Fam_6631 [★Target]) --> BGBMC-20S-1-N1_bin.160.purify_k141_1522124_8(Fam_11091 [★Target])
"(6631, 11091)",2,[11091],BGBMC-20S-2-N1_bin.116.purify_k141_14239,BGBMC-20S-2-N1_bin.116.purify_k141_14239_2273-3667,BGBMC-20S-2-N1_bin.116.purify_k141_14239_3(Fam_6631 [★Target]) --> BGBMC-20S-2-N1_bin.116.purify_k141_14239_4(Fam_11091 [★Target])
"(665, 4626)",2,[4626],BGBMC-20S-1-N1_bin.161.purify_k141_1716263,BGBMC-20S-1-N1_bin.161.purify_k141_1716263_11272-14708,BGBMC-20S-1-N1_bin.161.purify_k141_1716263_10(Fam_665 [★Target]) --> BGBMC-20S-1-N1_bin.161.purify_k141_1716263_11(Fam_4626 [★Target])
"(665, 4626)",2,[4626],BGBMC-20S-2-N1_bin.93.purify_k141_635025,BGBMC-20S-2-N1_bin.93.purify_k141_635025_325-3761,BGBMC-20S-2-N1_bin.93.purify_k141_635025_2(Fam_665 [★Target]) --> BGBMC-20S-2-N1_bin.93.purify_k141_635025_3(Fam_4626 [★Target])
"(2692, 4830)",2,[4830],BGBMC-20S-1-N1_bin.167.purify_k141_671496,BGBMC-20S-1-N1_bin.167.purify_k141_671496_2789-5291,BGBMC-20S-1-N1_bin.167.purify_k141_671496_2(Fam_2692 [★Target]) --> BGBMC-20S-1-N1_bin.167.purify_k141_671496_3(Fam_4830 [★Target])
"(2692, 4830)",2,[4830],BGBMC-20S-2-N1_bin.231.purify_k141_1587522,BGBMC-20S-2-N1_bin.231.purify_k141_1587522_2771-5273,BGBMC-20S-2-N1_bin.231.purify_k141_1587522_2(Fam_4830 [★Target]) --> BGBMC-20S-2-N1_bin.231.purify_k141_1587522_3(Fam_2692 [★Target])
"(6857, 7328)",2,[6857],BGBMC-20S-1-N1_bin.17.purify_k141_1626614,BGBMC-20S-1-N1_bin.17.purify_k141_1626614_1728-3213,BGBMC-20S-1-N1_bin.17.purify_k141_1626614_4(Fam_7328 [★Target]) --> BGBMC-20S-1-N1_bin.17.purify_k141_1626614_5(Fam_6857 [★Target])
"(6857, 7328)",2,[6857],NRPC-20S-2-N1_bin.86.purify_k141_862281,NRPC-20S-2-N1_bin.86.purify_k141_862281_4231-5721,NRPC-20S-2-N1_bin.86.purify_k141_862281_5(Fam_6857 [★Target]) --> NRPC-20S-2-N1_bin.86.purify_k141_862281_6(Fam_7328 [★Target])
"(648, 959)",2,[648],BGBMC-20S-1-N1_bin.17.purify_k141_743339,BGBMC-20S-1-N1_bin.17.purify_k141_743339_1686-6279,BGBMC-20S-1-N1_bin.17.purify_k141_743339_2(Fam_959 [★Target]) --> BGBMC-20S-1-N1_bin.17.purify_k141_743339_3(Fam_648 [★Target])
"(648, 959)",2,[648],CRC-20S-2-N1_bin.78.purify_k141_1321532,CRC-20S-2-N1_bin.78.purify_k141_1321532_691-5281,CRC-20S-2-N1_bin.78.purify_k141_1321532_2(Fam_648 [★Target]) --> CRC-20S-2-N1_bin.78.purify_k141_1321532_3(Fam_959 [★Target])
"(4972, 9541)",2,"[4972, 9541]",202106QH-W19-N1_bin.176.purify_k141_1084458,202106QH-W19-N1_bin.176.purify_k141_1084458_6901-8532,202106QH-W19-N1_bin.176.purify_k141_1084458_7(Fam_9541 [★Target]) --> 202106QH-W19-N1_bin.176.purify_k141_1084458_8(Fam_4972 [★Target])
"(4972, 9541)",2,"[4972, 9541]",202106QH-W27-N1_bin.30.purify_k141_589634,202106QH-W27-N1_bin.30.purify_k141_589634_5208-6839,202106QH-W27-N1_bin.30.purify_k141_589634_5(Fam_9541 [★Target]) --> 202106QH-W27-N1_bin.30.purify_k141_589634_6(Fam_4972 [★Target])
"(661, 8134)",2,[8134],BGBMC-20S-1-N1_bin.18.purify_k141_1454954,BGBMC-20S-1-N1_bin.18.purify_k141_1454954_14669-16214,BGBMC-20S-1-N1_bin.18.purify_k141_1454954_15(Fam_8134 [★Target]) --> BGBMC-20S-1-N1_bin.18.purify_k141_1454954_16(Fam_661 [★Target])
"(661, 8134)",2,[8134],PC-20S-1-N1_bin.109.purify_k141_525830,PC-20S-1-N1_bin.109.purify_k141_525830_13649-15482,PC-20S-1-N1_bin.109.purify_k141_525830_14(Fam_8134 [★Target]) --> PC-20S-1-N1_bin.109.purify_k141_525830_15(Fam_661 [★Target])
"(2000, 2967)",2,[2967],BGBMC-20S-1-N1_bin.191.purify_k141_1351675,BGBMC-20S-1-N1_bin.191.purify_k141_1351675_796-3777,BGBMC-20S-1-N1_bin.191.purify_k141_1351675_3(Fam_2000 [★Target]) --> BGBMC-20S-1-N1_bin.191.purify_k141_1351675_4(Fam_2967 [★Target])
"(2000, 2967)",2,[2967],JC-20S-1-N1_bin.118.purify_k141_1385433,JC-20S-1-N1_bin.118.purify_k141_1385433_4122-7103,JC-20S-1-N1_bin.118.purify_k141_1385433_4(Fam_2967 [★Target]) --> JC-20S-1-N1_bin.118.purify_k141_1385433_5(Fam_2000 [★Target])
"(1353, 4670)",2,[1353],202106QH-W19-N1_bin.162.purify_k141_2096333,202106QH-W19-N1_bin.162.purify_k141_2096333_1681-4031,202106QH-W19-N1_bin.162.purify_k141_2096333_3(Fam_1353 [★Target]) --> 202106QH-W19-N1_bin.162.purify_k141_2096333_4(Fam_4670 [★Target])
"(1353, 4670)",2,[1353],BGBMC-20S-1-N1_bin.121.purify_k141_1485793,BGBMC-20S-1-N1_bin.121.purify_k141_1485793_3-2285,BGBMC-20S-1-N1_bin.121.purify_k141_1485793_1(Fam_1353 [★Target]) --> BGBMC-20S-1-N1_bin.121.purify_k141_1485793_2(Fam_4670 [★Target])
"(1966, 2368)",2,[2368],BGBMC-20S-1-N1_bin.200.purify_k141_1600934,BGBMC-20S-1-N1_bin.200.purify_k141_1600934_3-1984,BGBMC-20S-1-N1_bin.200.purify_k141_1600934_1(Fam_1966 [★Target]) --> BGBMC-20S-1-N1_bin.200.purify_k141_1600934_2(Fam_2368 [★Target])
"(1966, 2368)",2,[2368],HHSD1-N1_bin.39.purify_k141_2019434,HHSD1-N1_bin.39.purify_k141_2019434_2822-5751,HHSD1-N1_bin.39.purify_k141_2019434_3(Fam_1966 [★Target]) --> HHSD1-N1_bin.39.purify_k141_2019434_4(Fam_2368 [★Target])
"(2791, 6314)",2,[2791],202106QH-W19-N1_bin.131.purify_k141_556537,202106QH-W19-N1_bin.131.purify_k141_556537_8836-10934,202106QH-W19-N1_bin.131.purify_k141_556537_13(Fam_2791 [★Target]) --> 202106QH-W19-N1_bin.131.purify_k141_556537_14(Fam_6314 [★Target])
"(2791, 6314)",2,[2791],YM-3-34.9m-N1_bin.198.purify_k141_301150,YM-3-34.9m-N1_bin.198.purify_k141_301150_3830-4808,YM-3-34.9m-N1_bin.198.purify_k141_301150_4(Fam_6314 [★Target]) --> YM-3-34.9m-N1_bin.198.purify_k141_301150_5(Fam_2791 [★Target])
"(5630, 5907, 6200)",2,[5907],QHH8-N1_bin.80.purify_k141_1065665,QHH8-N1_bin.80.purify_k141_1065665_1483-4408,QHH8-N1_bin.80.purify_k141_1065665_4(Fam_5907 [★Target]) --> QHH8-N1_bin.80.purify_k141_1065665_6(Fam_5630 [★Target]) --> QHH8-N1_bin.80.purify_k141_1065665_7(Fam_6200 [★Target])
"(5630, 5907, 6200)",2,[5907],YZYC-20S-2-N1_bin.115.purify_k141_52791,YZYC-20S-2-N1_bin.115.purify_k141_52791_464-3389,YZYC-20S-2-N1_bin.115.purify_k141_52791_3(Fam_5907 [★Target]) --> YZYC-20S-2-N1_bin.115.purify_k141_52791_5(Fam_5630 [★Target]) --> YZYC-20S-2-N1_bin.115.purify_k141_52791_6(Fam_6200 [★Target])
"(3433, 11037)",2,[11037],202106QH-W19-N1_bin.117.purify_k141_999675,202106QH-W19-N1_bin.117.purify_k141_999675_832-2359,202106QH-W19-N1_bin.117.purify_k141_999675_3(Fam_11037 [★Target]) --> 202106QH-W19-N1_bin.117.purify_k141_999675_4(Fam_3433 [★Target])
"(3433, 11037)",2,[11037],202106QH-W27-N1_bin.43.purify_k141_352534,202106QH-W27-N1_bin.43.purify_k141_352534_562-2089,202106QH-W27-N1_bin.43.purify_k141_352534_2(Fam_11037 [★Target]) --> 202106QH-W27-N1_bin.43.purify_k141_352534_3(Fam_3433 [★Target])
"(7231, 10440)",2,[10440],202106QH-W19-N1_bin.174.purify_k141_2807683,202106QH-W19-N1_bin.174.purify_k141_2807683_23719-25131,202106QH-W19-N1_bin.174.purify_k141_2807683_20(Fam_7231 [★Target]) --> 202106QH-W19-N1_bin.174.purify_k141_2807683_21(Fam_10440 [★Target])
"(7231, 10440)",2,[10440],QHH10-N1_bin.159.purify_k141_1829587,QHH10-N1_bin.159.purify_k141_1829587_25301-26714,QHH10-N1_bin.159.purify_k141_1829587_22(Fam_7231 [★Target]) --> QHH10-N1_bin.159.purify_k141_1829587_23(Fam_10440 [★Target])
"(9455, 11835)",2,[11835],NMC-S-8-N1_bin.74.purify_k141_1977898,NMC-S-8-N1_bin.74.purify_k141_1977898_589-1475,NMC-S-8-N1_bin.74.purify_k141_1977898_4(Fam_11835 [★Target]) --> NMC-S-8-N1_bin.74.purify_k141_1977898_5(Fam_9455 [★Target])
"(9455, 11835)",2,[11835],QHH17-N1_bin.99.purify_k141_422250,QHH17-N1_bin.99.purify_k141_422250_2161-3047,QHH17-N1_bin.99.purify_k141_422250_6(Fam_9455 [★Target]) --> QHH17-N1_bin.99.purify_k141_422250_7(Fam_11835 [★Target])
"(10199, 12494)",2,[12494],NMC-S-8-N1_bin.70.purify_k141_2243632,NMC-S-8-N1_bin.70.purify_k141_2243632_9400-10091,NMC-S-8-N1_bin.70.purify_k141_2243632_7(Fam_12494 [★Target]) --> NMC-S-8-N1_bin.70.purify_k141_2243632_8(Fam_10199 [★Target])
"(10199, 12494)",2,[12494],YZYC-20S-2-N1_bin.6.purify_k141_1209229,YZYC-20S-2-N1_bin.6.purify_k141_1209229_4402-5093,YZYC-20S-2-N1_bin.6.purify_k141_1209229_6(Fam_12494 [★Target]) --> YZYC-20S-2-N1_bin.6.purify_k141_1209229_7(Fam_10199 [★Target])
"(10199, 12494)",2,[12494],CC-20S-2-N1_bin.30.purify_k141_2001855,CC-20S-2-N1_bin.30.purify_k141_2001855_3269-5009,CC-20S-2-N1_bin.30.purify_k141_2001855_5(Fam_4152) --> CC-20S-2-N1_bin.30.purify_k141_2001855_6(Fam_10199 [★Target]) --> CC-20S-2-N1_bin.30.purify_k141_2001855_7(Fam_12494 [★Target])
"(10271, 12060)",2,[12060],202106QH-W9-N1_bin.83.purify_k141_2281858,202106QH-W9-N1_bin.83.purify_k141_2281858_11442-12308,202106QH-W9-N1_bin.83.purify_k141_2281858_13(Fam_12060 [★Target]) --> 202106QH-W9-N1_bin.83.purify_k141_2281858_14(Fam_10271 [★Target])
"(10271, 12060)",2,[12060],SLC-S-7-N1_bin.171.purify_k141_454577,SLC-S-7-N1_bin.171.purify_k141_454577_664-1532,SLC-S-7-N1_bin.171.purify_k141_454577_2(Fam_10271 [★Target]) --> SLC-S-7-N1_bin.171.purify_k141_454577_3(Fam_12060 [★Target])
"(1323, 4373)",2,[1323],202106QH-W9-N1_bin.84.purify_k141_1601613,202106QH-W9-N1_bin.84.purify_k141_1601613_2006-4866,202106QH-W9-N1_bin.84.purify_k141_1601613_2(Fam_4373 [★Target]) --> 202106QH-W9-N1_bin.84.purify_k141_1601613_3(Fam_1323 [★Target])
"(1323, 4373)",2,[1323],PC-20S-2-N1_bin.26.purify_k141_1512927,PC-20S-2-N1_bin.26.purify_k141_1512927_1-2183,PC-20S-2-N1_bin.26.purify_k141_1512927_1(Fam_1323 [★Target]) --> PC-20S-2-N1_bin.26.purify_k141_1512927_2(Fam_4373 [★Target])
"(1323, 4373)",2,[1323],PC-20S-3-N1_bin.105.purify_k141_809266,PC-20S-3-N1_bin.105.purify_k141_809266_149-3505,PC-20S-3-N1_bin.105.purify_k141_809266_2(Fam_9682) --> PC-20S-3-N1_bin.105.purify_k141_809266_3(Fam_1323 [★Target]) --> PC-20S-3-N1_bin.105.purify_k141_809266_4(Fam_4373 [★Target])
"(11513, 11939)",2,[11513],202106QH-W19-N1_bin.38.purify_k141_2876281,202106QH-W19-N1_bin.38.purify_k141_2876281_3-765,202106QH-W19-N1_bin.38.purify_k141_2876281_1(Fam_11939 [★Target]) --> 202106QH-W19-N1_bin.38.purify_k141_2876281_2(Fam_11513 [★Target])
"(11513, 11939)",2,[11513],QHH7-N1_bin.254.purify_k141_2590525,QHH7-N1_bin.254.purify_k141_2590525_1-688,QHH7-N1_bin.254.purify_k141_2590525_1(Fam_11939 [★Target]) --> QHH7-N1_bin.254.purify_k141_2590525_2(Fam_11513 [★Target])
"(12196, 12396)",2,[12396],202106QH-W19-N1_bin.319.purify_k141_1871815,202106QH-W19-N1_bin.319.purify_k141_1871815_797-1299,202106QH-W19-N1_bin.319.purify_k141_1871815_2(Fam_12396 [★Target]) --> 202106QH-W19-N1_bin.319.purify_k141_1871815_3(Fam_12196 [★Target])
"(12196, 12396)",2,[12396],JC-20S-3-N1_bin.87.purify_k141_1508718,JC-20S-3-N1_bin.87.purify_k141_1508718_722-1224,JC-20S-3-N1_bin.87.purify_k141_1508718_3(Fam_12196 [★Target]) --> JC-20S-3-N1_bin.87.purify_k141_1508718_4(Fam_12396 [★Target])
"(3024, 5560)",2,[3024],202106QH-W19-N1_bin.309.purify_k141_1431135,202106QH-W19-N1_bin.309.purify_k141_1431135_6044-8135,202106QH-W19-N1_bin.309.purify_k141_1431135_5(Fam_3024 [★Target]) --> 202106QH-W19-N1_bin.309.purify_k141_1431135_6(Fam_5560 [★Target])
"(3024, 5560)",2,[3024],202106QH-W19-N1_bin.88.purify_k141_411266,202106QH-W19-N1_bin.88.purify_k141_411266_416-2514,202106QH-W19-N1_bin.88.purify_k141_411266_2(Fam_3024 [★Target]) --> 202106QH-W19-N1_bin.88.purify_k141_411266_3(Fam_5560 [★Target])
"(1773, 2121)",2,[2121],BGBMC-20S-1-N1_bin.141.purify_k141_581728,BGBMC-20S-1-N1_bin.141.purify_k141_581728_5714-8820,BGBMC-20S-1-N1_bin.141.purify_k141_581728_8(Fam_2121 [★Target]) --> BGBMC-20S-1-N1_bin.141.purify_k141_581728_9(Fam_1773 [★Target])
"(1773, 2121)",2,[2121],QHH7-N1_bin.17.purify_k141_151717,QHH7-N1_bin.17.purify_k141_151717_1728-4756,QHH7-N1_bin.17.purify_k141_151717_3(Fam_1773 [★Target]) --> QHH7-N1_bin.17.purify_k141_151717_4(Fam_2121 [★Target])
"(6833, 8074)",2,[6833],QHH8-N1_bin.147.purify_k141_1688155,QHH8-N1_bin.147.purify_k141_1688155_2681-4068,QHH8-N1_bin.147.purify_k141_1688155_4(Fam_8074 [★Target]) --> QHH8-N1_bin.147.purify_k141_1688155_5(Fam_6833 [★Target])
"(6833, 8074)",2,[6833],QJH-N1_bin.48.purify_k141_1345521,QJH-N1_bin.48.purify_k141_1345521_12744-14140,QJH-N1_bin.48.purify_k141_1345521_9(Fam_6833 [★Target]) --> QJH-N1_bin.48.purify_k141_1345521_10(Fam_8074 [★Target])
"(6558, 8390)",2,[8390],202106QH-W19-N1_bin.257.purify_k141_1995582,202106QH-W19-N1_bin.257.purify_k141_1995582_11175-12561,202106QH-W19-N1_bin.257.purify_k141_1995582_17(Fam_6558 [★Target]) --> 202106QH-W19-N1_bin.257.purify_k141_1995582_18(Fam_8390 [★Target])
"(6558, 8390)",2,[8390],BMC20S-N1-N1_bin.156.purify_k141_332687,BMC20S-N1-N1_bin.156.purify_k141_332687_9768-11186,BMC20S-N1-N1_bin.156.purify_k141_332687_11(Fam_6558 [★Target]) --> BMC20S-N1-N1_bin.156.purify_k141_332687_12(Fam_8390 [★Target])
"(2878, 8912)",2,[8912],BGBMC-20S-1-N1_bin.135.purify_k141_1740712,BGBMC-20S-1-N1_bin.135.purify_k141_1740712_6749-8520,BGBMC-20S-1-N1_bin.135.purify_k141_1740712_4(Fam_8912 [★Target]) --> BGBMC-20S-1-N1_bin.135.purify_k141_1740712_5(Fam_2878 [★Target])
"(2878, 8912)",2,[8912],YM-3-34.9m-N1_bin.69.purify_k141_2559715,YM-3-34.9m-N1_bin.69.purify_k141_2559715_6774-8545,YM-3-34.9m-N1_bin.69.purify_k141_2559715_4(Fam_8912 [★Target]) --> YM-3-34.9m-N1_bin.69.purify_k141_2559715_5(Fam_2878 [★Target])
"(377, 2727)",2,[2727],202106QH-W19-N1_bin.213.purify_k141_3322282,202106QH-W19-N1_bin.213.purify_k141_3322282_926-4380,202106QH-W19-N1_bin.213.purify_k141_3322282_3(Fam_2727 [★Target]) --> 202106QH-W19-N1_bin.213.purify_k141_3322282_4(Fam_377 [★Target])
"(377, 2727)",2,[2727],YZYC-20S-5-N1_bin.79.purify_k141_2405823,YZYC-20S-5-N1_bin.79.purify_k141_2405823_974-6308,YZYC-20S-5-N1_bin.79.purify_k141_2405823_3(Fam_377 [★Target]) --> YZYC-20S-5-N1_bin.79.purify_k141_2405823_5(Fam_2727 [★Target])
"(184, 3266)",2,[3266],202106QH-W18-N1_bin.291.purify_k141_811291,202106QH-W18-N1_bin.291.purify_k141_811291_3-4312,202106QH-W18-N1_bin.291.purify_k141_811291_1(Fam_3266 [★Target]) --> 202106QH-W18-N1_bin.291.purify_k141_811291_2(Fam_184 [★Target])
"(184, 3266)",2,[3266],JC-20S-3-N1_bin.148.purify_k141_1031200,JC-20S-3-N1_bin.148.purify_k141_1031200_18423-21754,JC-20S-3-N1_bin.148.purify_k141_1031200_15(Fam_3266 [★Target]) --> JC-20S-3-N1_bin.148.purify_k141_1031200_16(Fam_184 [★Target])
"(2127, 2314)",2,[2314],NMC-S-7-N1_bin.174.purify_k141_553750,NMC-S-7-N1_bin.174.purify_k141_553750_3203-6240,NMC-S-7-N1_bin.174.purify_k141_553750_6(Fam_2127 [★Target]) --> NMC-S-7-N1_bin.174.purify_k141_553750_7(Fam_2314 [★Target])
"(2127, 2314)",2,[2314],YZYC-20S-1-N1_bin.90.purify_k141_1870129,YZYC-20S-1-N1_bin.90.purify_k141_1870129_2777-5757,YZYC-20S-1-N1_bin.90.purify_k141_1870129_6(Fam_2127 [★Target]) --> YZYC-20S-1-N1_bin.90.purify_k141_1870129_7(Fam_2314 [★Target])
"(5488, 7057)",2,[5488],NMC-S-7-N1_bin.153.purify_k141_1641143,NMC-S-7-N1_bin.153.purify_k141_1641143_1674-3189,NMC-S-7-N1_bin.153.purify_k141_1641143_5(Fam_5488 [★Target]) --> NMC-S-7-N1_bin.153.purify_k141_1641143_6(Fam_7057 [★Target])
"(5488, 7057)",2,[5488],YZYC-20S-1-N1_bin.214.purify_k141_888462,YZYC-20S-1-N1_bin.214.purify_k141_888462_1758-3273,YZYC-20S-1-N1_bin.214.purify_k141_888462_5(Fam_5488 [★Target]) --> YZYC-20S-1-N1_bin.214.purify_k141_888462_6(Fam_7057 [★Target])
"(1925, 5557)",2,[1925],202106QH-W18-N1_bin.185.purify_k141_203621,202106QH-W18-N1_bin.185.purify_k141_203621_1100-3547,202106QH-W18-N1_bin.185.purify_k141_203621_2(Fam_5557 [★Target]) --> 202106QH-W18-N1_bin.185.purify_k141_203621_3(Fam_1925 [★Target])
"(1925, 5557)",2,[1925],202106QH-W25-N1_bin.6.purify_k141_470562,202106QH-W25-N1_bin.6.purify_k141_470562_3182-5629,202106QH-W25-N1_bin.6.purify_k141_470562_2(Fam_5557 [★Target]) --> 202106QH-W25-N1_bin.6.purify_k141_470562_3(Fam_1925 [★Target])
"(1881, 6413)",2,[6413],BGBMC-20S-1-N1_bin.50.purify_k141_1073959,BGBMC-20S-1-N1_bin.50.purify_k141_1073959_1-2304,BGBMC-20S-1-N1_bin.50.purify_k141_1073959_1(Fam_1881 [★Target]) --> BGBMC-20S-1-N1_bin.50.purify_k141_1073959_2(Fam_6413 [★Target])
"(1881, 6413)",2,[6413],BGBMC-20S-2-N1_bin.241.purify_k141_2457789,BGBMC-20S-2-N1_bin.241.purify_k141_2457789_2291-3853,BGBMC-20S-2-N1_bin.241.purify_k141_2457789_2(Fam_6413 [★Target]) --> BGBMC-20S-2-N1_bin.241.purify_k141_2457789_3(Fam_1881 [★Target])
"(4623, 6582)",2,"[4623, 6582]",202106QH-W18-N1_bin.14.purify_k141_46665,202106QH-W18-N1_bin.14.purify_k141_46665_5535-7306,202106QH-W18-N1_bin.14.purify_k141_46665_5(Fam_4623 [★Target]) --> 202106QH-W18-N1_bin.14.purify_k141_46665_6(Fam_6582 [★Target])
"(4623, 6582)",2,"[4623, 6582]",202106QH-W37-N1_bin.59.purify_k141_1358969,202106QH-W37-N1_bin.59.purify_k141_1358969_5435-7164,202106QH-W37-N1_bin.59.purify_k141_1358969_8(Fam_6582 [★Target]) --> 202106QH-W37-N1_bin.59.purify_k141_1358969_9(Fam_4623 [★Target])
"(2400, 3706)",2,[3706],202106QH-W17-N1_bin.79.purify_k141_640453,202106QH-W17-N1_bin.79.purify_k141_640453_938-3363,202106QH-W17-N1_bin.79.purify_k141_640453_3(Fam_3706 [★Target]) --> 202106QH-W17-N1_bin.79.purify_k141_640453_4(Fam_2400 [★Target])
"(2400, 3706)",2,[3706],YZYC-20S-8-N1_bin.125.purify_k141_664454,YZYC-20S-8-N1_bin.125.purify_k141_664454_1000-3425,YZYC-20S-8-N1_bin.125.purify_k141_664454_3(Fam_3706 [★Target]) --> YZYC-20S-8-N1_bin.125.purify_k141_664454_4(Fam_2400 [★Target])
"(259, 1468)",2,[259],202106QH-W17-N1_bin.79.purify_k141_1508968,202106QH-W17-N1_bin.79.purify_k141_1508968_2-3450,202106QH-W17-N1_bin.79.purify_k141_1508968_1(Fam_259 [★Target]) --> 202106QH-W17-N1_bin.79.purify_k141_1508968_2(Fam_1468 [★Target])
"(259, 1468)",2,[259],202106QH-W32-N1_bin.119.purify_k141_477848,202106QH-W32-N1_bin.119.purify_k141_477848_1-3602,202106QH-W32-N1_bin.119.purify_k141_477848_1(Fam_259 [★Target]) --> 202106QH-W32-N1_bin.119.purify_k141_477848_2(Fam_1468 [★Target])
"(2339, 7454)",2,[7454],202106QH-W17-N1_bin.55.purify_k141_582399,202106QH-W17-N1_bin.55.purify_k141_582399_203-2250,202106QH-W17-N1_bin.55.purify_k141_582399_1(Fam_7454 [★Target]) --> 202106QH-W17-N1_bin.55.purify_k141_582399_2(Fam_2339 [★Target])
"(2339, 7454)",2,[7454],BGBMC-20S-3-N1_bin.160.purify_k141_1079434,BGBMC-20S-3-N1_bin.160.purify_k141_1079434_407-2462,BGBMC-20S-3-N1_bin.160.purify_k141_1079434_2(Fam_2339 [★Target]) --> BGBMC-20S-3-N1_bin.160.purify_k141_1079434_3(Fam_7454 [★Target])
"(2356, 9442)",2,[2356],BGBMC-20S-1-N1_bin.57.purify_k141_110234,BGBMC-20S-1-N1_bin.57.purify_k141_110234_4207-6139,BGBMC-20S-1-N1_bin.57.purify_k141_110234_6(Fam_2356 [★Target]) --> BGBMC-20S-1-N1_bin.57.purify_k141_110234_7(Fam_9442 [★Target])
"(2356, 9442)",2,[2356],BGBMC-20S-2-N1_bin.106.purify_k141_1993767,BGBMC-20S-2-N1_bin.106.purify_k141_1993767_1319-3251,BGBMC-20S-2-N1_bin.106.purify_k141_1993767_3(Fam_9442 [★Target]) --> BGBMC-20S-2-N1_bin.106.purify_k141_1993767_4(Fam_2356 [★Target])
"(8565, 11529)",2,[8565],BGBMC-20S-1-N1_bin.67.purify_k141_1256733,BGBMC-20S-1-N1_bin.67.purify_k141_1256733_509-1633,BGBMC-20S-1-N1_bin.67.purify_k141_1256733_1(Fam_8565 [★Target]) --> BGBMC-20S-1-N1_bin.67.purify_k141_1256733_2(Fam_11529 [★Target])
"(8565, 11529)",2,[8565],JC-20S-3-N1_bin.176.purify_k141_498075,JC-20S-3-N1_bin.176.purify_k141_498075_831-1808,JC-20S-3-N1_bin.176.purify_k141_498075_2(Fam_11529 [★Target]) --> JC-20S-3-N1_bin.176.purify_k141_498075_3(Fam_8565 [★Target])
"(894, 2879, 5801)",2,[5801],NMC-S-8-N1_bin.125.purify_k141_167827,NMC-S-8-N1_bin.125.purify_k141_167827_2965-8770,NMC-S-8-N1_bin.125.purify_k141_167827_9(Fam_894 [★Target]) --> NMC-S-8-N1_bin.125.purify_k141_167827_11(Fam_2879 [★Target]) --> NMC-S-8-N1_bin.125.purify_k141_167827_12(Fam_5801 [★Target])
"(894, 2879, 5801)",2,[5801],YZYC-20S-1-N1_bin.55.purify_k141_123393,YZYC-20S-1-N1_bin.55.purify_k141_123393_3785-9590,YZYC-20S-1-N1_bin.55.purify_k141_123393_6(Fam_5801 [★Target]) --> YZYC-20S-1-N1_bin.55.purify_k141_123393_7(Fam_2879 [★Target]) --> YZYC-20S-1-N1_bin.55.purify_k141_123393_8(Fam_2267) --> YZYC-20S-1-N1_bin.55.purify_k141_123393_9(Fam_894 [★Target])
"(894, 2879, 5801)",2,[5801],YZYC-20S-2-N1_bin.96.purify_k141_1292670,YZYC-20S-2-N1_bin.96.purify_k141_1292670_3359-9164,YZYC-20S-2-N1_bin.96.purify_k141_1292670_9(Fam_894 [★Target]) --> YZYC-20S-2-N1_bin.96.purify_k141_1292670_11(Fam_2879 [★Target]) --> YZYC-20S-2-N1_bin.96.purify_k141_1292670_12(Fam_5801 [★Target])
"(477, 10009)",2,[477],202106QH-W18-N1_bin.60.purify_k141_2658343,202106QH-W18-N1_bin.60.purify_k141_2658343_1-3619,202106QH-W18-N1_bin.60.purify_k141_2658343_1(Fam_10009 [★Target]) --> 202106QH-W18-N1_bin.60.purify_k141_2658343_3(Fam_477 [★Target])
"(477, 10009)",2,[477],JC-20S-3-N1_bin.107.purify_k141_1688808,JC-20S-3-N1_bin.107.purify_k141_1688808_1100-5266,JC-20S-3-N1_bin.107.purify_k141_1688808_2(Fam_477 [★Target]) --> JC-20S-3-N1_bin.107.purify_k141_1688808_4(Fam_10009 [★Target])
"(9663, 10329)",2,[10329],202106QH-W18-N1_bin.58.purify_k141_1823063,202106QH-W18-N1_bin.58.purify_k141_1823063_1713-2647,202106QH-W18-N1_bin.58.purify_k141_1823063_4(Fam_10329 [★Target]) --> 202106QH-W18-N1_bin.58.purify_k141_1823063_5(Fam_9663 [★Target])
"(9663, 10329)",2,[10329],202106QH-W19-N1_bin.275.purify_k141_155449,202106QH-W19-N1_bin.275.purify_k141_155449_943-1877,202106QH-W19-N1_bin.275.purify_k141_155449_3(Fam_10329 [★Target]) --> 202106QH-W19-N1_bin.275.purify_k141_155449_4(Fam_9663 [★Target])
"(7428, 9145)",2,[7428],202106QH-W18-N1_bin.52.purify_k141_5044498,202106QH-W18-N1_bin.52.purify_k141_5044498_565-1799,202106QH-W18-N1_bin.52.purify_k141_5044498_3(Fam_7428 [★Target]) --> 202106QH-W18-N1_bin.52.purify_k141_5044498_4(Fam_9145 [★Target])
"(7428, 9145)",2,[7428],202106QH-W36-N1_bin.7.purify_k141_1213463,202106QH-W36-N1_bin.7.purify_k141_1213463_13082-13994,202106QH-W36-N1_bin.7.purify_k141_1213463_19(Fam_7428 [★Target]) --> 202106QH-W36-N1_bin.7.purify_k141_1213463_20(Fam_9145 [★Target])
"(2568, 8144)",2,[8144],NMC-S-7-N1_bin.48.purify_k141_2354983,NMC-S-7-N1_bin.48.purify_k141_2354983_1214-3185,NMC-S-7-N1_bin.48.purify_k141_2354983_3(Fam_2568 [★Target]) --> NMC-S-7-N1_bin.48.purify_k141_2354983_4(Fam_8144 [★Target])
"(2568, 8144)",2,[8144],NMC-S-8-N1_bin.83.purify_k141_933316,NMC-S-8-N1_bin.83.purify_k141_933316_5625-7596,NMC-S-8-N1_bin.83.purify_k141_933316_7(Fam_8144 [★Target]) --> NMC-S-8-N1_bin.83.purify_k141_933316_8(Fam_2568 [★Target])
"(11129, 12291)",2,[12291],BGBMC-20S-2-N1_bin.105.purify_k141_1017872,BGBMC-20S-2-N1_bin.105.purify_k141_1017872_8768-9363,BGBMC-20S-2-N1_bin.105.purify_k141_1017872_7(Fam_11129 [★Target]) --> BGBMC-20S-2-N1_bin.105.purify_k141_1017872_8(Fam_12291 [★Target])
"(11129, 12291)",2,[12291],BGBMC-20S-3-N1_bin.98.purify_k141_477268,BGBMC-20S-3-N1_bin.98.purify_k141_477268_31333-31928,BGBMC-20S-3-N1_bin.98.purify_k141_477268_25(Fam_12291 [★Target]) --> BGBMC-20S-3-N1_bin.98.purify_k141_477268_26(Fam_11129 [★Target])
"(11600, 12755)",2,[11600],BGBMC-20S-2-N1_bin.105.purify_k141_1130043,BGBMC-20S-2-N1_bin.105.purify_k141_1130043_13874-14545,BGBMC-20S-2-N1_bin.105.purify_k141_1130043_19(Fam_11600 [★Target]) --> BGBMC-20S-2-N1_bin.105.purify_k141_1130043_20(Fam_12755 [★Target])
"(11600, 12755)",2,[11600],BGBMC-20S-3-N1_bin.98.purify_k141_1982165,BGBMC-20S-3-N1_bin.98.purify_k141_1982165_24168-24839,BGBMC-20S-3-N1_bin.98.purify_k141_1982165_27(Fam_11600 [★Target]) --> BGBMC-20S-3-N1_bin.98.purify_k141_1982165_28(Fam_12755 [★Target])
"(5837, 10669)",2,[5837],SLC-S-3-N1_bin.106.purify_k141_2244680,SLC-S-3-N1_bin.106.purify_k141_2244680_3-1334,SLC-S-3-N1_bin.106.purify_k141_2244680_1(Fam_5837 [★Target]) --> SLC-S-3-N1_bin.106.purify_k141_2244680_2(Fam_10669 [★Target])
"(5837, 10669)",2,[5837],TMRSD2-N1_bin.58.purify_k141_2879633,TMRSD2-N1_bin.58.purify_k141_2879633_1-1291,TMRSD2-N1_bin.58.purify_k141_2879633_1(Fam_5837 [★Target]) --> TMRSD2-N1_bin.58.purify_k141_2879633_2(Fam_10669 [★Target])
"(8036, 9917)",2,[9917],BGBMC-20S-2-N1_bin.110.purify_k141_1165965,BGBMC-20S-2-N1_bin.110.purify_k141_1165965_1299-2437,BGBMC-20S-2-N1_bin.110.purify_k141_1165965_3(Fam_8036 [★Target]) --> BGBMC-20S-2-N1_bin.110.purify_k141_1165965_4(Fam_9917 [★Target])
"(8036, 9917)",2,[9917],BGBMC-20S-3-N1_bin.43.purify_k141_626119,BGBMC-20S-3-N1_bin.43.purify_k141_626119_2044-3101,BGBMC-20S-3-N1_bin.43.purify_k141_626119_4(Fam_8036 [★Target]) --> BGBMC-20S-3-N1_bin.43.purify_k141_626119_5(Fam_9917 [★Target])
"(1764, 9844)",2,[9844],202106QH-W18-N1_bin.325.purify_k141_1136692,202106QH-W18-N1_bin.325.purify_k141_1136692_1-2080,202106QH-W18-N1_bin.325.purify_k141_1136692_1(Fam_9844 [★Target]) --> 202106QH-W18-N1_bin.325.purify_k141_1136692_2(Fam_1764 [★Target])
"(1764, 9844)",2,[9844],JC-20S-3-N1_bin.181.purify_k141_520154,JC-20S-3-N1_bin.181.purify_k141_520154_2-1832,JC-20S-3-N1_bin.181.purify_k141_520154_1(Fam_9844 [★Target]) --> JC-20S-3-N1_bin.181.purify_k141_520154_2(Fam_1764 [★Target])
"(2978, 3905)",2,[2978],BGBMC-20S-2-N1_bin.110.purify_k141_371995,BGBMC-20S-2-N1_bin.110.purify_k141_371995_734-3218,BGBMC-20S-2-N1_bin.110.purify_k141_371995_1(Fam_3905 [★Target]) --> BGBMC-20S-2-N1_bin.110.purify_k141_371995_2(Fam_2978 [★Target])
"(2978, 3905)",2,[2978],PC-20S-4-N1_bin.128.purify_k141_457531,PC-20S-4-N1_bin.128.purify_k141_457531_3149-5633,PC-20S-4-N1_bin.128.purify_k141_457531_5(Fam_3905 [★Target]) --> PC-20S-4-N1_bin.128.purify_k141_457531_6(Fam_2978 [★Target])
"(788, 8698)",2,[8698],NMC-S-7-N1_bin.52.purify_k141_568427,NMC-S-7-N1_bin.52.purify_k141_568427_143-2593,NMC-S-7-N1_bin.52.purify_k141_568427_1(Fam_788 [★Target]) --> NMC-S-7-N1_bin.52.purify_k141_568427_2(Fam_8698 [★Target])
"(788, 8698)",2,[8698],NMC-S-7-N1_bin.52.purify_k141_1919015,NMC-S-7-N1_bin.52.purify_k141_1919015_1354-4278,NMC-S-7-N1_bin.52.purify_k141_1919015_2(Fam_788 [★Target]) --> NMC-S-7-N1_bin.52.purify_k141_1919015_3(Fam_8698 [★Target])
"(6424, 7530)",2,[6424],NMC-S-7-N1_bin.92.purify_k141_938979,NMC-S-7-N1_bin.92.purify_k141_938979_3-1768,NMC-S-7-N1_bin.92.purify_k141_938979_1(Fam_6424 [★Target]) --> NMC-S-7-N1_bin.92.purify_k141_938979_2(Fam_7530 [★Target])
"(6424, 7530)",2,[6424],NMC-S-8-N1_bin.234.purify_k141_2280478,NMC-S-8-N1_bin.234.purify_k141_2280478_840-2736,NMC-S-8-N1_bin.234.purify_k141_2280478_3(Fam_7530 [★Target]) --> NMC-S-8-N1_bin.234.purify_k141_2280478_4(Fam_6424 [★Target])
"(4200, 9539)",2,[4200],202104TB-W32-N1_bin.63.purify_k141_440692,202104TB-W32-N1_bin.63.purify_k141_440692_7209-8735,202104TB-W32-N1_bin.63.purify_k141_440692_7(Fam_4200 [★Target]) --> 202104TB-W32-N1_bin.63.purify_k141_440692_8(Fam_9539 [★Target])
"(4200, 9539)",2,[4200],202106QH-W17-N1_bin.148.purify_k141_2311192,202106QH-W17-N1_bin.148.purify_k141_2311192_2737-4351,202106QH-W17-N1_bin.148.purify_k141_2311192_4(Fam_9539 [★Target]) --> 202106QH-W17-N1_bin.148.purify_k141_2311192_5(Fam_4200 [★Target])
"(11453, 12011)",2,[11453],CE-D-S-N1_bin.124.purify_k141_66424,CE-D-S-N1_bin.124.purify_k141_66424_11057-11645,CE-D-S-N1_bin.124.purify_k141_66424_8(Fam_12011 [★Target]) --> CE-D-S-N1_bin.124.purify_k141_66424_9(Fam_11453 [★Target])
"(11453, 12011)",2,[11453],PC-20S-1-N1_bin.49.purify_k141_951382,PC-20S-1-N1_bin.49.purify_k141_951382_6135-6723,PC-20S-1-N1_bin.49.purify_k141_951382_5(Fam_12011 [★Target]) --> PC-20S-1-N1_bin.49.purify_k141_951382_6(Fam_11453 [★Target])
"(5983, 8030)",2,[5983],202104TB-W32-N1_bin.79.purify_k141_550477,202104TB-W32-N1_bin.79.purify_k141_550477_555-1902,202104TB-W32-N1_bin.79.purify_k141_550477_2(Fam_5983 [★Target]) --> 202104TB-W32-N1_bin.79.purify_k141_550477_3(Fam_8030 [★Target])
"(5983, 8030)",2,[5983],SLC-S-3-N1_bin.281.purify_k141_1380518,SLC-S-3-N1_bin.281.purify_k141_1380518_1240-2728,SLC-S-3-N1_bin.281.purify_k141_1380518_3(Fam_5983 [★Target]) --> SLC-S-3-N1_bin.281.purify_k141_1380518_4(Fam_8030 [★Target])
"(8164, 8902)",2,"[8164, 8902]",202104TB-W32-N1_bin.94.purify_k141_446379,202104TB-W32-N1_bin.94.purify_k141_446379_965-2224,202104TB-W32-N1_bin.94.purify_k141_446379_3(Fam_8164 [★Target]) --> 202104TB-W32-N1_bin.94.purify_k141_446379_4(Fam_8902 [★Target])
"(8164, 8902)",2,"[8164, 8902]",YM-S-27.0m-N1_bin.112.purify_k141_369823,YM-S-27.0m-N1_bin.112.purify_k141_369823_2436-3653,YM-S-27.0m-N1_bin.112.purify_k141_369823_5(Fam_8164 [★Target]) --> YM-S-27.0m-N1_bin.112.purify_k141_369823_6(Fam_8902 [★Target])
"(1661, 9352)",2,"[1661, 9352]",CE-D-S-N1_bin.107.purify_k141_1683874,CE-D-S-N1_bin.107.purify_k141_1683874_2-2252,CE-D-S-N1_bin.107.purify_k141_1683874_1(Fam_9352 [★Target]) --> CE-D-S-N1_bin.107.purify_k141_1683874_2(Fam_1661 [★Target])
"(1661, 9352)",2,"[1661, 9352]",PC-20S-4-N1_bin.70.purify_k141_111567,PC-20S-4-N1_bin.70.purify_k141_111567_1-2263,PC-20S-4-N1_bin.70.purify_k141_111567_1(Fam_9352 [★Target]) --> PC-20S-4-N1_bin.70.purify_k141_111567_2(Fam_1661 [★Target])
"(1227, 5286)",2,[1227],CE-D-S-N1_bin.103.purify_k141_26405,CE-D-S-N1_bin.103.purify_k141_26405_22534-25342,CE-D-S-N1_bin.103.purify_k141_26405_23(Fam_1227 [★Target]) --> CE-D-S-N1_bin.103.purify_k141_26405_24(Fam_5286 [★Target])
"(1227, 5286)",2,[1227],PC-20S-3-N1_bin.23.purify_k141_773035,PC-20S-3-N1_bin.23.purify_k141_773035_6600-9408,PC-20S-3-N1_bin.23.purify_k141_773035_10(Fam_5286 [★Target]) --> PC-20S-3-N1_bin.23.purify_k141_773035_11(Fam_1227 [★Target])
"(10109, 11811)",2,[11811],202104TB-W33-N1_bin.114.purify_k141_1486386,202104TB-W33-N1_bin.114.purify_k141_1486386_1-673,202104TB-W33-N1_bin.114.purify_k141_1486386_1(Fam_11811 [★Target]) --> 202104TB-W33-N1_bin.114.purify_k141_1486386_2(Fam_10109 [★Target])
"(10109, 11811)",2,[11811],202104TB-W34-N1_bin.162.purify_k141_2106537,202104TB-W34-N1_bin.162.purify_k141_2106537_1483-2260,202104TB-W34-N1_bin.162.purify_k141_2106537_3(Fam_10109 [★Target]) --> 202104TB-W34-N1_bin.162.purify_k141_2106537_4(Fam_11811 [★Target])
"(3597, 10731)",2,[10731],YZYC-20S-5-N1_bin.2.purify_k141_40062,YZYC-20S-5-N1_bin.2.purify_k141_40062_653-2388,YZYC-20S-5-N1_bin.2.purify_k141_40062_3(Fam_3597 [★Target]) --> YZYC-20S-5-N1_bin.2.purify_k141_40062_4(Fam_10731 [★Target])
"(3597, 10731)",2,[10731],ZJ-S-N13.9m-N2_bin.50.purify_k141_163967,ZJ-S-N13.9m-N2_bin.50.purify_k141_163967_1348-3083,ZJ-S-N13.9m-N2_bin.50.purify_k141_163967_5(Fam_3597 [★Target]) --> ZJ-S-N13.9m-N2_bin.50.purify_k141_163967_6(Fam_10731 [★Target])
"(897, 9071)",2,[9071],202104TB-W33-N1_bin.137.purify_k141_760845,202104TB-W33-N1_bin.137.purify_k141_760845_2759-5215,202104TB-W33-N1_bin.137.purify_k141_760845_6(Fam_9071 [★Target]) --> 202104TB-W33-N1_bin.137.purify_k141_760845_7(Fam_897 [★Target])
"(897, 9071)",2,[9071],YM-S-27.0m-N1_bin.116.purify_k141_1285841,YM-S-27.0m-N1_bin.116.purify_k141_1285841_2797-5193,YM-S-27.0m-N1_bin.116.purify_k141_1285841_6(Fam_9071 [★Target]) --> YM-S-27.0m-N1_bin.116.purify_k141_1285841_7(Fam_897 [★Target])
"(4151, 11663)",2,[11663],202104TB-W33-N1_bin.145.purify_k141_351926,202104TB-W33-N1_bin.145.purify_k141_351926_4735-6158,202104TB-W33-N1_bin.145.purify_k141_351926_6(Fam_11663 [★Target]) --> 202104TB-W33-N1_bin.145.purify_k141_351926_7(Fam_4151 [★Target])
"(4151, 11663)",2,[11663],202104TB-W37-N1_bin.10.purify_k141_1566972,202104TB-W37-N1_bin.10.purify_k141_1566972_4670-6093,202104TB-W37-N1_bin.10.purify_k141_1566972_5(Fam_11663 [★Target]) --> 202104TB-W37-N1_bin.10.purify_k141_1566972_6(Fam_4151 [★Target])
"(458, 2457)",2,[2457],JC-20S-2-N1_bin.61.purify_k141_216006,JC-20S-2-N1_bin.61.purify_k141_216006_3562-7952,JC-20S-2-N1_bin.61.purify_k141_216006_5(Fam_458 [★Target]) --> JC-20S-2-N1_bin.61.purify_k141_216006_6(Fam_2457 [★Target])
"(458, 2457)",2,[2457],JC-20S-3-N1_bin.154.purify_k141_1950350,JC-20S-3-N1_bin.154.purify_k141_1950350_3738-8128,JC-20S-3-N1_bin.154.purify_k141_1950350_6(Fam_458 [★Target]) --> JC-20S-3-N1_bin.154.purify_k141_1950350_7(Fam_2457 [★Target])
"(9468, 11624)",2,[9468],202104TB-W33-N1_bin.32.purify_k141_418741,202104TB-W33-N1_bin.32.purify_k141_418741_6297-7230,202104TB-W33-N1_bin.32.purify_k141_418741_6(Fam_11624 [★Target]) --> 202104TB-W33-N1_bin.32.purify_k141_418741_7(Fam_9468 [★Target])
"(9468, 11624)",2,[9468],CE-D-S-28.1m-N2_bin.8.purify_k141_845381,CE-D-S-28.1m-N2_bin.8.purify_k141_845381_6439-7372,CE-D-S-28.1m-N2_bin.8.purify_k141_845381_6(Fam_11624 [★Target]) --> CE-D-S-28.1m-N2_bin.8.purify_k141_845381_7(Fam_9468 [★Target])
"(2064, 4734)",2,"[2064, 4734]",CE-20S-2-N1_bin.56.purify_k141_161178,CE-20S-2-N1_bin.56.purify_k141_161178_196-2688,CE-20S-2-N1_bin.56.purify_k141_161178_2(Fam_4734 [★Target]) --> CE-20S-2-N1_bin.56.purify_k141_161178_3(Fam_2064 [★Target])
"(2064, 4734)",2,"[2064, 4734]",CE-20S-3-N1_bin.120.purify_k141_784739,CE-20S-3-N1_bin.120.purify_k141_784739_8131-10383,CE-20S-3-N1_bin.120.purify_k141_784739_16(Fam_2064 [★Target]) --> CE-20S-3-N1_bin.120.purify_k141_784739_17(Fam_4734 [★Target])
"(10145, 10776)",2,"[10145, 10776]",CE-D-S-28.1m-N2_bin.43.purify_k141_964266,CE-D-S-28.1m-N2_bin.43.purify_k141_964266_1228-2059,CE-D-S-28.1m-N2_bin.43.purify_k141_964266_2(Fam_10776 [★Target]) --> CE-D-S-28.1m-N2_bin.43.purify_k141_964266_3(Fam_10145 [★Target])
"(10145, 10776)",2,"[10145, 10776]",CE-N-S-N1_bin.117.purify_k141_70841,CE-N-S-N1_bin.117.purify_k141_70841_1030-1900,CE-N-S-N1_bin.117.purify_k141_70841_2(Fam_10776 [★Target]) --> CE-N-S-N1_bin.117.purify_k141_70841_3(Fam_10145 [★Target])
"(2815, 4845)",2,[2815],202104TB-W70-N1_bin.169.purify_k141_1742599,202104TB-W70-N1_bin.169.purify_k141_1742599_6166-9778,202104TB-W70-N1_bin.169.purify_k141_1742599_6(Fam_6015) --> 202104TB-W70-N1_bin.169.purify_k141_1742599_7(Fam_4845 [★Target]) --> 202104TB-W70-N1_bin.169.purify_k141_1742599_8(Fam_2815 [★Target])
"(2815, 4845)",2,[2815],CE-20S-1-N1_bin.150.purify_k141_416889,CE-20S-1-N1_bin.150.purify_k141_416889_968-4580,CE-20S-1-N1_bin.150.purify_k141_416889_2(Fam_6015) --> CE-20S-1-N1_bin.150.purify_k141_416889_3(Fam_4845 [★Target]) --> CE-20S-1-N1_bin.150.purify_k141_416889_4(Fam_2815 [★Target])
"(2815, 4845)",2,[2815],CE-D-S-28.1m-N2_bin.31.purify_k141_661740,CE-D-S-28.1m-N2_bin.31.purify_k141_661740_7427-10257,CE-D-S-28.1m-N2_bin.31.purify_k141_661740_5(Fam_2815 [★Target]) --> CE-D-S-28.1m-N2_bin.31.purify_k141_661740_6(Fam_4845 [★Target])
"(2815, 4845)",2,[2815],NRPC-20S-2-N1_bin.91.purify_k141_442185,NRPC-20S-2-N1_bin.91.purify_k141_442185_7352-10182,NRPC-20S-2-N1_bin.91.purify_k141_442185_5(Fam_2815 [★Target]) --> NRPC-20S-2-N1_bin.91.purify_k141_442185_6(Fam_4845 [★Target])
"(1182, 3893)",2,[3893],202104TB-W33-N1_bin.46.purify_k141_1732826,202104TB-W33-N1_bin.46.purify_k141_1732826_1743-4776,202104TB-W33-N1_bin.46.purify_k141_1732826_4(Fam_1182 [★Target]) --> 202104TB-W33-N1_bin.46.purify_k141_1732826_5(Fam_3893 [★Target])
"(1182, 3893)",2,[3893],NMC-S-7-N1_bin.132.purify_k141_596069,NMC-S-7-N1_bin.132.purify_k141_596069_700-3799,NMC-S-7-N1_bin.132.purify_k141_596069_3(Fam_1182 [★Target]) --> NMC-S-7-N1_bin.132.purify_k141_596069_4(Fam_3893 [★Target])
"(10211, 11543)",2,"[10211, 11543]",202104TB-W33-N1_bin.54.purify_k141_1243114,202104TB-W33-N1_bin.54.purify_k141_1243114_1069-1836,202104TB-W33-N1_bin.54.purify_k141_1243114_2(Fam_10211 [★Target]) --> 202104TB-W33-N1_bin.54.purify_k141_1243114_3(Fam_11543 [★Target])
"(10211, 11543)",2,"[10211, 11543]",YM-3-34.9m-N1_bin.80.purify_k141_1682830,YM-3-34.9m-N1_bin.80.purify_k141_1682830_4878-5645,YM-3-34.9m-N1_bin.80.purify_k141_1682830_6(Fam_10211 [★Target]) --> YM-3-34.9m-N1_bin.80.purify_k141_1682830_7(Fam_11543 [★Target])
"(6059, 8836)",2,[6059],202104TB-W33-N1_bin.63.purify_k141_1439098,202104TB-W33-N1_bin.63.purify_k141_1439098_2454-3878,202104TB-W33-N1_bin.63.purify_k141_1439098_4(Fam_8836 [★Target]) --> 202104TB-W33-N1_bin.63.purify_k141_1439098_5(Fam_6059 [★Target])
"(6059, 8836)",2,[6059],PC-20S-1-N1_bin.38.purify_k141_864934,PC-20S-1-N1_bin.38.purify_k141_864934_367-1776,PC-20S-1-N1_bin.38.purify_k141_864934_2(Fam_8836 [★Target]) --> PC-20S-1-N1_bin.38.purify_k141_864934_3(Fam_6059 [★Target])
"(187, 3307)",2,[3307],202104TB-W33-N1_bin.63.purify_k141_372226,202104TB-W33-N1_bin.63.purify_k141_372226_4914-9702,202104TB-W33-N1_bin.63.purify_k141_372226_6(Fam_3307 [★Target]) --> 202104TB-W33-N1_bin.63.purify_k141_372226_7(Fam_187 [★Target])
"(187, 3307)",2,[3307],202104TB-W37-N1_bin.108.purify_k141_478499,202104TB-W37-N1_bin.108.purify_k141_478499_3523-8311,202104TB-W37-N1_bin.108.purify_k141_478499_5(Fam_3307 [★Target]) --> 202104TB-W37-N1_bin.108.purify_k141_478499_6(Fam_187 [★Target])
"(6129, 10421)",2,[10421],CE-D-S-28.1m-N2_bin.155.purify_k141_8932,CE-D-S-28.1m-N2_bin.155.purify_k141_8932_1-1455,CE-D-S-28.1m-N2_bin.155.purify_k141_8932_1(Fam_10421 [★Target]) --> CE-D-S-28.1m-N2_bin.155.purify_k141_8932_2(Fam_6129 [★Target])
"(6129, 10421)",2,[10421],CE-D-S-N1_bin.133.purify_k141_742632,CE-D-S-N1_bin.133.purify_k141_742632_3-1334,CE-D-S-N1_bin.133.purify_k141_742632_1(Fam_10421 [★Target]) --> CE-D-S-N1_bin.133.purify_k141_742632_2(Fam_6129 [★Target])
"(929, 2629)",2,[929],JC-20S-2-N1_bin.91.purify_k141_62920,JC-20S-2-N1_bin.91.purify_k141_62920_10221-13954,JC-20S-2-N1_bin.91.purify_k141_62920_11(Fam_2629 [★Target]) --> JC-20S-2-N1_bin.91.purify_k141_62920_12(Fam_929 [★Target])
"(929, 2629)",2,[929],JC-20S-3-N1_bin.43.purify_k141_1793244,JC-20S-3-N1_bin.43.purify_k141_1793244_7456-10391,JC-20S-3-N1_bin.43.purify_k141_1793244_8(Fam_2629 [★Target]) --> JC-20S-3-N1_bin.43.purify_k141_1793244_9(Fam_929 [★Target])
"(7446, 7487)",2,[7446],YZYC-20S-4-N1_bin.94.purify_k141_1097633,YZYC-20S-4-N1_bin.94.purify_k141_1097633_8539-10000,YZYC-20S-4-N1_bin.94.purify_k141_1097633_4(Fam_7487 [★Target]) --> YZYC-20S-4-N1_bin.94.purify_k141_1097633_5(Fam_7446 [★Target])
"(7446, 7487)",2,[7446],YZYC-20S-5-N1_bin.46.purify_k141_1741071,YZYC-20S-5-N1_bin.46.purify_k141_1741071_8715-10176,YZYC-20S-5-N1_bin.46.purify_k141_1741071_4(Fam_7487 [★Target]) --> YZYC-20S-5-N1_bin.46.purify_k141_1741071_5(Fam_7446 [★Target])
"(6530, 9346)",2,[9346],CE-B-S-2-N1_bin.95.purify_k141_540707,CE-B-S-2-N1_bin.95.purify_k141_540707_2516-4118,CE-B-S-2-N1_bin.95.purify_k141_540707_2(Fam_6530 [★Target]) --> CE-B-S-2-N1_bin.95.purify_k141_540707_4(Fam_9346 [★Target])
"(6530, 9346)",2,[9346],PC-20S-1-N1_bin.133.purify_k141_36938,PC-20S-1-N1_bin.133.purify_k141_36938_3674-5276,PC-20S-1-N1_bin.133.purify_k141_36938_3(Fam_6530 [★Target]) --> PC-20S-1-N1_bin.133.purify_k141_36938_5(Fam_9346 [★Target])
"(49, 1539, 3961, 6502)",2,[6502],CE-B-S-2-N1_bin.75.purify_k141_1384986,CE-B-S-2-N1_bin.75.purify_k141_1384986_5278-13386,CE-B-S-2-N1_bin.75.purify_k141_1384986_4(Fam_3961 [★Target]) --> CE-B-S-2-N1_bin.75.purify_k141_1384986_5(Fam_49 [★Target]) --> CE-B-S-2-N1_bin.75.purify_k141_1384986_6(Fam_6502 [★Target]) --> CE-B-S-2-N1_bin.75.purify_k141_1384986_7(Fam_1539 [★Target])
"(49, 1539, 3961, 6502)",2,[6502],CE-D-S-28.1m-N2_bin.171.purify_k141_212978,CE-D-S-28.1m-N2_bin.171.purify_k141_212978_1-7338,CE-D-S-28.1m-N2_bin.171.purify_k141_212978_1(Fam_3961 [★Target]) --> CE-D-S-28.1m-N2_bin.171.purify_k141_212978_2(Fam_49 [★Target]) --> CE-D-S-28.1m-N2_bin.171.purify_k141_212978_3(Fam_6502 [★Target]) --> CE-D-S-28.1m-N2_bin.171.purify_k141_212978_4(Fam_1539 [★Target])
"(2556, 9833)",2,[2556],YZYC-20S-4-N1_bin.7.purify_k141_210915,YZYC-20S-4-N1_bin.7.purify_k141_210915_981-2824,YZYC-20S-4-N1_bin.7.purify_k141_210915_3(Fam_2556 [★Target]) --> YZYC-20S-4-N1_bin.7.purify_k141_210915_4(Fam_9833 [★Target])
"(2556, 9833)",2,[2556],YZYC-20S-7-N1_bin.58.purify_k141_743049,YZYC-20S-7-N1_bin.58.purify_k141_743049_859-2702,YZYC-20S-7-N1_bin.58.purify_k141_743049_2(Fam_9833 [★Target]) --> YZYC-20S-7-N1_bin.58.purify_k141_743049_3(Fam_2556 [★Target])
"(1092, 9981)",2,[9981],YZYC-20S-5-N1_bin.181.purify_k141_466747,YZYC-20S-5-N1_bin.181.purify_k141_466747_1-2479,YZYC-20S-5-N1_bin.181.purify_k141_466747_1(Fam_9981 [★Target]) --> YZYC-20S-5-N1_bin.181.purify_k141_466747_2(Fam_1092 [★Target])
"(1092, 9981)",2,[9981],ZJZBSD-01-2-s1-N1_bin.74.purify_k141_2496509,ZJZBSD-01-2-s1-N1_bin.74.purify_k141_2496509_1010-3492,ZJZBSD-01-2-s1-N1_bin.74.purify_k141_2496509_2(Fam_1092 [★Target]) --> ZJZBSD-01-2-s1-N1_bin.74.purify_k141_2496509_3(Fam_9981 [★Target])
"(3532, 3679, 5338)",2,[5338],202104TB-W31-N1_bin.52.purify_k141_352036,202104TB-W31-N1_bin.52.purify_k141_352036_28925-32728,202104TB-W31-N1_bin.52.purify_k141_352036_28(Fam_3679 [★Target]) --> 202104TB-W31-N1_bin.52.purify_k141_352036_30(Fam_3532 [★Target]) --> 202104TB-W31-N1_bin.52.purify_k141_352036_31(Fam_5338 [★Target])
"(3532, 3679, 5338)",2,[5338],202104TB-W37-N1_bin.74.purify_k141_1723623,202104TB-W37-N1_bin.74.purify_k141_1723623_16943-20746,202104TB-W37-N1_bin.74.purify_k141_1723623_19(Fam_5338 [★Target]) --> 202104TB-W37-N1_bin.74.purify_k141_1723623_20(Fam_3532 [★Target]) --> 202104TB-W37-N1_bin.74.purify_k141_1723623_22(Fam_3679 [★Target])
"(4302, 5665)",2,[4302],202104TB-W31-N1_bin.52.purify_k141_893269,202104TB-W31-N1_bin.52.purify_k141_893269_28015-29933,202104TB-W31-N1_bin.52.purify_k141_893269_28(Fam_5665 [★Target]) --> 202104TB-W31-N1_bin.52.purify_k141_893269_29(Fam_4302 [★Target])
"(4302, 5665)",2,[4302],202104TB-W37-N1_bin.74.purify_k141_765778,202104TB-W37-N1_bin.74.purify_k141_765778_6905-8823,202104TB-W37-N1_bin.74.purify_k141_765778_12(Fam_4302 [★Target]) --> 202104TB-W37-N1_bin.74.purify_k141_765778_13(Fam_5665 [★Target])
"(552, 1241)",2,[1241],JC-20S-1-N1_bin.63.purify_k141_1188798,JC-20S-1-N1_bin.63.purify_k141_1188798_3-2992,JC-20S-1-N1_bin.63.purify_k141_1188798_1(Fam_1241 [★Target]) --> JC-20S-1-N1_bin.63.purify_k141_1188798_2(Fam_552 [★Target])
"(552, 1241)",2,[1241],SLC-S-3-N1_bin.225.purify_k141_2120797,SLC-S-3-N1_bin.225.purify_k141_2120797_246-4795,SLC-S-3-N1_bin.225.purify_k141_2120797_2(Fam_552 [★Target]) --> SLC-S-3-N1_bin.225.purify_k141_2120797_3(Fam_1241 [★Target])
"(9401, 12602)",2,[9401],PC-20S-2-N1_bin.188.purify_k141_523421,PC-20S-2-N1_bin.188.purify_k141_523421_1252-1914,PC-20S-2-N1_bin.188.purify_k141_523421_3(Fam_12602 [★Target]) --> PC-20S-2-N1_bin.188.purify_k141_523421_4(Fam_9401 [★Target])
"(9401, 12602)",2,[9401],CE-N-S-N1_bin.124.purify_k141_1527175,CE-N-S-N1_bin.124.purify_k141_1527175_16192-16953,CE-N-S-N1_bin.124.purify_k141_1527175_14(Fam_12602 [★Target]) --> CE-N-S-N1_bin.124.purify_k141_1527175_15(Fam_9401 [★Target])
"(536, 1951)",2,[1951],202104TB-W31-N1_bin.80.purify_k141_1102751,202104TB-W31-N1_bin.80.purify_k141_1102751_12319-16669,202104TB-W31-N1_bin.80.purify_k141_1102751_11(Fam_1951 [★Target]) --> 202104TB-W31-N1_bin.80.purify_k141_1102751_12(Fam_536 [★Target])
"(536, 1951)",2,[1951],BMC20S-N1-N1_bin.114.purify_k141_2213716,BMC20S-N1-N1_bin.114.purify_k141_2213716_9052-13456,BMC20S-N1-N1_bin.114.purify_k141_2213716_10(Fam_1951 [★Target]) --> BMC20S-N1-N1_bin.114.purify_k141_2213716_11(Fam_536 [★Target])
"(3847, 4481)",2,[3847],202104TB-W31-N1_bin.92.purify_k141_1303158,202104TB-W31-N1_bin.92.purify_k141_1303158_1-2023,202104TB-W31-N1_bin.92.purify_k141_1303158_1(Fam_3847 [★Target]) --> 202104TB-W31-N1_bin.92.purify_k141_1303158_2(Fam_4481 [★Target])
"(3847, 4481)",2,[3847],202106QH-W24-N1_bin.190.purify_k141_1628131,202106QH-W24-N1_bin.190.purify_k141_1628131_1-1768,202106QH-W24-N1_bin.190.purify_k141_1628131_1(Fam_3847 [★Target]) --> 202106QH-W24-N1_bin.190.purify_k141_1628131_2(Fam_4481 [★Target])
"(9273, 11473)",2,[11473],202104TB-W32-N1_bin.105.purify_k141_1009135,202104TB-W32-N1_bin.105.purify_k141_1009135_1-829,202104TB-W32-N1_bin.105.purify_k141_1009135_1(Fam_9273 [★Target]) --> 202104TB-W32-N1_bin.105.purify_k141_1009135_2(Fam_11473 [★Target])
"(9273, 11473)",2,[11473],ZJ-S-05.4m-N1_bin.114.purify_k141_421319,ZJ-S-05.4m-N1_bin.114.purify_k141_421319_1821-2673,ZJ-S-05.4m-N1_bin.114.purify_k141_421319_3(Fam_11473 [★Target]) --> ZJ-S-05.4m-N1_bin.114.purify_k141_421319_4(Fam_9273 [★Target])
"(152, 4482)",2,[4482],202104TB-W32-N1_bin.107.purify_k141_564858,202104TB-W32-N1_bin.107.purify_k141_564858_1772-6312,202104TB-W32-N1_bin.107.purify_k141_564858_2(Fam_4482 [★Target]) --> 202104TB-W32-N1_bin.107.purify_k141_564858_3(Fam_152 [★Target])
"(152, 4482)",2,[4482],BGBMC-20S-1-N1_bin.47.purify_k141_741101,BGBMC-20S-1-N1_bin.47.purify_k141_741101_402-4936,BGBMC-20S-1-N1_bin.47.purify_k141_741101_2(Fam_4482 [★Target]) --> BGBMC-20S-1-N1_bin.47.purify_k141_741101_3(Fam_152 [★Target])
"(2075, 4945)",2,[4945],202104TB-W32-N1_bin.111.purify_k141_1040793,202104TB-W32-N1_bin.111.purify_k141_1040793_1586-4177,202104TB-W32-N1_bin.111.purify_k141_1040793_3(Fam_4945 [★Target]) --> 202104TB-W32-N1_bin.111.purify_k141_1040793_4(Fam_2075 [★Target])
"(2075, 4945)",2,[4945],YM-S-27.0m-N1_bin.66.purify_k141_351553,YM-S-27.0m-N1_bin.66.purify_k141_351553_1-2639,YM-S-27.0m-N1_bin.66.purify_k141_351553_1(Fam_2075 [★Target]) --> YM-S-27.0m-N1_bin.66.purify_k141_351553_2(Fam_4945 [★Target])
"(4342, 12204)",2,[4342],202104TB-W32-N1_bin.112.purify_k141_683721,202104TB-W32-N1_bin.112.purify_k141_683721_1615-2921,202104TB-W32-N1_bin.112.purify_k141_683721_5(Fam_12204 [★Target]) --> 202104TB-W32-N1_bin.112.purify_k141_683721_6(Fam_4342 [★Target])
"(4342, 12204)",2,[4342],YM-S-43m-N3_bin.35.purify_k141_2086700,YM-S-43m-N3_bin.35.purify_k141_2086700_680-1986,YM-S-43m-N3_bin.35.purify_k141_2086700_3(Fam_4342 [★Target]) --> YM-S-43m-N3_bin.35.purify_k141_2086700_4(Fam_12204 [★Target])
"(2157, 8557)",2,[2157],202104TB-W32-N1_bin.130.purify_k141_1183479,202104TB-W32-N1_bin.130.purify_k141_1183479_7461-8285,202104TB-W32-N1_bin.130.purify_k141_1183479_11(Fam_8557 [★Target]) --> 202104TB-W32-N1_bin.130.purify_k141_1183479_12(Fam_2157 [★Target])
"(2157, 8557)",2,[2157],JC-20S-3-N1_bin.131.purify_k141_93669,JC-20S-3-N1_bin.131.purify_k141_93669_4910-5734,JC-20S-3-N1_bin.131.purify_k141_93669_8(Fam_8557 [★Target]) --> JC-20S-3-N1_bin.131.purify_k141_93669_9(Fam_2157 [★Target])
"(11304, 12101)",2,[12101],202104TB-W32-N1_bin.150.purify_k141_662689,202104TB-W32-N1_bin.150.purify_k141_662689_5913-6498,202104TB-W32-N1_bin.150.purify_k141_662689_5(Fam_12101 [★Target]) --> 202104TB-W32-N1_bin.150.purify_k141_662689_6(Fam_11304 [★Target])
"(11304, 12101)",2,[12101],202104TB-W70-N1_bin.81.purify_k141_692212,202104TB-W70-N1_bin.81.purify_k141_692212_42-627,202104TB-W70-N1_bin.81.purify_k141_692212_1(Fam_12101 [★Target]) --> 202104TB-W70-N1_bin.81.purify_k141_692212_2(Fam_11304 [★Target])
"(3502, 6545)",2,[3502],YZYC-20S-5-N1_bin.59.purify_k141_1182334,YZYC-20S-5-N1_bin.59.purify_k141_1182334_2-1886,YZYC-20S-5-N1_bin.59.purify_k141_1182334_1(Fam_6545 [★Target]) --> YZYC-20S-5-N1_bin.59.purify_k141_1182334_2(Fam_3502 [★Target])
"(3502, 6545)",2,[3502],YZYC-20S-7-N1_bin.109.purify_k141_1470338,YZYC-20S-7-N1_bin.109.purify_k141_1470338_14211-16095,YZYC-20S-7-N1_bin.109.purify_k141_1470338_13(Fam_3502 [★Target]) --> YZYC-20S-7-N1_bin.109.purify_k141_1470338_14(Fam_6545 [★Target])
"(1249, 4993)",2,"[1249, 4993]",202104TB-W32-N1_bin.160.purify_k141_1166235,202104TB-W32-N1_bin.160.purify_k141_1166235_1210-4071,202104TB-W32-N1_bin.160.purify_k141_1166235_2(Fam_1249 [★Target]) --> 202104TB-W32-N1_bin.160.purify_k141_1166235_3(Fam_4993 [★Target])
"(1249, 4993)",2,"[1249, 4993]",202106QH-W9-N1_bin.125.purify_k141_292091,202106QH-W9-N1_bin.125.purify_k141_292091_16858-19719,202106QH-W9-N1_bin.125.purify_k141_292091_15(Fam_4993 [★Target]) --> 202106QH-W9-N1_bin.125.purify_k141_292091_16(Fam_1249 [★Target])
"(6631, 8162)",2,[8162],202104TB-W32-N1_bin.163.purify_k141_206483,202104TB-W32-N1_bin.163.purify_k141_206483_2200-3860,202104TB-W32-N1_bin.163.purify_k141_206483_3(Fam_6631 [★Target]) --> 202104TB-W32-N1_bin.163.purify_k141_206483_4(Fam_8162 [★Target])
"(6631, 8162)",2,[8162],BGBMC-20S-1-N1_bin.85.purify_k141_1214105,BGBMC-20S-1-N1_bin.85.purify_k141_1214105_1857-3517,BGBMC-20S-1-N1_bin.85.purify_k141_1214105_4(Fam_6631 [★Target]) --> BGBMC-20S-1-N1_bin.85.purify_k141_1214105_5(Fam_8162 [★Target])
"(4410, 10564)",2,[4410],202104TB-W32-N1_bin.30.purify_k141_424403,202104TB-W32-N1_bin.30.purify_k141_424403_1359-2850,202104TB-W32-N1_bin.30.purify_k141_424403_4(Fam_4410 [★Target]) --> 202104TB-W32-N1_bin.30.purify_k141_424403_5(Fam_10564 [★Target])
"(4410, 10564)",2,[4410],NRPC-20S-2-N1_bin.15.purify_k141_1135765,NRPC-20S-2-N1_bin.15.purify_k141_1135765_1366-2857,NRPC-20S-2-N1_bin.15.purify_k141_1135765_4(Fam_4410 [★Target]) --> NRPC-20S-2-N1_bin.15.purify_k141_1135765_5(Fam_10564 [★Target])
"(4940, 6840)",2,[6840],202104TB-W32-N1_bin.34.purify_k141_508964,202104TB-W32-N1_bin.34.purify_k141_508964_77-1853,202104TB-W32-N1_bin.34.purify_k141_508964_1(Fam_6840 [★Target]) --> 202104TB-W32-N1_bin.34.purify_k141_508964_2(Fam_4940 [★Target])
"(4940, 6840)",2,[6840],NMC-S-7-N1_bin.93.purify_k141_854691,NMC-S-7-N1_bin.93.purify_k141_854691_2955-4696,NMC-S-7-N1_bin.93.purify_k141_854691_4(Fam_6840 [★Target]) --> NMC-S-7-N1_bin.93.purify_k141_854691_5(Fam_4940 [★Target])
"(3374, 6547)",2,[6547],202104TB-W32-N1_bin.44.purify_k141_883312,202104TB-W32-N1_bin.44.purify_k141_883312_2522-5073,202104TB-W32-N1_bin.44.purify_k141_883312_5(Fam_6547 [★Target]) --> 202104TB-W32-N1_bin.44.purify_k141_883312_7(Fam_3374 [★Target])
"(3374, 6547)",2,[6547],202106QH-W11-N1_bin.38.purify_k141_1268415,202106QH-W11-N1_bin.38.purify_k141_1268415_8456-11007,202106QH-W11-N1_bin.38.purify_k141_1268415_9(Fam_3374 [★Target]) --> 202106QH-W11-N1_bin.38.purify_k141_1268415_11(Fam_6547 [★Target])
"(413, 8484)",2,[413],202104TB-W32-N1_bin.111.purify_k141_973151,202104TB-W32-N1_bin.111.purify_k141_973151_1458-5016,202104TB-W32-N1_bin.111.purify_k141_973151_3(Fam_413 [★Target]) --> 202104TB-W32-N1_bin.111.purify_k141_973151_4(Fam_8484 [★Target])
"(413, 8484)",2,[413],202106QH-W39-N1_bin.43.purify_k141_1349240,202106QH-W39-N1_bin.43.purify_k141_1349240_5832-9390,202106QH-W39-N1_bin.43.purify_k141_1349240_5(Fam_8484 [★Target]) --> 202106QH-W39-N1_bin.43.purify_k141_1349240_6(Fam_413 [★Target])
"(1965, 5565)",2,[1965],CE-20S-3-N1_bin.95.purify_k141_824385,CE-20S-3-N1_bin.95.purify_k141_824385_3-2182,CE-20S-3-N1_bin.95.purify_k141_824385_1(Fam_1965 [★Target]) --> CE-20S-3-N1_bin.95.purify_k141_824385_2(Fam_5565 [★Target])
"(1965, 5565)",2,[1965],ZJ-S-05.4m-N1_bin.109.purify_k141_652740,ZJ-S-05.4m-N1_bin.109.purify_k141_652740_5875-8213,ZJ-S-05.4m-N1_bin.109.purify_k141_652740_8(Fam_1965 [★Target]) --> ZJ-S-05.4m-N1_bin.109.purify_k141_652740_9(Fam_5565 [★Target])
"(3453, 9561)",2,[3453],JC-20S-3-N1_bin.6.purify_k141_920035,JC-20S-3-N1_bin.6.purify_k141_920035_9664-11478,JC-20S-3-N1_bin.6.purify_k141_920035_12(Fam_3453 [★Target]) --> JC-20S-3-N1_bin.6.purify_k141_920035_13(Fam_9561 [★Target])
"(3453, 9561)",2,[3453],ZJ-S-05.4m-N1_bin.136.purify_k141_1926970,ZJ-S-05.4m-N1_bin.136.purify_k141_1926970_650-2494,ZJ-S-05.4m-N1_bin.136.purify_k141_1926970_2(Fam_9561 [★Target]) --> ZJ-S-05.4m-N1_bin.136.purify_k141_1926970_3(Fam_3453 [★Target])
"(5577, 6562)",2,[5577],CE-20S-3-N1_bin.88.purify_k141_333037,CE-20S-3-N1_bin.88.purify_k141_333037_1047-2784,CE-20S-3-N1_bin.88.purify_k141_333037_4(Fam_6562 [★Target]) --> CE-20S-3-N1_bin.88.purify_k141_333037_5(Fam_5577 [★Target])
"(5577, 6562)",2,[5577],YM-3-34.9m-N1_bin.98.purify_k141_2591699,YM-3-34.9m-N1_bin.98.purify_k141_2591699_5251-7018,YM-3-34.9m-N1_bin.98.purify_k141_2591699_9(Fam_6562 [★Target]) --> YM-3-34.9m-N1_bin.98.purify_k141_2591699_10(Fam_5577 [★Target])
"(4411, 8739)",2,[8739],202104TB-W40-N1_bin.10.purify_k141_1104652,202104TB-W40-N1_bin.10.purify_k141_1104652_2065-3667,202104TB-W40-N1_bin.10.purify_k141_1104652_3(Fam_4411 [★Target]) --> 202104TB-W40-N1_bin.10.purify_k141_1104652_4(Fam_8739 [★Target])
"(4411, 8739)",2,[8739],202104TB-W41-N1_bin.87.purify_k141_563652,202104TB-W41-N1_bin.87.purify_k141_563652_5468-7070,202104TB-W41-N1_bin.87.purify_k141_563652_4(Fam_8739 [★Target]) --> 202104TB-W41-N1_bin.87.purify_k141_563652_5(Fam_4411 [★Target])
"(1861, 9388)",2,[9388],JC-20S-3-N1_bin.87.purify_k141_381150,JC-20S-3-N1_bin.87.purify_k141_381150_263-2581,JC-20S-3-N1_bin.87.purify_k141_381150_2(Fam_9388 [★Target]) --> JC-20S-3-N1_bin.87.purify_k141_381150_3(Fam_1861 [★Target])
"(1861, 9388)",2,[9388],QHH17-N1_bin.108.purify_k141_1604335,QHH17-N1_bin.108.purify_k141_1604335_3408-5234,QHH17-N1_bin.108.purify_k141_1604335_8(Fam_9388 [★Target]) --> QHH17-N1_bin.108.purify_k141_1604335_9(Fam_1861 [★Target])
"(5814, 8165)",2,[8165],202104TB-W40-N1_bin.113.purify_k141_1231301,202104TB-W40-N1_bin.113.purify_k141_1231301_7025-8526,202104TB-W40-N1_bin.113.purify_k141_1231301_9(Fam_5814 [★Target]) --> 202104TB-W40-N1_bin.113.purify_k141_1231301_10(Fam_8165 [★Target])
"(5814, 8165)",2,[8165],GH-N1_bin.13.purify_k141_327086,GH-N1_bin.13.purify_k141_327086_2184-3673,GH-N1_bin.13.purify_k141_327086_4(Fam_8165 [★Target]) --> GH-N1_bin.13.purify_k141_327086_5(Fam_5814 [★Target])
"(8987, 11209)",2,[8987],JC-20S-3-N1_bin.88.purify_k141_194175,JC-20S-3-N1_bin.88.purify_k141_194175_2082-3074,JC-20S-3-N1_bin.88.purify_k141_194175_6(Fam_8987 [★Target]) --> JC-20S-3-N1_bin.88.purify_k141_194175_7(Fam_11209 [★Target])
"(8987, 11209)",2,[8987],QHH10-N1_bin.13.purify_k141_1071207,QHH10-N1_bin.13.purify_k141_1071207_748-1644,QHH10-N1_bin.13.purify_k141_1071207_3(Fam_11209 [★Target]) --> QHH10-N1_bin.13.purify_k141_1071207_4(Fam_8987 [★Target])
"(6511, 7361)",2,[7361],YZYC-20S-2-N1_bin.173.purify_k141_917604,YZYC-20S-2-N1_bin.173.purify_k141_917604_1463-2885,YZYC-20S-2-N1_bin.173.purify_k141_917604_2(Fam_6511 [★Target]) --> YZYC-20S-2-N1_bin.173.purify_k141_917604_3(Fam_7361 [★Target])
"(6511, 7361)",2,[7361],YZYC-20S-5-N1_bin.87.purify_k141_1082295,YZYC-20S-5-N1_bin.87.purify_k141_1082295_4239-5661,YZYC-20S-5-N1_bin.87.purify_k141_1082295_4(Fam_6511 [★Target]) --> YZYC-20S-5-N1_bin.87.purify_k141_1082295_5(Fam_7361 [★Target])
"(5197, 8689)",2,[5197],CE-20S-3-N1_bin.53.purify_k141_64541,CE-20S-3-N1_bin.53.purify_k141_64541_2923-4454,CE-20S-3-N1_bin.53.purify_k141_64541_3(Fam_8689 [★Target]) --> CE-20S-3-N1_bin.53.purify_k141_64541_4(Fam_5197 [★Target])
"(5197, 8689)",2,[5197],CE-D-S-N1_bin.32.purify_k141_437354,CE-D-S-N1_bin.32.purify_k141_437354_2923-4361,CE-D-S-N1_bin.32.purify_k141_437354_3(Fam_8689 [★Target]) --> CE-D-S-N1_bin.32.purify_k141_437354_4(Fam_5197 [★Target])
"(9606, 10445)",2,"[9606, 10445]",CE-20S-3-N1_bin.53.purify_k141_225397,CE-20S-3-N1_bin.53.purify_k141_225397_1156-2343,CE-20S-3-N1_bin.53.purify_k141_225397_2(Fam_9606 [★Target]) --> CE-20S-3-N1_bin.53.purify_k141_225397_3(Fam_10445 [★Target])
"(9606, 10445)",2,"[9606, 10445]",QHH17-N1_bin.108.purify_k141_1638829,QHH17-N1_bin.108.purify_k141_1638829_2664-3851,QHH17-N1_bin.108.purify_k141_1638829_4(Fam_9606 [★Target]) --> QHH17-N1_bin.108.purify_k141_1638829_5(Fam_10445 [★Target])
"(2506, 5211)",2,[2506],YZYC-20S-2-N1_bin.117.purify_k141_548645,YZYC-20S-2-N1_bin.117.purify_k141_548645_7751-10060,YZYC-20S-2-N1_bin.117.purify_k141_548645_5(Fam_2506 [★Target]) --> YZYC-20S-2-N1_bin.117.purify_k141_548645_6(Fam_5211 [★Target])
"(2506, 5211)",2,[2506],YZYC-20S-5-N1_bin.79.purify_k141_210426,YZYC-20S-5-N1_bin.79.purify_k141_210426_1408-3717,YZYC-20S-5-N1_bin.79.purify_k141_210426_2(Fam_5211 [★Target]) --> YZYC-20S-5-N1_bin.79.purify_k141_210426_3(Fam_2506 [★Target])
"(491, 4835)",2,[491],JC-20S-3-N1_bin.128.purify_k141_2038122,JC-20S-3-N1_bin.128.purify_k141_2038122_1-3701,JC-20S-3-N1_bin.128.purify_k141_2038122_1(Fam_4835 [★Target]) --> JC-20S-3-N1_bin.128.purify_k141_2038122_2(Fam_491 [★Target])
"(491, 4835)",2,[491],TMRSD3-N1_bin.83.purify_k141_388412,TMRSD3-N1_bin.83.purify_k141_388412_2600-6205,TMRSD3-N1_bin.83.purify_k141_388412_3(Fam_491 [★Target]) --> TMRSD3-N1_bin.83.purify_k141_388412_4(Fam_4835 [★Target])
"(1981, 9919)",2,[9919],CE-20S-3-N1_bin.28.purify_k141_1110311,CE-20S-3-N1_bin.28.purify_k141_1110311_463-2499,CE-20S-3-N1_bin.28.purify_k141_1110311_2(Fam_9919 [★Target]) --> CE-20S-3-N1_bin.28.purify_k141_1110311_3(Fam_1981 [★Target])
"(1981, 9919)",2,[9919],YZYC-20S-5-N1_bin.231.purify_k141_2183914,YZYC-20S-5-N1_bin.231.purify_k141_2183914_1-1140,YZYC-20S-5-N1_bin.231.purify_k141_2183914_1(Fam_1981 [★Target]) --> YZYC-20S-5-N1_bin.231.purify_k141_2183914_2(Fam_9919 [★Target])
"(2989, 8271)",2,[2989],202104TB-W40-N1_bin.99.purify_k141_892656,202104TB-W40-N1_bin.99.purify_k141_892656_2-1915,202104TB-W40-N1_bin.99.purify_k141_892656_1(Fam_2989 [★Target]) --> 202104TB-W40-N1_bin.99.purify_k141_892656_2(Fam_8271 [★Target])
"(2989, 8271)",2,[2989],202106QH-W1-N1_bin.3.purify_k141_1166515,202106QH-W1-N1_bin.3.purify_k141_1166515_220-1869,202106QH-W1-N1_bin.3.purify_k141_1166515_2(Fam_8271 [★Target]) --> 202106QH-W1-N1_bin.3.purify_k141_1166515_3(Fam_2989 [★Target])
"(7425, 7747)",2,"[7425, 7747]",YZYC-20S-1-N1_bin.81.purify_k141_1572525,YZYC-20S-1-N1_bin.81.purify_k141_1572525_1599-2989,YZYC-20S-1-N1_bin.81.purify_k141_1572525_4(Fam_7425 [★Target]) --> YZYC-20S-1-N1_bin.81.purify_k141_1572525_5(Fam_7747 [★Target])
"(7425, 7747)",2,"[7425, 7747]",YZYC-20S-2-N1_bin.65.purify_k141_711299,YZYC-20S-2-N1_bin.65.purify_k141_711299_6225-7615,YZYC-20S-2-N1_bin.65.purify_k141_711299_9(Fam_7425 [★Target]) --> YZYC-20S-2-N1_bin.65.purify_k141_711299_10(Fam_7747 [★Target])
"(8000, 10799)",2,[10799],202104TB-W41-N1_bin.2.purify_k141_996722,202104TB-W41-N1_bin.2.purify_k141_996722_2024-3118,202104TB-W41-N1_bin.2.purify_k141_996722_3(Fam_10799 [★Target]) --> 202104TB-W41-N1_bin.2.purify_k141_996722_4(Fam_8000 [★Target])
"(8000, 10799)",2,[10799],BGBMC-20S-1-N1_bin.16.purify_k141_743866,BGBMC-20S-1-N1_bin.16.purify_k141_743866_625-1720,BGBMC-20S-1-N1_bin.16.purify_k141_743866_2(Fam_8000 [★Target]) --> BGBMC-20S-1-N1_bin.16.purify_k141_743866_3(Fam_10799 [★Target])
"(657, 3363)",2,"[657, 3363]",KMC-20S-1-N1_bin.103.purify_k141_821934,KMC-20S-1-N1_bin.103.purify_k141_821934_4785-8793,KMC-20S-1-N1_bin.103.purify_k141_821934_3(Fam_3363 [★Target]) --> KMC-20S-1-N1_bin.103.purify_k141_821934_4(Fam_657 [★Target])
"(657, 3363)",2,"[657, 3363]",KMC-20S-2-N1_bin.52.purify_k141_993128,KMC-20S-2-N1_bin.52.purify_k141_993128_2725-6733,KMC-20S-2-N1_bin.52.purify_k141_993128_4(Fam_657 [★Target]) --> KMC-20S-2-N1_bin.52.purify_k141_993128_5(Fam_3363 [★Target])
"(174, 4293)",2,[4293],KMC-20S-1-N1_bin.106.purify_k141_3139312,KMC-20S-1-N1_bin.106.purify_k141_3139312_79-3552,KMC-20S-1-N1_bin.106.purify_k141_3139312_1(Fam_174 [★Target]) --> KMC-20S-1-N1_bin.106.purify_k141_3139312_2(Fam_4293 [★Target])
"(174, 4293)",2,[4293],PC-20S-2-N1_bin.157.purify_k141_1530578,PC-20S-2-N1_bin.157.purify_k141_1530578_1-2649,PC-20S-2-N1_bin.157.purify_k141_1530578_1(Fam_4293 [★Target]) --> PC-20S-2-N1_bin.157.purify_k141_1530578_2(Fam_174 [★Target])
"(1798, 4551)",2,[4551],202104TB-W41-N1_bin.48.purify_k141_508870,202104TB-W41-N1_bin.48.purify_k141_508870_5573-8307,202104TB-W41-N1_bin.48.purify_k141_508870_6(Fam_4551 [★Target]) --> 202104TB-W41-N1_bin.48.purify_k141_508870_7(Fam_1798 [★Target])
"(1798, 4551)",2,[4551],ZJ-S-N13.9m-N2_bin.147.purify_k141_1844429,ZJ-S-N13.9m-N2_bin.147.purify_k141_1844429_6328-9062,ZJ-S-N13.9m-N2_bin.147.purify_k141_1844429_6(Fam_4551 [★Target]) --> ZJ-S-N13.9m-N2_bin.147.purify_k141_1844429_7(Fam_1798 [★Target])
"(10482, 11768)",2,[11768],202104TB-W41-N1_bin.49.purify_k141_510623,202104TB-W41-N1_bin.49.purify_k141_510623_2023-2719,202104TB-W41-N1_bin.49.purify_k141_510623_4(Fam_10482 [★Target]) --> 202104TB-W41-N1_bin.49.purify_k141_510623_5(Fam_11768 [★Target])
"(10482, 11768)",2,[11768],ZJ-S-05.4m-N1_bin.177.purify_k141_1094195,ZJ-S-05.4m-N1_bin.177.purify_k141_1094195_8615-9311,ZJ-S-05.4m-N1_bin.177.purify_k141_1094195_9(Fam_10482 [★Target]) --> ZJ-S-05.4m-N1_bin.177.purify_k141_1094195_10(Fam_11768 [★Target])
"(10144, 11316)",2,"[10144, 11316]",CE-20S-2-N1_bin.82.purify_k141_1437037,CE-20S-2-N1_bin.82.purify_k141_1437037_1-920,CE-20S-2-N1_bin.82.purify_k141_1437037_1(Fam_11316 [★Target]) --> CE-20S-2-N1_bin.82.purify_k141_1437037_2(Fam_10144 [★Target])
"(10144, 11316)",2,"[10144, 11316]",CE-20S-3-N1_bin.89.purify_k141_1388426,CE-20S-3-N1_bin.89.purify_k141_1388426_2-879,CE-20S-3-N1_bin.89.purify_k141_1388426_1(Fam_11316 [★Target]) --> CE-20S-3-N1_bin.89.purify_k141_1388426_2(Fam_10144 [★Target])
"(625, 7845)",2,[7845],202104TB-W41-N1_bin.63.purify_k141_633474,202104TB-W41-N1_bin.63.purify_k141_633474_152-3412,202104TB-W41-N1_bin.63.purify_k141_633474_2(Fam_7845 [★Target]) --> 202104TB-W41-N1_bin.63.purify_k141_633474_3(Fam_625 [★Target])
"(625, 7845)",2,[7845],ZJ-S-05.4m-N1_bin.199.purify_k141_1287603,ZJ-S-05.4m-N1_bin.199.purify_k141_1287603_6560-9475,ZJ-S-05.4m-N1_bin.199.purify_k141_1287603_8(Fam_625 [★Target]) --> ZJ-S-05.4m-N1_bin.199.purify_k141_1287603_9(Fam_7845 [★Target])
"(4641, 5904)",2,[5904],202104TB-W41-N1_bin.67.purify_k141_975708,202104TB-W41-N1_bin.67.purify_k141_975708_650-2480,202104TB-W41-N1_bin.67.purify_k141_975708_2(Fam_4641 [★Target]) --> 202104TB-W41-N1_bin.67.purify_k141_975708_3(Fam_5904 [★Target])
"(4641, 5904)",2,[5904],BGBMC-20S-1-N1_bin.192.purify_k141_1720818,BGBMC-20S-1-N1_bin.192.purify_k141_1720818_465-2295,BGBMC-20S-1-N1_bin.192.purify_k141_1720818_2(Fam_4641 [★Target]) --> BGBMC-20S-1-N1_bin.192.purify_k141_1720818_3(Fam_5904 [★Target])
"(10105, 12221)",2,[12221],CE-B-S-2-N1_bin.65.purify_k141_1128633,CE-B-S-2-N1_bin.65.purify_k141_1128633_2531-3195,CE-B-S-2-N1_bin.65.purify_k141_1128633_7(Fam_12221 [★Target]) --> CE-B-S-2-N1_bin.65.purify_k141_1128633_8(Fam_10105 [★Target])
"(10105, 12221)",2,[12221],YZYC-20S-7-N1_bin.8.purify_k141_1285333,YZYC-20S-7-N1_bin.8.purify_k141_1285333_1774-2720,YZYC-20S-7-N1_bin.8.purify_k141_1285333_7(Fam_12221 [★Target]) --> YZYC-20S-7-N1_bin.8.purify_k141_1285333_8(Fam_10105 [★Target])
"(7277, 12102)",2,[7277],202104TB-W34-N1_bin.180.purify_k141_958298,202104TB-W34-N1_bin.180.purify_k141_958298_2231-3329,202104TB-W34-N1_bin.180.purify_k141_958298_4(Fam_12102 [★Target]) --> 202104TB-W34-N1_bin.180.purify_k141_958298_5(Fam_7277 [★Target])
"(7277, 12102)",2,[7277],YM-3-34.9m-N1_bin.179.purify_k141_156302,YM-3-34.9m-N1_bin.179.purify_k141_156302_4947-6045,YM-3-34.9m-N1_bin.179.purify_k141_156302_4(Fam_12102 [★Target]) --> YM-3-34.9m-N1_bin.179.purify_k141_156302_5(Fam_7277 [★Target])
"(2371, 6972)",2,[6972],YZYC-20S-4-N1_bin.49.purify_k141_1926349,YZYC-20S-4-N1_bin.49.purify_k141_1926349_4982-7629,YZYC-20S-4-N1_bin.49.purify_k141_1926349_7(Fam_2371 [★Target]) --> YZYC-20S-4-N1_bin.49.purify_k141_1926349_8(Fam_6972 [★Target])
"(2371, 6972)",2,[6972],YZYC-20S-5-N1_bin.126.purify_k141_2750229,YZYC-20S-5-N1_bin.126.purify_k141_2750229_515-3162,YZYC-20S-5-N1_bin.126.purify_k141_2750229_2(Fam_6972 [★Target]) --> YZYC-20S-5-N1_bin.126.purify_k141_2750229_3(Fam_2371 [★Target])
"(5718, 6814)",2,[5718],202104TB-W34-N1_bin.187.purify_k141_882273,202104TB-W34-N1_bin.187.purify_k141_882273_2651-3528,202104TB-W34-N1_bin.187.purify_k141_882273_6(Fam_6814 [★Target]) --> 202104TB-W34-N1_bin.187.purify_k141_882273_7(Fam_5718 [★Target])
"(5718, 6814)",2,[5718],BGBMC-20S-2-N1_bin.5.purify_k141_298170,BGBMC-20S-2-N1_bin.5.purify_k141_298170_1244-2142,BGBMC-20S-2-N1_bin.5.purify_k141_298170_5(Fam_6814 [★Target]) --> BGBMC-20S-2-N1_bin.5.purify_k141_298170_6(Fam_5718 [★Target])
"(9495, 12099)",2,[12099],202104TB-W25-N1_bin.81.purify_k141_305940,202104TB-W25-N1_bin.81.purify_k141_305940_1227-2660,202104TB-W25-N1_bin.81.purify_k141_305940_3(Fam_8869) --> 202104TB-W25-N1_bin.81.purify_k141_305940_4(Fam_9495 [★Target]) --> 202104TB-W25-N1_bin.81.purify_k141_305940_5(Fam_12099 [★Target])
"(9495, 12099)",2,[12099],CE-B-S-2-N1_bin.5.purify_k141_928132,CE-B-S-2-N1_bin.5.purify_k141_928132_732-1421,CE-B-S-2-N1_bin.5.purify_k141_928132_3(Fam_9495 [★Target]) --> CE-B-S-2-N1_bin.5.purify_k141_928132_4(Fam_12099 [★Target])
"(9495, 12099)",2,[12099],YZYC-20S-5-N1_bin.185.purify_k141_287415,YZYC-20S-5-N1_bin.185.purify_k141_287415_985-1682,YZYC-20S-5-N1_bin.185.purify_k141_287415_3(Fam_9495 [★Target]) --> YZYC-20S-5-N1_bin.185.purify_k141_287415_4(Fam_12099 [★Target])
"(8871, 12530)",2,[8871],202104TB-W34-N1_bin.193.purify_k141_702726,202104TB-W34-N1_bin.193.purify_k141_702726_3891-4967,202104TB-W34-N1_bin.193.purify_k141_702726_4(Fam_8871 [★Target]) --> 202104TB-W34-N1_bin.193.purify_k141_702726_5(Fam_12530 [★Target])
"(8871, 12530)",2,[8871],QHH7-N1_bin.155.purify_k141_2045024,QHH7-N1_bin.155.purify_k141_2045024_5423-6499,QHH7-N1_bin.155.purify_k141_2045024_5(Fam_8871 [★Target]) --> QHH7-N1_bin.155.purify_k141_2045024_6(Fam_12530 [★Target])
"(11763, 11919)",2,[11763],YZYC-20S-4-N1_bin.40.purify_k141_1561296,YZYC-20S-4-N1_bin.40.purify_k141_1561296_11489-12102,YZYC-20S-4-N1_bin.40.purify_k141_1561296_13(Fam_11919 [★Target]) --> YZYC-20S-4-N1_bin.40.purify_k141_1561296_14(Fam_11763 [★Target])
"(11763, 11919)",2,[11763],YZYC-20S-7-N1_bin.84.purify_k141_757481,YZYC-20S-7-N1_bin.84.purify_k141_757481_11489-12102,YZYC-20S-7-N1_bin.84.purify_k141_757481_13(Fam_11919 [★Target]) --> YZYC-20S-7-N1_bin.84.purify_k141_757481_14(Fam_11763 [★Target])
"(1842, 8607)",2,[8607],202104TB-W34-N1_bin.28.purify_k141_1691848,202104TB-W34-N1_bin.28.purify_k141_1691848_5884-7949,202104TB-W34-N1_bin.28.purify_k141_1691848_8(Fam_1842 [★Target]) --> 202104TB-W34-N1_bin.28.purify_k141_1691848_9(Fam_8607 [★Target])
"(1842, 8607)",2,[8607],202106QH-W40-N1_bin.35.purify_k141_1269402,202106QH-W40-N1_bin.35.purify_k141_1269402_56-2267,202106QH-W40-N1_bin.35.purify_k141_1269402_1(Fam_1842 [★Target]) --> 202106QH-W40-N1_bin.35.purify_k141_1269402_2(Fam_8607 [★Target])
"(8967, 11800)",2,[8967],YZYC-20S-4-N1_bin.28.purify_k141_1165755,YZYC-20S-4-N1_bin.28.purify_k141_1165755_594-1562,YZYC-20S-4-N1_bin.28.purify_k141_1165755_3(Fam_8967 [★Target]) --> YZYC-20S-4-N1_bin.28.purify_k141_1165755_4(Fam_11800 [★Target])
"(8967, 11800)",2,[8967],YZYC-20S-5-N1_bin.122.purify_k141_510699,YZYC-20S-5-N1_bin.122.purify_k141_510699_442-1410,YZYC-20S-5-N1_bin.122.purify_k141_510699_3(Fam_8967 [★Target]) --> YZYC-20S-5-N1_bin.122.purify_k141_510699_4(Fam_11800 [★Target])
"(6470, 6501)",2,[6501],CE-B-S-2-N1_bin.33.purify_k141_943734,CE-B-S-2-N1_bin.33.purify_k141_943734_377-1883,CE-B-S-2-N1_bin.33.purify_k141_943734_2(Fam_6470 [★Target]) --> CE-B-S-2-N1_bin.33.purify_k141_943734_3(Fam_6501 [★Target])
"(6470, 6501)",2,[6501],YM-S-27.0m-N1_bin.19.purify_k141_1566827,YM-S-27.0m-N1_bin.19.purify_k141_1566827_581-2081,YM-S-27.0m-N1_bin.19.purify_k141_1566827_2(Fam_6470 [★Target]) --> YM-S-27.0m-N1_bin.19.purify_k141_1566827_3(Fam_6501 [★Target])
"(3953, 4550)",2,[4550],202104TB-W34-N1_bin.35.purify_k141_34322,202104TB-W34-N1_bin.35.purify_k141_34322_1-1621,202104TB-W34-N1_bin.35.purify_k141_34322_1(Fam_4550 [★Target]) --> 202104TB-W34-N1_bin.35.purify_k141_34322_2(Fam_3953 [★Target])
"(3953, 4550)",2,[4550],ZJ-S-N13.9m-N2_bin.59.purify_k141_443600,ZJ-S-N13.9m-N2_bin.59.purify_k141_443600_1-1837,ZJ-S-N13.9m-N2_bin.59.purify_k141_443600_1(Fam_3953 [★Target]) --> ZJ-S-N13.9m-N2_bin.59.purify_k141_443600_2(Fam_4550 [★Target])
"(1457, 2226, 7507, 10020)",2,"[1457, 7507, 10020]",202104TB-W34-N1_bin.4.purify_k141_1044564,202104TB-W34-N1_bin.4.purify_k141_1044564_338-4682,202104TB-W34-N1_bin.4.purify_k141_1044564_3(Fam_7507 [★Target]) --> 202104TB-W34-N1_bin.4.purify_k141_1044564_4(Fam_1457 [★Target]) --> 202104TB-W34-N1_bin.4.purify_k141_1044564_5(Fam_10020 [★Target]) --> 202104TB-W34-N1_bin.4.purify_k141_1044564_6(Fam_2226 [★Target])
"(1457, 2226, 7507, 10020)",2,"[1457, 7507, 10020]",SLC-S-3-N1_bin.59.purify_k141_1543416,SLC-S-3-N1_bin.59.purify_k141_1543416_11567-15911,SLC-S-3-N1_bin.59.purify_k141_1543416_15(Fam_2226 [★Target]) --> SLC-S-3-N1_bin.59.purify_k141_1543416_16(Fam_10020 [★Target]) --> SLC-S-3-N1_bin.59.purify_k141_1543416_17(Fam_1457 [★Target]) --> SLC-S-3-N1_bin.59.purify_k141_1543416_18(Fam_7507 [★Target])
"(5391, 9274)",2,[9274],202104TB-W37-N1_bin.53.purify_k141_1789735,202104TB-W37-N1_bin.53.purify_k141_1789735_237-1711,202104TB-W37-N1_bin.53.purify_k141_1789735_1(Fam_5391 [★Target]) --> 202104TB-W37-N1_bin.53.purify_k141_1789735_2(Fam_9274 [★Target])
"(5391, 9274)",2,[9274],ZJ-S-05.4m-N1_bin.229.purify_k141_166628,ZJ-S-05.4m-N1_bin.229.purify_k141_166628_1112-2586,ZJ-S-05.4m-N1_bin.229.purify_k141_166628_3(Fam_5391 [★Target]) --> ZJ-S-05.4m-N1_bin.229.purify_k141_166628_4(Fam_9274 [★Target])
"(2835, 5659)",2,[2835],202104TB-W34-N1_bin.78.purify_k141_2208115,202104TB-W34-N1_bin.78.purify_k141_2208115_1298-3039,202104TB-W34-N1_bin.78.purify_k141_2208115_3(Fam_5659 [★Target]) --> 202104TB-W34-N1_bin.78.purify_k141_2208115_4(Fam_2835 [★Target])
"(2835, 5659)",2,[2835],ZJ-S-3-N3_bin.60.purify_k141_935016,ZJ-S-3-N3_bin.60.purify_k141_935016_1081-3272,ZJ-S-3-N3_bin.60.purify_k141_935016_3(Fam_5659 [★Target]) --> ZJ-S-3-N3_bin.60.purify_k141_935016_4(Fam_2835 [★Target])
"(896, 9071)",2,[9071],202104TB-W34-N1_bin.82.purify_k141_2100255,202104TB-W34-N1_bin.82.purify_k141_2100255_2-2164,202104TB-W34-N1_bin.82.purify_k141_2100255_1(Fam_896 [★Target]) --> 202104TB-W34-N1_bin.82.purify_k141_2100255_2(Fam_9071 [★Target])
"(896, 9071)",2,[9071],SLC-S-3-N1_bin.105.purify_k141_1651950,SLC-S-3-N1_bin.105.purify_k141_1651950_2719-4530,SLC-S-3-N1_bin.105.purify_k141_1651950_6(Fam_9071 [★Target]) --> SLC-S-3-N1_bin.105.purify_k141_1651950_7(Fam_896 [★Target])
"(1005, 1233)",2,[1233],202104TB-W36-N1_bin.14.purify_k141_1027628,202104TB-W36-N1_bin.14.purify_k141_1027628_3-3288,202104TB-W36-N1_bin.14.purify_k141_1027628_1(Fam_1233 [★Target]) --> 202104TB-W36-N1_bin.14.purify_k141_1027628_3(Fam_1005 [★Target])
"(1005, 1233)",2,[1233],202104TB-W42-N1_bin.43.purify_k141_1082105,202104TB-W42-N1_bin.43.purify_k141_1082105_1-4392,202104TB-W42-N1_bin.43.purify_k141_1082105_1(Fam_1233 [★Target]) --> 202104TB-W42-N1_bin.43.purify_k141_1082105_3(Fam_1005 [★Target])
"(3849, 6125)",2,[3849],YZYC-20S-4-N1_bin.130.purify_k141_329510,YZYC-20S-4-N1_bin.130.purify_k141_329510_9974-11924,YZYC-20S-4-N1_bin.130.purify_k141_329510_12(Fam_3849 [★Target]) --> YZYC-20S-4-N1_bin.130.purify_k141_329510_13(Fam_6125 [★Target])
"(3849, 6125)",2,[3849],YZYC-20S-5-N1_bin.140.purify_k141_1266117,YZYC-20S-5-N1_bin.140.purify_k141_1266117_9842-11765,YZYC-20S-5-N1_bin.140.purify_k141_1266117_12(Fam_3849 [★Target]) --> YZYC-20S-5-N1_bin.140.purify_k141_1266117_13(Fam_6125 [★Target])
"(10604, 11020)",2,[11020],JC-20S-3-N1_bin.171.purify_k141_1254054,JC-20S-3-N1_bin.171.purify_k141_1254054_5862-6783,JC-20S-3-N1_bin.171.purify_k141_1254054_8(Fam_10604 [★Target]) --> JC-20S-3-N1_bin.171.purify_k141_1254054_9(Fam_11020 [★Target])
"(10604, 11020)",2,[11020],YM-3-34.9m-N1_bin.130.purify_k141_375300,YM-3-34.9m-N1_bin.130.purify_k141_375300_1-910,YM-3-34.9m-N1_bin.130.purify_k141_375300_1(Fam_11020 [★Target]) --> YM-3-34.9m-N1_bin.130.purify_k141_375300_2(Fam_10604 [★Target])
"(3993, 7961, 11795)",2,[7961],JC-20S-3-N1_bin.23.purify_k141_788528,JC-20S-3-N1_bin.23.purify_k141_788528_346-2399,JC-20S-3-N1_bin.23.purify_k141_788528_1(Fam_11795 [★Target]) --> JC-20S-3-N1_bin.23.purify_k141_788528_2(Fam_3993 [★Target]) --> JC-20S-3-N1_bin.23.purify_k141_788528_3(Fam_7961 [★Target])
"(3993, 7961, 11795)",2,[7961],QHH6-N1_bin.215.purify_k141_1088021,QHH6-N1_bin.215.purify_k141_1088021_240-2166,QHH6-N1_bin.215.purify_k141_1088021_2(Fam_11795 [★Target]) --> QHH6-N1_bin.215.purify_k141_1088021_3(Fam_3993 [★Target]) --> QHH6-N1_bin.215.purify_k141_1088021_4(Fam_7961 [★Target])
"(2676, 9006)",2,"[2676, 9006]",202104TB-W37-N1_bin.108.purify_k141_61026,202104TB-W37-N1_bin.108.purify_k141_61026_3064-4946,202104TB-W37-N1_bin.108.purify_k141_61026_5(Fam_2676 [★Target]) --> 202104TB-W37-N1_bin.108.purify_k141_61026_6(Fam_9006 [★Target])
"(2676, 9006)",2,"[2676, 9006]",QHH17-N1_bin.104.purify_k141_1994225,QHH17-N1_bin.104.purify_k141_1994225_2723-4557,QHH17-N1_bin.104.purify_k141_1994225_5(Fam_2676 [★Target]) --> QHH17-N1_bin.104.purify_k141_1994225_6(Fam_9006 [★Target])
"(5106, 6196)",2,[5106],YZYC-20S-4-N1_bin.105.purify_k141_1439387,YZYC-20S-4-N1_bin.105.purify_k141_1439387_4032-5779,YZYC-20S-4-N1_bin.105.purify_k141_1439387_4(Fam_6196 [★Target]) --> YZYC-20S-4-N1_bin.105.purify_k141_1439387_5(Fam_5106 [★Target])
"(5106, 6196)",2,[5106],YZYC-20S-5-N1_bin.183.purify_k141_1961067,YZYC-20S-5-N1_bin.183.purify_k141_1961067_8136-9883,YZYC-20S-5-N1_bin.183.purify_k141_1961067_9(Fam_5106 [★Target]) --> YZYC-20S-5-N1_bin.183.purify_k141_1961067_10(Fam_6196 [★Target])
"(11719, 12553)",2,[11719],CE-B-S-2-N1_bin.139.purify_k141_882276,CE-B-S-2-N1_bin.139.purify_k141_882276_1356-2048,CE-B-S-2-N1_bin.139.purify_k141_882276_2(Fam_11719 [★Target]) --> CE-B-S-2-N1_bin.139.purify_k141_882276_3(Fam_12553 [★Target])
"(11719, 12553)",2,[11719],SLC-S-3-N1_bin.139.purify_k141_591397,SLC-S-3-N1_bin.139.purify_k141_591397_1749-2441,SLC-S-3-N1_bin.139.purify_k141_591397_3(Fam_11719 [★Target]) --> SLC-S-3-N1_bin.139.purify_k141_591397_4(Fam_12553 [★Target])
"(11664, 12169)",2,"[11664, 12169]",202104TB-W37-N1_bin.21.purify_k141_1245498,202104TB-W37-N1_bin.21.purify_k141_1245498_2861-3438,202104TB-W37-N1_bin.21.purify_k141_1245498_5(Fam_11664 [★Target]) --> 202104TB-W37-N1_bin.21.purify_k141_1245498_6(Fam_12169 [★Target])
"(11664, 12169)",2,"[11664, 12169]",202104TB-W49-N1_bin.90.purify_k141_673398,202104TB-W49-N1_bin.90.purify_k141_673398_1802-2368,202104TB-W49-N1_bin.90.purify_k141_673398_2(Fam_12169 [★Target]) --> 202104TB-W49-N1_bin.90.purify_k141_673398_3(Fam_11664 [★Target])
"(1131, 4098)",2,[4098],202104TB-W37-N1_bin.4.purify_k141_72692,202104TB-W37-N1_bin.4.purify_k141_72692_5027-7602,202104TB-W37-N1_bin.4.purify_k141_72692_5(Fam_4098 [★Target]) --> 202104TB-W37-N1_bin.4.purify_k141_72692_6(Fam_1131 [★Target])
"(1131, 4098)",2,[4098],202104TB-W59-N1_bin.37.purify_k141_1665469,202104TB-W59-N1_bin.37.purify_k141_1665469_3-2692,202104TB-W59-N1_bin.37.purify_k141_1665469_1(Fam_1131 [★Target]) --> 202104TB-W59-N1_bin.37.purify_k141_1665469_2(Fam_4098 [★Target])
"(7571, 10051)",2,[10051],202104TB-W37-N1_bin.47.purify_k141_608949,202104TB-W37-N1_bin.47.purify_k141_608949_692-1855,202104TB-W37-N1_bin.47.purify_k141_608949_3(Fam_7571 [★Target]) --> 202104TB-W37-N1_bin.47.purify_k141_608949_4(Fam_10051 [★Target])
"(7571, 10051)",2,[10051],SLHSD1-N1_bin.44.purify_k141_489546,SLHSD1-N1_bin.44.purify_k141_489546_606-1674,SLHSD1-N1_bin.44.purify_k141_489546_2(Fam_7571 [★Target]) --> SLHSD1-N1_bin.44.purify_k141_489546_3(Fam_10051 [★Target])
"(3870, 11263)",2,[11263],CE-B-S-2-N1_bin.20.purify_k141_101624,CE-B-S-2-N1_bin.20.purify_k141_101624_3-1626,CE-B-S-2-N1_bin.20.purify_k141_101624_1(Fam_11263 [★Target]) --> CE-B-S-2-N1_bin.20.purify_k141_101624_2(Fam_3870 [★Target])
"(3870, 11263)",2,[11263],PC-20S-1-N1_bin.225.purify_k141_418490,PC-20S-1-N1_bin.225.purify_k141_418490_252-1884,PC-20S-1-N1_bin.225.purify_k141_418490_2(Fam_3870 [★Target]) --> PC-20S-1-N1_bin.225.purify_k141_418490_3(Fam_11263 [★Target])
"(483, 861)",2,[861],202009TB-N8_bin.170.purify_k141_2329993,202009TB-N8_bin.170.purify_k141_2329993_2822-7033,202009TB-N8_bin.170.purify_k141_2329993_5(Fam_483 [★Target]) --> 202009TB-N8_bin.170.purify_k141_2329993_8(Fam_861 [★Target])
"(483, 861)",2,[861],BMC20S-2-N1_bin.186.purify_k141_807528,BMC20S-2-N1_bin.186.purify_k141_807528_4070-8739,BMC20S-2-N1_bin.186.purify_k141_807528_7(Fam_861 [★Target]) --> BMC20S-2-N1_bin.186.purify_k141_807528_8(Fam_483 [★Target])
"(121, 7824)",2,[7824],CRC-20S-2-N1_bin.19.purify_k141_2382788,CRC-20S-2-N1_bin.19.purify_k141_2382788_444-4710,CRC-20S-2-N1_bin.19.purify_k141_2382788_1(Fam_121 [★Target]) --> CRC-20S-2-N1_bin.19.purify_k141_2382788_2(Fam_7824 [★Target])
"(121, 7824)",2,[7824],CRC-20S-3-N1_bin.87.purify_k141_1511570,CRC-20S-3-N1_bin.87.purify_k141_1511570_557-4823,CRC-20S-3-N1_bin.87.purify_k141_1511570_1(Fam_121 [★Target]) --> CRC-20S-3-N1_bin.87.purify_k141_1511570_2(Fam_7824 [★Target])
"(121, 7824)",2,[7824],KMC-20S-2-N1_bin.86.purify_k141_572358,KMC-20S-2-N1_bin.86.purify_k141_572358_535-6027,KMC-20S-2-N1_bin.86.purify_k141_572358_1(Fam_121 [★Target]) --> KMC-20S-2-N1_bin.86.purify_k141_572358_2(Fam_7824 [★Target]) --> KMC-20S-2-N1_bin.86.purify_k141_572358_3(Fam_3146)
"(7294, 9384)",2,"[7294, 9384]",CRC-20S-1-N1_bin.85.purify_k141_2065062,CRC-20S-1-N1_bin.85.purify_k141_2065062_4204-5453,CRC-20S-1-N1_bin.85.purify_k141_2065062_7(Fam_7294 [★Target]) --> CRC-20S-1-N1_bin.85.purify_k141_2065062_8(Fam_9384 [★Target])
"(7294, 9384)",2,"[7294, 9384]",CRC-20S-2-N1_bin.45.purify_k141_46655,CRC-20S-2-N1_bin.45.purify_k141_46655_3065-4314,CRC-20S-2-N1_bin.45.purify_k141_46655_6(Fam_9384 [★Target]) --> CRC-20S-2-N1_bin.45.purify_k141_46655_7(Fam_7294 [★Target])
"(1135, 3058)",2,[3058],202009TB-N8_bin.23.purify_k141_710266,202009TB-N8_bin.23.purify_k141_710266_2-2288,202009TB-N8_bin.23.purify_k141_710266_1(Fam_3058 [★Target]) --> 202009TB-N8_bin.23.purify_k141_710266_2(Fam_1135 [★Target])
"(1135, 3058)",2,[3058],SLHSD1-N1_bin.112.purify_k141_2111191,SLHSD1-N1_bin.112.purify_k141_2111191_435-3722,SLHSD1-N1_bin.112.purify_k141_2111191_2(Fam_1135 [★Target]) --> SLHSD1-N1_bin.112.purify_k141_2111191_3(Fam_3058 [★Target])
"(2334, 3192)",2,[3192],GMZ14-N1_bin.41.purify_k141_1433367,GMZ14-N1_bin.41.purify_k141_1433367_8281-10916,GMZ14-N1_bin.41.purify_k141_1433367_8(Fam_2334 [★Target]) --> GMZ14-N1_bin.41.purify_k141_1433367_9(Fam_3192 [★Target])
"(2334, 3192)",2,[3192],YZYC-20S-8-N1_bin.44.purify_k141_635299,YZYC-20S-8-N1_bin.44.purify_k141_635299_963-3190,YZYC-20S-8-N1_bin.44.purify_k141_635299_3(Fam_3192 [★Target]) --> YZYC-20S-8-N1_bin.44.purify_k141_635299_4(Fam_2334 [★Target])
"(7274, 10819)",2,[7274],202009TB-N8_bin.65.purify_k141_456144,202009TB-N8_bin.65.purify_k141_456144_2-939,202009TB-N8_bin.65.purify_k141_456144_1(Fam_7274 [★Target]) --> 202009TB-N8_bin.65.purify_k141_456144_2(Fam_10819 [★Target])
"(7274, 10819)",2,[7274],202009TB-N8_bin.98.purify_k141_1094912,202009TB-N8_bin.98.purify_k141_1094912_3-1111,202009TB-N8_bin.98.purify_k141_1094912_1(Fam_7274 [★Target]) --> 202009TB-N8_bin.98.purify_k141_1094912_2(Fam_10819 [★Target])
"(38, 7633)",2,[7633],CRC-20S-1-N1_bin.28.purify_k141_2601155,CRC-20S-1-N1_bin.28.purify_k141_2601155_1655-8038,CRC-20S-1-N1_bin.28.purify_k141_2601155_2(Fam_7633 [★Target]) --> CRC-20S-1-N1_bin.28.purify_k141_2601155_6(Fam_38 [★Target])
"(38, 7633)",2,[7633],KMC-20S-1-N1_bin.148.purify_k141_1248937,KMC-20S-1-N1_bin.148.purify_k141_1248937_1711-8124,KMC-20S-1-N1_bin.148.purify_k141_1248937_2(Fam_7633 [★Target]) --> KMC-20S-1-N1_bin.148.purify_k141_1248937_6(Fam_38 [★Target])
"(574, 603)",2,[603],GMZ14-N1_bin.7.purify_k141_852233,GMZ14-N1_bin.7.purify_k141_852233_2122-7248,GMZ14-N1_bin.7.purify_k141_852233_5(Fam_574 [★Target]) --> GMZ14-N1_bin.7.purify_k141_852233_6(Fam_603 [★Target])
"(574, 603)",2,[603],NRPC-20S-1-N1_bin.103.purify_k141_160238,NRPC-20S-1-N1_bin.103.purify_k141_160238_482-5355,NRPC-20S-1-N1_bin.103.purify_k141_160238_1(Fam_603 [★Target]) --> NRPC-20S-1-N1_bin.103.purify_k141_160238_2(Fam_574 [★Target])
"(1612, 2404)",2,[2404],CN-S-N1_bin.24.purify_k141_1783791,CN-S-N1_bin.24.purify_k141_1783791_10812-13834,CN-S-N1_bin.24.purify_k141_1783791_13(Fam_2404 [★Target]) --> CN-S-N1_bin.24.purify_k141_1783791_14(Fam_1612 [★Target])
"(1612, 2404)",2,[2404],KMC-20S-5-N1_bin.57.purify_k141_161924,KMC-20S-5-N1_bin.57.purify_k141_161924_2566-5588,KMC-20S-5-N1_bin.57.purify_k141_161924_4(Fam_1612 [★Target]) --> KMC-20S-5-N1_bin.57.purify_k141_161924_5(Fam_2404 [★Target])
"(4275, 7324)",2,[4275],JC-20S-1-N1_bin.49.purify_k141_1095141,JC-20S-1-N1_bin.49.purify_k141_1095141_2042-2973,JC-20S-1-N1_bin.49.purify_k141_1095141_4(Fam_7324 [★Target]) --> JC-20S-1-N1_bin.49.purify_k141_1095141_5(Fam_4275 [★Target])
"(4275, 7324)",2,[4275],YM-S-27.0m-N1_bin.216.purify_k141_706943,YM-S-27.0m-N1_bin.216.purify_k141_706943_32301-34053,YM-S-27.0m-N1_bin.216.purify_k141_706943_38(Fam_7324 [★Target]) --> YM-S-27.0m-N1_bin.216.purify_k141_706943_39(Fam_4275 [★Target])
"(4655, 5359)",2,[4655],GMZ14-N1_bin.78.purify_k141_2541645,GMZ14-N1_bin.78.purify_k141_2541645_2824-4712,GMZ14-N1_bin.78.purify_k141_2541645_2(Fam_5359 [★Target]) --> GMZ14-N1_bin.78.purify_k141_2541645_3(Fam_4655 [★Target])
"(4655, 5359)",2,[4655],ZJ-S5-N1_bin.40.purify_k141_862791,ZJ-S5-N1_bin.40.purify_k141_862791_59-1904,ZJ-S5-N1_bin.40.purify_k141_862791_1(Fam_4655 [★Target]) --> ZJ-S5-N1_bin.40.purify_k141_862791_2(Fam_5359 [★Target])
"(7686, 9428)",2,[7686],202104TB-W20-N1_bin.27.purify_k141_747893,202104TB-W20-N1_bin.27.purify_k141_747893_133-1309,202104TB-W20-N1_bin.27.purify_k141_747893_1(Fam_9428 [★Target]) --> 202104TB-W20-N1_bin.27.purify_k141_747893_2(Fam_7686 [★Target])
"(7686, 9428)",2,[7686],HHSD3-N1_bin.8.purify_k141_23077,HHSD3-N1_bin.8.purify_k141_23077_5064-6232,HHSD3-N1_bin.8.purify_k141_23077_6(Fam_7686 [★Target]) --> HHSD3-N1_bin.8.purify_k141_23077_7(Fam_9428 [★Target])
"(7205, 12817)",2,[12817],ZJ-S-41.8m-N3_bin.35.purify_k141_2206743,ZJ-S-41.8m-N3_bin.35.purify_k141_2206743_9486-10674,ZJ-S-41.8m-N3_bin.35.purify_k141_2206743_13(Fam_12817 [★Target]) --> ZJ-S-41.8m-N3_bin.35.purify_k141_2206743_14(Fam_7205 [★Target])
"(7205, 12817)",2,[12817],ZJ-S5-N1_bin.25.purify_k141_1034091,ZJ-S5-N1_bin.25.purify_k141_1034091_10478-11666,ZJ-S5-N1_bin.25.purify_k141_1034091_15(Fam_12817 [★Target]) --> ZJ-S5-N1_bin.25.purify_k141_1034091_16(Fam_7205 [★Target])
"(2381, 6577)",2,[6577],202104TB-W22-N1_bin.4.purify_k141_1588740,202104TB-W22-N1_bin.4.purify_k141_1588740_3109-5332,202104TB-W22-N1_bin.4.purify_k141_1588740_2(Fam_2381 [★Target]) --> 202104TB-W22-N1_bin.4.purify_k141_1588740_3(Fam_6577 [★Target])
"(2381, 6577)",2,[6577],TMRSD3-N1_bin.52.purify_k141_2726242,TMRSD3-N1_bin.52.purify_k141_2726242_945-3159,TMRSD3-N1_bin.52.purify_k141_2726242_2(Fam_6577 [★Target]) --> TMRSD3-N1_bin.52.purify_k141_2726242_3(Fam_2381 [★Target])
"(5636, 8556)",2,[5636],202104TB-W24-N1_bin.101.purify_k141_1725786,202104TB-W24-N1_bin.101.purify_k141_1725786_1341-2833,202104TB-W24-N1_bin.101.purify_k141_1725786_3(Fam_5636 [★Target]) --> 202104TB-W24-N1_bin.101.purify_k141_1725786_4(Fam_8556 [★Target])
"(5636, 8556)",2,[5636],202104TB-W25-N1_bin.131.purify_k141_1566139,202104TB-W25-N1_bin.131.purify_k141_1566139_244-1736,202104TB-W25-N1_bin.131.purify_k141_1566139_1(Fam_5636 [★Target]) --> 202104TB-W25-N1_bin.131.purify_k141_1566139_2(Fam_8556 [★Target])
"(3204, 8738)",2,[3204],202104TB-W24-N1_bin.111.purify_k141_718438,202104TB-W24-N1_bin.111.purify_k141_718438_2104-3911,202104TB-W24-N1_bin.111.purify_k141_718438_4(Fam_8738 [★Target]) --> 202104TB-W24-N1_bin.111.purify_k141_718438_5(Fam_3204 [★Target])
"(3204, 8738)",2,[3204],202106QH-W38-N1_bin.45.purify_k141_1375575,202106QH-W38-N1_bin.45.purify_k141_1375575_2043-3202,202106QH-W38-N1_bin.45.purify_k141_1375575_4(Fam_8738 [★Target]) --> 202106QH-W38-N1_bin.45.purify_k141_1375575_5(Fam_3204 [★Target])
"(2234, 12035)",2,[2234],202104TB-W24-N1_bin.131.purify_k141_293346,202104TB-W24-N1_bin.131.purify_k141_293346_7690-9017,202104TB-W24-N1_bin.131.purify_k141_293346_10(Fam_12035 [★Target]) --> 202104TB-W24-N1_bin.131.purify_k141_293346_11(Fam_2234 [★Target])
"(2234, 12035)",2,[2234],CESD-S-1-N2_bin.78.purify_k141_428469,CESD-S-1-N2_bin.78.purify_k141_428469_1038-2888,CESD-S-1-N2_bin.78.purify_k141_428469_2(Fam_12035 [★Target]) --> CESD-S-1-N2_bin.78.purify_k141_428469_3(Fam_2234 [★Target])
"(674, 3253)",2,[3253],202104TB-W24-N1_bin.133.purify_k141_1450446,202104TB-W24-N1_bin.133.purify_k141_1450446_124-1121,202104TB-W24-N1_bin.133.purify_k141_1450446_1(Fam_3253 [★Target]) --> 202104TB-W24-N1_bin.133.purify_k141_1450446_2(Fam_674 [★Target])
"(674, 3253)",2,[3253],202106QH-W25-N1_bin.155.purify_k141_1564899,202106QH-W25-N1_bin.155.purify_k141_1564899_2088-2950,202106QH-W25-N1_bin.155.purify_k141_1564899_3(Fam_674 [★Target]) --> 202106QH-W25-N1_bin.155.purify_k141_1564899_4(Fam_3253 [★Target])
"(8240, 9363)",2,[9363],202106QH-W32-N1_bin.19.purify_k141_915404,202106QH-W32-N1_bin.19.purify_k141_915404_1-910,202106QH-W32-N1_bin.19.purify_k141_915404_1(Fam_9363 [★Target]) --> 202106QH-W32-N1_bin.19.purify_k141_915404_2(Fam_8240 [★Target])
"(8240, 9363)",2,[9363],202106QH-W37-N1_bin.51.purify_k141_486394,202106QH-W37-N1_bin.51.purify_k141_486394_1-910,202106QH-W37-N1_bin.51.purify_k141_486394_1(Fam_9363 [★Target]) --> 202106QH-W37-N1_bin.51.purify_k141_486394_2(Fam_8240 [★Target])
"(1376, 5260)",2,[1376],202009TB-N11_bin.24.purify_k141_1411701,202009TB-N11_bin.24.purify_k141_1411701_1459-4194,202009TB-N11_bin.24.purify_k141_1411701_4(Fam_5260 [★Target]) --> 202009TB-N11_bin.24.purify_k141_1411701_5(Fam_1376 [★Target])
"(1376, 5260)",2,[1376],202106QH-W18-N1_bin.310.purify_k141_3212035,202106QH-W18-N1_bin.310.purify_k141_3212035_1896-4552,202106QH-W18-N1_bin.310.purify_k141_3212035_5(Fam_5260 [★Target]) --> 202106QH-W18-N1_bin.310.purify_k141_3212035_6(Fam_1376 [★Target])
"(1139, 4982, 9166)",2,[9166],GH-N1_bin.19.purify_k141_414912,GH-N1_bin.19.purify_k141_414912_565-4116,GH-N1_bin.19.purify_k141_414912_2(Fam_4982 [★Target]) --> GH-N1_bin.19.purify_k141_414912_3(Fam_9166 [★Target]) --> GH-N1_bin.19.purify_k141_414912_4(Fam_1139 [★Target])
"(1139, 4982, 9166)",2,[9166],SLC-S-N1_bin.45.purify_k141_1746370,SLC-S-N1_bin.45.purify_k141_1746370_568-4028,SLC-S-N1_bin.45.purify_k141_1746370_2(Fam_4982 [★Target]) --> SLC-S-N1_bin.45.purify_k141_1746370_3(Fam_9166 [★Target]) --> SLC-S-N1_bin.45.purify_k141_1746370_4(Fam_1139 [★Target])
"(4667, 5898)",2,[4667],ZJZBSD-s05-2-N2_bin.51.purify_k141_718109,ZJZBSD-s05-2-N2_bin.51.purify_k141_718109_1-2046,ZJZBSD-s05-2-N2_bin.51.purify_k141_718109_1(Fam_4667 [★Target]) --> ZJZBSD-s05-2-N2_bin.51.purify_k141_718109_2(Fam_5898 [★Target])
"(4667, 5898)",2,[4667],ZJZBSD-s05-3-N2_bin.55.purify_k141_1784731,ZJZBSD-s05-3-N2_bin.55.purify_k141_1784731_1-1662,ZJZBSD-s05-3-N2_bin.55.purify_k141_1784731_1(Fam_4667 [★Target]) --> ZJZBSD-s05-3-N2_bin.55.purify_k141_1784731_2(Fam_5898 [★Target])
"(6281, 11947)",2,[6281],DTH1-N1_bin.79.purify_k141_2414183,DTH1-N1_bin.79.purify_k141_2414183_2131-3219,DTH1-N1_bin.79.purify_k141_2414183_2(Fam_11947 [★Target]) --> DTH1-N1_bin.79.purify_k141_2414183_3(Fam_6281 [★Target])
"(6281, 11947)",2,[6281],TLH2-N1_bin.32.purify_k141_1210453,TLH2-N1_bin.32.purify_k141_1210453_939-2027,TLH2-N1_bin.32.purify_k141_1210453_2(Fam_11947 [★Target]) --> TLH2-N1_bin.32.purify_k141_1210453_3(Fam_6281 [★Target])
"(8372, 9991)",2,[9991],202009TB-N3_bin.1.purify_k141_1898121,202009TB-N3_bin.1.purify_k141_1898121_3-835,202009TB-N3_bin.1.purify_k141_1898121_1(Fam_8372 [★Target]) --> 202009TB-N3_bin.1.purify_k141_1898121_2(Fam_9991 [★Target])
"(8372, 9991)",2,[9991],202104TB-W76-N1_bin.72.purify_k141_819237,202104TB-W76-N1_bin.72.purify_k141_819237_212-1308,202104TB-W76-N1_bin.72.purify_k141_819237_2(Fam_8372 [★Target]) --> 202104TB-W76-N1_bin.72.purify_k141_819237_3(Fam_9991 [★Target])
"(4216, 4967)",2,[4967],202009TB-N4_bin.2.purify_k141_1753126,202009TB-N4_bin.2.purify_k141_1753126_2-2069,202009TB-N4_bin.2.purify_k141_1753126_1(Fam_4967 [★Target]) --> 202009TB-N4_bin.2.purify_k141_1753126_2(Fam_4216 [★Target])
"(4216, 4967)",2,[4967],202106QH-W7-N1_bin.26.purify_k141_346244,202106QH-W7-N1_bin.26.purify_k141_346244_521-2509,202106QH-W7-N1_bin.26.purify_k141_346244_2(Fam_4216 [★Target]) --> 202106QH-W7-N1_bin.26.purify_k141_346244_3(Fam_4967 [★Target])
"(3154, 5279)",2,[3154],GH-N1_bin.21.purify_k141_1365564,GH-N1_bin.21.purify_k141_1365564_3632-5661,GH-N1_bin.21.purify_k141_1365564_3(Fam_5279 [★Target]) --> GH-N1_bin.21.purify_k141_1365564_4(Fam_3154 [★Target])
"(3154, 5279)",2,[3154],SLC-S-N1_bin.94.purify_k141_75099,SLC-S-N1_bin.94.purify_k141_75099_3146-5801,SLC-S-N1_bin.94.purify_k141_75099_4(Fam_3154 [★Target]) --> SLC-S-N1_bin.94.purify_k141_75099_5(Fam_5279 [★Target])
"(2958, 3190)",2,[2958],CRC-20S-3-N1_bin.103.purify_k141_3518723,CRC-20S-3-N1_bin.103.purify_k141_3518723_4325-6807,CRC-20S-3-N1_bin.103.purify_k141_3518723_6(Fam_2958 [★Target]) --> CRC-20S-3-N1_bin.103.purify_k141_3518723_7(Fam_3190 [★Target])
"(2958, 3190)",2,[2958],KMC-20S-2-N1_bin.117.purify_k141_2453185,KMC-20S-2-N1_bin.117.purify_k141_2453185_3912-5158,KMC-20S-2-N1_bin.117.purify_k141_2453185_5(Fam_2958 [★Target]) --> KMC-20S-2-N1_bin.117.purify_k141_2453185_6(Fam_3190 [★Target])
"(5791, 9548)",2,"[5791, 9548]",202009TB-N11_bin.50.purify_k141_2492467,202009TB-N11_bin.50.purify_k141_2492467_1803-2895,202009TB-N11_bin.50.purify_k141_2492467_4(Fam_5791 [★Target]) --> 202009TB-N11_bin.50.purify_k141_2492467_5(Fam_9548 [★Target])
"(5791, 9548)",2,"[5791, 9548]",CE-20S-2-N1_bin.126.purify_k141_1053443,CE-20S-2-N1_bin.126.purify_k141_1053443_3-1380,CE-20S-2-N1_bin.126.purify_k141_1053443_1(Fam_9548 [★Target]) --> CE-20S-2-N1_bin.126.purify_k141_1053443_2(Fam_5791 [★Target])
"(2492, 6473)",2,[6473],GH-N1_bin.53.purify_k141_396746,GH-N1_bin.53.purify_k141_396746_395-3137,GH-N1_bin.53.purify_k141_396746_2(Fam_2492 [★Target]) --> GH-N1_bin.53.purify_k141_396746_4(Fam_6473 [★Target])
"(2492, 6473)",2,[6473],JC-20S-3-N1_bin.8.purify_k141_1177513,JC-20S-3-N1_bin.8.purify_k141_1177513_1707-4449,JC-20S-3-N1_bin.8.purify_k141_1177513_4(Fam_2492 [★Target]) --> JC-20S-3-N1_bin.8.purify_k141_1177513_6(Fam_6473 [★Target])
"(1315, 4447)",2,[1315],DQZB-s7-N1_bin.3.purify_k141_2102284,DQZB-s7-N1_bin.3.purify_k141_2102284_2-1767,DQZB-s7-N1_bin.3.purify_k141_2102284_1(Fam_1315 [★Target]) --> DQZB-s7-N1_bin.3.purify_k141_2102284_2(Fam_4447 [★Target])
"(1315, 4447)",2,[1315],YZYC-20S-8-N1_bin.125.purify_k141_259360,YZYC-20S-8-N1_bin.125.purify_k141_259360_3523-6392,YZYC-20S-8-N1_bin.125.purify_k141_259360_6(Fam_4447 [★Target]) --> YZYC-20S-8-N1_bin.125.purify_k141_259360_7(Fam_1315 [★Target])
"(3554, 6643)",2,[3554],GH-N1_bin.67.purify_k141_1879588,GH-N1_bin.67.purify_k141_1879588_2970-4810,GH-N1_bin.67.purify_k141_1879588_7(Fam_3554 [★Target]) --> GH-N1_bin.67.purify_k141_1879588_8(Fam_6643 [★Target])
"(3554, 6643)",2,[3554],LLSD-9-N1_bin.14.purify_k141_474335,LLSD-9-N1_bin.14.purify_k141_474335_3-1882,LLSD-9-N1_bin.14.purify_k141_474335_1(Fam_6643 [★Target]) --> LLSD-9-N1_bin.14.purify_k141_474335_2(Fam_3554 [★Target])
"(6146, 8431)",2,[6146],202009TB-N7_bin.20.purify_k141_750323,202009TB-N7_bin.20.purify_k141_750323_16640-18083,202009TB-N7_bin.20.purify_k141_750323_15(Fam_8431 [★Target]) --> 202009TB-N7_bin.20.purify_k141_750323_16(Fam_6146 [★Target])
"(6146, 8431)",2,[6146],202106QH-W37-N1_bin.76.purify_k141_1267432,202106QH-W37-N1_bin.76.purify_k141_1267432_361-1785,202106QH-W37-N1_bin.76.purify_k141_1267432_2(Fam_8431 [★Target]) --> 202106QH-W37-N1_bin.76.purify_k141_1267432_3(Fam_6146 [★Target])
"(710, 2530)",2,[2530],GMZ11-N1_bin.74.purify_k141_306250,GMZ11-N1_bin.74.purify_k141_306250_2-2755,GMZ11-N1_bin.74.purify_k141_306250_1(Fam_710 [★Target]) --> GMZ11-N1_bin.74.purify_k141_306250_2(Fam_2530 [★Target])
"(710, 2530)",2,[2530],YZYC-20S-5-N1_bin.67.purify_k141_2576842,YZYC-20S-5-N1_bin.67.purify_k141_2576842_2-2937,YZYC-20S-5-N1_bin.67.purify_k141_2576842_1(Fam_710 [★Target]) --> YZYC-20S-5-N1_bin.67.purify_k141_2576842_2(Fam_2530 [★Target])
"(3099, 5386)",2,[3099],ZJZBSD-s03-2-N1_bin.52.purify_k141_625168,ZJZBSD-s03-2-N1_bin.52.purify_k141_625168_4574-6728,ZJZBSD-s03-2-N1_bin.52.purify_k141_625168_9(Fam_3099 [★Target]) --> ZJZBSD-s03-2-N1_bin.52.purify_k141_625168_10(Fam_5386 [★Target])
"(3099, 5386)",2,[3099],ZJZBSD-s04-N1_bin.66.purify_k141_3248673,ZJZBSD-s04-N1_bin.66.purify_k141_3248673_16710-18828,ZJZBSD-s04-N1_bin.66.purify_k141_3248673_18(Fam_3099 [★Target]) --> ZJZBSD-s04-N1_bin.66.purify_k141_3248673_19(Fam_5386 [★Target])
"(5917, 8726)",2,"[5917, 8726]",GMZ12-N1_bin.31.purify_k141_1147907,GMZ12-N1_bin.31.purify_k141_1147907_3660-5110,GMZ12-N1_bin.31.purify_k141_1147907_4(Fam_8726 [★Target]) --> GMZ12-N1_bin.31.purify_k141_1147907_5(Fam_5917 [★Target])
"(5917, 8726)",2,"[5917, 8726]",YMH1-N1_bin.101.purify_k141_1933614,YMH1-N1_bin.101.purify_k141_1933614_7611-9037,YMH1-N1_bin.101.purify_k141_1933614_9(Fam_5917 [★Target]) --> YMH1-N1_bin.101.purify_k141_1933614_10(Fam_8726 [★Target])
"(2884, 3287, 5216, 6266)",2,[3287],ZJZBSD-s03-2-N1_bin.52.purify_k141_1665784,ZJZBSD-s03-2-N1_bin.52.purify_k141_1665784_7646-12678,ZJZBSD-s03-2-N1_bin.52.purify_k141_1665784_8(Fam_2884 [★Target]) --> ZJZBSD-s03-2-N1_bin.52.purify_k141_1665784_9(Fam_5216 [★Target]) --> ZJZBSD-s03-2-N1_bin.52.purify_k141_1665784_11(Fam_6266 [★Target]) --> ZJZBSD-s03-2-N1_bin.52.purify_k141_1665784_12(Fam_3287 [★Target])
"(2884, 3287, 5216, 6266)",2,[3287],ZJZBSD-s04-N1_bin.66.purify_k141_3419771,ZJZBSD-s04-N1_bin.66.purify_k141_3419771_1105-6128,ZJZBSD-s04-N1_bin.66.purify_k141_3419771_2(Fam_3287 [★Target]) --> ZJZBSD-s04-N1_bin.66.purify_k141_3419771_3(Fam_6266 [★Target]) --> ZJZBSD-s04-N1_bin.66.purify_k141_3419771_5(Fam_5216 [★Target]) --> ZJZBSD-s04-N1_bin.66.purify_k141_3419771_6(Fam_2884 [★Target])
"(11992, 12164)",2,"[11992, 12164]",202009TB-N7_bin.59.purify_k141_338388,202009TB-N7_bin.59.purify_k141_338388_15384-15909,202009TB-N7_bin.59.purify_k141_338388_12(Fam_11992 [★Target]) --> 202009TB-N7_bin.59.purify_k141_338388_13(Fam_12164 [★Target])
"(11992, 12164)",2,"[11992, 12164]",202106QH-W28-N1_bin.174.purify_k141_1768607,202106QH-W28-N1_bin.174.purify_k141_1768607_5376-5901,202106QH-W28-N1_bin.174.purify_k141_1768607_9(Fam_12164 [★Target]) --> 202106QH-W28-N1_bin.174.purify_k141_1768607_10(Fam_11992 [★Target])
"(2569, 7299)",2,[2569],GMZ13-N1_bin.71.purify_k141_826353,GMZ13-N1_bin.71.purify_k141_826353_25491-27523,GMZ13-N1_bin.71.purify_k141_826353_24(Fam_7299 [★Target]) --> GMZ13-N1_bin.71.purify_k141_826353_25(Fam_2569 [★Target])
"(2569, 7299)",2,[2569],PC-20S-1-N1_bin.107.purify_k141_1206580,PC-20S-1-N1_bin.107.purify_k141_1206580_4294-6344,PC-20S-1-N1_bin.107.purify_k141_1206580_5(Fam_2569 [★Target]) --> PC-20S-1-N1_bin.107.purify_k141_1206580_6(Fam_7299 [★Target])
"(694, 2374)",2,[694],202104TB-W29-N1_bin.121.purify_k141_620726,202104TB-W29-N1_bin.121.purify_k141_620726_4673-7062,202104TB-W29-N1_bin.121.purify_k141_620726_6(Fam_2374 [★Target]) --> 202104TB-W29-N1_bin.121.purify_k141_620726_7(Fam_694 [★Target])
"(694, 2374)",2,[694],ZJ-S-N13.9m-N2_bin.36.purify_k141_437205,ZJ-S-N13.9m-N2_bin.36.purify_k141_437205_1649-5460,ZJ-S-N13.9m-N2_bin.36.purify_k141_437205_3(Fam_2374 [★Target]) --> ZJ-S-N13.9m-N2_bin.36.purify_k141_437205_4(Fam_694 [★Target])
"(1573, 9069)",2,[1573],202104TB-W29-N1_bin.140.purify_k141_1839133,202104TB-W29-N1_bin.140.purify_k141_1839133_3573-5859,202104TB-W29-N1_bin.140.purify_k141_1839133_6(Fam_1573 [★Target]) --> 202104TB-W29-N1_bin.140.purify_k141_1839133_7(Fam_9069 [★Target])
"(1573, 9069)",2,[1573],BGBMC-20S-2-N1_bin.55.purify_k141_1758392,BGBMC-20S-2-N1_bin.55.purify_k141_1758392_8269-10555,BGBMC-20S-2-N1_bin.55.purify_k141_1758392_10(Fam_1573 [★Target]) --> BGBMC-20S-2-N1_bin.55.purify_k141_1758392_11(Fam_9069 [★Target])
"(3080, 9911)",2,[3080],202104TB-W29-N1_bin.152.purify_k141_1609866,202104TB-W29-N1_bin.152.purify_k141_1609866_1-1716,202104TB-W29-N1_bin.152.purify_k141_1609866_1(Fam_9911 [★Target]) --> 202104TB-W29-N1_bin.152.purify_k141_1609866_2(Fam_3080 [★Target])
"(3080, 9911)",2,[3080],202104TB-W37-N1_bin.40.purify_k141_1289752,202104TB-W37-N1_bin.40.purify_k141_1289752_5017-6722,202104TB-W37-N1_bin.40.purify_k141_1289752_3(Fam_3080 [★Target]) --> 202104TB-W37-N1_bin.40.purify_k141_1289752_4(Fam_9911 [★Target])
"(6740, 7860)",2,"[6740, 7860]",HHSD2-N1_bin.21.purify_k141_2408913,HHSD2-N1_bin.21.purify_k141_2408913_96-1567,HHSD2-N1_bin.21.purify_k141_2408913_2(Fam_6740 [★Target]) --> HHSD2-N1_bin.21.purify_k141_2408913_3(Fam_7860 [★Target])
"(6740, 7860)",2,"[6740, 7860]",KMC-20S-2-N1_bin.146.purify_k141_1451509,KMC-20S-2-N1_bin.146.purify_k141_1451509_2491-3935,KMC-20S-2-N1_bin.146.purify_k141_1451509_3(Fam_6740 [★Target]) --> KMC-20S-2-N1_bin.146.purify_k141_1451509_4(Fam_7860 [★Target])
"(2044, 6884)",2,[6884],CESD-S-1-N2_bin.36.purify_k141_3064534,CESD-S-1-N2_bin.36.purify_k141_3064534_3-1702,CESD-S-1-N2_bin.36.purify_k141_3064534_1(Fam_2044 [★Target]) --> CESD-S-1-N2_bin.36.purify_k141_3064534_2(Fam_6884 [★Target])
"(2044, 6884)",2,[6884],YBJSD-S-N1_bin.25.purify_k141_2151874,YBJSD-S-N1_bin.25.purify_k141_2151874_336-2568,YBJSD-S-N1_bin.25.purify_k141_2151874_2(Fam_6884 [★Target]) --> YBJSD-S-N1_bin.25.purify_k141_2151874_3(Fam_2044 [★Target])
"(912, 8425)",2,"[912, 8425]",CN-B-S-N1_bin.101.purify_k141_239537,CN-B-S-N1_bin.101.purify_k141_239537_3-3157,CN-B-S-N1_bin.101.purify_k141_239537_1(Fam_8425 [★Target]) --> CN-B-S-N1_bin.101.purify_k141_239537_2(Fam_912 [★Target])
"(912, 8425)",2,"[912, 8425]",ZJZBSD-s03-2-N1_bin.56.purify_k141_2888373,ZJZBSD-s03-2-N1_bin.56.purify_k141_2888373_3-1560,ZJZBSD-s03-2-N1_bin.56.purify_k141_2888373_1(Fam_912 [★Target]) --> ZJZBSD-s03-2-N1_bin.56.purify_k141_2888373_2(Fam_8425 [★Target])
"(5998, 6359)",2,"[5998, 6359]",DTH1-N1_bin.24.purify_k141_2357805,DTH1-N1_bin.24.purify_k141_2357805_1469-3114,DTH1-N1_bin.24.purify_k141_2357805_3(Fam_5998 [★Target]) --> DTH1-N1_bin.24.purify_k141_2357805_4(Fam_6359 [★Target])
"(5998, 6359)",2,"[5998, 6359]",CESD-S-1-N2_bin.103.purify_k141_3818698,CESD-S-1-N2_bin.103.purify_k141_3818698_2248-3894,CESD-S-1-N2_bin.103.purify_k141_3818698_4(Fam_5998 [★Target]) --> CESD-S-1-N2_bin.103.purify_k141_3818698_5(Fam_6359 [★Target])
"(2698, 10096)",2,[2698],JC-20S-1-N1_bin.114.purify_k141_1026018,JC-20S-1-N1_bin.114.purify_k141_1026018_9590-11331,JC-20S-1-N1_bin.114.purify_k141_1026018_12(Fam_2698 [★Target]) --> JC-20S-1-N1_bin.114.purify_k141_1026018_13(Fam_10096 [★Target])
"(2698, 10096)",2,[2698],PC-20S-3-N1_bin.32.purify_k141_324100,PC-20S-3-N1_bin.32.purify_k141_324100_18336-20260,PC-20S-3-N1_bin.32.purify_k141_324100_22(Fam_2698 [★Target]) --> PC-20S-3-N1_bin.32.purify_k141_324100_23(Fam_10096 [★Target])
"(2892, 8161)",2,[8161],202104TB-W31-N1_bin.102.purify_k141_877297,202104TB-W31-N1_bin.102.purify_k141_877297_2-1752,202104TB-W31-N1_bin.102.purify_k141_877297_1(Fam_2892 [★Target]) --> 202104TB-W31-N1_bin.102.purify_k141_877297_2(Fam_8161 [★Target])
"(2892, 8161)",2,[8161],202104TB-W71-N1_bin.166.purify_k141_522854,202104TB-W71-N1_bin.166.purify_k141_522854_1-1739,202104TB-W71-N1_bin.166.purify_k141_522854_1(Fam_8161 [★Target]) --> 202104TB-W71-N1_bin.166.purify_k141_522854_2(Fam_2892 [★Target])
"(1036, 2781)",2,[2781],202104TB-W31-N1_bin.111.purify_k141_545869,202104TB-W31-N1_bin.111.purify_k141_545869_4330-5782,202104TB-W31-N1_bin.111.purify_k141_545869_9(Fam_2781 [★Target]) --> 202104TB-W31-N1_bin.111.purify_k141_545869_10(Fam_1036 [★Target])
"(1036, 2781)",2,[2781],YM-3-34.9m-N1_bin.208.purify_k141_1694759,YM-3-34.9m-N1_bin.208.purify_k141_1694759_4808-6296,YM-3-34.9m-N1_bin.208.purify_k141_1694759_10(Fam_2781 [★Target]) --> YM-3-34.9m-N1_bin.208.purify_k141_1694759_11(Fam_1036 [★Target])
"(1009, 1229)",2,[1009],202104TB-W31-N1_bin.117.purify_k141_557128,202104TB-W31-N1_bin.117.purify_k141_557128_366-4738,202104TB-W31-N1_bin.117.purify_k141_557128_2(Fam_1009 [★Target]) --> 202104TB-W31-N1_bin.117.purify_k141_557128_3(Fam_1229 [★Target])
"(1009, 1229)",2,[1009],QHH17-N1_bin.167.purify_k141_1879437,QHH17-N1_bin.167.purify_k141_1879437_13172-17543,QHH17-N1_bin.167.purify_k141_1879437_11(Fam_1229 [★Target]) --> QHH17-N1_bin.167.purify_k141_1879437_12(Fam_1009 [★Target])
"(10291, 12100)",2,[12100],202104TB-W31-N1_bin.128.purify_k141_1267531,202104TB-W31-N1_bin.128.purify_k141_1267531_700-1606,202104TB-W31-N1_bin.128.purify_k141_1267531_2(Fam_10291 [★Target]) --> 202104TB-W31-N1_bin.128.purify_k141_1267531_3(Fam_12100 [★Target])
"(10291, 12100)",2,[12100],202104TB-W40-N1_bin.10.purify_k141_648325,202104TB-W40-N1_bin.10.purify_k141_648325_2132-3038,202104TB-W40-N1_bin.10.purify_k141_648325_3(Fam_12100 [★Target]) --> 202104TB-W40-N1_bin.10.purify_k141_648325_4(Fam_10291 [★Target])
"(85, 1782)",2,"[85, 1782]",202104TB-W31-N1_bin.162.purify_k141_180683,202104TB-W31-N1_bin.162.purify_k141_180683_3147-8745,202104TB-W31-N1_bin.162.purify_k141_180683_7(Fam_85 [★Target]) --> 202104TB-W31-N1_bin.162.purify_k141_180683_8(Fam_1782 [★Target])
"(85, 1782)",2,"[85, 1782]",YM-3-34.9m-N1_bin.91.purify_k141_2033576,YM-3-34.9m-N1_bin.91.purify_k141_2033576_3076-8674,YM-3-34.9m-N1_bin.91.purify_k141_2033576_7(Fam_85 [★Target]) --> YM-3-34.9m-N1_bin.91.purify_k141_2033576_8(Fam_1782 [★Target])
"(3727, 8986)",2,[8986],JC-20S-1-N1_bin.133.purify_k141_852085,JC-20S-1-N1_bin.133.purify_k141_852085_815-2516,JC-20S-1-N1_bin.133.purify_k141_852085_3(Fam_3727 [★Target]) --> JC-20S-1-N1_bin.133.purify_k141_852085_4(Fam_8986 [★Target])
"(3727, 8986)",2,[8986],JC-20S-2-N1_bin.143.purify_k141_1883919,JC-20S-2-N1_bin.143.purify_k141_1883919_1844-3545,JC-20S-2-N1_bin.143.purify_k141_1883919_2(Fam_8986 [★Target]) --> JC-20S-2-N1_bin.143.purify_k141_1883919_3(Fam_3727 [★Target])
"(12112, 12518)",2,[12518],CE-N-S-N1_bin.23.purify_k141_675408,CE-N-S-N1_bin.23.purify_k141_675408_4355-5461,CE-N-S-N1_bin.23.purify_k141_675408_6(Fam_12518 [★Target]) --> CE-N-S-N1_bin.23.purify_k141_675408_7(Fam_12112 [★Target])
"(12112, 12518)",2,[12518],NRPC-20S-1-N1_bin.5.purify_k141_1092519,NRPC-20S-1-N1_bin.5.purify_k141_1092519_400-1506,NRPC-20S-1-N1_bin.5.purify_k141_1092519_2(Fam_12112 [★Target]) --> NRPC-20S-1-N1_bin.5.purify_k141_1092519_3(Fam_12518 [★Target])
"(490, 1803, 2040)",2,[2040],QHH17-N1_bin.83.purify_k141_413605,QHH17-N1_bin.83.purify_k141_413605_1896-7855,QHH17-N1_bin.83.purify_k141_413605_3(Fam_1803 [★Target]) --> QHH17-N1_bin.83.purify_k141_413605_4(Fam_2040 [★Target]) --> QHH17-N1_bin.83.purify_k141_413605_5(Fam_490 [★Target])
"(490, 1803, 2040)",2,[2040],CE-N-S-N1_bin.166.purify_k141_921062,CE-N-S-N1_bin.166.purify_k141_921062_1-4819,CE-N-S-N1_bin.166.purify_k141_921062_1(Fam_490 [★Target]) --> CE-N-S-N1_bin.166.purify_k141_921062_2(Fam_2040 [★Target]) --> CE-N-S-N1_bin.166.purify_k141_921062_4(Fam_1803 [★Target])
"(6961, 8329)",2,[8329],JC-20S-1-N1_bin.16.purify_k141_1660429,JC-20S-1-N1_bin.16.purify_k141_1660429_2-1089,JC-20S-1-N1_bin.16.purify_k141_1660429_1(Fam_8329 [★Target]) --> JC-20S-1-N1_bin.16.purify_k141_1660429_2(Fam_6961 [★Target])
"(6961, 8329)",2,[8329],JC-20S-2-N1_bin.131.purify_k141_339960,JC-20S-2-N1_bin.131.purify_k141_339960_3299-4695,JC-20S-2-N1_bin.131.purify_k141_339960_2(Fam_6961 [★Target]) --> JC-20S-2-N1_bin.131.purify_k141_339960_3(Fam_8329 [★Target])
"(1266, 2859)",2,"[1266, 2859]",CESD-S-1-N2_bin.23.purify_k141_1825588,CESD-S-1-N2_bin.23.purify_k141_1825588_869-3897,CESD-S-1-N2_bin.23.purify_k141_1825588_2(Fam_1266 [★Target]) --> CESD-S-1-N2_bin.23.purify_k141_1825588_3(Fam_2859 [★Target])
"(1266, 2859)",2,"[1266, 2859]",TLSD-N1_bin.20.purify_k141_5070013,TLSD-N1_bin.20.purify_k141_5070013_291-3485,TLSD-N1_bin.20.purify_k141_5070013_2(Fam_1266 [★Target]) --> TLSD-N1_bin.20.purify_k141_5070013_3(Fam_2859 [★Target])
"(11807, 12165)",2,[11807],202104TB-W24-N1_bin.39.purify_k141_409813,202104TB-W24-N1_bin.39.purify_k141_409813_2037-2692,202104TB-W24-N1_bin.39.purify_k141_409813_2(Fam_11807 [★Target]) --> 202104TB-W24-N1_bin.39.purify_k141_409813_3(Fam_12165 [★Target])
"(11807, 12165)",2,[11807],202104TB-W37-N1_bin.20.purify_k141_1094951,202104TB-W37-N1_bin.20.purify_k141_1094951_4463-5118,202104TB-W37-N1_bin.20.purify_k141_1094951_4(Fam_12165 [★Target]) --> 202104TB-W37-N1_bin.20.purify_k141_1094951_5(Fam_11807 [★Target])
"(7340, 10262)",2,[10262],202104TB-W24-N1_bin.66.purify_k141_1451007,202104TB-W24-N1_bin.66.purify_k141_1451007_6958-8217,202104TB-W24-N1_bin.66.purify_k141_1451007_6(Fam_10262 [★Target]) --> 202104TB-W24-N1_bin.66.purify_k141_1451007_7(Fam_7340 [★Target])
"(7340, 10262)",2,[10262],202106QH-W6-N1_bin.100.purify_k141_1708336,202106QH-W6-N1_bin.100.purify_k141_1708336_2020-3222,202106QH-W6-N1_bin.100.purify_k141_1708336_3(Fam_10262 [★Target]) --> 202106QH-W6-N1_bin.100.purify_k141_1708336_4(Fam_7340 [★Target])
"(3974, 10047)",2,[10047],202104TB-W24-N1_bin.84.purify_k141_1513717,202104TB-W24-N1_bin.84.purify_k141_1513717_3797-5482,202104TB-W24-N1_bin.84.purify_k141_1513717_4(Fam_3974 [★Target]) --> 202104TB-W24-N1_bin.84.purify_k141_1513717_5(Fam_10047 [★Target])
"(3974, 10047)",2,[10047],GMZ4-N1_bin.165.purify_k141_1719662,GMZ4-N1_bin.165.purify_k141_1719662_4891-6767,GMZ4-N1_bin.165.purify_k141_1719662_5(Fam_3974 [★Target]) --> GMZ4-N1_bin.165.purify_k141_1719662_6(Fam_10047 [★Target])
"(4232, 7275)",2,[7275],202104TB-W24-N1_bin.93.purify_k141_656056,202104TB-W24-N1_bin.93.purify_k141_656056_1047-2861,202104TB-W24-N1_bin.93.purify_k141_656056_1(Fam_7275 [★Target]) --> 202104TB-W24-N1_bin.93.purify_k141_656056_2(Fam_4232 [★Target])
"(4232, 7275)",2,[7275],SLC-S-3-N1_bin.137.purify_k141_1096886,SLC-S-3-N1_bin.137.purify_k141_1096886_764-2599,SLC-S-3-N1_bin.137.purify_k141_1096886_2(Fam_4232 [★Target]) --> SLC-S-3-N1_bin.137.purify_k141_1096886_3(Fam_7275 [★Target])
"(5505, 5538)",2,[5538],202104TB-W25-N1_bin.115.purify_k141_838535,202104TB-W25-N1_bin.115.purify_k141_838535_422-2190,202104TB-W25-N1_bin.115.purify_k141_838535_1(Fam_5505 [★Target]) --> 202104TB-W25-N1_bin.115.purify_k141_838535_2(Fam_5538 [★Target])
"(5505, 5538)",2,[5538],202106QH-W7-N1_bin.22.purify_k141_525233,202106QH-W7-N1_bin.22.purify_k141_525233_7607-9389,202106QH-W7-N1_bin.22.purify_k141_525233_8(Fam_5538 [★Target]) --> 202106QH-W7-N1_bin.22.purify_k141_525233_9(Fam_5505 [★Target])
"(7228, 8481)",2,[8481],202104TB-W25-N1_bin.117.purify_k141_314085,202104TB-W25-N1_bin.117.purify_k141_314085_1481-2814,202104TB-W25-N1_bin.117.purify_k141_314085_4(Fam_7228 [★Target]) --> 202104TB-W25-N1_bin.117.purify_k141_314085_5(Fam_8481 [★Target])
"(7228, 8481)",2,[8481],SLC-S-3-N1_bin.69.purify_k141_2367025,SLC-S-3-N1_bin.69.purify_k141_2367025_1610-2943,SLC-S-3-N1_bin.69.purify_k141_2367025_4(Fam_7228 [★Target]) --> SLC-S-3-N1_bin.69.purify_k141_2367025_5(Fam_8481 [★Target])
"(2640, 7620)",2,[7620],202104TB-W26-N1_bin.98.purify_k141_1154578,202104TB-W26-N1_bin.98.purify_k141_1154578_14363-16320,202104TB-W26-N1_bin.98.purify_k141_1154578_10(Fam_7620 [★Target]) --> 202104TB-W26-N1_bin.98.purify_k141_1154578_11(Fam_2640 [★Target])
"(2640, 7620)",2,[7620],BGBMC-20S-2-N1_bin.282.purify_k141_93014,BGBMC-20S-2-N1_bin.282.purify_k141_93014_7048-9053,BGBMC-20S-2-N1_bin.282.purify_k141_93014_5(Fam_2640 [★Target]) --> BGBMC-20S-2-N1_bin.282.purify_k141_93014_6(Fam_7620 [★Target])
"(3823, 7843)",2,[3823],202104TB-W25-N1_bin.140.purify_k141_289626,202104TB-W25-N1_bin.140.purify_k141_289626_262-2047,202104TB-W25-N1_bin.140.purify_k141_289626_2(Fam_3823 [★Target]) --> 202104TB-W25-N1_bin.140.purify_k141_289626_3(Fam_7843 [★Target])
"(3823, 7843)",2,[3823],QHH7-N1_bin.200.purify_k141_2971375,QHH7-N1_bin.200.purify_k141_2971375_5136-6921,QHH7-N1_bin.200.purify_k141_2971375_7(Fam_7843 [★Target]) --> QHH7-N1_bin.200.purify_k141_2971375_8(Fam_3823 [★Target])
"(4992, 6647)",2,[4992],202104TB-W25-N1_bin.150.purify_k141_563614,202104TB-W25-N1_bin.150.purify_k141_563614_436-2063,202104TB-W25-N1_bin.150.purify_k141_563614_2(Fam_4992 [★Target]) --> 202104TB-W25-N1_bin.150.purify_k141_563614_3(Fam_6647 [★Target])
"(4992, 6647)",2,[4992],SLC-S-3-N1_bin.237.purify_k141_1982642,SLC-S-3-N1_bin.237.purify_k141_1982642_1-2069,SLC-S-3-N1_bin.237.purify_k141_1982642_1(Fam_6647 [★Target]) --> SLC-S-3-N1_bin.237.purify_k141_1982642_2(Fam_4992 [★Target])
"(3407, 5967)",2,[3407],202104TB-W25-N1_bin.28.purify_k141_1013355,202104TB-W25-N1_bin.28.purify_k141_1013355_2-1139,202104TB-W25-N1_bin.28.purify_k141_1013355_1(Fam_3407 [★Target]) --> 202104TB-W25-N1_bin.28.purify_k141_1013355_2(Fam_5967 [★Target])
"(3407, 5967)",2,[3407],CESD-S-3-N1_bin.9.purify_k141_801244,CESD-S-3-N1_bin.9.purify_k141_801244_7007-8488,CESD-S-3-N1_bin.9.purify_k141_801244_6(Fam_3407 [★Target]) --> CESD-S-3-N1_bin.9.purify_k141_801244_7(Fam_5967 [★Target])
"(819, 10182)",2,[10182],202104TB-W25-N1_bin.5.purify_k141_934798,202104TB-W25-N1_bin.5.purify_k141_934798_1-2336,202104TB-W25-N1_bin.5.purify_k141_934798_1(Fam_10182 [★Target]) --> 202104TB-W25-N1_bin.5.purify_k141_934798_2(Fam_819 [★Target])
"(819, 10182)",2,[10182],202104TB-W34-N1_bin.162.purify_k141_2175812,202104TB-W34-N1_bin.162.purify_k141_2175812_1-2600,202104TB-W34-N1_bin.162.purify_k141_2175812_1(Fam_10182 [★Target]) --> 202104TB-W34-N1_bin.162.purify_k141_2175812_2(Fam_819 [★Target])
"(1079, 2437)",2,[2437],202104TB-W25-N1_bin.50.purify_k141_89525,202104TB-W25-N1_bin.50.purify_k141_89525_5476-8891,202104TB-W25-N1_bin.50.purify_k141_89525_6(Fam_2437 [★Target]) --> 202104TB-W25-N1_bin.50.purify_k141_89525_7(Fam_1079 [★Target])
"(1079, 2437)",2,[2437],ZJ-S-N13.9m-N2_bin.45.purify_k141_408751,ZJ-S-N13.9m-N2_bin.45.purify_k141_408751_2-1929,ZJ-S-N13.9m-N2_bin.45.purify_k141_408751_1(Fam_2437 [★Target]) --> ZJ-S-N13.9m-N2_bin.45.purify_k141_408751_2(Fam_1079 [★Target])
"(6558, 8351)",2,[8351],HH1-N1_bin.56.purify_k141_4625136,HH1-N1_bin.56.purify_k141_4625136_1214-2613,HH1-N1_bin.56.purify_k141_4625136_2(Fam_8351 [★Target]) --> HH1-N1_bin.56.purify_k141_4625136_3(Fam_6558 [★Target])
"(6558, 8351)",2,[8351],ZJ-S5-N1_bin.51.purify_k141_1048391,ZJ-S5-N1_bin.51.purify_k141_1048391_2281-3680,ZJ-S5-N1_bin.51.purify_k141_1048391_2(Fam_8351 [★Target]) --> ZJ-S5-N1_bin.51.purify_k141_1048391_3(Fam_6558 [★Target])
"(1095, 5931)",2,[1095],202104TB-W26-N1_bin.21.purify_k141_910403,202104TB-W26-N1_bin.21.purify_k141_910403_365-3043,202104TB-W26-N1_bin.21.purify_k141_910403_2(Fam_1095 [★Target]) --> 202104TB-W26-N1_bin.21.purify_k141_910403_3(Fam_5931 [★Target])
"(1095, 5931)",2,[1095],202104TB-W73-N1_bin.36.purify_k141_2701486,202104TB-W73-N1_bin.36.purify_k141_2701486_3-1531,202104TB-W73-N1_bin.36.purify_k141_2701486_1(Fam_1095 [★Target]) --> 202104TB-W73-N1_bin.36.purify_k141_2701486_2(Fam_5931 [★Target])
"(4225, 8590)",2,[8590],202104TB-W26-N1_bin.42.purify_k141_810345,202104TB-W26-N1_bin.42.purify_k141_810345_3136-4743,202104TB-W26-N1_bin.42.purify_k141_810345_4(Fam_8590 [★Target]) --> 202104TB-W26-N1_bin.42.purify_k141_810345_5(Fam_4225 [★Target])
"(4225, 8590)",2,[8590],202106QH-W28-N1_bin.89.purify_k141_597503,202106QH-W28-N1_bin.89.purify_k141_597503_1131-2592,202106QH-W28-N1_bin.89.purify_k141_597503_2(Fam_4225 [★Target]) --> 202106QH-W28-N1_bin.89.purify_k141_597503_3(Fam_8590 [★Target])
"(1514, 6910)",2,[6910],202104TB-W26-N1_bin.7.purify_k141_1114883,202104TB-W26-N1_bin.7.purify_k141_1114883_1-2352,202104TB-W26-N1_bin.7.purify_k141_1114883_1(Fam_1514 [★Target]) --> 202104TB-W26-N1_bin.7.purify_k141_1114883_2(Fam_6910 [★Target])
"(1514, 6910)",2,[6910],202104TB-W71-N1_bin.113.purify_k141_1085406,202104TB-W71-N1_bin.113.purify_k141_1085406_96-2548,202104TB-W71-N1_bin.113.purify_k141_1085406_2(Fam_6910 [★Target]) --> 202104TB-W71-N1_bin.113.purify_k141_1085406_3(Fam_1514 [★Target])
"(2600, 5923)",2,[2600],202104TB-W26-N1_bin.7.purify_k141_1137243,202104TB-W26-N1_bin.7.purify_k141_1137243_6412-8766,202104TB-W26-N1_bin.7.purify_k141_1137243_7(Fam_2600 [★Target]) --> 202104TB-W26-N1_bin.7.purify_k141_1137243_8(Fam_5923 [★Target])
"(2600, 5923)",2,[2600],NMC-S-6-N1_bin.71.purify_k141_2034735,NMC-S-6-N1_bin.71.purify_k141_2034735_3050-5404,NMC-S-6-N1_bin.71.purify_k141_2034735_4(Fam_2600 [★Target]) --> NMC-S-6-N1_bin.71.purify_k141_2034735_5(Fam_5923 [★Target])
"(2640, 7365)",2,[7365],202104TB-W26-N1_bin.76.purify_k141_370900,202104TB-W26-N1_bin.76.purify_k141_370900_7037-9002,202104TB-W26-N1_bin.76.purify_k141_370900_7(Fam_7365 [★Target]) --> 202104TB-W26-N1_bin.76.purify_k141_370900_8(Fam_2640 [★Target])
"(2640, 7365)",2,[7365],YM-3-34.9m-N1_bin.10.purify_k141_707529,YM-3-34.9m-N1_bin.10.purify_k141_707529_4480-6490,YM-3-34.9m-N1_bin.10.purify_k141_707529_3(Fam_7365 [★Target]) --> YM-3-34.9m-N1_bin.10.purify_k141_707529_4(Fam_2640 [★Target])
"(6242, 10791)",2,[6242],202104TB-W25-N1_bin.123.purify_k141_869867,202104TB-W25-N1_bin.123.purify_k141_869867_925-2813,202104TB-W25-N1_bin.123.purify_k141_869867_3(Fam_10791 [★Target]) --> 202104TB-W25-N1_bin.123.purify_k141_869867_4(Fam_6242 [★Target])
"(6242, 10791)",2,[6242],QHH17-N1_bin.186.purify_k141_128252,QHH17-N1_bin.186.purify_k141_128252_578-2646,QHH17-N1_bin.186.purify_k141_128252_2(Fam_6242 [★Target]) --> QHH17-N1_bin.186.purify_k141_128252_3(Fam_10791 [★Target])
"(538, 1973)",2,[1973],202104TB-W48-N1_bin.34.purify_k141_1342126,202104TB-W48-N1_bin.34.purify_k141_1342126_7167-11344,202104TB-W48-N1_bin.34.purify_k141_1342126_10(Fam_1973 [★Target]) --> 202104TB-W48-N1_bin.34.purify_k141_1342126_11(Fam_538 [★Target])
"(538, 1973)",2,[1973],YM-3-34.9m-N1_bin.91.purify_k141_1415567,YM-3-34.9m-N1_bin.91.purify_k141_1415567_1-3503,YM-3-34.9m-N1_bin.91.purify_k141_1415567_1(Fam_1973 [★Target]) --> YM-3-34.9m-N1_bin.91.purify_k141_1415567_2(Fam_538 [★Target])
"(2710, 6163)",2,[2710],CE-20S-2-N1_bin.29.purify_k141_475227,CE-20S-2-N1_bin.29.purify_k141_475227_1853-4449,CE-20S-2-N1_bin.29.purify_k141_475227_4(Fam_6163 [★Target]) --> CE-20S-2-N1_bin.29.purify_k141_475227_6(Fam_2710 [★Target])
"(2710, 6163)",2,[2710],CE-D-S-N1_bin.32.purify_k141_2326801,CE-D-S-N1_bin.32.purify_k141_2326801_1853-4449,CE-D-S-N1_bin.32.purify_k141_2326801_4(Fam_6163 [★Target]) --> CE-D-S-N1_bin.32.purify_k141_2326801_6(Fam_2710 [★Target])
"(938, 8401)",2,[8401],YZYC-20S-1-N1_bin.219.purify_k141_886027,YZYC-20S-1-N1_bin.219.purify_k141_886027_3-2740,YZYC-20S-1-N1_bin.219.purify_k141_886027_1(Fam_8401 [★Target]) --> YZYC-20S-1-N1_bin.219.purify_k141_886027_2(Fam_938 [★Target])
"(938, 8401)",2,[8401],YZYC-20S-5-N1_bin.135.purify_k141_124976,YZYC-20S-5-N1_bin.135.purify_k141_124976_3-2730,YZYC-20S-5-N1_bin.135.purify_k141_124976_1(Fam_8401 [★Target]) --> YZYC-20S-5-N1_bin.135.purify_k141_124976_2(Fam_938 [★Target])
"(4697, 5862)",2,[4697],202104TB-W49-N1_bin.99.purify_k141_1804363,202104TB-W49-N1_bin.99.purify_k141_1804363_3-1294,202104TB-W49-N1_bin.99.purify_k141_1804363_1(Fam_4697 [★Target]) --> 202104TB-W49-N1_bin.99.purify_k141_1804363_2(Fam_5862 [★Target])
"(4697, 5862)",2,[4697],SQ-S-2-N1_bin.21.purify_k141_2406764,SQ-S-2-N1_bin.21.purify_k141_2406764_1837-3617,SQ-S-2-N1_bin.21.purify_k141_2406764_3(Fam_4697 [★Target]) --> SQ-S-2-N1_bin.21.purify_k141_2406764_4(Fam_5862 [★Target])
"(6958, 7241)",2,"[6958, 7241]",CE-20S-2-N1_bin.123.purify_k141_1121071,CE-20S-2-N1_bin.123.purify_k141_1121071_6405-7879,CE-20S-2-N1_bin.123.purify_k141_1121071_10(Fam_6958 [★Target]) --> CE-20S-2-N1_bin.123.purify_k141_1121071_11(Fam_7241 [★Target])
"(6958, 7241)",2,"[6958, 7241]",PC-20S-3-N1_bin.178.purify_k141_1665756,PC-20S-3-N1_bin.178.purify_k141_1665756_4448-5922,PC-20S-3-N1_bin.178.purify_k141_1665756_8(Fam_7241 [★Target]) --> PC-20S-3-N1_bin.178.purify_k141_1665756_9(Fam_6958 [★Target])
"(815, 3761)",2,[815],YZYC-20S-1-N1_bin.219.purify_k141_173345,YZYC-20S-1-N1_bin.219.purify_k141_173345_292-3864,YZYC-20S-1-N1_bin.219.purify_k141_173345_1(Fam_3761 [★Target]) --> YZYC-20S-1-N1_bin.219.purify_k141_173345_2(Fam_815 [★Target])
"(815, 3761)",2,[815],YZYC-20S-5-N1_bin.135.purify_k141_70150,YZYC-20S-5-N1_bin.135.purify_k141_70150_292-3864,YZYC-20S-5-N1_bin.135.purify_k141_70150_1(Fam_3761 [★Target]) --> YZYC-20S-5-N1_bin.135.purify_k141_70150_2(Fam_815 [★Target])
"(8218, 8341)",2,[8218],KMC-20S-2-N1_bin.10.purify_k141_1418403,KMC-20S-2-N1_bin.10.purify_k141_1418403_2-804,KMC-20S-2-N1_bin.10.purify_k141_1418403_1(Fam_8341 [★Target]) --> KMC-20S-2-N1_bin.10.purify_k141_1418403_2(Fam_8218 [★Target])
"(8218, 8341)",2,[8218],PC-20S-4-N1_bin.42.purify_k141_117665,PC-20S-4-N1_bin.42.purify_k141_117665_25875-27052,PC-20S-4-N1_bin.42.purify_k141_117665_24(Fam_8341 [★Target]) --> PC-20S-4-N1_bin.42.purify_k141_117665_25(Fam_8218 [★Target])
"(4148, 4433)",2,[4148],YZYC-20S-1-N1_bin.181.purify_k141_1687085,YZYC-20S-1-N1_bin.181.purify_k141_1687085_560-2682,YZYC-20S-1-N1_bin.181.purify_k141_1687085_1(Fam_4433 [★Target]) --> YZYC-20S-1-N1_bin.181.purify_k141_1687085_2(Fam_4148 [★Target])
"(4148, 4433)",2,[4148],YZYC-20S-5-N1_bin.183.purify_k141_1652028,YZYC-20S-5-N1_bin.183.purify_k141_1652028_10214-12336,YZYC-20S-5-N1_bin.183.purify_k141_1652028_10(Fam_4148 [★Target]) --> YZYC-20S-5-N1_bin.183.purify_k141_1652028_11(Fam_4433 [★Target])
"(7773, 9358)",2,[7773],YZYC-20S-1-N1_bin.140.purify_k141_1660431,YZYC-20S-1-N1_bin.140.purify_k141_1660431_1712-2965,YZYC-20S-1-N1_bin.140.purify_k141_1660431_3(Fam_7773 [★Target]) --> YZYC-20S-1-N1_bin.140.purify_k141_1660431_4(Fam_9358 [★Target])
"(7773, 9358)",2,[7773],YZYC-20S-5-N1_bin.122.purify_k141_2636963,YZYC-20S-5-N1_bin.122.purify_k141_2636963_1963-3216,YZYC-20S-5-N1_bin.122.purify_k141_2636963_3(Fam_9358 [★Target]) --> YZYC-20S-5-N1_bin.122.purify_k141_2636963_4(Fam_7773 [★Target])
"(5782, 6661)",2,[6661],202104TB-W42-N1_bin.1.purify_k141_326121,202104TB-W42-N1_bin.1.purify_k141_326121_251-2201,202104TB-W42-N1_bin.1.purify_k141_326121_2(Fam_5782 [★Target]) --> 202104TB-W42-N1_bin.1.purify_k141_326121_3(Fam_6661 [★Target])
"(5782, 6661)",2,[6661],202104TB-W73-N1_bin.20.purify_k141_974113,202104TB-W73-N1_bin.20.purify_k141_974113_168-1976,202104TB-W73-N1_bin.20.purify_k141_974113_2(Fam_5782 [★Target]) --> 202104TB-W73-N1_bin.20.purify_k141_974113_3(Fam_6661 [★Target])
"(5394, 10822)",2,"[5394, 10822]",202104TB-W48-N1_bin.57.purify_k141_1783393,202104TB-W48-N1_bin.57.purify_k141_1783393_3-1514,202104TB-W48-N1_bin.57.purify_k141_1783393_1(Fam_5394 [★Target]) --> 202104TB-W48-N1_bin.57.purify_k141_1783393_2(Fam_10822 [★Target])
"(5394, 10822)",2,"[5394, 10822]",TLH2-N1_bin.32.purify_k141_241068,TLH2-N1_bin.32.purify_k141_241068_3-1367,TLH2-N1_bin.32.purify_k141_241068_1(Fam_5394 [★Target]) --> TLH2-N1_bin.32.purify_k141_241068_2(Fam_10822 [★Target])
"(3989, 9300)",2,[3989],YZYC-20S-1-N1_bin.140.purify_k141_2343510,YZYC-20S-1-N1_bin.140.purify_k141_2343510_493-2264,YZYC-20S-1-N1_bin.140.purify_k141_2343510_1(Fam_3989 [★Target]) --> YZYC-20S-1-N1_bin.140.purify_k141_2343510_2(Fam_9300 [★Target])
"(3989, 9300)",2,[3989],YZYC-20S-5-N1_bin.122.purify_k141_2021696,YZYC-20S-5-N1_bin.122.purify_k141_2021696_493-2264,YZYC-20S-5-N1_bin.122.purify_k141_2021696_1(Fam_3989 [★Target]) --> YZYC-20S-5-N1_bin.122.purify_k141_2021696_2(Fam_9300 [★Target])
"(324, 12147)",2,[12147],CE-20S-1-N1_bin.53.purify_k141_1408963,CE-20S-1-N1_bin.53.purify_k141_1408963_2816-6390,CE-20S-1-N1_bin.53.purify_k141_1408963_3(Fam_324 [★Target]) --> CE-20S-1-N1_bin.53.purify_k141_1408963_4(Fam_12147 [★Target])
"(324, 12147)",2,[12147],YM-S-27.0m-N1_bin.188.purify_k141_1209226,YM-S-27.0m-N1_bin.188.purify_k141_1209226_1526-5100,YM-S-27.0m-N1_bin.188.purify_k141_1209226_2(Fam_12147 [★Target]) --> YM-S-27.0m-N1_bin.188.purify_k141_1209226_3(Fam_324 [★Target])
"(451, 1759)",2,[1759],202104TB-W51-N1_bin.1.purify_k141_1092944,202104TB-W51-N1_bin.1.purify_k141_1092944_749-5226,202104TB-W51-N1_bin.1.purify_k141_1092944_3(Fam_1759 [★Target]) --> 202104TB-W51-N1_bin.1.purify_k141_1092944_4(Fam_451 [★Target])
"(451, 1759)",2,[1759],202106QH-W18-N1_bin.90.purify_k141_3268609,202106QH-W18-N1_bin.90.purify_k141_3268609_1-4085,202106QH-W18-N1_bin.90.purify_k141_3268609_1(Fam_1759 [★Target]) --> 202106QH-W18-N1_bin.90.purify_k141_3268609_2(Fam_451 [★Target])
"(4018, 11485)",2,[4018],CE-20S-1-N1_bin.142.purify_k141_144437,CE-20S-1-N1_bin.142.purify_k141_144437_1-1417,CE-20S-1-N1_bin.142.purify_k141_144437_1(Fam_11485 [★Target]) --> CE-20S-1-N1_bin.142.purify_k141_144437_2(Fam_4018 [★Target])
"(4018, 11485)",2,[4018],QHH17-N1_bin.117.purify_k141_1441489,QHH17-N1_bin.117.purify_k141_1441489_1859-3188,QHH17-N1_bin.117.purify_k141_1441489_4(Fam_4018 [★Target]) --> QHH17-N1_bin.117.purify_k141_1441489_5(Fam_11485 [★Target])
"(11067, 12539)",2,[12539],CE-20S-2-N1_bin.18.purify_k141_1548434,CE-20S-2-N1_bin.18.purify_k141_1548434_68-638,CE-20S-2-N1_bin.18.purify_k141_1548434_1(Fam_12539 [★Target]) --> CE-20S-2-N1_bin.18.purify_k141_1548434_2(Fam_11067 [★Target])
"(11067, 12539)",2,[12539],PC-20S-1-N1_bin.255.purify_k141_765514,PC-20S-1-N1_bin.255.purify_k141_765514_1644-2214,PC-20S-1-N1_bin.255.purify_k141_765514_3(Fam_11067 [★Target]) --> PC-20S-1-N1_bin.255.purify_k141_765514_4(Fam_12539 [★Target])
"(9931, 11906)",2,[9931],YZYC-20S-1-N1_bin.201.purify_k141_1763582,YZYC-20S-1-N1_bin.201.purify_k141_1763582_4790-5417,YZYC-20S-1-N1_bin.201.purify_k141_1763582_3(Fam_9931 [★Target]) --> YZYC-20S-1-N1_bin.201.purify_k141_1763582_4(Fam_11906 [★Target])
"(9931, 11906)",2,[9931],YZYC-20S-5-N1_bin.175.purify_k141_1351127,YZYC-20S-5-N1_bin.175.purify_k141_1351127_5735-6362,YZYC-20S-5-N1_bin.175.purify_k141_1351127_8(Fam_11906 [★Target]) --> YZYC-20S-5-N1_bin.175.purify_k141_1351127_9(Fam_9931 [★Target])
"(3822, 4060)",2,"[3822, 4060]",202104TB-W48-N1_bin.54.purify_k141_2153206,202104TB-W48-N1_bin.54.purify_k141_2153206_3-2247,202104TB-W48-N1_bin.54.purify_k141_2153206_1(Fam_3822 [★Target]) --> 202104TB-W48-N1_bin.54.purify_k141_2153206_2(Fam_4060 [★Target])
"(3822, 4060)",2,"[3822, 4060]",ZJZBSD-01-3-s1-N3_bin.120.purify_k141_1596366,ZJZBSD-01-3-s1-N3_bin.120.purify_k141_1596366_3-1824,ZJZBSD-01-3-s1-N3_bin.120.purify_k141_1596366_1(Fam_3822 [★Target]) --> ZJZBSD-01-3-s1-N3_bin.120.purify_k141_1596366_2(Fam_4060 [★Target])
"(3762, 3922, 4027)",2,[3922],YZYC-20S-1-N1_bin.209.purify_k141_2574962,YZYC-20S-1-N1_bin.209.purify_k141_2574962_192-3663,YZYC-20S-1-N1_bin.209.purify_k141_2574962_2(Fam_4027 [★Target]) --> YZYC-20S-1-N1_bin.209.purify_k141_2574962_3(Fam_3762 [★Target]) --> YZYC-20S-1-N1_bin.209.purify_k141_2574962_4(Fam_3922 [★Target])
"(3762, 3922, 4027)",2,[3922],YZYC-20S-4-N1_bin.77.purify_k141_777059,YZYC-20S-4-N1_bin.77.purify_k141_777059_75-3546,YZYC-20S-4-N1_bin.77.purify_k141_777059_2(Fam_4027 [★Target]) --> YZYC-20S-4-N1_bin.77.purify_k141_777059_3(Fam_3762 [★Target]) --> YZYC-20S-4-N1_bin.77.purify_k141_777059_4(Fam_3922 [★Target])
"(4552, 7113)",2,[4552],202104TB-W44-N1_bin.3.purify_k141_169111,202104TB-W44-N1_bin.3.purify_k141_169111_1460-3479,202104TB-W44-N1_bin.3.purify_k141_169111_4(Fam_4552 [★Target]) --> 202104TB-W44-N1_bin.3.purify_k141_169111_5(Fam_7113 [★Target])
"(4552, 7113)",2,[4552],ZJZBSD-s03-N1_bin.49.purify_k141_127545,ZJZBSD-s03-N1_bin.49.purify_k141_127545_3136-5009,ZJZBSD-s03-N1_bin.49.purify_k141_127545_5(Fam_4552 [★Target]) --> ZJZBSD-s03-N1_bin.49.purify_k141_127545_6(Fam_7113 [★Target])
"(471, 8843)",2,[8843],JC-20S-1-N1_bin.137.purify_k141_258574,JC-20S-1-N1_bin.137.purify_k141_258574_3-2556,JC-20S-1-N1_bin.137.purify_k141_258574_1(Fam_471 [★Target]) --> JC-20S-1-N1_bin.137.purify_k141_258574_2(Fam_8843 [★Target])
"(471, 8843)",2,[8843],YM-3-34.9m-N1_bin.130.purify_k141_2141133,YM-3-34.9m-N1_bin.130.purify_k141_2141133_5962-8248,YM-3-34.9m-N1_bin.130.purify_k141_2141133_5(Fam_8843 [★Target]) --> YM-3-34.9m-N1_bin.130.purify_k141_2141133_6(Fam_471 [★Target])
"(7582, 9168)",2,[9168],KMC-20S-2-N1_bin.100.purify_k141_2889005,KMC-20S-2-N1_bin.100.purify_k141_2889005_15877-17089,KMC-20S-2-N1_bin.100.purify_k141_2889005_15(Fam_7582 [★Target]) --> KMC-20S-2-N1_bin.100.purify_k141_2889005_16(Fam_9168 [★Target])
"(7582, 9168)",2,[9168],YZYC-20S-4-N1_bin.150.purify_k141_1222585,YZYC-20S-4-N1_bin.150.purify_k141_1222585_700-1933,YZYC-20S-4-N1_bin.150.purify_k141_1222585_2(Fam_9168 [★Target]) --> YZYC-20S-4-N1_bin.150.purify_k141_1222585_3(Fam_7582 [★Target])
"(1812, 9476)",2,[9476],CE-20S-1-N1_bin.61.purify_k141_151865,CE-20S-1-N1_bin.61.purify_k141_151865_521-3537,CE-20S-1-N1_bin.61.purify_k141_151865_2(Fam_9476 [★Target]) --> CE-20S-1-N1_bin.61.purify_k141_151865_5(Fam_1812 [★Target])
"(1812, 9476)",2,[9476],CE-20S-3-N1_bin.53.purify_k141_1510388,CE-20S-3-N1_bin.53.purify_k141_1510388_1829-4845,CE-20S-3-N1_bin.53.purify_k141_1510388_3(Fam_1812 [★Target]) --> CE-20S-3-N1_bin.53.purify_k141_1510388_6(Fam_9476 [★Target])
"(62, 5578)",2,[5578],YZYC-20S-1-N1_bin.116.purify_k141_589184,YZYC-20S-1-N1_bin.116.purify_k141_589184_1245-5197,YZYC-20S-1-N1_bin.116.purify_k141_589184_4(Fam_62 [★Target]) --> YZYC-20S-1-N1_bin.116.purify_k141_589184_5(Fam_5578 [★Target])
"(62, 5578)",2,[5578],YZYC-20S-5-N1_bin.79.purify_k141_2004218,YZYC-20S-5-N1_bin.79.purify_k141_2004218_459-4411,YZYC-20S-5-N1_bin.79.purify_k141_2004218_2(Fam_5578 [★Target]) --> YZYC-20S-5-N1_bin.79.purify_k141_2004218_3(Fam_62 [★Target])
"(2764, 7581)",2,[2764],YZYC-20S-1-N1_bin.202.purify_k141_1161357,YZYC-20S-1-N1_bin.202.purify_k141_1161357_1-1911,YZYC-20S-1-N1_bin.202.purify_k141_1161357_1(Fam_2764 [★Target]) --> YZYC-20S-1-N1_bin.202.purify_k141_1161357_2(Fam_7581 [★Target])
"(2764, 7581)",2,[2764],YZYC-20S-2-N1_bin.127.purify_k141_1383338,YZYC-20S-2-N1_bin.127.purify_k141_1383338_1-2061,YZYC-20S-2-N1_bin.127.purify_k141_1383338_1(Fam_2764 [★Target]) --> YZYC-20S-2-N1_bin.127.purify_k141_1383338_2(Fam_7581 [★Target])
"(6995, 11099)",2,[11099],CE-20S-1-N1_bin.90.purify_k141_1194332,CE-20S-1-N1_bin.90.purify_k141_1194332_2476-3700,CE-20S-1-N1_bin.90.purify_k141_1194332_3(Fam_6995 [★Target]) --> CE-20S-1-N1_bin.90.purify_k141_1194332_4(Fam_11099 [★Target])
"(6995, 11099)",2,[11099],SLC-S-3-N1_bin.99.purify_k141_1137608,SLC-S-3-N1_bin.99.purify_k141_1137608_3-1065,SLC-S-3-N1_bin.99.purify_k141_1137608_1(Fam_11099 [★Target]) --> SLC-S-3-N1_bin.99.purify_k141_1137608_2(Fam_6995 [★Target])
"(778, 1742)",2,[1742],CE-20S-2-N1_bin.33.purify_k141_689054,CE-20S-2-N1_bin.33.purify_k141_689054_3187-5019,CE-20S-2-N1_bin.33.purify_k141_689054_4(Fam_778 [★Target]) --> CE-20S-2-N1_bin.33.purify_k141_689054_5(Fam_1742 [★Target])
"(778, 1742)",2,[1742],CE-D-S-28.1m-N2_bin.124.purify_k141_19313,CE-D-S-28.1m-N2_bin.124.purify_k141_19313_3187-5019,CE-D-S-28.1m-N2_bin.124.purify_k141_19313_4(Fam_778 [★Target]) --> CE-D-S-28.1m-N2_bin.124.purify_k141_19313_5(Fam_1742 [★Target])
"(1035, 2118, 4817)",2,[4817],YZYC-20S-1-N1_bin.201.purify_k141_702862,YZYC-20S-1-N1_bin.201.purify_k141_702862_4090-7173,YZYC-20S-1-N1_bin.201.purify_k141_702862_9(Fam_2118 [★Target]) --> YZYC-20S-1-N1_bin.201.purify_k141_702862_10(Fam_4817 [★Target]) --> YZYC-20S-1-N1_bin.201.purify_k141_702862_11(Fam_1035 [★Target])
"(1035, 2118, 4817)",2,[4817],YZYC-20S-2-N1_bin.128.purify_k141_2130922,YZYC-20S-2-N1_bin.128.purify_k141_2130922_4090-7173,YZYC-20S-2-N1_bin.128.purify_k141_2130922_9(Fam_2118 [★Target]) --> YZYC-20S-2-N1_bin.128.purify_k141_2130922_10(Fam_4817 [★Target]) --> YZYC-20S-2-N1_bin.128.purify_k141_2130922_11(Fam_1035 [★Target])
