homology_cluster_id,candidate,known_defense,total_genes,homology_type
5392,57,24,81,Expanded_Known_Family
1107,56,18,74,Expanded_Known_Family
11507,57,10,67,Expanded_Known_Family
2320,32,26,58,Expanded_Known_Family
11221,33,21,54,Expanded_Known_Family
5040,41,10,51,Expanded_Known_Family
10482,21,27,48,Expanded_Known_Family
1035,30,16,46,Expanded_Known_Family
11908,28,14,42,Expanded_Known_Family
4120,27,12,39,Expanded_Known_Family
5974,12,24,36,Expanded_Known_Family
6558,14,20,34,Expanded_Known_Family
1937,22,12,34,Expanded_Known_Family
4770,24,9,33,Expanded_Known_Family
7939,23,10,33,Expanded_Known_Family
10608,12,20,32,Expanded_Known_Family
184,17,15,32,Expanded_Known_Family
11122,7,23,30,Expanded_Known_Family
5555,20,10,30,Expanded_Known_Family
12566,30,0,30,Potential_Novel_Family
6238,19,10,29,Expanded_Known_Family
12196,25,4,29,Expanded_Known_Family
8131,18,11,29,Expanded_Known_Family
8448,20,9,29,Expanded_Known_Family
3368,7,22,29,Expanded_Known_Family
3462,17,11,28,Expanded_Known_Family
3993,22,6,28,Expanded_Known_Family
10766,11,17,28,Expanded_Known_Family
1361,20,7,27,Expanded_Known_Family
1880,24,2,26,Expanded_Known_Family
8374,24,2,26,Expanded_Known_Family
539,19,7,26,Expanded_Known_Family
6200,20,6,26,Expanded_Known_Family
740,16,10,26,Expanded_Known_Family
2340,21,4,25,Expanded_Known_Family
5342,16,8,24,Expanded_Known_Family
6546,10,14,24,Expanded_Known_Family
674,5,19,24,Expanded_Known_Family
2878,18,6,24,Expanded_Known_Family
1532,15,8,23,Expanded_Known_Family
9014,21,2,23,Expanded_Known_Family
2430,18,5,23,Expanded_Known_Family
6244,14,9,23,Expanded_Known_Family
358,9,14,23,Expanded_Known_Family
3213,9,14,23,Expanded_Known_Family
1470,13,10,23,Expanded_Known_Family
1714,17,5,22,Expanded_Known_Family
3898,12,10,22,Expanded_Known_Family
5812,9,13,22,Expanded_Known_Family
11427,21,1,22,Expanded_Known_Family
8781,10,11,21,Expanded_Known_Family
11746,18,3,21,Expanded_Known_Family
11795,13,8,21,Expanded_Known_Family
4798,13,8,21,Expanded_Known_Family
1918,17,4,21,Expanded_Known_Family
4642,17,3,20,Expanded_Known_Family
12267,14,6,20,Expanded_Known_Family
4311,18,2,20,Expanded_Known_Family
7225,15,5,20,Expanded_Known_Family
11303,12,8,20,Expanded_Known_Family
5026,3,17,20,Expanded_Known_Family
11442,13,7,20,Expanded_Known_Family
8598,13,6,19,Expanded_Known_Family
7526,13,6,19,Expanded_Known_Family
7775,14,5,19,Expanded_Known_Family
11320,12,7,19,Expanded_Known_Family
1131,14,5,19,Expanded_Known_Family
7456,3,16,19,Expanded_Known_Family
1787,16,3,19,Expanded_Known_Family
7057,12,7,19,Expanded_Known_Family
11882,14,4,18,Expanded_Known_Family
12019,16,2,18,Expanded_Known_Family
11013,15,3,18,Expanded_Known_Family
6538,11,7,18,Expanded_Known_Family
3783,10,8,18,Expanded_Known_Family
1562,13,5,18,Expanded_Known_Family
5398,17,1,18,Expanded_Known_Family
946,12,6,18,Expanded_Known_Family
8961,6,12,18,Expanded_Known_Family
11067,0,18,18,Known_Family_Only
11066,9,9,18,Expanded_Known_Family
7915,17,1,18,Expanded_Known_Family
5909,13,5,18,Expanded_Known_Family
8159,2,15,17,Expanded_Known_Family
3720,13,4,17,Expanded_Known_Family
2424,3,14,17,Expanded_Known_Family
11357,16,1,17,Expanded_Known_Family
7318,8,9,17,Expanded_Known_Family
5444,13,4,17,Expanded_Known_Family
5923,14,3,17,Expanded_Known_Family
8000,7,10,17,Expanded_Known_Family
8308,15,2,17,Expanded_Known_Family
2400,12,4,16,Expanded_Known_Family
6438,11,5,16,Expanded_Known_Family
1823,5,11,16,Expanded_Known_Family
1036,9,7,16,Expanded_Known_Family
448,10,6,16,Expanded_Known_Family
4670,11,5,16,Expanded_Known_Family
139,10,6,16,Expanded_Known_Family
5494,13,3,16,Expanded_Known_Family
253,13,3,16,Expanded_Known_Family
938,11,5,16,Expanded_Known_Family
9663,6,10,16,Expanded_Known_Family
3482,11,4,15,Expanded_Known_Family
531,8,7,15,Expanded_Known_Family
2237,11,4,15,Expanded_Known_Family
635,13,2,15,Expanded_Known_Family
685,6,9,15,Expanded_Known_Family
1417,5,10,15,Expanded_Known_Family
11873,9,6,15,Expanded_Known_Family
5862,10,5,15,Expanded_Known_Family
12505,14,1,15,Expanded_Known_Family
7694,13,2,15,Expanded_Known_Family
11938,11,4,15,Expanded_Known_Family
232,1,14,15,Expanded_Known_Family
133,7,8,15,Expanded_Known_Family
11853,12,3,15,Expanded_Known_Family
631,8,7,15,Expanded_Known_Family
11653,12,2,14,Expanded_Known_Family
316,6,8,14,Expanded_Known_Family
5613,10,4,14,Expanded_Known_Family
1375,8,6,14,Expanded_Known_Family
6352,11,3,14,Expanded_Known_Family
6433,11,3,14,Expanded_Known_Family
10998,4,10,14,Expanded_Known_Family
6196,12,2,14,Expanded_Known_Family
1358,14,0,14,Potential_Novel_Family
11587,7,7,14,Expanded_Known_Family
8018,10,4,14,Expanded_Known_Family
10575,9,5,14,Expanded_Known_Family
3314,9,5,14,Expanded_Known_Family
2465,14,0,14,Potential_Novel_Family
1985,8,5,13,Expanded_Known_Family
10802,5,8,13,Expanded_Known_Family
10246,6,7,13,Expanded_Known_Family
660,7,6,13,Expanded_Known_Family
11618,9,4,13,Expanded_Known_Family
6014,5,8,13,Expanded_Known_Family
2658,12,1,13,Expanded_Known_Family
2493,11,2,13,Expanded_Known_Family
5043,6,7,13,Expanded_Known_Family
380,9,4,13,Expanded_Known_Family
7258,10,3,13,Expanded_Known_Family
4970,9,4,13,Expanded_Known_Family
9048,12,1,13,Expanded_Known_Family
5346,7,6,13,Expanded_Known_Family
489,4,9,13,Expanded_Known_Family
9933,9,4,13,Expanded_Known_Family
11804,10,3,13,Expanded_Known_Family
3551,7,6,13,Expanded_Known_Family
1262,10,3,13,Expanded_Known_Family
4031,9,4,13,Expanded_Known_Family
711,6,7,13,Expanded_Known_Family
6619,8,5,13,Expanded_Known_Family
6292,12,1,13,Expanded_Known_Family
789,8,4,12,Expanded_Known_Family
5743,7,5,12,Expanded_Known_Family
7630,6,6,12,Expanded_Known_Family
3959,7,5,12,Expanded_Known_Family
2792,8,4,12,Expanded_Known_Family
1383,10,2,12,Expanded_Known_Family
11844,10,2,12,Expanded_Known_Family
1384,11,1,12,Expanded_Known_Family
3717,8,4,12,Expanded_Known_Family
6310,11,1,12,Expanded_Known_Family
3571,8,4,12,Expanded_Known_Family
2708,12,0,12,Potential_Novel_Family
1511,7,5,12,Expanded_Known_Family
8277,12,0,12,Potential_Novel_Family
955,9,3,12,Expanded_Known_Family
9895,10,2,12,Expanded_Known_Family
2700,4,8,12,Expanded_Known_Family
2127,7,5,12,Expanded_Known_Family
7321,9,3,12,Expanded_Known_Family
3823,12,0,12,Potential_Novel_Family
11679,10,2,12,Expanded_Known_Family
2214,8,4,12,Expanded_Known_Family
8168,11,1,12,Expanded_Known_Family
5608,5,7,12,Expanded_Known_Family
7308,12,0,12,Potential_Novel_Family
5192,9,3,12,Expanded_Known_Family
4197,7,5,12,Expanded_Known_Family
10806,5,7,12,Expanded_Known_Family
9467,10,2,12,Expanded_Known_Family
8054,8,4,12,Expanded_Known_Family
2950,10,2,12,Expanded_Known_Family
10544,10,2,12,Expanded_Known_Family
11936,4,7,11,Expanded_Known_Family
541,5,6,11,Expanded_Known_Family
829,7,4,11,Expanded_Known_Family
8050,4,7,11,Expanded_Known_Family
8092,6,5,11,Expanded_Known_Family
11700,8,3,11,Expanded_Known_Family
11815,7,4,11,Expanded_Known_Family
4227,7,4,11,Expanded_Known_Family
1238,10,1,11,Expanded_Known_Family
6012,8,3,11,Expanded_Known_Family
895,6,5,11,Expanded_Known_Family
2561,9,2,11,Expanded_Known_Family
3105,6,5,11,Expanded_Known_Family
1288,9,2,11,Expanded_Known_Family
10077,3,8,11,Expanded_Known_Family
2018,10,1,11,Expanded_Known_Family
11174,8,3,11,Expanded_Known_Family
160,10,1,11,Expanded_Known_Family
473,10,1,11,Expanded_Known_Family
2531,6,5,11,Expanded_Known_Family
10574,8,3,11,Expanded_Known_Family
8408,4,7,11,Expanded_Known_Family
2339,10,1,11,Expanded_Known_Family
6260,9,2,11,Expanded_Known_Family
8213,8,3,11,Expanded_Known_Family
1603,9,2,11,Expanded_Known_Family
8385,5,6,11,Expanded_Known_Family
9182,9,2,11,Expanded_Known_Family
36,9,2,11,Expanded_Known_Family
5544,6,5,11,Expanded_Known_Family
3611,7,4,11,Expanded_Known_Family
197,6,5,11,Expanded_Known_Family
5239,0,11,11,Known_Family_Only
963,5,6,11,Expanded_Known_Family
690,5,6,11,Expanded_Known_Family
8495,4,6,10,Expanded_Known_Family
2751,8,2,10,Expanded_Known_Family
698,5,5,10,Expanded_Known_Family
2706,8,2,10,Expanded_Known_Family
4952,9,1,10,Expanded_Known_Family
863,6,4,10,Expanded_Known_Family
3327,10,0,10,Potential_Novel_Family
1666,4,6,10,Expanded_Known_Family
8452,4,6,10,Expanded_Known_Family
4826,5,5,10,Expanded_Known_Family
747,7,3,10,Expanded_Known_Family
2139,6,4,10,Expanded_Known_Family
5075,1,9,10,Expanded_Known_Family
2883,10,0,10,Potential_Novel_Family
8345,9,1,10,Expanded_Known_Family
11889,9,1,10,Expanded_Known_Family
2442,8,2,10,Expanded_Known_Family
5149,8,2,10,Expanded_Known_Family
6726,4,6,10,Expanded_Known_Family
10946,6,4,10,Expanded_Known_Family
1316,4,6,10,Expanded_Known_Family
966,7,3,10,Expanded_Known_Family
6224,7,3,10,Expanded_Known_Family
1786,3,7,10,Expanded_Known_Family
8712,2,8,10,Expanded_Known_Family
1745,6,4,10,Expanded_Known_Family
7232,2,8,10,Expanded_Known_Family
8223,8,2,10,Expanded_Known_Family
1174,5,5,10,Expanded_Known_Family
12287,9,1,10,Expanded_Known_Family
2023,7,3,10,Expanded_Known_Family
1990,6,4,10,Expanded_Known_Family
3440,6,4,10,Expanded_Known_Family
12281,10,0,10,Potential_Novel_Family
7171,9,1,10,Expanded_Known_Family
67,5,5,10,Expanded_Known_Family
5064,3,7,10,Expanded_Known_Family
5614,6,4,10,Expanded_Known_Family
6116,8,2,10,Expanded_Known_Family
4483,6,4,10,Expanded_Known_Family
193,4,5,9,Expanded_Known_Family
8928,6,3,9,Expanded_Known_Family
11178,2,7,9,Expanded_Known_Family
6402,8,1,9,Expanded_Known_Family
147,2,7,9,Expanded_Known_Family
10909,5,4,9,Expanded_Known_Family
2823,8,1,9,Expanded_Known_Family
4408,1,8,9,Expanded_Known_Family
1653,8,1,9,Expanded_Known_Family
7473,3,6,9,Expanded_Known_Family
53,5,4,9,Expanded_Known_Family
2213,6,3,9,Expanded_Known_Family
6471,1,8,9,Expanded_Known_Family
4127,1,8,9,Expanded_Known_Family
3352,5,4,9,Expanded_Known_Family
2134,6,3,9,Expanded_Known_Family
1956,6,3,9,Expanded_Known_Family
5252,5,4,9,Expanded_Known_Family
343,7,2,9,Expanded_Known_Family
158,5,4,9,Expanded_Known_Family
1768,8,1,9,Expanded_Known_Family
2749,4,5,9,Expanded_Known_Family
9528,7,2,9,Expanded_Known_Family
9226,3,6,9,Expanded_Known_Family
3837,7,2,9,Expanded_Known_Family
2323,6,3,9,Expanded_Known_Family
57,8,1,9,Expanded_Known_Family
8249,4,5,9,Expanded_Known_Family
2529,6,3,9,Expanded_Known_Family
1454,7,2,9,Expanded_Known_Family
4840,9,0,9,Potential_Novel_Family
931,3,6,9,Expanded_Known_Family
6700,4,5,9,Expanded_Known_Family
66,7,2,9,Expanded_Known_Family
7341,3,6,9,Expanded_Known_Family
11824,4,5,9,Expanded_Known_Family
3752,6,3,9,Expanded_Known_Family
7394,6,3,9,Expanded_Known_Family
613,6,3,9,Expanded_Known_Family
8896,7,2,9,Expanded_Known_Family
12318,5,4,9,Expanded_Known_Family
6220,8,1,9,Expanded_Known_Family
1978,7,2,9,Expanded_Known_Family
852,2,7,9,Expanded_Known_Family
7763,4,5,9,Expanded_Known_Family
614,5,4,9,Expanded_Known_Family
11049,6,3,9,Expanded_Known_Family
12112,2,7,9,Expanded_Known_Family
481,6,2,8,Expanded_Known_Family
6210,3,5,8,Expanded_Known_Family
12670,8,0,8,Potential_Novel_Family
4801,6,2,8,Expanded_Known_Family
2774,3,5,8,Expanded_Known_Family
2775,5,3,8,Expanded_Known_Family
339,7,1,8,Expanded_Known_Family
414,3,5,8,Expanded_Known_Family
7976,2,6,8,Expanded_Known_Family
3706,8,0,8,Potential_Novel_Family
10755,6,2,8,Expanded_Known_Family
350,7,1,8,Expanded_Known_Family
2071,5,3,8,Expanded_Known_Family
422,4,4,8,Expanded_Known_Family
3740,1,7,8,Expanded_Known_Family
686,8,0,8,Potential_Novel_Family
9057,8,0,8,Potential_Novel_Family
642,3,5,8,Expanded_Known_Family
404,4,4,8,Expanded_Known_Family
6578,4,4,8,Expanded_Known_Family
11341,8,0,8,Potential_Novel_Family
3472,5,3,8,Expanded_Known_Family
6430,5,3,8,Expanded_Known_Family
1970,6,2,8,Expanded_Known_Family
2108,6,2,8,Expanded_Known_Family
2100,5,3,8,Expanded_Known_Family
2711,5,3,8,Expanded_Known_Family
7368,3,5,8,Expanded_Known_Family
10506,1,7,8,Expanded_Known_Family
843,7,1,8,Expanded_Known_Family
243,6,2,8,Expanded_Known_Family
7571,4,4,8,Expanded_Known_Family
237,6,2,8,Expanded_Known_Family
4987,6,2,8,Expanded_Known_Family
6085,5,3,8,Expanded_Known_Family
12256,8,0,8,Potential_Novel_Family
5907,8,0,8,Potential_Novel_Family
6408,7,1,8,Expanded_Known_Family
3355,7,1,8,Expanded_Known_Family
12448,3,5,8,Expanded_Known_Family
6649,5,3,8,Expanded_Known_Family
5784,6,2,8,Expanded_Known_Family
2431,6,2,8,Expanded_Known_Family
1229,6,2,8,Expanded_Known_Family
4565,6,2,8,Expanded_Known_Family
1839,4,4,8,Expanded_Known_Family
4225,2,6,8,Expanded_Known_Family
6281,8,0,8,Potential_Novel_Family
2300,6,2,8,Expanded_Known_Family
8606,1,7,8,Expanded_Known_Family
12185,5,3,8,Expanded_Known_Family
7170,6,2,8,Expanded_Known_Family
4453,6,2,8,Expanded_Known_Family
2609,5,3,8,Expanded_Known_Family
6102,8,0,8,Potential_Novel_Family
11274,3,5,8,Expanded_Known_Family
8681,8,0,8,Potential_Novel_Family
331,0,8,8,Known_Family_Only
7642,7,1,8,Expanded_Known_Family
1535,2,6,8,Expanded_Known_Family
720,4,4,8,Expanded_Known_Family
883,5,3,8,Expanded_Known_Family
737,3,5,8,Expanded_Known_Family
8774,5,3,8,Expanded_Known_Family
10808,3,5,8,Expanded_Known_Family
8074,6,2,8,Expanded_Known_Family
16,7,1,8,Expanded_Known_Family
2752,0,8,8,Known_Family_Only
3649,7,1,8,Expanded_Known_Family
280,8,0,8,Potential_Novel_Family
6595,4,4,8,Expanded_Known_Family
12242,8,0,8,Potential_Novel_Family
11683,8,0,8,Potential_Novel_Family
4706,8,0,8,Potential_Novel_Family
272,5,3,8,Expanded_Known_Family
12231,7,1,8,Expanded_Known_Family
1371,3,5,8,Expanded_Known_Family
4092,6,2,8,Expanded_Known_Family
7205,4,3,7,Expanded_Known_Family
6469,5,2,7,Expanded_Known_Family
1744,6,1,7,Expanded_Known_Family
11052,4,3,7,Expanded_Known_Family
4234,5,2,7,Expanded_Known_Family
3390,5,2,7,Expanded_Known_Family
5960,3,4,7,Expanded_Known_Family
7719,6,1,7,Expanded_Known_Family
11483,6,1,7,Expanded_Known_Family
8484,3,4,7,Expanded_Known_Family
3253,7,0,7,Potential_Novel_Family
1676,5,2,7,Expanded_Known_Family
8259,3,4,7,Expanded_Known_Family
4393,5,2,7,Expanded_Known_Family
1285,4,3,7,Expanded_Known_Family
4337,2,5,7,Expanded_Known_Family
10773,4,3,7,Expanded_Known_Family
3296,7,0,7,Potential_Novel_Family
3267,4,3,7,Expanded_Known_Family
2052,4,3,7,Expanded_Known_Family
7738,5,2,7,Expanded_Known_Family
4346,4,3,7,Expanded_Known_Family
6811,5,2,7,Expanded_Known_Family
4308,6,1,7,Expanded_Known_Family
12218,5,2,7,Expanded_Known_Family
7400,4,3,7,Expanded_Known_Family
11583,5,2,7,Expanded_Known_Family
524,5,2,7,Expanded_Known_Family
5941,3,4,7,Expanded_Known_Family
11186,3,4,7,Expanded_Known_Family
11817,4,3,7,Expanded_Known_Family
4260,4,3,7,Expanded_Known_Family
3182,6,1,7,Expanded_Known_Family
8036,6,1,7,Expanded_Known_Family
918,4,3,7,Expanded_Known_Family
1871,5,2,7,Expanded_Known_Family
897,3,4,7,Expanded_Known_Family
12070,4,3,7,Expanded_Known_Family
12527,5,2,7,Expanded_Known_Family
7588,3,4,7,Expanded_Known_Family
12535,5,2,7,Expanded_Known_Family
11412,1,6,7,Expanded_Known_Family
11129,1,6,7,Expanded_Known_Family
4249,4,3,7,Expanded_Known_Family
4718,6,1,7,Expanded_Known_Family
5704,6,1,7,Expanded_Known_Family
8633,2,5,7,Expanded_Known_Family
777,4,3,7,Expanded_Known_Family
5988,6,1,7,Expanded_Known_Family
4163,4,3,7,Expanded_Known_Family
4176,5,2,7,Expanded_Known_Family
1934,3,4,7,Expanded_Known_Family
756,5,2,7,Expanded_Known_Family
739,7,0,7,Potential_Novel_Family
10083,4,3,7,Expanded_Known_Family
4174,5,2,7,Expanded_Known_Family
4705,2,5,7,Expanded_Known_Family
10304,7,0,7,Potential_Novel_Family
6470,3,4,7,Expanded_Known_Family
4457,7,0,7,Potential_Novel_Family
6473,7,0,7,Potential_Novel_Family
10761,4,3,7,Expanded_Known_Family
1136,7,0,7,Potential_Novel_Family
11465,4,3,7,Expanded_Known_Family
1056,4,3,7,Expanded_Known_Family
11041,3,4,7,Expanded_Known_Family
1001,6,1,7,Expanded_Known_Family
8418,3,4,7,Expanded_Known_Family
11931,3,4,7,Expanded_Known_Family
605,5,2,7,Expanded_Known_Family
8149,6,1,7,Expanded_Known_Family
12445,6,1,7,Expanded_Known_Family
7524,5,2,7,Expanded_Known_Family
10216,6,1,7,Expanded_Known_Family
3432,2,5,7,Expanded_Known_Family
2670,5,2,7,Expanded_Known_Family
4589,7,0,7,Potential_Novel_Family
7685,3,4,7,Expanded_Known_Family
11934,6,1,7,Expanded_Known_Family
948,7,0,7,Potential_Novel_Family
6492,6,1,7,Expanded_Known_Family
602,3,4,7,Expanded_Known_Family
1542,4,3,7,Expanded_Known_Family
250,2,5,7,Expanded_Known_Family
162,4,3,7,Expanded_Known_Family
9589,3,4,7,Expanded_Known_Family
6018,5,2,7,Expanded_Known_Family
11706,6,1,7,Expanded_Known_Family
5038,6,1,7,Expanded_Known_Family
228,4,3,7,Expanded_Known_Family
2253,7,0,7,Potential_Novel_Family
344,3,4,7,Expanded_Known_Family
7844,3,4,7,Expanded_Known_Family
3588,7,0,7,Potential_Novel_Family
10791,5,2,7,Expanded_Known_Family
142,1,6,7,Expanded_Known_Family
7,5,2,7,Expanded_Known_Family
2892,0,7,7,Known_Family_Only
6582,7,0,7,Potential_Novel_Family
7884,4,3,7,Expanded_Known_Family
11666,5,2,7,Expanded_Known_Family
244,4,3,7,Expanded_Known_Family
108,4,3,7,Expanded_Known_Family
3025,2,5,7,Expanded_Known_Family
6053,7,0,7,Potential_Novel_Family
7802,4,3,7,Expanded_Known_Family
340,1,6,7,Expanded_Known_Family
8529,4,3,7,Expanded_Known_Family
8333,2,5,7,Expanded_Known_Family
2,4,3,7,Expanded_Known_Family
464,3,4,7,Expanded_Known_Family
2206,5,2,7,Expanded_Known_Family
3044,4,3,7,Expanded_Known_Family
419,0,7,7,Known_Family_Only
2904,6,1,7,Expanded_Known_Family
165,5,2,7,Expanded_Known_Family
181,3,4,7,Expanded_Known_Family
1519,3,4,7,Expanded_Known_Family
7027,5,2,7,Expanded_Known_Family
8334,6,1,7,Expanded_Known_Family
301,6,1,7,Expanded_Known_Family
6036,2,5,7,Expanded_Known_Family
12108,3,4,7,Expanded_Known_Family
5546,7,0,7,Potential_Novel_Family
387,4,3,7,Expanded_Known_Family
5306,4,3,7,Expanded_Known_Family
2748,2,4,6,Expanded_Known_Family
10718,0,6,6,Known_Family_Only
81,4,2,6,Expanded_Known_Family
752,2,4,6,Expanded_Known_Family
4057,4,2,6,Expanded_Known_Family
2429,6,0,6,Potential_Novel_Family
3427,5,1,6,Expanded_Known_Family
8453,2,4,6,Expanded_Known_Family
9153,5,1,6,Expanded_Known_Family
7402,5,1,6,Expanded_Known_Family
3136,5,1,6,Expanded_Known_Family
9815,6,0,6,Potential_Novel_Family
299,5,1,6,Expanded_Known_Family
4083,2,4,6,Expanded_Known_Family
7865,5,1,6,Expanded_Known_Family
10592,6,0,6,Potential_Novel_Family
11459,1,5,6,Expanded_Known_Family
3275,2,4,6,Expanded_Known_Family
8037,4,2,6,Expanded_Known_Family
2987,5,1,6,Expanded_Known_Family
4839,2,4,6,Expanded_Known_Family
6922,5,1,6,Expanded_Known_Family
3101,2,4,6,Expanded_Known_Family
365,4,2,6,Expanded_Known_Family
10883,2,4,6,Expanded_Known_Family
8464,4,2,6,Expanded_Known_Family
12270,0,6,6,Known_Family_Only
6382,4,2,6,Expanded_Known_Family
38,3,3,6,Expanded_Known_Family
9040,6,0,6,Potential_Novel_Family
9566,6,0,6,Potential_Novel_Family
7015,6,0,6,Potential_Novel_Family
3116,3,3,6,Expanded_Known_Family
3774,3,3,6,Expanded_Known_Family
65,3,3,6,Expanded_Known_Family
8535,2,4,6,Expanded_Known_Family
2629,5,1,6,Expanded_Known_Family
5651,5,1,6,Expanded_Known_Family
1487,3,3,6,Expanded_Known_Family
336,5,1,6,Expanded_Known_Family
1486,3,3,6,Expanded_Known_Family
1838,1,5,6,Expanded_Known_Family
6581,1,5,6,Expanded_Known_Family
672,5,1,6,Expanded_Known_Family
2978,6,0,6,Potential_Novel_Family
8389,2,4,6,Expanded_Known_Family
8710,3,3,6,Expanded_Known_Family
1169,5,1,6,Expanded_Known_Family
893,4,2,6,Expanded_Known_Family
1762,4,2,6,Expanded_Known_Family
5187,1,5,6,Expanded_Known_Family
4439,3,3,6,Expanded_Known_Family
1421,5,1,6,Expanded_Known_Family
4048,3,3,6,Expanded_Known_Family
2307,1,5,6,Expanded_Known_Family
2606,4,2,6,Expanded_Known_Family
3438,5,1,6,Expanded_Known_Family
3846,6,0,6,Potential_Novel_Family
8192,3,3,6,Expanded_Known_Family
8341,5,1,6,Expanded_Known_Family
2181,4,2,6,Expanded_Known_Family
4606,4,2,6,Expanded_Known_Family
1649,4,2,6,Expanded_Known_Family
11083,5,1,6,Expanded_Known_Family
10987,4,2,6,Expanded_Known_Family
6163,3,3,6,Expanded_Known_Family
10990,5,1,6,Expanded_Known_Family
5769,6,0,6,Potential_Novel_Family
129,3,3,6,Expanded_Known_Family
3933,3,3,6,Expanded_Known_Family
4619,0,6,6,Known_Family_Only
10185,6,0,6,Potential_Novel_Family
923,5,1,6,Expanded_Known_Family
922,3,3,6,Expanded_Known_Family
959,1,5,6,Expanded_Known_Family
6472,5,1,6,Expanded_Known_Family
8683,4,2,6,Expanded_Known_Family
7818,1,5,6,Expanded_Known_Family
3255,6,0,6,Potential_Novel_Family
6154,2,4,6,Expanded_Known_Family
992,5,1,6,Expanded_Known_Family
3643,3,3,6,Expanded_Known_Family
3807,4,2,6,Expanded_Known_Family
2370,3,3,6,Expanded_Known_Family
3810,2,4,6,Expanded_Known_Family
2723,6,0,6,Potential_Novel_Family
2584,4,2,6,Expanded_Known_Family
5,3,3,6,Expanded_Known_Family
6190,5,1,6,Expanded_Known_Family
2585,6,0,6,Potential_Novel_Family
9599,4,2,6,Expanded_Known_Family
12449,5,1,6,Expanded_Known_Family
8141,6,0,6,Potential_Novel_Family
12072,2,4,6,Expanded_Known_Family
199,3,3,6,Expanded_Known_Family
2620,5,1,6,Expanded_Known_Family
11591,5,1,6,Expanded_Known_Family
8926,6,0,6,Potential_Novel_Family
9414,3,3,6,Expanded_Known_Family
12329,3,3,6,Expanded_Known_Family
6511,0,6,6,Known_Family_Only
12192,6,0,6,Potential_Novel_Family
3003,4,2,6,Expanded_Known_Family
7163,3,3,6,Expanded_Known_Family
9009,5,1,6,Expanded_Known_Family
5383,4,2,6,Expanded_Known_Family
11308,3,3,6,Expanded_Known_Family
8396,4,2,6,Expanded_Known_Family
6490,5,1,6,Expanded_Known_Family
4676,4,2,6,Expanded_Known_Family
5606,4,2,6,Expanded_Known_Family
9367,2,4,6,Expanded_Known_Family
2085,4,2,6,Expanded_Known_Family
26,3,3,6,Expanded_Known_Family
1616,6,0,6,Potential_Novel_Family
8660,6,0,6,Potential_Novel_Family
1440,4,2,6,Expanded_Known_Family
11576,3,3,6,Expanded_Known_Family
1364,4,2,6,Expanded_Known_Family
2985,6,0,6,Potential_Novel_Family
406,0,6,6,Known_Family_Only
2793,3,3,6,Expanded_Known_Family
2817,2,4,6,Expanded_Known_Family
6864,4,2,6,Expanded_Known_Family
25,5,1,6,Expanded_Known_Family
510,6,0,6,Potential_Novel_Family
2819,6,0,6,Potential_Novel_Family
507,1,5,6,Expanded_Known_Family
6451,3,3,6,Expanded_Known_Family
3078,5,1,6,Expanded_Known_Family
5525,6,0,6,Potential_Novel_Family
4929,1,5,6,Expanded_Known_Family
1,4,2,6,Expanded_Known_Family
7053,0,6,6,Known_Family_Only
11091,6,0,6,Potential_Novel_Family
2082,4,2,6,Expanded_Known_Family
4152,3,3,6,Expanded_Known_Family
11796,5,1,6,Expanded_Known_Family
3724,5,1,6,Expanded_Known_Family
5321,2,4,6,Expanded_Known_Family
6136,4,2,6,Expanded_Known_Family
7890,4,2,6,Expanded_Known_Family
536,5,1,6,Expanded_Known_Family
4280,6,0,6,Potential_Novel_Family
12411,4,2,6,Expanded_Known_Family
2810,4,2,6,Expanded_Known_Family
3591,2,4,6,Expanded_Known_Family
6684,2,4,6,Expanded_Known_Family
39,3,3,6,Expanded_Known_Family
527,4,2,6,Expanded_Known_Family
2640,2,4,6,Expanded_Known_Family
4514,0,6,6,Known_Family_Only
471,2,4,6,Expanded_Known_Family
6134,6,0,6,Potential_Novel_Family
6676,2,4,6,Expanded_Known_Family
622,3,3,6,Expanded_Known_Family
1825,6,0,6,Potential_Novel_Family
1617,5,1,6,Expanded_Known_Family
10492,5,1,6,Expanded_Known_Family
456,2,4,6,Expanded_Known_Family
1073,2,3,5,Expanded_Known_Family
11289,1,4,5,Expanded_Known_Family
3704,5,0,5,Potential_Novel_Family
11905,5,0,5,Potential_Novel_Family
10139,1,4,5,Expanded_Known_Family
4695,4,1,5,Expanded_Known_Family
4406,2,3,5,Expanded_Known_Family
6437,3,2,5,Expanded_Known_Family
6876,3,2,5,Expanded_Known_Family
5167,3,2,5,Expanded_Known_Family
4689,4,1,5,Expanded_Known_Family
4142,3,2,5,Expanded_Known_Family
1390,2,3,5,Expanded_Known_Family
7987,2,3,5,Expanded_Known_Family
12165,4,1,5,Expanded_Known_Family
3596,4,1,5,Expanded_Known_Family
4975,2,3,5,Expanded_Known_Family
11996,5,0,5,Potential_Novel_Family
6019,2,3,5,Expanded_Known_Family
3827,3,2,5,Expanded_Known_Family
3496,0,5,5,Known_Family_Only
1520,4,1,5,Expanded_Known_Family
6179,1,4,5,Expanded_Known_Family
526,5,0,5,Potential_Novel_Family
3502,5,0,5,Potential_Novel_Family
11929,4,1,5,Expanded_Known_Family
9309,2,3,5,Expanded_Known_Family
793,1,4,5,Expanded_Known_Family
990,4,1,5,Expanded_Known_Family
1857,5,0,5,Potential_Novel_Family
3564,3,2,5,Expanded_Known_Family
4392,3,2,5,Expanded_Known_Family
12549,4,1,5,Expanded_Known_Family
10,2,3,5,Expanded_Known_Family
140,4,1,5,Expanded_Known_Family
11,3,2,5,Expanded_Known_Family
1594,1,4,5,Expanded_Known_Family
5779,2,3,5,Expanded_Known_Family
4576,1,4,5,Expanded_Known_Family
805,0,5,5,Known_Family_Only
4700,3,2,5,Expanded_Known_Family
11899,3,2,5,Expanded_Known_Family
1208,4,1,5,Expanded_Known_Family
11094,1,4,5,Expanded_Known_Family
2234,5,0,5,Potential_Novel_Family
1434,5,0,5,Potential_Novel_Family
10684,4,1,5,Expanded_Known_Family
6871,5,0,5,Potential_Novel_Family
268,4,1,5,Expanded_Known_Family
3493,2,3,5,Expanded_Known_Family
9236,5,0,5,Potential_Novel_Family
11823,2,3,5,Expanded_Known_Family
5267,3,2,5,Expanded_Known_Family
1514,4,1,5,Expanded_Known_Family
1463,4,1,5,Expanded_Known_Family
3289,3,2,5,Expanded_Known_Family
96,2,3,5,Expanded_Known_Family
6504,4,1,5,Expanded_Known_Family
2815,5,0,5,Potential_Novel_Family
1590,4,1,5,Expanded_Known_Family
8436,4,1,5,Expanded_Known_Family
3953,2,3,5,Expanded_Known_Family
5539,1,4,5,Expanded_Known_Family
12494,5,0,5,Potential_Novel_Family
10514,4,1,5,Expanded_Known_Family
495,4,1,5,Expanded_Known_Family
1458,3,2,5,Expanded_Known_Family
4630,2,3,5,Expanded_Known_Family
3626,2,3,5,Expanded_Known_Family
1761,3,2,5,Expanded_Known_Family
4437,5,0,5,Potential_Novel_Family
6109,3,2,5,Expanded_Known_Family
7996,5,0,5,Potential_Novel_Family
4969,5,0,5,Potential_Novel_Family
3848,4,1,5,Expanded_Known_Family
1669,5,0,5,Potential_Novel_Family
901,0,5,5,Known_Family_Only
1159,5,0,5,Potential_Novel_Family
11814,3,2,5,Expanded_Known_Family
903,4,1,5,Expanded_Known_Family
1161,2,3,5,Expanded_Known_Family
12487,3,2,5,Expanded_Known_Family
2173,5,0,5,Potential_Novel_Family
7351,2,3,5,Expanded_Known_Family
500,3,2,5,Expanded_Known_Family
2535,2,3,5,Expanded_Known_Family
3613,4,1,5,Expanded_Known_Family
1078,5,0,5,Potential_Novel_Family
10248,2,3,5,Expanded_Known_Family
12350,3,2,5,Expanded_Known_Family
2704,2,3,5,Expanded_Known_Family
246,3,2,5,Expanded_Known_Family
11909,5,0,5,Potential_Novel_Family
11037,5,0,5,Potential_Novel_Family
3712,4,1,5,Expanded_Known_Family
11053,4,1,5,Expanded_Known_Family
7919,5,0,5,Potential_Novel_Family
11911,1,4,5,Expanded_Known_Family
9025,4,1,5,Expanded_Known_Family
860,5,0,5,Potential_Novel_Family
5775,2,3,5,Expanded_Known_Family
5731,2,3,5,Expanded_Known_Family
6944,4,1,5,Expanded_Known_Family
2295,4,1,5,Expanded_Known_Family
5728,5,0,5,Potential_Novel_Family
7535,3,2,5,Expanded_Known_Family
217,4,1,5,Expanded_Known_Family
1755,3,2,5,Expanded_Known_Family
6065,2,3,5,Expanded_Known_Family
9915,5,0,5,Potential_Novel_Family
5180,5,0,5,Potential_Novel_Family
6046,5,0,5,Potential_Novel_Family
8114,4,1,5,Expanded_Known_Family
1176,2,3,5,Expanded_Known_Family
22,3,2,5,Expanded_Known_Family
8874,5,0,5,Potential_Novel_Family
2834,4,1,5,Expanded_Known_Family
2184,4,1,5,Expanded_Known_Family
5087,3,2,5,Expanded_Known_Family
4067,4,1,5,Expanded_Known_Family
1791,4,1,5,Expanded_Known_Family
2251,2,3,5,Expanded_Known_Family
9887,1,4,5,Expanded_Known_Family
4007,4,1,5,Expanded_Known_Family
6251,5,0,5,Potential_Novel_Family
5366,3,2,5,Expanded_Known_Family
10005,4,1,5,Expanded_Known_Family
355,4,1,5,Expanded_Known_Family
1493,3,2,5,Expanded_Known_Family
3768,2,3,5,Expanded_Known_Family
2563,4,1,5,Expanded_Known_Family
6478,4,1,5,Expanded_Known_Family
7504,4,1,5,Expanded_Known_Family
1279,5,0,5,Potential_Novel_Family
10939,2,3,5,Expanded_Known_Family
7297,4,1,5,Expanded_Known_Family
10933,5,0,5,Potential_Novel_Family
10595,5,0,5,Potential_Novel_Family
3122,3,2,5,Expanded_Known_Family
4556,5,0,5,Potential_Novel_Family
8684,3,2,5,Expanded_Known_Family
69,2,3,5,Expanded_Known_Family
1836,4,1,5,Expanded_Known_Family
8022,3,2,5,Expanded_Known_Family
6125,4,1,5,Expanded_Known_Family
1323,5,0,5,Potential_Novel_Family
10237,5,0,5,Potential_Novel_Family
7479,4,1,5,Expanded_Known_Family
3773,4,1,5,Expanded_Known_Family
10048,4,1,5,Expanded_Known_Family
8663,4,1,5,Expanded_Known_Family
11772,2,3,5,Expanded_Known_Family
6226,5,0,5,Potential_Novel_Family
7208,4,1,5,Expanded_Known_Family
7028,3,2,5,Expanded_Known_Family
6813,4,1,5,Expanded_Known_Family
2101,5,0,5,Potential_Novel_Family
1993,5,0,5,Potential_Novel_Family
2435,3,2,5,Expanded_Known_Family
4845,1,4,5,Expanded_Known_Family
3991,4,1,5,Expanded_Known_Family
4,3,2,5,Expanded_Known_Family
5359,1,4,5,Expanded_Known_Family
3678,5,0,5,Potential_Novel_Family
9071,5,0,5,Potential_Novel_Family
5623,4,1,5,Expanded_Known_Family
8344,4,1,5,Expanded_Known_Family
8029,4,1,5,Expanded_Known_Family
7683,3,2,5,Expanded_Known_Family
8607,5,0,5,Potential_Novel_Family
10921,4,1,5,Expanded_Known_Family
604,1,4,5,Expanded_Known_Family
8557,3,2,5,Expanded_Known_Family
7778,4,1,5,Expanded_Known_Family
606,3,2,5,Expanded_Known_Family
394,3,2,5,Expanded_Known_Family
11273,0,5,5,Known_Family_Only
1706,2,3,5,Expanded_Known_Family
5312,1,4,5,Expanded_Known_Family
1026,4,1,5,Expanded_Known_Family
370,3,2,5,Expanded_Known_Family
9558,4,1,5,Expanded_Known_Family
7863,2,3,5,Expanded_Known_Family
2776,4,1,5,Expanded_Known_Family
8371,2,3,5,Expanded_Known_Family
6545,4,1,5,Expanded_Known_Family
10920,3,2,5,Expanded_Known_Family
12038,4,1,5,Expanded_Known_Family
6980,5,0,5,Potential_Novel_Family
1337,5,0,5,Potential_Novel_Family
9497,4,1,5,Expanded_Known_Family
11244,3,2,5,Expanded_Known_Family
7405,4,1,5,Expanded_Known_Family
562,2,3,5,Expanded_Known_Family
6523,3,2,5,Expanded_Known_Family
10056,4,1,5,Expanded_Known_Family
83,2,3,5,Expanded_Known_Family
12576,5,0,5,Potential_Novel_Family
6718,3,2,5,Expanded_Known_Family
4175,2,3,5,Expanded_Known_Family
3555,4,1,5,Expanded_Known_Family
4568,3,2,5,Expanded_Known_Family
9810,5,0,5,Potential_Novel_Family
3141,2,3,5,Expanded_Known_Family
5324,4,1,5,Expanded_Known_Family
4488,2,3,5,Expanded_Known_Family
291,2,3,5,Expanded_Known_Family
2991,2,3,5,Expanded_Known_Family
5966,2,3,5,Expanded_Known_Family
3562,2,3,5,Expanded_Known_Family
88,4,1,5,Expanded_Known_Family
6356,3,2,5,Expanded_Known_Family
9364,5,0,5,Potential_Novel_Family
9511,5,0,5,Potential_Novel_Family
420,4,1,5,Expanded_Known_Family
1411,3,2,5,Expanded_Known_Family
6725,5,0,5,Potential_Novel_Family
5524,4,1,5,Expanded_Known_Family
1083,1,4,5,Expanded_Known_Family
10244,4,1,5,Expanded_Known_Family
8227,2,3,5,Expanded_Known_Family
9039,3,2,5,Expanded_Known_Family
326,3,2,5,Expanded_Known_Family
5240,2,3,5,Expanded_Known_Family
12416,4,1,5,Expanded_Known_Family
8230,3,2,5,Expanded_Known_Family
9456,2,3,5,Expanded_Known_Family
5926,4,1,5,Expanded_Known_Family
726,3,2,5,Expanded_Known_Family
410,3,2,5,Expanded_Known_Family
6848,4,1,5,Expanded_Known_Family
576,4,1,5,Expanded_Known_Family
2872,2,3,5,Expanded_Known_Family
6626,4,1,5,Expanded_Known_Family
5931,3,2,5,Expanded_Known_Family
145,3,2,5,Expanded_Known_Family
7009,3,2,5,Expanded_Known_Family
8232,2,3,5,Expanded_Known_Family
4900,5,0,5,Potential_Novel_Family
7252,4,1,5,Expanded_Known_Family
3894,2,3,5,Expanded_Known_Family
1537,2,3,5,Expanded_Known_Family
11765,5,0,5,Potential_Novel_Family
2874,5,0,5,Potential_Novel_Family
2492,3,2,5,Expanded_Known_Family
12778,5,0,5,Potential_Novel_Family
3227,2,2,4,Expanded_Known_Family
155,3,1,4,Expanded_Known_Family
8394,4,0,4,Potential_Novel_Family
5236,4,0,4,Potential_Novel_Family
6772,0,4,4,Known_Family_Only
5400,4,0,4,Potential_Novel_Family
2624,2,2,4,Expanded_Known_Family
9349,3,1,4,Expanded_Known_Family
6123,4,0,4,Potential_Novel_Family
8689,3,1,4,Expanded_Known_Family
3917,2,2,4,Expanded_Known_Family
3234,1,3,4,Expanded_Known_Family
10272,4,0,4,Potential_Novel_Family
1803,1,3,4,Expanded_Known_Family
1125,3,1,4,Expanded_Known_Family
11004,4,0,4,Potential_Novel_Family
10848,4,0,4,Potential_Novel_Family
1079,1,3,4,Expanded_Known_Family
1432,3,1,4,Expanded_Known_Family
8654,3,1,4,Expanded_Known_Family
2916,3,1,4,Expanded_Known_Family
2453,2,2,4,Expanded_Known_Family
12391,3,1,4,Expanded_Known_Family
6765,2,2,4,Expanded_Known_Family
4470,3,1,4,Expanded_Known_Family
4041,4,0,4,Potential_Novel_Family
6122,4,0,4,Potential_Novel_Family
3925,3,1,4,Expanded_Known_Family
12388,2,2,4,Expanded_Known_Family
1112,1,3,4,Expanded_Known_Family
4503,4,0,4,Potential_Novel_Family
150,3,1,4,Expanded_Known_Family
9278,1,3,4,Expanded_Known_Family
1324,3,1,4,Expanded_Known_Family
1396,2,2,4,Expanded_Known_Family
5924,3,1,4,Expanded_Known_Family
8562,2,2,4,Expanded_Known_Family
3534,4,0,4,Potential_Novel_Family
4238,1,3,4,Expanded_Known_Family
2941,3,1,4,Expanded_Known_Family
7868,0,4,4,Known_Family_Only
5304,4,0,4,Potential_Novel_Family
4315,2,2,4,Expanded_Known_Family
9282,3,1,4,Expanded_Known_Family
3276,3,1,4,Expanded_Known_Family
1071,3,1,4,Expanded_Known_Family
6460,3,1,4,Expanded_Known_Family
1705,4,0,4,Potential_Novel_Family
12887,4,0,4,Potential_Novel_Family
5361,2,2,4,Expanded_Known_Family
4338,2,2,4,Expanded_Known_Family
8238,3,1,4,Expanded_Known_Family
4341,2,2,4,Expanded_Known_Family
8372,2,2,4,Expanded_Known_Family
5295,1,3,4,Expanded_Known_Family
9294,3,1,4,Expanded_Known_Family
1570,3,1,4,Expanded_Known_Family
1710,2,2,4,Expanded_Known_Family
4231,3,1,4,Expanded_Known_Family
4351,1,3,4,Expanded_Known_Family
6814,3,1,4,Expanded_Known_Family
13,2,2,4,Expanded_Known_Family
14,1,3,4,Expanded_Known_Family
9263,3,1,4,Expanded_Known_Family
17,3,1,4,Expanded_Known_Family
12051,4,0,4,Potential_Novel_Family
3529,3,1,4,Expanded_Known_Family
5333,2,2,4,Expanded_Known_Family
4264,0,4,4,Known_Family_Only
8,1,3,4,Expanded_Known_Family
24,1,3,4,Expanded_Known_Family
28,3,1,4,Expanded_Known_Family
6330,2,2,4,Expanded_Known_Family
1353,4,0,4,Potential_Novel_Family
1394,2,2,4,Expanded_Known_Family
7883,4,0,4,Potential_Novel_Family
4282,0,4,4,Known_Family_Only
5937,3,1,4,Expanded_Known_Family
3288,3,1,4,Expanded_Known_Family
11577,3,1,4,Expanded_Known_Family
4287,4,0,4,Potential_Novel_Family
5933,1,3,4,Expanded_Known_Family
9273,2,2,4,Expanded_Known_Family
4087,3,1,4,Expanded_Known_Family
4292,1,3,4,Expanded_Known_Family
11506,1,3,4,Expanded_Known_Family
8356,3,1,4,Expanded_Known_Family
3532,0,4,4,Known_Family_Only
8796,1,3,4,Expanded_Known_Family
7359,1,3,4,Expanded_Known_Family
3250,2,2,4,Expanded_Known_Family
5968,2,2,4,Expanded_Known_Family
109,2,2,4,Expanded_Known_Family
6631,3,1,4,Expanded_Known_Family
112,2,2,4,Expanded_Known_Family
1187,4,0,4,Potential_Novel_Family
11994,3,1,4,Expanded_Known_Family
9730,3,1,4,Expanded_Known_Family
3391,2,2,4,Expanded_Known_Family
52,1,3,4,Expanded_Known_Family
11665,4,0,4,Potential_Novel_Family
1757,3,1,4,Expanded_Known_Family
11476,2,2,4,Expanded_Known_Family
4098,4,0,4,Potential_Novel_Family
1650,3,1,4,Expanded_Known_Family
5851,3,1,4,Expanded_Known_Family
8546,2,2,4,Expanded_Known_Family
6297,2,2,4,Expanded_Known_Family
2222,1,3,4,Expanded_Known_Family
3581,2,2,4,Expanded_Known_Family
2610,2,2,4,Expanded_Known_Family
5846,4,0,4,Potential_Novel_Family
7325,3,1,4,Expanded_Known_Family
49,1,3,4,Expanded_Known_Family
2215,4,0,4,Potential_Novel_Family
5243,1,3,4,Expanded_Known_Family
3936,2,2,4,Expanded_Known_Family
10632,3,1,4,Expanded_Known_Family
10307,4,0,4,Potential_Novel_Family
6611,1,3,4,Expanded_Known_Family
12285,2,2,4,Expanded_Known_Family
1257,3,1,4,Expanded_Known_Family
77,2,2,4,Expanded_Known_Family
6314,2,2,4,Expanded_Known_Family
79,2,2,4,Expanded_Known_Family
10353,2,2,4,Expanded_Known_Family
5891,4,0,4,Potential_Novel_Family
6094,4,0,4,Potential_Novel_Family
10438,4,0,4,Potential_Novel_Family
1723,2,2,4,Expanded_Known_Family
3975,4,0,4,Potential_Novel_Family
1236,3,1,4,Expanded_Known_Family
12011,3,1,4,Expanded_Known_Family
2229,2,2,4,Expanded_Known_Family
1232,1,3,4,Expanded_Known_Family
8380,3,1,4,Expanded_Known_Family
5877,4,0,4,Potential_Novel_Family
12304,3,1,4,Expanded_Known_Family
2583,3,1,4,Expanded_Known_Family
11255,2,2,4,Expanded_Known_Family
9652,4,0,4,Potential_Novel_Family
5967,1,3,4,Expanded_Known_Family
7418,2,2,4,Expanded_Known_Family
95,3,1,4,Expanded_Known_Family
3251,4,0,4,Potential_Novel_Family
1210,3,1,4,Expanded_Known_Family
3568,3,1,4,Expanded_Known_Family
100,0,4,4,Known_Family_Only
85,4,0,4,Potential_Novel_Family
1965,4,0,4,Potential_Novel_Family
8734,1,3,4,Expanded_Known_Family
337,0,4,4,Known_Family_Only
705,2,2,4,Expanded_Known_Family
2754,4,0,4,Potential_Novel_Family
6531,4,0,4,Potential_Novel_Family
2051,2,2,4,Expanded_Known_Family
9842,3,1,4,Expanded_Known_Family
12731,4,0,4,Potential_Novel_Family
5097,3,1,4,Expanded_Known_Family
7014,2,2,4,Expanded_Known_Family
3124,3,1,4,Expanded_Known_Family
9188,3,1,4,Expanded_Known_Family
1954,2,2,4,Expanded_Known_Family
11624,1,3,4,Expanded_Known_Family
2129,4,0,4,Potential_Novel_Family
5993,4,0,4,Potential_Novel_Family
5663,3,1,4,Expanded_Known_Family
11165,2,2,4,Expanded_Known_Family
12144,3,1,4,Expanded_Known_Family
4960,2,2,4,Expanded_Known_Family
6902,3,1,4,Expanded_Known_Family
1529,4,0,4,Potential_Novel_Family
8048,1,3,4,Expanded_Known_Family
3066,2,2,4,Expanded_Known_Family
5644,3,1,4,Expanded_Known_Family
338,2,2,4,Expanded_Known_Family
359,3,1,4,Expanded_Known_Family
1531,4,0,4,Potential_Novel_Family
681,4,0,4,Potential_Novel_Family
446,1,3,4,Expanded_Known_Family
7949,2,2,4,Expanded_Known_Family
7651,4,0,4,Potential_Novel_Family
5994,3,1,4,Expanded_Known_Family
6206,0,4,4,Known_Family_Only
8511,1,3,4,Expanded_Known_Family
6435,3,1,4,Expanded_Known_Family
5146,3,1,4,Expanded_Known_Family
3010,1,3,4,Expanded_Known_Family
3184,3,1,4,Expanded_Known_Family
4968,2,2,4,Expanded_Known_Family
9803,2,2,4,Expanded_Known_Family
778,3,1,4,Expanded_Known_Family
8083,2,2,4,Expanded_Known_Family
4171,4,0,4,Potential_Novel_Family
7974,4,0,4,Potential_Novel_Family
2147,4,0,4,Potential_Novel_Family
1627,3,1,4,Expanded_Known_Family
2150,3,1,4,Expanded_Known_Family
3489,3,1,4,Expanded_Known_Family
1543,3,1,4,Expanded_Known_Family
2371,3,1,4,Expanded_Known_Family
4717,4,0,4,Potential_Novel_Family
782,4,0,4,Potential_Novel_Family
2130,4,0,4,Potential_Novel_Family
3449,4,0,4,Potential_Novel_Family
2879,1,3,4,Expanded_Known_Family
10092,3,1,4,Expanded_Known_Family
3652,4,0,4,Potential_Novel_Family
1942,4,0,4,Potential_Novel_Family
9591,4,0,4,Potential_Novel_Family
4757,3,1,4,Expanded_Known_Family
1931,3,1,4,Expanded_Known_Family
2739,2,2,4,Expanded_Known_Family
757,2,2,4,Expanded_Known_Family
10721,1,3,4,Expanded_Known_Family
7623,4,0,4,Potential_Novel_Family
3799,0,4,4,Known_Family_Only
1477,2,2,4,Expanded_Known_Family
5140,1,3,4,Expanded_Known_Family
5457,1,3,4,Expanded_Known_Family
449,0,4,4,Known_Family_Only
5027,4,0,4,Potential_Novel_Family
6673,3,1,4,Expanded_Known_Family
415,3,1,4,Expanded_Known_Family
11834,2,2,4,Expanded_Known_Family
568,2,2,4,Expanded_Known_Family
570,2,2,4,Expanded_Known_Family
8011,3,1,4,Expanded_Known_Family
10790,4,0,4,Potential_Novel_Family
661,2,2,4,Expanded_Known_Family
6549,4,0,4,Potential_Novel_Family
12138,4,0,4,Potential_Novel_Family
412,4,0,4,Potential_Novel_Family
9991,4,0,4,Potential_Novel_Family
8747,2,2,4,Expanded_Known_Family
520,3,1,4,Expanded_Known_Family
8745,3,1,4,Expanded_Known_Family
6918,3,1,4,Expanded_Known_Family
574,2,2,4,Expanded_Known_Family
6916,3,1,4,Expanded_Known_Family
4143,3,1,4,Expanded_Known_Family
7970,3,1,4,Expanded_Known_Family
8751,1,3,4,Expanded_Known_Family
2040,4,0,4,Potential_Novel_Family
4940,3,1,4,Expanded_Known_Family
2838,1,3,4,Expanded_Known_Family
5572,4,0,4,Potential_Novel_Family
561,3,1,4,Expanded_Known_Family
6431,1,3,4,Expanded_Known_Family
7965,4,0,4,Potential_Novel_Family
7721,3,1,4,Expanded_Known_Family
6355,4,0,4,Potential_Novel_Family
423,2,2,4,Expanded_Known_Family
11191,4,0,4,Potential_Novel_Family
555,1,3,4,Expanded_Known_Family
2027,3,1,4,Expanded_Known_Family
431,2,2,4,Expanded_Known_Family
6699,0,4,4,Known_Family_Only
630,2,2,4,Expanded_Known_Family
5513,3,1,4,Expanded_Known_Family
2778,3,1,4,Expanded_Known_Family
5634,4,0,4,Potential_Novel_Family
4846,4,0,4,Potential_Novel_Family
10936,2,2,4,Expanded_Known_Family
511,1,3,4,Expanded_Known_Family
589,3,1,4,Expanded_Known_Family
6572,4,0,4,Potential_Novel_Family
8629,3,1,4,Expanded_Known_Family
650,2,2,4,Expanded_Known_Family
10801,4,0,4,Potential_Novel_Family
3461,1,3,4,Expanded_Known_Family
369,2,2,4,Expanded_Known_Family
4830,4,0,4,Potential_Novel_Family
3036,0,4,4,Known_Family_Only
12143,2,2,4,Expanded_Known_Family
4139,3,1,4,Expanded_Known_Family
7033,2,2,4,Expanded_Known_Family
2090,0,4,4,Known_Family_Only
2790,4,0,4,Potential_Novel_Family
2814,3,1,4,Expanded_Known_Family
7728,0,4,4,Known_Family_Only
8744,1,3,4,Expanded_Known_Family
396,0,4,4,Known_Family_Only
11851,4,0,4,Potential_Novel_Family
9883,4,0,4,Potential_Novel_Family
2094,3,1,4,Expanded_Known_Family
3679,2,2,4,Expanded_Known_Family
615,3,1,4,Expanded_Known_Family
2341,2,2,4,Expanded_Known_Family
2000,3,1,4,Expanded_Known_Family
3750,0,4,4,Known_Family_Only
5630,0,4,4,Known_Family_Only
2093,3,1,4,Expanded_Known_Family
976,2,2,4,Expanded_Known_Family
8420,3,1,4,Expanded_Known_Family
2188,2,2,4,Expanded_Known_Family
9629,1,3,4,Expanded_Known_Family
33,1,3,4,Expanded_Known_Family
34,3,1,4,Expanded_Known_Family
985,2,2,4,Expanded_Known_Family
3501,4,0,4,Potential_Novel_Family
2666,1,3,4,Expanded_Known_Family
186,3,1,4,Expanded_Known_Family
2389,1,3,4,Expanded_Known_Family
35,3,1,4,Expanded_Known_Family
37,4,0,4,Potential_Novel_Family
5549,3,1,4,Expanded_Known_Family
1005,3,1,4,Expanded_Known_Family
3200,2,2,4,Expanded_Known_Family
3870,1,3,4,Expanded_Known_Family
940,2,2,4,Expanded_Known_Family
11932,4,0,4,Potential_Novel_Family
1860,4,0,4,Potential_Novel_Family
9624,2,2,4,Expanded_Known_Family
5210,2,2,4,Expanded_Known_Family
10199,3,1,4,Expanded_Known_Family
4599,2,2,4,Expanded_Known_Family
6915,3,1,4,Expanded_Known_Family
971,2,2,4,Expanded_Known_Family
7983,3,1,4,Expanded_Known_Family
3189,4,0,4,Potential_Novel_Family
2993,2,2,4,Expanded_Known_Family
204,1,3,4,Expanded_Known_Family
5218,4,0,4,Potential_Novel_Family
4982,3,1,4,Expanded_Known_Family
3862,3,1,4,Expanded_Known_Family
12174,2,2,4,Expanded_Known_Family
2906,3,1,4,Expanded_Known_Family
9633,0,4,4,Known_Family_Only
3309,0,4,4,Known_Family_Only
5801,4,0,4,Potential_Novel_Family
8949,4,0,4,Potential_Novel_Family
8165,4,0,4,Potential_Novel_Family
1815,2,2,4,Expanded_Known_Family
12110,2,2,4,Expanded_Known_Family
11042,2,2,4,Expanded_Known_Family
5790,3,1,4,Expanded_Known_Family
3904,1,3,4,Expanded_Known_Family
2649,4,0,4,Potential_Novel_Family
12402,1,3,4,Expanded_Known_Family
4210,4,0,4,Potential_Novel_Family
8314,1,3,4,Expanded_Known_Family
7487,3,1,4,Expanded_Known_Family
159,3,1,4,Expanded_Known_Family
157,3,1,4,Expanded_Known_Family
163,0,4,4,Known_Family_Only
10230,3,1,4,Expanded_Known_Family
3879,4,0,4,Potential_Novel_Family
6385,0,4,4,Known_Family_Only
2194,3,1,4,Expanded_Known_Family
5976,3,1,4,Expanded_Known_Family
6149,2,2,4,Expanded_Known_Family
1641,3,1,4,Expanded_Known_Family
8415,2,2,4,Expanded_Known_Family
3602,1,3,4,Expanded_Known_Family
8160,2,2,4,Expanded_Known_Family
1027,3,1,4,Expanded_Known_Family
4545,3,1,4,Expanded_Known_Family
12422,2,2,4,Expanded_Known_Family
9368,3,1,4,Expanded_Known_Family
5796,2,2,4,Expanded_Known_Family
1033,2,2,4,Expanded_Known_Family
3889,0,4,4,Known_Family_Only
174,1,3,4,Expanded_Known_Family
3160,2,2,4,Expanded_Known_Family
9029,3,1,4,Expanded_Known_Family
2377,3,1,4,Expanded_Known_Family
845,2,2,4,Expanded_Known_Family
12520,4,0,4,Potential_Novel_Family
7838,2,2,4,Expanded_Known_Family
10152,2,2,4,Expanded_Known_Family
4672,3,1,4,Expanded_Known_Family
3068,3,1,4,Expanded_Known_Family
5001,4,0,4,Potential_Novel_Family
861,4,0,4,Potential_Novel_Family
8109,2,2,4,Expanded_Known_Family
12510,4,0,4,Potential_Novel_Family
12509,3,1,4,Expanded_Known_Family
2162,3,1,4,Expanded_Known_Family
7570,3,1,4,Expanded_Known_Family
9604,2,2,4,Expanded_Known_Family
7574,2,2,4,Expanded_Known_Family
10948,2,2,4,Expanded_Known_Family
6729,2,2,4,Expanded_Known_Family
6185,3,1,4,Expanded_Known_Family
9428,2,2,4,Expanded_Known_Family
2373,2,2,4,Expanded_Known_Family
6730,2,2,4,Expanded_Known_Family
8441,4,0,4,Potential_Novel_Family
2154,4,0,4,Potential_Novel_Family
1900,1,3,4,Expanded_Known_Family
8098,3,1,4,Expanded_Known_Family
266,1,3,4,Expanded_Known_Family
1468,3,1,4,Expanded_Known_Family
265,1,3,4,Expanded_Known_Family
8957,4,0,4,Potential_Novel_Family
7829,2,2,4,Expanded_Known_Family
259,4,0,4,Potential_Novel_Family
256,1,3,4,Expanded_Known_Family
7248,2,2,4,Expanded_Known_Family
3633,4,0,4,Potential_Novel_Family
5194,3,1,4,Expanded_Known_Family
3849,4,0,4,Potential_Novel_Family
4631,3,1,4,Expanded_Known_Family
7549,3,1,4,Expanded_Known_Family
218,3,1,4,Expanded_Known_Family
2686,3,1,4,Expanded_Known_Family
3853,4,0,4,Potential_Novel_Family
8649,2,2,4,Expanded_Known_Family
3183,3,1,4,Expanded_Known_Family
2057,1,3,4,Expanded_Known_Family
7850,2,2,4,Expanded_Known_Family
1866,1,3,4,Expanded_Known_Family
933,2,2,4,Expanded_Known_Family
8316,3,1,4,Expanded_Known_Family
12473,4,0,4,Potential_Novel_Family
11897,4,0,4,Potential_Novel_Family
921,2,2,4,Expanded_Known_Family
937,2,2,4,Expanded_Known_Family
4663,3,1,4,Expanded_Known_Family
7562,2,2,4,Expanded_Known_Family
10159,4,0,4,Potential_Novel_Family
1613,3,1,4,Expanded_Known_Family
6736,4,0,4,Potential_Novel_Family
6177,3,1,4,Expanded_Known_Family
12071,4,0,4,Potential_Novel_Family
231,3,1,4,Expanded_Known_Family
6271,4,0,4,Potential_Novel_Family
894,0,4,4,Known_Family_Only
896,1,3,4,Expanded_Known_Family
7557,2,2,4,Expanded_Known_Family
226,2,2,4,Expanded_Known_Family
2458,2,2,4,Expanded_Known_Family
6995,3,1,4,Expanded_Known_Family
874,4,0,4,Potential_Novel_Family
6496,2,2,4,Expanded_Known_Family
1614,2,1,3,Expanded_Known_Family
1612,2,1,3,Expanded_Known_Family
10570,1,2,3,Expanded_Known_Family
4045,2,1,3,Expanded_Known_Family
3358,1,2,3,Expanded_Known_Family
6042,2,1,3,Expanded_Known_Family
11003,3,0,3,Potential_Novel_Family
12090,3,0,3,Potential_Novel_Family
4051,2,1,3,Expanded_Known_Family
4078,2,1,3,Expanded_Known_Family
9192,1,2,3,Expanded_Known_Family
12068,3,0,3,Potential_Novel_Family
1598,0,3,3,Known_Family_Only
1630,1,2,3,Expanded_Known_Family
6413,3,0,3,Potential_Novel_Family
6055,2,1,3,Expanded_Known_Family
1589,2,1,3,Expanded_Known_Family
12059,2,1,3,Expanded_Known_Family
8628,3,0,3,Potential_Novel_Family
2462,1,2,3,Expanded_Known_Family
4061,1,2,3,Expanded_Known_Family
7243,3,0,3,Potential_Novel_Family
3361,2,1,3,Expanded_Known_Family
3374,0,3,3,Known_Family_Only
1618,3,0,3,Potential_Novel_Family
1585,0,3,3,Known_Family_Only
6052,1,2,3,Expanded_Known_Family
4084,2,1,3,Expanded_Known_Family
4062,1,2,3,Expanded_Known_Family
1626,0,3,3,Known_Family_Only
7050,1,2,3,Expanded_Known_Family
10774,2,1,3,Expanded_Known_Family
3707,3,0,3,Potential_Novel_Family
2056,3,0,3,Potential_Novel_Family
2058,2,1,3,Expanded_Known_Family
8491,1,2,3,Expanded_Known_Family
2337,1,2,3,Expanded_Known_Family
6242,3,0,3,Potential_Novel_Family
2336,2,1,3,Expanded_Known_Family
8493,1,2,3,Expanded_Known_Family
2068,0,3,3,Known_Family_Only
1920,2,1,3,Expanded_Known_Family
2331,2,1,3,Expanded_Known_Family
2077,1,2,3,Expanded_Known_Family
8496,1,2,3,Expanded_Known_Family
11793,3,0,3,Potential_Novel_Family
10793,2,1,3,Expanded_Known_Family
3673,3,0,3,Potential_Novel_Family
3672,3,0,3,Potential_Novel_Family
8509,3,0,3,Potential_Novel_Family
3665,2,1,3,Expanded_Known_Family
7018,2,1,3,Expanded_Known_Family
3663,1,2,3,Expanded_Known_Family
2334,1,2,3,Expanded_Known_Family
1960,2,1,3,Expanded_Known_Family
9080,1,2,3,Expanded_Known_Family
1964,3,0,3,Potential_Novel_Family
3457,1,2,3,Expanded_Known_Family
3772,1,2,3,Expanded_Known_Family
1972,3,0,3,Potential_Novel_Family
7083,2,1,3,Expanded_Known_Family
3460,1,2,3,Expanded_Known_Family
8462,2,1,3,Expanded_Known_Family
3766,2,1,3,Expanded_Known_Family
11860,2,1,3,Expanded_Known_Family
6912,0,3,3,Known_Family_Only
3758,1,2,3,Expanded_Known_Family
6214,1,2,3,Expanded_Known_Family
1999,3,0,3,Potential_Novel_Family
7068,2,1,3,Expanded_Known_Family
3746,0,3,3,Known_Family_Only
2010,3,0,3,Potential_Novel_Family
2351,2,1,3,Expanded_Known_Family
7061,1,2,3,Expanded_Known_Family
8478,3,0,3,Potential_Novel_Family
10763,3,0,3,Potential_Novel_Family
3474,2,1,3,Expanded_Known_Family
7077,2,1,3,Expanded_Known_Family
6930,2,1,3,Expanded_Known_Family
11720,2,1,3,Expanded_Known_Family
2209,3,0,3,Potential_Novel_Family
8541,1,2,3,Expanded_Known_Family
2212,1,2,3,Expanded_Known_Family
6972,3,0,3,Potential_Novel_Family
6296,2,1,3,Expanded_Known_Family
3576,2,1,3,Expanded_Known_Family
6307,2,1,3,Expanded_Known_Family
3554,3,0,3,Potential_Novel_Family
6934,3,0,3,Potential_Novel_Family
2118,1,2,3,Expanded_Known_Family
2250,1,2,3,Expanded_Known_Family
3545,3,0,3,Potential_Novel_Family
10885,3,0,3,Potential_Novel_Family
6327,1,2,3,Expanded_Known_Family
8987,3,0,3,Potential_Novel_Family
2263,1,2,3,Expanded_Known_Family
6945,3,0,3,Potential_Novel_Family
2268,2,1,3,Expanded_Known_Family
2270,1,2,3,Expanded_Known_Family
2283,3,0,3,Potential_Novel_Family
2280,1,2,3,Expanded_Known_Family
11671,3,0,3,Potential_Novel_Family
3661,1,2,3,Expanded_Known_Family
2121,3,0,3,Potential_Novel_Family
6923,3,0,3,Potential_Novel_Family
2128,1,2,3,Expanded_Known_Family
7010,2,1,3,Expanded_Known_Family
2319,3,0,3,Potential_Novel_Family
3650,3,0,3,Potential_Novel_Family
8580,2,1,3,Expanded_Known_Family
10918,3,0,3,Potential_Novel_Family
8519,1,2,3,Expanded_Known_Family
3636,2,1,3,Expanded_Known_Family
10836,3,0,3,Potential_Novel_Family
6999,2,1,3,Expanded_Known_Family
8975,0,3,3,Known_Family_Only
3628,2,1,3,Expanded_Known_Family
11745,3,0,3,Potential_Novel_Family
3623,3,0,3,Potential_Novel_Family
10825,0,3,3,Known_Family_Only
3619,1,2,3,Expanded_Known_Family
6992,3,0,3,Potential_Novel_Family
8575,1,2,3,Expanded_Known_Family
2183,0,3,3,Known_Family_Only
6984,3,0,3,Potential_Novel_Family
11728,2,1,3,Expanded_Known_Family
2157,3,0,3,Potential_Novel_Family
7184,3,0,3,Potential_Novel_Family
10611,3,0,3,Potential_Novel_Family
1742,3,0,3,Potential_Novel_Family
8386,3,0,3,Potential_Novel_Family
3958,0,3,3,Known_Family_Only
1749,1,2,3,Expanded_Known_Family
11993,3,0,3,Potential_Novel_Family
9145,1,2,3,Expanded_Known_Family
3952,1,2,3,Expanded_Known_Family
10991,3,0,3,Potential_Novel_Family
11593,3,0,3,Potential_Novel_Family
1959,3,0,3,Potential_Novel_Family
3398,3,0,3,Potential_Novel_Family
6120,2,1,3,Expanded_Known_Family
1780,2,1,3,Expanded_Known_Family
11969,2,1,3,Expanded_Known_Family
3407,3,0,3,Potential_Novel_Family
1796,1,2,3,Expanded_Known_Family
2406,1,2,3,Expanded_Known_Family
11963,1,2,3,Expanded_Known_Family
6882,3,0,3,Potential_Novel_Family
3410,2,1,3,Expanded_Known_Family
1807,1,2,3,Expanded_Known_Family
7166,3,0,3,Potential_Novel_Family
12054,3,0,3,Potential_Novel_Family
1661,3,0,3,Potential_Novel_Family
1662,3,0,3,Potential_Novel_Family
1673,3,0,3,Potential_Novel_Family
4017,3,0,3,Potential_Novel_Family
4014,2,1,3,Expanded_Known_Family
1680,0,3,3,Known_Family_Only
4011,1,2,3,Expanded_Known_Family
3381,2,1,3,Expanded_Known_Family
2439,2,1,3,Expanded_Known_Family
1686,2,1,3,Expanded_Known_Family
3966,2,1,3,Expanded_Known_Family
8362,2,1,3,Expanded_Known_Family
8615,2,1,3,Expanded_Known_Family
7202,3,0,3,Potential_Novel_Family
9157,0,3,3,Known_Family_Only
1702,3,0,3,Potential_Novel_Family
12023,3,0,3,Potential_Novel_Family
12022,3,0,3,Potential_Novel_Family
12014,2,1,3,Expanded_Known_Family
1722,2,1,3,Expanded_Known_Family
10993,2,1,3,Expanded_Known_Family
3971,3,0,3,Potential_Novel_Family
12007,3,0,3,Potential_Novel_Family
3383,1,2,3,Expanded_Known_Family
9098,3,0,3,Potential_Novel_Family
8437,2,1,3,Expanded_Known_Family
3829,0,3,3,Known_Family_Only
11906,2,1,3,Expanded_Known_Family
1902,3,0,3,Potential_Novel_Family
9095,3,0,3,Potential_Novel_Family
2376,1,2,3,Expanded_Known_Family
7111,2,1,3,Expanded_Known_Family
3820,1,2,3,Expanded_Known_Family
1909,3,0,3,Potential_Novel_Family
7106,3,0,3,Potential_Novel_Family
3411,3,0,3,Potential_Novel_Family
3805,0,3,3,Known_Family_Only
10715,3,0,3,Potential_Novel_Family
1930,0,3,3,Known_Family_Only
10716,2,1,3,Expanded_Known_Family
7100,3,0,3,Potential_Novel_Family
1940,3,0,3,Potential_Novel_Family
7093,1,2,3,Expanded_Known_Family
3792,3,0,3,Potential_Novel_Family
6370,3,0,3,Potential_Novel_Family
8964,2,1,3,Expanded_Known_Family
3788,1,2,3,Expanded_Known_Family
1923,1,2,3,Expanded_Known_Family
1811,2,1,3,Expanded_Known_Family
3902,2,1,3,Expanded_Known_Family
11606,2,1,3,Expanded_Known_Family
1820,2,1,3,Expanded_Known_Family
1822,1,2,3,Expanded_Known_Family
1826,1,2,3,Expanded_Known_Family
6885,1,2,3,Expanded_Known_Family
1830,1,2,3,Expanded_Known_Family
6386,0,3,3,Known_Family_Only
10668,1,2,3,Expanded_Known_Family
1844,3,0,3,Potential_Novel_Family
1889,3,0,3,Potential_Novel_Family
3868,1,2,3,Expanded_Known_Family
3433,1,2,3,Expanded_Known_Family
3434,2,1,3,Expanded_Known_Family
3859,3,0,3,Potential_Novel_Family
7130,1,2,3,Expanded_Known_Family
3844,1,2,3,Expanded_Known_Family
2381,1,2,3,Expanded_Known_Family
8431,2,1,3,Expanded_Known_Family
3840,0,3,3,Known_Family_Only
1881,1,2,3,Expanded_Known_Family
11619,3,0,3,Potential_Novel_Family
6174,3,0,3,Potential_Novel_Family
1847,1,2,3,Expanded_Known_Family
8073,3,0,3,Potential_Novel_Family
10094,3,0,3,Potential_Novel_Family
751,2,1,3,Expanded_Known_Family
760,2,1,3,Expanded_Known_Family
214,1,2,3,Expanded_Known_Family
11397,2,1,3,Expanded_Known_Family
7621,0,3,3,Known_Family_Only
11398,3,0,3,Potential_Novel_Family
7619,3,0,3,Potential_Novel_Family
3142,2,1,3,Expanded_Known_Family
6520,3,0,3,Potential_Novel_Family
6722,2,1,3,Expanded_Known_Family
6517,3,0,3,Potential_Novel_Family
6516,2,1,3,Expanded_Known_Family
7613,2,1,3,Expanded_Known_Family
9373,3,0,3,Potential_Novel_Family
8726,3,0,3,Potential_Novel_Family
4733,1,2,3,Expanded_Known_Family
781,3,0,3,Potential_Novel_Family
783,2,1,3,Expanded_Known_Family
2725,1,2,3,Expanded_Known_Family
4730,2,1,3,Expanded_Known_Family
8088,2,1,3,Expanded_Known_Family
5699,2,1,3,Expanded_Known_Family
12553,2,1,3,Expanded_Known_Family
213,0,3,3,Known_Family_Only
7601,3,0,3,Potential_Novel_Family
6514,1,2,3,Expanded_Known_Family
8093,2,1,3,Expanded_Known_Family
11130,2,1,3,Expanded_Known_Family
807,2,1,3,Expanded_Known_Family
2727,3,0,3,Potential_Novel_Family
667,2,1,3,Expanded_Known_Family
3002,1,2,3,Expanded_Known_Family
8852,1,2,3,Expanded_Known_Family
675,1,2,3,Expanded_Known_Family
2767,2,1,3,Expanded_Known_Family
6645,2,1,3,Expanded_Known_Family
11160,2,1,3,Expanded_Known_Family
7659,2,1,3,Expanded_Known_Family
236,1,2,3,Expanded_Known_Family
682,3,0,3,Potential_Novel_Family
5181,3,0,3,Potential_Novel_Family
7655,1,2,3,Expanded_Known_Family
3117,3,0,3,Potential_Novel_Family
8855,1,2,3,Expanded_Known_Family
697,0,3,3,Known_Family_Only
215,1,2,3,Expanded_Known_Family
5435,3,0,3,Potential_Novel_Family
710,2,1,3,Expanded_Known_Family
230,1,2,3,Expanded_Known_Family
5659,2,1,3,Expanded_Known_Family
10067,3,0,3,Potential_Novel_Family
5664,2,1,3,Expanded_Known_Family
5668,3,0,3,Potential_Novel_Family
723,1,2,3,Expanded_Known_Family
725,1,2,3,Expanded_Known_Family
225,2,1,3,Expanded_Known_Family
730,2,1,3,Expanded_Known_Family
221,3,0,3,Potential_Novel_Family
12589,3,0,3,Potential_Novel_Family
11146,2,1,3,Expanded_Known_Family
5675,2,1,3,Expanded_Known_Family
700,3,0,3,Potential_Novel_Family
31,1,2,3,Expanded_Known_Family
32,2,1,3,Expanded_Known_Family
194,2,1,3,Expanded_Known_Family
192,2,1,3,Expanded_Known_Family
6742,1,2,3,Expanded_Known_Family
8124,3,0,3,Potential_Novel_Family
2687,0,3,3,Known_Family_Only
12479,3,0,3,Potential_Novel_Family
12477,2,1,3,Expanded_Known_Family
927,2,1,3,Expanded_Known_Family
4623,3,0,3,Potential_Novel_Family
7544,0,3,3,Known_Family_Only
2681,1,2,3,Expanded_Known_Family
4614,2,1,3,Expanded_Known_Family
943,1,2,3,Expanded_Known_Family
808,2,1,3,Expanded_Known_Family
189,3,0,3,Potential_Novel_Family
10196,2,1,3,Expanded_Known_Family
2677,3,0,3,Potential_Novel_Family
8713,3,0,3,Potential_Novel_Family
185,3,0,3,Potential_Novel_Family
965,2,1,3,Expanded_Known_Family
5773,1,2,3,Expanded_Known_Family
974,0,3,3,Known_Family_Only
975,0,3,3,Known_Family_Only
177,1,2,3,Expanded_Known_Family
980,3,0,3,Potential_Novel_Family
993,3,0,3,Potential_Novel_Family
8882,1,2,3,Expanded_Known_Family
9375,3,0,3,Potential_Novel_Family
7516,3,0,3,Potential_Novel_Family
5755,3,0,3,Potential_Novel_Family
5197,3,0,3,Potential_Novel_Family
814,3,0,3,Potential_Novel_Family
816,3,0,3,Potential_Novel_Family
12539,3,0,3,Potential_Novel_Family
819,1,2,3,Expanded_Known_Family
822,1,2,3,Expanded_Known_Family
824,3,0,3,Potential_Novel_Family
4691,2,1,3,Expanded_Known_Family
5718,3,0,3,Potential_Novel_Family
12530,1,2,3,Expanded_Known_Family
835,2,1,3,Expanded_Known_Family
2709,2,1,3,Expanded_Known_Family
4681,1,2,3,Expanded_Known_Family
202,1,2,3,Expanded_Known_Family
847,1,2,3,Expanded_Known_Family
30,3,0,3,Potential_Novel_Family
4644,1,2,3,Expanded_Known_Family
10166,1,2,3,Expanded_Known_Family
4650,1,2,3,Expanded_Known_Family
5737,1,2,3,Expanded_Known_Family
891,2,1,3,Expanded_Known_Family
4653,2,1,3,Expanded_Known_Family
9628,3,0,3,Potential_Novel_Family
3165,2,1,3,Expanded_Known_Family
6503,3,0,3,Potential_Novel_Family
886,1,2,3,Expanded_Known_Family
882,0,3,3,Known_Family_Only
7565,3,0,3,Potential_Novel_Family
8111,3,0,3,Potential_Novel_Family
3166,0,3,3,Known_Family_Only
856,2,1,3,Expanded_Known_Family
853,2,1,3,Expanded_Known_Family
6502,3,0,3,Potential_Novel_Family
5464,3,0,3,Potential_Novel_Family
411,2,1,3,Expanded_Known_Family
2842,2,1,3,Expanded_Known_Family
5025,2,1,3,Expanded_Known_Family
5462,0,3,3,Known_Family_Only
429,2,1,3,Expanded_Known_Family
11340,2,1,3,Expanded_Known_Family
5531,3,0,3,Potential_Novel_Family
437,1,2,3,Expanded_Known_Family
5012,3,0,3,Potential_Novel_Family
7764,1,2,3,Expanded_Known_Family
441,2,1,3,Expanded_Known_Family
5537,1,2,3,Expanded_Known_Family
453,3,0,3,Potential_Novel_Family
454,2,1,3,Expanded_Known_Family
665,1,2,3,Expanded_Known_Family
4996,2,1,3,Expanded_Known_Family
9918,2,1,3,Expanded_Known_Family
296,2,1,3,Expanded_Known_Family
2828,0,3,3,Known_Family_Only
292,1,2,3,Expanded_Known_Family
468,3,0,3,Potential_Novel_Family
8756,2,1,3,Expanded_Known_Family
478,1,2,3,Expanded_Known_Family
480,2,1,3,Expanded_Known_Family
483,2,1,3,Expanded_Known_Family
4976,2,1,3,Expanded_Known_Family
490,0,3,3,Known_Family_Only
7989,2,1,3,Expanded_Known_Family
496,1,2,3,Expanded_Known_Family
3073,2,1,3,Expanded_Known_Family
7754,2,1,3,Expanded_Known_Family
330,1,2,3,Expanded_Known_Family
333,2,1,3,Expanded_Known_Family
6659,3,0,3,Potential_Novel_Family
9851,1,2,3,Expanded_Known_Family
5490,1,2,3,Expanded_Known_Family
329,3,0,3,Potential_Novel_Family
5080,3,0,3,Potential_Novel_Family
7794,1,2,3,Expanded_Known_Family
5076,3,0,3,Potential_Novel_Family
360,0,3,3,Known_Family_Only
11322,3,0,3,Potential_Novel_Family
363,3,0,3,Potential_Novel_Family
364,2,1,3,Expanded_Known_Family
6658,3,0,3,Potential_Novel_Family
7944,2,1,3,Expanded_Known_Family
9546,3,0,3,Potential_Novel_Family
12744,3,0,3,Potential_Novel_Family
7776,1,2,3,Expanded_Known_Family
5033,3,0,3,Potential_Novel_Family
9548,3,0,3,Potential_Novel_Family
9884,2,1,3,Expanded_Known_Family
393,1,2,3,Expanded_Known_Family
5127,1,2,3,Expanded_Known_Family
373,2,1,3,Expanded_Known_Family
3055,3,0,3,Potential_Novel_Family
6584,3,0,3,Potential_Novel_Family
312,2,1,3,Expanded_Known_Family
5051,3,0,3,Potential_Novel_Family
3049,2,1,3,Expanded_Known_Family
2873,2,1,3,Expanded_Known_Family
11209,1,2,3,Expanded_Known_Family
5063,0,3,3,Known_Family_Only
11197,2,1,3,Expanded_Known_Family
4895,2,1,3,Expanded_Known_Family
6690,2,1,3,Expanded_Known_Family
5154,3,0,3,Potential_Novel_Family
8817,3,0,3,Potential_Novel_Family
594,1,2,3,Expanded_Known_Family
270,0,3,3,Known_Family_Only
269,2,1,3,Expanded_Known_Family
607,0,3,3,Known_Family_Only
4873,3,0,3,Potential_Novel_Family
4869,2,1,3,Expanded_Known_Family
611,2,1,3,Expanded_Known_Family
5161,2,1,3,Expanded_Known_Family
617,1,2,3,Expanded_Known_Family
2890,2,1,3,Expanded_Known_Family
618,3,0,3,Potential_Novel_Family
4965,3,0,3,Potential_Novel_Family
4857,0,3,3,Known_Family_Only
11371,2,1,3,Expanded_Known_Family
2781,3,0,3,Potential_Novel_Family
8779,3,0,3,Potential_Novel_Family
10028,2,1,3,Expanded_Known_Family
12636,2,1,3,Expanded_Known_Family
645,1,2,3,Expanded_Known_Family
10030,1,2,3,Expanded_Known_Family
647,2,1,3,Expanded_Known_Family
248,2,1,3,Expanded_Known_Family
7673,1,2,3,Expanded_Known_Family
2773,2,1,3,Expanded_Known_Family
4833,3,0,3,Potential_Novel_Family
4832,0,3,3,Known_Family_Only
9472,1,2,3,Expanded_Known_Family
3005,2,1,3,Expanded_Known_Family
282,2,1,3,Expanded_Known_Family
504,1,2,3,Expanded_Known_Family
11183,2,1,3,Expanded_Known_Family
517,0,3,3,Known_Family_Only
279,2,1,3,Expanded_Known_Family
525,0,3,3,Known_Family_Only
529,2,1,3,Expanded_Known_Family
12692,3,0,3,Potential_Novel_Family
3081,1,2,3,Expanded_Known_Family
4939,3,0,3,Potential_Novel_Family
7927,2,1,3,Expanded_Known_Family
7724,1,2,3,Expanded_Known_Family
4934,1,2,3,Expanded_Known_Family
277,1,2,3,Expanded_Known_Family
8003,2,1,3,Expanded_Known_Family
275,3,0,3,Potential_Novel_Family
578,0,3,3,Known_Family_Only
8748,2,1,3,Expanded_Known_Family
9495,2,1,3,Expanded_Known_Family
7824,3,0,3,Potential_Novel_Family
5601,2,1,3,Expanded_Known_Family
565,1,2,3,Expanded_Known_Family
3086,3,0,3,Potential_Novel_Family
11179,2,1,3,Expanded_Known_Family
11359,1,2,3,Expanded_Known_Family
12680,3,0,3,Potential_Novel_Family
558,2,1,3,Expanded_Known_Family
5593,3,0,3,Potential_Novel_Family
4918,2,1,3,Expanded_Known_Family
9510,0,3,3,Known_Family_Only
552,1,2,3,Expanded_Known_Family
5582,1,2,3,Expanded_Known_Family
5597,1,2,3,Expanded_Known_Family
97,3,0,3,Potential_Novel_Family
4309,3,0,3,Potential_Novel_Family
12251,1,2,3,Expanded_Known_Family
5278,2,1,3,Expanded_Known_Family
3283,2,1,3,Expanded_Known_Family
4298,3,0,3,Potential_Novel_Family
90,3,0,3,Potential_Novel_Family
4294,3,0,3,Potential_Novel_Family
7367,0,3,3,Known_Family_Only
1339,3,0,3,Potential_Novel_Family
1341,2,1,3,Expanded_Known_Family
1345,0,3,3,Known_Family_Only
3287,3,0,3,Potential_Novel_Family
1357,1,2,3,Expanded_Known_Family
4373,2,1,3,Expanded_Known_Family
1365,2,1,3,Expanded_Known_Family
2967,3,0,3,Potential_Novel_Family
84,2,1,3,Expanded_Known_Family
4263,2,1,3,Expanded_Known_Family
4261,2,1,3,Expanded_Known_Family
78,1,2,3,Expanded_Known_Family
7347,3,0,3,Potential_Novel_Family
1385,1,2,3,Expanded_Known_Family
11275,0,3,3,Known_Family_Only
10421,3,0,3,Potential_Novel_Family
70,0,3,3,Known_Family_Only
5955,2,1,3,Expanded_Known_Family
9704,1,2,3,Expanded_Known_Family
12205,2,1,3,Expanded_Known_Family
2525,2,1,3,Expanded_Known_Family
87,2,1,3,Expanded_Known_Family
2579,3,0,3,Potential_Novel_Family
107,2,1,3,Expanded_Known_Family
11252,1,2,3,Expanded_Known_Family
6464,3,0,3,Potential_Novel_Family
4363,3,0,3,Potential_Novel_Family
2574,3,0,3,Potential_Novel_Family
2573,2,1,3,Expanded_Known_Family
6793,2,1,3,Expanded_Known_Family
4356,3,0,3,Potential_Novel_Family
12284,2,1,3,Expanded_Known_Family
4354,2,1,3,Expanded_Known_Family
11494,1,2,3,Expanded_Known_Family
178,1,2,3,Expanded_Known_Family
3264,2,1,3,Expanded_Known_Family
1312,3,0,3,Potential_Novel_Family
101,2,1,3,Expanded_Known_Family
1287,0,3,3,Known_Family_Only
12269,2,1,3,Expanded_Known_Family
4331,1,2,3,Expanded_Known_Family
2559,2,1,3,Expanded_Known_Family
5917,3,0,3,Potential_Novel_Family
4317,2,1,3,Expanded_Known_Family
1301,2,1,3,Expanded_Known_Family
8247,1,2,3,Expanded_Known_Family
4316,2,1,3,Expanded_Known_Family
4314,1,2,3,Expanded_Known_Family
10385,0,3,3,Known_Family_Only
1309,1,2,3,Expanded_Known_Family
98,2,1,3,Expanded_Known_Family
7375,2,1,3,Expanded_Known_Family
103,1,2,3,Expanded_Known_Family
1508,2,1,3,Expanded_Known_Family
6617,1,2,3,Expanded_Known_Family
7880,3,0,3,Potential_Novel_Family
1522,1,2,3,Expanded_Known_Family
5327,0,3,3,Known_Family_Only
4135,2,1,3,Expanded_Known_Family
1527,2,1,3,Expanded_Known_Family
2485,3,0,3,Potential_Novel_Family
2484,1,2,3,Expanded_Known_Family
9216,3,0,3,Potential_Novel_Family
60,2,1,3,Expanded_Known_Family
1539,0,3,3,Known_Family_Only
7271,2,1,3,Expanded_Known_Family
6015,0,3,3,Known_Family_Only
5363,2,1,3,Expanded_Known_Family
11548,3,0,3,Potential_Novel_Family
2480,1,2,3,Expanded_Known_Family
27,2,1,3,Expanded_Known_Family
18,2,1,3,Expanded_Known_Family
1556,1,2,3,Expanded_Known_Family
15,3,0,3,Potential_Novel_Family
12,3,0,3,Potential_Novel_Family
1563,2,1,3,Expanded_Known_Family
6032,1,2,3,Expanded_Known_Family
2473,2,1,3,Expanded_Known_Family
7259,1,2,3,Expanded_Known_Family
12099,3,0,3,Potential_Novel_Family
1575,0,3,3,Known_Family_Only
1576,2,1,3,Expanded_Known_Family
1139,1,2,3,Expanded_Known_Family
7269,1,2,3,Expanded_Known_Family
62,1,2,3,Expanded_Known_Family
9246,1,2,3,Expanded_Known_Family
12189,3,0,3,Potential_Novel_Family
10447,1,2,3,Expanded_Known_Family
1424,2,1,3,Expanded_Known_Family
5971,2,1,3,Expanded_Known_Family
8907,3,0,3,Potential_Novel_Family
9245,1,2,3,Expanded_Known_Family
61,2,1,3,Expanded_Known_Family
2516,2,1,3,Expanded_Known_Family
8802,3,0,3,Potential_Novel_Family
1445,1,2,3,Expanded_Known_Family
1447,2,1,3,Expanded_Known_Family
6,3,0,3,Potential_Novel_Family
9699,0,3,3,Known_Family_Only
1504,2,1,3,Expanded_Known_Family
12171,2,1,3,Expanded_Known_Family
1456,3,0,3,Potential_Novel_Family
3320,0,3,3,Known_Family_Only
2942,2,1,3,Expanded_Known_Family
6622,1,2,3,Expanded_Known_Family
4182,1,2,3,Expanded_Known_Family
10470,1,2,3,Expanded_Known_Family
8646,2,1,3,Expanded_Known_Family
4172,3,0,3,Potential_Novel_Family
6434,3,0,3,Potential_Novel_Family
1489,3,0,3,Potential_Novel_Family
12147,3,0,3,Potential_Novel_Family
5319,1,2,3,Expanded_Known_Family
7292,2,1,3,Expanded_Known_Family
3332,1,2,3,Expanded_Known_Family
2510,3,0,3,Potential_Novel_Family
3214,3,0,3,Potential_Novel_Family
1074,3,0,3,Potential_Novel_Family
8173,0,3,3,Known_Family_Only
2641,2,1,3,Expanded_Known_Family
146,2,1,3,Expanded_Known_Family
8176,1,2,3,Expanded_Known_Family
141,1,2,3,Expanded_Known_Family
3221,3,0,3,Potential_Novel_Family
1092,0,3,3,Known_Family_Only
5814,1,2,3,Expanded_Known_Family
7475,1,2,3,Expanded_Known_Family
8180,3,0,3,Potential_Novel_Family
138,3,0,3,Potential_Novel_Family
11088,3,0,3,Potential_Novel_Family
5241,2,1,3,Expanded_Known_Family
48,3,0,3,Potential_Novel_Family
135,2,1,3,Expanded_Known_Family
5397,1,2,3,Expanded_Known_Family
1103,2,1,3,Expanded_Known_Family
1108,3,0,3,Potential_Novel_Family
1110,1,2,3,Expanded_Known_Family
1117,2,1,3,Expanded_Known_Family
1118,0,3,3,Known_Family_Only
3228,2,1,3,Expanded_Known_Family
1121,1,2,3,Expanded_Known_Family
11084,2,1,3,Expanded_Known_Family
9346,3,0,3,Potential_Novel_Family
1126,3,0,3,Potential_Novel_Family
128,0,3,3,Known_Family_Only
12358,3,0,3,Potential_Novel_Family
7451,2,1,3,Expanded_Known_Family
5242,2,1,3,Expanded_Known_Family
173,2,1,3,Expanded_Known_Family
170,1,2,3,Expanded_Known_Family
6486,1,2,3,Expanded_Known_Family
1010,0,3,3,Known_Family_Only
4555,3,0,3,Potential_Novel_Family
5405,2,1,3,Expanded_Known_Family
11100,1,2,3,Expanded_Known_Family
4552,3,0,3,Potential_Novel_Family
168,1,2,3,Expanded_Known_Family
1017,1,2,3,Expanded_Known_Family
7506,0,3,3,Known_Family_Only
2657,2,1,3,Expanded_Known_Family
40,2,1,3,Expanded_Known_Family
1022,1,2,3,Expanded_Known_Family
5794,1,2,3,Expanded_Known_Family
2645,0,3,3,Known_Family_Only
11444,3,0,3,Potential_Novel_Family
12418,3,0,3,Potential_Novel_Family
41,2,1,3,Expanded_Known_Family
11446,3,0,3,Potential_Novel_Family
3206,2,1,3,Expanded_Known_Family
12412,2,1,3,Expanded_Known_Family
11448,1,2,3,Expanded_Known_Family
7495,3,0,3,Potential_Novel_Family
9363,3,0,3,Potential_Novel_Family
7491,2,1,3,Expanded_Known_Family
9362,2,1,3,Expanded_Known_Family
1057,0,3,3,Known_Family_Only
4526,1,2,3,Expanded_Known_Family
42,1,2,3,Expanded_Known_Family
152,2,1,3,Expanded_Known_Family
11443,3,0,3,Potential_Novel_Family
2601,2,1,3,Expanded_Known_Family
2600,3,0,3,Potential_Novel_Family
9322,2,1,3,Expanded_Known_Family
2598,2,1,3,Expanded_Known_Family
5859,2,1,3,Expanded_Known_Family
121,1,2,3,Expanded_Known_Family
11075,2,1,3,Expanded_Known_Family
5254,3,0,3,Potential_Novel_Family
3257,2,1,3,Expanded_Known_Family
11250,2,1,3,Expanded_Known_Family
4410,3,0,3,Potential_Novel_Family
1196,2,1,3,Expanded_Known_Family
1199,3,0,3,Potential_Novel_Family
1178,1,2,3,Expanded_Known_Family
9315,2,1,3,Expanded_Known_Family
4400,0,3,3,Known_Family_Only
8677,1,2,3,Expanded_Known_Family
4397,0,3,3,Known_Family_Only
8895,3,0,3,Potential_Novel_Family
4389,2,1,3,Expanded_Known_Family
7410,3,0,3,Potential_Novel_Family
5878,2,1,3,Expanded_Known_Family
1227,3,0,3,Potential_Novel_Family
118,1,2,3,Expanded_Known_Family
12300,1,2,3,Expanded_Known_Family
117,3,0,3,Potential_Novel_Family
1233,3,0,3,Potential_Novel_Family
1267,2,1,3,Expanded_Known_Family
1202,3,0,3,Potential_Novel_Family
1193,1,2,3,Expanded_Known_Family
2605,1,2,3,Expanded_Known_Family
12353,3,0,3,Potential_Novel_Family
5840,3,0,3,Potential_Novel_Family
10308,2,1,3,Expanded_Known_Family
1147,3,0,3,Potential_Novel_Family
9333,1,2,3,Expanded_Known_Family
6634,1,2,3,Expanded_Known_Family
1151,3,0,3,Potential_Novel_Family
1140,2,1,3,Expanded_Known_Family
4432,3,0,3,Potential_Novel_Family
1164,2,1,3,Expanded_Known_Family
2604,2,1,3,Expanded_Known_Family
7450,1,2,3,Expanded_Known_Family
3241,0,3,3,Known_Family_Only
4435,2,1,3,Expanded_Known_Family
6343,2,0,2,Potential_Novel_Family
6583,2,0,2,Potential_Novel_Family
2968,2,0,2,Potential_Novel_Family
2954,1,1,2,Expanded_Known_Family
2992,2,0,2,Potential_Novel_Family
11240,2,0,2,Potential_Novel_Family
11224,1,1,2,Expanded_Known_Family
8815,2,0,2,Potential_Novel_Family
3024,2,0,2,Potential_Novel_Family
8972,2,0,2,Potential_Novel_Family
6338,0,2,2,Known_Family_Only
2975,1,1,2,Expanded_Known_Family
3518,2,0,2,Potential_Novel_Family
6610,1,1,2,Expanded_Known_Family
2989,2,0,2,Potential_Novel_Family
3498,1,1,2,Expanded_Known_Family
3519,2,0,2,Potential_Novel_Family
2966,1,1,2,Expanded_Known_Family
8806,2,0,2,Potential_Novel_Family
8977,1,1,2,Expanded_Known_Family
2981,1,1,2,Expanded_Known_Family
3490,0,2,2,Known_Family_Only
8822,1,1,2,Expanded_Known_Family
2971,2,0,2,Potential_Novel_Family
3513,1,1,2,Expanded_Known_Family
3514,2,0,2,Potential_Novel_Family
6587,1,1,2,Expanded_Known_Family
10904,2,0,2,Potential_Novel_Family
2961,1,1,2,Expanded_Known_Family
3512,1,1,2,Expanded_Known_Family
2980,0,2,2,Known_Family_Only
2958,2,0,2,Potential_Novel_Family
3017,2,0,2,Potential_Novel_Family
2995,1,1,2,Expanded_Known_Family
6339,1,1,2,Expanded_Known_Family
8816,2,0,2,Potential_Novel_Family
6585,1,1,2,Expanded_Known_Family
6340,1,1,2,Expanded_Known_Family
3511,2,0,2,Potential_Novel_Family
3499,0,2,2,Known_Family_Only
11263,2,0,2,Potential_Novel_Family
2972,1,1,2,Expanded_Known_Family
10903,0,2,2,Known_Family_Only
3487,2,0,2,Potential_Novel_Family
3510,2,0,2,Potential_Novel_Family
2999,0,2,2,Known_Family_Only
8808,0,2,2,Known_Family_Only
3000,0,2,2,Known_Family_Only
6592,0,2,2,Known_Family_Only
3248,2,0,2,Potential_Novel_Family
11073,1,1,2,Expanded_Known_Family
11070,2,0,2,Potential_Novel_Family
8933,2,0,2,Potential_Novel_Family
3387,2,0,2,Potential_Novel_Family
3258,0,2,2,Known_Family_Only
3259,1,1,2,Expanded_Known_Family
6463,2,0,2,Potential_Novel_Family
2952,0,2,2,Known_Family_Only
3268,1,1,2,Expanded_Known_Family
11064,1,1,2,Expanded_Known_Family
8932,2,0,2,Potential_Novel_Family
3277,2,0,2,Potential_Novel_Family
3384,2,0,2,Potential_Novel_Family
3278,1,1,2,Expanded_Known_Family
11058,1,1,2,Expanded_Known_Family
10996,2,0,2,Potential_Novel_Family
3281,2,0,2,Potential_Novel_Family
3266,2,0,2,Potential_Novel_Family
10968,2,0,2,Potential_Novel_Family
3208,2,0,2,Potential_Novel_Family
3210,2,0,2,Potential_Novel_Family
3212,0,2,2,Known_Family_Only
10977,2,0,2,Potential_Novel_Family
6479,1,1,2,Expanded_Known_Family
3403,2,0,2,Potential_Novel_Family
3223,2,0,2,Potential_Novel_Family
3245,1,1,2,Expanded_Known_Family
10983,2,0,2,Potential_Novel_Family
6476,2,0,2,Potential_Novel_Family
3229,1,1,2,Expanded_Known_Family
3232,2,0,2,Potential_Novel_Family
6474,0,2,2,Known_Family_Only
10901,2,0,2,Potential_Novel_Family
10989,2,0,2,Potential_Novel_Family
3237,2,0,2,Potential_Novel_Family
3244,0,2,2,Known_Family_Only
3225,2,0,2,Potential_Novel_Family
3321,1,1,2,Expanded_Known_Family
6439,2,0,2,Potential_Novel_Family
3363,2,0,2,Potential_Novel_Family
3329,1,1,2,Expanded_Known_Family
3333,2,0,2,Potential_Novel_Family
3335,2,0,2,Potential_Novel_Family
3336,2,0,2,Potential_Novel_Family
6429,1,1,2,Expanded_Known_Family
8902,2,0,2,Potential_Novel_Family
3341,1,1,2,Expanded_Known_Family
3344,0,2,2,Known_Family_Only
11020,2,0,2,Potential_Novel_Family
11012,2,0,2,Potential_Novel_Family
8919,2,0,2,Potential_Novel_Family
6424,2,0,2,Potential_Novel_Family
3349,1,1,2,Expanded_Known_Family
3356,2,0,2,Potential_Novel_Family
3357,1,1,2,Expanded_Known_Family
3340,1,1,2,Expanded_Known_Family
3286,0,2,2,Known_Family_Only
3290,1,1,2,Expanded_Known_Family
3293,1,1,2,Expanded_Known_Family
3297,2,0,2,Potential_Novel_Family
3378,2,0,2,Potential_Novel_Family
3298,2,0,2,Potential_Novel_Family
3377,1,1,2,Expanded_Known_Family
10999,2,0,2,Potential_Novel_Family
6411,2,0,2,Potential_Novel_Family
8913,1,1,2,Expanded_Known_Family
6449,2,0,2,Potential_Novel_Family
6448,2,0,2,Potential_Novel_Family
6447,0,2,2,Known_Family_Only
8908,1,1,2,Expanded_Known_Family
3307,2,0,2,Potential_Novel_Family
3312,2,0,2,Potential_Novel_Family
8912,2,0,2,Potential_Novel_Family
11007,2,0,2,Potential_Novel_Family
3318,1,1,2,Expanded_Known_Family
3299,2,0,2,Potential_Novel_Family
3076,1,1,2,Expanded_Known_Family
6551,2,0,2,Potential_Novel_Family
3080,2,0,2,Potential_Novel_Family
3478,1,1,2,Expanded_Known_Family
11180,2,0,2,Potential_Novel_Family
6359,2,0,2,Potential_Novel_Family
10931,0,2,2,Known_Family_Only
3089,1,1,2,Expanded_Known_Family
3204,2,0,2,Potential_Novel_Family
3092,0,2,2,Known_Family_Only
6547,2,0,2,Potential_Novel_Family
6361,1,1,2,Expanded_Known_Family
3097,2,0,2,Potential_Novel_Family
8967,2,0,2,Potential_Novel_Family
11169,1,1,2,Expanded_Known_Family
3099,2,0,2,Potential_Novel_Family
8848,1,1,2,Expanded_Known_Family
6363,2,0,2,Potential_Novel_Family
11175,1,1,2,Expanded_Known_Family
6577,2,0,2,Potential_Novel_Family
11214,2,0,2,Potential_Novel_Family
11211,1,1,2,Expanded_Known_Family
3038,1,1,2,Expanded_Known_Family
11210,1,1,2,Expanded_Known_Family
3485,0,2,2,Known_Family_Only
3045,1,1,2,Expanded_Known_Family
11203,1,1,2,Expanded_Known_Family
6567,1,1,2,Expanded_Known_Family
6552,2,0,2,Potential_Novel_Family
6562,0,2,2,Known_Family_Only
3058,2,0,2,Potential_Novel_Family
6560,0,2,2,Known_Family_Only
6351,2,0,2,Potential_Novel_Family
8842,0,2,2,Known_Family_Only
6353,1,1,2,Expanded_Known_Family
3069,1,1,2,Expanded_Known_Family
8843,2,0,2,Potential_Novel_Family
3072,0,2,2,Known_Family_Only
8836,0,2,2,Known_Family_Only
6501,2,0,2,Potential_Novel_Family
6500,1,1,2,Expanded_Known_Family
6495,1,1,2,Expanded_Known_Family
3179,1,1,2,Expanded_Known_Family
3180,2,0,2,Potential_Novel_Family
6378,2,0,2,Potential_Novel_Family
3186,2,0,2,Potential_Novel_Family
10957,1,1,2,Expanded_Known_Family
11164,1,1,2,Expanded_Known_Family
3190,0,2,2,Known_Family_Only
11106,2,0,2,Potential_Novel_Family
3192,2,0,2,Potential_Novel_Family
3195,2,0,2,Potential_Novel_Family
3197,1,1,2,Expanded_Known_Family
3199,1,1,2,Expanded_Known_Family
6384,2,0,2,Potential_Novel_Family
11099,2,0,2,Potential_Novel_Family
6388,2,0,2,Potential_Novel_Family
8880,2,0,2,Potential_Novel_Family
11161,0,2,2,Known_Family_Only
11159,2,0,2,Potential_Novel_Family
6535,1,1,2,Expanded_Known_Family
8856,1,1,2,Expanded_Known_Family
3121,2,0,2,Potential_Novel_Family
6366,0,2,2,Known_Family_Only
6367,2,0,2,Potential_Novel_Family
3453,2,0,2,Potential_Novel_Family
6530,1,1,2,Expanded_Known_Family
3164,1,1,2,Expanded_Known_Family
6529,1,1,2,Expanded_Known_Family
3129,2,0,2,Potential_Novel_Family
6526,2,0,2,Potential_Novel_Family
3135,1,1,2,Expanded_Known_Family
3138,2,0,2,Potential_Novel_Family
3148,0,2,2,Known_Family_Only
3154,2,0,2,Potential_Novel_Family
8871,2,0,2,Potential_Novel_Family
3162,1,1,2,Expanded_Known_Family
3126,1,1,2,Expanded_Known_Family
5705,1,1,2,Expanded_Known_Family
4727,1,1,2,Expanded_Known_Family
5697,1,1,2,Expanded_Known_Family
4731,2,0,2,Potential_Novel_Family
4732,0,2,2,Known_Family_Only
4734,2,0,2,Potential_Novel_Family
10114,2,0,2,Potential_Novel_Family
10113,1,1,2,Expanded_Known_Family
4738,2,0,2,Potential_Novel_Family
2953,1,1,2,Expanded_Known_Family
10109,1,1,2,Expanded_Known_Family
5691,0,2,2,Known_Family_Only
10105,0,2,2,Known_Family_Only
9442,0,2,2,Known_Family_Only
5687,0,2,2,Known_Family_Only
5685,2,0,2,Potential_Novel_Family
4754,2,0,2,Potential_Novel_Family
10096,1,1,2,Expanded_Known_Family
9448,2,0,2,Potential_Novel_Family
5679,1,1,2,Expanded_Known_Family
9439,2,0,2,Potential_Novel_Family
4665,0,2,2,Known_Family_Only
4667,2,0,2,Potential_Novel_Family
4669,1,1,2,Expanded_Known_Family
4674,0,2,2,Known_Family_Only
4675,2,0,2,Potential_Novel_Family
4678,1,1,2,Expanded_Known_Family
9418,2,0,2,Potential_Novel_Family
5722,1,1,2,Expanded_Known_Family
5721,1,1,2,Expanded_Known_Family
10125,2,0,2,Potential_Novel_Family
10144,2,0,2,Potential_Novel_Family
10140,1,1,2,Expanded_Known_Family
4697,2,0,2,Potential_Novel_Family
4699,1,1,2,Expanded_Known_Family
4703,2,0,2,Potential_Novel_Family
10133,1,1,2,Expanded_Known_Family
4709,0,2,2,Known_Family_Only
4710,1,1,2,Expanded_Known_Family
10128,1,1,2,Expanded_Known_Family
5708,2,0,2,Potential_Novel_Family
10145,2,0,2,Potential_Novel_Family
5647,2,0,2,Potential_Novel_Family
4816,2,0,2,Potential_Novel_Family
4817,2,0,2,Potential_Novel_Family
9468,2,0,2,Potential_Novel_Family
10041,1,1,2,Expanded_Known_Family
5641,1,1,2,Expanded_Known_Family
4825,2,0,2,Potential_Novel_Family
4828,2,0,2,Potential_Novel_Family
5639,1,1,2,Expanded_Known_Family
10089,1,1,2,Expanded_Known_Family
4835,1,1,2,Expanded_Known_Family
4836,1,1,2,Expanded_Known_Family
10032,2,0,2,Potential_Novel_Family
5636,2,0,2,Potential_Novel_Family
10027,2,0,2,Potential_Novel_Family
4848,1,1,2,Expanded_Known_Family
9476,2,0,2,Potential_Novel_Family
5632,2,0,2,Potential_Novel_Family
10023,2,0,2,Potential_Novel_Family
10022,2,0,2,Potential_Novel_Family
9473,0,2,2,Known_Family_Only
10087,2,0,2,Potential_Novel_Family
5674,0,2,2,Known_Family_Only
4772,0,2,2,Known_Family_Only
5673,1,1,2,Expanded_Known_Family
9455,1,1,2,Expanded_Known_Family
10078,1,1,2,Expanded_Known_Family
5670,2,0,2,Potential_Novel_Family
5669,1,1,2,Expanded_Known_Family
5667,1,1,2,Expanded_Known_Family
4814,1,1,2,Expanded_Known_Family
10068,2,0,2,Potential_Novel_Family
4792,1,1,2,Expanded_Known_Family
5656,1,1,2,Expanded_Known_Family
10057,1,1,2,Expanded_Known_Family
10055,2,0,2,Potential_Novel_Family
5652,2,0,2,Potential_Novel_Family
10051,2,0,2,Potential_Novel_Family
10049,2,0,2,Potential_Novel_Family
4809,2,0,2,Potential_Novel_Family
10047,2,0,2,Potential_Novel_Family
5665,1,1,2,Expanded_Known_Family
5813,2,0,2,Potential_Novel_Family
4507,0,2,2,Known_Family_Only
10259,2,0,2,Potential_Novel_Family
10257,0,2,2,Known_Family_Only
4512,2,0,2,Potential_Novel_Family
10255,0,2,2,Known_Family_Only
4516,1,1,2,Expanded_Known_Family
9358,1,1,2,Expanded_Known_Family
5808,0,2,2,Known_Family_Only
5730,1,1,2,Expanded_Known_Family
4520,2,0,2,Potential_Novel_Family
4523,2,0,2,Potential_Novel_Family
4527,0,2,2,Known_Family_Only
9365,1,1,2,Expanded_Known_Family
5798,0,2,2,Known_Family_Only
4537,0,2,2,Known_Family_Only
4539,1,1,2,Expanded_Known_Family
4541,2,0,2,Potential_Novel_Family
4542,2,0,2,Potential_Novel_Family
10234,2,0,2,Potential_Novel_Family
10252,2,0,2,Potential_Novel_Family
4464,1,1,2,Expanded_Known_Family
9339,2,0,2,Potential_Novel_Family
9340,2,0,2,Potential_Novel_Family
4469,2,0,2,Potential_Novel_Family
4471,1,1,2,Expanded_Known_Family
4478,0,2,2,Known_Family_Only
5825,0,2,2,Known_Family_Only
4481,0,2,2,Known_Family_Only
4482,2,0,2,Potential_Novel_Family
4505,0,2,2,Known_Family_Only
10271,0,2,2,Known_Family_Only
4491,0,2,2,Known_Family_Only
4492,2,0,2,Potential_Novel_Family
9352,2,0,2,Potential_Novel_Family
4495,0,2,2,Known_Family_Only
5819,2,0,2,Potential_Novel_Family
9353,2,0,2,Potential_Novel_Family
4498,1,1,2,Expanded_Known_Family
5816,1,1,2,Expanded_Known_Family
10262,2,0,2,Potential_Novel_Family
4485,1,1,2,Expanded_Known_Family
5761,2,0,2,Potential_Novel_Family
5760,2,0,2,Potential_Novel_Family
4615,1,1,2,Expanded_Known_Family
4617,1,1,2,Expanded_Known_Family
10182,2,0,2,Potential_Novel_Family
4626,2,0,2,Potential_Novel_Family
10180,1,1,2,Expanded_Known_Family
9401,2,0,2,Potential_Novel_Family
4632,2,0,2,Potential_Novel_Family
4549,2,0,2,Potential_Novel_Family
4634,1,1,2,Expanded_Known_Family
10177,1,1,2,Expanded_Known_Family
9402,1,1,2,Expanded_Known_Family
5746,1,1,2,Expanded_Known_Family
4641,0,2,2,Known_Family_Only
10163,2,0,2,Potential_Novel_Family
4655,2,0,2,Potential_Novel_Family
5734,2,0,2,Potential_Novel_Family
4658,2,0,2,Potential_Novel_Family
5732,0,2,2,Known_Family_Only
10178,1,1,2,Expanded_Known_Family
4550,2,0,2,Potential_Novel_Family
4551,2,0,2,Potential_Novel_Family
4553,1,1,2,Expanded_Known_Family
5791,2,0,2,Potential_Novel_Family
4562,1,1,2,Expanded_Known_Family
5787,2,0,2,Potential_Novel_Family
4564,2,0,2,Potential_Novel_Family
4571,1,1,2,Expanded_Known_Family
5782,1,1,2,Expanded_Known_Family
9388,2,0,2,Potential_Novel_Family
4577,1,1,2,Expanded_Known_Family
9379,1,1,2,Expanded_Known_Family
10211,2,0,2,Potential_Novel_Family
5772,2,0,2,Potential_Novel_Family
4587,1,1,2,Expanded_Known_Family
4588,2,0,2,Potential_Novel_Family
4593,2,0,2,Potential_Novel_Family
4594,1,1,2,Expanded_Known_Family
9384,2,0,2,Potential_Novel_Family
4596,1,1,2,Expanded_Known_Family
9376,1,1,2,Expanded_Known_Family
5445,1,1,2,Expanded_Known_Family
9791,2,0,2,Potential_Novel_Family
5169,1,1,2,Expanded_Known_Family
5442,1,1,2,Expanded_Known_Family
5171,0,2,2,Known_Family_Only
5441,1,1,2,Expanded_Known_Family
5173,2,0,2,Potential_Novel_Family
5175,1,1,2,Expanded_Known_Family
9787,0,2,2,Known_Family_Only
10020,2,0,2,Potential_Novel_Family
5188,2,0,2,Potential_Novel_Family
5189,1,1,2,Expanded_Known_Family
5430,1,1,2,Expanded_Known_Family
9765,1,1,2,Expanded_Known_Family
5417,1,1,2,Expanded_Known_Family
5211,1,1,2,Expanded_Known_Family
5213,1,1,2,Expanded_Known_Family
5216,0,2,2,Known_Family_Only
9758,1,1,2,Expanded_Known_Family
5410,2,0,2,Potential_Novel_Family
9606,2,0,2,Potential_Novel_Family
5475,2,0,2,Potential_Novel_Family
9830,2,0,2,Potential_Novel_Family
5111,1,1,2,Expanded_Known_Family
5112,2,0,2,Potential_Novel_Family
5114,1,1,2,Expanded_Known_Family
5118,2,0,2,Potential_Novel_Family
9825,2,0,2,Potential_Novel_Family
5123,2,0,2,Potential_Novel_Family
9820,1,1,2,Expanded_Known_Family
5163,1,1,2,Expanded_Known_Family
5133,2,0,2,Potential_Novel_Family
5134,1,1,2,Expanded_Known_Family
5459,2,0,2,Potential_Novel_Family
5139,0,2,2,Known_Family_Only
9809,2,0,2,Potential_Novel_Family
5455,2,0,2,Potential_Novel_Family
5147,1,1,2,Expanded_Known_Family
5153,2,0,2,Potential_Novel_Family
5449,2,0,2,Potential_Novel_Family
5162,2,0,2,Potential_Novel_Family
5465,2,0,2,Potential_Novel_Family
5370,2,0,2,Potential_Novel_Family
5286,1,1,2,Expanded_Known_Family
5368,1,1,2,Expanded_Known_Family
9709,1,1,2,Expanded_Known_Family
5291,1,1,2,Expanded_Known_Family
5365,1,1,2,Expanded_Known_Family
5362,1,1,2,Expanded_Known_Family
5360,2,0,2,Potential_Novel_Family
9659,1,1,2,Expanded_Known_Family
5222,2,0,2,Potential_Novel_Family
9689,0,2,2,Known_Family_Only
9667,1,1,2,Expanded_Known_Family
5348,1,1,2,Expanded_Known_Family
5320,1,1,2,Expanded_Known_Family
5322,0,2,2,Known_Family_Only
5343,1,1,2,Expanded_Known_Family
5329,1,1,2,Expanded_Known_Family
9679,2,0,2,Potential_Novel_Family
5332,2,0,2,Potential_Novel_Family
5338,2,0,2,Potential_Novel_Family
5354,1,1,2,Expanded_Known_Family
5224,1,1,2,Expanded_Known_Family
5226,0,2,2,Known_Family_Only
9632,1,1,2,Expanded_Known_Family
5406,1,1,2,Expanded_Known_Family
5401,0,2,2,Known_Family_Only
5237,1,1,2,Expanded_Known_Family
5394,2,0,2,Potential_Novel_Family
5393,2,0,2,Potential_Novel_Family
5391,1,1,2,Expanded_Known_Family
5283,2,0,2,Potential_Novel_Family
9640,1,1,2,Expanded_Known_Family
9732,1,1,2,Expanded_Known_Family
9731,1,1,2,Expanded_Known_Family
5260,1,1,2,Expanded_Known_Family
5386,1,1,2,Expanded_Known_Family
5264,0,2,2,Known_Family_Only
5268,2,0,2,Potential_Novel_Family
9645,2,0,2,Potential_Novel_Family
5279,0,2,2,Known_Family_Only
5281,0,2,2,Known_Family_Only
5390,0,2,2,Known_Family_Only
5578,2,0,2,Potential_Novel_Family
5577,2,0,2,Potential_Novel_Family
9956,1,1,2,Expanded_Known_Family
5571,2,0,2,Potential_Novel_Family
4944,1,1,2,Expanded_Known_Family
4945,2,0,2,Potential_Novel_Family
4946,2,0,2,Potential_Novel_Family
5568,1,1,2,Expanded_Known_Family
4949,0,2,2,Known_Family_Only
9833,1,1,2,Expanded_Known_Family
4954,2,0,2,Potential_Novel_Family
5563,2,0,2,Potential_Novel_Family
5562,1,1,2,Expanded_Known_Family
9940,2,0,2,Potential_Novel_Family
5560,1,1,2,Expanded_Known_Family
4962,2,0,2,Potential_Novel_Family
5557,0,2,2,Known_Family_Only
4967,2,0,2,Potential_Novel_Family
4972,2,0,2,Potential_Novel_Family
9931,2,0,2,Potential_Novel_Family
5565,1,1,2,Expanded_Known_Family
10013,0,2,2,Known_Family_Only
4865,2,0,2,Potential_Novel_Family
10009,1,1,2,Expanded_Known_Family
4872,0,2,2,Known_Family_Only
4874,1,1,2,Expanded_Known_Family
4877,2,0,2,Potential_Novel_Family
4878,2,0,2,Potential_Novel_Family
10002,2,0,2,Potential_Novel_Family
4881,1,1,2,Expanded_Known_Family
5581,2,0,2,Potential_Novel_Family
5616,1,1,2,Expanded_Known_Family
5612,1,1,2,Expanded_Known_Family
4888,0,2,2,Known_Family_Only
5611,2,0,2,Potential_Novel_Family
9491,2,0,2,Potential_Novel_Family
5607,2,0,2,Potential_Novel_Family
9989,2,0,2,Potential_Novel_Family
9988,0,2,2,Known_Family_Only
9981,2,0,2,Potential_Novel_Family
5595,2,0,2,Potential_Novel_Family
4882,2,0,2,Potential_Novel_Family
5050,2,0,2,Potential_Novel_Family
5052,1,1,2,Expanded_Known_Family
5053,1,1,2,Expanded_Known_Family
5511,1,1,2,Expanded_Known_Family
9871,0,2,2,Known_Family_Only
5508,2,0,2,Potential_Novel_Family
5505,1,1,2,Expanded_Known_Family
5065,2,0,2,Potential_Novel_Family
9561,1,1,2,Expanded_Known_Family
4979,2,0,2,Potential_Novel_Family
5071,0,2,2,Known_Family_Only
5498,2,0,2,Potential_Novel_Family
5084,2,0,2,Potential_Novel_Family
9849,2,0,2,Potential_Novel_Family
5488,2,0,2,Potential_Novel_Family
5487,1,1,2,Expanded_Known_Family
9844,2,0,2,Potential_Novel_Family
5478,1,1,2,Expanded_Known_Family
9835,2,0,2,Potential_Novel_Family
5106,2,0,2,Potential_Novel_Family
5500,2,0,2,Potential_Novel_Family
5551,2,0,2,Potential_Novel_Family
4992,2,0,2,Potential_Novel_Family
4993,2,0,2,Potential_Novel_Family
9919,2,0,2,Potential_Novel_Family
9917,2,0,2,Potential_Novel_Family
9911,0,2,2,Known_Family_Only
5538,2,0,2,Potential_Novel_Family
5535,2,0,2,Potential_Novel_Family
9539,1,1,2,Expanded_Known_Family
9541,2,0,2,Potential_Novel_Family
5514,2,0,2,Potential_Novel_Family
5530,0,2,2,Known_Family_Only
5529,1,1,2,Expanded_Known_Family
9900,0,2,2,Known_Family_Only
5018,2,0,2,Potential_Novel_Family
9893,1,1,2,Expanded_Known_Family
5523,2,0,2,Potential_Novel_Family
9891,2,0,2,Potential_Novel_Family
9881,0,2,2,Known_Family_Only
9880,2,0,2,Potential_Novel_Family
9551,1,1,2,Expanded_Known_Family
5014,2,0,2,Potential_Novel_Family
3854,1,1,2,Expanded_Known_Family
10683,0,2,2,Known_Family_Only
3860,0,2,2,Known_Family_Only
3863,2,0,2,Potential_Novel_Family
3866,1,1,2,Expanded_Known_Family
3876,0,2,2,Known_Family_Only
6152,2,0,2,Potential_Novel_Family
6151,2,0,2,Potential_Novel_Family
10669,0,2,2,Known_Family_Only
5837,2,0,2,Potential_Novel_Family
10667,1,1,2,Expanded_Known_Family
6148,2,0,2,Potential_Novel_Family
6146,2,0,2,Potential_Novel_Family
3893,2,0,2,Potential_Novel_Family
6141,2,0,2,Potential_Novel_Family
9126,1,1,2,Expanded_Known_Family
3905,1,1,2,Expanded_Known_Family
6133,1,1,2,Expanded_Known_Family
3909,1,1,2,Expanded_Known_Family
10648,2,0,2,Potential_Novel_Family
3882,1,1,2,Expanded_Known_Family
3782,1,1,2,Expanded_Known_Family
10731,2,0,2,Potential_Novel_Family
10729,0,2,2,Known_Family_Only
6198,2,0,2,Potential_Novel_Family
10725,0,2,2,Known_Family_Only
10723,1,1,2,Expanded_Known_Family
3806,2,0,2,Potential_Novel_Family
3808,2,0,2,Potential_Novel_Family
6189,2,0,2,Potential_Novel_Family
3847,2,0,2,Potential_Novel_Family
3817,2,0,2,Potential_Novel_Family
3818,2,0,2,Potential_Novel_Family
9094,1,1,2,Expanded_Known_Family
3822,2,0,2,Potential_Novel_Family
9096,1,1,2,Expanded_Known_Family
6173,1,1,2,Expanded_Known_Family
3838,2,0,2,Potential_Novel_Family
3839,2,0,2,Potential_Novel_Family
6171,0,2,2,Known_Family_Only
6170,0,2,2,Known_Family_Only
6188,1,1,2,Expanded_Known_Family
3974,0,2,2,Known_Family_Only
9151,2,0,2,Potential_Novel_Family
10604,0,2,2,Known_Family_Only
10599,1,1,2,Expanded_Known_Family
3984,1,1,2,Expanded_Known_Family
10597,2,0,2,Potential_Novel_Family
3988,2,0,2,Potential_Novel_Family
3989,2,0,2,Potential_Novel_Family
3995,2,0,2,Potential_Novel_Family
10646,1,1,2,Expanded_Known_Family
10587,2,0,2,Potential_Novel_Family
6080,0,2,2,Known_Family_Only
9164,2,0,2,Potential_Novel_Family
9166,2,0,2,Potential_Novel_Family
4010,0,2,2,Known_Family_Only
4012,1,1,2,Expanded_Known_Family
9168,2,0,2,Potential_Novel_Family
4018,2,0,2,Potential_Novel_Family
4020,2,0,2,Potential_Novel_Family
4021,2,0,2,Potential_Novel_Family
6086,1,1,2,Expanded_Known_Family
10645,1,1,2,Expanded_Known_Family
6129,1,1,2,Expanded_Known_Family
3918,2,0,2,Potential_Novel_Family
10642,1,1,2,Expanded_Known_Family
3920,2,0,2,Potential_Novel_Family
3922,2,0,2,Potential_Novel_Family
6127,2,0,2,Potential_Novel_Family
9134,0,2,2,Known_Family_Only
3932,2,0,2,Potential_Novel_Family
3972,1,1,2,Expanded_Known_Family
6113,2,0,2,Potential_Novel_Family
6111,1,1,2,Expanded_Known_Family
6106,1,1,2,Expanded_Known_Family
6105,1,1,2,Expanded_Known_Family
6101,2,0,2,Potential_Novel_Family
3957,2,0,2,Potential_Novel_Family
3960,1,1,2,Expanded_Known_Family
3961,1,1,2,Expanded_Known_Family
3962,2,0,2,Potential_Novel_Family
3964,2,0,2,Potential_Novel_Family
9137,1,1,2,Expanded_Known_Family
6282,2,0,2,Potential_Novel_Family
6280,2,0,2,Potential_Novel_Family
3608,1,1,2,Expanded_Known_Family
9023,2,0,2,Potential_Novel_Family
6274,0,2,2,Known_Family_Only
10827,1,1,2,Expanded_Known_Family
3618,1,1,2,Expanded_Known_Family
10826,1,1,2,Expanded_Known_Family
3625,1,1,2,Expanded_Known_Family
3777,2,0,2,Potential_Novel_Family
10822,2,0,2,Potential_Novel_Family
3630,0,2,2,Known_Family_Only
9030,1,1,2,Expanded_Known_Family
10819,1,1,2,Expanded_Known_Family
3637,2,0,2,Potential_Novel_Family
3639,1,1,2,Expanded_Known_Family
6266,0,2,2,Known_Family_Only
3647,2,0,2,Potential_Novel_Family
3648,2,0,2,Potential_Novel_Family
10807,2,0,2,Potential_Novel_Family
3627,0,2,2,Known_Family_Only
3521,2,0,2,Potential_Novel_Family
10900,1,1,2,Expanded_Known_Family
6336,2,0,2,Potential_Novel_Family
6334,1,1,2,Expanded_Known_Family
8983,1,1,2,Expanded_Known_Family
8986,2,0,2,Potential_Novel_Family
8991,2,0,2,Potential_Novel_Family
6321,0,2,2,Known_Family_Only
8997,2,0,2,Potential_Novel_Family
3597,0,2,2,Known_Family_Only
6304,2,0,2,Potential_Novel_Family
9006,2,0,2,Potential_Novel_Family
3570,1,1,2,Expanded_Known_Family
10860,0,2,2,Known_Family_Only
6299,2,0,2,Potential_Novel_Family
6298,1,1,2,Expanded_Known_Family
9011,2,0,2,Potential_Novel_Family
10852,2,0,2,Potential_Novel_Family
10850,0,2,2,Known_Family_Only
9017,2,0,2,Potential_Novel_Family
10875,1,1,2,Expanded_Known_Family
3718,2,0,2,Potential_Novel_Family
3719,0,2,2,Known_Family_Only
6235,1,1,2,Expanded_Known_Family
9058,1,1,2,Expanded_Known_Family
3723,2,0,2,Potential_Novel_Family
3727,1,1,2,Expanded_Known_Family
9060,2,0,2,Potential_Novel_Family
3732,1,1,2,Expanded_Known_Family
6228,2,0,2,Potential_Novel_Family
3657,2,0,2,Potential_Novel_Family
3741,1,1,2,Expanded_Known_Family
9069,1,1,2,Expanded_Known_Family
9073,1,1,2,Expanded_Known_Family
3761,0,2,2,Known_Family_Only
3762,0,2,2,Known_Family_Only
3763,1,1,2,Expanded_Known_Family
3765,1,1,2,Expanded_Known_Family
3769,1,1,2,Expanded_Known_Family
6207,1,1,2,Expanded_Known_Family
3775,2,0,2,Potential_Novel_Family
3738,1,1,2,Expanded_Known_Family
3659,1,1,2,Expanded_Known_Family
10804,1,1,2,Expanded_Known_Family
3666,2,0,2,Potential_Novel_Family
3667,2,0,2,Potential_Novel_Family
10799,2,0,2,Potential_Novel_Family
9042,1,1,2,Expanded_Known_Family
10794,1,1,2,Expanded_Known_Family
3683,2,0,2,Potential_Novel_Family
3685,1,1,2,Expanded_Known_Family
3711,0,2,2,Known_Family_Only
3691,1,1,2,Expanded_Known_Family
3692,2,0,2,Potential_Novel_Family
3696,2,0,2,Potential_Novel_Family
10782,0,2,2,Known_Family_Only
3698,2,0,2,Potential_Novel_Family
9052,2,0,2,Potential_Novel_Family
10778,2,0,2,Potential_Novel_Family
3703,2,0,2,Potential_Novel_Family
9054,1,1,2,Expanded_Known_Family
10776,2,0,2,Potential_Novel_Family
3687,2,0,2,Potential_Novel_Family
10389,1,1,2,Expanded_Known_Family
9279,2,0,2,Potential_Novel_Family
9280,2,0,2,Potential_Novel_Family
10382,2,0,2,Potential_Novel_Family
5918,2,0,2,Potential_Novel_Family
9283,2,0,2,Potential_Novel_Family
9285,2,0,2,Potential_Novel_Family
4329,0,2,2,Known_Family_Only
4333,1,1,2,Expanded_Known_Family
4022,0,2,2,Known_Family_Only
5904,2,0,2,Potential_Novel_Family
4342,2,0,2,Potential_Novel_Family
5903,1,1,2,Expanded_Known_Family
5902,1,1,2,Expanded_Known_Family
5899,0,2,2,Known_Family_Only
5898,0,2,2,Known_Family_Only
10359,2,0,2,Potential_Novel_Family
5896,1,1,2,Expanded_Known_Family
5893,2,0,2,Potential_Novel_Family
4359,1,1,2,Expanded_Known_Family
9292,0,2,2,Known_Family_Only
10424,1,1,2,Expanded_Known_Family
5947,1,1,2,Expanded_Known_Family
4262,2,0,2,Potential_Novel_Family
10415,2,0,2,Potential_Novel_Family
10414,2,0,2,Potential_Novel_Family
9266,1,1,2,Expanded_Known_Family
9267,2,0,2,Potential_Novel_Family
10409,2,0,2,Potential_Novel_Family
4273,2,0,2,Potential_Novel_Family
4304,0,2,2,Known_Family_Only
10406,0,2,2,Known_Family_Only
4279,2,0,2,Potential_Novel_Family
4281,1,1,2,Expanded_Known_Family
5936,1,1,2,Expanded_Known_Family
10402,1,1,2,Expanded_Known_Family
4291,1,1,2,Expanded_Known_Family
4293,2,0,2,Potential_Novel_Family
9274,2,0,2,Potential_Novel_Family
9277,1,1,2,Expanded_Known_Family
4302,2,0,2,Potential_Novel_Family
4275,2,0,2,Potential_Novel_Family
10318,1,1,2,Expanded_Known_Family
5860,2,0,2,Potential_Novel_Family
4420,2,0,2,Potential_Novel_Family
4423,1,1,2,Expanded_Known_Family
4424,1,1,2,Expanded_Known_Family
4426,2,0,2,Potential_Novel_Family
9325,2,0,2,Potential_Novel_Family
4431,0,2,2,Known_Family_Only
4433,0,2,2,Known_Family_Only
10354,0,2,2,Known_Family_Only
9326,2,0,2,Potential_Novel_Family
10303,2,0,2,Potential_Novel_Family
4443,2,0,2,Potential_Novel_Family
9327,1,1,2,Expanded_Known_Family
4446,2,0,2,Potential_Novel_Family
4447,0,2,2,Known_Family_Only
5848,2,0,2,Potential_Novel_Family
4458,1,1,2,Expanded_Known_Family
10291,1,1,2,Expanded_Known_Family
9336,1,1,2,Expanded_Known_Family
4436,2,0,2,Potential_Novel_Family
4361,2,0,2,Potential_Novel_Family
9300,1,1,2,Expanded_Known_Family
4368,1,1,2,Expanded_Known_Family
9301,2,0,2,Potential_Novel_Family
4371,1,1,2,Expanded_Known_Family
4372,0,2,2,Known_Family_Only
5886,2,0,2,Potential_Novel_Family
5883,2,0,2,Potential_Novel_Family
4381,0,2,2,Known_Family_Only
5864,0,2,2,Known_Family_Only
10335,1,1,2,Expanded_Known_Family
4391,2,0,2,Potential_Novel_Family
5872,1,1,2,Expanded_Known_Family
4395,2,0,2,Potential_Novel_Family
5871,1,1,2,Expanded_Known_Family
4398,0,2,2,Known_Family_Only
10329,2,0,2,Potential_Novel_Family
4405,1,1,2,Expanded_Known_Family
4411,1,1,2,Expanded_Known_Family
10322,1,1,2,Expanded_Known_Family
5876,0,2,2,Known_Family_Only
9194,2,0,2,Potential_Novel_Family
4088,0,2,2,Known_Family_Only
4090,2,0,2,Potential_Novel_Family
10530,2,0,2,Potential_Novel_Family
10527,1,1,2,Expanded_Known_Family
4100,1,1,2,Expanded_Known_Family
9202,1,1,2,Expanded_Known_Family
4105,1,1,2,Expanded_Known_Family
9206,1,1,2,Expanded_Known_Family
4243,1,1,2,Expanded_Known_Family
9210,2,0,2,Potential_Novel_Family
4113,1,1,2,Expanded_Known_Family
4116,1,1,2,Expanded_Known_Family
9214,2,0,2,Potential_Novel_Family
10504,0,2,2,Known_Family_Only
4128,2,0,2,Potential_Novel_Family
10501,0,2,2,Known_Family_Only
9219,1,1,2,Expanded_Known_Family
4137,1,1,2,Expanded_Known_Family
4145,2,0,2,Potential_Novel_Family
9209,2,0,2,Potential_Novel_Family
10572,1,1,2,Expanded_Known_Family
9172,1,1,2,Expanded_Known_Family
4027,0,2,2,Known_Family_Only
10567,1,1,2,Expanded_Known_Family
10564,0,2,2,Known_Family_Only
9178,1,1,2,Expanded_Known_Family
9179,2,0,2,Potential_Novel_Family
6059,2,0,2,Potential_Novel_Family
4046,2,0,2,Potential_Novel_Family
10536,2,0,2,Potential_Novel_Family
4049,2,0,2,Potential_Novel_Family
4052,2,0,2,Potential_Novel_Family
4053,2,0,2,Potential_Novel_Family
4055,0,2,2,Known_Family_Only
10551,0,2,2,Known_Family_Only
4060,2,0,2,Potential_Novel_Family
4065,0,2,2,Known_Family_Only
10548,2,0,2,Potential_Novel_Family
4068,2,0,2,Potential_Novel_Family
9193,2,0,2,Potential_Novel_Family
4047,2,0,2,Potential_Novel_Family
4200,2,0,2,Potential_Novel_Family
4201,2,0,2,Potential_Novel_Family
5977,1,1,2,Expanded_Known_Family
4204,2,0,2,Potential_Novel_Family
4205,1,1,2,Expanded_Known_Family
4206,2,0,2,Potential_Novel_Family
10452,1,1,2,Expanded_Known_Family
4209,1,1,2,Expanded_Known_Family
4212,1,1,2,Expanded_Known_Family
10491,1,1,2,Expanded_Known_Family
5973,1,1,2,Expanded_Known_Family
4216,0,2,2,Known_Family_Only
10445,2,0,2,Potential_Novel_Family
4222,2,0,2,Potential_Novel_Family
10440,2,0,2,Potential_Novel_Family
4232,0,2,2,Known_Family_Only
9249,2,0,2,Potential_Novel_Family
4235,1,1,2,Expanded_Known_Family
5963,0,2,2,Known_Family_Only
4242,2,0,2,Potential_Novel_Family
4213,2,0,2,Potential_Novel_Family
4148,2,0,2,Potential_Novel_Family
6002,1,1,2,Expanded_Known_Family
4151,1,1,2,Expanded_Known_Family
4153,1,1,2,Expanded_Known_Family
5999,1,1,2,Expanded_Known_Family
4157,2,0,2,Potential_Novel_Family
4158,1,1,2,Expanded_Known_Family
5998,2,0,2,Potential_Novel_Family
4160,2,0,2,Potential_Novel_Family
4167,2,0,2,Potential_Novel_Family
9243,2,0,2,Potential_Novel_Family
10473,2,0,2,Potential_Novel_Family
9235,2,0,2,Potential_Novel_Family
10468,2,0,2,Potential_Novel_Family
10465,1,1,2,Expanded_Known_Family
5983,2,0,2,Potential_Novel_Family
4191,2,0,2,Potential_Novel_Family
10460,1,1,2,Expanded_Known_Family
4194,2,0,2,Potential_Novel_Family
10459,1,1,2,Expanded_Known_Family
10457,2,0,2,Potential_Novel_Family
9232,2,0,2,Potential_Novel_Family
684,2,0,2,Potential_Novel_Family
1812,0,2,2,Known_Family_Only
683,2,0,2,Potential_Novel_Family
1814,1,1,2,Expanded_Known_Family
1816,2,0,2,Potential_Novel_Family
8412,1,1,2,Expanded_Known_Family
1818,2,0,2,Potential_Novel_Family
11954,1,1,2,Expanded_Known_Family
2216,2,0,2,Potential_Novel_Family
671,2,0,2,Potential_Novel_Family
1824,2,0,2,Potential_Novel_Family
7144,1,1,2,Expanded_Known_Family
8049,0,2,2,Known_Family_Only
1831,2,0,2,Potential_Novel_Family
1832,2,0,2,Potential_Novel_Family
7666,1,1,2,Expanded_Known_Family
1834,1,1,2,Expanded_Known_Family
1835,0,2,2,Known_Family_Only
12619,2,0,2,Potential_Novel_Family
1773,1,1,2,Expanded_Known_Family
8393,2,0,2,Potential_Novel_Family
11978,2,0,2,Potential_Novel_Family
11977,2,0,2,Potential_Novel_Family
1782,2,0,2,Potential_Novel_Family
11973,1,1,2,Expanded_Known_Family
12602,1,1,2,Expanded_Known_Family
8061,1,1,2,Expanded_Known_Family
1788,2,0,2,Potential_Novel_Family
7656,2,0,2,Potential_Novel_Family
8399,2,0,2,Potential_Novel_Family
8400,1,1,2,Expanded_Known_Family
8401,2,0,2,Potential_Novel_Family
1798,0,2,2,Known_Family_Only
696,1,1,2,Expanded_Known_Family
694,2,0,2,Potential_Novel_Family
7652,0,2,2,Known_Family_Only
1808,1,1,2,Expanded_Known_Family
1809,0,2,2,Known_Family_Only
704,1,1,2,Expanded_Known_Family
638,1,1,2,Expanded_Known_Family
637,1,1,2,Expanded_Known_Family
8428,2,0,2,Potential_Novel_Family
7125,2,0,2,Potential_Novel_Family
634,1,1,2,Expanded_Known_Family
1875,1,1,2,Expanded_Known_Family
633,1,1,2,Expanded_Known_Family
1879,1,1,2,Expanded_Known_Family
11919,0,2,2,Known_Family_Only
664,0,2,2,Known_Family_Only
11916,1,1,2,Expanded_Known_Family
7686,2,0,2,Potential_Novel_Family
8030,1,1,2,Expanded_Known_Family
7116,0,2,2,Known_Family_Only
1895,1,1,2,Expanded_Known_Family
1896,2,0,2,Potential_Novel_Family
1897,1,1,2,Expanded_Known_Family
7113,0,2,2,Known_Family_Only
1904,2,0,2,Potential_Novel_Family
625,1,1,2,Expanded_Known_Family
11947,0,2,2,Known_Family_Only
1842,1,1,2,Expanded_Known_Family
8045,2,0,2,Potential_Novel_Family
8044,1,1,2,Expanded_Known_Family
11944,2,0,2,Potential_Novel_Family
657,2,0,2,Potential_Novel_Family
7137,1,1,2,Expanded_Known_Family
655,2,0,2,Potential_Novel_Family
11940,1,1,2,Expanded_Known_Family
12639,0,2,2,Known_Family_Only
8040,1,1,2,Expanded_Known_Family
11939,0,2,2,Known_Family_Only
1853,1,1,2,Expanded_Known_Family
8422,2,0,2,Potential_Novel_Family
648,2,0,2,Potential_Novel_Family
7132,1,1,2,Expanded_Known_Family
1861,0,2,2,Known_Family_Only
1867,2,0,2,Potential_Novel_Family
8425,2,0,2,Potential_Novel_Family
653,2,0,2,Potential_Novel_Family
1671,2,0,2,Potential_Novel_Family
1672,1,1,2,Expanded_Known_Family
1674,2,0,2,Potential_Novel_Family
1675,0,2,2,Known_Family_Only
1677,2,0,2,Potential_Novel_Family
8358,1,1,2,Expanded_Known_Family
7213,1,1,2,Expanded_Known_Family
759,2,0,2,Potential_Novel_Family
12601,1,1,2,Expanded_Known_Family
1687,1,1,2,Expanded_Known_Family
754,0,2,2,Known_Family_Only
7210,2,0,2,Potential_Novel_Family
12578,2,0,2,Potential_Novel_Family
7625,2,0,2,Potential_Novel_Family
12035,0,2,2,Known_Family_Only
7629,2,0,2,Potential_Novel_Family
8367,0,2,2,Known_Family_Only
7632,2,0,2,Potential_Novel_Family
12577,2,0,2,Potential_Novel_Family
1639,1,1,2,Expanded_Known_Family
7231,1,1,2,Expanded_Known_Family
1643,2,0,2,Potential_Novel_Family
7230,2,0,2,Potential_Novel_Family
1645,1,1,2,Expanded_Known_Family
8081,1,1,2,Expanded_Known_Family
1646,2,0,2,Potential_Novel_Family
7229,1,1,2,Expanded_Known_Family
7228,0,2,2,Known_Family_Only
7218,2,0,2,Potential_Novel_Family
8078,1,1,2,Expanded_Known_Family
8351,2,0,2,Potential_Novel_Family
8077,2,0,2,Potential_Novel_Family
7620,2,0,2,Potential_Novel_Family
1660,1,1,2,Expanded_Known_Family
8353,2,0,2,Potential_Novel_Family
765,1,1,2,Expanded_Known_Family
7220,0,2,2,Known_Family_Only
8355,1,1,2,Expanded_Known_Family
12060,2,0,2,Potential_Novel_Family
718,1,1,2,Expanded_Known_Family
8383,0,2,2,Known_Family_Only
1739,1,1,2,Expanded_Known_Family
716,1,1,2,Expanded_Known_Family
1746,1,1,2,Expanded_Known_Family
11992,2,0,2,Potential_Novel_Family
7177,2,0,2,Potential_Novel_Family
7644,2,0,2,Potential_Novel_Family
7175,2,0,2,Potential_Novel_Family
7633,2,0,2,Potential_Novel_Family
8390,2,0,2,Potential_Novel_Family
713,2,0,2,Potential_Novel_Family
8391,1,1,2,Expanded_Known_Family
1764,0,2,2,Known_Family_Only
1766,2,0,2,Potential_Novel_Family
709,2,0,2,Potential_Novel_Family
1770,0,2,2,Known_Family_Only
7168,2,0,2,Potential_Novel_Family
1772,0,2,2,Known_Family_Only
1759,2,0,2,Potential_Novel_Family
1707,2,0,2,Potential_Novel_Family
1712,2,0,2,Potential_Novel_Family
738,1,1,2,Expanded_Known_Family
12021,2,0,2,Potential_Novel_Family
736,0,2,2,Known_Family_Only
7634,2,0,2,Potential_Novel_Family
12017,2,0,2,Potential_Novel_Family
733,1,1,2,Expanded_Known_Family
731,1,1,2,Expanded_Known_Family
719,2,0,2,Potential_Novel_Family
8377,1,1,2,Expanded_Known_Family
7190,2,0,2,Potential_Novel_Family
8069,2,0,2,Potential_Novel_Family
12009,1,1,2,Expanded_Known_Family
8379,1,1,2,Expanded_Known_Family
7187,2,0,2,Potential_Novel_Family
8066,1,1,2,Expanded_Known_Family
8065,2,0,2,Potential_Novel_Family
12002,2,0,2,Potential_Novel_Family
1724,2,0,2,Potential_Novel_Family
2106,2,0,2,Potential_Novel_Family
519,1,1,2,Expanded_Known_Family
7016,2,0,2,Potential_Novel_Family
2115,0,2,2,Known_Family_Only
11774,1,1,2,Expanded_Known_Family
2119,1,1,2,Expanded_Known_Family
11770,1,1,2,Expanded_Known_Family
515,1,1,2,Expanded_Known_Family
1905,1,1,2,Expanded_Known_Family
8514,2,0,2,Potential_Novel_Family
11763,2,0,2,Potential_Novel_Family
11762,1,1,2,Expanded_Known_Family
513,1,1,2,Expanded_Known_Family
2137,1,1,2,Expanded_Known_Family
7731,0,2,2,Known_Family_Only
11758,1,1,2,Expanded_Known_Family
509,1,1,2,Expanded_Known_Family
2144,1,1,2,Expanded_Known_Family
11768,2,0,2,Potential_Novel_Family
2064,2,0,2,Potential_Novel_Family
8494,2,0,2,Potential_Novel_Family
11803,1,1,2,Expanded_Known_Family
2070,2,0,2,Potential_Novel_Family
11802,2,0,2,Potential_Novel_Family
11800,1,1,2,Expanded_Known_Family
2075,0,2,2,Known_Family_Only
542,0,2,2,Known_Family_Only
2076,2,0,2,Potential_Novel_Family
2104,2,0,2,Potential_Novel_Family
2084,2,0,2,Potential_Novel_Family
537,1,1,2,Expanded_Known_Family
534,0,2,2,Known_Family_Only
7029,1,1,2,Expanded_Known_Family
533,2,0,2,Potential_Novel_Family
12691,0,2,2,Known_Family_Only
528,1,1,2,Expanded_Known_Family
523,1,1,2,Expanded_Known_Family
2102,1,1,2,Expanded_Known_Family
538,0,2,2,Known_Family_Only
477,2,0,2,Potential_Novel_Family
6986,2,0,2,Potential_Novel_Family
7747,2,0,2,Potential_Novel_Family
6985,0,2,2,Known_Family_Only
2193,1,1,2,Expanded_Known_Family
2197,2,0,2,Potential_Novel_Family
11723,2,0,2,Potential_Novel_Family
7981,0,2,2,Known_Family_Only
469,1,1,2,Expanded_Known_Family
7995,2,0,2,Potential_Novel_Family
2203,1,1,2,Expanded_Known_Family
467,0,2,2,Known_Family_Only
466,2,0,2,Potential_Novel_Family
8538,1,1,2,Expanded_Known_Family
2205,1,1,2,Expanded_Known_Family
7979,1,1,2,Expanded_Known_Family
7752,1,1,2,Expanded_Known_Family
2208,2,0,2,Potential_Novel_Family
7978,1,1,2,Expanded_Known_Family
11719,2,0,2,Potential_Novel_Family
2145,1,1,2,Expanded_Known_Family
7993,2,0,2,Potential_Novel_Family
7005,2,0,2,Potential_Novel_Family
501,0,2,2,Known_Family_Only
2152,0,2,2,Known_Family_Only
11752,2,0,2,Potential_Novel_Family
497,1,1,2,Expanded_Known_Family
494,1,1,2,Expanded_Known_Family
2160,1,1,2,Expanded_Known_Family
8531,1,1,2,Expanded_Known_Family
2164,0,2,2,Known_Family_Only
2166,2,0,2,Potential_Novel_Family
11744,2,0,2,Potential_Novel_Family
491,2,0,2,Potential_Novel_Family
11742,2,0,2,Potential_Novel_Family
2170,0,2,2,Known_Family_Only
2174,0,2,2,Known_Family_Only
487,2,0,2,Potential_Novel_Family
486,0,2,2,Known_Family_Only
11747,1,1,2,Expanded_Known_Family
1951,2,0,2,Potential_Novel_Family
593,1,1,2,Expanded_Known_Family
8457,1,1,2,Expanded_Known_Family
8020,1,1,2,Expanded_Known_Family
1957,1,1,2,Expanded_Known_Family
1958,1,1,2,Expanded_Known_Family
11872,0,2,2,Known_Family_Only
7699,2,0,2,Potential_Novel_Family
11807,2,0,2,Potential_Novel_Family
7087,2,0,2,Potential_Novel_Family
1966,1,1,2,Expanded_Known_Family
11869,1,1,2,Expanded_Known_Family
7084,1,1,2,Expanded_Known_Family
1973,2,0,2,Potential_Novel_Family
584,0,2,2,Known_Family_Only
7080,1,1,2,Expanded_Known_Family
7705,0,2,2,Known_Family_Only
1981,1,1,2,Expanded_Known_Family
587,2,0,2,Potential_Novel_Family
1908,1,1,2,Expanded_Known_Family
620,2,0,2,Potential_Novel_Family
1913,2,0,2,Potential_Novel_Family
11898,0,2,2,Known_Family_Only
8028,2,0,2,Potential_Novel_Family
12651,2,0,2,Potential_Novel_Family
1924,1,1,2,Expanded_Known_Family
1925,2,0,2,Potential_Novel_Family
1927,2,0,2,Potential_Novel_Family
11877,2,0,2,Potential_Novel_Family
1933,1,1,2,Expanded_Known_Family
603,2,0,2,Potential_Novel_Family
12655,1,1,2,Expanded_Known_Family
7098,1,1,2,Expanded_Known_Family
12657,2,0,2,Potential_Novel_Family
598,1,1,2,Expanded_Known_Family
8451,2,0,2,Potential_Novel_Family
1945,2,0,2,Potential_Novel_Family
8454,1,1,2,Expanded_Known_Family
8025,1,1,2,Expanded_Known_Family
2020,0,2,2,Known_Family_Only
2025,1,1,2,Expanded_Known_Family
8183,2,0,2,Potential_Novel_Family
2029,1,1,2,Expanded_Known_Family
2030,1,1,2,Expanded_Known_Family
7717,1,1,2,Expanded_Known_Family
8486,1,1,2,Expanded_Known_Family
11820,2,0,2,Potential_Novel_Family
553,2,0,2,Potential_Novel_Family
1986,0,2,2,Known_Family_Only
2044,1,1,2,Expanded_Known_Family
550,2,0,2,Potential_Novel_Family
2047,1,1,2,Expanded_Known_Family
2048,2,0,2,Potential_Novel_Family
11811,2,0,2,Potential_Novel_Family
7043,2,0,2,Potential_Novel_Family
2060,1,1,2,Expanded_Known_Family
547,1,1,2,Expanded_Known_Family
544,2,0,2,Potential_Novel_Family
11819,1,1,2,Expanded_Known_Family
580,1,1,2,Expanded_Known_Family
7709,1,1,2,Expanded_Known_Family
7073,0,2,2,Known_Family_Only
1992,2,0,2,Potential_Novel_Family
8010,1,1,2,Expanded_Known_Family
1995,2,0,2,Potential_Novel_Family
1996,1,1,2,Expanded_Known_Family
8009,1,1,2,Expanded_Known_Family
8470,0,2,2,Known_Family_Only
11835,2,0,2,Potential_Novel_Family
567,1,1,2,Expanded_Known_Family
7067,0,2,2,Known_Family_Only
7713,1,1,2,Expanded_Known_Family
2005,1,1,2,Expanded_Known_Family
563,2,0,2,Potential_Novel_Family
8007,2,0,2,Potential_Novel_Family
557,1,1,2,Expanded_Known_Family
11839,2,0,2,Potential_Novel_Family
2015,2,0,2,Potential_Novel_Family
8471,1,1,2,Expanded_Known_Family
7404,2,0,2,Potential_Novel_Family
7403,2,0,2,Potential_Novel_Family
1249,2,0,2,Potential_Novel_Family
12291,2,0,2,Potential_Novel_Family
8229,0,2,2,Known_Family_Only
1252,1,1,2,Expanded_Known_Family
996,2,0,2,Potential_Novel_Family
1261,1,1,2,Expanded_Known_Family
7612,1,1,2,Expanded_Known_Family
8145,0,2,2,Known_Family_Only
12279,1,1,2,Expanded_Known_Family
1269,1,1,2,Expanded_Known_Family
1270,1,1,2,Expanded_Known_Family
12277,2,0,2,Potential_Novel_Family
8144,2,0,2,Potential_Novel_Family
981,2,0,2,Potential_Novel_Family
8236,1,1,2,Expanded_Known_Family
1276,1,1,2,Expanded_Known_Family
1266,2,0,2,Potential_Novel_Family
12312,1,1,2,Expanded_Known_Family
8158,1,1,2,Expanded_Known_Family
1009,2,0,2,Potential_Novel_Family
7411,2,0,2,Potential_Novel_Family
1222,0,2,2,Known_Family_Only
12303,2,0,2,Potential_Novel_Family
8154,2,0,2,Potential_Novel_Family
1228,2,0,2,Potential_Novel_Family
1006,2,0,2,Potential_Novel_Family
1245,2,0,2,Potential_Novel_Family
12301,1,1,2,Expanded_Known_Family
8152,1,1,2,Expanded_Known_Family
12297,2,0,2,Potential_Novel_Family
1239,1,1,2,Expanded_Known_Family
8228,1,1,2,Expanded_Known_Family
1241,2,0,2,Potential_Novel_Family
1243,1,1,2,Expanded_Known_Family
1244,2,0,2,Potential_Novel_Family
999,1,1,2,Expanded_Known_Family
1004,1,1,2,Expanded_Known_Family
1310,1,1,2,Expanded_Known_Family
8139,1,1,2,Expanded_Known_Family
1315,2,0,2,Potential_Novel_Family
1317,2,0,2,Potential_Novel_Family
1318,1,1,2,Expanded_Known_Family
1320,0,2,2,Known_Family_Only
12250,1,1,2,Expanded_Known_Family
1322,2,0,2,Potential_Novel_Family
12249,2,0,2,Potential_Novel_Family
1277,1,1,2,Expanded_Known_Family
1327,1,1,2,Expanded_Known_Family
7536,1,1,2,Expanded_Known_Family
7370,1,1,2,Expanded_Known_Family
1330,2,0,2,Potential_Novel_Family
1332,2,0,2,Potential_Novel_Family
1335,1,1,2,Expanded_Known_Family
953,2,0,2,Potential_Novel_Family
1340,0,2,2,Known_Family_Only
1342,2,0,2,Potential_Novel_Family
7372,2,0,2,Potential_Novel_Family
1280,2,0,2,Potential_Novel_Family
8239,1,1,2,Expanded_Known_Family
8240,1,1,2,Expanded_Known_Family
1284,1,1,2,Expanded_Known_Family
12452,2,0,2,Potential_Novel_Family
1286,1,1,2,Expanded_Known_Family
8241,1,1,2,Expanded_Known_Family
7386,2,0,2,Potential_Novel_Family
1293,2,0,2,Potential_Novel_Family
1308,2,0,2,Potential_Novel_Family
972,1,1,2,Expanded_Known_Family
1294,0,2,2,Known_Family_Only
1295,1,1,2,Expanded_Known_Family
8242,1,1,2,Expanded_Known_Family
969,2,0,2,Potential_Novel_Family
7529,1,1,2,Expanded_Known_Family
7530,1,1,2,Expanded_Known_Family
8248,2,0,2,Potential_Novel_Family
7532,2,0,2,Potential_Novel_Family
12454,2,0,2,Potential_Novel_Family
1142,1,1,2,Expanded_Known_Family
12396,2,0,2,Potential_Novel_Family
8170,1,1,2,Expanded_Known_Family
1146,2,0,2,Potential_Novel_Family
1067,1,1,2,Expanded_Known_Family
1066,1,1,2,Expanded_Known_Family
7446,2,0,2,Potential_Novel_Family
12399,2,0,2,Potential_Novel_Family
1014,1,1,2,Expanded_Known_Family
1153,1,1,2,Expanded_Known_Family
1154,0,2,2,Known_Family_Only
7445,2,0,2,Potential_Novel_Family
1156,2,0,2,Potential_Novel_Family
1062,1,1,2,Expanded_Known_Family
1158,0,2,2,Known_Family_Only
1160,1,1,2,Expanded_Known_Family
12345,1,1,2,Expanded_Known_Family
7443,0,2,2,Known_Family_Only
1152,0,2,2,Known_Family_Only
1104,0,2,2,Known_Family_Only
12374,1,1,2,Expanded_Known_Family
7471,0,2,2,Known_Family_Only
1099,0,2,2,Known_Family_Only
8181,1,1,2,Expanded_Known_Family
7465,2,0,2,Potential_Novel_Family
7464,0,2,2,Known_Family_Only
1095,2,0,2,Potential_Novel_Family
7462,1,1,2,Expanded_Known_Family
1138,2,0,2,Potential_Novel_Family
12386,2,0,2,Potential_Novel_Family
1086,1,1,2,Expanded_Known_Family
1085,1,1,2,Expanded_Known_Family
1084,2,0,2,Potential_Novel_Family
8175,1,1,2,Expanded_Known_Family
1080,0,2,2,Known_Family_Only
7454,2,0,2,Potential_Novel_Family
8195,1,1,2,Expanded_Known_Family
1135,1,1,2,Expanded_Known_Family
12364,2,0,2,Potential_Novel_Family
8162,2,0,2,Potential_Novel_Family
7428,2,0,2,Potential_Novel_Family
12326,0,2,2,Known_Family_Only
1194,1,1,2,Expanded_Known_Family
12420,2,0,2,Potential_Novel_Family
7501,0,2,2,Known_Family_Only
1030,1,1,2,Expanded_Known_Family
8161,2,0,2,Potential_Novel_Family
7425,2,0,2,Potential_Novel_Family
1061,1,1,2,Expanded_Known_Family
12424,0,2,2,Known_Family_Only
12425,2,0,2,Potential_Novel_Family
1021,0,2,2,Known_Family_Only
1016,2,0,2,Potential_Novel_Family
1205,1,1,2,Expanded_Known_Family
8216,2,0,2,Potential_Novel_Family
7507,2,0,2,Potential_Novel_Family
8218,2,0,2,Potential_Novel_Family
12315,2,0,2,Potential_Novel_Family
1200,1,1,2,Expanded_Known_Family
12404,2,0,2,Potential_Novel_Family
7492,0,2,2,Known_Family_Only
1170,2,0,2,Potential_Novel_Family
1052,2,0,2,Potential_Novel_Family
7437,1,1,2,Expanded_Known_Family
8206,0,2,2,Known_Family_Only
7434,1,1,2,Expanded_Known_Family
1179,2,0,2,Potential_Novel_Family
1049,2,0,2,Potential_Novel_Family
7429,2,0,2,Potential_Novel_Family
1045,2,0,2,Potential_Novel_Family
1181,1,1,2,Expanded_Known_Family
1182,1,1,2,Expanded_Known_Family
7496,0,2,2,Known_Family_Only
7497,2,0,2,Potential_Novel_Family
8164,2,0,2,Potential_Novel_Family
12330,1,1,2,Expanded_Known_Family
1037,2,0,2,Potential_Novel_Family
1188,1,1,2,Expanded_Known_Family
12410,2,0,2,Potential_Novel_Family
12532,2,0,2,Potential_Novel_Family
827,1,1,2,Expanded_Known_Family
7277,2,0,2,Potential_Novel_Family
1533,1,1,2,Expanded_Known_Family
7275,2,0,2,Potential_Novel_Family
7274,2,0,2,Potential_Novel_Family
8324,1,1,2,Expanded_Known_Family
1546,0,2,2,Known_Family_Only
12240,1,1,2,Expanded_Known_Family
1548,0,2,2,Known_Family_Only
1549,2,0,2,Potential_Novel_Family
1551,2,0,2,Potential_Novel_Family
12536,2,0,2,Potential_Novel_Family
7591,1,1,2,Expanded_Known_Family
7592,2,0,2,Potential_Novel_Family
815,2,0,2,Potential_Novel_Family
12111,1,1,2,Expanded_Known_Family
1559,2,0,2,Potential_Novel_Family
825,1,1,2,Expanded_Known_Family
850,1,1,2,Expanded_Known_Family
8307,1,1,2,Expanded_Known_Family
1492,2,0,2,Potential_Novel_Family
12518,2,0,2,Potential_Novel_Family
7294,2,0,2,Potential_Novel_Family
1497,0,2,2,Known_Family_Only
12140,0,2,2,Known_Family_Only
1502,0,2,2,Known_Family_Only
12521,2,0,2,Potential_Novel_Family
832,2,0,2,Potential_Novel_Family
7288,1,1,2,Expanded_Known_Family
1510,2,0,2,Potential_Novel_Family
7581,0,2,2,Known_Family_Only
7582,1,1,2,Expanded_Known_Family
1516,2,0,2,Potential_Novel_Family
8315,0,2,2,Known_Family_Only
7281,1,1,2,Expanded_Known_Family
7586,0,2,2,Known_Family_Only
1525,0,2,2,Known_Family_Only
1507,1,1,2,Expanded_Known_Family
12087,1,1,2,Expanded_Known_Family
1599,1,1,2,Expanded_Known_Family
788,0,2,2,Known_Family_Only
1605,2,0,2,Potential_Novel_Family
1608,1,1,2,Expanded_Known_Family
7242,1,1,2,Expanded_Known_Family
7241,2,0,2,Potential_Novel_Family
1611,2,0,2,Potential_Novel_Family
7240,1,1,2,Expanded_Known_Family
812,1,1,2,Expanded_Known_Family
1622,0,2,2,Known_Family_Only
1623,2,0,2,Potential_Novel_Family
786,0,2,2,Known_Family_Only
7236,2,0,2,Potential_Novel_Family
1625,2,0,2,Potential_Novel_Family
8086,1,1,2,Expanded_Known_Family
1629,2,0,2,Potential_Novel_Family
1636,1,1,2,Expanded_Known_Family
1637,1,1,2,Expanded_Known_Family
7238,2,0,2,Potential_Novel_Family
8329,2,0,2,Potential_Novel_Family
8330,2,0,2,Potential_Novel_Family
7262,2,0,2,Potential_Novel_Family
12102,1,1,2,Expanded_Known_Family
804,1,1,2,Expanded_Known_Family
12101,2,0,2,Potential_Novel_Family
12545,2,0,2,Potential_Novel_Family
12100,2,0,2,Potential_Novel_Family
1573,2,0,2,Potential_Novel_Family
8339,1,1,2,Expanded_Known_Family
8335,1,1,2,Expanded_Known_Family
801,0,2,2,Known_Family_Only
1582,1,1,2,Expanded_Known_Family
1583,2,0,2,Potential_Novel_Family
796,0,2,2,Known_Family_Only
1584,1,1,2,Expanded_Known_Family
1592,2,0,2,Potential_Novel_Family
7603,2,0,2,Potential_Novel_Family
1595,2,0,2,Potential_Novel_Family
7257,0,2,2,Known_Family_Only
1387,1,1,2,Expanded_Known_Family
929,2,0,2,Potential_Novel_Family
928,1,1,2,Expanded_Known_Family
8271,1,1,2,Expanded_Known_Family
925,2,0,2,Potential_Novel_Family
1392,2,0,2,Potential_Novel_Family
8125,2,0,2,Potential_Novel_Family
914,1,1,2,Expanded_Known_Family
12209,1,1,2,Expanded_Known_Family
7577,0,2,2,Known_Family_Only
7340,1,1,2,Expanded_Known_Family
911,1,1,2,Expanded_Known_Family
12204,0,2,2,Known_Family_Only
8276,1,1,2,Expanded_Known_Family
909,0,2,2,Known_Family_Only
8279,0,2,2,Known_Family_Only
908,2,0,2,Potential_Novel_Family
7333,2,0,2,Potential_Novel_Family
907,1,1,2,Expanded_Known_Family
912,2,0,2,Potential_Novel_Family
7365,2,0,2,Potential_Novel_Family
12466,2,0,2,Potential_Novel_Family
7362,2,0,2,Potential_Novel_Family
1349,1,1,2,Expanded_Known_Family
7361,2,0,2,Potential_Novel_Family
7357,1,1,2,Expanded_Known_Family
950,2,0,2,Potential_Novel_Family
8134,2,0,2,Potential_Novel_Family
1362,2,0,2,Potential_Novel_Family
932,1,1,2,Expanded_Known_Family
1366,2,0,2,Potential_Novel_Family
12225,0,2,2,Known_Family_Only
944,2,0,2,Potential_Novel_Family
1373,0,2,2,Known_Family_Only
12221,2,0,2,Potential_Novel_Family
1376,2,0,2,Potential_Novel_Family
941,0,2,2,Known_Family_Only
1380,1,1,2,Expanded_Known_Family
12216,1,1,2,Expanded_Known_Family
8263,2,0,2,Potential_Novel_Family
1457,2,0,2,Potential_Novel_Family
12169,2,0,2,Potential_Novel_Family
8117,0,2,2,Known_Family_Only
888,2,0,2,Potential_Novel_Family
887,1,1,2,Expanded_Known_Family
12164,2,0,2,Potential_Novel_Family
12495,1,1,2,Expanded_Known_Family
1467,2,0,2,Potential_Novel_Family
8116,0,2,2,Known_Family_Only
7328,1,1,2,Expanded_Known_Family
7563,2,0,2,Potential_Novel_Family
878,2,0,2,Potential_Novel_Family
877,2,0,2,Potential_Novel_Family
8112,1,1,2,Expanded_Known_Family
7575,1,1,2,Expanded_Known_Family
1480,1,1,2,Expanded_Known_Family
7299,1,1,2,Expanded_Known_Family
12153,2,0,2,Potential_Novel_Family
12152,2,0,2,Potential_Novel_Family
1471,1,1,2,Expanded_Known_Family
1415,2,0,2,Potential_Novel_Family
7326,2,0,2,Potential_Novel_Family
1423,2,0,2,Potential_Novel_Family
1425,0,2,2,Known_Family_Only
7324,1,1,2,Expanded_Known_Family
1427,0,2,2,Known_Family_Only
902,1,1,2,Expanded_Known_Family
8286,2,0,2,Potential_Novel_Family
12182,1,1,2,Expanded_Known_Family
8120,0,2,2,Known_Family_Only
12179,2,0,2,Potential_Novel_Family
1442,1,1,2,Expanded_Known_Family
1443,1,1,2,Expanded_Known_Family
8290,2,0,2,Potential_Novel_Family
7315,0,2,2,Known_Family_Only
1448,2,0,2,Potential_Novel_Family
8291,1,1,2,Expanded_Known_Family
900,2,0,2,Potential_Novel_Family
1453,2,0,2,Potential_Novel_Family
1437,1,1,2,Expanded_Known_Family
11473,2,0,2,Potential_Novel_Family
2614,2,0,2,Potential_Novel_Family
2615,1,1,2,Expanded_Known_Family
2618,0,2,2,Known_Family_Only
229,2,0,2,Potential_Novel_Family
227,2,0,2,Potential_Novel_Family
2622,1,1,2,Expanded_Known_Family
220,2,0,2,Potential_Novel_Family
2446,1,1,2,Expanded_Known_Family
2633,1,1,2,Expanded_Known_Family
12826,1,1,2,Expanded_Known_Family
8697,2,0,2,Potential_Novel_Family
11453,2,0,2,Potential_Novel_Family
2643,1,1,2,Expanded_Known_Family
11452,2,0,2,Potential_Novel_Family
8698,2,0,2,Potential_Novel_Family
211,2,0,2,Potential_Novel_Family
210,2,0,2,Potential_Novel_Family
7849,1,1,2,Expanded_Known_Family
11490,1,1,2,Expanded_Known_Family
2578,1,1,2,Expanded_Known_Family
6789,2,0,2,Potential_Novel_Family
6788,1,1,2,Expanded_Known_Family
2586,0,2,2,Known_Family_Only
7916,1,1,2,Expanded_Known_Family
12817,2,0,2,Potential_Novel_Family
11485,1,1,2,Expanded_Known_Family
2608,0,2,2,Known_Family_Only
8678,2,0,2,Potential_Novel_Family
7843,1,1,2,Expanded_Known_Family
11479,0,2,2,Known_Family_Only
8680,1,1,2,Expanded_Known_Family
2596,1,1,2,Expanded_Known_Family
7845,2,0,2,Potential_Novel_Family
2597,2,0,2,Potential_Novel_Family
2603,0,2,2,Known_Family_Only
11475,2,0,2,Potential_Novel_Family
11482,2,0,2,Potential_Novel_Family
6739,2,0,2,Potential_Novel_Family
2692,0,2,2,Known_Family_Only
3,1,1,2,Expanded_Known_Family
176,1,1,2,Expanded_Known_Family
2694,1,1,2,Expanded_Known_Family
11419,2,0,2,Potential_Novel_Family
172,1,1,2,Expanded_Known_Family
2698,2,0,2,Potential_Novel_Family
208,2,0,2,Potential_Novel_Family
171,1,1,2,Expanded_Known_Family
169,1,1,2,Expanded_Known_Family
2703,1,1,2,Expanded_Known_Family
167,0,2,2,Known_Family_Only
2707,2,0,2,Potential_Novel_Family
2710,2,0,2,Potential_Novel_Family
161,1,1,2,Expanded_Known_Family
8723,1,1,2,Expanded_Known_Family
11410,0,2,2,Known_Family_Only
2699,2,0,2,Potential_Novel_Family
2662,2,0,2,Potential_Novel_Family
2663,1,1,2,Expanded_Known_Family
207,1,1,2,Expanded_Known_Family
206,1,1,2,Expanded_Known_Family
2667,1,1,2,Expanded_Known_Family
6753,2,0,2,Potential_Novel_Family
7852,0,2,2,Known_Family_Only
203,1,1,2,Expanded_Known_Family
6740,2,0,2,Potential_Novel_Family
29,2,0,2,Potential_Novel_Family
200,1,1,2,Expanded_Known_Family
2680,1,1,2,Expanded_Known_Family
191,0,2,2,Known_Family_Only
2683,2,0,2,Potential_Novel_Family
6744,1,1,2,Expanded_Known_Family
187,0,2,2,Known_Family_Only
183,2,0,2,Potential_Novel_Family
6741,0,2,2,Known_Family_Only
2676,2,0,2,Potential_Novel_Family
8643,2,0,2,Potential_Novel_Family
6834,1,1,2,Expanded_Known_Family
2488,0,2,2,Known_Family_Only
2489,2,0,2,Potential_Novel_Family
11543,2,0,2,Potential_Novel_Family
6833,2,0,2,Potential_Novel_Family
2494,1,1,2,Expanded_Known_Family
2495,1,1,2,Expanded_Known_Family
2575,2,0,2,Potential_Novel_Family
6832,1,1,2,Expanded_Known_Family
8644,1,1,2,Expanded_Known_Family
6830,1,1,2,Expanded_Known_Family
286,0,2,2,Known_Family_Only
8647,1,1,2,Expanded_Known_Family
6826,1,1,2,Expanded_Known_Family
6824,1,1,2,Expanded_Known_Family
2506,2,0,2,Potential_Novel_Family
6823,0,2,2,Known_Family_Only
2496,0,2,2,Known_Family_Only
6861,1,1,2,Expanded_Known_Family
7805,1,1,2,Expanded_Known_Family
8624,0,2,2,Known_Family_Only
6857,2,0,2,Potential_Novel_Family
8625,1,1,2,Expanded_Known_Family
2457,2,0,2,Potential_Novel_Family
2459,1,1,2,Expanded_Known_Family
7941,0,2,2,Known_Family_Only
290,1,1,2,Expanded_Known_Family
310,2,0,2,Potential_Novel_Family
309,2,0,2,Potential_Novel_Family
7808,1,1,2,Expanded_Known_Family
306,0,2,2,Known_Family_Only
305,1,1,2,Expanded_Known_Family
303,2,0,2,Potential_Novel_Family
302,0,2,2,Known_Family_Only
6840,2,0,2,Potential_Novel_Family
295,0,2,2,Known_Family_Only
6852,2,0,2,Potential_Novel_Family
8661,2,0,2,Potential_Novel_Family
2549,0,2,2,Known_Family_Only
7828,2,0,2,Potential_Novel_Family
2550,0,2,2,Known_Family_Only
2551,0,2,2,Known_Family_Only
8662,0,2,2,Known_Family_Only
7833,2,0,2,Potential_Novel_Family
8481,2,0,2,Potential_Novel_Family
2508,1,1,2,Expanded_Known_Family
257,1,1,2,Expanded_Known_Family
255,0,2,2,Known_Family_Only
7836,0,2,2,Known_Family_Only
251,1,1,2,Expanded_Known_Family
8672,0,2,2,Known_Family_Only
2567,2,0,2,Potential_Novel_Family
2568,0,2,2,Known_Family_Only
2569,2,0,2,Potential_Novel_Family
241,2,0,2,Potential_Novel_Family
7834,1,1,2,Expanded_Known_Family
11529,0,2,2,Known_Family_Only
2514,2,0,2,Potential_Novel_Family
2515,2,0,2,Potential_Novel_Family
2517,1,1,2,Expanded_Known_Family
7825,0,2,2,Known_Family_Only
8653,2,0,2,Potential_Novel_Family
2521,2,0,2,Potential_Novel_Family
11524,1,1,2,Expanded_Known_Family
6815,1,1,2,Expanded_Known_Family
2545,1,1,2,Expanded_Known_Family
11518,2,0,2,Potential_Novel_Family
7925,2,0,2,Potential_Novel_Family
8659,2,0,2,Potential_Novel_Family
11513,2,0,2,Potential_Novel_Family
2539,1,1,2,Expanded_Known_Family
11511,1,1,2,Expanded_Known_Family
2542,2,0,2,Potential_Novel_Family
6806,2,0,2,Potential_Novel_Family
11509,1,1,2,Expanded_Known_Family
2530,2,0,2,Potential_Novel_Family
2859,2,0,2,Potential_Novel_Family
7860,2,0,2,Potential_Novel_Family
2860,2,0,2,Potential_Novel_Family
7866,0,2,2,Known_Family_Only
2863,1,1,2,Expanded_Known_Family
2864,2,0,2,Potential_Novel_Family
8771,0,2,2,Known_Family_Only
6656,1,1,2,Expanded_Known_Family
2716,1,1,2,Expanded_Known_Family
7867,0,2,2,Known_Family_Only
2877,2,0,2,Potential_Novel_Family
2880,2,0,2,Potential_Novel_Family
2881,2,0,2,Potential_Novel_Family
8775,2,0,2,Potential_Novel_Family
2884,0,2,2,Known_Family_Only
8777,1,1,2,Expanded_Known_Family
2887,2,0,2,Potential_Novel_Family
11310,1,1,2,Expanded_Known_Family
11316,2,0,2,Potential_Novel_Family
82,1,1,2,Expanded_Known_Family
8763,1,1,2,Expanded_Known_Family
6669,1,1,2,Expanded_Known_Family
80,2,0,2,Potential_Novel_Family
75,0,2,2,Known_Family_Only
6666,0,2,2,Known_Family_Only
2850,2,0,2,Potential_Novel_Family
74,2,0,2,Potential_Novel_Family
59,2,0,2,Potential_Novel_Family
2851,2,0,2,Potential_Novel_Family
71,2,0,2,Potential_Novel_Family
68,1,1,2,Expanded_Known_Family
64,2,0,2,Potential_Novel_Family
8768,2,0,2,Potential_Novel_Family
11327,1,1,2,Expanded_Known_Family
2856,1,1,2,Expanded_Known_Family
8769,0,2,2,Known_Family_Only
6661,2,0,2,Potential_Novel_Family
72,2,0,2,Potential_Novel_Family
8788,1,1,2,Expanded_Known_Family
2923,2,0,2,Potential_Novel_Family
11284,1,1,2,Expanded_Known_Family
11283,1,1,2,Expanded_Known_Family
6628,1,1,2,Expanded_Known_Family
2930,1,1,2,Expanded_Known_Family
8791,2,0,2,Potential_Novel_Family
7887,2,0,2,Potential_Novel_Family
6647,0,2,2,Known_Family_Only
2936,2,0,2,Potential_Novel_Family
2938,2,0,2,Potential_Novel_Family
20,0,2,2,Known_Family_Only
19,1,1,2,Expanded_Known_Family
8795,1,1,2,Expanded_Known_Family
11268,2,0,2,Potential_Novel_Family
2947,2,0,2,Potential_Novel_Family
2948,1,1,2,Expanded_Known_Family
9,1,1,2,Expanded_Known_Family
21,1,1,2,Expanded_Known_Family
11304,1,1,2,Expanded_Known_Family
2898,2,0,2,Potential_Novel_Family
6644,1,1,2,Expanded_Known_Family
6643,0,2,2,Known_Family_Only
2902,0,2,2,Known_Family_Only
12875,1,1,2,Expanded_Known_Family
12842,2,0,2,Potential_Novel_Family
11298,2,0,2,Potential_Novel_Family
6633,1,1,2,Expanded_Known_Family
8784,1,1,2,Expanded_Known_Family
2912,0,2,2,Known_Family_Only
11293,1,1,2,Expanded_Known_Family
7896,2,0,2,Potential_Novel_Family
8785,2,0,2,Potential_Novel_Family
7895,1,1,2,Expanded_Known_Family
12848,1,1,2,Expanded_Known_Family
7894,1,1,2,Expanded_Known_Family
2920,1,1,2,Expanded_Known_Family
2907,1,1,2,Expanded_Known_Family
6714,2,0,2,Potential_Novel_Family
50,1,1,2,Expanded_Known_Family
2745,1,1,2,Expanded_Known_Family
8732,2,0,2,Potential_Novel_Family
11388,0,2,2,Known_Family_Only
2753,0,2,2,Known_Family_Only
6711,1,1,2,Expanded_Known_Family
120,1,1,2,Expanded_Known_Family
86,1,1,2,Expanded_Known_Family
6708,0,2,2,Known_Family_Only
2759,1,1,2,Expanded_Known_Family
116,1,1,2,Expanded_Known_Family
51,1,1,2,Expanded_Known_Family
2762,1,1,2,Expanded_Known_Family
113,0,2,2,Known_Family_Only
8738,1,1,2,Expanded_Known_Family
2764,2,0,2,Potential_Novel_Family
6704,0,2,2,Known_Family_Only
119,1,1,2,Expanded_Known_Family
2718,2,0,2,Potential_Novel_Family
151,0,2,2,Known_Family_Only
149,2,0,2,Potential_Novel_Family
144,0,2,2,Known_Family_Only
143,2,0,2,Potential_Novel_Family
2728,2,0,2,Potential_Novel_Family
137,1,1,2,Expanded_Known_Family
7856,2,0,2,Potential_Novel_Family
123,2,0,2,Potential_Novel_Family
6720,1,1,2,Expanded_Known_Family
2733,0,2,2,Known_Family_Only
132,1,1,2,Expanded_Known_Family
11393,2,0,2,Potential_Novel_Family
130,0,2,2,Known_Family_Only
127,0,2,2,Known_Family_Only
125,1,1,2,Expanded_Known_Family
2742,2,0,2,Potential_Novel_Family
8731,1,1,2,Expanded_Known_Family
6721,0,2,2,Known_Family_Only
2804,1,1,2,Expanded_Known_Family
94,0,2,2,Known_Family_Only
2807,2,0,2,Potential_Novel_Family
2812,2,0,2,Potential_Novel_Family
2813,0,2,2,Known_Family_Only
11353,2,0,2,Potential_Novel_Family
11352,2,0,2,Potential_Novel_Family
2820,1,1,2,Expanded_Known_Family
11378,1,1,2,Expanded_Known_Family
92,2,0,2,Potential_Novel_Family
11344,1,1,2,Expanded_Known_Family
2832,1,1,2,Expanded_Known_Family
8759,1,1,2,Expanded_Known_Family
91,1,1,2,Expanded_Known_Family
2835,2,0,2,Potential_Novel_Family
8760,2,0,2,Potential_Novel_Family
89,2,0,2,Potential_Novel_Family
2840,2,0,2,Potential_Novel_Family
93,2,0,2,Potential_Novel_Family
8739,2,0,2,Potential_Novel_Family
110,1,1,2,Expanded_Known_Family
2769,1,1,2,Expanded_Known_Family
8740,2,0,2,Potential_Novel_Family
106,0,2,2,Known_Family_Only
2772,2,0,2,Potential_Novel_Family
11374,2,0,2,Potential_Novel_Family
2780,1,1,2,Expanded_Known_Family
6698,1,1,2,Expanded_Known_Family
2802,0,2,2,Known_Family_Only
105,1,1,2,Expanded_Known_Family
54,1,1,2,Expanded_Known_Family
2789,2,0,2,Potential_Novel_Family
2791,2,0,2,Potential_Novel_Family
6694,1,1,2,Expanded_Known_Family
6693,2,0,2,Potential_Novel_Family
55,2,0,2,Potential_Novel_Family
99,1,1,2,Expanded_Known_Family
2800,2,0,2,Potential_Novel_Family
2785,0,2,2,Known_Family_Only
2387,2,0,2,Potential_Novel_Family
2264,2,0,2,Potential_Novel_Family
2386,2,0,2,Potential_Novel_Family
354,2,0,2,Potential_Novel_Family
2265,1,1,2,Expanded_Known_Family
2269,2,0,2,Potential_Novel_Family
7963,1,1,2,Expanded_Known_Family
2383,1,1,2,Expanded_Known_Family
7962,2,0,2,Potential_Novel_Family
11617,1,1,2,Expanded_Known_Family
2380,1,1,2,Expanded_Known_Family
8564,2,0,2,Potential_Novel_Family
6958,2,0,2,Potential_Novel_Family
7791,0,2,2,Known_Family_Only
2374,1,1,2,Expanded_Known_Family
8596,1,1,2,Expanded_Known_Family
8565,2,0,2,Potential_Novel_Family
2276,1,1,2,Expanded_Known_Family
8566,1,1,2,Expanded_Known_Family
2278,0,2,2,Known_Family_Only
401,2,0,2,Potential_Novel_Family
6896,2,0,2,Potential_Novel_Family
400,1,1,2,Expanded_Known_Family
2368,2,0,2,Potential_Novel_Family
7790,0,2,2,Known_Family_Only
7953,2,0,2,Potential_Novel_Family
335,2,0,2,Potential_Novel_Family
7967,1,1,2,Expanded_Known_Family
2247,1,1,2,Expanded_Known_Family
430,1,1,2,Expanded_Known_Family
342,0,2,2,Known_Family_Only
7947,0,2,2,Known_Family_Only
6884,2,0,2,Potential_Novel_Family
11607,1,1,2,Expanded_Known_Family
426,1,1,2,Expanded_Known_Family
8604,1,1,2,Expanded_Known_Family
346,1,1,2,Expanded_Known_Family
425,1,1,2,Expanded_Known_Family
8561,1,1,2,Expanded_Known_Family
6951,2,0,2,Potential_Novel_Family
7773,2,0,2,Potential_Novel_Family
349,2,0,2,Potential_Novel_Family
2392,0,2,2,Known_Family_Only
6889,1,1,2,Expanded_Known_Family
418,2,0,2,Potential_Novel_Family
7950,2,0,2,Potential_Novel_Family
2258,2,0,2,Potential_Novel_Family
417,1,1,2,Expanded_Known_Family
416,1,1,2,Expanded_Known_Family
413,2,0,2,Potential_Novel_Family
12767,2,0,2,Potential_Novel_Family
409,0,2,2,Known_Family_Only
8556,1,1,2,Expanded_Known_Family
388,2,0,2,Potential_Novel_Family
11657,2,0,2,Potential_Novel_Family
386,2,0,2,Potential_Novel_Family
2311,0,2,2,Known_Family_Only
6909,0,2,2,Known_Family_Only
377,1,1,2,Expanded_Known_Family
385,2,0,2,Potential_Novel_Family
7958,1,1,2,Expanded_Known_Family
6910,2,0,2,Potential_Novel_Family
2556,2,0,2,Potential_Novel_Family
378,0,2,2,Known_Family_Only
2346,2,0,2,Potential_Novel_Family
367,0,2,2,Known_Family_Only
12755,1,1,2,Expanded_Known_Family
11643,2,0,2,Potential_Novel_Family
7783,1,1,2,Expanded_Known_Family
2333,0,2,2,Known_Family_Only
2313,2,0,2,Potential_Novel_Family
2314,2,0,2,Potential_Novel_Family
2330,2,0,2,Potential_Novel_Family
6917,1,1,2,Expanded_Known_Family
382,0,2,2,Known_Family_Only
2316,1,1,2,Expanded_Known_Family
6920,0,2,2,Known_Family_Only
2322,1,1,2,Expanded_Known_Family
7784,2,0,2,Potential_Novel_Family
6913,1,1,2,Expanded_Known_Family
399,2,0,2,Potential_Novel_Family
398,1,1,2,Expanded_Known_Family
2366,2,0,2,Potential_Novel_Family
8594,1,1,2,Expanded_Known_Family
368,1,1,2,Expanded_Known_Family
2285,1,1,2,Expanded_Known_Family
395,2,0,2,Potential_Novel_Family
8572,2,0,2,Potential_Novel_Family
2290,2,0,2,Potential_Novel_Family
7961,2,0,2,Potential_Novel_Family
11664,2,0,2,Potential_Novel_Family
11663,2,0,2,Potential_Novel_Family
2306,0,2,2,Known_Family_Only
391,1,1,2,Expanded_Known_Family
2301,1,1,2,Expanded_Known_Family
2361,0,2,2,Known_Family_Only
7789,2,0,2,Potential_Novel_Family
7954,2,0,2,Potential_Novel_Family
11661,1,1,2,Expanded_Known_Family
11660,2,0,2,Potential_Novel_Family
2305,0,2,2,Known_Family_Only
2359,2,0,2,Potential_Novel_Family
8590,2,0,2,Potential_Novel_Family
2356,2,0,2,Potential_Novel_Family
2355,2,0,2,Potential_Novel_Family
8589,2,0,2,Potential_Novel_Family
2298,2,0,2,Potential_Novel_Family
11590,2,0,2,Potential_Novel_Family
318,2,0,2,Potential_Novel_Family
2236,2,0,2,Potential_Novel_Family
2415,0,2,2,Known_Family_Only
11600,2,0,2,Potential_Novel_Family
6963,1,1,2,Expanded_Known_Family
324,0,2,2,Known_Family_Only
11586,1,1,2,Expanded_Known_Family
2243,2,0,2,Potential_Novel_Family
7972,1,1,2,Expanded_Known_Family
319,1,1,2,Expanded_Known_Family
2414,2,0,2,Potential_Novel_Family
11585,1,1,2,Expanded_Known_Family
2225,2,0,2,Potential_Novel_Family
332,0,2,2,Known_Family_Only
12729,2,0,2,Potential_Novel_Family
6961,0,2,2,Known_Family_Only
6962,2,0,2,Potential_Novel_Family
2437,2,0,2,Potential_Novel_Family
2227,1,1,2,Expanded_Known_Family
8616,1,1,2,Expanded_Known_Family
325,0,2,2,Known_Family_Only
320,2,0,2,Potential_Novel_Family
8608,1,1,2,Expanded_Known_Family
6967,0,2,2,Known_Family_Only
2432,2,0,2,Potential_Novel_Family
327,2,0,2,Potential_Novel_Family
8547,1,1,2,Expanded_Known_Family
6878,2,0,2,Potential_Novel_Family
2433,0,2,2,Known_Family_Only
2226,1,1,2,Expanded_Known_Family
12775,1,1,2,Expanded_Known_Family
8560,1,1,2,Expanded_Known_Family
2217,1,1,2,Expanded_Known_Family
435,2,0,2,Potential_Novel_Family
7757,2,0,2,Potential_Novel_Family
2402,1,1,2,Expanded_Known_Family
2231,1,1,2,Expanded_Known_Family
451,0,2,2,Known_Family_Only
2404,2,0,2,Potential_Novel_Family
317,2,0,2,Potential_Novel_Family
7971,0,2,2,Known_Family_Only
7755,2,0,2,Potential_Novel_Family
458,1,1,2,Expanded_Known_Family
447,0,2,2,Known_Family_Only
8136,1,0,1,Potential_Novel_Family
9389,1,0,1,Potential_Novel_Family
9641,1,0,1,Potential_Novel_Family
9532,1,0,1,Potential_Novel_Family
9533,1,0,1,Potential_Novel_Family
9515,1,0,1,Potential_Novel_Family
8174,1,0,1,Potential_Novel_Family
8135,0,1,1,Known_Family_Only
9390,0,1,1,Known_Family_Only
8004,1,0,1,Potential_Novel_Family
7889,1,0,1,Potential_Novel_Family
9516,0,1,1,Known_Family_Only
7975,1,0,1,Potential_Novel_Family
9670,1,0,1,Potential_Novel_Family
7892,0,1,1,Known_Family_Only
7891,0,1,1,Known_Family_Only
8171,1,0,1,Potential_Novel_Family
9550,0,1,1,Known_Family_Only
9386,0,1,1,Known_Family_Only
9387,1,0,1,Potential_Novel_Family
7893,0,1,1,Known_Family_Only
9513,1,0,1,Potential_Novel_Family
9385,1,0,1,Potential_Novel_Family
9642,0,1,1,Known_Family_Only
8172,1,0,1,Potential_Novel_Family
8137,0,1,1,Known_Family_Only
9643,1,0,1,Potential_Novel_Family
9514,1,0,1,Potential_Novel_Family
9357,1,0,1,Potential_Novel_Family
8002,0,1,1,Known_Family_Only
7980,0,1,1,Known_Family_Only
7960,1,0,1,Potential_Novel_Family
9398,1,0,1,Potential_Novel_Family
9537,1,0,1,Potential_Novel_Family
9399,1,0,1,Potential_Novel_Family
9354,1,0,1,Potential_Novel_Family
9672,0,1,1,Known_Family_Only
9507,1,0,1,Potential_Novel_Family
9400,1,0,1,Potential_Novel_Family
8128,1,0,1,Potential_Novel_Family
8127,1,0,1,Potential_Novel_Family
9506,1,0,1,Potential_Novel_Family
8126,1,0,1,Potential_Novel_Family
9644,1,0,1,Potential_Novel_Family
9536,1,0,1,Potential_Novel_Family
9638,0,1,1,Known_Family_Only
7977,1,0,1,Potential_Novel_Family
9637,1,0,1,Potential_Novel_Family
9673,1,0,1,Potential_Novel_Family
8006,0,1,1,Known_Family_Only
9535,0,1,1,Known_Family_Only
8123,1,0,1,Potential_Novel_Family
9505,0,1,1,Known_Family_Only
8182,1,0,1,Potential_Novel_Family
7909,1,0,1,Potential_Novel_Family
9504,1,0,1,Potential_Novel_Family
7908,1,0,1,Potential_Novel_Family
7959,1,0,1,Potential_Novel_Family
8133,0,1,1,Known_Family_Only
9391,1,0,1,Potential_Novel_Family
9512,0,1,1,Known_Family_Only
9356,1,0,1,Potential_Novel_Family
9534,1,0,1,Potential_Novel_Family
9392,1,0,1,Potential_Novel_Family
9393,0,1,1,Known_Family_Only
9394,0,1,1,Known_Family_Only
8005,1,0,1,Potential_Novel_Family
8132,0,1,1,Known_Family_Only
9355,0,1,1,Known_Family_Only
9552,1,0,1,Potential_Novel_Family
9395,1,0,1,Potential_Novel_Family
9671,0,1,1,Known_Family_Only
8130,1,0,1,Potential_Novel_Family
9396,0,1,1,Known_Family_Only
8177,0,1,1,Known_Family_Only
9509,1,0,1,Potential_Novel_Family
8178,1,0,1,Potential_Novel_Family
8179,1,0,1,Potential_Novel_Family
9397,1,0,1,Potential_Novel_Family
8129,0,1,1,Known_Family_Only
9508,1,0,1,Potential_Novel_Family
9639,0,1,1,Known_Family_Only
7994,1,0,1,Potential_Novel_Family
9524,1,0,1,Potential_Novel_Family
9371,1,0,1,Potential_Novel_Family
9664,0,1,1,Known_Family_Only
9372,1,0,1,Potential_Novel_Family
7964,1,0,1,Potential_Novel_Family
8163,0,1,1,Known_Family_Only
8153,0,1,1,Known_Family_Only
9658,1,0,1,Potential_Novel_Family
8151,0,1,1,Known_Family_Only
9665,1,0,1,Potential_Novel_Family
9366,0,1,1,Known_Family_Only
9382,1,0,1,Potential_Novel_Family
9540,0,1,1,Known_Family_Only
7988,1,0,1,Potential_Novel_Family
9374,0,1,1,Known_Family_Only
9527,0,1,1,Known_Family_Only
9657,0,1,1,Known_Family_Only
8150,1,0,1,Potential_Novel_Family
7907,1,0,1,Potential_Novel_Family
7997,1,0,1,Potential_Novel_Family
7986,0,1,1,Known_Family_Only
9656,1,0,1,Potential_Novel_Family
7985,1,0,1,Potential_Novel_Family
9503,1,0,1,Potential_Novel_Family
9523,1,0,1,Potential_Novel_Family
7968,1,0,1,Potential_Novel_Family
7990,1,0,1,Potential_Novel_Family
9661,1,0,1,Potential_Novel_Family
7969,1,0,1,Potential_Novel_Family
9660,0,1,1,Known_Family_Only
7902,1,0,1,Potential_Novel_Family
9369,1,0,1,Potential_Novel_Family
7991,1,0,1,Potential_Novel_Family
7966,1,0,1,Potential_Novel_Family
9542,1,0,1,Potential_Novel_Family
9526,0,1,1,Known_Family_Only
7903,1,0,1,Potential_Novel_Family
7906,1,0,1,Potential_Novel_Family
7992,0,1,1,Known_Family_Only
7905,0,1,1,Known_Family_Only
9543,0,1,1,Known_Family_Only
9544,1,0,1,Potential_Novel_Family
9370,1,0,1,Potential_Novel_Family
8157,1,0,1,Potential_Novel_Family
9662,1,0,1,Potential_Novel_Family
7901,1,0,1,Potential_Novel_Family
8156,0,1,1,Known_Family_Only
7900,1,0,1,Potential_Novel_Family
9525,1,0,1,Potential_Novel_Family
8155,1,0,1,Potential_Novel_Family
7904,1,0,1,Potential_Novel_Family
9648,1,0,1,Potential_Novel_Family
7897,1,0,1,Potential_Novel_Family
9520,1,0,1,Potential_Novel_Family
9547,0,1,1,Known_Family_Only
9380,1,0,1,Potential_Novel_Family
9647,1,0,1,Potential_Novel_Family
9381,1,0,1,Potential_Novel_Family
9646,0,1,1,Known_Family_Only
8142,1,0,1,Potential_Novel_Family
9361,1,0,1,Potential_Novel_Family
9519,0,1,1,Known_Family_Only
9530,0,1,1,Known_Family_Only
8166,0,1,1,Known_Family_Only
7982,0,1,1,Known_Family_Only
8140,0,1,1,Known_Family_Only
8169,1,0,1,Potential_Novel_Family
8001,1,0,1,Potential_Novel_Family
9383,1,0,1,Potential_Novel_Family
9531,1,0,1,Potential_Novel_Family
9549,0,1,1,Known_Family_Only
9360,1,0,1,Potential_Novel_Family
9359,1,0,1,Potential_Novel_Family
9669,1,0,1,Potential_Novel_Family
9517,1,0,1,Potential_Novel_Family
8138,0,1,1,Known_Family_Only
9518,1,0,1,Potential_Novel_Family
9666,0,1,1,Known_Family_Only
8148,1,0,1,Potential_Novel_Family
8147,0,1,1,Known_Family_Only
9655,0,1,1,Known_Family_Only
8146,1,0,1,Potential_Novel_Family
7984,0,1,1,Known_Family_Only
9377,1,0,1,Potential_Novel_Family
7899,1,0,1,Potential_Novel_Family
9529,0,1,1,Known_Family_Only
9545,0,1,1,Known_Family_Only
9522,0,1,1,Known_Family_Only
9654,1,0,1,Potential_Novel_Family
9649,1,0,1,Potential_Novel_Family
7898,1,0,1,Potential_Novel_Family
8167,1,0,1,Potential_Novel_Family
9521,1,0,1,Potential_Novel_Family
9668,0,1,1,Known_Family_Only
8143,1,0,1,Potential_Novel_Family
7999,0,1,1,Known_Family_Only
9653,1,0,1,Potential_Novel_Family
7973,1,0,1,Potential_Novel_Family
9651,0,1,1,Known_Family_Only
9650,1,0,1,Potential_Novel_Family
9538,1,0,1,Potential_Novel_Family
9378,1,0,1,Potential_Novel_Family
7998,1,0,1,Potential_Novel_Family
9445,0,1,1,Known_Family_Only
7946,1,0,1,Potential_Novel_Family
8075,1,0,1,Potential_Novel_Family
9570,1,0,1,Potential_Novel_Family
9446,1,0,1,Potential_Novel_Family
9447,0,1,1,Known_Family_Only
9600,1,0,1,Potential_Novel_Family
8032,1,0,1,Potential_Novel_Family
8033,0,1,1,Known_Family_Only
9571,1,0,1,Potential_Novel_Family
7926,0,1,1,Known_Family_Only
9598,1,0,1,Potential_Novel_Family
9449,1,0,1,Potential_Novel_Family
8072,1,0,1,Potential_Novel_Family
9450,1,0,1,Potential_Novel_Family
8118,1,0,1,Potential_Novel_Family
9573,1,0,1,Potential_Novel_Family
7930,0,1,1,Known_Family_Only
9454,1,0,1,Potential_Novel_Family
8070,0,1,1,Known_Family_Only
8035,0,1,1,Known_Family_Only
7929,1,0,1,Potential_Novel_Family
9595,1,0,1,Potential_Novel_Family
9597,1,0,1,Potential_Novel_Family
7928,1,0,1,Potential_Novel_Family
8034,1,0,1,Potential_Novel_Family
9453,1,0,1,Potential_Novel_Family
9452,0,1,1,Known_Family_Only
7945,0,1,1,Known_Family_Only
9451,0,1,1,Known_Family_Only
8071,1,0,1,Potential_Novel_Family
9572,1,0,1,Potential_Novel_Family
9596,0,1,1,Known_Family_Only
9567,0,1,1,Known_Family_Only
9483,0,1,1,Known_Family_Only
8085,1,0,1,Potential_Novel_Family
9568,0,1,1,Known_Family_Only
8084,1,0,1,Potential_Novel_Family
7918,1,0,1,Potential_Novel_Family
8082,0,1,1,Known_Family_Only
9603,0,1,1,Known_Family_Only
7920,1,0,1,Potential_Novel_Family
9482,1,0,1,Potential_Novel_Family
7921,1,0,1,Potential_Novel_Family
9602,1,0,1,Potential_Novel_Family
9437,1,0,1,Potential_Novel_Family
9481,1,0,1,Potential_Novel_Family
9480,1,0,1,Potential_Novel_Family
9601,1,0,1,Potential_Novel_Family
8076,1,0,1,Potential_Novel_Family
9444,0,1,1,Known_Family_Only
8031,1,0,1,Potential_Novel_Family
9477,1,0,1,Potential_Novel_Family
9478,1,0,1,Potential_Novel_Family
9443,0,1,1,Known_Family_Only
9479,0,1,1,Known_Family_Only
8080,0,1,1,Known_Family_Only
7924,0,1,1,Known_Family_Only
9441,0,1,1,Known_Family_Only
7948,1,0,1,Potential_Novel_Family
9440,1,0,1,Potential_Novel_Family
7923,1,0,1,Potential_Novel_Family
8079,1,0,1,Potential_Novel_Family
7922,1,0,1,Potential_Novel_Family
9438,1,0,1,Potential_Novel_Family
9569,0,1,1,Known_Family_Only
9590,1,0,1,Potential_Novel_Family
7938,0,1,1,Known_Family_Only
9463,0,1,1,Known_Family_Only
7943,0,1,1,Known_Family_Only
7940,1,0,1,Potential_Novel_Family
8046,1,0,1,Potential_Novel_Family
8060,1,0,1,Potential_Novel_Family
9588,0,1,1,Known_Family_Only
8059,1,0,1,Potential_Novel_Family
9464,1,0,1,Potential_Novel_Family
8058,0,1,1,Known_Family_Only
9587,0,1,1,Known_Family_Only
8057,1,0,1,Potential_Novel_Family
9465,0,1,1,Known_Family_Only
9586,1,0,1,Potential_Novel_Family
9574,0,1,1,Known_Family_Only
9470,1,0,1,Potential_Novel_Family
9581,0,1,1,Known_Family_Only
9582,1,0,1,Potential_Novel_Family
9469,1,0,1,Potential_Novel_Family
9471,0,1,1,Known_Family_Only
8051,1,0,1,Potential_Novel_Family
9583,1,0,1,Potential_Novel_Family
8056,1,0,1,Potential_Novel_Family
8053,1,0,1,Potential_Novel_Family
7942,0,1,1,Known_Family_Only
9580,1,0,1,Potential_Novel_Family
9584,1,0,1,Potential_Novel_Family
8047,1,0,1,Potential_Novel_Family
9585,1,0,1,Potential_Novel_Family
9466,1,0,1,Potential_Novel_Family
8055,1,0,1,Potential_Novel_Family
8052,1,0,1,Potential_Novel_Family
9475,0,1,1,Known_Family_Only
8038,1,0,1,Potential_Novel_Family
8068,0,1,1,Known_Family_Only
9594,1,0,1,Potential_Novel_Family
9575,0,1,1,Known_Family_Only
8067,1,0,1,Potential_Novel_Family
7931,1,0,1,Potential_Novel_Family
8064,1,0,1,Potential_Novel_Family
9576,0,1,1,Known_Family_Only
8039,0,1,1,Known_Family_Only
9577,1,0,1,Potential_Novel_Family
7932,1,0,1,Potential_Novel_Family
9578,0,1,1,Known_Family_Only
8063,1,0,1,Potential_Novel_Family
8041,1,0,1,Potential_Novel_Family
9462,0,1,1,Known_Family_Only
7937,1,0,1,Potential_Novel_Family
7936,1,0,1,Potential_Novel_Family
9579,0,1,1,Known_Family_Only
8043,0,1,1,Known_Family_Only
9461,0,1,1,Known_Family_Only
9460,0,1,1,Known_Family_Only
7935,0,1,1,Known_Family_Only
9474,0,1,1,Known_Family_Only
8062,0,1,1,Known_Family_Only
9459,0,1,1,Known_Family_Only
9458,0,1,1,Known_Family_Only
9457,0,1,1,Known_Family_Only
9592,0,1,1,Known_Family_Only
7933,1,0,1,Potential_Novel_Family
8042,0,1,1,Known_Family_Only
9593,1,0,1,Potential_Novel_Family
7934,0,1,1,Known_Family_Only
9557,1,0,1,Potential_Novel_Family
8012,0,1,1,Known_Family_Only
8013,1,0,1,Potential_Novel_Family
8115,1,0,1,Potential_Novel_Family
8113,0,1,1,Known_Family_Only
9413,1,0,1,Potential_Novel_Family
7957,1,0,1,Potential_Novel_Family
8110,1,0,1,Potential_Novel_Family
7956,1,0,1,Potential_Novel_Family
8014,1,0,1,Potential_Novel_Family
7955,1,0,1,Potential_Novel_Family
8108,0,1,1,Known_Family_Only
8015,0,1,1,Known_Family_Only
8107,1,0,1,Potential_Novel_Family
8106,1,0,1,Potential_Novel_Family
7951,1,0,1,Potential_Novel_Family
9621,0,1,1,Known_Family_Only
8103,0,1,1,Known_Family_Only
9622,1,0,1,Potential_Novel_Family
9559,1,0,1,Potential_Novel_Family
8104,1,0,1,Potential_Novel_Family
9623,1,0,1,Potential_Novel_Family
9417,0,1,1,Known_Family_Only
9492,0,1,1,Known_Family_Only
9416,0,1,1,Known_Family_Only
8017,0,1,1,Known_Family_Only
9415,1,0,1,Potential_Novel_Family
8016,1,0,1,Potential_Novel_Family
9625,1,0,1,Potential_Novel_Family
8105,1,0,1,Potential_Novel_Family
9626,0,1,1,Known_Family_Only
9627,1,0,1,Potential_Novel_Family
7912,1,0,1,Potential_Novel_Family
9403,1,0,1,Potential_Novel_Family
9404,1,0,1,Potential_Novel_Family
9502,1,0,1,Potential_Novel_Family
8122,1,0,1,Potential_Novel_Family
7910,0,1,1,Known_Family_Only
8121,0,1,1,Known_Family_Only
9405,1,0,1,Potential_Novel_Family
9553,1,0,1,Potential_Novel_Family
9501,1,0,1,Potential_Novel_Family
9500,0,1,1,Known_Family_Only
9636,1,0,1,Potential_Novel_Family
7911,1,0,1,Potential_Novel_Family
9499,0,1,1,Known_Family_Only
9406,1,0,1,Potential_Novel_Family
9407,1,0,1,Potential_Novel_Family
9556,1,0,1,Potential_Novel_Family
9493,1,0,1,Potential_Novel_Family
9412,1,0,1,Potential_Novel_Family
9630,1,0,1,Potential_Novel_Family
9494,0,1,1,Known_Family_Only
9411,1,0,1,Potential_Novel_Family
9631,1,0,1,Potential_Novel_Family
9410,1,0,1,Potential_Novel_Family
9498,1,0,1,Potential_Novel_Family
9496,1,0,1,Potential_Novel_Family
9555,0,1,1,Known_Family_Only
9554,1,0,1,Potential_Novel_Family
8008,1,0,1,Potential_Novel_Family
9634,0,1,1,Known_Family_Only
9409,0,1,1,Known_Family_Only
9408,1,0,1,Potential_Novel_Family
9635,1,0,1,Potential_Novel_Family
8119,1,0,1,Potential_Novel_Family
8094,0,1,1,Known_Family_Only
9429,1,0,1,Potential_Novel_Family
9562,1,0,1,Potential_Novel_Family
9609,0,1,1,Known_Family_Only
9489,1,0,1,Potential_Novel_Family
9608,0,1,1,Known_Family_Only
9430,1,0,1,Potential_Novel_Family
9563,0,1,1,Known_Family_Only
9488,1,0,1,Potential_Novel_Family
7952,0,1,1,Known_Family_Only
8091,0,1,1,Known_Family_Only
9564,1,0,1,Potential_Novel_Family
9431,0,1,1,Known_Family_Only
8090,1,0,1,Potential_Novel_Family
9607,1,0,1,Potential_Novel_Family
8102,0,1,1,Known_Family_Only
8027,1,0,1,Potential_Novel_Family
7917,1,0,1,Potential_Novel_Family
9484,0,1,1,Known_Family_Only
9605,1,0,1,Potential_Novel_Family
9485,1,0,1,Potential_Novel_Family
8026,1,0,1,Potential_Novel_Family
9486,1,0,1,Potential_Novel_Family
8024,0,1,1,Known_Family_Only
9436,1,0,1,Potential_Novel_Family
8089,1,0,1,Potential_Novel_Family
9435,0,1,1,Known_Family_Only
9434,1,0,1,Potential_Novel_Family
9433,1,0,1,Potential_Novel_Family
9487,1,0,1,Potential_Novel_Family
9432,0,1,1,Known_Family_Only
9565,1,0,1,Potential_Novel_Family
8087,0,1,1,Known_Family_Only
9620,0,1,1,Known_Family_Only
9419,1,0,1,Potential_Novel_Family
9420,1,0,1,Potential_Novel_Family
9619,0,1,1,Known_Family_Only
8101,0,1,1,Known_Family_Only
9618,0,1,1,Known_Family_Only
9617,0,1,1,Known_Family_Only
8100,0,1,1,Known_Family_Only
8019,1,0,1,Potential_Novel_Family
9560,1,0,1,Potential_Novel_Family
9490,1,0,1,Potential_Novel_Family
9421,0,1,1,Known_Family_Only
9616,1,0,1,Potential_Novel_Family
8099,0,1,1,Known_Family_Only
9422,0,1,1,Known_Family_Only
8095,1,0,1,Potential_Novel_Family
9610,0,1,1,Known_Family_Only
8096,1,0,1,Potential_Novel_Family
9427,1,0,1,Potential_Novel_Family
8023,1,0,1,Potential_Novel_Family
9426,0,1,1,Known_Family_Only
8021,1,0,1,Potential_Novel_Family
8097,0,1,1,Known_Family_Only
9615,1,0,1,Potential_Novel_Family
9611,1,0,1,Potential_Novel_Family
7913,1,0,1,Potential_Novel_Family
9425,0,1,1,Known_Family_Only
9424,0,1,1,Known_Family_Only
9612,0,1,1,Known_Family_Only
9423,0,1,1,Known_Family_Only
9613,0,1,1,Known_Family_Only
9614,1,0,1,Potential_Novel_Family
7914,1,0,1,Potential_Novel_Family
8976,1,0,1,Potential_Novel_Family
8578,0,1,1,Known_Family_Only
8974,1,0,1,Potential_Novel_Family
8973,1,0,1,Potential_Novel_Family
8579,1,0,1,Potential_Novel_Family
8581,0,1,1,Known_Family_Only
8582,0,1,1,Known_Family_Only
8583,0,1,1,Known_Family_Only
8971,1,0,1,Potential_Novel_Family
8584,0,1,1,Known_Family_Only
8970,1,0,1,Potential_Novel_Family
8969,0,1,1,Known_Family_Only
9674,0,1,1,Known_Family_Only
8968,0,1,1,Known_Family_Only
8586,1,0,1,Potential_Novel_Family
8587,1,0,1,Potential_Novel_Family
8588,1,0,1,Potential_Novel_Family
8966,1,0,1,Potential_Novel_Family
8591,1,0,1,Potential_Novel_Family
8965,1,0,1,Potential_Novel_Family
8592,1,0,1,Potential_Novel_Family
8593,1,0,1,Potential_Novel_Family
8963,1,0,1,Potential_Novel_Family
8595,0,1,1,Known_Family_Only
8962,1,0,1,Potential_Novel_Family
8585,0,1,1,Known_Family_Only
8994,0,1,1,Known_Family_Only
8555,0,1,1,Known_Family_Only
8993,1,0,1,Potential_Novel_Family
8992,1,0,1,Potential_Novel_Family
8558,1,0,1,Potential_Novel_Family
8990,1,0,1,Potential_Novel_Family
8989,1,0,1,Potential_Novel_Family
8988,0,1,1,Known_Family_Only
8559,0,1,1,Known_Family_Only
8563,1,0,1,Potential_Novel_Family
8985,1,0,1,Potential_Novel_Family
8984,1,0,1,Potential_Novel_Family
8577,1,0,1,Potential_Novel_Family
8567,1,0,1,Potential_Novel_Family
8568,1,0,1,Potential_Novel_Family
8569,0,1,1,Known_Family_Only
8981,1,0,1,Potential_Novel_Family
8570,0,1,1,Known_Family_Only
8571,0,1,1,Known_Family_Only
8573,0,1,1,Known_Family_Only
8574,1,0,1,Potential_Novel_Family
8980,1,0,1,Potential_Novel_Family
8979,1,0,1,Potential_Novel_Family
8978,1,0,1,Potential_Novel_Family
8576,1,0,1,Potential_Novel_Family
8982,1,0,1,Potential_Novel_Family
8609,0,1,1,Known_Family_Only
8937,0,1,1,Known_Family_Only
8936,0,1,1,Known_Family_Only
8610,1,0,1,Potential_Novel_Family
8935,1,0,1,Potential_Novel_Family
8934,0,1,1,Known_Family_Only
8611,1,0,1,Potential_Novel_Family
8612,0,1,1,Known_Family_Only
8613,0,1,1,Known_Family_Only
8614,0,1,1,Known_Family_Only
8617,1,0,1,Potential_Novel_Family
8618,1,0,1,Potential_Novel_Family
8960,1,0,1,Potential_Novel_Family
8619,1,0,1,Potential_Novel_Family
8620,0,1,1,Known_Family_Only
8621,1,0,1,Potential_Novel_Family
8622,0,1,1,Known_Family_Only
8930,1,0,1,Potential_Novel_Family
8623,0,1,1,Known_Family_Only
8929,0,1,1,Known_Family_Only
8626,1,0,1,Potential_Novel_Family
8927,1,0,1,Potential_Novel_Family
8627,1,0,1,Potential_Novel_Family
8925,0,1,1,Known_Family_Only
8924,1,0,1,Potential_Novel_Family
8931,1,0,1,Potential_Novel_Family
8959,1,0,1,Potential_Novel_Family
8958,1,0,1,Potential_Novel_Family
8597,0,1,1,Known_Family_Only
8956,1,0,1,Potential_Novel_Family
8955,1,0,1,Potential_Novel_Family
8599,0,1,1,Known_Family_Only
8600,0,1,1,Known_Family_Only
8954,1,0,1,Potential_Novel_Family
8953,1,0,1,Potential_Novel_Family
8601,1,0,1,Potential_Novel_Family
8952,1,0,1,Potential_Novel_Family
8602,0,1,1,Known_Family_Only
8938,1,0,1,Potential_Novel_Family
8951,1,0,1,Potential_Novel_Family
8950,0,1,1,Known_Family_Only
8948,1,0,1,Potential_Novel_Family
8947,0,1,1,Known_Family_Only
8946,0,1,1,Known_Family_Only
8945,1,0,1,Potential_Novel_Family
8944,1,0,1,Potential_Novel_Family
8943,0,1,1,Known_Family_Only
8942,1,0,1,Potential_Novel_Family
8605,0,1,1,Known_Family_Only
8941,1,0,1,Potential_Novel_Family
8940,1,0,1,Potential_Novel_Family
8939,1,0,1,Potential_Novel_Family
8603,0,1,1,Known_Family_Only
8503,1,0,1,Potential_Novel_Family
8504,1,0,1,Potential_Novel_Family
9045,1,0,1,Potential_Novel_Family
9044,0,1,1,Known_Family_Only
9043,1,0,1,Potential_Novel_Family
8505,1,0,1,Potential_Novel_Family
8506,1,0,1,Potential_Novel_Family
9041,1,0,1,Potential_Novel_Family
8507,1,0,1,Potential_Novel_Family
8508,1,0,1,Potential_Novel_Family
8510,1,0,1,Potential_Novel_Family
8512,1,0,1,Potential_Novel_Family
8995,1,0,1,Potential_Novel_Family
9038,0,1,1,Known_Family_Only
8515,0,1,1,Known_Family_Only
8516,1,0,1,Potential_Novel_Family
8517,1,0,1,Potential_Novel_Family
9037,1,0,1,Potential_Novel_Family
9036,1,0,1,Potential_Novel_Family
9035,0,1,1,Known_Family_Only
9034,1,0,1,Potential_Novel_Family
9033,1,0,1,Potential_Novel_Family
8518,1,0,1,Potential_Novel_Family
9032,0,1,1,Known_Family_Only
8520,1,0,1,Potential_Novel_Family
8513,0,1,1,Known_Family_Only
9062,1,0,1,Potential_Novel_Family
9061,1,0,1,Potential_Novel_Family
8479,1,0,1,Potential_Novel_Family
9059,0,1,1,Known_Family_Only
8480,0,1,1,Known_Family_Only
8482,1,0,1,Potential_Novel_Family
8483,1,0,1,Potential_Novel_Family
8485,1,0,1,Potential_Novel_Family
9056,0,1,1,Known_Family_Only
8487,1,0,1,Potential_Novel_Family
8488,1,0,1,Potential_Novel_Family
9055,0,1,1,Known_Family_Only
8502,0,1,1,Known_Family_Only
8490,1,0,1,Potential_Novel_Family
8492,0,1,1,Known_Family_Only
9053,0,1,1,Known_Family_Only
9051,0,1,1,Known_Family_Only
9050,1,0,1,Potential_Novel_Family
9049,0,1,1,Known_Family_Only
9047,1,0,1,Potential_Novel_Family
8497,0,1,1,Known_Family_Only
9046,1,0,1,Potential_Novel_Family
8498,1,0,1,Potential_Novel_Family
8499,0,1,1,Known_Family_Only
8500,0,1,1,Known_Family_Only
8501,0,1,1,Known_Family_Only
8489,1,0,1,Potential_Novel_Family
8540,1,0,1,Potential_Novel_Family
9012,0,1,1,Known_Family_Only
8542,0,1,1,Known_Family_Only
9010,1,0,1,Potential_Novel_Family
8543,0,1,1,Known_Family_Only
8544,1,0,1,Potential_Novel_Family
8545,1,0,1,Potential_Novel_Family
9008,0,1,1,Known_Family_Only
9007,0,1,1,Known_Family_Only
8548,1,0,1,Potential_Novel_Family
8549,0,1,1,Known_Family_Only
9005,1,0,1,Potential_Novel_Family
9031,1,0,1,Potential_Novel_Family
8550,1,0,1,Potential_Novel_Family
9003,1,0,1,Potential_Novel_Family
9002,1,0,1,Potential_Novel_Family
9001,1,0,1,Potential_Novel_Family
9000,0,1,1,Known_Family_Only
8999,0,1,1,Known_Family_Only
8551,1,0,1,Potential_Novel_Family
8552,0,1,1,Known_Family_Only
8553,1,0,1,Potential_Novel_Family
8998,0,1,1,Known_Family_Only
8554,1,0,1,Potential_Novel_Family
8996,1,0,1,Potential_Novel_Family
9004,0,1,1,Known_Family_Only
8521,1,0,1,Potential_Novel_Family
8522,0,1,1,Known_Family_Only
8523,0,1,1,Known_Family_Only
8524,1,0,1,Potential_Novel_Family
9028,1,0,1,Potential_Novel_Family
8525,1,0,1,Potential_Novel_Family
8526,1,0,1,Potential_Novel_Family
8527,0,1,1,Known_Family_Only
8528,0,1,1,Known_Family_Only
9027,1,0,1,Potential_Novel_Family
8530,1,0,1,Potential_Novel_Family
9026,1,0,1,Potential_Novel_Family
8539,1,0,1,Potential_Novel_Family
9024,1,0,1,Potential_Novel_Family
8533,1,0,1,Potential_Novel_Family
9022,0,1,1,Known_Family_Only
8534,1,0,1,Potential_Novel_Family
8536,0,1,1,Known_Family_Only
9021,0,1,1,Known_Family_Only
9020,0,1,1,Known_Family_Only
9019,1,0,1,Potential_Novel_Family
9018,1,0,1,Potential_Novel_Family
8537,1,0,1,Potential_Novel_Family
9016,1,0,1,Potential_Novel_Family
9015,1,0,1,Potential_Novel_Family
9013,0,1,1,Known_Family_Only
8532,1,0,1,Potential_Novel_Family
8853,1,0,1,Potential_Novel_Family
8851,1,0,1,Potential_Novel_Family
8741,0,1,1,Known_Family_Only
8850,0,1,1,Known_Family_Only
8849,1,0,1,Potential_Novel_Family
8847,0,1,1,Known_Family_Only
8742,1,0,1,Potential_Novel_Family
8743,0,1,1,Known_Family_Only
8746,1,0,1,Potential_Novel_Family
8846,0,1,1,Known_Family_Only
8749,1,0,1,Potential_Novel_Family
8845,1,0,1,Potential_Novel_Family
8630,0,1,1,Known_Family_Only
8752,1,0,1,Potential_Novel_Family
8844,1,0,1,Potential_Novel_Family
8753,1,0,1,Potential_Novel_Family
8754,0,1,1,Known_Family_Only
8755,1,0,1,Potential_Novel_Family
8757,0,1,1,Known_Family_Only
8758,0,1,1,Known_Family_Only
8841,1,0,1,Potential_Novel_Family
8840,0,1,1,Known_Family_Only
8839,1,0,1,Potential_Novel_Family
8838,1,0,1,Potential_Novel_Family
8761,0,1,1,Known_Family_Only
8750,1,0,1,Potential_Novel_Family
8722,0,1,1,Known_Family_Only
8870,0,1,1,Known_Family_Only
8869,0,1,1,Known_Family_Only
8868,0,1,1,Known_Family_Only
8867,0,1,1,Known_Family_Only
8724,0,1,1,Known_Family_Only
8866,1,0,1,Potential_Novel_Family
8725,1,0,1,Potential_Novel_Family
8727,0,1,1,Known_Family_Only
8865,0,1,1,Known_Family_Only
8864,1,0,1,Potential_Novel_Family
8863,1,0,1,Potential_Novel_Family
8854,0,1,1,Known_Family_Only
8728,1,0,1,Potential_Novel_Family
8729,0,1,1,Known_Family_Only
8730,1,0,1,Potential_Novel_Family
8861,1,0,1,Potential_Novel_Family
8860,1,0,1,Potential_Novel_Family
8859,0,1,1,Known_Family_Only
8858,0,1,1,Known_Family_Only
8733,1,0,1,Potential_Novel_Family
8735,0,1,1,Known_Family_Only
8857,1,0,1,Potential_Novel_Family
8736,1,0,1,Potential_Novel_Family
8737,1,0,1,Potential_Novel_Family
8862,1,0,1,Potential_Novel_Family
8780,1,0,1,Potential_Novel_Family
8814,0,1,1,Known_Family_Only
8813,1,0,1,Potential_Novel_Family
8812,1,0,1,Potential_Novel_Family
8782,1,0,1,Potential_Novel_Family
8783,1,0,1,Potential_Novel_Family
8811,1,0,1,Potential_Novel_Family
8810,1,0,1,Potential_Novel_Family
8809,1,0,1,Potential_Novel_Family
8786,0,1,1,Known_Family_Only
8807,1,0,1,Potential_Novel_Family
8787,0,1,1,Known_Family_Only
8762,1,0,1,Potential_Novel_Family
8804,0,1,1,Known_Family_Only
8789,0,1,1,Known_Family_Only
8790,1,0,1,Potential_Novel_Family
8803,0,1,1,Known_Family_Only
8792,0,1,1,Known_Family_Only
8793,1,0,1,Potential_Novel_Family
8801,0,1,1,Known_Family_Only
8794,1,0,1,Potential_Novel_Family
8800,0,1,1,Known_Family_Only
8799,1,0,1,Potential_Novel_Family
8798,1,0,1,Potential_Novel_Family
8797,0,1,1,Known_Family_Only
8805,1,0,1,Potential_Novel_Family
8837,1,0,1,Potential_Novel_Family
8764,1,0,1,Potential_Novel_Family
8835,1,0,1,Potential_Novel_Family
8834,0,1,1,Known_Family_Only
8765,1,0,1,Potential_Novel_Family
8833,1,0,1,Potential_Novel_Family
8832,0,1,1,Known_Family_Only
8766,1,0,1,Potential_Novel_Family
8831,0,1,1,Known_Family_Only
8830,1,0,1,Potential_Novel_Family
8767,0,1,1,Known_Family_Only
8829,1,0,1,Potential_Novel_Family
8778,1,0,1,Potential_Novel_Family
8827,1,0,1,Potential_Novel_Family
8826,1,0,1,Potential_Novel_Family
8770,1,0,1,Potential_Novel_Family
8825,1,0,1,Potential_Novel_Family
8824,0,1,1,Known_Family_Only
8772,0,1,1,Known_Family_Only
8773,0,1,1,Known_Family_Only
8823,1,0,1,Potential_Novel_Family
8821,1,0,1,Potential_Novel_Family
8820,0,1,1,Known_Family_Only
8819,1,0,1,Potential_Novel_Family
8776,1,0,1,Potential_Novel_Family
8818,0,1,1,Known_Family_Only
8828,1,0,1,Potential_Novel_Family
8652,0,1,1,Known_Family_Only
8655,0,1,1,Known_Family_Only
8656,0,1,1,Known_Family_Only
8906,0,1,1,Known_Family_Only
8657,1,0,1,Potential_Novel_Family
8658,1,0,1,Potential_Novel_Family
8905,0,1,1,Known_Family_Only
8904,0,1,1,Known_Family_Only
8903,1,0,1,Potential_Novel_Family
8901,1,0,1,Potential_Novel_Family
8664,1,0,1,Potential_Novel_Family
8665,1,0,1,Potential_Novel_Family
8872,0,1,1,Known_Family_Only
8667,1,0,1,Potential_Novel_Family
8900,1,0,1,Potential_Novel_Family
8899,0,1,1,Known_Family_Only
8898,1,0,1,Potential_Novel_Family
8668,1,0,1,Potential_Novel_Family
8897,1,0,1,Potential_Novel_Family
8669,1,0,1,Potential_Novel_Family
8670,1,0,1,Potential_Novel_Family
8671,1,0,1,Potential_Novel_Family
8673,1,0,1,Potential_Novel_Family
8674,1,0,1,Potential_Novel_Family
8675,0,1,1,Known_Family_Only
8666,1,0,1,Potential_Novel_Family
8631,1,0,1,Potential_Novel_Family
8632,1,0,1,Potential_Novel_Family
8634,0,1,1,Known_Family_Only
8635,1,0,1,Potential_Novel_Family
8636,1,0,1,Potential_Novel_Family
8923,1,0,1,Potential_Novel_Family
8637,0,1,1,Known_Family_Only
8922,1,0,1,Potential_Novel_Family
8921,1,0,1,Potential_Novel_Family
8638,1,0,1,Potential_Novel_Family
8920,1,0,1,Potential_Novel_Family
8639,0,1,1,Known_Family_Only
8909,1,0,1,Potential_Novel_Family
8641,1,0,1,Potential_Novel_Family
8918,0,1,1,Known_Family_Only
8917,0,1,1,Known_Family_Only
8642,1,0,1,Potential_Novel_Family
8916,0,1,1,Known_Family_Only
8915,0,1,1,Known_Family_Only
8645,0,1,1,Known_Family_Only
8914,1,0,1,Potential_Novel_Family
8648,1,0,1,Potential_Novel_Family
8650,1,0,1,Potential_Novel_Family
8911,0,1,1,Known_Family_Only
8651,0,1,1,Known_Family_Only
8910,1,0,1,Potential_Novel_Family
8640,1,0,1,Potential_Novel_Family
8702,0,1,1,Known_Family_Only
8703,1,0,1,Potential_Novel_Family
8704,0,1,1,Known_Family_Only
8705,0,1,1,Known_Family_Only
8883,1,0,1,Potential_Novel_Family
8706,0,1,1,Known_Family_Only
8707,1,0,1,Potential_Novel_Family
8881,0,1,1,Known_Family_Only
8708,1,0,1,Potential_Novel_Family
8709,1,0,1,Potential_Novel_Family
8711,0,1,1,Known_Family_Only
8714,0,1,1,Known_Family_Only
8676,0,1,1,Known_Family_Only
8879,1,0,1,Potential_Novel_Family
8716,1,0,1,Potential_Novel_Family
8878,1,0,1,Potential_Novel_Family
8877,1,0,1,Potential_Novel_Family
8876,0,1,1,Known_Family_Only
8875,1,0,1,Potential_Novel_Family
8717,1,0,1,Potential_Novel_Family
8718,1,0,1,Potential_Novel_Family
8719,0,1,1,Known_Family_Only
8720,1,0,1,Potential_Novel_Family
8721,0,1,1,Known_Family_Only
8873,0,1,1,Known_Family_Only
8715,1,0,1,Potential_Novel_Family
8894,1,0,1,Potential_Novel_Family
8679,1,0,1,Potential_Novel_Family
8893,1,0,1,Potential_Novel_Family
8892,1,0,1,Potential_Novel_Family
8682,1,0,1,Potential_Novel_Family
8685,1,0,1,Potential_Novel_Family
8686,0,1,1,Known_Family_Only
8687,1,0,1,Potential_Novel_Family
8891,0,1,1,Known_Family_Only
8688,0,1,1,Known_Family_Only
8690,1,0,1,Potential_Novel_Family
8691,1,0,1,Potential_Novel_Family
8884,1,0,1,Potential_Novel_Family
8890,1,0,1,Potential_Novel_Family
8693,1,0,1,Potential_Novel_Family
8694,1,0,1,Potential_Novel_Family
8695,0,1,1,Known_Family_Only
8696,0,1,1,Known_Family_Only
8889,0,1,1,Known_Family_Only
8888,1,0,1,Potential_Novel_Family
8887,1,0,1,Potential_Novel_Family
8699,1,0,1,Potential_Novel_Family
8886,1,0,1,Potential_Novel_Family
8700,0,1,1,Known_Family_Only
8885,1,0,1,Potential_Novel_Family
8701,1,0,1,Potential_Novel_Family
8692,1,0,1,Potential_Novel_Family
9255,0,1,1,Known_Family_Only
9254,1,0,1,Potential_Novel_Family
9253,0,1,1,Known_Family_Only
8272,0,1,1,Known_Family_Only
9252,0,1,1,Known_Family_Only
8273,1,0,1,Potential_Novel_Family
9251,1,0,1,Potential_Novel_Family
9250,0,1,1,Known_Family_Only
8274,0,1,1,Known_Family_Only
8275,1,0,1,Potential_Novel_Family
8278,1,0,1,Potential_Novel_Family
9248,1,0,1,Potential_Novel_Family
8477,1,0,1,Potential_Novel_Family
8281,1,0,1,Potential_Novel_Family
8282,1,0,1,Potential_Novel_Family
8283,1,0,1,Potential_Novel_Family
9247,1,0,1,Potential_Novel_Family
8284,0,1,1,Known_Family_Only
8285,0,1,1,Known_Family_Only
8287,0,1,1,Known_Family_Only
8288,1,0,1,Potential_Novel_Family
9244,1,0,1,Potential_Novel_Family
8289,1,0,1,Potential_Novel_Family
8292,1,0,1,Potential_Novel_Family
8293,0,1,1,Known_Family_Only
8280,1,0,1,Potential_Novel_Family
9272,1,0,1,Potential_Novel_Family
9271,1,0,1,Potential_Novel_Family
8257,1,0,1,Potential_Novel_Family
8258,1,0,1,Potential_Novel_Family
8260,0,1,1,Known_Family_Only
9270,1,0,1,Potential_Novel_Family
8261,1,0,1,Potential_Novel_Family
9269,1,0,1,Potential_Novel_Family
8262,1,0,1,Potential_Novel_Family
9268,0,1,1,Known_Family_Only
8264,0,1,1,Known_Family_Only
9265,1,0,1,Potential_Novel_Family
9256,1,0,1,Potential_Novel_Family
8266,1,0,1,Potential_Novel_Family
9264,1,0,1,Potential_Novel_Family
8267,0,1,1,Known_Family_Only
8268,1,0,1,Potential_Novel_Family
9262,1,0,1,Potential_Novel_Family
9261,1,0,1,Potential_Novel_Family
8269,1,0,1,Potential_Novel_Family
9260,1,0,1,Potential_Novel_Family
9259,1,0,1,Potential_Novel_Family
9258,0,1,1,Known_Family_Only
9257,0,1,1,Known_Family_Only
8270,1,0,1,Potential_Novel_Family
8265,1,0,1,Potential_Novel_Family
8311,1,0,1,Potential_Novel_Family
9225,1,0,1,Potential_Novel_Family
8312,1,0,1,Potential_Novel_Family
9224,1,0,1,Potential_Novel_Family
8313,1,0,1,Potential_Novel_Family
8317,0,1,1,Known_Family_Only
9223,0,1,1,Known_Family_Only
9222,0,1,1,Known_Family_Only
8318,1,0,1,Potential_Novel_Family
9221,1,0,1,Potential_Novel_Family
9220,1,0,1,Potential_Novel_Family
8319,1,0,1,Potential_Novel_Family
9242,1,0,1,Potential_Novel_Family
9218,1,0,1,Potential_Novel_Family
9217,1,0,1,Potential_Novel_Family
8321,1,0,1,Potential_Novel_Family
8322,0,1,1,Known_Family_Only
8323,0,1,1,Known_Family_Only
9215,1,0,1,Potential_Novel_Family
8325,0,1,1,Known_Family_Only
9213,0,1,1,Known_Family_Only
8326,0,1,1,Known_Family_Only
9212,1,0,1,Potential_Novel_Family
9211,1,0,1,Potential_Novel_Family
8327,1,0,1,Potential_Novel_Family
8320,1,0,1,Potential_Novel_Family
8294,0,1,1,Known_Family_Only
9241,1,0,1,Potential_Novel_Family
8295,1,0,1,Potential_Novel_Family
9240,0,1,1,Known_Family_Only
9239,1,0,1,Potential_Novel_Family
8296,1,0,1,Potential_Novel_Family
9238,1,0,1,Potential_Novel_Family
9237,1,0,1,Potential_Novel_Family
8297,1,0,1,Potential_Novel_Family
8298,1,0,1,Potential_Novel_Family
8299,1,0,1,Potential_Novel_Family
8300,0,1,1,Known_Family_Only
8310,1,0,1,Potential_Novel_Family
9234,0,1,1,Known_Family_Only
8302,1,0,1,Potential_Novel_Family
8303,0,1,1,Known_Family_Only
8304,1,0,1,Potential_Novel_Family
9233,0,1,1,Known_Family_Only
9231,0,1,1,Known_Family_Only
8305,1,0,1,Potential_Novel_Family
8306,0,1,1,Known_Family_Only
9230,1,0,1,Potential_Novel_Family
9229,0,1,1,Known_Family_Only
9228,0,1,1,Known_Family_Only
8309,1,0,1,Potential_Novel_Family
9227,0,1,1,Known_Family_Only
8301,1,0,1,Potential_Novel_Family
9331,0,1,1,Known_Family_Only
9330,0,1,1,Known_Family_Only
9329,1,0,1,Potential_Novel_Family
9328,1,0,1,Potential_Novel_Family
8199,1,0,1,Potential_Novel_Family
8200,0,1,1,Known_Family_Only
8201,0,1,1,Known_Family_Only
8202,1,0,1,Potential_Novel_Family
8203,0,1,1,Known_Family_Only
8204,1,0,1,Potential_Novel_Family
8205,0,1,1,Known_Family_Only
9324,1,0,1,Potential_Novel_Family
8256,0,1,1,Known_Family_Only
8207,0,1,1,Known_Family_Only
8208,0,1,1,Known_Family_Only
9321,1,0,1,Potential_Novel_Family
9320,1,0,1,Potential_Novel_Family
8209,1,0,1,Potential_Novel_Family
8210,1,0,1,Potential_Novel_Family
9319,0,1,1,Known_Family_Only
9318,1,0,1,Potential_Novel_Family
8211,1,0,1,Potential_Novel_Family
9317,0,1,1,Known_Family_Only
8212,1,0,1,Potential_Novel_Family
9316,1,0,1,Potential_Novel_Family
9323,1,0,1,Potential_Novel_Family
9351,0,1,1,Known_Family_Only
8184,1,0,1,Potential_Novel_Family
8185,0,1,1,Known_Family_Only
8186,0,1,1,Known_Family_Only
9350,0,1,1,Known_Family_Only
9348,1,0,1,Potential_Novel_Family
8187,1,0,1,Potential_Novel_Family
8188,0,1,1,Known_Family_Only
8189,1,0,1,Potential_Novel_Family
9347,1,0,1,Potential_Novel_Family
8190,1,0,1,Potential_Novel_Family
9345,0,1,1,Known_Family_Only
9332,0,1,1,Known_Family_Only
9343,1,0,1,Potential_Novel_Family
9342,1,0,1,Potential_Novel_Family
9341,1,0,1,Potential_Novel_Family
8191,1,0,1,Potential_Novel_Family
8193,1,0,1,Potential_Novel_Family
8194,1,0,1,Potential_Novel_Family
9338,0,1,1,Known_Family_Only
9337,0,1,1,Known_Family_Only
9335,1,0,1,Potential_Novel_Family
8196,0,1,1,Known_Family_Only
8197,1,0,1,Potential_Novel_Family
8198,1,0,1,Potential_Novel_Family
9334,0,1,1,Known_Family_Only
9344,1,0,1,Potential_Novel_Family
8234,1,0,1,Potential_Novel_Family
9295,1,0,1,Potential_Novel_Family
9293,1,0,1,Potential_Novel_Family
8235,1,0,1,Potential_Novel_Family
8237,1,0,1,Potential_Novel_Family
9291,1,0,1,Potential_Novel_Family
9290,1,0,1,Potential_Novel_Family
9289,0,1,1,Known_Family_Only
9288,1,0,1,Potential_Novel_Family
9287,1,0,1,Potential_Novel_Family
9286,1,0,1,Potential_Novel_Family
9284,0,1,1,Known_Family_Only
8214,0,1,1,Known_Family_Only
8244,1,0,1,Potential_Novel_Family
8245,0,1,1,Known_Family_Only
9281,1,0,1,Potential_Novel_Family
8246,1,0,1,Potential_Novel_Family
8250,0,1,1,Known_Family_Only
8251,1,0,1,Potential_Novel_Family
8252,1,0,1,Potential_Novel_Family
8253,1,0,1,Potential_Novel_Family
8254,1,0,1,Potential_Novel_Family
9276,0,1,1,Known_Family_Only
9275,1,0,1,Potential_Novel_Family
8255,0,1,1,Known_Family_Only
8243,1,0,1,Potential_Novel_Family
9314,1,0,1,Potential_Novel_Family
9313,1,0,1,Potential_Novel_Family
9312,1,0,1,Potential_Novel_Family
8215,1,0,1,Potential_Novel_Family
8217,0,1,1,Known_Family_Only
8219,0,1,1,Known_Family_Only
8220,1,0,1,Potential_Novel_Family
8221,0,1,1,Known_Family_Only
9311,1,0,1,Potential_Novel_Family
8222,1,0,1,Potential_Novel_Family
9310,1,0,1,Potential_Novel_Family
8224,1,0,1,Potential_Novel_Family
8233,0,1,1,Known_Family_Only
9308,1,0,1,Potential_Novel_Family
9307,1,0,1,Potential_Novel_Family
9306,0,1,1,Known_Family_Only
9305,0,1,1,Known_Family_Only
9304,1,0,1,Potential_Novel_Family
9303,1,0,1,Potential_Novel_Family
8226,0,1,1,Known_Family_Only
9302,1,0,1,Potential_Novel_Family
9299,1,0,1,Potential_Novel_Family
9298,0,1,1,Known_Family_Only
9297,1,0,1,Potential_Novel_Family
8231,0,1,1,Known_Family_Only
9296,1,0,1,Potential_Novel_Family
8225,1,0,1,Potential_Novel_Family
9110,1,0,1,Potential_Novel_Family
9109,1,0,1,Potential_Novel_Family
9108,1,0,1,Potential_Novel_Family
8423,1,0,1,Potential_Novel_Family
8424,1,0,1,Potential_Novel_Family
9107,1,0,1,Potential_Novel_Family
9106,1,0,1,Potential_Novel_Family
9105,0,1,1,Known_Family_Only
9104,1,0,1,Potential_Novel_Family
8426,0,1,1,Known_Family_Only
8427,1,0,1,Potential_Novel_Family
9103,1,0,1,Potential_Novel_Family
8328,0,1,1,Known_Family_Only
8429,0,1,1,Known_Family_Only
8430,1,0,1,Potential_Novel_Family
8432,1,0,1,Potential_Novel_Family
8433,0,1,1,Known_Family_Only
9101,0,1,1,Known_Family_Only
8434,1,0,1,Potential_Novel_Family
9100,1,0,1,Potential_Novel_Family
9099,0,1,1,Known_Family_Only
8435,0,1,1,Known_Family_Only
9097,0,1,1,Known_Family_Only
8438,1,0,1,Potential_Novel_Family
8439,1,0,1,Potential_Novel_Family
9102,1,0,1,Potential_Novel_Family
9128,1,0,1,Potential_Novel_Family
8409,1,0,1,Potential_Novel_Family
9127,0,1,1,Known_Family_Only
8410,1,0,1,Potential_Novel_Family
8411,1,0,1,Potential_Novel_Family
9125,1,0,1,Potential_Novel_Family
9124,1,0,1,Potential_Novel_Family
9123,0,1,1,Known_Family_Only
9122,1,0,1,Potential_Novel_Family
8413,0,1,1,Known_Family_Only
9121,1,0,1,Potential_Novel_Family
9120,1,0,1,Potential_Novel_Family
9111,0,1,1,Known_Family_Only
9118,0,1,1,Known_Family_Only
8414,1,0,1,Potential_Novel_Family
8416,0,1,1,Known_Family_Only
9117,0,1,1,Known_Family_Only
8417,0,1,1,Known_Family_Only
8419,0,1,1,Known_Family_Only
9116,1,0,1,Potential_Novel_Family
9115,1,0,1,Potential_Novel_Family
9114,1,0,1,Potential_Novel_Family
9113,0,1,1,Known_Family_Only
9112,0,1,1,Known_Family_Only
8421,1,0,1,Potential_Novel_Family
9119,0,1,1,Known_Family_Only
9078,1,0,1,Potential_Novel_Family
8461,1,0,1,Potential_Novel_Family
9077,1,0,1,Potential_Novel_Family
8463,1,0,1,Potential_Novel_Family
8465,1,0,1,Potential_Novel_Family
8466,0,1,1,Known_Family_Only
8467,0,1,1,Known_Family_Only
9076,0,1,1,Known_Family_Only
9075,0,1,1,Known_Family_Only
9074,0,1,1,Known_Family_Only
8468,1,0,1,Potential_Novel_Family
9072,0,1,1,Known_Family_Only
9093,1,0,1,Potential_Novel_Family
8469,0,1,1,Known_Family_Only
9068,1,0,1,Potential_Novel_Family
9067,0,1,1,Known_Family_Only
9066,1,0,1,Potential_Novel_Family
8472,0,1,1,Known_Family_Only
8473,0,1,1,Known_Family_Only
8474,1,0,1,Potential_Novel_Family
9065,1,0,1,Potential_Novel_Family
8475,1,0,1,Potential_Novel_Family
8476,0,1,1,Known_Family_Only
9064,0,1,1,Known_Family_Only
9063,1,0,1,Potential_Novel_Family
9070,1,0,1,Potential_Novel_Family
8440,1,0,1,Potential_Novel_Family
9092,1,0,1,Potential_Novel_Family
9091,1,0,1,Potential_Novel_Family
8442,0,1,1,Known_Family_Only
8443,0,1,1,Known_Family_Only
8444,1,0,1,Potential_Novel_Family
8445,1,0,1,Potential_Novel_Family
9090,0,1,1,Known_Family_Only
8446,1,0,1,Potential_Novel_Family
9089,0,1,1,Known_Family_Only
8447,1,0,1,Potential_Novel_Family
9088,0,1,1,Known_Family_Only
8460,1,0,1,Potential_Novel_Family
9087,0,1,1,Known_Family_Only
9086,1,0,1,Potential_Novel_Family
8450,1,0,1,Potential_Novel_Family
9085,0,1,1,Known_Family_Only
8455,1,0,1,Potential_Novel_Family
9084,1,0,1,Potential_Novel_Family
8456,1,0,1,Potential_Novel_Family
9083,0,1,1,Known_Family_Only
9082,1,0,1,Potential_Novel_Family
9081,0,1,1,Known_Family_Only
8458,1,0,1,Potential_Novel_Family
9079,1,0,1,Potential_Novel_Family
8459,0,1,1,Known_Family_Only
8449,0,1,1,Known_Family_Only
9184,1,0,1,Potential_Novel_Family
8347,1,0,1,Potential_Novel_Family
9183,0,1,1,Known_Family_Only
8348,0,1,1,Known_Family_Only
9181,0,1,1,Known_Family_Only
9180,1,0,1,Potential_Novel_Family
9177,0,1,1,Known_Family_Only
8349,1,0,1,Potential_Novel_Family
9176,0,1,1,Known_Family_Only
9175,1,0,1,Potential_Novel_Family
8350,1,0,1,Potential_Novel_Family
9174,1,0,1,Potential_Novel_Family
8407,0,1,1,Known_Family_Only
8352,1,0,1,Potential_Novel_Family
8354,0,1,1,Known_Family_Only
9171,0,1,1,Known_Family_Only
9170,0,1,1,Known_Family_Only
9169,1,0,1,Potential_Novel_Family
8357,1,0,1,Potential_Novel_Family
8359,0,1,1,Known_Family_Only
9167,0,1,1,Known_Family_Only
8360,1,0,1,Potential_Novel_Family
8361,1,0,1,Potential_Novel_Family
9165,0,1,1,Known_Family_Only
9163,1,0,1,Potential_Novel_Family
9173,1,0,1,Potential_Novel_Family
9208,1,0,1,Potential_Novel_Family
9207,0,1,1,Known_Family_Only
9205,1,0,1,Potential_Novel_Family
9204,1,0,1,Potential_Novel_Family
9203,1,0,1,Potential_Novel_Family
8331,1,0,1,Potential_Novel_Family
8332,0,1,1,Known_Family_Only
9201,1,0,1,Potential_Novel_Family
9200,0,1,1,Known_Family_Only
9199,1,0,1,Potential_Novel_Family
9198,0,1,1,Known_Family_Only
9197,1,0,1,Potential_Novel_Family
8346,1,0,1,Potential_Novel_Family
9195,0,1,1,Known_Family_Only
8336,0,1,1,Known_Family_Only
8337,1,0,1,Potential_Novel_Family
8338,0,1,1,Known_Family_Only
9191,1,0,1,Potential_Novel_Family
9190,0,1,1,Known_Family_Only
9189,0,1,1,Known_Family_Only
8340,1,0,1,Potential_Novel_Family
8342,0,1,1,Known_Family_Only
9187,1,0,1,Potential_Novel_Family
9186,1,0,1,Potential_Novel_Family
8343,1,0,1,Potential_Novel_Family
9185,1,0,1,Potential_Novel_Family
9196,1,0,1,Potential_Novel_Family
8387,1,0,1,Potential_Novel_Family
8388,0,1,1,Known_Family_Only
9144,1,0,1,Potential_Novel_Family
9143,1,0,1,Potential_Novel_Family
9142,1,0,1,Potential_Novel_Family
9141,1,0,1,Potential_Novel_Family
8392,1,0,1,Potential_Novel_Family
9140,0,1,1,Known_Family_Only
9139,0,1,1,Known_Family_Only
9138,1,0,1,Potential_Novel_Family
9136,1,0,1,Potential_Novel_Family
9135,1,0,1,Potential_Novel_Family
9162,0,1,1,Known_Family_Only
8397,0,1,1,Known_Family_Only
9133,1,0,1,Potential_Novel_Family
8398,1,0,1,Potential_Novel_Family
9132,1,0,1,Potential_Novel_Family
9131,1,0,1,Potential_Novel_Family
8402,1,0,1,Potential_Novel_Family
8403,1,0,1,Potential_Novel_Family
8404,1,0,1,Potential_Novel_Family
9130,1,0,1,Potential_Novel_Family
8405,0,1,1,Known_Family_Only
8406,0,1,1,Known_Family_Only
9129,1,0,1,Potential_Novel_Family
8395,0,1,1,Known_Family_Only
9161,0,1,1,Known_Family_Only
8363,0,1,1,Known_Family_Only
9160,1,0,1,Potential_Novel_Family
9159,0,1,1,Known_Family_Only
8364,1,0,1,Potential_Novel_Family
8365,1,0,1,Potential_Novel_Family
8366,1,0,1,Potential_Novel_Family
9158,1,0,1,Potential_Novel_Family
8368,1,0,1,Potential_Novel_Family
8369,1,0,1,Potential_Novel_Family
8370,0,1,1,Known_Family_Only
9156,0,1,1,Known_Family_Only
8384,0,1,1,Known_Family_Only
9155,0,1,1,Known_Family_Only
9154,1,0,1,Potential_Novel_Family
8375,1,0,1,Potential_Novel_Family
9152,1,0,1,Potential_Novel_Family
8376,1,0,1,Potential_Novel_Family
8378,0,1,1,Known_Family_Only
9150,1,0,1,Potential_Novel_Family
9149,0,1,1,Known_Family_Only
9148,1,0,1,Potential_Novel_Family
9147,1,0,1,Potential_Novel_Family
8381,1,0,1,Potential_Novel_Family
8382,1,0,1,Potential_Novel_Family
9146,0,1,1,Known_Family_Only
8373,0,1,1,Known_Family_Only
11791,1,0,1,Potential_Novel_Family
11792,1,0,1,Potential_Novel_Family
11794,1,0,1,Potential_Novel_Family
11797,1,0,1,Potential_Novel_Family
11798,0,1,1,Known_Family_Only
11799,0,1,1,Known_Family_Only
11801,1,0,1,Potential_Novel_Family
11805,1,0,1,Potential_Novel_Family
7888,0,1,1,Known_Family_Only
11808,0,1,1,Known_Family_Only
11809,1,0,1,Potential_Novel_Family
11810,1,0,1,Potential_Novel_Family
11812,0,1,1,Known_Family_Only
11813,1,0,1,Potential_Novel_Family
11816,1,0,1,Potential_Novel_Family
11818,1,0,1,Potential_Novel_Family
11821,1,0,1,Potential_Novel_Family
11822,1,0,1,Potential_Novel_Family
11806,1,0,1,Potential_Novel_Family
11767,0,1,1,Known_Family_Only
11769,0,1,1,Known_Family_Only
11771,0,1,1,Known_Family_Only
11773,0,1,1,Known_Family_Only
11775,0,1,1,Known_Family_Only
11776,0,1,1,Known_Family_Only
11777,0,1,1,Known_Family_Only
11778,1,0,1,Potential_Novel_Family
11779,0,1,1,Known_Family_Only
11790,1,0,1,Potential_Novel_Family
11781,1,0,1,Potential_Novel_Family
11782,0,1,1,Known_Family_Only
11783,1,0,1,Potential_Novel_Family
11784,1,0,1,Potential_Novel_Family
11785,1,0,1,Potential_Novel_Family
11786,1,0,1,Potential_Novel_Family
11787,1,0,1,Potential_Novel_Family
11788,1,0,1,Potential_Novel_Family
11789,0,1,1,Known_Family_Only
11780,1,0,1,Potential_Novel_Family
11850,0,1,1,Known_Family_Only
11852,1,0,1,Potential_Novel_Family
11854,0,1,1,Known_Family_Only
11855,0,1,1,Known_Family_Only
11856,0,1,1,Known_Family_Only
11857,1,0,1,Potential_Novel_Family
11858,1,0,1,Potential_Novel_Family
11859,1,0,1,Potential_Novel_Family
11861,0,1,1,Known_Family_Only
11825,1,0,1,Potential_Novel_Family
11863,1,0,1,Potential_Novel_Family
11864,1,0,1,Potential_Novel_Family
11865,0,1,1,Known_Family_Only
11866,0,1,1,Known_Family_Only
11867,1,0,1,Potential_Novel_Family
11868,0,1,1,Known_Family_Only
11870,1,0,1,Potential_Novel_Family
11871,0,1,1,Known_Family_Only
11874,1,0,1,Potential_Novel_Family
11862,1,0,1,Potential_Novel_Family
11826,1,0,1,Potential_Novel_Family
11827,1,0,1,Potential_Novel_Family
11828,1,0,1,Potential_Novel_Family
11829,1,0,1,Potential_Novel_Family
11830,0,1,1,Known_Family_Only
11831,1,0,1,Potential_Novel_Family
11832,1,0,1,Potential_Novel_Family
11833,1,0,1,Potential_Novel_Family
11836,0,1,1,Known_Family_Only
11849,1,0,1,Potential_Novel_Family
11838,0,1,1,Known_Family_Only
11840,0,1,1,Known_Family_Only
11841,0,1,1,Known_Family_Only
11842,1,0,1,Potential_Novel_Family
11843,0,1,1,Known_Family_Only
11845,0,1,1,Known_Family_Only
11846,1,0,1,Potential_Novel_Family
11847,1,0,1,Potential_Novel_Family
11848,1,0,1,Potential_Novel_Family
11837,1,0,1,Potential_Novel_Family
11691,1,0,1,Potential_Novel_Family
11692,1,0,1,Potential_Novel_Family
11693,1,0,1,Potential_Novel_Family
11694,1,0,1,Potential_Novel_Family
11695,0,1,1,Known_Family_Only
11696,0,1,1,Known_Family_Only
11697,1,0,1,Potential_Novel_Family
11698,1,0,1,Potential_Novel_Family
11699,0,1,1,Known_Family_Only
11766,1,0,1,Potential_Novel_Family
11702,0,1,1,Known_Family_Only
11703,1,0,1,Potential_Novel_Family
11704,0,1,1,Known_Family_Only
11705,1,0,1,Potential_Novel_Family
11707,0,1,1,Known_Family_Only
11708,1,0,1,Potential_Novel_Family
11709,1,0,1,Potential_Novel_Family
11710,1,0,1,Potential_Novel_Family
11711,0,1,1,Known_Family_Only
11701,1,0,1,Potential_Novel_Family
11668,0,1,1,Known_Family_Only
11669,0,1,1,Known_Family_Only
11670,0,1,1,Known_Family_Only
11672,1,0,1,Potential_Novel_Family
11673,1,0,1,Potential_Novel_Family
11674,1,0,1,Potential_Novel_Family
11675,1,0,1,Potential_Novel_Family
11676,0,1,1,Known_Family_Only
11677,1,0,1,Potential_Novel_Family
11690,0,1,1,Known_Family_Only
11680,1,0,1,Potential_Novel_Family
11681,0,1,1,Known_Family_Only
11682,1,0,1,Potential_Novel_Family
11684,0,1,1,Known_Family_Only
11685,1,0,1,Potential_Novel_Family
11686,1,0,1,Potential_Novel_Family
11687,0,1,1,Known_Family_Only
11688,1,0,1,Potential_Novel_Family
11689,1,0,1,Potential_Novel_Family
11678,0,1,1,Known_Family_Only
11737,1,0,1,Potential_Novel_Family
11738,1,0,1,Potential_Novel_Family
11739,0,1,1,Known_Family_Only
11740,0,1,1,Known_Family_Only
11741,1,0,1,Potential_Novel_Family
11743,0,1,1,Known_Family_Only
11748,1,0,1,Potential_Novel_Family
11749,1,0,1,Potential_Novel_Family
11750,0,1,1,Known_Family_Only
11712,1,0,1,Potential_Novel_Family
11753,0,1,1,Known_Family_Only
11754,1,0,1,Potential_Novel_Family
11755,1,0,1,Potential_Novel_Family
11756,1,0,1,Potential_Novel_Family
11757,1,0,1,Potential_Novel_Family
11759,1,0,1,Potential_Novel_Family
11760,0,1,1,Known_Family_Only
11761,1,0,1,Potential_Novel_Family
11764,1,0,1,Potential_Novel_Family
11751,0,1,1,Known_Family_Only
11713,1,0,1,Potential_Novel_Family
11714,0,1,1,Known_Family_Only
11715,1,0,1,Potential_Novel_Family
11716,0,1,1,Known_Family_Only
11717,0,1,1,Known_Family_Only
11718,1,0,1,Potential_Novel_Family
11721,1,0,1,Potential_Novel_Family
11722,1,0,1,Potential_Novel_Family
11724,0,1,1,Known_Family_Only
11736,1,0,1,Potential_Novel_Family
11726,0,1,1,Known_Family_Only
11727,0,1,1,Known_Family_Only
11729,1,0,1,Potential_Novel_Family
11730,1,0,1,Potential_Novel_Family
11731,0,1,1,Known_Family_Only
11732,0,1,1,Known_Family_Only
11733,1,0,1,Potential_Novel_Family
11734,0,1,1,Known_Family_Only
11735,1,0,1,Potential_Novel_Family
11725,1,0,1,Potential_Novel_Family
12013,1,0,1,Potential_Novel_Family
12015,0,1,1,Known_Family_Only
12016,1,0,1,Potential_Novel_Family
12018,1,0,1,Potential_Novel_Family
12020,1,0,1,Potential_Novel_Family
12024,1,0,1,Potential_Novel_Family
12025,1,0,1,Potential_Novel_Family
12026,1,0,1,Potential_Novel_Family
11875,0,1,1,Known_Family_Only
12028,1,0,1,Potential_Novel_Family
12029,1,0,1,Potential_Novel_Family
12030,1,0,1,Potential_Novel_Family
12031,0,1,1,Known_Family_Only
12032,0,1,1,Known_Family_Only
12033,0,1,1,Known_Family_Only
12034,1,0,1,Potential_Novel_Family
12036,1,0,1,Potential_Novel_Family
12037,0,1,1,Known_Family_Only
12027,0,1,1,Known_Family_Only
11985,1,0,1,Potential_Novel_Family
11986,1,0,1,Potential_Novel_Family
11987,1,0,1,Potential_Novel_Family
11988,1,0,1,Potential_Novel_Family
11989,1,0,1,Potential_Novel_Family
11990,1,0,1,Potential_Novel_Family
11991,1,0,1,Potential_Novel_Family
11995,1,0,1,Potential_Novel_Family
11997,1,0,1,Potential_Novel_Family
12012,1,0,1,Potential_Novel_Family
11999,1,0,1,Potential_Novel_Family
12000,0,1,1,Known_Family_Only
12001,0,1,1,Known_Family_Only
12003,1,0,1,Potential_Novel_Family
12004,0,1,1,Known_Family_Only
12005,0,1,1,Known_Family_Only
12006,1,0,1,Potential_Novel_Family
12008,0,1,1,Known_Family_Only
12010,1,0,1,Potential_Novel_Family
11998,0,1,1,Known_Family_Only
12064,1,0,1,Potential_Novel_Family
12065,0,1,1,Known_Family_Only
12066,1,0,1,Potential_Novel_Family
12067,0,1,1,Known_Family_Only
12069,0,1,1,Known_Family_Only
12073,1,0,1,Potential_Novel_Family
12074,1,0,1,Potential_Novel_Family
12075,1,0,1,Potential_Novel_Family
12076,1,0,1,Potential_Novel_Family
12039,0,1,1,Known_Family_Only
12078,1,0,1,Potential_Novel_Family
12079,0,1,1,Known_Family_Only
12080,1,0,1,Potential_Novel_Family
12081,1,0,1,Potential_Novel_Family
12082,0,1,1,Known_Family_Only
12083,0,1,1,Known_Family_Only
12084,1,0,1,Potential_Novel_Family
12085,0,1,1,Known_Family_Only
12086,1,0,1,Potential_Novel_Family
12077,0,1,1,Known_Family_Only
12040,0,1,1,Known_Family_Only
12041,0,1,1,Known_Family_Only
12042,0,1,1,Known_Family_Only
12043,1,0,1,Potential_Novel_Family
12044,0,1,1,Known_Family_Only
12045,1,0,1,Potential_Novel_Family
12046,0,1,1,Known_Family_Only
12047,0,1,1,Known_Family_Only
12048,0,1,1,Known_Family_Only
12063,0,1,1,Known_Family_Only
12050,1,0,1,Potential_Novel_Family
12052,1,0,1,Potential_Novel_Family
12053,0,1,1,Known_Family_Only
12055,0,1,1,Known_Family_Only
12056,1,0,1,Potential_Novel_Family
12057,1,0,1,Potential_Novel_Family
12058,1,0,1,Potential_Novel_Family
12061,1,0,1,Potential_Novel_Family
12062,1,0,1,Potential_Novel_Family
12049,1,0,1,Potential_Novel_Family
11902,0,1,1,Known_Family_Only
11903,1,0,1,Potential_Novel_Family
11904,0,1,1,Known_Family_Only
11907,1,0,1,Potential_Novel_Family
11910,1,0,1,Potential_Novel_Family
11912,0,1,1,Known_Family_Only
11913,1,0,1,Potential_Novel_Family
11914,1,0,1,Potential_Novel_Family
11915,1,0,1,Potential_Novel_Family
11984,1,0,1,Potential_Novel_Family
11918,0,1,1,Known_Family_Only
11920,0,1,1,Known_Family_Only
11921,1,0,1,Potential_Novel_Family
11922,1,0,1,Potential_Novel_Family
11923,1,0,1,Potential_Novel_Family
11924,1,0,1,Potential_Novel_Family
11925,0,1,1,Known_Family_Only
11926,0,1,1,Known_Family_Only
11927,1,0,1,Potential_Novel_Family
11917,0,1,1,Known_Family_Only
11876,1,0,1,Potential_Novel_Family
11878,0,1,1,Known_Family_Only
11879,1,0,1,Potential_Novel_Family
11880,0,1,1,Known_Family_Only
11881,0,1,1,Known_Family_Only
11883,1,0,1,Potential_Novel_Family
11884,0,1,1,Known_Family_Only
11885,1,0,1,Potential_Novel_Family
11886,0,1,1,Known_Family_Only
11901,0,1,1,Known_Family_Only
11888,1,0,1,Potential_Novel_Family
11890,1,0,1,Potential_Novel_Family
11891,0,1,1,Known_Family_Only
11892,1,0,1,Potential_Novel_Family
11893,0,1,1,Known_Family_Only
11894,1,0,1,Potential_Novel_Family
11895,1,0,1,Potential_Novel_Family
11896,1,0,1,Potential_Novel_Family
11900,1,0,1,Potential_Novel_Family
11887,1,0,1,Potential_Novel_Family
11960,1,0,1,Potential_Novel_Family
11961,0,1,1,Known_Family_Only
11962,1,0,1,Potential_Novel_Family
11964,1,0,1,Potential_Novel_Family
11965,1,0,1,Potential_Novel_Family
11966,1,0,1,Potential_Novel_Family
11967,1,0,1,Potential_Novel_Family
11968,0,1,1,Known_Family_Only
11970,1,0,1,Potential_Novel_Family
11928,1,0,1,Potential_Novel_Family
11972,1,0,1,Potential_Novel_Family
11974,1,0,1,Potential_Novel_Family
11975,0,1,1,Known_Family_Only
11976,0,1,1,Known_Family_Only
11979,1,0,1,Potential_Novel_Family
11980,0,1,1,Known_Family_Only
11981,1,0,1,Potential_Novel_Family
11982,1,0,1,Potential_Novel_Family
11983,0,1,1,Known_Family_Only
11971,1,0,1,Potential_Novel_Family
11930,1,0,1,Potential_Novel_Family
11933,0,1,1,Known_Family_Only
11935,0,1,1,Known_Family_Only
11937,1,0,1,Potential_Novel_Family
11941,1,0,1,Potential_Novel_Family
11942,1,0,1,Potential_Novel_Family
11943,1,0,1,Potential_Novel_Family
11945,1,0,1,Potential_Novel_Family
11946,0,1,1,Known_Family_Only
11959,0,1,1,Known_Family_Only
11949,1,0,1,Potential_Novel_Family
11950,0,1,1,Known_Family_Only
11951,1,0,1,Potential_Novel_Family
11952,1,0,1,Potential_Novel_Family
11953,1,0,1,Potential_Novel_Family
11955,0,1,1,Known_Family_Only
11956,0,1,1,Known_Family_Only
11957,1,0,1,Potential_Novel_Family
11958,0,1,1,Known_Family_Only
11948,0,1,1,Known_Family_Only
11389,0,1,1,Known_Family_Only
11390,1,0,1,Potential_Novel_Family
11391,0,1,1,Known_Family_Only
11392,1,0,1,Potential_Novel_Family
11394,1,0,1,Potential_Novel_Family
11395,0,1,1,Known_Family_Only
11396,1,0,1,Potential_Novel_Family
11399,0,1,1,Known_Family_Only
11667,1,0,1,Potential_Novel_Family
11401,0,1,1,Known_Family_Only
11402,1,0,1,Potential_Novel_Family
11403,0,1,1,Known_Family_Only
11404,0,1,1,Known_Family_Only
11405,1,0,1,Potential_Novel_Family
11406,0,1,1,Known_Family_Only
11407,1,0,1,Potential_Novel_Family
11408,0,1,1,Known_Family_Only
11409,1,0,1,Potential_Novel_Family
11400,1,0,1,Potential_Novel_Family
11365,1,0,1,Potential_Novel_Family
11366,1,0,1,Potential_Novel_Family
11367,1,0,1,Potential_Novel_Family
11368,1,0,1,Potential_Novel_Family
11369,1,0,1,Potential_Novel_Family
11370,1,0,1,Potential_Novel_Family
11372,0,1,1,Known_Family_Only
11373,1,0,1,Potential_Novel_Family
11375,0,1,1,Known_Family_Only
11387,1,0,1,Potential_Novel_Family
11377,1,0,1,Potential_Novel_Family
11379,1,0,1,Potential_Novel_Family
11380,1,0,1,Potential_Novel_Family
11381,1,0,1,Potential_Novel_Family
11382,1,0,1,Potential_Novel_Family
11383,1,0,1,Potential_Novel_Family
11384,1,0,1,Potential_Novel_Family
11385,1,0,1,Potential_Novel_Family
11386,0,1,1,Known_Family_Only
11376,0,1,1,Known_Family_Only
11435,1,0,1,Potential_Novel_Family
11436,1,0,1,Potential_Novel_Family
11437,1,0,1,Potential_Novel_Family
11438,1,0,1,Potential_Novel_Family
11439,1,0,1,Potential_Novel_Family
11440,0,1,1,Known_Family_Only
11441,0,1,1,Known_Family_Only
11445,1,0,1,Potential_Novel_Family
11447,1,0,1,Potential_Novel_Family
11411,1,0,1,Potential_Novel_Family
11450,1,0,1,Potential_Novel_Family
11451,0,1,1,Known_Family_Only
11454,1,0,1,Potential_Novel_Family
11455,1,0,1,Potential_Novel_Family
11456,0,1,1,Known_Family_Only
11457,0,1,1,Known_Family_Only
11458,0,1,1,Known_Family_Only
11460,1,0,1,Potential_Novel_Family
11461,0,1,1,Known_Family_Only
11449,0,1,1,Known_Family_Only
11413,0,1,1,Known_Family_Only
11414,0,1,1,Known_Family_Only
11415,0,1,1,Known_Family_Only
11416,0,1,1,Known_Family_Only
11417,1,0,1,Potential_Novel_Family
11418,0,1,1,Known_Family_Only
11420,0,1,1,Known_Family_Only
11421,1,0,1,Potential_Novel_Family
11422,1,0,1,Potential_Novel_Family
11434,1,0,1,Potential_Novel_Family
11424,0,1,1,Known_Family_Only
11425,1,0,1,Potential_Novel_Family
11426,0,1,1,Known_Family_Only
11428,1,0,1,Potential_Novel_Family
11429,0,1,1,Known_Family_Only
11430,1,0,1,Potential_Novel_Family
11431,1,0,1,Potential_Novel_Family
11432,1,0,1,Potential_Novel_Family
11433,1,0,1,Potential_Novel_Family
11423,1,0,1,Potential_Novel_Family
11287,0,1,1,Known_Family_Only
11288,0,1,1,Known_Family_Only
11290,0,1,1,Known_Family_Only
11291,1,0,1,Potential_Novel_Family
11292,1,0,1,Potential_Novel_Family
11294,0,1,1,Known_Family_Only
11295,0,1,1,Known_Family_Only
11296,0,1,1,Known_Family_Only
11297,0,1,1,Known_Family_Only
11364,1,0,1,Potential_Novel_Family
11300,0,1,1,Known_Family_Only
11301,1,0,1,Potential_Novel_Family
11302,0,1,1,Known_Family_Only
11305,0,1,1,Known_Family_Only
11306,1,0,1,Potential_Novel_Family
11307,0,1,1,Known_Family_Only
11309,0,1,1,Known_Family_Only
11311,1,0,1,Potential_Novel_Family
11312,0,1,1,Known_Family_Only
11299,1,0,1,Potential_Novel_Family
11260,1,0,1,Potential_Novel_Family
11261,0,1,1,Known_Family_Only
11262,1,0,1,Potential_Novel_Family
11264,1,0,1,Potential_Novel_Family
11265,1,0,1,Potential_Novel_Family
11266,1,0,1,Potential_Novel_Family
11267,1,0,1,Potential_Novel_Family
11269,0,1,1,Known_Family_Only
11270,1,0,1,Potential_Novel_Family
11286,0,1,1,Known_Family_Only
11272,0,1,1,Known_Family_Only
11276,0,1,1,Known_Family_Only
11277,0,1,1,Known_Family_Only
11278,1,0,1,Potential_Novel_Family
11279,0,1,1,Known_Family_Only
11280,0,1,1,Known_Family_Only
11281,1,0,1,Potential_Novel_Family
11282,0,1,1,Known_Family_Only
11285,0,1,1,Known_Family_Only
11271,1,0,1,Potential_Novel_Family
11338,1,0,1,Potential_Novel_Family
11339,0,1,1,Known_Family_Only
11342,0,1,1,Known_Family_Only
11343,1,0,1,Potential_Novel_Family
11345,1,0,1,Potential_Novel_Family
11346,1,0,1,Potential_Novel_Family
11347,0,1,1,Known_Family_Only
11348,1,0,1,Potential_Novel_Family
11349,0,1,1,Known_Family_Only
11313,1,0,1,Potential_Novel_Family
11351,0,1,1,Known_Family_Only
11354,1,0,1,Potential_Novel_Family
11355,0,1,1,Known_Family_Only
11356,1,0,1,Potential_Novel_Family
11358,1,0,1,Potential_Novel_Family
11360,0,1,1,Known_Family_Only
11361,1,0,1,Potential_Novel_Family
11362,1,0,1,Potential_Novel_Family
11363,1,0,1,Potential_Novel_Family
11350,1,0,1,Potential_Novel_Family
11314,1,0,1,Potential_Novel_Family
11315,1,0,1,Potential_Novel_Family
11317,1,0,1,Potential_Novel_Family
11318,0,1,1,Known_Family_Only
11319,1,0,1,Potential_Novel_Family
11321,1,0,1,Potential_Novel_Family
11323,1,0,1,Potential_Novel_Family
11324,1,0,1,Potential_Novel_Family
11325,1,0,1,Potential_Novel_Family
11337,0,1,1,Known_Family_Only
11328,1,0,1,Potential_Novel_Family
11329,1,0,1,Potential_Novel_Family
11330,1,0,1,Potential_Novel_Family
11331,1,0,1,Potential_Novel_Family
11332,0,1,1,Known_Family_Only
11333,0,1,1,Known_Family_Only
11334,1,0,1,Potential_Novel_Family
11335,1,0,1,Potential_Novel_Family
11336,0,1,1,Known_Family_Only
11326,1,0,1,Potential_Novel_Family
11589,1,0,1,Potential_Novel_Family
11592,1,0,1,Potential_Novel_Family
11594,1,0,1,Potential_Novel_Family
11595,1,0,1,Potential_Novel_Family
11596,1,0,1,Potential_Novel_Family
11597,1,0,1,Potential_Novel_Family
11598,1,0,1,Potential_Novel_Family
11599,1,0,1,Potential_Novel_Family
11601,1,0,1,Potential_Novel_Family
11462,0,1,1,Known_Family_Only
11603,1,0,1,Potential_Novel_Family
11604,1,0,1,Potential_Novel_Family
11605,1,0,1,Potential_Novel_Family
11608,1,0,1,Potential_Novel_Family
11609,1,0,1,Potential_Novel_Family
11610,0,1,1,Known_Family_Only
11611,1,0,1,Potential_Novel_Family
11612,0,1,1,Known_Family_Only
11613,0,1,1,Known_Family_Only
11602,1,0,1,Potential_Novel_Family
11563,1,0,1,Potential_Novel_Family
11564,1,0,1,Potential_Novel_Family
11565,1,0,1,Potential_Novel_Family
11566,0,1,1,Known_Family_Only
11567,0,1,1,Known_Family_Only
11568,1,0,1,Potential_Novel_Family
11569,0,1,1,Known_Family_Only
11570,0,1,1,Known_Family_Only
11571,0,1,1,Known_Family_Only
11588,1,0,1,Potential_Novel_Family
11573,1,0,1,Potential_Novel_Family
11574,0,1,1,Known_Family_Only
11575,1,0,1,Potential_Novel_Family
11578,1,0,1,Potential_Novel_Family
11579,0,1,1,Known_Family_Only
11580,1,0,1,Potential_Novel_Family
11581,0,1,1,Known_Family_Only
11582,0,1,1,Known_Family_Only
11584,0,1,1,Known_Family_Only
11572,1,0,1,Potential_Novel_Family
11639,1,0,1,Potential_Novel_Family
11640,1,0,1,Potential_Novel_Family
11641,1,0,1,Potential_Novel_Family
11642,1,0,1,Potential_Novel_Family
11644,1,0,1,Potential_Novel_Family
11645,1,0,1,Potential_Novel_Family
11646,1,0,1,Potential_Novel_Family
11647,1,0,1,Potential_Novel_Family
11648,1,0,1,Potential_Novel_Family
11614,1,0,1,Potential_Novel_Family
11650,1,0,1,Potential_Novel_Family
11651,1,0,1,Potential_Novel_Family
11652,1,0,1,Potential_Novel_Family
11654,1,0,1,Potential_Novel_Family
11655,0,1,1,Known_Family_Only
11656,1,0,1,Potential_Novel_Family
11658,0,1,1,Known_Family_Only
11659,1,0,1,Potential_Novel_Family
11662,1,0,1,Potential_Novel_Family
11649,1,0,1,Potential_Novel_Family
11615,1,0,1,Potential_Novel_Family
11616,0,1,1,Known_Family_Only
11620,0,1,1,Known_Family_Only
11621,1,0,1,Potential_Novel_Family
11622,1,0,1,Potential_Novel_Family
11623,1,0,1,Potential_Novel_Family
11625,1,0,1,Potential_Novel_Family
11626,1,0,1,Potential_Novel_Family
11627,0,1,1,Known_Family_Only
11638,1,0,1,Potential_Novel_Family
11629,1,0,1,Potential_Novel_Family
11630,0,1,1,Known_Family_Only
11631,0,1,1,Known_Family_Only
11632,0,1,1,Known_Family_Only
11633,1,0,1,Potential_Novel_Family
11634,1,0,1,Potential_Novel_Family
11635,1,0,1,Potential_Novel_Family
11636,1,0,1,Potential_Novel_Family
11637,0,1,1,Known_Family_Only
11628,0,1,1,Known_Family_Only
11492,1,0,1,Potential_Novel_Family
11493,1,0,1,Potential_Novel_Family
11495,1,0,1,Potential_Novel_Family
11496,1,0,1,Potential_Novel_Family
11497,1,0,1,Potential_Novel_Family
11498,1,0,1,Potential_Novel_Family
11499,0,1,1,Known_Family_Only
11500,1,0,1,Potential_Novel_Family
11501,1,0,1,Potential_Novel_Family
11562,1,0,1,Potential_Novel_Family
11503,1,0,1,Potential_Novel_Family
11504,0,1,1,Known_Family_Only
11505,1,0,1,Potential_Novel_Family
11508,0,1,1,Known_Family_Only
11510,1,0,1,Potential_Novel_Family
11512,1,0,1,Potential_Novel_Family
11514,1,0,1,Potential_Novel_Family
11515,1,0,1,Potential_Novel_Family
11516,0,1,1,Known_Family_Only
11502,0,1,1,Known_Family_Only
11463,1,0,1,Potential_Novel_Family
11464,0,1,1,Known_Family_Only
11466,1,0,1,Potential_Novel_Family
11467,0,1,1,Known_Family_Only
11468,0,1,1,Known_Family_Only
11469,0,1,1,Known_Family_Only
11470,1,0,1,Potential_Novel_Family
11471,1,0,1,Potential_Novel_Family
11472,1,0,1,Potential_Novel_Family
11491,0,1,1,Known_Family_Only
11477,0,1,1,Known_Family_Only
11478,1,0,1,Potential_Novel_Family
11480,0,1,1,Known_Family_Only
11481,1,0,1,Potential_Novel_Family
11484,1,0,1,Potential_Novel_Family
11486,1,0,1,Potential_Novel_Family
11487,1,0,1,Potential_Novel_Family
11488,1,0,1,Potential_Novel_Family
11489,1,0,1,Potential_Novel_Family
11474,1,0,1,Potential_Novel_Family
11541,0,1,1,Known_Family_Only
11542,0,1,1,Known_Family_Only
11544,0,1,1,Known_Family_Only
11545,1,0,1,Potential_Novel_Family
11546,1,0,1,Potential_Novel_Family
11547,1,0,1,Potential_Novel_Family
11549,1,0,1,Potential_Novel_Family
11550,1,0,1,Potential_Novel_Family
11551,1,0,1,Potential_Novel_Family
11517,1,0,1,Potential_Novel_Family
11553,1,0,1,Potential_Novel_Family
11554,0,1,1,Known_Family_Only
11555,1,0,1,Potential_Novel_Family
11556,0,1,1,Known_Family_Only
11557,0,1,1,Known_Family_Only
11558,0,1,1,Known_Family_Only
11559,1,0,1,Potential_Novel_Family
11560,1,0,1,Potential_Novel_Family
11561,1,0,1,Potential_Novel_Family
11552,1,0,1,Potential_Novel_Family
11519,1,0,1,Potential_Novel_Family
11520,0,1,1,Known_Family_Only
11521,1,0,1,Potential_Novel_Family
11522,1,0,1,Potential_Novel_Family
11523,1,0,1,Potential_Novel_Family
11525,0,1,1,Known_Family_Only
11526,0,1,1,Known_Family_Only
11527,1,0,1,Potential_Novel_Family
11528,0,1,1,Known_Family_Only
11540,1,0,1,Potential_Novel_Family
11531,0,1,1,Known_Family_Only
11532,1,0,1,Potential_Novel_Family
11533,0,1,1,Known_Family_Only
11534,1,0,1,Potential_Novel_Family
11535,0,1,1,Known_Family_Only
11536,0,1,1,Known_Family_Only
11537,1,0,1,Potential_Novel_Family
11538,1,0,1,Potential_Novel_Family
11539,1,0,1,Potential_Novel_Family
11530,0,1,1,Known_Family_Only
12627,1,0,1,Potential_Novel_Family
12628,1,0,1,Potential_Novel_Family
12629,0,1,1,Known_Family_Only
12630,1,0,1,Potential_Novel_Family
12631,1,0,1,Potential_Novel_Family
12632,1,0,1,Potential_Novel_Family
12633,1,0,1,Potential_Novel_Family
12634,0,1,1,Known_Family_Only
12088,1,0,1,Potential_Novel_Family
12637,1,0,1,Potential_Novel_Family
12638,1,0,1,Potential_Novel_Family
12640,0,1,1,Known_Family_Only
12641,1,0,1,Potential_Novel_Family
12642,0,1,1,Known_Family_Only
12643,1,0,1,Potential_Novel_Family
12644,0,1,1,Known_Family_Only
12645,0,1,1,Known_Family_Only
12646,1,0,1,Potential_Novel_Family
12635,1,0,1,Potential_Novel_Family
12606,0,1,1,Known_Family_Only
12607,1,0,1,Potential_Novel_Family
12608,1,0,1,Potential_Novel_Family
12609,0,1,1,Known_Family_Only
12610,1,0,1,Potential_Novel_Family
12611,0,1,1,Known_Family_Only
12612,1,0,1,Potential_Novel_Family
12613,1,0,1,Potential_Novel_Family
12614,1,0,1,Potential_Novel_Family
12626,1,0,1,Potential_Novel_Family
12616,0,1,1,Known_Family_Only
12617,0,1,1,Known_Family_Only
12618,1,0,1,Potential_Novel_Family
12620,1,0,1,Potential_Novel_Family
12621,0,1,1,Known_Family_Only
12622,0,1,1,Known_Family_Only
12623,0,1,1,Known_Family_Only
12624,1,0,1,Potential_Novel_Family
12625,1,0,1,Potential_Novel_Family
12615,0,1,1,Known_Family_Only
12672,1,0,1,Potential_Novel_Family
12673,0,1,1,Known_Family_Only
12674,0,1,1,Known_Family_Only
12675,1,0,1,Potential_Novel_Family
12676,0,1,1,Known_Family_Only
12677,1,0,1,Potential_Novel_Family
12678,1,0,1,Potential_Novel_Family
12679,1,0,1,Potential_Novel_Family
12681,0,1,1,Known_Family_Only
12647,0,1,1,Known_Family_Only
12683,0,1,1,Known_Family_Only
12684,1,0,1,Potential_Novel_Family
12685,0,1,1,Known_Family_Only
12686,1,0,1,Potential_Novel_Family
12687,1,0,1,Potential_Novel_Family
12688,0,1,1,Known_Family_Only
12689,1,0,1,Potential_Novel_Family
12690,1,0,1,Potential_Novel_Family
12693,0,1,1,Known_Family_Only
12682,1,0,1,Potential_Novel_Family
12648,1,0,1,Potential_Novel_Family
12649,1,0,1,Potential_Novel_Family
12650,1,0,1,Potential_Novel_Family
12652,0,1,1,Known_Family_Only
12653,0,1,1,Known_Family_Only
12654,1,0,1,Potential_Novel_Family
12656,0,1,1,Known_Family_Only
12658,1,0,1,Potential_Novel_Family
12659,0,1,1,Known_Family_Only
12671,1,0,1,Potential_Novel_Family
12661,1,0,1,Potential_Novel_Family
12662,1,0,1,Potential_Novel_Family
12663,0,1,1,Known_Family_Only
12664,0,1,1,Known_Family_Only
12665,0,1,1,Known_Family_Only
12666,1,0,1,Potential_Novel_Family
12667,1,0,1,Potential_Novel_Family
12668,1,0,1,Potential_Novel_Family
12669,1,0,1,Potential_Novel_Family
12660,0,1,1,Known_Family_Only
12533,0,1,1,Known_Family_Only
12534,1,0,1,Potential_Novel_Family
12537,1,0,1,Potential_Novel_Family
12538,0,1,1,Known_Family_Only
12540,1,0,1,Potential_Novel_Family
12541,0,1,1,Known_Family_Only
12542,1,0,1,Potential_Novel_Family
12543,0,1,1,Known_Family_Only
12544,1,0,1,Potential_Novel_Family
12605,0,1,1,Known_Family_Only
12547,1,0,1,Potential_Novel_Family
12548,1,0,1,Potential_Novel_Family
12550,1,0,1,Potential_Novel_Family
12551,0,1,1,Known_Family_Only
12552,1,0,1,Potential_Novel_Family
12554,1,0,1,Potential_Novel_Family
12555,0,1,1,Known_Family_Only
12556,1,0,1,Potential_Novel_Family
12557,0,1,1,Known_Family_Only
12546,0,1,1,Known_Family_Only
12504,1,0,1,Potential_Novel_Family
12506,0,1,1,Known_Family_Only
12507,1,0,1,Potential_Novel_Family
12508,1,0,1,Potential_Novel_Family
12511,1,0,1,Potential_Novel_Family
12512,0,1,1,Known_Family_Only
12513,1,0,1,Potential_Novel_Family
12514,0,1,1,Known_Family_Only
12515,1,0,1,Potential_Novel_Family
12531,1,0,1,Potential_Novel_Family
12517,1,0,1,Potential_Novel_Family
12519,1,0,1,Potential_Novel_Family
12522,1,0,1,Potential_Novel_Family
12523,1,0,1,Potential_Novel_Family
12524,0,1,1,Known_Family_Only
12525,1,0,1,Potential_Novel_Family
12526,1,0,1,Potential_Novel_Family
12528,0,1,1,Known_Family_Only
12529,0,1,1,Known_Family_Only
12516,1,0,1,Potential_Novel_Family
12583,1,0,1,Potential_Novel_Family
12584,1,0,1,Potential_Novel_Family
12585,1,0,1,Potential_Novel_Family
12586,0,1,1,Known_Family_Only
12587,1,0,1,Potential_Novel_Family
12588,1,0,1,Potential_Novel_Family
12590,1,0,1,Potential_Novel_Family
12591,0,1,1,Known_Family_Only
12592,0,1,1,Known_Family_Only
12558,1,0,1,Potential_Novel_Family
12594,1,0,1,Potential_Novel_Family
12595,1,0,1,Potential_Novel_Family
12596,0,1,1,Known_Family_Only
12597,0,1,1,Known_Family_Only
12598,1,0,1,Potential_Novel_Family
12599,1,0,1,Potential_Novel_Family
12600,0,1,1,Known_Family_Only
12603,1,0,1,Potential_Novel_Family
12604,0,1,1,Known_Family_Only
12593,1,0,1,Potential_Novel_Family
12559,0,1,1,Known_Family_Only
12560,0,1,1,Known_Family_Only
12561,1,0,1,Potential_Novel_Family
12562,1,0,1,Potential_Novel_Family
12563,1,0,1,Potential_Novel_Family
12564,0,1,1,Known_Family_Only
12565,1,0,1,Potential_Novel_Family
12567,0,1,1,Known_Family_Only
12568,0,1,1,Known_Family_Only
12582,0,1,1,Known_Family_Only
12570,0,1,1,Known_Family_Only
12571,1,0,1,Potential_Novel_Family
12572,0,1,1,Known_Family_Only
12573,0,1,1,Known_Family_Only
12574,1,0,1,Potential_Novel_Family
12575,1,0,1,Potential_Novel_Family
12579,1,0,1,Potential_Novel_Family
12580,1,0,1,Potential_Novel_Family
12581,1,0,1,Potential_Novel_Family
12569,0,1,1,Known_Family_Only
12802,0,1,1,Known_Family_Only
12803,0,1,1,Known_Family_Only
12804,1,0,1,Potential_Novel_Family
12805,1,0,1,Potential_Novel_Family
12806,0,1,1,Known_Family_Only
12807,0,1,1,Known_Family_Only
12808,1,0,1,Potential_Novel_Family
12809,0,1,1,Known_Family_Only
12810,1,0,1,Potential_Novel_Family
12694,1,0,1,Potential_Novel_Family
12812,0,1,1,Known_Family_Only
12813,1,0,1,Potential_Novel_Family
12814,0,1,1,Known_Family_Only
12815,1,0,1,Potential_Novel_Family
12816,1,0,1,Potential_Novel_Family
12818,0,1,1,Known_Family_Only
12819,1,0,1,Potential_Novel_Family
12820,1,0,1,Potential_Novel_Family
12821,1,0,1,Potential_Novel_Family
12811,1,0,1,Potential_Novel_Family
12782,1,0,1,Potential_Novel_Family
12783,1,0,1,Potential_Novel_Family
12784,1,0,1,Potential_Novel_Family
12785,1,0,1,Potential_Novel_Family
12786,1,0,1,Potential_Novel_Family
12787,1,0,1,Potential_Novel_Family
12788,1,0,1,Potential_Novel_Family
12789,0,1,1,Known_Family_Only
12790,1,0,1,Potential_Novel_Family
12801,0,1,1,Known_Family_Only
12792,0,1,1,Known_Family_Only
12793,1,0,1,Potential_Novel_Family
12794,1,0,1,Potential_Novel_Family
12795,0,1,1,Known_Family_Only
12796,1,0,1,Potential_Novel_Family
12797,0,1,1,Known_Family_Only
12798,0,1,1,Known_Family_Only
12799,1,0,1,Potential_Novel_Family
12800,1,0,1,Potential_Novel_Family
12791,0,1,1,Known_Family_Only
12838,1,0,1,Potential_Novel_Family
12839,1,0,1,Potential_Novel_Family
12840,1,0,1,Potential_Novel_Family
12841,0,1,1,Known_Family_Only
12843,1,0,1,Potential_Novel_Family
12844,1,0,1,Potential_Novel_Family
12845,0,1,1,Known_Family_Only
12846,1,0,1,Potential_Novel_Family
12847,0,1,1,Known_Family_Only
12822,1,0,1,Potential_Novel_Family
12850,0,1,1,Known_Family_Only
12851,0,1,1,Known_Family_Only
12852,1,0,1,Potential_Novel_Family
12853,1,0,1,Potential_Novel_Family
12854,1,0,1,Potential_Novel_Family
12855,1,0,1,Potential_Novel_Family
12856,0,1,1,Known_Family_Only
12857,1,0,1,Potential_Novel_Family
12858,0,1,1,Known_Family_Only
12849,0,1,1,Known_Family_Only
12823,1,0,1,Potential_Novel_Family
12824,0,1,1,Known_Family_Only
12825,0,1,1,Known_Family_Only
12827,1,0,1,Potential_Novel_Family
12828,1,0,1,Potential_Novel_Family
43,1,0,1,Potential_Novel_Family
44,0,1,1,Known_Family_Only
45,0,1,1,Known_Family_Only
46,1,0,1,Potential_Novel_Family
12837,1,0,1,Potential_Novel_Family
56,1,0,1,Potential_Novel_Family
58,1,0,1,Potential_Novel_Family
12829,1,0,1,Potential_Novel_Family
12830,1,0,1,Potential_Novel_Family
12831,1,0,1,Potential_Novel_Family
12832,1,0,1,Potential_Novel_Family
12833,1,0,1,Potential_Novel_Family
12834,0,1,1,Known_Family_Only
12835,1,0,1,Potential_Novel_Family
47,1,0,1,Potential_Novel_Family
12715,1,0,1,Potential_Novel_Family
12716,1,0,1,Potential_Novel_Family
12717,0,1,1,Known_Family_Only
12718,0,1,1,Known_Family_Only
12719,0,1,1,Known_Family_Only
12720,0,1,1,Known_Family_Only
12721,0,1,1,Known_Family_Only
12722,1,0,1,Potential_Novel_Family
12723,0,1,1,Known_Family_Only
12781,0,1,1,Known_Family_Only
12725,0,1,1,Known_Family_Only
12726,1,0,1,Potential_Novel_Family
12727,0,1,1,Known_Family_Only
12728,1,0,1,Potential_Novel_Family
12730,1,0,1,Potential_Novel_Family
12732,1,0,1,Potential_Novel_Family
12733,1,0,1,Potential_Novel_Family
12734,1,0,1,Potential_Novel_Family
12735,0,1,1,Known_Family_Only
12724,0,1,1,Known_Family_Only
12695,0,1,1,Known_Family_Only
12696,1,0,1,Potential_Novel_Family
12697,1,0,1,Potential_Novel_Family
12698,0,1,1,Known_Family_Only
12699,1,0,1,Potential_Novel_Family
12700,1,0,1,Potential_Novel_Family
12701,1,0,1,Potential_Novel_Family
12702,1,0,1,Potential_Novel_Family
12703,1,0,1,Potential_Novel_Family
12714,0,1,1,Known_Family_Only
12705,1,0,1,Potential_Novel_Family
12706,0,1,1,Known_Family_Only
12707,1,0,1,Potential_Novel_Family
12708,0,1,1,Known_Family_Only
12709,1,0,1,Potential_Novel_Family
12710,1,0,1,Potential_Novel_Family
12711,0,1,1,Known_Family_Only
12712,0,1,1,Known_Family_Only
12713,1,0,1,Potential_Novel_Family
12704,1,0,1,Potential_Novel_Family
12759,0,1,1,Known_Family_Only
12760,0,1,1,Known_Family_Only
12761,1,0,1,Potential_Novel_Family
12762,1,0,1,Potential_Novel_Family
12763,1,0,1,Potential_Novel_Family
12764,1,0,1,Potential_Novel_Family
12765,1,0,1,Potential_Novel_Family
12766,0,1,1,Known_Family_Only
12768,1,0,1,Potential_Novel_Family
12736,1,0,1,Potential_Novel_Family
12770,0,1,1,Known_Family_Only
12771,0,1,1,Known_Family_Only
12772,1,0,1,Potential_Novel_Family
12773,1,0,1,Potential_Novel_Family
12774,1,0,1,Potential_Novel_Family
12776,0,1,1,Known_Family_Only
12777,1,0,1,Potential_Novel_Family
12779,0,1,1,Known_Family_Only
12780,0,1,1,Known_Family_Only
12769,1,0,1,Potential_Novel_Family
12737,1,0,1,Potential_Novel_Family
12738,0,1,1,Known_Family_Only
12739,1,0,1,Potential_Novel_Family
12740,0,1,1,Known_Family_Only
12741,1,0,1,Potential_Novel_Family
12742,1,0,1,Potential_Novel_Family
12743,1,0,1,Potential_Novel_Family
12745,1,0,1,Potential_Novel_Family
12746,1,0,1,Potential_Novel_Family
12758,0,1,1,Known_Family_Only
12748,0,1,1,Known_Family_Only
12749,1,0,1,Potential_Novel_Family
12750,1,0,1,Potential_Novel_Family
12751,0,1,1,Known_Family_Only
12752,1,0,1,Potential_Novel_Family
12753,0,1,1,Known_Family_Only
12754,1,0,1,Potential_Novel_Family
12756,1,0,1,Potential_Novel_Family
12757,1,0,1,Potential_Novel_Family
12747,1,0,1,Potential_Novel_Family
12222,0,1,1,Known_Family_Only
12223,1,0,1,Potential_Novel_Family
12224,1,0,1,Potential_Novel_Family
12226,0,1,1,Known_Family_Only
12227,1,0,1,Potential_Novel_Family
12228,1,0,1,Potential_Novel_Family
12229,1,0,1,Potential_Novel_Family
12230,1,0,1,Potential_Novel_Family
12503,0,1,1,Known_Family_Only
12233,0,1,1,Known_Family_Only
12234,0,1,1,Known_Family_Only
12235,1,0,1,Potential_Novel_Family
12236,0,1,1,Known_Family_Only
12237,0,1,1,Known_Family_Only
12238,0,1,1,Known_Family_Only
12239,1,0,1,Potential_Novel_Family
12241,1,0,1,Potential_Novel_Family
12243,0,1,1,Known_Family_Only
12232,0,1,1,Known_Family_Only
12195,1,0,1,Potential_Novel_Family
12197,1,0,1,Potential_Novel_Family
12198,1,0,1,Potential_Novel_Family
12199,0,1,1,Known_Family_Only
12200,1,0,1,Potential_Novel_Family
12201,1,0,1,Potential_Novel_Family
12202,0,1,1,Known_Family_Only
12203,1,0,1,Potential_Novel_Family
12206,0,1,1,Known_Family_Only
12220,1,0,1,Potential_Novel_Family
12208,0,1,1,Known_Family_Only
12210,1,0,1,Potential_Novel_Family
12211,1,0,1,Potential_Novel_Family
12212,1,0,1,Potential_Novel_Family
12213,0,1,1,Known_Family_Only
12214,0,1,1,Known_Family_Only
12215,1,0,1,Potential_Novel_Family
12217,0,1,1,Known_Family_Only
12219,0,1,1,Known_Family_Only
12207,0,1,1,Known_Family_Only
12272,1,0,1,Potential_Novel_Family
12273,1,0,1,Potential_Novel_Family
12274,0,1,1,Known_Family_Only
12275,0,1,1,Known_Family_Only
12276,1,0,1,Potential_Novel_Family
12278,1,0,1,Potential_Novel_Family
12280,1,0,1,Potential_Novel_Family
12282,1,0,1,Potential_Novel_Family
12283,0,1,1,Known_Family_Only
12244,0,1,1,Known_Family_Only
12288,0,1,1,Known_Family_Only
12289,1,0,1,Potential_Novel_Family
12290,1,0,1,Potential_Novel_Family
12292,0,1,1,Known_Family_Only
12293,1,0,1,Potential_Novel_Family
12294,1,0,1,Potential_Novel_Family
12295,0,1,1,Known_Family_Only
12296,1,0,1,Potential_Novel_Family
12298,0,1,1,Known_Family_Only
12286,1,0,1,Potential_Novel_Family
12245,1,0,1,Potential_Novel_Family
12246,1,0,1,Potential_Novel_Family
12247,1,0,1,Potential_Novel_Family
12248,1,0,1,Potential_Novel_Family
12252,1,0,1,Potential_Novel_Family
12253,1,0,1,Potential_Novel_Family
12254,1,0,1,Potential_Novel_Family
12255,0,1,1,Known_Family_Only
12257,0,1,1,Known_Family_Only
12271,1,0,1,Potential_Novel_Family
12259,1,0,1,Potential_Novel_Family
12260,1,0,1,Potential_Novel_Family
12261,1,0,1,Potential_Novel_Family
12262,1,0,1,Potential_Novel_Family
12263,0,1,1,Known_Family_Only
12264,1,0,1,Potential_Novel_Family
12265,0,1,1,Known_Family_Only
12266,1,0,1,Potential_Novel_Family
12268,1,0,1,Potential_Novel_Family
12258,1,0,1,Potential_Novel_Family
12118,1,0,1,Potential_Novel_Family
12119,0,1,1,Known_Family_Only
12120,1,0,1,Potential_Novel_Family
12121,0,1,1,Known_Family_Only
12122,1,0,1,Potential_Novel_Family
12123,0,1,1,Known_Family_Only
12124,0,1,1,Known_Family_Only
12125,0,1,1,Known_Family_Only
12126,1,0,1,Potential_Novel_Family
12194,0,1,1,Known_Family_Only
12128,1,0,1,Potential_Novel_Family
12129,1,0,1,Potential_Novel_Family
12130,0,1,1,Known_Family_Only
12131,0,1,1,Known_Family_Only
12132,1,0,1,Potential_Novel_Family
12133,1,0,1,Potential_Novel_Family
12134,1,0,1,Potential_Novel_Family
12135,1,0,1,Potential_Novel_Family
12136,0,1,1,Known_Family_Only
12127,1,0,1,Potential_Novel_Family
12089,1,0,1,Potential_Novel_Family
12091,1,0,1,Potential_Novel_Family
12092,0,1,1,Known_Family_Only
12093,1,0,1,Potential_Novel_Family
12094,1,0,1,Potential_Novel_Family
12095,1,0,1,Potential_Novel_Family
12096,1,0,1,Potential_Novel_Family
12097,0,1,1,Known_Family_Only
12098,1,0,1,Potential_Novel_Family
12117,1,0,1,Potential_Novel_Family
12104,1,0,1,Potential_Novel_Family
12105,0,1,1,Known_Family_Only
12106,0,1,1,Known_Family_Only
12107,1,0,1,Potential_Novel_Family
12109,1,0,1,Potential_Novel_Family
12113,1,0,1,Potential_Novel_Family
12114,1,0,1,Potential_Novel_Family
12115,0,1,1,Known_Family_Only
12116,0,1,1,Known_Family_Only
12103,0,1,1,Known_Family_Only
12167,1,0,1,Potential_Novel_Family
12168,1,0,1,Potential_Novel_Family
12170,1,0,1,Potential_Novel_Family
12172,1,0,1,Potential_Novel_Family
12173,1,0,1,Potential_Novel_Family
12175,1,0,1,Potential_Novel_Family
12176,1,0,1,Potential_Novel_Family
12177,1,0,1,Potential_Novel_Family
12178,1,0,1,Potential_Novel_Family
12137,0,1,1,Known_Family_Only
12181,0,1,1,Known_Family_Only
12183,1,0,1,Potential_Novel_Family
12184,1,0,1,Potential_Novel_Family
12186,0,1,1,Known_Family_Only
12187,1,0,1,Potential_Novel_Family
12188,0,1,1,Known_Family_Only
12190,1,0,1,Potential_Novel_Family
12191,1,0,1,Potential_Novel_Family
12193,1,0,1,Potential_Novel_Family
12180,1,0,1,Potential_Novel_Family
12139,1,0,1,Potential_Novel_Family
12141,1,0,1,Potential_Novel_Family
12142,0,1,1,Known_Family_Only
12145,1,0,1,Potential_Novel_Family
12146,1,0,1,Potential_Novel_Family
12148,0,1,1,Known_Family_Only
12149,1,0,1,Potential_Novel_Family
12150,0,1,1,Known_Family_Only
12151,1,0,1,Potential_Novel_Family
12166,0,1,1,Known_Family_Only
12155,1,0,1,Potential_Novel_Family
12156,1,0,1,Potential_Novel_Family
12157,0,1,1,Known_Family_Only
12158,0,1,1,Known_Family_Only
12159,1,0,1,Potential_Novel_Family
12160,0,1,1,Known_Family_Only
12161,0,1,1,Known_Family_Only
12162,0,1,1,Known_Family_Only
12163,1,0,1,Potential_Novel_Family
12154,1,0,1,Potential_Novel_Family
12432,1,0,1,Potential_Novel_Family
12433,1,0,1,Potential_Novel_Family
12434,1,0,1,Potential_Novel_Family
12435,1,0,1,Potential_Novel_Family
12436,1,0,1,Potential_Novel_Family
12437,1,0,1,Potential_Novel_Family
12438,1,0,1,Potential_Novel_Family
12439,0,1,1,Known_Family_Only
12440,0,1,1,Known_Family_Only
12299,0,1,1,Known_Family_Only
12442,1,0,1,Potential_Novel_Family
12443,1,0,1,Potential_Novel_Family
12444,1,0,1,Potential_Novel_Family
12446,0,1,1,Known_Family_Only
12447,1,0,1,Potential_Novel_Family
12450,1,0,1,Potential_Novel_Family
12451,1,0,1,Potential_Novel_Family
12453,1,0,1,Potential_Novel_Family
12455,0,1,1,Known_Family_Only
12441,1,0,1,Potential_Novel_Family
12401,0,1,1,Known_Family_Only
12403,1,0,1,Potential_Novel_Family
12405,0,1,1,Known_Family_Only
12406,0,1,1,Known_Family_Only
12407,1,0,1,Potential_Novel_Family
12408,0,1,1,Known_Family_Only
12409,1,0,1,Potential_Novel_Family
12413,1,0,1,Potential_Novel_Family
12414,1,0,1,Potential_Novel_Family
12431,1,0,1,Potential_Novel_Family
12417,0,1,1,Known_Family_Only
12419,1,0,1,Potential_Novel_Family
12421,1,0,1,Potential_Novel_Family
12423,1,0,1,Potential_Novel_Family
12426,1,0,1,Potential_Novel_Family
12427,0,1,1,Known_Family_Only
12428,1,0,1,Potential_Novel_Family
12429,1,0,1,Potential_Novel_Family
12430,1,0,1,Potential_Novel_Family
12415,1,0,1,Potential_Novel_Family
12481,1,0,1,Potential_Novel_Family
12482,0,1,1,Known_Family_Only
12483,0,1,1,Known_Family_Only
12484,0,1,1,Known_Family_Only
12485,1,0,1,Potential_Novel_Family
12486,0,1,1,Known_Family_Only
12488,0,1,1,Known_Family_Only
12489,1,0,1,Potential_Novel_Family
12490,0,1,1,Known_Family_Only
12456,0,1,1,Known_Family_Only
12492,1,0,1,Potential_Novel_Family
12493,0,1,1,Known_Family_Only
12496,1,0,1,Potential_Novel_Family
12497,1,0,1,Potential_Novel_Family
12498,1,0,1,Potential_Novel_Family
12499,1,0,1,Potential_Novel_Family
12500,0,1,1,Known_Family_Only
12501,0,1,1,Known_Family_Only
12502,0,1,1,Known_Family_Only
12491,1,0,1,Potential_Novel_Family
12457,1,0,1,Potential_Novel_Family
12458,0,1,1,Known_Family_Only
12459,1,0,1,Potential_Novel_Family
12460,1,0,1,Potential_Novel_Family
12461,0,1,1,Known_Family_Only
12462,1,0,1,Potential_Novel_Family
12463,1,0,1,Potential_Novel_Family
12464,1,0,1,Potential_Novel_Family
12465,1,0,1,Potential_Novel_Family
12480,0,1,1,Known_Family_Only
12468,0,1,1,Known_Family_Only
12469,1,0,1,Potential_Novel_Family
12470,1,0,1,Potential_Novel_Family
12471,0,1,1,Known_Family_Only
12472,1,0,1,Potential_Novel_Family
12474,1,0,1,Potential_Novel_Family
12475,1,0,1,Potential_Novel_Family
12476,1,0,1,Potential_Novel_Family
12478,1,0,1,Potential_Novel_Family
12467,1,0,1,Potential_Novel_Family
12328,1,0,1,Potential_Novel_Family
12331,0,1,1,Known_Family_Only
12332,1,0,1,Potential_Novel_Family
12333,1,0,1,Potential_Novel_Family
12334,1,0,1,Potential_Novel_Family
12335,0,1,1,Known_Family_Only
12336,1,0,1,Potential_Novel_Family
12337,0,1,1,Known_Family_Only
12338,1,0,1,Potential_Novel_Family
12400,1,0,1,Potential_Novel_Family
12340,1,0,1,Potential_Novel_Family
12341,1,0,1,Potential_Novel_Family
12342,1,0,1,Potential_Novel_Family
12343,1,0,1,Potential_Novel_Family
12344,1,0,1,Potential_Novel_Family
12346,0,1,1,Known_Family_Only
12347,1,0,1,Potential_Novel_Family
12348,1,0,1,Potential_Novel_Family
12349,1,0,1,Potential_Novel_Family
12339,1,0,1,Potential_Novel_Family
12302,1,0,1,Potential_Novel_Family
12305,0,1,1,Known_Family_Only
12306,1,0,1,Potential_Novel_Family
12307,1,0,1,Potential_Novel_Family
12308,0,1,1,Known_Family_Only
12309,1,0,1,Potential_Novel_Family
12310,1,0,1,Potential_Novel_Family
12311,1,0,1,Potential_Novel_Family
12313,1,0,1,Potential_Novel_Family
12327,1,0,1,Potential_Novel_Family
12316,1,0,1,Potential_Novel_Family
12317,0,1,1,Known_Family_Only
12319,1,0,1,Potential_Novel_Family
12320,0,1,1,Known_Family_Only
12321,1,0,1,Potential_Novel_Family
12322,1,0,1,Potential_Novel_Family
12323,1,0,1,Potential_Novel_Family
12324,1,0,1,Potential_Novel_Family
12325,1,0,1,Potential_Novel_Family
12314,0,1,1,Known_Family_Only
12376,1,0,1,Potential_Novel_Family
12377,1,0,1,Potential_Novel_Family
12378,1,0,1,Potential_Novel_Family
12379,0,1,1,Known_Family_Only
12380,0,1,1,Known_Family_Only
12381,0,1,1,Known_Family_Only
12382,0,1,1,Known_Family_Only
12383,1,0,1,Potential_Novel_Family
12384,1,0,1,Potential_Novel_Family
12351,1,0,1,Potential_Novel_Family
12387,0,1,1,Known_Family_Only
12389,1,0,1,Potential_Novel_Family
12390,1,0,1,Potential_Novel_Family
12392,1,0,1,Potential_Novel_Family
12393,0,1,1,Known_Family_Only
12394,1,0,1,Potential_Novel_Family
12395,1,0,1,Potential_Novel_Family
12397,1,0,1,Potential_Novel_Family
12398,1,0,1,Potential_Novel_Family
12385,1,0,1,Potential_Novel_Family
12352,1,0,1,Potential_Novel_Family
12354,0,1,1,Known_Family_Only
12355,0,1,1,Known_Family_Only
12356,0,1,1,Known_Family_Only
12357,1,0,1,Potential_Novel_Family
12359,0,1,1,Known_Family_Only
12360,1,0,1,Potential_Novel_Family
12361,1,0,1,Potential_Novel_Family
12362,1,0,1,Potential_Novel_Family
12375,0,1,1,Known_Family_Only
12365,1,0,1,Potential_Novel_Family
12366,0,1,1,Known_Family_Only
12367,1,0,1,Potential_Novel_Family
12368,0,1,1,Known_Family_Only
12369,1,0,1,Potential_Novel_Family
12370,1,0,1,Potential_Novel_Family
12371,1,0,1,Potential_Novel_Family
12372,0,1,1,Known_Family_Only
12373,1,0,1,Potential_Novel_Family
12363,1,0,1,Potential_Novel_Family
10191,1,0,1,Potential_Novel_Family
10192,0,1,1,Known_Family_Only
10193,1,0,1,Potential_Novel_Family
10194,1,0,1,Potential_Novel_Family
10195,1,0,1,Potential_Novel_Family
10197,0,1,1,Known_Family_Only
10198,1,0,1,Potential_Novel_Family
10200,1,0,1,Potential_Novel_Family
11259,1,0,1,Potential_Novel_Family
10202,0,1,1,Known_Family_Only
10203,0,1,1,Known_Family_Only
10204,1,0,1,Potential_Novel_Family
10205,1,0,1,Potential_Novel_Family
10206,1,0,1,Potential_Novel_Family
10207,0,1,1,Known_Family_Only
10208,0,1,1,Known_Family_Only
10209,0,1,1,Known_Family_Only
10210,0,1,1,Known_Family_Only
10201,1,0,1,Potential_Novel_Family
10165,0,1,1,Known_Family_Only
10167,1,0,1,Potential_Novel_Family
10168,1,0,1,Potential_Novel_Family
10169,1,0,1,Potential_Novel_Family
10170,1,0,1,Potential_Novel_Family
10171,0,1,1,Known_Family_Only
10172,1,0,1,Potential_Novel_Family
10173,1,0,1,Potential_Novel_Family
10174,1,0,1,Potential_Novel_Family
10190,0,1,1,Known_Family_Only
10176,1,0,1,Potential_Novel_Family
10179,0,1,1,Known_Family_Only
10181,1,0,1,Potential_Novel_Family
10183,1,0,1,Potential_Novel_Family
10184,1,0,1,Potential_Novel_Family
10186,1,0,1,Potential_Novel_Family
10187,1,0,1,Potential_Novel_Family
10188,1,0,1,Potential_Novel_Family
10189,1,0,1,Potential_Novel_Family
10175,0,1,1,Known_Family_Only
10236,1,0,1,Potential_Novel_Family
10238,1,0,1,Potential_Novel_Family
10239,1,0,1,Potential_Novel_Family
10240,1,0,1,Potential_Novel_Family
10241,1,0,1,Potential_Novel_Family
10242,0,1,1,Known_Family_Only
10243,1,0,1,Potential_Novel_Family
10245,1,0,1,Potential_Novel_Family
10247,1,0,1,Potential_Novel_Family
10212,1,0,1,Potential_Novel_Family
10250,0,1,1,Known_Family_Only
10251,0,1,1,Known_Family_Only
10253,1,0,1,Potential_Novel_Family
10254,1,0,1,Potential_Novel_Family
10256,1,0,1,Potential_Novel_Family
10258,0,1,1,Known_Family_Only
10260,0,1,1,Known_Family_Only
10261,0,1,1,Known_Family_Only
10263,1,0,1,Potential_Novel_Family
10249,0,1,1,Known_Family_Only
10213,0,1,1,Known_Family_Only
10214,0,1,1,Known_Family_Only
10215,1,0,1,Potential_Novel_Family
10217,1,0,1,Potential_Novel_Family
10218,1,0,1,Potential_Novel_Family
10219,1,0,1,Potential_Novel_Family
10220,1,0,1,Potential_Novel_Family
10221,1,0,1,Potential_Novel_Family
10222,1,0,1,Potential_Novel_Family
10235,1,0,1,Potential_Novel_Family
10224,0,1,1,Known_Family_Only
10225,1,0,1,Potential_Novel_Family
10226,0,1,1,Known_Family_Only
10227,0,1,1,Known_Family_Only
10228,1,0,1,Potential_Novel_Family
10229,1,0,1,Potential_Novel_Family
10231,1,0,1,Potential_Novel_Family
10232,1,0,1,Potential_Novel_Family
10233,1,0,1,Potential_Novel_Family
10223,1,0,1,Potential_Novel_Family
10086,1,0,1,Potential_Novel_Family
10088,1,0,1,Potential_Novel_Family
10090,1,0,1,Potential_Novel_Family
10091,1,0,1,Potential_Novel_Family
10093,0,1,1,Known_Family_Only
10095,0,1,1,Known_Family_Only
10097,0,1,1,Known_Family_Only
10098,0,1,1,Known_Family_Only
10099,1,0,1,Potential_Novel_Family
10164,1,0,1,Potential_Novel_Family
10101,0,1,1,Known_Family_Only
10102,1,0,1,Potential_Novel_Family
10103,1,0,1,Potential_Novel_Family
10104,0,1,1,Known_Family_Only
10106,0,1,1,Known_Family_Only
10107,0,1,1,Known_Family_Only
10108,1,0,1,Potential_Novel_Family
10110,0,1,1,Known_Family_Only
10111,1,0,1,Potential_Novel_Family
10100,1,0,1,Potential_Novel_Family
10061,0,1,1,Known_Family_Only
10062,1,0,1,Potential_Novel_Family
10063,1,0,1,Potential_Novel_Family
10064,1,0,1,Potential_Novel_Family
10065,1,0,1,Potential_Novel_Family
10066,0,1,1,Known_Family_Only
10069,1,0,1,Potential_Novel_Family
10070,0,1,1,Known_Family_Only
10071,1,0,1,Potential_Novel_Family
10085,0,1,1,Known_Family_Only
10073,1,0,1,Potential_Novel_Family
10074,1,0,1,Potential_Novel_Family
10075,0,1,1,Known_Family_Only
10076,1,0,1,Potential_Novel_Family
10079,0,1,1,Known_Family_Only
10080,1,0,1,Potential_Novel_Family
10081,0,1,1,Known_Family_Only
10082,1,0,1,Potential_Novel_Family
10084,1,0,1,Potential_Novel_Family
10072,1,0,1,Potential_Novel_Family
10138,1,0,1,Potential_Novel_Family
10141,1,0,1,Potential_Novel_Family
10142,1,0,1,Potential_Novel_Family
10143,1,0,1,Potential_Novel_Family
10146,0,1,1,Known_Family_Only
10147,1,0,1,Potential_Novel_Family
10148,1,0,1,Potential_Novel_Family
10149,1,0,1,Potential_Novel_Family
10150,1,0,1,Potential_Novel_Family
10112,1,0,1,Potential_Novel_Family
10153,1,0,1,Potential_Novel_Family
10154,0,1,1,Known_Family_Only
10155,0,1,1,Known_Family_Only
10156,1,0,1,Potential_Novel_Family
10157,1,0,1,Potential_Novel_Family
10158,1,0,1,Potential_Novel_Family
10160,0,1,1,Known_Family_Only
10161,0,1,1,Known_Family_Only
10162,1,0,1,Potential_Novel_Family
10151,1,0,1,Potential_Novel_Family
10115,0,1,1,Known_Family_Only
10116,1,0,1,Potential_Novel_Family
10117,1,0,1,Potential_Novel_Family
10118,0,1,1,Known_Family_Only
10119,1,0,1,Potential_Novel_Family
10120,1,0,1,Potential_Novel_Family
10121,1,0,1,Potential_Novel_Family
10122,1,0,1,Potential_Novel_Family
10123,1,0,1,Potential_Novel_Family
10137,1,0,1,Potential_Novel_Family
10126,1,0,1,Potential_Novel_Family
10127,1,0,1,Potential_Novel_Family
10129,1,0,1,Potential_Novel_Family
10130,1,0,1,Potential_Novel_Family
10131,1,0,1,Potential_Novel_Family
10132,0,1,1,Known_Family_Only
10134,1,0,1,Potential_Novel_Family
10135,1,0,1,Potential_Novel_Family
10136,1,0,1,Potential_Novel_Family
10124,0,1,1,Known_Family_Only
10379,0,1,1,Known_Family_Only
10380,0,1,1,Known_Family_Only
10381,0,1,1,Known_Family_Only
10383,0,1,1,Known_Family_Only
10384,1,0,1,Potential_Novel_Family
10386,0,1,1,Known_Family_Only
10387,0,1,1,Known_Family_Only
10388,1,0,1,Potential_Novel_Family
10264,1,0,1,Potential_Novel_Family
10391,0,1,1,Known_Family_Only
10392,0,1,1,Known_Family_Only
10393,0,1,1,Known_Family_Only
10394,1,0,1,Potential_Novel_Family
10395,0,1,1,Known_Family_Only
10396,1,0,1,Potential_Novel_Family
10397,1,0,1,Potential_Novel_Family
10398,1,0,1,Potential_Novel_Family
10399,1,0,1,Potential_Novel_Family
10390,1,0,1,Potential_Novel_Family
10358,0,1,1,Known_Family_Only
10360,1,0,1,Potential_Novel_Family
10361,0,1,1,Known_Family_Only
10362,1,0,1,Potential_Novel_Family
10363,0,1,1,Known_Family_Only
10364,0,1,1,Known_Family_Only
10365,1,0,1,Potential_Novel_Family
10366,1,0,1,Potential_Novel_Family
10367,1,0,1,Potential_Novel_Family
10378,0,1,1,Known_Family_Only
10369,1,0,1,Potential_Novel_Family
10370,1,0,1,Potential_Novel_Family
10371,0,1,1,Known_Family_Only
10372,1,0,1,Potential_Novel_Family
10373,1,0,1,Potential_Novel_Family
10374,1,0,1,Potential_Novel_Family
10375,0,1,1,Known_Family_Only
10376,0,1,1,Known_Family_Only
10377,0,1,1,Known_Family_Only
10368,1,0,1,Potential_Novel_Family
10428,1,0,1,Potential_Novel_Family
10429,0,1,1,Known_Family_Only
10430,1,0,1,Potential_Novel_Family
10431,1,0,1,Potential_Novel_Family
10432,1,0,1,Potential_Novel_Family
10433,1,0,1,Potential_Novel_Family
10434,1,0,1,Potential_Novel_Family
10435,1,0,1,Potential_Novel_Family
10436,1,0,1,Potential_Novel_Family
10400,1,0,1,Potential_Novel_Family
10439,1,0,1,Potential_Novel_Family
10441,1,0,1,Potential_Novel_Family
10442,1,0,1,Potential_Novel_Family
10443,1,0,1,Potential_Novel_Family
10444,1,0,1,Potential_Novel_Family
10446,0,1,1,Known_Family_Only
10448,1,0,1,Potential_Novel_Family
10449,0,1,1,Known_Family_Only
10450,1,0,1,Potential_Novel_Family
10437,0,1,1,Known_Family_Only
10401,1,0,1,Potential_Novel_Family
10403,1,0,1,Potential_Novel_Family
10404,1,0,1,Potential_Novel_Family
10405,1,0,1,Potential_Novel_Family
10407,0,1,1,Known_Family_Only
10408,0,1,1,Known_Family_Only
10410,0,1,1,Known_Family_Only
10411,1,0,1,Potential_Novel_Family
10412,1,0,1,Potential_Novel_Family
10427,0,1,1,Known_Family_Only
10416,1,0,1,Potential_Novel_Family
10417,0,1,1,Known_Family_Only
10418,1,0,1,Potential_Novel_Family
10419,1,0,1,Potential_Novel_Family
10420,1,0,1,Potential_Novel_Family
10422,1,0,1,Potential_Novel_Family
10423,0,1,1,Known_Family_Only
10425,1,0,1,Potential_Novel_Family
10426,0,1,1,Known_Family_Only
10413,1,0,1,Potential_Novel_Family
10287,1,0,1,Potential_Novel_Family
10288,0,1,1,Known_Family_Only
10289,0,1,1,Known_Family_Only
10290,0,1,1,Known_Family_Only
10292,0,1,1,Known_Family_Only
10293,1,0,1,Potential_Novel_Family
10294,0,1,1,Known_Family_Only
10295,0,1,1,Known_Family_Only
10296,1,0,1,Potential_Novel_Family
10357,1,0,1,Potential_Novel_Family
10298,0,1,1,Known_Family_Only
10299,1,0,1,Potential_Novel_Family
10300,1,0,1,Potential_Novel_Family
10301,0,1,1,Known_Family_Only
10302,0,1,1,Known_Family_Only
10305,0,1,1,Known_Family_Only
10306,0,1,1,Known_Family_Only
10309,1,0,1,Potential_Novel_Family
10310,1,0,1,Potential_Novel_Family
10297,1,0,1,Potential_Novel_Family
10265,0,1,1,Known_Family_Only
10266,1,0,1,Potential_Novel_Family
10267,1,0,1,Potential_Novel_Family
10268,1,0,1,Potential_Novel_Family
10269,1,0,1,Potential_Novel_Family
10270,0,1,1,Known_Family_Only
10273,0,1,1,Known_Family_Only
10274,0,1,1,Known_Family_Only
10275,0,1,1,Known_Family_Only
10286,1,0,1,Potential_Novel_Family
10277,1,0,1,Potential_Novel_Family
10278,1,0,1,Potential_Novel_Family
10279,1,0,1,Potential_Novel_Family
10280,0,1,1,Known_Family_Only
10281,0,1,1,Known_Family_Only
10282,1,0,1,Potential_Novel_Family
10283,0,1,1,Known_Family_Only
10284,0,1,1,Known_Family_Only
10285,0,1,1,Known_Family_Only
10276,1,0,1,Potential_Novel_Family
10336,0,1,1,Known_Family_Only
10337,0,1,1,Known_Family_Only
10338,0,1,1,Known_Family_Only
10339,0,1,1,Known_Family_Only
10340,1,0,1,Potential_Novel_Family
10341,1,0,1,Potential_Novel_Family
10342,1,0,1,Potential_Novel_Family
10343,1,0,1,Potential_Novel_Family
10344,1,0,1,Potential_Novel_Family
10311,0,1,1,Known_Family_Only
10346,1,0,1,Potential_Novel_Family
10347,1,0,1,Potential_Novel_Family
10348,1,0,1,Potential_Novel_Family
10349,0,1,1,Known_Family_Only
10350,1,0,1,Potential_Novel_Family
10351,0,1,1,Known_Family_Only
10352,0,1,1,Known_Family_Only
10355,1,0,1,Potential_Novel_Family
10356,1,0,1,Potential_Novel_Family
10345,1,0,1,Potential_Novel_Family
10312,1,0,1,Potential_Novel_Family
10313,1,0,1,Potential_Novel_Family
10314,1,0,1,Potential_Novel_Family
10315,1,0,1,Potential_Novel_Family
10316,0,1,1,Known_Family_Only
10317,1,0,1,Potential_Novel_Family
10319,0,1,1,Known_Family_Only
10320,1,0,1,Potential_Novel_Family
10321,1,0,1,Potential_Novel_Family
10334,1,0,1,Potential_Novel_Family
10324,0,1,1,Known_Family_Only
10325,1,0,1,Potential_Novel_Family
10326,1,0,1,Potential_Novel_Family
10327,0,1,1,Known_Family_Only
10328,1,0,1,Potential_Novel_Family
10330,0,1,1,Known_Family_Only
10331,1,0,1,Potential_Novel_Family
10332,0,1,1,Known_Family_Only
10333,1,0,1,Potential_Novel_Family
10323,1,0,1,Potential_Novel_Family
9785,0,1,1,Known_Family_Only
9786,0,1,1,Known_Family_Only
9788,0,1,1,Known_Family_Only
9789,1,0,1,Potential_Novel_Family
9790,1,0,1,Potential_Novel_Family
9792,1,0,1,Potential_Novel_Family
9793,1,0,1,Potential_Novel_Family
9794,1,0,1,Potential_Novel_Family
10060,1,0,1,Potential_Novel_Family
9796,1,0,1,Potential_Novel_Family
9797,1,0,1,Potential_Novel_Family
9798,0,1,1,Known_Family_Only
9799,0,1,1,Known_Family_Only
9800,1,0,1,Potential_Novel_Family
9801,1,0,1,Potential_Novel_Family
9802,0,1,1,Known_Family_Only
9804,1,0,1,Potential_Novel_Family
9805,1,0,1,Potential_Novel_Family
9795,1,0,1,Potential_Novel_Family
9764,0,1,1,Known_Family_Only
9766,0,1,1,Known_Family_Only
9767,0,1,1,Known_Family_Only
9768,1,0,1,Potential_Novel_Family
9769,1,0,1,Potential_Novel_Family
9770,0,1,1,Known_Family_Only
9771,0,1,1,Known_Family_Only
9772,1,0,1,Potential_Novel_Family
9773,0,1,1,Known_Family_Only
9784,1,0,1,Potential_Novel_Family
9775,1,0,1,Potential_Novel_Family
9776,1,0,1,Potential_Novel_Family
9777,1,0,1,Potential_Novel_Family
9778,0,1,1,Known_Family_Only
9779,1,0,1,Potential_Novel_Family
9780,1,0,1,Potential_Novel_Family
9781,1,0,1,Potential_Novel_Family
9782,0,1,1,Known_Family_Only
9783,1,0,1,Potential_Novel_Family
9774,1,0,1,Potential_Novel_Family
9834,1,0,1,Potential_Novel_Family
9836,1,0,1,Potential_Novel_Family
9837,0,1,1,Known_Family_Only
9838,0,1,1,Known_Family_Only
9839,1,0,1,Potential_Novel_Family
9840,1,0,1,Potential_Novel_Family
9841,1,0,1,Potential_Novel_Family
9843,1,0,1,Potential_Novel_Family
9845,1,0,1,Potential_Novel_Family
9806,1,0,1,Potential_Novel_Family
9847,1,0,1,Potential_Novel_Family
9848,1,0,1,Potential_Novel_Family
9850,1,0,1,Potential_Novel_Family
9852,1,0,1,Potential_Novel_Family
9853,0,1,1,Known_Family_Only
9854,1,0,1,Potential_Novel_Family
9855,1,0,1,Potential_Novel_Family
9856,1,0,1,Potential_Novel_Family
9857,1,0,1,Potential_Novel_Family
9846,1,0,1,Potential_Novel_Family
9807,1,0,1,Potential_Novel_Family
9808,0,1,1,Known_Family_Only
9811,1,0,1,Potential_Novel_Family
9812,0,1,1,Known_Family_Only
9813,0,1,1,Known_Family_Only
9814,0,1,1,Known_Family_Only
9816,1,0,1,Potential_Novel_Family
9817,1,0,1,Potential_Novel_Family
9818,1,0,1,Potential_Novel_Family
9832,1,0,1,Potential_Novel_Family
9821,0,1,1,Known_Family_Only
9822,0,1,1,Known_Family_Only
9823,0,1,1,Known_Family_Only
9824,1,0,1,Potential_Novel_Family
9826,1,0,1,Potential_Novel_Family
9827,1,0,1,Potential_Novel_Family
9828,0,1,1,Known_Family_Only
9829,0,1,1,Known_Family_Only
9831,0,1,1,Known_Family_Only
9819,0,1,1,Known_Family_Only
9697,0,1,1,Known_Family_Only
9698,1,0,1,Potential_Novel_Family
9700,1,0,1,Potential_Novel_Family
9701,0,1,1,Known_Family_Only
9702,1,0,1,Potential_Novel_Family
9703,1,0,1,Potential_Novel_Family
9705,1,0,1,Potential_Novel_Family
9706,1,0,1,Potential_Novel_Family
9707,0,1,1,Known_Family_Only
9763,0,1,1,Known_Family_Only
9710,1,0,1,Potential_Novel_Family
9711,1,0,1,Potential_Novel_Family
9712,0,1,1,Known_Family_Only
9713,0,1,1,Known_Family_Only
9714,0,1,1,Known_Family_Only
9715,0,1,1,Known_Family_Only
9716,1,0,1,Potential_Novel_Family
9717,0,1,1,Known_Family_Only
9718,1,0,1,Potential_Novel_Family
9708,0,1,1,Known_Family_Only
9675,1,0,1,Potential_Novel_Family
9676,1,0,1,Potential_Novel_Family
9677,0,1,1,Known_Family_Only
9678,0,1,1,Known_Family_Only
9680,1,0,1,Potential_Novel_Family
9681,1,0,1,Potential_Novel_Family
9682,0,1,1,Known_Family_Only
9683,1,0,1,Potential_Novel_Family
9684,0,1,1,Known_Family_Only
9696,1,0,1,Potential_Novel_Family
9686,0,1,1,Known_Family_Only
9687,1,0,1,Potential_Novel_Family
9688,0,1,1,Known_Family_Only
9690,1,0,1,Potential_Novel_Family
9691,1,0,1,Potential_Novel_Family
9692,1,0,1,Potential_Novel_Family
9693,0,1,1,Known_Family_Only
9694,0,1,1,Known_Family_Only
9695,0,1,1,Known_Family_Only
9685,0,1,1,Known_Family_Only
9743,0,1,1,Known_Family_Only
9744,1,0,1,Potential_Novel_Family
9745,0,1,1,Known_Family_Only
9746,1,0,1,Potential_Novel_Family
9747,1,0,1,Potential_Novel_Family
9748,1,0,1,Potential_Novel_Family
9749,1,0,1,Potential_Novel_Family
9750,1,0,1,Potential_Novel_Family
9751,1,0,1,Potential_Novel_Family
9719,0,1,1,Known_Family_Only
9753,1,0,1,Potential_Novel_Family
9754,1,0,1,Potential_Novel_Family
9755,1,0,1,Potential_Novel_Family
9756,0,1,1,Known_Family_Only
9757,1,0,1,Potential_Novel_Family
9759,0,1,1,Known_Family_Only
9760,1,0,1,Potential_Novel_Family
9761,0,1,1,Known_Family_Only
9762,1,0,1,Potential_Novel_Family
9752,0,1,1,Known_Family_Only
9720,0,1,1,Known_Family_Only
9721,0,1,1,Known_Family_Only
9722,0,1,1,Known_Family_Only
9723,0,1,1,Known_Family_Only
9724,1,0,1,Potential_Novel_Family
9725,1,0,1,Potential_Novel_Family
9726,1,0,1,Potential_Novel_Family
9727,0,1,1,Known_Family_Only
9728,0,1,1,Known_Family_Only
9742,1,0,1,Potential_Novel_Family
9733,1,0,1,Potential_Novel_Family
9734,0,1,1,Known_Family_Only
9735,0,1,1,Known_Family_Only
9736,1,0,1,Potential_Novel_Family
9737,1,0,1,Potential_Novel_Family
9738,1,0,1,Potential_Novel_Family
9739,1,0,1,Potential_Novel_Family
9740,1,0,1,Potential_Novel_Family
9741,0,1,1,Known_Family_Only
9729,1,0,1,Potential_Novel_Family
9978,1,0,1,Potential_Novel_Family
9979,0,1,1,Known_Family_Only
9980,1,0,1,Potential_Novel_Family
9982,1,0,1,Potential_Novel_Family
9983,1,0,1,Potential_Novel_Family
9984,1,0,1,Potential_Novel_Family
9985,0,1,1,Known_Family_Only
9986,1,0,1,Potential_Novel_Family
9987,1,0,1,Potential_Novel_Family
9858,1,0,1,Potential_Novel_Family
9992,0,1,1,Known_Family_Only
9993,0,1,1,Known_Family_Only
9994,0,1,1,Known_Family_Only
9995,1,0,1,Potential_Novel_Family
9996,0,1,1,Known_Family_Only
9997,1,0,1,Potential_Novel_Family
9998,0,1,1,Known_Family_Only
9999,1,0,1,Potential_Novel_Family
10000,0,1,1,Known_Family_Only
9990,1,0,1,Potential_Novel_Family
9958,0,1,1,Known_Family_Only
9959,0,1,1,Known_Family_Only
9960,0,1,1,Known_Family_Only
9961,1,0,1,Potential_Novel_Family
9962,1,0,1,Potential_Novel_Family
9963,0,1,1,Known_Family_Only
9964,0,1,1,Known_Family_Only
9965,0,1,1,Known_Family_Only
9966,1,0,1,Potential_Novel_Family
9977,1,0,1,Potential_Novel_Family
9968,1,0,1,Potential_Novel_Family
9969,1,0,1,Potential_Novel_Family
9970,1,0,1,Potential_Novel_Family
9971,1,0,1,Potential_Novel_Family
9972,1,0,1,Potential_Novel_Family
9973,0,1,1,Known_Family_Only
9974,1,0,1,Potential_Novel_Family
9975,1,0,1,Potential_Novel_Family
9976,0,1,1,Known_Family_Only
9967,1,0,1,Potential_Novel_Family
10033,1,0,1,Potential_Novel_Family
10034,1,0,1,Potential_Novel_Family
10035,0,1,1,Known_Family_Only
10036,1,0,1,Potential_Novel_Family
10037,1,0,1,Potential_Novel_Family
10038,1,0,1,Potential_Novel_Family
10039,1,0,1,Potential_Novel_Family
10040,0,1,1,Known_Family_Only
10042,1,0,1,Potential_Novel_Family
10001,1,0,1,Potential_Novel_Family
10044,1,0,1,Potential_Novel_Family
10045,1,0,1,Potential_Novel_Family
10046,1,0,1,Potential_Novel_Family
10050,0,1,1,Known_Family_Only
10052,0,1,1,Known_Family_Only
10053,1,0,1,Potential_Novel_Family
10054,0,1,1,Known_Family_Only
10058,1,0,1,Potential_Novel_Family
10059,0,1,1,Known_Family_Only
10043,0,1,1,Known_Family_Only
10003,1,0,1,Potential_Novel_Family
10004,0,1,1,Known_Family_Only
10006,1,0,1,Potential_Novel_Family
10007,0,1,1,Known_Family_Only
10008,1,0,1,Potential_Novel_Family
10010,1,0,1,Potential_Novel_Family
10011,1,0,1,Potential_Novel_Family
10012,1,0,1,Potential_Novel_Family
10014,0,1,1,Known_Family_Only
10031,1,0,1,Potential_Novel_Family
10016,1,0,1,Potential_Novel_Family
10017,0,1,1,Known_Family_Only
10018,1,0,1,Potential_Novel_Family
10019,0,1,1,Known_Family_Only
10021,0,1,1,Known_Family_Only
10024,1,0,1,Potential_Novel_Family
10025,0,1,1,Known_Family_Only
10026,1,0,1,Potential_Novel_Family
10029,1,0,1,Potential_Novel_Family
10015,1,0,1,Potential_Novel_Family
9882,1,0,1,Potential_Novel_Family
9885,0,1,1,Known_Family_Only
9886,0,1,1,Known_Family_Only
9888,1,0,1,Potential_Novel_Family
9889,1,0,1,Potential_Novel_Family
9890,0,1,1,Known_Family_Only
9892,1,0,1,Potential_Novel_Family
9894,0,1,1,Known_Family_Only
9896,0,1,1,Known_Family_Only
9957,0,1,1,Known_Family_Only
9898,0,1,1,Known_Family_Only
9899,1,0,1,Potential_Novel_Family
9901,1,0,1,Potential_Novel_Family
9902,1,0,1,Potential_Novel_Family
9903,1,0,1,Potential_Novel_Family
9904,1,0,1,Potential_Novel_Family
9905,1,0,1,Potential_Novel_Family
9906,1,0,1,Potential_Novel_Family
9907,0,1,1,Known_Family_Only
9897,1,0,1,Potential_Novel_Family
9859,1,0,1,Potential_Novel_Family
9860,1,0,1,Potential_Novel_Family
9861,0,1,1,Known_Family_Only
9862,1,0,1,Potential_Novel_Family
9863,1,0,1,Potential_Novel_Family
9864,0,1,1,Known_Family_Only
9865,1,0,1,Potential_Novel_Family
9866,1,0,1,Potential_Novel_Family
9867,1,0,1,Potential_Novel_Family
9879,1,0,1,Potential_Novel_Family
9869,1,0,1,Potential_Novel_Family
9870,0,1,1,Known_Family_Only
9872,0,1,1,Known_Family_Only
9873,0,1,1,Known_Family_Only
9874,0,1,1,Known_Family_Only
9875,0,1,1,Known_Family_Only
9876,0,1,1,Known_Family_Only
9877,1,0,1,Potential_Novel_Family
9878,1,0,1,Potential_Novel_Family
9868,0,1,1,Known_Family_Only
9936,1,0,1,Potential_Novel_Family
9937,0,1,1,Known_Family_Only
9938,1,0,1,Potential_Novel_Family
9939,1,0,1,Potential_Novel_Family
9941,1,0,1,Potential_Novel_Family
9942,1,0,1,Potential_Novel_Family
9943,1,0,1,Potential_Novel_Family
9944,1,0,1,Potential_Novel_Family
9945,0,1,1,Known_Family_Only
9908,1,0,1,Potential_Novel_Family
9947,1,0,1,Potential_Novel_Family
9948,0,1,1,Known_Family_Only
9949,1,0,1,Potential_Novel_Family
9950,1,0,1,Potential_Novel_Family
9951,1,0,1,Potential_Novel_Family
9952,0,1,1,Known_Family_Only
9953,1,0,1,Potential_Novel_Family
9954,1,0,1,Potential_Novel_Family
9955,0,1,1,Known_Family_Only
9946,0,1,1,Known_Family_Only
9909,1,0,1,Potential_Novel_Family
9910,1,0,1,Potential_Novel_Family
9912,0,1,1,Known_Family_Only
9913,0,1,1,Known_Family_Only
9914,0,1,1,Known_Family_Only
9916,0,1,1,Known_Family_Only
9920,0,1,1,Known_Family_Only
9921,1,0,1,Potential_Novel_Family
9922,0,1,1,Known_Family_Only
9935,1,0,1,Potential_Novel_Family
9924,0,1,1,Known_Family_Only
9925,0,1,1,Known_Family_Only
9926,1,0,1,Potential_Novel_Family
9927,1,0,1,Potential_Novel_Family
9928,1,0,1,Potential_Novel_Family
9929,1,0,1,Potential_Novel_Family
9930,0,1,1,Known_Family_Only
9932,1,0,1,Potential_Novel_Family
9934,0,1,1,Known_Family_Only
9923,1,0,1,Potential_Novel_Family
10973,0,1,1,Known_Family_Only
10974,1,0,1,Potential_Novel_Family
10975,0,1,1,Known_Family_Only
10976,1,0,1,Potential_Novel_Family
10978,1,0,1,Potential_Novel_Family
10979,1,0,1,Potential_Novel_Family
10980,1,0,1,Potential_Novel_Family
10981,1,0,1,Potential_Novel_Family
10451,1,0,1,Potential_Novel_Family
10984,1,0,1,Potential_Novel_Family
10985,0,1,1,Known_Family_Only
10986,0,1,1,Known_Family_Only
10988,1,0,1,Potential_Novel_Family
10992,1,0,1,Potential_Novel_Family
10994,1,0,1,Potential_Novel_Family
10995,0,1,1,Known_Family_Only
10997,0,1,1,Known_Family_Only
11000,1,0,1,Potential_Novel_Family
10982,0,1,1,Known_Family_Only
10951,1,0,1,Potential_Novel_Family
10952,0,1,1,Known_Family_Only
10953,1,0,1,Potential_Novel_Family
10954,0,1,1,Known_Family_Only
10955,1,0,1,Potential_Novel_Family
10956,1,0,1,Potential_Novel_Family
10958,1,0,1,Potential_Novel_Family
10959,1,0,1,Potential_Novel_Family
10960,1,0,1,Potential_Novel_Family
10972,1,0,1,Potential_Novel_Family
10962,0,1,1,Known_Family_Only
10963,1,0,1,Potential_Novel_Family
10964,1,0,1,Potential_Novel_Family
10965,1,0,1,Potential_Novel_Family
10966,1,0,1,Potential_Novel_Family
10967,0,1,1,Known_Family_Only
10969,1,0,1,Potential_Novel_Family
10970,1,0,1,Potential_Novel_Family
10971,1,0,1,Potential_Novel_Family
10961,0,1,1,Known_Family_Only
11028,0,1,1,Known_Family_Only
11029,0,1,1,Known_Family_Only
11030,1,0,1,Potential_Novel_Family
11031,0,1,1,Known_Family_Only
11032,1,0,1,Potential_Novel_Family
11033,1,0,1,Potential_Novel_Family
11034,0,1,1,Known_Family_Only
11035,1,0,1,Potential_Novel_Family
11036,0,1,1,Known_Family_Only
11001,0,1,1,Known_Family_Only
11039,1,0,1,Potential_Novel_Family
11040,1,0,1,Potential_Novel_Family
11043,0,1,1,Known_Family_Only
11044,1,0,1,Potential_Novel_Family
11045,1,0,1,Potential_Novel_Family
11046,1,0,1,Potential_Novel_Family
11047,1,0,1,Potential_Novel_Family
11048,1,0,1,Potential_Novel_Family
11050,1,0,1,Potential_Novel_Family
11038,0,1,1,Known_Family_Only
11002,0,1,1,Known_Family_Only
11005,0,1,1,Known_Family_Only
11006,0,1,1,Known_Family_Only
11008,1,0,1,Potential_Novel_Family
11009,1,0,1,Potential_Novel_Family
11010,1,0,1,Potential_Novel_Family
11011,0,1,1,Known_Family_Only
11014,1,0,1,Potential_Novel_Family
11015,1,0,1,Potential_Novel_Family
11027,0,1,1,Known_Family_Only
11017,0,1,1,Known_Family_Only
11018,1,0,1,Potential_Novel_Family
11019,1,0,1,Potential_Novel_Family
11021,0,1,1,Known_Family_Only
11022,1,0,1,Potential_Novel_Family
11023,1,0,1,Potential_Novel_Family
11024,1,0,1,Potential_Novel_Family
11025,1,0,1,Potential_Novel_Family
11026,1,0,1,Potential_Novel_Family
11016,0,1,1,Known_Family_Only
10874,1,0,1,Potential_Novel_Family
10876,0,1,1,Known_Family_Only
10877,1,0,1,Potential_Novel_Family
10878,1,0,1,Potential_Novel_Family
10879,1,0,1,Potential_Novel_Family
10880,0,1,1,Known_Family_Only
10881,0,1,1,Known_Family_Only
10882,0,1,1,Known_Family_Only
10884,1,0,1,Potential_Novel_Family
10950,1,0,1,Potential_Novel_Family
10887,0,1,1,Known_Family_Only
10888,1,0,1,Potential_Novel_Family
10889,1,0,1,Potential_Novel_Family
10890,1,0,1,Potential_Novel_Family
10891,1,0,1,Potential_Novel_Family
10892,1,0,1,Potential_Novel_Family
10893,1,0,1,Potential_Novel_Family
10894,1,0,1,Potential_Novel_Family
10895,0,1,1,Known_Family_Only
10886,1,0,1,Potential_Novel_Family
10853,1,0,1,Potential_Novel_Family
10854,0,1,1,Known_Family_Only
10855,0,1,1,Known_Family_Only
10856,0,1,1,Known_Family_Only
10857,1,0,1,Potential_Novel_Family
10858,0,1,1,Known_Family_Only
10859,0,1,1,Known_Family_Only
10861,1,0,1,Potential_Novel_Family
10862,1,0,1,Potential_Novel_Family
10873,0,1,1,Known_Family_Only
10864,0,1,1,Known_Family_Only
10865,0,1,1,Known_Family_Only
10866,0,1,1,Known_Family_Only
10867,1,0,1,Potential_Novel_Family
10868,1,0,1,Potential_Novel_Family
10869,1,0,1,Potential_Novel_Family
10870,0,1,1,Known_Family_Only
10871,0,1,1,Known_Family_Only
10872,1,0,1,Potential_Novel_Family
10863,1,0,1,Potential_Novel_Family
10925,0,1,1,Known_Family_Only
10926,0,1,1,Known_Family_Only
10927,1,0,1,Potential_Novel_Family
10928,1,0,1,Potential_Novel_Family
10929,0,1,1,Known_Family_Only
10930,0,1,1,Known_Family_Only
10932,1,0,1,Potential_Novel_Family
10934,0,1,1,Known_Family_Only
10935,1,0,1,Potential_Novel_Family
10896,1,0,1,Potential_Novel_Family
10938,1,0,1,Potential_Novel_Family
10940,1,0,1,Potential_Novel_Family
10941,1,0,1,Potential_Novel_Family
10942,1,0,1,Potential_Novel_Family
10943,0,1,1,Known_Family_Only
10944,0,1,1,Known_Family_Only
10945,1,0,1,Potential_Novel_Family
10947,1,0,1,Potential_Novel_Family
10949,1,0,1,Potential_Novel_Family
10937,0,1,1,Known_Family_Only
10897,1,0,1,Potential_Novel_Family
10898,1,0,1,Potential_Novel_Family
10899,0,1,1,Known_Family_Only
10902,1,0,1,Potential_Novel_Family
10905,0,1,1,Known_Family_Only
10906,1,0,1,Potential_Novel_Family
10907,1,0,1,Potential_Novel_Family
10908,1,0,1,Potential_Novel_Family
10910,1,0,1,Potential_Novel_Family
10924,0,1,1,Known_Family_Only
10912,1,0,1,Potential_Novel_Family
10913,1,0,1,Potential_Novel_Family
10914,0,1,1,Known_Family_Only
10915,1,0,1,Potential_Novel_Family
10916,1,0,1,Potential_Novel_Family
10917,0,1,1,Known_Family_Only
10919,0,1,1,Known_Family_Only
10922,0,1,1,Known_Family_Only
10923,1,0,1,Potential_Novel_Family
10911,0,1,1,Known_Family_Only
11185,1,0,1,Potential_Novel_Family
11187,0,1,1,Known_Family_Only
11188,0,1,1,Known_Family_Only
11189,0,1,1,Known_Family_Only
11190,1,0,1,Potential_Novel_Family
11192,0,1,1,Known_Family_Only
11193,0,1,1,Known_Family_Only
11194,0,1,1,Known_Family_Only
11195,0,1,1,Known_Family_Only
11051,1,0,1,Potential_Novel_Family
11198,1,0,1,Potential_Novel_Family
11199,1,0,1,Potential_Novel_Family
11200,0,1,1,Known_Family_Only
11201,0,1,1,Known_Family_Only
11202,0,1,1,Known_Family_Only
11204,1,0,1,Potential_Novel_Family
11205,1,0,1,Potential_Novel_Family
11206,1,0,1,Potential_Novel_Family
11207,0,1,1,Known_Family_Only
11196,0,1,1,Known_Family_Only
11153,1,0,1,Potential_Novel_Family
11154,0,1,1,Known_Family_Only
11155,1,0,1,Potential_Novel_Family
11156,0,1,1,Known_Family_Only
11157,1,0,1,Potential_Novel_Family
11158,0,1,1,Known_Family_Only
11162,1,0,1,Potential_Novel_Family
11163,0,1,1,Known_Family_Only
11166,1,0,1,Potential_Novel_Family
11184,1,0,1,Potential_Novel_Family
11168,0,1,1,Known_Family_Only
11170,0,1,1,Known_Family_Only
11171,1,0,1,Potential_Novel_Family
11172,1,0,1,Potential_Novel_Family
11173,1,0,1,Potential_Novel_Family
11176,1,0,1,Potential_Novel_Family
11177,0,1,1,Known_Family_Only
11181,0,1,1,Known_Family_Only
11182,1,0,1,Potential_Novel_Family
11167,1,0,1,Potential_Novel_Family
11235,1,0,1,Potential_Novel_Family
11236,1,0,1,Potential_Novel_Family
11237,1,0,1,Potential_Novel_Family
11238,1,0,1,Potential_Novel_Family
11239,0,1,1,Known_Family_Only
11241,1,0,1,Potential_Novel_Family
11242,1,0,1,Potential_Novel_Family
11243,0,1,1,Known_Family_Only
11245,0,1,1,Known_Family_Only
11208,1,0,1,Potential_Novel_Family
11247,1,0,1,Potential_Novel_Family
11248,0,1,1,Known_Family_Only
11249,1,0,1,Potential_Novel_Family
11251,1,0,1,Potential_Novel_Family
11253,0,1,1,Known_Family_Only
11254,0,1,1,Known_Family_Only
11256,1,0,1,Potential_Novel_Family
11257,0,1,1,Known_Family_Only
11258,0,1,1,Known_Family_Only
11246,1,0,1,Potential_Novel_Family
11212,1,0,1,Potential_Novel_Family
11213,0,1,1,Known_Family_Only
11215,1,0,1,Potential_Novel_Family
11216,1,0,1,Potential_Novel_Family
11217,1,0,1,Potential_Novel_Family
11218,1,0,1,Potential_Novel_Family
11219,0,1,1,Known_Family_Only
11220,1,0,1,Potential_Novel_Family
11222,1,0,1,Potential_Novel_Family
11234,0,1,1,Known_Family_Only
11225,1,0,1,Potential_Novel_Family
11226,1,0,1,Potential_Novel_Family
11227,0,1,1,Known_Family_Only
11228,0,1,1,Known_Family_Only
11229,1,0,1,Potential_Novel_Family
11230,1,0,1,Potential_Novel_Family
11231,1,0,1,Potential_Novel_Family
11232,1,0,1,Potential_Novel_Family
11233,1,0,1,Potential_Novel_Family
11223,1,0,1,Potential_Novel_Family
11081,0,1,1,Known_Family_Only
11082,1,0,1,Potential_Novel_Family
11085,1,0,1,Potential_Novel_Family
11086,0,1,1,Known_Family_Only
11087,1,0,1,Potential_Novel_Family
11089,1,0,1,Potential_Novel_Family
11090,1,0,1,Potential_Novel_Family
11092,0,1,1,Known_Family_Only
11093,0,1,1,Known_Family_Only
11152,0,1,1,Known_Family_Only
11096,1,0,1,Potential_Novel_Family
11097,0,1,1,Known_Family_Only
11098,0,1,1,Known_Family_Only
11101,1,0,1,Potential_Novel_Family
11102,1,0,1,Potential_Novel_Family
11103,1,0,1,Potential_Novel_Family
11104,0,1,1,Known_Family_Only
11105,0,1,1,Known_Family_Only
11107,1,0,1,Potential_Novel_Family
11095,1,0,1,Potential_Novel_Family
11054,0,1,1,Known_Family_Only
11055,1,0,1,Potential_Novel_Family
11056,1,0,1,Potential_Novel_Family
11057,1,0,1,Potential_Novel_Family
11059,0,1,1,Known_Family_Only
11060,1,0,1,Potential_Novel_Family
11061,1,0,1,Potential_Novel_Family
11062,1,0,1,Potential_Novel_Family
11063,0,1,1,Known_Family_Only
11080,0,1,1,Known_Family_Only
11068,0,1,1,Known_Family_Only
11069,1,0,1,Potential_Novel_Family
11071,1,0,1,Potential_Novel_Family
11072,0,1,1,Known_Family_Only
11074,1,0,1,Potential_Novel_Family
11076,0,1,1,Known_Family_Only
11077,0,1,1,Known_Family_Only
11078,0,1,1,Known_Family_Only
11079,1,0,1,Potential_Novel_Family
11065,0,1,1,Known_Family_Only
11132,0,1,1,Known_Family_Only
11133,1,0,1,Potential_Novel_Family
11134,0,1,1,Known_Family_Only
11135,1,0,1,Potential_Novel_Family
11136,0,1,1,Known_Family_Only
11137,1,0,1,Potential_Novel_Family
11138,1,0,1,Potential_Novel_Family
11139,0,1,1,Known_Family_Only
11140,1,0,1,Potential_Novel_Family
11108,0,1,1,Known_Family_Only
11142,1,0,1,Potential_Novel_Family
11143,1,0,1,Potential_Novel_Family
11144,0,1,1,Known_Family_Only
11145,1,0,1,Potential_Novel_Family
11147,0,1,1,Known_Family_Only
11148,1,0,1,Potential_Novel_Family
11149,1,0,1,Potential_Novel_Family
11150,0,1,1,Known_Family_Only
11151,1,0,1,Potential_Novel_Family
11141,1,0,1,Potential_Novel_Family
11109,1,0,1,Potential_Novel_Family
11110,1,0,1,Potential_Novel_Family
11111,1,0,1,Potential_Novel_Family
11112,1,0,1,Potential_Novel_Family
11113,1,0,1,Potential_Novel_Family
11114,0,1,1,Known_Family_Only
11115,0,1,1,Known_Family_Only
11116,1,0,1,Potential_Novel_Family
11117,0,1,1,Known_Family_Only
11131,1,0,1,Potential_Novel_Family
11119,1,0,1,Potential_Novel_Family
11120,1,0,1,Potential_Novel_Family
11121,1,0,1,Potential_Novel_Family
11123,1,0,1,Potential_Novel_Family
11124,1,0,1,Potential_Novel_Family
11125,0,1,1,Known_Family_Only
11126,1,0,1,Potential_Novel_Family
11127,1,0,1,Potential_Novel_Family
11128,0,1,1,Known_Family_Only
11118,1,0,1,Potential_Novel_Family
10579,1,0,1,Potential_Novel_Family
10580,0,1,1,Known_Family_Only
10581,0,1,1,Known_Family_Only
10582,1,0,1,Potential_Novel_Family
10583,0,1,1,Known_Family_Only
10584,0,1,1,Known_Family_Only
10585,1,0,1,Potential_Novel_Family
10586,1,0,1,Potential_Novel_Family
10851,0,1,1,Known_Family_Only
10589,1,0,1,Potential_Novel_Family
10590,1,0,1,Potential_Novel_Family
10591,1,0,1,Potential_Novel_Family
10593,0,1,1,Known_Family_Only
10594,0,1,1,Known_Family_Only
10596,1,0,1,Potential_Novel_Family
10598,1,0,1,Potential_Novel_Family
10600,0,1,1,Known_Family_Only
10601,1,0,1,Potential_Novel_Family
10588,0,1,1,Known_Family_Only
10553,0,1,1,Known_Family_Only
10554,0,1,1,Known_Family_Only
10555,1,0,1,Potential_Novel_Family
10556,1,0,1,Potential_Novel_Family
10557,0,1,1,Known_Family_Only
10558,0,1,1,Known_Family_Only
10559,0,1,1,Known_Family_Only
10560,1,0,1,Potential_Novel_Family
10561,0,1,1,Known_Family_Only
10578,1,0,1,Potential_Novel_Family
10563,1,0,1,Potential_Novel_Family
10565,0,1,1,Known_Family_Only
10566,0,1,1,Known_Family_Only
10568,0,1,1,Known_Family_Only
10569,1,0,1,Potential_Novel_Family
10571,0,1,1,Known_Family_Only
10573,1,0,1,Potential_Novel_Family
10576,1,0,1,Potential_Novel_Family
10577,0,1,1,Known_Family_Only
10562,0,1,1,Known_Family_Only
10626,0,1,1,Known_Family_Only
10627,1,0,1,Potential_Novel_Family
10628,0,1,1,Known_Family_Only
10629,1,0,1,Potential_Novel_Family
10630,0,1,1,Known_Family_Only
10631,1,0,1,Potential_Novel_Family
10633,1,0,1,Potential_Novel_Family
10634,1,0,1,Potential_Novel_Family
10635,0,1,1,Known_Family_Only
10602,1,0,1,Potential_Novel_Family
10637,1,0,1,Potential_Novel_Family
10638,0,1,1,Known_Family_Only
10639,0,1,1,Known_Family_Only
10640,1,0,1,Potential_Novel_Family
10641,1,0,1,Potential_Novel_Family
10643,0,1,1,Known_Family_Only
10644,1,0,1,Potential_Novel_Family
10647,0,1,1,Known_Family_Only
10649,1,0,1,Potential_Novel_Family
10636,1,0,1,Potential_Novel_Family
10603,0,1,1,Known_Family_Only
10605,1,0,1,Potential_Novel_Family
10606,1,0,1,Potential_Novel_Family
10607,1,0,1,Potential_Novel_Family
10609,1,0,1,Potential_Novel_Family
10610,1,0,1,Potential_Novel_Family
10612,0,1,1,Known_Family_Only
10613,1,0,1,Potential_Novel_Family
10614,1,0,1,Potential_Novel_Family
10625,0,1,1,Known_Family_Only
10616,1,0,1,Potential_Novel_Family
10617,0,1,1,Known_Family_Only
10618,1,0,1,Potential_Novel_Family
10619,1,0,1,Potential_Novel_Family
10620,0,1,1,Known_Family_Only
10621,1,0,1,Potential_Novel_Family
10622,1,0,1,Potential_Novel_Family
10623,1,0,1,Potential_Novel_Family
10624,0,1,1,Known_Family_Only
10615,1,0,1,Potential_Novel_Family
10480,0,1,1,Known_Family_Only
10481,1,0,1,Potential_Novel_Family
10483,1,0,1,Potential_Novel_Family
10484,0,1,1,Known_Family_Only
10485,0,1,1,Known_Family_Only
10486,1,0,1,Potential_Novel_Family
10487,0,1,1,Known_Family_Only
10488,1,0,1,Potential_Novel_Family
10489,1,0,1,Potential_Novel_Family
10552,1,0,1,Potential_Novel_Family
10493,0,1,1,Known_Family_Only
10494,1,0,1,Potential_Novel_Family
10495,0,1,1,Known_Family_Only
10496,0,1,1,Known_Family_Only
10497,1,0,1,Potential_Novel_Family
10498,1,0,1,Potential_Novel_Family
10499,1,0,1,Potential_Novel_Family
10500,1,0,1,Potential_Novel_Family
10502,1,0,1,Potential_Novel_Family
10490,1,0,1,Potential_Novel_Family
10453,1,0,1,Potential_Novel_Family
10454,1,0,1,Potential_Novel_Family
10455,1,0,1,Potential_Novel_Family
10456,1,0,1,Potential_Novel_Family
10458,1,0,1,Potential_Novel_Family
10461,1,0,1,Potential_Novel_Family
10462,1,0,1,Potential_Novel_Family
10463,1,0,1,Potential_Novel_Family
10464,1,0,1,Potential_Novel_Family
10479,1,0,1,Potential_Novel_Family
10467,1,0,1,Potential_Novel_Family
10469,1,0,1,Potential_Novel_Family
10471,1,0,1,Potential_Novel_Family
10472,1,0,1,Potential_Novel_Family
10474,0,1,1,Known_Family_Only
10475,0,1,1,Known_Family_Only
10476,1,0,1,Potential_Novel_Family
10477,0,1,1,Known_Family_Only
10478,0,1,1,Known_Family_Only
10466,0,1,1,Known_Family_Only
10528,1,0,1,Potential_Novel_Family
10529,0,1,1,Known_Family_Only
10531,1,0,1,Potential_Novel_Family
10532,1,0,1,Potential_Novel_Family
10533,1,0,1,Potential_Novel_Family
10534,0,1,1,Known_Family_Only
10535,1,0,1,Potential_Novel_Family
10537,1,0,1,Potential_Novel_Family
10538,0,1,1,Known_Family_Only
10503,1,0,1,Potential_Novel_Family
10540,0,1,1,Known_Family_Only
10541,1,0,1,Potential_Novel_Family
10542,1,0,1,Potential_Novel_Family
10543,1,0,1,Potential_Novel_Family
10545,0,1,1,Known_Family_Only
10546,0,1,1,Known_Family_Only
10547,1,0,1,Potential_Novel_Family
10549,0,1,1,Known_Family_Only
10550,1,0,1,Potential_Novel_Family
10539,1,0,1,Potential_Novel_Family
10505,0,1,1,Known_Family_Only
10507,1,0,1,Potential_Novel_Family
10508,1,0,1,Potential_Novel_Family
10509,0,1,1,Known_Family_Only
10510,0,1,1,Known_Family_Only
10511,1,0,1,Potential_Novel_Family
10512,0,1,1,Known_Family_Only
10513,0,1,1,Known_Family_Only
10515,0,1,1,Known_Family_Only
10526,1,0,1,Potential_Novel_Family
10517,0,1,1,Known_Family_Only
10518,1,0,1,Potential_Novel_Family
10519,1,0,1,Potential_Novel_Family
10520,1,0,1,Potential_Novel_Family
10521,1,0,1,Potential_Novel_Family
10522,1,0,1,Potential_Novel_Family
10523,0,1,1,Known_Family_Only
10524,0,1,1,Known_Family_Only
10525,1,0,1,Potential_Novel_Family
10516,0,1,1,Known_Family_Only
10768,1,0,1,Potential_Novel_Family
10769,1,0,1,Potential_Novel_Family
10770,1,0,1,Potential_Novel_Family
10771,0,1,1,Known_Family_Only
10772,0,1,1,Known_Family_Only
10775,1,0,1,Potential_Novel_Family
10777,1,0,1,Potential_Novel_Family
10779,0,1,1,Known_Family_Only
10780,0,1,1,Known_Family_Only
10650,0,1,1,Known_Family_Only
10783,0,1,1,Known_Family_Only
10784,0,1,1,Known_Family_Only
10785,0,1,1,Known_Family_Only
10786,0,1,1,Known_Family_Only
10787,0,1,1,Known_Family_Only
10788,1,0,1,Potential_Novel_Family
10789,1,0,1,Potential_Novel_Family
10792,0,1,1,Known_Family_Only
10795,0,1,1,Known_Family_Only
10781,0,1,1,Known_Family_Only
10744,0,1,1,Known_Family_Only
10745,1,0,1,Potential_Novel_Family
10746,1,0,1,Potential_Novel_Family
10747,0,1,1,Known_Family_Only
10748,1,0,1,Potential_Novel_Family
10749,0,1,1,Known_Family_Only
10750,0,1,1,Known_Family_Only
10751,0,1,1,Known_Family_Only
10752,1,0,1,Potential_Novel_Family
10767,1,0,1,Potential_Novel_Family
10754,1,0,1,Potential_Novel_Family
10756,1,0,1,Potential_Novel_Family
10757,0,1,1,Known_Family_Only
10758,0,1,1,Known_Family_Only
10759,1,0,1,Potential_Novel_Family
10760,0,1,1,Known_Family_Only
10762,1,0,1,Potential_Novel_Family
10764,1,0,1,Potential_Novel_Family
10765,0,1,1,Known_Family_Only
10753,1,0,1,Potential_Novel_Family
10829,1,0,1,Potential_Novel_Family
10830,0,1,1,Known_Family_Only
10831,1,0,1,Potential_Novel_Family
10832,0,1,1,Known_Family_Only
10833,0,1,1,Known_Family_Only
10834,0,1,1,Known_Family_Only
10835,1,0,1,Potential_Novel_Family
10837,0,1,1,Known_Family_Only
10838,1,0,1,Potential_Novel_Family
10796,1,0,1,Potential_Novel_Family
10840,0,1,1,Known_Family_Only
10841,0,1,1,Known_Family_Only
10842,0,1,1,Known_Family_Only
10843,1,0,1,Potential_Novel_Family
10844,0,1,1,Known_Family_Only
10845,1,0,1,Potential_Novel_Family
10846,1,0,1,Potential_Novel_Family
10847,1,0,1,Potential_Novel_Family
10849,1,0,1,Potential_Novel_Family
10839,1,0,1,Potential_Novel_Family
10797,1,0,1,Potential_Novel_Family
10798,1,0,1,Potential_Novel_Family
10800,1,0,1,Potential_Novel_Family
10803,1,0,1,Potential_Novel_Family
10805,1,0,1,Potential_Novel_Family
10809,1,0,1,Potential_Novel_Family
10810,0,1,1,Known_Family_Only
10811,1,0,1,Potential_Novel_Family
10812,0,1,1,Known_Family_Only
10828,1,0,1,Potential_Novel_Family
10814,1,0,1,Potential_Novel_Family
10815,0,1,1,Known_Family_Only
10816,0,1,1,Known_Family_Only
10817,1,0,1,Potential_Novel_Family
10818,1,0,1,Potential_Novel_Family
10820,0,1,1,Known_Family_Only
10821,1,0,1,Potential_Novel_Family
10823,0,1,1,Known_Family_Only
10824,1,0,1,Potential_Novel_Family
10813,1,0,1,Potential_Novel_Family
10674,1,0,1,Potential_Novel_Family
10675,1,0,1,Potential_Novel_Family
10676,0,1,1,Known_Family_Only
10677,1,0,1,Potential_Novel_Family
10678,1,0,1,Potential_Novel_Family
10679,1,0,1,Potential_Novel_Family
10680,1,0,1,Potential_Novel_Family
10681,1,0,1,Potential_Novel_Family
10682,1,0,1,Potential_Novel_Family
10743,1,0,1,Potential_Novel_Family
10686,1,0,1,Potential_Novel_Family
10687,0,1,1,Known_Family_Only
10688,1,0,1,Potential_Novel_Family
10689,0,1,1,Known_Family_Only
10690,0,1,1,Known_Family_Only
10691,0,1,1,Known_Family_Only
10692,1,0,1,Potential_Novel_Family
10693,1,0,1,Potential_Novel_Family
10694,0,1,1,Known_Family_Only
10685,1,0,1,Potential_Novel_Family
10651,1,0,1,Potential_Novel_Family
10652,0,1,1,Known_Family_Only
10653,1,0,1,Potential_Novel_Family
10654,0,1,1,Known_Family_Only
10655,1,0,1,Potential_Novel_Family
10656,1,0,1,Potential_Novel_Family
10657,0,1,1,Known_Family_Only
10658,1,0,1,Potential_Novel_Family
10659,1,0,1,Potential_Novel_Family
10673,1,0,1,Potential_Novel_Family
10661,1,0,1,Potential_Novel_Family
10662,0,1,1,Known_Family_Only
10663,0,1,1,Known_Family_Only
10664,1,0,1,Potential_Novel_Family
10665,1,0,1,Potential_Novel_Family
10666,1,0,1,Potential_Novel_Family
10670,1,0,1,Potential_Novel_Family
10671,0,1,1,Known_Family_Only
10672,1,0,1,Potential_Novel_Family
10660,1,0,1,Potential_Novel_Family
10719,1,0,1,Potential_Novel_Family
10720,0,1,1,Known_Family_Only
10722,0,1,1,Known_Family_Only
10724,1,0,1,Potential_Novel_Family
10726,1,0,1,Potential_Novel_Family
10727,0,1,1,Known_Family_Only
10728,1,0,1,Potential_Novel_Family
10730,0,1,1,Known_Family_Only
10732,1,0,1,Potential_Novel_Family
10695,1,0,1,Potential_Novel_Family
10734,1,0,1,Potential_Novel_Family
10735,0,1,1,Known_Family_Only
10736,0,1,1,Known_Family_Only
10737,1,0,1,Potential_Novel_Family
10738,1,0,1,Potential_Novel_Family
10739,0,1,1,Known_Family_Only
10740,0,1,1,Known_Family_Only
10741,1,0,1,Potential_Novel_Family
10742,1,0,1,Potential_Novel_Family
10733,0,1,1,Known_Family_Only
10696,1,0,1,Potential_Novel_Family
10697,0,1,1,Known_Family_Only
10698,0,1,1,Known_Family_Only
10699,1,0,1,Potential_Novel_Family
10700,1,0,1,Potential_Novel_Family
10701,0,1,1,Known_Family_Only
10702,1,0,1,Potential_Novel_Family
10703,0,1,1,Known_Family_Only
10704,1,0,1,Potential_Novel_Family
10717,1,0,1,Potential_Novel_Family
10706,1,0,1,Potential_Novel_Family
10707,0,1,1,Known_Family_Only
10708,0,1,1,Known_Family_Only
10709,1,0,1,Potential_Novel_Family
10710,1,0,1,Potential_Novel_Family
10711,1,0,1,Potential_Novel_Family
10712,1,0,1,Potential_Novel_Family
10713,1,0,1,Potential_Novel_Family
10714,1,0,1,Potential_Novel_Family
10705,0,1,1,Known_Family_Only
3015,0,1,1,Known_Family_Only
3016,1,0,1,Potential_Novel_Family
3018,1,0,1,Potential_Novel_Family
3019,0,1,1,Known_Family_Only
3020,0,1,1,Known_Family_Only
3021,0,1,1,Known_Family_Only
3022,1,0,1,Potential_Novel_Family
3023,1,0,1,Potential_Novel_Family
12859,1,0,1,Potential_Novel_Family
3027,1,0,1,Potential_Novel_Family
3028,1,0,1,Potential_Novel_Family
3029,1,0,1,Potential_Novel_Family
3030,1,0,1,Potential_Novel_Family
3031,1,0,1,Potential_Novel_Family
3032,1,0,1,Potential_Novel_Family
3033,0,1,1,Known_Family_Only
3034,1,0,1,Potential_Novel_Family
3035,1,0,1,Potential_Novel_Family
3026,0,1,1,Known_Family_Only
2982,1,0,1,Potential_Novel_Family
2983,0,1,1,Known_Family_Only
2984,0,1,1,Known_Family_Only
2986,0,1,1,Known_Family_Only
2988,0,1,1,Known_Family_Only
2990,1,0,1,Potential_Novel_Family
2994,1,0,1,Potential_Novel_Family
2996,1,0,1,Potential_Novel_Family
2997,1,0,1,Potential_Novel_Family
3014,1,0,1,Potential_Novel_Family
3001,0,1,1,Known_Family_Only
3004,0,1,1,Known_Family_Only
3006,1,0,1,Potential_Novel_Family
3007,1,0,1,Potential_Novel_Family
3008,1,0,1,Potential_Novel_Family
3009,0,1,1,Known_Family_Only
3011,1,0,1,Potential_Novel_Family
3012,1,0,1,Potential_Novel_Family
3013,0,1,1,Known_Family_Only
2998,1,0,1,Potential_Novel_Family
3064,0,1,1,Known_Family_Only
3065,0,1,1,Known_Family_Only
3067,0,1,1,Known_Family_Only
3070,0,1,1,Known_Family_Only
3071,0,1,1,Known_Family_Only
3074,1,0,1,Potential_Novel_Family
3075,1,0,1,Potential_Novel_Family
3077,0,1,1,Known_Family_Only
3037,1,0,1,Potential_Novel_Family
3082,0,1,1,Known_Family_Only
3083,1,0,1,Potential_Novel_Family
3084,1,0,1,Potential_Novel_Family
3085,0,1,1,Known_Family_Only
3087,1,0,1,Potential_Novel_Family
3088,1,0,1,Potential_Novel_Family
3090,0,1,1,Known_Family_Only
3091,0,1,1,Known_Family_Only
3093,0,1,1,Known_Family_Only
3079,1,0,1,Potential_Novel_Family
3039,1,0,1,Potential_Novel_Family
3040,1,0,1,Potential_Novel_Family
3041,1,0,1,Potential_Novel_Family
3042,1,0,1,Potential_Novel_Family
3043,1,0,1,Potential_Novel_Family
3046,0,1,1,Known_Family_Only
3047,1,0,1,Potential_Novel_Family
3048,1,0,1,Potential_Novel_Family
3050,0,1,1,Known_Family_Only
3063,1,0,1,Potential_Novel_Family
3052,1,0,1,Potential_Novel_Family
3053,1,0,1,Potential_Novel_Family
3054,1,0,1,Potential_Novel_Family
3056,0,1,1,Known_Family_Only
3057,0,1,1,Known_Family_Only
3059,1,0,1,Potential_Novel_Family
3060,0,1,1,Known_Family_Only
3061,0,1,1,Known_Family_Only
3062,1,0,1,Potential_Novel_Family
3051,0,1,1,Known_Family_Only
2893,0,1,1,Known_Family_Only
2894,0,1,1,Known_Family_Only
2895,1,0,1,Potential_Novel_Family
2896,1,0,1,Potential_Novel_Family
2897,1,0,1,Potential_Novel_Family
2899,1,0,1,Potential_Novel_Family
2900,0,1,1,Known_Family_Only
2901,1,0,1,Potential_Novel_Family
2979,1,0,1,Potential_Novel_Family
2905,0,1,1,Known_Family_Only
2908,1,0,1,Potential_Novel_Family
2909,0,1,1,Known_Family_Only
2910,0,1,1,Known_Family_Only
2911,0,1,1,Known_Family_Only
2913,1,0,1,Potential_Novel_Family
2914,0,1,1,Known_Family_Only
2915,0,1,1,Known_Family_Only
2917,1,0,1,Potential_Novel_Family
2903,0,1,1,Known_Family_Only
2855,1,0,1,Potential_Novel_Family
2857,0,1,1,Known_Family_Only
2858,1,0,1,Potential_Novel_Family
2861,1,0,1,Potential_Novel_Family
2862,1,0,1,Potential_Novel_Family
2865,1,0,1,Potential_Novel_Family
2866,0,1,1,Known_Family_Only
2867,0,1,1,Known_Family_Only
2868,1,0,1,Potential_Novel_Family
2891,1,0,1,Potential_Novel_Family
2870,1,0,1,Potential_Novel_Family
2871,0,1,1,Known_Family_Only
2875,1,0,1,Potential_Novel_Family
2876,1,0,1,Potential_Novel_Family
2882,1,0,1,Potential_Novel_Family
2885,1,0,1,Potential_Novel_Family
2886,0,1,1,Known_Family_Only
2888,0,1,1,Known_Family_Only
2889,0,1,1,Known_Family_Only
2869,0,1,1,Known_Family_Only
2946,1,0,1,Potential_Novel_Family
2949,1,0,1,Potential_Novel_Family
2951,1,0,1,Potential_Novel_Family
2955,0,1,1,Known_Family_Only
2956,0,1,1,Known_Family_Only
2957,0,1,1,Known_Family_Only
2959,1,0,1,Potential_Novel_Family
2960,0,1,1,Known_Family_Only
2918,0,1,1,Known_Family_Only
2963,1,0,1,Potential_Novel_Family
2964,1,0,1,Potential_Novel_Family
2965,1,0,1,Potential_Novel_Family
2969,0,1,1,Known_Family_Only
2970,0,1,1,Known_Family_Only
2973,1,0,1,Potential_Novel_Family
2974,1,0,1,Potential_Novel_Family
2976,1,0,1,Potential_Novel_Family
2977,1,0,1,Potential_Novel_Family
2962,0,1,1,Known_Family_Only
2919,0,1,1,Known_Family_Only
2921,1,0,1,Potential_Novel_Family
2922,1,0,1,Potential_Novel_Family
2924,0,1,1,Known_Family_Only
2925,1,0,1,Potential_Novel_Family
2926,1,0,1,Potential_Novel_Family
2927,0,1,1,Known_Family_Only
2928,1,0,1,Potential_Novel_Family
2929,1,0,1,Potential_Novel_Family
2945,1,0,1,Potential_Novel_Family
2932,1,0,1,Potential_Novel_Family
2933,0,1,1,Known_Family_Only
2934,0,1,1,Known_Family_Only
2935,0,1,1,Known_Family_Only
2937,1,0,1,Potential_Novel_Family
2939,1,0,1,Potential_Novel_Family
2940,0,1,1,Known_Family_Only
2943,0,1,1,Known_Family_Only
2944,0,1,1,Known_Family_Only
2931,0,1,1,Known_Family_Only
3249,0,1,1,Known_Family_Only
3252,1,0,1,Potential_Novel_Family
3254,0,1,1,Known_Family_Only
3256,0,1,1,Known_Family_Only
3260,1,0,1,Potential_Novel_Family
3261,1,0,1,Potential_Novel_Family
3262,1,0,1,Potential_Novel_Family
3263,1,0,1,Potential_Novel_Family
3094,1,0,1,Potential_Novel_Family
3269,1,0,1,Potential_Novel_Family
3270,1,0,1,Potential_Novel_Family
3271,0,1,1,Known_Family_Only
3272,0,1,1,Known_Family_Only
3273,1,0,1,Potential_Novel_Family
3274,1,0,1,Potential_Novel_Family
3279,1,0,1,Potential_Novel_Family
3280,1,0,1,Potential_Novel_Family
3282,0,1,1,Known_Family_Only
3265,0,1,1,Known_Family_Only
3216,0,1,1,Known_Family_Only
3217,1,0,1,Potential_Novel_Family
3218,0,1,1,Known_Family_Only
3219,0,1,1,Known_Family_Only
3220,0,1,1,Known_Family_Only
3222,1,0,1,Potential_Novel_Family
3224,0,1,1,Known_Family_Only
3226,1,0,1,Potential_Novel_Family
3230,0,1,1,Known_Family_Only
3247,1,0,1,Potential_Novel_Family
3233,1,0,1,Potential_Novel_Family
3235,0,1,1,Known_Family_Only
3236,1,0,1,Potential_Novel_Family
3238,0,1,1,Known_Family_Only
3239,1,0,1,Potential_Novel_Family
3240,1,0,1,Potential_Novel_Family
3242,1,0,1,Potential_Novel_Family
3243,0,1,1,Known_Family_Only
3246,0,1,1,Known_Family_Only
3231,1,0,1,Potential_Novel_Family
3322,0,1,1,Known_Family_Only
3323,1,0,1,Potential_Novel_Family
3324,1,0,1,Potential_Novel_Family
3325,1,0,1,Potential_Novel_Family
3326,1,0,1,Potential_Novel_Family
3328,0,1,1,Known_Family_Only
3330,1,0,1,Potential_Novel_Family
3331,0,1,1,Known_Family_Only
3284,1,0,1,Potential_Novel_Family
3337,0,1,1,Known_Family_Only
3338,1,0,1,Potential_Novel_Family
3339,0,1,1,Known_Family_Only
3342,0,1,1,Known_Family_Only
3343,0,1,1,Known_Family_Only
3345,1,0,1,Potential_Novel_Family
3346,1,0,1,Potential_Novel_Family
3347,0,1,1,Known_Family_Only
3348,0,1,1,Known_Family_Only
3334,1,0,1,Potential_Novel_Family
3285,1,0,1,Potential_Novel_Family
3291,0,1,1,Known_Family_Only
3292,1,0,1,Potential_Novel_Family
3294,0,1,1,Known_Family_Only
3295,1,0,1,Potential_Novel_Family
3300,1,0,1,Potential_Novel_Family
3301,1,0,1,Potential_Novel_Family
3302,1,0,1,Potential_Novel_Family
3303,1,0,1,Potential_Novel_Family
3319,1,0,1,Potential_Novel_Family
3305,1,0,1,Potential_Novel_Family
3306,1,0,1,Potential_Novel_Family
3308,1,0,1,Potential_Novel_Family
3310,0,1,1,Known_Family_Only
3311,1,0,1,Potential_Novel_Family
3313,0,1,1,Known_Family_Only
3315,1,0,1,Potential_Novel_Family
3316,1,0,1,Potential_Novel_Family
3317,1,0,1,Potential_Novel_Family
3304,1,0,1,Potential_Novel_Family
3123,1,0,1,Potential_Novel_Family
3125,0,1,1,Known_Family_Only
3127,1,0,1,Potential_Novel_Family
3128,0,1,1,Known_Family_Only
3130,1,0,1,Potential_Novel_Family
3131,0,1,1,Known_Family_Only
3132,1,0,1,Potential_Novel_Family
3133,0,1,1,Known_Family_Only
3215,0,1,1,Known_Family_Only
3137,0,1,1,Known_Family_Only
3139,1,0,1,Potential_Novel_Family
3140,1,0,1,Potential_Novel_Family
3143,0,1,1,Known_Family_Only
3144,0,1,1,Known_Family_Only
3145,1,0,1,Potential_Novel_Family
3146,0,1,1,Known_Family_Only
3147,1,0,1,Potential_Novel_Family
3149,1,0,1,Potential_Novel_Family
3134,1,0,1,Potential_Novel_Family
3095,1,0,1,Potential_Novel_Family
3096,1,0,1,Potential_Novel_Family
3098,1,0,1,Potential_Novel_Family
3100,1,0,1,Potential_Novel_Family
3102,0,1,1,Known_Family_Only
3103,1,0,1,Potential_Novel_Family
3104,1,0,1,Potential_Novel_Family
3106,1,0,1,Potential_Novel_Family
3107,1,0,1,Potential_Novel_Family
3120,0,1,1,Known_Family_Only
3109,0,1,1,Known_Family_Only
3110,0,1,1,Known_Family_Only
3111,1,0,1,Potential_Novel_Family
3112,0,1,1,Known_Family_Only
3113,0,1,1,Known_Family_Only
3114,1,0,1,Potential_Novel_Family
3115,0,1,1,Known_Family_Only
3118,0,1,1,Known_Family_Only
3119,1,0,1,Potential_Novel_Family
3108,0,1,1,Known_Family_Only
3177,0,1,1,Known_Family_Only
3178,1,0,1,Potential_Novel_Family
3181,1,0,1,Potential_Novel_Family
3185,1,0,1,Potential_Novel_Family
3187,1,0,1,Potential_Novel_Family
3188,1,0,1,Potential_Novel_Family
3191,0,1,1,Known_Family_Only
3193,0,1,1,Known_Family_Only
3150,1,0,1,Potential_Novel_Family
3196,0,1,1,Known_Family_Only
3198,0,1,1,Known_Family_Only
3201,0,1,1,Known_Family_Only
3202,0,1,1,Known_Family_Only
3203,0,1,1,Known_Family_Only
3205,1,0,1,Potential_Novel_Family
3207,0,1,1,Known_Family_Only
3209,1,0,1,Potential_Novel_Family
3211,0,1,1,Known_Family_Only
3194,1,0,1,Potential_Novel_Family
3151,0,1,1,Known_Family_Only
3152,0,1,1,Known_Family_Only
3153,1,0,1,Potential_Novel_Family
3155,0,1,1,Known_Family_Only
3156,1,0,1,Potential_Novel_Family
3157,0,1,1,Known_Family_Only
3158,1,0,1,Potential_Novel_Family
3159,1,0,1,Potential_Novel_Family
3161,1,0,1,Potential_Novel_Family
3176,0,1,1,Known_Family_Only
3167,1,0,1,Potential_Novel_Family
3168,1,0,1,Potential_Novel_Family
3169,0,1,1,Known_Family_Only
3170,0,1,1,Known_Family_Only
3171,1,0,1,Potential_Novel_Family
3172,1,0,1,Potential_Novel_Family
3173,1,0,1,Potential_Novel_Family
3174,0,1,1,Known_Family_Only
3175,1,0,1,Potential_Novel_Family
3163,0,1,1,Known_Family_Only
2491,0,1,1,Known_Family_Only
2497,0,1,1,Known_Family_Only
2498,0,1,1,Known_Family_Only
2499,0,1,1,Known_Family_Only
2500,1,0,1,Potential_Novel_Family
2501,1,0,1,Potential_Novel_Family
2502,1,0,1,Potential_Novel_Family
2503,1,0,1,Potential_Novel_Family
2854,0,1,1,Known_Family_Only
2505,1,0,1,Potential_Novel_Family
2507,1,0,1,Potential_Novel_Family
2509,0,1,1,Known_Family_Only
2511,1,0,1,Potential_Novel_Family
2512,1,0,1,Potential_Novel_Family
2513,1,0,1,Potential_Novel_Family
2518,1,0,1,Potential_Novel_Family
2519,1,0,1,Potential_Novel_Family
2520,0,1,1,Known_Family_Only
2504,1,0,1,Potential_Novel_Family
2464,1,0,1,Potential_Novel_Family
2466,0,1,1,Known_Family_Only
2467,1,0,1,Potential_Novel_Family
2468,1,0,1,Potential_Novel_Family
2469,1,0,1,Potential_Novel_Family
2470,1,0,1,Potential_Novel_Family
2471,1,0,1,Potential_Novel_Family
2472,1,0,1,Potential_Novel_Family
2474,1,0,1,Potential_Novel_Family
2490,1,0,1,Potential_Novel_Family
2476,0,1,1,Known_Family_Only
2477,0,1,1,Known_Family_Only
2478,1,0,1,Potential_Novel_Family
2479,1,0,1,Potential_Novel_Family
2481,1,0,1,Potential_Novel_Family
2482,1,0,1,Potential_Novel_Family
2483,0,1,1,Known_Family_Only
2486,0,1,1,Known_Family_Only
2487,1,0,1,Potential_Novel_Family
2475,1,0,1,Potential_Novel_Family
2554,1,0,1,Potential_Novel_Family
2555,1,0,1,Potential_Novel_Family
2557,1,0,1,Potential_Novel_Family
2558,0,1,1,Known_Family_Only
2560,1,0,1,Potential_Novel_Family
2562,1,0,1,Potential_Novel_Family
2564,0,1,1,Known_Family_Only
2565,0,1,1,Known_Family_Only
2522,1,0,1,Potential_Novel_Family
2570,0,1,1,Known_Family_Only
2571,1,0,1,Potential_Novel_Family
2572,1,0,1,Potential_Novel_Family
2576,0,1,1,Known_Family_Only
2577,0,1,1,Known_Family_Only
2580,0,1,1,Known_Family_Only
2581,1,0,1,Potential_Novel_Family
2582,0,1,1,Known_Family_Only
2587,0,1,1,Known_Family_Only
2566,0,1,1,Known_Family_Only
2523,1,0,1,Potential_Novel_Family
2524,0,1,1,Known_Family_Only
2526,0,1,1,Known_Family_Only
2527,1,0,1,Potential_Novel_Family
2528,0,1,1,Known_Family_Only
2532,1,0,1,Potential_Novel_Family
2533,0,1,1,Known_Family_Only
2534,1,0,1,Potential_Novel_Family
2536,1,0,1,Potential_Novel_Family
2553,1,0,1,Potential_Novel_Family
2538,0,1,1,Known_Family_Only
2540,0,1,1,Known_Family_Only
2541,0,1,1,Known_Family_Only
2543,1,0,1,Potential_Novel_Family
2544,0,1,1,Known_Family_Only
2546,1,0,1,Potential_Novel_Family
2547,1,0,1,Potential_Novel_Family
2548,1,0,1,Potential_Novel_Family
2552,0,1,1,Known_Family_Only
2537,1,0,1,Potential_Novel_Family
2375,1,0,1,Potential_Novel_Family
2378,0,1,1,Known_Family_Only
2379,1,0,1,Potential_Novel_Family
2382,1,0,1,Potential_Novel_Family
2384,1,0,1,Potential_Novel_Family
2385,1,0,1,Potential_Novel_Family
2388,1,0,1,Potential_Novel_Family
2390,0,1,1,Known_Family_Only
2463,1,0,1,Potential_Novel_Family
2393,1,0,1,Potential_Novel_Family
2394,0,1,1,Known_Family_Only
2395,0,1,1,Known_Family_Only
2396,0,1,1,Known_Family_Only
2397,1,0,1,Potential_Novel_Family
2398,1,0,1,Potential_Novel_Family
2399,0,1,1,Known_Family_Only
2401,1,0,1,Potential_Novel_Family
2403,1,0,1,Potential_Novel_Family
2391,1,0,1,Potential_Novel_Family
2343,0,1,1,Known_Family_Only
2344,1,0,1,Potential_Novel_Family
2345,1,0,1,Potential_Novel_Family
2347,1,0,1,Potential_Novel_Family
2348,1,0,1,Potential_Novel_Family
2349,0,1,1,Known_Family_Only
2350,0,1,1,Known_Family_Only
2352,1,0,1,Potential_Novel_Family
2353,0,1,1,Known_Family_Only
2372,1,0,1,Potential_Novel_Family
2357,1,0,1,Potential_Novel_Family
2358,0,1,1,Known_Family_Only
2360,1,0,1,Potential_Novel_Family
2362,1,0,1,Potential_Novel_Family
2363,1,0,1,Potential_Novel_Family
2364,1,0,1,Potential_Novel_Family
2365,1,0,1,Potential_Novel_Family
2367,1,0,1,Potential_Novel_Family
2369,1,0,1,Potential_Novel_Family
2354,1,0,1,Potential_Novel_Family
2436,1,0,1,Potential_Novel_Family
2438,1,0,1,Potential_Novel_Family
2440,1,0,1,Potential_Novel_Family
2441,1,0,1,Potential_Novel_Family
2443,1,0,1,Potential_Novel_Family
2444,0,1,1,Known_Family_Only
2445,0,1,1,Known_Family_Only
2447,1,0,1,Potential_Novel_Family
2405,1,0,1,Potential_Novel_Family
2449,0,1,1,Known_Family_Only
2450,1,0,1,Potential_Novel_Family
2451,1,0,1,Potential_Novel_Family
2452,1,0,1,Potential_Novel_Family
2454,0,1,1,Known_Family_Only
2455,1,0,1,Potential_Novel_Family
2456,1,0,1,Potential_Novel_Family
2460,1,0,1,Potential_Novel_Family
2461,0,1,1,Known_Family_Only
2448,1,0,1,Potential_Novel_Family
2407,1,0,1,Potential_Novel_Family
2408,1,0,1,Potential_Novel_Family
2409,1,0,1,Potential_Novel_Family
2410,1,0,1,Potential_Novel_Family
2411,1,0,1,Potential_Novel_Family
2412,0,1,1,Known_Family_Only
2413,0,1,1,Known_Family_Only
2416,1,0,1,Potential_Novel_Family
2417,0,1,1,Known_Family_Only
2434,0,1,1,Known_Family_Only
2419,0,1,1,Known_Family_Only
2420,1,0,1,Potential_Novel_Family
2421,1,0,1,Potential_Novel_Family
2422,0,1,1,Known_Family_Only
2423,0,1,1,Known_Family_Only
2425,1,0,1,Potential_Novel_Family
2426,0,1,1,Known_Family_Only
2427,1,0,1,Potential_Novel_Family
2428,0,1,1,Known_Family_Only
2418,1,0,1,Potential_Novel_Family
2756,1,0,1,Potential_Novel_Family
2757,1,0,1,Potential_Novel_Family
2758,1,0,1,Potential_Novel_Family
2760,1,0,1,Potential_Novel_Family
2761,1,0,1,Potential_Novel_Family
2763,1,0,1,Potential_Novel_Family
2765,0,1,1,Known_Family_Only
2766,0,1,1,Known_Family_Only
2588,1,0,1,Potential_Novel_Family
2770,0,1,1,Known_Family_Only
2771,1,0,1,Potential_Novel_Family
2777,1,0,1,Potential_Novel_Family
2779,1,0,1,Potential_Novel_Family
2782,0,1,1,Known_Family_Only
2783,0,1,1,Known_Family_Only
2784,1,0,1,Potential_Novel_Family
2786,1,0,1,Potential_Novel_Family
2787,1,0,1,Potential_Novel_Family
2768,0,1,1,Known_Family_Only
2722,1,0,1,Potential_Novel_Family
2724,0,1,1,Known_Family_Only
2726,1,0,1,Potential_Novel_Family
2729,0,1,1,Known_Family_Only
2730,1,0,1,Potential_Novel_Family
2731,1,0,1,Potential_Novel_Family
2732,1,0,1,Potential_Novel_Family
2734,1,0,1,Potential_Novel_Family
2735,1,0,1,Potential_Novel_Family
2755,1,0,1,Potential_Novel_Family
2737,0,1,1,Known_Family_Only
2738,0,1,1,Known_Family_Only
2740,1,0,1,Potential_Novel_Family
2741,1,0,1,Potential_Novel_Family
2743,1,0,1,Potential_Novel_Family
2744,0,1,1,Known_Family_Only
2746,1,0,1,Potential_Novel_Family
2747,1,0,1,Potential_Novel_Family
2750,0,1,1,Known_Family_Only
2736,1,0,1,Potential_Novel_Family
2827,0,1,1,Known_Family_Only
2829,0,1,1,Known_Family_Only
2830,1,0,1,Potential_Novel_Family
2831,0,1,1,Known_Family_Only
2833,0,1,1,Known_Family_Only
2836,1,0,1,Potential_Novel_Family
2837,0,1,1,Known_Family_Only
2839,1,0,1,Potential_Novel_Family
2788,0,1,1,Known_Family_Only
2843,0,1,1,Known_Family_Only
2844,1,0,1,Potential_Novel_Family
2845,1,0,1,Potential_Novel_Family
2846,0,1,1,Known_Family_Only
2847,1,0,1,Potential_Novel_Family
2848,1,0,1,Potential_Novel_Family
2849,1,0,1,Potential_Novel_Family
2852,1,0,1,Potential_Novel_Family
2853,0,1,1,Known_Family_Only
2841,1,0,1,Potential_Novel_Family
2794,1,0,1,Potential_Novel_Family
2795,1,0,1,Potential_Novel_Family
2796,1,0,1,Potential_Novel_Family
2797,1,0,1,Potential_Novel_Family
2798,0,1,1,Known_Family_Only
2799,1,0,1,Potential_Novel_Family
2801,1,0,1,Potential_Novel_Family
2803,1,0,1,Potential_Novel_Family
2805,1,0,1,Potential_Novel_Family
2826,1,0,1,Potential_Novel_Family
2808,1,0,1,Potential_Novel_Family
2809,1,0,1,Potential_Novel_Family
2811,1,0,1,Potential_Novel_Family
2816,1,0,1,Potential_Novel_Family
2818,0,1,1,Known_Family_Only
2821,1,0,1,Potential_Novel_Family
2822,0,1,1,Known_Family_Only
2824,1,0,1,Potential_Novel_Family
2825,1,0,1,Potential_Novel_Family
2806,1,0,1,Potential_Novel_Family
2627,1,0,1,Potential_Novel_Family
2628,1,0,1,Potential_Novel_Family
2630,1,0,1,Potential_Novel_Family
2631,0,1,1,Known_Family_Only
2632,1,0,1,Potential_Novel_Family
2634,0,1,1,Known_Family_Only
2635,0,1,1,Known_Family_Only
2636,0,1,1,Known_Family_Only
2721,0,1,1,Known_Family_Only
2638,1,0,1,Potential_Novel_Family
2639,1,0,1,Potential_Novel_Family
2642,1,0,1,Potential_Novel_Family
2644,0,1,1,Known_Family_Only
2646,1,0,1,Potential_Novel_Family
2647,1,0,1,Potential_Novel_Family
2648,0,1,1,Known_Family_Only
2650,1,0,1,Potential_Novel_Family
2651,1,0,1,Potential_Novel_Family
2637,1,0,1,Potential_Novel_Family
2589,0,1,1,Known_Family_Only
2590,1,0,1,Potential_Novel_Family
2591,0,1,1,Known_Family_Only
2592,0,1,1,Known_Family_Only
2593,0,1,1,Known_Family_Only
2594,0,1,1,Known_Family_Only
2595,1,0,1,Potential_Novel_Family
2599,1,0,1,Potential_Novel_Family
2602,0,1,1,Known_Family_Only
2626,1,0,1,Potential_Novel_Family
2611,0,1,1,Known_Family_Only
2612,1,0,1,Potential_Novel_Family
2613,1,0,1,Potential_Novel_Family
2616,1,0,1,Potential_Novel_Family
2617,0,1,1,Known_Family_Only
2619,1,0,1,Potential_Novel_Family
2621,1,0,1,Potential_Novel_Family
2623,1,0,1,Potential_Novel_Family
2625,1,0,1,Potential_Novel_Family
2607,0,1,1,Known_Family_Only
2685,1,0,1,Potential_Novel_Family
2688,1,0,1,Potential_Novel_Family
2689,1,0,1,Potential_Novel_Family
2690,0,1,1,Known_Family_Only
2691,1,0,1,Potential_Novel_Family
2693,0,1,1,Known_Family_Only
2695,0,1,1,Known_Family_Only
2696,1,0,1,Potential_Novel_Family
2697,0,1,1,Known_Family_Only
2652,1,0,1,Potential_Novel_Family
2702,0,1,1,Known_Family_Only
2705,1,0,1,Potential_Novel_Family
2712,1,0,1,Potential_Novel_Family
2713,1,0,1,Potential_Novel_Family
2714,1,0,1,Potential_Novel_Family
2715,0,1,1,Known_Family_Only
2717,0,1,1,Known_Family_Only
2719,1,0,1,Potential_Novel_Family
2720,1,0,1,Potential_Novel_Family
2701,0,1,1,Known_Family_Only
2653,1,0,1,Potential_Novel_Family
2654,1,0,1,Potential_Novel_Family
2655,1,0,1,Potential_Novel_Family
2656,1,0,1,Potential_Novel_Family
2659,1,0,1,Potential_Novel_Family
2660,1,0,1,Potential_Novel_Family
2661,0,1,1,Known_Family_Only
2664,1,0,1,Potential_Novel_Family
2665,0,1,1,Known_Family_Only
2684,0,1,1,Known_Family_Only
2669,1,0,1,Potential_Novel_Family
2671,1,0,1,Potential_Novel_Family
2672,1,0,1,Potential_Novel_Family
2673,1,0,1,Potential_Novel_Family
2674,0,1,1,Known_Family_Only
2675,1,0,1,Potential_Novel_Family
2678,0,1,1,Known_Family_Only
2679,1,0,1,Potential_Novel_Family
2682,0,1,1,Known_Family_Only
2668,1,0,1,Potential_Novel_Family
3977,1,0,1,Potential_Novel_Family
3978,0,1,1,Known_Family_Only
3979,1,0,1,Potential_Novel_Family
3980,1,0,1,Potential_Novel_Family
3981,0,1,1,Known_Family_Only
3982,0,1,1,Known_Family_Only
3983,0,1,1,Known_Family_Only
3985,1,0,1,Potential_Novel_Family
3350,1,0,1,Potential_Novel_Family
3987,1,0,1,Potential_Novel_Family
3990,1,0,1,Potential_Novel_Family
3992,1,0,1,Potential_Novel_Family
3994,1,0,1,Potential_Novel_Family
3996,0,1,1,Known_Family_Only
3997,1,0,1,Potential_Novel_Family
3998,0,1,1,Known_Family_Only
3999,0,1,1,Known_Family_Only
4000,1,0,1,Potential_Novel_Family
3986,1,0,1,Potential_Novel_Family
3943,1,0,1,Potential_Novel_Family
3944,0,1,1,Known_Family_Only
3945,1,0,1,Potential_Novel_Family
3946,1,0,1,Potential_Novel_Family
3947,0,1,1,Known_Family_Only
3948,1,0,1,Potential_Novel_Family
3949,1,0,1,Potential_Novel_Family
3950,0,1,1,Known_Family_Only
3951,1,0,1,Potential_Novel_Family
3976,1,0,1,Potential_Novel_Family
3955,1,0,1,Potential_Novel_Family
3956,0,1,1,Known_Family_Only
3963,1,0,1,Potential_Novel_Family
3965,1,0,1,Potential_Novel_Family
3967,0,1,1,Known_Family_Only
3968,1,0,1,Potential_Novel_Family
3969,1,0,1,Potential_Novel_Family
3970,0,1,1,Known_Family_Only
3973,0,1,1,Known_Family_Only
3954,0,1,1,Known_Family_Only
4034,1,0,1,Potential_Novel_Family
4035,1,0,1,Potential_Novel_Family
4036,1,0,1,Potential_Novel_Family
4037,1,0,1,Potential_Novel_Family
4038,1,0,1,Potential_Novel_Family
4039,0,1,1,Known_Family_Only
4040,1,0,1,Potential_Novel_Family
4042,0,1,1,Known_Family_Only
4001,0,1,1,Known_Family_Only
4044,1,0,1,Potential_Novel_Family
4050,0,1,1,Known_Family_Only
4054,0,1,1,Known_Family_Only
4056,0,1,1,Known_Family_Only
4058,0,1,1,Known_Family_Only
4059,1,0,1,Potential_Novel_Family
4063,1,0,1,Potential_Novel_Family
4064,1,0,1,Potential_Novel_Family
4066,1,0,1,Potential_Novel_Family
4043,1,0,1,Potential_Novel_Family
4002,1,0,1,Potential_Novel_Family
4003,0,1,1,Known_Family_Only
4004,1,0,1,Potential_Novel_Family
4005,1,0,1,Potential_Novel_Family
4006,0,1,1,Known_Family_Only
4008,1,0,1,Potential_Novel_Family
4009,0,1,1,Known_Family_Only
4013,0,1,1,Known_Family_Only
4015,0,1,1,Known_Family_Only
4033,1,0,1,Potential_Novel_Family
4019,0,1,1,Known_Family_Only
4023,1,0,1,Potential_Novel_Family
4024,0,1,1,Known_Family_Only
4025,1,0,1,Potential_Novel_Family
4026,1,0,1,Potential_Novel_Family
4028,0,1,1,Known_Family_Only
4029,0,1,1,Known_Family_Only
4030,0,1,1,Known_Family_Only
4032,0,1,1,Known_Family_Only
4016,1,0,1,Potential_Novel_Family
3861,1,0,1,Potential_Novel_Family
3864,0,1,1,Known_Family_Only
3865,0,1,1,Known_Family_Only
3867,1,0,1,Potential_Novel_Family
3869,1,0,1,Potential_Novel_Family
3871,0,1,1,Known_Family_Only
3872,1,0,1,Potential_Novel_Family
3873,1,0,1,Potential_Novel_Family
3942,0,1,1,Known_Family_Only
3875,1,0,1,Potential_Novel_Family
3877,1,0,1,Potential_Novel_Family
3878,1,0,1,Potential_Novel_Family
3880,1,0,1,Potential_Novel_Family
3881,1,0,1,Potential_Novel_Family
3883,1,0,1,Potential_Novel_Family
3884,1,0,1,Potential_Novel_Family
3885,0,1,1,Known_Family_Only
3886,1,0,1,Potential_Novel_Family
3874,0,1,1,Known_Family_Only
3826,1,0,1,Potential_Novel_Family
3828,1,0,1,Potential_Novel_Family
3830,1,0,1,Potential_Novel_Family
3831,1,0,1,Potential_Novel_Family
3832,1,0,1,Potential_Novel_Family
3833,0,1,1,Known_Family_Only
3834,0,1,1,Known_Family_Only
3835,1,0,1,Potential_Novel_Family
3836,1,0,1,Potential_Novel_Family
3858,1,0,1,Potential_Novel_Family
3842,1,0,1,Potential_Novel_Family
3843,1,0,1,Potential_Novel_Family
3845,0,1,1,Known_Family_Only
3850,0,1,1,Known_Family_Only
3851,1,0,1,Potential_Novel_Family
3852,0,1,1,Known_Family_Only
3855,1,0,1,Potential_Novel_Family
3856,0,1,1,Known_Family_Only
3857,0,1,1,Known_Family_Only
3841,0,1,1,Known_Family_Only
3916,1,0,1,Potential_Novel_Family
3919,1,0,1,Potential_Novel_Family
3921,0,1,1,Known_Family_Only
3923,1,0,1,Potential_Novel_Family
3924,0,1,1,Known_Family_Only
3926,1,0,1,Potential_Novel_Family
3927,1,0,1,Potential_Novel_Family
3928,0,1,1,Known_Family_Only
3887,0,1,1,Known_Family_Only
3930,0,1,1,Known_Family_Only
3931,0,1,1,Known_Family_Only
3934,1,0,1,Potential_Novel_Family
3935,1,0,1,Potential_Novel_Family
3937,1,0,1,Potential_Novel_Family
3938,1,0,1,Potential_Novel_Family
3939,0,1,1,Known_Family_Only
3940,0,1,1,Known_Family_Only
3941,1,0,1,Potential_Novel_Family
3929,1,0,1,Potential_Novel_Family
3888,0,1,1,Known_Family_Only
3890,1,0,1,Potential_Novel_Family
3891,1,0,1,Potential_Novel_Family
3892,1,0,1,Potential_Novel_Family
3895,1,0,1,Potential_Novel_Family
3896,1,0,1,Potential_Novel_Family
3897,1,0,1,Potential_Novel_Family
3899,0,1,1,Known_Family_Only
3900,0,1,1,Known_Family_Only
3915,0,1,1,Known_Family_Only
3903,1,0,1,Potential_Novel_Family
3906,1,0,1,Potential_Novel_Family
3907,0,1,1,Known_Family_Only
3908,1,0,1,Potential_Novel_Family
3910,1,0,1,Potential_Novel_Family
3911,1,0,1,Potential_Novel_Family
3912,0,1,1,Known_Family_Only
3913,1,0,1,Potential_Novel_Family
3914,0,1,1,Known_Family_Only
3901,1,0,1,Potential_Novel_Family
4218,0,1,1,Known_Family_Only
4219,1,0,1,Potential_Novel_Family
4220,1,0,1,Potential_Novel_Family
4221,0,1,1,Known_Family_Only
4223,0,1,1,Known_Family_Only
4224,0,1,1,Known_Family_Only
4226,1,0,1,Potential_Novel_Family
4228,1,0,1,Potential_Novel_Family
4069,1,0,1,Potential_Novel_Family
4230,0,1,1,Known_Family_Only
4233,0,1,1,Known_Family_Only
4236,1,0,1,Potential_Novel_Family
4237,1,0,1,Potential_Novel_Family
4239,0,1,1,Known_Family_Only
4240,1,0,1,Potential_Novel_Family
4241,0,1,1,Known_Family_Only
4244,0,1,1,Known_Family_Only
4245,0,1,1,Known_Family_Only
4229,0,1,1,Known_Family_Only
4185,1,0,1,Potential_Novel_Family
4186,0,1,1,Known_Family_Only
4187,1,0,1,Potential_Novel_Family
4188,1,0,1,Potential_Novel_Family
4189,1,0,1,Potential_Novel_Family
4190,0,1,1,Known_Family_Only
4192,0,1,1,Known_Family_Only
4193,1,0,1,Potential_Novel_Family
4195,0,1,1,Known_Family_Only
4217,1,0,1,Potential_Novel_Family
4198,0,1,1,Known_Family_Only
4199,0,1,1,Known_Family_Only
4202,1,0,1,Potential_Novel_Family
4203,0,1,1,Known_Family_Only
4207,0,1,1,Known_Family_Only
4208,1,0,1,Potential_Novel_Family
4211,1,0,1,Potential_Novel_Family
4214,1,0,1,Potential_Novel_Family
4215,1,0,1,Potential_Novel_Family
4196,0,1,1,Known_Family_Only
4274,1,0,1,Potential_Novel_Family
4276,0,1,1,Known_Family_Only
4277,1,0,1,Potential_Novel_Family
4278,1,0,1,Potential_Novel_Family
4283,1,0,1,Potential_Novel_Family
4284,0,1,1,Known_Family_Only
4285,0,1,1,Known_Family_Only
4286,1,0,1,Potential_Novel_Family
4246,1,0,1,Potential_Novel_Family
4289,1,0,1,Potential_Novel_Family
4290,1,0,1,Potential_Novel_Family
4295,1,0,1,Potential_Novel_Family
4296,1,0,1,Potential_Novel_Family
4297,1,0,1,Potential_Novel_Family
4299,0,1,1,Known_Family_Only
4300,0,1,1,Known_Family_Only
4301,0,1,1,Known_Family_Only
4303,1,0,1,Potential_Novel_Family
4288,1,0,1,Potential_Novel_Family
4247,0,1,1,Known_Family_Only
4248,1,0,1,Potential_Novel_Family
4250,1,0,1,Potential_Novel_Family
4251,1,0,1,Potential_Novel_Family
4252,1,0,1,Potential_Novel_Family
4253,1,0,1,Potential_Novel_Family
4254,1,0,1,Potential_Novel_Family
4255,1,0,1,Potential_Novel_Family
4256,1,0,1,Potential_Novel_Family
4272,1,0,1,Potential_Novel_Family
4258,1,0,1,Potential_Novel_Family
4259,0,1,1,Known_Family_Only
4265,1,0,1,Potential_Novel_Family
4266,1,0,1,Potential_Novel_Family
4267,1,0,1,Potential_Novel_Family
4268,1,0,1,Potential_Novel_Family
4269,1,0,1,Potential_Novel_Family
4270,0,1,1,Known_Family_Only
4271,1,0,1,Potential_Novel_Family
4257,1,0,1,Potential_Novel_Family
4097,0,1,1,Known_Family_Only
4099,1,0,1,Potential_Novel_Family
4101,1,0,1,Potential_Novel_Family
4102,1,0,1,Potential_Novel_Family
4103,1,0,1,Potential_Novel_Family
4104,1,0,1,Potential_Novel_Family
4106,0,1,1,Known_Family_Only
4107,0,1,1,Known_Family_Only
4184,0,1,1,Known_Family_Only
4109,1,0,1,Potential_Novel_Family
4110,0,1,1,Known_Family_Only
4111,1,0,1,Potential_Novel_Family
4112,1,0,1,Potential_Novel_Family
4114,1,0,1,Potential_Novel_Family
4115,1,0,1,Potential_Novel_Family
4117,0,1,1,Known_Family_Only
4118,1,0,1,Potential_Novel_Family
4119,0,1,1,Known_Family_Only
4108,0,1,1,Known_Family_Only
4070,0,1,1,Known_Family_Only
4071,1,0,1,Potential_Novel_Family
4072,0,1,1,Known_Family_Only
4073,1,0,1,Potential_Novel_Family
4074,1,0,1,Potential_Novel_Family
4075,0,1,1,Known_Family_Only
4076,0,1,1,Known_Family_Only
4077,1,0,1,Potential_Novel_Family
4079,0,1,1,Known_Family_Only
4096,1,0,1,Potential_Novel_Family
4081,1,0,1,Potential_Novel_Family
4082,0,1,1,Known_Family_Only
4085,1,0,1,Potential_Novel_Family
4086,1,0,1,Potential_Novel_Family
4089,1,0,1,Potential_Novel_Family
4091,0,1,1,Known_Family_Only
4093,1,0,1,Potential_Novel_Family
4094,0,1,1,Known_Family_Only
4095,0,1,1,Known_Family_Only
4080,0,1,1,Known_Family_Only
4154,1,0,1,Potential_Novel_Family
4155,1,0,1,Potential_Novel_Family
4156,1,0,1,Potential_Novel_Family
4159,0,1,1,Known_Family_Only
4161,1,0,1,Potential_Novel_Family
4162,0,1,1,Known_Family_Only
4164,1,0,1,Potential_Novel_Family
4165,1,0,1,Potential_Novel_Family
4166,1,0,1,Potential_Novel_Family
4121,1,0,1,Potential_Novel_Family
4169,1,0,1,Potential_Novel_Family
4170,1,0,1,Potential_Novel_Family
4173,1,0,1,Potential_Novel_Family
4177,1,0,1,Potential_Novel_Family
4178,1,0,1,Potential_Novel_Family
4179,0,1,1,Known_Family_Only
4180,0,1,1,Known_Family_Only
4181,1,0,1,Potential_Novel_Family
4183,1,0,1,Potential_Novel_Family
4168,0,1,1,Known_Family_Only
4122,1,0,1,Potential_Novel_Family
4123,0,1,1,Known_Family_Only
4124,0,1,1,Known_Family_Only
4125,0,1,1,Known_Family_Only
4126,1,0,1,Potential_Novel_Family
4129,1,0,1,Potential_Novel_Family
4130,1,0,1,Potential_Novel_Family
4131,1,0,1,Potential_Novel_Family
4132,1,0,1,Potential_Novel_Family
4150,1,0,1,Potential_Novel_Family
4134,1,0,1,Potential_Novel_Family
4136,0,1,1,Known_Family_Only
4138,1,0,1,Potential_Novel_Family
4140,0,1,1,Known_Family_Only
4141,1,0,1,Potential_Novel_Family
4144,1,0,1,Potential_Novel_Family
4146,1,0,1,Potential_Novel_Family
4147,1,0,1,Potential_Novel_Family
4149,1,0,1,Potential_Novel_Family
4133,1,0,1,Potential_Novel_Family
3491,1,0,1,Potential_Novel_Family
3492,1,0,1,Potential_Novel_Family
3494,0,1,1,Known_Family_Only
3495,1,0,1,Potential_Novel_Family
3497,1,0,1,Potential_Novel_Family
3500,1,0,1,Potential_Novel_Family
3503,0,1,1,Known_Family_Only
3504,1,0,1,Potential_Novel_Family
3825,1,0,1,Potential_Novel_Family
3506,1,0,1,Potential_Novel_Family
3507,1,0,1,Potential_Novel_Family
3508,0,1,1,Known_Family_Only
3509,1,0,1,Potential_Novel_Family
3515,1,0,1,Potential_Novel_Family
3516,1,0,1,Potential_Novel_Family
3517,1,0,1,Potential_Novel_Family
3520,1,0,1,Potential_Novel_Family
3522,1,0,1,Potential_Novel_Family
3505,1,0,1,Potential_Novel_Family
3463,0,1,1,Known_Family_Only
3464,1,0,1,Potential_Novel_Family
3465,1,0,1,Potential_Novel_Family
3466,1,0,1,Potential_Novel_Family
3467,0,1,1,Known_Family_Only
3468,0,1,1,Known_Family_Only
3469,1,0,1,Potential_Novel_Family
3470,1,0,1,Potential_Novel_Family
3471,1,0,1,Potential_Novel_Family
3488,1,0,1,Potential_Novel_Family
3475,1,0,1,Potential_Novel_Family
3476,1,0,1,Potential_Novel_Family
3477,1,0,1,Potential_Novel_Family
3479,0,1,1,Known_Family_Only
3480,1,0,1,Potential_Novel_Family
3481,0,1,1,Known_Family_Only
3483,0,1,1,Known_Family_Only
3484,0,1,1,Known_Family_Only
3486,1,0,1,Potential_Novel_Family
3473,0,1,1,Known_Family_Only
3548,1,0,1,Potential_Novel_Family
3549,0,1,1,Known_Family_Only
3550,1,0,1,Potential_Novel_Family
3552,0,1,1,Known_Family_Only
3553,0,1,1,Known_Family_Only
3556,1,0,1,Potential_Novel_Family
3557,1,0,1,Potential_Novel_Family
3558,0,1,1,Known_Family_Only
3523,0,1,1,Known_Family_Only
3560,0,1,1,Known_Family_Only
3561,1,0,1,Potential_Novel_Family
3563,1,0,1,Potential_Novel_Family
3565,1,0,1,Potential_Novel_Family
3566,1,0,1,Potential_Novel_Family
3567,1,0,1,Potential_Novel_Family
3569,1,0,1,Potential_Novel_Family
3572,0,1,1,Known_Family_Only
3573,1,0,1,Potential_Novel_Family
3559,0,1,1,Known_Family_Only
3524,0,1,1,Known_Family_Only
3525,1,0,1,Potential_Novel_Family
3526,0,1,1,Known_Family_Only
3527,0,1,1,Known_Family_Only
3528,0,1,1,Known_Family_Only
3530,1,0,1,Potential_Novel_Family
3531,1,0,1,Potential_Novel_Family
3533,0,1,1,Known_Family_Only
3535,1,0,1,Potential_Novel_Family
3547,1,0,1,Potential_Novel_Family
3537,0,1,1,Known_Family_Only
3538,0,1,1,Known_Family_Only
3539,0,1,1,Known_Family_Only
3540,1,0,1,Potential_Novel_Family
3541,1,0,1,Potential_Novel_Family
3542,1,0,1,Potential_Novel_Family
3543,0,1,1,Known_Family_Only
3544,1,0,1,Potential_Novel_Family
3546,1,0,1,Potential_Novel_Family
3536,1,0,1,Potential_Novel_Family
3385,1,0,1,Potential_Novel_Family
3386,0,1,1,Known_Family_Only
3388,1,0,1,Potential_Novel_Family
3389,0,1,1,Known_Family_Only
3392,1,0,1,Potential_Novel_Family
3393,1,0,1,Potential_Novel_Family
3394,1,0,1,Potential_Novel_Family
3395,1,0,1,Potential_Novel_Family
3459,0,1,1,Known_Family_Only
3397,1,0,1,Potential_Novel_Family
3399,0,1,1,Known_Family_Only
3400,1,0,1,Potential_Novel_Family
3401,0,1,1,Known_Family_Only
3402,1,0,1,Potential_Novel_Family
3404,1,0,1,Potential_Novel_Family
3405,0,1,1,Known_Family_Only
3406,1,0,1,Potential_Novel_Family
3408,1,0,1,Potential_Novel_Family
3396,0,1,1,Known_Family_Only
3351,1,0,1,Potential_Novel_Family
3353,0,1,1,Known_Family_Only
3354,1,0,1,Potential_Novel_Family
3359,1,0,1,Potential_Novel_Family
3360,0,1,1,Known_Family_Only
3362,0,1,1,Known_Family_Only
3364,0,1,1,Known_Family_Only
3365,0,1,1,Known_Family_Only
3366,1,0,1,Potential_Novel_Family
3382,0,1,1,Known_Family_Only
3369,1,0,1,Potential_Novel_Family
3370,1,0,1,Potential_Novel_Family
3371,1,0,1,Potential_Novel_Family
3372,1,0,1,Potential_Novel_Family
3373,1,0,1,Potential_Novel_Family
3375,0,1,1,Known_Family_Only
3376,0,1,1,Known_Family_Only
3379,1,0,1,Potential_Novel_Family
3380,1,0,1,Potential_Novel_Family
3367,0,1,1,Known_Family_Only
3436,0,1,1,Known_Family_Only
3437,0,1,1,Known_Family_Only
3439,1,0,1,Potential_Novel_Family
3441,1,0,1,Potential_Novel_Family
3442,1,0,1,Potential_Novel_Family
3443,0,1,1,Known_Family_Only
3444,1,0,1,Potential_Novel_Family
3445,1,0,1,Potential_Novel_Family
3409,0,1,1,Known_Family_Only
3447,0,1,1,Known_Family_Only
3448,0,1,1,Known_Family_Only
3450,1,0,1,Potential_Novel_Family
3451,1,0,1,Potential_Novel_Family
3452,0,1,1,Known_Family_Only
3454,0,1,1,Known_Family_Only
3455,1,0,1,Potential_Novel_Family
3456,1,0,1,Potential_Novel_Family
3458,0,1,1,Known_Family_Only
3446,1,0,1,Potential_Novel_Family
3412,1,0,1,Potential_Novel_Family
3413,1,0,1,Potential_Novel_Family
3414,1,0,1,Potential_Novel_Family
3415,0,1,1,Known_Family_Only
3416,1,0,1,Potential_Novel_Family
3417,1,0,1,Potential_Novel_Family
3418,0,1,1,Known_Family_Only
3419,1,0,1,Potential_Novel_Family
3420,0,1,1,Known_Family_Only
3435,0,1,1,Known_Family_Only
3422,0,1,1,Known_Family_Only
3423,1,0,1,Potential_Novel_Family
3424,0,1,1,Known_Family_Only
3425,1,0,1,Potential_Novel_Family
3426,1,0,1,Potential_Novel_Family
3428,1,0,1,Potential_Novel_Family
3429,1,0,1,Potential_Novel_Family
3430,0,1,1,Known_Family_Only
3431,1,0,1,Potential_Novel_Family
3421,1,0,1,Potential_Novel_Family
3734,0,1,1,Known_Family_Only
3735,0,1,1,Known_Family_Only
3736,1,0,1,Potential_Novel_Family
3737,0,1,1,Known_Family_Only
3739,1,0,1,Potential_Novel_Family
3742,1,0,1,Potential_Novel_Family
3743,1,0,1,Potential_Novel_Family
3744,1,0,1,Potential_Novel_Family
3574,1,0,1,Potential_Novel_Family
3747,0,1,1,Known_Family_Only
3748,1,0,1,Potential_Novel_Family
3749,1,0,1,Potential_Novel_Family
3751,0,1,1,Known_Family_Only
3753,0,1,1,Known_Family_Only
3754,1,0,1,Potential_Novel_Family
3755,1,0,1,Potential_Novel_Family
3756,0,1,1,Known_Family_Only
3757,0,1,1,Known_Family_Only
3745,0,1,1,Known_Family_Only
3700,0,1,1,Known_Family_Only
3701,1,0,1,Potential_Novel_Family
3702,1,0,1,Potential_Novel_Family
3705,0,1,1,Known_Family_Only
3708,1,0,1,Potential_Novel_Family
3709,1,0,1,Potential_Novel_Family
3710,1,0,1,Potential_Novel_Family
3713,1,0,1,Potential_Novel_Family
3714,0,1,1,Known_Family_Only
3733,1,0,1,Potential_Novel_Family
3716,1,0,1,Potential_Novel_Family
3721,0,1,1,Known_Family_Only
3722,1,0,1,Potential_Novel_Family
3725,1,0,1,Potential_Novel_Family
3726,0,1,1,Known_Family_Only
3728,1,0,1,Potential_Novel_Family
3729,0,1,1,Known_Family_Only
3730,1,0,1,Potential_Novel_Family
3731,1,0,1,Potential_Novel_Family
3715,1,0,1,Potential_Novel_Family
3796,1,0,1,Potential_Novel_Family
3797,1,0,1,Potential_Novel_Family
3798,1,0,1,Potential_Novel_Family
3800,1,0,1,Potential_Novel_Family
3801,0,1,1,Known_Family_Only
3802,0,1,1,Known_Family_Only
3803,0,1,1,Known_Family_Only
3804,1,0,1,Potential_Novel_Family
3759,1,0,1,Potential_Novel_Family
3811,1,0,1,Potential_Novel_Family
3812,1,0,1,Potential_Novel_Family
3813,0,1,1,Known_Family_Only
3814,1,0,1,Potential_Novel_Family
3815,1,0,1,Potential_Novel_Family
3816,1,0,1,Potential_Novel_Family
3819,1,0,1,Potential_Novel_Family
3821,1,0,1,Potential_Novel_Family
3824,1,0,1,Potential_Novel_Family
3809,1,0,1,Potential_Novel_Family
3760,0,1,1,Known_Family_Only
3764,1,0,1,Potential_Novel_Family
3767,1,0,1,Potential_Novel_Family
3770,1,0,1,Potential_Novel_Family
3771,0,1,1,Known_Family_Only
3776,1,0,1,Potential_Novel_Family
3778,1,0,1,Potential_Novel_Family
3779,1,0,1,Potential_Novel_Family
3780,1,0,1,Potential_Novel_Family
3795,1,0,1,Potential_Novel_Family
3784,1,0,1,Potential_Novel_Family
3785,0,1,1,Known_Family_Only
3786,1,0,1,Potential_Novel_Family
3787,0,1,1,Known_Family_Only
3789,0,1,1,Known_Family_Only
3790,0,1,1,Known_Family_Only
3791,1,0,1,Potential_Novel_Family
3793,1,0,1,Potential_Novel_Family
3794,1,0,1,Potential_Novel_Family
3781,1,0,1,Potential_Novel_Family
3601,0,1,1,Known_Family_Only
3603,1,0,1,Potential_Novel_Family
3604,0,1,1,Known_Family_Only
3605,1,0,1,Potential_Novel_Family
3606,0,1,1,Known_Family_Only
3607,1,0,1,Potential_Novel_Family
3609,1,0,1,Potential_Novel_Family
3610,0,1,1,Known_Family_Only
3699,1,0,1,Potential_Novel_Family
3614,0,1,1,Known_Family_Only
3615,0,1,1,Known_Family_Only
3616,0,1,1,Known_Family_Only
3617,1,0,1,Potential_Novel_Family
3620,1,0,1,Potential_Novel_Family
3621,1,0,1,Potential_Novel_Family
3622,0,1,1,Known_Family_Only
3624,1,0,1,Potential_Novel_Family
3629,1,0,1,Potential_Novel_Family
3612,1,0,1,Potential_Novel_Family
3575,1,0,1,Potential_Novel_Family
3577,1,0,1,Potential_Novel_Family
3578,0,1,1,Known_Family_Only
3579,0,1,1,Known_Family_Only
3580,1,0,1,Potential_Novel_Family
3582,1,0,1,Potential_Novel_Family
3583,1,0,1,Potential_Novel_Family
3584,1,0,1,Potential_Novel_Family
3585,1,0,1,Potential_Novel_Family
3600,1,0,1,Potential_Novel_Family
3587,1,0,1,Potential_Novel_Family
3589,0,1,1,Known_Family_Only
3590,0,1,1,Known_Family_Only
3592,1,0,1,Potential_Novel_Family
3593,1,0,1,Potential_Novel_Family
3594,1,0,1,Potential_Novel_Family
3595,0,1,1,Known_Family_Only
3598,0,1,1,Known_Family_Only
3599,1,0,1,Potential_Novel_Family
3586,1,0,1,Potential_Novel_Family
3669,0,1,1,Known_Family_Only
3670,1,0,1,Potential_Novel_Family
3671,1,0,1,Potential_Novel_Family
3674,0,1,1,Known_Family_Only
3675,1,0,1,Potential_Novel_Family
3676,1,0,1,Potential_Novel_Family
3677,1,0,1,Potential_Novel_Family
3680,1,0,1,Potential_Novel_Family
3681,1,0,1,Potential_Novel_Family
3631,1,0,1,Potential_Novel_Family
3684,0,1,1,Known_Family_Only
3686,0,1,1,Known_Family_Only
3688,1,0,1,Potential_Novel_Family
3689,1,0,1,Potential_Novel_Family
3690,0,1,1,Known_Family_Only
3693,0,1,1,Known_Family_Only
3694,1,0,1,Potential_Novel_Family
3695,0,1,1,Known_Family_Only
3697,0,1,1,Known_Family_Only
3682,1,0,1,Potential_Novel_Family
3632,1,0,1,Potential_Novel_Family
3634,0,1,1,Known_Family_Only
3635,1,0,1,Potential_Novel_Family
3638,1,0,1,Potential_Novel_Family
3640,1,0,1,Potential_Novel_Family
3641,1,0,1,Potential_Novel_Family
3642,0,1,1,Known_Family_Only
3644,1,0,1,Potential_Novel_Family
3645,1,0,1,Potential_Novel_Family
3668,1,0,1,Potential_Novel_Family
3651,1,0,1,Potential_Novel_Family
3653,0,1,1,Known_Family_Only
3654,0,1,1,Known_Family_Only
3655,1,0,1,Potential_Novel_Family
3656,1,0,1,Potential_Novel_Family
3658,0,1,1,Known_Family_Only
3660,1,0,1,Potential_Novel_Family
3662,1,0,1,Potential_Novel_Family
3664,0,1,1,Known_Family_Only
3646,1,0,1,Potential_Novel_Family
919,1,0,1,Potential_Novel_Family
920,1,0,1,Potential_Novel_Family
924,1,0,1,Potential_Novel_Family
926,0,1,1,Known_Family_Only
930,1,0,1,Potential_Novel_Family
934,0,1,1,Known_Family_Only
935,0,1,1,Known_Family_Only
936,1,0,1,Potential_Novel_Family
2342,1,0,1,Potential_Novel_Family
942,1,0,1,Potential_Novel_Family
945,1,0,1,Potential_Novel_Family
947,0,1,1,Known_Family_Only
949,0,1,1,Known_Family_Only
951,1,0,1,Potential_Novel_Family
952,1,0,1,Potential_Novel_Family
954,0,1,1,Known_Family_Only
956,0,1,1,Known_Family_Only
957,1,0,1,Potential_Novel_Family
939,1,0,1,Potential_Novel_Family
875,1,0,1,Potential_Novel_Family
876,0,1,1,Known_Family_Only
879,1,0,1,Potential_Novel_Family
880,1,0,1,Potential_Novel_Family
881,0,1,1,Known_Family_Only
884,0,1,1,Known_Family_Only
885,1,0,1,Potential_Novel_Family
889,1,0,1,Potential_Novel_Family
890,0,1,1,Known_Family_Only
917,1,0,1,Potential_Novel_Family
898,0,1,1,Known_Family_Only
899,1,0,1,Potential_Novel_Family
904,1,0,1,Potential_Novel_Family
905,0,1,1,Known_Family_Only
906,0,1,1,Known_Family_Only
910,1,0,1,Potential_Novel_Family
913,0,1,1,Known_Family_Only
915,1,0,1,Potential_Novel_Family
916,0,1,1,Known_Family_Only
892,1,0,1,Potential_Novel_Family
995,0,1,1,Known_Family_Only
997,0,1,1,Known_Family_Only
998,1,0,1,Potential_Novel_Family
1000,1,0,1,Potential_Novel_Family
1002,0,1,1,Known_Family_Only
1003,0,1,1,Known_Family_Only
1007,1,0,1,Potential_Novel_Family
1008,1,0,1,Potential_Novel_Family
958,0,1,1,Known_Family_Only
1012,1,0,1,Potential_Novel_Family
1013,1,0,1,Potential_Novel_Family
1015,1,0,1,Potential_Novel_Family
1018,1,0,1,Potential_Novel_Family
1019,0,1,1,Known_Family_Only
1020,1,0,1,Potential_Novel_Family
1023,0,1,1,Known_Family_Only
1024,1,0,1,Potential_Novel_Family
1025,1,0,1,Potential_Novel_Family
1011,0,1,1,Known_Family_Only
960,1,0,1,Potential_Novel_Family
961,0,1,1,Known_Family_Only
962,1,0,1,Potential_Novel_Family
964,0,1,1,Known_Family_Only
967,0,1,1,Known_Family_Only
968,1,0,1,Potential_Novel_Family
970,1,0,1,Potential_Novel_Family
973,1,0,1,Potential_Novel_Family
977,1,0,1,Potential_Novel_Family
994,0,1,1,Known_Family_Only
979,0,1,1,Known_Family_Only
982,1,0,1,Potential_Novel_Family
983,1,0,1,Potential_Novel_Family
984,1,0,1,Potential_Novel_Family
986,0,1,1,Known_Family_Only
987,1,0,1,Potential_Novel_Family
988,1,0,1,Potential_Novel_Family
989,1,0,1,Potential_Novel_Family
991,1,0,1,Potential_Novel_Family
978,1,0,1,Potential_Novel_Family
784,1,0,1,Potential_Novel_Family
785,0,1,1,Known_Family_Only
787,1,0,1,Potential_Novel_Family
790,0,1,1,Known_Family_Only
791,1,0,1,Potential_Novel_Family
792,0,1,1,Known_Family_Only
794,1,0,1,Potential_Novel_Family
795,0,1,1,Known_Family_Only
873,1,0,1,Potential_Novel_Family
798,0,1,1,Known_Family_Only
799,0,1,1,Known_Family_Only
800,0,1,1,Known_Family_Only
802,0,1,1,Known_Family_Only
803,0,1,1,Known_Family_Only
806,0,1,1,Known_Family_Only
809,0,1,1,Known_Family_Only
810,1,0,1,Potential_Novel_Family
811,0,1,1,Known_Family_Only
797,0,1,1,Known_Family_Only
753,0,1,1,Known_Family_Only
755,0,1,1,Known_Family_Only
758,0,1,1,Known_Family_Only
761,0,1,1,Known_Family_Only
762,1,0,1,Potential_Novel_Family
763,1,0,1,Potential_Novel_Family
764,0,1,1,Known_Family_Only
766,1,0,1,Potential_Novel_Family
767,1,0,1,Potential_Novel_Family
780,1,0,1,Potential_Novel_Family
769,1,0,1,Potential_Novel_Family
770,1,0,1,Potential_Novel_Family
771,1,0,1,Potential_Novel_Family
772,0,1,1,Known_Family_Only
773,1,0,1,Potential_Novel_Family
774,1,0,1,Potential_Novel_Family
775,1,0,1,Potential_Novel_Family
776,0,1,1,Known_Family_Only
779,1,0,1,Potential_Novel_Family
768,1,0,1,Potential_Novel_Family
848,1,0,1,Potential_Novel_Family
849,1,0,1,Potential_Novel_Family
851,0,1,1,Known_Family_Only
854,1,0,1,Potential_Novel_Family
855,0,1,1,Known_Family_Only
857,1,0,1,Potential_Novel_Family
858,0,1,1,Known_Family_Only
859,1,0,1,Potential_Novel_Family
813,0,1,1,Known_Family_Only
864,1,0,1,Potential_Novel_Family
865,0,1,1,Known_Family_Only
866,1,0,1,Potential_Novel_Family
867,1,0,1,Potential_Novel_Family
868,1,0,1,Potential_Novel_Family
869,1,0,1,Potential_Novel_Family
870,1,0,1,Potential_Novel_Family
871,0,1,1,Known_Family_Only
872,0,1,1,Known_Family_Only
862,1,0,1,Potential_Novel_Family
817,0,1,1,Known_Family_Only
818,1,0,1,Potential_Novel_Family
820,0,1,1,Known_Family_Only
821,0,1,1,Known_Family_Only
823,1,0,1,Potential_Novel_Family
826,1,0,1,Potential_Novel_Family
828,1,0,1,Potential_Novel_Family
830,0,1,1,Known_Family_Only
831,0,1,1,Known_Family_Only
846,1,0,1,Potential_Novel_Family
834,1,0,1,Potential_Novel_Family
836,1,0,1,Potential_Novel_Family
837,1,0,1,Potential_Novel_Family
838,1,0,1,Potential_Novel_Family
839,0,1,1,Known_Family_Only
840,1,0,1,Potential_Novel_Family
841,0,1,1,Known_Family_Only
842,1,0,1,Potential_Novel_Family
844,1,0,1,Potential_Novel_Family
833,0,1,1,Known_Family_Only
1197,0,1,1,Known_Family_Only
1198,0,1,1,Known_Family_Only
1201,1,0,1,Potential_Novel_Family
1203,0,1,1,Known_Family_Only
1204,1,0,1,Potential_Novel_Family
1206,1,0,1,Potential_Novel_Family
1207,0,1,1,Known_Family_Only
1209,0,1,1,Known_Family_Only
1028,1,0,1,Potential_Novel_Family
1212,1,0,1,Potential_Novel_Family
1213,1,0,1,Potential_Novel_Family
1214,1,0,1,Potential_Novel_Family
1215,0,1,1,Known_Family_Only
1216,1,0,1,Potential_Novel_Family
1217,1,0,1,Potential_Novel_Family
1218,1,0,1,Potential_Novel_Family
1219,1,0,1,Potential_Novel_Family
1220,1,0,1,Potential_Novel_Family
1211,1,0,1,Potential_Novel_Family
1163,0,1,1,Known_Family_Only
1165,1,0,1,Potential_Novel_Family
1166,1,0,1,Potential_Novel_Family
1167,1,0,1,Potential_Novel_Family
1168,0,1,1,Known_Family_Only
1171,1,0,1,Potential_Novel_Family
1172,1,0,1,Potential_Novel_Family
1173,1,0,1,Potential_Novel_Family
1175,0,1,1,Known_Family_Only
1195,1,0,1,Potential_Novel_Family
1180,1,0,1,Potential_Novel_Family
1183,0,1,1,Known_Family_Only
1184,1,0,1,Potential_Novel_Family
1185,0,1,1,Known_Family_Only
1186,1,0,1,Potential_Novel_Family
1189,1,0,1,Potential_Novel_Family
1190,1,0,1,Potential_Novel_Family
1191,1,0,1,Potential_Novel_Family
1192,0,1,1,Known_Family_Only
1177,1,0,1,Potential_Novel_Family
1258,1,0,1,Potential_Novel_Family
1259,0,1,1,Known_Family_Only
1260,1,0,1,Potential_Novel_Family
1263,0,1,1,Known_Family_Only
1264,1,0,1,Potential_Novel_Family
1265,1,0,1,Potential_Novel_Family
1268,1,0,1,Potential_Novel_Family
1271,1,0,1,Potential_Novel_Family
1221,1,0,1,Potential_Novel_Family
1273,0,1,1,Known_Family_Only
1274,0,1,1,Known_Family_Only
1275,1,0,1,Potential_Novel_Family
1278,0,1,1,Known_Family_Only
1281,0,1,1,Known_Family_Only
1282,1,0,1,Potential_Novel_Family
1283,1,0,1,Potential_Novel_Family
1289,0,1,1,Known_Family_Only
1290,1,0,1,Potential_Novel_Family
1272,1,0,1,Potential_Novel_Family
1223,0,1,1,Known_Family_Only
1224,0,1,1,Known_Family_Only
1225,1,0,1,Potential_Novel_Family
1226,1,0,1,Potential_Novel_Family
1230,0,1,1,Known_Family_Only
1231,0,1,1,Known_Family_Only
1234,1,0,1,Potential_Novel_Family
1235,1,0,1,Potential_Novel_Family
1237,1,0,1,Potential_Novel_Family
1256,0,1,1,Known_Family_Only
1242,1,0,1,Potential_Novel_Family
1246,0,1,1,Known_Family_Only
1247,1,0,1,Potential_Novel_Family
1248,1,0,1,Potential_Novel_Family
1250,0,1,1,Known_Family_Only
1251,0,1,1,Known_Family_Only
1253,1,0,1,Potential_Novel_Family
1254,0,1,1,Known_Family_Only
1255,0,1,1,Known_Family_Only
1240,1,0,1,Potential_Novel_Family
1059,1,0,1,Potential_Novel_Family
1060,0,1,1,Known_Family_Only
1063,0,1,1,Known_Family_Only
1064,0,1,1,Known_Family_Only
1065,0,1,1,Known_Family_Only
1068,0,1,1,Known_Family_Only
1069,1,0,1,Potential_Novel_Family
1070,0,1,1,Known_Family_Only
1162,1,0,1,Potential_Novel_Family
1075,0,1,1,Known_Family_Only
1076,0,1,1,Known_Family_Only
1077,1,0,1,Potential_Novel_Family
1081,0,1,1,Known_Family_Only
1082,1,0,1,Potential_Novel_Family
1087,0,1,1,Known_Family_Only
1088,1,0,1,Potential_Novel_Family
1089,0,1,1,Known_Family_Only
1090,0,1,1,Known_Family_Only
1072,0,1,1,Known_Family_Only
1029,0,1,1,Known_Family_Only
1031,0,1,1,Known_Family_Only
1032,0,1,1,Known_Family_Only
1034,1,0,1,Potential_Novel_Family
1038,1,0,1,Potential_Novel_Family
1039,1,0,1,Potential_Novel_Family
1040,1,0,1,Potential_Novel_Family
1041,0,1,1,Known_Family_Only
1042,1,0,1,Potential_Novel_Family
1058,1,0,1,Potential_Novel_Family
1044,0,1,1,Known_Family_Only
1046,1,0,1,Potential_Novel_Family
1047,0,1,1,Known_Family_Only
1048,0,1,1,Known_Family_Only
1050,1,0,1,Potential_Novel_Family
1051,1,0,1,Potential_Novel_Family
1053,1,0,1,Potential_Novel_Family
1054,1,0,1,Potential_Novel_Family
1055,1,0,1,Potential_Novel_Family
1043,0,1,1,Known_Family_Only
1124,1,0,1,Potential_Novel_Family
1127,0,1,1,Known_Family_Only
1128,1,0,1,Potential_Novel_Family
1129,1,0,1,Potential_Novel_Family
1130,1,0,1,Potential_Novel_Family
1132,0,1,1,Known_Family_Only
1133,1,0,1,Potential_Novel_Family
1134,1,0,1,Potential_Novel_Family
1091,0,1,1,Known_Family_Only
1141,0,1,1,Known_Family_Only
1143,1,0,1,Potential_Novel_Family
1144,1,0,1,Potential_Novel_Family
1145,0,1,1,Known_Family_Only
1148,0,1,1,Known_Family_Only
1149,1,0,1,Potential_Novel_Family
1150,0,1,1,Known_Family_Only
1155,1,0,1,Potential_Novel_Family
1157,0,1,1,Known_Family_Only
1137,1,0,1,Potential_Novel_Family
1093,1,0,1,Potential_Novel_Family
1094,1,0,1,Potential_Novel_Family
1096,0,1,1,Known_Family_Only
1097,1,0,1,Potential_Novel_Family
1098,1,0,1,Potential_Novel_Family
1100,0,1,1,Known_Family_Only
1101,0,1,1,Known_Family_Only
1102,0,1,1,Known_Family_Only
1105,0,1,1,Known_Family_Only
1123,1,0,1,Potential_Novel_Family
1109,0,1,1,Known_Family_Only
1111,0,1,1,Known_Family_Only
1113,1,0,1,Potential_Novel_Family
1114,0,1,1,Known_Family_Only
1115,1,0,1,Potential_Novel_Family
1116,1,0,1,Potential_Novel_Family
1119,0,1,1,Known_Family_Only
1120,1,0,1,Potential_Novel_Family
1122,1,0,1,Potential_Novel_Family
1106,1,0,1,Potential_Novel_Family
285,1,0,1,Potential_Novel_Family
287,1,0,1,Potential_Novel_Family
288,1,0,1,Potential_Novel_Family
289,1,0,1,Potential_Novel_Family
293,0,1,1,Known_Family_Only
294,1,0,1,Potential_Novel_Family
297,1,0,1,Potential_Novel_Family
298,1,0,1,Potential_Novel_Family
750,1,0,1,Potential_Novel_Family
304,1,0,1,Potential_Novel_Family
307,1,0,1,Potential_Novel_Family
308,1,0,1,Potential_Novel_Family
311,0,1,1,Known_Family_Only
313,1,0,1,Potential_Novel_Family
314,1,0,1,Potential_Novel_Family
315,1,0,1,Potential_Novel_Family
321,1,0,1,Potential_Novel_Family
322,0,1,1,Known_Family_Only
300,1,0,1,Potential_Novel_Family
245,1,0,1,Potential_Novel_Family
247,0,1,1,Known_Family_Only
249,0,1,1,Known_Family_Only
252,0,1,1,Known_Family_Only
254,1,0,1,Potential_Novel_Family
258,1,0,1,Potential_Novel_Family
260,1,0,1,Potential_Novel_Family
261,0,1,1,Known_Family_Only
262,1,0,1,Potential_Novel_Family
284,0,1,1,Known_Family_Only
264,0,1,1,Known_Family_Only
267,0,1,1,Known_Family_Only
271,0,1,1,Known_Family_Only
273,0,1,1,Known_Family_Only
274,1,0,1,Potential_Novel_Family
276,1,0,1,Potential_Novel_Family
278,0,1,1,Known_Family_Only
281,0,1,1,Known_Family_Only
283,1,0,1,Potential_Novel_Family
263,0,1,1,Known_Family_Only
381,0,1,1,Known_Family_Only
383,1,0,1,Potential_Novel_Family
384,0,1,1,Known_Family_Only
389,1,0,1,Potential_Novel_Family
390,1,0,1,Potential_Novel_Family
392,1,0,1,Potential_Novel_Family
397,1,0,1,Potential_Novel_Family
402,0,1,1,Known_Family_Only
323,1,0,1,Potential_Novel_Family
405,1,0,1,Potential_Novel_Family
407,0,1,1,Known_Family_Only
408,0,1,1,Known_Family_Only
421,0,1,1,Known_Family_Only
424,0,1,1,Known_Family_Only
427,0,1,1,Known_Family_Only
428,0,1,1,Known_Family_Only
432,1,0,1,Potential_Novel_Family
433,1,0,1,Potential_Novel_Family
403,0,1,1,Known_Family_Only
328,0,1,1,Known_Family_Only
334,1,0,1,Potential_Novel_Family
341,0,1,1,Known_Family_Only
345,0,1,1,Known_Family_Only
347,1,0,1,Potential_Novel_Family
348,0,1,1,Known_Family_Only
351,0,1,1,Known_Family_Only
352,1,0,1,Potential_Novel_Family
353,0,1,1,Known_Family_Only
379,1,0,1,Potential_Novel_Family
357,1,0,1,Potential_Novel_Family
361,1,0,1,Potential_Novel_Family
362,1,0,1,Potential_Novel_Family
366,0,1,1,Known_Family_Only
371,1,0,1,Potential_Novel_Family
372,1,0,1,Potential_Novel_Family
374,1,0,1,Potential_Novel_Family
375,1,0,1,Potential_Novel_Family
376,1,0,1,Potential_Novel_Family
356,0,1,1,Known_Family_Only
12878,0,1,1,Known_Family_Only
12879,1,0,1,Potential_Novel_Family
12880,0,1,1,Known_Family_Only
12881,1,0,1,Potential_Novel_Family
12882,0,1,1,Known_Family_Only
12883,1,0,1,Potential_Novel_Family
12884,0,1,1,Known_Family_Only
12885,0,1,1,Known_Family_Only
242,0,1,1,Known_Family_Only
12888,0,1,1,Known_Family_Only
12889,1,0,1,Potential_Novel_Family
12890,1,0,1,Potential_Novel_Family
12891,0,1,1,Known_Family_Only
63,0,1,1,Known_Family_Only
73,1,0,1,Potential_Novel_Family
76,1,0,1,Potential_Novel_Family
102,0,1,1,Known_Family_Only
104,1,0,1,Potential_Novel_Family
12886,0,1,1,Known_Family_Only
23,1,0,1,Potential_Novel_Family
12836,1,0,1,Potential_Novel_Family
12868,0,1,1,Known_Family_Only
12860,1,0,1,Potential_Novel_Family
12892,1,0,1,Potential_Novel_Family
12861,1,0,1,Potential_Novel_Family
12862,0,1,1,Known_Family_Only
12863,1,0,1,Potential_Novel_Family
12864,0,1,1,Known_Family_Only
12877,1,0,1,Potential_Novel_Family
12866,1,0,1,Potential_Novel_Family
12867,1,0,1,Potential_Novel_Family
12869,1,0,1,Potential_Novel_Family
12870,0,1,1,Known_Family_Only
12871,1,0,1,Potential_Novel_Family
12872,0,1,1,Known_Family_Only
12873,1,0,1,Potential_Novel_Family
12874,1,0,1,Potential_Novel_Family
12876,1,0,1,Potential_Novel_Family
12865,1,0,1,Potential_Novel_Family
195,1,0,1,Potential_Novel_Family
196,1,0,1,Potential_Novel_Family
198,1,0,1,Potential_Novel_Family
201,0,1,1,Known_Family_Only
205,1,0,1,Potential_Novel_Family
209,1,0,1,Potential_Novel_Family
212,0,1,1,Known_Family_Only
216,1,0,1,Potential_Novel_Family
111,1,0,1,Potential_Novel_Family
222,0,1,1,Known_Family_Only
223,0,1,1,Known_Family_Only
224,0,1,1,Known_Family_Only
233,1,0,1,Potential_Novel_Family
234,0,1,1,Known_Family_Only
235,1,0,1,Potential_Novel_Family
238,1,0,1,Potential_Novel_Family
239,0,1,1,Known_Family_Only
240,0,1,1,Known_Family_Only
219,0,1,1,Known_Family_Only
114,0,1,1,Known_Family_Only
115,1,0,1,Potential_Novel_Family
122,0,1,1,Known_Family_Only
124,1,0,1,Potential_Novel_Family
126,1,0,1,Potential_Novel_Family
131,1,0,1,Potential_Novel_Family
134,0,1,1,Known_Family_Only
136,0,1,1,Known_Family_Only
148,1,0,1,Potential_Novel_Family
190,1,0,1,Potential_Novel_Family
154,0,1,1,Known_Family_Only
156,1,0,1,Potential_Novel_Family
164,1,0,1,Potential_Novel_Family
166,0,1,1,Known_Family_Only
175,0,1,1,Known_Family_Only
179,0,1,1,Known_Family_Only
180,0,1,1,Known_Family_Only
182,1,0,1,Potential_Novel_Family
188,0,1,1,Known_Family_Only
153,1,0,1,Potential_Novel_Family
643,1,0,1,Potential_Novel_Family
644,1,0,1,Potential_Novel_Family
646,1,0,1,Potential_Novel_Family
649,0,1,1,Known_Family_Only
651,0,1,1,Known_Family_Only
652,0,1,1,Known_Family_Only
654,0,1,1,Known_Family_Only
656,0,1,1,Known_Family_Only
434,1,0,1,Potential_Novel_Family
659,0,1,1,Known_Family_Only
662,1,0,1,Potential_Novel_Family
663,1,0,1,Potential_Novel_Family
666,1,0,1,Potential_Novel_Family
668,0,1,1,Known_Family_Only
669,0,1,1,Known_Family_Only
670,1,0,1,Potential_Novel_Family
673,0,1,1,Known_Family_Only
676,0,1,1,Known_Family_Only
658,0,1,1,Known_Family_Only
600,1,0,1,Potential_Novel_Family
601,0,1,1,Known_Family_Only
608,0,1,1,Known_Family_Only
609,1,0,1,Potential_Novel_Family
610,0,1,1,Known_Family_Only
612,0,1,1,Known_Family_Only
616,1,0,1,Potential_Novel_Family
619,0,1,1,Known_Family_Only
621,1,0,1,Potential_Novel_Family
641,0,1,1,Known_Family_Only
624,1,0,1,Potential_Novel_Family
626,1,0,1,Potential_Novel_Family
627,0,1,1,Known_Family_Only
628,0,1,1,Known_Family_Only
629,1,0,1,Potential_Novel_Family
632,1,0,1,Potential_Novel_Family
636,1,0,1,Potential_Novel_Family
639,1,0,1,Potential_Novel_Family
640,1,0,1,Potential_Novel_Family
623,0,1,1,Known_Family_Only
717,0,1,1,Known_Family_Only
721,1,0,1,Potential_Novel_Family
722,1,0,1,Potential_Novel_Family
724,1,0,1,Potential_Novel_Family
727,1,0,1,Potential_Novel_Family
728,1,0,1,Potential_Novel_Family
729,0,1,1,Known_Family_Only
732,0,1,1,Known_Family_Only
677,1,0,1,Potential_Novel_Family
735,0,1,1,Known_Family_Only
741,1,0,1,Potential_Novel_Family
742,0,1,1,Known_Family_Only
743,1,0,1,Potential_Novel_Family
744,1,0,1,Potential_Novel_Family
745,1,0,1,Potential_Novel_Family
746,1,0,1,Potential_Novel_Family
748,1,0,1,Potential_Novel_Family
749,0,1,1,Known_Family_Only
734,1,0,1,Potential_Novel_Family
678,0,1,1,Known_Family_Only
679,0,1,1,Known_Family_Only
680,1,0,1,Potential_Novel_Family
687,1,0,1,Potential_Novel_Family
688,1,0,1,Potential_Novel_Family
689,0,1,1,Known_Family_Only
691,0,1,1,Known_Family_Only
692,1,0,1,Potential_Novel_Family
693,1,0,1,Potential_Novel_Family
715,1,0,1,Potential_Novel_Family
699,0,1,1,Known_Family_Only
701,0,1,1,Known_Family_Only
702,1,0,1,Potential_Novel_Family
703,1,0,1,Potential_Novel_Family
706,0,1,1,Known_Family_Only
707,1,0,1,Potential_Novel_Family
708,0,1,1,Known_Family_Only
712,1,0,1,Potential_Novel_Family
714,1,0,1,Potential_Novel_Family
695,1,0,1,Potential_Novel_Family
474,1,0,1,Potential_Novel_Family
475,0,1,1,Known_Family_Only
476,1,0,1,Potential_Novel_Family
479,0,1,1,Known_Family_Only
482,1,0,1,Potential_Novel_Family
484,1,0,1,Potential_Novel_Family
485,0,1,1,Known_Family_Only
488,1,0,1,Potential_Novel_Family
599,0,1,1,Known_Family_Only
493,0,1,1,Known_Family_Only
498,0,1,1,Known_Family_Only
499,0,1,1,Known_Family_Only
502,1,0,1,Potential_Novel_Family
503,0,1,1,Known_Family_Only
505,1,0,1,Potential_Novel_Family
506,0,1,1,Known_Family_Only
508,0,1,1,Known_Family_Only
512,0,1,1,Known_Family_Only
492,0,1,1,Known_Family_Only
436,1,0,1,Potential_Novel_Family
438,1,0,1,Potential_Novel_Family
439,0,1,1,Known_Family_Only
440,1,0,1,Potential_Novel_Family
442,1,0,1,Potential_Novel_Family
443,0,1,1,Known_Family_Only
444,1,0,1,Potential_Novel_Family
445,0,1,1,Known_Family_Only
450,0,1,1,Known_Family_Only
472,0,1,1,Known_Family_Only
455,1,0,1,Potential_Novel_Family
457,1,0,1,Potential_Novel_Family
459,0,1,1,Known_Family_Only
460,1,0,1,Potential_Novel_Family
461,1,0,1,Potential_Novel_Family
462,0,1,1,Known_Family_Only
463,1,0,1,Potential_Novel_Family
465,1,0,1,Potential_Novel_Family
470,1,0,1,Potential_Novel_Family
452,0,1,1,Known_Family_Only
569,0,1,1,Known_Family_Only
571,1,0,1,Potential_Novel_Family
572,0,1,1,Known_Family_Only
573,1,0,1,Potential_Novel_Family
575,1,0,1,Potential_Novel_Family
577,1,0,1,Potential_Novel_Family
579,1,0,1,Potential_Novel_Family
581,0,1,1,Known_Family_Only
582,1,0,1,Potential_Novel_Family
514,1,0,1,Potential_Novel_Family
585,1,0,1,Potential_Novel_Family
586,1,0,1,Potential_Novel_Family
588,1,0,1,Potential_Novel_Family
590,1,0,1,Potential_Novel_Family
591,1,0,1,Potential_Novel_Family
592,1,0,1,Potential_Novel_Family
595,1,0,1,Potential_Novel_Family
596,1,0,1,Potential_Novel_Family
597,0,1,1,Known_Family_Only
583,0,1,1,Known_Family_Only
516,1,0,1,Potential_Novel_Family
518,1,0,1,Potential_Novel_Family
521,0,1,1,Known_Family_Only
522,0,1,1,Known_Family_Only
530,0,1,1,Known_Family_Only
532,0,1,1,Known_Family_Only
535,1,0,1,Potential_Novel_Family
540,0,1,1,Known_Family_Only
543,0,1,1,Known_Family_Only
566,1,0,1,Potential_Novel_Family
546,0,1,1,Known_Family_Only
548,0,1,1,Known_Family_Only
549,1,0,1,Potential_Novel_Family
551,1,0,1,Potential_Novel_Family
554,0,1,1,Known_Family_Only
556,1,0,1,Potential_Novel_Family
559,0,1,1,Known_Family_Only
560,1,0,1,Potential_Novel_Family
564,1,0,1,Potential_Novel_Family
545,1,0,1,Potential_Novel_Family
1988,0,1,1,Known_Family_Only
1989,1,0,1,Potential_Novel_Family
1991,1,0,1,Potential_Novel_Family
1994,1,0,1,Potential_Novel_Family
1997,0,1,1,Known_Family_Only
1998,1,0,1,Potential_Novel_Family
2001,1,0,1,Potential_Novel_Family
2002,1,0,1,Potential_Novel_Family
1291,1,0,1,Potential_Novel_Family
2004,0,1,1,Known_Family_Only
2006,1,0,1,Potential_Novel_Family
2007,0,1,1,Known_Family_Only
2008,1,0,1,Potential_Novel_Family
2009,1,0,1,Potential_Novel_Family
2011,1,0,1,Potential_Novel_Family
2012,1,0,1,Potential_Novel_Family
2013,0,1,1,Known_Family_Only
2014,0,1,1,Known_Family_Only
2003,1,0,1,Potential_Novel_Family
1952,1,0,1,Potential_Novel_Family
1953,1,0,1,Potential_Novel_Family
1955,0,1,1,Known_Family_Only
1961,1,0,1,Potential_Novel_Family
1962,1,0,1,Potential_Novel_Family
1963,0,1,1,Known_Family_Only
1967,1,0,1,Potential_Novel_Family
1968,1,0,1,Potential_Novel_Family
1969,0,1,1,Known_Family_Only
1987,1,0,1,Potential_Novel_Family
1974,1,0,1,Potential_Novel_Family
1975,0,1,1,Known_Family_Only
1976,1,0,1,Potential_Novel_Family
1977,0,1,1,Known_Family_Only
1979,1,0,1,Potential_Novel_Family
1980,0,1,1,Known_Family_Only
1982,1,0,1,Potential_Novel_Family
1983,0,1,1,Known_Family_Only
1984,1,0,1,Potential_Novel_Family
1971,1,0,1,Potential_Novel_Family
2046,0,1,1,Known_Family_Only
2049,1,0,1,Potential_Novel_Family
2050,1,0,1,Potential_Novel_Family
2053,1,0,1,Potential_Novel_Family
2054,1,0,1,Potential_Novel_Family
2055,0,1,1,Known_Family_Only
2059,0,1,1,Known_Family_Only
2061,0,1,1,Known_Family_Only
2016,1,0,1,Potential_Novel_Family
2063,1,0,1,Potential_Novel_Family
2065,0,1,1,Known_Family_Only
2066,1,0,1,Potential_Novel_Family
2067,1,0,1,Potential_Novel_Family
2069,1,0,1,Potential_Novel_Family
2072,1,0,1,Potential_Novel_Family
2073,1,0,1,Potential_Novel_Family
2074,1,0,1,Potential_Novel_Family
2078,0,1,1,Known_Family_Only
2062,0,1,1,Known_Family_Only
2017,1,0,1,Potential_Novel_Family
2019,1,0,1,Potential_Novel_Family
2021,0,1,1,Known_Family_Only
2022,1,0,1,Potential_Novel_Family
2024,0,1,1,Known_Family_Only
2026,1,0,1,Potential_Novel_Family
2028,1,0,1,Potential_Novel_Family
2031,1,0,1,Potential_Novel_Family
2032,0,1,1,Known_Family_Only
2045,1,0,1,Potential_Novel_Family
2034,1,0,1,Potential_Novel_Family
2035,1,0,1,Potential_Novel_Family
2036,1,0,1,Potential_Novel_Family
2037,1,0,1,Potential_Novel_Family
2038,0,1,1,Known_Family_Only
2039,0,1,1,Known_Family_Only
2041,0,1,1,Known_Family_Only
2042,0,1,1,Known_Family_Only
2043,0,1,1,Known_Family_Only
2033,0,1,1,Known_Family_Only
1859,1,0,1,Potential_Novel_Family
1862,0,1,1,Known_Family_Only
1863,1,0,1,Potential_Novel_Family
1864,1,0,1,Potential_Novel_Family
1865,0,1,1,Known_Family_Only
1868,0,1,1,Known_Family_Only
1869,1,0,1,Potential_Novel_Family
1870,0,1,1,Known_Family_Only
1950,1,0,1,Potential_Novel_Family
1873,1,0,1,Potential_Novel_Family
1874,1,0,1,Potential_Novel_Family
1876,1,0,1,Potential_Novel_Family
1877,0,1,1,Known_Family_Only
1878,0,1,1,Known_Family_Only
1882,0,1,1,Known_Family_Only
1883,0,1,1,Known_Family_Only
1884,0,1,1,Known_Family_Only
1885,0,1,1,Known_Family_Only
1872,0,1,1,Known_Family_Only
1821,1,0,1,Potential_Novel_Family
1827,0,1,1,Known_Family_Only
1828,1,0,1,Potential_Novel_Family
1829,1,0,1,Potential_Novel_Family
1833,1,0,1,Potential_Novel_Family
1837,1,0,1,Potential_Novel_Family
1840,0,1,1,Known_Family_Only
1841,0,1,1,Known_Family_Only
1843,0,1,1,Known_Family_Only
1858,1,0,1,Potential_Novel_Family
1846,1,0,1,Potential_Novel_Family
1848,1,0,1,Potential_Novel_Family
1849,0,1,1,Known_Family_Only
1850,0,1,1,Known_Family_Only
1851,1,0,1,Potential_Novel_Family
1852,0,1,1,Known_Family_Only
1854,1,0,1,Potential_Novel_Family
1855,1,0,1,Potential_Novel_Family
1856,1,0,1,Potential_Novel_Family
1845,1,0,1,Potential_Novel_Family
1919,1,0,1,Potential_Novel_Family
1921,1,0,1,Potential_Novel_Family
1922,1,0,1,Potential_Novel_Family
1926,0,1,1,Known_Family_Only
1928,1,0,1,Potential_Novel_Family
1929,1,0,1,Potential_Novel_Family
1932,0,1,1,Known_Family_Only
1935,1,0,1,Potential_Novel_Family
1886,1,0,1,Potential_Novel_Family
1938,0,1,1,Known_Family_Only
1939,0,1,1,Known_Family_Only
1941,1,0,1,Potential_Novel_Family
1943,1,0,1,Potential_Novel_Family
1944,1,0,1,Potential_Novel_Family
1946,1,0,1,Potential_Novel_Family
1947,0,1,1,Known_Family_Only
1948,1,0,1,Potential_Novel_Family
1949,1,0,1,Potential_Novel_Family
1936,1,0,1,Potential_Novel_Family
1887,0,1,1,Known_Family_Only
1888,1,0,1,Potential_Novel_Family
1890,1,0,1,Potential_Novel_Family
1891,0,1,1,Known_Family_Only
1892,1,0,1,Potential_Novel_Family
1893,1,0,1,Potential_Novel_Family
1894,1,0,1,Potential_Novel_Family
1898,0,1,1,Known_Family_Only
1899,0,1,1,Known_Family_Only
1917,1,0,1,Potential_Novel_Family
1903,1,0,1,Potential_Novel_Family
1906,0,1,1,Known_Family_Only
1907,0,1,1,Known_Family_Only
1910,1,0,1,Potential_Novel_Family
1911,0,1,1,Known_Family_Only
1912,1,0,1,Potential_Novel_Family
1914,0,1,1,Known_Family_Only
1915,1,0,1,Potential_Novel_Family
1916,0,1,1,Known_Family_Only
1901,1,0,1,Potential_Novel_Family
2244,0,1,1,Known_Family_Only
2245,1,0,1,Potential_Novel_Family
2246,1,0,1,Potential_Novel_Family
2248,0,1,1,Known_Family_Only
2249,1,0,1,Potential_Novel_Family
2252,1,0,1,Potential_Novel_Family
2254,1,0,1,Potential_Novel_Family
2255,1,0,1,Potential_Novel_Family
2079,1,0,1,Potential_Novel_Family
2257,0,1,1,Known_Family_Only
2259,1,0,1,Potential_Novel_Family
2260,0,1,1,Known_Family_Only
2261,1,0,1,Potential_Novel_Family
2262,1,0,1,Potential_Novel_Family
2266,1,0,1,Potential_Novel_Family
2267,1,0,1,Potential_Novel_Family
2271,1,0,1,Potential_Novel_Family
2272,0,1,1,Known_Family_Only
2256,1,0,1,Potential_Novel_Family
2204,1,0,1,Potential_Novel_Family
2207,0,1,1,Known_Family_Only
2210,1,0,1,Potential_Novel_Family
2211,0,1,1,Known_Family_Only
2218,0,1,1,Known_Family_Only
2219,1,0,1,Potential_Novel_Family
2220,1,0,1,Potential_Novel_Family
2221,0,1,1,Known_Family_Only
2223,0,1,1,Known_Family_Only
2242,1,0,1,Potential_Novel_Family
2228,1,0,1,Potential_Novel_Family
2230,0,1,1,Known_Family_Only
2232,1,0,1,Potential_Novel_Family
2233,1,0,1,Potential_Novel_Family
2235,0,1,1,Known_Family_Only
2238,1,0,1,Potential_Novel_Family
2239,1,0,1,Potential_Novel_Family
2240,1,0,1,Potential_Novel_Family
2241,1,0,1,Potential_Novel_Family
2224,1,0,1,Potential_Novel_Family
2304,0,1,1,Known_Family_Only
2308,1,0,1,Potential_Novel_Family
2309,1,0,1,Potential_Novel_Family
2310,1,0,1,Potential_Novel_Family
2312,0,1,1,Known_Family_Only
2315,1,0,1,Potential_Novel_Family
2317,0,1,1,Known_Family_Only
2318,1,0,1,Potential_Novel_Family
2273,1,0,1,Potential_Novel_Family
2324,1,0,1,Potential_Novel_Family
2325,0,1,1,Known_Family_Only
2326,1,0,1,Potential_Novel_Family
2327,1,0,1,Potential_Novel_Family
2328,0,1,1,Known_Family_Only
2329,1,0,1,Potential_Novel_Family
2332,1,0,1,Potential_Novel_Family
2335,1,0,1,Potential_Novel_Family
2338,0,1,1,Known_Family_Only
2321,0,1,1,Known_Family_Only
2274,0,1,1,Known_Family_Only
2275,0,1,1,Known_Family_Only
2277,1,0,1,Potential_Novel_Family
2279,0,1,1,Known_Family_Only
2281,1,0,1,Potential_Novel_Family
2282,0,1,1,Known_Family_Only
2284,0,1,1,Known_Family_Only
2286,1,0,1,Potential_Novel_Family
2287,1,0,1,Potential_Novel_Family
2303,0,1,1,Known_Family_Only
2289,1,0,1,Potential_Novel_Family
2291,1,0,1,Potential_Novel_Family
2292,1,0,1,Potential_Novel_Family
2293,0,1,1,Known_Family_Only
2294,0,1,1,Known_Family_Only
2296,0,1,1,Known_Family_Only
2297,1,0,1,Potential_Novel_Family
2299,1,0,1,Potential_Novel_Family
2302,1,0,1,Potential_Novel_Family
2288,1,0,1,Potential_Novel_Family
2112,0,1,1,Known_Family_Only
2113,0,1,1,Known_Family_Only
2114,0,1,1,Known_Family_Only
2116,1,0,1,Potential_Novel_Family
2117,1,0,1,Potential_Novel_Family
2120,1,0,1,Potential_Novel_Family
2122,1,0,1,Potential_Novel_Family
2123,1,0,1,Potential_Novel_Family
2202,0,1,1,Known_Family_Only
2125,0,1,1,Known_Family_Only
2126,1,0,1,Potential_Novel_Family
2131,1,0,1,Potential_Novel_Family
2132,1,0,1,Potential_Novel_Family
2133,1,0,1,Potential_Novel_Family
2135,1,0,1,Potential_Novel_Family
2136,0,1,1,Known_Family_Only
2138,0,1,1,Known_Family_Only
2140,1,0,1,Potential_Novel_Family
2124,1,0,1,Potential_Novel_Family
2080,0,1,1,Known_Family_Only
2081,0,1,1,Known_Family_Only
2083,1,0,1,Potential_Novel_Family
2086,0,1,1,Known_Family_Only
2087,1,0,1,Potential_Novel_Family
2088,0,1,1,Known_Family_Only
2089,1,0,1,Potential_Novel_Family
2091,0,1,1,Known_Family_Only
2092,1,0,1,Potential_Novel_Family
2111,1,0,1,Potential_Novel_Family
2096,1,0,1,Potential_Novel_Family
2097,0,1,1,Known_Family_Only
2098,1,0,1,Potential_Novel_Family
2099,1,0,1,Potential_Novel_Family
2103,1,0,1,Potential_Novel_Family
2105,0,1,1,Known_Family_Only
2107,0,1,1,Known_Family_Only
2109,0,1,1,Known_Family_Only
2110,0,1,1,Known_Family_Only
2095,0,1,1,Known_Family_Only
2176,0,1,1,Known_Family_Only
2177,1,0,1,Potential_Novel_Family
2178,1,0,1,Potential_Novel_Family
2179,1,0,1,Potential_Novel_Family
2180,1,0,1,Potential_Novel_Family
2182,1,0,1,Potential_Novel_Family
2185,1,0,1,Potential_Novel_Family
2186,0,1,1,Known_Family_Only
2187,1,0,1,Potential_Novel_Family
2141,1,0,1,Potential_Novel_Family
2190,1,0,1,Potential_Novel_Family
2191,0,1,1,Known_Family_Only
2192,1,0,1,Potential_Novel_Family
2195,1,0,1,Potential_Novel_Family
2196,1,0,1,Potential_Novel_Family
2198,1,0,1,Potential_Novel_Family
2199,0,1,1,Known_Family_Only
2200,0,1,1,Known_Family_Only
2201,0,1,1,Known_Family_Only
2189,0,1,1,Known_Family_Only
2142,1,0,1,Potential_Novel_Family
2143,1,0,1,Potential_Novel_Family
2146,0,1,1,Known_Family_Only
2148,1,0,1,Potential_Novel_Family
2149,1,0,1,Potential_Novel_Family
2151,1,0,1,Potential_Novel_Family
2153,1,0,1,Potential_Novel_Family
2155,1,0,1,Potential_Novel_Family
2156,0,1,1,Known_Family_Only
2175,1,0,1,Potential_Novel_Family
2159,0,1,1,Known_Family_Only
2161,1,0,1,Potential_Novel_Family
2163,1,0,1,Potential_Novel_Family
2165,1,0,1,Potential_Novel_Family
2167,1,0,1,Potential_Novel_Family
2168,1,0,1,Potential_Novel_Family
2169,0,1,1,Known_Family_Only
2171,0,1,1,Known_Family_Only
2172,1,0,1,Potential_Novel_Family
2158,1,0,1,Potential_Novel_Family
1460,0,1,1,Known_Family_Only
1461,1,0,1,Potential_Novel_Family
1462,0,1,1,Known_Family_Only
1464,1,0,1,Potential_Novel_Family
1465,0,1,1,Known_Family_Only
1466,0,1,1,Known_Family_Only
1469,1,0,1,Potential_Novel_Family
1472,1,0,1,Potential_Novel_Family
1819,1,0,1,Potential_Novel_Family
1474,0,1,1,Known_Family_Only
1475,1,0,1,Potential_Novel_Family
1476,1,0,1,Potential_Novel_Family
1478,0,1,1,Known_Family_Only
1479,0,1,1,Known_Family_Only
1481,1,0,1,Potential_Novel_Family
1482,0,1,1,Known_Family_Only
1483,1,0,1,Potential_Novel_Family
1484,0,1,1,Known_Family_Only
1473,1,0,1,Potential_Novel_Family
1422,1,0,1,Potential_Novel_Family
1426,1,0,1,Potential_Novel_Family
1428,1,0,1,Potential_Novel_Family
1429,1,0,1,Potential_Novel_Family
1430,1,0,1,Potential_Novel_Family
1431,0,1,1,Known_Family_Only
1433,1,0,1,Potential_Novel_Family
1435,1,0,1,Potential_Novel_Family
1436,1,0,1,Potential_Novel_Family
1459,0,1,1,Known_Family_Only
1439,1,0,1,Potential_Novel_Family
1441,1,0,1,Potential_Novel_Family
1444,1,0,1,Potential_Novel_Family
1446,0,1,1,Known_Family_Only
1449,0,1,1,Known_Family_Only
1450,1,0,1,Potential_Novel_Family
1451,0,1,1,Known_Family_Only
1452,1,0,1,Potential_Novel_Family
1455,0,1,1,Known_Family_Only
1438,1,0,1,Potential_Novel_Family
1523,1,0,1,Potential_Novel_Family
1524,1,0,1,Potential_Novel_Family
1526,0,1,1,Known_Family_Only
1528,1,0,1,Potential_Novel_Family
1530,1,0,1,Potential_Novel_Family
1534,0,1,1,Known_Family_Only
1536,1,0,1,Potential_Novel_Family
1538,0,1,1,Known_Family_Only
1485,1,0,1,Potential_Novel_Family
1541,0,1,1,Known_Family_Only
1544,0,1,1,Known_Family_Only
1545,1,0,1,Potential_Novel_Family
1547,1,0,1,Potential_Novel_Family
1550,1,0,1,Potential_Novel_Family
1552,0,1,1,Known_Family_Only
1553,1,0,1,Potential_Novel_Family
1554,0,1,1,Known_Family_Only
1555,1,0,1,Potential_Novel_Family
1540,1,0,1,Potential_Novel_Family
1488,0,1,1,Known_Family_Only
1490,1,0,1,Potential_Novel_Family
1491,0,1,1,Known_Family_Only
1494,1,0,1,Potential_Novel_Family
1495,0,1,1,Known_Family_Only
1496,1,0,1,Potential_Novel_Family
1498,1,0,1,Potential_Novel_Family
1499,1,0,1,Potential_Novel_Family
1500,1,0,1,Potential_Novel_Family
1521,1,0,1,Potential_Novel_Family
1503,1,0,1,Potential_Novel_Family
1505,1,0,1,Potential_Novel_Family
1506,1,0,1,Potential_Novel_Family
1509,1,0,1,Potential_Novel_Family
1512,0,1,1,Known_Family_Only
1513,0,1,1,Known_Family_Only
1515,1,0,1,Potential_Novel_Family
1517,1,0,1,Potential_Novel_Family
1518,1,0,1,Potential_Novel_Family
1501,1,0,1,Potential_Novel_Family
1329,1,0,1,Potential_Novel_Family
1331,0,1,1,Known_Family_Only
1333,0,1,1,Known_Family_Only
1334,1,0,1,Potential_Novel_Family
1336,1,0,1,Potential_Novel_Family
1338,1,0,1,Potential_Novel_Family
1343,0,1,1,Known_Family_Only
1344,0,1,1,Known_Family_Only
1420,1,0,1,Potential_Novel_Family
1347,1,0,1,Potential_Novel_Family
1348,0,1,1,Known_Family_Only
1350,1,0,1,Potential_Novel_Family
1351,1,0,1,Potential_Novel_Family
1352,1,0,1,Potential_Novel_Family
1354,1,0,1,Potential_Novel_Family
1355,1,0,1,Potential_Novel_Family
1356,1,0,1,Potential_Novel_Family
1359,1,0,1,Potential_Novel_Family
1346,0,1,1,Known_Family_Only
1292,0,1,1,Known_Family_Only
1296,1,0,1,Potential_Novel_Family
1297,1,0,1,Potential_Novel_Family
1298,1,0,1,Potential_Novel_Family
1299,1,0,1,Potential_Novel_Family
1300,1,0,1,Potential_Novel_Family
1302,1,0,1,Potential_Novel_Family
1303,0,1,1,Known_Family_Only
1304,1,0,1,Potential_Novel_Family
1328,0,1,1,Known_Family_Only
1306,0,1,1,Known_Family_Only
1307,1,0,1,Potential_Novel_Family
1311,1,0,1,Potential_Novel_Family
1313,1,0,1,Potential_Novel_Family
1314,1,0,1,Potential_Novel_Family
1319,0,1,1,Known_Family_Only
1321,1,0,1,Potential_Novel_Family
1325,1,0,1,Potential_Novel_Family
1326,0,1,1,Known_Family_Only
1305,0,1,1,Known_Family_Only
1399,0,1,1,Known_Family_Only
1400,0,1,1,Known_Family_Only
1401,1,0,1,Potential_Novel_Family
1402,1,0,1,Potential_Novel_Family
1403,1,0,1,Potential_Novel_Family
1404,1,0,1,Potential_Novel_Family
1405,1,0,1,Potential_Novel_Family
1406,1,0,1,Potential_Novel_Family
1360,1,0,1,Potential_Novel_Family
1408,0,1,1,Known_Family_Only
1409,0,1,1,Known_Family_Only
1410,0,1,1,Known_Family_Only
1412,1,0,1,Potential_Novel_Family
1413,1,0,1,Potential_Novel_Family
1414,0,1,1,Known_Family_Only
1416,1,0,1,Potential_Novel_Family
1418,0,1,1,Known_Family_Only
1419,0,1,1,Known_Family_Only
1407,1,0,1,Potential_Novel_Family
1363,0,1,1,Known_Family_Only
1367,1,0,1,Potential_Novel_Family
1368,0,1,1,Known_Family_Only
1369,1,0,1,Potential_Novel_Family
1370,1,0,1,Potential_Novel_Family
1372,0,1,1,Known_Family_Only
1374,1,0,1,Potential_Novel_Family
1377,0,1,1,Known_Family_Only
1378,1,0,1,Potential_Novel_Family
1398,0,1,1,Known_Family_Only
1381,0,1,1,Known_Family_Only
1382,1,0,1,Potential_Novel_Family
1386,1,0,1,Potential_Novel_Family
1388,1,0,1,Potential_Novel_Family
1389,0,1,1,Known_Family_Only
1391,1,0,1,Potential_Novel_Family
1393,1,0,1,Potential_Novel_Family
1395,0,1,1,Known_Family_Only
1397,1,0,1,Potential_Novel_Family
1379,0,1,1,Known_Family_Only
1727,0,1,1,Known_Family_Only
1728,1,0,1,Potential_Novel_Family
1729,1,0,1,Potential_Novel_Family
1730,1,0,1,Potential_Novel_Family
1731,0,1,1,Known_Family_Only
1732,0,1,1,Known_Family_Only
1733,1,0,1,Potential_Novel_Family
1734,1,0,1,Potential_Novel_Family
1557,1,0,1,Potential_Novel_Family
1736,1,0,1,Potential_Novel_Family
1737,0,1,1,Known_Family_Only
1738,0,1,1,Known_Family_Only
1740,1,0,1,Potential_Novel_Family
1741,1,0,1,Potential_Novel_Family
1743,0,1,1,Known_Family_Only
1747,0,1,1,Known_Family_Only
1748,0,1,1,Known_Family_Only
1750,1,0,1,Potential_Novel_Family
1735,0,1,1,Known_Family_Only
1697,1,0,1,Potential_Novel_Family
1698,1,0,1,Potential_Novel_Family
1699,1,0,1,Potential_Novel_Family
1700,0,1,1,Known_Family_Only
1701,0,1,1,Known_Family_Only
1703,0,1,1,Known_Family_Only
1704,1,0,1,Potential_Novel_Family
1708,0,1,1,Known_Family_Only
1709,0,1,1,Known_Family_Only
1726,1,0,1,Potential_Novel_Family
1713,0,1,1,Known_Family_Only
1715,0,1,1,Known_Family_Only
1716,0,1,1,Known_Family_Only
1717,1,0,1,Potential_Novel_Family
1718,0,1,1,Known_Family_Only
1719,1,0,1,Potential_Novel_Family
1720,0,1,1,Known_Family_Only
1721,1,0,1,Potential_Novel_Family
1725,0,1,1,Known_Family_Only
1711,1,0,1,Potential_Novel_Family
1785,0,1,1,Known_Family_Only
1789,1,0,1,Potential_Novel_Family
1790,0,1,1,Known_Family_Only
1792,1,0,1,Potential_Novel_Family
1793,0,1,1,Known_Family_Only
1794,0,1,1,Known_Family_Only
1795,0,1,1,Known_Family_Only
1797,1,0,1,Potential_Novel_Family
1751,0,1,1,Known_Family_Only
1800,1,0,1,Potential_Novel_Family
1801,1,0,1,Potential_Novel_Family
1802,0,1,1,Known_Family_Only
1804,1,0,1,Potential_Novel_Family
1805,1,0,1,Potential_Novel_Family
1806,0,1,1,Known_Family_Only
1810,0,1,1,Known_Family_Only
1813,1,0,1,Potential_Novel_Family
1817,0,1,1,Known_Family_Only
1799,1,0,1,Potential_Novel_Family
1752,1,0,1,Potential_Novel_Family
1753,1,0,1,Potential_Novel_Family
1754,0,1,1,Known_Family_Only
1756,1,0,1,Potential_Novel_Family
1758,0,1,1,Known_Family_Only
1760,0,1,1,Known_Family_Only
1763,1,0,1,Potential_Novel_Family
1765,0,1,1,Known_Family_Only
1767,1,0,1,Potential_Novel_Family
1784,1,0,1,Potential_Novel_Family
1771,1,0,1,Potential_Novel_Family
1774,1,0,1,Potential_Novel_Family
1775,1,0,1,Potential_Novel_Family
1776,1,0,1,Potential_Novel_Family
1777,1,0,1,Potential_Novel_Family
1778,1,0,1,Potential_Novel_Family
1779,0,1,1,Known_Family_Only
1781,0,1,1,Known_Family_Only
1783,1,0,1,Potential_Novel_Family
1769,1,0,1,Potential_Novel_Family
1591,1,0,1,Potential_Novel_Family
1593,1,0,1,Potential_Novel_Family
1596,0,1,1,Known_Family_Only
1597,1,0,1,Potential_Novel_Family
1600,0,1,1,Known_Family_Only
1601,1,0,1,Potential_Novel_Family
1602,0,1,1,Known_Family_Only
1604,0,1,1,Known_Family_Only
1696,1,0,1,Potential_Novel_Family
1607,0,1,1,Known_Family_Only
1609,1,0,1,Potential_Novel_Family
1610,1,0,1,Potential_Novel_Family
1615,0,1,1,Known_Family_Only
1619,1,0,1,Potential_Novel_Family
1620,1,0,1,Potential_Novel_Family
1621,0,1,1,Known_Family_Only
1624,1,0,1,Potential_Novel_Family
1628,1,0,1,Potential_Novel_Family
1606,0,1,1,Known_Family_Only
1558,1,0,1,Potential_Novel_Family
1560,0,1,1,Known_Family_Only
1561,1,0,1,Potential_Novel_Family
1564,0,1,1,Known_Family_Only
1565,1,0,1,Potential_Novel_Family
1566,0,1,1,Known_Family_Only
1567,0,1,1,Known_Family_Only
1568,1,0,1,Potential_Novel_Family
1569,0,1,1,Known_Family_Only
1588,1,0,1,Potential_Novel_Family
1572,1,0,1,Potential_Novel_Family
1574,1,0,1,Potential_Novel_Family
1577,1,0,1,Potential_Novel_Family
1578,1,0,1,Potential_Novel_Family
1579,0,1,1,Known_Family_Only
1580,0,1,1,Known_Family_Only
1581,1,0,1,Potential_Novel_Family
1586,0,1,1,Known_Family_Only
1587,1,0,1,Potential_Novel_Family
1571,1,0,1,Potential_Novel_Family
1665,0,1,1,Known_Family_Only
1667,1,0,1,Potential_Novel_Family
1668,1,0,1,Potential_Novel_Family
1670,1,0,1,Potential_Novel_Family
1678,1,0,1,Potential_Novel_Family
1679,0,1,1,Known_Family_Only
1681,1,0,1,Potential_Novel_Family
1682,0,1,1,Known_Family_Only
1683,0,1,1,Known_Family_Only
1631,1,0,1,Potential_Novel_Family
1685,0,1,1,Known_Family_Only
1688,1,0,1,Potential_Novel_Family
1689,1,0,1,Potential_Novel_Family
1690,1,0,1,Potential_Novel_Family
1691,1,0,1,Potential_Novel_Family
1692,0,1,1,Known_Family_Only
1693,1,0,1,Potential_Novel_Family
1694,1,0,1,Potential_Novel_Family
1695,1,0,1,Potential_Novel_Family
1684,1,0,1,Potential_Novel_Family
1632,0,1,1,Known_Family_Only
1633,1,0,1,Potential_Novel_Family
1634,0,1,1,Known_Family_Only
1635,1,0,1,Potential_Novel_Family
1638,0,1,1,Known_Family_Only
1640,1,0,1,Potential_Novel_Family
1642,1,0,1,Potential_Novel_Family
1644,1,0,1,Potential_Novel_Family
1647,1,0,1,Potential_Novel_Family
1664,1,0,1,Potential_Novel_Family
1651,1,0,1,Potential_Novel_Family
1652,1,0,1,Potential_Novel_Family
1654,1,0,1,Potential_Novel_Family
1655,1,0,1,Potential_Novel_Family
1656,0,1,1,Known_Family_Only
1657,1,0,1,Potential_Novel_Family
1658,1,0,1,Potential_Novel_Family
1659,1,0,1,Potential_Novel_Family
1663,0,1,1,Known_Family_Only
1648,0,1,1,Known_Family_Only
6724,1,0,1,Potential_Novel_Family
6727,0,1,1,Known_Family_Only
6728,0,1,1,Known_Family_Only
6731,1,0,1,Potential_Novel_Family
6732,1,0,1,Potential_Novel_Family
6733,1,0,1,Potential_Novel_Family
6734,0,1,1,Known_Family_Only
6735,1,0,1,Potential_Novel_Family
4305,1,0,1,Potential_Novel_Family
6738,1,0,1,Potential_Novel_Family
6743,0,1,1,Known_Family_Only
6745,1,0,1,Potential_Novel_Family
6746,1,0,1,Potential_Novel_Family
6747,1,0,1,Potential_Novel_Family
6748,1,0,1,Potential_Novel_Family
6749,0,1,1,Known_Family_Only
6750,0,1,1,Known_Family_Only
6751,1,0,1,Potential_Novel_Family
6737,1,0,1,Potential_Novel_Family
6691,1,0,1,Potential_Novel_Family
6692,1,0,1,Potential_Novel_Family
6695,1,0,1,Potential_Novel_Family
6696,0,1,1,Known_Family_Only
6697,1,0,1,Potential_Novel_Family
6701,1,0,1,Potential_Novel_Family
6702,1,0,1,Potential_Novel_Family
6703,1,0,1,Potential_Novel_Family
6705,1,0,1,Potential_Novel_Family
6723,1,0,1,Potential_Novel_Family
6707,0,1,1,Known_Family_Only
6709,0,1,1,Known_Family_Only
6710,0,1,1,Known_Family_Only
6712,0,1,1,Known_Family_Only
6713,0,1,1,Known_Family_Only
6715,1,0,1,Potential_Novel_Family
6716,0,1,1,Known_Family_Only
6717,1,0,1,Potential_Novel_Family
6719,1,0,1,Potential_Novel_Family
6706,1,0,1,Potential_Novel_Family
6776,1,0,1,Potential_Novel_Family
6777,1,0,1,Potential_Novel_Family
6778,0,1,1,Known_Family_Only
6779,1,0,1,Potential_Novel_Family
6780,1,0,1,Potential_Novel_Family
6781,0,1,1,Known_Family_Only
6782,0,1,1,Known_Family_Only
6783,0,1,1,Known_Family_Only
6752,1,0,1,Potential_Novel_Family
6785,1,0,1,Potential_Novel_Family
6786,1,0,1,Potential_Novel_Family
6787,1,0,1,Potential_Novel_Family
6790,0,1,1,Known_Family_Only
6791,1,0,1,Potential_Novel_Family
6792,0,1,1,Known_Family_Only
6794,1,0,1,Potential_Novel_Family
6795,1,0,1,Potential_Novel_Family
6796,1,0,1,Potential_Novel_Family
6784,1,0,1,Potential_Novel_Family
6754,1,0,1,Potential_Novel_Family
6755,0,1,1,Known_Family_Only
6756,1,0,1,Potential_Novel_Family
6757,1,0,1,Potential_Novel_Family
6758,0,1,1,Known_Family_Only
6759,1,0,1,Potential_Novel_Family
6760,0,1,1,Known_Family_Only
6761,1,0,1,Potential_Novel_Family
6762,1,0,1,Potential_Novel_Family
6775,1,0,1,Potential_Novel_Family
6764,1,0,1,Potential_Novel_Family
6766,1,0,1,Potential_Novel_Family
6767,1,0,1,Potential_Novel_Family
6768,1,0,1,Potential_Novel_Family
6769,1,0,1,Potential_Novel_Family
6770,1,0,1,Potential_Novel_Family
6771,1,0,1,Potential_Novel_Family
6773,1,0,1,Potential_Novel_Family
6774,0,1,1,Known_Family_Only
6763,1,0,1,Potential_Novel_Family
6608,1,0,1,Potential_Novel_Family
6609,0,1,1,Known_Family_Only
6612,1,0,1,Potential_Novel_Family
6613,0,1,1,Known_Family_Only
6614,1,0,1,Potential_Novel_Family
6615,1,0,1,Potential_Novel_Family
6616,1,0,1,Potential_Novel_Family
6618,1,0,1,Potential_Novel_Family
6689,1,0,1,Potential_Novel_Family
6621,0,1,1,Known_Family_Only
6623,1,0,1,Potential_Novel_Family
6624,1,0,1,Potential_Novel_Family
6625,0,1,1,Known_Family_Only
6627,0,1,1,Known_Family_Only
6629,0,1,1,Known_Family_Only
6630,1,0,1,Potential_Novel_Family
6632,1,0,1,Potential_Novel_Family
6635,1,0,1,Potential_Novel_Family
6620,1,0,1,Potential_Novel_Family
6580,0,1,1,Known_Family_Only
6586,0,1,1,Known_Family_Only
6588,1,0,1,Potential_Novel_Family
6589,1,0,1,Potential_Novel_Family
6590,0,1,1,Known_Family_Only
6591,1,0,1,Potential_Novel_Family
6593,0,1,1,Known_Family_Only
6594,1,0,1,Potential_Novel_Family
6596,0,1,1,Known_Family_Only
6607,1,0,1,Potential_Novel_Family
6598,0,1,1,Known_Family_Only
6599,1,0,1,Potential_Novel_Family
6600,1,0,1,Potential_Novel_Family
6601,1,0,1,Potential_Novel_Family
6602,0,1,1,Known_Family_Only
6603,1,0,1,Potential_Novel_Family
6604,1,0,1,Potential_Novel_Family
6605,0,1,1,Known_Family_Only
6606,1,0,1,Potential_Novel_Family
6597,1,0,1,Potential_Novel_Family
6667,1,0,1,Potential_Novel_Family
6668,1,0,1,Potential_Novel_Family
6670,0,1,1,Known_Family_Only
6671,1,0,1,Potential_Novel_Family
6672,1,0,1,Potential_Novel_Family
6674,1,0,1,Potential_Novel_Family
6675,1,0,1,Potential_Novel_Family
6677,1,0,1,Potential_Novel_Family
6636,1,0,1,Potential_Novel_Family
6679,1,0,1,Potential_Novel_Family
6680,1,0,1,Potential_Novel_Family
6681,0,1,1,Known_Family_Only
6682,1,0,1,Potential_Novel_Family
6683,1,0,1,Potential_Novel_Family
6685,0,1,1,Known_Family_Only
6686,1,0,1,Potential_Novel_Family
6687,0,1,1,Known_Family_Only
6688,0,1,1,Known_Family_Only
6678,1,0,1,Potential_Novel_Family
6637,0,1,1,Known_Family_Only
6638,1,0,1,Potential_Novel_Family
6639,1,0,1,Potential_Novel_Family
6640,1,0,1,Potential_Novel_Family
6641,1,0,1,Potential_Novel_Family
6642,1,0,1,Potential_Novel_Family
6646,1,0,1,Potential_Novel_Family
6648,0,1,1,Known_Family_Only
6650,0,1,1,Known_Family_Only
6665,0,1,1,Known_Family_Only
6652,0,1,1,Known_Family_Only
6653,0,1,1,Known_Family_Only
6654,0,1,1,Known_Family_Only
6655,1,0,1,Potential_Novel_Family
6657,1,0,1,Potential_Novel_Family
6660,0,1,1,Known_Family_Only
6662,0,1,1,Known_Family_Only
6663,0,1,1,Known_Family_Only
6664,1,0,1,Potential_Novel_Family
6651,1,0,1,Potential_Novel_Family
6936,0,1,1,Known_Family_Only
6937,1,0,1,Potential_Novel_Family
6938,1,0,1,Potential_Novel_Family
6939,1,0,1,Potential_Novel_Family
6940,0,1,1,Known_Family_Only
6941,1,0,1,Potential_Novel_Family
6942,1,0,1,Potential_Novel_Family
6943,1,0,1,Potential_Novel_Family
6797,1,0,1,Potential_Novel_Family
6947,0,1,1,Known_Family_Only
6948,1,0,1,Potential_Novel_Family
6949,1,0,1,Potential_Novel_Family
6950,0,1,1,Known_Family_Only
6952,0,1,1,Known_Family_Only
6953,1,0,1,Potential_Novel_Family
6954,1,0,1,Potential_Novel_Family
6955,0,1,1,Known_Family_Only
6956,1,0,1,Potential_Novel_Family
6946,0,1,1,Known_Family_Only
6903,0,1,1,Known_Family_Only
6904,1,0,1,Potential_Novel_Family
6905,1,0,1,Potential_Novel_Family
6906,1,0,1,Potential_Novel_Family
6907,0,1,1,Known_Family_Only
6908,1,0,1,Potential_Novel_Family
6911,1,0,1,Potential_Novel_Family
6914,1,0,1,Potential_Novel_Family
6919,0,1,1,Known_Family_Only
6935,0,1,1,Known_Family_Only
6924,0,1,1,Known_Family_Only
6925,1,0,1,Potential_Novel_Family
6926,0,1,1,Known_Family_Only
6927,0,1,1,Known_Family_Only
6928,0,1,1,Known_Family_Only
6929,1,0,1,Potential_Novel_Family
6931,1,0,1,Potential_Novel_Family
6932,1,0,1,Potential_Novel_Family
6933,1,0,1,Potential_Novel_Family
6921,1,0,1,Potential_Novel_Family
6988,0,1,1,Known_Family_Only
6989,0,1,1,Known_Family_Only
6990,0,1,1,Known_Family_Only
6991,1,0,1,Potential_Novel_Family
6993,1,0,1,Potential_Novel_Family
6994,0,1,1,Known_Family_Only
6996,0,1,1,Known_Family_Only
6997,0,1,1,Known_Family_Only
6957,1,0,1,Potential_Novel_Family
7000,1,0,1,Potential_Novel_Family
7001,1,0,1,Potential_Novel_Family
7002,1,0,1,Potential_Novel_Family
7003,1,0,1,Potential_Novel_Family
7004,0,1,1,Known_Family_Only
7006,1,0,1,Potential_Novel_Family
7007,0,1,1,Known_Family_Only
7008,1,0,1,Potential_Novel_Family
7011,0,1,1,Known_Family_Only
6998,1,0,1,Potential_Novel_Family
6959,1,0,1,Potential_Novel_Family
6960,1,0,1,Potential_Novel_Family
6964,0,1,1,Known_Family_Only
6965,1,0,1,Potential_Novel_Family
6966,0,1,1,Known_Family_Only
6968,1,0,1,Potential_Novel_Family
6969,0,1,1,Known_Family_Only
6970,0,1,1,Known_Family_Only
6971,0,1,1,Known_Family_Only
6987,1,0,1,Potential_Novel_Family
6974,1,0,1,Potential_Novel_Family
6975,0,1,1,Known_Family_Only
6976,1,0,1,Potential_Novel_Family
6977,0,1,1,Known_Family_Only
6978,1,0,1,Potential_Novel_Family
6979,0,1,1,Known_Family_Only
6981,0,1,1,Known_Family_Only
6982,0,1,1,Known_Family_Only
6983,1,0,1,Potential_Novel_Family
6973,1,0,1,Potential_Novel_Family
6825,1,0,1,Potential_Novel_Family
6827,0,1,1,Known_Family_Only
6828,1,0,1,Potential_Novel_Family
6829,0,1,1,Known_Family_Only
6831,1,0,1,Potential_Novel_Family
6835,1,0,1,Potential_Novel_Family
6836,1,0,1,Potential_Novel_Family
6837,0,1,1,Known_Family_Only
6901,1,0,1,Potential_Novel_Family
6839,1,0,1,Potential_Novel_Family
6841,0,1,1,Known_Family_Only
6842,0,1,1,Known_Family_Only
6843,0,1,1,Known_Family_Only
6844,1,0,1,Potential_Novel_Family
6845,0,1,1,Known_Family_Only
6846,0,1,1,Known_Family_Only
6847,1,0,1,Potential_Novel_Family
6849,1,0,1,Potential_Novel_Family
6838,0,1,1,Known_Family_Only
6798,1,0,1,Potential_Novel_Family
6799,1,0,1,Potential_Novel_Family
6800,1,0,1,Potential_Novel_Family
6801,1,0,1,Potential_Novel_Family
6802,1,0,1,Potential_Novel_Family
6803,1,0,1,Potential_Novel_Family
6804,1,0,1,Potential_Novel_Family
6805,1,0,1,Potential_Novel_Family
6807,1,0,1,Potential_Novel_Family
6822,1,0,1,Potential_Novel_Family
6809,0,1,1,Known_Family_Only
6810,0,1,1,Known_Family_Only
6812,1,0,1,Potential_Novel_Family
6816,0,1,1,Known_Family_Only
6817,1,0,1,Potential_Novel_Family
6818,1,0,1,Potential_Novel_Family
6819,1,0,1,Potential_Novel_Family
6820,0,1,1,Known_Family_Only
6821,1,0,1,Potential_Novel_Family
6808,1,0,1,Potential_Novel_Family
6877,1,0,1,Potential_Novel_Family
6879,1,0,1,Potential_Novel_Family
6880,1,0,1,Potential_Novel_Family
6881,0,1,1,Known_Family_Only
6883,1,0,1,Potential_Novel_Family
6886,1,0,1,Potential_Novel_Family
6887,1,0,1,Potential_Novel_Family
6888,0,1,1,Known_Family_Only
6850,0,1,1,Known_Family_Only
6891,1,0,1,Potential_Novel_Family
6892,1,0,1,Potential_Novel_Family
6893,1,0,1,Potential_Novel_Family
6894,0,1,1,Known_Family_Only
6895,1,0,1,Potential_Novel_Family
6897,1,0,1,Potential_Novel_Family
6898,0,1,1,Known_Family_Only
6899,0,1,1,Known_Family_Only
6900,1,0,1,Potential_Novel_Family
6890,1,0,1,Potential_Novel_Family
6851,1,0,1,Potential_Novel_Family
6853,1,0,1,Potential_Novel_Family
6854,1,0,1,Potential_Novel_Family
6855,1,0,1,Potential_Novel_Family
6856,0,1,1,Known_Family_Only
6858,1,0,1,Potential_Novel_Family
6859,0,1,1,Known_Family_Only
6860,1,0,1,Potential_Novel_Family
6862,1,0,1,Potential_Novel_Family
6875,1,0,1,Potential_Novel_Family
6865,1,0,1,Potential_Novel_Family
6866,1,0,1,Potential_Novel_Family
6867,1,0,1,Potential_Novel_Family
6868,0,1,1,Known_Family_Only
6869,0,1,1,Known_Family_Only
6870,0,1,1,Known_Family_Only
6872,1,0,1,Potential_Novel_Family
6873,1,0,1,Potential_Novel_Family
6874,1,0,1,Potential_Novel_Family
6863,1,0,1,Potential_Novel_Family
6258,0,1,1,Known_Family_Only
6259,1,0,1,Potential_Novel_Family
6261,1,0,1,Potential_Novel_Family
6262,1,0,1,Potential_Novel_Family
6263,1,0,1,Potential_Novel_Family
6264,0,1,1,Known_Family_Only
6265,1,0,1,Potential_Novel_Family
6267,1,0,1,Potential_Novel_Family
6579,1,0,1,Potential_Novel_Family
6269,1,0,1,Potential_Novel_Family
6270,0,1,1,Known_Family_Only
6272,1,0,1,Potential_Novel_Family
6273,1,0,1,Potential_Novel_Family
6275,1,0,1,Potential_Novel_Family
6276,1,0,1,Potential_Novel_Family
6277,0,1,1,Known_Family_Only
6278,0,1,1,Known_Family_Only
6279,1,0,1,Potential_Novel_Family
6268,1,0,1,Potential_Novel_Family
6233,1,0,1,Potential_Novel_Family
6234,1,0,1,Potential_Novel_Family
6236,1,0,1,Potential_Novel_Family
6237,0,1,1,Known_Family_Only
6239,0,1,1,Known_Family_Only
6240,1,0,1,Potential_Novel_Family
6241,1,0,1,Potential_Novel_Family
6243,0,1,1,Known_Family_Only
6245,0,1,1,Known_Family_Only
6257,1,0,1,Potential_Novel_Family
6247,1,0,1,Potential_Novel_Family
6248,1,0,1,Potential_Novel_Family
6249,1,0,1,Potential_Novel_Family
6250,1,0,1,Potential_Novel_Family
6252,1,0,1,Potential_Novel_Family
6253,0,1,1,Known_Family_Only
6254,0,1,1,Known_Family_Only
6255,1,0,1,Potential_Novel_Family
6256,1,0,1,Potential_Novel_Family
6246,1,0,1,Potential_Novel_Family
6312,0,1,1,Known_Family_Only
6313,0,1,1,Known_Family_Only
6315,1,0,1,Potential_Novel_Family
6316,1,0,1,Potential_Novel_Family
6317,1,0,1,Potential_Novel_Family
6318,1,0,1,Potential_Novel_Family
6319,0,1,1,Known_Family_Only
6320,1,0,1,Potential_Novel_Family
6283,1,0,1,Potential_Novel_Family
6323,0,1,1,Known_Family_Only
6324,0,1,1,Known_Family_Only
6325,0,1,1,Known_Family_Only
6326,0,1,1,Known_Family_Only
6328,0,1,1,Known_Family_Only
6329,0,1,1,Known_Family_Only
6331,1,0,1,Potential_Novel_Family
6332,1,0,1,Potential_Novel_Family
6333,1,0,1,Potential_Novel_Family
6322,1,0,1,Potential_Novel_Family
6284,1,0,1,Potential_Novel_Family
6285,0,1,1,Known_Family_Only
6286,0,1,1,Known_Family_Only
6287,0,1,1,Known_Family_Only
6288,1,0,1,Potential_Novel_Family
6289,0,1,1,Known_Family_Only
6290,0,1,1,Known_Family_Only
6291,1,0,1,Potential_Novel_Family
6293,0,1,1,Known_Family_Only
6311,1,0,1,Potential_Novel_Family
6295,1,0,1,Potential_Novel_Family
6300,0,1,1,Known_Family_Only
6301,1,0,1,Potential_Novel_Family
6302,0,1,1,Known_Family_Only
6303,1,0,1,Potential_Novel_Family
6305,0,1,1,Known_Family_Only
6306,0,1,1,Known_Family_Only
6308,0,1,1,Known_Family_Only
6309,0,1,1,Known_Family_Only
6294,0,1,1,Known_Family_Only
6150,0,1,1,Known_Family_Only
6153,1,0,1,Potential_Novel_Family
6155,0,1,1,Known_Family_Only
6156,0,1,1,Known_Family_Only
6157,0,1,1,Known_Family_Only
6158,1,0,1,Potential_Novel_Family
6159,1,0,1,Potential_Novel_Family
6160,1,0,1,Potential_Novel_Family
6232,1,0,1,Potential_Novel_Family
6162,1,0,1,Potential_Novel_Family
6164,1,0,1,Potential_Novel_Family
6165,1,0,1,Potential_Novel_Family
6166,0,1,1,Known_Family_Only
6167,1,0,1,Potential_Novel_Family
6168,0,1,1,Known_Family_Only
6169,1,0,1,Potential_Novel_Family
6172,1,0,1,Potential_Novel_Family
6175,1,0,1,Potential_Novel_Family
6161,0,1,1,Known_Family_Only
6117,1,0,1,Potential_Novel_Family
6118,1,0,1,Potential_Novel_Family
6119,1,0,1,Potential_Novel_Family
6121,0,1,1,Known_Family_Only
6124,1,0,1,Potential_Novel_Family
6126,1,0,1,Potential_Novel_Family
6128,1,0,1,Potential_Novel_Family
6130,1,0,1,Potential_Novel_Family
6131,1,0,1,Potential_Novel_Family
6147,1,0,1,Potential_Novel_Family
6135,1,0,1,Potential_Novel_Family
6137,1,0,1,Potential_Novel_Family
6138,1,0,1,Potential_Novel_Family
6139,0,1,1,Known_Family_Only
6140,0,1,1,Known_Family_Only
6142,1,0,1,Potential_Novel_Family
6143,1,0,1,Potential_Novel_Family
6144,1,0,1,Potential_Novel_Family
6145,0,1,1,Known_Family_Only
6132,1,0,1,Potential_Novel_Family
6208,1,0,1,Potential_Novel_Family
6209,0,1,1,Known_Family_Only
6211,1,0,1,Potential_Novel_Family
6212,0,1,1,Known_Family_Only
6213,0,1,1,Known_Family_Only
6215,1,0,1,Potential_Novel_Family
6216,1,0,1,Potential_Novel_Family
6217,1,0,1,Potential_Novel_Family
6176,1,0,1,Potential_Novel_Family
6219,1,0,1,Potential_Novel_Family
6221,1,0,1,Potential_Novel_Family
6222,0,1,1,Known_Family_Only
6223,1,0,1,Potential_Novel_Family
6225,1,0,1,Potential_Novel_Family
6227,1,0,1,Potential_Novel_Family
6229,1,0,1,Potential_Novel_Family
6230,1,0,1,Potential_Novel_Family
6231,1,0,1,Potential_Novel_Family
6218,1,0,1,Potential_Novel_Family
6178,1,0,1,Potential_Novel_Family
6180,1,0,1,Potential_Novel_Family
6181,0,1,1,Known_Family_Only
6182,1,0,1,Potential_Novel_Family
6183,0,1,1,Known_Family_Only
6184,0,1,1,Known_Family_Only
6186,0,1,1,Known_Family_Only
6187,1,0,1,Potential_Novel_Family
6191,0,1,1,Known_Family_Only
6205,1,0,1,Potential_Novel_Family
6193,0,1,1,Known_Family_Only
6194,0,1,1,Known_Family_Only
6195,1,0,1,Potential_Novel_Family
6197,1,0,1,Potential_Novel_Family
6199,1,0,1,Potential_Novel_Family
6201,1,0,1,Potential_Novel_Family
6202,1,0,1,Potential_Novel_Family
6203,0,1,1,Known_Family_Only
6204,0,1,1,Known_Family_Only
6192,1,0,1,Potential_Novel_Family
6488,0,1,1,Known_Family_Only
6489,1,0,1,Potential_Novel_Family
6491,0,1,1,Known_Family_Only
6493,0,1,1,Known_Family_Only
6494,1,0,1,Potential_Novel_Family
6497,1,0,1,Potential_Novel_Family
6498,1,0,1,Potential_Novel_Family
6499,0,1,1,Known_Family_Only
6335,1,0,1,Potential_Novel_Family
6506,1,0,1,Potential_Novel_Family
6507,1,0,1,Potential_Novel_Family
6508,1,0,1,Potential_Novel_Family
6509,1,0,1,Potential_Novel_Family
6510,1,0,1,Potential_Novel_Family
6512,0,1,1,Known_Family_Only
6513,0,1,1,Known_Family_Only
6515,1,0,1,Potential_Novel_Family
6518,0,1,1,Known_Family_Only
6505,1,0,1,Potential_Novel_Family
6455,1,0,1,Potential_Novel_Family
6456,1,0,1,Potential_Novel_Family
6457,1,0,1,Potential_Novel_Family
6458,0,1,1,Known_Family_Only
6459,1,0,1,Potential_Novel_Family
6461,1,0,1,Potential_Novel_Family
6462,1,0,1,Potential_Novel_Family
6465,1,0,1,Potential_Novel_Family
6466,0,1,1,Known_Family_Only
6487,0,1,1,Known_Family_Only
6468,1,0,1,Potential_Novel_Family
6475,0,1,1,Known_Family_Only
6477,1,0,1,Potential_Novel_Family
6480,1,0,1,Potential_Novel_Family
6481,1,0,1,Potential_Novel_Family
6482,1,0,1,Potential_Novel_Family
6483,1,0,1,Potential_Novel_Family
6484,0,1,1,Known_Family_Only
6485,1,0,1,Potential_Novel_Family
6467,1,0,1,Potential_Novel_Family
6554,1,0,1,Potential_Novel_Family
6555,1,0,1,Potential_Novel_Family
6556,1,0,1,Potential_Novel_Family
6557,1,0,1,Potential_Novel_Family
6559,1,0,1,Potential_Novel_Family
6561,0,1,1,Known_Family_Only
6563,1,0,1,Potential_Novel_Family
6564,1,0,1,Potential_Novel_Family
6519,1,0,1,Potential_Novel_Family
6566,1,0,1,Potential_Novel_Family
6568,1,0,1,Potential_Novel_Family
6569,1,0,1,Potential_Novel_Family
6570,1,0,1,Potential_Novel_Family
6571,0,1,1,Known_Family_Only
6573,1,0,1,Potential_Novel_Family
6574,1,0,1,Potential_Novel_Family
6575,1,0,1,Potential_Novel_Family
6576,1,0,1,Potential_Novel_Family
6565,0,1,1,Known_Family_Only
6521,1,0,1,Potential_Novel_Family
6522,1,0,1,Potential_Novel_Family
6524,1,0,1,Potential_Novel_Family
6525,0,1,1,Known_Family_Only
6527,1,0,1,Potential_Novel_Family
6528,0,1,1,Known_Family_Only
6532,0,1,1,Known_Family_Only
6533,0,1,1,Known_Family_Only
6534,1,0,1,Potential_Novel_Family
6553,1,0,1,Potential_Novel_Family
6537,1,0,1,Potential_Novel_Family
6539,1,0,1,Potential_Novel_Family
6540,1,0,1,Potential_Novel_Family
6541,1,0,1,Potential_Novel_Family
6542,0,1,1,Known_Family_Only
6543,1,0,1,Potential_Novel_Family
6544,1,0,1,Potential_Novel_Family
6548,1,0,1,Potential_Novel_Family
6550,0,1,1,Known_Family_Only
6536,1,0,1,Potential_Novel_Family
6372,1,0,1,Potential_Novel_Family
6373,1,0,1,Potential_Novel_Family
6374,1,0,1,Potential_Novel_Family
6375,0,1,1,Known_Family_Only
6376,1,0,1,Potential_Novel_Family
6377,1,0,1,Potential_Novel_Family
6379,1,0,1,Potential_Novel_Family
6380,0,1,1,Known_Family_Only
6454,1,0,1,Potential_Novel_Family
6383,1,0,1,Potential_Novel_Family
6387,1,0,1,Potential_Novel_Family
6389,1,0,1,Potential_Novel_Family
6390,1,0,1,Potential_Novel_Family
6391,1,0,1,Potential_Novel_Family
6392,1,0,1,Potential_Novel_Family
6393,1,0,1,Potential_Novel_Family
6394,0,1,1,Known_Family_Only
6395,1,0,1,Potential_Novel_Family
6381,1,0,1,Potential_Novel_Family
6337,0,1,1,Known_Family_Only
6341,1,0,1,Potential_Novel_Family
6342,0,1,1,Known_Family_Only
6344,0,1,1,Known_Family_Only
6345,1,0,1,Potential_Novel_Family
6346,1,0,1,Potential_Novel_Family
6347,1,0,1,Potential_Novel_Family
6348,0,1,1,Known_Family_Only
6349,0,1,1,Known_Family_Only
6371,1,0,1,Potential_Novel_Family
6354,1,0,1,Potential_Novel_Family
6357,1,0,1,Potential_Novel_Family
6358,1,0,1,Potential_Novel_Family
6360,1,0,1,Potential_Novel_Family
6362,1,0,1,Potential_Novel_Family
6364,1,0,1,Potential_Novel_Family
6365,0,1,1,Known_Family_Only
6368,1,0,1,Potential_Novel_Family
6369,0,1,1,Known_Family_Only
6350,1,0,1,Potential_Novel_Family
6421,0,1,1,Known_Family_Only
6422,1,0,1,Potential_Novel_Family
6423,0,1,1,Known_Family_Only
6425,1,0,1,Potential_Novel_Family
6426,0,1,1,Known_Family_Only
6427,1,0,1,Potential_Novel_Family
6428,0,1,1,Known_Family_Only
6432,0,1,1,Known_Family_Only
6436,1,0,1,Potential_Novel_Family
6396,0,1,1,Known_Family_Only
6441,1,0,1,Potential_Novel_Family
6442,1,0,1,Potential_Novel_Family
6443,1,0,1,Potential_Novel_Family
6444,1,0,1,Potential_Novel_Family
6445,1,0,1,Potential_Novel_Family
6446,0,1,1,Known_Family_Only
6450,0,1,1,Known_Family_Only
6452,1,0,1,Potential_Novel_Family
6453,0,1,1,Known_Family_Only
6440,0,1,1,Known_Family_Only
6397,1,0,1,Potential_Novel_Family
6398,1,0,1,Potential_Novel_Family
6399,0,1,1,Known_Family_Only
6400,1,0,1,Potential_Novel_Family
6401,0,1,1,Known_Family_Only
6403,1,0,1,Potential_Novel_Family
6404,1,0,1,Potential_Novel_Family
6405,0,1,1,Known_Family_Only
6406,0,1,1,Known_Family_Only
6420,0,1,1,Known_Family_Only
6409,1,0,1,Potential_Novel_Family
6410,1,0,1,Potential_Novel_Family
6412,1,0,1,Potential_Novel_Family
6414,0,1,1,Known_Family_Only
6415,1,0,1,Potential_Novel_Family
6416,1,0,1,Potential_Novel_Family
6417,0,1,1,Known_Family_Only
6418,1,0,1,Potential_Novel_Family
6419,0,1,1,Known_Family_Only
6407,1,0,1,Potential_Novel_Family
7587,0,1,1,Known_Family_Only
7589,1,0,1,Potential_Novel_Family
7590,1,0,1,Potential_Novel_Family
7593,1,0,1,Potential_Novel_Family
7594,1,0,1,Potential_Novel_Family
7595,1,0,1,Potential_Novel_Family
7596,0,1,1,Known_Family_Only
7597,1,0,1,Potential_Novel_Family
7012,1,0,1,Potential_Novel_Family
7599,1,0,1,Potential_Novel_Family
7600,1,0,1,Potential_Novel_Family
7602,1,0,1,Potential_Novel_Family
7604,1,0,1,Potential_Novel_Family
7605,1,0,1,Potential_Novel_Family
7606,1,0,1,Potential_Novel_Family
7607,0,1,1,Known_Family_Only
7608,1,0,1,Potential_Novel_Family
7609,0,1,1,Known_Family_Only
7598,0,1,1,Known_Family_Only
7555,1,0,1,Potential_Novel_Family
7556,1,0,1,Potential_Novel_Family
7558,0,1,1,Known_Family_Only
7559,0,1,1,Known_Family_Only
7560,0,1,1,Known_Family_Only
7561,0,1,1,Known_Family_Only
7564,0,1,1,Known_Family_Only
7566,1,0,1,Potential_Novel_Family
7567,1,0,1,Potential_Novel_Family
7585,1,0,1,Potential_Novel_Family
7569,0,1,1,Known_Family_Only
7572,1,0,1,Potential_Novel_Family
7573,1,0,1,Potential_Novel_Family
7576,1,0,1,Potential_Novel_Family
7578,1,0,1,Potential_Novel_Family
7579,1,0,1,Potential_Novel_Family
7580,0,1,1,Known_Family_Only
7583,1,0,1,Potential_Novel_Family
7584,1,0,1,Potential_Novel_Family
7568,1,0,1,Potential_Novel_Family
7645,0,1,1,Known_Family_Only
7646,1,0,1,Potential_Novel_Family
7647,1,0,1,Potential_Novel_Family
7648,0,1,1,Known_Family_Only
7649,0,1,1,Known_Family_Only
7650,1,0,1,Potential_Novel_Family
7653,1,0,1,Potential_Novel_Family
7654,1,0,1,Potential_Novel_Family
7610,1,0,1,Potential_Novel_Family
7658,1,0,1,Potential_Novel_Family
7660,0,1,1,Known_Family_Only
7661,1,0,1,Potential_Novel_Family
7662,1,0,1,Potential_Novel_Family
7663,0,1,1,Known_Family_Only
7664,0,1,1,Known_Family_Only
7665,1,0,1,Potential_Novel_Family
7667,1,0,1,Potential_Novel_Family
7668,1,0,1,Potential_Novel_Family
7657,1,0,1,Potential_Novel_Family
7611,1,0,1,Potential_Novel_Family
7614,0,1,1,Known_Family_Only
7615,0,1,1,Known_Family_Only
7616,0,1,1,Known_Family_Only
7617,0,1,1,Known_Family_Only
7618,0,1,1,Known_Family_Only
7622,0,1,1,Known_Family_Only
7624,1,0,1,Potential_Novel_Family
7626,0,1,1,Known_Family_Only
7643,1,0,1,Potential_Novel_Family
7628,1,0,1,Potential_Novel_Family
7631,0,1,1,Known_Family_Only
7635,1,0,1,Potential_Novel_Family
7636,0,1,1,Known_Family_Only
7637,1,0,1,Potential_Novel_Family
7638,0,1,1,Known_Family_Only
7639,1,0,1,Potential_Novel_Family
7640,0,1,1,Known_Family_Only
7641,1,0,1,Potential_Novel_Family
7627,1,0,1,Potential_Novel_Family
7476,0,1,1,Known_Family_Only
7477,1,0,1,Potential_Novel_Family
7478,0,1,1,Known_Family_Only
7480,1,0,1,Potential_Novel_Family
7481,0,1,1,Known_Family_Only
7482,1,0,1,Potential_Novel_Family
7483,0,1,1,Known_Family_Only
7484,0,1,1,Known_Family_Only
7554,0,1,1,Known_Family_Only
7486,1,0,1,Potential_Novel_Family
7488,1,0,1,Potential_Novel_Family
7489,1,0,1,Potential_Novel_Family
7490,1,0,1,Potential_Novel_Family
7493,1,0,1,Potential_Novel_Family
7494,1,0,1,Potential_Novel_Family
7498,0,1,1,Known_Family_Only
7499,0,1,1,Known_Family_Only
7500,1,0,1,Potential_Novel_Family
7485,1,0,1,Potential_Novel_Family
7444,1,0,1,Potential_Novel_Family
7447,1,0,1,Potential_Novel_Family
7448,0,1,1,Known_Family_Only
7449,1,0,1,Potential_Novel_Family
7452,0,1,1,Known_Family_Only
7453,1,0,1,Potential_Novel_Family
7455,1,0,1,Potential_Novel_Family
7457,1,0,1,Potential_Novel_Family
7458,1,0,1,Potential_Novel_Family
7474,1,0,1,Potential_Novel_Family
7460,1,0,1,Potential_Novel_Family
7461,0,1,1,Known_Family_Only
7463,1,0,1,Potential_Novel_Family
7466,1,0,1,Potential_Novel_Family
7467,0,1,1,Known_Family_Only
7468,0,1,1,Known_Family_Only
7469,1,0,1,Potential_Novel_Family
7470,1,0,1,Potential_Novel_Family
7472,0,1,1,Known_Family_Only
7459,1,0,1,Potential_Novel_Family
7531,0,1,1,Known_Family_Only
7533,0,1,1,Known_Family_Only
7534,0,1,1,Known_Family_Only
7537,0,1,1,Known_Family_Only
7538,1,0,1,Potential_Novel_Family
7539,1,0,1,Potential_Novel_Family
7540,0,1,1,Known_Family_Only
7541,0,1,1,Known_Family_Only
7502,1,0,1,Potential_Novel_Family
7543,1,0,1,Potential_Novel_Family
7545,0,1,1,Known_Family_Only
7546,1,0,1,Potential_Novel_Family
7547,0,1,1,Known_Family_Only
7548,1,0,1,Potential_Novel_Family
7550,0,1,1,Known_Family_Only
7551,1,0,1,Potential_Novel_Family
7552,1,0,1,Potential_Novel_Family
7553,1,0,1,Potential_Novel_Family
7542,1,0,1,Potential_Novel_Family
7503,1,0,1,Potential_Novel_Family
7505,1,0,1,Potential_Novel_Family
7508,1,0,1,Potential_Novel_Family
7509,0,1,1,Known_Family_Only
7510,1,0,1,Potential_Novel_Family
7511,1,0,1,Potential_Novel_Family
7512,1,0,1,Potential_Novel_Family
7513,0,1,1,Known_Family_Only
7514,1,0,1,Potential_Novel_Family
7528,1,0,1,Potential_Novel_Family
7517,0,1,1,Known_Family_Only
7518,1,0,1,Potential_Novel_Family
7519,1,0,1,Potential_Novel_Family
7520,0,1,1,Known_Family_Only
7521,1,0,1,Potential_Novel_Family
7522,1,0,1,Potential_Novel_Family
7523,1,0,1,Potential_Novel_Family
7525,1,0,1,Potential_Novel_Family
7527,0,1,1,Known_Family_Only
7515,1,0,1,Potential_Novel_Family
7803,1,0,1,Potential_Novel_Family
7804,1,0,1,Potential_Novel_Family
7806,1,0,1,Potential_Novel_Family
7807,0,1,1,Known_Family_Only
7809,0,1,1,Known_Family_Only
7810,0,1,1,Known_Family_Only
7811,1,0,1,Potential_Novel_Family
7812,1,0,1,Potential_Novel_Family
7669,1,0,1,Potential_Novel_Family
7814,1,0,1,Potential_Novel_Family
7815,1,0,1,Potential_Novel_Family
7816,0,1,1,Known_Family_Only
7817,1,0,1,Potential_Novel_Family
7819,1,0,1,Potential_Novel_Family
7820,0,1,1,Known_Family_Only
7821,1,0,1,Potential_Novel_Family
7822,1,0,1,Potential_Novel_Family
7823,1,0,1,Potential_Novel_Family
7813,0,1,1,Known_Family_Only
7772,1,0,1,Potential_Novel_Family
7774,1,0,1,Potential_Novel_Family
7777,1,0,1,Potential_Novel_Family
7779,0,1,1,Known_Family_Only
7780,1,0,1,Potential_Novel_Family
7781,1,0,1,Potential_Novel_Family
7782,1,0,1,Potential_Novel_Family
7785,1,0,1,Potential_Novel_Family
7786,1,0,1,Potential_Novel_Family
7801,1,0,1,Potential_Novel_Family
7788,1,0,1,Potential_Novel_Family
7792,1,0,1,Potential_Novel_Family
7793,1,0,1,Potential_Novel_Family
7795,1,0,1,Potential_Novel_Family
7796,1,0,1,Potential_Novel_Family
7797,1,0,1,Potential_Novel_Family
7798,0,1,1,Known_Family_Only
7799,0,1,1,Known_Family_Only
7800,1,0,1,Potential_Novel_Family
7787,0,1,1,Known_Family_Only
7861,0,1,1,Known_Family_Only
7862,1,0,1,Potential_Novel_Family
7864,1,0,1,Potential_Novel_Family
7869,1,0,1,Potential_Novel_Family
7870,1,0,1,Potential_Novel_Family
7871,1,0,1,Potential_Novel_Family
7872,0,1,1,Known_Family_Only
7873,1,0,1,Potential_Novel_Family
7826,0,1,1,Known_Family_Only
7875,0,1,1,Known_Family_Only
7876,1,0,1,Potential_Novel_Family
7877,1,0,1,Potential_Novel_Family
7878,1,0,1,Potential_Novel_Family
7879,0,1,1,Known_Family_Only
7881,1,0,1,Potential_Novel_Family
7882,1,0,1,Potential_Novel_Family
7885,1,0,1,Potential_Novel_Family
7886,1,0,1,Potential_Novel_Family
7874,0,1,1,Known_Family_Only
7827,1,0,1,Potential_Novel_Family
7830,1,0,1,Potential_Novel_Family
7831,0,1,1,Known_Family_Only
7832,1,0,1,Potential_Novel_Family
7835,0,1,1,Known_Family_Only
7837,1,0,1,Potential_Novel_Family
7839,1,0,1,Potential_Novel_Family
7840,1,0,1,Potential_Novel_Family
7841,1,0,1,Potential_Novel_Family
7859,1,0,1,Potential_Novel_Family
7846,1,0,1,Potential_Novel_Family
7847,1,0,1,Potential_Novel_Family
7848,1,0,1,Potential_Novel_Family
7851,1,0,1,Potential_Novel_Family
7853,1,0,1,Potential_Novel_Family
7854,0,1,1,Known_Family_Only
7855,1,0,1,Potential_Novel_Family
7857,1,0,1,Potential_Novel_Family
7858,1,0,1,Potential_Novel_Family
7842,0,1,1,Known_Family_Only
7695,1,0,1,Potential_Novel_Family
7696,1,0,1,Potential_Novel_Family
7697,1,0,1,Potential_Novel_Family
7698,1,0,1,Potential_Novel_Family
7700,1,0,1,Potential_Novel_Family
7701,1,0,1,Potential_Novel_Family
7702,1,0,1,Potential_Novel_Family
7703,0,1,1,Known_Family_Only
7771,1,0,1,Potential_Novel_Family
7706,1,0,1,Potential_Novel_Family
7707,0,1,1,Known_Family_Only
7708,1,0,1,Potential_Novel_Family
7710,1,0,1,Potential_Novel_Family
7711,1,0,1,Potential_Novel_Family
7712,1,0,1,Potential_Novel_Family
7714,0,1,1,Known_Family_Only
7715,1,0,1,Potential_Novel_Family
7716,1,0,1,Potential_Novel_Family
7704,1,0,1,Potential_Novel_Family
7670,1,0,1,Potential_Novel_Family
7671,1,0,1,Potential_Novel_Family
7672,0,1,1,Known_Family_Only
7674,1,0,1,Potential_Novel_Family
7675,1,0,1,Potential_Novel_Family
7676,0,1,1,Known_Family_Only
7677,0,1,1,Known_Family_Only
7678,1,0,1,Potential_Novel_Family
7679,1,0,1,Potential_Novel_Family
7693,1,0,1,Potential_Novel_Family
7681,1,0,1,Potential_Novel_Family
7682,0,1,1,Known_Family_Only
7684,1,0,1,Potential_Novel_Family
7687,1,0,1,Potential_Novel_Family
7688,1,0,1,Potential_Novel_Family
7689,1,0,1,Potential_Novel_Family
7690,1,0,1,Potential_Novel_Family
7691,1,0,1,Potential_Novel_Family
7692,1,0,1,Potential_Novel_Family
7680,0,1,1,Known_Family_Only
7745,1,0,1,Potential_Novel_Family
7746,1,0,1,Potential_Novel_Family
7748,1,0,1,Potential_Novel_Family
7749,0,1,1,Known_Family_Only
7750,1,0,1,Potential_Novel_Family
7751,1,0,1,Potential_Novel_Family
7753,0,1,1,Known_Family_Only
7756,1,0,1,Potential_Novel_Family
7758,1,0,1,Potential_Novel_Family
7718,0,1,1,Known_Family_Only
7760,1,0,1,Potential_Novel_Family
7761,1,0,1,Potential_Novel_Family
7762,1,0,1,Potential_Novel_Family
7765,0,1,1,Known_Family_Only
7766,1,0,1,Potential_Novel_Family
7767,0,1,1,Known_Family_Only
7768,1,0,1,Potential_Novel_Family
7769,0,1,1,Known_Family_Only
7770,1,0,1,Potential_Novel_Family
7759,1,0,1,Potential_Novel_Family
7720,0,1,1,Known_Family_Only
7722,1,0,1,Potential_Novel_Family
7723,0,1,1,Known_Family_Only
7725,1,0,1,Potential_Novel_Family
7726,0,1,1,Known_Family_Only
7727,1,0,1,Potential_Novel_Family
7729,1,0,1,Potential_Novel_Family
7730,1,0,1,Potential_Novel_Family
7732,0,1,1,Known_Family_Only
7744,1,0,1,Potential_Novel_Family
7734,1,0,1,Potential_Novel_Family
7735,1,0,1,Potential_Novel_Family
7736,1,0,1,Potential_Novel_Family
7737,0,1,1,Known_Family_Only
7739,0,1,1,Known_Family_Only
7740,0,1,1,Known_Family_Only
7741,0,1,1,Known_Family_Only
7742,0,1,1,Known_Family_Only
7743,1,0,1,Potential_Novel_Family
7733,1,0,1,Potential_Novel_Family
7143,0,1,1,Known_Family_Only
7145,1,0,1,Potential_Novel_Family
7146,0,1,1,Known_Family_Only
7147,0,1,1,Known_Family_Only
7148,1,0,1,Potential_Novel_Family
7149,1,0,1,Potential_Novel_Family
7150,0,1,1,Known_Family_Only
7151,0,1,1,Known_Family_Only
7442,1,0,1,Potential_Novel_Family
7153,0,1,1,Known_Family_Only
7154,1,0,1,Potential_Novel_Family
7155,1,0,1,Potential_Novel_Family
7156,0,1,1,Known_Family_Only
7157,1,0,1,Potential_Novel_Family
7158,1,0,1,Potential_Novel_Family
7159,0,1,1,Known_Family_Only
7160,1,0,1,Potential_Novel_Family
7161,0,1,1,Known_Family_Only
7152,0,1,1,Known_Family_Only
7119,1,0,1,Potential_Novel_Family
7120,0,1,1,Known_Family_Only
7121,0,1,1,Known_Family_Only
7122,1,0,1,Potential_Novel_Family
7123,1,0,1,Potential_Novel_Family
7124,1,0,1,Potential_Novel_Family
7126,1,0,1,Potential_Novel_Family
7127,1,0,1,Potential_Novel_Family
7128,1,0,1,Potential_Novel_Family
7142,1,0,1,Potential_Novel_Family
7131,1,0,1,Potential_Novel_Family
7133,1,0,1,Potential_Novel_Family
7134,0,1,1,Known_Family_Only
7135,0,1,1,Known_Family_Only
7136,1,0,1,Potential_Novel_Family
7138,1,0,1,Potential_Novel_Family
7139,0,1,1,Known_Family_Only
7140,1,0,1,Potential_Novel_Family
7141,0,1,1,Known_Family_Only
7129,1,0,1,Potential_Novel_Family
7193,0,1,1,Known_Family_Only
7194,1,0,1,Potential_Novel_Family
7195,0,1,1,Known_Family_Only
7196,0,1,1,Known_Family_Only
7197,1,0,1,Potential_Novel_Family
7198,0,1,1,Known_Family_Only
7199,0,1,1,Known_Family_Only
7200,1,0,1,Potential_Novel_Family
7162,0,1,1,Known_Family_Only
7203,0,1,1,Known_Family_Only
7204,0,1,1,Known_Family_Only
7206,0,1,1,Known_Family_Only
7207,1,0,1,Potential_Novel_Family
7209,0,1,1,Known_Family_Only
7211,1,0,1,Potential_Novel_Family
7212,0,1,1,Known_Family_Only
7214,0,1,1,Known_Family_Only
7215,1,0,1,Potential_Novel_Family
7201,1,0,1,Potential_Novel_Family
7164,1,0,1,Potential_Novel_Family
7165,0,1,1,Known_Family_Only
7167,0,1,1,Known_Family_Only
7169,0,1,1,Known_Family_Only
7172,1,0,1,Potential_Novel_Family
7173,0,1,1,Known_Family_Only
7174,1,0,1,Potential_Novel_Family
7176,1,0,1,Potential_Novel_Family
7178,1,0,1,Potential_Novel_Family
7192,0,1,1,Known_Family_Only
7180,1,0,1,Potential_Novel_Family
7181,1,0,1,Potential_Novel_Family
7182,1,0,1,Potential_Novel_Family
7183,0,1,1,Known_Family_Only
7185,1,0,1,Potential_Novel_Family
7186,0,1,1,Known_Family_Only
7188,0,1,1,Known_Family_Only
7189,0,1,1,Known_Family_Only
7191,1,0,1,Potential_Novel_Family
7179,1,0,1,Potential_Novel_Family
7041,0,1,1,Known_Family_Only
7042,1,0,1,Potential_Novel_Family
7044,1,0,1,Potential_Novel_Family
7045,0,1,1,Known_Family_Only
7046,0,1,1,Known_Family_Only
7047,1,0,1,Potential_Novel_Family
7048,1,0,1,Potential_Novel_Family
7049,1,0,1,Potential_Novel_Family
7118,1,0,1,Potential_Novel_Family
7052,0,1,1,Known_Family_Only
7054,0,1,1,Known_Family_Only
7055,1,0,1,Potential_Novel_Family
7056,0,1,1,Known_Family_Only
7058,0,1,1,Known_Family_Only
7059,1,0,1,Potential_Novel_Family
7060,1,0,1,Potential_Novel_Family
7062,1,0,1,Potential_Novel_Family
7063,1,0,1,Potential_Novel_Family
7051,1,0,1,Potential_Novel_Family
7013,1,0,1,Potential_Novel_Family
7017,1,0,1,Potential_Novel_Family
7019,0,1,1,Known_Family_Only
7020,1,0,1,Potential_Novel_Family
7021,0,1,1,Known_Family_Only
7022,1,0,1,Potential_Novel_Family
7023,0,1,1,Known_Family_Only
7024,0,1,1,Known_Family_Only
7025,1,0,1,Potential_Novel_Family
7040,1,0,1,Potential_Novel_Family
7030,0,1,1,Known_Family_Only
7031,1,0,1,Potential_Novel_Family
7032,0,1,1,Known_Family_Only
7034,1,0,1,Potential_Novel_Family
7035,1,0,1,Potential_Novel_Family
7036,0,1,1,Known_Family_Only
7037,0,1,1,Known_Family_Only
7038,1,0,1,Potential_Novel_Family
7039,0,1,1,Known_Family_Only
7026,0,1,1,Known_Family_Only
7094,0,1,1,Known_Family_Only
7095,0,1,1,Known_Family_Only
7096,1,0,1,Potential_Novel_Family
7097,1,0,1,Potential_Novel_Family
7099,0,1,1,Known_Family_Only
7101,1,0,1,Potential_Novel_Family
7102,1,0,1,Potential_Novel_Family
7103,0,1,1,Known_Family_Only
7064,1,0,1,Potential_Novel_Family
7105,0,1,1,Known_Family_Only
7107,1,0,1,Potential_Novel_Family
7108,0,1,1,Known_Family_Only
7109,0,1,1,Known_Family_Only
7110,1,0,1,Potential_Novel_Family
7112,1,0,1,Potential_Novel_Family
7114,1,0,1,Potential_Novel_Family
7115,1,0,1,Potential_Novel_Family
7117,0,1,1,Known_Family_Only
7104,1,0,1,Potential_Novel_Family
7065,1,0,1,Potential_Novel_Family
7066,1,0,1,Potential_Novel_Family
7069,0,1,1,Known_Family_Only
7070,0,1,1,Known_Family_Only
7071,1,0,1,Potential_Novel_Family
7072,1,0,1,Potential_Novel_Family
7074,0,1,1,Known_Family_Only
7075,1,0,1,Potential_Novel_Family
7076,0,1,1,Known_Family_Only
7092,1,0,1,Potential_Novel_Family
7079,1,0,1,Potential_Novel_Family
7081,1,0,1,Potential_Novel_Family
7082,0,1,1,Known_Family_Only
7085,1,0,1,Potential_Novel_Family
7086,1,0,1,Potential_Novel_Family
7088,0,1,1,Known_Family_Only
7089,0,1,1,Known_Family_Only
7090,0,1,1,Known_Family_Only
7091,0,1,1,Known_Family_Only
7078,1,0,1,Potential_Novel_Family
7364,0,1,1,Known_Family_Only
7366,1,0,1,Potential_Novel_Family
7369,1,0,1,Potential_Novel_Family
7371,1,0,1,Potential_Novel_Family
7373,1,0,1,Potential_Novel_Family
7374,0,1,1,Known_Family_Only
7376,1,0,1,Potential_Novel_Family
7377,1,0,1,Potential_Novel_Family
7216,1,0,1,Potential_Novel_Family
7379,1,0,1,Potential_Novel_Family
7380,1,0,1,Potential_Novel_Family
7381,1,0,1,Potential_Novel_Family
7382,1,0,1,Potential_Novel_Family
7383,0,1,1,Known_Family_Only
7384,1,0,1,Potential_Novel_Family
7385,1,0,1,Potential_Novel_Family
7387,1,0,1,Potential_Novel_Family
7388,1,0,1,Potential_Novel_Family
7378,1,0,1,Potential_Novel_Family
7336,0,1,1,Known_Family_Only
7337,0,1,1,Known_Family_Only
7338,0,1,1,Known_Family_Only
7339,0,1,1,Known_Family_Only
7342,1,0,1,Potential_Novel_Family
7343,1,0,1,Potential_Novel_Family
7344,0,1,1,Known_Family_Only
7345,0,1,1,Known_Family_Only
7346,1,0,1,Potential_Novel_Family
7363,1,0,1,Potential_Novel_Family
7349,1,0,1,Potential_Novel_Family
7350,1,0,1,Potential_Novel_Family
7352,1,0,1,Potential_Novel_Family
7353,1,0,1,Potential_Novel_Family
7354,0,1,1,Known_Family_Only
7355,1,0,1,Potential_Novel_Family
7356,0,1,1,Known_Family_Only
7358,1,0,1,Potential_Novel_Family
7360,1,0,1,Potential_Novel_Family
7348,1,0,1,Potential_Novel_Family
7419,1,0,1,Potential_Novel_Family
7420,1,0,1,Potential_Novel_Family
7421,1,0,1,Potential_Novel_Family
7422,1,0,1,Potential_Novel_Family
7423,1,0,1,Potential_Novel_Family
7424,1,0,1,Potential_Novel_Family
7426,1,0,1,Potential_Novel_Family
7427,1,0,1,Potential_Novel_Family
7389,1,0,1,Potential_Novel_Family
7431,0,1,1,Known_Family_Only
7432,0,1,1,Known_Family_Only
7433,1,0,1,Potential_Novel_Family
7435,0,1,1,Known_Family_Only
7436,0,1,1,Known_Family_Only
7438,1,0,1,Potential_Novel_Family
7439,1,0,1,Potential_Novel_Family
7440,1,0,1,Potential_Novel_Family
7441,1,0,1,Potential_Novel_Family
7430,0,1,1,Known_Family_Only
7390,0,1,1,Known_Family_Only
7391,1,0,1,Potential_Novel_Family
7392,1,0,1,Potential_Novel_Family
7393,1,0,1,Potential_Novel_Family
7395,0,1,1,Known_Family_Only
7396,1,0,1,Potential_Novel_Family
7397,1,0,1,Potential_Novel_Family
7398,1,0,1,Potential_Novel_Family
7399,1,0,1,Potential_Novel_Family
7417,1,0,1,Potential_Novel_Family
7406,1,0,1,Potential_Novel_Family
7407,0,1,1,Known_Family_Only
7408,1,0,1,Potential_Novel_Family
7409,1,0,1,Potential_Novel_Family
7412,0,1,1,Known_Family_Only
7413,1,0,1,Potential_Novel_Family
7414,0,1,1,Known_Family_Only
7415,1,0,1,Potential_Novel_Family
7416,0,1,1,Known_Family_Only
7401,1,0,1,Potential_Novel_Family
7253,1,0,1,Potential_Novel_Family
7254,1,0,1,Potential_Novel_Family
7255,1,0,1,Potential_Novel_Family
7256,0,1,1,Known_Family_Only
7260,1,0,1,Potential_Novel_Family
7261,1,0,1,Potential_Novel_Family
7263,0,1,1,Known_Family_Only
7264,1,0,1,Potential_Novel_Family
7335,0,1,1,Known_Family_Only
7266,1,0,1,Potential_Novel_Family
7267,1,0,1,Potential_Novel_Family
7268,1,0,1,Potential_Novel_Family
7270,1,0,1,Potential_Novel_Family
7272,0,1,1,Known_Family_Only
7273,1,0,1,Potential_Novel_Family
7276,1,0,1,Potential_Novel_Family
7278,1,0,1,Potential_Novel_Family
7279,0,1,1,Known_Family_Only
7265,0,1,1,Known_Family_Only
7217,1,0,1,Potential_Novel_Family
7219,0,1,1,Known_Family_Only
7221,1,0,1,Potential_Novel_Family
7222,1,0,1,Potential_Novel_Family
7223,1,0,1,Potential_Novel_Family
7224,1,0,1,Potential_Novel_Family
7226,0,1,1,Known_Family_Only
7227,1,0,1,Potential_Novel_Family
7233,0,1,1,Known_Family_Only
7251,1,0,1,Potential_Novel_Family
7235,0,1,1,Known_Family_Only
7237,1,0,1,Potential_Novel_Family
7239,0,1,1,Known_Family_Only
7244,1,0,1,Potential_Novel_Family
7245,1,0,1,Potential_Novel_Family
7246,1,0,1,Potential_Novel_Family
7247,1,0,1,Potential_Novel_Family
7249,1,0,1,Potential_Novel_Family
7250,1,0,1,Potential_Novel_Family
7234,1,0,1,Potential_Novel_Family
7307,0,1,1,Known_Family_Only
7309,1,0,1,Potential_Novel_Family
7310,1,0,1,Potential_Novel_Family
7311,0,1,1,Known_Family_Only
7312,1,0,1,Potential_Novel_Family
7313,0,1,1,Known_Family_Only
7314,1,0,1,Potential_Novel_Family
7316,1,0,1,Potential_Novel_Family
7317,0,1,1,Known_Family_Only
7280,1,0,1,Potential_Novel_Family
7320,1,0,1,Potential_Novel_Family
7322,1,0,1,Potential_Novel_Family
7323,1,0,1,Potential_Novel_Family
7327,1,0,1,Potential_Novel_Family
7329,1,0,1,Potential_Novel_Family
7330,1,0,1,Potential_Novel_Family
7331,1,0,1,Potential_Novel_Family
7332,1,0,1,Potential_Novel_Family
7334,0,1,1,Known_Family_Only
7319,1,0,1,Potential_Novel_Family
7282,1,0,1,Potential_Novel_Family
7283,1,0,1,Potential_Novel_Family
7284,1,0,1,Potential_Novel_Family
7285,0,1,1,Known_Family_Only
7286,1,0,1,Potential_Novel_Family
7287,1,0,1,Potential_Novel_Family
7289,1,0,1,Potential_Novel_Family
7290,1,0,1,Potential_Novel_Family
7291,1,0,1,Potential_Novel_Family
7306,1,0,1,Potential_Novel_Family
7295,1,0,1,Potential_Novel_Family
7296,1,0,1,Potential_Novel_Family
7298,0,1,1,Known_Family_Only
7300,1,0,1,Potential_Novel_Family
7301,1,0,1,Potential_Novel_Family
7302,0,1,1,Known_Family_Only
7303,0,1,1,Known_Family_Only
7304,1,0,1,Potential_Novel_Family
7305,0,1,1,Known_Family_Only
7293,1,0,1,Potential_Novel_Family
4909,0,1,1,Known_Family_Only
4910,1,0,1,Potential_Novel_Family
4911,1,0,1,Potential_Novel_Family
4912,1,0,1,Potential_Novel_Family
4913,0,1,1,Known_Family_Only
4914,0,1,1,Known_Family_Only
4915,0,1,1,Known_Family_Only
4916,1,0,1,Potential_Novel_Family
6115,0,1,1,Known_Family_Only
4919,1,0,1,Potential_Novel_Family
4920,1,0,1,Potential_Novel_Family
4921,1,0,1,Potential_Novel_Family
4922,0,1,1,Known_Family_Only
4923,1,0,1,Potential_Novel_Family
4924,0,1,1,Known_Family_Only
4925,1,0,1,Potential_Novel_Family
4926,1,0,1,Potential_Novel_Family
4927,0,1,1,Known_Family_Only
4917,1,0,1,Potential_Novel_Family
4886,1,0,1,Potential_Novel_Family
4887,0,1,1,Known_Family_Only
4889,0,1,1,Known_Family_Only
4890,0,1,1,Known_Family_Only
4891,1,0,1,Potential_Novel_Family
4892,0,1,1,Known_Family_Only
4893,1,0,1,Potential_Novel_Family
4894,0,1,1,Known_Family_Only
4896,1,0,1,Potential_Novel_Family
4908,1,0,1,Potential_Novel_Family
4898,0,1,1,Known_Family_Only
4899,1,0,1,Potential_Novel_Family
4901,0,1,1,Known_Family_Only
4902,0,1,1,Known_Family_Only
4903,0,1,1,Known_Family_Only
4904,1,0,1,Potential_Novel_Family
4905,1,0,1,Potential_Novel_Family
4906,1,0,1,Potential_Novel_Family
4907,1,0,1,Potential_Novel_Family
4897,1,0,1,Potential_Novel_Family
4959,1,0,1,Potential_Novel_Family
4961,1,0,1,Potential_Novel_Family
4963,0,1,1,Known_Family_Only
4964,1,0,1,Potential_Novel_Family
4966,1,0,1,Potential_Novel_Family
4971,1,0,1,Potential_Novel_Family
4973,0,1,1,Known_Family_Only
4974,1,0,1,Potential_Novel_Family
4928,0,1,1,Known_Family_Only
4978,0,1,1,Known_Family_Only
4980,1,0,1,Potential_Novel_Family
4981,1,0,1,Potential_Novel_Family
4983,1,0,1,Potential_Novel_Family
4984,0,1,1,Known_Family_Only
4985,0,1,1,Known_Family_Only
4986,0,1,1,Known_Family_Only
4988,1,0,1,Potential_Novel_Family
4989,1,0,1,Potential_Novel_Family
4977,1,0,1,Potential_Novel_Family
4930,0,1,1,Known_Family_Only
4931,1,0,1,Potential_Novel_Family
4932,1,0,1,Potential_Novel_Family
4933,1,0,1,Potential_Novel_Family
4935,1,0,1,Potential_Novel_Family
4936,0,1,1,Known_Family_Only
4937,0,1,1,Known_Family_Only
4938,0,1,1,Known_Family_Only
4941,1,0,1,Potential_Novel_Family
4958,1,0,1,Potential_Novel_Family
4943,1,0,1,Potential_Novel_Family
4947,1,0,1,Potential_Novel_Family
4948,1,0,1,Potential_Novel_Family
4950,0,1,1,Known_Family_Only
4951,0,1,1,Known_Family_Only
4953,0,1,1,Known_Family_Only
4955,1,0,1,Potential_Novel_Family
4956,1,0,1,Potential_Novel_Family
4957,1,0,1,Potential_Novel_Family
4942,1,0,1,Potential_Novel_Family
4800,1,0,1,Potential_Novel_Family
4802,0,1,1,Known_Family_Only
4803,0,1,1,Known_Family_Only
4804,0,1,1,Known_Family_Only
4805,1,0,1,Potential_Novel_Family
4806,0,1,1,Known_Family_Only
4807,0,1,1,Known_Family_Only
4808,1,0,1,Potential_Novel_Family
4885,1,0,1,Potential_Novel_Family
4811,0,1,1,Known_Family_Only
4812,1,0,1,Potential_Novel_Family
4813,0,1,1,Known_Family_Only
4815,1,0,1,Potential_Novel_Family
4818,1,0,1,Potential_Novel_Family
4819,1,0,1,Potential_Novel_Family
4820,1,0,1,Potential_Novel_Family
4821,0,1,1,Known_Family_Only
4822,1,0,1,Potential_Novel_Family
4810,0,1,1,Known_Family_Only
4778,0,1,1,Known_Family_Only
4779,1,0,1,Potential_Novel_Family
4780,1,0,1,Potential_Novel_Family
4781,0,1,1,Known_Family_Only
4782,1,0,1,Potential_Novel_Family
4783,1,0,1,Potential_Novel_Family
4784,0,1,1,Known_Family_Only
4785,1,0,1,Potential_Novel_Family
4786,1,0,1,Potential_Novel_Family
4799,1,0,1,Potential_Novel_Family
4788,1,0,1,Potential_Novel_Family
4789,1,0,1,Potential_Novel_Family
4790,0,1,1,Known_Family_Only
4791,0,1,1,Known_Family_Only
4793,1,0,1,Potential_Novel_Family
4794,1,0,1,Potential_Novel_Family
4795,0,1,1,Known_Family_Only
4796,0,1,1,Known_Family_Only
4797,0,1,1,Known_Family_Only
4787,1,0,1,Potential_Novel_Family
4858,0,1,1,Known_Family_Only
4859,0,1,1,Known_Family_Only
4860,1,0,1,Potential_Novel_Family
4861,1,0,1,Potential_Novel_Family
4862,0,1,1,Known_Family_Only
4863,1,0,1,Potential_Novel_Family
4864,0,1,1,Known_Family_Only
4866,0,1,1,Known_Family_Only
4823,1,0,1,Potential_Novel_Family
4868,0,1,1,Known_Family_Only
4870,0,1,1,Known_Family_Only
4871,0,1,1,Known_Family_Only
4875,0,1,1,Known_Family_Only
4876,0,1,1,Known_Family_Only
4879,0,1,1,Known_Family_Only
4880,1,0,1,Potential_Novel_Family
4883,1,0,1,Potential_Novel_Family
4884,1,0,1,Potential_Novel_Family
4867,1,0,1,Potential_Novel_Family
4824,0,1,1,Known_Family_Only
4827,0,1,1,Known_Family_Only
4829,0,1,1,Known_Family_Only
4831,1,0,1,Potential_Novel_Family
4834,1,0,1,Potential_Novel_Family
4837,1,0,1,Potential_Novel_Family
4838,1,0,1,Potential_Novel_Family
4841,1,0,1,Potential_Novel_Family
4842,0,1,1,Known_Family_Only
4856,1,0,1,Potential_Novel_Family
4844,1,0,1,Potential_Novel_Family
4847,1,0,1,Potential_Novel_Family
4849,1,0,1,Potential_Novel_Family
4850,1,0,1,Potential_Novel_Family
4851,1,0,1,Potential_Novel_Family
4852,0,1,1,Known_Family_Only
4853,1,0,1,Potential_Novel_Family
4854,0,1,1,Known_Family_Only
4855,1,0,1,Potential_Novel_Family
4843,1,0,1,Potential_Novel_Family
5124,1,0,1,Potential_Novel_Family
5125,1,0,1,Potential_Novel_Family
5126,1,0,1,Potential_Novel_Family
5128,0,1,1,Known_Family_Only
5129,1,0,1,Potential_Novel_Family
5130,1,0,1,Potential_Novel_Family
5131,0,1,1,Known_Family_Only
5132,0,1,1,Known_Family_Only
4990,1,0,1,Potential_Novel_Family
5136,1,0,1,Potential_Novel_Family
5137,1,0,1,Potential_Novel_Family
5138,1,0,1,Potential_Novel_Family
5141,1,0,1,Potential_Novel_Family
5142,0,1,1,Known_Family_Only
5143,1,0,1,Potential_Novel_Family
5144,0,1,1,Known_Family_Only
5145,1,0,1,Potential_Novel_Family
5148,1,0,1,Potential_Novel_Family
5135,0,1,1,Known_Family_Only
5098,1,0,1,Potential_Novel_Family
5099,0,1,1,Known_Family_Only
5100,1,0,1,Potential_Novel_Family
5101,0,1,1,Known_Family_Only
5102,0,1,1,Known_Family_Only
5103,1,0,1,Potential_Novel_Family
5104,0,1,1,Known_Family_Only
5105,0,1,1,Known_Family_Only
5107,0,1,1,Known_Family_Only
5122,1,0,1,Potential_Novel_Family
5109,1,0,1,Potential_Novel_Family
5110,0,1,1,Known_Family_Only
5113,1,0,1,Potential_Novel_Family
5115,0,1,1,Known_Family_Only
5116,1,0,1,Potential_Novel_Family
5117,1,0,1,Potential_Novel_Family
5119,1,0,1,Potential_Novel_Family
5120,1,0,1,Potential_Novel_Family
5121,0,1,1,Known_Family_Only
5108,1,0,1,Potential_Novel_Family
5183,1,0,1,Potential_Novel_Family
5184,1,0,1,Potential_Novel_Family
5185,0,1,1,Known_Family_Only
5186,1,0,1,Potential_Novel_Family
5190,0,1,1,Known_Family_Only
5191,1,0,1,Potential_Novel_Family
5193,1,0,1,Potential_Novel_Family
5195,0,1,1,Known_Family_Only
5150,0,1,1,Known_Family_Only
5198,1,0,1,Potential_Novel_Family
5199,0,1,1,Known_Family_Only
5200,0,1,1,Known_Family_Only
5201,0,1,1,Known_Family_Only
5202,1,0,1,Potential_Novel_Family
5203,1,0,1,Potential_Novel_Family
5204,1,0,1,Potential_Novel_Family
5205,1,0,1,Potential_Novel_Family
5206,0,1,1,Known_Family_Only
5196,1,0,1,Potential_Novel_Family
5151,1,0,1,Potential_Novel_Family
5152,1,0,1,Potential_Novel_Family
5155,0,1,1,Known_Family_Only
5156,1,0,1,Potential_Novel_Family
5157,0,1,1,Known_Family_Only
5158,1,0,1,Potential_Novel_Family
5159,0,1,1,Known_Family_Only
5160,0,1,1,Known_Family_Only
5164,0,1,1,Known_Family_Only
5182,1,0,1,Potential_Novel_Family
5166,1,0,1,Potential_Novel_Family
5168,1,0,1,Potential_Novel_Family
5170,0,1,1,Known_Family_Only
5172,0,1,1,Known_Family_Only
5174,1,0,1,Potential_Novel_Family
5176,1,0,1,Potential_Novel_Family
5177,0,1,1,Known_Family_Only
5178,1,0,1,Potential_Novel_Family
5179,1,0,1,Potential_Novel_Family
5165,1,0,1,Potential_Novel_Family
5017,1,0,1,Potential_Novel_Family
5019,0,1,1,Known_Family_Only
5020,1,0,1,Potential_Novel_Family
5021,1,0,1,Potential_Novel_Family
5022,0,1,1,Known_Family_Only
5023,1,0,1,Potential_Novel_Family
5024,0,1,1,Known_Family_Only
5028,1,0,1,Potential_Novel_Family
5096,0,1,1,Known_Family_Only
5030,1,0,1,Potential_Novel_Family
5031,0,1,1,Known_Family_Only
5032,1,0,1,Potential_Novel_Family
5034,0,1,1,Known_Family_Only
5035,0,1,1,Known_Family_Only
5036,0,1,1,Known_Family_Only
5037,0,1,1,Known_Family_Only
5039,0,1,1,Known_Family_Only
5041,1,0,1,Potential_Novel_Family
5029,1,0,1,Potential_Novel_Family
4991,1,0,1,Potential_Novel_Family
4994,0,1,1,Known_Family_Only
4995,1,0,1,Potential_Novel_Family
4997,1,0,1,Potential_Novel_Family
4998,0,1,1,Known_Family_Only
4999,0,1,1,Known_Family_Only
5000,0,1,1,Known_Family_Only
5002,1,0,1,Potential_Novel_Family
5003,0,1,1,Known_Family_Only
5016,0,1,1,Known_Family_Only
5005,1,0,1,Potential_Novel_Family
5006,0,1,1,Known_Family_Only
5007,0,1,1,Known_Family_Only
5008,1,0,1,Potential_Novel_Family
5009,1,0,1,Potential_Novel_Family
5010,0,1,1,Known_Family_Only
5011,1,0,1,Potential_Novel_Family
5013,1,0,1,Potential_Novel_Family
5015,0,1,1,Known_Family_Only
5004,0,1,1,Known_Family_Only
5072,1,0,1,Potential_Novel_Family
5073,1,0,1,Potential_Novel_Family
5074,0,1,1,Known_Family_Only
5077,1,0,1,Potential_Novel_Family
5078,1,0,1,Potential_Novel_Family
5079,1,0,1,Potential_Novel_Family
5081,1,0,1,Potential_Novel_Family
5082,1,0,1,Potential_Novel_Family
5083,0,1,1,Known_Family_Only
5042,1,0,1,Potential_Novel_Family
5086,1,0,1,Potential_Novel_Family
5088,1,0,1,Potential_Novel_Family
5089,0,1,1,Known_Family_Only
5090,0,1,1,Known_Family_Only
5091,1,0,1,Potential_Novel_Family
5092,0,1,1,Known_Family_Only
5093,0,1,1,Known_Family_Only
5094,0,1,1,Known_Family_Only
5095,1,0,1,Potential_Novel_Family
5085,1,0,1,Potential_Novel_Family
5044,1,0,1,Potential_Novel_Family
5045,1,0,1,Potential_Novel_Family
5046,1,0,1,Potential_Novel_Family
5047,0,1,1,Known_Family_Only
5048,1,0,1,Potential_Novel_Family
5049,1,0,1,Potential_Novel_Family
5054,0,1,1,Known_Family_Only
5055,0,1,1,Known_Family_Only
5056,1,0,1,Potential_Novel_Family
5070,1,0,1,Potential_Novel_Family
5058,0,1,1,Known_Family_Only
5059,1,0,1,Potential_Novel_Family
5060,0,1,1,Known_Family_Only
5061,1,0,1,Potential_Novel_Family
5062,0,1,1,Known_Family_Only
5066,1,0,1,Potential_Novel_Family
5067,0,1,1,Known_Family_Only
5068,1,0,1,Potential_Novel_Family
5069,0,1,1,Known_Family_Only
5057,0,1,1,Known_Family_Only
4460,1,0,1,Potential_Novel_Family
4461,1,0,1,Potential_Novel_Family
4462,1,0,1,Potential_Novel_Family
4463,0,1,1,Known_Family_Only
4465,1,0,1,Potential_Novel_Family
4466,1,0,1,Potential_Novel_Family
4467,1,0,1,Potential_Novel_Family
4468,1,0,1,Potential_Novel_Family
4777,1,0,1,Potential_Novel_Family
4473,0,1,1,Known_Family_Only
4474,1,0,1,Potential_Novel_Family
4475,0,1,1,Known_Family_Only
4476,1,0,1,Potential_Novel_Family
4477,0,1,1,Known_Family_Only
4479,1,0,1,Potential_Novel_Family
4480,0,1,1,Known_Family_Only
4484,0,1,1,Known_Family_Only
4486,0,1,1,Known_Family_Only
4472,1,0,1,Potential_Novel_Family
4427,1,0,1,Potential_Novel_Family
4428,0,1,1,Known_Family_Only
4429,1,0,1,Potential_Novel_Family
4430,1,0,1,Potential_Novel_Family
4434,1,0,1,Potential_Novel_Family
4438,1,0,1,Potential_Novel_Family
4440,1,0,1,Potential_Novel_Family
4441,1,0,1,Potential_Novel_Family
4442,1,0,1,Potential_Novel_Family
4459,1,0,1,Potential_Novel_Family
4445,1,0,1,Potential_Novel_Family
4448,0,1,1,Known_Family_Only
4449,1,0,1,Potential_Novel_Family
4450,1,0,1,Potential_Novel_Family
4451,0,1,1,Known_Family_Only
4452,1,0,1,Potential_Novel_Family
4454,1,0,1,Potential_Novel_Family
4455,1,0,1,Potential_Novel_Family
4456,1,0,1,Potential_Novel_Family
4444,1,0,1,Potential_Novel_Family
4519,1,0,1,Potential_Novel_Family
4521,1,0,1,Potential_Novel_Family
4522,0,1,1,Known_Family_Only
4524,1,0,1,Potential_Novel_Family
4525,1,0,1,Potential_Novel_Family
4528,1,0,1,Potential_Novel_Family
4529,1,0,1,Potential_Novel_Family
4530,1,0,1,Potential_Novel_Family
4487,1,0,1,Potential_Novel_Family
4532,1,0,1,Potential_Novel_Family
4533,1,0,1,Potential_Novel_Family
4534,1,0,1,Potential_Novel_Family
4535,1,0,1,Potential_Novel_Family
4536,1,0,1,Potential_Novel_Family
4538,0,1,1,Known_Family_Only
4540,1,0,1,Potential_Novel_Family
4543,1,0,1,Potential_Novel_Family
4544,0,1,1,Known_Family_Only
4531,1,0,1,Potential_Novel_Family
4489,0,1,1,Known_Family_Only
4490,1,0,1,Potential_Novel_Family
4493,0,1,1,Known_Family_Only
4494,1,0,1,Potential_Novel_Family
4496,1,0,1,Potential_Novel_Family
4497,0,1,1,Known_Family_Only
4499,0,1,1,Known_Family_Only
4500,0,1,1,Known_Family_Only
4501,0,1,1,Known_Family_Only
4518,1,0,1,Potential_Novel_Family
4504,1,0,1,Potential_Novel_Family
4506,1,0,1,Potential_Novel_Family
4508,1,0,1,Potential_Novel_Family
4509,1,0,1,Potential_Novel_Family
4510,1,0,1,Potential_Novel_Family
4511,0,1,1,Known_Family_Only
4513,1,0,1,Potential_Novel_Family
4515,1,0,1,Potential_Novel_Family
4517,0,1,1,Known_Family_Only
4502,1,0,1,Potential_Novel_Family
4336,0,1,1,Known_Family_Only
4339,0,1,1,Known_Family_Only
4340,0,1,1,Known_Family_Only
4343,1,0,1,Potential_Novel_Family
4344,0,1,1,Known_Family_Only
4345,1,0,1,Potential_Novel_Family
4347,0,1,1,Known_Family_Only
4348,1,0,1,Potential_Novel_Family
4425,1,0,1,Potential_Novel_Family
4350,1,0,1,Potential_Novel_Family
4352,0,1,1,Known_Family_Only
4353,1,0,1,Potential_Novel_Family
4355,1,0,1,Potential_Novel_Family
4357,1,0,1,Potential_Novel_Family
4358,1,0,1,Potential_Novel_Family
4360,0,1,1,Known_Family_Only
4362,0,1,1,Known_Family_Only
4364,0,1,1,Known_Family_Only
4349,0,1,1,Known_Family_Only
4306,0,1,1,Known_Family_Only
4307,0,1,1,Known_Family_Only
4310,0,1,1,Known_Family_Only
4312,0,1,1,Known_Family_Only
4313,1,0,1,Potential_Novel_Family
4318,0,1,1,Known_Family_Only
4319,0,1,1,Known_Family_Only
4320,1,0,1,Potential_Novel_Family
4321,1,0,1,Potential_Novel_Family
4335,1,0,1,Potential_Novel_Family
4323,0,1,1,Known_Family_Only
4324,0,1,1,Known_Family_Only
4325,1,0,1,Potential_Novel_Family
4326,1,0,1,Potential_Novel_Family
4327,1,0,1,Potential_Novel_Family
4328,1,0,1,Potential_Novel_Family
4330,1,0,1,Potential_Novel_Family
4332,1,0,1,Potential_Novel_Family
4334,1,0,1,Potential_Novel_Family
4322,1,0,1,Potential_Novel_Family
4396,0,1,1,Known_Family_Only
4399,1,0,1,Potential_Novel_Family
4401,0,1,1,Known_Family_Only
4402,0,1,1,Known_Family_Only
4403,1,0,1,Potential_Novel_Family
4404,0,1,1,Known_Family_Only
4407,1,0,1,Potential_Novel_Family
4409,0,1,1,Known_Family_Only
4365,1,0,1,Potential_Novel_Family
4413,0,1,1,Known_Family_Only
4414,1,0,1,Potential_Novel_Family
4415,0,1,1,Known_Family_Only
4416,1,0,1,Potential_Novel_Family
4417,0,1,1,Known_Family_Only
4418,1,0,1,Potential_Novel_Family
4419,1,0,1,Potential_Novel_Family
4421,1,0,1,Potential_Novel_Family
4422,1,0,1,Potential_Novel_Family
4412,1,0,1,Potential_Novel_Family
4366,0,1,1,Known_Family_Only
4367,0,1,1,Known_Family_Only
4369,1,0,1,Potential_Novel_Family
4370,1,0,1,Potential_Novel_Family
4374,0,1,1,Known_Family_Only
4375,1,0,1,Potential_Novel_Family
4376,0,1,1,Known_Family_Only
4377,0,1,1,Known_Family_Only
4378,1,0,1,Potential_Novel_Family
4394,1,0,1,Potential_Novel_Family
4380,1,0,1,Potential_Novel_Family
4382,1,0,1,Potential_Novel_Family
4383,1,0,1,Potential_Novel_Family
4384,1,0,1,Potential_Novel_Family
4385,0,1,1,Known_Family_Only
4386,0,1,1,Known_Family_Only
4387,0,1,1,Known_Family_Only
4388,1,0,1,Potential_Novel_Family
4390,1,0,1,Potential_Novel_Family
4379,0,1,1,Known_Family_Only
4702,0,1,1,Known_Family_Only
4704,0,1,1,Known_Family_Only
4707,0,1,1,Known_Family_Only
4708,1,0,1,Potential_Novel_Family
4711,0,1,1,Known_Family_Only
4712,0,1,1,Known_Family_Only
4713,1,0,1,Potential_Novel_Family
4714,1,0,1,Potential_Novel_Family
4546,1,0,1,Potential_Novel_Family
4716,0,1,1,Known_Family_Only
4719,1,0,1,Potential_Novel_Family
4720,1,0,1,Potential_Novel_Family
4721,1,0,1,Potential_Novel_Family
4722,1,0,1,Potential_Novel_Family
4723,1,0,1,Potential_Novel_Family
4724,0,1,1,Known_Family_Only
4725,1,0,1,Potential_Novel_Family
4726,1,0,1,Potential_Novel_Family
4715,0,1,1,Known_Family_Only
4668,0,1,1,Known_Family_Only
4671,1,0,1,Potential_Novel_Family
4673,1,0,1,Potential_Novel_Family
4677,0,1,1,Known_Family_Only
4679,0,1,1,Known_Family_Only
4680,1,0,1,Potential_Novel_Family
4682,1,0,1,Potential_Novel_Family
4683,0,1,1,Known_Family_Only
4684,1,0,1,Potential_Novel_Family
4701,1,0,1,Potential_Novel_Family
4686,1,0,1,Potential_Novel_Family
4687,1,0,1,Potential_Novel_Family
4688,1,0,1,Potential_Novel_Family
4690,1,0,1,Potential_Novel_Family
4692,0,1,1,Known_Family_Only
4693,1,0,1,Potential_Novel_Family
4694,1,0,1,Potential_Novel_Family
4696,1,0,1,Potential_Novel_Family
4698,1,0,1,Potential_Novel_Family
4685,1,0,1,Potential_Novel_Family
4756,0,1,1,Known_Family_Only
4758,0,1,1,Known_Family_Only
4759,1,0,1,Potential_Novel_Family
4760,0,1,1,Known_Family_Only
4761,1,0,1,Potential_Novel_Family
4762,0,1,1,Known_Family_Only
4763,0,1,1,Known_Family_Only
4764,0,1,1,Known_Family_Only
4728,0,1,1,Known_Family_Only
4766,0,1,1,Known_Family_Only
4767,1,0,1,Potential_Novel_Family
4768,1,0,1,Potential_Novel_Family
4769,1,0,1,Potential_Novel_Family
4771,1,0,1,Potential_Novel_Family
4773,1,0,1,Potential_Novel_Family
4774,1,0,1,Potential_Novel_Family
4775,1,0,1,Potential_Novel_Family
4776,1,0,1,Potential_Novel_Family
4765,1,0,1,Potential_Novel_Family
4729,1,0,1,Potential_Novel_Family
4735,0,1,1,Known_Family_Only
4736,1,0,1,Potential_Novel_Family
4737,1,0,1,Potential_Novel_Family
4739,1,0,1,Potential_Novel_Family
4740,1,0,1,Potential_Novel_Family
4741,1,0,1,Potential_Novel_Family
4742,1,0,1,Potential_Novel_Family
4743,0,1,1,Known_Family_Only
4755,1,0,1,Potential_Novel_Family
4745,1,0,1,Potential_Novel_Family
4746,1,0,1,Potential_Novel_Family
4747,1,0,1,Potential_Novel_Family
4748,1,0,1,Potential_Novel_Family
4749,1,0,1,Potential_Novel_Family
4750,0,1,1,Known_Family_Only
4751,1,0,1,Potential_Novel_Family
4752,1,0,1,Potential_Novel_Family
4753,0,1,1,Known_Family_Only
4744,1,0,1,Potential_Novel_Family
4581,0,1,1,Known_Family_Only
4582,1,0,1,Potential_Novel_Family
4583,1,0,1,Potential_Novel_Family
4584,0,1,1,Known_Family_Only
4585,0,1,1,Known_Family_Only
4586,1,0,1,Potential_Novel_Family
4590,0,1,1,Known_Family_Only
4591,0,1,1,Known_Family_Only
4666,0,1,1,Known_Family_Only
4595,1,0,1,Potential_Novel_Family
4597,1,0,1,Potential_Novel_Family
4598,0,1,1,Known_Family_Only
4600,0,1,1,Known_Family_Only
4601,1,0,1,Potential_Novel_Family
4602,0,1,1,Known_Family_Only
4603,0,1,1,Known_Family_Only
4604,1,0,1,Potential_Novel_Family
4605,1,0,1,Potential_Novel_Family
4592,0,1,1,Known_Family_Only
4547,0,1,1,Known_Family_Only
4548,0,1,1,Known_Family_Only
4554,0,1,1,Known_Family_Only
4557,1,0,1,Potential_Novel_Family
4558,1,0,1,Potential_Novel_Family
4559,0,1,1,Known_Family_Only
4560,0,1,1,Known_Family_Only
4561,1,0,1,Potential_Novel_Family
4563,1,0,1,Potential_Novel_Family
4580,0,1,1,Known_Family_Only
4567,0,1,1,Known_Family_Only
4569,1,0,1,Potential_Novel_Family
4570,1,0,1,Potential_Novel_Family
4572,1,0,1,Potential_Novel_Family
4573,1,0,1,Potential_Novel_Family
4574,1,0,1,Potential_Novel_Family
4575,1,0,1,Potential_Novel_Family
4578,0,1,1,Known_Family_Only
4579,0,1,1,Known_Family_Only
4566,1,0,1,Potential_Novel_Family
4638,1,0,1,Potential_Novel_Family
4639,1,0,1,Potential_Novel_Family
4640,1,0,1,Potential_Novel_Family
4643,0,1,1,Known_Family_Only
4645,0,1,1,Known_Family_Only
4646,0,1,1,Known_Family_Only
4647,1,0,1,Potential_Novel_Family
4648,1,0,1,Potential_Novel_Family
4649,1,0,1,Potential_Novel_Family
4607,0,1,1,Known_Family_Only
4652,1,0,1,Potential_Novel_Family
4654,0,1,1,Known_Family_Only
4656,1,0,1,Potential_Novel_Family
4657,1,0,1,Potential_Novel_Family
4659,1,0,1,Potential_Novel_Family
4660,1,0,1,Potential_Novel_Family
4661,1,0,1,Potential_Novel_Family
4662,1,0,1,Potential_Novel_Family
4664,1,0,1,Potential_Novel_Family
4651,1,0,1,Potential_Novel_Family
4608,1,0,1,Potential_Novel_Family
4609,1,0,1,Potential_Novel_Family
4610,0,1,1,Known_Family_Only
4611,1,0,1,Potential_Novel_Family
4612,1,0,1,Potential_Novel_Family
4613,1,0,1,Potential_Novel_Family
4616,0,1,1,Known_Family_Only
4618,1,0,1,Potential_Novel_Family
4620,1,0,1,Potential_Novel_Family
4637,1,0,1,Potential_Novel_Family
4622,1,0,1,Potential_Novel_Family
4624,1,0,1,Potential_Novel_Family
4625,1,0,1,Potential_Novel_Family
4627,0,1,1,Known_Family_Only
4628,1,0,1,Potential_Novel_Family
4629,1,0,1,Potential_Novel_Family
4633,1,0,1,Potential_Novel_Family
4635,0,1,1,Known_Family_Only
4636,0,1,1,Known_Family_Only
4621,1,0,1,Potential_Novel_Family
5820,0,1,1,Known_Family_Only
5821,1,0,1,Potential_Novel_Family
5822,1,0,1,Potential_Novel_Family
5823,1,0,1,Potential_Novel_Family
5824,1,0,1,Potential_Novel_Family
5826,1,0,1,Potential_Novel_Family
5827,0,1,1,Known_Family_Only
5828,0,1,1,Known_Family_Only
5207,1,0,1,Potential_Novel_Family
5830,1,0,1,Potential_Novel_Family
5831,0,1,1,Known_Family_Only
5832,0,1,1,Known_Family_Only
5833,0,1,1,Known_Family_Only
5834,1,0,1,Potential_Novel_Family
5835,1,0,1,Potential_Novel_Family
5836,0,1,1,Known_Family_Only
5838,0,1,1,Known_Family_Only
5839,1,0,1,Potential_Novel_Family
5829,0,1,1,Known_Family_Only
5788,1,0,1,Potential_Novel_Family
5789,1,0,1,Potential_Novel_Family
5792,1,0,1,Potential_Novel_Family
5793,1,0,1,Potential_Novel_Family
5795,0,1,1,Known_Family_Only
5797,1,0,1,Potential_Novel_Family
5799,0,1,1,Known_Family_Only
5800,1,0,1,Potential_Novel_Family
5802,1,0,1,Potential_Novel_Family
5818,0,1,1,Known_Family_Only
5804,1,0,1,Potential_Novel_Family
5805,0,1,1,Known_Family_Only
5806,1,0,1,Potential_Novel_Family
5807,1,0,1,Potential_Novel_Family
5809,1,0,1,Potential_Novel_Family
5810,1,0,1,Potential_Novel_Family
5811,1,0,1,Potential_Novel_Family
5815,0,1,1,Known_Family_Only
5817,1,0,1,Potential_Novel_Family
5803,0,1,1,Known_Family_Only
5869,1,0,1,Potential_Novel_Family
5870,1,0,1,Potential_Novel_Family
5873,1,0,1,Potential_Novel_Family
5874,1,0,1,Potential_Novel_Family
5875,0,1,1,Known_Family_Only
5879,1,0,1,Potential_Novel_Family
5880,1,0,1,Potential_Novel_Family
5881,0,1,1,Known_Family_Only
5841,1,0,1,Potential_Novel_Family
5884,1,0,1,Potential_Novel_Family
5885,0,1,1,Known_Family_Only
5887,1,0,1,Potential_Novel_Family
5888,1,0,1,Potential_Novel_Family
5889,1,0,1,Potential_Novel_Family
5890,1,0,1,Potential_Novel_Family
5892,0,1,1,Known_Family_Only
5894,0,1,1,Known_Family_Only
5895,1,0,1,Potential_Novel_Family
5882,1,0,1,Potential_Novel_Family
5842,1,0,1,Potential_Novel_Family
5843,1,0,1,Potential_Novel_Family
5844,1,0,1,Potential_Novel_Family
5845,1,0,1,Potential_Novel_Family
5847,0,1,1,Known_Family_Only
5849,1,0,1,Potential_Novel_Family
5850,1,0,1,Potential_Novel_Family
5852,1,0,1,Potential_Novel_Family
5853,1,0,1,Potential_Novel_Family
5868,1,0,1,Potential_Novel_Family
5855,1,0,1,Potential_Novel_Family
5856,0,1,1,Known_Family_Only
5857,0,1,1,Known_Family_Only
5858,0,1,1,Known_Family_Only
5861,1,0,1,Potential_Novel_Family
5863,0,1,1,Known_Family_Only
5865,0,1,1,Known_Family_Only
5866,1,0,1,Potential_Novel_Family
5867,0,1,1,Known_Family_Only
5854,1,0,1,Potential_Novel_Family
5707,1,0,1,Potential_Novel_Family
5709,1,0,1,Potential_Novel_Family
5710,0,1,1,Known_Family_Only
5711,1,0,1,Potential_Novel_Family
5712,0,1,1,Known_Family_Only
5713,1,0,1,Potential_Novel_Family
5714,0,1,1,Known_Family_Only
5715,0,1,1,Known_Family_Only
5786,1,0,1,Potential_Novel_Family
5717,1,0,1,Potential_Novel_Family
5719,0,1,1,Known_Family_Only
5720,0,1,1,Known_Family_Only
5723,0,1,1,Known_Family_Only
5724,0,1,1,Known_Family_Only
5725,0,1,1,Known_Family_Only
5726,1,0,1,Potential_Novel_Family
5727,0,1,1,Known_Family_Only
5729,1,0,1,Potential_Novel_Family
5716,1,0,1,Potential_Novel_Family
5680,0,1,1,Known_Family_Only
5681,1,0,1,Potential_Novel_Family
5682,1,0,1,Potential_Novel_Family
5683,1,0,1,Potential_Novel_Family
5684,1,0,1,Potential_Novel_Family
5686,1,0,1,Potential_Novel_Family
5688,0,1,1,Known_Family_Only
5689,0,1,1,Known_Family_Only
5690,1,0,1,Potential_Novel_Family
5706,1,0,1,Potential_Novel_Family
5693,1,0,1,Potential_Novel_Family
5694,1,0,1,Potential_Novel_Family
5695,1,0,1,Potential_Novel_Family
5696,1,0,1,Potential_Novel_Family
5698,1,0,1,Potential_Novel_Family
5700,0,1,1,Known_Family_Only
5701,1,0,1,Potential_Novel_Family
5702,1,0,1,Potential_Novel_Family
5703,1,0,1,Potential_Novel_Family
5692,0,1,1,Known_Family_Only
5759,1,0,1,Potential_Novel_Family
5762,0,1,1,Known_Family_Only
5763,1,0,1,Potential_Novel_Family
5764,0,1,1,Known_Family_Only
5765,1,0,1,Potential_Novel_Family
5766,1,0,1,Potential_Novel_Family
5767,1,0,1,Potential_Novel_Family
5768,1,0,1,Potential_Novel_Family
5733,1,0,1,Potential_Novel_Family
5771,0,1,1,Known_Family_Only
5774,1,0,1,Potential_Novel_Family
5776,1,0,1,Potential_Novel_Family
5777,1,0,1,Potential_Novel_Family
5778,0,1,1,Known_Family_Only
5780,0,1,1,Known_Family_Only
5781,1,0,1,Potential_Novel_Family
5783,1,0,1,Potential_Novel_Family
5785,0,1,1,Known_Family_Only
5770,1,0,1,Potential_Novel_Family
5735,1,0,1,Potential_Novel_Family
5736,1,0,1,Potential_Novel_Family
5738,0,1,1,Known_Family_Only
5739,1,0,1,Potential_Novel_Family
5740,1,0,1,Potential_Novel_Family
5741,0,1,1,Known_Family_Only
5742,1,0,1,Potential_Novel_Family
5744,0,1,1,Known_Family_Only
5745,0,1,1,Known_Family_Only
5758,1,0,1,Potential_Novel_Family
5748,1,0,1,Potential_Novel_Family
5749,1,0,1,Potential_Novel_Family
5750,0,1,1,Known_Family_Only
5751,0,1,1,Known_Family_Only
5752,1,0,1,Potential_Novel_Family
5753,1,0,1,Potential_Novel_Family
5754,0,1,1,Known_Family_Only
5756,1,0,1,Potential_Novel_Family
5757,1,0,1,Potential_Novel_Family
5747,1,0,1,Potential_Novel_Family
6040,1,0,1,Potential_Novel_Family
6041,1,0,1,Potential_Novel_Family
6043,1,0,1,Potential_Novel_Family
6044,1,0,1,Potential_Novel_Family
6045,1,0,1,Potential_Novel_Family
6047,0,1,1,Known_Family_Only
6048,1,0,1,Potential_Novel_Family
6049,0,1,1,Known_Family_Only
5897,0,1,1,Known_Family_Only
6051,1,0,1,Potential_Novel_Family
6054,1,0,1,Potential_Novel_Family
6056,1,0,1,Potential_Novel_Family
6057,0,1,1,Known_Family_Only
6058,1,0,1,Potential_Novel_Family
6060,0,1,1,Known_Family_Only
6061,1,0,1,Potential_Novel_Family
6062,1,0,1,Potential_Novel_Family
6063,1,0,1,Potential_Novel_Family
6050,1,0,1,Potential_Novel_Family
6016,1,0,1,Potential_Novel_Family
6017,1,0,1,Potential_Novel_Family
6020,1,0,1,Potential_Novel_Family
6021,1,0,1,Potential_Novel_Family
6022,1,0,1,Potential_Novel_Family
6023,1,0,1,Potential_Novel_Family
6024,1,0,1,Potential_Novel_Family
6025,1,0,1,Potential_Novel_Family
6026,0,1,1,Known_Family_Only
6039,0,1,1,Known_Family_Only
6028,1,0,1,Potential_Novel_Family
6029,1,0,1,Potential_Novel_Family
6030,0,1,1,Known_Family_Only
6031,1,0,1,Potential_Novel_Family
6033,0,1,1,Known_Family_Only
6034,1,0,1,Potential_Novel_Family
6035,1,0,1,Potential_Novel_Family
6037,1,0,1,Potential_Novel_Family
6038,1,0,1,Potential_Novel_Family
6027,1,0,1,Potential_Novel_Family
6089,1,0,1,Potential_Novel_Family
6090,0,1,1,Known_Family_Only
6091,1,0,1,Potential_Novel_Family
6092,0,1,1,Known_Family_Only
6093,0,1,1,Known_Family_Only
6095,1,0,1,Potential_Novel_Family
6096,0,1,1,Known_Family_Only
6097,0,1,1,Known_Family_Only
6064,1,0,1,Potential_Novel_Family
6099,1,0,1,Potential_Novel_Family
6100,0,1,1,Known_Family_Only
6103,0,1,1,Known_Family_Only
6104,1,0,1,Potential_Novel_Family
6107,1,0,1,Potential_Novel_Family
6108,0,1,1,Known_Family_Only
6110,0,1,1,Known_Family_Only
6112,1,0,1,Potential_Novel_Family
6114,1,0,1,Potential_Novel_Family
6098,1,0,1,Potential_Novel_Family
6066,1,0,1,Potential_Novel_Family
6067,0,1,1,Known_Family_Only
6068,1,0,1,Potential_Novel_Family
6069,1,0,1,Potential_Novel_Family
6070,1,0,1,Potential_Novel_Family
6071,0,1,1,Known_Family_Only
6072,1,0,1,Potential_Novel_Family
6073,0,1,1,Known_Family_Only
6074,0,1,1,Known_Family_Only
6088,1,0,1,Potential_Novel_Family
6076,1,0,1,Potential_Novel_Family
6077,0,1,1,Known_Family_Only
6078,1,0,1,Potential_Novel_Family
6079,1,0,1,Potential_Novel_Family
6081,1,0,1,Potential_Novel_Family
6082,1,0,1,Potential_Novel_Family
6083,1,0,1,Potential_Novel_Family
6084,1,0,1,Potential_Novel_Family
6087,1,0,1,Potential_Novel_Family
6075,1,0,1,Potential_Novel_Family
5930,1,0,1,Potential_Novel_Family
5932,0,1,1,Known_Family_Only
5934,0,1,1,Known_Family_Only
5935,1,0,1,Potential_Novel_Family
5938,1,0,1,Potential_Novel_Family
5939,1,0,1,Potential_Novel_Family
5940,0,1,1,Known_Family_Only
5942,0,1,1,Known_Family_Only
6013,1,0,1,Potential_Novel_Family
5944,1,0,1,Potential_Novel_Family
5945,1,0,1,Potential_Novel_Family
5946,0,1,1,Known_Family_Only
5948,0,1,1,Known_Family_Only
5949,0,1,1,Known_Family_Only
5950,1,0,1,Potential_Novel_Family
5951,1,0,1,Potential_Novel_Family
5952,1,0,1,Potential_Novel_Family
5953,1,0,1,Potential_Novel_Family
5943,0,1,1,Known_Family_Only
5900,0,1,1,Known_Family_Only
5901,0,1,1,Known_Family_Only
5905,1,0,1,Potential_Novel_Family
5906,1,0,1,Potential_Novel_Family
5908,0,1,1,Known_Family_Only
5910,0,1,1,Known_Family_Only
5911,0,1,1,Known_Family_Only
5912,0,1,1,Known_Family_Only
5913,1,0,1,Potential_Novel_Family
5929,1,0,1,Potential_Novel_Family
5915,1,0,1,Potential_Novel_Family
5916,0,1,1,Known_Family_Only
5919,0,1,1,Known_Family_Only
5920,0,1,1,Known_Family_Only
5921,1,0,1,Potential_Novel_Family
5922,0,1,1,Known_Family_Only
5925,1,0,1,Potential_Novel_Family
5927,1,0,1,Potential_Novel_Family
5928,1,0,1,Potential_Novel_Family
5914,1,0,1,Potential_Novel_Family
5987,1,0,1,Potential_Novel_Family
5989,1,0,1,Potential_Novel_Family
5990,0,1,1,Known_Family_Only
5991,0,1,1,Known_Family_Only
5992,1,0,1,Potential_Novel_Family
5995,0,1,1,Known_Family_Only
5996,0,1,1,Known_Family_Only
5997,1,0,1,Potential_Novel_Family
6000,0,1,1,Known_Family_Only
5954,1,0,1,Potential_Novel_Family
6003,1,0,1,Potential_Novel_Family
6004,1,0,1,Potential_Novel_Family
6005,0,1,1,Known_Family_Only
6006,1,0,1,Potential_Novel_Family
6007,1,0,1,Potential_Novel_Family
6008,1,0,1,Potential_Novel_Family
6009,1,0,1,Potential_Novel_Family
6010,0,1,1,Known_Family_Only
6011,0,1,1,Known_Family_Only
6001,1,0,1,Potential_Novel_Family
5956,1,0,1,Potential_Novel_Family
5957,0,1,1,Known_Family_Only
5958,0,1,1,Known_Family_Only
5959,1,0,1,Potential_Novel_Family
5961,1,0,1,Potential_Novel_Family
5962,0,1,1,Known_Family_Only
5964,0,1,1,Known_Family_Only
5965,1,0,1,Potential_Novel_Family
5969,1,0,1,Potential_Novel_Family
5986,1,0,1,Potential_Novel_Family
5972,1,0,1,Potential_Novel_Family
5975,1,0,1,Potential_Novel_Family
5978,0,1,1,Known_Family_Only
5979,0,1,1,Known_Family_Only
5980,1,0,1,Potential_Novel_Family
5981,1,0,1,Potential_Novel_Family
5982,1,0,1,Potential_Novel_Family
5984,0,1,1,Known_Family_Only
5985,1,0,1,Potential_Novel_Family
5970,1,0,1,Potential_Novel_Family
5351,0,1,1,Known_Family_Only
5352,1,0,1,Potential_Novel_Family
5353,1,0,1,Potential_Novel_Family
5355,1,0,1,Potential_Novel_Family
5356,1,0,1,Potential_Novel_Family
5357,1,0,1,Potential_Novel_Family
5358,1,0,1,Potential_Novel_Family
5364,1,0,1,Potential_Novel_Family
5678,1,0,1,Potential_Novel_Family
5369,0,1,1,Known_Family_Only
5371,1,0,1,Potential_Novel_Family
5372,0,1,1,Known_Family_Only
5373,1,0,1,Potential_Novel_Family
5374,1,0,1,Potential_Novel_Family
5375,0,1,1,Known_Family_Only
5376,1,0,1,Potential_Novel_Family
5377,1,0,1,Potential_Novel_Family
5378,0,1,1,Known_Family_Only
5367,1,0,1,Potential_Novel_Family
5317,1,0,1,Potential_Novel_Family
5318,1,0,1,Potential_Novel_Family
5323,1,0,1,Potential_Novel_Family
5325,1,0,1,Potential_Novel_Family
5326,1,0,1,Potential_Novel_Family
5328,1,0,1,Potential_Novel_Family
5330,0,1,1,Known_Family_Only
5331,1,0,1,Potential_Novel_Family
5334,1,0,1,Potential_Novel_Family
5350,0,1,1,Known_Family_Only
5336,0,1,1,Known_Family_Only
5337,1,0,1,Potential_Novel_Family
5339,1,0,1,Potential_Novel_Family
5340,0,1,1,Known_Family_Only
5341,0,1,1,Known_Family_Only
5344,0,1,1,Known_Family_Only
5345,1,0,1,Potential_Novel_Family
5347,1,0,1,Potential_Novel_Family
5349,0,1,1,Known_Family_Only
5335,1,0,1,Potential_Novel_Family
5414,0,1,1,Known_Family_Only
5415,1,0,1,Potential_Novel_Family
5416,1,0,1,Potential_Novel_Family
5418,1,0,1,Potential_Novel_Family
5419,0,1,1,Known_Family_Only
5420,0,1,1,Known_Family_Only
5421,1,0,1,Potential_Novel_Family
5422,1,0,1,Potential_Novel_Family
5379,1,0,1,Potential_Novel_Family
5424,0,1,1,Known_Family_Only
5425,0,1,1,Known_Family_Only
5426,1,0,1,Potential_Novel_Family
5427,1,0,1,Potential_Novel_Family
5428,1,0,1,Potential_Novel_Family
5429,1,0,1,Potential_Novel_Family
5431,0,1,1,Known_Family_Only
5432,0,1,1,Known_Family_Only
5433,1,0,1,Potential_Novel_Family
5423,0,1,1,Known_Family_Only
5380,1,0,1,Potential_Novel_Family
5381,0,1,1,Known_Family_Only
5382,0,1,1,Known_Family_Only
5384,1,0,1,Potential_Novel_Family
5385,1,0,1,Potential_Novel_Family
5387,0,1,1,Known_Family_Only
5388,1,0,1,Potential_Novel_Family
5389,0,1,1,Known_Family_Only
5395,0,1,1,Known_Family_Only
5413,1,0,1,Potential_Novel_Family
5399,1,0,1,Potential_Novel_Family
5402,1,0,1,Potential_Novel_Family
5403,1,0,1,Potential_Novel_Family
5404,1,0,1,Potential_Novel_Family
5407,1,0,1,Potential_Novel_Family
5408,1,0,1,Potential_Novel_Family
5409,1,0,1,Potential_Novel_Family
5411,1,0,1,Potential_Novel_Family
5412,1,0,1,Potential_Novel_Family
5396,1,0,1,Potential_Novel_Family
5238,0,1,1,Known_Family_Only
5244,1,0,1,Potential_Novel_Family
5245,1,0,1,Potential_Novel_Family
5246,1,0,1,Potential_Novel_Family
5247,1,0,1,Potential_Novel_Family
5248,1,0,1,Potential_Novel_Family
5249,1,0,1,Potential_Novel_Family
5250,1,0,1,Potential_Novel_Family
5316,1,0,1,Potential_Novel_Family
5253,1,0,1,Potential_Novel_Family
5255,1,0,1,Potential_Novel_Family
5256,1,0,1,Potential_Novel_Family
5257,0,1,1,Known_Family_Only
5258,1,0,1,Potential_Novel_Family
5259,1,0,1,Potential_Novel_Family
5261,1,0,1,Potential_Novel_Family
5262,1,0,1,Potential_Novel_Family
5263,1,0,1,Potential_Novel_Family
5251,0,1,1,Known_Family_Only
5208,0,1,1,Known_Family_Only
5209,1,0,1,Potential_Novel_Family
5212,1,0,1,Potential_Novel_Family
5214,1,0,1,Potential_Novel_Family
5215,1,0,1,Potential_Novel_Family
5217,0,1,1,Known_Family_Only
5219,1,0,1,Potential_Novel_Family
5220,1,0,1,Potential_Novel_Family
5221,1,0,1,Potential_Novel_Family
5235,1,0,1,Potential_Novel_Family
5225,1,0,1,Potential_Novel_Family
5227,1,0,1,Potential_Novel_Family
5228,1,0,1,Potential_Novel_Family
5229,1,0,1,Potential_Novel_Family
5230,1,0,1,Potential_Novel_Family
5231,1,0,1,Potential_Novel_Family
5232,0,1,1,Known_Family_Only
5233,0,1,1,Known_Family_Only
5234,1,0,1,Potential_Novel_Family
5223,0,1,1,Known_Family_Only
5294,0,1,1,Known_Family_Only
5296,1,0,1,Potential_Novel_Family
5297,1,0,1,Potential_Novel_Family
5298,1,0,1,Potential_Novel_Family
5299,1,0,1,Potential_Novel_Family
5300,1,0,1,Potential_Novel_Family
5301,1,0,1,Potential_Novel_Family
5302,1,0,1,Potential_Novel_Family
5265,1,0,1,Potential_Novel_Family
5305,1,0,1,Potential_Novel_Family
5307,0,1,1,Known_Family_Only
5308,1,0,1,Potential_Novel_Family
5309,1,0,1,Potential_Novel_Family
5310,1,0,1,Potential_Novel_Family
5311,1,0,1,Potential_Novel_Family
5313,1,0,1,Potential_Novel_Family
5314,1,0,1,Potential_Novel_Family
5315,1,0,1,Potential_Novel_Family
5303,1,0,1,Potential_Novel_Family
5266,0,1,1,Known_Family_Only
5269,1,0,1,Potential_Novel_Family
5270,1,0,1,Potential_Novel_Family
5271,1,0,1,Potential_Novel_Family
5272,1,0,1,Potential_Novel_Family
5273,1,0,1,Potential_Novel_Family
5274,0,1,1,Known_Family_Only
5275,0,1,1,Known_Family_Only
5276,1,0,1,Potential_Novel_Family
5293,1,0,1,Potential_Novel_Family
5280,0,1,1,Known_Family_Only
5282,1,0,1,Potential_Novel_Family
5284,1,0,1,Potential_Novel_Family
5285,1,0,1,Potential_Novel_Family
5287,0,1,1,Known_Family_Only
5288,0,1,1,Known_Family_Only
5289,1,0,1,Potential_Novel_Family
5290,0,1,1,Known_Family_Only
5292,0,1,1,Known_Family_Only
5277,1,0,1,Potential_Novel_Family
5586,1,0,1,Potential_Novel_Family
5587,0,1,1,Known_Family_Only
5588,1,0,1,Potential_Novel_Family
5589,1,0,1,Potential_Novel_Family
5590,1,0,1,Potential_Novel_Family
5591,0,1,1,Known_Family_Only
5592,1,0,1,Potential_Novel_Family
5594,1,0,1,Potential_Novel_Family
5434,1,0,1,Potential_Novel_Family
5598,0,1,1,Known_Family_Only
5599,1,0,1,Potential_Novel_Family
5600,0,1,1,Known_Family_Only
5602,0,1,1,Known_Family_Only
5603,1,0,1,Potential_Novel_Family
5604,0,1,1,Known_Family_Only
5605,1,0,1,Potential_Novel_Family
5609,1,0,1,Potential_Novel_Family
5610,1,0,1,Potential_Novel_Family
5596,1,0,1,Potential_Novel_Family
5553,1,0,1,Potential_Novel_Family
5554,0,1,1,Known_Family_Only
5556,1,0,1,Potential_Novel_Family
5558,1,0,1,Potential_Novel_Family
5559,1,0,1,Potential_Novel_Family
5561,0,1,1,Known_Family_Only
5564,1,0,1,Potential_Novel_Family
5566,0,1,1,Known_Family_Only
5567,1,0,1,Potential_Novel_Family
5585,1,0,1,Potential_Novel_Family
5570,0,1,1,Known_Family_Only
5573,0,1,1,Known_Family_Only
5574,0,1,1,Known_Family_Only
5575,0,1,1,Known_Family_Only
5576,1,0,1,Potential_Novel_Family
5579,0,1,1,Known_Family_Only
5580,1,0,1,Potential_Novel_Family
5583,0,1,1,Known_Family_Only
5584,0,1,1,Known_Family_Only
5569,1,0,1,Potential_Novel_Family
5645,1,0,1,Potential_Novel_Family
5646,0,1,1,Known_Family_Only
5648,1,0,1,Potential_Novel_Family
5649,1,0,1,Potential_Novel_Family
5650,1,0,1,Potential_Novel_Family
5653,1,0,1,Potential_Novel_Family
5654,0,1,1,Known_Family_Only
5655,1,0,1,Potential_Novel_Family
5615,1,0,1,Potential_Novel_Family
5658,0,1,1,Known_Family_Only
5660,1,0,1,Potential_Novel_Family
5661,1,0,1,Potential_Novel_Family
5662,0,1,1,Known_Family_Only
5666,1,0,1,Potential_Novel_Family
5671,1,0,1,Potential_Novel_Family
5672,1,0,1,Potential_Novel_Family
5676,0,1,1,Known_Family_Only
5677,1,0,1,Potential_Novel_Family
5657,1,0,1,Potential_Novel_Family
5617,0,1,1,Known_Family_Only
5618,1,0,1,Potential_Novel_Family
5619,1,0,1,Potential_Novel_Family
5620,1,0,1,Potential_Novel_Family
5621,1,0,1,Potential_Novel_Family
5622,1,0,1,Potential_Novel_Family
5624,1,0,1,Potential_Novel_Family
5625,1,0,1,Potential_Novel_Family
5626,0,1,1,Known_Family_Only
5643,1,0,1,Potential_Novel_Family
5628,1,0,1,Potential_Novel_Family
5629,1,0,1,Potential_Novel_Family
5631,1,0,1,Potential_Novel_Family
5633,1,0,1,Potential_Novel_Family
5635,1,0,1,Potential_Novel_Family
5637,1,0,1,Potential_Novel_Family
5638,0,1,1,Known_Family_Only
5640,1,0,1,Potential_Novel_Family
5642,1,0,1,Potential_Novel_Family
5627,1,0,1,Potential_Novel_Family
5467,1,0,1,Potential_Novel_Family
5468,0,1,1,Known_Family_Only
5469,1,0,1,Potential_Novel_Family
5470,1,0,1,Potential_Novel_Family
5471,0,1,1,Known_Family_Only
5472,1,0,1,Potential_Novel_Family
5473,0,1,1,Known_Family_Only
5474,1,0,1,Potential_Novel_Family
5552,1,0,1,Potential_Novel_Family
5477,1,0,1,Potential_Novel_Family
5479,0,1,1,Known_Family_Only
5480,0,1,1,Known_Family_Only
5481,0,1,1,Known_Family_Only
5482,1,0,1,Potential_Novel_Family
5483,0,1,1,Known_Family_Only
5484,1,0,1,Potential_Novel_Family
5485,0,1,1,Known_Family_Only
5486,1,0,1,Potential_Novel_Family
5476,0,1,1,Known_Family_Only
5436,1,0,1,Potential_Novel_Family
5437,0,1,1,Known_Family_Only
5438,0,1,1,Known_Family_Only
5439,0,1,1,Known_Family_Only
5440,1,0,1,Potential_Novel_Family
5443,1,0,1,Potential_Novel_Family
5446,0,1,1,Known_Family_Only
5447,0,1,1,Known_Family_Only
5448,1,0,1,Potential_Novel_Family
5466,1,0,1,Potential_Novel_Family
5451,1,0,1,Potential_Novel_Family
5452,1,0,1,Potential_Novel_Family
5453,1,0,1,Potential_Novel_Family
5454,0,1,1,Known_Family_Only
5456,0,1,1,Known_Family_Only
5458,1,0,1,Potential_Novel_Family
5460,1,0,1,Potential_Novel_Family
5461,1,0,1,Potential_Novel_Family
5463,0,1,1,Known_Family_Only
5450,0,1,1,Known_Family_Only
5519,1,0,1,Potential_Novel_Family
5520,1,0,1,Potential_Novel_Family
5521,0,1,1,Known_Family_Only
5522,0,1,1,Known_Family_Only
5526,0,1,1,Known_Family_Only
5527,0,1,1,Known_Family_Only
5528,0,1,1,Known_Family_Only
5532,0,1,1,Known_Family_Only
5533,1,0,1,Potential_Novel_Family
5489,1,0,1,Potential_Novel_Family
5536,1,0,1,Potential_Novel_Family
5540,1,0,1,Potential_Novel_Family
5541,1,0,1,Potential_Novel_Family
5542,1,0,1,Potential_Novel_Family
5543,1,0,1,Potential_Novel_Family
5545,0,1,1,Known_Family_Only
5547,1,0,1,Potential_Novel_Family
5548,1,0,1,Potential_Novel_Family
5550,0,1,1,Known_Family_Only
5534,1,0,1,Potential_Novel_Family
5491,1,0,1,Potential_Novel_Family
5492,1,0,1,Potential_Novel_Family
5493,1,0,1,Potential_Novel_Family
5495,1,0,1,Potential_Novel_Family
5496,0,1,1,Known_Family_Only
5497,0,1,1,Known_Family_Only
5499,1,0,1,Potential_Novel_Family
5501,1,0,1,Potential_Novel_Family
5502,1,0,1,Potential_Novel_Family
5518,1,0,1,Potential_Novel_Family
5504,1,0,1,Potential_Novel_Family
5506,1,0,1,Potential_Novel_Family
5507,1,0,1,Potential_Novel_Family
5509,1,0,1,Potential_Novel_Family
5510,1,0,1,Potential_Novel_Family
5512,1,0,1,Potential_Novel_Family
5515,1,0,1,Potential_Novel_Family
5516,1,0,1,Potential_Novel_Family
5517,1,0,1,Potential_Novel_Family
5503,1,0,1,Potential_Novel_Family
