homology_cluster_id,candidate,known_defense,total_genes,homology_type
678,101,35,136,Expanded_Known_Family
983,83,52,135,Expanded_Known_Family
5578,57,60,117,Expanded_Known_Family
9383,88,17,105,Expanded_Known_Family
6655,89,15,104,Expanded_Known_Family
6032,59,10,69,Expanded_Known_Family
11956,28,40,68,Expanded_Known_Family
2010,43,21,64,Expanded_Known_Family
4977,51,11,62,Expanded_Known_Family
11895,27,33,60,Expanded_Known_Family
8017,27,31,58,Expanded_Known_Family
12471,18,39,57,Expanded_Known_Family
1631,39,18,57,Expanded_Known_Family
2099,45,11,56,Expanded_Known_Family
8768,39,15,54,Expanded_Known_Family
4135,49,4,53,Expanded_Known_Family
6003,40,8,48,Expanded_Known_Family
13550,37,10,47,Expanded_Known_Family
8227,32,15,47,Expanded_Known_Family
192,14,33,47,Expanded_Known_Family
1704,32,14,46,Expanded_Known_Family
4061,17,29,46,Expanded_Known_Family
7484,40,4,44,Expanded_Known_Family
5681,32,9,41,Expanded_Known_Family
1922,28,13,41,Expanded_Known_Family
8029,28,13,41,Expanded_Known_Family
2553,28,12,40,Expanded_Known_Family
3150,29,11,40,Expanded_Known_Family
7426,26,12,38,Expanded_Known_Family
2109,25,13,38,Expanded_Known_Family
5006,29,9,38,Expanded_Known_Family
2377,17,20,37,Expanded_Known_Family
3447,36,0,36,Potential_Novel_Family
8709,24,11,35,Expanded_Known_Family
13850,25,9,34,Expanded_Known_Family
6117,25,8,33,Expanded_Known_Family
5393,23,10,33,Expanded_Known_Family
12696,12,21,33,Expanded_Known_Family
954,18,14,32,Expanded_Known_Family
12762,11,20,31,Expanded_Known_Family
10036,17,14,31,Expanded_Known_Family
1074,19,12,31,Expanded_Known_Family
8852,18,12,30,Expanded_Known_Family
6564,16,14,30,Expanded_Known_Family
1613,23,7,30,Expanded_Known_Family
645,19,11,30,Expanded_Known_Family
477,28,2,30,Expanded_Known_Family
7486,20,10,30,Expanded_Known_Family
1506,23,6,29,Expanded_Known_Family
5375,21,8,29,Expanded_Known_Family
2408,13,16,29,Expanded_Known_Family
2525,18,11,29,Expanded_Known_Family
9410,11,17,28,Expanded_Known_Family
10704,24,4,28,Expanded_Known_Family
13789,25,3,28,Expanded_Known_Family
1471,15,13,28,Expanded_Known_Family
4185,26,1,27,Expanded_Known_Family
12244,19,8,27,Expanded_Known_Family
548,20,7,27,Expanded_Known_Family
6874,13,14,27,Expanded_Known_Family
12914,24,2,26,Expanded_Known_Family
1012,15,11,26,Expanded_Known_Family
6193,25,0,25,Potential_Novel_Family
6902,0,25,25,Known_Family_Only
13158,14,11,25,Expanded_Known_Family
1124,15,10,25,Expanded_Known_Family
4704,16,9,25,Expanded_Known_Family
5284,25,0,25,Potential_Novel_Family
12115,19,5,24,Expanded_Known_Family
199,8,16,24,Expanded_Known_Family
6942,18,6,24,Expanded_Known_Family
416,14,10,24,Expanded_Known_Family
1468,13,11,24,Expanded_Known_Family
5907,24,0,24,Potential_Novel_Family
12846,17,7,24,Expanded_Known_Family
4371,13,11,24,Expanded_Known_Family
2072,24,0,24,Potential_Novel_Family
6505,22,1,23,Expanded_Known_Family
5825,5,18,23,Expanded_Known_Family
6336,9,14,23,Expanded_Known_Family
4286,19,4,23,Expanded_Known_Family
2926,15,8,23,Expanded_Known_Family
7719,16,7,23,Expanded_Known_Family
3488,15,8,23,Expanded_Known_Family
2288,15,7,22,Expanded_Known_Family
13030,13,9,22,Expanded_Known_Family
5048,22,0,22,Potential_Novel_Family
3888,20,2,22,Expanded_Known_Family
871,3,19,22,Expanded_Known_Family
1454,4,18,22,Expanded_Known_Family
11227,14,8,22,Expanded_Known_Family
3491,4,18,22,Expanded_Known_Family
5209,21,1,22,Expanded_Known_Family
5294,16,6,22,Expanded_Known_Family
13722,19,3,22,Expanded_Known_Family
5019,3,19,22,Expanded_Known_Family
12529,7,15,22,Expanded_Known_Family
6229,11,11,22,Expanded_Known_Family
799,16,6,22,Expanded_Known_Family
12611,20,1,21,Expanded_Known_Family
9006,13,8,21,Expanded_Known_Family
4553,9,12,21,Expanded_Known_Family
2075,14,7,21,Expanded_Known_Family
1048,13,8,21,Expanded_Known_Family
7277,15,6,21,Expanded_Known_Family
12207,20,1,21,Expanded_Known_Family
2153,20,1,21,Expanded_Known_Family
8085,17,4,21,Expanded_Known_Family
13344,21,0,21,Potential_Novel_Family
3433,14,6,20,Expanded_Known_Family
1723,18,2,20,Expanded_Known_Family
10655,19,1,20,Expanded_Known_Family
9476,17,3,20,Expanded_Known_Family
8150,17,3,20,Expanded_Known_Family
7765,16,4,20,Expanded_Known_Family
230,9,11,20,Expanded_Known_Family
3023,20,0,20,Potential_Novel_Family
1299,6,14,20,Expanded_Known_Family
5026,12,7,19,Expanded_Known_Family
2724,9,10,19,Expanded_Known_Family
6400,16,3,19,Expanded_Known_Family
12806,11,8,19,Expanded_Known_Family
2223,19,0,19,Potential_Novel_Family
6301,13,6,19,Expanded_Known_Family
13943,17,2,19,Expanded_Known_Family
5491,12,7,19,Expanded_Known_Family
8557,11,8,19,Expanded_Known_Family
3680,15,4,19,Expanded_Known_Family
7733,17,2,19,Expanded_Known_Family
2348,15,4,19,Expanded_Known_Family
2407,9,10,19,Expanded_Known_Family
10041,12,7,19,Expanded_Known_Family
10376,13,6,19,Expanded_Known_Family
6750,13,6,19,Expanded_Known_Family
7529,11,8,19,Expanded_Known_Family
8993,7,12,19,Expanded_Known_Family
318,6,13,19,Expanded_Known_Family
13825,13,6,19,Expanded_Known_Family
10449,14,5,19,Expanded_Known_Family
4801,14,5,19,Expanded_Known_Family
7671,9,9,18,Expanded_Known_Family
5358,15,3,18,Expanded_Known_Family
6700,17,1,18,Expanded_Known_Family
570,10,8,18,Expanded_Known_Family
2558,18,0,18,Potential_Novel_Family
8931,11,7,18,Expanded_Known_Family
7793,17,1,18,Expanded_Known_Family
11388,12,6,18,Expanded_Known_Family
10278,8,10,18,Expanded_Known_Family
7796,8,10,18,Expanded_Known_Family
505,7,11,18,Expanded_Known_Family
7606,16,2,18,Expanded_Known_Family
7223,12,6,18,Expanded_Known_Family
2097,11,7,18,Expanded_Known_Family
585,0,18,18,Known_Family_Only
879,11,7,18,Expanded_Known_Family
12535,9,9,18,Expanded_Known_Family
8693,11,7,18,Expanded_Known_Family
13852,17,1,18,Expanded_Known_Family
2209,6,12,18,Expanded_Known_Family
7650,6,12,18,Expanded_Known_Family
4570,14,4,18,Expanded_Known_Family
815,10,8,18,Expanded_Known_Family
10362,12,6,18,Expanded_Known_Family
6137,12,6,18,Expanded_Known_Family
450,0,18,18,Known_Family_Only
8486,15,3,18,Expanded_Known_Family
1868,18,0,18,Potential_Novel_Family
10261,13,4,17,Expanded_Known_Family
10338,12,5,17,Expanded_Known_Family
385,12,5,17,Expanded_Known_Family
633,15,2,17,Expanded_Known_Family
2550,14,3,17,Expanded_Known_Family
212,14,3,17,Expanded_Known_Family
13228,17,0,17,Potential_Novel_Family
1046,15,2,17,Expanded_Known_Family
4713,7,10,17,Expanded_Known_Family
9738,14,3,17,Expanded_Known_Family
3129,9,8,17,Expanded_Known_Family
5222,14,3,17,Expanded_Known_Family
11163,10,7,17,Expanded_Known_Family
7066,13,4,17,Expanded_Known_Family
9924,8,9,17,Expanded_Known_Family
4008,13,3,16,Expanded_Known_Family
5318,7,9,16,Expanded_Known_Family
4931,12,4,16,Expanded_Known_Family
3691,16,0,16,Potential_Novel_Family
7379,14,2,16,Expanded_Known_Family
4597,13,3,16,Expanded_Known_Family
3783,6,10,16,Expanded_Known_Family
2728,8,8,16,Expanded_Known_Family
1315,15,1,16,Expanded_Known_Family
4353,12,4,16,Expanded_Known_Family
2274,6,10,16,Expanded_Known_Family
12960,16,0,16,Potential_Novel_Family
7458,10,6,16,Expanded_Known_Family
262,0,16,16,Known_Family_Only
2799,11,5,16,Expanded_Known_Family
5781,14,2,16,Expanded_Known_Family
2928,13,3,16,Expanded_Known_Family
7040,8,8,16,Expanded_Known_Family
13818,12,4,16,Expanded_Known_Family
7130,12,3,15,Expanded_Known_Family
9971,8,7,15,Expanded_Known_Family
5342,3,12,15,Expanded_Known_Family
13534,9,6,15,Expanded_Known_Family
6151,8,7,15,Expanded_Known_Family
9542,10,5,15,Expanded_Known_Family
3762,14,1,15,Expanded_Known_Family
8061,11,4,15,Expanded_Known_Family
11364,11,4,15,Expanded_Known_Family
12855,6,9,15,Expanded_Known_Family
2220,12,3,15,Expanded_Known_Family
2096,10,5,15,Expanded_Known_Family
5056,10,5,15,Expanded_Known_Family
7637,9,6,15,Expanded_Known_Family
9622,8,7,15,Expanded_Known_Family
8236,11,4,15,Expanded_Known_Family
2672,7,7,14,Expanded_Known_Family
1481,8,6,14,Expanded_Known_Family
2604,11,3,14,Expanded_Known_Family
1850,9,5,14,Expanded_Known_Family
651,9,5,14,Expanded_Known_Family
10605,8,6,14,Expanded_Known_Family
2253,5,9,14,Expanded_Known_Family
13258,12,2,14,Expanded_Known_Family
603,9,5,14,Expanded_Known_Family
626,6,8,14,Expanded_Known_Family
13252,12,2,14,Expanded_Known_Family
2449,9,5,14,Expanded_Known_Family
4759,11,3,14,Expanded_Known_Family
1490,10,4,14,Expanded_Known_Family
2719,10,4,14,Expanded_Known_Family
3224,7,7,14,Expanded_Known_Family
1289,6,8,14,Expanded_Known_Family
8204,13,1,14,Expanded_Known_Family
3901,6,8,14,Expanded_Known_Family
7966,13,1,14,Expanded_Known_Family
2138,8,6,14,Expanded_Known_Family
3316,10,4,14,Expanded_Known_Family
3434,11,3,14,Expanded_Known_Family
5017,7,7,14,Expanded_Known_Family
1478,8,6,14,Expanded_Known_Family
309,9,5,14,Expanded_Known_Family
71,9,5,14,Expanded_Known_Family
5380,3,10,13,Expanded_Known_Family
880,11,2,13,Expanded_Known_Family
9173,4,9,13,Expanded_Known_Family
5260,12,1,13,Expanded_Known_Family
2069,7,6,13,Expanded_Known_Family
3261,10,3,13,Expanded_Known_Family
8838,10,3,13,Expanded_Known_Family
7475,9,4,13,Expanded_Known_Family
9722,12,1,13,Expanded_Known_Family
6727,11,2,13,Expanded_Known_Family
6605,9,4,13,Expanded_Known_Family
1357,10,3,13,Expanded_Known_Family
2055,11,2,13,Expanded_Known_Family
4535,8,5,13,Expanded_Known_Family
2114,4,9,13,Expanded_Known_Family
13858,7,6,13,Expanded_Known_Family
8159,9,4,13,Expanded_Known_Family
7279,4,9,13,Expanded_Known_Family
4184,1,12,13,Expanded_Known_Family
3839,11,2,13,Expanded_Known_Family
11849,3,10,13,Expanded_Known_Family
1313,5,8,13,Expanded_Known_Family
3116,5,8,13,Expanded_Known_Family
7914,10,3,13,Expanded_Known_Family
13076,12,1,13,Expanded_Known_Family
4354,8,5,13,Expanded_Known_Family
2352,12,1,13,Expanded_Known_Family
473,11,2,13,Expanded_Known_Family
4470,7,6,13,Expanded_Known_Family
2524,11,2,13,Expanded_Known_Family
629,5,8,13,Expanded_Known_Family
2803,11,2,13,Expanded_Known_Family
299,12,1,13,Expanded_Known_Family
1073,11,2,13,Expanded_Known_Family
12209,4,9,13,Expanded_Known_Family
5389,12,1,13,Expanded_Known_Family
1173,6,7,13,Expanded_Known_Family
896,12,0,12,Potential_Novel_Family
6483,10,2,12,Expanded_Known_Family
13034,7,5,12,Expanded_Known_Family
13605,11,1,12,Expanded_Known_Family
13612,12,0,12,Potential_Novel_Family
2737,10,2,12,Expanded_Known_Family
9583,2,10,12,Expanded_Known_Family
1149,8,4,12,Expanded_Known_Family
8437,6,6,12,Expanded_Known_Family
2584,9,3,12,Expanded_Known_Family
4025,9,3,12,Expanded_Known_Family
7965,9,3,12,Expanded_Known_Family
828,8,4,12,Expanded_Known_Family
4020,9,3,12,Expanded_Known_Family
402,9,3,12,Expanded_Known_Family
2267,5,7,12,Expanded_Known_Family
2213,9,3,12,Expanded_Known_Family
5186,3,9,12,Expanded_Known_Family
7309,6,6,12,Expanded_Known_Family
6478,12,0,12,Potential_Novel_Family
2944,10,2,12,Expanded_Known_Family
11021,4,8,12,Expanded_Known_Family
7450,10,2,12,Expanded_Known_Family
503,8,4,12,Expanded_Known_Family
9988,9,3,12,Expanded_Known_Family
12412,7,5,12,Expanded_Known_Family
6088,3,9,12,Expanded_Known_Family
7762,8,4,12,Expanded_Known_Family
5521,8,4,12,Expanded_Known_Family
12911,0,12,12,Known_Family_Only
3757,10,2,12,Expanded_Known_Family
8480,2,10,12,Expanded_Known_Family
5337,5,6,11,Expanded_Known_Family
13332,8,3,11,Expanded_Known_Family
2357,5,6,11,Expanded_Known_Family
12811,3,8,11,Expanded_Known_Family
649,7,4,11,Expanded_Known_Family
7800,6,5,11,Expanded_Known_Family
2570,9,2,11,Expanded_Known_Family
1322,10,1,11,Expanded_Known_Family
6219,9,2,11,Expanded_Known_Family
171,8,3,11,Expanded_Known_Family
9728,2,9,11,Expanded_Known_Family
4208,9,2,11,Expanded_Known_Family
5010,7,4,11,Expanded_Known_Family
2654,1,10,11,Expanded_Known_Family
12530,8,3,11,Expanded_Known_Family
1429,9,2,11,Expanded_Known_Family
1703,11,0,11,Potential_Novel_Family
3870,6,5,11,Expanded_Known_Family
13661,9,2,11,Expanded_Known_Family
1210,8,3,11,Expanded_Known_Family
6945,7,4,11,Expanded_Known_Family
2155,3,8,11,Expanded_Known_Family
274,2,9,11,Expanded_Known_Family
4031,11,0,11,Potential_Novel_Family
12629,9,2,11,Expanded_Known_Family
4992,6,5,11,Expanded_Known_Family
8069,8,3,11,Expanded_Known_Family
1990,8,3,11,Expanded_Known_Family
9682,5,6,11,Expanded_Known_Family
13287,2,9,11,Expanded_Known_Family
11242,7,4,11,Expanded_Known_Family
13298,7,4,11,Expanded_Known_Family
11362,8,3,11,Expanded_Known_Family
12408,6,5,11,Expanded_Known_Family
3263,7,4,11,Expanded_Known_Family
2027,8,3,11,Expanded_Known_Family
671,11,0,11,Potential_Novel_Family
3825,1,10,11,Expanded_Known_Family
6250,7,4,11,Expanded_Known_Family
1634,9,2,11,Expanded_Known_Family
229,0,11,11,Known_Family_Only
6338,2,9,11,Expanded_Known_Family
1186,2,9,11,Expanded_Known_Family
5301,8,3,11,Expanded_Known_Family
432,9,2,11,Expanded_Known_Family
10195,10,1,11,Expanded_Known_Family
1870,9,2,11,Expanded_Known_Family
732,10,1,11,Expanded_Known_Family
13081,8,3,11,Expanded_Known_Family
6413,10,1,11,Expanded_Known_Family
12942,11,0,11,Potential_Novel_Family
5637,11,0,11,Potential_Novel_Family
9411,5,6,11,Expanded_Known_Family
7503,10,1,11,Expanded_Known_Family
8418,6,5,11,Expanded_Known_Family
3269,2,8,10,Expanded_Known_Family
334,9,1,10,Expanded_Known_Family
9829,7,3,10,Expanded_Known_Family
7625,8,2,10,Expanded_Known_Family
5074,5,5,10,Expanded_Known_Family
8078,4,6,10,Expanded_Known_Family
5362,9,1,10,Expanded_Known_Family
1671,4,6,10,Expanded_Known_Family
5073,9,1,10,Expanded_Known_Family
1440,3,7,10,Expanded_Known_Family
2061,7,3,10,Expanded_Known_Family
10077,5,5,10,Expanded_Known_Family
3665,2,8,10,Expanded_Known_Family
2437,7,3,10,Expanded_Known_Family
164,2,8,10,Expanded_Known_Family
9529,7,3,10,Expanded_Known_Family
72,6,4,10,Expanded_Known_Family
12810,10,0,10,Potential_Novel_Family
9757,10,0,10,Potential_Novel_Family
7561,4,6,10,Expanded_Known_Family
3239,2,8,10,Expanded_Known_Family
778,5,5,10,Expanded_Known_Family
11172,8,2,10,Expanded_Known_Family
11179,0,10,10,Known_Family_Only
8986,10,0,10,Potential_Novel_Family
3585,2,8,10,Expanded_Known_Family
6463,10,0,10,Potential_Novel_Family
5309,9,1,10,Expanded_Known_Family
11890,3,7,10,Expanded_Known_Family
8882,9,1,10,Expanded_Known_Family
3514,6,4,10,Expanded_Known_Family
8909,2,8,10,Expanded_Known_Family
8825,5,5,10,Expanded_Known_Family
1625,5,5,10,Expanded_Known_Family
6940,6,4,10,Expanded_Known_Family
11984,10,0,10,Potential_Novel_Family
6191,8,2,10,Expanded_Known_Family
3977,6,4,10,Expanded_Known_Family
11693,9,1,10,Expanded_Known_Family
261,4,6,10,Expanded_Known_Family
5571,8,2,10,Expanded_Known_Family
9026,5,5,10,Expanded_Known_Family
3044,7,3,10,Expanded_Known_Family
9871,5,5,10,Expanded_Known_Family
1959,6,4,10,Expanded_Known_Family
13513,7,3,10,Expanded_Known_Family
12353,2,8,10,Expanded_Known_Family
338,2,8,10,Expanded_Known_Family
13296,8,2,10,Expanded_Known_Family
3992,5,5,10,Expanded_Known_Family
2004,4,6,10,Expanded_Known_Family
3026,5,5,10,Expanded_Known_Family
13876,2,8,10,Expanded_Known_Family
306,2,8,10,Expanded_Known_Family
9979,5,5,10,Expanded_Known_Family
3731,8,2,10,Expanded_Known_Family
5780,3,7,10,Expanded_Known_Family
4177,10,0,10,Potential_Novel_Family
2850,2,8,10,Expanded_Known_Family
3171,8,2,10,Expanded_Known_Family
10561,3,7,10,Expanded_Known_Family
2606,10,0,10,Potential_Novel_Family
2996,8,1,9,Expanded_Known_Family
58,4,5,9,Expanded_Known_Family
7433,5,4,9,Expanded_Known_Family
2618,6,3,9,Expanded_Known_Family
7958,9,0,9,Potential_Novel_Family
6085,8,1,9,Expanded_Known_Family
9339,9,0,9,Potential_Novel_Family
5615,5,4,9,Expanded_Known_Family
13097,6,3,9,Expanded_Known_Family
5556,9,0,9,Potential_Novel_Family
5328,5,4,9,Expanded_Known_Family
5325,7,2,9,Expanded_Known_Family
4516,9,0,9,Potential_Novel_Family
630,7,2,9,Expanded_Known_Family
2022,8,1,9,Expanded_Known_Family
8378,9,0,9,Potential_Novel_Family
277,0,9,9,Known_Family_Only
7199,1,8,9,Expanded_Known_Family
9983,4,5,9,Expanded_Known_Family
3405,6,3,9,Expanded_Known_Family
2451,4,5,9,Expanded_Known_Family
3588,7,2,9,Expanded_Known_Family
6873,5,4,9,Expanded_Known_Family
9343,5,4,9,Expanded_Known_Family
3479,8,1,9,Expanded_Known_Family
8528,8,1,9,Expanded_Known_Family
2683,0,9,9,Known_Family_Only
8554,8,1,9,Expanded_Known_Family
8330,3,6,9,Expanded_Known_Family
13409,5,4,9,Expanded_Known_Family
12881,6,3,9,Expanded_Known_Family
3923,9,0,9,Potential_Novel_Family
2649,7,2,9,Expanded_Known_Family
13780,8,1,9,Expanded_Known_Family
6337,8,1,9,Expanded_Known_Family
252,6,3,9,Expanded_Known_Family
13971,6,3,9,Expanded_Known_Family
4948,4,5,9,Expanded_Known_Family
13547,8,1,9,Expanded_Known_Family
3162,6,3,9,Expanded_Known_Family
1455,4,5,9,Expanded_Known_Family
11314,3,6,9,Expanded_Known_Family
13511,7,2,9,Expanded_Known_Family
3920,5,4,9,Expanded_Known_Family
12844,8,1,9,Expanded_Known_Family
3280,7,2,9,Expanded_Known_Family
1818,4,5,9,Expanded_Known_Family
1857,3,6,9,Expanded_Known_Family
1838,8,1,9,Expanded_Known_Family
11276,5,4,9,Expanded_Known_Family
1598,6,3,9,Expanded_Known_Family
433,2,7,9,Expanded_Known_Family
4326,4,5,9,Expanded_Known_Family
6677,5,4,9,Expanded_Known_Family
7496,8,1,9,Expanded_Known_Family
6535,6,3,9,Expanded_Known_Family
667,6,3,9,Expanded_Known_Family
1095,5,4,9,Expanded_Known_Family
12550,7,2,9,Expanded_Known_Family
13588,9,0,9,Potential_Novel_Family
4038,2,7,9,Expanded_Known_Family
9520,6,3,9,Expanded_Known_Family
4119,6,3,9,Expanded_Known_Family
4097,4,5,9,Expanded_Known_Family
57,4,5,9,Expanded_Known_Family
5029,4,5,9,Expanded_Known_Family
4079,4,5,9,Expanded_Known_Family
197,8,1,9,Expanded_Known_Family
16,4,5,9,Expanded_Known_Family
7,7,2,9,Expanded_Known_Family
5013,4,5,9,Expanded_Known_Family
11344,6,3,9,Expanded_Known_Family
214,7,2,9,Expanded_Known_Family
2319,9,0,9,Potential_Novel_Family
6845,4,5,9,Expanded_Known_Family
3376,7,2,9,Expanded_Known_Family
8870,6,3,9,Expanded_Known_Family
2635,7,1,8,Expanded_Known_Family
2915,3,5,8,Expanded_Known_Family
14034,8,0,8,Potential_Novel_Family
7857,8,0,8,Potential_Novel_Family
9325,5,3,8,Expanded_Known_Family
2208,6,2,8,Expanded_Known_Family
12962,2,6,8,Expanded_Known_Family
6348,6,2,8,Expanded_Known_Family
4389,7,1,8,Expanded_Known_Family
11780,0,8,8,Known_Family_Only
3103,0,8,8,Known_Family_Only
238,4,4,8,Expanded_Known_Family
3083,3,5,8,Expanded_Known_Family
13442,3,5,8,Expanded_Known_Family
578,3,5,8,Expanded_Known_Family
588,3,5,8,Expanded_Known_Family
1938,5,3,8,Expanded_Known_Family
5335,7,1,8,Expanded_Known_Family
1049,5,3,8,Expanded_Known_Family
6912,3,5,8,Expanded_Known_Family
4363,6,2,8,Expanded_Known_Family
1565,5,3,8,Expanded_Known_Family
10202,6,2,8,Expanded_Known_Family
7700,6,2,8,Expanded_Known_Family
7173,7,1,8,Expanded_Known_Family
7165,3,5,8,Expanded_Known_Family
3151,5,3,8,Expanded_Known_Family
12932,5,3,8,Expanded_Known_Family
2462,3,5,8,Expanded_Known_Family
4,1,7,8,Expanded_Known_Family
34,4,4,8,Expanded_Known_Family
157,3,5,8,Expanded_Known_Family
13730,4,4,8,Expanded_Known_Family
9327,8,0,8,Potential_Novel_Family
5203,2,6,8,Expanded_Known_Family
5784,3,5,8,Expanded_Known_Family
5131,6,2,8,Expanded_Known_Family
13911,8,0,8,Potential_Novel_Family
7501,7,1,8,Expanded_Known_Family
13336,7,1,8,Expanded_Known_Family
219,4,4,8,Expanded_Known_Family
5473,4,4,8,Expanded_Known_Family
304,5,3,8,Expanded_Known_Family
2948,8,0,8,Potential_Novel_Family
8180,6,2,8,Expanded_Known_Family
8548,6,2,8,Expanded_Known_Family
344,4,4,8,Expanded_Known_Family
2751,5,3,8,Expanded_Known_Family
817,7,1,8,Expanded_Known_Family
2744,7,1,8,Expanded_Known_Family
4979,5,3,8,Expanded_Known_Family
1809,8,0,8,Potential_Novel_Family
223,6,2,8,Expanded_Known_Family
231,4,4,8,Expanded_Known_Family
234,2,6,8,Expanded_Known_Family
891,1,7,8,Expanded_Known_Family
9683,3,5,8,Expanded_Known_Family
2349,6,2,8,Expanded_Known_Family
13418,2,6,8,Expanded_Known_Family
12380,5,3,8,Expanded_Known_Family
8054,8,0,8,Potential_Novel_Family
9112,5,3,8,Expanded_Known_Family
9223,7,1,8,Expanded_Known_Family
349,5,3,8,Expanded_Known_Family
286,5,3,8,Expanded_Known_Family
7171,4,4,8,Expanded_Known_Family
11118,0,8,8,Known_Family_Only
6366,5,3,8,Expanded_Known_Family
410,4,4,8,Expanded_Known_Family
210,6,2,8,Expanded_Known_Family
1295,7,1,8,Expanded_Known_Family
3554,7,1,8,Expanded_Known_Family
1687,7,1,8,Expanded_Known_Family
7732,7,1,8,Expanded_Known_Family
2315,3,5,8,Expanded_Known_Family
8640,7,1,8,Expanded_Known_Family
4023,6,2,8,Expanded_Known_Family
4043,7,1,8,Expanded_Known_Family
3341,5,3,8,Expanded_Known_Family
552,4,4,8,Expanded_Known_Family
591,5,3,8,Expanded_Known_Family
627,8,0,8,Potential_Novel_Family
1529,3,5,8,Expanded_Known_Family
9276,1,7,8,Expanded_Known_Family
728,4,4,8,Expanded_Known_Family
4048,6,2,8,Expanded_Known_Family
6066,6,2,8,Expanded_Known_Family
6013,5,3,8,Expanded_Known_Family
237,6,2,8,Expanded_Known_Family
4127,6,2,8,Expanded_Known_Family
9619,5,3,8,Expanded_Known_Family
7673,8,0,8,Potential_Novel_Family
3678,5,3,8,Expanded_Known_Family
5901,2,6,8,Expanded_Known_Family
9586,6,2,8,Expanded_Known_Family
125,2,6,8,Expanded_Known_Family
1120,6,2,8,Expanded_Known_Family
9578,8,0,8,Potential_Novel_Family
3682,4,4,8,Expanded_Known_Family
13880,8,0,8,Potential_Novel_Family
6094,1,7,8,Expanded_Known_Family
1151,6,2,8,Expanded_Known_Family
4930,0,8,8,Known_Family_Only
1817,6,2,8,Expanded_Known_Family
115,5,3,8,Expanded_Known_Family
2663,2,6,8,Expanded_Known_Family
3303,8,0,8,Potential_Novel_Family
6053,6,1,7,Expanded_Known_Family
2576,5,2,7,Expanded_Known_Family
4659,4,3,7,Expanded_Known_Family
259,6,1,7,Expanded_Known_Family
19,5,2,7,Expanded_Known_Family
135,5,2,7,Expanded_Known_Family
12763,6,1,7,Expanded_Known_Family
8044,5,2,7,Expanded_Known_Family
9552,7,0,7,Potential_Novel_Family
5888,5,2,7,Expanded_Known_Family
11374,1,6,7,Expanded_Known_Family
586,2,5,7,Expanded_Known_Family
6734,5,2,7,Expanded_Known_Family
4106,4,3,7,Expanded_Known_Family
12515,5,2,7,Expanded_Known_Family
5982,6,1,7,Expanded_Known_Family
6059,4,3,7,Expanded_Known_Family
9645,4,3,7,Expanded_Known_Family
2154,2,5,7,Expanded_Known_Family
9626,1,6,7,Expanded_Known_Family
2694,3,4,7,Expanded_Known_Family
9530,2,5,7,Expanded_Known_Family
4549,2,5,7,Expanded_Known_Family
13515,6,1,7,Expanded_Known_Family
13485,4,3,7,Expanded_Known_Family
3615,4,3,7,Expanded_Known_Family
3583,2,5,7,Expanded_Known_Family
1530,7,0,7,Potential_Novel_Family
8269,6,1,7,Expanded_Known_Family
13275,3,4,7,Expanded_Known_Family
4327,7,0,7,Potential_Novel_Family
3847,2,5,7,Expanded_Known_Family
1304,1,6,7,Expanded_Known_Family
9317,3,4,7,Expanded_Known_Family
4427,6,1,7,Expanded_Known_Family
9312,1,6,7,Expanded_Known_Family
8389,4,3,7,Expanded_Known_Family
9907,3,4,7,Expanded_Known_Family
7330,7,0,7,Potential_Novel_Family
6999,5,2,7,Expanded_Known_Family
1182,5,2,7,Expanded_Known_Family
8822,6,1,7,Expanded_Known_Family
4880,6,1,7,Expanded_Known_Family
2536,3,4,7,Expanded_Known_Family
2820,5,2,7,Expanded_Known_Family
2806,7,0,7,Potential_Novel_Family
13556,6,1,7,Expanded_Known_Family
485,3,4,7,Expanded_Known_Family
2819,7,0,7,Potential_Novel_Family
4400,4,3,7,Expanded_Known_Family
3466,6,1,7,Expanded_Known_Family
4180,1,6,7,Expanded_Known_Family
12236,7,0,7,Potential_Novel_Family
7921,3,4,7,Expanded_Known_Family
4182,5,2,7,Expanded_Known_Family
12834,6,1,7,Expanded_Known_Family
6188,3,4,7,Expanded_Known_Family
10662,2,5,7,Expanded_Known_Family
10408,4,3,7,Expanded_Known_Family
1819,3,4,7,Expanded_Known_Family
5429,3,4,7,Expanded_Known_Family
4896,2,5,7,Expanded_Known_Family
9798,6,1,7,Expanded_Known_Family
9771,2,5,7,Expanded_Known_Family
4186,7,0,7,Potential_Novel_Family
417,4,3,7,Expanded_Known_Family
447,7,0,7,Potential_Novel_Family
404,6,1,7,Expanded_Known_Family
5107,6,1,7,Expanded_Known_Family
5095,3,4,7,Expanded_Known_Family
6946,4,3,7,Expanded_Known_Family
5702,4,3,7,Expanded_Known_Family
1209,5,2,7,Expanded_Known_Family
13792,6,1,7,Expanded_Known_Family
377,4,3,7,Expanded_Known_Family
5252,4,3,7,Expanded_Known_Family
807,1,6,7,Expanded_Known_Family
6900,6,1,7,Expanded_Known_Family
1557,5,2,7,Expanded_Known_Family
2382,6,1,7,Expanded_Known_Family
9180,3,4,7,Expanded_Known_Family
12439,4,3,7,Expanded_Known_Family
359,3,4,7,Expanded_Known_Family
316,2,5,7,Expanded_Known_Family
3063,6,1,7,Expanded_Known_Family
1403,6,1,7,Expanded_Known_Family
613,7,0,7,Potential_Novel_Family
3753,7,0,7,Potential_Novel_Family
5046,6,1,7,Expanded_Known_Family
5053,3,4,7,Expanded_Known_Family
11453,6,1,7,Expanded_Known_Family
12581,6,1,7,Expanded_Known_Family
7244,3,4,7,Expanded_Known_Family
5045,5,2,7,Expanded_Known_Family
2486,2,5,7,Expanded_Known_Family
2488,4,3,7,Expanded_Known_Family
8674,6,1,7,Expanded_Known_Family
7712,7,0,7,Potential_Novel_Family
5346,2,5,7,Expanded_Known_Family
472,2,5,7,Expanded_Known_Family
554,3,4,7,Expanded_Known_Family
11524,6,1,7,Expanded_Known_Family
11510,5,2,7,Expanded_Known_Family
6705,6,1,7,Expanded_Known_Family
6784,7,0,7,Potential_Novel_Family
7685,6,1,7,Expanded_Known_Family
5551,5,2,7,Expanded_Known_Family
9455,6,1,7,Expanded_Known_Family
9451,5,2,7,Expanded_Known_Family
9382,1,6,7,Expanded_Known_Family
3900,5,2,7,Expanded_Known_Family
6393,5,2,7,Expanded_Known_Family
3886,7,0,7,Potential_Novel_Family
6363,3,4,7,Expanded_Known_Family
3345,5,2,7,Expanded_Known_Family
10469,4,3,7,Expanded_Known_Family
1797,4,3,7,Expanded_Known_Family
12583,2,5,7,Expanded_Known_Family
8066,2,5,7,Expanded_Known_Family
8812,2,5,7,Expanded_Known_Family
10497,7,0,7,Potential_Novel_Family
7971,4,3,7,Expanded_Known_Family
6008,6,0,6,Potential_Novel_Family
133,4,2,6,Expanded_Known_Family
13,0,6,6,Known_Family_Only
1733,1,5,6,Expanded_Known_Family
3347,6,0,6,Potential_Novel_Family
3391,3,3,6,Expanded_Known_Family
3330,5,1,6,Expanded_Known_Family
5033,5,1,6,Expanded_Known_Family
185,5,1,6,Expanded_Known_Family
2653,4,2,6,Expanded_Known_Family
988,6,0,6,Potential_Novel_Family
1097,1,5,6,Expanded_Known_Family
4011,4,2,6,Expanded_Known_Family
5986,4,2,6,Expanded_Known_Family
4077,6,0,6,Potential_Novel_Family
5979,4,2,6,Expanded_Known_Family
17,3,3,6,Expanded_Known_Family
3,2,4,6,Expanded_Known_Family
12652,6,0,6,Potential_Novel_Family
2,6,0,6,Potential_Novel_Family
4028,6,0,6,Potential_Novel_Family
9,2,4,6,Expanded_Known_Family
14029,5,1,6,Expanded_Known_Family
6462,5,1,6,Expanded_Known_Family
2041,6,0,6,Potential_Novel_Family
6407,4,2,6,Expanded_Known_Family
3902,1,5,6,Expanded_Known_Family
6507,5,1,6,Expanded_Known_Family
3938,4,2,6,Expanded_Known_Family
840,6,0,6,Potential_Novel_Family
9414,5,1,6,Expanded_Known_Family
9330,2,4,6,Expanded_Known_Family
9365,3,3,6,Expanded_Known_Family
12946,6,0,6,Potential_Novel_Family
5748,1,5,6,Expanded_Known_Family
12910,3,3,6,Expanded_Known_Family
793,5,1,6,Expanded_Known_Family
1291,5,1,6,Expanded_Known_Family
1288,5,1,6,Expanded_Known_Family
2742,4,2,6,Expanded_Known_Family
10309,1,5,6,Expanded_Known_Family
5251,5,1,6,Expanded_Known_Family
2414,5,1,6,Expanded_Known_Family
2458,6,0,6,Potential_Novel_Family
7855,3,3,6,Expanded_Known_Family
749,3,3,6,Expanded_Known_Family
2861,2,4,6,Expanded_Known_Family
782,3,3,6,Expanded_Known_Family
12015,4,2,6,Expanded_Known_Family
9803,4,2,6,Expanded_Known_Family
13695,5,1,6,Expanded_Known_Family
5149,3,3,6,Expanded_Known_Family
5154,6,0,6,Potential_Novel_Family
7565,4,2,6,Expanded_Known_Family
438,3,3,6,Expanded_Known_Family
453,0,6,6,Known_Family_Only
9802,5,1,6,Expanded_Known_Family
2082,4,2,6,Expanded_Known_Family
4258,4,2,6,Expanded_Known_Family
902,3,3,6,Expanded_Known_Family
13970,4,2,6,Expanded_Known_Family
13618,5,1,6,Expanded_Known_Family
442,6,0,6,Potential_Novel_Family
465,1,5,6,Expanded_Known_Family
2808,5,1,6,Expanded_Known_Family
8436,4,2,6,Expanded_Known_Family
2424,2,4,6,Expanded_Known_Family
2413,4,2,6,Expanded_Known_Family
10164,4,2,6,Expanded_Known_Family
7632,3,3,6,Expanded_Known_Family
3204,5,1,6,Expanded_Known_Family
4973,0,6,6,Known_Family_Only
2552,6,0,6,Potential_Novel_Family
8190,2,4,6,Expanded_Known_Family
8642,2,4,6,Expanded_Known_Family
1699,3,3,6,Expanded_Known_Family
5077,2,4,6,Expanded_Known_Family
335,6,0,6,Potential_Novel_Family
9024,4,2,6,Expanded_Known_Family
3512,2,4,6,Expanded_Known_Family
11082,2,4,6,Expanded_Known_Family
7024,6,0,6,Potential_Novel_Family
7028,3,3,6,Expanded_Known_Family
3492,3,3,6,Expanded_Known_Family
7067,4,2,6,Expanded_Known_Family
6976,3,3,6,Expanded_Known_Family
386,2,4,6,Expanded_Known_Family
7289,5,1,6,Expanded_Known_Family
3758,6,0,6,Potential_Novel_Family
3759,1,5,6,Expanded_Known_Family
4408,4,2,6,Expanded_Known_Family
5502,1,5,6,Expanded_Known_Family
5498,5,1,6,Expanded_Known_Family
5609,5,1,6,Expanded_Known_Family
9313,5,1,6,Expanded_Known_Family
9316,0,6,6,Known_Family_Only
11728,4,2,6,Expanded_Known_Family
1297,1,5,6,Expanded_Known_Family
9318,6,0,6,Potential_Novel_Family
9309,1,5,6,Expanded_Known_Family
8211,3,3,6,Expanded_Known_Family
4329,3,3,6,Expanded_Known_Family
13973,4,2,6,Expanded_Known_Family
2326,5,1,6,Expanded_Known_Family
13263,6,0,6,Potential_Novel_Family
3649,4,2,6,Expanded_Known_Family
6825,2,4,6,Expanded_Known_Family
6815,3,3,6,Expanded_Known_Family
1464,3,3,6,Expanded_Known_Family
5353,1,5,6,Expanded_Known_Family
490,4,2,6,Expanded_Known_Family
11400,3,3,6,Expanded_Known_Family
11282,5,1,6,Expanded_Known_Family
11481,3,3,6,Expanded_Known_Family
5524,4,2,6,Expanded_Known_Family
3805,5,1,6,Expanded_Known_Family
10348,5,1,6,Expanded_Known_Family
160,2,4,6,Expanded_Known_Family
12189,1,5,6,Expanded_Known_Family
6293,0,6,6,Known_Family_Only
3974,5,1,6,Expanded_Known_Family
12863,5,1,6,Expanded_Known_Family
785,5,1,6,Expanded_Known_Family
7924,4,2,6,Expanded_Known_Family
12260,5,1,6,Expanded_Known_Family
7336,4,2,6,Expanded_Known_Family
2028,4,2,6,Expanded_Known_Family
1936,6,0,6,Potential_Novel_Family
10012,6,0,6,Potential_Novel_Family
573,1,5,6,Expanded_Known_Family
13369,5,1,6,Expanded_Known_Family
13433,3,3,6,Expanded_Known_Family
2837,6,0,6,Potential_Novel_Family
8351,5,1,6,Expanded_Known_Family
1364,0,6,6,Known_Family_Only
6552,4,2,6,Expanded_Known_Family
3696,3,3,6,Expanded_Known_Family
11542,6,0,6,Potential_Novel_Family
6536,1,5,6,Expanded_Known_Family
3761,6,0,6,Potential_Novel_Family
7935,5,1,6,Expanded_Known_Family
12798,5,1,6,Expanded_Known_Family
12773,2,4,6,Expanded_Known_Family
239,4,2,6,Expanded_Known_Family
13834,4,2,6,Expanded_Known_Family
13822,1,5,6,Expanded_Known_Family
332,3,3,6,Expanded_Known_Family
362,1,5,6,Expanded_Known_Family
301,4,2,6,Expanded_Known_Family
220,4,2,6,Expanded_Known_Family
10266,3,3,6,Expanded_Known_Family
1864,5,1,6,Expanded_Known_Family
7618,3,3,6,Expanded_Known_Family
7492,3,3,6,Expanded_Known_Family
9487,4,2,6,Expanded_Known_Family
3007,4,2,6,Expanded_Known_Family
2236,4,2,6,Expanded_Known_Family
9132,2,4,6,Expanded_Known_Family
6722,5,1,6,Expanded_Known_Family
6661,0,6,6,Known_Family_Only
1504,3,3,6,Expanded_Known_Family
9088,6,0,6,Potential_Novel_Family
5343,1,5,6,Expanded_Known_Family
7155,5,1,6,Expanded_Known_Family
10369,4,2,6,Expanded_Known_Family
7266,4,2,6,Expanded_Known_Family
7226,4,2,6,Expanded_Known_Family
4638,3,3,6,Expanded_Known_Family
4442,3,3,6,Expanded_Known_Family
6761,4,2,6,Expanded_Known_Family
6748,3,3,6,Expanded_Known_Family
6659,1,5,6,Expanded_Known_Family
11372,3,3,6,Expanded_Known_Family
5367,5,1,6,Expanded_Known_Family
564,1,5,6,Expanded_Known_Family
587,4,2,6,Expanded_Known_Family
4479,1,5,6,Expanded_Known_Family
1115,4,2,6,Expanded_Known_Family
12698,6,0,6,Potential_Novel_Family
993,6,0,6,Potential_Novel_Family
4088,2,4,6,Expanded_Known_Family
877,4,2,6,Expanded_Known_Family
25,1,5,6,Expanded_Known_Family
4929,0,6,6,Known_Family_Only
8854,5,1,6,Expanded_Known_Family
112,6,0,6,Potential_Novel_Family
134,4,2,6,Expanded_Known_Family
8688,4,2,6,Expanded_Known_Family
5016,6,0,6,Potential_Novel_Family
7980,4,2,6,Expanded_Known_Family
10,4,2,6,Expanded_Known_Family
3306,6,0,6,Potential_Novel_Family
1831,6,0,6,Potential_Novel_Family
10535,4,2,6,Expanded_Known_Family
10518,4,2,6,Expanded_Known_Family
10491,6,0,6,Potential_Novel_Family
1772,2,4,6,Expanded_Known_Family
13862,5,0,5,Potential_Novel_Family
303,2,3,5,Expanded_Known_Family
2707,4,1,5,Expanded_Known_Family
9008,4,1,5,Expanded_Known_Family
358,0,5,5,Known_Family_Only
2783,5,0,5,Potential_Novel_Family
5644,4,1,5,Expanded_Known_Family
5762,0,5,5,Known_Family_Only
5685,4,1,5,Expanded_Known_Family
3378,0,5,5,Known_Family_Only
1407,3,2,5,Expanded_Known_Family
4296,5,0,5,Potential_Novel_Family
7169,5,0,5,Potential_Novel_Family
5723,3,2,5,Expanded_Known_Family
7202,4,1,5,Expanded_Known_Family
4300,1,4,5,Expanded_Known_Family
9114,3,2,5,Expanded_Known_Family
9291,4,1,5,Expanded_Known_Family
9345,4,1,5,Expanded_Known_Family
5743,5,0,5,Potential_Novel_Family
3499,2,3,5,Expanded_Known_Family
8252,0,5,5,Known_Family_Only
11610,3,2,5,Expanded_Known_Family
258,5,0,5,Potential_Novel_Family
3827,3,2,5,Expanded_Known_Family
6585,5,0,5,Potential_Novel_Family
6439,4,1,5,Expanded_Known_Family
3894,1,4,5,Expanded_Known_Family
768,4,1,5,Expanded_Known_Family
2743,3,2,5,Expanded_Known_Family
4343,4,1,5,Expanded_Known_Family
4355,3,2,5,Expanded_Known_Family
4306,5,0,5,Potential_Novel_Family
4682,0,5,5,Known_Family_Only
2863,5,0,5,Potential_Novel_Family
3743,3,2,5,Expanded_Known_Family
12984,1,4,5,Expanded_Known_Family
3860,1,4,5,Expanded_Known_Family
4626,4,1,5,Expanded_Known_Family
10199,3,2,5,Expanded_Known_Family
3411,4,1,5,Expanded_Known_Family
8089,5,0,5,Potential_Novel_Family
6711,3,2,5,Expanded_Known_Family
9774,5,0,5,Potential_Novel_Family
7154,1,4,5,Expanded_Known_Family
2557,0,5,5,Known_Family_Only
9718,4,1,5,Expanded_Known_Family
6617,3,2,5,Expanded_Known_Family
540,3,2,5,Expanded_Known_Family
9344,5,0,5,Potential_Novel_Family
3073,5,0,5,Potential_Novel_Family
7930,3,2,5,Expanded_Known_Family
10747,1,4,5,Expanded_Known_Family
1646,2,3,5,Expanded_Known_Family
9664,4,1,5,Expanded_Known_Family
2115,4,1,5,Expanded_Known_Family
12767,5,0,5,Potential_Novel_Family
10764,1,4,5,Expanded_Known_Family
566,4,1,5,Expanded_Known_Family
9684,3,2,5,Expanded_Known_Family
9121,4,1,5,Expanded_Known_Family
9332,5,0,5,Potential_Novel_Family
1880,5,0,5,Potential_Novel_Family
1183,2,3,5,Expanded_Known_Family
10275,5,0,5,Potential_Novel_Family
10229,2,3,5,Expanded_Known_Family
6198,5,0,5,Potential_Novel_Family
7482,4,1,5,Expanded_Known_Family
12107,1,4,5,Expanded_Known_Family
863,3,2,5,Expanded_Known_Family
2958,4,1,5,Expanded_Known_Family
3253,5,0,5,Potential_Novel_Family
8149,3,2,5,Expanded_Known_Family
8597,0,5,5,Known_Family_Only
557,1,4,5,Expanded_Known_Family
6679,4,1,5,Expanded_Known_Family
4632,5,0,5,Potential_Novel_Family
6670,3,2,5,Expanded_Known_Family
6710,3,2,5,Expanded_Known_Family
3265,2,3,5,Expanded_Known_Family
3219,2,3,5,Expanded_Known_Family
11196,0,5,5,Known_Family_Only
5492,2,3,5,Expanded_Known_Family
3800,4,1,5,Expanded_Known_Family
413,0,5,5,Known_Family_Only
10219,2,3,5,Expanded_Known_Family
3822,1,4,5,Expanded_Known_Family
11706,3,2,5,Expanded_Known_Family
10205,0,5,5,Known_Family_Only
3944,3,2,5,Expanded_Known_Family
9914,5,0,5,Potential_Novel_Family
9266,2,3,5,Expanded_Known_Family
9878,5,0,5,Potential_Novel_Family
9939,4,1,5,Expanded_Known_Family
7597,5,0,5,Potential_Novel_Family
2039,5,0,5,Potential_Novel_Family
13143,5,0,5,Potential_Novel_Family
389,4,1,5,Expanded_Known_Family
337,4,1,5,Expanded_Known_Family
7570,3,2,5,Expanded_Known_Family
350,1,4,5,Expanded_Known_Family
10966,3,2,5,Expanded_Known_Family
13234,4,1,5,Expanded_Known_Family
3178,2,3,5,Expanded_Known_Family
1382,1,4,5,Expanded_Known_Family
1328,3,2,5,Expanded_Known_Family
425,5,0,5,Potential_Novel_Family
11639,3,2,5,Expanded_Known_Family
2332,3,2,5,Expanded_Known_Family
2909,2,3,5,Expanded_Known_Family
589,1,4,5,Expanded_Known_Family
13309,5,0,5,Potential_Novel_Family
13282,5,0,5,Potential_Novel_Family
13231,3,2,5,Expanded_Known_Family
11730,2,3,5,Expanded_Known_Family
381,0,5,5,Known_Family_Only
11711,4,1,5,Expanded_Known_Family
11710,3,2,5,Expanded_Known_Family
11962,5,0,5,Potential_Novel_Family
13303,5,0,5,Potential_Novel_Family
13095,4,1,5,Expanded_Known_Family
11886,4,1,5,Expanded_Known_Family
1207,2,3,5,Expanded_Known_Family
8983,2,3,5,Expanded_Known_Family
2286,4,1,5,Expanded_Known_Family
6992,3,2,5,Expanded_Known_Family
8363,1,4,5,Expanded_Known_Family
4532,2,3,5,Expanded_Known_Family
5214,5,0,5,Potential_Novel_Family
736,5,0,5,Potential_Novel_Family
5665,5,0,5,Potential_Novel_Family
13004,4,1,5,Expanded_Known_Family
13003,2,3,5,Expanded_Known_Family
9452,5,0,5,Potential_Novel_Family
339,2,3,5,Expanded_Known_Family
1523,1,4,5,Expanded_Known_Family
6314,3,2,5,Expanded_Known_Family
1561,5,0,5,Potential_Novel_Family
6985,1,4,5,Expanded_Known_Family
5666,3,2,5,Expanded_Known_Family
3094,4,1,5,Expanded_Known_Family
13310,2,3,5,Expanded_Known_Family
3056,4,1,5,Expanded_Known_Family
3055,1,4,5,Expanded_Known_Family
3054,2,3,5,Expanded_Known_Family
3133,4,1,5,Expanded_Known_Family
7881,4,1,5,Expanded_Known_Family
3111,3,2,5,Expanded_Known_Family
13020,3,2,5,Expanded_Known_Family
2762,5,0,5,Potential_Novel_Family
5124,5,0,5,Potential_Novel_Family
1273,5,0,5,Potential_Novel_Family
631,3,2,5,Expanded_Known_Family
669,0,5,5,Known_Family_Only
11805,5,0,5,Potential_Novel_Family
5187,3,2,5,Expanded_Known_Family
3131,1,4,5,Expanded_Known_Family
3093,3,2,5,Expanded_Known_Family
9058,5,0,5,Potential_Novel_Family
2761,1,4,5,Expanded_Known_Family
5145,2,3,5,Expanded_Known_Family
13990,4,1,5,Expanded_Known_Family
1433,1,4,5,Expanded_Known_Family
4950,4,1,5,Expanded_Known_Family
12579,2,3,5,Expanded_Known_Family
4955,4,1,5,Expanded_Known_Family
1435,2,3,5,Expanded_Known_Family
12503,4,1,5,Expanded_Known_Family
7310,2,3,5,Expanded_Known_Family
522,4,1,5,Expanded_Known_Family
13490,2,3,5,Expanded_Known_Family
510,2,3,5,Expanded_Known_Family
65,3,2,5,Expanded_Known_Family
1457,5,0,5,Potential_Novel_Family
990,5,0,5,Potential_Novel_Family
989,2,3,5,Expanded_Known_Family
999,4,1,5,Expanded_Known_Family
4802,5,0,5,Potential_Novel_Family
10738,4,1,5,Expanded_Known_Family
5970,5,0,5,Potential_Novel_Family
12784,3,2,5,Expanded_Known_Family
11414,3,2,5,Expanded_Known_Family
5851,2,3,5,Expanded_Known_Family
5864,3,2,5,Expanded_Known_Family
4193,4,1,5,Expanded_Known_Family
969,5,0,5,Potential_Novel_Family
12751,3,2,5,Expanded_Known_Family
4115,5,0,5,Potential_Novel_Family
521,4,1,5,Expanded_Known_Family
3398,5,0,5,Potential_Novel_Family
7476,2,3,5,Expanded_Known_Family
4153,3,2,5,Expanded_Known_Family
1438,5,0,5,Potential_Novel_Family
3401,2,3,5,Expanded_Known_Family
13641,2,3,5,Expanded_Known_Family
1710,4,1,5,Expanded_Known_Family
5385,3,2,5,Expanded_Known_Family
4447,1,4,5,Expanded_Known_Family
6651,3,2,5,Expanded_Known_Family
7471,5,0,5,Potential_Novel_Family
36,2,3,5,Expanded_Known_Family
13486,3,2,5,Expanded_Known_Family
9571,3,2,5,Expanded_Known_Family
3362,5,0,5,Potential_Novel_Family
1503,4,1,5,Expanded_Known_Family
7416,3,2,5,Expanded_Known_Family
11309,3,2,5,Expanded_Known_Family
24,2,3,5,Expanded_Known_Family
21,2,3,5,Expanded_Known_Family
12647,1,4,5,Expanded_Known_Family
2589,1,4,5,Expanded_Known_Family
3356,4,1,5,Expanded_Known_Family
1958,3,2,5,Expanded_Known_Family
10250,4,1,5,Expanded_Known_Family
14001,5,0,5,Potential_Novel_Family
8802,3,2,5,Expanded_Known_Family
11316,4,1,5,Expanded_Known_Family
11384,4,1,5,Expanded_Known_Family
73,4,1,5,Expanded_Known_Family
2610,5,0,5,Potential_Novel_Family
12645,1,4,5,Expanded_Known_Family
8703,3,2,5,Expanded_Known_Family
4855,3,2,5,Expanded_Known_Family
481,5,0,5,Potential_Novel_Family
4866,4,1,5,Expanded_Known_Family
121,4,1,5,Expanded_Known_Family
13585,5,0,5,Potential_Novel_Family
4764,5,0,5,Potential_Novel_Family
96,1,4,5,Expanded_Known_Family
103,3,2,5,Expanded_Known_Family
42,0,5,5,Known_Family_Only
14181,3,2,5,Expanded_Known_Family
14191,5,0,5,Potential_Novel_Family
4559,0,5,5,Known_Family_Only
50,2,3,5,Expanded_Known_Family
2636,3,2,5,Expanded_Known_Family
8855,2,3,5,Expanded_Known_Family
8782,4,1,5,Expanded_Known_Family
507,0,5,5,Known_Family_Only
105,1,4,5,Expanded_Known_Family
13945,3,2,5,Expanded_Known_Family
9506,0,5,5,Known_Family_Only
4212,5,0,5,Potential_Novel_Family
263,5,0,5,Potential_Novel_Family
4763,3,2,5,Expanded_Known_Family
1698,2,3,5,Expanded_Known_Family
10065,5,0,5,Potential_Novel_Family
8111,3,2,5,Expanded_Known_Family
3293,4,1,5,Expanded_Known_Family
13335,5,0,5,Potential_Novel_Family
6179,4,1,5,Expanded_Known_Family
3952,2,3,5,Expanded_Known_Family
555,5,0,5,Potential_Novel_Family
5356,4,1,5,Expanded_Known_Family
13969,3,2,5,Expanded_Known_Family
10347,5,0,5,Potential_Novel_Family
12448,2,3,5,Expanded_Known_Family
8851,3,2,5,Expanded_Known_Family
8647,4,1,5,Expanded_Known_Family
4463,5,0,5,Potential_Novel_Family
5332,4,1,5,Expanded_Known_Family
4158,3,2,5,Expanded_Known_Family
2698,4,1,5,Expanded_Known_Family
1539,4,1,5,Expanded_Known_Family
2687,0,5,5,Known_Family_Only
13445,0,5,5,Known_Family_Only
6079,2,3,5,Expanded_Known_Family
13385,5,0,5,Potential_Novel_Family
13411,5,0,5,Potential_Novel_Family
10386,4,1,5,Expanded_Known_Family
9539,3,2,5,Expanded_Known_Family
2995,3,2,5,Expanded_Known_Family
539,0,5,5,Known_Family_Only
7928,5,0,5,Potential_Novel_Family
3612,5,0,5,Potential_Novel_Family
145,5,0,5,Potential_Novel_Family
146,4,1,5,Expanded_Known_Family
2156,0,5,5,Known_Family_Only
2134,2,3,5,Expanded_Known_Family
5054,3,2,5,Expanded_Known_Family
12857,4,1,5,Expanded_Known_Family
923,3,2,5,Expanded_Known_Family
9984,4,1,5,Expanded_Known_Family
12841,3,2,5,Expanded_Known_Family
5066,5,0,5,Potential_Novel_Family
2821,1,4,5,Expanded_Known_Family
2718,1,4,5,Expanded_Known_Family
6129,2,3,5,Expanded_Known_Family
9630,0,5,5,Known_Family_Only
3417,4,1,5,Expanded_Known_Family
8407,3,2,5,Expanded_Known_Family
2232,1,4,5,Expanded_Known_Family
9998,4,1,5,Expanded_Known_Family
3656,2,3,5,Expanded_Known_Family
537,5,0,5,Potential_Novel_Family
13674,2,2,4,Expanded_Known_Family
5167,0,4,4,Known_Family_Only
3156,3,1,4,Expanded_Known_Family
10137,3,1,4,Expanded_Known_Family
11102,4,0,4,Potential_Novel_Family
13656,4,0,4,Potential_Novel_Family
369,2,2,4,Expanded_Known_Family
3605,1,3,4,Expanded_Known_Family
4557,4,0,4,Potential_Novel_Family
13719,4,0,4,Potential_Novel_Family
13669,3,1,4,Expanded_Known_Family
11029,1,3,4,Expanded_Known_Family
13746,3,1,4,Expanded_Known_Family
391,4,0,4,Potential_Novel_Family
3609,4,0,4,Potential_Novel_Family
3580,2,2,4,Expanded_Known_Family
4584,2,2,4,Expanded_Known_Family
5256,4,0,4,Potential_Novel_Family
5215,3,1,4,Expanded_Known_Family
8974,2,2,4,Expanded_Known_Family
9054,3,1,4,Expanded_Known_Family
3613,3,1,4,Expanded_Known_Family
1577,0,4,4,Known_Family_Only
11189,4,0,4,Potential_Novel_Family
7801,3,1,4,Expanded_Known_Family
13531,4,0,4,Potential_Novel_Family
8500,4,0,4,Potential_Novel_Family
1566,4,0,4,Potential_Novel_Family
463,1,3,4,Expanded_Known_Family
2755,0,4,4,Known_Family_Only
3212,4,0,4,Potential_Novel_Family
10115,4,0,4,Potential_Novel_Family
3240,3,1,4,Expanded_Known_Family
13552,4,0,4,Potential_Novel_Family
484,2,2,4,Expanded_Known_Family
11247,2,2,4,Expanded_Known_Family
11233,3,1,4,Expanded_Known_Family
427,2,2,4,Expanded_Known_Family
4560,1,3,4,Expanded_Known_Family
10240,4,0,4,Potential_Novel_Family
1525,3,1,4,Expanded_Known_Family
5185,1,3,4,Expanded_Known_Family
13761,4,0,4,Potential_Novel_Family
10244,4,0,4,Potential_Novel_Family
2473,2,2,4,Expanded_Known_Family
8466,4,0,4,Potential_Novel_Family
8411,2,2,4,Expanded_Known_Family
13626,4,0,4,Potential_Novel_Family
4577,4,0,4,Potential_Novel_Family
4578,3,1,4,Expanded_Known_Family
8451,1,3,4,Expanded_Known_Family
6871,2,2,4,Expanded_Known_Family
2419,2,2,4,Expanded_Known_Family
8489,3,1,4,Expanded_Known_Family
13557,1,3,4,Expanded_Known_Family
3302,4,0,4,Potential_Novel_Family
3300,3,1,4,Expanded_Known_Family
4761,3,1,4,Expanded_Known_Family
179,0,4,4,Known_Family_Only
180,4,0,4,Potential_Novel_Family
10371,4,0,4,Potential_Novel_Family
83,3,1,4,Expanded_Known_Family
4983,4,0,4,Potential_Novel_Family
14085,3,1,4,Expanded_Known_Family
90,3,1,4,Expanded_Known_Family
141,1,3,4,Expanded_Known_Family
8774,1,3,4,Expanded_Known_Family
7395,3,1,4,Expanded_Known_Family
7396,1,3,4,Expanded_Known_Family
10657,2,2,4,Expanded_Known_Family
10685,2,2,4,Expanded_Known_Family
131,1,3,4,Expanded_Known_Family
10841,1,3,4,Expanded_Known_Family
7094,4,0,4,Potential_Novel_Family
7097,1,3,4,Expanded_Known_Family
2682,0,4,4,Known_Family_Only
2668,0,4,4,Known_Family_Only
2650,3,1,4,Expanded_Known_Family
2642,4,0,4,Potential_Novel_Family
7449,3,1,4,Expanded_Known_Family
1690,2,2,4,Expanded_Known_Family
7322,4,0,4,Potential_Novel_Family
2593,1,3,4,Expanded_Known_Family
2526,2,2,4,Expanded_Known_Family
2688,1,3,4,Expanded_Known_Family
2543,3,1,4,Expanded_Known_Family
2547,1,3,4,Expanded_Known_Family
3252,2,2,4,Expanded_Known_Family
4735,4,0,4,Potential_Novel_Family
10520,4,0,4,Potential_Novel_Family
1792,0,4,4,Known_Family_Only
10506,1,3,4,Expanded_Known_Family
1677,4,0,4,Potential_Novel_Family
10564,3,1,4,Expanded_Known_Family
3301,3,1,4,Expanded_Known_Family
3372,0,4,4,Known_Family_Only
138,3,1,4,Expanded_Known_Family
7419,4,0,4,Potential_Novel_Family
10496,2,2,4,Expanded_Known_Family
201,0,4,4,Known_Family_Only
156,3,1,4,Expanded_Known_Family
169,0,4,4,Known_Family_Only
170,1,3,4,Expanded_Known_Family
167,1,3,4,Expanded_Known_Family
14032,4,0,4,Potential_Novel_Family
1785,4,0,4,Potential_Novel_Family
14068,4,0,4,Potential_Novel_Family
10725,2,2,4,Expanded_Known_Family
10596,4,0,4,Potential_Novel_Family
10568,3,1,4,Expanded_Known_Family
7363,4,0,4,Potential_Novel_Family
3331,1,3,4,Expanded_Known_Family
13991,4,0,4,Potential_Novel_Family
10480,3,1,4,Expanded_Known_Family
3377,1,3,4,Expanded_Known_Family
8004,0,4,4,Known_Family_Only
14287,3,1,4,Expanded_Known_Family
5,4,0,4,Potential_Novel_Family
11,3,1,4,Expanded_Known_Family
20,2,2,4,Expanded_Known_Family
60,2,2,4,Expanded_Known_Family
1789,1,3,4,Expanded_Known_Family
7404,0,4,4,Known_Family_Only
8583,4,0,4,Potential_Novel_Family
8970,3,1,4,Expanded_Known_Family
2480,3,1,4,Expanded_Known_Family
2416,4,0,4,Potential_Novel_Family
341,1,3,4,Expanded_Known_Family
7105,3,1,4,Expanded_Known_Family
7034,4,0,4,Potential_Novel_Family
10840,3,1,4,Expanded_Known_Family
10898,3,1,4,Expanded_Known_Family
3501,3,1,4,Expanded_Known_Family
7054,3,1,4,Expanded_Known_Family
8913,3,1,4,Expanded_Known_Family
13740,3,1,4,Expanded_Known_Family
378,2,2,4,Expanded_Known_Family
313,2,2,4,Expanded_Known_Family
9032,2,2,4,Expanded_Known_Family
3557,2,2,4,Expanded_Known_Family
5098,2,2,4,Expanded_Known_Family
333,3,1,4,Expanded_Known_Family
422,3,1,4,Expanded_Known_Family
7579,4,0,4,Potential_Novel_Family
10411,2,2,4,Expanded_Known_Family
10268,4,0,4,Potential_Novel_Family
1897,1,3,4,Expanded_Known_Family
5102,2,2,4,Expanded_Known_Family
10958,0,4,4,Known_Family_Only
1920,3,1,4,Expanded_Known_Family
3181,3,1,4,Expanded_Known_Family
1869,2,2,4,Expanded_Known_Family
7600,2,2,4,Expanded_Known_Family
5092,4,0,4,Potential_Novel_Family
13800,2,2,4,Expanded_Known_Family
356,2,2,4,Expanded_Known_Family
10979,4,0,4,Potential_Novel_Family
3268,2,2,4,Expanded_Known_Family
8613,4,0,4,Potential_Novel_Family
13890,2,2,4,Expanded_Known_Family
13874,3,1,4,Expanded_Known_Family
4943,4,0,4,Potential_Novel_Family
4701,2,2,4,Expanded_Known_Family
4688,0,4,4,Known_Family_Only
6974,1,3,4,Expanded_Known_Family
7162,4,0,4,Potential_Novel_Family
8879,3,1,4,Expanded_Known_Family
2730,2,2,4,Expanded_Known_Family
3524,3,1,4,Expanded_Known_Family
10765,4,0,4,Potential_Novel_Family
10741,4,0,4,Potential_Novel_Family
4665,3,1,4,Expanded_Known_Family
5156,2,2,4,Expanded_Known_Family
7227,0,4,4,Known_Family_Only
271,1,3,4,Expanded_Known_Family
250,2,2,4,Expanded_Known_Family
2354,0,4,4,Known_Family_Only
5014,1,3,4,Expanded_Known_Family
298,4,0,4,Potential_Novel_Family
1584,2,2,4,Expanded_Known_Family
361,2,2,4,Expanded_Known_Family
329,4,0,4,Potential_Novel_Family
10285,0,4,4,Known_Family_Only
13832,4,0,4,Potential_Novel_Family
1673,2,2,4,Expanded_Known_Family
7184,1,3,4,Expanded_Known_Family
3442,3,1,4,Expanded_Known_Family
1667,4,0,4,Potential_Novel_Family
10834,2,2,4,Expanded_Known_Family
1583,2,2,4,Expanded_Known_Family
1878,3,1,4,Expanded_Known_Family
331,2,2,4,Expanded_Known_Family
5811,2,2,4,Expanded_Known_Family
4234,4,0,4,Potential_Novel_Family
4006,4,0,4,Potential_Novel_Family
6175,2,2,4,Expanded_Known_Family
3960,0,4,4,Known_Family_Only
4262,2,2,4,Expanded_Known_Family
4247,3,1,4,Expanded_Known_Family
783,4,0,4,Potential_Novel_Family
8284,1,3,4,Expanded_Known_Family
3081,4,0,4,Potential_Novel_Family
2118,3,1,4,Expanded_Known_Family
7944,3,1,4,Expanded_Known_Family
3050,3,1,4,Expanded_Known_Family
1174,1,3,4,Expanded_Known_Family
6159,1,3,4,Expanded_Known_Family
1194,0,4,4,Known_Family_Only
9700,4,0,4,Potential_Novel_Family
12836,1,3,4,Expanded_Known_Family
2199,1,3,4,Expanded_Known_Family
2189,2,2,4,Expanded_Known_Family
2194,3,1,4,Expanded_Known_Family
9507,4,0,4,Potential_Novel_Family
1075,1,3,4,Expanded_Known_Family
1113,2,2,4,Expanded_Known_Family
1163,4,0,4,Potential_Novel_Family
12396,4,0,4,Potential_Novel_Family
5807,4,0,4,Potential_Novel_Family
12414,4,0,4,Potential_Novel_Family
12437,2,2,4,Expanded_Known_Family
5964,3,1,4,Expanded_Known_Family
5872,4,0,4,Potential_Novel_Family
6138,3,1,4,Expanded_Known_Family
6111,3,1,4,Expanded_Known_Family
6102,4,0,4,Potential_Novel_Family
12336,4,0,4,Potential_Novel_Family
12441,4,0,4,Potential_Novel_Family
3957,3,1,4,Expanded_Known_Family
3891,2,2,4,Expanded_Known_Family
12198,1,3,4,Expanded_Known_Family
12170,2,2,4,Expanded_Known_Family
2950,1,3,4,Expanded_Known_Family
9361,3,1,4,Expanded_Known_Family
2273,3,1,4,Expanded_Known_Family
9396,3,1,4,Expanded_Known_Family
9687,4,0,4,Potential_Novel_Family
5732,4,0,4,Potential_Novel_Family
5712,4,0,4,Potential_Novel_Family
5770,4,0,4,Potential_Novel_Family
5711,0,4,4,Known_Family_Only
5633,4,0,4,Potential_Novel_Family
12934,3,1,4,Expanded_Known_Family
12936,4,0,4,Potential_Novel_Family
844,2,2,4,Expanded_Known_Family
9424,4,0,4,Potential_Novel_Family
12885,4,0,4,Potential_Novel_Family
4211,0,4,4,Known_Family_Only
9727,3,1,4,Expanded_Known_Family
9720,2,2,4,Expanded_Known_Family
9772,4,0,4,Potential_Novel_Family
2121,3,1,4,Expanded_Known_Family
8095,3,1,4,Expanded_Known_Family
8203,4,0,4,Potential_Novel_Family
3969,4,0,4,Potential_Novel_Family
12891,3,1,4,Expanded_Known_Family
4249,4,0,4,Potential_Novel_Family
4246,3,1,4,Expanded_Known_Family
1188,2,2,4,Expanded_Known_Family
2951,2,2,4,Expanded_Known_Family
2943,0,4,4,Known_Family_Only
9481,4,0,4,Potential_Novel_Family
2949,1,3,4,Expanded_Known_Family
2969,3,1,4,Expanded_Known_Family
12894,3,1,4,Expanded_Known_Family
14047,3,1,4,Expanded_Known_Family
4853,1,3,4,Expanded_Known_Family
10576,4,0,4,Potential_Novel_Family
4857,2,2,4,Expanded_Known_Family
4093,0,4,4,Known_Family_Only
5991,2,2,4,Expanded_Known_Family
991,2,2,4,Expanded_Known_Family
4130,4,0,4,Potential_Novel_Family
2240,3,1,4,Expanded_Known_Family
981,4,0,4,Potential_Novel_Family
985,2,2,4,Expanded_Known_Family
986,3,1,4,Expanded_Known_Family
12633,1,3,4,Expanded_Known_Family
12682,1,3,4,Expanded_Known_Family
12511,4,0,4,Potential_Novel_Family
1081,2,2,4,Expanded_Known_Family
1094,3,1,4,Expanded_Known_Family
4117,3,1,4,Expanded_Known_Family
4781,2,2,4,Expanded_Known_Family
2631,2,2,4,Expanded_Known_Family
8794,2,2,4,Expanded_Known_Family
8781,3,1,4,Expanded_Known_Family
8694,2,2,4,Expanded_Known_Family
2586,3,1,4,Expanded_Known_Family
8749,3,1,4,Expanded_Known_Family
8739,2,2,4,Expanded_Known_Family
55,4,0,4,Potential_Novel_Family
39,3,1,4,Expanded_Known_Family
28,1,3,4,Expanded_Known_Family
44,3,1,4,Expanded_Known_Family
6,2,2,4,Expanded_Known_Family
79,3,1,4,Expanded_Known_Family
56,3,1,4,Expanded_Known_Family
14170,4,0,4,Potential_Novel_Family
48,3,1,4,Expanded_Known_Family
4835,1,3,4,Expanded_Known_Family
2575,4,0,4,Potential_Novel_Family
9661,3,1,4,Expanded_Known_Family
4030,4,0,4,Potential_Novel_Family
3994,3,1,4,Expanded_Known_Family
6147,2,2,4,Expanded_Known_Family
6134,1,3,4,Expanded_Known_Family
2144,2,2,4,Expanded_Known_Family
9611,4,0,4,Potential_Novel_Family
9652,4,0,4,Potential_Novel_Family
9598,2,2,4,Expanded_Known_Family
9499,3,1,4,Expanded_Known_Family
8133,4,0,4,Potential_Novel_Family
3012,4,0,4,Potential_Novel_Family
2218,2,2,4,Expanded_Known_Family
3000,1,3,4,Expanded_Known_Family
964,3,1,4,Expanded_Known_Family
8117,1,3,4,Expanded_Known_Family
8109,2,2,4,Expanded_Known_Family
2152,3,1,4,Expanded_Known_Family
7984,2,2,4,Expanded_Known_Family
960,3,1,4,Expanded_Known_Family
3046,1,3,4,Expanded_Known_Family
1005,4,0,4,Potential_Novel_Family
6004,1,3,4,Expanded_Known_Family
6035,3,1,4,Expanded_Known_Family
6056,2,2,4,Expanded_Known_Family
1034,0,4,4,Known_Family_Only
2141,4,0,4,Potential_Novel_Family
6069,0,4,4,Known_Family_Only
4157,2,2,4,Expanded_Known_Family
5868,4,0,4,Potential_Novel_Family
12739,4,0,4,Potential_Novel_Family
5893,4,0,4,Potential_Novel_Family
4090,3,1,4,Expanded_Known_Family
5889,2,2,4,Expanded_Known_Family
4197,3,1,4,Expanded_Known_Family
12815,2,2,4,Expanded_Known_Family
1099,0,4,4,Known_Family_Only
2371,3,1,4,Expanded_Known_Family
124,3,1,4,Expanded_Known_Family
3810,2,2,4,Expanded_Known_Family
6539,1,3,4,Expanded_Known_Family
3725,2,2,4,Expanded_Known_Family
6542,1,3,4,Expanded_Known_Family
3771,2,2,4,Expanded_Known_Family
2402,2,2,4,Expanded_Known_Family
827,1,3,4,Expanded_Known_Family
9196,4,0,4,Potential_Novel_Family
9179,4,0,4,Potential_Novel_Family
11494,2,2,4,Expanded_Known_Family
11495,4,0,4,Potential_Novel_Family
9081,1,3,4,Expanded_Known_Family
13393,3,1,4,Expanded_Known_Family
9212,4,0,4,Potential_Novel_Family
10091,1,3,4,Expanded_Known_Family
2383,1,3,4,Expanded_Known_Family
3095,2,2,4,Expanded_Known_Family
5410,0,4,4,Known_Family_Only
5401,3,1,4,Expanded_Known_Family
636,4,0,4,Potential_Novel_Family
622,3,1,4,Expanded_Known_Family
647,3,1,4,Expanded_Known_Family
8365,4,0,4,Potential_Novel_Family
2367,2,2,4,Expanded_Known_Family
1365,4,0,4,Potential_Novel_Family
2802,4,0,4,Potential_Novel_Family
8395,0,4,4,Known_Family_Only
9258,1,3,4,Expanded_Known_Family
9239,4,0,4,Potential_Novel_Family
1411,3,1,4,Expanded_Known_Family
3713,3,1,4,Expanded_Known_Family
1362,2,2,4,Expanded_Known_Family
6574,3,1,4,Expanded_Known_Family
2369,4,0,4,Potential_Novel_Family
5472,2,2,4,Expanded_Known_Family
13434,3,1,4,Expanded_Known_Family
515,3,1,4,Expanded_Known_Family
549,3,1,4,Expanded_Known_Family
5350,2,2,4,Expanded_Known_Family
4542,3,1,4,Expanded_Known_Family
11332,4,0,4,Potential_Novel_Family
487,1,3,4,Expanded_Known_Family
10047,4,0,4,Potential_Novel_Family
398,1,3,4,Expanded_Known_Family
533,4,0,4,Potential_Novel_Family
1479,4,0,4,Potential_Novel_Family
1473,2,2,4,Expanded_Known_Family
486,3,1,4,Expanded_Known_Family
492,1,3,4,Expanded_Known_Family
556,2,2,4,Expanded_Known_Family
9115,3,1,4,Expanded_Known_Family
489,3,1,4,Expanded_Known_Family
582,4,0,4,Potential_Novel_Family
620,2,2,4,Expanded_Known_Family
602,0,4,4,Known_Family_Only
13352,0,4,4,Known_Family_Only
13482,3,1,4,Expanded_Known_Family
4495,3,1,4,Expanded_Known_Family
5354,4,0,4,Potential_Novel_Family
4505,2,2,4,Expanded_Known_Family
4477,0,4,4,Known_Family_Only
5269,3,1,4,Expanded_Known_Family
4504,4,0,4,Potential_Novel_Family
13462,0,4,4,Known_Family_Only
13451,4,0,4,Potential_Novel_Family
6733,2,2,4,Expanded_Known_Family
6794,0,4,4,Known_Family_Only
6776,0,4,4,Known_Family_Only
11483,4,0,4,Potential_Novel_Family
11434,4,0,4,Potential_Novel_Family
1945,0,4,4,Known_Family_Only
9416,4,0,4,Potential_Novel_Family
9417,3,1,4,Expanded_Known_Family
3943,4,0,4,Potential_Novel_Family
5558,4,0,4,Potential_Novel_Family
5555,0,4,4,Known_Family_Only
5603,2,2,4,Expanded_Known_Family
653,1,3,4,Expanded_Known_Family
735,2,2,4,Expanded_Known_Family
7763,3,1,4,Expanded_Known_Family
8218,4,0,4,Potential_Novel_Family
11918,2,2,4,Expanded_Known_Family
1236,3,1,4,Expanded_Known_Family
717,2,2,4,Expanded_Known_Family
13070,0,4,4,Known_Family_Only
5557,3,1,4,Expanded_Known_Family
7824,3,1,4,Expanded_Known_Family
11767,4,0,4,Potential_Novel_Family
2313,1,3,4,Expanded_Known_Family
9849,1,3,4,Expanded_Known_Family
2079,2,2,4,Expanded_Known_Family
3865,0,4,4,Known_Family_Only
12033,4,0,4,Potential_Novel_Family
6264,4,0,4,Potential_Novel_Family
4269,0,4,4,Known_Family_Only
5617,2,2,4,Expanded_Known_Family
5618,0,4,4,Known_Family_Only
6388,2,2,4,Expanded_Known_Family
6430,4,0,4,Potential_Novel_Family
7901,3,1,4,Expanded_Known_Family
8251,1,3,4,Expanded_Known_Family
2904,4,0,4,Potential_Novel_Family
3948,3,1,4,Expanded_Known_Family
1224,0,4,4,Known_Family_Only
6320,3,1,4,Expanded_Known_Family
6458,4,0,4,Potential_Novel_Family
6450,2,2,4,Expanded_Known_Family
13017,4,0,4,Potential_Novel_Family
11704,3,1,4,Expanded_Known_Family
1353,3,1,4,Expanded_Known_Family
674,0,4,4,Known_Family_Only
9273,4,0,4,Potential_Novel_Family
6514,4,0,4,Potential_Novel_Family
11678,0,4,4,Known_Family_Only
4398,2,2,4,Expanded_Known_Family
703,3,1,4,Expanded_Known_Family
11769,4,0,4,Potential_Novel_Family
7734,2,2,4,Expanded_Known_Family
9913,2,2,4,Expanded_Known_Family
7771,2,2,4,Expanded_Known_Family
11632,1,3,4,Expanded_Known_Family
1385,0,4,4,Known_Family_Only
1375,1,3,4,Expanded_Known_Family
5611,0,4,4,Known_Family_Only
4369,1,3,4,Expanded_Known_Family
704,2,2,4,Expanded_Known_Family
11948,0,4,4,Known_Family_Only
761,3,1,4,Expanded_Known_Family
8302,1,3,4,Expanded_Known_Family
2337,3,1,4,Expanded_Known_Family
13218,2,2,4,Expanded_Known_Family
726,4,0,4,Potential_Novel_Family
4425,3,1,4,Expanded_Known_Family
13175,3,1,4,Expanded_Known_Family
8324,0,4,4,Known_Family_Only
9889,1,3,4,Expanded_Known_Family
2841,4,0,4,Potential_Novel_Family
2832,2,2,4,Expanded_Known_Family
8309,1,3,4,Expanded_Known_Family
3824,4,0,4,Potential_Novel_Family
6480,4,0,4,Potential_Novel_Family
3794,4,0,4,Potential_Novel_Family
3849,1,3,4,Expanded_Known_Family
6485,3,1,4,Expanded_Known_Family
9895,3,1,4,Expanded_Known_Family
4795,2,1,3,Expanded_Known_Family
59,2,1,3,Expanded_Known_Family
75,2,1,3,Expanded_Known_Family
35,1,2,3,Expanded_Known_Family
37,2,1,3,Expanded_Known_Family
38,2,1,3,Expanded_Known_Family
26,1,2,3,Expanded_Known_Family
30,2,1,3,Expanded_Known_Family
31,2,1,3,Expanded_Known_Family
32,2,1,3,Expanded_Known_Family
18,0,3,3,Known_Family_Only
66,1,2,3,Expanded_Known_Family
22,1,2,3,Expanded_Known_Family
2622,2,1,3,Expanded_Known_Family
2626,0,3,3,Known_Family_Only
51,2,1,3,Expanded_Known_Family
61,1,2,3,Expanded_Known_Family
47,1,2,3,Expanded_Known_Family
100,3,0,3,Potential_Novel_Family
41,2,1,3,Expanded_Known_Family
4870,1,2,3,Expanded_Known_Family
4811,2,1,3,Expanded_Known_Family
4822,0,3,3,Known_Family_Only
62,3,0,3,Potential_Novel_Family
14319,2,1,3,Expanded_Known_Family
10569,2,1,3,Expanded_Known_Family
10616,2,1,3,Expanded_Known_Family
8850,0,3,3,Known_Family_Only
2527,2,1,3,Expanded_Known_Family
2520,3,0,3,Potential_Novel_Family
14058,1,2,3,Expanded_Known_Family
165,3,0,3,Potential_Novel_Family
14044,1,2,3,Expanded_Known_Family
80,3,0,3,Potential_Novel_Family
14006,3,0,3,Potential_Novel_Family
4964,3,0,3,Potential_Novel_Family
4941,3,0,3,Potential_Novel_Family
5032,1,2,3,Expanded_Known_Family
4738,3,0,3,Potential_Novel_Family
2658,3,0,3,Potential_Novel_Family
2660,2,1,3,Expanded_Known_Family
8757,2,1,3,Expanded_Known_Family
8827,2,1,3,Expanded_Known_Family
4921,1,2,3,Expanded_Known_Family
4970,1,2,3,Expanded_Known_Family
4963,3,0,3,Potential_Novel_Family
4742,3,0,3,Potential_Novel_Family
4689,2,1,3,Expanded_Known_Family
4969,3,0,3,Potential_Novel_Family
4728,2,1,3,Expanded_Known_Family
4732,2,1,3,Expanded_Known_Family
13935,3,0,3,Potential_Novel_Family
215,2,1,3,Expanded_Known_Family
218,1,2,3,Expanded_Known_Family
13955,2,1,3,Expanded_Known_Family
13929,3,0,3,Potential_Novel_Family
13916,1,2,3,Expanded_Known_Family
174,2,1,3,Expanded_Known_Family
4719,2,1,3,Expanded_Known_Family
10350,1,2,3,Expanded_Known_Family
10377,3,0,3,Potential_Novel_Family
3496,2,1,3,Expanded_Known_Family
3420,3,0,3,Potential_Novel_Family
7247,3,0,3,Potential_Novel_Family
3423,1,2,3,Expanded_Known_Family
7275,3,0,3,Potential_Novel_Family
3448,2,1,3,Expanded_Known_Family
3296,1,2,3,Expanded_Known_Family
3298,2,1,3,Expanded_Known_Family
3288,2,1,3,Expanded_Known_Family
7440,0,3,3,Known_Family_Only
3279,3,0,3,Potential_Novel_Family
3245,2,1,3,Expanded_Known_Family
7451,2,1,3,Expanded_Known_Family
10360,0,3,3,Known_Family_Only
1705,3,0,3,Potential_Novel_Family
7314,2,1,3,Expanded_Known_Family
7303,3,0,3,Potential_Novel_Family
3385,2,1,3,Expanded_Known_Family
3373,2,1,3,Expanded_Known_Family
7300,2,1,3,Expanded_Known_Family
7290,3,0,3,Potential_Novel_Family
7297,3,0,3,Potential_Novel_Family
3317,1,2,3,Expanded_Known_Family
3403,3,0,3,Potential_Novel_Family
10630,0,3,3,Known_Family_Only
10631,0,3,3,Known_Family_Only
10634,2,1,3,Expanded_Known_Family
1707,3,0,3,Potential_Novel_Family
1693,1,2,3,Expanded_Known_Family
10719,1,2,3,Expanded_Known_Family
10262,2,1,3,Expanded_Known_Family
10312,3,0,3,Potential_Novel_Family
10294,3,0,3,Potential_Novel_Family
1887,2,1,3,Expanded_Known_Family
3507,1,2,3,Expanded_Known_Family
7055,3,0,3,Potential_Novel_Family
1602,0,3,3,Known_Family_Only
1639,3,0,3,Potential_Novel_Family
3449,3,0,3,Potential_Novel_Family
7210,1,2,3,Expanded_Known_Family
10319,0,3,3,Known_Family_Only
3257,1,2,3,Expanded_Known_Family
7525,3,0,3,Potential_Novel_Family
7532,2,1,3,Expanded_Known_Family
7518,3,0,3,Potential_Novel_Family
7616,3,0,3,Potential_Novel_Family
7114,3,0,3,Potential_Novel_Family
3532,2,1,3,Expanded_Known_Family
10831,1,2,3,Expanded_Known_Family
10888,3,0,3,Potential_Novel_Family
10876,1,2,3,Expanded_Known_Family
10821,1,2,3,Expanded_Known_Family
10827,3,0,3,Potential_Novel_Family
1596,2,1,3,Expanded_Known_Family
7233,3,0,3,Potential_Novel_Family
3457,0,3,3,Known_Family_Only
10742,2,1,3,Expanded_Known_Family
3473,2,1,3,Expanded_Known_Family
7144,3,0,3,Potential_Novel_Family
7132,3,0,3,Potential_Novel_Family
7123,1,2,3,Expanded_Known_Family
7124,1,2,3,Expanded_Known_Family
7534,2,1,3,Expanded_Known_Family
1883,2,1,3,Expanded_Known_Family
3572,3,0,3,Potential_Novel_Family
3614,3,0,3,Potential_Novel_Family
6876,2,1,3,Expanded_Known_Family
6865,2,1,3,Expanded_Known_Family
3621,2,1,3,Expanded_Known_Family
11137,2,1,3,Expanded_Known_Family
1606,0,3,3,Known_Family_Only
7050,1,2,3,Expanded_Known_Family
7594,2,1,3,Expanded_Known_Family
3216,2,1,3,Expanded_Known_Family
7560,3,0,3,Potential_Novel_Family
7609,2,1,3,Expanded_Known_Family
7596,3,0,3,Potential_Novel_Family
3196,3,0,3,Potential_Novel_Family
11022,3,0,3,Potential_Novel_Family
11089,1,2,3,Expanded_Known_Family
11045,2,1,3,Expanded_Known_Family
11044,3,0,3,Potential_Novel_Family
11031,3,0,3,Potential_Novel_Family
1599,3,0,3,Potential_Novel_Family
10999,3,0,3,Potential_Novel_Family
11192,1,2,3,Expanded_Known_Family
10956,3,0,3,Potential_Novel_Family
1624,3,0,3,Potential_Novel_Family
10893,2,1,3,Expanded_Known_Family
7148,0,3,3,Known_Family_Only
6947,2,1,3,Expanded_Known_Family
3591,1,2,3,Expanded_Known_Family
6941,3,0,3,Potential_Novel_Family
6943,3,0,3,Potential_Novel_Family
3631,1,2,3,Expanded_Known_Family
6799,3,0,3,Potential_Novel_Family
1500,1,2,3,Expanded_Known_Family
1485,2,1,3,Expanded_Known_Family
1489,2,1,3,Expanded_Known_Family
11239,2,1,3,Expanded_Known_Family
11236,1,2,3,Expanded_Known_Family
1465,2,1,3,Expanded_Known_Family
1903,3,0,3,Potential_Novel_Family
10182,2,1,3,Expanded_Known_Family
10169,3,0,3,Potential_Novel_Family
3608,3,0,3,Potential_Novel_Family
6804,3,0,3,Potential_Novel_Family
6858,2,1,3,Expanded_Known_Family
6841,2,1,3,Expanded_Known_Family
3643,1,2,3,Expanded_Known_Family
3191,3,0,3,Potential_Novel_Family
7633,3,0,3,Potential_Novel_Family
3227,3,0,3,Potential_Novel_Family
7643,2,1,3,Expanded_Known_Family
3164,1,2,3,Expanded_Known_Family
3231,2,1,3,Expanded_Known_Family
10147,0,3,3,Known_Family_Only
10148,2,1,3,Expanded_Known_Family
11203,2,1,3,Expanded_Known_Family
11176,2,1,3,Expanded_Known_Family
1570,2,1,3,Expanded_Known_Family
6952,1,2,3,Expanded_Known_Family
10208,1,2,3,Expanded_Known_Family
1840,3,0,3,Potential_Novel_Family
3202,3,0,3,Potential_Novel_Family
3190,2,1,3,Expanded_Known_Family
1947,3,0,3,Potential_Novel_Family
1437,1,2,3,Expanded_Known_Family
6796,0,3,3,Known_Family_Only
6743,2,1,3,Expanded_Known_Family
6746,3,0,3,Potential_Novel_Family
3597,2,1,3,Expanded_Known_Family
3599,3,0,3,Potential_Novel_Family
1436,3,0,3,Potential_Novel_Family
7723,1,2,3,Expanded_Known_Family
3208,2,1,3,Expanded_Known_Family
7693,1,2,3,Expanded_Known_Family
7692,1,2,3,Expanded_Known_Family
7804,1,2,3,Expanded_Known_Family
10074,3,0,3,Potential_Novel_Family
1953,2,1,3,Expanded_Known_Family
1942,1,2,3,Expanded_Known_Family
1512,1,2,3,Expanded_Known_Family
6844,3,0,3,Potential_Novel_Family
1952,1,2,3,Expanded_Known_Family
10139,2,1,3,Expanded_Known_Family
10249,3,0,3,Potential_Novel_Family
7709,2,1,3,Expanded_Known_Family
3158,3,0,3,Potential_Novel_Family
7670,2,1,3,Expanded_Known_Family
11477,3,0,3,Potential_Novel_Family
11303,2,1,3,Expanded_Known_Family
1453,2,1,3,Expanded_Known_Family
11281,2,1,3,Expanded_Known_Family
11310,2,1,3,Expanded_Known_Family
11288,2,1,3,Expanded_Known_Family
1427,2,1,3,Expanded_Known_Family
1428,2,1,3,Expanded_Known_Family
3756,2,1,3,Expanded_Known_Family
3734,2,1,3,Expanded_Known_Family
6569,1,2,3,Expanded_Known_Family
3730,2,1,3,Expanded_Known_Family
6573,3,0,3,Potential_Novel_Family
3700,1,2,3,Expanded_Known_Family
6551,3,0,3,Potential_Novel_Family
11558,2,1,3,Expanded_Known_Family
1966,2,1,3,Expanded_Known_Family
10006,3,0,3,Potential_Novel_Family
2020,2,1,3,Expanded_Known_Family
9993,0,3,3,Known_Family_Only
1937,2,1,3,Expanded_Known_Family
3122,2,1,3,Expanded_Known_Family
7811,3,0,3,Potential_Novel_Family
6597,2,1,3,Expanded_Known_Family
6680,3,0,3,Potential_Novel_Family
11451,3,0,3,Potential_Novel_Family
1935,2,1,3,Expanded_Known_Family
10081,1,2,3,Expanded_Known_Family
1993,1,2,3,Expanded_Known_Family
10067,1,2,3,Expanded_Known_Family
10043,1,2,3,Expanded_Known_Family
10032,1,2,3,Expanded_Known_Family
6725,1,2,3,Expanded_Known_Family
6713,3,0,3,Potential_Novel_Family
6720,3,0,3,Potential_Novel_Family
6724,3,0,3,Potential_Novel_Family
3721,1,2,3,Expanded_Known_Family
3722,2,1,3,Expanded_Known_Family
6695,1,2,3,Expanded_Known_Family
6685,3,0,3,Potential_Novel_Family
3801,0,3,3,Known_Family_Only
3769,2,1,3,Expanded_Known_Family
3842,2,1,3,Expanded_Known_Family
3831,3,0,3,Potential_Novel_Family
11739,3,0,3,Potential_Novel_Family
1301,1,2,3,Expanded_Known_Family
1307,0,3,3,Known_Family_Only
1352,2,1,3,Expanded_Known_Family
3176,2,1,3,Expanded_Known_Family
3177,0,3,3,Known_Family_Only
3100,2,1,3,Expanded_Known_Family
9944,0,3,3,Known_Family_Only
9929,2,1,3,Expanded_Known_Family
9877,2,1,3,Expanded_Known_Family
2058,0,3,3,Known_Family_Only
3811,1,2,3,Expanded_Known_Family
3785,1,2,3,Expanded_Known_Family
3739,3,0,3,Potential_Novel_Family
11663,3,0,3,Potential_Novel_Family
11646,3,0,3,Potential_Novel_Family
1330,3,0,3,Potential_Novel_Family
11673,2,1,3,Expanded_Known_Family
1296,2,1,3,Expanded_Known_Family
7791,3,0,3,Potential_Novel_Family
11539,3,0,3,Potential_Novel_Family
1419,2,1,3,Expanded_Known_Family
11591,3,0,3,Potential_Novel_Family
11587,3,0,3,Potential_Novel_Family
11588,1,2,3,Expanded_Known_Family
1412,1,2,3,Expanded_Known_Family
3714,0,3,3,Known_Family_Only
1356,3,0,3,Potential_Novel_Family
9863,1,2,3,Expanded_Known_Family
6359,3,0,3,Potential_Novel_Family
6453,2,1,3,Expanded_Known_Family
6443,2,1,3,Expanded_Known_Family
6471,3,0,3,Potential_Novel_Family
6437,2,1,3,Expanded_Known_Family
6417,3,0,3,Potential_Novel_Family
6495,1,2,3,Expanded_Known_Family
7908,2,1,3,Expanded_Known_Family
7894,2,1,3,Expanded_Known_Family
3030,3,0,3,Potential_Novel_Family
3109,2,1,3,Expanded_Known_Family
9833,2,1,3,Expanded_Known_Family
2040,2,1,3,Expanded_Known_Family
2030,3,0,3,Potential_Novel_Family
2035,3,0,3,Potential_Novel_Family
11861,1,2,3,Expanded_Known_Family
11850,1,2,3,Expanded_Known_Family
11790,3,0,3,Potential_Novel_Family
3108,2,1,3,Expanded_Known_Family
3092,3,0,3,Potential_Novel_Family
7892,0,3,3,Known_Family_Only
3068,3,0,3,Potential_Novel_Family
7864,3,0,3,Potential_Novel_Family
1235,2,1,3,Expanded_Known_Family
11914,1,2,3,Expanded_Known_Family
11905,1,2,3,Expanded_Known_Family
11936,2,1,3,Expanded_Known_Family
1220,2,1,3,Expanded_Known_Family
1270,3,0,3,Potential_Novel_Family
11766,1,2,3,Expanded_Known_Family
11879,2,1,3,Expanded_Known_Family
9733,2,1,3,Expanded_Known_Family
9857,1,2,3,Expanded_Known_Family
9860,1,2,3,Expanded_Known_Family
9724,3,0,3,Potential_Novel_Family
1104,3,0,3,Potential_Novel_Family
3928,2,1,3,Expanded_Known_Family
6220,1,2,3,Expanded_Known_Family
6237,0,3,3,Known_Family_Only
1255,2,1,3,Expanded_Known_Family
1257,2,1,3,Expanded_Known_Family
9789,2,1,3,Expanded_Known_Family
9838,1,2,3,Expanded_Known_Family
2090,2,1,3,Expanded_Known_Family
2078,3,0,3,Potential_Novel_Family
9755,3,0,3,Potential_Novel_Family
2081,3,0,3,Potential_Novel_Family
6261,2,1,3,Expanded_Known_Family
1204,3,0,3,Potential_Novel_Family
1254,1,2,3,Expanded_Known_Family
1197,0,3,3,Known_Family_Only
1202,2,1,3,Expanded_Known_Family
1250,2,1,3,Expanded_Known_Family
12036,3,0,3,Potential_Novel_Family
12173,3,0,3,Potential_Novel_Family
6404,3,0,3,Potential_Novel_Family
6396,0,3,3,Known_Family_Only
6386,0,3,3,Known_Family_Only
1234,0,3,3,Known_Family_Only
6333,1,2,3,Expanded_Known_Family
6258,2,1,3,Expanded_Known_Family
6324,2,1,3,Expanded_Known_Family
6284,1,2,3,Expanded_Known_Family
2113,3,0,3,Potential_Novel_Family
2104,3,0,3,Potential_Novel_Family
9699,1,2,3,Expanded_Known_Family
1084,2,1,3,Expanded_Known_Family
1069,2,1,3,Expanded_Known_Family
12407,3,0,3,Potential_Novel_Family
1123,2,1,3,Expanded_Known_Family
12418,2,1,3,Expanded_Known_Family
12213,3,0,3,Potential_Novel_Family
1102,3,0,3,Potential_Novel_Family
3028,2,1,3,Expanded_Known_Family
3048,2,1,3,Expanded_Known_Family
3041,3,0,3,Potential_Novel_Family
3021,2,1,3,Expanded_Known_Family
3024,1,2,3,Expanded_Known_Family
3070,1,2,3,Expanded_Known_Family
3971,1,2,3,Expanded_Known_Family
6245,3,0,3,Potential_Novel_Family
6248,0,3,3,Known_Family_Only
12231,2,1,3,Expanded_Known_Family
12329,2,1,3,Expanded_Known_Family
12300,2,1,3,Expanded_Known_Family
12265,0,3,3,Known_Family_Only
12225,3,0,3,Potential_Novel_Family
1177,1,2,3,Expanded_Known_Family
12185,3,0,3,Potential_Novel_Family
12153,3,0,3,Potential_Novel_Family
1221,2,1,3,Expanded_Known_Family
12277,1,2,3,Expanded_Known_Family
12086,1,2,3,Expanded_Known_Family
3890,2,1,3,Expanded_Known_Family
6177,1,2,3,Expanded_Known_Family
1068,1,2,3,Expanded_Known_Family
1045,3,0,3,Potential_Novel_Family
12548,0,3,3,Known_Family_Only
12512,3,0,3,Potential_Novel_Family
1080,2,1,3,Expanded_Known_Family
12609,2,1,3,Expanded_Known_Family
1088,3,0,3,Potential_Novel_Family
1014,1,2,3,Expanded_Known_Family
2151,2,1,3,Expanded_Known_Family
2143,3,0,3,Potential_Novel_Family
9612,1,2,3,Expanded_Known_Family
9597,2,1,3,Expanded_Known_Family
9641,2,1,3,Expanded_Known_Family
9601,1,2,3,Expanded_Known_Family
12589,3,0,3,Potential_Novel_Family
12582,3,0,3,Potential_Novel_Family
4022,3,0,3,Potential_Novel_Family
6156,3,0,3,Potential_Novel_Family
3978,1,2,3,Expanded_Known_Family
3979,3,0,3,Potential_Novel_Family
4021,2,1,3,Expanded_Known_Family
12428,2,1,3,Expanded_Known_Family
9669,3,0,3,Potential_Novel_Family
9662,2,1,3,Expanded_Known_Family
12391,0,3,3,Known_Family_Only
1144,3,0,3,Potential_Novel_Family
1142,2,1,3,Expanded_Known_Family
3962,3,0,3,Potential_Novel_Family
4055,1,2,3,Expanded_Known_Family
6074,1,2,3,Expanded_Known_Family
3998,3,0,3,Potential_Novel_Family
3988,2,1,3,Expanded_Known_Family
2135,3,0,3,Potential_Novel_Family
2139,2,1,3,Expanded_Known_Family
1004,3,0,3,Potential_Novel_Family
4083,1,2,3,Expanded_Known_Family
5990,3,0,3,Potential_Novel_Family
5973,1,2,3,Expanded_Known_Family
12648,1,2,3,Expanded_Known_Family
12680,3,0,3,Potential_Novel_Family
7972,0,3,3,Known_Family_Only
9566,0,3,3,Known_Family_Only
2182,1,2,3,Expanded_Known_Family
2187,3,0,3,Potential_Novel_Family
2174,1,2,3,Expanded_Known_Family
2175,0,3,3,Known_Family_Only
9575,1,2,3,Expanded_Known_Family
9521,1,2,3,Expanded_Known_Family
6043,3,0,3,Potential_Novel_Family
6026,1,2,3,Expanded_Known_Family
6027,3,0,3,Potential_Novel_Family
6120,2,1,3,Expanded_Known_Family
6007,0,3,3,Known_Family_Only
6002,2,1,3,Expanded_Known_Family
12586,2,1,3,Expanded_Known_Family
7977,0,3,3,Known_Family_Only
12642,3,0,3,Potential_Novel_Family
12643,3,0,3,Potential_Novel_Family
12745,3,0,3,Potential_Novel_Family
12736,2,1,3,Expanded_Known_Family
1033,1,2,3,Expanded_Known_Family
6006,3,0,3,Potential_Novel_Family
6038,3,0,3,Potential_Novel_Family
6040,2,1,3,Expanded_Known_Family
2989,3,0,3,Potential_Novel_Family
8031,0,3,3,Known_Family_Only
2931,2,1,3,Expanded_Known_Family
8124,0,3,3,Known_Family_Only
12879,2,1,3,Expanded_Known_Family
823,2,1,3,Expanded_Known_Family
5830,0,3,3,Known_Family_Only
4217,2,1,3,Expanded_Known_Family
5862,3,0,3,Potential_Novel_Family
5842,1,2,3,Expanded_Known_Family
917,1,2,3,Expanded_Known_Family
921,3,0,3,Potential_Novel_Family
924,2,1,3,Expanded_Known_Family
12809,1,2,3,Expanded_Known_Family
8037,3,0,3,Potential_Novel_Family
3002,3,0,3,Potential_Novel_Family
12728,3,0,3,Potential_Novel_Family
992,1,2,3,Expanded_Known_Family
12703,1,2,3,Expanded_Known_Family
12805,2,1,3,Expanded_Known_Family
12817,3,0,3,Potential_Novel_Family
4172,3,0,3,Potential_Novel_Family
5859,2,1,3,Expanded_Known_Family
4191,3,0,3,Potential_Novel_Family
5915,3,0,3,Potential_Novel_Family
4122,1,2,3,Expanded_Known_Family
5887,3,0,3,Potential_Novel_Family
5934,3,0,3,Potential_Novel_Family
5875,1,2,3,Expanded_Known_Family
4085,3,0,3,Potential_Novel_Family
5890,1,2,3,Expanded_Known_Family
12719,3,0,3,Potential_Novel_Family
9439,2,1,3,Expanded_Known_Family
9422,2,1,3,Expanded_Known_Family
2228,3,0,3,Potential_Novel_Family
841,2,1,3,Expanded_Known_Family
12967,2,1,3,Expanded_Known_Family
12968,1,2,3,Expanded_Known_Family
755,1,2,3,Expanded_Known_Family
12948,3,0,3,Potential_Novel_Family
8084,2,1,3,Expanded_Known_Family
8188,2,1,3,Expanded_Known_Family
8165,3,0,3,Potential_Novel_Family
2907,1,2,3,Expanded_Known_Family
8144,0,3,3,Known_Family_Only
8148,2,1,3,Expanded_Known_Family
2946,0,3,3,Known_Family_Only
2942,3,0,3,Potential_Novel_Family
5790,1,2,3,Expanded_Known_Family
4248,2,1,3,Expanded_Known_Family
5774,3,0,3,Potential_Novel_Family
862,3,0,3,Potential_Novel_Family
866,2,1,3,Expanded_Known_Family
904,1,2,3,Expanded_Known_Family
899,2,1,3,Expanded_Known_Family
8083,1,2,3,Expanded_Known_Family
4159,2,1,3,Expanded_Known_Family
890,1,2,3,Expanded_Known_Family
883,0,3,3,Known_Family_Only
938,3,0,3,Potential_Novel_Family
12847,3,0,3,Potential_Novel_Family
12839,3,0,3,Potential_Novel_Family
858,3,0,3,Potential_Novel_Family
845,0,3,3,Known_Family_Only
2211,0,3,3,Known_Family_Only
2256,0,3,3,Known_Family_Only
9362,3,0,3,Potential_Novel_Family
9349,1,2,3,Expanded_Known_Family
9354,1,2,3,Expanded_Known_Family
13112,3,0,3,Potential_Novel_Family
13101,2,1,3,Expanded_Known_Family
757,3,0,3,Potential_Novel_Family
12983,3,0,3,Potential_Novel_Family
796,1,2,3,Expanded_Known_Family
788,3,0,3,Potential_Novel_Family
13001,1,2,3,Expanded_Known_Family
838,2,1,3,Expanded_Known_Family
9472,1,2,3,Expanded_Known_Family
9408,2,1,3,Expanded_Known_Family
9454,2,1,3,Expanded_Known_Family
4276,1,2,3,Expanded_Known_Family
5701,2,1,3,Expanded_Known_Family
4360,3,0,3,Potential_Novel_Family
4284,0,3,3,Known_Family_Only
5708,2,1,3,Expanded_Known_Family
5656,1,2,3,Expanded_Known_Family
5757,3,0,3,Potential_Novel_Family
5653,1,2,3,Expanded_Known_Family
4239,2,1,3,Expanded_Known_Family
5724,0,3,3,Known_Family_Only
5751,1,2,3,Expanded_Known_Family
5741,2,1,3,Expanded_Known_Family
5742,3,0,3,Potential_Novel_Family
4293,2,1,3,Expanded_Known_Family
818,1,2,3,Expanded_Known_Family
831,2,1,3,Expanded_Known_Family
5587,2,1,3,Expanded_Known_Family
4387,3,0,3,Potential_Novel_Family
4374,1,2,3,Expanded_Known_Family
5560,1,2,3,Expanded_Known_Family
5561,3,0,3,Potential_Novel_Family
13107,2,1,3,Expanded_Known_Family
4366,2,1,3,Expanded_Known_Family
5545,0,3,3,Known_Family_Only
2287,2,1,3,Expanded_Known_Family
746,1,2,3,Expanded_Known_Family
747,2,1,3,Expanded_Known_Family
4345,3,0,3,Potential_Novel_Family
5605,3,0,3,Potential_Novel_Family
5607,1,2,3,Expanded_Known_Family
5552,1,2,3,Expanded_Known_Family
5582,2,1,3,Expanded_Known_Family
2867,2,1,3,Expanded_Known_Family
2868,3,0,3,Potential_Novel_Family
8244,2,1,3,Expanded_Known_Family
8220,3,0,3,Potential_Novel_Family
2923,2,1,3,Expanded_Known_Family
2912,0,3,3,Known_Family_Only
2295,2,1,3,Expanded_Known_Family
9297,2,1,3,Expanded_Known_Family
13098,2,1,3,Expanded_Known_Family
13088,2,1,3,Expanded_Known_Family
13226,2,1,3,Expanded_Known_Family
759,1,2,3,Expanded_Known_Family
13056,1,2,3,Expanded_Known_Family
810,2,1,3,Expanded_Known_Family
4323,1,2,3,Expanded_Known_Family
9328,3,0,3,Potential_Novel_Family
13284,2,1,3,Expanded_Known_Family
662,0,3,3,Known_Family_Only
705,2,1,3,Expanded_Known_Family
13232,2,1,3,Expanded_Known_Family
5531,1,2,3,Expanded_Known_Family
4380,3,0,3,Potential_Novel_Family
13330,2,1,3,Expanded_Known_Family
5443,1,2,3,Expanded_Known_Family
8270,3,0,3,Potential_Novel_Family
2878,3,0,3,Potential_Novel_Family
2327,0,3,3,Known_Family_Only
9233,1,2,3,Expanded_Known_Family
9292,3,0,3,Potential_Novel_Family
625,2,1,3,Expanded_Known_Family
596,1,2,3,Expanded_Known_Family
13295,3,0,3,Potential_Novel_Family
13152,1,2,3,Expanded_Known_Family
13146,3,0,3,Potential_Novel_Family
13199,3,0,3,Potential_Novel_Family
13177,0,3,3,Known_Family_Only
2336,3,0,3,Potential_Novel_Family
9304,3,0,3,Potential_Novel_Family
8310,1,2,3,Expanded_Known_Family
8306,1,2,3,Expanded_Known_Family
5487,3,0,3,Potential_Novel_Family
5539,2,1,3,Expanded_Known_Family
5540,0,3,3,Known_Family_Only
5528,0,3,3,Known_Family_Only
5516,2,1,3,Expanded_Known_Family
13203,2,1,3,Expanded_Known_Family
687,1,2,3,Expanded_Known_Family
690,3,0,3,Potential_Novel_Family
597,2,1,3,Expanded_Known_Family
598,3,0,3,Potential_Novel_Family
13420,2,1,3,Expanded_Known_Family
618,2,1,3,Expanded_Known_Family
13372,1,2,3,Expanded_Known_Family
600,0,3,3,Known_Family_Only
13366,1,2,3,Expanded_Known_Family
13361,3,0,3,Potential_Novel_Family
8344,3,0,3,Potential_Novel_Family
8396,2,1,3,Expanded_Known_Family
8386,3,0,3,Potential_Novel_Family
8469,3,0,3,Potential_Novel_Family
2362,0,3,3,Known_Family_Only
9165,2,1,3,Expanded_Known_Family
13391,1,2,3,Expanded_Known_Family
567,0,3,3,Known_Family_Only
13312,3,0,3,Potential_Novel_Family
679,3,0,3,Potential_Novel_Family
2372,1,2,3,Expanded_Known_Family
9245,3,0,3,Potential_Novel_Family
2299,2,1,3,Expanded_Known_Family
2300,0,3,3,Known_Family_Only
8376,2,1,3,Expanded_Known_Family
8354,1,2,3,Expanded_Known_Family
5431,2,1,3,Expanded_Known_Family
4412,2,1,3,Expanded_Known_Family
5477,3,0,3,Potential_Novel_Family
5441,1,2,3,Expanded_Known_Family
5404,0,3,3,Known_Family_Only
5432,2,1,3,Expanded_Known_Family
5427,2,1,3,Expanded_Known_Family
5413,3,0,3,Potential_Novel_Family
9082,2,1,3,Expanded_Known_Family
4468,3,0,3,Potential_Novel_Family
5336,3,0,3,Potential_Novel_Family
5327,3,0,3,Potential_Novel_Family
4521,3,0,3,Potential_Novel_Family
4509,3,0,3,Potential_Novel_Family
5307,3,0,3,Potential_Novel_Family
5299,2,1,3,Expanded_Known_Family
2386,2,1,3,Expanded_Known_Family
9146,2,1,3,Expanded_Known_Family
9127,3,0,3,Potential_Novel_Family
9130,1,2,3,Expanded_Known_Family
2434,1,2,3,Expanded_Known_Family
2423,2,1,3,Expanded_Known_Family
9107,3,0,3,Potential_Novel_Family
2356,3,0,3,Potential_Novel_Family
5484,3,0,3,Potential_Novel_Family
4486,3,0,3,Potential_Novel_Family
4490,2,1,3,Expanded_Known_Family
571,1,2,3,Expanded_Known_Family
9218,0,3,3,Known_Family_Only
2390,2,1,3,Expanded_Known_Family
2393,2,1,3,Expanded_Known_Family
2385,3,0,3,Potential_Novel_Family
13362,1,2,3,Expanded_Known_Family
13351,3,0,3,Potential_Novel_Family
13461,3,0,3,Potential_Novel_Family
13428,2,1,3,Expanded_Known_Family
501,2,1,3,Expanded_Known_Family
5395,2,1,3,Expanded_Known_Family
4458,1,2,3,Expanded_Known_Family
5359,0,3,3,Known_Family_Only
4581,1,2,3,Expanded_Known_Family
5208,0,3,3,Known_Family_Only
5204,2,1,3,Expanded_Known_Family
5310,3,0,3,Potential_Novel_Family
5313,1,2,3,Expanded_Known_Family
4575,3,0,3,Potential_Novel_Family
444,0,3,3,Known_Family_Only
13625,2,1,3,Expanded_Known_Family
8452,3,0,3,Potential_Novel_Family
8413,3,0,3,Potential_Novel_Family
9055,2,1,3,Expanded_Known_Family
9057,2,1,3,Expanded_Known_Family
9052,2,1,3,Expanded_Known_Family
9039,1,2,3,Expanded_Known_Family
9041,1,2,3,Expanded_Known_Family
5258,1,2,3,Expanded_Known_Family
13529,0,3,3,Known_Family_Only
462,3,0,3,Potential_Novel_Family
523,2,1,3,Expanded_Known_Family
518,3,0,3,Potential_Novel_Family
5324,2,1,3,Expanded_Known_Family
8438,2,1,3,Expanded_Known_Family
8488,1,2,3,Expanded_Known_Family
8491,2,1,3,Expanded_Known_Family
5264,2,1,3,Expanded_Known_Family
5352,2,1,3,Expanded_Known_Family
4541,1,2,3,Expanded_Known_Family
524,2,1,3,Expanded_Known_Family
511,2,1,3,Expanded_Known_Family
513,2,1,3,Expanded_Known_Family
547,1,2,3,Expanded_Known_Family
13589,2,1,3,Expanded_Known_Family
8976,3,0,3,Potential_Novel_Family
9010,3,0,3,Potential_Novel_Family
2415,3,0,3,Potential_Novel_Family
340,1,2,3,Expanded_Known_Family
13791,3,0,3,Potential_Novel_Family
384,2,1,3,Expanded_Known_Family
366,2,1,3,Expanded_Known_Family
428,2,1,3,Expanded_Known_Family
2795,2,1,3,Expanded_Known_Family
2773,1,2,3,Expanded_Known_Family
8507,3,0,3,Potential_Novel_Family
2781,2,1,3,Expanded_Known_Family
2784,3,0,3,Potential_Novel_Family
9007,0,3,3,Known_Family_Only
2450,2,1,3,Expanded_Known_Family
9019,2,1,3,Expanded_Known_Family
13666,2,1,3,Expanded_Known_Family
13658,3,0,3,Potential_Novel_Family
13769,1,2,3,Expanded_Known_Family
448,1,2,3,Expanded_Known_Family
9153,2,1,3,Expanded_Known_Family
8512,1,2,3,Expanded_Known_Family
8516,3,0,3,Potential_Novel_Family
2790,3,0,3,Potential_Novel_Family
13613,3,0,3,Potential_Novel_Family
4558,1,2,3,Expanded_Known_Family
4614,0,3,3,Known_Family_Only
5189,3,0,3,Potential_Novel_Family
4594,3,0,3,Potential_Novel_Family
5180,1,2,3,Expanded_Known_Family
458,3,0,3,Potential_Novel_Family
440,3,0,3,Potential_Novel_Family
2534,2,1,3,Expanded_Known_Family
9034,3,0,3,Potential_Novel_Family
8923,2,1,3,Expanded_Known_Family
8915,2,1,3,Expanded_Known_Family
284,3,0,3,Potential_Novel_Family
270,2,1,3,Expanded_Known_Family
328,3,0,3,Potential_Novel_Family
353,2,1,3,Expanded_Known_Family
8553,2,1,3,Expanded_Known_Family
8545,3,0,3,Potential_Novel_Family
8535,2,1,3,Expanded_Known_Family
8618,1,2,3,Expanded_Known_Family
2763,1,2,3,Expanded_Known_Family
2503,3,0,3,Potential_Novel_Family
2508,3,0,3,Potential_Novel_Family
2482,3,0,3,Potential_Novel_Family
4562,2,1,3,Expanded_Known_Family
4564,1,2,3,Expanded_Known_Family
5078,2,1,3,Expanded_Known_Family
13799,1,2,3,Expanded_Known_Family
13804,3,0,3,Potential_Novel_Family
342,2,1,3,Expanded_Known_Family
2417,0,3,3,Known_Family_Only
8556,3,0,3,Potential_Novel_Family
13692,2,1,3,Expanded_Known_Family
424,1,2,3,Expanded_Known_Family
5188,3,0,3,Potential_Novel_Family
5122,3,0,3,Potential_Novel_Family
5157,1,2,3,Expanded_Known_Family
5138,2,1,3,Expanded_Known_Family
5127,2,1,3,Expanded_Known_Family
5093,1,2,3,Expanded_Known_Family
8884,2,1,3,Expanded_Known_Family
2489,3,0,3,Potential_Novel_Family
2549,3,0,3,Potential_Novel_Family
8680,2,1,3,Expanded_Known_Family
186,3,0,3,Potential_Novel_Family
13989,1,2,3,Expanded_Known_Family
224,3,0,3,Potential_Novel_Family
226,1,2,3,Expanded_Known_Family
13887,1,2,3,Expanded_Known_Family
13841,2,1,3,Expanded_Known_Family
13875,1,2,3,Expanded_Known_Family
8595,3,0,3,Potential_Novel_Family
8596,0,3,3,Known_Family_Only
2722,3,0,3,Potential_Novel_Family
2647,2,1,3,Expanded_Known_Family
2539,2,1,3,Expanded_Known_Family
13842,2,1,3,Expanded_Known_Family
293,3,0,3,Potential_Novel_Family
294,1,2,3,Expanded_Known_Family
291,1,2,3,Expanded_Known_Family
4986,3,0,3,Potential_Novel_Family
4711,3,0,3,Potential_Novel_Family
5004,3,0,3,Potential_Novel_Family
4989,2,1,3,Expanded_Known_Family
300,1,2,3,Expanded_Known_Family
13863,2,1,3,Expanded_Known_Family
13855,2,1,3,Expanded_Known_Family
13849,2,1,3,Expanded_Known_Family
5067,2,1,3,Expanded_Known_Family
5049,1,2,3,Expanded_Known_Family
4663,3,0,3,Potential_Novel_Family
5050,2,1,3,Expanded_Known_Family
8759,2,1,3,Expanded_Known_Family
8700,3,0,3,Potential_Novel_Family
8685,0,3,3,Known_Family_Only
2583,2,1,3,Expanded_Known_Family
2619,1,2,3,Expanded_Known_Family
1,0,3,3,Known_Family_Only
14331,1,2,3,Expanded_Known_Family
10617,1,2,3,Expanded_Known_Family
14038,2,1,3,Expanded_Known_Family
118,3,0,3,Potential_Novel_Family
123,2,1,3,Expanded_Known_Family
14027,3,0,3,Potential_Novel_Family
8736,1,2,3,Expanded_Known_Family
2607,3,0,3,Potential_Novel_Family
8773,3,0,3,Potential_Novel_Family
8704,2,1,3,Expanded_Known_Family
15,1,2,3,Expanded_Known_Family
85,2,1,3,Expanded_Known_Family
88,3,0,3,Potential_Novel_Family
77,2,1,3,Expanded_Known_Family
82,1,2,3,Expanded_Known_Family
84,2,1,3,Expanded_Known_Family
14082,2,1,3,Expanded_Known_Family
137,0,3,3,Known_Family_Only
14002,3,0,3,Potential_Novel_Family
155,3,0,3,Potential_Novel_Family
172,1,2,3,Expanded_Known_Family
147,1,2,3,Expanded_Known_Family
152,1,2,3,Expanded_Known_Family
142,2,1,3,Expanded_Known_Family
4906,3,0,3,Potential_Novel_Family
14,1,2,3,Expanded_Known_Family
3278,3,0,3,Potential_Novel_Family
10680,3,0,3,Potential_Novel_Family
1724,2,1,3,Expanded_Known_Family
10793,2,1,3,Expanded_Known_Family
7356,3,0,3,Potential_Novel_Family
7384,3,0,3,Potential_Novel_Family
3393,1,2,3,Expanded_Known_Family
7362,0,3,3,Known_Family_Only
10416,2,1,3,Expanded_Known_Family
10420,1,2,3,Expanded_Known_Family
1824,2,1,3,Expanded_Known_Family
10431,1,2,3,Expanded_Known_Family
10422,3,0,3,Potential_Novel_Family
1834,1,2,3,Expanded_Known_Family
1835,2,1,3,Expanded_Known_Family
3291,2,1,3,Expanded_Known_Family
1790,3,0,3,Potential_Novel_Family
1799,0,3,3,Known_Family_Only
1802,2,1,3,Expanded_Known_Family
1803,2,1,3,Expanded_Known_Family
1804,1,2,3,Expanded_Known_Family
3335,3,0,3,Potential_Novel_Family
3337,1,2,3,Expanded_Known_Family
3329,2,1,3,Expanded_Known_Family
10574,2,1,3,Expanded_Known_Family
1692,3,0,3,Potential_Novel_Family
1682,2,1,3,Expanded_Known_Family
10541,3,0,3,Potential_Novel_Family
10501,3,0,3,Potential_Novel_Family
1751,1,2,3,Expanded_Known_Family
1754,2,1,3,Expanded_Known_Family
1744,0,3,3,Known_Family_Only
14245,2,0,2,Potential_Novel_Family
64,1,1,2,Expanded_Known_Family
4804,2,0,2,Potential_Novel_Family
4791,2,0,2,Potential_Novel_Family
14311,2,0,2,Potential_Novel_Family
14308,2,0,2,Potential_Novel_Family
4830,2,0,2,Potential_Novel_Family
4834,1,1,2,Expanded_Known_Family
4815,2,0,2,Potential_Novel_Family
4807,1,1,2,Expanded_Known_Family
181,1,1,2,Expanded_Known_Family
143,2,0,2,Potential_Novel_Family
148,1,1,2,Expanded_Known_Family
163,1,1,2,Expanded_Known_Family
150,1,1,2,Expanded_Known_Family
151,2,0,2,Potential_Novel_Family
154,0,2,2,Known_Family_Only
78,1,1,2,Expanded_Known_Family
4938,2,0,2,Potential_Novel_Family
4926,2,0,2,Potential_Novel_Family
110,0,2,2,Known_Family_Only
111,1,1,2,Expanded_Known_Family
200,1,1,2,Expanded_Known_Family
204,1,1,2,Expanded_Known_Family
190,1,1,2,Expanded_Known_Family
196,2,0,2,Potential_Novel_Family
4882,0,2,2,Known_Family_Only
4919,1,1,2,Expanded_Known_Family
4913,0,2,2,Known_Family_Only
4902,0,2,2,Known_Family_Only
4905,2,0,2,Potential_Novel_Family
4908,2,0,2,Potential_Novel_Family
4721,2,0,2,Potential_Novel_Family
4934,2,0,2,Potential_Novel_Family
4780,0,2,2,Known_Family_Only
4768,0,2,2,Known_Family_Only
4771,1,1,2,Expanded_Known_Family
4894,1,1,2,Expanded_Known_Family
4899,1,1,2,Expanded_Known_Family
4900,1,1,2,Expanded_Known_Family
4886,1,1,2,Expanded_Known_Family
4879,0,2,2,Known_Family_Only
2592,1,1,2,Expanded_Known_Family
8835,2,0,2,Potential_Novel_Family
8821,2,0,2,Potential_Novel_Family
8824,1,1,2,Expanded_Known_Family
8815,2,0,2,Potential_Novel_Family
8818,2,0,2,Potential_Novel_Family
8847,2,0,2,Potential_Novel_Family
8840,2,0,2,Potential_Novel_Family
8752,1,1,2,Expanded_Known_Family
8756,2,0,2,Potential_Novel_Family
8747,1,1,2,Expanded_Known_Family
8775,1,1,2,Expanded_Known_Family
2597,1,1,2,Expanded_Known_Family
2603,2,0,2,Potential_Novel_Family
2590,0,2,2,Known_Family_Only
2591,1,1,2,Expanded_Known_Family
8706,1,1,2,Expanded_Known_Family
2661,2,0,2,Potential_Novel_Family
8728,2,0,2,Potential_Novel_Family
8729,2,0,2,Potential_Novel_Family
8713,2,0,2,Potential_Novel_Family
8715,1,1,2,Expanded_Known_Family
8762,2,0,2,Potential_Novel_Family
8751,1,1,2,Expanded_Known_Family
2580,2,0,2,Potential_Novel_Family
8811,1,1,2,Expanded_Known_Family
8801,2,0,2,Potential_Novel_Family
8803,1,1,2,Expanded_Known_Family
8789,2,0,2,Potential_Novel_Family
2595,1,1,2,Expanded_Known_Family
2596,2,0,2,Potential_Novel_Family
2588,1,1,2,Expanded_Known_Family
2513,1,1,2,Expanded_Known_Family
8894,2,0,2,Potential_Novel_Family
8895,0,2,2,Known_Family_Only
8897,2,0,2,Potential_Novel_Family
8885,1,1,2,Expanded_Known_Family
8878,2,0,2,Potential_Novel_Family
2537,0,2,2,Known_Family_Only
2538,0,2,2,Known_Family_Only
8645,2,0,2,Potential_Novel_Family
2561,1,1,2,Expanded_Known_Family
2563,2,0,2,Potential_Novel_Family
8880,2,0,2,Potential_Novel_Family
8883,2,0,2,Potential_Novel_Family
2565,2,0,2,Potential_Novel_Family
2568,2,0,2,Potential_Novel_Family
2523,0,2,2,Known_Family_Only
2679,2,0,2,Potential_Novel_Family
8629,1,1,2,Expanded_Known_Family
8630,0,2,2,Known_Family_Only
8631,2,0,2,Potential_Novel_Family
8624,1,1,2,Expanded_Known_Family
2652,2,0,2,Potential_Novel_Family
2641,1,1,2,Expanded_Known_Family
8677,1,1,2,Expanded_Known_Family
8830,2,0,2,Potential_Novel_Family
8834,0,2,2,Known_Family_Only
2556,2,0,2,Potential_Novel_Family
2541,1,1,2,Expanded_Known_Family
8778,1,1,2,Expanded_Known_Family
2696,2,0,2,Potential_Novel_Family
2690,1,1,2,Expanded_Known_Family
2691,1,1,2,Expanded_Known_Family
8928,2,0,2,Potential_Novel_Family
8932,1,1,2,Expanded_Known_Family
8917,0,2,2,Known_Family_Only
2477,2,0,2,Potential_Novel_Family
8966,2,0,2,Potential_Novel_Family
8967,1,1,2,Expanded_Known_Family
8969,1,1,2,Expanded_Known_Family
8963,1,1,2,Expanded_Known_Family
9025,2,0,2,Potential_Novel_Family
8910,1,1,2,Expanded_Known_Family
8916,1,1,2,Expanded_Known_Family
2533,2,0,2,Potential_Novel_Family
8942,2,0,2,Potential_Novel_Family
8943,2,0,2,Potential_Novel_Family
8933,2,0,2,Potential_Novel_Family
8937,1,1,2,Expanded_Known_Family
8558,1,1,2,Expanded_Known_Family
2727,1,1,2,Expanded_Known_Family
8598,2,0,2,Potential_Novel_Family
8582,2,0,2,Potential_Novel_Family
8586,1,1,2,Expanded_Known_Family
8574,0,2,2,Known_Family_Only
2670,1,1,2,Expanded_Known_Family
2673,1,1,2,Expanded_Known_Family
2645,1,1,2,Expanded_Known_Family
2732,2,0,2,Potential_Novel_Family
2721,2,0,2,Potential_Novel_Family
8579,1,1,2,Expanded_Known_Family
8565,1,1,2,Expanded_Known_Family
8568,1,1,2,Expanded_Known_Family
8570,1,1,2,Expanded_Known_Family
8572,1,1,2,Expanded_Known_Family
8984,1,1,2,Expanded_Known_Family
8985,1,1,2,Expanded_Known_Family
9009,1,1,2,Expanded_Known_Family
9012,2,0,2,Potential_Novel_Family
8998,2,0,2,Potential_Novel_Family
8999,2,0,2,Potential_Novel_Family
9000,2,0,2,Potential_Novel_Family
8990,2,0,2,Potential_Novel_Family
8542,1,1,2,Expanded_Known_Family
8543,2,0,2,Potential_Novel_Family
2709,0,2,2,Known_Family_Only
2711,1,1,2,Expanded_Known_Family
2712,1,1,2,Expanded_Known_Family
2713,2,0,2,Potential_Novel_Family
2716,0,2,2,Known_Family_Only
8981,2,0,2,Potential_Novel_Family
8534,1,1,2,Expanded_Known_Family
8537,2,0,2,Potential_Novel_Family
8539,2,0,2,Potential_Novel_Family
8540,0,2,2,Known_Family_Only
8525,0,2,2,Known_Family_Only
8549,1,1,2,Expanded_Known_Family
8551,1,1,2,Expanded_Known_Family
8552,2,0,2,Potential_Novel_Family
2504,0,2,2,Known_Family_Only
2497,1,1,2,Expanded_Known_Family
2485,0,2,2,Known_Family_Only
8614,1,1,2,Expanded_Known_Family
8615,2,0,2,Potential_Novel_Family
2757,1,1,2,Expanded_Known_Family
2749,2,0,2,Potential_Novel_Family
2752,1,1,2,Expanded_Known_Family
2468,2,0,2,Potential_Novel_Family
2454,2,0,2,Potential_Novel_Family
2456,1,1,2,Expanded_Known_Family
2460,2,0,2,Potential_Novel_Family
2445,2,0,2,Potential_Novel_Family
9037,1,1,2,Expanded_Known_Family
2469,2,0,2,Potential_Novel_Family
2475,2,0,2,Potential_Novel_Family
8521,0,2,2,Known_Family_Only
8524,1,1,2,Expanded_Known_Family
8511,2,0,2,Potential_Novel_Family
2754,1,1,2,Expanded_Known_Family
2756,0,2,2,Known_Family_Only
9151,0,2,2,Known_Family_Only
9144,2,0,2,Potential_Novel_Family
2465,0,2,2,Known_Family_Only
2787,2,0,2,Potential_Novel_Family
2768,1,1,2,Expanded_Known_Family
8501,1,1,2,Expanded_Known_Family
8506,2,0,2,Potential_Novel_Family
8508,0,2,2,Known_Family_Only
2796,0,2,2,Known_Family_Only
2739,1,1,2,Expanded_Known_Family
8517,2,0,2,Potential_Novel_Family
8992,1,1,2,Expanded_Known_Family
9028,1,1,2,Expanded_Known_Family
9014,1,1,2,Expanded_Known_Family
9005,1,1,2,Expanded_Known_Family
2448,1,1,2,Expanded_Known_Family
2702,2,0,2,Potential_Novel_Family
2708,2,0,2,Potential_Novel_Family
2786,2,0,2,Potential_Novel_Family
9079,0,2,2,Known_Family_Only
9080,2,0,2,Potential_Novel_Family
9126,2,0,2,Potential_Novel_Family
9118,2,0,2,Potential_Novel_Family
9157,2,0,2,Potential_Novel_Family
9162,2,0,2,Potential_Novel_Family
2321,2,0,2,Potential_Novel_Family
9288,2,0,2,Potential_Novel_Family
8439,2,0,2,Potential_Novel_Family
8487,1,1,2,Expanded_Known_Family
9221,1,1,2,Expanded_Known_Family
9075,0,2,2,Known_Family_Only
2439,1,1,2,Expanded_Known_Family
2444,0,2,2,Known_Family_Only
2436,1,1,2,Expanded_Known_Family
9077,0,2,2,Known_Family_Only
8399,1,1,2,Expanded_Known_Family
8404,2,0,2,Potential_Novel_Family
2822,0,2,2,Known_Family_Only
8408,2,0,2,Potential_Novel_Family
8412,2,0,2,Potential_Novel_Family
8398,2,0,2,Potential_Novel_Family
8467,1,1,2,Expanded_Known_Family
8450,2,0,2,Potential_Novel_Family
2418,2,0,2,Potential_Novel_Family
9063,1,1,2,Expanded_Known_Family
9065,0,2,2,Known_Family_Only
9068,1,1,2,Expanded_Known_Family
2426,2,0,2,Potential_Novel_Family
2428,0,2,2,Known_Family_Only
2733,0,2,2,Known_Family_Only
2735,0,2,2,Known_Family_Only
8373,2,0,2,Potential_Novel_Family
8375,2,0,2,Potential_Novel_Family
2811,0,2,2,Known_Family_Only
2797,0,2,2,Known_Family_Only
2801,1,1,2,Expanded_Known_Family
2285,1,1,2,Expanded_Known_Family
2374,1,1,2,Expanded_Known_Family
2370,0,2,2,Known_Family_Only
2854,1,1,2,Expanded_Known_Family
2855,0,2,2,Known_Family_Only
2860,0,2,2,Known_Family_Only
2846,2,0,2,Potential_Novel_Family
8367,2,0,2,Potential_Novel_Family
8345,0,2,2,Known_Family_Only
8391,1,1,2,Expanded_Known_Family
8381,1,1,2,Expanded_Known_Family
9205,1,1,2,Expanded_Known_Family
9211,1,1,2,Expanded_Known_Family
2360,2,0,2,Potential_Novel_Family
2351,1,1,2,Expanded_Known_Family
8484,2,0,2,Potential_Novel_Family
8476,1,1,2,Expanded_Known_Family
8346,2,0,2,Potential_Novel_Family
8334,1,1,2,Expanded_Known_Family
2397,1,1,2,Expanded_Known_Family
2399,2,0,2,Potential_Novel_Family
2400,2,0,2,Potential_Novel_Family
2403,0,2,2,Known_Family_Only
9194,1,1,2,Expanded_Known_Family
9222,1,1,2,Expanded_Known_Family
9213,1,1,2,Expanded_Known_Family
9217,1,1,2,Expanded_Known_Family
8299,1,1,2,Expanded_Known_Family
8287,2,0,2,Potential_Novel_Family
2838,2,0,2,Potential_Novel_Family
2840,0,2,2,Known_Family_Only
2268,2,0,2,Potential_Novel_Family
9300,2,0,2,Potential_Novel_Family
2346,2,0,2,Potential_Novel_Family
2347,0,2,2,Known_Family_Only
2875,1,1,2,Expanded_Known_Family
8280,2,0,2,Potential_Novel_Family
8283,1,1,2,Expanded_Known_Family
8275,1,1,2,Expanded_Known_Family
2889,1,1,2,Expanded_Known_Family
2890,1,1,2,Expanded_Known_Family
8301,2,0,2,Potential_Novel_Family
8298,1,1,2,Expanded_Known_Family
2318,2,0,2,Potential_Novel_Family
2804,2,0,2,Potential_Novel_Family
2892,1,1,2,Expanded_Known_Family
2877,1,1,2,Expanded_Known_Family
2881,1,1,2,Expanded_Known_Family
2882,2,0,2,Potential_Novel_Family
2873,0,2,2,Known_Family_Only
2874,1,1,2,Expanded_Known_Family
9247,1,1,2,Expanded_Known_Family
9237,1,1,2,Expanded_Known_Family
9240,0,2,2,Known_Family_Only
9241,1,1,2,Expanded_Known_Family
9270,1,1,2,Expanded_Known_Family
9271,1,1,2,Expanded_Known_Family
9274,1,1,2,Expanded_Known_Family
9261,0,2,2,Known_Family_Only
9465,2,0,2,Potential_Novel_Family
9468,1,1,2,Expanded_Known_Family
9334,0,2,2,Known_Family_Only
2312,2,0,2,Potential_Novel_Family
9351,1,1,2,Expanded_Known_Family
9333,2,0,2,Potential_Novel_Family
2258,0,2,2,Known_Family_Only
2259,1,1,2,Expanded_Known_Family
2921,1,1,2,Expanded_Known_Family
8247,2,0,2,Potential_Novel_Family
8237,1,1,2,Expanded_Known_Family
8231,2,0,2,Potential_Novel_Family
8232,2,0,2,Potential_Novel_Family
8235,0,2,2,Known_Family_Only
2864,2,0,2,Potential_Novel_Family
9463,2,0,2,Potential_Novel_Family
2307,0,2,2,Known_Family_Only
8322,0,2,2,Known_Family_Only
8323,1,1,2,Expanded_Known_Family
2922,2,0,2,Potential_Novel_Family
2910,0,2,2,Known_Family_Only
2906,2,0,2,Potential_Novel_Family
8222,1,1,2,Expanded_Known_Family
8209,1,1,2,Expanded_Known_Family
2334,0,2,2,Known_Family_Only
2338,1,1,2,Expanded_Known_Family
9315,2,0,2,Potential_Novel_Family
9293,1,1,2,Expanded_Known_Family
9298,1,1,2,Expanded_Known_Family
2290,1,1,2,Expanded_Known_Family
9310,2,0,2,Potential_Novel_Family
2302,1,1,2,Expanded_Known_Family
8184,1,1,2,Expanded_Known_Family
2908,2,0,2,Potential_Novel_Family
2897,0,2,2,Known_Family_Only
8200,0,2,2,Known_Family_Only
8202,1,1,2,Expanded_Known_Family
8189,2,0,2,Potential_Novel_Family
8082,2,0,2,Potential_Novel_Family
2981,2,0,2,Potential_Novel_Family
8256,2,0,2,Potential_Novel_Family
8257,2,0,2,Potential_Novel_Family
8166,1,1,2,Expanded_Known_Family
8172,1,1,2,Expanded_Known_Family
8162,1,1,2,Expanded_Known_Family
8193,1,1,2,Expanded_Known_Family
8196,1,1,2,Expanded_Known_Family
8181,0,2,2,Known_Family_Only
2281,2,0,2,Potential_Novel_Family
9425,1,1,2,Expanded_Known_Family
9415,1,1,2,Expanded_Known_Family
9420,1,1,2,Expanded_Known_Family
9449,1,1,2,Expanded_Known_Family
9440,0,2,2,Known_Family_Only
9469,0,2,2,Known_Family_Only
8262,2,0,2,Potential_Novel_Family
9372,1,1,2,Expanded_Known_Family
2284,1,1,2,Expanded_Known_Family
2271,0,2,2,Known_Family_Only
2263,1,1,2,Expanded_Known_Family
9401,2,0,2,Potential_Novel_Family
9404,2,0,2,Potential_Novel_Family
9390,2,0,2,Potential_Novel_Family
2277,1,1,2,Expanded_Known_Family
2198,0,2,2,Known_Family_Only
2202,1,1,2,Expanded_Known_Family
9504,0,2,2,Known_Family_Only
9505,2,0,2,Potential_Novel_Family
2219,2,0,2,Potential_Novel_Family
2206,1,1,2,Expanded_Known_Family
8139,2,0,2,Potential_Novel_Family
8125,2,0,2,Potential_Novel_Family
2243,0,2,2,Known_Family_Only
2234,1,1,2,Expanded_Known_Family
2222,2,0,2,Potential_Novel_Family
2224,2,0,2,Potential_Novel_Family
9494,0,2,2,Known_Family_Only
9496,1,1,2,Expanded_Known_Family
9500,0,2,2,Known_Family_Only
2246,1,1,2,Expanded_Known_Family
8105,0,2,2,Known_Family_Only
8107,1,1,2,Expanded_Known_Family
2940,1,1,2,Expanded_Known_Family
2929,2,0,2,Potential_Novel_Family
2176,1,1,2,Expanded_Known_Family
2179,2,0,2,Potential_Novel_Family
2168,1,1,2,Expanded_Known_Family
2242,0,2,2,Known_Family_Only
2968,1,1,2,Expanded_Known_Family
2970,1,1,2,Expanded_Known_Family
8086,1,1,2,Expanded_Known_Family
8079,0,2,2,Known_Family_Only
8080,1,1,2,Expanded_Known_Family
8081,2,0,2,Potential_Novel_Family
8129,2,0,2,Potential_Novel_Family
8104,1,1,2,Expanded_Known_Family
9534,1,1,2,Expanded_Known_Family
2172,2,0,2,Potential_Novel_Family
2159,1,1,2,Expanded_Known_Family
2163,1,1,2,Expanded_Known_Family
9570,2,0,2,Potential_Novel_Family
9587,2,0,2,Potential_Novel_Family
8063,1,1,2,Expanded_Known_Family
8064,2,0,2,Potential_Novel_Family
9528,1,1,2,Expanded_Known_Family
9522,1,1,2,Expanded_Known_Family
9523,2,0,2,Potential_Novel_Family
9572,0,2,2,Known_Family_Only
9559,2,0,2,Potential_Novel_Family
9562,0,2,2,Known_Family_Only
9546,0,2,2,Known_Family_Only
9547,1,1,2,Expanded_Known_Family
3014,0,2,2,Known_Family_Only
8057,2,0,2,Potential_Novel_Family
8045,2,0,2,Potential_Novel_Family
8049,2,0,2,Potential_Novel_Family
8040,2,0,2,Potential_Novel_Family
2959,2,0,2,Potential_Novel_Family
2960,1,1,2,Expanded_Known_Family
2962,2,0,2,Potential_Novel_Family
3019,0,2,2,Known_Family_Only
3005,2,0,2,Potential_Novel_Family
3008,0,2,2,Known_Family_Only
8021,2,0,2,Potential_Novel_Family
8027,0,2,2,Known_Family_Only
8018,1,1,2,Expanded_Known_Family
8019,1,1,2,Expanded_Known_Family
8020,1,1,2,Expanded_Known_Family
9610,1,1,2,Expanded_Known_Family
9638,2,0,2,Potential_Novel_Family
9642,2,0,2,Potential_Novel_Family
9643,1,1,2,Expanded_Known_Family
9644,2,0,2,Potential_Novel_Family
9636,2,0,2,Potential_Novel_Family
2148,0,2,2,Known_Family_Only
2062,2,0,2,Potential_Novel_Family
2993,2,0,2,Potential_Novel_Family
2108,0,2,2,Known_Family_Only
9593,2,0,2,Potential_Novel_Family
9596,2,0,2,Potential_Novel_Family
9582,0,2,2,Known_Family_Only
9584,1,1,2,Expanded_Known_Family
9628,1,1,2,Expanded_Known_Family
9613,2,0,2,Potential_Novel_Family
7999,1,1,2,Expanded_Known_Family
8000,2,0,2,Potential_Novel_Family
8002,2,0,2,Potential_Novel_Family
7992,1,1,2,Expanded_Known_Family
7993,0,2,2,Known_Family_Only
7994,0,2,2,Known_Family_Only
2990,2,0,2,Potential_Novel_Family
2992,2,0,2,Potential_Novel_Family
7950,0,2,2,Known_Family_Only
7951,1,1,2,Expanded_Known_Family
7952,0,2,2,Known_Family_Only
7953,1,1,2,Expanded_Known_Family
3045,2,0,2,Potential_Novel_Family
7988,2,0,2,Potential_Novel_Family
7978,0,2,2,Known_Family_Only
7969,0,2,2,Known_Family_Only
9729,1,1,2,Expanded_Known_Family
9717,0,2,2,Known_Family_Only
9770,2,0,2,Potential_Novel_Family
9759,2,0,2,Potential_Novel_Family
9749,2,0,2,Potential_Novel_Family
9753,1,1,2,Expanded_Known_Family
9963,0,2,2,Known_Family_Only
9952,0,2,2,Known_Family_Only
3027,0,2,2,Known_Family_Only
7941,1,1,2,Expanded_Known_Family
3047,2,0,2,Potential_Novel_Family
3049,0,2,2,Known_Family_Only
9864,1,1,2,Expanded_Known_Family
9713,0,2,2,Known_Family_Only
2119,2,0,2,Potential_Novel_Family
9746,1,1,2,Expanded_Known_Family
8007,1,1,2,Expanded_Known_Family
8011,0,2,2,Known_Family_Only
3071,2,0,2,Potential_Novel_Family
3076,0,2,2,Known_Family_Only
3062,2,0,2,Potential_Novel_Family
3066,2,0,2,Potential_Novel_Family
7938,2,0,2,Potential_Novel_Family
7926,2,0,2,Potential_Novel_Family
9769,1,1,2,Expanded_Known_Family
9670,2,0,2,Potential_Novel_Family
9671,1,1,2,Expanded_Known_Family
9656,2,0,2,Potential_Novel_Family
9660,1,1,2,Expanded_Known_Family
9702,0,2,2,Known_Family_Only
2112,2,0,2,Potential_Novel_Family
8006,1,1,2,Expanded_Known_Family
7915,2,0,2,Potential_Novel_Family
7887,2,0,2,Potential_Novel_Family
7879,2,0,2,Potential_Novel_Family
3067,2,0,2,Potential_Novel_Family
3058,1,1,2,Expanded_Known_Family
3060,2,0,2,Potential_Novel_Family
7910,0,2,2,Known_Family_Only
3136,2,0,2,Potential_Novel_Family
3110,1,1,2,Expanded_Known_Family
3115,0,2,2,Known_Family_Only
7883,1,1,2,Expanded_Known_Family
7869,1,1,2,Expanded_Known_Family
7870,2,0,2,Potential_Novel_Family
7876,0,2,2,Known_Family_Only
7861,1,1,2,Expanded_Known_Family
7862,2,0,2,Potential_Novel_Family
9804,2,0,2,Potential_Novel_Family
9852,1,1,2,Expanded_Known_Family
9839,0,2,2,Known_Family_Only
9827,0,2,2,Known_Family_Only
9828,1,1,2,Expanded_Known_Family
3035,2,0,2,Potential_Novel_Family
7867,1,1,2,Expanded_Known_Family
7854,1,1,2,Expanded_Known_Family
9943,2,0,2,Potential_Novel_Family
9781,0,2,2,Known_Family_Only
9783,0,2,2,Known_Family_Only
9777,2,0,2,Potential_Novel_Family
2089,0,2,2,Known_Family_Only
9819,1,1,2,Expanded_Known_Family
9810,1,1,2,Expanded_Known_Family
9797,0,2,2,Known_Family_Only
2059,1,1,2,Expanded_Known_Family
2050,0,2,2,Known_Family_Only
2052,1,1,2,Expanded_Known_Family
9886,2,0,2,Potential_Novel_Family
9880,2,0,2,Potential_Novel_Family
2053,2,0,2,Potential_Novel_Family
9925,0,2,2,Known_Family_Only
1997,1,1,2,Expanded_Known_Family
7841,0,2,2,Known_Family_Only
7842,1,1,2,Expanded_Known_Family
3106,2,0,2,Potential_Novel_Family
1968,0,2,2,Known_Family_Only
1969,0,2,2,Known_Family_Only
10023,1,1,2,Expanded_Known_Family
2054,2,0,2,Potential_Novel_Family
2057,0,2,2,Known_Family_Only
3145,0,2,2,Known_Family_Only
3146,1,1,2,Expanded_Known_Family
3147,1,1,2,Expanded_Known_Family
3086,1,1,2,Expanded_Known_Family
7848,2,0,2,Potential_Novel_Family
7849,2,0,2,Potential_Novel_Family
7850,2,0,2,Potential_Novel_Family
7851,1,1,2,Expanded_Known_Family
3125,1,1,2,Expanded_Known_Family
3126,2,0,2,Potential_Novel_Family
3128,2,0,2,Potential_Novel_Family
3119,2,0,2,Potential_Novel_Family
7832,1,1,2,Expanded_Known_Family
7833,2,0,2,Potential_Novel_Family
7821,2,0,2,Potential_Novel_Family
7822,2,0,2,Potential_Novel_Family
10005,1,1,2,Expanded_Known_Family
10009,0,2,2,Known_Family_Only
9997,1,1,2,Expanded_Known_Family
1987,0,2,2,Known_Family_Only
1973,2,0,2,Potential_Novel_Family
1976,1,1,2,Expanded_Known_Family
1979,1,1,2,Expanded_Known_Family
10174,2,0,2,Potential_Novel_Family
2023,1,1,2,Expanded_Known_Family
2015,2,0,2,Potential_Novel_Family
10000,2,0,2,Potential_Novel_Family
9990,2,0,2,Potential_Novel_Family
9992,1,1,2,Expanded_Known_Family
9982,2,0,2,Potential_Novel_Family
10016,2,0,2,Potential_Novel_Family
10020,1,1,2,Expanded_Known_Family
7746,2,0,2,Potential_Novel_Family
7783,1,1,2,Expanded_Known_Family
7784,2,0,2,Potential_Novel_Family
7774,0,2,2,Known_Family_Only
7767,1,1,2,Expanded_Known_Family
7809,1,1,2,Expanded_Known_Family
7797,2,0,2,Potential_Novel_Family
7798,1,1,2,Expanded_Known_Family
2001,2,0,2,Potential_Novel_Family
9960,0,2,2,Known_Family_Only
7739,2,0,2,Potential_Novel_Family
7726,2,0,2,Potential_Novel_Family
7729,2,0,2,Potential_Novel_Family
7749,2,0,2,Potential_Novel_Family
7756,1,1,2,Expanded_Known_Family
7744,2,0,2,Potential_Novel_Family
3168,1,1,2,Expanded_Known_Family
3161,1,1,2,Expanded_Known_Family
1874,1,1,2,Expanded_Known_Family
10105,0,2,2,Known_Family_Only
10106,1,1,2,Expanded_Known_Family
10099,0,2,2,Known_Family_Only
1964,0,2,2,Known_Family_Only
1950,2,0,2,Potential_Novel_Family
3205,1,1,2,Expanded_Known_Family
3207,1,1,2,Expanded_Known_Family
3209,1,1,2,Expanded_Known_Family
7677,1,1,2,Expanded_Known_Family
7678,2,0,2,Potential_Novel_Family
3154,2,0,2,Potential_Novel_Family
7708,2,0,2,Potential_Novel_Family
3179,2,0,2,Potential_Novel_Family
10037,2,0,2,Potential_Novel_Family
10038,2,0,2,Potential_Novel_Family
10086,1,1,2,Expanded_Known_Family
10090,2,0,2,Potential_Novel_Family
10073,2,0,2,Potential_Novel_Family
7672,0,2,2,Known_Family_Only
7674,1,1,2,Expanded_Known_Family
7675,2,0,2,Potential_Novel_Family
10175,2,0,2,Potential_Novel_Family
10176,0,2,2,Known_Family_Only
10042,1,1,2,Expanded_Known_Family
1996,0,2,2,Known_Family_Only
10058,0,2,2,Known_Family_Only
10059,1,1,2,Expanded_Known_Family
10060,1,1,2,Expanded_Known_Family
10052,2,0,2,Potential_Novel_Family
7638,2,0,2,Potential_Novel_Family
10189,1,1,2,Expanded_Known_Family
10192,2,0,2,Potential_Novel_Family
10193,1,1,2,Expanded_Known_Family
1928,2,0,2,Potential_Novel_Family
1929,0,2,2,Known_Family_Only
1917,2,0,2,Potential_Novel_Family
10212,0,2,2,Known_Family_Only
7641,1,1,2,Expanded_Known_Family
7644,1,1,2,Expanded_Known_Family
7631,2,0,2,Potential_Novel_Family
3183,1,1,2,Expanded_Known_Family
3184,1,1,2,Expanded_Known_Family
3186,2,0,2,Potential_Novel_Family
7657,1,1,2,Expanded_Known_Family
7658,1,1,2,Expanded_Known_Family
10133,2,0,2,Potential_Novel_Family
1905,1,1,2,Expanded_Known_Family
10185,0,2,2,Known_Family_Only
3242,0,2,2,Known_Family_Only
3243,2,0,2,Potential_Novel_Family
3229,0,2,2,Known_Family_Only
3233,1,1,2,Expanded_Known_Family
3228,1,1,2,Expanded_Known_Family
10125,0,2,2,Known_Family_Only
10117,2,0,2,Potential_Novel_Family
10118,2,0,2,Potential_Novel_Family
10109,2,0,2,Potential_Novel_Family
10111,1,1,2,Expanded_Known_Family
10168,2,0,2,Potential_Novel_Family
10149,2,0,2,Potential_Novel_Family
10153,1,1,2,Expanded_Known_Family
1898,2,0,2,Potential_Novel_Family
1899,1,1,2,Expanded_Known_Family
1885,1,1,2,Expanded_Known_Family
10292,1,1,2,Expanded_Known_Family
10271,2,0,2,Potential_Novel_Family
10267,2,0,2,Potential_Novel_Family
10304,2,0,2,Potential_Novel_Family
10308,1,1,2,Expanded_Known_Family
7563,2,0,2,Potential_Novel_Family
7605,1,1,2,Expanded_Known_Family
7589,2,0,2,Potential_Novel_Family
7592,2,0,2,Potential_Novel_Family
3218,0,2,2,Known_Family_Only
3220,2,0,2,Potential_Novel_Family
10402,0,2,2,Known_Family_Only
10394,2,0,2,Potential_Novel_Family
1884,2,0,2,Potential_Novel_Family
3195,1,1,2,Expanded_Known_Family
7550,2,0,2,Potential_Novel_Family
7552,0,2,2,Known_Family_Only
7535,1,1,2,Expanded_Known_Family
3271,0,2,2,Known_Family_Only
3262,2,0,2,Potential_Novel_Family
7558,2,0,2,Potential_Novel_Family
10200,2,0,2,Potential_Novel_Family
10203,2,0,2,Potential_Novel_Family
10251,2,0,2,Potential_Novel_Family
10230,1,1,2,Expanded_Known_Family
10235,0,2,2,Known_Family_Only
10214,2,0,2,Potential_Novel_Family
10217,1,1,2,Expanded_Known_Family
1881,2,0,2,Potential_Novel_Family
10323,2,0,2,Potential_Novel_Family
1866,2,0,2,Potential_Novel_Family
1867,0,2,2,Known_Family_Only
1856,2,0,2,Potential_Novel_Family
10352,1,1,2,Expanded_Known_Family
10334,0,2,2,Known_Family_Only
10336,0,2,2,Known_Family_Only
10340,2,0,2,Potential_Novel_Family
7493,2,0,2,Potential_Novel_Family
7500,2,0,2,Potential_Novel_Family
7485,1,1,2,Expanded_Known_Family
7521,1,1,2,Expanded_Known_Family
7522,1,1,2,Expanded_Known_Family
1778,0,2,2,Known_Family_Only
1779,1,1,2,Expanded_Known_Family
1780,0,2,2,Known_Family_Only
7489,1,1,2,Expanded_Known_Family
7490,1,1,2,Expanded_Known_Family
7478,1,1,2,Expanded_Known_Family
7469,2,0,2,Potential_Novel_Family
7504,1,1,2,Expanded_Known_Family
7506,1,1,2,Expanded_Known_Family
7507,1,1,2,Expanded_Known_Family
7508,1,1,2,Expanded_Known_Family
10295,2,0,2,Potential_Novel_Family
10296,2,0,2,Potential_Novel_Family
10286,2,0,2,Potential_Novel_Family
1859,0,2,2,Known_Family_Only
1848,2,0,2,Potential_Novel_Family
1852,0,2,2,Known_Family_Only
1837,0,2,2,Known_Family_Only
7617,1,1,2,Expanded_Known_Family
10454,2,0,2,Potential_Novel_Family
10446,2,0,2,Potential_Novel_Family
10448,1,1,2,Expanded_Known_Family
10441,2,0,2,Potential_Novel_Family
1782,2,0,2,Potential_Novel_Family
1786,1,1,2,Expanded_Known_Family
1787,2,0,2,Potential_Novel_Family
1773,0,2,2,Known_Family_Only
1822,0,2,2,Known_Family_Only
1825,0,2,2,Known_Family_Only
10442,2,0,2,Potential_Novel_Family
10424,1,1,2,Expanded_Known_Family
10414,1,1,2,Expanded_Known_Family
10418,2,0,2,Potential_Novel_Family
10461,0,2,2,Known_Family_Only
10463,2,0,2,Potential_Novel_Family
7463,1,1,2,Expanded_Known_Family
7465,2,0,2,Potential_Novel_Family
7453,1,1,2,Expanded_Known_Family
7455,0,2,2,Known_Family_Only
3292,2,0,2,Potential_Novel_Family
1747,1,1,2,Expanded_Known_Family
10533,2,0,2,Potential_Novel_Family
1829,2,0,2,Potential_Novel_Family
10331,2,0,2,Potential_Novel_Family
1810,2,0,2,Potential_Novel_Family
3247,0,2,2,Known_Family_Only
7460,2,0,2,Potential_Novel_Family
7445,0,2,2,Known_Family_Only
7439,1,1,2,Expanded_Known_Family
7443,2,0,2,Potential_Novel_Family
3284,0,2,2,Known_Family_Only
10479,1,1,2,Expanded_Known_Family
10517,1,1,2,Expanded_Known_Family
10519,2,0,2,Potential_Novel_Family
10524,2,0,2,Potential_Novel_Family
10510,0,2,2,Known_Family_Only
10512,2,0,2,Potential_Novel_Family
1758,0,2,2,Known_Family_Only
1753,2,0,2,Potential_Novel_Family
7430,0,2,2,Known_Family_Only
3338,2,0,2,Potential_Novel_Family
3339,1,1,2,Expanded_Known_Family
10635,2,0,2,Potential_Novel_Family
10624,2,0,2,Potential_Novel_Family
10627,0,2,2,Known_Family_Only
1796,2,0,2,Potential_Novel_Family
10508,0,2,2,Known_Family_Only
7424,2,0,2,Potential_Novel_Family
7420,2,0,2,Potential_Novel_Family
3318,2,0,2,Potential_Novel_Family
3319,1,1,2,Expanded_Known_Family
3323,2,0,2,Potential_Novel_Family
3313,1,1,2,Expanded_Known_Family
3314,0,2,2,Known_Family_Only
3315,1,1,2,Expanded_Known_Family
3305,1,1,2,Expanded_Known_Family
7409,1,1,2,Expanded_Known_Family
3366,1,1,2,Expanded_Known_Family
3368,2,0,2,Potential_Novel_Family
3364,2,0,2,Potential_Novel_Family
3355,1,1,2,Expanded_Known_Family
7432,1,1,2,Expanded_Known_Family
7423,1,1,2,Expanded_Known_Family
7378,2,0,2,Potential_Novel_Family
3343,2,0,2,Potential_Novel_Family
7399,1,1,2,Expanded_Known_Family
10773,1,1,2,Expanded_Known_Family
10774,1,1,2,Expanded_Known_Family
10638,2,0,2,Potential_Novel_Family
1737,0,2,2,Known_Family_Only
1732,1,1,2,Expanded_Known_Family
7380,1,1,2,Expanded_Known_Family
7359,1,1,2,Expanded_Known_Family
7355,1,1,2,Expanded_Known_Family
7342,2,0,2,Potential_Novel_Family
7383,1,1,2,Expanded_Known_Family
7385,2,0,2,Potential_Novel_Family
7374,2,0,2,Potential_Novel_Family
7375,0,2,2,Known_Family_Only
10609,1,1,2,Expanded_Known_Family
10593,2,0,2,Potential_Novel_Family
10581,2,0,2,Potential_Novel_Family
10587,2,0,2,Potential_Novel_Family
1711,1,1,2,Expanded_Known_Family
7347,2,0,2,Potential_Novel_Family
3389,1,1,2,Expanded_Known_Family
3396,1,1,2,Expanded_Known_Family
10549,2,0,2,Potential_Novel_Family
10551,2,0,2,Potential_Novel_Family
1766,0,2,2,Known_Family_Only
1767,1,1,2,Expanded_Known_Family
10575,1,1,2,Expanded_Known_Family
10577,2,0,2,Potential_Novel_Family
10566,1,1,2,Expanded_Known_Family
10559,1,1,2,Expanded_Known_Family
7327,0,2,2,Known_Family_Only
7323,0,2,2,Known_Family_Only
3388,2,0,2,Potential_Novel_Family
10862,1,1,2,Expanded_Known_Family
10864,1,1,2,Expanded_Known_Family
10868,1,1,2,Expanded_Known_Family
1702,2,0,2,Potential_Novel_Family
1706,2,0,2,Potential_Novel_Family
7291,2,0,2,Potential_Novel_Family
3432,2,0,2,Potential_Novel_Family
3436,1,1,2,Expanded_Known_Family
3422,0,2,2,Known_Family_Only
7306,2,0,2,Potential_Novel_Family
7308,1,1,2,Expanded_Known_Family
7298,2,0,2,Potential_Novel_Family
7299,0,2,2,Known_Family_Only
1684,1,1,2,Expanded_Known_Family
10691,0,2,2,Known_Family_Only
10682,0,2,2,Known_Family_Only
10674,1,1,2,Expanded_Known_Family
10661,1,1,2,Expanded_Known_Family
1696,1,1,2,Expanded_Known_Family
7402,0,2,2,Known_Family_Only
7392,2,0,2,Potential_Novel_Family
1717,0,2,2,Known_Family_Only
1719,0,2,2,Known_Family_Only
10663,0,2,2,Known_Family_Only
10664,0,2,2,Known_Family_Only
10665,1,1,2,Expanded_Known_Family
10653,0,2,2,Known_Family_Only
10647,1,1,2,Expanded_Known_Family
10649,0,2,2,Known_Family_Only
3426,2,0,2,Potential_Novel_Family
3427,2,0,2,Potential_Novel_Family
3414,2,0,2,Potential_Novel_Family
3406,1,1,2,Expanded_Known_Family
7158,1,1,2,Expanded_Known_Family
7161,1,1,2,Expanded_Known_Family
3494,1,1,2,Expanded_Known_Family
3495,1,1,2,Expanded_Known_Family
3446,2,0,2,Potential_Novel_Family
7231,1,1,2,Expanded_Known_Family
7232,1,1,2,Expanded_Known_Family
7213,0,2,2,Known_Family_Only
7214,1,1,2,Expanded_Known_Family
7270,1,1,2,Expanded_Known_Family
7259,2,0,2,Potential_Novel_Family
7251,1,1,2,Expanded_Known_Family
1654,2,0,2,Potential_Novel_Family
1648,2,0,2,Potential_Novel_Family
1649,1,1,2,Expanded_Known_Family
1651,0,2,2,Known_Family_Only
7326,2,0,2,Potential_Novel_Family
7220,2,0,2,Potential_Novel_Family
3453,0,2,2,Known_Family_Only
3459,2,0,2,Potential_Novel_Family
1694,2,0,2,Potential_Novel_Family
10737,2,0,2,Potential_Novel_Family
10723,0,2,2,Known_Family_Only
10712,2,0,2,Potential_Novel_Family
10715,1,1,2,Expanded_Known_Family
10761,2,0,2,Potential_Novel_Family
10756,2,0,2,Potential_Novel_Family
10748,0,2,2,Known_Family_Only
10838,1,1,2,Expanded_Known_Family
10842,2,0,2,Potential_Novel_Family
10844,2,0,2,Potential_Novel_Family
10887,2,0,2,Potential_Novel_Family
10889,1,1,2,Expanded_Known_Family
10880,2,0,2,Potential_Novel_Family
7198,2,0,2,Potential_Novel_Family
7201,2,0,2,Potential_Novel_Family
1665,2,0,2,Potential_Novel_Family
10832,0,2,2,Known_Family_Only
10823,1,1,2,Expanded_Known_Family
10818,0,2,2,Known_Family_Only
10810,0,2,2,Known_Family_Only
10802,1,1,2,Expanded_Known_Family
10849,1,1,2,Expanded_Known_Family
10850,2,0,2,Potential_Novel_Family
7187,2,0,2,Potential_Novel_Family
7188,1,1,2,Expanded_Known_Family
3451,1,1,2,Expanded_Known_Family
3452,2,0,2,Potential_Novel_Family
1670,2,0,2,Potential_Novel_Family
1674,2,0,2,Potential_Novel_Family
1662,2,0,2,Potential_Novel_Family
1663,2,0,2,Potential_Novel_Family
7175,2,0,2,Potential_Novel_Family
7178,2,0,2,Potential_Novel_Family
7180,2,0,2,Potential_Novel_Family
7168,2,0,2,Potential_Novel_Family
7189,2,0,2,Potential_Novel_Family
7194,2,0,2,Potential_Novel_Family
7196,1,1,2,Expanded_Known_Family
7183,1,1,2,Expanded_Known_Family
10944,0,2,2,Known_Family_Only
10937,1,1,2,Expanded_Known_Family
10926,2,0,2,Potential_Novel_Family
10928,2,0,2,Potential_Novel_Family
1603,1,1,2,Expanded_Known_Family
1589,1,1,2,Expanded_Known_Family
1592,2,0,2,Potential_Novel_Family
1593,2,0,2,Potential_Novel_Family
10930,2,0,2,Potential_Novel_Family
10919,1,1,2,Expanded_Known_Family
10911,2,0,2,Potential_Novel_Family
10904,0,2,2,Known_Family_Only
1643,1,1,2,Expanded_Known_Family
1588,0,2,2,Known_Family_Only
10950,2,0,2,Potential_Novel_Family
10952,1,1,2,Expanded_Known_Family
3475,0,2,2,Known_Family_Only
7147,0,2,2,Known_Family_Only
7126,2,0,2,Potential_Novel_Family
11075,2,0,2,Potential_Novel_Family
11056,1,1,2,Expanded_Known_Family
1629,2,0,2,Potential_Novel_Family
1633,2,0,2,Potential_Novel_Family
1623,1,1,2,Expanded_Known_Family
3525,1,1,2,Expanded_Known_Family
3521,1,1,2,Expanded_Known_Family
3522,1,1,2,Expanded_Known_Family
3523,2,0,2,Potential_Novel_Family
3509,2,0,2,Potential_Novel_Family
3511,1,1,2,Expanded_Known_Family
7103,2,0,2,Potential_Novel_Family
3474,2,0,2,Potential_Novel_Family
10986,2,0,2,Potential_Novel_Family
10978,2,0,2,Potential_Novel_Family
10980,1,1,2,Expanded_Known_Family
10969,1,1,2,Expanded_Known_Family
11052,2,0,2,Potential_Novel_Family
11026,2,0,2,Potential_Novel_Family
11112,1,1,2,Expanded_Known_Family
11107,2,0,2,Potential_Novel_Family
7038,1,1,2,Expanded_Known_Family
3504,1,1,2,Expanded_Known_Family
11182,1,1,2,Expanded_Known_Family
10972,1,1,2,Expanded_Known_Family
1605,1,1,2,Expanded_Known_Family
1607,0,2,2,Known_Family_Only
1600,2,0,2,Potential_Novel_Family
11010,2,0,2,Potential_Novel_Family
3551,2,0,2,Potential_Novel_Family
7025,2,0,2,Potential_Novel_Family
7019,2,0,2,Potential_Novel_Family
7008,2,0,2,Potential_Novel_Family
7004,2,0,2,Potential_Novel_Family
7059,0,2,2,Known_Family_Only
7047,1,1,2,Expanded_Known_Family
7048,2,0,2,Potential_Novel_Family
3480,1,1,2,Expanded_Known_Family
3484,2,0,2,Potential_Novel_Family
3471,1,1,2,Expanded_Known_Family
6989,2,0,2,Potential_Novel_Family
3558,1,1,2,Expanded_Known_Family
3562,0,2,2,Known_Family_Only
3549,1,1,2,Expanded_Known_Family
3550,2,0,2,Potential_Novel_Family
11131,1,1,2,Expanded_Known_Family
11121,2,0,2,Potential_Novel_Family
11124,1,1,2,Expanded_Known_Family
1580,2,0,2,Potential_Novel_Family
11173,1,1,2,Expanded_Known_Family
11162,1,1,2,Expanded_Known_Family
11150,0,2,2,Known_Family_Only
11211,2,0,2,Potential_Novel_Family
3544,0,2,2,Known_Family_Only
3547,1,1,2,Expanded_Known_Family
11268,1,1,2,Expanded_Known_Family
1572,1,1,2,Expanded_Known_Family
1551,2,0,2,Potential_Novel_Family
1555,2,0,2,Potential_Novel_Family
11109,2,0,2,Potential_Novel_Family
11129,2,0,2,Potential_Novel_Family
6948,1,1,2,Expanded_Known_Family
6933,0,2,2,Known_Family_Only
6967,2,0,2,Potential_Novel_Family
6971,2,0,2,Potential_Novel_Family
6957,0,2,2,Known_Family_Only
6949,2,0,2,Potential_Novel_Family
3552,1,1,2,Expanded_Known_Family
3556,2,0,2,Potential_Novel_Family
11095,2,0,2,Potential_Novel_Family
7078,2,0,2,Potential_Novel_Family
6934,1,1,2,Expanded_Known_Family
6938,1,1,2,Expanded_Known_Family
6927,2,0,2,Potential_Novel_Family
6929,2,0,2,Potential_Novel_Family
3593,0,2,2,Known_Family_Only
3581,2,0,2,Potential_Novel_Family
11221,2,0,2,Potential_Novel_Family
11219,0,2,2,Known_Family_Only
11220,1,1,2,Expanded_Known_Family
1543,2,0,2,Potential_Novel_Family
1545,1,1,2,Expanded_Known_Family
11246,2,0,2,Potential_Novel_Family
11251,1,1,2,Expanded_Known_Family
11252,1,1,2,Expanded_Known_Family
3584,1,1,2,Expanded_Known_Family
3586,1,1,2,Expanded_Known_Family
11339,2,0,2,Potential_Novel_Family
1540,0,2,2,Known_Family_Only
1527,0,2,2,Known_Family_Only
1521,0,2,2,Known_Family_Only
1522,0,2,2,Known_Family_Only
11234,2,0,2,Potential_Novel_Family
6887,0,2,2,Known_Family_Only
6888,1,1,2,Expanded_Known_Family
6882,2,0,2,Potential_Novel_Family
6920,0,2,2,Known_Family_Only
6911,0,2,2,Known_Family_Only
6893,1,1,2,Expanded_Known_Family
6895,0,2,2,Known_Family_Only
6896,2,0,2,Potential_Novel_Family
11191,2,0,2,Potential_Novel_Family
3548,0,2,2,Known_Family_Only
3533,0,2,2,Known_Family_Only
3537,0,2,2,Known_Family_Only
6861,1,1,2,Expanded_Known_Family
3622,0,2,2,Known_Family_Only
3625,1,1,2,Expanded_Known_Family
6898,2,0,2,Potential_Novel_Family
11289,2,0,2,Potential_Novel_Family
11290,2,0,2,Potential_Novel_Family
11291,2,0,2,Potential_Novel_Family
1509,1,1,2,Expanded_Known_Family
11321,0,2,2,Known_Family_Only
11323,2,0,2,Potential_Novel_Family
11301,2,0,2,Potential_Novel_Family
1467,1,1,2,Expanded_Known_Family
6821,0,2,2,Known_Family_Only
3617,0,2,2,Known_Family_Only
11397,2,0,2,Potential_Novel_Family
1511,2,0,2,Potential_Novel_Family
1513,1,1,2,Expanded_Known_Family
1501,0,2,2,Known_Family_Only
1507,2,0,2,Potential_Novel_Family
11299,2,0,2,Potential_Novel_Family
3639,2,0,2,Potential_Novel_Family
3642,1,1,2,Expanded_Known_Family
6827,2,0,2,Potential_Novel_Family
6814,0,2,2,Known_Family_Only
6805,2,0,2,Potential_Novel_Family
3660,2,0,2,Potential_Novel_Family
6840,1,1,2,Expanded_Known_Family
6843,1,1,2,Expanded_Known_Family
11241,2,0,2,Potential_Novel_Family
1494,2,0,2,Potential_Novel_Family
1496,0,2,2,Known_Family_Only
3579,0,2,2,Known_Family_Only
3569,2,0,2,Potential_Novel_Family
3645,2,0,2,Potential_Novel_Family
3646,2,0,2,Potential_Novel_Family
3651,2,0,2,Potential_Novel_Family
3632,1,1,2,Expanded_Known_Family
3636,0,2,2,Known_Family_Only
6790,2,0,2,Potential_Novel_Family
11611,2,0,2,Potential_Novel_Family
11612,2,0,2,Potential_Novel_Family
11590,2,0,2,Potential_Novel_Family
1449,1,1,2,Expanded_Known_Family
1450,1,1,2,Expanded_Known_Family
6741,2,0,2,Potential_Novel_Family
6736,2,0,2,Potential_Novel_Family
6738,1,1,2,Expanded_Known_Family
6778,2,0,2,Potential_Novel_Family
6779,0,2,2,Known_Family_Only
6780,2,0,2,Potential_Novel_Family
6749,1,1,2,Expanded_Known_Family
6753,1,1,2,Expanded_Known_Family
11386,2,0,2,Potential_Novel_Family
11375,2,0,2,Potential_Novel_Family
1421,0,2,2,Known_Family_Only
1422,0,2,2,Known_Family_Only
6740,2,0,2,Potential_Novel_Family
3685,2,0,2,Potential_Novel_Family
3686,2,0,2,Potential_Novel_Family
3669,1,1,2,Expanded_Known_Family
11480,2,0,2,Potential_Novel_Family
1483,0,2,2,Known_Family_Only
1476,1,1,2,Expanded_Known_Family
11358,0,2,2,Known_Family_Only
11351,2,0,2,Potential_Novel_Family
11342,1,1,2,Expanded_Known_Family
1477,2,0,2,Potential_Novel_Family
11392,2,0,2,Potential_Novel_Family
3670,2,0,2,Potential_Novel_Family
3673,2,0,2,Potential_Novel_Family
3676,2,0,2,Potential_Novel_Family
3661,2,0,2,Potential_Novel_Family
6729,1,1,2,Expanded_Known_Family
6618,2,0,2,Potential_Novel_Family
6620,1,1,2,Expanded_Known_Family
6606,2,0,2,Potential_Novel_Family
6673,1,1,2,Expanded_Known_Family
3720,1,1,2,Expanded_Known_Family
3710,1,1,2,Expanded_Known_Family
6693,0,2,2,Known_Family_Only
6687,0,2,2,Known_Family_Only
6689,1,1,2,Expanded_Known_Family
6723,2,0,2,Potential_Novel_Family
6709,2,0,2,Potential_Novel_Family
11470,0,2,2,Known_Family_Only
11476,1,1,2,Expanded_Known_Family
11454,2,0,2,Potential_Novel_Family
11459,2,0,2,Potential_Novel_Family
11450,2,0,2,Potential_Novel_Family
11508,1,1,2,Expanded_Known_Family
6782,0,2,2,Known_Family_Only
6773,1,1,2,Expanded_Known_Family
1441,1,1,2,Expanded_Known_Family
1444,2,0,2,Potential_Novel_Family
11432,0,2,2,Known_Family_Only
11435,0,2,2,Known_Family_Only
11425,0,2,2,Known_Family_Only
11426,1,1,2,Expanded_Known_Family
11415,0,2,2,Known_Family_Only
11407,1,1,2,Expanded_Known_Family
11564,1,1,2,Expanded_Known_Family
11553,2,0,2,Potential_Novel_Family
11556,2,0,2,Potential_Novel_Family
11547,1,1,2,Expanded_Known_Family
11534,2,0,2,Potential_Novel_Family
11582,1,1,2,Expanded_Known_Family
11585,1,1,2,Expanded_Known_Family
11575,0,2,2,Known_Family_Only
3695,1,1,2,Expanded_Known_Family
11687,2,0,2,Potential_Novel_Family
11688,2,0,2,Potential_Novel_Family
11691,2,0,2,Potential_Novel_Family
1405,1,1,2,Expanded_Known_Family
1404,2,0,2,Potential_Novel_Family
1391,1,1,2,Expanded_Known_Family
11517,0,2,2,Known_Family_Only
6616,2,0,2,Potential_Novel_Family
6667,1,1,2,Expanded_Known_Family
6657,0,2,2,Known_Family_Only
6660,2,0,2,Potential_Novel_Family
6649,2,0,2,Potential_Novel_Family
6650,1,1,2,Expanded_Known_Family
3716,1,1,2,Expanded_Known_Family
3708,1,1,2,Expanded_Known_Family
6610,1,1,2,Expanded_Known_Family
6612,2,0,2,Potential_Novel_Family
3751,1,1,2,Expanded_Known_Family
6637,2,0,2,Potential_Novel_Family
6643,2,0,2,Potential_Novel_Family
6631,1,1,2,Expanded_Known_Family
6626,1,1,2,Expanded_Known_Family
6627,0,2,2,Known_Family_Only
1359,2,0,2,Potential_Novel_Family
11651,1,1,2,Expanded_Known_Family
11642,1,1,2,Expanded_Known_Family
11630,1,1,2,Expanded_Known_Family
11633,2,0,2,Potential_Novel_Family
1383,0,2,2,Known_Family_Only
11692,2,0,2,Potential_Novel_Family
11677,1,1,2,Expanded_Known_Family
6602,2,0,2,Potential_Novel_Family
6581,2,0,2,Potential_Novel_Family
3748,0,2,2,Known_Family_Only
3737,1,1,2,Expanded_Known_Family
1294,2,0,2,Potential_Novel_Family
1384,0,2,2,Known_Family_Only
1369,1,1,2,Expanded_Known_Family
1370,2,0,2,Potential_Novel_Family
6556,1,1,2,Expanded_Known_Family
6577,1,1,2,Expanded_Known_Family
6565,0,2,2,Known_Family_Only
6572,1,1,2,Expanded_Known_Family
6559,2,0,2,Potential_Novel_Family
3727,0,2,2,Known_Family_Only
3729,1,1,2,Expanded_Known_Family
3732,0,2,2,Known_Family_Only
11567,2,0,2,Potential_Novel_Family
1361,1,1,2,Expanded_Known_Family
11620,2,0,2,Potential_Novel_Family
3698,1,1,2,Expanded_Known_Family
6560,2,0,2,Potential_Novel_Family
6561,0,2,2,Known_Family_Only
6549,0,2,2,Known_Family_Only
6553,0,2,2,Known_Family_Only
1354,0,2,2,Known_Family_Only
1343,1,1,2,Expanded_Known_Family
1347,2,0,2,Potential_Novel_Family
1335,1,1,2,Expanded_Known_Family
11716,2,0,2,Potential_Novel_Family
11702,2,0,2,Potential_Novel_Family
11708,1,1,2,Expanded_Known_Family
1300,2,0,2,Potential_Novel_Family
3760,1,1,2,Expanded_Known_Family
3764,2,0,2,Potential_Novel_Family
6547,1,1,2,Expanded_Known_Family
3777,2,0,2,Potential_Novel_Family
1264,0,2,2,Known_Family_Only
1266,1,1,2,Expanded_Known_Family
11878,2,0,2,Potential_Novel_Family
1349,2,0,2,Potential_Novel_Family
3806,1,1,2,Expanded_Known_Family
3807,1,1,2,Expanded_Known_Family
3809,2,0,2,Potential_Novel_Family
6537,0,2,2,Known_Family_Only
6525,0,2,2,Known_Family_Only
6530,2,0,2,Potential_Novel_Family
6518,2,0,2,Potential_Novel_Family
6521,2,0,2,Potential_Novel_Family
11682,1,1,2,Expanded_Known_Family
11654,0,2,2,Known_Family_Only
1338,1,1,2,Expanded_Known_Family
1327,0,2,2,Known_Family_Only
1332,0,2,2,Known_Family_Only
3738,2,0,2,Potential_Novel_Family
6512,1,1,2,Expanded_Known_Family
6513,2,0,2,Potential_Novel_Family
1314,1,1,2,Expanded_Known_Family
11823,2,0,2,Potential_Novel_Family
11816,0,2,2,Known_Family_Only
11782,2,0,2,Potential_Novel_Family
11786,0,2,2,Known_Family_Only
11860,1,1,2,Expanded_Known_Family
11851,2,0,2,Potential_Novel_Family
11837,1,1,2,Expanded_Known_Family
6489,0,2,2,Known_Family_Only
6490,2,0,2,Potential_Novel_Family
6503,1,1,2,Expanded_Known_Family
11999,1,1,2,Expanded_Known_Family
11995,2,0,2,Potential_Novel_Family
11996,2,0,2,Potential_Novel_Family
11763,1,1,2,Expanded_Known_Family
1312,0,2,2,Known_Family_Only
6479,0,2,2,Known_Family_Only
6482,1,1,2,Expanded_Known_Family
6484,1,1,2,Expanded_Known_Family
3851,1,1,2,Expanded_Known_Family
6500,1,1,2,Expanded_Known_Family
6486,2,0,2,Potential_Novel_Family
6487,2,0,2,Potential_Novel_Family
6488,0,2,2,Known_Family_Only
11745,1,1,2,Expanded_Known_Family
11737,1,1,2,Expanded_Known_Family
1303,0,2,2,Known_Family_Only
1308,2,0,2,Potential_Novel_Family
3766,2,0,2,Potential_Novel_Family
3767,2,0,2,Potential_Novel_Family
3843,2,0,2,Potential_Novel_Family
3821,2,0,2,Potential_Novel_Family
6456,2,0,2,Potential_Novel_Family
6459,2,0,2,Potential_Novel_Family
3828,2,0,2,Potential_Novel_Family
6470,1,1,2,Expanded_Known_Family
6461,1,1,2,Expanded_Known_Family
3906,0,2,2,Known_Family_Only
3908,1,1,2,Expanded_Known_Family
3895,2,0,2,Potential_Novel_Family
1233,1,1,2,Expanded_Known_Family
6403,0,2,2,Known_Family_Only
3877,2,0,2,Potential_Novel_Family
3882,2,0,2,Potential_Novel_Family
6421,2,0,2,Potential_Novel_Family
6426,1,1,2,Expanded_Known_Family
6406,1,1,2,Expanded_Known_Family
6398,2,0,2,Potential_Novel_Family
11940,1,1,2,Expanded_Known_Family
11913,1,1,2,Expanded_Known_Family
11966,1,1,2,Expanded_Known_Family
11950,1,1,2,Expanded_Known_Family
11954,2,0,2,Potential_Novel_Family
11943,2,0,2,Potential_Novel_Family
11944,2,0,2,Potential_Novel_Family
1231,1,1,2,Expanded_Known_Family
11838,2,0,2,Potential_Novel_Family
1292,2,0,2,Potential_Novel_Family
1279,2,0,2,Potential_Novel_Family
1269,2,0,2,Potential_Novel_Family
1208,2,0,2,Potential_Novel_Family
11898,1,1,2,Expanded_Known_Family
11891,2,0,2,Potential_Novel_Family
1290,2,0,2,Potential_Novel_Family
12023,1,1,2,Expanded_Known_Family
12028,2,0,2,Potential_Novel_Family
1200,2,0,2,Potential_Novel_Family
12073,0,2,2,Known_Family_Only
12074,1,1,2,Expanded_Known_Family
1227,1,1,2,Expanded_Known_Family
1228,0,2,2,Known_Family_Only
1216,2,0,2,Potential_Novel_Family
12166,1,1,2,Expanded_Known_Family
1259,1,1,2,Expanded_Known_Family
1246,2,0,2,Potential_Novel_Family
1249,2,0,2,Potential_Novel_Family
1251,0,2,2,Known_Family_Only
1241,1,1,2,Expanded_Known_Family
12064,2,0,2,Potential_Novel_Family
12059,2,0,2,Potential_Novel_Family
6378,2,0,2,Potential_Novel_Family
6379,1,1,2,Expanded_Known_Family
6370,2,0,2,Potential_Novel_Family
6371,2,0,2,Potential_Novel_Family
3869,1,1,2,Expanded_Known_Family
3873,1,1,2,Expanded_Known_Family
3855,2,0,2,Potential_Novel_Family
12188,1,1,2,Expanded_Known_Family
3898,1,1,2,Expanded_Known_Family
6362,0,2,2,Known_Family_Only
6354,2,0,2,Potential_Novel_Family
6356,1,1,2,Expanded_Known_Family
3915,2,0,2,Potential_Novel_Family
6373,1,1,2,Expanded_Known_Family
6375,2,0,2,Potential_Novel_Family
6376,0,2,2,Known_Family_Only
12119,0,2,2,Known_Family_Only
12122,0,2,2,Known_Family_Only
12108,1,1,2,Expanded_Known_Family
12093,1,1,2,Expanded_Known_Family
12095,2,0,2,Potential_Novel_Family
12157,1,1,2,Expanded_Known_Family
12150,1,1,2,Expanded_Known_Family
12152,1,1,2,Expanded_Known_Family
12278,1,1,2,Expanded_Known_Family
12099,1,1,2,Expanded_Known_Family
12092,0,2,2,Known_Family_Only
12078,2,0,2,Potential_Novel_Family
12082,2,0,2,Potential_Novel_Family
12083,2,0,2,Potential_Novel_Family
1223,2,0,2,Potential_Novel_Family
12118,1,1,2,Expanded_Known_Family
6263,1,1,2,Expanded_Known_Family
6265,0,2,2,Known_Family_Only
6254,1,1,2,Expanded_Known_Family
6327,1,1,2,Expanded_Known_Family
6316,0,2,2,Known_Family_Only
6300,2,0,2,Potential_Novel_Family
6346,1,1,2,Expanded_Known_Family
12291,2,0,2,Potential_Novel_Family
1217,1,1,2,Expanded_Known_Family
3857,2,0,2,Potential_Novel_Family
3858,1,1,2,Expanded_Known_Family
3941,1,1,2,Expanded_Known_Family
3935,1,1,2,Expanded_Known_Family
3940,2,0,2,Potential_Novel_Family
3927,0,2,2,Known_Family_Only
6283,1,1,2,Expanded_Known_Family
1106,0,2,2,Known_Family_Only
1196,1,1,2,Expanded_Known_Family
1176,1,1,2,Expanded_Known_Family
12216,2,0,2,Potential_Novel_Family
12212,1,1,2,Expanded_Known_Family
1190,2,0,2,Potential_Novel_Family
12263,2,0,2,Potential_Novel_Family
12257,0,2,2,Known_Family_Only
6251,2,0,2,Potential_Novel_Family
6238,1,1,2,Expanded_Known_Family
6241,1,1,2,Expanded_Known_Family
6232,1,1,2,Expanded_Known_Family
6221,1,1,2,Expanded_Known_Family
3917,1,1,2,Expanded_Known_Family
3918,0,2,2,Known_Family_Only
3922,2,0,2,Potential_Novel_Family
6204,1,1,2,Expanded_Known_Family
6192,1,1,2,Expanded_Known_Family
6222,2,0,2,Potential_Novel_Family
6223,2,0,2,Potential_Novel_Family
6225,2,0,2,Potential_Novel_Family
6228,2,0,2,Potential_Novel_Family
6205,2,0,2,Potential_Novel_Family
6208,2,0,2,Potential_Novel_Family
12140,2,0,2,Potential_Novel_Family
12127,2,0,2,Potential_Novel_Family
12132,1,1,2,Expanded_Known_Family
12202,2,0,2,Potential_Novel_Family
6211,2,0,2,Potential_Novel_Family
6212,2,0,2,Potential_Novel_Family
6202,1,1,2,Expanded_Known_Family
6203,0,2,2,Known_Family_Only
12348,2,0,2,Potential_Novel_Family
12340,2,0,2,Potential_Novel_Family
1160,2,0,2,Potential_Novel_Family
12386,1,1,2,Expanded_Known_Family
12388,0,2,2,Known_Family_Only
12378,2,0,2,Potential_Novel_Family
12379,2,0,2,Potential_Novel_Family
12369,2,0,2,Potential_Novel_Family
6195,1,1,2,Expanded_Known_Family
3975,1,1,2,Expanded_Known_Family
1153,2,0,2,Potential_Novel_Family
1143,2,0,2,Potential_Novel_Family
1145,2,0,2,Potential_Novel_Family
1136,1,1,2,Expanded_Known_Family
12350,2,0,2,Potential_Novel_Family
12341,2,0,2,Potential_Novel_Family
4005,2,0,2,Potential_Novel_Family
3951,1,1,2,Expanded_Known_Family
3956,2,0,2,Potential_Novel_Family
6185,2,0,2,Potential_Novel_Family
6173,1,1,2,Expanded_Known_Family
3966,2,0,2,Potential_Novel_Family
3963,1,1,2,Expanded_Known_Family
3964,2,0,2,Potential_Novel_Family
12252,2,0,2,Potential_Novel_Family
1137,0,2,2,Known_Family_Only
12306,0,2,2,Known_Family_Only
12286,1,1,2,Expanded_Known_Family
6178,2,0,2,Potential_Novel_Family
6180,1,1,2,Expanded_Known_Family
6170,1,1,2,Expanded_Known_Family
6162,2,0,2,Potential_Novel_Family
3987,2,0,2,Potential_Novel_Family
6153,1,1,2,Expanded_Known_Family
6155,1,1,2,Expanded_Known_Family
4010,2,0,2,Potential_Novel_Family
4001,0,2,2,Known_Family_Only
4004,2,0,2,Potential_Novel_Family
3990,1,1,2,Expanded_Known_Family
6067,2,0,2,Potential_Novel_Family
1082,1,1,2,Expanded_Known_Family
1070,2,0,2,Potential_Novel_Family
3965,0,2,2,Known_Family_Only
4024,2,0,2,Potential_Novel_Family
6145,2,0,2,Potential_Novel_Family
6139,2,0,2,Potential_Novel_Family
3993,2,0,2,Potential_Novel_Family
3995,1,1,2,Expanded_Known_Family
1122,0,2,2,Known_Family_Only
12419,2,0,2,Potential_Novel_Family
12420,0,2,2,Known_Family_Only
12406,1,1,2,Expanded_Known_Family
12444,2,0,2,Potential_Novel_Family
12421,2,0,2,Potential_Novel_Family
12424,1,1,2,Expanded_Known_Family
12425,2,0,2,Potential_Novel_Family
1109,1,1,2,Expanded_Known_Family
1114,2,0,2,Potential_Novel_Family
12528,1,1,2,Expanded_Known_Family
12404,2,0,2,Potential_Novel_Family
1125,2,0,2,Potential_Novel_Family
1131,0,2,2,Known_Family_Only
1118,0,2,2,Known_Family_Only
1119,1,1,2,Expanded_Known_Family
12506,2,0,2,Potential_Novel_Family
12499,2,0,2,Potential_Novel_Family
12490,0,2,2,Known_Family_Only
1041,1,1,2,Expanded_Known_Family
1044,1,1,2,Expanded_Known_Family
12542,0,2,2,Known_Family_Only
975,1,1,2,Expanded_Known_Family
979,1,1,2,Expanded_Known_Family
1100,1,1,2,Expanded_Known_Family
1087,1,1,2,Expanded_Known_Family
1089,1,1,2,Expanded_Known_Family
1079,1,1,2,Expanded_Known_Family
12479,1,1,2,Expanded_Known_Family
12473,2,0,2,Potential_Novel_Family
12465,0,2,2,Known_Family_Only
12468,0,2,2,Known_Family_Only
6123,0,2,2,Known_Family_Only
6124,2,0,2,Potential_Novel_Family
6097,2,0,2,Potential_Novel_Family
6098,2,0,2,Potential_Novel_Family
4026,1,1,2,Expanded_Known_Family
4027,2,0,2,Potential_Novel_Family
4014,2,0,2,Potential_Novel_Family
1010,0,2,2,Known_Family_Only
4070,1,1,2,Expanded_Known_Family
4065,1,1,2,Expanded_Known_Family
4066,2,0,2,Potential_Novel_Family
6087,0,2,2,Known_Family_Only
6077,1,1,2,Expanded_Known_Family
6081,0,2,2,Known_Family_Only
6071,2,0,2,Potential_Novel_Family
6072,2,0,2,Potential_Novel_Family
6031,1,1,2,Expanded_Known_Family
4060,1,1,2,Expanded_Known_Family
6055,2,0,2,Potential_Novel_Family
12744,2,0,2,Potential_Novel_Family
1035,2,0,2,Potential_Novel_Family
1036,1,1,2,Expanded_Known_Family
1027,2,0,2,Potential_Novel_Family
1017,1,1,2,Expanded_Known_Family
6012,2,0,2,Potential_Novel_Family
5997,0,2,2,Known_Family_Only
6021,1,1,2,Expanded_Known_Family
6024,2,0,2,Potential_Novel_Family
6015,1,1,2,Expanded_Known_Family
6020,1,1,2,Expanded_Known_Family
6029,2,0,2,Potential_Novel_Family
6030,2,0,2,Potential_Novel_Family
1065,1,1,2,Expanded_Known_Family
1066,0,2,2,Known_Family_Only
12592,1,1,2,Expanded_Known_Family
12587,2,0,2,Potential_Novel_Family
1020,1,1,2,Expanded_Known_Family
1006,2,0,2,Potential_Novel_Family
1007,0,2,2,Known_Family_Only
1009,0,2,2,Known_Family_Only
1056,2,0,2,Potential_Novel_Family
1060,1,1,2,Expanded_Known_Family
1051,2,0,2,Potential_Novel_Family
12588,1,1,2,Expanded_Known_Family
12580,2,0,2,Potential_Novel_Family
12570,2,0,2,Potential_Novel_Family
12571,1,1,2,Expanded_Known_Family
1064,1,1,2,Expanded_Known_Family
4099,2,0,2,Potential_Novel_Family
912,0,2,2,Known_Family_Only
996,0,2,2,Known_Family_Only
12705,0,2,2,Known_Family_Only
12706,1,1,2,Expanded_Known_Family
12707,0,2,2,Known_Family_Only
12694,2,0,2,Potential_Novel_Family
997,1,1,2,Expanded_Known_Family
5985,1,1,2,Expanded_Known_Family
5977,2,0,2,Potential_Novel_Family
4078,2,0,2,Potential_Novel_Family
4081,2,0,2,Potential_Novel_Family
4082,2,0,2,Potential_Novel_Family
5989,0,2,2,Known_Family_Only
4094,1,1,2,Expanded_Known_Family
4095,1,1,2,Expanded_Known_Family
6047,1,1,2,Expanded_Known_Family
6037,1,1,2,Expanded_Known_Family
5978,0,2,2,Known_Family_Only
5980,1,1,2,Expanded_Known_Family
4139,1,1,2,Expanded_Known_Family
4129,2,0,2,Potential_Novel_Family
5994,1,1,2,Expanded_Known_Family
5995,1,1,2,Expanded_Known_Family
1018,1,1,2,Expanded_Known_Family
12651,2,0,2,Potential_Novel_Family
12644,2,0,2,Potential_Novel_Family
1030,2,0,2,Potential_Novel_Family
12677,2,0,2,Potential_Novel_Family
12675,2,0,2,Potential_Novel_Family
12660,1,1,2,Expanded_Known_Family
982,1,1,2,Expanded_Known_Family
961,2,0,2,Potential_Novel_Family
962,1,1,2,Expanded_Known_Family
955,1,1,2,Expanded_Known_Family
12779,1,1,2,Expanded_Known_Family
12772,2,0,2,Potential_Novel_Family
12804,1,1,2,Expanded_Known_Family
12792,0,2,2,Known_Family_Only
12785,1,1,2,Expanded_Known_Family
5896,2,0,2,Potential_Novel_Family
5950,2,0,2,Potential_Novel_Family
5927,0,2,2,Known_Family_Only
5914,2,0,2,Potential_Novel_Family
5916,0,2,2,Known_Family_Only
4120,2,0,2,Potential_Novel_Family
958,1,1,2,Expanded_Known_Family
959,0,2,2,Known_Family_Only
948,0,2,2,Known_Family_Only
12741,0,2,2,Known_Family_Only
5891,1,1,2,Expanded_Known_Family
5877,0,2,2,Known_Family_Only
5878,2,0,2,Potential_Novel_Family
5869,2,0,2,Potential_Novel_Family
5903,2,0,2,Potential_Novel_Family
5906,2,0,2,Potential_Novel_Family
12740,2,0,2,Potential_Novel_Family
12731,1,1,2,Expanded_Known_Family
12717,1,1,2,Expanded_Known_Family
12723,1,1,2,Expanded_Known_Family
12701,2,0,2,Potential_Novel_Family
942,0,2,2,Known_Family_Only
945,2,0,2,Potential_Novel_Family
946,1,1,2,Expanded_Known_Family
936,0,2,2,Known_Family_Only
930,0,2,2,Known_Family_Only
12849,2,0,2,Potential_Novel_Family
12842,2,0,2,Potential_Novel_Family
884,2,0,2,Potential_Novel_Family
12869,2,0,2,Potential_Novel_Family
12856,2,0,2,Potential_Novel_Family
12859,2,0,2,Potential_Novel_Family
4156,1,1,2,Expanded_Known_Family
4141,2,0,2,Potential_Novel_Family
5876,2,0,2,Potential_Novel_Family
4166,1,1,2,Expanded_Known_Family
4170,2,0,2,Potential_Novel_Family
859,0,2,2,Known_Family_Only
12828,2,0,2,Potential_Novel_Family
12818,0,2,2,Known_Family_Only
5863,1,1,2,Expanded_Known_Family
5866,0,2,2,Known_Family_Only
5845,0,2,2,Known_Family_Only
4161,1,1,2,Expanded_Known_Family
4163,1,1,2,Expanded_Known_Family
4151,0,2,2,Known_Family_Only
4152,2,0,2,Potential_Novel_Family
4155,1,1,2,Expanded_Known_Family
918,2,0,2,Potential_Novel_Family
4124,2,0,2,Potential_Novel_Family
4109,2,0,2,Potential_Novel_Family
4113,2,0,2,Potential_Novel_Family
4199,1,1,2,Expanded_Known_Family
4201,0,2,2,Known_Family_Only
4203,2,0,2,Potential_Novel_Family
4142,1,1,2,Expanded_Known_Family
825,0,2,2,Known_Family_Only
908,1,1,2,Expanded_Known_Family
893,1,1,2,Expanded_Known_Family
895,0,2,2,Known_Family_Only
897,0,2,2,Known_Family_Only
898,1,1,2,Expanded_Known_Family
885,1,1,2,Expanded_Known_Family
12892,1,1,2,Expanded_Known_Family
4179,1,1,2,Expanded_Known_Family
5834,2,0,2,Potential_Novel_Family
5814,2,0,2,Potential_Novel_Family
5815,1,1,2,Expanded_Known_Family
4195,2,0,2,Potential_Novel_Family
4181,0,2,2,Known_Family_Only
4183,2,0,2,Potential_Novel_Family
822,0,2,2,Known_Family_Only
4228,2,0,2,Potential_Novel_Family
4213,2,0,2,Potential_Novel_Family
4218,1,1,2,Expanded_Known_Family
5820,2,0,2,Potential_Novel_Family
5810,1,1,2,Expanded_Known_Family
5812,2,0,2,Potential_Novel_Family
4231,1,1,2,Expanded_Known_Family
4232,2,0,2,Potential_Novel_Family
886,0,2,2,Known_Family_Only
888,2,0,2,Potential_Novel_Family
889,1,1,2,Expanded_Known_Family
4160,1,1,2,Expanded_Known_Family
4236,1,1,2,Expanded_Known_Family
4222,2,0,2,Potential_Novel_Family
4223,1,1,2,Expanded_Known_Family
4227,2,0,2,Potential_Novel_Family
4207,2,0,2,Potential_Novel_Family
4209,0,2,2,Known_Family_Only
786,0,2,2,Known_Family_Only
12913,1,1,2,Expanded_Known_Family
873,1,1,2,Expanded_Known_Family
874,1,1,2,Expanded_Known_Family
875,1,1,2,Expanded_Known_Family
876,1,1,2,Expanded_Known_Family
5777,2,0,2,Potential_Novel_Family
5778,0,2,2,Known_Family_Only
4263,1,1,2,Expanded_Known_Family
5804,0,2,2,Known_Family_Only
5789,2,0,2,Potential_Novel_Family
5791,0,2,2,Known_Family_Only
5796,1,1,2,Expanded_Known_Family
5785,1,1,2,Expanded_Known_Family
868,2,0,2,Potential_Novel_Family
853,1,1,2,Expanded_Known_Family
4173,2,0,2,Potential_Novel_Family
4265,1,1,2,Expanded_Known_Family
4254,1,1,2,Expanded_Known_Family
4259,2,0,2,Potential_Novel_Family
5786,2,0,2,Potential_Novel_Family
5775,0,2,2,Known_Family_Only
12882,2,0,2,Potential_Novel_Family
907,1,1,2,Expanded_Known_Family
846,2,0,2,Potential_Novel_Family
851,2,0,2,Potential_Novel_Family
852,2,0,2,Potential_Novel_Family
12906,2,0,2,Potential_Novel_Family
12897,1,1,2,Expanded_Known_Family
12899,0,2,2,Known_Family_Only
4244,0,2,2,Known_Family_Only
5766,1,1,2,Expanded_Known_Family
754,2,0,2,Potential_Novel_Family
13065,0,2,2,Known_Family_Only
12964,1,1,2,Expanded_Known_Family
12947,2,0,2,Potential_Novel_Family
12965,1,1,2,Expanded_Known_Family
12966,2,0,2,Potential_Novel_Family
5734,2,0,2,Potential_Novel_Family
5737,1,1,2,Expanded_Known_Family
5721,2,0,2,Potential_Novel_Family
5709,2,0,2,Potential_Novel_Family
5754,2,0,2,Potential_Novel_Family
5745,2,0,2,Potential_Novel_Family
5747,2,0,2,Potential_Novel_Family
4252,0,2,2,Known_Family_Only
834,1,1,2,Expanded_Known_Family
836,1,1,2,Expanded_Known_Family
5798,1,1,2,Expanded_Known_Family
5800,1,1,2,Expanded_Known_Family
5803,0,2,2,Known_Family_Only
5715,1,1,2,Expanded_Known_Family
4297,1,1,2,Expanded_Known_Family
4288,2,0,2,Potential_Novel_Family
12938,1,1,2,Expanded_Known_Family
12939,1,1,2,Expanded_Known_Family
12926,2,0,2,Potential_Novel_Family
12928,2,0,2,Potential_Novel_Family
12931,2,0,2,Potential_Novel_Family
12909,1,1,2,Expanded_Known_Family
826,1,1,2,Expanded_Known_Family
843,2,0,2,Potential_Novel_Family
4271,0,2,2,Known_Family_Only
4274,1,1,2,Expanded_Known_Family
4275,2,0,2,Potential_Novel_Family
5620,2,0,2,Potential_Novel_Family
4364,2,0,2,Potential_Novel_Family
5632,2,0,2,Potential_Novel_Family
5626,1,1,2,Expanded_Known_Family
5628,2,0,2,Potential_Novel_Family
5662,0,2,2,Known_Family_Only
5703,1,1,2,Expanded_Known_Family
5706,2,0,2,Potential_Novel_Family
5695,1,1,2,Expanded_Known_Family
5697,2,0,2,Potential_Novel_Family
5698,0,2,2,Known_Family_Only
5700,2,0,2,Potential_Novel_Family
4278,1,1,2,Expanded_Known_Family
5667,1,1,2,Expanded_Known_Family
5655,1,1,2,Expanded_Known_Family
5660,2,0,2,Potential_Novel_Family
5692,2,0,2,Potential_Novel_Family
5678,2,0,2,Potential_Novel_Family
5674,1,1,2,Expanded_Known_Family
5675,2,0,2,Potential_Novel_Family
5661,2,0,2,Potential_Novel_Family
12970,2,0,2,Potential_Novel_Family
12963,0,2,2,Known_Family_Only
13002,1,1,2,Expanded_Known_Family
12978,1,1,2,Expanded_Known_Family
792,2,0,2,Potential_Novel_Family
781,0,2,2,Known_Family_Only
5758,2,0,2,Potential_Novel_Family
5663,1,1,2,Expanded_Known_Family
13055,2,0,2,Potential_Novel_Family
13044,2,0,2,Potential_Novel_Family
13031,2,0,2,Potential_Novel_Family
13033,2,0,2,Potential_Novel_Family
762,0,2,2,Known_Family_Only
750,1,1,2,Expanded_Known_Family
13227,1,1,2,Expanded_Known_Family
774,2,0,2,Potential_Novel_Family
791,1,1,2,Expanded_Known_Family
13024,0,2,2,Known_Family_Only
13025,2,0,2,Potential_Novel_Family
13027,0,2,2,Known_Family_Only
13028,0,2,2,Known_Family_Only
13008,0,2,2,Known_Family_Only
805,1,1,2,Expanded_Known_Family
13068,1,1,2,Expanded_Known_Family
5651,2,0,2,Potential_Novel_Family
13125,0,2,2,Known_Family_Only
13126,2,0,2,Potential_Novel_Family
13127,2,0,2,Potential_Novel_Family
806,2,0,2,Potential_Novel_Family
797,0,2,2,Known_Family_Only
801,0,2,2,Known_Family_Only
803,1,1,2,Expanded_Known_Family
4321,0,2,2,Known_Family_Only
4322,1,1,2,Expanded_Known_Family
4310,1,1,2,Expanded_Known_Family
5641,2,0,2,Potential_Novel_Family
5643,2,0,2,Potential_Novel_Family
5645,1,1,2,Expanded_Known_Family
5647,2,0,2,Potential_Novel_Family
5648,0,2,2,Known_Family_Only
655,0,2,2,Known_Family_Only
744,1,1,2,Expanded_Known_Family
734,1,1,2,Expanded_Known_Family
13168,2,0,2,Potential_Novel_Family
13172,2,0,2,Potential_Novel_Family
13160,0,2,2,Known_Family_Only
13213,2,0,2,Potential_Novel_Family
13208,2,0,2,Potential_Novel_Family
4376,1,1,2,Expanded_Known_Family
5553,1,1,2,Expanded_Known_Family
5585,1,1,2,Expanded_Known_Family
5576,0,2,2,Known_Family_Only
5565,1,1,2,Expanded_Known_Family
5569,1,1,2,Expanded_Known_Family
4346,1,1,2,Expanded_Known_Family
4334,0,2,2,Known_Family_Only
13117,1,1,2,Expanded_Known_Family
13104,1,1,2,Expanded_Known_Family
729,1,1,2,Expanded_Known_Family
722,2,0,2,Potential_Novel_Family
724,0,2,2,Known_Family_Only
4317,2,0,2,Potential_Novel_Family
4394,2,0,2,Potential_Novel_Family
4381,2,0,2,Potential_Novel_Family
777,0,2,2,Known_Family_Only
766,0,2,2,Known_Family_Only
772,1,1,2,Expanded_Known_Family
758,2,0,2,Potential_Novel_Family
13087,2,0,2,Potential_Novel_Family
13069,2,0,2,Potential_Novel_Family
13074,2,0,2,Potential_Novel_Family
13130,2,0,2,Potential_Novel_Family
13256,2,0,2,Potential_Novel_Family
656,1,1,2,Expanded_Known_Family
658,1,1,2,Expanded_Known_Family
13279,0,2,2,Known_Family_Only
13271,1,1,2,Expanded_Known_Family
673,2,0,2,Potential_Novel_Family
663,0,2,2,Known_Family_Only
683,0,2,2,Known_Family_Only
639,2,0,2,Potential_Novel_Family
642,2,0,2,Potential_Novel_Family
716,2,0,2,Potential_Novel_Family
695,2,0,2,Potential_Novel_Family
697,1,1,2,Expanded_Known_Family
13265,2,0,2,Potential_Novel_Family
13267,2,0,2,Potential_Novel_Family
13254,1,1,2,Expanded_Known_Family
4410,2,0,2,Potential_Novel_Family
4411,0,2,2,Known_Family_Only
5511,1,1,2,Expanded_Known_Family
5501,0,2,2,Known_Family_Only
5485,2,0,2,Potential_Novel_Family
5525,2,0,2,Potential_Novel_Family
5530,0,2,2,Known_Family_Only
638,1,1,2,Expanded_Known_Family
13197,2,0,2,Potential_Novel_Family
13194,1,1,2,Expanded_Known_Family
698,1,1,2,Expanded_Known_Family
685,1,1,2,Expanded_Known_Family
689,0,2,2,Known_Family_Only
5598,0,2,2,Known_Family_Only
4413,2,0,2,Potential_Novel_Family
4419,1,1,2,Expanded_Known_Family
13340,2,0,2,Potential_Novel_Family
13325,0,2,2,Known_Family_Only
646,2,0,2,Potential_Novel_Family
13357,2,0,2,Potential_Novel_Family
13359,2,0,2,Potential_Novel_Family
13356,2,0,2,Potential_Novel_Family
13382,0,2,2,Known_Family_Only
13375,2,0,2,Potential_Novel_Family
5419,1,1,2,Expanded_Known_Family
5408,2,0,2,Potential_Novel_Family
5459,2,0,2,Potential_Novel_Family
5447,0,2,2,Known_Family_Only
5440,0,2,2,Known_Family_Only
5480,2,0,2,Potential_Novel_Family
574,1,1,2,Expanded_Known_Family
575,1,1,2,Expanded_Known_Family
5538,2,0,2,Potential_Novel_Family
5409,2,0,2,Potential_Novel_Family
5398,2,0,2,Potential_Novel_Family
5402,2,0,2,Potential_Novel_Family
5392,2,0,2,Potential_Novel_Family
5435,2,0,2,Potential_Novel_Family
5421,1,1,2,Expanded_Known_Family
5418,2,0,2,Potential_Novel_Family
13323,0,2,2,Known_Family_Only
13311,2,0,2,Potential_Novel_Family
634,0,2,2,Known_Family_Only
621,0,2,2,Known_Family_Only
648,1,1,2,Expanded_Known_Family
637,1,1,2,Expanded_Known_Family
5548,2,0,2,Potential_Novel_Family
5536,0,2,2,Known_Family_Only
4436,1,1,2,Expanded_Known_Family
5388,0,2,2,Known_Family_Only
5374,2,0,2,Potential_Novel_Family
4448,2,0,2,Potential_Novel_Family
516,2,0,2,Potential_Novel_Family
13443,1,1,2,Expanded_Known_Family
13421,0,2,2,Known_Family_Only
584,1,1,2,Expanded_Known_Family
4482,1,1,2,Expanded_Known_Family
5379,2,0,2,Potential_Novel_Family
5366,0,2,2,Known_Family_Only
5357,2,0,2,Potential_Novel_Family
4429,0,2,2,Known_Family_Only
4430,1,1,2,Expanded_Known_Family
4433,2,0,2,Potential_Novel_Family
4435,0,2,2,Known_Family_Only
606,2,0,2,Potential_Novel_Family
13398,2,0,2,Potential_Novel_Family
13395,0,2,2,Known_Family_Only
565,2,0,2,Potential_Novel_Family
569,2,0,2,Potential_Novel_Family
5469,2,0,2,Potential_Novel_Family
5363,2,0,2,Potential_Novel_Family
4485,2,0,2,Potential_Novel_Family
13377,1,1,2,Expanded_Known_Family
13370,2,0,2,Potential_Novel_Family
599,0,2,2,Known_Family_Only
604,1,1,2,Expanded_Known_Family
525,1,1,2,Expanded_Known_Family
528,2,0,2,Potential_Novel_Family
616,1,1,2,Expanded_Known_Family
605,1,1,2,Expanded_Known_Family
471,0,2,2,Known_Family_Only
553,2,0,2,Potential_Novel_Family
543,2,0,2,Potential_Novel_Family
13501,1,1,2,Expanded_Known_Family
13492,1,1,2,Expanded_Known_Family
504,2,0,2,Potential_Novel_Family
493,2,0,2,Potential_Novel_Family
495,0,2,2,Known_Family_Only
4499,2,0,2,Potential_Novel_Family
5340,0,2,2,Known_Family_Only
5329,2,0,2,Potential_Novel_Family
5330,1,1,2,Expanded_Known_Family
5345,0,2,2,Known_Family_Only
5334,1,1,2,Expanded_Known_Family
4483,2,0,2,Potential_Novel_Family
4467,1,1,2,Expanded_Known_Family
532,1,1,2,Expanded_Known_Family
13464,2,0,2,Potential_Novel_Family
13468,0,2,2,Known_Family_Only
534,2,0,2,Potential_Novel_Family
535,1,1,2,Expanded_Known_Family
536,0,2,2,Known_Family_Only
4450,0,2,2,Known_Family_Only
4441,2,0,2,Potential_Novel_Family
13454,0,2,2,Known_Family_Only
13455,2,0,2,Potential_Novel_Family
13446,0,2,2,Known_Family_Only
13450,0,2,2,Known_Family_Only
13438,2,0,2,Potential_Novel_Family
13440,2,0,2,Potential_Novel_Family
529,1,1,2,Expanded_Known_Family
531,1,1,2,Expanded_Known_Family
13548,2,0,2,Potential_Novel_Family
13540,0,2,2,Known_Family_Only
476,1,1,2,Expanded_Known_Family
461,2,0,2,Potential_Novel_Family
466,0,2,2,Known_Family_Only
467,1,1,2,Expanded_Known_Family
13541,1,1,2,Expanded_Known_Family
483,1,1,2,Expanded_Known_Family
436,2,0,2,Potential_Novel_Family
13639,0,2,2,Known_Family_Only
13517,2,0,2,Potential_Novel_Family
13518,2,0,2,Potential_Novel_Family
517,0,2,2,Known_Family_Only
520,0,2,2,Known_Family_Only
13544,1,1,2,Expanded_Known_Family
13545,1,1,2,Expanded_Known_Family
4550,1,1,2,Expanded_Known_Family
5306,0,2,2,Known_Family_Only
5308,1,1,2,Expanded_Known_Family
5292,2,0,2,Potential_Novel_Family
5281,0,2,2,Known_Family_Only
5282,0,2,2,Known_Family_Only
5319,2,0,2,Potential_Novel_Family
5320,1,1,2,Expanded_Known_Family
499,1,1,2,Expanded_Known_Family
4556,1,1,2,Expanded_Known_Family
4545,2,0,2,Potential_Novel_Family
4548,2,0,2,Potential_Novel_Family
4534,0,2,2,Known_Family_Only
4540,0,2,2,Known_Family_Only
5263,0,2,2,Known_Family_Only
5266,1,1,2,Expanded_Known_Family
13652,2,0,2,Potential_Novel_Family
460,0,2,2,Known_Family_Only
403,0,2,2,Known_Family_Only
13676,1,1,2,Expanded_Known_Family
13664,1,1,2,Expanded_Known_Family
13665,2,0,2,Potential_Novel_Family
418,2,0,2,Potential_Novel_Family
411,0,2,2,Known_Family_Only
5218,0,2,2,Known_Family_Only
4528,2,0,2,Potential_Novel_Family
5257,0,2,2,Known_Family_Only
370,1,1,2,Expanded_Known_Family
445,2,0,2,Potential_Novel_Family
451,1,1,2,Expanded_Known_Family
439,0,2,2,Known_Family_Only
13645,1,1,2,Expanded_Known_Family
4586,2,0,2,Potential_Novel_Family
4579,0,2,2,Known_Family_Only
4566,2,0,2,Potential_Novel_Family
4567,1,1,2,Expanded_Known_Family
5210,0,2,2,Known_Family_Only
4583,1,1,2,Expanded_Known_Family
5240,1,1,2,Expanded_Known_Family
5241,1,1,2,Expanded_Known_Family
401,1,1,2,Expanded_Known_Family
13576,2,0,2,Potential_Novel_Family
13579,2,0,2,Potential_Novel_Family
13580,2,0,2,Potential_Novel_Family
13561,1,1,2,Expanded_Known_Family
13644,0,2,2,Known_Family_Only
13633,2,0,2,Potential_Novel_Family
430,1,1,2,Expanded_Known_Family
13760,2,0,2,Potential_Novel_Family
13741,1,1,2,Expanded_Known_Family
13742,2,0,2,Potential_Novel_Family
13734,2,0,2,Potential_Novel_Family
379,0,2,2,Known_Family_Only
380,2,0,2,Potential_Novel_Family
312,1,1,2,Expanded_Known_Family
315,0,2,2,Known_Family_Only
4572,2,0,2,Potential_Novel_Family
348,2,0,2,Potential_Novel_Family
13679,2,0,2,Potential_Novel_Family
13716,0,2,2,Known_Family_Only
13693,2,0,2,Potential_Novel_Family
13694,1,1,2,Expanded_Known_Family
13696,0,2,2,Known_Family_Only
13771,2,0,2,Potential_Novel_Family
5174,0,2,2,Known_Family_Only
5178,1,1,2,Expanded_Known_Family
5170,1,1,2,Expanded_Known_Family
4613,2,0,2,Potential_Novel_Family
4616,1,1,2,Expanded_Known_Family
5192,0,2,2,Known_Family_Only
5193,2,0,2,Potential_Novel_Family
5173,2,0,2,Potential_Novel_Family
5249,1,1,2,Expanded_Known_Family
5250,2,0,2,Potential_Novel_Family
4609,1,1,2,Expanded_Known_Family
4610,1,1,2,Expanded_Known_Family
4611,1,1,2,Expanded_Known_Family
4599,2,0,2,Potential_Novel_Family
4601,0,2,2,Known_Family_Only
4591,0,2,2,Known_Family_Only
357,1,1,2,Expanded_Known_Family
305,1,1,2,Expanded_Known_Family
308,1,1,2,Expanded_Known_Family
321,0,2,2,Known_Family_Only
322,1,1,2,Expanded_Known_Family
324,1,1,2,Expanded_Known_Family
310,0,2,2,Known_Family_Only
330,0,2,2,Known_Family_Only
5126,1,1,2,Expanded_Known_Family
5132,2,0,2,Potential_Novel_Family
4595,0,2,2,Known_Family_Only
5161,0,2,2,Known_Family_Only
363,0,2,2,Known_Family_Only
354,2,0,2,Potential_Novel_Family
355,0,2,2,Known_Family_Only
13813,0,2,2,Known_Family_Only
5088,0,2,2,Known_Family_Only
5090,2,0,2,Potential_Novel_Family
5080,1,1,2,Expanded_Known_Family
5081,1,1,2,Expanded_Known_Family
5071,1,1,2,Expanded_Known_Family
5094,2,0,2,Potential_Novel_Family
5085,1,1,2,Expanded_Known_Family
5135,0,2,2,Known_Family_Only
392,1,1,2,Expanded_Known_Family
393,2,0,2,Potential_Novel_Family
387,0,2,2,Known_Family_Only
13786,0,2,2,Known_Family_Only
13776,2,0,2,Potential_Novel_Family
390,2,0,2,Potential_Novel_Family
347,0,2,2,Known_Family_Only
4561,2,0,2,Potential_Novel_Family
5062,0,2,2,Known_Family_Only
4645,1,1,2,Expanded_Known_Family
4648,1,1,2,Expanded_Known_Family
207,0,2,2,Known_Family_Only
13857,2,0,2,Potential_Novel_Family
13859,1,1,2,Expanded_Known_Family
13865,2,0,2,Potential_Novel_Family
13868,1,1,2,Expanded_Known_Family
4677,2,0,2,Potential_Novel_Family
4681,1,1,2,Expanded_Known_Family
4671,2,0,2,Potential_Novel_Family
5068,0,2,2,Known_Family_Only
4633,2,0,2,Potential_Novel_Family
4635,1,1,2,Expanded_Known_Family
4622,1,1,2,Expanded_Known_Family
5061,1,1,2,Expanded_Known_Family
292,1,1,2,Expanded_Known_Family
280,0,2,2,Known_Family_Only
282,2,0,2,Potential_Novel_Family
283,1,1,2,Expanded_Known_Family
297,1,1,2,Expanded_Known_Family
5141,2,0,2,Potential_Novel_Family
5144,2,0,2,Potential_Novel_Family
5052,0,2,2,Known_Family_Only
317,2,0,2,Potential_Novel_Family
319,1,1,2,Expanded_Known_Family
272,1,1,2,Expanded_Known_Family
276,1,1,2,Expanded_Known_Family
326,0,2,2,Known_Family_Only
327,1,1,2,Expanded_Known_Family
289,0,2,2,Known_Family_Only
290,2,0,2,Potential_Novel_Family
255,1,1,2,Expanded_Known_Family
256,0,2,2,Known_Family_Only
13925,2,0,2,Potential_Novel_Family
13932,1,1,2,Expanded_Known_Family
13902,0,2,2,Known_Family_Only
13905,2,0,2,Potential_Novel_Family
13906,1,1,2,Expanded_Known_Family
13961,2,0,2,Potential_Novel_Family
4666,2,0,2,Potential_Novel_Family
4656,2,0,2,Potential_Novel_Family
4658,2,0,2,Potential_Novel_Family
173,2,0,2,Potential_Novel_Family
175,2,0,2,Potential_Novel_Family
264,1,1,2,Expanded_Known_Family
265,1,1,2,Expanded_Known_Family
268,0,2,2,Known_Family_Only
4631,1,1,2,Expanded_Known_Family
4988,2,0,2,Potential_Novel_Family
4709,2,0,2,Potential_Novel_Family
4710,2,0,2,Potential_Novel_Family
4998,1,1,2,Expanded_Known_Family
4987,2,0,2,Potential_Novel_Family
5018,1,1,2,Expanded_Known_Family
5005,0,2,2,Known_Family_Only
13854,2,0,2,Potential_Novel_Family
242,1,1,2,Expanded_Known_Family
13899,0,2,2,Known_Family_Only
13889,2,0,2,Potential_Novel_Family
13877,2,0,2,Potential_Novel_Family
13869,1,1,2,Expanded_Known_Family
248,0,2,2,Known_Family_Only
4643,0,2,2,Known_Family_Only
4715,1,1,2,Expanded_Known_Family
4702,1,1,2,Expanded_Known_Family
4705,2,0,2,Potential_Novel_Family
4706,2,0,2,Potential_Novel_Family
4695,0,2,2,Known_Family_Only
4686,2,0,2,Potential_Novel_Family
4773,2,0,2,Potential_Novel_Family
4776,2,0,2,Potential_Novel_Family
4736,0,2,2,Known_Family_Only
4737,2,0,2,Potential_Novel_Family
4739,1,1,2,Expanded_Known_Family
4727,2,0,2,Potential_Novel_Family
4744,1,1,2,Expanded_Known_Family
4692,2,0,2,Potential_Novel_Family
4965,2,0,2,Potential_Novel_Family
4958,0,2,2,Known_Family_Only
222,0,2,2,Known_Family_Only
13994,1,1,2,Expanded_Known_Family
176,0,2,2,Known_Family_Only
177,2,0,2,Potential_Novel_Family
13993,2,0,2,Potential_Novel_Family
183,1,1,2,Expanded_Known_Family
187,0,2,2,Known_Family_Only
188,0,2,2,Known_Family_Only
13962,0,2,2,Known_Family_Only
213,1,1,2,Expanded_Known_Family
216,0,2,2,Known_Family_Only
159,2,0,2,Potential_Novel_Family
161,1,1,2,Expanded_Known_Family
232,2,0,2,Potential_Novel_Family
233,1,1,2,Expanded_Known_Family
236,2,0,2,Potential_Novel_Family
4928,0,2,2,Known_Family_Only
23,2,0,2,Potential_Novel_Family
27,0,2,2,Known_Family_Only
33,0,2,2,Known_Family_Only
40,0,2,2,Known_Family_Only
74,1,1,2,Expanded_Known_Family
69,0,2,2,Known_Family_Only
4808,2,0,2,Potential_Novel_Family
14081,0,2,2,Known_Family_Only
14076,2,0,2,Potential_Novel_Family
81,2,0,2,Potential_Novel_Family
14140,2,0,2,Potential_Novel_Family
14118,2,0,2,Potential_Novel_Family
14123,1,1,2,Expanded_Known_Family
14104,2,0,2,Potential_Novel_Family
91,0,2,2,Known_Family_Only
14042,2,0,2,Potential_Novel_Family
120,2,0,2,Potential_Novel_Family
122,0,2,2,Known_Family_Only
4864,1,1,2,Expanded_Known_Family
132,1,1,2,Expanded_Known_Family
117,0,2,2,Known_Family_Only
14092,1,1,2,Expanded_Known_Family
14079,1,1,2,Expanded_Known_Family
14018,2,0,2,Potential_Novel_Family
14012,1,1,2,Expanded_Known_Family
14003,2,0,2,Potential_Novel_Family
14022,2,0,2,Potential_Novel_Family
14023,1,1,2,Expanded_Known_Family
14014,2,0,2,Potential_Novel_Family
116,1,1,2,Expanded_Known_Family
14056,2,0,2,Potential_Novel_Family
54,0,2,2,Known_Family_Only
8853,2,0,2,Potential_Novel_Family
2627,0,2,2,Known_Family_Only
2617,0,2,2,Known_Family_Only
8790,1,1,2,Expanded_Known_Family
8784,2,0,2,Potential_Novel_Family
2632,1,1,2,Expanded_Known_Family
2579,2,0,2,Potential_Novel_Family
14177,0,2,2,Known_Family_Only
14165,2,0,2,Potential_Novel_Family
102,1,1,2,Expanded_Known_Family
45,1,1,2,Expanded_Known_Family
46,2,0,2,Potential_Novel_Family
49,0,2,2,Known_Family_Only
52,0,2,2,Known_Family_Only
67,1,1,2,Expanded_Known_Family
4861,2,0,2,Potential_Novel_Family
43,1,1,2,Expanded_Known_Family
108,1,1,2,Expanded_Known_Family
93,2,0,2,Potential_Novel_Family
94,1,1,2,Expanded_Known_Family
97,2,0,2,Potential_Novel_Family
99,1,1,2,Expanded_Known_Family
14211,2,0,2,Potential_Novel_Family
4846,1,1,2,Expanded_Known_Family
4848,0,2,2,Known_Family_Only
4849,0,2,2,Known_Family_Only
4852,1,1,2,Expanded_Known_Family
4840,2,0,2,Potential_Novel_Family
4843,2,0,2,Potential_Novel_Family
4756,2,0,2,Potential_Novel_Family
4871,2,0,2,Potential_Novel_Family
14333,1,0,1,Potential_Novel_Family
29,1,0,1,Potential_Novel_Family
14285,1,0,1,Potential_Novel_Family
14286,1,0,1,Potential_Novel_Family
14288,1,0,1,Potential_Novel_Family
14262,0,1,1,Known_Family_Only
14263,0,1,1,Known_Family_Only
14264,1,0,1,Potential_Novel_Family
14265,1,0,1,Potential_Novel_Family
14266,0,1,1,Known_Family_Only
14267,1,0,1,Potential_Novel_Family
14268,0,1,1,Known_Family_Only
14269,0,1,1,Known_Family_Only
14254,1,0,1,Potential_Novel_Family
14255,0,1,1,Known_Family_Only
14256,0,1,1,Known_Family_Only
14257,1,0,1,Potential_Novel_Family
14258,0,1,1,Known_Family_Only
14259,1,0,1,Potential_Novel_Family
14260,1,0,1,Potential_Novel_Family
14261,0,1,1,Known_Family_Only
14246,1,0,1,Potential_Novel_Family
14247,1,0,1,Potential_Novel_Family
14248,1,0,1,Potential_Novel_Family
14249,1,0,1,Potential_Novel_Family
14250,1,0,1,Potential_Novel_Family
14251,0,1,1,Known_Family_Only
14252,0,1,1,Known_Family_Only
14253,0,1,1,Known_Family_Only
14237,0,1,1,Known_Family_Only
14238,1,0,1,Potential_Novel_Family
14239,0,1,1,Known_Family_Only
14240,1,0,1,Potential_Novel_Family
14241,0,1,1,Known_Family_Only
14242,1,0,1,Potential_Novel_Family
14243,1,0,1,Potential_Novel_Family
14244,1,0,1,Potential_Novel_Family
4823,1,0,1,Potential_Novel_Family
4824,1,0,1,Potential_Novel_Family
4825,1,0,1,Potential_Novel_Family
4826,1,0,1,Potential_Novel_Family
4827,1,0,1,Potential_Novel_Family
4828,1,0,1,Potential_Novel_Family
4829,0,1,1,Known_Family_Only
4831,0,1,1,Known_Family_Only
4813,1,0,1,Potential_Novel_Family
4814,1,0,1,Potential_Novel_Family
4816,0,1,1,Known_Family_Only
4817,1,0,1,Potential_Novel_Family
4818,1,0,1,Potential_Novel_Family
4819,0,1,1,Known_Family_Only
4820,0,1,1,Known_Family_Only
4821,1,0,1,Potential_Novel_Family
4799,1,0,1,Potential_Novel_Family
4800,0,1,1,Known_Family_Only
4803,1,0,1,Potential_Novel_Family
4805,1,0,1,Potential_Novel_Family
4806,0,1,1,Known_Family_Only
4809,1,0,1,Potential_Novel_Family
4810,0,1,1,Known_Family_Only
4812,1,0,1,Potential_Novel_Family
4789,1,0,1,Potential_Novel_Family
4790,1,0,1,Potential_Novel_Family
4792,1,0,1,Potential_Novel_Family
4793,0,1,1,Known_Family_Only
4794,1,0,1,Potential_Novel_Family
4796,1,0,1,Potential_Novel_Family
4797,1,0,1,Potential_Novel_Family
4798,1,0,1,Potential_Novel_Family
4872,1,0,1,Potential_Novel_Family
4873,1,0,1,Potential_Novel_Family
4874,0,1,1,Known_Family_Only
4875,1,0,1,Potential_Novel_Family
4876,1,0,1,Potential_Novel_Family
4749,1,0,1,Potential_Novel_Family
4750,1,0,1,Potential_Novel_Family
4751,0,1,1,Known_Family_Only
4859,0,1,1,Known_Family_Only
4860,1,0,1,Potential_Novel_Family
4862,1,0,1,Potential_Novel_Family
4863,1,0,1,Potential_Novel_Family
4865,1,0,1,Potential_Novel_Family
4867,1,0,1,Potential_Novel_Family
4868,0,1,1,Known_Family_Only
4869,0,1,1,Known_Family_Only
4844,1,0,1,Potential_Novel_Family
4845,0,1,1,Known_Family_Only
4847,1,0,1,Potential_Novel_Family
4850,1,0,1,Potential_Novel_Family
4851,1,0,1,Potential_Novel_Family
4854,0,1,1,Known_Family_Only
4856,1,0,1,Potential_Novel_Family
4858,0,1,1,Known_Family_Only
4832,0,1,1,Known_Family_Only
4833,1,0,1,Potential_Novel_Family
4836,1,0,1,Potential_Novel_Family
4837,0,1,1,Known_Family_Only
4838,1,0,1,Potential_Novel_Family
4839,1,0,1,Potential_Novel_Family
4841,0,1,1,Known_Family_Only
4842,0,1,1,Known_Family_Only
4885,1,0,1,Potential_Novel_Family
4887,0,1,1,Known_Family_Only
4888,0,1,1,Known_Family_Only
4889,0,1,1,Known_Family_Only
4890,1,0,1,Potential_Novel_Family
4891,1,0,1,Potential_Novel_Family
4892,1,0,1,Potential_Novel_Family
4893,0,1,1,Known_Family_Only
4777,1,0,1,Potential_Novel_Family
4778,0,1,1,Known_Family_Only
4779,1,0,1,Potential_Novel_Family
4877,0,1,1,Known_Family_Only
4878,1,0,1,Potential_Novel_Family
4881,1,0,1,Potential_Novel_Family
4883,0,1,1,Known_Family_Only
4884,1,0,1,Potential_Novel_Family
4765,0,1,1,Known_Family_Only
4766,0,1,1,Known_Family_Only
4767,1,0,1,Potential_Novel_Family
4769,1,0,1,Potential_Novel_Family
4770,1,0,1,Potential_Novel_Family
4772,0,1,1,Known_Family_Only
4774,0,1,1,Known_Family_Only
4775,0,1,1,Known_Family_Only
4752,1,0,1,Potential_Novel_Family
4753,1,0,1,Potential_Novel_Family
4754,0,1,1,Known_Family_Only
4755,0,1,1,Known_Family_Only
4757,1,0,1,Potential_Novel_Family
4758,0,1,1,Known_Family_Only
4760,1,0,1,Potential_Novel_Family
4762,1,0,1,Potential_Novel_Family
4935,0,1,1,Known_Family_Only
4936,0,1,1,Known_Family_Only
4937,1,0,1,Potential_Novel_Family
4939,0,1,1,Known_Family_Only
4940,0,1,1,Known_Family_Only
4717,0,1,1,Known_Family_Only
4718,0,1,1,Known_Family_Only
4720,1,0,1,Potential_Novel_Family
4920,1,0,1,Potential_Novel_Family
4922,1,0,1,Potential_Novel_Family
4923,1,0,1,Potential_Novel_Family
4924,1,0,1,Potential_Novel_Family
4925,1,0,1,Potential_Novel_Family
4927,1,0,1,Potential_Novel_Family
4932,1,0,1,Potential_Novel_Family
4933,0,1,1,Known_Family_Only
4910,1,0,1,Potential_Novel_Family
4911,1,0,1,Potential_Novel_Family
4912,1,0,1,Potential_Novel_Family
4914,1,0,1,Potential_Novel_Family
4915,0,1,1,Known_Family_Only
4916,1,0,1,Potential_Novel_Family
4917,1,0,1,Potential_Novel_Family
4918,0,1,1,Known_Family_Only
4895,1,0,1,Potential_Novel_Family
4897,0,1,1,Known_Family_Only
4898,1,0,1,Potential_Novel_Family
4901,0,1,1,Known_Family_Only
4903,1,0,1,Potential_Novel_Family
4904,1,0,1,Potential_Novel_Family
4907,1,0,1,Potential_Novel_Family
4909,1,0,1,Potential_Novel_Family
4952,1,0,1,Potential_Novel_Family
4953,0,1,1,Known_Family_Only
4954,1,0,1,Potential_Novel_Family
4956,1,0,1,Potential_Novel_Family
4957,1,0,1,Potential_Novel_Family
4959,1,0,1,Potential_Novel_Family
4960,0,1,1,Known_Family_Only
4961,1,0,1,Potential_Novel_Family
4748,0,1,1,Known_Family_Only
4942,0,1,1,Known_Family_Only
4944,1,0,1,Potential_Novel_Family
4945,0,1,1,Known_Family_Only
4946,1,0,1,Potential_Novel_Family
4947,1,0,1,Potential_Novel_Family
4949,0,1,1,Known_Family_Only
4951,1,0,1,Potential_Novel_Family
4733,0,1,1,Known_Family_Only
4734,1,0,1,Potential_Novel_Family
4740,1,0,1,Potential_Novel_Family
4741,1,0,1,Potential_Novel_Family
4743,0,1,1,Known_Family_Only
4745,0,1,1,Known_Family_Only
4746,1,0,1,Potential_Novel_Family
4747,1,0,1,Potential_Novel_Family
4722,1,0,1,Potential_Novel_Family
4723,0,1,1,Known_Family_Only
4724,0,1,1,Known_Family_Only
4725,0,1,1,Known_Family_Only
4726,1,0,1,Potential_Novel_Family
4729,1,0,1,Potential_Novel_Family
4730,1,0,1,Potential_Novel_Family
4731,1,0,1,Potential_Novel_Family
4975,1,0,1,Potential_Novel_Family
4976,1,0,1,Potential_Novel_Family
4978,1,0,1,Potential_Novel_Family
4980,0,1,1,Known_Family_Only
4981,1,0,1,Potential_Novel_Family
4982,0,1,1,Known_Family_Only
4984,1,0,1,Potential_Novel_Family
4985,0,1,1,Known_Family_Only
4700,0,1,1,Known_Family_Only
4703,0,1,1,Known_Family_Only
4707,1,0,1,Potential_Novel_Family
4708,0,1,1,Known_Family_Only
4712,0,1,1,Known_Family_Only
4714,0,1,1,Known_Family_Only
4716,1,0,1,Potential_Novel_Family
4974,1,0,1,Potential_Novel_Family
4690,0,1,1,Known_Family_Only
4691,1,0,1,Potential_Novel_Family
4693,0,1,1,Known_Family_Only
4694,1,0,1,Potential_Novel_Family
4696,1,0,1,Potential_Novel_Family
4697,0,1,1,Known_Family_Only
4698,1,0,1,Potential_Novel_Family
4699,0,1,1,Known_Family_Only
4962,0,1,1,Known_Family_Only
4966,1,0,1,Potential_Novel_Family
4967,1,0,1,Potential_Novel_Family
4968,1,0,1,Potential_Novel_Family
4971,1,0,1,Potential_Novel_Family
4972,0,1,1,Known_Family_Only
4685,1,0,1,Potential_Novel_Family
4687,0,1,1,Known_Family_Only
5027,1,0,1,Potential_Novel_Family
5028,0,1,1,Known_Family_Only
5030,0,1,1,Known_Family_Only
5031,1,0,1,Potential_Novel_Family
5034,0,1,1,Known_Family_Only
5035,0,1,1,Known_Family_Only
5036,1,0,1,Potential_Novel_Family
4653,0,1,1,Known_Family_Only
5012,0,1,1,Known_Family_Only
5015,0,1,1,Known_Family_Only
5020,0,1,1,Known_Family_Only
5021,1,0,1,Potential_Novel_Family
5022,0,1,1,Known_Family_Only
5023,1,0,1,Potential_Novel_Family
5024,0,1,1,Known_Family_Only
5025,0,1,1,Known_Family_Only
5000,1,0,1,Potential_Novel_Family
5001,1,0,1,Potential_Novel_Family
5002,1,0,1,Potential_Novel_Family
5003,0,1,1,Known_Family_Only
5007,1,0,1,Potential_Novel_Family
5008,1,0,1,Potential_Novel_Family
5009,1,0,1,Potential_Novel_Family
5011,1,0,1,Potential_Novel_Family
4990,1,0,1,Potential_Novel_Family
4991,1,0,1,Potential_Novel_Family
4993,1,0,1,Potential_Novel_Family
4994,1,0,1,Potential_Novel_Family
4995,1,0,1,Potential_Novel_Family
4996,1,0,1,Potential_Novel_Family
4997,1,0,1,Potential_Novel_Family
4999,0,1,1,Known_Family_Only
5040,1,0,1,Potential_Novel_Family
5041,0,1,1,Known_Family_Only
5042,0,1,1,Known_Family_Only
5043,1,0,1,Potential_Novel_Family
5044,1,0,1,Potential_Novel_Family
5047,0,1,1,Known_Family_Only
5051,1,0,1,Potential_Novel_Family
5055,0,1,1,Known_Family_Only
4678,1,0,1,Potential_Novel_Family
4679,0,1,1,Known_Family_Only
4680,0,1,1,Known_Family_Only
4683,0,1,1,Known_Family_Only
4684,1,0,1,Potential_Novel_Family
5037,1,0,1,Potential_Novel_Family
5038,0,1,1,Known_Family_Only
5039,1,0,1,Potential_Novel_Family
4668,0,1,1,Known_Family_Only
4669,0,1,1,Known_Family_Only
4670,1,0,1,Potential_Novel_Family
4672,1,0,1,Potential_Novel_Family
4673,0,1,1,Known_Family_Only
4674,1,0,1,Potential_Novel_Family
4675,1,0,1,Potential_Novel_Family
4676,1,0,1,Potential_Novel_Family
4654,0,1,1,Known_Family_Only
4655,0,1,1,Known_Family_Only
4657,1,0,1,Potential_Novel_Family
4660,1,0,1,Potential_Novel_Family
4661,0,1,1,Known_Family_Only
4662,0,1,1,Known_Family_Only
4664,0,1,1,Known_Family_Only
4667,0,1,1,Known_Family_Only
4647,0,1,1,Known_Family_Only
4649,1,0,1,Potential_Novel_Family
4650,0,1,1,Known_Family_Only
4651,0,1,1,Known_Family_Only
4652,1,0,1,Potential_Novel_Family
5069,1,0,1,Potential_Novel_Family
5070,1,0,1,Potential_Novel_Family
5072,1,0,1,Potential_Novel_Family
4636,0,1,1,Known_Family_Only
4637,1,0,1,Potential_Novel_Family
4639,1,0,1,Potential_Novel_Family
4640,0,1,1,Known_Family_Only
4641,1,0,1,Potential_Novel_Family
4642,0,1,1,Known_Family_Only
4644,1,0,1,Potential_Novel_Family
4646,0,1,1,Known_Family_Only
4623,0,1,1,Known_Family_Only
4624,1,0,1,Potential_Novel_Family
4625,1,0,1,Potential_Novel_Family
4627,1,0,1,Potential_Novel_Family
4628,1,0,1,Potential_Novel_Family
4629,1,0,1,Potential_Novel_Family
4630,1,0,1,Potential_Novel_Family
4634,1,0,1,Potential_Novel_Family
5057,0,1,1,Known_Family_Only
5058,1,0,1,Potential_Novel_Family
5059,1,0,1,Potential_Novel_Family
5060,0,1,1,Known_Family_Only
5063,0,1,1,Known_Family_Only
5064,1,0,1,Potential_Novel_Family
5065,0,1,1,Known_Family_Only
4621,1,0,1,Potential_Novel_Family
5113,0,1,1,Known_Family_Only
5114,1,0,1,Potential_Novel_Family
5115,1,0,1,Potential_Novel_Family
5116,1,0,1,Potential_Novel_Family
5117,0,1,1,Known_Family_Only
5118,1,0,1,Potential_Novel_Family
5119,1,0,1,Potential_Novel_Family
5120,1,0,1,Potential_Novel_Family
5104,1,0,1,Potential_Novel_Family
5105,1,0,1,Potential_Novel_Family
5106,1,0,1,Potential_Novel_Family
5108,1,0,1,Potential_Novel_Family
5109,0,1,1,Known_Family_Only
5110,1,0,1,Potential_Novel_Family
5111,0,1,1,Known_Family_Only
5112,1,0,1,Potential_Novel_Family
5089,1,0,1,Potential_Novel_Family
5091,1,0,1,Potential_Novel_Family
5096,1,0,1,Potential_Novel_Family
5097,1,0,1,Potential_Novel_Family
5099,0,1,1,Known_Family_Only
5100,0,1,1,Known_Family_Only
5101,1,0,1,Potential_Novel_Family
5103,1,0,1,Potential_Novel_Family
5075,1,0,1,Potential_Novel_Family
5076,0,1,1,Known_Family_Only
5079,1,0,1,Potential_Novel_Family
5082,0,1,1,Known_Family_Only
5083,1,0,1,Potential_Novel_Family
5084,1,0,1,Potential_Novel_Family
5086,1,0,1,Potential_Novel_Family
5087,1,0,1,Potential_Novel_Family
5160,1,0,1,Potential_Novel_Family
5162,1,0,1,Potential_Novel_Family
5163,1,0,1,Potential_Novel_Family
5164,1,0,1,Potential_Novel_Family
4589,0,1,1,Known_Family_Only
4590,1,0,1,Potential_Novel_Family
4592,1,0,1,Potential_Novel_Family
4593,0,1,1,Known_Family_Only
5148,1,0,1,Potential_Novel_Family
5150,1,0,1,Potential_Novel_Family
5151,1,0,1,Potential_Novel_Family
5152,0,1,1,Known_Family_Only
5153,1,0,1,Potential_Novel_Family
5155,0,1,1,Known_Family_Only
5158,0,1,1,Known_Family_Only
5159,1,0,1,Potential_Novel_Family
5136,1,0,1,Potential_Novel_Family
5137,1,0,1,Potential_Novel_Family
5139,0,1,1,Known_Family_Only
5140,0,1,1,Known_Family_Only
5142,1,0,1,Potential_Novel_Family
5143,1,0,1,Potential_Novel_Family
5146,1,0,1,Potential_Novel_Family
5147,1,0,1,Potential_Novel_Family
5121,1,0,1,Potential_Novel_Family
5123,1,0,1,Potential_Novel_Family
5125,1,0,1,Potential_Novel_Family
5128,0,1,1,Known_Family_Only
5129,1,0,1,Potential_Novel_Family
5130,1,0,1,Potential_Novel_Family
5133,0,1,1,Known_Family_Only
5134,1,0,1,Potential_Novel_Family
5177,1,0,1,Potential_Novel_Family
5179,1,0,1,Potential_Novel_Family
5181,0,1,1,Known_Family_Only
5182,1,0,1,Potential_Novel_Family
5183,1,0,1,Potential_Novel_Family
5184,0,1,1,Known_Family_Only
5190,0,1,1,Known_Family_Only
5191,0,1,1,Known_Family_Only
5165,1,0,1,Potential_Novel_Family
5166,1,0,1,Potential_Novel_Family
5168,1,0,1,Potential_Novel_Family
5169,1,0,1,Potential_Novel_Family
5171,0,1,1,Known_Family_Only
5172,1,0,1,Potential_Novel_Family
5175,1,0,1,Potential_Novel_Family
5176,1,0,1,Potential_Novel_Family
4607,0,1,1,Known_Family_Only
4608,1,0,1,Potential_Novel_Family
4612,1,0,1,Potential_Novel_Family
4615,1,0,1,Potential_Novel_Family
4617,1,0,1,Potential_Novel_Family
4618,1,0,1,Potential_Novel_Family
4619,1,0,1,Potential_Novel_Family
4620,1,0,1,Potential_Novel_Family
4596,1,0,1,Potential_Novel_Family
4598,1,0,1,Potential_Novel_Family
4600,0,1,1,Known_Family_Only
4602,1,0,1,Potential_Novel_Family
4603,1,0,1,Potential_Novel_Family
4604,1,0,1,Potential_Novel_Family
4605,0,1,1,Known_Family_Only
4606,1,0,1,Potential_Novel_Family
5207,0,1,1,Known_Family_Only
5211,0,1,1,Known_Family_Only
5212,0,1,1,Known_Family_Only
5213,0,1,1,Known_Family_Only
5216,0,1,1,Known_Family_Only
5217,1,0,1,Potential_Novel_Family
5219,0,1,1,Known_Family_Only
5220,1,0,1,Potential_Novel_Family
5197,1,0,1,Potential_Novel_Family
5198,1,0,1,Potential_Novel_Family
5199,1,0,1,Potential_Novel_Family
5200,1,0,1,Potential_Novel_Family
5201,0,1,1,Known_Family_Only
5202,1,0,1,Potential_Novel_Family
5205,0,1,1,Known_Family_Only
5206,0,1,1,Known_Family_Only
4573,1,0,1,Potential_Novel_Family
4574,1,0,1,Potential_Novel_Family
4576,1,0,1,Potential_Novel_Family
4580,1,0,1,Potential_Novel_Family
4582,1,0,1,Potential_Novel_Family
4585,1,0,1,Potential_Novel_Family
4587,1,0,1,Potential_Novel_Family
4588,1,0,1,Potential_Novel_Family
5194,1,0,1,Potential_Novel_Family
5195,0,1,1,Known_Family_Only
5196,0,1,1,Known_Family_Only
4563,1,0,1,Potential_Novel_Family
4565,0,1,1,Known_Family_Only
4568,1,0,1,Potential_Novel_Family
4569,0,1,1,Known_Family_Only
4571,1,0,1,Potential_Novel_Family
5248,1,0,1,Potential_Novel_Family
5253,1,0,1,Potential_Novel_Family
5254,1,0,1,Potential_Novel_Family
5255,1,0,1,Potential_Novel_Family
5259,1,0,1,Potential_Novel_Family
4525,0,1,1,Known_Family_Only
4526,0,1,1,Known_Family_Only
4527,1,0,1,Potential_Novel_Family
5238,1,0,1,Potential_Novel_Family
5239,0,1,1,Known_Family_Only
5242,1,0,1,Potential_Novel_Family
5243,0,1,1,Known_Family_Only
5244,0,1,1,Known_Family_Only
5245,0,1,1,Known_Family_Only
5246,0,1,1,Known_Family_Only
5247,1,0,1,Potential_Novel_Family
5230,1,0,1,Potential_Novel_Family
5231,1,0,1,Potential_Novel_Family
5232,1,0,1,Potential_Novel_Family
5233,0,1,1,Known_Family_Only
5234,1,0,1,Potential_Novel_Family
5235,1,0,1,Potential_Novel_Family
5236,0,1,1,Known_Family_Only
5237,1,0,1,Potential_Novel_Family
5221,1,0,1,Potential_Novel_Family
5223,1,0,1,Potential_Novel_Family
5224,1,0,1,Potential_Novel_Family
5225,1,0,1,Potential_Novel_Family
5226,1,0,1,Potential_Novel_Family
5227,1,0,1,Potential_Novel_Family
5228,1,0,1,Potential_Novel_Family
5229,1,0,1,Potential_Novel_Family
5273,0,1,1,Known_Family_Only
5274,1,0,1,Potential_Novel_Family
5275,1,0,1,Potential_Novel_Family
5276,1,0,1,Potential_Novel_Family
5277,1,0,1,Potential_Novel_Family
5278,0,1,1,Known_Family_Only
5279,1,0,1,Potential_Novel_Family
5280,1,0,1,Potential_Novel_Family
5261,0,1,1,Known_Family_Only
5262,1,0,1,Potential_Novel_Family
5265,1,0,1,Potential_Novel_Family
5267,1,0,1,Potential_Novel_Family
5268,1,0,1,Potential_Novel_Family
5270,0,1,1,Known_Family_Only
5271,0,1,1,Known_Family_Only
5272,0,1,1,Known_Family_Only
4543,1,0,1,Potential_Novel_Family
4544,0,1,1,Known_Family_Only
4546,1,0,1,Potential_Novel_Family
4547,0,1,1,Known_Family_Only
4551,1,0,1,Potential_Novel_Family
4552,1,0,1,Potential_Novel_Family
4554,1,0,1,Potential_Novel_Family
4555,0,1,1,Known_Family_Only
4529,1,0,1,Potential_Novel_Family
4530,0,1,1,Known_Family_Only
4531,0,1,1,Known_Family_Only
4533,1,0,1,Potential_Novel_Family
4536,0,1,1,Known_Family_Only
4537,0,1,1,Known_Family_Only
4538,0,1,1,Known_Family_Only
4539,0,1,1,Known_Family_Only
5321,0,1,1,Known_Family_Only
5322,1,0,1,Potential_Novel_Family
5323,1,0,1,Potential_Novel_Family
4493,1,0,1,Potential_Novel_Family
4494,1,0,1,Potential_Novel_Family
4496,1,0,1,Potential_Novel_Family
4497,1,0,1,Potential_Novel_Family
4498,1,0,1,Potential_Novel_Family
5304,1,0,1,Potential_Novel_Family
5305,0,1,1,Known_Family_Only
5311,1,0,1,Potential_Novel_Family
5312,0,1,1,Known_Family_Only
5314,1,0,1,Potential_Novel_Family
5315,0,1,1,Known_Family_Only
5316,1,0,1,Potential_Novel_Family
5317,1,0,1,Potential_Novel_Family
5293,0,1,1,Known_Family_Only
5295,1,0,1,Potential_Novel_Family
5296,0,1,1,Known_Family_Only
5297,1,0,1,Potential_Novel_Family
5298,1,0,1,Potential_Novel_Family
5300,1,0,1,Potential_Novel_Family
5302,0,1,1,Known_Family_Only
5303,1,0,1,Potential_Novel_Family
5283,0,1,1,Known_Family_Only
5285,1,0,1,Potential_Novel_Family
5286,0,1,1,Known_Family_Only
5287,1,0,1,Potential_Novel_Family
5288,1,0,1,Potential_Novel_Family
5289,0,1,1,Known_Family_Only
5290,0,1,1,Known_Family_Only
5291,1,0,1,Potential_Novel_Family
5339,1,0,1,Potential_Novel_Family
5341,1,0,1,Potential_Novel_Family
5344,0,1,1,Known_Family_Only
5347,1,0,1,Potential_Novel_Family
5348,0,1,1,Known_Family_Only
5349,1,0,1,Potential_Novel_Family
5351,0,1,1,Known_Family_Only
5355,1,0,1,Potential_Novel_Family
4520,0,1,1,Known_Family_Only
4522,0,1,1,Known_Family_Only
4523,0,1,1,Known_Family_Only
4524,1,0,1,Potential_Novel_Family
5326,1,0,1,Potential_Novel_Family
5331,1,0,1,Potential_Novel_Family
5333,1,0,1,Potential_Novel_Family
5338,1,0,1,Potential_Novel_Family
4511,1,0,1,Potential_Novel_Family
4512,1,0,1,Potential_Novel_Family
4513,0,1,1,Known_Family_Only
4514,1,0,1,Potential_Novel_Family
4515,1,0,1,Potential_Novel_Family
4517,0,1,1,Known_Family_Only
4518,0,1,1,Known_Family_Only
4519,0,1,1,Known_Family_Only
4500,0,1,1,Known_Family_Only
4501,0,1,1,Known_Family_Only
4502,1,0,1,Potential_Novel_Family
4503,0,1,1,Known_Family_Only
4506,1,0,1,Potential_Novel_Family
4507,0,1,1,Known_Family_Only
4508,1,0,1,Potential_Novel_Family
4510,1,0,1,Potential_Novel_Family
5365,1,0,1,Potential_Novel_Family
5368,0,1,1,Known_Family_Only
5369,0,1,1,Known_Family_Only
5370,1,0,1,Potential_Novel_Family
5371,1,0,1,Potential_Novel_Family
5372,1,0,1,Potential_Novel_Family
5373,0,1,1,Known_Family_Only
5376,1,0,1,Potential_Novel_Family
4487,0,1,1,Known_Family_Only
4488,1,0,1,Potential_Novel_Family
4489,0,1,1,Known_Family_Only
4491,1,0,1,Potential_Novel_Family
4492,1,0,1,Potential_Novel_Family
5360,1,0,1,Potential_Novel_Family
5361,1,0,1,Potential_Novel_Family
5364,0,1,1,Known_Family_Only
4473,0,1,1,Known_Family_Only
4474,1,0,1,Potential_Novel_Family
4475,1,0,1,Potential_Novel_Family
4476,1,0,1,Potential_Novel_Family
4478,0,1,1,Known_Family_Only
4480,1,0,1,Potential_Novel_Family
4481,0,1,1,Known_Family_Only
4484,0,1,1,Known_Family_Only
4461,1,0,1,Potential_Novel_Family
4462,0,1,1,Known_Family_Only
4464,1,0,1,Potential_Novel_Family
4465,1,0,1,Potential_Novel_Family
4466,1,0,1,Potential_Novel_Family
4469,1,0,1,Potential_Novel_Family
4471,1,0,1,Potential_Novel_Family
4472,1,0,1,Potential_Novel_Family
4455,1,0,1,Potential_Novel_Family
4456,1,0,1,Potential_Novel_Family
4457,0,1,1,Known_Family_Only
4459,1,0,1,Potential_Novel_Family
4460,0,1,1,Known_Family_Only
5390,0,1,1,Known_Family_Only
5391,1,0,1,Potential_Novel_Family
5394,0,1,1,Known_Family_Only
4444,1,0,1,Potential_Novel_Family
4445,0,1,1,Known_Family_Only
4446,1,0,1,Potential_Novel_Family
4449,0,1,1,Known_Family_Only
4451,0,1,1,Known_Family_Only
4452,0,1,1,Known_Family_Only
4453,1,0,1,Potential_Novel_Family
4454,1,0,1,Potential_Novel_Family
4431,1,0,1,Potential_Novel_Family
4432,0,1,1,Known_Family_Only
4434,1,0,1,Potential_Novel_Family
4437,1,0,1,Potential_Novel_Family
4438,1,0,1,Potential_Novel_Family
4439,1,0,1,Potential_Novel_Family
4440,1,0,1,Potential_Novel_Family
4443,0,1,1,Known_Family_Only
5377,0,1,1,Known_Family_Only
5378,0,1,1,Known_Family_Only
5381,0,1,1,Known_Family_Only
5382,0,1,1,Known_Family_Only
5383,1,0,1,Potential_Novel_Family
5384,1,0,1,Potential_Novel_Family
5386,0,1,1,Known_Family_Only
5387,0,1,1,Known_Family_Only
5436,1,0,1,Potential_Novel_Family
5437,1,0,1,Potential_Novel_Family
5438,1,0,1,Potential_Novel_Family
5439,1,0,1,Potential_Novel_Family
5442,1,0,1,Potential_Novel_Family
5444,1,0,1,Potential_Novel_Family
5445,1,0,1,Potential_Novel_Family
5446,0,1,1,Known_Family_Only
5423,1,0,1,Potential_Novel_Family
5424,1,0,1,Potential_Novel_Family
5425,1,0,1,Potential_Novel_Family
5426,1,0,1,Potential_Novel_Family
5428,1,0,1,Potential_Novel_Family
5430,0,1,1,Known_Family_Only
5433,1,0,1,Potential_Novel_Family
5434,0,1,1,Known_Family_Only
5411,0,1,1,Known_Family_Only
5412,0,1,1,Known_Family_Only
5414,1,0,1,Potential_Novel_Family
5415,1,0,1,Potential_Novel_Family
5416,1,0,1,Potential_Novel_Family
5417,1,0,1,Potential_Novel_Family
5420,1,0,1,Potential_Novel_Family
5422,1,0,1,Potential_Novel_Family
5396,0,1,1,Known_Family_Only
5397,0,1,1,Known_Family_Only
5399,1,0,1,Potential_Novel_Family
5400,1,0,1,Potential_Novel_Family
5403,1,0,1,Potential_Novel_Family
5405,0,1,1,Known_Family_Only
5406,1,0,1,Potential_Novel_Family
5407,1,0,1,Potential_Novel_Family
5476,0,1,1,Known_Family_Only
5478,0,1,1,Known_Family_Only
5479,0,1,1,Known_Family_Only
5481,0,1,1,Known_Family_Only
5482,0,1,1,Known_Family_Only
5483,0,1,1,Known_Family_Only
4397,1,0,1,Potential_Novel_Family
4399,1,0,1,Potential_Novel_Family
5465,1,0,1,Potential_Novel_Family
5466,1,0,1,Potential_Novel_Family
5467,0,1,1,Known_Family_Only
5468,1,0,1,Potential_Novel_Family
5470,1,0,1,Potential_Novel_Family
5471,0,1,1,Known_Family_Only
5474,1,0,1,Potential_Novel_Family
5475,0,1,1,Known_Family_Only
5456,1,0,1,Potential_Novel_Family
5457,1,0,1,Potential_Novel_Family
5458,0,1,1,Known_Family_Only
5460,0,1,1,Known_Family_Only
5461,1,0,1,Potential_Novel_Family
5462,0,1,1,Known_Family_Only
5463,0,1,1,Known_Family_Only
5464,0,1,1,Known_Family_Only
5448,1,0,1,Potential_Novel_Family
5449,1,0,1,Potential_Novel_Family
5450,1,0,1,Potential_Novel_Family
5451,0,1,1,Known_Family_Only
5452,0,1,1,Known_Family_Only
5453,1,0,1,Potential_Novel_Family
5454,1,0,1,Potential_Novel_Family
5455,1,0,1,Potential_Novel_Family
5493,0,1,1,Known_Family_Only
5494,0,1,1,Known_Family_Only
5495,1,0,1,Potential_Novel_Family
5496,1,0,1,Potential_Novel_Family
5497,1,0,1,Potential_Novel_Family
5499,0,1,1,Known_Family_Only
5500,0,1,1,Known_Family_Only
5503,1,0,1,Potential_Novel_Family
4423,0,1,1,Known_Family_Only
4424,1,0,1,Potential_Novel_Family
4426,0,1,1,Known_Family_Only
4428,1,0,1,Potential_Novel_Family
5486,1,0,1,Potential_Novel_Family
5488,1,0,1,Potential_Novel_Family
5489,1,0,1,Potential_Novel_Family
5490,0,1,1,Known_Family_Only
4414,0,1,1,Known_Family_Only
4415,1,0,1,Potential_Novel_Family
4416,1,0,1,Potential_Novel_Family
4417,1,0,1,Potential_Novel_Family
4418,1,0,1,Potential_Novel_Family
4420,1,0,1,Potential_Novel_Family
4421,0,1,1,Known_Family_Only
4422,1,0,1,Potential_Novel_Family
4401,1,0,1,Potential_Novel_Family
4402,0,1,1,Known_Family_Only
4403,1,0,1,Potential_Novel_Family
4404,1,0,1,Potential_Novel_Family
4405,0,1,1,Known_Family_Only
4406,0,1,1,Known_Family_Only
4407,1,0,1,Potential_Novel_Family
4409,1,0,1,Potential_Novel_Family
5537,0,1,1,Known_Family_Only
5541,0,1,1,Known_Family_Only
5542,0,1,1,Known_Family_Only
5543,1,0,1,Potential_Novel_Family
5544,0,1,1,Known_Family_Only
5546,1,0,1,Potential_Novel_Family
5547,1,0,1,Potential_Novel_Family
4365,1,0,1,Potential_Novel_Family
5523,0,1,1,Known_Family_Only
5526,0,1,1,Known_Family_Only
5527,1,0,1,Potential_Novel_Family
5529,0,1,1,Known_Family_Only
5532,1,0,1,Potential_Novel_Family
5533,1,0,1,Potential_Novel_Family
5534,1,0,1,Potential_Novel_Family
5535,0,1,1,Known_Family_Only
5513,0,1,1,Known_Family_Only
5514,0,1,1,Known_Family_Only
5515,1,0,1,Potential_Novel_Family
5517,1,0,1,Potential_Novel_Family
5518,1,0,1,Potential_Novel_Family
5519,1,0,1,Potential_Novel_Family
5520,0,1,1,Known_Family_Only
5522,0,1,1,Known_Family_Only
5504,1,0,1,Potential_Novel_Family
5505,1,0,1,Potential_Novel_Family
5506,0,1,1,Known_Family_Only
5507,1,0,1,Potential_Novel_Family
5508,0,1,1,Known_Family_Only
5509,1,0,1,Potential_Novel_Family
5510,0,1,1,Known_Family_Only
5512,1,0,1,Potential_Novel_Family
5559,1,0,1,Potential_Novel_Family
5562,1,0,1,Potential_Novel_Family
5563,1,0,1,Potential_Novel_Family
5564,1,0,1,Potential_Novel_Family
5566,1,0,1,Potential_Novel_Family
5567,0,1,1,Known_Family_Only
5568,1,0,1,Potential_Novel_Family
5570,1,0,1,Potential_Novel_Family
4391,1,0,1,Potential_Novel_Family
4392,0,1,1,Known_Family_Only
4393,1,0,1,Potential_Novel_Family
4395,0,1,1,Known_Family_Only
4396,1,0,1,Potential_Novel_Family
5549,1,0,1,Potential_Novel_Family
5550,0,1,1,Known_Family_Only
5554,0,1,1,Known_Family_Only
4379,0,1,1,Known_Family_Only
4382,1,0,1,Potential_Novel_Family
4383,1,0,1,Potential_Novel_Family
4384,1,0,1,Potential_Novel_Family
4385,1,0,1,Potential_Novel_Family
4386,1,0,1,Potential_Novel_Family
4388,1,0,1,Potential_Novel_Family
4390,1,0,1,Potential_Novel_Family
4367,0,1,1,Known_Family_Only
4368,0,1,1,Known_Family_Only
4370,1,0,1,Potential_Novel_Family
4372,0,1,1,Known_Family_Only
4373,0,1,1,Known_Family_Only
4375,1,0,1,Potential_Novel_Family
4377,0,1,1,Known_Family_Only
4378,1,0,1,Potential_Novel_Family
5602,1,0,1,Potential_Novel_Family
5604,1,0,1,Potential_Novel_Family
5606,1,0,1,Potential_Novel_Family
5608,0,1,1,Known_Family_Only
5610,1,0,1,Potential_Novel_Family
5612,1,0,1,Potential_Novel_Family
4333,1,0,1,Potential_Novel_Family
4335,1,0,1,Potential_Novel_Family
5593,1,0,1,Potential_Novel_Family
5594,0,1,1,Known_Family_Only
5595,0,1,1,Known_Family_Only
5596,1,0,1,Potential_Novel_Family
5597,1,0,1,Potential_Novel_Family
5599,1,0,1,Potential_Novel_Family
5600,0,1,1,Known_Family_Only
5601,1,0,1,Potential_Novel_Family
5583,0,1,1,Known_Family_Only
5584,0,1,1,Known_Family_Only
5586,1,0,1,Potential_Novel_Family
5588,0,1,1,Known_Family_Only
5589,1,0,1,Potential_Novel_Family
5590,0,1,1,Known_Family_Only
5591,1,0,1,Potential_Novel_Family
5592,1,0,1,Potential_Novel_Family
5572,1,0,1,Potential_Novel_Family
5573,1,0,1,Potential_Novel_Family
5574,1,0,1,Potential_Novel_Family
5575,1,0,1,Potential_Novel_Family
5577,0,1,1,Known_Family_Only
5579,1,0,1,Potential_Novel_Family
5580,1,0,1,Potential_Novel_Family
5581,1,0,1,Potential_Novel_Family
5621,0,1,1,Known_Family_Only
5622,1,0,1,Potential_Novel_Family
5623,1,0,1,Potential_Novel_Family
5624,1,0,1,Potential_Novel_Family
5625,1,0,1,Potential_Novel_Family
5627,0,1,1,Known_Family_Only
5629,1,0,1,Potential_Novel_Family
5630,0,1,1,Known_Family_Only
4358,0,1,1,Known_Family_Only
4359,0,1,1,Known_Family_Only
4361,0,1,1,Known_Family_Only
4362,1,0,1,Potential_Novel_Family
5613,0,1,1,Known_Family_Only
5614,1,0,1,Potential_Novel_Family
5616,1,0,1,Potential_Novel_Family
5619,1,0,1,Potential_Novel_Family
4347,1,0,1,Potential_Novel_Family
4348,1,0,1,Potential_Novel_Family
4349,1,0,1,Potential_Novel_Family
4350,1,0,1,Potential_Novel_Family
4351,1,0,1,Potential_Novel_Family
4352,1,0,1,Potential_Novel_Family
4356,0,1,1,Known_Family_Only
4357,1,0,1,Potential_Novel_Family
4336,1,0,1,Potential_Novel_Family
4337,1,0,1,Potential_Novel_Family
4338,1,0,1,Potential_Novel_Family
4339,1,0,1,Potential_Novel_Family
4340,0,1,1,Known_Family_Only
4341,0,1,1,Known_Family_Only
4342,1,0,1,Potential_Novel_Family
4344,0,1,1,Known_Family_Only
4320,1,0,1,Potential_Novel_Family
4324,0,1,1,Known_Family_Only
4325,1,0,1,Potential_Novel_Family
4328,0,1,1,Known_Family_Only
4330,0,1,1,Known_Family_Only
4331,0,1,1,Known_Family_Only
4332,1,0,1,Potential_Novel_Family
5646,1,0,1,Potential_Novel_Family
4311,1,0,1,Potential_Novel_Family
4312,0,1,1,Known_Family_Only
4313,1,0,1,Potential_Novel_Family
4314,0,1,1,Known_Family_Only
4315,1,0,1,Potential_Novel_Family
4316,1,0,1,Potential_Novel_Family
4318,1,0,1,Potential_Novel_Family
4319,1,0,1,Potential_Novel_Family
4301,1,0,1,Potential_Novel_Family
4302,1,0,1,Potential_Novel_Family
4303,0,1,1,Known_Family_Only
4304,1,0,1,Potential_Novel_Family
4305,1,0,1,Potential_Novel_Family
4307,1,0,1,Potential_Novel_Family
4308,0,1,1,Known_Family_Only
4309,1,0,1,Potential_Novel_Family
5631,1,0,1,Potential_Novel_Family
5634,1,0,1,Potential_Novel_Family
5635,0,1,1,Known_Family_Only
5636,1,0,1,Potential_Novel_Family
5638,1,0,1,Potential_Novel_Family
5639,1,0,1,Potential_Novel_Family
5640,0,1,1,Known_Family_Only
5642,1,0,1,Potential_Novel_Family
5689,1,0,1,Potential_Novel_Family
5690,1,0,1,Potential_Novel_Family
5691,1,0,1,Potential_Novel_Family
5693,0,1,1,Known_Family_Only
5694,1,0,1,Potential_Novel_Family
5696,1,0,1,Potential_Novel_Family
5699,0,1,1,Known_Family_Only
5704,1,0,1,Potential_Novel_Family
5679,1,0,1,Potential_Novel_Family
5680,1,0,1,Potential_Novel_Family
5682,1,0,1,Potential_Novel_Family
5683,0,1,1,Known_Family_Only
5684,1,0,1,Potential_Novel_Family
5686,1,0,1,Potential_Novel_Family
5687,1,0,1,Potential_Novel_Family
5688,0,1,1,Known_Family_Only
5668,0,1,1,Known_Family_Only
5669,1,0,1,Potential_Novel_Family
5670,0,1,1,Known_Family_Only
5671,0,1,1,Known_Family_Only
5672,0,1,1,Known_Family_Only
5673,1,0,1,Potential_Novel_Family
5676,1,0,1,Potential_Novel_Family
5677,1,0,1,Potential_Novel_Family
5649,1,0,1,Potential_Novel_Family
5650,1,0,1,Potential_Novel_Family
5652,0,1,1,Known_Family_Only
5654,1,0,1,Potential_Novel_Family
5657,1,0,1,Potential_Novel_Family
5658,1,0,1,Potential_Novel_Family
5659,1,0,1,Potential_Novel_Family
5664,0,1,1,Known_Family_Only
5716,0,1,1,Known_Family_Only
5717,0,1,1,Known_Family_Only
5718,1,0,1,Potential_Novel_Family
5719,0,1,1,Known_Family_Only
5720,0,1,1,Known_Family_Only
5722,1,0,1,Potential_Novel_Family
5725,0,1,1,Known_Family_Only
5726,1,0,1,Potential_Novel_Family
4292,1,0,1,Potential_Novel_Family
4294,1,0,1,Potential_Novel_Family
4295,1,0,1,Potential_Novel_Family
4298,1,0,1,Potential_Novel_Family
4299,0,1,1,Known_Family_Only
5710,1,0,1,Potential_Novel_Family
5713,1,0,1,Potential_Novel_Family
5714,1,0,1,Potential_Novel_Family
4281,1,0,1,Potential_Novel_Family
4282,1,0,1,Potential_Novel_Family
4283,1,0,1,Potential_Novel_Family
4285,0,1,1,Known_Family_Only
4287,1,0,1,Potential_Novel_Family
4289,1,0,1,Potential_Novel_Family
4290,1,0,1,Potential_Novel_Family
4291,1,0,1,Potential_Novel_Family
5705,0,1,1,Known_Family_Only
5707,1,0,1,Potential_Novel_Family
4270,1,0,1,Potential_Novel_Family
4272,1,0,1,Potential_Novel_Family
4273,0,1,1,Known_Family_Only
4277,1,0,1,Potential_Novel_Family
4279,1,0,1,Potential_Novel_Family
4280,1,0,1,Potential_Novel_Family
5765,1,0,1,Potential_Novel_Family
5767,1,0,1,Potential_Novel_Family
5768,0,1,1,Known_Family_Only
5769,1,0,1,Potential_Novel_Family
5771,0,1,1,Known_Family_Only
5772,1,0,1,Potential_Novel_Family
4237,0,1,1,Known_Family_Only
4238,1,0,1,Potential_Novel_Family
5753,1,0,1,Potential_Novel_Family
5755,1,0,1,Potential_Novel_Family
5756,1,0,1,Potential_Novel_Family
5759,1,0,1,Potential_Novel_Family
5760,1,0,1,Potential_Novel_Family
5761,0,1,1,Known_Family_Only
5763,1,0,1,Potential_Novel_Family
5764,1,0,1,Potential_Novel_Family
5738,1,0,1,Potential_Novel_Family
5739,0,1,1,Known_Family_Only
5740,1,0,1,Potential_Novel_Family
5744,1,0,1,Potential_Novel_Family
5746,1,0,1,Potential_Novel_Family
5749,0,1,1,Known_Family_Only
5750,0,1,1,Known_Family_Only
5752,0,1,1,Known_Family_Only
5727,0,1,1,Known_Family_Only
5728,1,0,1,Potential_Novel_Family
5729,1,0,1,Potential_Novel_Family
5730,0,1,1,Known_Family_Only
5731,0,1,1,Known_Family_Only
5733,1,0,1,Potential_Novel_Family
5735,0,1,1,Known_Family_Only
5736,0,1,1,Known_Family_Only
5792,0,1,1,Known_Family_Only
5793,1,0,1,Potential_Novel_Family
5794,1,0,1,Potential_Novel_Family
5795,1,0,1,Potential_Novel_Family
5797,1,0,1,Potential_Novel_Family
5799,0,1,1,Known_Family_Only
5801,1,0,1,Potential_Novel_Family
5802,1,0,1,Potential_Novel_Family
4268,1,0,1,Potential_Novel_Family
5773,1,0,1,Potential_Novel_Family
5776,0,1,1,Known_Family_Only
5779,0,1,1,Known_Family_Only
5782,0,1,1,Known_Family_Only
5783,0,1,1,Known_Family_Only
5787,1,0,1,Potential_Novel_Family
5788,1,0,1,Potential_Novel_Family
4255,1,0,1,Potential_Novel_Family
4256,1,0,1,Potential_Novel_Family
4257,1,0,1,Potential_Novel_Family
4260,1,0,1,Potential_Novel_Family
4261,1,0,1,Potential_Novel_Family
4264,1,0,1,Potential_Novel_Family
4266,1,0,1,Potential_Novel_Family
4267,1,0,1,Potential_Novel_Family
4240,0,1,1,Known_Family_Only
4241,0,1,1,Known_Family_Only
4242,0,1,1,Known_Family_Only
4243,1,0,1,Potential_Novel_Family
4245,0,1,1,Known_Family_Only
4250,1,0,1,Potential_Novel_Family
4251,1,0,1,Potential_Novel_Family
4253,0,1,1,Known_Family_Only
5819,0,1,1,Known_Family_Only
5821,1,0,1,Potential_Novel_Family
5822,1,0,1,Potential_Novel_Family
5823,1,0,1,Potential_Novel_Family
5824,1,0,1,Potential_Novel_Family
5826,0,1,1,Known_Family_Only
5827,1,0,1,Potential_Novel_Family
5828,1,0,1,Potential_Novel_Family
5805,0,1,1,Known_Family_Only
5806,1,0,1,Potential_Novel_Family
5808,1,0,1,Potential_Novel_Family
5809,1,0,1,Potential_Novel_Family
5813,1,0,1,Potential_Novel_Family
5816,1,0,1,Potential_Novel_Family
5817,1,0,1,Potential_Novel_Family
5818,1,0,1,Potential_Novel_Family
4221,1,0,1,Potential_Novel_Family
4224,1,0,1,Potential_Novel_Family
4225,1,0,1,Potential_Novel_Family
4226,1,0,1,Potential_Novel_Family
4229,1,0,1,Potential_Novel_Family
4230,1,0,1,Potential_Novel_Family
4233,1,0,1,Potential_Novel_Family
4235,1,0,1,Potential_Novel_Family
4205,0,1,1,Known_Family_Only
4206,1,0,1,Potential_Novel_Family
4210,1,0,1,Potential_Novel_Family
4214,0,1,1,Known_Family_Only
4215,1,0,1,Potential_Novel_Family
4216,1,0,1,Potential_Novel_Family
4219,1,0,1,Potential_Novel_Family
4220,1,0,1,Potential_Novel_Family
5840,1,0,1,Potential_Novel_Family
5841,0,1,1,Known_Family_Only
5843,0,1,1,Known_Family_Only
5844,1,0,1,Potential_Novel_Family
5846,1,0,1,Potential_Novel_Family
5847,1,0,1,Potential_Novel_Family
5848,1,0,1,Potential_Novel_Family
5849,0,1,1,Known_Family_Only
4196,1,0,1,Potential_Novel_Family
4198,1,0,1,Potential_Novel_Family
4200,1,0,1,Potential_Novel_Family
4202,0,1,1,Known_Family_Only
4204,0,1,1,Known_Family_Only
5837,1,0,1,Potential_Novel_Family
5838,1,0,1,Potential_Novel_Family
5839,1,0,1,Potential_Novel_Family
4176,1,0,1,Potential_Novel_Family
4178,1,0,1,Potential_Novel_Family
4187,0,1,1,Known_Family_Only
4188,1,0,1,Potential_Novel_Family
4189,0,1,1,Known_Family_Only
4190,0,1,1,Known_Family_Only
4192,1,0,1,Potential_Novel_Family
4194,0,1,1,Known_Family_Only
5829,1,0,1,Potential_Novel_Family
5831,1,0,1,Potential_Novel_Family
5832,0,1,1,Known_Family_Only
5833,0,1,1,Known_Family_Only
5835,1,0,1,Potential_Novel_Family
5836,1,0,1,Potential_Novel_Family
4174,1,0,1,Potential_Novel_Family
4175,1,0,1,Potential_Novel_Family
4167,1,0,1,Potential_Novel_Family
4168,0,1,1,Known_Family_Only
4169,0,1,1,Known_Family_Only
4171,1,0,1,Potential_Novel_Family
5870,1,0,1,Potential_Novel_Family
5871,1,0,1,Potential_Novel_Family
5873,1,0,1,Potential_Novel_Family
5874,1,0,1,Potential_Novel_Family
4147,1,0,1,Potential_Novel_Family
4148,0,1,1,Known_Family_Only
4149,1,0,1,Potential_Novel_Family
4150,0,1,1,Known_Family_Only
4154,0,1,1,Known_Family_Only
4162,1,0,1,Potential_Novel_Family
4164,1,0,1,Potential_Novel_Family
4165,1,0,1,Potential_Novel_Family
5860,1,0,1,Potential_Novel_Family
5861,0,1,1,Known_Family_Only
5865,0,1,1,Known_Family_Only
5867,1,0,1,Potential_Novel_Family
4143,1,0,1,Potential_Novel_Family
4144,0,1,1,Known_Family_Only
4145,1,0,1,Potential_Novel_Family
4146,0,1,1,Known_Family_Only
5850,1,0,1,Potential_Novel_Family
5852,1,0,1,Potential_Novel_Family
5853,1,0,1,Potential_Novel_Family
5854,1,0,1,Potential_Novel_Family
5855,1,0,1,Potential_Novel_Family
5856,1,0,1,Potential_Novel_Family
5857,1,0,1,Potential_Novel_Family
5858,1,0,1,Potential_Novel_Family
5917,1,0,1,Potential_Novel_Family
5918,1,0,1,Potential_Novel_Family
5919,0,1,1,Known_Family_Only
5920,1,0,1,Potential_Novel_Family
5921,1,0,1,Potential_Novel_Family
5922,1,0,1,Potential_Novel_Family
5923,1,0,1,Potential_Novel_Family
5924,1,0,1,Potential_Novel_Family
5904,0,1,1,Known_Family_Only
5905,0,1,1,Known_Family_Only
5908,1,0,1,Potential_Novel_Family
5909,1,0,1,Potential_Novel_Family
5910,1,0,1,Potential_Novel_Family
5911,1,0,1,Potential_Novel_Family
5912,1,0,1,Potential_Novel_Family
5913,1,0,1,Potential_Novel_Family
5892,1,0,1,Potential_Novel_Family
5894,1,0,1,Potential_Novel_Family
5895,0,1,1,Known_Family_Only
5897,1,0,1,Potential_Novel_Family
5898,1,0,1,Potential_Novel_Family
5899,1,0,1,Potential_Novel_Family
5900,1,0,1,Potential_Novel_Family
5902,1,0,1,Potential_Novel_Family
5879,0,1,1,Known_Family_Only
5880,0,1,1,Known_Family_Only
5881,1,0,1,Potential_Novel_Family
5882,0,1,1,Known_Family_Only
5883,1,0,1,Potential_Novel_Family
5884,1,0,1,Potential_Novel_Family
5885,0,1,1,Known_Family_Only
5886,1,0,1,Potential_Novel_Family
5952,0,1,1,Known_Family_Only
5953,1,0,1,Potential_Novel_Family
5954,1,0,1,Potential_Novel_Family
5955,1,0,1,Potential_Novel_Family
5956,1,0,1,Potential_Novel_Family
5957,0,1,1,Known_Family_Only
5958,1,0,1,Potential_Novel_Family
5959,1,0,1,Potential_Novel_Family
5943,0,1,1,Known_Family_Only
5944,1,0,1,Potential_Novel_Family
5945,0,1,1,Known_Family_Only
5946,0,1,1,Known_Family_Only
5947,0,1,1,Known_Family_Only
5948,0,1,1,Known_Family_Only
5949,1,0,1,Potential_Novel_Family
5951,1,0,1,Potential_Novel_Family
5935,0,1,1,Known_Family_Only
5936,0,1,1,Known_Family_Only
5937,1,0,1,Potential_Novel_Family
5938,1,0,1,Potential_Novel_Family
5939,1,0,1,Potential_Novel_Family
5940,1,0,1,Potential_Novel_Family
5941,1,0,1,Potential_Novel_Family
5942,1,0,1,Potential_Novel_Family
5925,1,0,1,Potential_Novel_Family
5926,1,0,1,Potential_Novel_Family
5928,0,1,1,Known_Family_Only
5929,1,0,1,Potential_Novel_Family
5930,1,0,1,Potential_Novel_Family
5931,0,1,1,Known_Family_Only
5932,0,1,1,Known_Family_Only
5933,1,0,1,Potential_Novel_Family
5966,1,0,1,Potential_Novel_Family
5967,0,1,1,Known_Family_Only
5968,0,1,1,Known_Family_Only
5969,1,0,1,Potential_Novel_Family
5971,0,1,1,Known_Family_Only
5972,1,0,1,Potential_Novel_Family
5974,0,1,1,Known_Family_Only
5975,0,1,1,Known_Family_Only
4132,1,0,1,Potential_Novel_Family
4133,1,0,1,Potential_Novel_Family
4134,1,0,1,Potential_Novel_Family
4136,0,1,1,Known_Family_Only
4137,1,0,1,Potential_Novel_Family
4138,1,0,1,Potential_Novel_Family
4140,0,1,1,Known_Family_Only
5965,1,0,1,Potential_Novel_Family
4116,0,1,1,Known_Family_Only
4118,0,1,1,Known_Family_Only
4121,1,0,1,Potential_Novel_Family
4123,0,1,1,Known_Family_Only
4125,1,0,1,Potential_Novel_Family
4126,0,1,1,Known_Family_Only
4128,1,0,1,Potential_Novel_Family
4131,1,0,1,Potential_Novel_Family
5960,1,0,1,Potential_Novel_Family
5961,1,0,1,Potential_Novel_Family
5962,0,1,1,Known_Family_Only
5963,1,0,1,Potential_Novel_Family
4110,1,0,1,Potential_Novel_Family
4111,1,0,1,Potential_Novel_Family
4112,0,1,1,Known_Family_Only
4114,1,0,1,Potential_Novel_Family
4107,1,0,1,Potential_Novel_Family
4108,1,0,1,Potential_Novel_Family
5998,1,0,1,Potential_Novel_Family
5999,0,1,1,Known_Family_Only
6000,1,0,1,Potential_Novel_Family
6001,1,0,1,Potential_Novel_Family
6005,0,1,1,Known_Family_Only
6009,0,1,1,Known_Family_Only
4096,1,0,1,Potential_Novel_Family
4098,1,0,1,Potential_Novel_Family
4100,1,0,1,Potential_Novel_Family
4101,1,0,1,Potential_Novel_Family
4102,0,1,1,Known_Family_Only
4103,1,0,1,Potential_Novel_Family
4104,1,0,1,Potential_Novel_Family
4105,1,0,1,Potential_Novel_Family
5996,1,0,1,Potential_Novel_Family
4080,1,0,1,Potential_Novel_Family
4084,1,0,1,Potential_Novel_Family
4086,1,0,1,Potential_Novel_Family
4087,1,0,1,Potential_Novel_Family
4089,0,1,1,Known_Family_Only
4091,0,1,1,Known_Family_Only
4092,1,0,1,Potential_Novel_Family
5976,0,1,1,Known_Family_Only
5981,0,1,1,Known_Family_Only
5983,0,1,1,Known_Family_Only
5984,1,0,1,Potential_Novel_Family
5987,1,0,1,Potential_Novel_Family
5988,1,0,1,Potential_Novel_Family
5992,1,0,1,Potential_Novel_Family
5993,1,0,1,Potential_Novel_Family
6052,1,0,1,Potential_Novel_Family
6054,0,1,1,Known_Family_Only
6057,1,0,1,Potential_Novel_Family
6058,0,1,1,Known_Family_Only
6060,1,0,1,Potential_Novel_Family
4045,1,0,1,Potential_Novel_Family
4046,1,0,1,Potential_Novel_Family
4047,0,1,1,Known_Family_Only
6042,1,0,1,Potential_Novel_Family
6044,1,0,1,Potential_Novel_Family
6045,0,1,1,Known_Family_Only
6046,0,1,1,Known_Family_Only
6048,1,0,1,Potential_Novel_Family
6049,0,1,1,Known_Family_Only
6050,1,0,1,Potential_Novel_Family
6051,0,1,1,Known_Family_Only
6023,0,1,1,Known_Family_Only
6025,0,1,1,Known_Family_Only
6028,0,1,1,Known_Family_Only
6033,1,0,1,Potential_Novel_Family
6034,1,0,1,Potential_Novel_Family
6036,1,0,1,Potential_Novel_Family
6039,1,0,1,Potential_Novel_Family
6041,0,1,1,Known_Family_Only
6010,1,0,1,Potential_Novel_Family
6011,0,1,1,Known_Family_Only
6014,1,0,1,Potential_Novel_Family
6016,1,0,1,Potential_Novel_Family
6017,1,0,1,Potential_Novel_Family
6018,1,0,1,Potential_Novel_Family
6019,0,1,1,Known_Family_Only
6022,0,1,1,Known_Family_Only
6063,1,0,1,Potential_Novel_Family
6064,1,0,1,Potential_Novel_Family
6065,1,0,1,Potential_Novel_Family
6068,0,1,1,Known_Family_Only
6070,1,0,1,Potential_Novel_Family
6073,0,1,1,Known_Family_Only
6075,1,0,1,Potential_Novel_Family
6076,0,1,1,Known_Family_Only
4071,1,0,1,Potential_Novel_Family
4072,1,0,1,Potential_Novel_Family
4073,1,0,1,Potential_Novel_Family
4074,1,0,1,Potential_Novel_Family
4075,1,0,1,Potential_Novel_Family
4076,1,0,1,Potential_Novel_Family
6061,0,1,1,Known_Family_Only
6062,1,0,1,Potential_Novel_Family
4058,0,1,1,Known_Family_Only
4059,0,1,1,Known_Family_Only
4062,1,0,1,Potential_Novel_Family
4063,1,0,1,Potential_Novel_Family
4064,1,0,1,Potential_Novel_Family
4067,1,0,1,Potential_Novel_Family
4068,0,1,1,Known_Family_Only
4069,1,0,1,Potential_Novel_Family
4049,1,0,1,Potential_Novel_Family
4050,1,0,1,Potential_Novel_Family
4051,0,1,1,Known_Family_Only
4052,1,0,1,Potential_Novel_Family
4053,0,1,1,Known_Family_Only
4054,0,1,1,Known_Family_Only
4056,1,0,1,Potential_Novel_Family
4057,1,0,1,Potential_Novel_Family
6112,1,0,1,Potential_Novel_Family
6113,1,0,1,Potential_Novel_Family
6114,0,1,1,Known_Family_Only
6115,1,0,1,Potential_Novel_Family
6116,1,0,1,Potential_Novel_Family
6118,0,1,1,Known_Family_Only
6119,1,0,1,Potential_Novel_Family
6121,0,1,1,Known_Family_Only
6103,1,0,1,Potential_Novel_Family
6104,1,0,1,Potential_Novel_Family
6105,0,1,1,Known_Family_Only
6106,1,0,1,Potential_Novel_Family
6107,0,1,1,Known_Family_Only
6108,0,1,1,Known_Family_Only
6109,1,0,1,Potential_Novel_Family
6110,1,0,1,Potential_Novel_Family
6091,1,0,1,Potential_Novel_Family
6092,0,1,1,Known_Family_Only
6093,0,1,1,Known_Family_Only
6095,1,0,1,Potential_Novel_Family
6096,1,0,1,Potential_Novel_Family
6099,1,0,1,Potential_Novel_Family
6100,1,0,1,Potential_Novel_Family
6101,1,0,1,Potential_Novel_Family
6078,0,1,1,Known_Family_Only
6080,1,0,1,Potential_Novel_Family
6082,1,0,1,Potential_Novel_Family
6083,1,0,1,Potential_Novel_Family
6084,0,1,1,Known_Family_Only
6086,0,1,1,Known_Family_Only
6089,0,1,1,Known_Family_Only
6090,1,0,1,Potential_Novel_Family
6131,0,1,1,Known_Family_Only
6132,1,0,1,Potential_Novel_Family
6133,1,0,1,Potential_Novel_Family
6135,1,0,1,Potential_Novel_Family
6136,0,1,1,Known_Family_Only
6140,1,0,1,Potential_Novel_Family
6141,1,0,1,Potential_Novel_Family
6142,1,0,1,Potential_Novel_Family
4041,1,0,1,Potential_Novel_Family
4042,1,0,1,Potential_Novel_Family
4044,0,1,1,Known_Family_Only
6125,1,0,1,Potential_Novel_Family
6126,1,0,1,Potential_Novel_Family
6127,1,0,1,Potential_Novel_Family
6128,1,0,1,Potential_Novel_Family
6130,1,0,1,Potential_Novel_Family
4032,0,1,1,Known_Family_Only
4033,1,0,1,Potential_Novel_Family
4034,0,1,1,Known_Family_Only
4035,1,0,1,Potential_Novel_Family
4036,1,0,1,Potential_Novel_Family
4037,1,0,1,Potential_Novel_Family
4039,1,0,1,Potential_Novel_Family
4040,0,1,1,Known_Family_Only
6122,1,0,1,Potential_Novel_Family
4013,1,0,1,Potential_Novel_Family
4015,1,0,1,Potential_Novel_Family
4016,0,1,1,Known_Family_Only
4017,1,0,1,Potential_Novel_Family
4018,0,1,1,Known_Family_Only
4019,0,1,1,Known_Family_Only
4029,0,1,1,Known_Family_Only
4012,1,0,1,Potential_Novel_Family
6157,1,0,1,Potential_Novel_Family
6158,0,1,1,Known_Family_Only
6160,0,1,1,Known_Family_Only
6161,1,0,1,Potential_Novel_Family
6163,1,0,1,Potential_Novel_Family
6164,1,0,1,Potential_Novel_Family
6165,1,0,1,Potential_Novel_Family
3996,1,0,1,Potential_Novel_Family
3997,1,0,1,Potential_Novel_Family
3999,1,0,1,Potential_Novel_Family
4000,0,1,1,Known_Family_Only
4002,0,1,1,Known_Family_Only
4003,1,0,1,Potential_Novel_Family
4007,1,0,1,Potential_Novel_Family
4009,1,0,1,Potential_Novel_Family
3981,1,0,1,Potential_Novel_Family
3982,1,0,1,Potential_Novel_Family
3983,0,1,1,Known_Family_Only
3984,0,1,1,Known_Family_Only
3985,1,0,1,Potential_Novel_Family
3986,0,1,1,Known_Family_Only
3989,0,1,1,Known_Family_Only
3991,0,1,1,Known_Family_Only
6143,1,0,1,Potential_Novel_Family
6144,0,1,1,Known_Family_Only
6146,1,0,1,Potential_Novel_Family
6148,1,0,1,Potential_Novel_Family
6149,1,0,1,Potential_Novel_Family
6150,1,0,1,Potential_Novel_Family
6152,1,0,1,Potential_Novel_Family
6154,1,0,1,Potential_Novel_Family
3970,1,0,1,Potential_Novel_Family
3972,0,1,1,Known_Family_Only
3973,1,0,1,Potential_Novel_Family
3976,1,0,1,Potential_Novel_Family
3980,1,0,1,Potential_Novel_Family
6189,1,0,1,Potential_Novel_Family
6190,1,0,1,Potential_Novel_Family
6194,1,0,1,Potential_Novel_Family
3953,0,1,1,Known_Family_Only
3954,1,0,1,Potential_Novel_Family
3955,0,1,1,Known_Family_Only
3958,1,0,1,Potential_Novel_Family
3959,1,0,1,Potential_Novel_Family
3961,1,0,1,Potential_Novel_Family
3967,1,0,1,Potential_Novel_Family
3968,1,0,1,Potential_Novel_Family
6181,1,0,1,Potential_Novel_Family
6182,1,0,1,Potential_Novel_Family
6183,0,1,1,Known_Family_Only
6184,1,0,1,Potential_Novel_Family
6186,0,1,1,Known_Family_Only
6187,1,0,1,Potential_Novel_Family
3949,1,0,1,Potential_Novel_Family
3950,1,0,1,Potential_Novel_Family
6166,0,1,1,Known_Family_Only
6167,1,0,1,Potential_Novel_Family
6168,0,1,1,Known_Family_Only
6169,1,0,1,Potential_Novel_Family
6171,1,0,1,Potential_Novel_Family
6172,1,0,1,Potential_Novel_Family
6174,1,0,1,Potential_Novel_Family
6176,1,0,1,Potential_Novel_Family
6239,0,1,1,Known_Family_Only
6240,1,0,1,Potential_Novel_Family
6242,1,0,1,Potential_Novel_Family
6243,1,0,1,Potential_Novel_Family
6244,0,1,1,Known_Family_Only
6246,1,0,1,Potential_Novel_Family
6247,1,0,1,Potential_Novel_Family
6249,0,1,1,Known_Family_Only
6226,0,1,1,Known_Family_Only
6227,0,1,1,Known_Family_Only
6230,1,0,1,Potential_Novel_Family
6231,1,0,1,Potential_Novel_Family
6233,1,0,1,Potential_Novel_Family
6234,0,1,1,Known_Family_Only
6235,0,1,1,Known_Family_Only
6236,1,0,1,Potential_Novel_Family
6210,1,0,1,Potential_Novel_Family
6213,1,0,1,Potential_Novel_Family
6214,1,0,1,Potential_Novel_Family
6215,1,0,1,Potential_Novel_Family
6216,1,0,1,Potential_Novel_Family
6217,0,1,1,Known_Family_Only
6218,1,0,1,Potential_Novel_Family
6224,1,0,1,Potential_Novel_Family
6196,1,0,1,Potential_Novel_Family
6197,1,0,1,Potential_Novel_Family
6199,1,0,1,Potential_Novel_Family
6200,1,0,1,Potential_Novel_Family
6201,1,0,1,Potential_Novel_Family
6206,1,0,1,Potential_Novel_Family
6207,1,0,1,Potential_Novel_Family
6209,0,1,1,Known_Family_Only
6260,0,1,1,Known_Family_Only
6262,0,1,1,Known_Family_Only
6266,0,1,1,Known_Family_Only
6267,1,0,1,Potential_Novel_Family
6268,0,1,1,Known_Family_Only
6269,1,0,1,Potential_Novel_Family
6270,0,1,1,Known_Family_Only
6271,1,0,1,Potential_Novel_Family
3945,1,0,1,Potential_Novel_Family
3946,1,0,1,Potential_Novel_Family
3947,1,0,1,Potential_Novel_Family
6253,1,0,1,Potential_Novel_Family
6255,1,0,1,Potential_Novel_Family
6256,0,1,1,Known_Family_Only
6257,1,0,1,Potential_Novel_Family
6259,1,0,1,Potential_Novel_Family
3931,1,0,1,Potential_Novel_Family
3932,1,0,1,Potential_Novel_Family
3933,0,1,1,Known_Family_Only
3934,1,0,1,Potential_Novel_Family
3936,0,1,1,Known_Family_Only
3937,1,0,1,Potential_Novel_Family
3939,1,0,1,Potential_Novel_Family
3942,0,1,1,Known_Family_Only
6252,1,0,1,Potential_Novel_Family
3919,1,0,1,Potential_Novel_Family
3921,0,1,1,Known_Family_Only
3924,1,0,1,Potential_Novel_Family
3925,0,1,1,Known_Family_Only
3926,0,1,1,Known_Family_Only
3929,1,0,1,Potential_Novel_Family
3930,0,1,1,Known_Family_Only
6299,0,1,1,Known_Family_Only
6302,1,0,1,Potential_Novel_Family
6303,0,1,1,Known_Family_Only
6304,0,1,1,Known_Family_Only
6305,1,0,1,Potential_Novel_Family
6306,0,1,1,Known_Family_Only
6307,0,1,1,Known_Family_Only
6308,1,0,1,Potential_Novel_Family
6290,1,0,1,Potential_Novel_Family
6291,1,0,1,Potential_Novel_Family
6292,1,0,1,Potential_Novel_Family
6294,0,1,1,Known_Family_Only
6295,0,1,1,Known_Family_Only
6296,0,1,1,Known_Family_Only
6297,1,0,1,Potential_Novel_Family
6298,1,0,1,Potential_Novel_Family
6280,1,0,1,Potential_Novel_Family
6281,1,0,1,Potential_Novel_Family
6282,1,0,1,Potential_Novel_Family
6285,1,0,1,Potential_Novel_Family
6286,0,1,1,Known_Family_Only
6287,0,1,1,Known_Family_Only
6288,1,0,1,Potential_Novel_Family
6289,1,0,1,Potential_Novel_Family
6272,1,0,1,Potential_Novel_Family
6273,1,0,1,Potential_Novel_Family
6274,0,1,1,Known_Family_Only
6275,1,0,1,Potential_Novel_Family
6276,1,0,1,Potential_Novel_Family
6277,1,0,1,Potential_Novel_Family
6278,1,0,1,Potential_Novel_Family
6279,1,0,1,Potential_Novel_Family
6342,0,1,1,Known_Family_Only
6343,1,0,1,Potential_Novel_Family
6344,0,1,1,Known_Family_Only
6345,0,1,1,Known_Family_Only
6347,1,0,1,Potential_Novel_Family
3885,0,1,1,Known_Family_Only
3887,0,1,1,Known_Family_Only
3889,0,1,1,Known_Family_Only
6330,1,0,1,Potential_Novel_Family
6331,1,0,1,Potential_Novel_Family
6332,1,0,1,Potential_Novel_Family
6334,0,1,1,Known_Family_Only
6335,1,0,1,Potential_Novel_Family
6339,0,1,1,Known_Family_Only
6340,1,0,1,Potential_Novel_Family
6341,1,0,1,Potential_Novel_Family
6319,1,0,1,Potential_Novel_Family
6321,0,1,1,Known_Family_Only
6322,1,0,1,Potential_Novel_Family
6323,0,1,1,Known_Family_Only
6325,1,0,1,Potential_Novel_Family
6326,1,0,1,Potential_Novel_Family
6328,1,0,1,Potential_Novel_Family
6329,1,0,1,Potential_Novel_Family
6309,0,1,1,Known_Family_Only
6310,0,1,1,Known_Family_Only
6311,1,0,1,Potential_Novel_Family
6312,1,0,1,Potential_Novel_Family
6313,1,0,1,Potential_Novel_Family
6315,1,0,1,Potential_Novel_Family
6317,1,0,1,Potential_Novel_Family
6318,0,1,1,Known_Family_Only
6360,0,1,1,Known_Family_Only
6361,0,1,1,Known_Family_Only
6364,0,1,1,Known_Family_Only
6365,1,0,1,Potential_Novel_Family
6367,1,0,1,Potential_Novel_Family
6368,1,0,1,Potential_Novel_Family
6369,0,1,1,Known_Family_Only
6372,1,0,1,Potential_Novel_Family
6349,1,0,1,Potential_Novel_Family
6350,0,1,1,Known_Family_Only
6351,1,0,1,Potential_Novel_Family
6352,1,0,1,Potential_Novel_Family
6353,1,0,1,Potential_Novel_Family
6355,1,0,1,Potential_Novel_Family
6357,1,0,1,Potential_Novel_Family
6358,0,1,1,Known_Family_Only
3907,0,1,1,Known_Family_Only
3909,0,1,1,Known_Family_Only
3910,1,0,1,Potential_Novel_Family
3911,1,0,1,Potential_Novel_Family
3912,1,0,1,Potential_Novel_Family
3913,1,0,1,Potential_Novel_Family
3914,1,0,1,Potential_Novel_Family
3916,1,0,1,Potential_Novel_Family
3892,1,0,1,Potential_Novel_Family
3893,1,0,1,Potential_Novel_Family
3896,1,0,1,Potential_Novel_Family
3897,1,0,1,Potential_Novel_Family
3899,1,0,1,Potential_Novel_Family
3903,1,0,1,Potential_Novel_Family
3904,1,0,1,Potential_Novel_Family
3905,1,0,1,Potential_Novel_Family
3884,0,1,1,Known_Family_Only
6381,0,1,1,Known_Family_Only
6382,1,0,1,Potential_Novel_Family
6383,0,1,1,Known_Family_Only
6384,0,1,1,Known_Family_Only
6385,1,0,1,Potential_Novel_Family
6387,0,1,1,Known_Family_Only
6389,0,1,1,Known_Family_Only
3874,1,0,1,Potential_Novel_Family
3875,1,0,1,Potential_Novel_Family
3876,1,0,1,Potential_Novel_Family
3878,0,1,1,Known_Family_Only
3879,0,1,1,Known_Family_Only
3880,0,1,1,Known_Family_Only
3881,1,0,1,Potential_Novel_Family
3883,0,1,1,Known_Family_Only
3862,1,0,1,Potential_Novel_Family
3863,0,1,1,Known_Family_Only
3864,1,0,1,Potential_Novel_Family
3866,0,1,1,Known_Family_Only
3867,0,1,1,Known_Family_Only
3868,1,0,1,Potential_Novel_Family
3871,1,0,1,Potential_Novel_Family
3872,1,0,1,Potential_Novel_Family
6374,1,0,1,Potential_Novel_Family
6377,1,0,1,Potential_Novel_Family
6380,1,0,1,Potential_Novel_Family
3853,1,0,1,Potential_Novel_Family
3854,0,1,1,Known_Family_Only
3856,1,0,1,Potential_Novel_Family
3859,0,1,1,Known_Family_Only
3861,1,0,1,Potential_Novel_Family
6425,1,0,1,Potential_Novel_Family
6427,1,0,1,Potential_Novel_Family
6428,0,1,1,Known_Family_Only
6429,1,0,1,Potential_Novel_Family
6431,1,0,1,Potential_Novel_Family
6432,0,1,1,Known_Family_Only
6433,0,1,1,Known_Family_Only
6434,1,0,1,Potential_Novel_Family
6415,0,1,1,Known_Family_Only
6416,0,1,1,Known_Family_Only
6418,1,0,1,Potential_Novel_Family
6419,1,0,1,Potential_Novel_Family
6420,1,0,1,Potential_Novel_Family
6422,1,0,1,Potential_Novel_Family
6423,1,0,1,Potential_Novel_Family
6424,0,1,1,Known_Family_Only
6402,1,0,1,Potential_Novel_Family
6405,1,0,1,Potential_Novel_Family
6408,1,0,1,Potential_Novel_Family
6409,1,0,1,Potential_Novel_Family
6410,1,0,1,Potential_Novel_Family
6411,1,0,1,Potential_Novel_Family
6412,0,1,1,Known_Family_Only
6414,1,0,1,Potential_Novel_Family
6390,1,0,1,Potential_Novel_Family
6391,1,0,1,Potential_Novel_Family
6392,1,0,1,Potential_Novel_Family
6394,1,0,1,Potential_Novel_Family
6395,0,1,1,Known_Family_Only
6397,0,1,1,Known_Family_Only
6399,0,1,1,Known_Family_Only
6401,1,0,1,Potential_Novel_Family
6472,1,0,1,Potential_Novel_Family
6473,1,0,1,Potential_Novel_Family
6474,0,1,1,Known_Family_Only
6475,1,0,1,Potential_Novel_Family
6476,1,0,1,Potential_Novel_Family
3823,0,1,1,Known_Family_Only
3826,1,0,1,Potential_Novel_Family
3829,1,0,1,Potential_Novel_Family
6457,1,0,1,Potential_Novel_Family
6460,0,1,1,Known_Family_Only
6464,0,1,1,Known_Family_Only
6465,1,0,1,Potential_Novel_Family
6466,1,0,1,Potential_Novel_Family
6467,1,0,1,Potential_Novel_Family
6468,1,0,1,Potential_Novel_Family
6469,1,0,1,Potential_Novel_Family
6446,1,0,1,Potential_Novel_Family
6447,0,1,1,Known_Family_Only
6448,1,0,1,Potential_Novel_Family
6449,1,0,1,Potential_Novel_Family
6451,1,0,1,Potential_Novel_Family
6452,1,0,1,Potential_Novel_Family
6454,0,1,1,Known_Family_Only
6455,1,0,1,Potential_Novel_Family
6435,1,0,1,Potential_Novel_Family
6436,1,0,1,Potential_Novel_Family
6438,1,0,1,Potential_Novel_Family
6440,1,0,1,Potential_Novel_Family
6441,1,0,1,Potential_Novel_Family
6442,0,1,1,Known_Family_Only
6444,1,0,1,Potential_Novel_Family
6445,1,0,1,Potential_Novel_Family
6498,1,0,1,Potential_Novel_Family
6499,1,0,1,Potential_Novel_Family
6501,0,1,1,Known_Family_Only
6502,0,1,1,Known_Family_Only
6504,1,0,1,Potential_Novel_Family
6506,1,0,1,Potential_Novel_Family
6508,0,1,1,Known_Family_Only
3789,1,0,1,Potential_Novel_Family
6477,0,1,1,Known_Family_Only
6481,0,1,1,Known_Family_Only
6491,1,0,1,Potential_Novel_Family
6492,0,1,1,Known_Family_Only
6493,1,0,1,Potential_Novel_Family
6494,1,0,1,Potential_Novel_Family
6496,0,1,1,Known_Family_Only
6497,1,0,1,Potential_Novel_Family
3840,0,1,1,Known_Family_Only
3841,1,0,1,Potential_Novel_Family
3844,1,0,1,Potential_Novel_Family
3845,0,1,1,Known_Family_Only
3846,0,1,1,Known_Family_Only
3848,0,1,1,Known_Family_Only
3850,1,0,1,Potential_Novel_Family
3852,1,0,1,Potential_Novel_Family
3830,1,0,1,Potential_Novel_Family
3832,1,0,1,Potential_Novel_Family
3833,1,0,1,Potential_Novel_Family
3834,1,0,1,Potential_Novel_Family
3835,0,1,1,Known_Family_Only
3836,1,0,1,Potential_Novel_Family
3837,1,0,1,Potential_Novel_Family
3838,1,0,1,Potential_Novel_Family
6511,0,1,1,Known_Family_Only
6515,0,1,1,Known_Family_Only
6516,0,1,1,Known_Family_Only
6517,0,1,1,Known_Family_Only
6519,1,0,1,Potential_Novel_Family
6520,0,1,1,Known_Family_Only
6522,1,0,1,Potential_Novel_Family
6523,1,0,1,Potential_Novel_Family
3815,0,1,1,Known_Family_Only
3816,1,0,1,Potential_Novel_Family
3817,1,0,1,Potential_Novel_Family
3818,1,0,1,Potential_Novel_Family
3819,1,0,1,Potential_Novel_Family
3820,0,1,1,Known_Family_Only
6509,0,1,1,Known_Family_Only
6510,0,1,1,Known_Family_Only
3799,1,0,1,Potential_Novel_Family
3802,0,1,1,Known_Family_Only
3803,1,0,1,Potential_Novel_Family
3804,1,0,1,Potential_Novel_Family
3808,1,0,1,Potential_Novel_Family
3812,1,0,1,Potential_Novel_Family
3813,0,1,1,Known_Family_Only
3814,0,1,1,Known_Family_Only
3790,1,0,1,Potential_Novel_Family
3791,1,0,1,Potential_Novel_Family
3792,1,0,1,Potential_Novel_Family
3793,1,0,1,Potential_Novel_Family
3795,0,1,1,Known_Family_Only
3796,1,0,1,Potential_Novel_Family
3797,1,0,1,Potential_Novel_Family
3798,1,0,1,Potential_Novel_Family
3782,1,0,1,Potential_Novel_Family
3784,0,1,1,Known_Family_Only
3786,0,1,1,Known_Family_Only
3787,0,1,1,Known_Family_Only
3788,0,1,1,Known_Family_Only
6541,0,1,1,Known_Family_Only
6543,1,0,1,Potential_Novel_Family
6544,1,0,1,Potential_Novel_Family
3773,1,0,1,Potential_Novel_Family
3774,1,0,1,Potential_Novel_Family
3775,1,0,1,Potential_Novel_Family
3776,1,0,1,Potential_Novel_Family
3778,0,1,1,Known_Family_Only
3779,0,1,1,Known_Family_Only
3780,0,1,1,Known_Family_Only
3781,1,0,1,Potential_Novel_Family
6534,1,0,1,Potential_Novel_Family
6538,0,1,1,Known_Family_Only
6540,0,1,1,Known_Family_Only
3763,1,0,1,Potential_Novel_Family
3765,0,1,1,Known_Family_Only
3768,1,0,1,Potential_Novel_Family
3770,0,1,1,Known_Family_Only
3772,0,1,1,Known_Family_Only
6524,1,0,1,Potential_Novel_Family
6526,1,0,1,Potential_Novel_Family
6527,1,0,1,Potential_Novel_Family
6528,0,1,1,Known_Family_Only
6529,0,1,1,Known_Family_Only
6531,1,0,1,Potential_Novel_Family
6532,0,1,1,Known_Family_Only
6533,1,0,1,Potential_Novel_Family
6587,1,0,1,Potential_Novel_Family
6588,1,0,1,Potential_Novel_Family
6589,0,1,1,Known_Family_Only
6590,0,1,1,Known_Family_Only
6591,1,0,1,Potential_Novel_Family
6592,1,0,1,Potential_Novel_Family
6593,1,0,1,Potential_Novel_Family
6594,1,0,1,Potential_Novel_Family
6576,0,1,1,Known_Family_Only
6578,0,1,1,Known_Family_Only
6579,1,0,1,Potential_Novel_Family
6580,1,0,1,Potential_Novel_Family
6582,1,0,1,Potential_Novel_Family
6583,1,0,1,Potential_Novel_Family
6584,0,1,1,Known_Family_Only
6586,1,0,1,Potential_Novel_Family
6562,1,0,1,Potential_Novel_Family
6563,0,1,1,Known_Family_Only
6566,1,0,1,Potential_Novel_Family
6567,1,0,1,Potential_Novel_Family
6568,0,1,1,Known_Family_Only
6570,0,1,1,Known_Family_Only
6571,1,0,1,Potential_Novel_Family
6575,1,0,1,Potential_Novel_Family
6545,1,0,1,Potential_Novel_Family
6546,1,0,1,Potential_Novel_Family
6548,1,0,1,Potential_Novel_Family
6550,0,1,1,Known_Family_Only
6554,0,1,1,Known_Family_Only
6555,1,0,1,Potential_Novel_Family
6557,1,0,1,Potential_Novel_Family
6558,1,0,1,Potential_Novel_Family
3755,0,1,1,Known_Family_Only
6607,1,0,1,Potential_Novel_Family
6608,1,0,1,Potential_Novel_Family
6609,1,0,1,Potential_Novel_Family
6611,0,1,1,Known_Family_Only
6613,1,0,1,Potential_Novel_Family
6614,1,0,1,Potential_Novel_Family
6615,0,1,1,Known_Family_Only
3744,1,0,1,Potential_Novel_Family
3745,0,1,1,Known_Family_Only
3746,1,0,1,Potential_Novel_Family
3747,1,0,1,Potential_Novel_Family
3749,1,0,1,Potential_Novel_Family
3750,1,0,1,Potential_Novel_Family
3752,1,0,1,Potential_Novel_Family
3754,1,0,1,Potential_Novel_Family
3726,1,0,1,Potential_Novel_Family
3728,1,0,1,Potential_Novel_Family
3733,0,1,1,Known_Family_Only
3735,1,0,1,Potential_Novel_Family
3736,0,1,1,Known_Family_Only
3740,0,1,1,Known_Family_Only
3741,0,1,1,Known_Family_Only
3742,1,0,1,Potential_Novel_Family
6595,1,0,1,Potential_Novel_Family
6596,0,1,1,Known_Family_Only
6598,1,0,1,Potential_Novel_Family
6599,0,1,1,Known_Family_Only
6600,0,1,1,Known_Family_Only
6601,0,1,1,Known_Family_Only
6603,1,0,1,Potential_Novel_Family
6604,1,0,1,Potential_Novel_Family
6652,0,1,1,Known_Family_Only
6653,0,1,1,Known_Family_Only
6654,1,0,1,Potential_Novel_Family
6656,0,1,1,Known_Family_Only
6658,1,0,1,Potential_Novel_Family
6662,1,0,1,Potential_Novel_Family
6663,1,0,1,Potential_Novel_Family
6664,1,0,1,Potential_Novel_Family
6640,0,1,1,Known_Family_Only
6641,1,0,1,Potential_Novel_Family
6642,1,0,1,Potential_Novel_Family
6644,1,0,1,Potential_Novel_Family
6645,1,0,1,Potential_Novel_Family
6646,1,0,1,Potential_Novel_Family
6647,0,1,1,Known_Family_Only
6648,0,1,1,Known_Family_Only
6630,1,0,1,Potential_Novel_Family
6632,1,0,1,Potential_Novel_Family
6633,1,0,1,Potential_Novel_Family
6634,1,0,1,Potential_Novel_Family
6635,1,0,1,Potential_Novel_Family
6636,0,1,1,Known_Family_Only
6638,1,0,1,Potential_Novel_Family
6639,1,0,1,Potential_Novel_Family
6619,0,1,1,Known_Family_Only
6621,1,0,1,Potential_Novel_Family
6622,0,1,1,Known_Family_Only
6623,0,1,1,Known_Family_Only
6624,1,0,1,Potential_Novel_Family
6625,1,0,1,Potential_Novel_Family
6628,1,0,1,Potential_Novel_Family
6629,0,1,1,Known_Family_Only
6671,1,0,1,Potential_Novel_Family
6672,0,1,1,Known_Family_Only
6674,1,0,1,Potential_Novel_Family
6675,0,1,1,Known_Family_Only
6676,0,1,1,Known_Family_Only
6678,1,0,1,Potential_Novel_Family
6681,1,0,1,Potential_Novel_Family
6682,0,1,1,Known_Family_Only
3712,1,0,1,Potential_Novel_Family
3715,0,1,1,Known_Family_Only
3717,1,0,1,Potential_Novel_Family
3718,0,1,1,Known_Family_Only
3719,1,0,1,Potential_Novel_Family
3723,1,0,1,Potential_Novel_Family
3724,1,0,1,Potential_Novel_Family
6669,0,1,1,Known_Family_Only
3702,1,0,1,Potential_Novel_Family
3703,0,1,1,Known_Family_Only
3704,1,0,1,Potential_Novel_Family
3705,1,0,1,Potential_Novel_Family
3706,0,1,1,Known_Family_Only
3707,0,1,1,Known_Family_Only
3709,0,1,1,Known_Family_Only
3711,1,0,1,Potential_Novel_Family
6665,1,0,1,Potential_Novel_Family
6666,1,0,1,Potential_Novel_Family
6668,1,0,1,Potential_Novel_Family
3693,0,1,1,Known_Family_Only
3694,1,0,1,Potential_Novel_Family
3697,1,0,1,Potential_Novel_Family
3699,1,0,1,Potential_Novel_Family
3701,1,0,1,Potential_Novel_Family
6718,0,1,1,Known_Family_Only
6719,1,0,1,Potential_Novel_Family
6721,1,0,1,Potential_Novel_Family
6726,0,1,1,Known_Family_Only
6728,1,0,1,Potential_Novel_Family
6730,1,0,1,Potential_Novel_Family
6731,1,0,1,Potential_Novel_Family
6732,0,1,1,Known_Family_Only
6706,1,0,1,Potential_Novel_Family
6707,0,1,1,Known_Family_Only
6708,1,0,1,Potential_Novel_Family
6712,0,1,1,Known_Family_Only
6714,1,0,1,Potential_Novel_Family
6715,1,0,1,Potential_Novel_Family
6716,0,1,1,Known_Family_Only
6717,0,1,1,Known_Family_Only
6696,1,0,1,Potential_Novel_Family
6697,0,1,1,Known_Family_Only
6698,0,1,1,Known_Family_Only
6699,1,0,1,Potential_Novel_Family
6701,0,1,1,Known_Family_Only
6702,1,0,1,Potential_Novel_Family
6703,1,0,1,Potential_Novel_Family
6704,0,1,1,Known_Family_Only
6683,0,1,1,Known_Family_Only
6684,0,1,1,Known_Family_Only
6686,1,0,1,Potential_Novel_Family
6688,0,1,1,Known_Family_Only
6690,0,1,1,Known_Family_Only
6691,1,0,1,Potential_Novel_Family
6692,1,0,1,Potential_Novel_Family
6694,0,1,1,Known_Family_Only
6744,0,1,1,Known_Family_Only
6745,0,1,1,Known_Family_Only
6747,0,1,1,Known_Family_Only
6751,1,0,1,Potential_Novel_Family
6752,1,0,1,Potential_Novel_Family
6754,1,0,1,Potential_Novel_Family
6755,1,0,1,Potential_Novel_Family
6756,0,1,1,Known_Family_Only
3688,0,1,1,Known_Family_Only
3689,1,0,1,Potential_Novel_Family
3690,0,1,1,Known_Family_Only
3692,1,0,1,Potential_Novel_Family
6735,0,1,1,Known_Family_Only
6737,0,1,1,Known_Family_Only
6739,0,1,1,Known_Family_Only
6742,1,0,1,Potential_Novel_Family
3674,1,0,1,Potential_Novel_Family
3675,1,0,1,Potential_Novel_Family
3677,0,1,1,Known_Family_Only
3679,1,0,1,Potential_Novel_Family
3681,1,0,1,Potential_Novel_Family
3683,1,0,1,Potential_Novel_Family
3684,1,0,1,Potential_Novel_Family
3687,1,0,1,Potential_Novel_Family
3662,1,0,1,Potential_Novel_Family
3663,1,0,1,Potential_Novel_Family
3664,1,0,1,Potential_Novel_Family
3666,1,0,1,Potential_Novel_Family
3667,0,1,1,Known_Family_Only
3668,1,0,1,Potential_Novel_Family
3671,1,0,1,Potential_Novel_Family
3672,1,0,1,Potential_Novel_Family
6789,0,1,1,Known_Family_Only
6791,0,1,1,Known_Family_Only
6792,0,1,1,Known_Family_Only
6793,0,1,1,Known_Family_Only
6795,0,1,1,Known_Family_Only
3629,1,0,1,Potential_Novel_Family
3630,0,1,1,Known_Family_Only
3633,1,0,1,Potential_Novel_Family
6775,0,1,1,Known_Family_Only
6777,0,1,1,Known_Family_Only
6781,0,1,1,Known_Family_Only
6783,0,1,1,Known_Family_Only
6785,1,0,1,Potential_Novel_Family
6786,1,0,1,Potential_Novel_Family
6787,0,1,1,Known_Family_Only
6788,0,1,1,Known_Family_Only
6766,0,1,1,Known_Family_Only
6767,1,0,1,Potential_Novel_Family
6768,0,1,1,Known_Family_Only
6769,1,0,1,Potential_Novel_Family
6770,0,1,1,Known_Family_Only
6771,0,1,1,Known_Family_Only
6772,1,0,1,Potential_Novel_Family
6774,1,0,1,Potential_Novel_Family
6757,1,0,1,Potential_Novel_Family
6758,1,0,1,Potential_Novel_Family
6759,1,0,1,Potential_Novel_Family
6760,0,1,1,Known_Family_Only
6762,1,0,1,Potential_Novel_Family
6763,0,1,1,Known_Family_Only
6764,0,1,1,Known_Family_Only
6765,1,0,1,Potential_Novel_Family
6807,0,1,1,Known_Family_Only
6808,1,0,1,Potential_Novel_Family
6809,1,0,1,Potential_Novel_Family
6810,1,0,1,Potential_Novel_Family
6811,0,1,1,Known_Family_Only
6812,1,0,1,Potential_Novel_Family
6813,1,0,1,Potential_Novel_Family
6816,1,0,1,Potential_Novel_Family
3659,0,1,1,Known_Family_Only
6797,1,0,1,Potential_Novel_Family
6798,1,0,1,Potential_Novel_Family
6800,0,1,1,Known_Family_Only
6801,1,0,1,Potential_Novel_Family
6802,0,1,1,Known_Family_Only
6803,1,0,1,Potential_Novel_Family
6806,0,1,1,Known_Family_Only
3648,1,0,1,Potential_Novel_Family
3650,0,1,1,Known_Family_Only
3652,0,1,1,Known_Family_Only
3653,0,1,1,Known_Family_Only
3654,1,0,1,Potential_Novel_Family
3655,0,1,1,Known_Family_Only
3657,0,1,1,Known_Family_Only
3658,1,0,1,Potential_Novel_Family
3634,1,0,1,Potential_Novel_Family
3635,1,0,1,Potential_Novel_Family
3637,0,1,1,Known_Family_Only
3638,1,0,1,Potential_Novel_Family
3640,1,0,1,Potential_Novel_Family
3641,0,1,1,Known_Family_Only
3644,1,0,1,Potential_Novel_Family
3647,0,1,1,Known_Family_Only
6849,1,0,1,Potential_Novel_Family
6850,0,1,1,Known_Family_Only
6851,0,1,1,Known_Family_Only
6852,0,1,1,Known_Family_Only
6853,1,0,1,Potential_Novel_Family
6854,0,1,1,Known_Family_Only
6855,1,0,1,Potential_Novel_Family
6856,1,0,1,Potential_Novel_Family
6836,1,0,1,Potential_Novel_Family
6837,0,1,1,Known_Family_Only
6838,1,0,1,Potential_Novel_Family
6839,0,1,1,Known_Family_Only
6842,1,0,1,Potential_Novel_Family
6846,1,0,1,Potential_Novel_Family
6847,1,0,1,Potential_Novel_Family
6848,1,0,1,Potential_Novel_Family
6828,0,1,1,Known_Family_Only
6829,0,1,1,Known_Family_Only
6830,0,1,1,Known_Family_Only
6831,1,0,1,Potential_Novel_Family
6832,0,1,1,Known_Family_Only
6833,1,0,1,Potential_Novel_Family
6834,1,0,1,Potential_Novel_Family
6835,1,0,1,Potential_Novel_Family
6817,1,0,1,Potential_Novel_Family
6818,1,0,1,Potential_Novel_Family
6819,1,0,1,Potential_Novel_Family
6820,1,0,1,Potential_Novel_Family
6822,0,1,1,Known_Family_Only
6823,0,1,1,Known_Family_Only
6824,1,0,1,Potential_Novel_Family
6826,1,0,1,Potential_Novel_Family
6864,0,1,1,Known_Family_Only
6866,1,0,1,Potential_Novel_Family
6867,1,0,1,Potential_Novel_Family
6868,0,1,1,Known_Family_Only
6869,0,1,1,Known_Family_Only
6870,0,1,1,Known_Family_Only
6872,0,1,1,Known_Family_Only
6875,0,1,1,Known_Family_Only
3620,0,1,1,Known_Family_Only
3623,1,0,1,Potential_Novel_Family
3624,1,0,1,Potential_Novel_Family
3626,1,0,1,Potential_Novel_Family
3627,1,0,1,Potential_Novel_Family
3628,0,1,1,Known_Family_Only
6862,0,1,1,Known_Family_Only
6863,1,0,1,Potential_Novel_Family
3604,0,1,1,Known_Family_Only
3606,0,1,1,Known_Family_Only
3607,0,1,1,Known_Family_Only
3610,1,0,1,Potential_Novel_Family
3611,1,0,1,Potential_Novel_Family
3616,1,0,1,Potential_Novel_Family
3618,0,1,1,Known_Family_Only
3619,1,0,1,Potential_Novel_Family
6857,0,1,1,Known_Family_Only
6859,0,1,1,Known_Family_Only
6860,0,1,1,Known_Family_Only
3598,0,1,1,Known_Family_Only
3600,0,1,1,Known_Family_Only
3601,0,1,1,Known_Family_Only
3602,0,1,1,Known_Family_Only
3603,0,1,1,Known_Family_Only
6910,1,0,1,Potential_Novel_Family
6913,1,0,1,Potential_Novel_Family
6914,1,0,1,Potential_Novel_Family
6915,1,0,1,Potential_Novel_Family
6916,0,1,1,Known_Family_Only
6917,1,0,1,Potential_Novel_Family
6918,0,1,1,Known_Family_Only
6919,0,1,1,Known_Family_Only
6901,1,0,1,Potential_Novel_Family
6903,0,1,1,Known_Family_Only
6904,1,0,1,Potential_Novel_Family
6905,1,0,1,Potential_Novel_Family
6906,1,0,1,Potential_Novel_Family
6907,0,1,1,Known_Family_Only
6908,1,0,1,Potential_Novel_Family
6909,1,0,1,Potential_Novel_Family
6886,1,0,1,Potential_Novel_Family
6889,0,1,1,Known_Family_Only
6890,1,0,1,Potential_Novel_Family
6891,1,0,1,Potential_Novel_Family
6892,1,0,1,Potential_Novel_Family
6894,1,0,1,Potential_Novel_Family
6897,1,0,1,Potential_Novel_Family
6899,0,1,1,Known_Family_Only
6877,0,1,1,Known_Family_Only
6878,1,0,1,Potential_Novel_Family
6879,1,0,1,Potential_Novel_Family
6880,1,0,1,Potential_Novel_Family
6881,1,0,1,Potential_Novel_Family
6883,0,1,1,Known_Family_Only
6884,1,0,1,Potential_Novel_Family
6885,0,1,1,Known_Family_Only
6925,1,0,1,Potential_Novel_Family
6926,1,0,1,Potential_Novel_Family
6928,1,0,1,Potential_Novel_Family
6930,1,0,1,Potential_Novel_Family
6931,1,0,1,Potential_Novel_Family
6932,1,0,1,Potential_Novel_Family
6935,1,0,1,Potential_Novel_Family
6936,1,0,1,Potential_Novel_Family
3582,0,1,1,Known_Family_Only
3587,0,1,1,Known_Family_Only
3589,0,1,1,Known_Family_Only
3590,1,0,1,Potential_Novel_Family
3592,1,0,1,Potential_Novel_Family
3594,1,0,1,Potential_Novel_Family
3595,0,1,1,Known_Family_Only
3596,1,0,1,Potential_Novel_Family
3570,0,1,1,Known_Family_Only
3571,1,0,1,Potential_Novel_Family
3573,1,0,1,Potential_Novel_Family
3574,0,1,1,Known_Family_Only
3575,1,0,1,Potential_Novel_Family
3576,0,1,1,Known_Family_Only
3577,1,0,1,Potential_Novel_Family
3578,0,1,1,Known_Family_Only
6921,0,1,1,Known_Family_Only
6922,1,0,1,Potential_Novel_Family
6923,1,0,1,Potential_Novel_Family
6924,1,0,1,Potential_Novel_Family
3565,0,1,1,Known_Family_Only
3566,0,1,1,Known_Family_Only
3567,1,0,1,Potential_Novel_Family
3568,1,0,1,Potential_Novel_Family
6977,0,1,1,Known_Family_Only
6978,0,1,1,Known_Family_Only
6979,0,1,1,Known_Family_Only
6980,1,0,1,Potential_Novel_Family
6981,1,0,1,Potential_Novel_Family
6982,0,1,1,Known_Family_Only
6983,1,0,1,Potential_Novel_Family
6984,1,0,1,Potential_Novel_Family
6965,1,0,1,Potential_Novel_Family
6966,1,0,1,Potential_Novel_Family
6968,0,1,1,Known_Family_Only
6969,1,0,1,Potential_Novel_Family
6970,1,0,1,Potential_Novel_Family
6972,1,0,1,Potential_Novel_Family
6973,1,0,1,Potential_Novel_Family
6975,1,0,1,Potential_Novel_Family
6956,0,1,1,Known_Family_Only
6958,0,1,1,Known_Family_Only
6959,1,0,1,Potential_Novel_Family
6960,1,0,1,Potential_Novel_Family
6961,1,0,1,Potential_Novel_Family
6962,0,1,1,Known_Family_Only
6963,0,1,1,Known_Family_Only
6964,1,0,1,Potential_Novel_Family
6937,0,1,1,Known_Family_Only
6939,0,1,1,Known_Family_Only
6944,1,0,1,Potential_Novel_Family
6950,0,1,1,Known_Family_Only
6951,0,1,1,Known_Family_Only
6953,0,1,1,Known_Family_Only
6954,1,0,1,Potential_Novel_Family
6955,1,0,1,Potential_Novel_Family
6994,1,0,1,Potential_Novel_Family
6995,1,0,1,Potential_Novel_Family
6996,0,1,1,Known_Family_Only
6997,0,1,1,Known_Family_Only
6998,1,0,1,Potential_Novel_Family
7000,0,1,1,Known_Family_Only
7001,0,1,1,Known_Family_Only
7002,0,1,1,Known_Family_Only
3559,1,0,1,Potential_Novel_Family
3560,1,0,1,Potential_Novel_Family
3561,1,0,1,Potential_Novel_Family
3563,1,0,1,Potential_Novel_Family
3564,1,0,1,Potential_Novel_Family
6990,1,0,1,Potential_Novel_Family
6991,1,0,1,Potential_Novel_Family
6993,1,0,1,Potential_Novel_Family
3540,1,0,1,Potential_Novel_Family
3541,1,0,1,Potential_Novel_Family
3542,0,1,1,Known_Family_Only
3543,0,1,1,Known_Family_Only
3545,1,0,1,Potential_Novel_Family
3546,0,1,1,Known_Family_Only
3553,1,0,1,Potential_Novel_Family
3555,0,1,1,Known_Family_Only
6986,1,0,1,Potential_Novel_Family
6987,1,0,1,Potential_Novel_Family
6988,1,0,1,Potential_Novel_Family
3534,1,0,1,Potential_Novel_Family
3535,1,0,1,Potential_Novel_Family
3536,0,1,1,Known_Family_Only
3538,1,0,1,Potential_Novel_Family
3539,1,0,1,Potential_Novel_Family
7033,1,0,1,Potential_Novel_Family
7035,1,0,1,Potential_Novel_Family
7036,0,1,1,Known_Family_Only
7037,0,1,1,Known_Family_Only
7039,1,0,1,Potential_Novel_Family
7041,1,0,1,Potential_Novel_Family
7042,0,1,1,Known_Family_Only
7043,1,0,1,Potential_Novel_Family
7022,1,0,1,Potential_Novel_Family
7023,1,0,1,Potential_Novel_Family
7026,1,0,1,Potential_Novel_Family
7027,0,1,1,Known_Family_Only
7029,0,1,1,Known_Family_Only
7030,1,0,1,Potential_Novel_Family
7031,0,1,1,Known_Family_Only
7032,0,1,1,Known_Family_Only
7013,0,1,1,Known_Family_Only
7014,0,1,1,Known_Family_Only
7015,1,0,1,Potential_Novel_Family
7016,0,1,1,Known_Family_Only
7017,1,0,1,Potential_Novel_Family
7018,0,1,1,Known_Family_Only
7020,1,0,1,Potential_Novel_Family
7021,0,1,1,Known_Family_Only
7003,1,0,1,Potential_Novel_Family
7005,1,0,1,Potential_Novel_Family
7006,1,0,1,Potential_Novel_Family
7007,1,0,1,Potential_Novel_Family
7009,0,1,1,Known_Family_Only
7010,1,0,1,Potential_Novel_Family
7011,0,1,1,Known_Family_Only
7012,0,1,1,Known_Family_Only
7076,1,0,1,Potential_Novel_Family
7077,0,1,1,Known_Family_Only
7079,1,0,1,Potential_Novel_Family
7080,0,1,1,Known_Family_Only
7081,1,0,1,Potential_Novel_Family
7082,0,1,1,Known_Family_Only
7083,1,0,1,Potential_Novel_Family
7084,1,0,1,Potential_Novel_Family
7068,1,0,1,Potential_Novel_Family
7069,1,0,1,Potential_Novel_Family
7070,1,0,1,Potential_Novel_Family
7071,1,0,1,Potential_Novel_Family
7072,1,0,1,Potential_Novel_Family
7073,1,0,1,Potential_Novel_Family
7074,1,0,1,Potential_Novel_Family
7075,1,0,1,Potential_Novel_Family
7057,1,0,1,Potential_Novel_Family
7058,0,1,1,Known_Family_Only
7060,0,1,1,Known_Family_Only
7061,0,1,1,Known_Family_Only
7062,0,1,1,Known_Family_Only
7063,1,0,1,Potential_Novel_Family
7064,0,1,1,Known_Family_Only
7065,0,1,1,Known_Family_Only
7044,1,0,1,Potential_Novel_Family
7045,1,0,1,Potential_Novel_Family
7046,1,0,1,Potential_Novel_Family
7049,1,0,1,Potential_Novel_Family
7051,1,0,1,Potential_Novel_Family
7052,0,1,1,Known_Family_Only
7053,1,0,1,Potential_Novel_Family
7056,0,1,1,Known_Family_Only
7090,0,1,1,Known_Family_Only
7091,1,0,1,Potential_Novel_Family
7092,0,1,1,Known_Family_Only
7093,0,1,1,Known_Family_Only
7095,1,0,1,Potential_Novel_Family
7096,1,0,1,Potential_Novel_Family
7098,1,0,1,Potential_Novel_Family
7099,0,1,1,Known_Family_Only
3529,1,0,1,Potential_Novel_Family
3530,1,0,1,Potential_Novel_Family
3531,1,0,1,Potential_Novel_Family
7085,1,0,1,Potential_Novel_Family
7086,1,0,1,Potential_Novel_Family
7087,1,0,1,Potential_Novel_Family
7088,1,0,1,Potential_Novel_Family
7089,1,0,1,Potential_Novel_Family
3516,0,1,1,Known_Family_Only
3517,0,1,1,Known_Family_Only
3518,1,0,1,Potential_Novel_Family
3519,0,1,1,Known_Family_Only
3520,0,1,1,Known_Family_Only
3526,1,0,1,Potential_Novel_Family
3527,0,1,1,Known_Family_Only
3528,0,1,1,Known_Family_Only
3502,0,1,1,Known_Family_Only
3503,1,0,1,Potential_Novel_Family
3505,1,0,1,Potential_Novel_Family
3506,0,1,1,Known_Family_Only
3508,1,0,1,Potential_Novel_Family
3510,0,1,1,Known_Family_Only
3513,0,1,1,Known_Family_Only
3515,1,0,1,Potential_Novel_Family
7131,1,0,1,Potential_Novel_Family
7133,1,0,1,Potential_Novel_Family
7134,0,1,1,Known_Family_Only
7135,0,1,1,Known_Family_Only
7136,1,0,1,Potential_Novel_Family
7137,1,0,1,Potential_Novel_Family
7138,0,1,1,Known_Family_Only
7139,1,0,1,Potential_Novel_Family
7119,1,0,1,Potential_Novel_Family
7120,1,0,1,Potential_Novel_Family
7121,0,1,1,Known_Family_Only
7122,1,0,1,Potential_Novel_Family
7125,0,1,1,Known_Family_Only
7127,0,1,1,Known_Family_Only
7128,1,0,1,Potential_Novel_Family
7129,1,0,1,Potential_Novel_Family
7110,0,1,1,Known_Family_Only
7111,1,0,1,Potential_Novel_Family
7112,1,0,1,Potential_Novel_Family
7113,1,0,1,Potential_Novel_Family
7115,0,1,1,Known_Family_Only
7116,1,0,1,Potential_Novel_Family
7117,1,0,1,Potential_Novel_Family
7118,0,1,1,Known_Family_Only
7100,1,0,1,Potential_Novel_Family
7101,0,1,1,Known_Family_Only
7102,1,0,1,Potential_Novel_Family
7104,0,1,1,Known_Family_Only
7106,0,1,1,Known_Family_Only
7107,0,1,1,Known_Family_Only
7108,1,0,1,Potential_Novel_Family
7109,1,0,1,Potential_Novel_Family
7149,1,0,1,Potential_Novel_Family
7150,1,0,1,Potential_Novel_Family
7151,0,1,1,Known_Family_Only
7152,0,1,1,Known_Family_Only
7153,1,0,1,Potential_Novel_Family
7156,0,1,1,Known_Family_Only
7157,1,0,1,Potential_Novel_Family
7159,1,0,1,Potential_Novel_Family
3486,1,0,1,Potential_Novel_Family
3487,1,0,1,Potential_Novel_Family
3489,0,1,1,Known_Family_Only
3490,1,0,1,Potential_Novel_Family
3493,1,0,1,Potential_Novel_Family
3497,1,0,1,Potential_Novel_Family
3498,0,1,1,Known_Family_Only
3500,1,0,1,Potential_Novel_Family
3472,1,0,1,Potential_Novel_Family
3476,0,1,1,Known_Family_Only
3477,0,1,1,Known_Family_Only
3478,0,1,1,Known_Family_Only
3481,1,0,1,Potential_Novel_Family
3482,1,0,1,Potential_Novel_Family
3483,1,0,1,Potential_Novel_Family
3485,1,0,1,Potential_Novel_Family
7140,0,1,1,Known_Family_Only
7141,0,1,1,Known_Family_Only
7142,0,1,1,Known_Family_Only
7143,1,0,1,Potential_Novel_Family
7145,1,0,1,Potential_Novel_Family
7146,0,1,1,Known_Family_Only
3469,0,1,1,Known_Family_Only
3470,1,0,1,Potential_Novel_Family
7205,1,0,1,Potential_Novel_Family
7206,1,0,1,Potential_Novel_Family
7207,1,0,1,Potential_Novel_Family
7208,1,0,1,Potential_Novel_Family
7209,1,0,1,Potential_Novel_Family
7211,0,1,1,Known_Family_Only
7212,1,0,1,Potential_Novel_Family
3437,0,1,1,Known_Family_Only
7191,1,0,1,Potential_Novel_Family
7192,0,1,1,Known_Family_Only
7193,1,0,1,Potential_Novel_Family
7195,0,1,1,Known_Family_Only
7197,1,0,1,Potential_Novel_Family
7200,1,0,1,Potential_Novel_Family
7203,1,0,1,Potential_Novel_Family
7204,1,0,1,Potential_Novel_Family
7176,1,0,1,Potential_Novel_Family
7177,0,1,1,Known_Family_Only
7179,1,0,1,Potential_Novel_Family
7181,1,0,1,Potential_Novel_Family
7182,1,0,1,Potential_Novel_Family
7185,1,0,1,Potential_Novel_Family
7186,0,1,1,Known_Family_Only
7190,0,1,1,Known_Family_Only
7160,1,0,1,Potential_Novel_Family
7163,0,1,1,Known_Family_Only
7164,0,1,1,Known_Family_Only
7166,1,0,1,Potential_Novel_Family
7167,1,0,1,Potential_Novel_Family
7170,0,1,1,Known_Family_Only
7172,1,0,1,Potential_Novel_Family
7174,1,0,1,Potential_Novel_Family
7219,0,1,1,Known_Family_Only
7221,0,1,1,Known_Family_Only
7222,0,1,1,Known_Family_Only
7224,1,0,1,Potential_Novel_Family
7225,1,0,1,Potential_Novel_Family
7228,0,1,1,Known_Family_Only
7229,0,1,1,Known_Family_Only
7230,1,0,1,Potential_Novel_Family
3464,0,1,1,Known_Family_Only
3465,0,1,1,Known_Family_Only
3467,1,0,1,Potential_Novel_Family
3468,1,0,1,Potential_Novel_Family
7215,1,0,1,Potential_Novel_Family
7216,1,0,1,Potential_Novel_Family
7217,1,0,1,Potential_Novel_Family
7218,0,1,1,Known_Family_Only
3454,0,1,1,Known_Family_Only
3455,0,1,1,Known_Family_Only
3456,0,1,1,Known_Family_Only
3458,0,1,1,Known_Family_Only
3460,1,0,1,Potential_Novel_Family
3461,0,1,1,Known_Family_Only
3462,1,0,1,Potential_Novel_Family
3463,1,0,1,Potential_Novel_Family
3438,1,0,1,Potential_Novel_Family
3439,0,1,1,Known_Family_Only
3440,0,1,1,Known_Family_Only
3441,0,1,1,Known_Family_Only
3443,1,0,1,Potential_Novel_Family
3444,0,1,1,Known_Family_Only
3445,1,0,1,Potential_Novel_Family
3450,0,1,1,Known_Family_Only
7262,0,1,1,Known_Family_Only
7263,0,1,1,Known_Family_Only
7264,1,0,1,Potential_Novel_Family
7265,1,0,1,Potential_Novel_Family
7267,0,1,1,Known_Family_Only
7268,1,0,1,Potential_Novel_Family
7269,1,0,1,Potential_Novel_Family
7271,0,1,1,Known_Family_Only
7253,1,0,1,Potential_Novel_Family
7254,1,0,1,Potential_Novel_Family
7255,1,0,1,Potential_Novel_Family
7256,1,0,1,Potential_Novel_Family
7257,0,1,1,Known_Family_Only
7258,1,0,1,Potential_Novel_Family
7260,0,1,1,Known_Family_Only
7261,1,0,1,Potential_Novel_Family
7242,1,0,1,Potential_Novel_Family
7243,0,1,1,Known_Family_Only
7245,1,0,1,Potential_Novel_Family
7246,1,0,1,Potential_Novel_Family
7248,0,1,1,Known_Family_Only
7249,1,0,1,Potential_Novel_Family
7250,1,0,1,Potential_Novel_Family
7252,1,0,1,Potential_Novel_Family
7234,1,0,1,Potential_Novel_Family
7235,1,0,1,Potential_Novel_Family
7236,1,0,1,Potential_Novel_Family
7237,1,0,1,Potential_Novel_Family
7238,1,0,1,Potential_Novel_Family
7239,1,0,1,Potential_Novel_Family
7240,0,1,1,Known_Family_Only
7241,1,0,1,Potential_Novel_Family
7281,1,0,1,Potential_Novel_Family
7282,1,0,1,Potential_Novel_Family
7283,1,0,1,Potential_Novel_Family
7284,0,1,1,Known_Family_Only
7285,0,1,1,Known_Family_Only
7286,1,0,1,Potential_Novel_Family
7287,1,0,1,Potential_Novel_Family
7288,0,1,1,Known_Family_Only
3425,1,0,1,Potential_Novel_Family
3428,1,0,1,Potential_Novel_Family
3429,1,0,1,Potential_Novel_Family
3430,1,0,1,Potential_Novel_Family
3431,1,0,1,Potential_Novel_Family
3435,1,0,1,Potential_Novel_Family
7278,1,0,1,Potential_Novel_Family
7280,1,0,1,Potential_Novel_Family
3412,1,0,1,Potential_Novel_Family
3413,1,0,1,Potential_Novel_Family
3415,1,0,1,Potential_Novel_Family
3416,0,1,1,Known_Family_Only
3418,0,1,1,Known_Family_Only
3419,0,1,1,Known_Family_Only
3421,1,0,1,Potential_Novel_Family
3424,1,0,1,Potential_Novel_Family
7272,1,0,1,Potential_Novel_Family
7273,1,0,1,Potential_Novel_Family
7274,1,0,1,Potential_Novel_Family
7276,1,0,1,Potential_Novel_Family
3407,1,0,1,Potential_Novel_Family
3408,0,1,1,Known_Family_Only
3409,1,0,1,Potential_Novel_Family
3410,1,0,1,Potential_Novel_Family
7331,0,1,1,Known_Family_Only
7332,1,0,1,Potential_Novel_Family
7333,1,0,1,Potential_Novel_Family
7334,0,1,1,Known_Family_Only
7335,1,0,1,Potential_Novel_Family
7337,1,0,1,Potential_Novel_Family
7338,1,0,1,Potential_Novel_Family
7339,0,1,1,Known_Family_Only
7318,0,1,1,Known_Family_Only
7319,1,0,1,Potential_Novel_Family
7320,1,0,1,Potential_Novel_Family
7321,1,0,1,Potential_Novel_Family
7324,1,0,1,Potential_Novel_Family
7325,1,0,1,Potential_Novel_Family
7328,1,0,1,Potential_Novel_Family
7329,1,0,1,Potential_Novel_Family
7305,1,0,1,Potential_Novel_Family
7307,1,0,1,Potential_Novel_Family
7311,0,1,1,Known_Family_Only
7312,1,0,1,Potential_Novel_Family
7313,0,1,1,Known_Family_Only
7315,1,0,1,Potential_Novel_Family
7316,1,0,1,Potential_Novel_Family
7317,1,0,1,Potential_Novel_Family
7292,0,1,1,Known_Family_Only
7293,1,0,1,Potential_Novel_Family
7294,1,0,1,Potential_Novel_Family
7295,1,0,1,Potential_Novel_Family
7296,1,0,1,Potential_Novel_Family
7301,0,1,1,Known_Family_Only
7302,0,1,1,Known_Family_Only
7304,1,0,1,Potential_Novel_Family
7346,1,0,1,Potential_Novel_Family
7348,1,0,1,Potential_Novel_Family
7349,1,0,1,Potential_Novel_Family
7350,1,0,1,Potential_Novel_Family
7351,1,0,1,Potential_Novel_Family
7352,0,1,1,Known_Family_Only
7353,0,1,1,Known_Family_Only
7354,0,1,1,Known_Family_Only
3399,0,1,1,Known_Family_Only
3400,1,0,1,Potential_Novel_Family
3402,0,1,1,Known_Family_Only
3404,1,0,1,Potential_Novel_Family
7341,1,0,1,Potential_Novel_Family
7343,0,1,1,Known_Family_Only
7344,1,0,1,Potential_Novel_Family
7345,0,1,1,Known_Family_Only
3384,1,0,1,Potential_Novel_Family
3386,0,1,1,Known_Family_Only
3387,1,0,1,Potential_Novel_Family
3390,1,0,1,Potential_Novel_Family
3392,1,0,1,Potential_Novel_Family
3394,1,0,1,Potential_Novel_Family
3395,1,0,1,Potential_Novel_Family
3397,1,0,1,Potential_Novel_Family
7340,0,1,1,Known_Family_Only
3374,1,0,1,Potential_Novel_Family
3375,1,0,1,Potential_Novel_Family
3379,1,0,1,Potential_Novel_Family
3380,0,1,1,Known_Family_Only
3381,0,1,1,Known_Family_Only
3382,1,0,1,Potential_Novel_Family
3383,0,1,1,Known_Family_Only
7393,0,1,1,Known_Family_Only
7394,0,1,1,Known_Family_Only
7397,0,1,1,Known_Family_Only
7398,1,0,1,Potential_Novel_Family
7400,1,0,1,Potential_Novel_Family
7401,1,0,1,Potential_Novel_Family
7403,0,1,1,Known_Family_Only
3342,1,0,1,Potential_Novel_Family
7381,1,0,1,Potential_Novel_Family
7382,1,0,1,Potential_Novel_Family
7386,1,0,1,Potential_Novel_Family
7387,1,0,1,Potential_Novel_Family
7388,0,1,1,Known_Family_Only
7389,1,0,1,Potential_Novel_Family
7390,0,1,1,Known_Family_Only
7391,1,0,1,Potential_Novel_Family
7368,1,0,1,Potential_Novel_Family
7369,1,0,1,Potential_Novel_Family
7370,0,1,1,Known_Family_Only
7371,0,1,1,Known_Family_Only
7372,0,1,1,Known_Family_Only
7373,1,0,1,Potential_Novel_Family
7376,1,0,1,Potential_Novel_Family
7377,0,1,1,Known_Family_Only
7357,0,1,1,Known_Family_Only
7358,1,0,1,Potential_Novel_Family
7360,1,0,1,Potential_Novel_Family
7361,0,1,1,Known_Family_Only
7364,1,0,1,Potential_Novel_Family
7365,0,1,1,Known_Family_Only
7366,0,1,1,Known_Family_Only
7367,0,1,1,Known_Family_Only
7410,1,0,1,Potential_Novel_Family
7411,0,1,1,Known_Family_Only
7412,1,0,1,Potential_Novel_Family
7413,0,1,1,Known_Family_Only
7414,1,0,1,Potential_Novel_Family
7415,1,0,1,Potential_Novel_Family
7417,1,0,1,Potential_Novel_Family
7418,0,1,1,Known_Family_Only
3367,1,0,1,Potential_Novel_Family
3369,0,1,1,Known_Family_Only
3370,1,0,1,Potential_Novel_Family
3371,1,0,1,Potential_Novel_Family
7405,1,0,1,Potential_Novel_Family
7406,1,0,1,Potential_Novel_Family
7407,0,1,1,Known_Family_Only
7408,1,0,1,Potential_Novel_Family
3354,1,0,1,Potential_Novel_Family
3357,1,0,1,Potential_Novel_Family
3358,1,0,1,Potential_Novel_Family
3359,0,1,1,Known_Family_Only
3360,1,0,1,Potential_Novel_Family
3361,1,0,1,Potential_Novel_Family
3363,0,1,1,Known_Family_Only
3365,0,1,1,Known_Family_Only
3344,0,1,1,Known_Family_Only
3346,1,0,1,Potential_Novel_Family
3348,1,0,1,Potential_Novel_Family
3349,0,1,1,Known_Family_Only
3350,1,0,1,Potential_Novel_Family
3351,0,1,1,Known_Family_Only
3352,0,1,1,Known_Family_Only
3353,0,1,1,Known_Family_Only
3334,1,0,1,Potential_Novel_Family
3336,1,0,1,Potential_Novel_Family
3340,1,0,1,Potential_Novel_Family
7437,0,1,1,Known_Family_Only
7438,1,0,1,Potential_Novel_Family
7441,1,0,1,Potential_Novel_Family
7442,1,0,1,Potential_Novel_Family
7444,0,1,1,Known_Family_Only
3322,1,0,1,Potential_Novel_Family
3324,0,1,1,Known_Family_Only
3325,1,0,1,Potential_Novel_Family
3326,1,0,1,Potential_Novel_Family
3327,1,0,1,Potential_Novel_Family
3328,0,1,1,Known_Family_Only
3332,1,0,1,Potential_Novel_Family
3333,0,1,1,Known_Family_Only
7435,0,1,1,Known_Family_Only
7436,1,0,1,Potential_Novel_Family
3309,1,0,1,Potential_Novel_Family
3310,0,1,1,Known_Family_Only
3311,0,1,1,Known_Family_Only
3312,0,1,1,Known_Family_Only
3320,1,0,1,Potential_Novel_Family
3321,1,0,1,Potential_Novel_Family
7421,1,0,1,Potential_Novel_Family
7422,0,1,1,Known_Family_Only
7425,0,1,1,Known_Family_Only
7427,1,0,1,Potential_Novel_Family
7428,0,1,1,Known_Family_Only
7429,0,1,1,Known_Family_Only
7431,1,0,1,Potential_Novel_Family
7434,1,0,1,Potential_Novel_Family
3295,1,0,1,Potential_Novel_Family
3297,1,0,1,Potential_Novel_Family
3299,1,0,1,Potential_Novel_Family
3304,0,1,1,Known_Family_Only
3307,1,0,1,Potential_Novel_Family
3308,0,1,1,Known_Family_Only
7470,1,0,1,Potential_Novel_Family
7472,0,1,1,Known_Family_Only
3282,1,0,1,Potential_Novel_Family
3283,0,1,1,Known_Family_Only
3285,1,0,1,Potential_Novel_Family
3286,0,1,1,Known_Family_Only
3287,1,0,1,Potential_Novel_Family
3289,1,0,1,Potential_Novel_Family
3290,0,1,1,Known_Family_Only
3294,0,1,1,Known_Family_Only
7461,1,0,1,Potential_Novel_Family
7462,1,0,1,Potential_Novel_Family
7464,1,0,1,Potential_Novel_Family
7466,1,0,1,Potential_Novel_Family
7467,1,0,1,Potential_Novel_Family
7468,1,0,1,Potential_Novel_Family
3277,1,0,1,Potential_Novel_Family
3281,0,1,1,Known_Family_Only
7446,1,0,1,Potential_Novel_Family
7447,1,0,1,Potential_Novel_Family
7448,1,0,1,Potential_Novel_Family
7452,1,0,1,Potential_Novel_Family
7454,1,0,1,Potential_Novel_Family
7456,1,0,1,Potential_Novel_Family
7457,1,0,1,Potential_Novel_Family
7459,1,0,1,Potential_Novel_Family
7516,0,1,1,Known_Family_Only
7517,1,0,1,Potential_Novel_Family
7519,1,0,1,Potential_Novel_Family
7520,1,0,1,Potential_Novel_Family
7523,1,0,1,Potential_Novel_Family
7524,0,1,1,Known_Family_Only
7526,0,1,1,Known_Family_Only
7527,0,1,1,Known_Family_Only
7505,0,1,1,Known_Family_Only
7509,1,0,1,Potential_Novel_Family
7510,0,1,1,Known_Family_Only
7511,1,0,1,Potential_Novel_Family
7512,1,0,1,Potential_Novel_Family
7513,1,0,1,Potential_Novel_Family
7514,1,0,1,Potential_Novel_Family
7515,1,0,1,Potential_Novel_Family
7488,1,0,1,Potential_Novel_Family
7491,1,0,1,Potential_Novel_Family
7494,1,0,1,Potential_Novel_Family
7495,1,0,1,Potential_Novel_Family
7497,1,0,1,Potential_Novel_Family
7498,1,0,1,Potential_Novel_Family
7499,1,0,1,Potential_Novel_Family
7502,0,1,1,Known_Family_Only
7473,0,1,1,Known_Family_Only
7474,0,1,1,Known_Family_Only
7477,0,1,1,Known_Family_Only
7479,1,0,1,Potential_Novel_Family
7480,1,0,1,Potential_Novel_Family
7481,1,0,1,Potential_Novel_Family
7483,1,0,1,Potential_Novel_Family
7487,1,0,1,Potential_Novel_Family
7536,1,0,1,Potential_Novel_Family
7537,0,1,1,Known_Family_Only
7538,1,0,1,Potential_Novel_Family
7539,1,0,1,Potential_Novel_Family
7540,1,0,1,Potential_Novel_Family
7541,1,0,1,Potential_Novel_Family
7542,1,0,1,Potential_Novel_Family
7543,1,0,1,Potential_Novel_Family
3267,0,1,1,Known_Family_Only
3270,0,1,1,Known_Family_Only
3272,1,0,1,Potential_Novel_Family
3273,0,1,1,Known_Family_Only
3274,0,1,1,Known_Family_Only
3275,1,0,1,Potential_Novel_Family
3276,0,1,1,Known_Family_Only
7533,0,1,1,Known_Family_Only
3254,0,1,1,Known_Family_Only
3255,0,1,1,Known_Family_Only
3256,1,0,1,Potential_Novel_Family
3258,1,0,1,Potential_Novel_Family
3259,0,1,1,Known_Family_Only
3260,1,0,1,Potential_Novel_Family
3264,1,0,1,Potential_Novel_Family
3266,1,0,1,Potential_Novel_Family
7528,1,0,1,Potential_Novel_Family
7530,0,1,1,Known_Family_Only
7531,1,0,1,Potential_Novel_Family
3246,1,0,1,Potential_Novel_Family
3248,0,1,1,Known_Family_Only
3249,0,1,1,Known_Family_Only
3250,0,1,1,Known_Family_Only
3251,1,0,1,Potential_Novel_Family
7576,0,1,1,Known_Family_Only
7577,1,0,1,Potential_Novel_Family
7578,1,0,1,Potential_Novel_Family
7580,1,0,1,Potential_Novel_Family
7581,1,0,1,Potential_Novel_Family
7582,1,0,1,Potential_Novel_Family
7583,1,0,1,Potential_Novel_Family
7584,0,1,1,Known_Family_Only
7567,0,1,1,Known_Family_Only
7568,0,1,1,Known_Family_Only
7569,1,0,1,Potential_Novel_Family
7571,1,0,1,Potential_Novel_Family
7572,0,1,1,Known_Family_Only
7573,0,1,1,Known_Family_Only
7574,1,0,1,Potential_Novel_Family
7575,1,0,1,Potential_Novel_Family
7554,1,0,1,Potential_Novel_Family
7555,0,1,1,Known_Family_Only
7556,0,1,1,Known_Family_Only
7557,1,0,1,Potential_Novel_Family
7559,0,1,1,Known_Family_Only
7562,1,0,1,Potential_Novel_Family
7564,1,0,1,Potential_Novel_Family
7566,0,1,1,Known_Family_Only
7544,1,0,1,Potential_Novel_Family
7545,1,0,1,Potential_Novel_Family
7546,1,0,1,Potential_Novel_Family
7547,1,0,1,Potential_Novel_Family
7548,1,0,1,Potential_Novel_Family
7549,0,1,1,Known_Family_Only
7551,1,0,1,Potential_Novel_Family
7553,1,0,1,Potential_Novel_Family
7621,0,1,1,Known_Family_Only
7622,1,0,1,Potential_Novel_Family
7623,0,1,1,Known_Family_Only
7624,0,1,1,Known_Family_Only
7626,1,0,1,Potential_Novel_Family
7627,1,0,1,Potential_Novel_Family
7628,1,0,1,Potential_Novel_Family
3213,0,1,1,Known_Family_Only
7610,0,1,1,Known_Family_Only
7611,0,1,1,Known_Family_Only
7612,1,0,1,Potential_Novel_Family
7613,0,1,1,Known_Family_Only
7614,1,0,1,Potential_Novel_Family
7615,1,0,1,Potential_Novel_Family
7619,1,0,1,Potential_Novel_Family
7620,1,0,1,Potential_Novel_Family
7598,1,0,1,Potential_Novel_Family
7599,1,0,1,Potential_Novel_Family
7601,1,0,1,Potential_Novel_Family
7602,0,1,1,Known_Family_Only
7603,1,0,1,Potential_Novel_Family
7604,1,0,1,Potential_Novel_Family
7607,1,0,1,Potential_Novel_Family
7608,1,0,1,Potential_Novel_Family
7585,1,0,1,Potential_Novel_Family
7586,0,1,1,Known_Family_Only
7587,1,0,1,Potential_Novel_Family
7588,1,0,1,Potential_Novel_Family
7590,1,0,1,Potential_Novel_Family
7591,1,0,1,Potential_Novel_Family
7593,1,0,1,Potential_Novel_Family
7595,1,0,1,Potential_Novel_Family
7642,1,0,1,Potential_Novel_Family
7645,1,0,1,Potential_Novel_Family
7646,1,0,1,Potential_Novel_Family
7647,0,1,1,Known_Family_Only
7648,0,1,1,Known_Family_Only
7649,1,0,1,Potential_Novel_Family
7651,1,0,1,Potential_Novel_Family
7652,0,1,1,Known_Family_Only
3244,0,1,1,Known_Family_Only
7629,0,1,1,Known_Family_Only
7630,1,0,1,Potential_Novel_Family
7634,1,0,1,Potential_Novel_Family
7635,1,0,1,Potential_Novel_Family
7636,1,0,1,Potential_Novel_Family
7639,0,1,1,Known_Family_Only
7640,0,1,1,Known_Family_Only
3230,0,1,1,Known_Family_Only
3232,1,0,1,Potential_Novel_Family
3234,1,0,1,Potential_Novel_Family
3235,0,1,1,Known_Family_Only
3236,1,0,1,Potential_Novel_Family
3237,1,0,1,Potential_Novel_Family
3238,0,1,1,Known_Family_Only
3241,1,0,1,Potential_Novel_Family
3214,1,0,1,Potential_Novel_Family
3215,1,0,1,Potential_Novel_Family
3217,1,0,1,Potential_Novel_Family
3221,0,1,1,Known_Family_Only
3222,1,0,1,Potential_Novel_Family
3223,1,0,1,Potential_Novel_Family
3225,0,1,1,Known_Family_Only
3226,0,1,1,Known_Family_Only
7662,1,0,1,Potential_Novel_Family
7663,1,0,1,Potential_Novel_Family
7664,1,0,1,Potential_Novel_Family
7665,0,1,1,Known_Family_Only
7666,1,0,1,Potential_Novel_Family
7667,1,0,1,Potential_Novel_Family
7668,1,0,1,Potential_Novel_Family
7669,1,0,1,Potential_Novel_Family
3199,1,0,1,Potential_Novel_Family
3200,1,0,1,Potential_Novel_Family
3201,0,1,1,Known_Family_Only
3203,1,0,1,Potential_Novel_Family
3206,1,0,1,Potential_Novel_Family
3210,0,1,1,Known_Family_Only
3211,0,1,1,Known_Family_Only
7661,1,0,1,Potential_Novel_Family
3187,0,1,1,Known_Family_Only
3188,1,0,1,Potential_Novel_Family
3189,0,1,1,Known_Family_Only
3192,1,0,1,Potential_Novel_Family
3193,1,0,1,Potential_Novel_Family
3194,0,1,1,Known_Family_Only
3197,1,0,1,Potential_Novel_Family
3198,0,1,1,Known_Family_Only
7653,1,0,1,Potential_Novel_Family
7654,0,1,1,Known_Family_Only
7655,0,1,1,Known_Family_Only
7656,1,0,1,Potential_Novel_Family
7659,1,0,1,Potential_Novel_Family
7660,1,0,1,Potential_Novel_Family
3182,1,0,1,Potential_Novel_Family
3185,1,0,1,Potential_Novel_Family
7706,1,0,1,Potential_Novel_Family
7707,1,0,1,Potential_Novel_Family
7710,1,0,1,Potential_Novel_Family
7711,0,1,1,Known_Family_Only
7713,1,0,1,Potential_Novel_Family
7714,1,0,1,Potential_Novel_Family
7715,1,0,1,Potential_Novel_Family
7716,1,0,1,Potential_Novel_Family
7697,1,0,1,Potential_Novel_Family
7698,1,0,1,Potential_Novel_Family
7699,0,1,1,Known_Family_Only
7701,0,1,1,Known_Family_Only
7702,1,0,1,Potential_Novel_Family
7703,1,0,1,Potential_Novel_Family
7704,1,0,1,Potential_Novel_Family
7705,1,0,1,Potential_Novel_Family
7687,1,0,1,Potential_Novel_Family
7688,1,0,1,Potential_Novel_Family
7689,0,1,1,Known_Family_Only
7690,1,0,1,Potential_Novel_Family
7691,0,1,1,Known_Family_Only
7694,1,0,1,Potential_Novel_Family
7695,1,0,1,Potential_Novel_Family
7696,0,1,1,Known_Family_Only
7676,0,1,1,Known_Family_Only
7679,1,0,1,Potential_Novel_Family
7680,1,0,1,Potential_Novel_Family
7681,1,0,1,Potential_Novel_Family
7682,1,0,1,Potential_Novel_Family
7683,1,0,1,Potential_Novel_Family
7684,0,1,1,Known_Family_Only
7686,1,0,1,Potential_Novel_Family
7725,0,1,1,Known_Family_Only
7727,1,0,1,Potential_Novel_Family
7728,0,1,1,Known_Family_Only
7730,1,0,1,Potential_Novel_Family
7731,1,0,1,Potential_Novel_Family
7735,1,0,1,Potential_Novel_Family
7736,1,0,1,Potential_Novel_Family
7737,0,1,1,Known_Family_Only
3167,1,0,1,Potential_Novel_Family
3169,0,1,1,Known_Family_Only
3170,0,1,1,Known_Family_Only
3172,1,0,1,Potential_Novel_Family
3173,0,1,1,Known_Family_Only
3174,1,0,1,Potential_Novel_Family
3175,1,0,1,Potential_Novel_Family
3180,1,0,1,Potential_Novel_Family
3153,1,0,1,Potential_Novel_Family
3155,1,0,1,Potential_Novel_Family
3157,1,0,1,Potential_Novel_Family
3159,1,0,1,Potential_Novel_Family
3160,1,0,1,Potential_Novel_Family
3163,1,0,1,Potential_Novel_Family
3165,1,0,1,Potential_Novel_Family
3166,1,0,1,Potential_Novel_Family
7717,1,0,1,Potential_Novel_Family
7718,0,1,1,Known_Family_Only
7720,0,1,1,Known_Family_Only
7721,0,1,1,Known_Family_Only
7722,0,1,1,Known_Family_Only
7724,0,1,1,Known_Family_Only
3149,1,0,1,Potential_Novel_Family
3152,0,1,1,Known_Family_Only
7772,1,0,1,Potential_Novel_Family
7773,0,1,1,Known_Family_Only
7775,1,0,1,Potential_Novel_Family
7776,0,1,1,Known_Family_Only
7777,1,0,1,Potential_Novel_Family
7778,0,1,1,Known_Family_Only
7779,1,0,1,Potential_Novel_Family
7780,1,0,1,Potential_Novel_Family
7759,1,0,1,Potential_Novel_Family
7760,1,0,1,Potential_Novel_Family
7761,1,0,1,Potential_Novel_Family
7764,1,0,1,Potential_Novel_Family
7766,0,1,1,Known_Family_Only
7768,1,0,1,Potential_Novel_Family
7769,1,0,1,Potential_Novel_Family
7770,1,0,1,Potential_Novel_Family
7750,1,0,1,Potential_Novel_Family
7751,0,1,1,Known_Family_Only
7752,0,1,1,Known_Family_Only
7753,1,0,1,Potential_Novel_Family
7754,1,0,1,Potential_Novel_Family
7755,0,1,1,Known_Family_Only
7757,1,0,1,Potential_Novel_Family
7758,1,0,1,Potential_Novel_Family
7738,1,0,1,Potential_Novel_Family
7740,1,0,1,Potential_Novel_Family
7741,0,1,1,Known_Family_Only
7742,0,1,1,Known_Family_Only
7743,0,1,1,Known_Family_Only
7745,1,0,1,Potential_Novel_Family
7747,0,1,1,Known_Family_Only
7748,1,0,1,Potential_Novel_Family
7817,1,0,1,Potential_Novel_Family
7818,1,0,1,Potential_Novel_Family
7819,0,1,1,Known_Family_Only
7820,1,0,1,Potential_Novel_Family
3117,0,1,1,Known_Family_Only
3118,1,0,1,Potential_Novel_Family
3120,0,1,1,Known_Family_Only
3121,1,0,1,Potential_Novel_Family
7807,0,1,1,Known_Family_Only
7808,0,1,1,Known_Family_Only
7810,0,1,1,Known_Family_Only
7812,1,0,1,Potential_Novel_Family
7813,1,0,1,Potential_Novel_Family
7814,1,0,1,Potential_Novel_Family
7815,1,0,1,Potential_Novel_Family
7816,1,0,1,Potential_Novel_Family
7792,0,1,1,Known_Family_Only
7794,0,1,1,Known_Family_Only
7795,1,0,1,Potential_Novel_Family
7799,1,0,1,Potential_Novel_Family
7802,1,0,1,Potential_Novel_Family
7803,0,1,1,Known_Family_Only
7805,0,1,1,Known_Family_Only
7806,0,1,1,Known_Family_Only
7781,1,0,1,Potential_Novel_Family
7782,1,0,1,Potential_Novel_Family
7785,1,0,1,Potential_Novel_Family
7786,1,0,1,Potential_Novel_Family
7787,1,0,1,Potential_Novel_Family
7788,0,1,1,Known_Family_Only
7789,1,0,1,Potential_Novel_Family
7790,1,0,1,Potential_Novel_Family
7834,1,0,1,Potential_Novel_Family
7835,1,0,1,Potential_Novel_Family
7836,0,1,1,Known_Family_Only
7837,1,0,1,Potential_Novel_Family
7838,0,1,1,Known_Family_Only
7839,0,1,1,Known_Family_Only
7840,1,0,1,Potential_Novel_Family
7843,1,0,1,Potential_Novel_Family
7823,1,0,1,Potential_Novel_Family
7825,0,1,1,Known_Family_Only
7826,1,0,1,Potential_Novel_Family
7827,0,1,1,Known_Family_Only
7828,0,1,1,Known_Family_Only
7829,1,0,1,Potential_Novel_Family
7830,1,0,1,Potential_Novel_Family
7831,1,0,1,Potential_Novel_Family
3138,1,0,1,Potential_Novel_Family
3139,1,0,1,Potential_Novel_Family
3140,1,0,1,Potential_Novel_Family
3141,1,0,1,Potential_Novel_Family
3142,1,0,1,Potential_Novel_Family
3143,1,0,1,Potential_Novel_Family
3144,1,0,1,Potential_Novel_Family
3148,0,1,1,Known_Family_Only
3123,1,0,1,Potential_Novel_Family
3124,0,1,1,Known_Family_Only
3127,0,1,1,Known_Family_Only
3130,0,1,1,Known_Family_Only
3132,0,1,1,Known_Family_Only
3134,0,1,1,Known_Family_Only
3135,0,1,1,Known_Family_Only
3137,1,0,1,Potential_Novel_Family
7856,0,1,1,Known_Family_Only
7858,0,1,1,Known_Family_Only
7859,1,0,1,Potential_Novel_Family
7860,1,0,1,Potential_Novel_Family
7863,0,1,1,Known_Family_Only
7865,1,0,1,Potential_Novel_Family
7866,1,0,1,Potential_Novel_Family
7868,0,1,1,Known_Family_Only
3102,0,1,1,Known_Family_Only
3104,0,1,1,Known_Family_Only
3105,1,0,1,Potential_Novel_Family
3107,1,0,1,Potential_Novel_Family
3112,0,1,1,Known_Family_Only
3113,1,0,1,Potential_Novel_Family
3114,0,1,1,Known_Family_Only
7853,1,0,1,Potential_Novel_Family
3089,1,0,1,Potential_Novel_Family
3090,0,1,1,Known_Family_Only
3091,1,0,1,Potential_Novel_Family
3096,0,1,1,Known_Family_Only
3097,0,1,1,Known_Family_Only
3098,1,0,1,Potential_Novel_Family
3099,0,1,1,Known_Family_Only
3101,1,0,1,Potential_Novel_Family
7844,1,0,1,Potential_Novel_Family
7845,1,0,1,Potential_Novel_Family
7846,1,0,1,Potential_Novel_Family
7847,1,0,1,Potential_Novel_Family
7852,1,0,1,Potential_Novel_Family
3085,1,0,1,Potential_Novel_Family
3087,1,0,1,Potential_Novel_Family
3088,1,0,1,Potential_Novel_Family
7903,0,1,1,Known_Family_Only
7904,0,1,1,Known_Family_Only
7905,0,1,1,Known_Family_Only
7906,0,1,1,Known_Family_Only
7907,1,0,1,Potential_Novel_Family
7909,1,0,1,Potential_Novel_Family
7911,0,1,1,Known_Family_Only
7912,1,0,1,Potential_Novel_Family
7893,1,0,1,Potential_Novel_Family
7895,1,0,1,Potential_Novel_Family
7896,1,0,1,Potential_Novel_Family
7897,0,1,1,Known_Family_Only
7898,1,0,1,Potential_Novel_Family
7899,1,0,1,Potential_Novel_Family
7900,0,1,1,Known_Family_Only
7902,1,0,1,Potential_Novel_Family
7882,1,0,1,Potential_Novel_Family
7884,1,0,1,Potential_Novel_Family
7885,1,0,1,Potential_Novel_Family
7886,0,1,1,Known_Family_Only
7888,1,0,1,Potential_Novel_Family
7889,0,1,1,Known_Family_Only
7890,1,0,1,Potential_Novel_Family
7891,1,0,1,Potential_Novel_Family
7871,1,0,1,Potential_Novel_Family
7872,1,0,1,Potential_Novel_Family
7873,0,1,1,Known_Family_Only
7874,1,0,1,Potential_Novel_Family
7875,0,1,1,Known_Family_Only
7877,0,1,1,Known_Family_Only
7878,0,1,1,Known_Family_Only
7880,0,1,1,Known_Family_Only
7925,1,0,1,Potential_Novel_Family
7927,1,0,1,Potential_Novel_Family
7929,0,1,1,Known_Family_Only
7931,1,0,1,Potential_Novel_Family
7932,1,0,1,Potential_Novel_Family
7933,1,0,1,Potential_Novel_Family
7934,0,1,1,Known_Family_Only
7936,0,1,1,Known_Family_Only
3082,0,1,1,Known_Family_Only
3084,1,0,1,Potential_Novel_Family
7917,0,1,1,Known_Family_Only
7918,1,0,1,Potential_Novel_Family
7919,1,0,1,Potential_Novel_Family
7920,1,0,1,Potential_Novel_Family
7922,1,0,1,Potential_Novel_Family
7923,1,0,1,Potential_Novel_Family
3069,0,1,1,Known_Family_Only
3072,1,0,1,Potential_Novel_Family
3074,1,0,1,Potential_Novel_Family
3075,1,0,1,Potential_Novel_Family
3077,1,0,1,Potential_Novel_Family
3078,1,0,1,Potential_Novel_Family
3079,1,0,1,Potential_Novel_Family
3080,1,0,1,Potential_Novel_Family
7913,0,1,1,Known_Family_Only
7916,0,1,1,Known_Family_Only
3053,1,0,1,Potential_Novel_Family
3057,0,1,1,Known_Family_Only
3059,1,0,1,Potential_Novel_Family
3061,0,1,1,Known_Family_Only
3064,0,1,1,Known_Family_Only
3065,1,0,1,Potential_Novel_Family
3052,1,0,1,Potential_Novel_Family
7949,1,0,1,Potential_Novel_Family
7954,1,0,1,Potential_Novel_Family
7955,1,0,1,Potential_Novel_Family
7956,0,1,1,Known_Family_Only
7957,1,0,1,Potential_Novel_Family
7959,1,0,1,Potential_Novel_Family
7960,0,1,1,Known_Family_Only
3036,1,0,1,Potential_Novel_Family
3037,0,1,1,Known_Family_Only
3038,0,1,1,Known_Family_Only
3039,1,0,1,Potential_Novel_Family
3040,1,0,1,Potential_Novel_Family
3042,1,0,1,Potential_Novel_Family
3043,1,0,1,Potential_Novel_Family
3051,1,0,1,Potential_Novel_Family
7948,0,1,1,Known_Family_Only
3022,1,0,1,Potential_Novel_Family
3025,1,0,1,Potential_Novel_Family
3029,1,0,1,Potential_Novel_Family
3031,1,0,1,Potential_Novel_Family
3032,0,1,1,Known_Family_Only
3033,0,1,1,Known_Family_Only
3034,1,0,1,Potential_Novel_Family
7937,1,0,1,Potential_Novel_Family
7939,1,0,1,Potential_Novel_Family
7940,0,1,1,Known_Family_Only
7942,1,0,1,Potential_Novel_Family
7943,0,1,1,Known_Family_Only
7945,0,1,1,Known_Family_Only
7946,1,0,1,Potential_Novel_Family
7947,0,1,1,Known_Family_Only
7998,1,0,1,Potential_Novel_Family
8001,1,0,1,Potential_Novel_Family
8003,1,0,1,Potential_Novel_Family
8005,1,0,1,Potential_Novel_Family
8008,0,1,1,Known_Family_Only
8009,1,0,1,Potential_Novel_Family
8010,0,1,1,Known_Family_Only
8012,1,0,1,Potential_Novel_Family
7986,1,0,1,Potential_Novel_Family
7987,1,0,1,Potential_Novel_Family
7989,1,0,1,Potential_Novel_Family
7990,1,0,1,Potential_Novel_Family
7991,1,0,1,Potential_Novel_Family
7995,0,1,1,Known_Family_Only
7996,1,0,1,Potential_Novel_Family
7997,0,1,1,Known_Family_Only
7974,1,0,1,Potential_Novel_Family
7975,1,0,1,Potential_Novel_Family
7976,0,1,1,Known_Family_Only
7979,1,0,1,Potential_Novel_Family
7981,1,0,1,Potential_Novel_Family
7982,0,1,1,Known_Family_Only
7983,1,0,1,Potential_Novel_Family
7985,1,0,1,Potential_Novel_Family
7961,0,1,1,Known_Family_Only
7962,0,1,1,Known_Family_Only
7963,1,0,1,Potential_Novel_Family
7964,1,0,1,Potential_Novel_Family
7967,1,0,1,Potential_Novel_Family
7968,0,1,1,Known_Family_Only
7970,1,0,1,Potential_Novel_Family
7973,1,0,1,Potential_Novel_Family
8024,1,0,1,Potential_Novel_Family
8025,1,0,1,Potential_Novel_Family
8026,0,1,1,Known_Family_Only
8028,0,1,1,Known_Family_Only
8030,0,1,1,Known_Family_Only
8032,0,1,1,Known_Family_Only
8033,0,1,1,Known_Family_Only
8034,0,1,1,Known_Family_Only
3018,0,1,1,Known_Family_Only
3020,0,1,1,Known_Family_Only
8013,0,1,1,Known_Family_Only
8014,1,0,1,Potential_Novel_Family
8015,0,1,1,Known_Family_Only
8016,1,0,1,Potential_Novel_Family
8022,1,0,1,Potential_Novel_Family
8023,0,1,1,Known_Family_Only
3006,0,1,1,Known_Family_Only
3009,0,1,1,Known_Family_Only
3010,0,1,1,Known_Family_Only
3011,0,1,1,Known_Family_Only
3013,1,0,1,Potential_Novel_Family
3015,1,0,1,Potential_Novel_Family
3016,0,1,1,Known_Family_Only
3017,0,1,1,Known_Family_Only
2991,1,0,1,Potential_Novel_Family
2994,0,1,1,Known_Family_Only
2997,0,1,1,Known_Family_Only
2998,1,0,1,Potential_Novel_Family
2999,1,0,1,Potential_Novel_Family
3001,1,0,1,Potential_Novel_Family
3003,1,0,1,Potential_Novel_Family
3004,1,0,1,Potential_Novel_Family
8071,0,1,1,Known_Family_Only
8072,1,0,1,Potential_Novel_Family
8073,1,0,1,Potential_Novel_Family
8074,1,0,1,Potential_Novel_Family
8075,1,0,1,Potential_Novel_Family
8076,0,1,1,Known_Family_Only
2957,0,1,1,Known_Family_Only
2961,1,0,1,Potential_Novel_Family
8058,1,0,1,Potential_Novel_Family
8059,1,0,1,Potential_Novel_Family
8060,1,0,1,Potential_Novel_Family
8062,1,0,1,Potential_Novel_Family
8065,0,1,1,Known_Family_Only
8067,0,1,1,Known_Family_Only
8068,0,1,1,Known_Family_Only
8070,1,0,1,Potential_Novel_Family
8047,1,0,1,Potential_Novel_Family
8048,1,0,1,Potential_Novel_Family
8050,0,1,1,Known_Family_Only
8051,0,1,1,Known_Family_Only
8052,1,0,1,Potential_Novel_Family
8053,1,0,1,Potential_Novel_Family
8055,1,0,1,Potential_Novel_Family
8056,1,0,1,Potential_Novel_Family
8035,1,0,1,Potential_Novel_Family
8036,1,0,1,Potential_Novel_Family
8038,1,0,1,Potential_Novel_Family
8039,1,0,1,Potential_Novel_Family
8041,0,1,1,Known_Family_Only
8042,1,0,1,Potential_Novel_Family
8043,0,1,1,Known_Family_Only
8046,1,0,1,Potential_Novel_Family
8088,1,0,1,Potential_Novel_Family
8090,1,0,1,Potential_Novel_Family
8091,1,0,1,Potential_Novel_Family
8092,1,0,1,Potential_Novel_Family
8093,1,0,1,Potential_Novel_Family
8094,1,0,1,Potential_Novel_Family
8096,0,1,1,Known_Family_Only
8097,1,0,1,Potential_Novel_Family
2983,1,0,1,Potential_Novel_Family
2984,1,0,1,Potential_Novel_Family
2985,0,1,1,Known_Family_Only
2986,0,1,1,Known_Family_Only
2987,1,0,1,Potential_Novel_Family
2988,1,0,1,Potential_Novel_Family
8077,1,0,1,Potential_Novel_Family
8087,1,0,1,Potential_Novel_Family
2974,1,0,1,Potential_Novel_Family
2975,0,1,1,Known_Family_Only
2976,0,1,1,Known_Family_Only
2977,0,1,1,Known_Family_Only
2978,1,0,1,Potential_Novel_Family
2979,1,0,1,Potential_Novel_Family
2980,1,0,1,Potential_Novel_Family
2982,1,0,1,Potential_Novel_Family
2963,0,1,1,Known_Family_Only
2964,1,0,1,Potential_Novel_Family
2965,0,1,1,Known_Family_Only
2966,1,0,1,Potential_Novel_Family
2967,0,1,1,Known_Family_Only
2971,0,1,1,Known_Family_Only
2972,0,1,1,Known_Family_Only
2973,1,0,1,Potential_Novel_Family
8131,1,0,1,Potential_Novel_Family
8132,1,0,1,Potential_Novel_Family
8134,1,0,1,Potential_Novel_Family
8135,0,1,1,Known_Family_Only
8136,1,0,1,Potential_Novel_Family
8137,1,0,1,Potential_Novel_Family
8138,1,0,1,Potential_Novel_Family
8140,1,0,1,Potential_Novel_Family
8120,1,0,1,Potential_Novel_Family
8121,0,1,1,Known_Family_Only
8122,1,0,1,Potential_Novel_Family
8123,0,1,1,Known_Family_Only
8126,0,1,1,Known_Family_Only
8127,1,0,1,Potential_Novel_Family
8128,1,0,1,Potential_Novel_Family
8130,1,0,1,Potential_Novel_Family
8110,0,1,1,Known_Family_Only
8112,0,1,1,Known_Family_Only
8113,0,1,1,Known_Family_Only
8114,1,0,1,Potential_Novel_Family
8115,1,0,1,Potential_Novel_Family
8116,1,0,1,Potential_Novel_Family
8118,0,1,1,Known_Family_Only
8119,1,0,1,Potential_Novel_Family
8098,1,0,1,Potential_Novel_Family
8099,1,0,1,Potential_Novel_Family
8100,0,1,1,Known_Family_Only
8101,0,1,1,Known_Family_Only
8102,1,0,1,Potential_Novel_Family
8103,0,1,1,Known_Family_Only
8106,0,1,1,Known_Family_Only
8108,1,0,1,Potential_Novel_Family
8147,0,1,1,Known_Family_Only
8151,1,0,1,Potential_Novel_Family
8152,1,0,1,Potential_Novel_Family
8153,1,0,1,Potential_Novel_Family
8154,1,0,1,Potential_Novel_Family
8155,0,1,1,Known_Family_Only
8156,1,0,1,Potential_Novel_Family
8157,1,0,1,Potential_Novel_Family
2954,1,0,1,Potential_Novel_Family
2955,1,0,1,Potential_Novel_Family
2956,0,1,1,Known_Family_Only
8141,1,0,1,Potential_Novel_Family
8142,1,0,1,Potential_Novel_Family
8143,1,0,1,Potential_Novel_Family
8145,1,0,1,Potential_Novel_Family
8146,1,0,1,Potential_Novel_Family
2937,1,0,1,Potential_Novel_Family
2938,1,0,1,Potential_Novel_Family
2939,1,0,1,Potential_Novel_Family
2941,1,0,1,Potential_Novel_Family
2945,1,0,1,Potential_Novel_Family
2947,1,0,1,Potential_Novel_Family
2952,1,0,1,Potential_Novel_Family
2953,0,1,1,Known_Family_Only
2925,1,0,1,Potential_Novel_Family
2927,0,1,1,Known_Family_Only
2930,1,0,1,Potential_Novel_Family
2932,1,0,1,Potential_Novel_Family
2933,0,1,1,Known_Family_Only
2934,0,1,1,Known_Family_Only
2935,1,0,1,Potential_Novel_Family
2936,1,0,1,Potential_Novel_Family
8194,1,0,1,Potential_Novel_Family
8195,0,1,1,Known_Family_Only
8197,0,1,1,Known_Family_Only
8198,0,1,1,Known_Family_Only
8199,1,0,1,Potential_Novel_Family
8201,1,0,1,Potential_Novel_Family
2893,1,0,1,Potential_Novel_Family
2894,1,0,1,Potential_Novel_Family
8179,0,1,1,Known_Family_Only
8182,0,1,1,Known_Family_Only
8183,1,0,1,Potential_Novel_Family
8185,1,0,1,Potential_Novel_Family
8186,1,0,1,Potential_Novel_Family
8187,0,1,1,Known_Family_Only
8191,1,0,1,Potential_Novel_Family
8192,1,0,1,Potential_Novel_Family
8170,1,0,1,Potential_Novel_Family
8171,0,1,1,Known_Family_Only
8173,1,0,1,Potential_Novel_Family
8174,0,1,1,Known_Family_Only
8175,1,0,1,Potential_Novel_Family
8176,1,0,1,Potential_Novel_Family
8177,1,0,1,Potential_Novel_Family
8178,1,0,1,Potential_Novel_Family
8158,1,0,1,Potential_Novel_Family
8160,1,0,1,Potential_Novel_Family
8161,0,1,1,Known_Family_Only
8163,0,1,1,Known_Family_Only
8164,0,1,1,Known_Family_Only
8167,1,0,1,Potential_Novel_Family
8168,1,0,1,Potential_Novel_Family
8169,0,1,1,Known_Family_Only
8213,1,0,1,Potential_Novel_Family
8214,1,0,1,Potential_Novel_Family
8215,1,0,1,Potential_Novel_Family
8216,1,0,1,Potential_Novel_Family
8217,0,1,1,Known_Family_Only
8219,0,1,1,Known_Family_Only
8221,1,0,1,Potential_Novel_Family
8223,1,0,1,Potential_Novel_Family
2920,1,0,1,Potential_Novel_Family
2924,1,0,1,Potential_Novel_Family
8205,1,0,1,Potential_Novel_Family
8206,1,0,1,Potential_Novel_Family
8207,0,1,1,Known_Family_Only
8208,1,0,1,Potential_Novel_Family
8210,0,1,1,Known_Family_Only
8212,1,0,1,Potential_Novel_Family
2905,1,0,1,Potential_Novel_Family
2911,0,1,1,Known_Family_Only
2913,1,0,1,Potential_Novel_Family
2914,1,0,1,Potential_Novel_Family
2916,0,1,1,Known_Family_Only
2917,1,0,1,Potential_Novel_Family
2918,1,0,1,Potential_Novel_Family
2919,1,0,1,Potential_Novel_Family
2895,0,1,1,Known_Family_Only
2896,1,0,1,Potential_Novel_Family
2898,1,0,1,Potential_Novel_Family
2899,0,1,1,Known_Family_Only
2900,0,1,1,Known_Family_Only
2901,1,0,1,Potential_Novel_Family
2902,1,0,1,Potential_Novel_Family
2903,1,0,1,Potential_Novel_Family
8260,0,1,1,Known_Family_Only
8261,1,0,1,Potential_Novel_Family
8263,0,1,1,Known_Family_Only
8264,0,1,1,Known_Family_Only
8265,0,1,1,Known_Family_Only
8266,1,0,1,Potential_Novel_Family
8267,1,0,1,Potential_Novel_Family
8268,0,1,1,Known_Family_Only
8248,1,0,1,Potential_Novel_Family
8249,1,0,1,Potential_Novel_Family
8250,0,1,1,Known_Family_Only
8253,0,1,1,Known_Family_Only
8254,0,1,1,Known_Family_Only
8255,1,0,1,Potential_Novel_Family
8258,1,0,1,Potential_Novel_Family
8259,0,1,1,Known_Family_Only
8238,1,0,1,Potential_Novel_Family
8239,0,1,1,Known_Family_Only
8240,1,0,1,Potential_Novel_Family
8241,1,0,1,Potential_Novel_Family
8242,1,0,1,Potential_Novel_Family
8243,1,0,1,Potential_Novel_Family
8245,1,0,1,Potential_Novel_Family
8246,0,1,1,Known_Family_Only
8224,1,0,1,Potential_Novel_Family
8225,1,0,1,Potential_Novel_Family
8226,1,0,1,Potential_Novel_Family
8228,0,1,1,Known_Family_Only
8229,0,1,1,Known_Family_Only
8230,0,1,1,Known_Family_Only
8233,1,0,1,Potential_Novel_Family
8234,0,1,1,Known_Family_Only
8279,1,0,1,Potential_Novel_Family
8281,1,0,1,Potential_Novel_Family
8282,0,1,1,Known_Family_Only
8285,1,0,1,Potential_Novel_Family
8286,0,1,1,Known_Family_Only
8288,0,1,1,Known_Family_Only
8289,1,0,1,Potential_Novel_Family
8290,1,0,1,Potential_Novel_Family
2891,1,0,1,Potential_Novel_Family
8271,1,0,1,Potential_Novel_Family
8272,1,0,1,Potential_Novel_Family
8273,1,0,1,Potential_Novel_Family
8274,1,0,1,Potential_Novel_Family
8276,0,1,1,Known_Family_Only
8277,1,0,1,Potential_Novel_Family
8278,1,0,1,Potential_Novel_Family
2879,1,0,1,Potential_Novel_Family
2880,0,1,1,Known_Family_Only
2883,0,1,1,Known_Family_Only
2884,1,0,1,Potential_Novel_Family
2885,1,0,1,Potential_Novel_Family
2886,1,0,1,Potential_Novel_Family
2887,1,0,1,Potential_Novel_Family
2888,1,0,1,Potential_Novel_Family
2862,0,1,1,Known_Family_Only
2865,0,1,1,Known_Family_Only
2866,1,0,1,Potential_Novel_Family
2869,1,0,1,Potential_Novel_Family
2870,0,1,1,Known_Family_Only
2871,1,0,1,Potential_Novel_Family
2872,1,0,1,Potential_Novel_Family
2876,1,0,1,Potential_Novel_Family
8325,1,0,1,Potential_Novel_Family
8326,0,1,1,Known_Family_Only
8327,0,1,1,Known_Family_Only
8328,1,0,1,Potential_Novel_Family
8329,1,0,1,Potential_Novel_Family
8331,1,0,1,Potential_Novel_Family
8332,1,0,1,Potential_Novel_Family
2829,1,0,1,Potential_Novel_Family
8314,1,0,1,Potential_Novel_Family
8315,0,1,1,Known_Family_Only
8316,0,1,1,Known_Family_Only
8317,1,0,1,Potential_Novel_Family
8318,1,0,1,Potential_Novel_Family
8319,1,0,1,Potential_Novel_Family
8320,1,0,1,Potential_Novel_Family
8321,1,0,1,Potential_Novel_Family
8303,1,0,1,Potential_Novel_Family
8304,1,0,1,Potential_Novel_Family
8305,0,1,1,Known_Family_Only
8307,1,0,1,Potential_Novel_Family
8308,1,0,1,Potential_Novel_Family
8311,1,0,1,Potential_Novel_Family
8312,0,1,1,Known_Family_Only
8313,0,1,1,Known_Family_Only
8291,1,0,1,Potential_Novel_Family
8292,1,0,1,Potential_Novel_Family
8293,1,0,1,Potential_Novel_Family
8294,0,1,1,Known_Family_Only
8295,1,0,1,Potential_Novel_Family
8296,1,0,1,Potential_Novel_Family
8297,1,0,1,Potential_Novel_Family
8300,1,0,1,Potential_Novel_Family
8337,1,0,1,Potential_Novel_Family
8338,1,0,1,Potential_Novel_Family
8339,1,0,1,Potential_Novel_Family
8340,1,0,1,Potential_Novel_Family
8341,1,0,1,Potential_Novel_Family
8342,0,1,1,Known_Family_Only
8343,0,1,1,Known_Family_Only
8347,1,0,1,Potential_Novel_Family
2853,1,0,1,Potential_Novel_Family
2856,1,0,1,Potential_Novel_Family
2857,1,0,1,Potential_Novel_Family
2858,1,0,1,Potential_Novel_Family
2859,0,1,1,Known_Family_Only
8333,0,1,1,Known_Family_Only
8335,0,1,1,Known_Family_Only
8336,0,1,1,Known_Family_Only
2843,0,1,1,Known_Family_Only
2844,0,1,1,Known_Family_Only
2845,0,1,1,Known_Family_Only
2847,1,0,1,Potential_Novel_Family
2848,0,1,1,Known_Family_Only
2849,1,0,1,Potential_Novel_Family
2851,1,0,1,Potential_Novel_Family
2852,1,0,1,Potential_Novel_Family
2830,0,1,1,Known_Family_Only
2831,0,1,1,Known_Family_Only
2833,0,1,1,Known_Family_Only
2834,0,1,1,Known_Family_Only
2835,0,1,1,Known_Family_Only
2836,1,0,1,Potential_Novel_Family
2839,1,0,1,Potential_Novel_Family
2842,1,0,1,Potential_Novel_Family
8382,1,0,1,Potential_Novel_Family
8383,1,0,1,Potential_Novel_Family
8384,1,0,1,Potential_Novel_Family
8385,1,0,1,Potential_Novel_Family
8387,0,1,1,Known_Family_Only
8388,0,1,1,Known_Family_Only
8390,1,0,1,Potential_Novel_Family
8392,0,1,1,Known_Family_Only
8369,1,0,1,Potential_Novel_Family
8370,0,1,1,Known_Family_Only
8371,0,1,1,Known_Family_Only
8372,1,0,1,Potential_Novel_Family
8374,0,1,1,Known_Family_Only
8377,1,0,1,Potential_Novel_Family
8379,0,1,1,Known_Family_Only
8380,1,0,1,Potential_Novel_Family
8358,0,1,1,Known_Family_Only
8359,1,0,1,Potential_Novel_Family
8360,1,0,1,Potential_Novel_Family
8361,0,1,1,Known_Family_Only
8362,0,1,1,Known_Family_Only
8364,1,0,1,Potential_Novel_Family
8366,1,0,1,Potential_Novel_Family
8368,0,1,1,Known_Family_Only
8348,1,0,1,Potential_Novel_Family
8349,1,0,1,Potential_Novel_Family
8350,1,0,1,Potential_Novel_Family
8352,0,1,1,Known_Family_Only
8353,1,0,1,Potential_Novel_Family
8355,0,1,1,Known_Family_Only
8356,1,0,1,Potential_Novel_Family
8357,1,0,1,Potential_Novel_Family
8402,1,0,1,Potential_Novel_Family
8403,1,0,1,Potential_Novel_Family
8405,1,0,1,Potential_Novel_Family
8406,0,1,1,Known_Family_Only
8409,1,0,1,Potential_Novel_Family
8410,0,1,1,Known_Family_Only
8414,1,0,1,Potential_Novel_Family
8415,0,1,1,Known_Family_Only
2824,1,0,1,Potential_Novel_Family
2825,1,0,1,Potential_Novel_Family
2826,0,1,1,Known_Family_Only
2827,0,1,1,Known_Family_Only
2828,1,0,1,Potential_Novel_Family
8397,1,0,1,Potential_Novel_Family
8400,1,0,1,Potential_Novel_Family
8401,1,0,1,Potential_Novel_Family
2812,1,0,1,Potential_Novel_Family
2813,1,0,1,Potential_Novel_Family
2814,0,1,1,Known_Family_Only
2815,1,0,1,Potential_Novel_Family
2816,1,0,1,Potential_Novel_Family
2817,1,0,1,Potential_Novel_Family
2818,0,1,1,Known_Family_Only
2823,1,0,1,Potential_Novel_Family
8393,0,1,1,Known_Family_Only
8394,0,1,1,Known_Family_Only
2798,1,0,1,Potential_Novel_Family
2800,1,0,1,Potential_Novel_Family
2805,0,1,1,Known_Family_Only
2807,0,1,1,Known_Family_Only
2809,1,0,1,Potential_Novel_Family
2810,0,1,1,Known_Family_Only
8445,1,0,1,Potential_Novel_Family
8446,0,1,1,Known_Family_Only
8447,0,1,1,Known_Family_Only
8448,0,1,1,Known_Family_Only
8449,1,0,1,Potential_Novel_Family
8453,1,0,1,Potential_Novel_Family
8454,0,1,1,Known_Family_Only
8455,1,0,1,Potential_Novel_Family
8433,1,0,1,Potential_Novel_Family
8434,1,0,1,Potential_Novel_Family
8435,1,0,1,Potential_Novel_Family
8440,0,1,1,Known_Family_Only
8441,0,1,1,Known_Family_Only
8442,1,0,1,Potential_Novel_Family
8443,0,1,1,Known_Family_Only
8444,0,1,1,Known_Family_Only
8425,0,1,1,Known_Family_Only
8426,1,0,1,Potential_Novel_Family
8427,0,1,1,Known_Family_Only
8428,0,1,1,Known_Family_Only
8429,1,0,1,Potential_Novel_Family
8430,0,1,1,Known_Family_Only
8431,1,0,1,Potential_Novel_Family
8432,1,0,1,Potential_Novel_Family
8416,1,0,1,Potential_Novel_Family
8417,1,0,1,Potential_Novel_Family
8419,1,0,1,Potential_Novel_Family
8420,1,0,1,Potential_Novel_Family
8421,1,0,1,Potential_Novel_Family
8422,1,0,1,Potential_Novel_Family
8423,0,1,1,Known_Family_Only
8424,1,0,1,Potential_Novel_Family
8490,1,0,1,Potential_Novel_Family
8492,1,0,1,Potential_Novel_Family
2765,1,0,1,Potential_Novel_Family
2766,0,1,1,Known_Family_Only
2767,1,0,1,Potential_Novel_Family
2769,0,1,1,Known_Family_Only
2770,1,0,1,Potential_Novel_Family
2771,1,0,1,Potential_Novel_Family
8475,1,0,1,Potential_Novel_Family
8477,1,0,1,Potential_Novel_Family
8478,1,0,1,Potential_Novel_Family
8479,1,0,1,Potential_Novel_Family
8481,1,0,1,Potential_Novel_Family
8482,1,0,1,Potential_Novel_Family
8483,1,0,1,Potential_Novel_Family
8485,1,0,1,Potential_Novel_Family
8464,1,0,1,Potential_Novel_Family
8465,1,0,1,Potential_Novel_Family
8468,1,0,1,Potential_Novel_Family
8470,1,0,1,Potential_Novel_Family
8471,1,0,1,Potential_Novel_Family
8472,1,0,1,Potential_Novel_Family
8473,0,1,1,Known_Family_Only
8474,0,1,1,Known_Family_Only
8456,1,0,1,Potential_Novel_Family
8457,0,1,1,Known_Family_Only
8458,0,1,1,Known_Family_Only
8459,0,1,1,Known_Family_Only
8460,0,1,1,Known_Family_Only
8461,0,1,1,Known_Family_Only
8462,1,0,1,Potential_Novel_Family
8463,1,0,1,Potential_Novel_Family
8503,1,0,1,Potential_Novel_Family
8504,0,1,1,Known_Family_Only
8505,0,1,1,Known_Family_Only
8509,1,0,1,Potential_Novel_Family
8510,0,1,1,Known_Family_Only
8513,1,0,1,Potential_Novel_Family
8514,0,1,1,Known_Family_Only
8515,0,1,1,Known_Family_Only
8493,1,0,1,Potential_Novel_Family
8494,0,1,1,Known_Family_Only
8495,1,0,1,Potential_Novel_Family
8496,1,0,1,Potential_Novel_Family
8497,0,1,1,Known_Family_Only
8498,1,0,1,Potential_Novel_Family
8499,1,0,1,Potential_Novel_Family
8502,1,0,1,Potential_Novel_Family
2782,0,1,1,Known_Family_Only
2785,1,0,1,Potential_Novel_Family
2788,0,1,1,Known_Family_Only
2789,1,0,1,Potential_Novel_Family
2791,1,0,1,Potential_Novel_Family
2792,0,1,1,Known_Family_Only
2793,1,0,1,Potential_Novel_Family
2794,1,0,1,Potential_Novel_Family
2772,0,1,1,Known_Family_Only
2774,0,1,1,Known_Family_Only
2775,0,1,1,Known_Family_Only
2776,1,0,1,Potential_Novel_Family
2777,0,1,1,Known_Family_Only
2778,1,0,1,Potential_Novel_Family
2779,0,1,1,Known_Family_Only
2780,1,0,1,Potential_Novel_Family
8531,1,0,1,Potential_Novel_Family
8532,1,0,1,Potential_Novel_Family
8533,1,0,1,Potential_Novel_Family
8536,1,0,1,Potential_Novel_Family
8538,1,0,1,Potential_Novel_Family
8541,1,0,1,Potential_Novel_Family
8544,1,0,1,Potential_Novel_Family
8546,1,0,1,Potential_Novel_Family
2758,1,0,1,Potential_Novel_Family
2759,1,0,1,Potential_Novel_Family
2760,0,1,1,Known_Family_Only
2764,0,1,1,Known_Family_Only
8526,1,0,1,Potential_Novel_Family
8527,1,0,1,Potential_Novel_Family
8529,1,0,1,Potential_Novel_Family
8530,1,0,1,Potential_Novel_Family
2740,0,1,1,Known_Family_Only
2741,1,0,1,Potential_Novel_Family
2745,1,0,1,Potential_Novel_Family
2746,0,1,1,Known_Family_Only
2747,0,1,1,Known_Family_Only
2748,0,1,1,Known_Family_Only
2750,1,0,1,Potential_Novel_Family
2753,0,1,1,Known_Family_Only
8518,1,0,1,Potential_Novel_Family
8519,0,1,1,Known_Family_Only
8520,1,0,1,Potential_Novel_Family
8522,0,1,1,Known_Family_Only
8523,0,1,1,Known_Family_Only
2734,1,0,1,Potential_Novel_Family
2736,1,0,1,Potential_Novel_Family
2738,1,0,1,Potential_Novel_Family
8566,0,1,1,Known_Family_Only
8567,0,1,1,Known_Family_Only
8569,1,0,1,Potential_Novel_Family
8571,0,1,1,Known_Family_Only
8573,0,1,1,Known_Family_Only
8575,1,0,1,Potential_Novel_Family
8576,1,0,1,Potential_Novel_Family
8577,1,0,1,Potential_Novel_Family
2729,1,0,1,Potential_Novel_Family
2731,0,1,1,Known_Family_Only
8559,0,1,1,Known_Family_Only
8560,0,1,1,Known_Family_Only
8561,1,0,1,Potential_Novel_Family
8562,1,0,1,Potential_Novel_Family
8563,0,1,1,Known_Family_Only
8564,1,0,1,Potential_Novel_Family
2710,0,1,1,Known_Family_Only
2714,0,1,1,Known_Family_Only
2715,1,0,1,Potential_Novel_Family
2717,0,1,1,Known_Family_Only
2720,1,0,1,Potential_Novel_Family
2723,0,1,1,Known_Family_Only
2725,1,0,1,Potential_Novel_Family
2726,1,0,1,Potential_Novel_Family
8547,1,0,1,Potential_Novel_Family
8550,0,1,1,Known_Family_Only
8555,1,0,1,Potential_Novel_Family
2701,0,1,1,Known_Family_Only
2703,0,1,1,Known_Family_Only
2704,1,0,1,Potential_Novel_Family
2705,0,1,1,Known_Family_Only
2706,1,0,1,Potential_Novel_Family
8610,0,1,1,Known_Family_Only
8611,1,0,1,Potential_Novel_Family
8612,1,0,1,Potential_Novel_Family
8616,0,1,1,Known_Family_Only
8617,0,1,1,Known_Family_Only
8619,0,1,1,Known_Family_Only
8620,1,0,1,Potential_Novel_Family
2669,0,1,1,Known_Family_Only
8602,1,0,1,Potential_Novel_Family
8603,1,0,1,Potential_Novel_Family
8604,0,1,1,Known_Family_Only
8605,0,1,1,Known_Family_Only
8606,0,1,1,Known_Family_Only
8607,0,1,1,Known_Family_Only
8608,1,0,1,Potential_Novel_Family
8609,1,0,1,Potential_Novel_Family
8590,0,1,1,Known_Family_Only
8591,0,1,1,Known_Family_Only
8592,1,0,1,Potential_Novel_Family
8593,1,0,1,Potential_Novel_Family
8594,1,0,1,Potential_Novel_Family
8599,0,1,1,Known_Family_Only
8600,1,0,1,Potential_Novel_Family
8601,1,0,1,Potential_Novel_Family
8578,0,1,1,Known_Family_Only
8580,1,0,1,Potential_Novel_Family
8581,1,0,1,Potential_Novel_Family
8584,0,1,1,Known_Family_Only
8585,1,0,1,Potential_Novel_Family
8587,1,0,1,Potential_Novel_Family
8588,1,0,1,Potential_Novel_Family
8589,1,0,1,Potential_Novel_Family
8628,1,0,1,Potential_Novel_Family
8632,0,1,1,Known_Family_Only
8633,1,0,1,Potential_Novel_Family
8634,1,0,1,Potential_Novel_Family
8635,0,1,1,Known_Family_Only
8636,0,1,1,Known_Family_Only
8637,1,0,1,Potential_Novel_Family
8638,1,0,1,Potential_Novel_Family
2699,1,0,1,Potential_Novel_Family
2700,1,0,1,Potential_Novel_Family
8621,1,0,1,Potential_Novel_Family
8622,1,0,1,Potential_Novel_Family
8623,0,1,1,Known_Family_Only
8625,0,1,1,Known_Family_Only
8626,0,1,1,Known_Family_Only
8627,0,1,1,Known_Family_Only
2684,1,0,1,Potential_Novel_Family
2685,1,0,1,Potential_Novel_Family
2686,0,1,1,Known_Family_Only
2689,1,0,1,Potential_Novel_Family
2692,0,1,1,Known_Family_Only
2693,1,0,1,Potential_Novel_Family
2695,1,0,1,Potential_Novel_Family
2697,0,1,1,Known_Family_Only
2671,1,0,1,Potential_Novel_Family
2674,0,1,1,Known_Family_Only
2675,1,0,1,Potential_Novel_Family
2676,1,0,1,Potential_Novel_Family
2677,1,0,1,Potential_Novel_Family
2678,1,0,1,Potential_Novel_Family
2680,1,0,1,Potential_Novel_Family
2681,1,0,1,Potential_Novel_Family
8667,0,1,1,Known_Family_Only
8668,0,1,1,Known_Family_Only
8669,0,1,1,Known_Family_Only
8670,1,0,1,Potential_Novel_Family
8671,1,0,1,Potential_Novel_Family
8672,0,1,1,Known_Family_Only
8673,1,0,1,Potential_Novel_Family
8675,0,1,1,Known_Family_Only
8659,1,0,1,Potential_Novel_Family
8660,0,1,1,Known_Family_Only
8661,1,0,1,Potential_Novel_Family
8662,0,1,1,Known_Family_Only
8663,0,1,1,Known_Family_Only
8664,0,1,1,Known_Family_Only
8665,0,1,1,Known_Family_Only
8666,1,0,1,Potential_Novel_Family
8651,0,1,1,Known_Family_Only
8652,1,0,1,Potential_Novel_Family
8653,1,0,1,Potential_Novel_Family
8654,1,0,1,Potential_Novel_Family
8655,0,1,1,Known_Family_Only
8656,1,0,1,Potential_Novel_Family
8657,1,0,1,Potential_Novel_Family
8658,1,0,1,Potential_Novel_Family
8639,0,1,1,Known_Family_Only
8641,1,0,1,Potential_Novel_Family
8643,0,1,1,Known_Family_Only
8644,1,0,1,Potential_Novel_Family
8646,1,0,1,Potential_Novel_Family
8648,1,0,1,Potential_Novel_Family
8649,0,1,1,Known_Family_Only
8650,1,0,1,Potential_Novel_Family
2667,0,1,1,Known_Family_Only
8686,1,0,1,Potential_Novel_Family
8687,1,0,1,Potential_Novel_Family
8689,1,0,1,Potential_Novel_Family
8690,0,1,1,Known_Family_Only
8691,1,0,1,Potential_Novel_Family
8692,1,0,1,Potential_Novel_Family
8695,1,0,1,Potential_Novel_Family
2655,1,0,1,Potential_Novel_Family
2656,0,1,1,Known_Family_Only
2657,0,1,1,Known_Family_Only
2659,0,1,1,Known_Family_Only
2662,1,0,1,Potential_Novel_Family
2664,1,0,1,Potential_Novel_Family
2665,0,1,1,Known_Family_Only
2666,1,0,1,Potential_Novel_Family
2638,1,0,1,Potential_Novel_Family
2639,1,0,1,Potential_Novel_Family
2640,0,1,1,Known_Family_Only
2643,1,0,1,Potential_Novel_Family
2644,0,1,1,Known_Family_Only
2646,0,1,1,Known_Family_Only
2648,0,1,1,Known_Family_Only
2651,0,1,1,Known_Family_Only
8676,1,0,1,Potential_Novel_Family
8678,0,1,1,Known_Family_Only
8679,0,1,1,Known_Family_Only
8681,1,0,1,Potential_Novel_Family
8682,1,0,1,Potential_Novel_Family
8683,1,0,1,Potential_Novel_Family
8684,1,0,1,Potential_Novel_Family
2637,0,1,1,Known_Family_Only
8727,1,0,1,Potential_Novel_Family
8730,0,1,1,Known_Family_Only
8731,0,1,1,Known_Family_Only
8732,0,1,1,Known_Family_Only
8733,1,0,1,Potential_Novel_Family
8734,0,1,1,Known_Family_Only
8735,1,0,1,Potential_Novel_Family
8737,1,0,1,Potential_Novel_Family
8719,1,0,1,Potential_Novel_Family
8720,1,0,1,Potential_Novel_Family
8721,1,0,1,Potential_Novel_Family
8722,1,0,1,Potential_Novel_Family
8723,0,1,1,Known_Family_Only
8724,1,0,1,Potential_Novel_Family
8725,1,0,1,Potential_Novel_Family
8726,0,1,1,Known_Family_Only
8708,1,0,1,Potential_Novel_Family
8710,1,0,1,Potential_Novel_Family
8711,0,1,1,Known_Family_Only
8712,0,1,1,Known_Family_Only
8714,0,1,1,Known_Family_Only
8716,0,1,1,Known_Family_Only
8717,0,1,1,Known_Family_Only
8718,1,0,1,Potential_Novel_Family
8696,0,1,1,Known_Family_Only
8697,1,0,1,Potential_Novel_Family
8698,1,0,1,Potential_Novel_Family
8699,0,1,1,Known_Family_Only
8701,1,0,1,Potential_Novel_Family
8702,1,0,1,Potential_Novel_Family
8705,1,0,1,Potential_Novel_Family
8707,0,1,1,Known_Family_Only
8772,1,0,1,Potential_Novel_Family
8776,1,0,1,Potential_Novel_Family
8777,0,1,1,Known_Family_Only
8779,0,1,1,Known_Family_Only
8780,1,0,1,Potential_Novel_Family
2605,1,0,1,Potential_Novel_Family
2608,1,0,1,Potential_Novel_Family
2609,1,0,1,Potential_Novel_Family
8763,1,0,1,Potential_Novel_Family
8764,0,1,1,Known_Family_Only
8765,1,0,1,Potential_Novel_Family
8766,1,0,1,Potential_Novel_Family
8767,1,0,1,Potential_Novel_Family
8769,0,1,1,Known_Family_Only
8770,1,0,1,Potential_Novel_Family
8771,0,1,1,Known_Family_Only
8748,0,1,1,Known_Family_Only
8750,0,1,1,Known_Family_Only
8753,1,0,1,Potential_Novel_Family
8754,0,1,1,Known_Family_Only
8755,0,1,1,Known_Family_Only
8758,0,1,1,Known_Family_Only
8760,1,0,1,Potential_Novel_Family
8761,1,0,1,Potential_Novel_Family
8738,1,0,1,Potential_Novel_Family
8740,1,0,1,Potential_Novel_Family
8741,1,0,1,Potential_Novel_Family
8742,0,1,1,Known_Family_Only
8743,0,1,1,Known_Family_Only
8744,0,1,1,Known_Family_Only
8745,1,0,1,Potential_Novel_Family
8746,1,0,1,Potential_Novel_Family
8795,0,1,1,Known_Family_Only
8796,1,0,1,Potential_Novel_Family
8797,1,0,1,Potential_Novel_Family
8798,1,0,1,Potential_Novel_Family
8799,1,0,1,Potential_Novel_Family
8800,1,0,1,Potential_Novel_Family
8804,1,0,1,Potential_Novel_Family
8805,0,1,1,Known_Family_Only
8783,1,0,1,Potential_Novel_Family
8785,1,0,1,Potential_Novel_Family
8786,1,0,1,Potential_Novel_Family
8787,1,0,1,Potential_Novel_Family
8788,1,0,1,Potential_Novel_Family
8791,1,0,1,Potential_Novel_Family
8792,0,1,1,Known_Family_Only
8793,1,0,1,Potential_Novel_Family
2623,0,1,1,Known_Family_Only
2624,0,1,1,Known_Family_Only
2625,0,1,1,Known_Family_Only
2628,0,1,1,Known_Family_Only
2629,0,1,1,Known_Family_Only
2630,1,0,1,Potential_Novel_Family
2633,0,1,1,Known_Family_Only
2634,1,0,1,Potential_Novel_Family
2611,0,1,1,Known_Family_Only
2612,1,0,1,Potential_Novel_Family
2613,0,1,1,Known_Family_Only
2614,0,1,1,Known_Family_Only
2615,1,0,1,Potential_Novel_Family
2616,1,0,1,Potential_Novel_Family
2620,0,1,1,Known_Family_Only
2621,1,0,1,Potential_Novel_Family
8820,1,0,1,Potential_Novel_Family
8823,1,0,1,Potential_Novel_Family
8826,1,0,1,Potential_Novel_Family
8828,1,0,1,Potential_Novel_Family
8829,0,1,1,Known_Family_Only
8831,1,0,1,Potential_Novel_Family
8832,1,0,1,Potential_Novel_Family
8833,1,0,1,Potential_Novel_Family
2600,1,0,1,Potential_Novel_Family
2601,1,0,1,Potential_Novel_Family
2602,1,0,1,Potential_Novel_Family
8813,0,1,1,Known_Family_Only
8814,1,0,1,Potential_Novel_Family
8816,1,0,1,Potential_Novel_Family
8817,1,0,1,Potential_Novel_Family
8819,1,0,1,Potential_Novel_Family
2578,1,0,1,Potential_Novel_Family
2581,1,0,1,Potential_Novel_Family
2582,0,1,1,Known_Family_Only
2585,0,1,1,Known_Family_Only
2587,1,0,1,Potential_Novel_Family
2594,1,0,1,Potential_Novel_Family
2598,1,0,1,Potential_Novel_Family
2599,0,1,1,Known_Family_Only
8806,1,0,1,Potential_Novel_Family
8807,0,1,1,Known_Family_Only
8808,1,0,1,Potential_Novel_Family
8809,1,0,1,Potential_Novel_Family
8810,0,1,1,Known_Family_Only
2573,1,0,1,Potential_Novel_Family
2574,1,0,1,Potential_Novel_Family
2577,1,0,1,Potential_Novel_Family
8869,1,0,1,Potential_Novel_Family
8871,1,0,1,Potential_Novel_Family
8872,0,1,1,Known_Family_Only
8873,0,1,1,Known_Family_Only
8874,0,1,1,Known_Family_Only
8875,0,1,1,Known_Family_Only
8876,1,0,1,Potential_Novel_Family
2542,1,0,1,Potential_Novel_Family
8861,0,1,1,Known_Family_Only
8862,1,0,1,Potential_Novel_Family
8863,1,0,1,Potential_Novel_Family
8864,1,0,1,Potential_Novel_Family
8865,1,0,1,Potential_Novel_Family
8866,1,0,1,Potential_Novel_Family
8867,1,0,1,Potential_Novel_Family
8868,0,1,1,Known_Family_Only
8846,1,0,1,Potential_Novel_Family
8848,1,0,1,Potential_Novel_Family
8849,1,0,1,Potential_Novel_Family
8856,1,0,1,Potential_Novel_Family
8857,1,0,1,Potential_Novel_Family
8858,1,0,1,Potential_Novel_Family
8859,1,0,1,Potential_Novel_Family
8860,1,0,1,Potential_Novel_Family
8836,1,0,1,Potential_Novel_Family
8837,1,0,1,Potential_Novel_Family
8839,1,0,1,Potential_Novel_Family
8841,1,0,1,Potential_Novel_Family
8842,1,0,1,Potential_Novel_Family
8843,1,0,1,Potential_Novel_Family
8844,1,0,1,Potential_Novel_Family
8845,1,0,1,Potential_Novel_Family
8892,1,0,1,Potential_Novel_Family
8893,1,0,1,Potential_Novel_Family
8896,0,1,1,Known_Family_Only
8898,1,0,1,Potential_Novel_Family
8899,1,0,1,Potential_Novel_Family
8900,1,0,1,Potential_Novel_Family
8901,0,1,1,Known_Family_Only
8902,0,1,1,Known_Family_Only
8877,1,0,1,Potential_Novel_Family
8881,1,0,1,Potential_Novel_Family
8886,1,0,1,Potential_Novel_Family
8887,1,0,1,Potential_Novel_Family
8888,1,0,1,Potential_Novel_Family
8889,1,0,1,Potential_Novel_Family
8890,0,1,1,Known_Family_Only
8891,1,0,1,Potential_Novel_Family
2560,1,0,1,Potential_Novel_Family
2562,1,0,1,Potential_Novel_Family
2564,1,0,1,Potential_Novel_Family
2566,0,1,1,Known_Family_Only
2567,1,0,1,Potential_Novel_Family
2569,1,0,1,Potential_Novel_Family
2571,1,0,1,Potential_Novel_Family
2572,1,0,1,Potential_Novel_Family
2544,0,1,1,Known_Family_Only
2545,0,1,1,Known_Family_Only
2546,0,1,1,Known_Family_Only
2548,0,1,1,Known_Family_Only
2551,0,1,1,Known_Family_Only
2554,0,1,1,Known_Family_Only
2555,1,0,1,Potential_Novel_Family
2559,0,1,1,Known_Family_Only
2540,1,0,1,Potential_Novel_Family
8911,1,0,1,Potential_Novel_Family
8912,1,0,1,Potential_Novel_Family
8914,0,1,1,Known_Family_Only
8918,0,1,1,Known_Family_Only
8919,1,0,1,Potential_Novel_Family
8920,1,0,1,Potential_Novel_Family
8921,1,0,1,Potential_Novel_Family
2521,0,1,1,Known_Family_Only
2522,1,0,1,Potential_Novel_Family
2528,0,1,1,Known_Family_Only
2529,1,0,1,Potential_Novel_Family
2530,1,0,1,Potential_Novel_Family
2531,0,1,1,Known_Family_Only
2532,0,1,1,Known_Family_Only
2535,1,0,1,Potential_Novel_Family
2511,0,1,1,Known_Family_Only
2512,1,0,1,Potential_Novel_Family
2514,0,1,1,Known_Family_Only
2515,0,1,1,Known_Family_Only
2516,1,0,1,Potential_Novel_Family
2517,1,0,1,Potential_Novel_Family
2518,1,0,1,Potential_Novel_Family
2519,1,0,1,Potential_Novel_Family
8903,0,1,1,Known_Family_Only
8904,0,1,1,Known_Family_Only
8905,0,1,1,Known_Family_Only
8906,1,0,1,Potential_Novel_Family
8907,1,0,1,Potential_Novel_Family
8908,0,1,1,Known_Family_Only
2509,0,1,1,Known_Family_Only
2510,1,0,1,Potential_Novel_Family
8954,0,1,1,Known_Family_Only
8955,1,0,1,Potential_Novel_Family
8956,1,0,1,Potential_Novel_Family
8957,1,0,1,Potential_Novel_Family
8958,1,0,1,Potential_Novel_Family
8959,0,1,1,Known_Family_Only
8960,1,0,1,Potential_Novel_Family
8961,1,0,1,Potential_Novel_Family
8946,1,0,1,Potential_Novel_Family
8947,0,1,1,Known_Family_Only
8948,0,1,1,Known_Family_Only
8949,1,0,1,Potential_Novel_Family
8950,0,1,1,Known_Family_Only
8951,0,1,1,Known_Family_Only
8952,1,0,1,Potential_Novel_Family
8953,0,1,1,Known_Family_Only
8935,1,0,1,Potential_Novel_Family
8936,1,0,1,Potential_Novel_Family
8938,1,0,1,Potential_Novel_Family
8939,1,0,1,Potential_Novel_Family
8940,0,1,1,Known_Family_Only
8941,0,1,1,Known_Family_Only
8944,0,1,1,Known_Family_Only
8945,1,0,1,Potential_Novel_Family
8922,1,0,1,Potential_Novel_Family
8924,0,1,1,Known_Family_Only
8925,1,0,1,Potential_Novel_Family
8926,1,0,1,Potential_Novel_Family
8927,0,1,1,Known_Family_Only
8929,1,0,1,Potential_Novel_Family
8930,0,1,1,Known_Family_Only
8934,1,0,1,Potential_Novel_Family
2505,1,0,1,Potential_Novel_Family
2506,0,1,1,Known_Family_Only
2507,0,1,1,Known_Family_Only
8973,0,1,1,Known_Family_Only
8975,0,1,1,Known_Family_Only
8977,1,0,1,Potential_Novel_Family
8978,1,0,1,Potential_Novel_Family
8979,1,0,1,Potential_Novel_Family
2494,1,0,1,Potential_Novel_Family
2495,1,0,1,Potential_Novel_Family
2496,1,0,1,Potential_Novel_Family
2498,0,1,1,Known_Family_Only
2499,1,0,1,Potential_Novel_Family
2500,1,0,1,Potential_Novel_Family
2501,0,1,1,Known_Family_Only
2502,0,1,1,Known_Family_Only
2481,1,0,1,Potential_Novel_Family
2483,1,0,1,Potential_Novel_Family
2484,0,1,1,Known_Family_Only
2487,0,1,1,Known_Family_Only
2490,1,0,1,Potential_Novel_Family
2491,1,0,1,Potential_Novel_Family
2492,1,0,1,Potential_Novel_Family
2493,1,0,1,Potential_Novel_Family
8962,1,0,1,Potential_Novel_Family
8964,0,1,1,Known_Family_Only
8965,1,0,1,Potential_Novel_Family
8968,0,1,1,Known_Family_Only
8971,0,1,1,Known_Family_Only
8972,1,0,1,Potential_Novel_Family
2478,0,1,1,Known_Family_Only
2479,1,0,1,Potential_Novel_Family
9027,0,1,1,Known_Family_Only
9029,0,1,1,Known_Family_Only
9030,1,0,1,Potential_Novel_Family
9031,0,1,1,Known_Family_Only
9033,0,1,1,Known_Family_Only
9035,1,0,1,Potential_Novel_Family
9036,1,0,1,Potential_Novel_Family
2446,0,1,1,Known_Family_Only
9015,1,0,1,Potential_Novel_Family
9016,0,1,1,Known_Family_Only
9017,0,1,1,Known_Family_Only
9018,0,1,1,Known_Family_Only
9020,1,0,1,Potential_Novel_Family
9021,1,0,1,Potential_Novel_Family
9022,0,1,1,Known_Family_Only
9023,0,1,1,Known_Family_Only
8996,0,1,1,Known_Family_Only
8997,1,0,1,Potential_Novel_Family
9001,1,0,1,Potential_Novel_Family
9002,1,0,1,Potential_Novel_Family
9003,0,1,1,Known_Family_Only
9004,1,0,1,Potential_Novel_Family
9011,1,0,1,Potential_Novel_Family
9013,1,0,1,Potential_Novel_Family
8980,0,1,1,Known_Family_Only
8982,1,0,1,Potential_Novel_Family
8987,0,1,1,Known_Family_Only
8988,1,0,1,Potential_Novel_Family
8989,0,1,1,Known_Family_Only
8991,0,1,1,Known_Family_Only
8994,1,0,1,Potential_Novel_Family
8995,1,0,1,Potential_Novel_Family
9048,0,1,1,Known_Family_Only
9049,1,0,1,Potential_Novel_Family
9050,1,0,1,Potential_Novel_Family
9051,0,1,1,Known_Family_Only
9053,1,0,1,Potential_Novel_Family
9056,1,0,1,Potential_Novel_Family
9059,0,1,1,Known_Family_Only
9060,1,0,1,Potential_Novel_Family
9038,1,0,1,Potential_Novel_Family
9040,0,1,1,Known_Family_Only
9042,1,0,1,Potential_Novel_Family
9043,1,0,1,Potential_Novel_Family
9044,0,1,1,Known_Family_Only
9045,0,1,1,Known_Family_Only
9046,1,0,1,Potential_Novel_Family
9047,1,0,1,Potential_Novel_Family
2464,1,0,1,Potential_Novel_Family
2466,1,0,1,Potential_Novel_Family
2467,1,0,1,Potential_Novel_Family
2470,0,1,1,Known_Family_Only
2471,0,1,1,Known_Family_Only
2472,0,1,1,Known_Family_Only
2474,1,0,1,Potential_Novel_Family
2476,1,0,1,Potential_Novel_Family
2447,1,0,1,Potential_Novel_Family
2452,0,1,1,Known_Family_Only
2453,0,1,1,Known_Family_Only
2455,1,0,1,Potential_Novel_Family
2457,1,0,1,Potential_Novel_Family
2459,1,0,1,Potential_Novel_Family
2461,1,0,1,Potential_Novel_Family
2463,1,0,1,Potential_Novel_Family
9072,1,0,1,Potential_Novel_Family
9073,1,0,1,Potential_Novel_Family
9074,1,0,1,Potential_Novel_Family
9076,1,0,1,Potential_Novel_Family
9078,1,0,1,Potential_Novel_Family
9083,1,0,1,Potential_Novel_Family
9084,1,0,1,Potential_Novel_Family
9085,0,1,1,Known_Family_Only
2438,1,0,1,Potential_Novel_Family
2440,1,0,1,Potential_Novel_Family
2441,1,0,1,Potential_Novel_Family
2442,1,0,1,Potential_Novel_Family
2443,1,0,1,Potential_Novel_Family
9069,0,1,1,Known_Family_Only
9070,0,1,1,Known_Family_Only
9071,0,1,1,Known_Family_Only
2425,1,0,1,Potential_Novel_Family
2427,0,1,1,Known_Family_Only
2429,1,0,1,Potential_Novel_Family
2430,1,0,1,Potential_Novel_Family
2431,1,0,1,Potential_Novel_Family
2432,0,1,1,Known_Family_Only
2433,0,1,1,Known_Family_Only
2435,0,1,1,Known_Family_Only
9061,1,0,1,Potential_Novel_Family
9062,1,0,1,Potential_Novel_Family
9064,0,1,1,Known_Family_Only
9066,0,1,1,Known_Family_Only
9067,0,1,1,Known_Family_Only
2420,1,0,1,Potential_Novel_Family
2421,0,1,1,Known_Family_Only
2422,1,0,1,Potential_Novel_Family
9113,0,1,1,Known_Family_Only
9116,0,1,1,Known_Family_Only
9117,1,0,1,Potential_Novel_Family
9119,0,1,1,Known_Family_Only
9120,1,0,1,Potential_Novel_Family
9122,1,0,1,Potential_Novel_Family
9123,1,0,1,Potential_Novel_Family
9124,1,0,1,Potential_Novel_Family
9103,1,0,1,Potential_Novel_Family
9104,1,0,1,Potential_Novel_Family
9105,0,1,1,Known_Family_Only
9106,1,0,1,Potential_Novel_Family
9108,1,0,1,Potential_Novel_Family
9109,0,1,1,Known_Family_Only
9110,1,0,1,Potential_Novel_Family
9111,0,1,1,Known_Family_Only
9095,1,0,1,Potential_Novel_Family
9096,1,0,1,Potential_Novel_Family
9097,0,1,1,Known_Family_Only
9098,1,0,1,Potential_Novel_Family
9099,0,1,1,Known_Family_Only
9100,1,0,1,Potential_Novel_Family
9101,1,0,1,Potential_Novel_Family
9102,0,1,1,Known_Family_Only
9086,1,0,1,Potential_Novel_Family
9087,1,0,1,Potential_Novel_Family
9089,0,1,1,Known_Family_Only
9090,1,0,1,Potential_Novel_Family
9091,0,1,1,Known_Family_Only
9092,1,0,1,Potential_Novel_Family
9093,1,0,1,Potential_Novel_Family
9094,0,1,1,Known_Family_Only
9158,1,0,1,Potential_Novel_Family
9159,0,1,1,Known_Family_Only
9160,0,1,1,Known_Family_Only
9161,1,0,1,Potential_Novel_Family
9163,1,0,1,Potential_Novel_Family
9164,0,1,1,Known_Family_Only
2381,1,0,1,Potential_Novel_Family
2384,1,0,1,Potential_Novel_Family
9147,0,1,1,Known_Family_Only
9148,1,0,1,Potential_Novel_Family
9149,0,1,1,Known_Family_Only
9150,0,1,1,Known_Family_Only
9152,1,0,1,Potential_Novel_Family
9154,1,0,1,Potential_Novel_Family
9155,0,1,1,Known_Family_Only
9156,1,0,1,Potential_Novel_Family
9137,1,0,1,Potential_Novel_Family
9138,1,0,1,Potential_Novel_Family
9139,1,0,1,Potential_Novel_Family
9140,0,1,1,Known_Family_Only
9141,1,0,1,Potential_Novel_Family
9142,1,0,1,Potential_Novel_Family
9143,0,1,1,Known_Family_Only
9145,0,1,1,Known_Family_Only
9125,1,0,1,Potential_Novel_Family
9128,1,0,1,Potential_Novel_Family
9129,0,1,1,Known_Family_Only
9131,0,1,1,Known_Family_Only
9133,1,0,1,Potential_Novel_Family
9134,0,1,1,Known_Family_Only
9135,1,0,1,Potential_Novel_Family
9136,1,0,1,Potential_Novel_Family
9174,0,1,1,Known_Family_Only
9175,1,0,1,Potential_Novel_Family
9176,1,0,1,Potential_Novel_Family
9177,0,1,1,Known_Family_Only
9178,1,0,1,Potential_Novel_Family
9181,0,1,1,Known_Family_Only
9182,0,1,1,Known_Family_Only
9183,1,0,1,Potential_Novel_Family
2412,1,0,1,Potential_Novel_Family
9166,0,1,1,Known_Family_Only
9167,0,1,1,Known_Family_Only
9168,1,0,1,Potential_Novel_Family
9169,1,0,1,Potential_Novel_Family
9170,1,0,1,Potential_Novel_Family
9171,1,0,1,Potential_Novel_Family
9172,1,0,1,Potential_Novel_Family
2398,0,1,1,Known_Family_Only
2401,1,0,1,Potential_Novel_Family
2404,1,0,1,Potential_Novel_Family
2405,0,1,1,Known_Family_Only
2406,1,0,1,Potential_Novel_Family
2409,1,0,1,Potential_Novel_Family
2410,0,1,1,Known_Family_Only
2411,1,0,1,Potential_Novel_Family
2387,0,1,1,Known_Family_Only
2388,1,0,1,Potential_Novel_Family
2389,1,0,1,Potential_Novel_Family
2391,1,0,1,Potential_Novel_Family
2392,1,0,1,Potential_Novel_Family
2394,1,0,1,Potential_Novel_Family
2395,1,0,1,Potential_Novel_Family
2396,0,1,1,Known_Family_Only
9214,1,0,1,Potential_Novel_Family
9215,1,0,1,Potential_Novel_Family
9216,1,0,1,Potential_Novel_Family
9219,1,0,1,Potential_Novel_Family
9220,0,1,1,Known_Family_Only
9224,1,0,1,Potential_Novel_Family
9225,1,0,1,Potential_Novel_Family
9226,0,1,1,Known_Family_Only
9202,1,0,1,Potential_Novel_Family
9203,0,1,1,Known_Family_Only
9204,1,0,1,Potential_Novel_Family
9206,1,0,1,Potential_Novel_Family
9207,1,0,1,Potential_Novel_Family
9208,1,0,1,Potential_Novel_Family
9209,1,0,1,Potential_Novel_Family
9210,0,1,1,Known_Family_Only
9192,1,0,1,Potential_Novel_Family
9193,0,1,1,Known_Family_Only
9195,1,0,1,Potential_Novel_Family
9197,1,0,1,Potential_Novel_Family
9198,0,1,1,Known_Family_Only
9199,1,0,1,Potential_Novel_Family
9200,1,0,1,Potential_Novel_Family
9201,1,0,1,Potential_Novel_Family
9184,0,1,1,Known_Family_Only
9185,0,1,1,Known_Family_Only
9186,1,0,1,Potential_Novel_Family
9187,1,0,1,Potential_Novel_Family
9188,1,0,1,Potential_Novel_Family
9189,1,0,1,Potential_Novel_Family
9190,1,0,1,Potential_Novel_Family
9191,1,0,1,Potential_Novel_Family
9235,0,1,1,Known_Family_Only
9236,1,0,1,Potential_Novel_Family
9238,1,0,1,Potential_Novel_Family
9242,1,0,1,Potential_Novel_Family
9243,0,1,1,Known_Family_Only
9244,1,0,1,Potential_Novel_Family
9246,0,1,1,Known_Family_Only
9248,1,0,1,Potential_Novel_Family
2378,0,1,1,Known_Family_Only
2379,0,1,1,Known_Family_Only
2380,1,0,1,Potential_Novel_Family
9229,1,0,1,Potential_Novel_Family
9230,1,0,1,Potential_Novel_Family
9231,0,1,1,Known_Family_Only
9232,0,1,1,Known_Family_Only
9234,1,0,1,Potential_Novel_Family
2363,1,0,1,Potential_Novel_Family
2364,1,0,1,Potential_Novel_Family
2365,1,0,1,Potential_Novel_Family
2366,1,0,1,Potential_Novel_Family
2368,1,0,1,Potential_Novel_Family
2373,1,0,1,Potential_Novel_Family
2375,0,1,1,Known_Family_Only
2376,1,0,1,Potential_Novel_Family
9227,1,0,1,Potential_Novel_Family
9228,0,1,1,Known_Family_Only
2350,0,1,1,Known_Family_Only
2353,1,0,1,Potential_Novel_Family
2355,0,1,1,Known_Family_Only
2358,0,1,1,Known_Family_Only
2359,0,1,1,Known_Family_Only
2361,1,0,1,Potential_Novel_Family
9281,1,0,1,Potential_Novel_Family
9282,1,0,1,Potential_Novel_Family
9283,1,0,1,Potential_Novel_Family
9284,1,0,1,Potential_Novel_Family
9285,0,1,1,Known_Family_Only
9286,1,0,1,Potential_Novel_Family
9287,1,0,1,Potential_Novel_Family
9289,1,0,1,Potential_Novel_Family
9268,1,0,1,Potential_Novel_Family
9269,0,1,1,Known_Family_Only
9272,1,0,1,Potential_Novel_Family
9275,1,0,1,Potential_Novel_Family
9277,1,0,1,Potential_Novel_Family
9278,0,1,1,Known_Family_Only
9279,0,1,1,Known_Family_Only
9280,0,1,1,Known_Family_Only
9257,1,0,1,Potential_Novel_Family
9259,1,0,1,Potential_Novel_Family
9260,1,0,1,Potential_Novel_Family
9262,1,0,1,Potential_Novel_Family
9263,1,0,1,Potential_Novel_Family
9264,1,0,1,Potential_Novel_Family
9265,1,0,1,Potential_Novel_Family
9267,0,1,1,Known_Family_Only
9249,0,1,1,Known_Family_Only
9250,1,0,1,Potential_Novel_Family
9251,0,1,1,Known_Family_Only
9252,0,1,1,Known_Family_Only
9253,1,0,1,Potential_Novel_Family
9254,1,0,1,Potential_Novel_Family
9255,1,0,1,Potential_Novel_Family
9256,1,0,1,Potential_Novel_Family
9301,1,0,1,Potential_Novel_Family
9302,0,1,1,Known_Family_Only
9303,1,0,1,Potential_Novel_Family
9305,1,0,1,Potential_Novel_Family
9306,1,0,1,Potential_Novel_Family
9307,1,0,1,Potential_Novel_Family
9308,1,0,1,Potential_Novel_Family
9311,0,1,1,Known_Family_Only
2342,1,0,1,Potential_Novel_Family
2343,1,0,1,Potential_Novel_Family
2344,0,1,1,Known_Family_Only
2345,0,1,1,Known_Family_Only
9294,1,0,1,Potential_Novel_Family
9295,1,0,1,Potential_Novel_Family
9296,0,1,1,Known_Family_Only
9299,1,0,1,Potential_Novel_Family
2329,1,0,1,Potential_Novel_Family
2330,1,0,1,Potential_Novel_Family
2331,0,1,1,Known_Family_Only
2333,1,0,1,Potential_Novel_Family
2335,0,1,1,Known_Family_Only
2339,0,1,1,Known_Family_Only
2340,0,1,1,Known_Family_Only
2341,0,1,1,Known_Family_Only
9290,0,1,1,Known_Family_Only
2317,1,0,1,Potential_Novel_Family
2320,0,1,1,Known_Family_Only
2322,1,0,1,Potential_Novel_Family
2323,0,1,1,Known_Family_Only
2324,1,0,1,Potential_Novel_Family
2325,0,1,1,Known_Family_Only
2328,0,1,1,Known_Family_Only
2314,0,1,1,Known_Family_Only
2316,0,1,1,Known_Family_Only
9326,1,0,1,Potential_Novel_Family
9329,1,0,1,Potential_Novel_Family
9331,1,0,1,Potential_Novel_Family
9335,0,1,1,Known_Family_Only
9336,1,0,1,Potential_Novel_Family
9337,0,1,1,Known_Family_Only
2303,0,1,1,Known_Family_Only
2304,1,0,1,Potential_Novel_Family
2305,1,0,1,Potential_Novel_Family
2306,1,0,1,Potential_Novel_Family
2308,1,0,1,Potential_Novel_Family
2309,1,0,1,Potential_Novel_Family
2310,1,0,1,Potential_Novel_Family
2311,1,0,1,Potential_Novel_Family
2291,1,0,1,Potential_Novel_Family
2292,1,0,1,Potential_Novel_Family
2293,0,1,1,Known_Family_Only
2294,0,1,1,Known_Family_Only
2296,1,0,1,Potential_Novel_Family
2297,1,0,1,Potential_Novel_Family
2298,0,1,1,Known_Family_Only
2301,1,0,1,Potential_Novel_Family
9314,0,1,1,Known_Family_Only
9319,0,1,1,Known_Family_Only
9320,1,0,1,Potential_Novel_Family
9321,1,0,1,Potential_Novel_Family
9322,1,0,1,Potential_Novel_Family
9323,1,0,1,Potential_Novel_Family
9324,1,0,1,Potential_Novel_Family
2289,1,0,1,Potential_Novel_Family
9373,0,1,1,Known_Family_Only
9374,0,1,1,Known_Family_Only
9375,1,0,1,Potential_Novel_Family
9376,1,0,1,Potential_Novel_Family
9377,0,1,1,Known_Family_Only
9378,1,0,1,Potential_Novel_Family
9379,0,1,1,Known_Family_Only
9380,0,1,1,Known_Family_Only
9363,1,0,1,Potential_Novel_Family
9364,1,0,1,Potential_Novel_Family
9366,0,1,1,Known_Family_Only
9367,0,1,1,Known_Family_Only
9368,1,0,1,Potential_Novel_Family
9369,1,0,1,Potential_Novel_Family
9370,0,1,1,Known_Family_Only
9371,1,0,1,Potential_Novel_Family
9352,0,1,1,Known_Family_Only
9353,1,0,1,Potential_Novel_Family
9355,1,0,1,Potential_Novel_Family
9356,0,1,1,Known_Family_Only
9357,1,0,1,Potential_Novel_Family
9358,1,0,1,Potential_Novel_Family
9359,1,0,1,Potential_Novel_Family
9360,1,0,1,Potential_Novel_Family
9338,1,0,1,Potential_Novel_Family
9340,0,1,1,Known_Family_Only
9341,1,0,1,Potential_Novel_Family
9342,1,0,1,Potential_Novel_Family
9346,1,0,1,Potential_Novel_Family
9347,0,1,1,Known_Family_Only
9348,1,0,1,Potential_Novel_Family
9350,0,1,1,Known_Family_Only
2283,1,0,1,Potential_Novel_Family
9389,1,0,1,Potential_Novel_Family
9391,1,0,1,Potential_Novel_Family
9392,0,1,1,Known_Family_Only
9393,0,1,1,Known_Family_Only
9394,1,0,1,Potential_Novel_Family
9395,1,0,1,Potential_Novel_Family
9397,0,1,1,Known_Family_Only
2270,1,0,1,Potential_Novel_Family
2272,0,1,1,Known_Family_Only
2275,1,0,1,Potential_Novel_Family
2276,0,1,1,Known_Family_Only
2278,1,0,1,Potential_Novel_Family
2279,1,0,1,Potential_Novel_Family
2280,0,1,1,Known_Family_Only
2282,0,1,1,Known_Family_Only
2257,1,0,1,Potential_Novel_Family
2260,0,1,1,Known_Family_Only
2261,1,0,1,Potential_Novel_Family
2262,1,0,1,Potential_Novel_Family
2264,0,1,1,Known_Family_Only
2265,1,0,1,Potential_Novel_Family
2266,1,0,1,Potential_Novel_Family
2269,1,0,1,Potential_Novel_Family
9381,0,1,1,Known_Family_Only
9384,0,1,1,Known_Family_Only
9385,0,1,1,Known_Family_Only
9386,1,0,1,Potential_Novel_Family
9387,1,0,1,Potential_Novel_Family
9388,1,0,1,Potential_Novel_Family
2254,1,0,1,Potential_Novel_Family
2255,1,0,1,Potential_Novel_Family
9435,0,1,1,Known_Family_Only
9436,0,1,1,Known_Family_Only
9437,0,1,1,Known_Family_Only
9438,1,0,1,Potential_Novel_Family
9441,0,1,1,Known_Family_Only
9442,0,1,1,Known_Family_Only
9443,1,0,1,Potential_Novel_Family
9444,1,0,1,Potential_Novel_Family
9427,1,0,1,Potential_Novel_Family
9428,1,0,1,Potential_Novel_Family
9429,1,0,1,Potential_Novel_Family
9430,1,0,1,Potential_Novel_Family
9431,1,0,1,Potential_Novel_Family
9432,1,0,1,Potential_Novel_Family
9433,1,0,1,Potential_Novel_Family
9434,1,0,1,Potential_Novel_Family
9409,0,1,1,Known_Family_Only
9412,1,0,1,Potential_Novel_Family
9413,1,0,1,Potential_Novel_Family
9418,1,0,1,Potential_Novel_Family
9419,1,0,1,Potential_Novel_Family
9421,1,0,1,Potential_Novel_Family
9423,0,1,1,Known_Family_Only
9426,1,0,1,Potential_Novel_Family
9398,0,1,1,Known_Family_Only
9399,0,1,1,Known_Family_Only
9400,1,0,1,Potential_Novel_Family
9402,1,0,1,Potential_Novel_Family
9403,1,0,1,Potential_Novel_Family
9405,1,0,1,Potential_Novel_Family
9406,1,0,1,Potential_Novel_Family
9407,1,0,1,Potential_Novel_Family
9480,0,1,1,Known_Family_Only
9482,0,1,1,Known_Family_Only
9483,1,0,1,Potential_Novel_Family
9484,0,1,1,Known_Family_Only
2221,1,0,1,Potential_Novel_Family
2225,0,1,1,Known_Family_Only
2226,0,1,1,Known_Family_Only
2227,0,1,1,Known_Family_Only
9470,1,0,1,Potential_Novel_Family
9471,1,0,1,Potential_Novel_Family
9473,1,0,1,Potential_Novel_Family
9474,0,1,1,Known_Family_Only
9475,1,0,1,Potential_Novel_Family
9477,1,0,1,Potential_Novel_Family
9478,0,1,1,Known_Family_Only
9479,1,0,1,Potential_Novel_Family
9458,1,0,1,Potential_Novel_Family
9459,1,0,1,Potential_Novel_Family
9460,0,1,1,Known_Family_Only
9461,1,0,1,Potential_Novel_Family
9462,1,0,1,Potential_Novel_Family
9464,1,0,1,Potential_Novel_Family
9466,0,1,1,Known_Family_Only
9467,1,0,1,Potential_Novel_Family
9445,0,1,1,Known_Family_Only
9446,0,1,1,Known_Family_Only
9447,0,1,1,Known_Family_Only
9448,1,0,1,Potential_Novel_Family
9450,1,0,1,Potential_Novel_Family
9453,1,0,1,Potential_Novel_Family
9456,1,0,1,Potential_Novel_Family
9457,1,0,1,Potential_Novel_Family
9493,1,0,1,Potential_Novel_Family
9495,1,0,1,Potential_Novel_Family
9497,1,0,1,Potential_Novel_Family
9498,1,0,1,Potential_Novel_Family
9501,1,0,1,Potential_Novel_Family
9502,1,0,1,Potential_Novel_Family
9503,1,0,1,Potential_Novel_Family
9508,1,0,1,Potential_Novel_Family
2252,1,0,1,Potential_Novel_Family
9485,1,0,1,Potential_Novel_Family
9486,1,0,1,Potential_Novel_Family
9488,1,0,1,Potential_Novel_Family
9489,1,0,1,Potential_Novel_Family
9490,0,1,1,Known_Family_Only
9491,0,1,1,Known_Family_Only
9492,1,0,1,Potential_Novel_Family
2241,1,0,1,Potential_Novel_Family
2244,0,1,1,Known_Family_Only
2245,1,0,1,Potential_Novel_Family
2247,1,0,1,Potential_Novel_Family
2248,1,0,1,Potential_Novel_Family
2249,0,1,1,Known_Family_Only
2250,0,1,1,Known_Family_Only
2251,1,0,1,Potential_Novel_Family
2229,0,1,1,Known_Family_Only
2230,0,1,1,Known_Family_Only
2231,1,0,1,Potential_Novel_Family
2233,1,0,1,Potential_Novel_Family
2235,1,0,1,Potential_Novel_Family
2237,1,0,1,Potential_Novel_Family
2238,1,0,1,Potential_Novel_Family
2239,1,0,1,Potential_Novel_Family
2215,1,0,1,Potential_Novel_Family
2216,1,0,1,Potential_Novel_Family
2217,1,0,1,Potential_Novel_Family
9517,1,0,1,Potential_Novel_Family
9518,0,1,1,Known_Family_Only
9519,1,0,1,Potential_Novel_Family
9524,1,0,1,Potential_Novel_Family
9525,1,0,1,Potential_Novel_Family
2201,1,0,1,Potential_Novel_Family
2203,0,1,1,Known_Family_Only
2204,1,0,1,Potential_Novel_Family
2205,1,0,1,Potential_Novel_Family
2207,1,0,1,Potential_Novel_Family
2210,1,0,1,Potential_Novel_Family
2212,1,0,1,Potential_Novel_Family
2214,1,0,1,Potential_Novel_Family
2190,1,0,1,Potential_Novel_Family
2191,0,1,1,Known_Family_Only
2192,0,1,1,Known_Family_Only
2193,0,1,1,Known_Family_Only
2195,1,0,1,Potential_Novel_Family
2196,0,1,1,Known_Family_Only
2197,0,1,1,Known_Family_Only
2200,0,1,1,Known_Family_Only
9509,1,0,1,Potential_Novel_Family
9510,1,0,1,Potential_Novel_Family
9511,1,0,1,Potential_Novel_Family
9512,0,1,1,Known_Family_Only
9513,1,0,1,Potential_Novel_Family
9514,0,1,1,Known_Family_Only
9515,1,0,1,Potential_Novel_Family
9516,1,0,1,Potential_Novel_Family
9560,1,0,1,Potential_Novel_Family
9561,1,0,1,Potential_Novel_Family
9563,1,0,1,Potential_Novel_Family
9564,0,1,1,Known_Family_Only
9565,0,1,1,Known_Family_Only
9567,0,1,1,Known_Family_Only
9568,0,1,1,Known_Family_Only
9569,1,0,1,Potential_Novel_Family
9550,0,1,1,Known_Family_Only
9551,1,0,1,Potential_Novel_Family
9553,0,1,1,Known_Family_Only
9554,1,0,1,Potential_Novel_Family
9555,0,1,1,Known_Family_Only
9556,0,1,1,Known_Family_Only
9557,1,0,1,Potential_Novel_Family
9558,1,0,1,Potential_Novel_Family
9538,1,0,1,Potential_Novel_Family
9540,1,0,1,Potential_Novel_Family
9541,0,1,1,Known_Family_Only
9543,1,0,1,Potential_Novel_Family
9544,0,1,1,Known_Family_Only
9545,0,1,1,Known_Family_Only
9548,1,0,1,Potential_Novel_Family
9549,0,1,1,Known_Family_Only
9526,1,0,1,Potential_Novel_Family
9527,1,0,1,Potential_Novel_Family
9531,0,1,1,Known_Family_Only
9532,0,1,1,Known_Family_Only
9533,1,0,1,Potential_Novel_Family
9535,0,1,1,Known_Family_Only
9536,0,1,1,Known_Family_Only
9537,1,0,1,Potential_Novel_Family
2184,1,0,1,Potential_Novel_Family
2185,1,0,1,Potential_Novel_Family
2186,1,0,1,Potential_Novel_Family
2188,1,0,1,Potential_Novel_Family
9581,1,0,1,Potential_Novel_Family
9585,1,0,1,Potential_Novel_Family
9588,1,0,1,Potential_Novel_Family
9589,0,1,1,Known_Family_Only
2170,1,0,1,Potential_Novel_Family
2171,0,1,1,Known_Family_Only
2173,0,1,1,Known_Family_Only
2177,1,0,1,Potential_Novel_Family
2178,0,1,1,Known_Family_Only
2180,1,0,1,Potential_Novel_Family
2181,1,0,1,Potential_Novel_Family
2183,1,0,1,Potential_Novel_Family
2160,0,1,1,Known_Family_Only
2161,0,1,1,Known_Family_Only
2162,1,0,1,Potential_Novel_Family
2164,1,0,1,Potential_Novel_Family
2165,0,1,1,Known_Family_Only
2166,1,0,1,Potential_Novel_Family
2167,1,0,1,Potential_Novel_Family
2169,1,0,1,Potential_Novel_Family
9573,1,0,1,Potential_Novel_Family
9574,1,0,1,Potential_Novel_Family
9576,0,1,1,Known_Family_Only
9577,1,0,1,Potential_Novel_Family
9579,0,1,1,Known_Family_Only
9580,0,1,1,Known_Family_Only
2157,1,0,1,Potential_Novel_Family
2158,0,1,1,Known_Family_Only
9625,1,0,1,Potential_Novel_Family
9627,1,0,1,Potential_Novel_Family
9629,0,1,1,Known_Family_Only
9631,0,1,1,Known_Family_Only
9632,1,0,1,Potential_Novel_Family
9633,0,1,1,Known_Family_Only
9634,0,1,1,Known_Family_Only
9635,1,0,1,Potential_Novel_Family
9615,0,1,1,Known_Family_Only
9616,1,0,1,Potential_Novel_Family
9617,1,0,1,Potential_Novel_Family
9618,1,0,1,Potential_Novel_Family
9620,1,0,1,Potential_Novel_Family
9621,0,1,1,Known_Family_Only
9623,1,0,1,Potential_Novel_Family
9624,1,0,1,Potential_Novel_Family
9603,1,0,1,Potential_Novel_Family
9604,0,1,1,Known_Family_Only
9605,0,1,1,Known_Family_Only
9606,1,0,1,Potential_Novel_Family
9607,0,1,1,Known_Family_Only
9608,0,1,1,Known_Family_Only
9609,1,0,1,Potential_Novel_Family
9614,1,0,1,Potential_Novel_Family
9590,1,0,1,Potential_Novel_Family
9591,1,0,1,Potential_Novel_Family
9592,0,1,1,Known_Family_Only
9594,1,0,1,Potential_Novel_Family
9595,0,1,1,Known_Family_Only
9599,1,0,1,Potential_Novel_Family
9600,1,0,1,Potential_Novel_Family
9602,0,1,1,Known_Family_Only
9649,0,1,1,Known_Family_Only
9650,1,0,1,Potential_Novel_Family
9651,0,1,1,Known_Family_Only
9653,1,0,1,Potential_Novel_Family
9654,1,0,1,Potential_Novel_Family
9655,0,1,1,Known_Family_Only
9657,1,0,1,Potential_Novel_Family
9658,1,0,1,Potential_Novel_Family
2145,1,0,1,Potential_Novel_Family
2146,1,0,1,Potential_Novel_Family
2147,0,1,1,Known_Family_Only
2149,1,0,1,Potential_Novel_Family
2150,0,1,1,Known_Family_Only
9646,1,0,1,Potential_Novel_Family
9647,1,0,1,Potential_Novel_Family
9648,1,0,1,Potential_Novel_Family
2130,1,0,1,Potential_Novel_Family
2131,1,0,1,Potential_Novel_Family
2132,1,0,1,Potential_Novel_Family
2133,1,0,1,Potential_Novel_Family
2136,0,1,1,Known_Family_Only
2137,0,1,1,Known_Family_Only
2140,1,0,1,Potential_Novel_Family
2142,0,1,1,Known_Family_Only
9637,1,0,1,Potential_Novel_Family
9639,0,1,1,Known_Family_Only
9640,0,1,1,Known_Family_Only
2125,0,1,1,Known_Family_Only
2126,1,0,1,Potential_Novel_Family
2127,1,0,1,Potential_Novel_Family
2128,1,0,1,Potential_Novel_Family
2129,1,0,1,Potential_Novel_Family
9694,0,1,1,Known_Family_Only
9695,0,1,1,Known_Family_Only
9696,0,1,1,Known_Family_Only
9697,1,0,1,Potential_Novel_Family
9698,1,0,1,Potential_Novel_Family
9701,1,0,1,Potential_Novel_Family
9703,1,0,1,Potential_Novel_Family
9704,1,0,1,Potential_Novel_Family
9685,0,1,1,Known_Family_Only
9686,0,1,1,Known_Family_Only
9688,1,0,1,Potential_Novel_Family
9689,1,0,1,Potential_Novel_Family
9690,0,1,1,Known_Family_Only
9691,1,0,1,Potential_Novel_Family
9692,0,1,1,Known_Family_Only
9693,1,0,1,Potential_Novel_Family
9674,0,1,1,Known_Family_Only
9675,1,0,1,Potential_Novel_Family
9676,1,0,1,Potential_Novel_Family
9677,1,0,1,Potential_Novel_Family
9678,1,0,1,Potential_Novel_Family
9679,0,1,1,Known_Family_Only
9680,1,0,1,Potential_Novel_Family
9681,1,0,1,Potential_Novel_Family
9659,1,0,1,Potential_Novel_Family
9663,0,1,1,Known_Family_Only
9665,1,0,1,Potential_Novel_Family
9666,0,1,1,Known_Family_Only
9667,1,0,1,Potential_Novel_Family
9668,0,1,1,Known_Family_Only
9672,1,0,1,Potential_Novel_Family
9673,0,1,1,Known_Family_Only
9710,0,1,1,Known_Family_Only
9711,1,0,1,Potential_Novel_Family
9712,1,0,1,Potential_Novel_Family
9714,0,1,1,Known_Family_Only
9715,1,0,1,Potential_Novel_Family
9716,0,1,1,Known_Family_Only
9719,1,0,1,Potential_Novel_Family
9721,0,1,1,Known_Family_Only
2111,1,0,1,Potential_Novel_Family
2116,0,1,1,Known_Family_Only
2117,0,1,1,Known_Family_Only
2120,1,0,1,Potential_Novel_Family
2122,1,0,1,Potential_Novel_Family
2123,1,0,1,Potential_Novel_Family
2124,0,1,1,Known_Family_Only
9709,0,1,1,Known_Family_Only
2100,1,0,1,Potential_Novel_Family
2101,0,1,1,Known_Family_Only
2102,0,1,1,Known_Family_Only
2103,0,1,1,Known_Family_Only
2105,1,0,1,Potential_Novel_Family
2106,1,0,1,Potential_Novel_Family
2107,1,0,1,Potential_Novel_Family
2110,0,1,1,Known_Family_Only
9705,1,0,1,Potential_Novel_Family
9706,1,0,1,Potential_Novel_Family
9707,1,0,1,Potential_Novel_Family
9708,1,0,1,Potential_Novel_Family
2093,1,0,1,Potential_Novel_Family
2094,0,1,1,Known_Family_Only
2095,1,0,1,Potential_Novel_Family
2098,0,1,1,Known_Family_Only
9758,0,1,1,Known_Family_Only
9760,1,0,1,Potential_Novel_Family
9761,0,1,1,Known_Family_Only
9762,0,1,1,Known_Family_Only
9763,1,0,1,Potential_Novel_Family
9764,1,0,1,Potential_Novel_Family
9765,0,1,1,Known_Family_Only
9766,0,1,1,Known_Family_Only
9745,1,0,1,Potential_Novel_Family
9747,0,1,1,Known_Family_Only
9748,1,0,1,Potential_Novel_Family
9750,0,1,1,Known_Family_Only
9751,0,1,1,Known_Family_Only
9752,0,1,1,Known_Family_Only
9754,0,1,1,Known_Family_Only
9756,1,0,1,Potential_Novel_Family
9736,0,1,1,Known_Family_Only
9737,1,0,1,Potential_Novel_Family
9739,0,1,1,Known_Family_Only
9740,1,0,1,Potential_Novel_Family
9741,1,0,1,Potential_Novel_Family
9742,0,1,1,Known_Family_Only
9743,1,0,1,Potential_Novel_Family
9744,1,0,1,Potential_Novel_Family
9723,1,0,1,Potential_Novel_Family
9725,1,0,1,Potential_Novel_Family
9726,1,0,1,Potential_Novel_Family
9730,0,1,1,Known_Family_Only
9731,0,1,1,Known_Family_Only
9732,0,1,1,Known_Family_Only
9734,1,0,1,Potential_Novel_Family
9735,1,0,1,Potential_Novel_Family
9775,0,1,1,Known_Family_Only
9776,1,0,1,Potential_Novel_Family
9778,1,0,1,Potential_Novel_Family
9779,1,0,1,Potential_Novel_Family
9780,1,0,1,Potential_Novel_Family
9782,1,0,1,Potential_Novel_Family
9784,1,0,1,Potential_Novel_Family
9785,1,0,1,Potential_Novel_Family
2084,1,0,1,Potential_Novel_Family
2085,0,1,1,Known_Family_Only
2086,1,0,1,Potential_Novel_Family
2087,1,0,1,Potential_Novel_Family
2088,1,0,1,Potential_Novel_Family
2091,0,1,1,Known_Family_Only
2092,0,1,1,Known_Family_Only
9773,1,0,1,Potential_Novel_Family
2070,0,1,1,Known_Family_Only
2071,0,1,1,Known_Family_Only
2073,1,0,1,Potential_Novel_Family
2074,0,1,1,Known_Family_Only
2076,1,0,1,Potential_Novel_Family
2077,1,0,1,Potential_Novel_Family
2080,1,0,1,Potential_Novel_Family
2083,1,0,1,Potential_Novel_Family
9767,1,0,1,Potential_Novel_Family
9768,1,0,1,Potential_Novel_Family
2063,1,0,1,Potential_Novel_Family
2064,0,1,1,Known_Family_Only
2065,1,0,1,Potential_Novel_Family
2066,1,0,1,Potential_Novel_Family
2067,1,0,1,Potential_Novel_Family
2068,1,0,1,Potential_Novel_Family
9817,1,0,1,Potential_Novel_Family
9818,1,0,1,Potential_Novel_Family
9820,1,0,1,Potential_Novel_Family
9821,1,0,1,Potential_Novel_Family
9822,0,1,1,Known_Family_Only
9823,1,0,1,Potential_Novel_Family
9824,1,0,1,Potential_Novel_Family
9825,0,1,1,Known_Family_Only
9808,1,0,1,Potential_Novel_Family
9809,1,0,1,Potential_Novel_Family
9811,1,0,1,Potential_Novel_Family
9812,1,0,1,Potential_Novel_Family
9813,1,0,1,Potential_Novel_Family
9814,0,1,1,Known_Family_Only
9815,0,1,1,Known_Family_Only
9816,1,0,1,Potential_Novel_Family
9795,1,0,1,Potential_Novel_Family
9796,0,1,1,Known_Family_Only
9799,1,0,1,Potential_Novel_Family
9800,1,0,1,Potential_Novel_Family
9801,1,0,1,Potential_Novel_Family
9805,1,0,1,Potential_Novel_Family
9806,0,1,1,Known_Family_Only
9807,0,1,1,Known_Family_Only
9786,1,0,1,Potential_Novel_Family
9787,1,0,1,Potential_Novel_Family
9788,0,1,1,Known_Family_Only
9790,1,0,1,Potential_Novel_Family
9791,1,0,1,Potential_Novel_Family
9792,0,1,1,Known_Family_Only
9793,0,1,1,Known_Family_Only
9794,1,0,1,Potential_Novel_Family
9859,0,1,1,Known_Family_Only
9861,1,0,1,Potential_Novel_Family
9862,0,1,1,Known_Family_Only
9865,1,0,1,Potential_Novel_Family
9866,1,0,1,Potential_Novel_Family
9867,1,0,1,Potential_Novel_Family
9868,1,0,1,Potential_Novel_Family
2029,1,0,1,Potential_Novel_Family
9848,1,0,1,Potential_Novel_Family
9850,0,1,1,Known_Family_Only
9851,1,0,1,Potential_Novel_Family
9853,1,0,1,Potential_Novel_Family
9854,1,0,1,Potential_Novel_Family
9855,1,0,1,Potential_Novel_Family
9856,1,0,1,Potential_Novel_Family
9858,1,0,1,Potential_Novel_Family
9840,0,1,1,Known_Family_Only
9841,1,0,1,Potential_Novel_Family
9842,1,0,1,Potential_Novel_Family
9843,1,0,1,Potential_Novel_Family
9844,1,0,1,Potential_Novel_Family
9845,1,0,1,Potential_Novel_Family
9846,1,0,1,Potential_Novel_Family
9847,0,1,1,Known_Family_Only
9826,1,0,1,Potential_Novel_Family
9830,0,1,1,Known_Family_Only
9831,1,0,1,Potential_Novel_Family
9832,0,1,1,Known_Family_Only
9834,1,0,1,Potential_Novel_Family
9835,1,0,1,Potential_Novel_Family
9836,1,0,1,Potential_Novel_Family
9837,0,1,1,Known_Family_Only
9876,1,0,1,Potential_Novel_Family
9879,1,0,1,Potential_Novel_Family
9881,0,1,1,Known_Family_Only
9882,1,0,1,Potential_Novel_Family
9883,1,0,1,Potential_Novel_Family
9884,0,1,1,Known_Family_Only
9885,1,0,1,Potential_Novel_Family
9887,0,1,1,Known_Family_Only
2056,0,1,1,Known_Family_Only
2060,0,1,1,Known_Family_Only
9869,0,1,1,Known_Family_Only
9870,1,0,1,Potential_Novel_Family
9872,1,0,1,Potential_Novel_Family
9873,1,0,1,Potential_Novel_Family
9874,1,0,1,Potential_Novel_Family
9875,0,1,1,Known_Family_Only
2043,1,0,1,Potential_Novel_Family
2044,0,1,1,Known_Family_Only
2045,1,0,1,Potential_Novel_Family
2046,1,0,1,Potential_Novel_Family
2047,1,0,1,Potential_Novel_Family
2048,1,0,1,Potential_Novel_Family
2049,1,0,1,Potential_Novel_Family
2051,0,1,1,Known_Family_Only
2031,1,0,1,Potential_Novel_Family
2032,1,0,1,Potential_Novel_Family
2033,0,1,1,Known_Family_Only
2034,1,0,1,Potential_Novel_Family
2036,1,0,1,Potential_Novel_Family
2037,1,0,1,Potential_Novel_Family
2038,1,0,1,Potential_Novel_Family
2042,1,0,1,Potential_Novel_Family
9917,0,1,1,Known_Family_Only
9918,1,0,1,Potential_Novel_Family
9919,1,0,1,Potential_Novel_Family
9920,1,0,1,Potential_Novel_Family
9921,0,1,1,Known_Family_Only
9922,0,1,1,Known_Family_Only
9923,0,1,1,Known_Family_Only
9926,1,0,1,Potential_Novel_Family
9906,1,0,1,Potential_Novel_Family
9908,1,0,1,Potential_Novel_Family
9909,0,1,1,Known_Family_Only
9910,0,1,1,Known_Family_Only
9911,0,1,1,Known_Family_Only
9912,1,0,1,Potential_Novel_Family
9915,0,1,1,Known_Family_Only
9916,0,1,1,Known_Family_Only
9898,0,1,1,Known_Family_Only
9899,1,0,1,Potential_Novel_Family
9900,1,0,1,Potential_Novel_Family
9901,1,0,1,Potential_Novel_Family
9902,0,1,1,Known_Family_Only
9903,1,0,1,Potential_Novel_Family
9904,0,1,1,Known_Family_Only
9905,0,1,1,Known_Family_Only
9888,1,0,1,Potential_Novel_Family
9890,0,1,1,Known_Family_Only
9891,0,1,1,Known_Family_Only
9892,1,0,1,Potential_Novel_Family
9893,0,1,1,Known_Family_Only
9894,1,0,1,Potential_Novel_Family
9896,1,0,1,Potential_Novel_Family
9897,1,0,1,Potential_Novel_Family
9956,1,0,1,Potential_Novel_Family
9957,1,0,1,Potential_Novel_Family
9958,0,1,1,Known_Family_Only
9959,1,0,1,Potential_Novel_Family
9961,0,1,1,Known_Family_Only
9962,1,0,1,Potential_Novel_Family
9964,0,1,1,Known_Family_Only
1998,1,0,1,Potential_Novel_Family
9947,1,0,1,Potential_Novel_Family
9948,1,0,1,Potential_Novel_Family
9949,1,0,1,Potential_Novel_Family
9950,1,0,1,Potential_Novel_Family
9951,1,0,1,Potential_Novel_Family
9953,0,1,1,Known_Family_Only
9954,1,0,1,Potential_Novel_Family
9955,1,0,1,Potential_Novel_Family
9936,1,0,1,Potential_Novel_Family
9937,1,0,1,Potential_Novel_Family
9938,0,1,1,Known_Family_Only
9940,1,0,1,Potential_Novel_Family
9941,1,0,1,Potential_Novel_Family
9942,0,1,1,Known_Family_Only
9945,1,0,1,Potential_Novel_Family
9946,0,1,1,Known_Family_Only
9927,1,0,1,Potential_Novel_Family
9928,1,0,1,Potential_Novel_Family
9930,1,0,1,Potential_Novel_Family
9931,0,1,1,Known_Family_Only
9932,0,1,1,Known_Family_Only
9933,1,0,1,Potential_Novel_Family
9934,1,0,1,Potential_Novel_Family
9935,0,1,1,Known_Family_Only
9968,1,0,1,Potential_Novel_Family
9969,1,0,1,Potential_Novel_Family
9970,0,1,1,Known_Family_Only
9972,1,0,1,Potential_Novel_Family
9973,1,0,1,Potential_Novel_Family
9974,0,1,1,Known_Family_Only
9975,0,1,1,Known_Family_Only
9976,1,0,1,Potential_Novel_Family
2019,1,0,1,Potential_Novel_Family
2021,1,0,1,Potential_Novel_Family
2024,1,0,1,Potential_Novel_Family
2025,1,0,1,Potential_Novel_Family
2026,0,1,1,Known_Family_Only
9965,1,0,1,Potential_Novel_Family
9966,0,1,1,Known_Family_Only
9967,1,0,1,Potential_Novel_Family
2009,0,1,1,Known_Family_Only
2011,0,1,1,Known_Family_Only
2012,1,0,1,Potential_Novel_Family
2013,0,1,1,Known_Family_Only
2014,0,1,1,Known_Family_Only
2016,1,0,1,Potential_Novel_Family
2017,0,1,1,Known_Family_Only
2018,0,1,1,Known_Family_Only
1999,0,1,1,Known_Family_Only
2000,1,0,1,Potential_Novel_Family
2002,1,0,1,Potential_Novel_Family
2003,0,1,1,Known_Family_Only
2005,0,1,1,Known_Family_Only
2006,0,1,1,Known_Family_Only
2007,0,1,1,Known_Family_Only
2008,1,0,1,Potential_Novel_Family
10017,1,0,1,Potential_Novel_Family
10018,1,0,1,Potential_Novel_Family
10019,1,0,1,Potential_Novel_Family
10021,0,1,1,Known_Family_Only
10022,1,0,1,Potential_Novel_Family
10024,0,1,1,Known_Family_Only
10025,1,0,1,Potential_Novel_Family
10026,1,0,1,Potential_Novel_Family
10004,0,1,1,Known_Family_Only
10007,1,0,1,Potential_Novel_Family
10008,0,1,1,Known_Family_Only
10010,1,0,1,Potential_Novel_Family
10011,0,1,1,Known_Family_Only
10013,1,0,1,Potential_Novel_Family
10014,0,1,1,Known_Family_Only
10015,1,0,1,Potential_Novel_Family
9991,1,0,1,Potential_Novel_Family
9994,1,0,1,Potential_Novel_Family
9995,0,1,1,Known_Family_Only
9996,0,1,1,Known_Family_Only
9999,0,1,1,Known_Family_Only
10001,1,0,1,Potential_Novel_Family
10002,0,1,1,Known_Family_Only
10003,0,1,1,Known_Family_Only
9977,0,1,1,Known_Family_Only
9978,0,1,1,Known_Family_Only
9980,1,0,1,Potential_Novel_Family
9981,1,0,1,Potential_Novel_Family
9985,1,0,1,Potential_Novel_Family
9986,1,0,1,Potential_Novel_Family
9987,1,0,1,Potential_Novel_Family
9989,1,0,1,Potential_Novel_Family
10029,0,1,1,Known_Family_Only
10030,1,0,1,Potential_Novel_Family
10031,1,0,1,Potential_Novel_Family
10033,1,0,1,Potential_Novel_Family
10034,1,0,1,Potential_Novel_Family
10035,1,0,1,Potential_Novel_Family
10039,1,0,1,Potential_Novel_Family
10040,1,0,1,Potential_Novel_Family
1985,1,0,1,Potential_Novel_Family
1986,1,0,1,Potential_Novel_Family
1988,1,0,1,Potential_Novel_Family
1989,0,1,1,Known_Family_Only
1991,1,0,1,Potential_Novel_Family
1992,1,0,1,Potential_Novel_Family
1994,0,1,1,Known_Family_Only
1995,1,0,1,Potential_Novel_Family
1975,1,0,1,Potential_Novel_Family
1977,0,1,1,Known_Family_Only
1978,1,0,1,Potential_Novel_Family
1980,1,0,1,Potential_Novel_Family
1981,1,0,1,Potential_Novel_Family
1982,0,1,1,Known_Family_Only
1983,0,1,1,Known_Family_Only
1984,1,0,1,Potential_Novel_Family
10027,1,0,1,Potential_Novel_Family
10028,1,0,1,Potential_Novel_Family
1965,0,1,1,Known_Family_Only
1967,1,0,1,Potential_Novel_Family
1970,1,0,1,Potential_Novel_Family
1971,1,0,1,Potential_Novel_Family
1972,0,1,1,Known_Family_Only
1974,0,1,1,Known_Family_Only
10078,1,0,1,Potential_Novel_Family
10079,1,0,1,Potential_Novel_Family
10080,1,0,1,Potential_Novel_Family
10082,1,0,1,Potential_Novel_Family
10083,1,0,1,Potential_Novel_Family
10084,0,1,1,Known_Family_Only
10085,1,0,1,Potential_Novel_Family
10087,0,1,1,Known_Family_Only
10066,1,0,1,Potential_Novel_Family
10068,0,1,1,Known_Family_Only
10069,1,0,1,Potential_Novel_Family
10070,1,0,1,Potential_Novel_Family
10071,1,0,1,Potential_Novel_Family
10072,1,0,1,Potential_Novel_Family
10075,0,1,1,Known_Family_Only
10076,0,1,1,Known_Family_Only
10054,1,0,1,Potential_Novel_Family
10055,0,1,1,Known_Family_Only
10056,0,1,1,Known_Family_Only
10057,0,1,1,Known_Family_Only
10061,1,0,1,Potential_Novel_Family
10062,1,0,1,Potential_Novel_Family
10063,0,1,1,Known_Family_Only
10064,0,1,1,Known_Family_Only
10044,1,0,1,Potential_Novel_Family
10045,1,0,1,Potential_Novel_Family
10046,0,1,1,Known_Family_Only
10048,0,1,1,Known_Family_Only
10049,1,0,1,Potential_Novel_Family
10050,1,0,1,Potential_Novel_Family
10051,1,0,1,Potential_Novel_Family
10053,1,0,1,Potential_Novel_Family
10095,0,1,1,Known_Family_Only
10096,0,1,1,Known_Family_Only
10097,0,1,1,Known_Family_Only
10098,1,0,1,Potential_Novel_Family
10100,1,0,1,Potential_Novel_Family
10101,0,1,1,Known_Family_Only
10102,0,1,1,Known_Family_Only
10103,1,0,1,Potential_Novel_Family
1956,0,1,1,Known_Family_Only
1957,1,0,1,Potential_Novel_Family
1960,1,0,1,Potential_Novel_Family
1961,1,0,1,Potential_Novel_Family
1962,1,0,1,Potential_Novel_Family
1963,1,0,1,Potential_Novel_Family
10093,1,0,1,Potential_Novel_Family
10094,1,0,1,Potential_Novel_Family
1943,1,0,1,Potential_Novel_Family
1944,1,0,1,Potential_Novel_Family
1946,1,0,1,Potential_Novel_Family
1948,1,0,1,Potential_Novel_Family
1949,1,0,1,Potential_Novel_Family
1951,1,0,1,Potential_Novel_Family
1954,0,1,1,Known_Family_Only
1955,1,0,1,Potential_Novel_Family
10088,0,1,1,Known_Family_Only
10089,0,1,1,Known_Family_Only
10092,0,1,1,Known_Family_Only
1933,0,1,1,Known_Family_Only
1934,1,0,1,Potential_Novel_Family
1939,1,0,1,Potential_Novel_Family
1940,0,1,1,Known_Family_Only
1941,1,0,1,Potential_Novel_Family
10138,0,1,1,Known_Family_Only
10140,0,1,1,Known_Family_Only
10141,0,1,1,Known_Family_Only
10142,1,0,1,Potential_Novel_Family
10143,1,0,1,Potential_Novel_Family
10144,0,1,1,Known_Family_Only
10145,1,0,1,Potential_Novel_Family
10146,1,0,1,Potential_Novel_Family
10128,0,1,1,Known_Family_Only
10129,1,0,1,Potential_Novel_Family
10130,1,0,1,Potential_Novel_Family
10131,0,1,1,Known_Family_Only
10132,1,0,1,Potential_Novel_Family
10134,1,0,1,Potential_Novel_Family
10135,0,1,1,Known_Family_Only
10136,1,0,1,Potential_Novel_Family
10119,0,1,1,Known_Family_Only
10120,1,0,1,Potential_Novel_Family
10121,0,1,1,Known_Family_Only
10122,1,0,1,Potential_Novel_Family
10123,0,1,1,Known_Family_Only
10124,1,0,1,Potential_Novel_Family
10126,1,0,1,Potential_Novel_Family
10127,1,0,1,Potential_Novel_Family
10104,1,0,1,Potential_Novel_Family
10107,1,0,1,Potential_Novel_Family
10108,1,0,1,Potential_Novel_Family
10110,0,1,1,Known_Family_Only
10112,0,1,1,Known_Family_Only
10113,0,1,1,Known_Family_Only
10114,0,1,1,Known_Family_Only
10116,0,1,1,Known_Family_Only
10181,1,0,1,Potential_Novel_Family
10183,0,1,1,Known_Family_Only
10184,1,0,1,Potential_Novel_Family
10186,1,0,1,Potential_Novel_Family
10187,1,0,1,Potential_Novel_Family
10188,1,0,1,Potential_Novel_Family
1901,1,0,1,Potential_Novel_Family
1902,1,0,1,Potential_Novel_Family
10170,1,0,1,Potential_Novel_Family
10171,0,1,1,Known_Family_Only
10172,0,1,1,Known_Family_Only
10173,1,0,1,Potential_Novel_Family
10177,1,0,1,Potential_Novel_Family
10178,1,0,1,Potential_Novel_Family
10179,0,1,1,Known_Family_Only
10180,0,1,1,Known_Family_Only
10159,1,0,1,Potential_Novel_Family
10160,0,1,1,Known_Family_Only
10161,0,1,1,Known_Family_Only
10162,1,0,1,Potential_Novel_Family
10163,1,0,1,Potential_Novel_Family
10165,0,1,1,Known_Family_Only
10166,0,1,1,Known_Family_Only
10167,1,0,1,Potential_Novel_Family
10150,0,1,1,Known_Family_Only
10151,0,1,1,Known_Family_Only
10152,0,1,1,Known_Family_Only
10154,1,0,1,Potential_Novel_Family
10155,1,0,1,Potential_Novel_Family
10156,0,1,1,Known_Family_Only
10157,1,0,1,Potential_Novel_Family
10158,1,0,1,Potential_Novel_Family
10191,1,0,1,Potential_Novel_Family
10194,0,1,1,Known_Family_Only
10196,0,1,1,Known_Family_Only
10197,1,0,1,Potential_Novel_Family
10198,0,1,1,Known_Family_Only
10201,1,0,1,Potential_Novel_Family
10204,1,0,1,Potential_Novel_Family
10206,1,0,1,Potential_Novel_Family
1924,1,0,1,Potential_Novel_Family
1925,1,0,1,Potential_Novel_Family
1926,1,0,1,Potential_Novel_Family
1927,1,0,1,Potential_Novel_Family
1930,1,0,1,Potential_Novel_Family
1931,0,1,1,Known_Family_Only
1932,1,0,1,Potential_Novel_Family
10190,0,1,1,Known_Family_Only
1913,0,1,1,Known_Family_Only
1914,0,1,1,Known_Family_Only
1915,0,1,1,Known_Family_Only
1916,0,1,1,Known_Family_Only
1918,1,0,1,Potential_Novel_Family
1919,0,1,1,Known_Family_Only
1921,1,0,1,Potential_Novel_Family
1923,1,0,1,Potential_Novel_Family
1904,1,0,1,Potential_Novel_Family
1906,1,0,1,Potential_Novel_Family
1907,0,1,1,Known_Family_Only
1908,1,0,1,Potential_Novel_Family
1909,1,0,1,Potential_Novel_Family
1910,0,1,1,Known_Family_Only
1911,0,1,1,Known_Family_Only
1912,0,1,1,Known_Family_Only
10239,1,0,1,Potential_Novel_Family
10241,0,1,1,Known_Family_Only
10242,0,1,1,Known_Family_Only
10243,1,0,1,Potential_Novel_Family
10245,1,0,1,Potential_Novel_Family
10246,1,0,1,Potential_Novel_Family
10247,0,1,1,Known_Family_Only
10248,1,0,1,Potential_Novel_Family
10228,1,0,1,Potential_Novel_Family
10231,1,0,1,Potential_Novel_Family
10232,1,0,1,Potential_Novel_Family
10233,0,1,1,Known_Family_Only
10234,0,1,1,Known_Family_Only
10236,1,0,1,Potential_Novel_Family
10237,1,0,1,Potential_Novel_Family
10238,1,0,1,Potential_Novel_Family
10220,1,0,1,Potential_Novel_Family
10221,1,0,1,Potential_Novel_Family
10222,1,0,1,Potential_Novel_Family
10223,0,1,1,Known_Family_Only
10224,0,1,1,Known_Family_Only
10225,1,0,1,Potential_Novel_Family
10226,1,0,1,Potential_Novel_Family
10227,0,1,1,Known_Family_Only
10207,0,1,1,Known_Family_Only
10209,1,0,1,Potential_Novel_Family
10210,1,0,1,Potential_Novel_Family
10211,0,1,1,Known_Family_Only
10213,1,0,1,Potential_Novel_Family
10215,1,0,1,Potential_Novel_Family
10216,1,0,1,Potential_Novel_Family
10218,0,1,1,Known_Family_Only
10257,1,0,1,Potential_Novel_Family
10258,1,0,1,Potential_Novel_Family
10259,1,0,1,Potential_Novel_Family
10260,0,1,1,Known_Family_Only
10263,1,0,1,Potential_Novel_Family
10264,1,0,1,Potential_Novel_Family
10265,1,0,1,Potential_Novel_Family
10269,0,1,1,Known_Family_Only
1894,1,0,1,Potential_Novel_Family
1895,1,0,1,Potential_Novel_Family
1896,0,1,1,Known_Family_Only
1900,1,0,1,Potential_Novel_Family
10253,1,0,1,Potential_Novel_Family
10254,1,0,1,Potential_Novel_Family
10255,1,0,1,Potential_Novel_Family
10256,0,1,1,Known_Family_Only
1882,1,0,1,Potential_Novel_Family
1886,1,0,1,Potential_Novel_Family
1888,0,1,1,Known_Family_Only
1889,1,0,1,Potential_Novel_Family
1890,1,0,1,Potential_Novel_Family
1891,1,0,1,Potential_Novel_Family
1892,0,1,1,Known_Family_Only
1893,1,0,1,Potential_Novel_Family
10252,1,0,1,Potential_Novel_Family
1871,1,0,1,Potential_Novel_Family
1872,1,0,1,Potential_Novel_Family
1873,1,0,1,Potential_Novel_Family
1875,0,1,1,Known_Family_Only
1876,1,0,1,Potential_Novel_Family
1877,0,1,1,Known_Family_Only
1879,0,1,1,Known_Family_Only
10303,1,0,1,Potential_Novel_Family
10305,0,1,1,Known_Family_Only
10306,1,0,1,Potential_Novel_Family
10307,0,1,1,Known_Family_Only
10310,0,1,1,Known_Family_Only
10311,1,0,1,Potential_Novel_Family
10313,1,0,1,Potential_Novel_Family
10314,1,0,1,Potential_Novel_Family
10291,0,1,1,Known_Family_Only
10293,0,1,1,Known_Family_Only
10297,1,0,1,Potential_Novel_Family
10298,0,1,1,Known_Family_Only
10299,1,0,1,Potential_Novel_Family
10300,0,1,1,Known_Family_Only
10301,1,0,1,Potential_Novel_Family
10302,0,1,1,Known_Family_Only
10281,0,1,1,Known_Family_Only
10282,1,0,1,Potential_Novel_Family
10283,1,0,1,Potential_Novel_Family
10284,0,1,1,Known_Family_Only
10287,1,0,1,Potential_Novel_Family
10288,0,1,1,Known_Family_Only
10289,0,1,1,Known_Family_Only
10290,0,1,1,Known_Family_Only
10270,1,0,1,Potential_Novel_Family
10272,1,0,1,Potential_Novel_Family
10273,1,0,1,Potential_Novel_Family
10274,1,0,1,Potential_Novel_Family
10276,1,0,1,Potential_Novel_Family
10277,0,1,1,Known_Family_Only
10279,0,1,1,Known_Family_Only
10280,1,0,1,Potential_Novel_Family
10321,1,0,1,Potential_Novel_Family
10322,1,0,1,Potential_Novel_Family
10324,0,1,1,Known_Family_Only
10325,0,1,1,Known_Family_Only
10326,1,0,1,Potential_Novel_Family
10327,0,1,1,Known_Family_Only
10328,1,0,1,Potential_Novel_Family
10329,0,1,1,Known_Family_Only
1860,0,1,1,Known_Family_Only
1861,0,1,1,Known_Family_Only
1862,1,0,1,Potential_Novel_Family
1863,0,1,1,Known_Family_Only
1865,1,0,1,Potential_Novel_Family
10317,1,0,1,Potential_Novel_Family
10318,1,0,1,Potential_Novel_Family
10320,0,1,1,Known_Family_Only
1846,0,1,1,Known_Family_Only
1847,0,1,1,Known_Family_Only
1849,1,0,1,Potential_Novel_Family
1851,1,0,1,Potential_Novel_Family
1853,1,0,1,Potential_Novel_Family
1854,1,0,1,Potential_Novel_Family
1855,1,0,1,Potential_Novel_Family
1858,0,1,1,Known_Family_Only
10315,1,0,1,Potential_Novel_Family
10316,0,1,1,Known_Family_Only
1839,0,1,1,Known_Family_Only
1841,1,0,1,Potential_Novel_Family
1842,1,0,1,Potential_Novel_Family
1843,1,0,1,Potential_Novel_Family
1844,0,1,1,Known_Family_Only
1845,1,0,1,Potential_Novel_Family
10365,1,0,1,Potential_Novel_Family
10366,1,0,1,Potential_Novel_Family
10367,0,1,1,Known_Family_Only
10368,0,1,1,Known_Family_Only
10370,1,0,1,Potential_Novel_Family
10372,1,0,1,Potential_Novel_Family
10373,1,0,1,Potential_Novel_Family
10374,1,0,1,Potential_Novel_Family
10355,0,1,1,Known_Family_Only
10356,1,0,1,Potential_Novel_Family
10357,0,1,1,Known_Family_Only
10358,0,1,1,Known_Family_Only
10359,0,1,1,Known_Family_Only
10361,1,0,1,Potential_Novel_Family
10363,1,0,1,Potential_Novel_Family
10364,1,0,1,Potential_Novel_Family
10343,1,0,1,Potential_Novel_Family
10344,0,1,1,Known_Family_Only
10345,1,0,1,Potential_Novel_Family
10346,1,0,1,Potential_Novel_Family
10349,0,1,1,Known_Family_Only
10351,1,0,1,Potential_Novel_Family
10353,1,0,1,Potential_Novel_Family
10354,1,0,1,Potential_Novel_Family
10330,1,0,1,Potential_Novel_Family
10332,1,0,1,Potential_Novel_Family
10333,1,0,1,Potential_Novel_Family
10335,0,1,1,Known_Family_Only
10337,1,0,1,Potential_Novel_Family
10339,1,0,1,Potential_Novel_Family
10341,1,0,1,Potential_Novel_Family
10342,0,1,1,Known_Family_Only
10404,1,0,1,Potential_Novel_Family
10405,0,1,1,Known_Family_Only
10406,1,0,1,Potential_Novel_Family
10407,0,1,1,Known_Family_Only
10409,1,0,1,Potential_Novel_Family
10410,1,0,1,Potential_Novel_Family
10412,1,0,1,Potential_Novel_Family
1805,1,0,1,Potential_Novel_Family
10395,1,0,1,Potential_Novel_Family
10396,0,1,1,Known_Family_Only
10397,0,1,1,Known_Family_Only
10398,1,0,1,Potential_Novel_Family
10399,0,1,1,Known_Family_Only
10400,1,0,1,Potential_Novel_Family
10401,1,0,1,Potential_Novel_Family
10403,1,0,1,Potential_Novel_Family
10385,1,0,1,Potential_Novel_Family
10387,1,0,1,Potential_Novel_Family
10388,0,1,1,Known_Family_Only
10389,1,0,1,Potential_Novel_Family
10390,1,0,1,Potential_Novel_Family
10391,1,0,1,Potential_Novel_Family
10392,1,0,1,Potential_Novel_Family
10393,1,0,1,Potential_Novel_Family
10375,1,0,1,Potential_Novel_Family
10378,1,0,1,Potential_Novel_Family
10379,1,0,1,Potential_Novel_Family
10380,0,1,1,Known_Family_Only
10381,0,1,1,Known_Family_Only
10382,1,0,1,Potential_Novel_Family
10383,1,0,1,Potential_Novel_Family
10384,1,0,1,Potential_Novel_Family
10423,1,0,1,Potential_Novel_Family
10425,0,1,1,Known_Family_Only
10426,0,1,1,Known_Family_Only
10427,0,1,1,Known_Family_Only
10428,1,0,1,Potential_Novel_Family
10429,0,1,1,Known_Family_Only
10430,1,0,1,Potential_Novel_Family
10432,1,0,1,Potential_Novel_Family
1832,0,1,1,Known_Family_Only
1833,1,0,1,Potential_Novel_Family
1836,1,0,1,Potential_Novel_Family
10413,1,0,1,Potential_Novel_Family
10415,1,0,1,Potential_Novel_Family
10417,1,0,1,Potential_Novel_Family
10419,1,0,1,Potential_Novel_Family
10421,0,1,1,Known_Family_Only
1816,1,0,1,Potential_Novel_Family
1820,1,0,1,Potential_Novel_Family
1821,0,1,1,Known_Family_Only
1823,1,0,1,Potential_Novel_Family
1826,0,1,1,Known_Family_Only
1827,1,0,1,Potential_Novel_Family
1828,1,0,1,Potential_Novel_Family
1830,0,1,1,Known_Family_Only
1806,0,1,1,Known_Family_Only
1807,0,1,1,Known_Family_Only
1808,0,1,1,Known_Family_Only
1811,1,0,1,Potential_Novel_Family
1812,1,0,1,Potential_Novel_Family
1813,1,0,1,Potential_Novel_Family
1814,1,0,1,Potential_Novel_Family
1815,0,1,1,Known_Family_Only
10465,1,0,1,Potential_Novel_Family
10466,1,0,1,Potential_Novel_Family
10467,1,0,1,Potential_Novel_Family
10468,1,0,1,Potential_Novel_Family
10470,0,1,1,Known_Family_Only
10471,1,0,1,Potential_Novel_Family
10472,1,0,1,Potential_Novel_Family
10473,0,1,1,Known_Family_Only
10455,1,0,1,Potential_Novel_Family
10456,1,0,1,Potential_Novel_Family
10457,1,0,1,Potential_Novel_Family
10458,0,1,1,Known_Family_Only
10459,0,1,1,Known_Family_Only
10460,1,0,1,Potential_Novel_Family
10462,1,0,1,Potential_Novel_Family
10464,1,0,1,Potential_Novel_Family
10443,1,0,1,Potential_Novel_Family
10444,0,1,1,Known_Family_Only
10445,0,1,1,Known_Family_Only
10447,1,0,1,Potential_Novel_Family
10450,1,0,1,Potential_Novel_Family
10451,0,1,1,Known_Family_Only
10452,0,1,1,Known_Family_Only
10453,1,0,1,Potential_Novel_Family
10433,0,1,1,Known_Family_Only
10434,1,0,1,Potential_Novel_Family
10435,1,0,1,Potential_Novel_Family
10436,1,0,1,Potential_Novel_Family
10437,1,0,1,Potential_Novel_Family
10438,1,0,1,Potential_Novel_Family
10439,1,0,1,Potential_Novel_Family
10440,1,0,1,Potential_Novel_Family
10485,0,1,1,Known_Family_Only
10486,0,1,1,Known_Family_Only
10487,1,0,1,Potential_Novel_Family
10488,1,0,1,Potential_Novel_Family
10489,1,0,1,Potential_Novel_Family
10490,1,0,1,Potential_Novel_Family
10492,1,0,1,Potential_Novel_Family
10493,0,1,1,Known_Family_Only
1800,0,1,1,Known_Family_Only
1801,0,1,1,Known_Family_Only
10477,1,0,1,Potential_Novel_Family
10478,1,0,1,Potential_Novel_Family
10481,1,0,1,Potential_Novel_Family
10482,1,0,1,Potential_Novel_Family
10483,0,1,1,Known_Family_Only
10484,1,0,1,Potential_Novel_Family
1783,1,0,1,Potential_Novel_Family
1784,0,1,1,Known_Family_Only
1788,1,0,1,Potential_Novel_Family
1791,1,0,1,Potential_Novel_Family
1793,1,0,1,Potential_Novel_Family
1794,1,0,1,Potential_Novel_Family
1795,1,0,1,Potential_Novel_Family
1798,0,1,1,Known_Family_Only
10474,1,0,1,Potential_Novel_Family
10475,1,0,1,Potential_Novel_Family
10476,0,1,1,Known_Family_Only
1774,1,0,1,Potential_Novel_Family
1775,1,0,1,Potential_Novel_Family
1776,1,0,1,Potential_Novel_Family
1777,1,0,1,Potential_Novel_Family
1781,1,0,1,Potential_Novel_Family
10530,1,0,1,Potential_Novel_Family
10531,1,0,1,Potential_Novel_Family
10532,1,0,1,Potential_Novel_Family
10534,1,0,1,Potential_Novel_Family
10536,1,0,1,Potential_Novel_Family
10537,1,0,1,Potential_Novel_Family
10538,1,0,1,Potential_Novel_Family
10539,0,1,1,Known_Family_Only
10521,0,1,1,Known_Family_Only
10522,1,0,1,Potential_Novel_Family
10523,1,0,1,Potential_Novel_Family
10525,0,1,1,Known_Family_Only
10526,1,0,1,Potential_Novel_Family
10527,1,0,1,Potential_Novel_Family
10528,0,1,1,Known_Family_Only
10529,1,0,1,Potential_Novel_Family
10505,0,1,1,Known_Family_Only
10507,1,0,1,Potential_Novel_Family
10509,1,0,1,Potential_Novel_Family
10511,0,1,1,Known_Family_Only
10513,0,1,1,Known_Family_Only
10514,1,0,1,Potential_Novel_Family
10515,1,0,1,Potential_Novel_Family
10516,1,0,1,Potential_Novel_Family
10494,1,0,1,Potential_Novel_Family
10495,0,1,1,Known_Family_Only
10498,0,1,1,Known_Family_Only
10499,1,0,1,Potential_Novel_Family
10500,1,0,1,Potential_Novel_Family
10502,0,1,1,Known_Family_Only
10503,1,0,1,Potential_Novel_Family
10504,1,0,1,Potential_Novel_Family
10542,1,0,1,Potential_Novel_Family
10543,0,1,1,Known_Family_Only
10544,0,1,1,Known_Family_Only
10545,0,1,1,Known_Family_Only
10546,0,1,1,Known_Family_Only
10547,1,0,1,Potential_Novel_Family
10548,1,0,1,Potential_Novel_Family
10550,1,0,1,Potential_Novel_Family
1762,1,0,1,Potential_Novel_Family
1763,1,0,1,Potential_Novel_Family
1764,0,1,1,Known_Family_Only
1765,1,0,1,Potential_Novel_Family
1768,1,0,1,Potential_Novel_Family
1769,1,0,1,Potential_Novel_Family
1770,0,1,1,Known_Family_Only
1771,0,1,1,Known_Family_Only
1750,0,1,1,Known_Family_Only
1752,1,0,1,Potential_Novel_Family
1755,1,0,1,Potential_Novel_Family
1756,0,1,1,Known_Family_Only
1757,1,0,1,Potential_Novel_Family
1759,0,1,1,Known_Family_Only
1760,0,1,1,Known_Family_Only
1761,1,0,1,Potential_Novel_Family
10540,0,1,1,Known_Family_Only
1741,0,1,1,Known_Family_Only
1742,1,0,1,Potential_Novel_Family
1743,1,0,1,Potential_Novel_Family
1745,1,0,1,Potential_Novel_Family
1746,1,0,1,Potential_Novel_Family
1748,1,0,1,Potential_Novel_Family
1749,1,0,1,Potential_Novel_Family
10588,0,1,1,Known_Family_Only
10589,0,1,1,Known_Family_Only
10590,1,0,1,Potential_Novel_Family
10591,1,0,1,Potential_Novel_Family
10592,0,1,1,Known_Family_Only
10594,0,1,1,Known_Family_Only
10595,1,0,1,Potential_Novel_Family
10597,1,0,1,Potential_Novel_Family
10578,1,0,1,Potential_Novel_Family
10579,1,0,1,Potential_Novel_Family
10580,1,0,1,Potential_Novel_Family
10582,1,0,1,Potential_Novel_Family
10583,0,1,1,Known_Family_Only
10584,0,1,1,Known_Family_Only
10585,1,0,1,Potential_Novel_Family
10586,0,1,1,Known_Family_Only
10562,0,1,1,Known_Family_Only
10563,0,1,1,Known_Family_Only
10565,1,0,1,Potential_Novel_Family
10567,0,1,1,Known_Family_Only
10570,1,0,1,Potential_Novel_Family
10571,0,1,1,Known_Family_Only
10572,1,0,1,Potential_Novel_Family
10573,1,0,1,Potential_Novel_Family
10552,1,0,1,Potential_Novel_Family
10553,1,0,1,Potential_Novel_Family
10554,1,0,1,Potential_Novel_Family
10555,1,0,1,Potential_Novel_Family
10556,1,0,1,Potential_Novel_Family
10557,0,1,1,Known_Family_Only
10558,1,0,1,Potential_Novel_Family
10560,1,0,1,Potential_Novel_Family
10628,0,1,1,Known_Family_Only
10629,0,1,1,Known_Family_Only
10632,1,0,1,Potential_Novel_Family
10633,1,0,1,Potential_Novel_Family
10636,1,0,1,Potential_Novel_Family
1709,1,0,1,Potential_Novel_Family
1712,1,0,1,Potential_Novel_Family
1713,1,0,1,Potential_Novel_Family
10618,1,0,1,Potential_Novel_Family
10619,1,0,1,Potential_Novel_Family
10620,1,0,1,Potential_Novel_Family
10621,1,0,1,Potential_Novel_Family
10622,1,0,1,Potential_Novel_Family
10623,0,1,1,Known_Family_Only
10625,1,0,1,Potential_Novel_Family
10626,0,1,1,Known_Family_Only
10607,0,1,1,Known_Family_Only
10608,0,1,1,Known_Family_Only
10610,0,1,1,Known_Family_Only
10611,1,0,1,Potential_Novel_Family
10612,1,0,1,Potential_Novel_Family
10613,0,1,1,Known_Family_Only
10614,1,0,1,Potential_Novel_Family
10615,1,0,1,Potential_Novel_Family
10598,1,0,1,Potential_Novel_Family
10599,1,0,1,Potential_Novel_Family
10600,0,1,1,Known_Family_Only
10601,1,0,1,Potential_Novel_Family
10602,1,0,1,Potential_Novel_Family
10603,0,1,1,Known_Family_Only
10604,0,1,1,Known_Family_Only
10606,1,0,1,Potential_Novel_Family
10642,0,1,1,Known_Family_Only
10643,0,1,1,Known_Family_Only
10644,0,1,1,Known_Family_Only
10645,1,0,1,Potential_Novel_Family
10646,1,0,1,Potential_Novel_Family
10648,0,1,1,Known_Family_Only
10650,0,1,1,Known_Family_Only
10651,1,0,1,Potential_Novel_Family
1736,1,0,1,Potential_Novel_Family
1738,1,0,1,Potential_Novel_Family
1739,1,0,1,Potential_Novel_Family
1740,1,0,1,Potential_Novel_Family
10637,1,0,1,Potential_Novel_Family
10639,1,0,1,Potential_Novel_Family
10640,1,0,1,Potential_Novel_Family
10641,1,0,1,Potential_Novel_Family
1726,1,0,1,Potential_Novel_Family
1727,1,0,1,Potential_Novel_Family
1728,1,0,1,Potential_Novel_Family
1729,1,0,1,Potential_Novel_Family
1730,1,0,1,Potential_Novel_Family
1731,0,1,1,Known_Family_Only
1734,0,1,1,Known_Family_Only
1735,0,1,1,Known_Family_Only
1714,0,1,1,Known_Family_Only
1715,0,1,1,Known_Family_Only
1716,0,1,1,Known_Family_Only
1718,0,1,1,Known_Family_Only
1720,0,1,1,Known_Family_Only
1721,1,0,1,Potential_Novel_Family
1722,1,0,1,Potential_Novel_Family
1725,1,0,1,Potential_Novel_Family
10688,1,0,1,Potential_Novel_Family
10689,1,0,1,Potential_Novel_Family
10690,0,1,1,Known_Family_Only
10692,0,1,1,Known_Family_Only
10693,1,0,1,Potential_Novel_Family
10694,0,1,1,Known_Family_Only
10695,0,1,1,Known_Family_Only
10696,1,0,1,Potential_Novel_Family
10677,0,1,1,Known_Family_Only
10678,1,0,1,Potential_Novel_Family
10679,0,1,1,Known_Family_Only
10681,1,0,1,Potential_Novel_Family
10683,0,1,1,Known_Family_Only
10684,1,0,1,Potential_Novel_Family
10686,1,0,1,Potential_Novel_Family
10687,1,0,1,Potential_Novel_Family
10668,1,0,1,Potential_Novel_Family
10669,0,1,1,Known_Family_Only
10670,0,1,1,Known_Family_Only
10671,0,1,1,Known_Family_Only
10672,1,0,1,Potential_Novel_Family
10673,0,1,1,Known_Family_Only
10675,1,0,1,Potential_Novel_Family
10676,1,0,1,Potential_Novel_Family
10652,0,1,1,Known_Family_Only
10654,1,0,1,Potential_Novel_Family
10656,1,0,1,Potential_Novel_Family
10658,0,1,1,Known_Family_Only
10659,1,0,1,Potential_Novel_Family
10660,1,0,1,Potential_Novel_Family
10666,0,1,1,Known_Family_Only
10667,1,0,1,Potential_Novel_Family
10707,1,0,1,Potential_Novel_Family
10708,1,0,1,Potential_Novel_Family
10709,1,0,1,Potential_Novel_Family
10710,1,0,1,Potential_Novel_Family
10711,0,1,1,Known_Family_Only
10713,1,0,1,Potential_Novel_Family
10714,0,1,1,Known_Family_Only
10716,1,0,1,Potential_Novel_Family
1700,1,0,1,Potential_Novel_Family
1701,1,0,1,Potential_Novel_Family
1708,1,0,1,Potential_Novel_Family
10701,0,1,1,Known_Family_Only
10702,1,0,1,Potential_Novel_Family
10703,1,0,1,Potential_Novel_Family
10705,1,0,1,Potential_Novel_Family
10706,0,1,1,Known_Family_Only
1683,1,0,1,Potential_Novel_Family
1685,1,0,1,Potential_Novel_Family
1686,1,0,1,Potential_Novel_Family
1688,0,1,1,Known_Family_Only
1689,0,1,1,Known_Family_Only
1691,0,1,1,Known_Family_Only
1695,1,0,1,Potential_Novel_Family
1697,1,0,1,Potential_Novel_Family
10697,1,0,1,Potential_Novel_Family
10698,1,0,1,Potential_Novel_Family
10699,1,0,1,Potential_Novel_Family
10700,0,1,1,Known_Family_Only
1678,1,0,1,Potential_Novel_Family
1679,1,0,1,Potential_Novel_Family
1680,1,0,1,Potential_Novel_Family
1681,0,1,1,Known_Family_Only
10750,0,1,1,Known_Family_Only
10751,1,0,1,Potential_Novel_Family
10752,0,1,1,Known_Family_Only
10753,1,0,1,Potential_Novel_Family
10754,0,1,1,Known_Family_Only
10755,1,0,1,Potential_Novel_Family
10757,1,0,1,Potential_Novel_Family
10758,1,0,1,Potential_Novel_Family
10736,1,0,1,Potential_Novel_Family
10739,1,0,1,Potential_Novel_Family
10740,1,0,1,Potential_Novel_Family
10743,1,0,1,Potential_Novel_Family
10744,0,1,1,Known_Family_Only
10745,1,0,1,Potential_Novel_Family
10746,0,1,1,Known_Family_Only
10749,0,1,1,Known_Family_Only
10728,1,0,1,Potential_Novel_Family
10729,1,0,1,Potential_Novel_Family
10730,0,1,1,Known_Family_Only
10731,0,1,1,Known_Family_Only
10732,1,0,1,Potential_Novel_Family
10733,0,1,1,Known_Family_Only
10734,0,1,1,Known_Family_Only
10735,1,0,1,Potential_Novel_Family
10717,0,1,1,Known_Family_Only
10718,0,1,1,Known_Family_Only
10720,0,1,1,Known_Family_Only
10721,1,0,1,Potential_Novel_Family
10722,1,0,1,Potential_Novel_Family
10724,1,0,1,Potential_Novel_Family
10726,0,1,1,Known_Family_Only
10727,1,0,1,Potential_Novel_Family
10788,0,1,1,Known_Family_Only
10789,1,0,1,Potential_Novel_Family
10790,0,1,1,Known_Family_Only
10791,1,0,1,Potential_Novel_Family
10792,1,0,1,Potential_Novel_Family
10794,0,1,1,Known_Family_Only
10795,1,0,1,Potential_Novel_Family
10796,1,0,1,Potential_Novel_Family
10780,1,0,1,Potential_Novel_Family
10781,0,1,1,Known_Family_Only
10782,1,0,1,Potential_Novel_Family
10783,1,0,1,Potential_Novel_Family
10784,0,1,1,Known_Family_Only
10785,0,1,1,Known_Family_Only
10786,1,0,1,Potential_Novel_Family
10787,1,0,1,Potential_Novel_Family
10770,1,0,1,Potential_Novel_Family
10771,1,0,1,Potential_Novel_Family
10772,0,1,1,Known_Family_Only
10775,1,0,1,Potential_Novel_Family
10776,1,0,1,Potential_Novel_Family
10777,1,0,1,Potential_Novel_Family
10778,1,0,1,Potential_Novel_Family
10779,1,0,1,Potential_Novel_Family
10759,0,1,1,Known_Family_Only
10760,0,1,1,Known_Family_Only
10762,0,1,1,Known_Family_Only
10763,1,0,1,Potential_Novel_Family
10766,1,0,1,Potential_Novel_Family
10767,0,1,1,Known_Family_Only
10768,0,1,1,Known_Family_Only
10769,1,0,1,Potential_Novel_Family
10803,1,0,1,Potential_Novel_Family
10804,1,0,1,Potential_Novel_Family
10805,1,0,1,Potential_Novel_Family
10806,0,1,1,Known_Family_Only
10807,0,1,1,Known_Family_Only
10808,1,0,1,Potential_Novel_Family
10809,1,0,1,Potential_Novel_Family
10811,1,0,1,Potential_Novel_Family
1672,0,1,1,Known_Family_Only
1675,1,0,1,Potential_Novel_Family
1676,1,0,1,Potential_Novel_Family
10797,1,0,1,Potential_Novel_Family
10798,1,0,1,Potential_Novel_Family
10799,1,0,1,Potential_Novel_Family
10800,1,0,1,Potential_Novel_Family
10801,0,1,1,Known_Family_Only
1658,1,0,1,Potential_Novel_Family
1659,1,0,1,Potential_Novel_Family
1660,0,1,1,Known_Family_Only
1661,1,0,1,Potential_Novel_Family
1664,1,0,1,Potential_Novel_Family
1666,0,1,1,Known_Family_Only
1668,1,0,1,Potential_Novel_Family
1669,1,0,1,Potential_Novel_Family
1645,1,0,1,Potential_Novel_Family
1647,0,1,1,Known_Family_Only
1650,1,0,1,Potential_Novel_Family
1652,1,0,1,Potential_Novel_Family
1653,1,0,1,Potential_Novel_Family
1655,1,0,1,Potential_Novel_Family
1656,0,1,1,Known_Family_Only
1657,1,0,1,Potential_Novel_Family
10848,1,0,1,Potential_Novel_Family
10851,0,1,1,Known_Family_Only
10852,0,1,1,Known_Family_Only
10853,1,0,1,Potential_Novel_Family
10854,1,0,1,Potential_Novel_Family
10855,1,0,1,Potential_Novel_Family
10856,1,0,1,Potential_Novel_Family
10857,0,1,1,Known_Family_Only
10835,1,0,1,Potential_Novel_Family
10836,0,1,1,Known_Family_Only
10837,1,0,1,Potential_Novel_Family
10839,1,0,1,Potential_Novel_Family
10843,1,0,1,Potential_Novel_Family
10845,1,0,1,Potential_Novel_Family
10846,0,1,1,Known_Family_Only
10847,1,0,1,Potential_Novel_Family
10822,1,0,1,Potential_Novel_Family
10824,0,1,1,Known_Family_Only
10825,1,0,1,Potential_Novel_Family
10826,0,1,1,Known_Family_Only
10828,0,1,1,Known_Family_Only
10829,1,0,1,Potential_Novel_Family
10830,0,1,1,Known_Family_Only
10833,1,0,1,Potential_Novel_Family
10812,0,1,1,Known_Family_Only
10813,1,0,1,Potential_Novel_Family
10814,0,1,1,Known_Family_Only
10815,0,1,1,Known_Family_Only
10816,1,0,1,Potential_Novel_Family
10817,1,0,1,Potential_Novel_Family
10819,1,0,1,Potential_Novel_Family
10820,0,1,1,Known_Family_Only
10890,1,0,1,Potential_Novel_Family
10891,1,0,1,Potential_Novel_Family
10892,1,0,1,Potential_Novel_Family
1614,1,0,1,Potential_Novel_Family
1615,1,0,1,Potential_Novel_Family
1616,0,1,1,Known_Family_Only
1617,1,0,1,Potential_Novel_Family
1618,1,0,1,Potential_Novel_Family
10878,1,0,1,Potential_Novel_Family
10879,1,0,1,Potential_Novel_Family
10881,0,1,1,Known_Family_Only
10882,1,0,1,Potential_Novel_Family
10883,1,0,1,Potential_Novel_Family
10884,1,0,1,Potential_Novel_Family
10885,1,0,1,Potential_Novel_Family
10886,1,0,1,Potential_Novel_Family
10869,0,1,1,Known_Family_Only
10870,0,1,1,Known_Family_Only
10871,1,0,1,Potential_Novel_Family
10872,1,0,1,Potential_Novel_Family
10873,1,0,1,Potential_Novel_Family
10874,0,1,1,Known_Family_Only
10875,1,0,1,Potential_Novel_Family
10877,1,0,1,Potential_Novel_Family
10858,0,1,1,Known_Family_Only
10859,1,0,1,Potential_Novel_Family
10860,0,1,1,Known_Family_Only
10861,1,0,1,Potential_Novel_Family
10863,1,0,1,Potential_Novel_Family
10865,0,1,1,Known_Family_Only
10866,0,1,1,Known_Family_Only
10867,0,1,1,Known_Family_Only
10902,0,1,1,Known_Family_Only
10903,0,1,1,Known_Family_Only
10905,1,0,1,Potential_Novel_Family
10906,0,1,1,Known_Family_Only
10907,0,1,1,Known_Family_Only
10908,0,1,1,Known_Family_Only
10909,1,0,1,Potential_Novel_Family
10910,1,0,1,Potential_Novel_Family
1644,0,1,1,Known_Family_Only
10894,1,0,1,Potential_Novel_Family
10895,1,0,1,Potential_Novel_Family
10896,1,0,1,Potential_Novel_Family
10897,1,0,1,Potential_Novel_Family
10899,0,1,1,Known_Family_Only
10900,0,1,1,Known_Family_Only
10901,0,1,1,Known_Family_Only
1632,0,1,1,Known_Family_Only
1635,0,1,1,Known_Family_Only
1636,1,0,1,Potential_Novel_Family
1637,1,0,1,Potential_Novel_Family
1638,0,1,1,Known_Family_Only
1640,1,0,1,Potential_Novel_Family
1641,0,1,1,Known_Family_Only
1642,0,1,1,Known_Family_Only
1619,0,1,1,Known_Family_Only
1620,0,1,1,Known_Family_Only
1621,1,0,1,Potential_Novel_Family
1622,0,1,1,Known_Family_Only
1626,1,0,1,Potential_Novel_Family
1627,1,0,1,Potential_Novel_Family
1628,1,0,1,Potential_Novel_Family
1630,1,0,1,Potential_Novel_Family
10941,1,0,1,Potential_Novel_Family
10942,1,0,1,Potential_Novel_Family
10943,0,1,1,Known_Family_Only
10945,0,1,1,Known_Family_Only
10946,0,1,1,Known_Family_Only
10947,1,0,1,Potential_Novel_Family
10948,0,1,1,Known_Family_Only
10949,0,1,1,Known_Family_Only
10932,1,0,1,Potential_Novel_Family
10933,0,1,1,Known_Family_Only
10934,1,0,1,Potential_Novel_Family
10935,1,0,1,Potential_Novel_Family
10936,0,1,1,Known_Family_Only
10938,0,1,1,Known_Family_Only
10939,1,0,1,Potential_Novel_Family
10940,1,0,1,Potential_Novel_Family
10921,1,0,1,Potential_Novel_Family
10922,0,1,1,Known_Family_Only
10923,1,0,1,Potential_Novel_Family
10924,1,0,1,Potential_Novel_Family
10925,0,1,1,Known_Family_Only
10927,1,0,1,Potential_Novel_Family
10929,0,1,1,Known_Family_Only
10931,1,0,1,Potential_Novel_Family
10912,0,1,1,Known_Family_Only
10913,1,0,1,Potential_Novel_Family
10914,1,0,1,Potential_Novel_Family
10915,1,0,1,Potential_Novel_Family
10916,0,1,1,Known_Family_Only
10917,1,0,1,Potential_Novel_Family
10918,1,0,1,Potential_Novel_Family
10920,0,1,1,Known_Family_Only
10961,1,0,1,Potential_Novel_Family
10962,0,1,1,Known_Family_Only
10963,1,0,1,Potential_Novel_Family
10964,1,0,1,Potential_Novel_Family
10965,1,0,1,Potential_Novel_Family
10967,0,1,1,Known_Family_Only
10968,0,1,1,Known_Family_Only
10970,0,1,1,Known_Family_Only
1608,1,0,1,Potential_Novel_Family
1609,1,0,1,Potential_Novel_Family
1610,0,1,1,Known_Family_Only
1611,1,0,1,Potential_Novel_Family
1612,0,1,1,Known_Family_Only
10957,1,0,1,Potential_Novel_Family
10959,0,1,1,Known_Family_Only
10960,1,0,1,Potential_Novel_Family
1587,1,0,1,Potential_Novel_Family
1590,0,1,1,Known_Family_Only
1591,1,0,1,Potential_Novel_Family
1594,1,0,1,Potential_Novel_Family
1595,1,0,1,Potential_Novel_Family
1597,0,1,1,Known_Family_Only
1601,0,1,1,Known_Family_Only
1604,1,0,1,Potential_Novel_Family
10951,1,0,1,Potential_Novel_Family
10953,1,0,1,Potential_Novel_Family
10954,1,0,1,Potential_Novel_Family
10955,1,0,1,Potential_Novel_Family
1581,1,0,1,Potential_Novel_Family
1582,1,0,1,Potential_Novel_Family
1585,1,0,1,Potential_Novel_Family
1586,1,0,1,Potential_Novel_Family
11001,1,0,1,Potential_Novel_Family
11002,0,1,1,Known_Family_Only
11003,1,0,1,Potential_Novel_Family
11004,1,0,1,Potential_Novel_Family
11005,1,0,1,Potential_Novel_Family
11006,1,0,1,Potential_Novel_Family
11007,1,0,1,Potential_Novel_Family
11008,1,0,1,Potential_Novel_Family
10992,1,0,1,Potential_Novel_Family
10993,1,0,1,Potential_Novel_Family
10994,0,1,1,Known_Family_Only
10995,1,0,1,Potential_Novel_Family
10996,1,0,1,Potential_Novel_Family
10997,1,0,1,Potential_Novel_Family
10998,1,0,1,Potential_Novel_Family
11000,0,1,1,Known_Family_Only
10983,1,0,1,Potential_Novel_Family
10984,0,1,1,Known_Family_Only
10985,1,0,1,Potential_Novel_Family
10987,0,1,1,Known_Family_Only
10988,0,1,1,Known_Family_Only
10989,1,0,1,Potential_Novel_Family
10990,1,0,1,Potential_Novel_Family
10991,1,0,1,Potential_Novel_Family
10971,0,1,1,Known_Family_Only
10973,1,0,1,Potential_Novel_Family
10974,1,0,1,Potential_Novel_Family
10975,1,0,1,Potential_Novel_Family
10976,1,0,1,Potential_Novel_Family
10977,1,0,1,Potential_Novel_Family
10981,1,0,1,Potential_Novel_Family
10982,0,1,1,Known_Family_Only
11039,1,0,1,Potential_Novel_Family
11040,1,0,1,Potential_Novel_Family
11041,1,0,1,Potential_Novel_Family
11042,1,0,1,Potential_Novel_Family
11043,1,0,1,Potential_Novel_Family
11046,1,0,1,Potential_Novel_Family
11047,1,0,1,Potential_Novel_Family
11048,1,0,1,Potential_Novel_Family
11030,0,1,1,Known_Family_Only
11032,1,0,1,Potential_Novel_Family
11033,0,1,1,Known_Family_Only
11034,0,1,1,Known_Family_Only
11035,0,1,1,Known_Family_Only
11036,1,0,1,Potential_Novel_Family
11037,0,1,1,Known_Family_Only
11038,0,1,1,Known_Family_Only
11018,0,1,1,Known_Family_Only
11019,1,0,1,Potential_Novel_Family
11020,1,0,1,Potential_Novel_Family
11023,1,0,1,Potential_Novel_Family
11024,1,0,1,Potential_Novel_Family
11025,0,1,1,Known_Family_Only
11027,1,0,1,Potential_Novel_Family
11028,1,0,1,Potential_Novel_Family
11009,0,1,1,Known_Family_Only
11011,0,1,1,Known_Family_Only
11012,0,1,1,Known_Family_Only
11013,0,1,1,Known_Family_Only
11014,0,1,1,Known_Family_Only
11015,1,0,1,Potential_Novel_Family
11016,0,1,1,Known_Family_Only
11017,1,0,1,Potential_Novel_Family
11076,1,0,1,Potential_Novel_Family
11077,1,0,1,Potential_Novel_Family
11078,1,0,1,Potential_Novel_Family
11079,0,1,1,Known_Family_Only
11080,0,1,1,Known_Family_Only
11081,0,1,1,Known_Family_Only
11083,1,0,1,Potential_Novel_Family
11084,0,1,1,Known_Family_Only
11067,1,0,1,Potential_Novel_Family
11068,1,0,1,Potential_Novel_Family
11069,1,0,1,Potential_Novel_Family
11070,1,0,1,Potential_Novel_Family
11071,1,0,1,Potential_Novel_Family
11072,1,0,1,Potential_Novel_Family
11073,1,0,1,Potential_Novel_Family
11074,0,1,1,Known_Family_Only
11059,0,1,1,Known_Family_Only
11060,0,1,1,Known_Family_Only
11061,0,1,1,Known_Family_Only
11062,0,1,1,Known_Family_Only
11063,1,0,1,Potential_Novel_Family
11064,0,1,1,Known_Family_Only
11065,0,1,1,Known_Family_Only
11066,0,1,1,Known_Family_Only
11049,1,0,1,Potential_Novel_Family
11050,1,0,1,Potential_Novel_Family
11051,0,1,1,Known_Family_Only
11053,1,0,1,Potential_Novel_Family
11054,1,0,1,Potential_Novel_Family
11055,1,0,1,Potential_Novel_Family
11057,0,1,1,Known_Family_Only
11058,1,0,1,Potential_Novel_Family
11115,1,0,1,Potential_Novel_Family
11116,1,0,1,Potential_Novel_Family
1549,0,1,1,Known_Family_Only
1550,1,0,1,Potential_Novel_Family
1552,0,1,1,Known_Family_Only
1553,0,1,1,Known_Family_Only
1554,1,0,1,Potential_Novel_Family
1556,0,1,1,Known_Family_Only
11104,0,1,1,Known_Family_Only
11105,1,0,1,Potential_Novel_Family
11106,0,1,1,Known_Family_Only
11108,0,1,1,Known_Family_Only
11110,0,1,1,Known_Family_Only
11111,1,0,1,Potential_Novel_Family
11113,1,0,1,Potential_Novel_Family
11114,0,1,1,Known_Family_Only
11094,0,1,1,Known_Family_Only
11096,1,0,1,Potential_Novel_Family
11097,1,0,1,Potential_Novel_Family
11098,1,0,1,Potential_Novel_Family
11099,0,1,1,Known_Family_Only
11100,1,0,1,Potential_Novel_Family
11101,0,1,1,Known_Family_Only
11103,1,0,1,Potential_Novel_Family
11085,0,1,1,Known_Family_Only
11086,1,0,1,Potential_Novel_Family
11087,1,0,1,Potential_Novel_Family
11088,1,0,1,Potential_Novel_Family
11090,1,0,1,Potential_Novel_Family
11091,1,0,1,Potential_Novel_Family
11092,1,0,1,Potential_Novel_Family
11093,1,0,1,Potential_Novel_Family
11128,1,0,1,Potential_Novel_Family
11130,1,0,1,Potential_Novel_Family
11132,1,0,1,Potential_Novel_Family
11133,0,1,1,Known_Family_Only
11134,1,0,1,Potential_Novel_Family
11135,1,0,1,Potential_Novel_Family
11136,1,0,1,Potential_Novel_Family
11138,1,0,1,Potential_Novel_Family
11117,1,0,1,Potential_Novel_Family
11119,1,0,1,Potential_Novel_Family
11120,0,1,1,Known_Family_Only
11122,0,1,1,Known_Family_Only
11123,1,0,1,Potential_Novel_Family
11125,1,0,1,Potential_Novel_Family
11126,1,0,1,Potential_Novel_Family
11127,0,1,1,Known_Family_Only
1569,0,1,1,Known_Family_Only
1571,1,0,1,Potential_Novel_Family
1573,1,0,1,Potential_Novel_Family
1574,1,0,1,Potential_Novel_Family
1575,1,0,1,Potential_Novel_Family
1576,0,1,1,Known_Family_Only
1578,0,1,1,Known_Family_Only
1579,1,0,1,Potential_Novel_Family
1558,1,0,1,Potential_Novel_Family
1559,1,0,1,Potential_Novel_Family
1560,1,0,1,Potential_Novel_Family
1562,1,0,1,Potential_Novel_Family
1563,1,0,1,Potential_Novel_Family
1564,0,1,1,Known_Family_Only
1567,0,1,1,Known_Family_Only
1568,1,0,1,Potential_Novel_Family
11166,1,0,1,Potential_Novel_Family
11167,1,0,1,Potential_Novel_Family
11168,0,1,1,Known_Family_Only
11169,1,0,1,Potential_Novel_Family
11170,1,0,1,Potential_Novel_Family
11171,1,0,1,Potential_Novel_Family
11174,1,0,1,Potential_Novel_Family
11175,0,1,1,Known_Family_Only
11156,0,1,1,Known_Family_Only
11157,1,0,1,Potential_Novel_Family
11158,1,0,1,Potential_Novel_Family
11159,0,1,1,Known_Family_Only
11160,0,1,1,Known_Family_Only
11161,1,0,1,Potential_Novel_Family
11164,1,0,1,Potential_Novel_Family
11165,0,1,1,Known_Family_Only
11147,1,0,1,Potential_Novel_Family
11148,0,1,1,Known_Family_Only
11149,1,0,1,Potential_Novel_Family
11151,0,1,1,Known_Family_Only
11152,0,1,1,Known_Family_Only
11153,0,1,1,Known_Family_Only
11154,1,0,1,Potential_Novel_Family
11155,1,0,1,Potential_Novel_Family
11139,1,0,1,Potential_Novel_Family
11140,1,0,1,Potential_Novel_Family
11141,1,0,1,Potential_Novel_Family
11142,1,0,1,Potential_Novel_Family
11143,0,1,1,Known_Family_Only
11144,1,0,1,Potential_Novel_Family
11145,1,0,1,Potential_Novel_Family
11146,1,0,1,Potential_Novel_Family
11208,1,0,1,Potential_Novel_Family
11209,1,0,1,Potential_Novel_Family
11210,1,0,1,Potential_Novel_Family
11212,1,0,1,Potential_Novel_Family
1517,0,1,1,Known_Family_Only
1518,0,1,1,Known_Family_Only
1519,1,0,1,Potential_Novel_Family
1520,1,0,1,Potential_Novel_Family
11199,1,0,1,Potential_Novel_Family
11200,1,0,1,Potential_Novel_Family
11201,1,0,1,Potential_Novel_Family
11202,1,0,1,Potential_Novel_Family
11204,0,1,1,Known_Family_Only
11205,1,0,1,Potential_Novel_Family
11206,1,0,1,Potential_Novel_Family
11207,0,1,1,Known_Family_Only
11187,1,0,1,Potential_Novel_Family
11188,1,0,1,Potential_Novel_Family
11190,1,0,1,Potential_Novel_Family
11193,1,0,1,Potential_Novel_Family
11194,0,1,1,Known_Family_Only
11195,1,0,1,Potential_Novel_Family
11197,1,0,1,Potential_Novel_Family
11198,0,1,1,Known_Family_Only
11177,0,1,1,Known_Family_Only
11178,1,0,1,Potential_Novel_Family
11180,1,0,1,Potential_Novel_Family
11181,1,0,1,Potential_Novel_Family
11183,1,0,1,Potential_Novel_Family
11184,0,1,1,Known_Family_Only
11185,0,1,1,Known_Family_Only
11186,0,1,1,Known_Family_Only
11223,1,0,1,Potential_Novel_Family
11224,0,1,1,Known_Family_Only
11225,1,0,1,Potential_Novel_Family
11226,1,0,1,Potential_Novel_Family
11228,1,0,1,Potential_Novel_Family
11229,0,1,1,Known_Family_Only
11230,1,0,1,Potential_Novel_Family
11231,1,0,1,Potential_Novel_Family
1548,0,1,1,Known_Family_Only
11213,1,0,1,Potential_Novel_Family
11214,1,0,1,Potential_Novel_Family
11215,1,0,1,Potential_Novel_Family
11216,0,1,1,Known_Family_Only
11217,0,1,1,Known_Family_Only
11218,0,1,1,Known_Family_Only
11222,1,0,1,Potential_Novel_Family
1536,1,0,1,Potential_Novel_Family
1537,0,1,1,Known_Family_Only
1538,0,1,1,Known_Family_Only
1541,1,0,1,Potential_Novel_Family
1542,1,0,1,Potential_Novel_Family
1544,1,0,1,Potential_Novel_Family
1546,1,0,1,Potential_Novel_Family
1547,0,1,1,Known_Family_Only
1524,0,1,1,Known_Family_Only
1526,1,0,1,Potential_Novel_Family
1528,1,0,1,Potential_Novel_Family
1531,1,0,1,Potential_Novel_Family
1532,1,0,1,Potential_Novel_Family
1533,0,1,1,Known_Family_Only
1534,1,0,1,Potential_Novel_Family
1535,1,0,1,Potential_Novel_Family
11266,1,0,1,Potential_Novel_Family
11267,1,0,1,Potential_Novel_Family
11269,1,0,1,Potential_Novel_Family
11270,0,1,1,Known_Family_Only
11271,1,0,1,Potential_Novel_Family
11272,1,0,1,Potential_Novel_Family
11273,1,0,1,Potential_Novel_Family
11274,1,0,1,Potential_Novel_Family
11258,0,1,1,Known_Family_Only
11259,1,0,1,Potential_Novel_Family
11260,1,0,1,Potential_Novel_Family
11261,0,1,1,Known_Family_Only
11262,0,1,1,Known_Family_Only
11263,1,0,1,Potential_Novel_Family
11264,1,0,1,Potential_Novel_Family
11265,1,0,1,Potential_Novel_Family
11248,1,0,1,Potential_Novel_Family
11249,0,1,1,Known_Family_Only
11250,1,0,1,Potential_Novel_Family
11253,1,0,1,Potential_Novel_Family
11254,0,1,1,Known_Family_Only
11255,1,0,1,Potential_Novel_Family
11256,0,1,1,Known_Family_Only
11257,1,0,1,Potential_Novel_Family
11232,1,0,1,Potential_Novel_Family
11235,1,0,1,Potential_Novel_Family
11237,0,1,1,Known_Family_Only
11238,1,0,1,Potential_Novel_Family
11240,1,0,1,Potential_Novel_Family
11243,1,0,1,Potential_Novel_Family
11244,0,1,1,Known_Family_Only
11245,1,0,1,Potential_Novel_Family
11285,0,1,1,Known_Family_Only
11286,1,0,1,Potential_Novel_Family
11287,0,1,1,Known_Family_Only
11292,1,0,1,Potential_Novel_Family
11293,1,0,1,Potential_Novel_Family
11294,0,1,1,Known_Family_Only
11295,1,0,1,Potential_Novel_Family
11296,1,0,1,Potential_Novel_Family
1515,0,1,1,Known_Family_Only
1516,1,0,1,Potential_Novel_Family
11277,1,0,1,Potential_Novel_Family
11278,1,0,1,Potential_Novel_Family
11279,1,0,1,Potential_Novel_Family
11280,1,0,1,Potential_Novel_Family
11283,0,1,1,Known_Family_Only
11284,1,0,1,Potential_Novel_Family
1497,0,1,1,Known_Family_Only
1498,0,1,1,Known_Family_Only
1499,1,0,1,Potential_Novel_Family
1502,1,0,1,Potential_Novel_Family
1505,0,1,1,Known_Family_Only
1508,0,1,1,Known_Family_Only
1510,1,0,1,Potential_Novel_Family
1514,0,1,1,Known_Family_Only
11275,1,0,1,Potential_Novel_Family
1486,1,0,1,Potential_Novel_Family
1487,1,0,1,Potential_Novel_Family
1488,1,0,1,Potential_Novel_Family
1491,1,0,1,Potential_Novel_Family
1492,0,1,1,Known_Family_Only
1493,1,0,1,Potential_Novel_Family
1495,0,1,1,Known_Family_Only
11330,1,0,1,Potential_Novel_Family
11331,1,0,1,Potential_Novel_Family
11333,1,0,1,Potential_Novel_Family
11334,1,0,1,Potential_Novel_Family
11335,1,0,1,Potential_Novel_Family
11336,0,1,1,Known_Family_Only
11337,1,0,1,Potential_Novel_Family
11338,0,1,1,Known_Family_Only
11320,1,0,1,Potential_Novel_Family
11322,0,1,1,Known_Family_Only
11324,1,0,1,Potential_Novel_Family
11325,1,0,1,Potential_Novel_Family
11326,1,0,1,Potential_Novel_Family
11327,1,0,1,Potential_Novel_Family
11328,1,0,1,Potential_Novel_Family
11329,0,1,1,Known_Family_Only
11308,1,0,1,Potential_Novel_Family
11311,1,0,1,Potential_Novel_Family
11312,0,1,1,Known_Family_Only
11313,1,0,1,Potential_Novel_Family
11315,1,0,1,Potential_Novel_Family
11317,0,1,1,Known_Family_Only
11318,0,1,1,Known_Family_Only
11319,0,1,1,Known_Family_Only
11297,1,0,1,Potential_Novel_Family
11298,1,0,1,Potential_Novel_Family
11300,1,0,1,Potential_Novel_Family
11302,1,0,1,Potential_Novel_Family
11304,0,1,1,Known_Family_Only
11305,0,1,1,Known_Family_Only
11306,0,1,1,Known_Family_Only
11307,1,0,1,Potential_Novel_Family
11350,1,0,1,Potential_Novel_Family
11352,0,1,1,Known_Family_Only
11353,0,1,1,Known_Family_Only
11354,1,0,1,Potential_Novel_Family
11355,0,1,1,Known_Family_Only
11356,1,0,1,Potential_Novel_Family
11357,1,0,1,Potential_Novel_Family
11359,1,0,1,Potential_Novel_Family
1484,1,0,1,Potential_Novel_Family
11341,0,1,1,Known_Family_Only
11343,0,1,1,Known_Family_Only
11345,0,1,1,Known_Family_Only
11346,1,0,1,Potential_Novel_Family
11347,1,0,1,Potential_Novel_Family
11348,0,1,1,Known_Family_Only
11349,1,0,1,Potential_Novel_Family
1466,1,0,1,Potential_Novel_Family
1469,1,0,1,Potential_Novel_Family
1470,1,0,1,Potential_Novel_Family
1472,1,0,1,Potential_Novel_Family
1474,1,0,1,Potential_Novel_Family
1475,0,1,1,Known_Family_Only
1480,1,0,1,Potential_Novel_Family
1482,0,1,1,Known_Family_Only
11340,0,1,1,Known_Family_Only
1456,1,0,1,Potential_Novel_Family
1458,1,0,1,Potential_Novel_Family
1459,0,1,1,Known_Family_Only
1460,1,0,1,Potential_Novel_Family
1461,0,1,1,Known_Family_Only
1462,0,1,1,Known_Family_Only
1463,0,1,1,Known_Family_Only
11393,0,1,1,Known_Family_Only
11394,1,0,1,Potential_Novel_Family
11395,1,0,1,Potential_Novel_Family
11396,1,0,1,Potential_Novel_Family
11398,0,1,1,Known_Family_Only
11399,0,1,1,Known_Family_Only
11401,0,1,1,Known_Family_Only
11402,1,0,1,Potential_Novel_Family
11381,1,0,1,Potential_Novel_Family
11382,0,1,1,Known_Family_Only
11383,0,1,1,Known_Family_Only
11385,0,1,1,Known_Family_Only
11387,0,1,1,Known_Family_Only
11389,1,0,1,Potential_Novel_Family
11390,1,0,1,Potential_Novel_Family
11391,1,0,1,Potential_Novel_Family
11370,0,1,1,Known_Family_Only
11371,1,0,1,Potential_Novel_Family
11373,1,0,1,Potential_Novel_Family
11376,1,0,1,Potential_Novel_Family
11377,0,1,1,Known_Family_Only
11378,1,0,1,Potential_Novel_Family
11379,1,0,1,Potential_Novel_Family
11380,1,0,1,Potential_Novel_Family
11360,1,0,1,Potential_Novel_Family
11361,1,0,1,Potential_Novel_Family
11363,1,0,1,Potential_Novel_Family
11365,1,0,1,Potential_Novel_Family
11366,0,1,1,Known_Family_Only
11367,1,0,1,Potential_Novel_Family
11368,0,1,1,Known_Family_Only
11369,1,0,1,Potential_Novel_Family
11411,0,1,1,Known_Family_Only
11412,1,0,1,Potential_Novel_Family
11413,1,0,1,Potential_Novel_Family
11416,1,0,1,Potential_Novel_Family
11417,1,0,1,Potential_Novel_Family
11418,1,0,1,Potential_Novel_Family
11419,1,0,1,Potential_Novel_Family
11420,1,0,1,Potential_Novel_Family
1448,0,1,1,Known_Family_Only
1451,1,0,1,Potential_Novel_Family
1452,1,0,1,Potential_Novel_Family
11405,0,1,1,Known_Family_Only
11406,1,0,1,Potential_Novel_Family
11408,0,1,1,Known_Family_Only
11409,0,1,1,Known_Family_Only
11410,1,0,1,Potential_Novel_Family
1432,1,0,1,Potential_Novel_Family
1434,1,0,1,Potential_Novel_Family
1439,1,0,1,Potential_Novel_Family
1442,1,0,1,Potential_Novel_Family
1443,1,0,1,Potential_Novel_Family
1445,1,0,1,Potential_Novel_Family
1446,1,0,1,Potential_Novel_Family
1447,1,0,1,Potential_Novel_Family
11403,1,0,1,Potential_Novel_Family
11404,1,0,1,Potential_Novel_Family
1423,1,0,1,Potential_Novel_Family
1424,0,1,1,Known_Family_Only
1425,0,1,1,Known_Family_Only
1426,0,1,1,Known_Family_Only
1430,0,1,1,Known_Family_Only
1431,1,0,1,Potential_Novel_Family
11452,1,0,1,Potential_Novel_Family
11455,1,0,1,Potential_Novel_Family
11456,0,1,1,Known_Family_Only
11457,1,0,1,Potential_Novel_Family
11458,0,1,1,Known_Family_Only
11460,0,1,1,Known_Family_Only
11461,0,1,1,Known_Family_Only
11462,1,0,1,Potential_Novel_Family
11442,1,0,1,Potential_Novel_Family
11443,1,0,1,Potential_Novel_Family
11444,1,0,1,Potential_Novel_Family
11445,1,0,1,Potential_Novel_Family
11446,1,0,1,Potential_Novel_Family
11447,1,0,1,Potential_Novel_Family
11448,1,0,1,Potential_Novel_Family
11449,1,0,1,Potential_Novel_Family
11431,0,1,1,Known_Family_Only
11433,1,0,1,Potential_Novel_Family
11436,0,1,1,Known_Family_Only
11437,0,1,1,Known_Family_Only
11438,1,0,1,Potential_Novel_Family
11439,1,0,1,Potential_Novel_Family
11440,1,0,1,Potential_Novel_Family
11441,0,1,1,Known_Family_Only
11421,0,1,1,Known_Family_Only
11422,1,0,1,Potential_Novel_Family
11423,1,0,1,Potential_Novel_Family
11424,1,0,1,Potential_Novel_Family
11427,1,0,1,Potential_Novel_Family
11428,1,0,1,Potential_Novel_Family
11429,1,0,1,Potential_Novel_Family
11430,0,1,1,Known_Family_Only
11493,0,1,1,Known_Family_Only
11496,1,0,1,Potential_Novel_Family
11497,1,0,1,Potential_Novel_Family
11498,0,1,1,Known_Family_Only
11499,1,0,1,Potential_Novel_Family
11500,0,1,1,Known_Family_Only
11501,1,0,1,Potential_Novel_Family
11502,1,0,1,Potential_Novel_Family
11485,1,0,1,Potential_Novel_Family
11486,0,1,1,Known_Family_Only
11487,0,1,1,Known_Family_Only
11488,0,1,1,Known_Family_Only
11489,1,0,1,Potential_Novel_Family
11490,1,0,1,Potential_Novel_Family
11491,1,0,1,Potential_Novel_Family
11492,1,0,1,Potential_Novel_Family
11472,1,0,1,Potential_Novel_Family
11473,1,0,1,Potential_Novel_Family
11474,1,0,1,Potential_Novel_Family
11475,1,0,1,Potential_Novel_Family
11478,1,0,1,Potential_Novel_Family
11479,0,1,1,Known_Family_Only
11482,1,0,1,Potential_Novel_Family
11484,1,0,1,Potential_Novel_Family
11463,0,1,1,Known_Family_Only
11464,0,1,1,Known_Family_Only
11465,0,1,1,Known_Family_Only
11466,1,0,1,Potential_Novel_Family
11467,0,1,1,Known_Family_Only
11468,1,0,1,Potential_Novel_Family
11469,1,0,1,Potential_Novel_Family
11471,1,0,1,Potential_Novel_Family
11531,0,1,1,Known_Family_Only
11532,1,0,1,Potential_Novel_Family
1389,1,0,1,Potential_Novel_Family
1390,0,1,1,Known_Family_Only
1392,0,1,1,Known_Family_Only
1393,0,1,1,Known_Family_Only
1394,0,1,1,Known_Family_Only
1395,1,0,1,Potential_Novel_Family
11522,1,0,1,Potential_Novel_Family
11523,1,0,1,Potential_Novel_Family
11525,1,0,1,Potential_Novel_Family
11526,1,0,1,Potential_Novel_Family
11527,0,1,1,Known_Family_Only
11528,0,1,1,Known_Family_Only
11529,0,1,1,Known_Family_Only
11530,0,1,1,Known_Family_Only
11513,1,0,1,Potential_Novel_Family
11514,0,1,1,Known_Family_Only
11515,1,0,1,Potential_Novel_Family
11516,1,0,1,Potential_Novel_Family
11518,0,1,1,Known_Family_Only
11519,1,0,1,Potential_Novel_Family
11520,1,0,1,Potential_Novel_Family
11521,1,0,1,Potential_Novel_Family
11503,1,0,1,Potential_Novel_Family
11504,0,1,1,Known_Family_Only
11505,0,1,1,Known_Family_Only
11506,1,0,1,Potential_Novel_Family
11507,0,1,1,Known_Family_Only
11509,0,1,1,Known_Family_Only
11511,0,1,1,Known_Family_Only
11512,0,1,1,Known_Family_Only
11541,0,1,1,Known_Family_Only
11543,0,1,1,Known_Family_Only
11544,0,1,1,Known_Family_Only
11545,1,0,1,Potential_Novel_Family
11546,0,1,1,Known_Family_Only
11548,1,0,1,Potential_Novel_Family
11549,1,0,1,Potential_Novel_Family
11550,0,1,1,Known_Family_Only
1418,0,1,1,Known_Family_Only
1420,1,0,1,Potential_Novel_Family
11533,0,1,1,Known_Family_Only
11535,0,1,1,Known_Family_Only
11536,0,1,1,Known_Family_Only
11537,0,1,1,Known_Family_Only
11538,0,1,1,Known_Family_Only
11540,0,1,1,Known_Family_Only
1408,0,1,1,Known_Family_Only
1409,0,1,1,Known_Family_Only
1410,0,1,1,Known_Family_Only
1413,0,1,1,Known_Family_Only
1414,1,0,1,Potential_Novel_Family
1415,0,1,1,Known_Family_Only
1416,1,0,1,Potential_Novel_Family
1417,0,1,1,Known_Family_Only
1396,0,1,1,Known_Family_Only
1397,1,0,1,Potential_Novel_Family
1398,1,0,1,Potential_Novel_Family
1399,0,1,1,Known_Family_Only
1400,0,1,1,Known_Family_Only
1401,0,1,1,Known_Family_Only
1402,0,1,1,Known_Family_Only
1406,0,1,1,Known_Family_Only
11581,1,0,1,Potential_Novel_Family
11583,0,1,1,Known_Family_Only
11584,1,0,1,Potential_Novel_Family
11586,0,1,1,Known_Family_Only
11589,1,0,1,Potential_Novel_Family
11592,0,1,1,Known_Family_Only
11593,1,0,1,Potential_Novel_Family
11594,1,0,1,Potential_Novel_Family
11572,1,0,1,Potential_Novel_Family
11573,0,1,1,Known_Family_Only
11574,0,1,1,Known_Family_Only
11576,0,1,1,Known_Family_Only
11577,1,0,1,Potential_Novel_Family
11578,0,1,1,Known_Family_Only
11579,1,0,1,Potential_Novel_Family
11580,1,0,1,Potential_Novel_Family
11562,1,0,1,Potential_Novel_Family
11563,1,0,1,Potential_Novel_Family
11565,1,0,1,Potential_Novel_Family
11566,0,1,1,Known_Family_Only
11568,1,0,1,Potential_Novel_Family
11569,1,0,1,Potential_Novel_Family
11570,0,1,1,Known_Family_Only
11571,1,0,1,Potential_Novel_Family
11551,1,0,1,Potential_Novel_Family
11552,0,1,1,Known_Family_Only
11554,1,0,1,Potential_Novel_Family
11555,0,1,1,Known_Family_Only
11557,0,1,1,Known_Family_Only
11559,1,0,1,Potential_Novel_Family
11560,1,0,1,Potential_Novel_Family
11561,1,0,1,Potential_Novel_Family
11623,1,0,1,Potential_Novel_Family
11624,1,0,1,Potential_Novel_Family
11625,0,1,1,Known_Family_Only
11626,0,1,1,Known_Family_Only
11627,1,0,1,Potential_Novel_Family
11628,0,1,1,Known_Family_Only
1358,1,0,1,Potential_Novel_Family
1360,0,1,1,Known_Family_Only
11614,1,0,1,Potential_Novel_Family
11615,0,1,1,Known_Family_Only
11616,1,0,1,Potential_Novel_Family
11617,1,0,1,Potential_Novel_Family
11618,0,1,1,Known_Family_Only
11619,1,0,1,Potential_Novel_Family
11621,1,0,1,Potential_Novel_Family
11622,1,0,1,Potential_Novel_Family
11603,0,1,1,Known_Family_Only
11604,1,0,1,Potential_Novel_Family
11605,0,1,1,Known_Family_Only
11606,0,1,1,Known_Family_Only
11607,1,0,1,Potential_Novel_Family
11608,1,0,1,Potential_Novel_Family
11609,0,1,1,Known_Family_Only
11613,1,0,1,Potential_Novel_Family
11595,1,0,1,Potential_Novel_Family
11596,1,0,1,Potential_Novel_Family
11597,1,0,1,Potential_Novel_Family
11598,1,0,1,Potential_Novel_Family
11599,1,0,1,Potential_Novel_Family
11600,1,0,1,Potential_Novel_Family
11601,1,0,1,Potential_Novel_Family
11602,1,0,1,Potential_Novel_Family
11640,1,0,1,Potential_Novel_Family
11641,1,0,1,Potential_Novel_Family
11643,1,0,1,Potential_Novel_Family
11644,0,1,1,Known_Family_Only
11645,1,0,1,Potential_Novel_Family
11647,0,1,1,Known_Family_Only
11648,0,1,1,Known_Family_Only
11649,1,0,1,Potential_Novel_Family
1388,0,1,1,Known_Family_Only
11629,1,0,1,Potential_Novel_Family
11631,1,0,1,Potential_Novel_Family
11634,1,0,1,Potential_Novel_Family
11635,0,1,1,Known_Family_Only
11636,0,1,1,Known_Family_Only
11637,0,1,1,Known_Family_Only
11638,0,1,1,Known_Family_Only
1376,0,1,1,Known_Family_Only
1377,0,1,1,Known_Family_Only
1378,0,1,1,Known_Family_Only
1379,1,0,1,Potential_Novel_Family
1380,0,1,1,Known_Family_Only
1381,1,0,1,Potential_Novel_Family
1386,1,0,1,Potential_Novel_Family
1387,1,0,1,Potential_Novel_Family
1363,1,0,1,Potential_Novel_Family
1366,0,1,1,Known_Family_Only
1367,1,0,1,Potential_Novel_Family
1368,1,0,1,Potential_Novel_Family
1371,0,1,1,Known_Family_Only
1372,0,1,1,Known_Family_Only
1373,1,0,1,Potential_Novel_Family
1374,1,0,1,Potential_Novel_Family
11680,0,1,1,Known_Family_Only
11681,1,0,1,Potential_Novel_Family
11683,1,0,1,Potential_Novel_Family
11684,1,0,1,Potential_Novel_Family
11685,0,1,1,Known_Family_Only
11686,1,0,1,Potential_Novel_Family
11689,1,0,1,Potential_Novel_Family
11690,1,0,1,Potential_Novel_Family
11669,1,0,1,Potential_Novel_Family
11670,0,1,1,Known_Family_Only
11671,1,0,1,Potential_Novel_Family
11672,1,0,1,Potential_Novel_Family
11674,0,1,1,Known_Family_Only
11675,1,0,1,Potential_Novel_Family
11676,1,0,1,Potential_Novel_Family
11679,0,1,1,Known_Family_Only
11660,0,1,1,Known_Family_Only
11661,1,0,1,Potential_Novel_Family
11662,1,0,1,Potential_Novel_Family
11664,1,0,1,Potential_Novel_Family
11665,1,0,1,Potential_Novel_Family
11666,0,1,1,Known_Family_Only
11667,1,0,1,Potential_Novel_Family
11668,1,0,1,Potential_Novel_Family
11650,1,0,1,Potential_Novel_Family
11652,1,0,1,Potential_Novel_Family
11653,0,1,1,Known_Family_Only
11655,1,0,1,Potential_Novel_Family
11656,0,1,1,Known_Family_Only
11657,0,1,1,Known_Family_Only
11658,0,1,1,Known_Family_Only
11659,1,0,1,Potential_Novel_Family
11699,1,0,1,Potential_Novel_Family
11700,1,0,1,Potential_Novel_Family
11701,0,1,1,Known_Family_Only
11703,1,0,1,Potential_Novel_Family
11705,1,0,1,Potential_Novel_Family
11707,1,0,1,Potential_Novel_Family
11709,0,1,1,Known_Family_Only
11712,0,1,1,Known_Family_Only
1350,0,1,1,Known_Family_Only
1351,1,0,1,Potential_Novel_Family
1355,1,0,1,Potential_Novel_Family
11694,0,1,1,Known_Family_Only
11695,1,0,1,Potential_Novel_Family
11696,1,0,1,Potential_Novel_Family
11697,1,0,1,Potential_Novel_Family
11698,1,0,1,Potential_Novel_Family
1339,1,0,1,Potential_Novel_Family
1340,0,1,1,Known_Family_Only
1341,1,0,1,Potential_Novel_Family
1342,0,1,1,Known_Family_Only
1344,0,1,1,Known_Family_Only
1345,1,0,1,Potential_Novel_Family
1346,1,0,1,Potential_Novel_Family
1348,0,1,1,Known_Family_Only
1325,1,0,1,Potential_Novel_Family
1326,1,0,1,Potential_Novel_Family
1329,0,1,1,Known_Family_Only
1331,1,0,1,Potential_Novel_Family
1333,1,0,1,Potential_Novel_Family
1334,1,0,1,Potential_Novel_Family
1336,0,1,1,Known_Family_Only
1337,1,0,1,Potential_Novel_Family
11742,1,0,1,Potential_Novel_Family
11743,1,0,1,Potential_Novel_Family
11744,1,0,1,Potential_Novel_Family
11746,1,0,1,Potential_Novel_Family
11747,1,0,1,Potential_Novel_Family
11748,1,0,1,Potential_Novel_Family
11749,0,1,1,Known_Family_Only
11750,0,1,1,Known_Family_Only
11732,1,0,1,Potential_Novel_Family
11733,1,0,1,Potential_Novel_Family
11734,1,0,1,Potential_Novel_Family
11735,1,0,1,Potential_Novel_Family
11736,1,0,1,Potential_Novel_Family
11738,1,0,1,Potential_Novel_Family
11740,1,0,1,Potential_Novel_Family
11741,0,1,1,Known_Family_Only
11722,1,0,1,Potential_Novel_Family
11723,1,0,1,Potential_Novel_Family
11724,1,0,1,Potential_Novel_Family
11725,1,0,1,Potential_Novel_Family
11726,1,0,1,Potential_Novel_Family
11727,1,0,1,Potential_Novel_Family
11729,1,0,1,Potential_Novel_Family
11731,0,1,1,Known_Family_Only
11713,1,0,1,Potential_Novel_Family
11714,1,0,1,Potential_Novel_Family
11715,1,0,1,Potential_Novel_Family
11717,1,0,1,Potential_Novel_Family
11718,1,0,1,Potential_Novel_Family
11719,1,0,1,Potential_Novel_Family
11720,0,1,1,Known_Family_Only
11721,1,0,1,Potential_Novel_Family
11759,0,1,1,Known_Family_Only
11760,0,1,1,Known_Family_Only
11761,0,1,1,Known_Family_Only
11762,1,0,1,Potential_Novel_Family
11764,1,0,1,Potential_Novel_Family
11765,0,1,1,Known_Family_Only
11768,0,1,1,Known_Family_Only
11770,1,0,1,Potential_Novel_Family
1318,1,0,1,Potential_Novel_Family
1319,1,0,1,Potential_Novel_Family
1320,0,1,1,Known_Family_Only
1321,0,1,1,Known_Family_Only
1323,0,1,1,Known_Family_Only
1324,0,1,1,Known_Family_Only
11757,0,1,1,Known_Family_Only
11758,1,0,1,Potential_Novel_Family
1302,0,1,1,Known_Family_Only
1305,1,0,1,Potential_Novel_Family
1306,1,0,1,Potential_Novel_Family
1309,1,0,1,Potential_Novel_Family
1310,1,0,1,Potential_Novel_Family
1311,0,1,1,Known_Family_Only
1316,1,0,1,Potential_Novel_Family
1317,0,1,1,Known_Family_Only
11751,0,1,1,Known_Family_Only
11752,0,1,1,Known_Family_Only
11753,0,1,1,Known_Family_Only
11754,1,0,1,Potential_Novel_Family
11755,0,1,1,Known_Family_Only
11756,1,0,1,Potential_Novel_Family
1293,0,1,1,Known_Family_Only
1298,1,0,1,Potential_Novel_Family
11799,1,0,1,Potential_Novel_Family
11800,1,0,1,Potential_Novel_Family
11801,1,0,1,Potential_Novel_Family
11802,1,0,1,Potential_Novel_Family
11803,0,1,1,Known_Family_Only
11804,1,0,1,Potential_Novel_Family
11806,1,0,1,Potential_Novel_Family
11807,1,0,1,Potential_Novel_Family
11791,0,1,1,Known_Family_Only
11792,0,1,1,Known_Family_Only
11793,1,0,1,Potential_Novel_Family
11794,0,1,1,Known_Family_Only
11795,0,1,1,Known_Family_Only
11796,0,1,1,Known_Family_Only
11797,0,1,1,Known_Family_Only
11798,0,1,1,Known_Family_Only
11779,0,1,1,Known_Family_Only
11781,1,0,1,Potential_Novel_Family
11783,1,0,1,Potential_Novel_Family
11784,1,0,1,Potential_Novel_Family
11785,1,0,1,Potential_Novel_Family
11787,1,0,1,Potential_Novel_Family
11788,1,0,1,Potential_Novel_Family
11789,1,0,1,Potential_Novel_Family
11771,1,0,1,Potential_Novel_Family
11772,1,0,1,Potential_Novel_Family
11773,0,1,1,Known_Family_Only
11774,0,1,1,Known_Family_Only
11775,0,1,1,Known_Family_Only
11776,1,0,1,Potential_Novel_Family
11777,0,1,1,Known_Family_Only
11778,1,0,1,Potential_Novel_Family
11834,1,0,1,Potential_Novel_Family
11835,1,0,1,Potential_Novel_Family
11836,0,1,1,Known_Family_Only
11839,1,0,1,Potential_Novel_Family
11840,1,0,1,Potential_Novel_Family
11841,1,0,1,Potential_Novel_Family
11842,1,0,1,Potential_Novel_Family
11843,1,0,1,Potential_Novel_Family
11826,1,0,1,Potential_Novel_Family
11827,1,0,1,Potential_Novel_Family
11828,0,1,1,Known_Family_Only
11829,0,1,1,Known_Family_Only
11830,0,1,1,Known_Family_Only
11831,0,1,1,Known_Family_Only
11832,0,1,1,Known_Family_Only
11833,1,0,1,Potential_Novel_Family
11817,1,0,1,Potential_Novel_Family
11818,1,0,1,Potential_Novel_Family
11819,0,1,1,Known_Family_Only
11820,0,1,1,Known_Family_Only
11821,1,0,1,Potential_Novel_Family
11822,0,1,1,Known_Family_Only
11824,1,0,1,Potential_Novel_Family
11825,1,0,1,Potential_Novel_Family
11808,1,0,1,Potential_Novel_Family
11809,0,1,1,Known_Family_Only
11810,1,0,1,Potential_Novel_Family
11811,1,0,1,Potential_Novel_Family
11812,1,0,1,Potential_Novel_Family
11813,1,0,1,Potential_Novel_Family
11814,1,0,1,Potential_Novel_Family
11815,0,1,1,Known_Family_Only
11873,0,1,1,Known_Family_Only
11874,0,1,1,Known_Family_Only
11875,1,0,1,Potential_Novel_Family
11876,1,0,1,Potential_Novel_Family
11877,1,0,1,Potential_Novel_Family
11880,1,0,1,Potential_Novel_Family
11881,1,0,1,Potential_Novel_Family
11882,1,0,1,Potential_Novel_Family
11865,0,1,1,Known_Family_Only
11866,1,0,1,Potential_Novel_Family
11867,0,1,1,Known_Family_Only
11868,0,1,1,Known_Family_Only
11869,1,0,1,Potential_Novel_Family
11870,1,0,1,Potential_Novel_Family
11871,1,0,1,Potential_Novel_Family
11872,0,1,1,Known_Family_Only
11855,1,0,1,Potential_Novel_Family
11856,1,0,1,Potential_Novel_Family
11857,1,0,1,Potential_Novel_Family
11858,0,1,1,Known_Family_Only
11859,1,0,1,Potential_Novel_Family
11862,0,1,1,Known_Family_Only
11863,0,1,1,Known_Family_Only
11864,1,0,1,Potential_Novel_Family
11844,0,1,1,Known_Family_Only
11845,0,1,1,Known_Family_Only
11846,1,0,1,Potential_Novel_Family
11847,0,1,1,Known_Family_Only
11848,1,0,1,Potential_Novel_Family
11852,1,0,1,Potential_Novel_Family
11853,1,0,1,Potential_Novel_Family
11854,1,0,1,Potential_Novel_Family
11887,1,0,1,Potential_Novel_Family
11888,1,0,1,Potential_Novel_Family
11889,1,0,1,Potential_Novel_Family
11892,0,1,1,Known_Family_Only
11893,1,0,1,Potential_Novel_Family
11894,1,0,1,Potential_Novel_Family
11896,1,0,1,Potential_Novel_Family
11897,1,0,1,Potential_Novel_Family
1281,1,0,1,Potential_Novel_Family
1282,0,1,1,Known_Family_Only
1283,1,0,1,Potential_Novel_Family
1284,0,1,1,Known_Family_Only
1285,0,1,1,Known_Family_Only
1286,1,0,1,Potential_Novel_Family
1287,0,1,1,Known_Family_Only
11885,0,1,1,Known_Family_Only
1271,0,1,1,Known_Family_Only
1272,0,1,1,Known_Family_Only
1274,0,1,1,Known_Family_Only
1275,1,0,1,Potential_Novel_Family
1276,0,1,1,Known_Family_Only
1277,0,1,1,Known_Family_Only
1278,1,0,1,Potential_Novel_Family
1280,1,0,1,Potential_Novel_Family
11883,1,0,1,Potential_Novel_Family
11884,0,1,1,Known_Family_Only
1261,0,1,1,Known_Family_Only
1262,1,0,1,Potential_Novel_Family
1263,0,1,1,Known_Family_Only
1265,1,0,1,Potential_Novel_Family
1267,1,0,1,Potential_Novel_Family
1268,1,0,1,Potential_Novel_Family
11927,1,0,1,Potential_Novel_Family
11928,0,1,1,Known_Family_Only
11929,1,0,1,Potential_Novel_Family
11930,0,1,1,Known_Family_Only
11931,1,0,1,Potential_Novel_Family
11932,0,1,1,Known_Family_Only
11933,0,1,1,Known_Family_Only
11934,1,0,1,Potential_Novel_Family
11919,1,0,1,Potential_Novel_Family
11920,1,0,1,Potential_Novel_Family
11921,1,0,1,Potential_Novel_Family
11922,0,1,1,Known_Family_Only
11923,1,0,1,Potential_Novel_Family
11924,1,0,1,Potential_Novel_Family
11925,0,1,1,Known_Family_Only
11926,0,1,1,Known_Family_Only
11908,1,0,1,Potential_Novel_Family
11909,0,1,1,Known_Family_Only
11910,0,1,1,Known_Family_Only
11911,1,0,1,Potential_Novel_Family
11912,0,1,1,Known_Family_Only
11915,0,1,1,Known_Family_Only
11916,0,1,1,Known_Family_Only
11917,1,0,1,Potential_Novel_Family
11899,0,1,1,Known_Family_Only
11900,0,1,1,Known_Family_Only
11901,1,0,1,Potential_Novel_Family
11902,1,0,1,Potential_Novel_Family
11903,0,1,1,Known_Family_Only
11904,0,1,1,Known_Family_Only
11906,1,0,1,Potential_Novel_Family
11907,1,0,1,Potential_Novel_Family
11969,1,0,1,Potential_Novel_Family
11970,0,1,1,Known_Family_Only
11971,0,1,1,Known_Family_Only
11972,0,1,1,Known_Family_Only
11973,1,0,1,Potential_Novel_Family
11974,1,0,1,Potential_Novel_Family
11975,1,0,1,Potential_Novel_Family
11976,0,1,1,Known_Family_Only
11959,0,1,1,Known_Family_Only
11960,1,0,1,Potential_Novel_Family
11961,1,0,1,Potential_Novel_Family
11963,0,1,1,Known_Family_Only
11964,1,0,1,Potential_Novel_Family
11965,0,1,1,Known_Family_Only
11967,1,0,1,Potential_Novel_Family
11968,1,0,1,Potential_Novel_Family
11947,1,0,1,Potential_Novel_Family
11949,1,0,1,Potential_Novel_Family
11951,0,1,1,Known_Family_Only
11952,0,1,1,Known_Family_Only
11953,1,0,1,Potential_Novel_Family
11955,1,0,1,Potential_Novel_Family
11957,1,0,1,Potential_Novel_Family
11958,1,0,1,Potential_Novel_Family
11935,1,0,1,Potential_Novel_Family
11937,1,0,1,Potential_Novel_Family
11938,0,1,1,Known_Family_Only
11939,1,0,1,Potential_Novel_Family
11941,0,1,1,Known_Family_Only
11942,0,1,1,Known_Family_Only
11945,1,0,1,Potential_Novel_Family
11946,1,0,1,Potential_Novel_Family
12005,0,1,1,Known_Family_Only
12006,1,0,1,Potential_Novel_Family
12007,1,0,1,Potential_Novel_Family
12008,0,1,1,Known_Family_Only
12009,1,0,1,Potential_Novel_Family
12010,1,0,1,Potential_Novel_Family
12011,0,1,1,Known_Family_Only
12012,0,1,1,Known_Family_Only
11994,1,0,1,Potential_Novel_Family
11997,1,0,1,Potential_Novel_Family
11998,0,1,1,Known_Family_Only
12000,0,1,1,Known_Family_Only
12001,0,1,1,Known_Family_Only
12002,1,0,1,Potential_Novel_Family
12003,1,0,1,Potential_Novel_Family
12004,1,0,1,Potential_Novel_Family
11986,1,0,1,Potential_Novel_Family
11987,0,1,1,Known_Family_Only
11988,1,0,1,Potential_Novel_Family
11989,1,0,1,Potential_Novel_Family
11990,1,0,1,Potential_Novel_Family
11991,1,0,1,Potential_Novel_Family
11992,1,0,1,Potential_Novel_Family
11993,0,1,1,Known_Family_Only
11977,1,0,1,Potential_Novel_Family
11978,1,0,1,Potential_Novel_Family
11979,1,0,1,Potential_Novel_Family
11980,1,0,1,Potential_Novel_Family
11981,1,0,1,Potential_Novel_Family
11982,1,0,1,Potential_Novel_Family
11983,1,0,1,Potential_Novel_Family
11985,1,0,1,Potential_Novel_Family
12020,1,0,1,Potential_Novel_Family
12021,1,0,1,Potential_Novel_Family
12022,1,0,1,Potential_Novel_Family
12024,0,1,1,Known_Family_Only
12025,0,1,1,Known_Family_Only
12026,0,1,1,Known_Family_Only
12027,1,0,1,Potential_Novel_Family
12029,1,0,1,Potential_Novel_Family
1258,0,1,1,Known_Family_Only
1260,0,1,1,Known_Family_Only
12013,1,0,1,Potential_Novel_Family
12014,0,1,1,Known_Family_Only
12016,1,0,1,Potential_Novel_Family
12017,1,0,1,Potential_Novel_Family
12018,1,0,1,Potential_Novel_Family
12019,0,1,1,Known_Family_Only
1243,1,0,1,Potential_Novel_Family
1244,0,1,1,Known_Family_Only
1245,1,0,1,Potential_Novel_Family
1247,1,0,1,Potential_Novel_Family
1248,1,0,1,Potential_Novel_Family
1252,0,1,1,Known_Family_Only
1253,0,1,1,Known_Family_Only
1256,1,0,1,Potential_Novel_Family
1229,1,0,1,Potential_Novel_Family
1230,0,1,1,Known_Family_Only
1232,0,1,1,Known_Family_Only
1237,0,1,1,Known_Family_Only
1238,1,0,1,Potential_Novel_Family
1239,1,0,1,Potential_Novel_Family
1240,0,1,1,Known_Family_Only
1242,0,1,1,Known_Family_Only
12056,0,1,1,Known_Family_Only
12057,1,0,1,Potential_Novel_Family
12058,0,1,1,Known_Family_Only
12060,1,0,1,Potential_Novel_Family
12061,1,0,1,Potential_Novel_Family
12062,0,1,1,Known_Family_Only
12063,1,0,1,Potential_Novel_Family
12065,0,1,1,Known_Family_Only
12048,1,0,1,Potential_Novel_Family
12049,1,0,1,Potential_Novel_Family
12050,1,0,1,Potential_Novel_Family
12051,0,1,1,Known_Family_Only
12052,0,1,1,Known_Family_Only
12053,1,0,1,Potential_Novel_Family
12054,1,0,1,Potential_Novel_Family
12055,1,0,1,Potential_Novel_Family
12040,0,1,1,Known_Family_Only
12041,0,1,1,Known_Family_Only
12042,0,1,1,Known_Family_Only
12043,0,1,1,Known_Family_Only
12044,1,0,1,Potential_Novel_Family
12045,1,0,1,Potential_Novel_Family
12046,1,0,1,Potential_Novel_Family
12047,0,1,1,Known_Family_Only
12030,1,0,1,Potential_Novel_Family
12031,1,0,1,Potential_Novel_Family
12032,1,0,1,Potential_Novel_Family
12034,0,1,1,Known_Family_Only
12035,1,0,1,Potential_Novel_Family
12037,0,1,1,Known_Family_Only
12038,1,0,1,Potential_Novel_Family
12039,1,0,1,Potential_Novel_Family
1226,0,1,1,Known_Family_Only
12077,1,0,1,Potential_Novel_Family
12079,1,0,1,Potential_Novel_Family
12080,1,0,1,Potential_Novel_Family
12081,0,1,1,Known_Family_Only
12084,0,1,1,Known_Family_Only
12085,1,0,1,Potential_Novel_Family
12087,1,0,1,Potential_Novel_Family
1212,0,1,1,Known_Family_Only
1213,1,0,1,Potential_Novel_Family
1214,0,1,1,Known_Family_Only
1215,1,0,1,Potential_Novel_Family
1218,1,0,1,Potential_Novel_Family
1219,0,1,1,Known_Family_Only
1222,0,1,1,Known_Family_Only
1225,1,0,1,Potential_Novel_Family
12076,1,0,1,Potential_Novel_Family
1198,0,1,1,Known_Family_Only
1199,1,0,1,Potential_Novel_Family
1201,0,1,1,Known_Family_Only
1203,0,1,1,Known_Family_Only
1205,0,1,1,Known_Family_Only
1206,1,0,1,Potential_Novel_Family
1211,0,1,1,Known_Family_Only
12066,1,0,1,Potential_Novel_Family
12067,0,1,1,Known_Family_Only
12068,0,1,1,Known_Family_Only
12069,1,0,1,Potential_Novel_Family
12070,1,0,1,Potential_Novel_Family
12071,0,1,1,Known_Family_Only
12072,1,0,1,Potential_Novel_Family
12075,1,0,1,Potential_Novel_Family
12121,0,1,1,Known_Family_Only
12123,1,0,1,Potential_Novel_Family
12124,0,1,1,Known_Family_Only
12125,1,0,1,Potential_Novel_Family
12126,0,1,1,Known_Family_Only
12128,1,0,1,Potential_Novel_Family
12129,1,0,1,Potential_Novel_Family
12130,1,0,1,Potential_Novel_Family
12110,1,0,1,Potential_Novel_Family
12111,1,0,1,Potential_Novel_Family
12112,1,0,1,Potential_Novel_Family
12113,0,1,1,Known_Family_Only
12114,0,1,1,Known_Family_Only
12116,1,0,1,Potential_Novel_Family
12117,1,0,1,Potential_Novel_Family
12120,1,0,1,Potential_Novel_Family
12100,0,1,1,Known_Family_Only
12101,0,1,1,Known_Family_Only
12102,0,1,1,Known_Family_Only
12103,1,0,1,Potential_Novel_Family
12104,1,0,1,Potential_Novel_Family
12105,0,1,1,Known_Family_Only
12106,1,0,1,Potential_Novel_Family
12109,1,0,1,Potential_Novel_Family
12088,1,0,1,Potential_Novel_Family
12089,1,0,1,Potential_Novel_Family
12090,1,0,1,Potential_Novel_Family
12091,0,1,1,Known_Family_Only
12094,1,0,1,Potential_Novel_Family
12096,1,0,1,Potential_Novel_Family
12097,1,0,1,Potential_Novel_Family
12098,0,1,1,Known_Family_Only
12161,1,0,1,Potential_Novel_Family
12162,1,0,1,Potential_Novel_Family
12163,1,0,1,Potential_Novel_Family
12164,1,0,1,Potential_Novel_Family
12165,1,0,1,Potential_Novel_Family
12167,0,1,1,Known_Family_Only
12168,1,0,1,Potential_Novel_Family
12169,0,1,1,Known_Family_Only
12149,0,1,1,Known_Family_Only
12151,1,0,1,Potential_Novel_Family
12154,0,1,1,Known_Family_Only
12155,1,0,1,Potential_Novel_Family
12156,1,0,1,Potential_Novel_Family
12158,1,0,1,Potential_Novel_Family
12159,1,0,1,Potential_Novel_Family
12160,0,1,1,Known_Family_Only
12141,0,1,1,Known_Family_Only
12142,1,0,1,Potential_Novel_Family
12143,1,0,1,Potential_Novel_Family
12144,1,0,1,Potential_Novel_Family
12145,1,0,1,Potential_Novel_Family
12146,0,1,1,Known_Family_Only
12147,1,0,1,Potential_Novel_Family
12148,0,1,1,Known_Family_Only
12131,1,0,1,Potential_Novel_Family
12133,0,1,1,Known_Family_Only
12134,1,0,1,Potential_Novel_Family
12135,1,0,1,Potential_Novel_Family
12136,1,0,1,Potential_Novel_Family
12137,1,0,1,Potential_Novel_Family
12138,0,1,1,Known_Family_Only
12139,0,1,1,Known_Family_Only
12200,1,0,1,Potential_Novel_Family
12201,1,0,1,Potential_Novel_Family
12203,1,0,1,Potential_Novel_Family
12204,0,1,1,Known_Family_Only
1165,1,0,1,Potential_Novel_Family
1166,0,1,1,Known_Family_Only
1167,0,1,1,Known_Family_Only
1168,1,0,1,Potential_Novel_Family
12191,1,0,1,Potential_Novel_Family
12192,1,0,1,Potential_Novel_Family
12193,1,0,1,Potential_Novel_Family
12194,0,1,1,Known_Family_Only
12195,1,0,1,Potential_Novel_Family
12196,1,0,1,Potential_Novel_Family
12197,1,0,1,Potential_Novel_Family
12199,1,0,1,Potential_Novel_Family
12180,0,1,1,Known_Family_Only
12181,0,1,1,Known_Family_Only
12182,0,1,1,Known_Family_Only
12183,0,1,1,Known_Family_Only
12184,1,0,1,Potential_Novel_Family
12186,1,0,1,Potential_Novel_Family
12187,1,0,1,Potential_Novel_Family
12190,1,0,1,Potential_Novel_Family
12171,0,1,1,Known_Family_Only
12172,0,1,1,Known_Family_Only
12174,1,0,1,Potential_Novel_Family
12175,1,0,1,Potential_Novel_Family
12176,1,0,1,Potential_Novel_Family
12177,1,0,1,Potential_Novel_Family
12178,1,0,1,Potential_Novel_Family
12179,0,1,1,Known_Family_Only
12217,0,1,1,Known_Family_Only
12218,0,1,1,Known_Family_Only
12219,0,1,1,Known_Family_Only
12220,0,1,1,Known_Family_Only
12221,0,1,1,Known_Family_Only
12222,1,0,1,Potential_Novel_Family
12223,0,1,1,Known_Family_Only
12224,1,0,1,Potential_Novel_Family
1195,0,1,1,Known_Family_Only
12205,1,0,1,Potential_Novel_Family
12206,1,0,1,Potential_Novel_Family
12208,1,0,1,Potential_Novel_Family
12210,1,0,1,Potential_Novel_Family
12211,1,0,1,Potential_Novel_Family
12214,0,1,1,Known_Family_Only
12215,1,0,1,Potential_Novel_Family
1181,1,0,1,Potential_Novel_Family
1184,1,0,1,Potential_Novel_Family
1185,0,1,1,Known_Family_Only
1187,0,1,1,Known_Family_Only
1189,0,1,1,Known_Family_Only
1191,0,1,1,Known_Family_Only
1192,1,0,1,Potential_Novel_Family
1193,1,0,1,Potential_Novel_Family
1169,1,0,1,Potential_Novel_Family
1170,0,1,1,Known_Family_Only
1171,1,0,1,Potential_Novel_Family
1172,1,0,1,Potential_Novel_Family
1175,0,1,1,Known_Family_Only
1178,1,0,1,Potential_Novel_Family
1179,1,0,1,Potential_Novel_Family
1180,1,0,1,Potential_Novel_Family
12254,1,0,1,Potential_Novel_Family
12255,0,1,1,Known_Family_Only
12256,0,1,1,Known_Family_Only
12258,1,0,1,Potential_Novel_Family
12259,1,0,1,Potential_Novel_Family
12261,1,0,1,Potential_Novel_Family
12262,1,0,1,Potential_Novel_Family
12264,1,0,1,Potential_Novel_Family
12245,0,1,1,Known_Family_Only
12246,1,0,1,Potential_Novel_Family
12247,1,0,1,Potential_Novel_Family
12248,0,1,1,Known_Family_Only
12249,1,0,1,Potential_Novel_Family
12250,1,0,1,Potential_Novel_Family
12251,0,1,1,Known_Family_Only
12253,1,0,1,Potential_Novel_Family
12235,0,1,1,Known_Family_Only
12237,1,0,1,Potential_Novel_Family
12238,1,0,1,Potential_Novel_Family
12239,0,1,1,Known_Family_Only
12240,1,0,1,Potential_Novel_Family
12241,1,0,1,Potential_Novel_Family
12242,1,0,1,Potential_Novel_Family
12243,1,0,1,Potential_Novel_Family
12226,0,1,1,Known_Family_Only
12227,1,0,1,Potential_Novel_Family
12228,0,1,1,Known_Family_Only
12229,1,0,1,Potential_Novel_Family
12230,0,1,1,Known_Family_Only
12232,0,1,1,Known_Family_Only
12233,1,0,1,Potential_Novel_Family
12234,1,0,1,Potential_Novel_Family
12294,1,0,1,Potential_Novel_Family
12295,1,0,1,Potential_Novel_Family
12296,0,1,1,Known_Family_Only
12297,1,0,1,Potential_Novel_Family
12298,1,0,1,Potential_Novel_Family
12299,0,1,1,Known_Family_Only
12301,1,0,1,Potential_Novel_Family
12302,1,0,1,Potential_Novel_Family
12284,1,0,1,Potential_Novel_Family
12285,1,0,1,Potential_Novel_Family
12287,1,0,1,Potential_Novel_Family
12288,1,0,1,Potential_Novel_Family
12289,1,0,1,Potential_Novel_Family
12290,1,0,1,Potential_Novel_Family
12292,1,0,1,Potential_Novel_Family
12293,0,1,1,Known_Family_Only
12274,1,0,1,Potential_Novel_Family
12275,1,0,1,Potential_Novel_Family
12276,1,0,1,Potential_Novel_Family
12279,1,0,1,Potential_Novel_Family
12280,1,0,1,Potential_Novel_Family
12281,1,0,1,Potential_Novel_Family
12282,1,0,1,Potential_Novel_Family
12283,0,1,1,Known_Family_Only
12266,0,1,1,Known_Family_Only
12267,1,0,1,Potential_Novel_Family
12268,1,0,1,Potential_Novel_Family
12269,1,0,1,Potential_Novel_Family
12270,1,0,1,Potential_Novel_Family
12271,0,1,1,Known_Family_Only
12272,0,1,1,Known_Family_Only
12273,1,0,1,Potential_Novel_Family
12328,1,0,1,Potential_Novel_Family
12330,0,1,1,Known_Family_Only
12331,1,0,1,Potential_Novel_Family
12332,1,0,1,Potential_Novel_Family
1133,0,1,1,Known_Family_Only
1134,1,0,1,Potential_Novel_Family
1135,0,1,1,Known_Family_Only
1138,0,1,1,Known_Family_Only
12320,0,1,1,Known_Family_Only
12321,0,1,1,Known_Family_Only
12322,1,0,1,Potential_Novel_Family
12323,0,1,1,Known_Family_Only
12324,1,0,1,Potential_Novel_Family
12325,1,0,1,Potential_Novel_Family
12326,1,0,1,Potential_Novel_Family
12327,0,1,1,Known_Family_Only
12312,1,0,1,Potential_Novel_Family
12313,1,0,1,Potential_Novel_Family
12314,1,0,1,Potential_Novel_Family
12315,0,1,1,Known_Family_Only
12316,1,0,1,Potential_Novel_Family
12317,0,1,1,Known_Family_Only
12318,1,0,1,Potential_Novel_Family
12319,1,0,1,Potential_Novel_Family
12303,1,0,1,Potential_Novel_Family
12304,1,0,1,Potential_Novel_Family
12305,0,1,1,Known_Family_Only
12307,0,1,1,Known_Family_Only
12308,1,0,1,Potential_Novel_Family
12309,1,0,1,Potential_Novel_Family
12310,1,0,1,Potential_Novel_Family
12311,0,1,1,Known_Family_Only
12343,1,0,1,Potential_Novel_Family
12344,1,0,1,Potential_Novel_Family
12345,1,0,1,Potential_Novel_Family
12346,0,1,1,Known_Family_Only
12347,0,1,1,Known_Family_Only
12349,0,1,1,Known_Family_Only
12351,1,0,1,Potential_Novel_Family
12352,1,0,1,Potential_Novel_Family
1164,1,0,1,Potential_Novel_Family
12333,1,0,1,Potential_Novel_Family
12334,1,0,1,Potential_Novel_Family
12335,0,1,1,Known_Family_Only
12337,1,0,1,Potential_Novel_Family
12338,0,1,1,Known_Family_Only
12339,1,0,1,Potential_Novel_Family
12342,0,1,1,Known_Family_Only
1154,1,0,1,Potential_Novel_Family
1155,1,0,1,Potential_Novel_Family
1156,1,0,1,Potential_Novel_Family
1157,1,0,1,Potential_Novel_Family
1158,1,0,1,Potential_Novel_Family
1159,1,0,1,Potential_Novel_Family
1161,1,0,1,Potential_Novel_Family
1162,0,1,1,Known_Family_Only
1139,0,1,1,Known_Family_Only
1140,0,1,1,Known_Family_Only
1141,0,1,1,Known_Family_Only
1146,1,0,1,Potential_Novel_Family
1147,1,0,1,Potential_Novel_Family
1148,0,1,1,Known_Family_Only
1150,1,0,1,Potential_Novel_Family
1152,1,0,1,Potential_Novel_Family
12382,1,0,1,Potential_Novel_Family
12383,1,0,1,Potential_Novel_Family
12384,1,0,1,Potential_Novel_Family
12385,0,1,1,Known_Family_Only
12387,1,0,1,Potential_Novel_Family
12389,1,0,1,Potential_Novel_Family
12390,1,0,1,Potential_Novel_Family
12392,0,1,1,Known_Family_Only
12371,1,0,1,Potential_Novel_Family
12372,0,1,1,Known_Family_Only
12373,1,0,1,Potential_Novel_Family
12374,1,0,1,Potential_Novel_Family
12375,1,0,1,Potential_Novel_Family
12376,1,0,1,Potential_Novel_Family
12377,1,0,1,Potential_Novel_Family
12381,1,0,1,Potential_Novel_Family
12362,1,0,1,Potential_Novel_Family
12363,0,1,1,Known_Family_Only
12364,1,0,1,Potential_Novel_Family
12365,1,0,1,Potential_Novel_Family
12366,1,0,1,Potential_Novel_Family
12367,1,0,1,Potential_Novel_Family
12368,0,1,1,Known_Family_Only
12370,1,0,1,Potential_Novel_Family
12354,1,0,1,Potential_Novel_Family
12355,0,1,1,Known_Family_Only
12356,1,0,1,Potential_Novel_Family
12357,1,0,1,Potential_Novel_Family
12358,0,1,1,Known_Family_Only
12359,0,1,1,Known_Family_Only
12360,0,1,1,Known_Family_Only
12361,1,0,1,Potential_Novel_Family
12401,1,0,1,Potential_Novel_Family
12402,0,1,1,Known_Family_Only
12403,1,0,1,Potential_Novel_Family
12405,0,1,1,Known_Family_Only
12409,1,0,1,Potential_Novel_Family
12410,0,1,1,Known_Family_Only
12411,1,0,1,Potential_Novel_Family
12413,1,0,1,Potential_Novel_Family
1128,0,1,1,Known_Family_Only
1129,0,1,1,Known_Family_Only
1130,0,1,1,Known_Family_Only
1132,0,1,1,Known_Family_Only
12397,1,0,1,Potential_Novel_Family
12398,0,1,1,Known_Family_Only
12399,1,0,1,Potential_Novel_Family
12400,1,0,1,Potential_Novel_Family
1110,1,0,1,Potential_Novel_Family
1111,0,1,1,Known_Family_Only
1112,1,0,1,Potential_Novel_Family
1116,0,1,1,Known_Family_Only
1117,1,0,1,Potential_Novel_Family
1121,0,1,1,Known_Family_Only
1126,1,0,1,Potential_Novel_Family
1127,1,0,1,Potential_Novel_Family
12393,1,0,1,Potential_Novel_Family
12394,0,1,1,Known_Family_Only
12395,1,0,1,Potential_Novel_Family
1101,0,1,1,Known_Family_Only
1103,1,0,1,Potential_Novel_Family
1105,1,0,1,Potential_Novel_Family
1107,0,1,1,Known_Family_Only
1108,1,0,1,Potential_Novel_Family
12451,0,1,1,Known_Family_Only
12452,0,1,1,Known_Family_Only
12453,1,0,1,Potential_Novel_Family
12454,0,1,1,Known_Family_Only
12455,1,0,1,Potential_Novel_Family
12456,0,1,1,Known_Family_Only
12457,0,1,1,Known_Family_Only
12458,1,0,1,Potential_Novel_Family
12440,1,0,1,Potential_Novel_Family
12442,1,0,1,Potential_Novel_Family
12443,1,0,1,Potential_Novel_Family
12445,0,1,1,Known_Family_Only
12446,0,1,1,Known_Family_Only
12447,1,0,1,Potential_Novel_Family
12449,1,0,1,Potential_Novel_Family
12450,0,1,1,Known_Family_Only
12430,1,0,1,Potential_Novel_Family
12431,0,1,1,Known_Family_Only
12432,1,0,1,Potential_Novel_Family
12433,1,0,1,Potential_Novel_Family
12434,0,1,1,Known_Family_Only
12435,1,0,1,Potential_Novel_Family
12436,1,0,1,Potential_Novel_Family
12438,0,1,1,Known_Family_Only
12415,1,0,1,Potential_Novel_Family
12416,1,0,1,Potential_Novel_Family
12417,1,0,1,Potential_Novel_Family
12422,1,0,1,Potential_Novel_Family
12423,1,0,1,Potential_Novel_Family
12426,1,0,1,Potential_Novel_Family
12427,1,0,1,Potential_Novel_Family
12429,1,0,1,Potential_Novel_Family
12472,1,0,1,Potential_Novel_Family
12474,1,0,1,Potential_Novel_Family
12475,1,0,1,Potential_Novel_Family
12476,1,0,1,Potential_Novel_Family
12477,1,0,1,Potential_Novel_Family
12478,1,0,1,Potential_Novel_Family
12480,1,0,1,Potential_Novel_Family
12481,1,0,1,Potential_Novel_Family
12461,1,0,1,Potential_Novel_Family
12462,1,0,1,Potential_Novel_Family
12463,1,0,1,Potential_Novel_Family
12464,0,1,1,Known_Family_Only
12466,1,0,1,Potential_Novel_Family
12467,0,1,1,Known_Family_Only
12469,1,0,1,Potential_Novel_Family
12470,1,0,1,Potential_Novel_Family
1085,1,0,1,Potential_Novel_Family
1086,0,1,1,Known_Family_Only
1090,1,0,1,Potential_Novel_Family
1091,1,0,1,Potential_Novel_Family
1092,0,1,1,Known_Family_Only
1093,1,0,1,Potential_Novel_Family
1096,0,1,1,Known_Family_Only
1098,1,0,1,Potential_Novel_Family
12459,1,0,1,Potential_Novel_Family
12460,1,0,1,Potential_Novel_Family
1071,0,1,1,Known_Family_Only
1072,0,1,1,Known_Family_Only
1076,0,1,1,Known_Family_Only
1077,1,0,1,Potential_Novel_Family
1078,1,0,1,Potential_Novel_Family
1083,1,0,1,Potential_Novel_Family
12510,0,1,1,Known_Family_Only
12513,0,1,1,Known_Family_Only
12514,1,0,1,Potential_Novel_Family
12516,0,1,1,Known_Family_Only
12517,0,1,1,Known_Family_Only
12518,1,0,1,Potential_Novel_Family
12519,0,1,1,Known_Family_Only
12520,1,0,1,Potential_Novel_Family
12500,0,1,1,Known_Family_Only
12501,1,0,1,Potential_Novel_Family
12502,0,1,1,Known_Family_Only
12504,1,0,1,Potential_Novel_Family
12505,0,1,1,Known_Family_Only
12507,1,0,1,Potential_Novel_Family
12508,0,1,1,Known_Family_Only
12509,0,1,1,Known_Family_Only
12491,0,1,1,Known_Family_Only
12492,1,0,1,Potential_Novel_Family
12493,1,0,1,Potential_Novel_Family
12494,0,1,1,Known_Family_Only
12495,0,1,1,Known_Family_Only
12496,1,0,1,Potential_Novel_Family
12497,1,0,1,Potential_Novel_Family
12498,0,1,1,Known_Family_Only
12482,0,1,1,Known_Family_Only
12483,0,1,1,Known_Family_Only
12484,1,0,1,Potential_Novel_Family
12485,0,1,1,Known_Family_Only
12486,1,0,1,Potential_Novel_Family
12487,0,1,1,Known_Family_Only
12488,1,0,1,Potential_Novel_Family
12489,1,0,1,Potential_Novel_Family
12552,1,0,1,Potential_Novel_Family
12553,1,0,1,Potential_Novel_Family
12554,0,1,1,Known_Family_Only
12555,1,0,1,Potential_Novel_Family
12556,1,0,1,Potential_Novel_Family
1037,0,1,1,Known_Family_Only
1038,1,0,1,Potential_Novel_Family
1039,1,0,1,Potential_Novel_Family
12541,1,0,1,Potential_Novel_Family
12543,1,0,1,Potential_Novel_Family
12544,1,0,1,Potential_Novel_Family
12545,1,0,1,Potential_Novel_Family
12546,0,1,1,Known_Family_Only
12547,1,0,1,Potential_Novel_Family
12549,1,0,1,Potential_Novel_Family
12551,0,1,1,Known_Family_Only
12532,1,0,1,Potential_Novel_Family
12533,1,0,1,Potential_Novel_Family
12534,0,1,1,Known_Family_Only
12536,1,0,1,Potential_Novel_Family
12537,1,0,1,Potential_Novel_Family
12538,1,0,1,Potential_Novel_Family
12539,0,1,1,Known_Family_Only
12540,0,1,1,Known_Family_Only
12521,0,1,1,Known_Family_Only
12522,0,1,1,Known_Family_Only
12523,0,1,1,Known_Family_Only
12524,1,0,1,Potential_Novel_Family
12525,1,0,1,Potential_Novel_Family
12526,0,1,1,Known_Family_Only
12527,1,0,1,Potential_Novel_Family
12531,1,0,1,Potential_Novel_Family
12565,0,1,1,Known_Family_Only
12566,1,0,1,Potential_Novel_Family
12567,1,0,1,Potential_Novel_Family
12568,1,0,1,Potential_Novel_Family
12569,0,1,1,Known_Family_Only
12572,1,0,1,Potential_Novel_Family
12573,1,0,1,Potential_Novel_Family
12574,0,1,1,Known_Family_Only
12557,1,0,1,Potential_Novel_Family
12558,1,0,1,Potential_Novel_Family
12559,1,0,1,Potential_Novel_Family
12560,0,1,1,Known_Family_Only
12561,1,0,1,Potential_Novel_Family
12562,0,1,1,Known_Family_Only
12563,1,0,1,Potential_Novel_Family
12564,0,1,1,Known_Family_Only
1055,1,0,1,Potential_Novel_Family
1057,1,0,1,Potential_Novel_Family
1058,1,0,1,Potential_Novel_Family
1059,1,0,1,Potential_Novel_Family
1061,1,0,1,Potential_Novel_Family
1062,1,0,1,Potential_Novel_Family
1063,0,1,1,Known_Family_Only
1067,1,0,1,Potential_Novel_Family
1040,0,1,1,Known_Family_Only
1042,0,1,1,Known_Family_Only
1043,0,1,1,Known_Family_Only
1047,0,1,1,Known_Family_Only
1050,1,0,1,Potential_Novel_Family
1052,1,0,1,Potential_Novel_Family
1053,0,1,1,Known_Family_Only
1054,1,0,1,Potential_Novel_Family
12610,0,1,1,Known_Family_Only
12612,1,0,1,Potential_Novel_Family
12613,1,0,1,Potential_Novel_Family
12614,1,0,1,Potential_Novel_Family
12615,1,0,1,Potential_Novel_Family
12616,1,0,1,Potential_Novel_Family
12617,1,0,1,Potential_Novel_Family
12618,1,0,1,Potential_Novel_Family
12601,0,1,1,Known_Family_Only
12602,1,0,1,Potential_Novel_Family
12603,0,1,1,Known_Family_Only
12604,0,1,1,Known_Family_Only
12605,0,1,1,Known_Family_Only
12606,1,0,1,Potential_Novel_Family
12607,1,0,1,Potential_Novel_Family
12608,1,0,1,Potential_Novel_Family
12593,1,0,1,Potential_Novel_Family
12594,0,1,1,Known_Family_Only
12595,1,0,1,Potential_Novel_Family
12596,0,1,1,Known_Family_Only
12597,0,1,1,Known_Family_Only
12598,0,1,1,Known_Family_Only
12599,1,0,1,Potential_Novel_Family
12600,1,0,1,Potential_Novel_Family
12575,0,1,1,Known_Family_Only
12576,1,0,1,Potential_Novel_Family
12577,0,1,1,Known_Family_Only
12578,1,0,1,Potential_Novel_Family
12584,1,0,1,Potential_Novel_Family
12585,0,1,1,Known_Family_Only
12590,0,1,1,Known_Family_Only
12591,0,1,1,Known_Family_Only
12627,1,0,1,Potential_Novel_Family
12628,1,0,1,Potential_Novel_Family
12630,1,0,1,Potential_Novel_Family
12631,0,1,1,Known_Family_Only
12632,0,1,1,Known_Family_Only
12634,0,1,1,Known_Family_Only
12635,1,0,1,Potential_Novel_Family
12636,0,1,1,Known_Family_Only
1031,1,0,1,Potential_Novel_Family
1032,0,1,1,Known_Family_Only
12621,0,1,1,Known_Family_Only
12622,0,1,1,Known_Family_Only
12623,1,0,1,Potential_Novel_Family
12624,0,1,1,Known_Family_Only
12625,0,1,1,Known_Family_Only
12626,1,0,1,Potential_Novel_Family
1021,0,1,1,Known_Family_Only
1022,0,1,1,Known_Family_Only
1023,1,0,1,Potential_Novel_Family
1024,0,1,1,Known_Family_Only
1025,0,1,1,Known_Family_Only
1026,1,0,1,Potential_Novel_Family
1028,1,0,1,Potential_Novel_Family
1029,1,0,1,Potential_Novel_Family
12619,1,0,1,Potential_Novel_Family
12620,0,1,1,Known_Family_Only
1008,0,1,1,Known_Family_Only
1011,0,1,1,Known_Family_Only
1013,1,0,1,Potential_Novel_Family
1015,1,0,1,Potential_Novel_Family
1016,1,0,1,Potential_Novel_Family
1019,0,1,1,Known_Family_Only
12670,1,0,1,Potential_Novel_Family
12671,1,0,1,Potential_Novel_Family
12672,1,0,1,Potential_Novel_Family
12673,0,1,1,Known_Family_Only
12674,1,0,1,Potential_Novel_Family
12676,1,0,1,Potential_Novel_Family
12678,0,1,1,Known_Family_Only
12679,1,0,1,Potential_Novel_Family
12662,1,0,1,Potential_Novel_Family
12663,1,0,1,Potential_Novel_Family
12664,1,0,1,Potential_Novel_Family
12665,1,0,1,Potential_Novel_Family
12666,0,1,1,Known_Family_Only
12667,1,0,1,Potential_Novel_Family
12668,1,0,1,Potential_Novel_Family
12669,0,1,1,Known_Family_Only
12653,1,0,1,Potential_Novel_Family
12654,1,0,1,Potential_Novel_Family
12655,1,0,1,Potential_Novel_Family
12656,1,0,1,Potential_Novel_Family
12657,0,1,1,Known_Family_Only
12658,0,1,1,Known_Family_Only
12659,1,0,1,Potential_Novel_Family
12661,0,1,1,Known_Family_Only
12637,0,1,1,Known_Family_Only
12638,1,0,1,Potential_Novel_Family
12639,0,1,1,Known_Family_Only
12640,0,1,1,Known_Family_Only
12641,0,1,1,Known_Family_Only
12646,0,1,1,Known_Family_Only
12649,0,1,1,Known_Family_Only
12650,1,0,1,Potential_Novel_Family
12691,1,0,1,Potential_Novel_Family
12692,0,1,1,Known_Family_Only
12693,1,0,1,Potential_Novel_Family
12695,1,0,1,Potential_Novel_Family
12697,1,0,1,Potential_Novel_Family
12699,0,1,1,Known_Family_Only
12700,1,0,1,Potential_Novel_Family
12702,1,0,1,Potential_Novel_Family
1002,0,1,1,Known_Family_Only
1003,1,0,1,Potential_Novel_Family
12685,1,0,1,Potential_Novel_Family
12686,1,0,1,Potential_Novel_Family
12687,0,1,1,Known_Family_Only
12688,0,1,1,Known_Family_Only
12689,1,0,1,Potential_Novel_Family
12690,1,0,1,Potential_Novel_Family
980,1,0,1,Potential_Novel_Family
984,1,0,1,Potential_Novel_Family
987,1,0,1,Potential_Novel_Family
994,1,0,1,Potential_Novel_Family
995,1,0,1,Potential_Novel_Family
998,0,1,1,Known_Family_Only
1000,1,0,1,Potential_Novel_Family
1001,1,0,1,Potential_Novel_Family
12681,1,0,1,Potential_Novel_Family
12683,0,1,1,Known_Family_Only
12684,0,1,1,Known_Family_Only
973,1,0,1,Potential_Novel_Family
974,1,0,1,Potential_Novel_Family
976,1,0,1,Potential_Novel_Family
977,0,1,1,Known_Family_Only
978,1,0,1,Potential_Novel_Family
12737,1,0,1,Potential_Novel_Family
12738,1,0,1,Potential_Novel_Family
12742,1,0,1,Potential_Novel_Family
12743,0,1,1,Known_Family_Only
12746,0,1,1,Known_Family_Only
12747,0,1,1,Known_Family_Only
12748,1,0,1,Potential_Novel_Family
941,0,1,1,Known_Family_Only
12726,0,1,1,Known_Family_Only
12727,1,0,1,Potential_Novel_Family
12729,1,0,1,Potential_Novel_Family
12730,0,1,1,Known_Family_Only
12732,1,0,1,Potential_Novel_Family
12733,1,0,1,Potential_Novel_Family
12734,1,0,1,Potential_Novel_Family
12735,1,0,1,Potential_Novel_Family
12715,1,0,1,Potential_Novel_Family
12716,1,0,1,Potential_Novel_Family
12718,1,0,1,Potential_Novel_Family
12720,0,1,1,Known_Family_Only
12721,1,0,1,Potential_Novel_Family
12722,1,0,1,Potential_Novel_Family
12724,1,0,1,Potential_Novel_Family
12725,1,0,1,Potential_Novel_Family
12704,0,1,1,Known_Family_Only
12708,1,0,1,Potential_Novel_Family
12709,1,0,1,Potential_Novel_Family
12710,1,0,1,Potential_Novel_Family
12711,0,1,1,Known_Family_Only
12712,0,1,1,Known_Family_Only
12713,1,0,1,Potential_Novel_Family
12714,1,0,1,Potential_Novel_Family
12756,0,1,1,Known_Family_Only
12757,1,0,1,Potential_Novel_Family
12758,0,1,1,Known_Family_Only
12759,1,0,1,Potential_Novel_Family
12760,1,0,1,Potential_Novel_Family
12761,1,0,1,Potential_Novel_Family
12764,1,0,1,Potential_Novel_Family
12765,1,0,1,Potential_Novel_Family
971,0,1,1,Known_Family_Only
972,1,0,1,Potential_Novel_Family
12749,1,0,1,Potential_Novel_Family
12750,1,0,1,Potential_Novel_Family
12752,0,1,1,Known_Family_Only
12753,1,0,1,Potential_Novel_Family
12754,1,0,1,Potential_Novel_Family
12755,0,1,1,Known_Family_Only
956,1,0,1,Potential_Novel_Family
957,0,1,1,Known_Family_Only
963,1,0,1,Potential_Novel_Family
965,1,0,1,Potential_Novel_Family
966,1,0,1,Potential_Novel_Family
967,1,0,1,Potential_Novel_Family
968,0,1,1,Known_Family_Only
970,0,1,1,Known_Family_Only
943,1,0,1,Potential_Novel_Family
944,1,0,1,Potential_Novel_Family
947,1,0,1,Potential_Novel_Family
949,0,1,1,Known_Family_Only
950,1,0,1,Potential_Novel_Family
951,0,1,1,Known_Family_Only
952,1,0,1,Potential_Novel_Family
953,1,0,1,Potential_Novel_Family
12797,1,0,1,Potential_Novel_Family
12799,1,0,1,Potential_Novel_Family
12800,0,1,1,Known_Family_Only
12801,1,0,1,Potential_Novel_Family
12802,0,1,1,Known_Family_Only
12803,0,1,1,Known_Family_Only
12807,0,1,1,Known_Family_Only
12808,0,1,1,Known_Family_Only
12788,0,1,1,Known_Family_Only
12789,0,1,1,Known_Family_Only
12790,1,0,1,Potential_Novel_Family
12791,1,0,1,Potential_Novel_Family
12793,0,1,1,Known_Family_Only
12794,0,1,1,Known_Family_Only
12795,0,1,1,Known_Family_Only
12796,1,0,1,Potential_Novel_Family
12777,1,0,1,Potential_Novel_Family
12778,1,0,1,Potential_Novel_Family
12780,1,0,1,Potential_Novel_Family
12781,0,1,1,Known_Family_Only
12782,0,1,1,Known_Family_Only
12783,0,1,1,Known_Family_Only
12786,0,1,1,Known_Family_Only
12787,0,1,1,Known_Family_Only
12766,1,0,1,Potential_Novel_Family
12768,0,1,1,Known_Family_Only
12769,1,0,1,Potential_Novel_Family
12770,0,1,1,Known_Family_Only
12771,1,0,1,Potential_Novel_Family
12774,1,0,1,Potential_Novel_Family
12775,0,1,1,Known_Family_Only
12776,1,0,1,Potential_Novel_Family
12813,1,0,1,Potential_Novel_Family
12814,0,1,1,Known_Family_Only
12816,1,0,1,Potential_Novel_Family
12819,1,0,1,Potential_Novel_Family
12820,1,0,1,Potential_Novel_Family
12821,0,1,1,Known_Family_Only
12822,1,0,1,Potential_Novel_Family
12823,0,1,1,Known_Family_Only
931,0,1,1,Known_Family_Only
932,0,1,1,Known_Family_Only
933,0,1,1,Known_Family_Only
934,1,0,1,Potential_Novel_Family
935,1,0,1,Potential_Novel_Family
937,1,0,1,Potential_Novel_Family
939,0,1,1,Known_Family_Only
940,1,0,1,Potential_Novel_Family
919,0,1,1,Known_Family_Only
920,1,0,1,Potential_Novel_Family
922,1,0,1,Potential_Novel_Family
925,0,1,1,Known_Family_Only
926,0,1,1,Known_Family_Only
927,0,1,1,Known_Family_Only
928,1,0,1,Potential_Novel_Family
929,0,1,1,Known_Family_Only
12812,1,0,1,Potential_Novel_Family
909,1,0,1,Potential_Novel_Family
910,0,1,1,Known_Family_Only
911,1,0,1,Potential_Novel_Family
913,1,0,1,Potential_Novel_Family
914,1,0,1,Potential_Novel_Family
915,0,1,1,Known_Family_Only
916,0,1,1,Known_Family_Only
12862,1,0,1,Potential_Novel_Family
12864,1,0,1,Potential_Novel_Family
12865,0,1,1,Known_Family_Only
12866,0,1,1,Known_Family_Only
12867,1,0,1,Potential_Novel_Family
12868,1,0,1,Potential_Novel_Family
12870,0,1,1,Known_Family_Only
12871,1,0,1,Potential_Novel_Family
12850,1,0,1,Potential_Novel_Family
12851,1,0,1,Potential_Novel_Family
12852,1,0,1,Potential_Novel_Family
12853,1,0,1,Potential_Novel_Family
12854,1,0,1,Potential_Novel_Family
12858,1,0,1,Potential_Novel_Family
12860,1,0,1,Potential_Novel_Family
12861,1,0,1,Potential_Novel_Family
12833,0,1,1,Known_Family_Only
12835,1,0,1,Potential_Novel_Family
12837,1,0,1,Potential_Novel_Family
12838,0,1,1,Known_Family_Only
12840,0,1,1,Known_Family_Only
12843,1,0,1,Potential_Novel_Family
12845,1,0,1,Potential_Novel_Family
12848,1,0,1,Potential_Novel_Family
12824,0,1,1,Known_Family_Only
12825,0,1,1,Known_Family_Only
12826,0,1,1,Known_Family_Only
12827,1,0,1,Potential_Novel_Family
12829,0,1,1,Known_Family_Only
12830,1,0,1,Potential_Novel_Family
12831,1,0,1,Potential_Novel_Family
12832,0,1,1,Known_Family_Only
12889,0,1,1,Known_Family_Only
12890,1,0,1,Potential_Novel_Family
12893,1,0,1,Potential_Novel_Family
12895,0,1,1,Known_Family_Only
12896,1,0,1,Potential_Novel_Family
12898,1,0,1,Potential_Novel_Family
12900,0,1,1,Known_Family_Only
12901,0,1,1,Known_Family_Only
12877,1,0,1,Potential_Novel_Family
12878,0,1,1,Known_Family_Only
12880,1,0,1,Potential_Novel_Family
12883,1,0,1,Potential_Novel_Family
12884,0,1,1,Known_Family_Only
12886,0,1,1,Known_Family_Only
12887,1,0,1,Potential_Novel_Family
12888,1,0,1,Potential_Novel_Family
887,1,0,1,Potential_Novel_Family
892,0,1,1,Known_Family_Only
894,1,0,1,Potential_Novel_Family
900,1,0,1,Potential_Novel_Family
901,0,1,1,Known_Family_Only
903,0,1,1,Known_Family_Only
905,1,0,1,Potential_Novel_Family
906,1,0,1,Potential_Novel_Family
12872,0,1,1,Known_Family_Only
12873,1,0,1,Potential_Novel_Family
12874,0,1,1,Known_Family_Only
12875,1,0,1,Potential_Novel_Family
12876,0,1,1,Known_Family_Only
878,1,0,1,Potential_Novel_Family
881,0,1,1,Known_Family_Only
882,0,1,1,Known_Family_Only
12916,1,0,1,Potential_Novel_Family
12917,0,1,1,Known_Family_Only
12918,1,0,1,Potential_Novel_Family
12919,1,0,1,Potential_Novel_Family
12920,0,1,1,Known_Family_Only
12921,1,0,1,Potential_Novel_Family
12922,1,0,1,Potential_Novel_Family
12923,1,0,1,Potential_Novel_Family
864,1,0,1,Potential_Novel_Family
865,0,1,1,Known_Family_Only
867,0,1,1,Known_Family_Only
869,1,0,1,Potential_Novel_Family
870,0,1,1,Known_Family_Only
872,1,0,1,Potential_Novel_Family
12912,1,0,1,Potential_Novel_Family
12915,1,0,1,Potential_Novel_Family
849,0,1,1,Known_Family_Only
850,1,0,1,Potential_Novel_Family
854,1,0,1,Potential_Novel_Family
855,1,0,1,Potential_Novel_Family
856,1,0,1,Potential_Novel_Family
857,0,1,1,Known_Family_Only
860,1,0,1,Potential_Novel_Family
861,0,1,1,Known_Family_Only
12902,0,1,1,Known_Family_Only
12903,1,0,1,Potential_Novel_Family
12904,1,0,1,Potential_Novel_Family
12905,1,0,1,Potential_Novel_Family
12907,1,0,1,Potential_Novel_Family
12908,0,1,1,Known_Family_Only
847,1,0,1,Potential_Novel_Family
848,0,1,1,Known_Family_Only
12941,1,0,1,Potential_Novel_Family
12943,1,0,1,Potential_Novel_Family
12944,1,0,1,Potential_Novel_Family
12945,1,0,1,Potential_Novel_Family
12949,1,0,1,Potential_Novel_Family
12950,0,1,1,Known_Family_Only
12951,0,1,1,Known_Family_Only
12952,0,1,1,Known_Family_Only
829,0,1,1,Known_Family_Only
830,1,0,1,Potential_Novel_Family
832,1,0,1,Potential_Novel_Family
833,0,1,1,Known_Family_Only
835,0,1,1,Known_Family_Only
837,0,1,1,Known_Family_Only
839,0,1,1,Known_Family_Only
842,1,0,1,Potential_Novel_Family
12940,1,0,1,Potential_Novel_Family
813,0,1,1,Known_Family_Only
814,1,0,1,Potential_Novel_Family
816,1,0,1,Potential_Novel_Family
819,1,0,1,Potential_Novel_Family
820,1,0,1,Potential_Novel_Family
821,0,1,1,Known_Family_Only
824,0,1,1,Known_Family_Only
12924,1,0,1,Potential_Novel_Family
12925,1,0,1,Potential_Novel_Family
12927,0,1,1,Known_Family_Only
12929,1,0,1,Potential_Novel_Family
12930,1,0,1,Potential_Novel_Family
12933,1,0,1,Potential_Novel_Family
12935,0,1,1,Known_Family_Only
12937,1,0,1,Potential_Novel_Family
12989,1,0,1,Potential_Novel_Family
12990,1,0,1,Potential_Novel_Family
12991,0,1,1,Known_Family_Only
12992,1,0,1,Potential_Novel_Family
12993,0,1,1,Known_Family_Only
12994,1,0,1,Potential_Novel_Family
12995,0,1,1,Known_Family_Only
12996,1,0,1,Potential_Novel_Family
12979,1,0,1,Potential_Novel_Family
12980,1,0,1,Potential_Novel_Family
12981,1,0,1,Potential_Novel_Family
12982,0,1,1,Known_Family_Only
12985,0,1,1,Known_Family_Only
12986,1,0,1,Potential_Novel_Family
12987,1,0,1,Potential_Novel_Family
12988,1,0,1,Potential_Novel_Family
12969,1,0,1,Potential_Novel_Family
12971,1,0,1,Potential_Novel_Family
12972,1,0,1,Potential_Novel_Family
12973,0,1,1,Known_Family_Only
12974,0,1,1,Known_Family_Only
12975,0,1,1,Known_Family_Only
12976,1,0,1,Potential_Novel_Family
12977,1,0,1,Potential_Novel_Family
12953,0,1,1,Known_Family_Only
12954,1,0,1,Potential_Novel_Family
12955,1,0,1,Potential_Novel_Family
12956,0,1,1,Known_Family_Only
12957,1,0,1,Potential_Novel_Family
12958,0,1,1,Known_Family_Only
12959,0,1,1,Known_Family_Only
12961,1,0,1,Potential_Novel_Family
13012,1,0,1,Potential_Novel_Family
13013,1,0,1,Potential_Novel_Family
13014,1,0,1,Potential_Novel_Family
13015,0,1,1,Known_Family_Only
13016,1,0,1,Potential_Novel_Family
13018,0,1,1,Known_Family_Only
13019,1,0,1,Potential_Novel_Family
13021,1,0,1,Potential_Novel_Family
811,1,0,1,Potential_Novel_Family
812,1,0,1,Potential_Novel_Family
13005,0,1,1,Known_Family_Only
13006,1,0,1,Potential_Novel_Family
13007,1,0,1,Potential_Novel_Family
13009,0,1,1,Known_Family_Only
13010,1,0,1,Potential_Novel_Family
13011,1,0,1,Potential_Novel_Family
794,0,1,1,Known_Family_Only
795,1,0,1,Potential_Novel_Family
798,1,0,1,Potential_Novel_Family
800,1,0,1,Potential_Novel_Family
802,1,0,1,Potential_Novel_Family
804,1,0,1,Potential_Novel_Family
808,1,0,1,Potential_Novel_Family
809,1,0,1,Potential_Novel_Family
12997,1,0,1,Potential_Novel_Family
12998,0,1,1,Known_Family_Only
12999,1,0,1,Potential_Novel_Family
13000,0,1,1,Known_Family_Only
784,1,0,1,Potential_Novel_Family
787,1,0,1,Potential_Novel_Family
789,0,1,1,Known_Family_Only
790,1,0,1,Potential_Novel_Family
13057,1,0,1,Potential_Novel_Family
13058,1,0,1,Potential_Novel_Family
13059,1,0,1,Potential_Novel_Family
13060,1,0,1,Potential_Novel_Family
13061,1,0,1,Potential_Novel_Family
13062,0,1,1,Known_Family_Only
13063,0,1,1,Known_Family_Only
13064,1,0,1,Potential_Novel_Family
13047,1,0,1,Potential_Novel_Family
13048,1,0,1,Potential_Novel_Family
13049,1,0,1,Potential_Novel_Family
13050,1,0,1,Potential_Novel_Family
13051,1,0,1,Potential_Novel_Family
13052,1,0,1,Potential_Novel_Family
13053,0,1,1,Known_Family_Only
13054,1,0,1,Potential_Novel_Family
13038,0,1,1,Known_Family_Only
13039,1,0,1,Potential_Novel_Family
13040,0,1,1,Known_Family_Only
13041,1,0,1,Potential_Novel_Family
13042,0,1,1,Known_Family_Only
13043,1,0,1,Potential_Novel_Family
13045,1,0,1,Potential_Novel_Family
13046,0,1,1,Known_Family_Only
13022,1,0,1,Potential_Novel_Family
13023,1,0,1,Potential_Novel_Family
13026,1,0,1,Potential_Novel_Family
13029,1,0,1,Potential_Novel_Family
13032,1,0,1,Potential_Novel_Family
13035,1,0,1,Potential_Novel_Family
13036,1,0,1,Potential_Novel_Family
13037,1,0,1,Potential_Novel_Family
13078,0,1,1,Known_Family_Only
13079,1,0,1,Potential_Novel_Family
13080,0,1,1,Known_Family_Only
13082,0,1,1,Known_Family_Only
13083,1,0,1,Potential_Novel_Family
13084,0,1,1,Known_Family_Only
13085,0,1,1,Known_Family_Only
13086,1,0,1,Potential_Novel_Family
776,1,0,1,Potential_Novel_Family
779,1,0,1,Potential_Novel_Family
780,1,0,1,Potential_Novel_Family
13071,1,0,1,Potential_Novel_Family
13072,0,1,1,Known_Family_Only
13073,0,1,1,Known_Family_Only
13075,1,0,1,Potential_Novel_Family
13077,0,1,1,Known_Family_Only
764,0,1,1,Known_Family_Only
765,0,1,1,Known_Family_Only
767,0,1,1,Known_Family_Only
769,1,0,1,Potential_Novel_Family
770,0,1,1,Known_Family_Only
771,1,0,1,Potential_Novel_Family
773,0,1,1,Known_Family_Only
775,0,1,1,Known_Family_Only
13066,1,0,1,Potential_Novel_Family
13067,1,0,1,Potential_Novel_Family
751,1,0,1,Potential_Novel_Family
752,0,1,1,Known_Family_Only
753,1,0,1,Potential_Novel_Family
756,0,1,1,Known_Family_Only
760,1,0,1,Potential_Novel_Family
763,1,0,1,Potential_Novel_Family
13121,1,0,1,Potential_Novel_Family
13122,1,0,1,Potential_Novel_Family
13123,0,1,1,Known_Family_Only
13124,1,0,1,Potential_Novel_Family
13128,1,0,1,Potential_Novel_Family
13129,1,0,1,Potential_Novel_Family
13131,0,1,1,Known_Family_Only
13132,1,0,1,Potential_Novel_Family
13111,1,0,1,Potential_Novel_Family
13113,1,0,1,Potential_Novel_Family
13114,1,0,1,Potential_Novel_Family
13115,1,0,1,Potential_Novel_Family
13116,1,0,1,Potential_Novel_Family
13118,0,1,1,Known_Family_Only
13119,0,1,1,Known_Family_Only
13120,1,0,1,Potential_Novel_Family
13100,1,0,1,Potential_Novel_Family
13102,1,0,1,Potential_Novel_Family
13103,0,1,1,Known_Family_Only
13105,0,1,1,Known_Family_Only
13106,0,1,1,Known_Family_Only
13108,1,0,1,Potential_Novel_Family
13109,1,0,1,Potential_Novel_Family
13110,1,0,1,Potential_Novel_Family
13089,0,1,1,Known_Family_Only
13090,1,0,1,Potential_Novel_Family
13091,1,0,1,Potential_Novel_Family
13092,0,1,1,Known_Family_Only
13093,1,0,1,Potential_Novel_Family
13094,1,0,1,Potential_Novel_Family
13096,1,0,1,Potential_Novel_Family
13099,1,0,1,Potential_Novel_Family
13138,0,1,1,Known_Family_Only
13139,1,0,1,Potential_Novel_Family
13140,1,0,1,Potential_Novel_Family
13141,0,1,1,Known_Family_Only
13142,1,0,1,Potential_Novel_Family
13144,1,0,1,Potential_Novel_Family
13145,1,0,1,Potential_Novel_Family
13147,1,0,1,Potential_Novel_Family
743,0,1,1,Known_Family_Only
745,0,1,1,Known_Family_Only
748,0,1,1,Known_Family_Only
13133,1,0,1,Potential_Novel_Family
13134,1,0,1,Potential_Novel_Family
13135,1,0,1,Potential_Novel_Family
13136,1,0,1,Potential_Novel_Family
13137,0,1,1,Known_Family_Only
731,1,0,1,Potential_Novel_Family
733,0,1,1,Known_Family_Only
737,1,0,1,Potential_Novel_Family
738,1,0,1,Potential_Novel_Family
739,1,0,1,Potential_Novel_Family
740,0,1,1,Known_Family_Only
741,0,1,1,Known_Family_Only
742,1,0,1,Potential_Novel_Family
718,1,0,1,Potential_Novel_Family
719,1,0,1,Potential_Novel_Family
720,1,0,1,Potential_Novel_Family
721,0,1,1,Known_Family_Only
723,1,0,1,Potential_Novel_Family
725,0,1,1,Known_Family_Only
727,0,1,1,Known_Family_Only
730,0,1,1,Known_Family_Only
13179,0,1,1,Known_Family_Only
13180,1,0,1,Potential_Novel_Family
13181,0,1,1,Known_Family_Only
13182,0,1,1,Known_Family_Only
13183,1,0,1,Potential_Novel_Family
13184,0,1,1,Known_Family_Only
13185,0,1,1,Known_Family_Only
13186,1,0,1,Potential_Novel_Family
13167,1,0,1,Potential_Novel_Family
13169,0,1,1,Known_Family_Only
13170,1,0,1,Potential_Novel_Family
13171,1,0,1,Potential_Novel_Family
13173,0,1,1,Known_Family_Only
13174,1,0,1,Potential_Novel_Family
13176,1,0,1,Potential_Novel_Family
13178,0,1,1,Known_Family_Only
13157,1,0,1,Potential_Novel_Family
13159,1,0,1,Potential_Novel_Family
13161,1,0,1,Potential_Novel_Family
13162,1,0,1,Potential_Novel_Family
13163,1,0,1,Potential_Novel_Family
13164,1,0,1,Potential_Novel_Family
13165,1,0,1,Potential_Novel_Family
13166,1,0,1,Potential_Novel_Family
13148,1,0,1,Potential_Novel_Family
13149,0,1,1,Known_Family_Only
13150,1,0,1,Potential_Novel_Family
13151,0,1,1,Known_Family_Only
13153,1,0,1,Potential_Novel_Family
13154,1,0,1,Potential_Novel_Family
13155,1,0,1,Potential_Novel_Family
13156,0,1,1,Known_Family_Only
13217,1,0,1,Potential_Novel_Family
13219,1,0,1,Potential_Novel_Family
13220,0,1,1,Known_Family_Only
13221,0,1,1,Known_Family_Only
13222,1,0,1,Potential_Novel_Family
13223,1,0,1,Potential_Novel_Family
13224,1,0,1,Potential_Novel_Family
13225,0,1,1,Known_Family_Only
13207,1,0,1,Potential_Novel_Family
13209,1,0,1,Potential_Novel_Family
13210,1,0,1,Potential_Novel_Family
13211,1,0,1,Potential_Novel_Family
13212,1,0,1,Potential_Novel_Family
13214,1,0,1,Potential_Novel_Family
13215,1,0,1,Potential_Novel_Family
13216,0,1,1,Known_Family_Only
13196,0,1,1,Known_Family_Only
13198,1,0,1,Potential_Novel_Family
13200,1,0,1,Potential_Novel_Family
13201,1,0,1,Potential_Novel_Family
13202,1,0,1,Potential_Novel_Family
13204,0,1,1,Known_Family_Only
13205,1,0,1,Potential_Novel_Family
13206,0,1,1,Known_Family_Only
13187,0,1,1,Known_Family_Only
13188,1,0,1,Potential_Novel_Family
13189,0,1,1,Known_Family_Only
13190,0,1,1,Known_Family_Only
13191,1,0,1,Potential_Novel_Family
13192,1,0,1,Potential_Novel_Family
13193,1,0,1,Potential_Novel_Family
13195,1,0,1,Potential_Novel_Family
13235,1,0,1,Potential_Novel_Family
13236,0,1,1,Known_Family_Only
13237,1,0,1,Potential_Novel_Family
13238,0,1,1,Known_Family_Only
13239,0,1,1,Known_Family_Only
13240,1,0,1,Potential_Novel_Family
13241,0,1,1,Known_Family_Only
13242,0,1,1,Known_Family_Only
711,1,0,1,Potential_Novel_Family
712,1,0,1,Potential_Novel_Family
713,1,0,1,Potential_Novel_Family
714,0,1,1,Known_Family_Only
715,1,0,1,Potential_Novel_Family
13229,1,0,1,Potential_Novel_Family
13230,1,0,1,Potential_Novel_Family
13233,1,0,1,Potential_Novel_Family
700,0,1,1,Known_Family_Only
701,0,1,1,Known_Family_Only
702,1,0,1,Potential_Novel_Family
706,1,0,1,Potential_Novel_Family
707,0,1,1,Known_Family_Only
708,0,1,1,Known_Family_Only
709,1,0,1,Potential_Novel_Family
710,0,1,1,Known_Family_Only
686,0,1,1,Known_Family_Only
688,1,0,1,Potential_Novel_Family
691,0,1,1,Known_Family_Only
692,1,0,1,Potential_Novel_Family
693,0,1,1,Known_Family_Only
694,0,1,1,Known_Family_Only
696,0,1,1,Known_Family_Only
699,1,0,1,Potential_Novel_Family
13276,1,0,1,Potential_Novel_Family
13277,1,0,1,Potential_Novel_Family
13278,1,0,1,Potential_Novel_Family
13280,0,1,1,Known_Family_Only
13281,1,0,1,Potential_Novel_Family
13283,0,1,1,Known_Family_Only
13285,1,0,1,Potential_Novel_Family
13286,0,1,1,Known_Family_Only
13264,1,0,1,Potential_Novel_Family
13266,1,0,1,Potential_Novel_Family
13268,0,1,1,Known_Family_Only
13269,0,1,1,Known_Family_Only
13270,1,0,1,Potential_Novel_Family
13272,1,0,1,Potential_Novel_Family
13273,1,0,1,Potential_Novel_Family
13274,0,1,1,Known_Family_Only
13251,1,0,1,Potential_Novel_Family
13253,1,0,1,Potential_Novel_Family
13255,1,0,1,Potential_Novel_Family
13257,0,1,1,Known_Family_Only
13259,1,0,1,Potential_Novel_Family
13260,1,0,1,Potential_Novel_Family
13261,1,0,1,Potential_Novel_Family
13262,0,1,1,Known_Family_Only
13243,1,0,1,Potential_Novel_Family
13244,1,0,1,Potential_Novel_Family
13245,1,0,1,Potential_Novel_Family
13246,1,0,1,Potential_Novel_Family
13247,1,0,1,Potential_Novel_Family
13248,1,0,1,Potential_Novel_Family
13249,1,0,1,Potential_Novel_Family
13250,1,0,1,Potential_Novel_Family
13294,1,0,1,Potential_Novel_Family
13297,0,1,1,Known_Family_Only
13299,0,1,1,Known_Family_Only
13300,1,0,1,Potential_Novel_Family
13301,1,0,1,Potential_Novel_Family
13302,1,0,1,Potential_Novel_Family
13304,0,1,1,Known_Family_Only
13305,1,0,1,Potential_Novel_Family
675,0,1,1,Known_Family_Only
676,1,0,1,Potential_Novel_Family
677,1,0,1,Potential_Novel_Family
680,0,1,1,Known_Family_Only
681,0,1,1,Known_Family_Only
682,0,1,1,Known_Family_Only
684,0,1,1,Known_Family_Only
13293,0,1,1,Known_Family_Only
660,1,0,1,Potential_Novel_Family
661,0,1,1,Known_Family_Only
664,1,0,1,Potential_Novel_Family
665,1,0,1,Potential_Novel_Family
666,1,0,1,Potential_Novel_Family
668,1,0,1,Potential_Novel_Family
670,0,1,1,Known_Family_Only
672,0,1,1,Known_Family_Only
13288,1,0,1,Potential_Novel_Family
13289,1,0,1,Potential_Novel_Family
13290,1,0,1,Potential_Novel_Family
13291,1,0,1,Potential_Novel_Family
13292,0,1,1,Known_Family_Only
654,1,0,1,Potential_Novel_Family
657,0,1,1,Known_Family_Only
659,0,1,1,Known_Family_Only
652,1,0,1,Potential_Novel_Family
13326,0,1,1,Known_Family_Only
13327,0,1,1,Known_Family_Only
13328,1,0,1,Potential_Novel_Family
13329,1,0,1,Potential_Novel_Family
13331,0,1,1,Known_Family_Only
13333,0,1,1,Known_Family_Only
13334,1,0,1,Potential_Novel_Family
628,0,1,1,Known_Family_Only
632,1,0,1,Potential_Novel_Family
635,0,1,1,Known_Family_Only
640,0,1,1,Known_Family_Only
641,0,1,1,Known_Family_Only
643,1,0,1,Potential_Novel_Family
644,0,1,1,Known_Family_Only
650,0,1,1,Known_Family_Only
13318,1,0,1,Potential_Novel_Family
13319,1,0,1,Potential_Novel_Family
13320,1,0,1,Potential_Novel_Family
13321,1,0,1,Potential_Novel_Family
13322,0,1,1,Known_Family_Only
13324,1,0,1,Potential_Novel_Family
623,0,1,1,Known_Family_Only
624,1,0,1,Potential_Novel_Family
13306,0,1,1,Known_Family_Only
13307,1,0,1,Potential_Novel_Family
13308,1,0,1,Potential_Novel_Family
13313,0,1,1,Known_Family_Only
13314,0,1,1,Known_Family_Only
13315,0,1,1,Known_Family_Only
13316,1,0,1,Potential_Novel_Family
13317,1,0,1,Potential_Novel_Family
13374,1,0,1,Potential_Novel_Family
13376,0,1,1,Known_Family_Only
13378,0,1,1,Known_Family_Only
13379,0,1,1,Known_Family_Only
13380,1,0,1,Potential_Novel_Family
13381,1,0,1,Potential_Novel_Family
13383,1,0,1,Potential_Novel_Family
13384,0,1,1,Known_Family_Only
13360,1,0,1,Potential_Novel_Family
13363,1,0,1,Potential_Novel_Family
13364,1,0,1,Potential_Novel_Family
13365,0,1,1,Known_Family_Only
13367,1,0,1,Potential_Novel_Family
13368,1,0,1,Potential_Novel_Family
13371,0,1,1,Known_Family_Only
13373,1,0,1,Potential_Novel_Family
13347,1,0,1,Potential_Novel_Family
13348,1,0,1,Potential_Novel_Family
13349,1,0,1,Potential_Novel_Family
13350,0,1,1,Known_Family_Only
13353,1,0,1,Potential_Novel_Family
13354,1,0,1,Potential_Novel_Family
13355,0,1,1,Known_Family_Only
13358,1,0,1,Potential_Novel_Family
13337,1,0,1,Potential_Novel_Family
13338,1,0,1,Potential_Novel_Family
13339,0,1,1,Known_Family_Only
13341,0,1,1,Known_Family_Only
13342,1,0,1,Potential_Novel_Family
13343,0,1,1,Known_Family_Only
13345,1,0,1,Potential_Novel_Family
13346,1,0,1,Potential_Novel_Family
13397,1,0,1,Potential_Novel_Family
13399,1,0,1,Potential_Novel_Family
13400,1,0,1,Potential_Novel_Family
13401,0,1,1,Known_Family_Only
13402,0,1,1,Known_Family_Only
13403,1,0,1,Potential_Novel_Family
13404,1,0,1,Potential_Novel_Family
13405,0,1,1,Known_Family_Only
615,0,1,1,Known_Family_Only
617,0,1,1,Known_Family_Only
619,0,1,1,Known_Family_Only
13389,1,0,1,Potential_Novel_Family
13390,0,1,1,Known_Family_Only
13392,0,1,1,Known_Family_Only
13394,1,0,1,Potential_Novel_Family
13396,1,0,1,Potential_Novel_Family
601,1,0,1,Potential_Novel_Family
607,0,1,1,Known_Family_Only
608,0,1,1,Known_Family_Only
609,1,0,1,Potential_Novel_Family
610,0,1,1,Known_Family_Only
611,1,0,1,Potential_Novel_Family
612,1,0,1,Potential_Novel_Family
614,0,1,1,Known_Family_Only
13386,1,0,1,Potential_Novel_Family
13387,0,1,1,Known_Family_Only
13388,0,1,1,Known_Family_Only
590,0,1,1,Known_Family_Only
592,1,0,1,Potential_Novel_Family
593,0,1,1,Known_Family_Only
594,1,0,1,Potential_Novel_Family
595,0,1,1,Known_Family_Only
583,1,0,1,Potential_Novel_Family
13422,0,1,1,Known_Family_Only
13423,1,0,1,Potential_Novel_Family
13424,1,0,1,Potential_Novel_Family
13425,1,0,1,Potential_Novel_Family
13426,0,1,1,Known_Family_Only
13427,0,1,1,Known_Family_Only
13429,1,0,1,Potential_Novel_Family
563,0,1,1,Known_Family_Only
568,1,0,1,Potential_Novel_Family
572,0,1,1,Known_Family_Only
576,1,0,1,Potential_Novel_Family
577,1,0,1,Potential_Novel_Family
579,1,0,1,Potential_Novel_Family
580,0,1,1,Known_Family_Only
581,0,1,1,Known_Family_Only
13416,1,0,1,Potential_Novel_Family
13417,1,0,1,Potential_Novel_Family
13419,0,1,1,Known_Family_Only
558,0,1,1,Known_Family_Only
559,1,0,1,Potential_Novel_Family
560,1,0,1,Potential_Novel_Family
561,0,1,1,Known_Family_Only
562,0,1,1,Known_Family_Only
13406,0,1,1,Known_Family_Only
13407,0,1,1,Known_Family_Only
13408,1,0,1,Potential_Novel_Family
13410,1,0,1,Potential_Novel_Family
13412,1,0,1,Potential_Novel_Family
13413,0,1,1,Known_Family_Only
13414,0,1,1,Known_Family_Only
13415,1,0,1,Potential_Novel_Family
13470,1,0,1,Potential_Novel_Family
13471,1,0,1,Potential_Novel_Family
13472,0,1,1,Known_Family_Only
13473,0,1,1,Known_Family_Only
13474,0,1,1,Known_Family_Only
13475,1,0,1,Potential_Novel_Family
13476,0,1,1,Known_Family_Only
13477,0,1,1,Known_Family_Only
13458,0,1,1,Known_Family_Only
13459,1,0,1,Potential_Novel_Family
13460,0,1,1,Known_Family_Only
13463,1,0,1,Potential_Novel_Family
13465,0,1,1,Known_Family_Only
13466,1,0,1,Potential_Novel_Family
13467,1,0,1,Potential_Novel_Family
13469,1,0,1,Potential_Novel_Family
13444,0,1,1,Known_Family_Only
13447,1,0,1,Potential_Novel_Family
13448,1,0,1,Potential_Novel_Family
13449,0,1,1,Known_Family_Only
13452,1,0,1,Potential_Novel_Family
13453,1,0,1,Potential_Novel_Family
13456,1,0,1,Potential_Novel_Family
13457,1,0,1,Potential_Novel_Family
13430,1,0,1,Potential_Novel_Family
13431,0,1,1,Known_Family_Only
13432,1,0,1,Potential_Novel_Family
13435,1,0,1,Potential_Novel_Family
13436,1,0,1,Potential_Novel_Family
13437,0,1,1,Known_Family_Only
13439,1,0,1,Potential_Novel_Family
13441,1,0,1,Potential_Novel_Family
13496,1,0,1,Potential_Novel_Family
13497,1,0,1,Potential_Novel_Family
13498,1,0,1,Potential_Novel_Family
13499,1,0,1,Potential_Novel_Family
13500,1,0,1,Potential_Novel_Family
13502,1,0,1,Potential_Novel_Family
13503,1,0,1,Potential_Novel_Family
13504,1,0,1,Potential_Novel_Family
551,1,0,1,Potential_Novel_Family
13487,0,1,1,Known_Family_Only
13488,1,0,1,Potential_Novel_Family
13489,0,1,1,Known_Family_Only
13491,0,1,1,Known_Family_Only
13493,0,1,1,Known_Family_Only
13494,0,1,1,Known_Family_Only
13495,1,0,1,Potential_Novel_Family
530,1,0,1,Potential_Novel_Family
538,0,1,1,Known_Family_Only
541,1,0,1,Potential_Novel_Family
542,0,1,1,Known_Family_Only
544,1,0,1,Potential_Novel_Family
545,1,0,1,Potential_Novel_Family
546,0,1,1,Known_Family_Only
550,1,0,1,Potential_Novel_Family
13478,1,0,1,Potential_Novel_Family
13479,0,1,1,Known_Family_Only
13480,0,1,1,Known_Family_Only
13481,1,0,1,Potential_Novel_Family
13483,0,1,1,Known_Family_Only
13484,1,0,1,Potential_Novel_Family
526,1,0,1,Potential_Novel_Family
527,0,1,1,Known_Family_Only
13522,1,0,1,Potential_Novel_Family
13523,0,1,1,Known_Family_Only
13524,0,1,1,Known_Family_Only
13525,0,1,1,Known_Family_Only
13526,1,0,1,Potential_Novel_Family
13527,0,1,1,Known_Family_Only
13528,1,0,1,Potential_Novel_Family
13530,0,1,1,Known_Family_Only
508,0,1,1,Known_Family_Only
509,1,0,1,Potential_Novel_Family
512,1,0,1,Potential_Novel_Family
514,1,0,1,Potential_Novel_Family
519,0,1,1,Known_Family_Only
13519,1,0,1,Potential_Novel_Family
13520,0,1,1,Known_Family_Only
13521,1,0,1,Potential_Novel_Family
13516,0,1,1,Known_Family_Only
494,1,0,1,Potential_Novel_Family
496,1,0,1,Potential_Novel_Family
497,1,0,1,Potential_Novel_Family
498,1,0,1,Potential_Novel_Family
500,0,1,1,Known_Family_Only
502,0,1,1,Known_Family_Only
506,0,1,1,Known_Family_Only
13505,0,1,1,Known_Family_Only
13506,1,0,1,Potential_Novel_Family
13507,1,0,1,Potential_Novel_Family
13508,1,0,1,Potential_Novel_Family
13509,0,1,1,Known_Family_Only
13510,0,1,1,Known_Family_Only
13512,1,0,1,Potential_Novel_Family
13514,1,0,1,Potential_Novel_Family
13553,0,1,1,Known_Family_Only
13554,0,1,1,Known_Family_Only
13555,0,1,1,Known_Family_Only
13558,1,0,1,Potential_Novel_Family
13559,1,0,1,Potential_Novel_Family
13560,0,1,1,Known_Family_Only
13562,1,0,1,Potential_Novel_Family
13563,1,0,1,Potential_Novel_Family
478,0,1,1,Known_Family_Only
479,1,0,1,Potential_Novel_Family
480,1,0,1,Potential_Novel_Family
482,1,0,1,Potential_Novel_Family
488,0,1,1,Known_Family_Only
491,1,0,1,Potential_Novel_Family
13549,1,0,1,Potential_Novel_Family
13551,1,0,1,Potential_Novel_Family
13543,0,1,1,Known_Family_Only
13546,0,1,1,Known_Family_Only
464,1,0,1,Potential_Novel_Family
468,1,0,1,Potential_Novel_Family
469,0,1,1,Known_Family_Only
470,1,0,1,Potential_Novel_Family
474,1,0,1,Potential_Novel_Family
475,0,1,1,Known_Family_Only
13532,0,1,1,Known_Family_Only
13533,0,1,1,Known_Family_Only
13535,0,1,1,Known_Family_Only
13536,1,0,1,Potential_Novel_Family
13537,1,0,1,Potential_Novel_Family
13538,1,0,1,Potential_Novel_Family
13539,1,0,1,Potential_Novel_Family
13542,1,0,1,Potential_Novel_Family
13594,0,1,1,Known_Family_Only
13595,0,1,1,Known_Family_Only
13596,1,0,1,Potential_Novel_Family
13597,1,0,1,Potential_Novel_Family
13598,1,0,1,Potential_Novel_Family
13599,0,1,1,Known_Family_Only
13600,1,0,1,Potential_Novel_Family
13601,1,0,1,Potential_Novel_Family
13583,0,1,1,Known_Family_Only
13584,0,1,1,Known_Family_Only
13586,1,0,1,Potential_Novel_Family
13587,1,0,1,Potential_Novel_Family
13590,1,0,1,Potential_Novel_Family
13591,1,0,1,Potential_Novel_Family
13592,1,0,1,Potential_Novel_Family
13593,1,0,1,Potential_Novel_Family
13572,0,1,1,Known_Family_Only
13573,0,1,1,Known_Family_Only
13574,1,0,1,Potential_Novel_Family
13575,1,0,1,Potential_Novel_Family
13577,1,0,1,Potential_Novel_Family
13578,1,0,1,Potential_Novel_Family
13581,0,1,1,Known_Family_Only
13582,1,0,1,Potential_Novel_Family
13564,1,0,1,Potential_Novel_Family
13565,1,0,1,Potential_Novel_Family
13566,1,0,1,Potential_Novel_Family
13567,0,1,1,Known_Family_Only
13568,1,0,1,Potential_Novel_Family
13569,1,0,1,Potential_Novel_Family
13570,1,0,1,Potential_Novel_Family
13571,1,0,1,Potential_Novel_Family
13632,0,1,1,Known_Family_Only
13634,1,0,1,Potential_Novel_Family
13635,1,0,1,Potential_Novel_Family
13636,1,0,1,Potential_Novel_Family
13637,0,1,1,Known_Family_Only
13638,1,0,1,Potential_Novel_Family
13640,1,0,1,Potential_Novel_Family
13642,0,1,1,Known_Family_Only
13622,1,0,1,Potential_Novel_Family
13623,1,0,1,Potential_Novel_Family
13624,0,1,1,Known_Family_Only
13627,1,0,1,Potential_Novel_Family
13628,1,0,1,Potential_Novel_Family
13629,1,0,1,Potential_Novel_Family
13630,1,0,1,Potential_Novel_Family
13631,0,1,1,Known_Family_Only
13611,0,1,1,Known_Family_Only
13614,1,0,1,Potential_Novel_Family
13615,1,0,1,Potential_Novel_Family
13616,1,0,1,Potential_Novel_Family
13617,0,1,1,Known_Family_Only
13619,1,0,1,Potential_Novel_Family
13620,1,0,1,Potential_Novel_Family
13621,0,1,1,Known_Family_Only
13602,1,0,1,Potential_Novel_Family
13603,1,0,1,Potential_Novel_Family
13604,1,0,1,Potential_Novel_Family
13606,0,1,1,Known_Family_Only
13607,0,1,1,Known_Family_Only
13608,1,0,1,Potential_Novel_Family
13609,0,1,1,Known_Family_Only
13610,1,0,1,Potential_Novel_Family
13655,0,1,1,Known_Family_Only
13657,1,0,1,Potential_Novel_Family
13659,0,1,1,Known_Family_Only
13660,1,0,1,Potential_Novel_Family
13662,0,1,1,Known_Family_Only
13663,0,1,1,Known_Family_Only
13667,1,0,1,Potential_Novel_Family
13668,0,1,1,Known_Family_Only
13646,1,0,1,Potential_Novel_Family
13647,0,1,1,Known_Family_Only
13648,1,0,1,Potential_Novel_Family
13649,1,0,1,Potential_Novel_Family
13650,1,0,1,Potential_Novel_Family
13651,1,0,1,Potential_Novel_Family
13653,1,0,1,Potential_Novel_Family
13654,1,0,1,Potential_Novel_Family
446,1,0,1,Potential_Novel_Family
449,0,1,1,Known_Family_Only
452,0,1,1,Known_Family_Only
454,0,1,1,Known_Family_Only
455,0,1,1,Known_Family_Only
456,1,0,1,Potential_Novel_Family
457,1,0,1,Potential_Novel_Family
459,0,1,1,Known_Family_Only
13643,1,0,1,Potential_Novel_Family
429,0,1,1,Known_Family_Only
431,1,0,1,Potential_Novel_Family
434,0,1,1,Known_Family_Only
435,1,0,1,Potential_Novel_Family
437,1,0,1,Potential_Novel_Family
441,0,1,1,Known_Family_Only
443,1,0,1,Potential_Novel_Family
13681,0,1,1,Known_Family_Only
13682,1,0,1,Potential_Novel_Family
13683,1,0,1,Potential_Novel_Family
13684,1,0,1,Potential_Novel_Family
13685,1,0,1,Potential_Novel_Family
13686,1,0,1,Potential_Novel_Family
13687,1,0,1,Potential_Novel_Family
13688,0,1,1,Known_Family_Only
419,0,1,1,Known_Family_Only
420,0,1,1,Known_Family_Only
421,1,0,1,Potential_Novel_Family
423,1,0,1,Potential_Novel_Family
426,1,0,1,Potential_Novel_Family
13677,1,0,1,Potential_Novel_Family
13678,1,0,1,Potential_Novel_Family
13680,1,0,1,Potential_Novel_Family
405,1,0,1,Potential_Novel_Family
406,1,0,1,Potential_Novel_Family
407,1,0,1,Potential_Novel_Family
408,1,0,1,Potential_Novel_Family
409,0,1,1,Known_Family_Only
412,1,0,1,Potential_Novel_Family
414,1,0,1,Potential_Novel_Family
415,1,0,1,Potential_Novel_Family
13670,1,0,1,Potential_Novel_Family
13671,1,0,1,Potential_Novel_Family
13672,1,0,1,Potential_Novel_Family
13673,1,0,1,Potential_Novel_Family
13675,0,1,1,Known_Family_Only
397,0,1,1,Known_Family_Only
399,0,1,1,Known_Family_Only
400,0,1,1,Known_Family_Only
13720,1,0,1,Potential_Novel_Family
13721,1,0,1,Potential_Novel_Family
13723,1,0,1,Potential_Novel_Family
13724,1,0,1,Potential_Novel_Family
13725,0,1,1,Known_Family_Only
13726,0,1,1,Known_Family_Only
13727,1,0,1,Potential_Novel_Family
13728,1,0,1,Potential_Novel_Family
13710,0,1,1,Known_Family_Only
13711,1,0,1,Potential_Novel_Family
13712,0,1,1,Known_Family_Only
13713,1,0,1,Potential_Novel_Family
13714,0,1,1,Known_Family_Only
13715,1,0,1,Potential_Novel_Family
13717,0,1,1,Known_Family_Only
13718,1,0,1,Potential_Novel_Family
13702,1,0,1,Potential_Novel_Family
13703,1,0,1,Potential_Novel_Family
13704,1,0,1,Potential_Novel_Family
13705,1,0,1,Potential_Novel_Family
13706,1,0,1,Potential_Novel_Family
13707,0,1,1,Known_Family_Only
13708,1,0,1,Potential_Novel_Family
13709,1,0,1,Potential_Novel_Family
13689,0,1,1,Known_Family_Only
13690,0,1,1,Known_Family_Only
13691,0,1,1,Known_Family_Only
13697,1,0,1,Potential_Novel_Family
13698,1,0,1,Potential_Novel_Family
13699,1,0,1,Potential_Novel_Family
13700,1,0,1,Potential_Novel_Family
13701,1,0,1,Potential_Novel_Family
13759,1,0,1,Potential_Novel_Family
13762,1,0,1,Potential_Novel_Family
13763,1,0,1,Potential_Novel_Family
13764,0,1,1,Known_Family_Only
13765,1,0,1,Potential_Novel_Family
13766,1,0,1,Potential_Novel_Family
13767,1,0,1,Potential_Novel_Family
13768,1,0,1,Potential_Novel_Family
13751,1,0,1,Potential_Novel_Family
13752,0,1,1,Known_Family_Only
13753,1,0,1,Potential_Novel_Family
13754,0,1,1,Known_Family_Only
13755,0,1,1,Known_Family_Only
13756,1,0,1,Potential_Novel_Family
13757,1,0,1,Potential_Novel_Family
13758,0,1,1,Known_Family_Only
13739,0,1,1,Known_Family_Only
13743,1,0,1,Potential_Novel_Family
13744,1,0,1,Potential_Novel_Family
13745,0,1,1,Known_Family_Only
13747,0,1,1,Known_Family_Only
13748,1,0,1,Potential_Novel_Family
13749,1,0,1,Potential_Novel_Family
13750,0,1,1,Known_Family_Only
13729,0,1,1,Known_Family_Only
13731,0,1,1,Known_Family_Only
13732,0,1,1,Known_Family_Only
13733,0,1,1,Known_Family_Only
13735,1,0,1,Potential_Novel_Family
13736,1,0,1,Potential_Novel_Family
13737,1,0,1,Potential_Novel_Family
13738,1,0,1,Potential_Novel_Family
13782,0,1,1,Known_Family_Only
13783,1,0,1,Potential_Novel_Family
13784,0,1,1,Known_Family_Only
13785,1,0,1,Potential_Novel_Family
13787,0,1,1,Known_Family_Only
13788,1,0,1,Potential_Novel_Family
13790,1,0,1,Potential_Novel_Family
13793,1,0,1,Potential_Novel_Family
396,1,0,1,Potential_Novel_Family
13773,0,1,1,Known_Family_Only
13774,1,0,1,Potential_Novel_Family
13775,0,1,1,Known_Family_Only
13777,0,1,1,Known_Family_Only
13778,1,0,1,Potential_Novel_Family
13779,1,0,1,Potential_Novel_Family
13781,1,0,1,Potential_Novel_Family
374,0,1,1,Known_Family_Only
375,0,1,1,Known_Family_Only
376,0,1,1,Known_Family_Only
382,1,0,1,Potential_Novel_Family
383,1,0,1,Potential_Novel_Family
388,1,0,1,Potential_Novel_Family
394,0,1,1,Known_Family_Only
395,1,0,1,Potential_Novel_Family
13770,1,0,1,Potential_Novel_Family
13772,0,1,1,Known_Family_Only
365,1,0,1,Potential_Novel_Family
367,1,0,1,Potential_Novel_Family
368,1,0,1,Potential_Novel_Family
371,1,0,1,Potential_Novel_Family
372,1,0,1,Potential_Novel_Family
373,1,0,1,Potential_Novel_Family
13814,1,0,1,Potential_Novel_Family
13815,1,0,1,Potential_Novel_Family
13816,1,0,1,Potential_Novel_Family
13817,1,0,1,Potential_Novel_Family
13819,1,0,1,Potential_Novel_Family
13820,0,1,1,Known_Family_Only
13821,0,1,1,Known_Family_Only
13823,1,0,1,Potential_Novel_Family
13805,1,0,1,Potential_Novel_Family
13806,1,0,1,Potential_Novel_Family
13807,1,0,1,Potential_Novel_Family
13808,1,0,1,Potential_Novel_Family
13809,1,0,1,Potential_Novel_Family
13810,1,0,1,Potential_Novel_Family
13811,1,0,1,Potential_Novel_Family
13812,0,1,1,Known_Family_Only
336,0,1,1,Known_Family_Only
343,1,0,1,Potential_Novel_Family
345,1,0,1,Potential_Novel_Family
346,0,1,1,Known_Family_Only
351,0,1,1,Known_Family_Only
352,1,0,1,Potential_Novel_Family
360,0,1,1,Known_Family_Only
364,0,1,1,Known_Family_Only
13794,0,1,1,Known_Family_Only
13795,1,0,1,Potential_Novel_Family
13796,1,0,1,Potential_Novel_Family
13797,1,0,1,Potential_Novel_Family
13798,0,1,1,Known_Family_Only
13801,1,0,1,Potential_Novel_Family
13802,1,0,1,Potential_Novel_Family
13803,1,0,1,Potential_Novel_Family
287,1,0,1,Potential_Novel_Family
288,1,0,1,Potential_Novel_Family
295,1,0,1,Potential_Novel_Family
296,0,1,1,Known_Family_Only
13837,1,0,1,Potential_Novel_Family
13838,1,0,1,Potential_Novel_Family
13839,1,0,1,Potential_Novel_Family
13840,1,0,1,Potential_Novel_Family
325,1,0,1,Potential_Novel_Family
269,1,0,1,Potential_Novel_Family
273,1,0,1,Potential_Novel_Family
275,0,1,1,Known_Family_Only
278,0,1,1,Known_Family_Only
279,0,1,1,Known_Family_Only
281,0,1,1,Known_Family_Only
285,0,1,1,Known_Family_Only
13835,0,1,1,Known_Family_Only
13836,0,1,1,Known_Family_Only
302,1,0,1,Potential_Novel_Family
307,0,1,1,Known_Family_Only
311,1,0,1,Potential_Novel_Family
314,1,0,1,Potential_Novel_Family
320,1,0,1,Potential_Novel_Family
323,1,0,1,Potential_Novel_Family
13824,1,0,1,Potential_Novel_Family
13826,0,1,1,Known_Family_Only
13827,0,1,1,Known_Family_Only
13828,0,1,1,Known_Family_Only
13829,0,1,1,Known_Family_Only
13830,0,1,1,Known_Family_Only
13831,1,0,1,Potential_Novel_Family
13833,1,0,1,Potential_Novel_Family
13885,0,1,1,Known_Family_Only
13886,1,0,1,Potential_Novel_Family
13888,1,0,1,Potential_Novel_Family
13891,1,0,1,Potential_Novel_Family
13892,1,0,1,Potential_Novel_Family
13893,1,0,1,Potential_Novel_Family
13894,0,1,1,Known_Family_Only
13895,1,0,1,Potential_Novel_Family
13872,1,0,1,Potential_Novel_Family
13873,1,0,1,Potential_Novel_Family
13878,1,0,1,Potential_Novel_Family
13879,1,0,1,Potential_Novel_Family
13881,0,1,1,Known_Family_Only
13882,0,1,1,Known_Family_Only
13883,1,0,1,Potential_Novel_Family
13884,1,0,1,Potential_Novel_Family
13856,1,0,1,Potential_Novel_Family
13860,1,0,1,Potential_Novel_Family
13861,0,1,1,Known_Family_Only
13864,1,0,1,Potential_Novel_Family
13866,1,0,1,Potential_Novel_Family
13867,1,0,1,Potential_Novel_Family
13870,0,1,1,Known_Family_Only
13871,1,0,1,Potential_Novel_Family
13843,1,0,1,Potential_Novel_Family
13844,0,1,1,Known_Family_Only
13845,1,0,1,Potential_Novel_Family
13846,0,1,1,Known_Family_Only
13847,0,1,1,Known_Family_Only
13848,1,0,1,Potential_Novel_Family
13851,0,1,1,Known_Family_Only
13853,0,1,1,Known_Family_Only
13909,1,0,1,Potential_Novel_Family
13910,0,1,1,Known_Family_Only
13912,1,0,1,Potential_Novel_Family
13913,1,0,1,Potential_Novel_Family
13914,0,1,1,Known_Family_Only
13915,0,1,1,Known_Family_Only
13917,0,1,1,Known_Family_Only
13918,1,0,1,Potential_Novel_Family
260,1,0,1,Potential_Novel_Family
266,1,0,1,Potential_Novel_Family
267,0,1,1,Known_Family_Only
13901,1,0,1,Potential_Novel_Family
13903,1,0,1,Potential_Novel_Family
13904,1,0,1,Potential_Novel_Family
13907,1,0,1,Potential_Novel_Family
13908,0,1,1,Known_Family_Only
245,0,1,1,Known_Family_Only
246,0,1,1,Known_Family_Only
247,0,1,1,Known_Family_Only
249,1,0,1,Potential_Novel_Family
251,0,1,1,Known_Family_Only
253,0,1,1,Known_Family_Only
254,0,1,1,Known_Family_Only
257,0,1,1,Known_Family_Only
13896,0,1,1,Known_Family_Only
13897,1,0,1,Potential_Novel_Family
13898,1,0,1,Potential_Novel_Family
13900,1,0,1,Potential_Novel_Family
240,0,1,1,Known_Family_Only
241,1,0,1,Potential_Novel_Family
243,1,0,1,Potential_Novel_Family
244,1,0,1,Potential_Novel_Family
13949,1,0,1,Potential_Novel_Family
13950,1,0,1,Potential_Novel_Family
13951,1,0,1,Potential_Novel_Family
13952,1,0,1,Potential_Novel_Family
13953,1,0,1,Potential_Novel_Family
13954,0,1,1,Known_Family_Only
13956,1,0,1,Potential_Novel_Family
13957,1,0,1,Potential_Novel_Family
13939,0,1,1,Known_Family_Only
13940,0,1,1,Known_Family_Only
13941,1,0,1,Potential_Novel_Family
13942,1,0,1,Potential_Novel_Family
13944,1,0,1,Potential_Novel_Family
13946,0,1,1,Known_Family_Only
13947,1,0,1,Potential_Novel_Family
13948,0,1,1,Known_Family_Only
13928,0,1,1,Known_Family_Only
13930,0,1,1,Known_Family_Only
13931,1,0,1,Potential_Novel_Family
13933,1,0,1,Potential_Novel_Family
13934,0,1,1,Known_Family_Only
13936,0,1,1,Known_Family_Only
13937,1,0,1,Potential_Novel_Family
13938,0,1,1,Known_Family_Only
13919,0,1,1,Known_Family_Only
13920,1,0,1,Potential_Novel_Family
13921,1,0,1,Potential_Novel_Family
13922,1,0,1,Potential_Novel_Family
13923,1,0,1,Potential_Novel_Family
13924,1,0,1,Potential_Novel_Family
13926,1,0,1,Potential_Novel_Family
13927,0,1,1,Known_Family_Only
13977,1,0,1,Potential_Novel_Family
13978,1,0,1,Potential_Novel_Family
13979,1,0,1,Potential_Novel_Family
13980,1,0,1,Potential_Novel_Family
13981,0,1,1,Known_Family_Only
13982,0,1,1,Known_Family_Only
13983,1,0,1,Potential_Novel_Family
13984,0,1,1,Known_Family_Only
13965,0,1,1,Known_Family_Only
13966,0,1,1,Known_Family_Only
13967,1,0,1,Potential_Novel_Family
13968,0,1,1,Known_Family_Only
13972,1,0,1,Potential_Novel_Family
13974,0,1,1,Known_Family_Only
13975,0,1,1,Known_Family_Only
13976,1,0,1,Potential_Novel_Family
209,0,1,1,Known_Family_Only
211,1,0,1,Potential_Novel_Family
217,0,1,1,Known_Family_Only
221,1,0,1,Potential_Novel_Family
225,1,0,1,Potential_Novel_Family
227,0,1,1,Known_Family_Only
228,0,1,1,Known_Family_Only
235,0,1,1,Known_Family_Only
13958,1,0,1,Potential_Novel_Family
13959,0,1,1,Known_Family_Only
13960,1,0,1,Potential_Novel_Family
13963,1,0,1,Potential_Novel_Family
13964,1,0,1,Potential_Novel_Family
205,0,1,1,Known_Family_Only
206,0,1,1,Known_Family_Only
208,1,0,1,Potential_Novel_Family
168,0,1,1,Known_Family_Only
13997,1,0,1,Potential_Novel_Family
13998,1,0,1,Potential_Novel_Family
13999,1,0,1,Potential_Novel_Family
14000,1,0,1,Potential_Novel_Family
14004,1,0,1,Potential_Novel_Family
14005,1,0,1,Potential_Novel_Family
14007,0,1,1,Known_Family_Only
202,0,1,1,Known_Family_Only
203,0,1,1,Known_Family_Only
144,0,1,1,Known_Family_Only
149,0,1,1,Known_Family_Only
153,1,0,1,Potential_Novel_Family
158,0,1,1,Known_Family_Only
162,0,1,1,Known_Family_Only
166,0,1,1,Known_Family_Only
182,1,0,1,Potential_Novel_Family
184,1,0,1,Potential_Novel_Family
189,1,0,1,Potential_Novel_Family
191,1,0,1,Potential_Novel_Family
193,0,1,1,Known_Family_Only
194,1,0,1,Potential_Novel_Family
195,1,0,1,Potential_Novel_Family
198,1,0,1,Potential_Novel_Family
13985,0,1,1,Known_Family_Only
13986,1,0,1,Potential_Novel_Family
13987,0,1,1,Known_Family_Only
13988,1,0,1,Potential_Novel_Family
13992,1,0,1,Potential_Novel_Family
13995,1,0,1,Potential_Novel_Family
13996,1,0,1,Potential_Novel_Family
178,1,0,1,Potential_Novel_Family
14043,0,1,1,Known_Family_Only
14045,1,0,1,Potential_Novel_Family
14046,1,0,1,Potential_Novel_Family
14048,0,1,1,Known_Family_Only
14049,0,1,1,Known_Family_Only
14050,1,0,1,Potential_Novel_Family
14051,1,0,1,Potential_Novel_Family
14052,1,0,1,Potential_Novel_Family
14031,0,1,1,Known_Family_Only
14033,1,0,1,Potential_Novel_Family
14035,1,0,1,Potential_Novel_Family
14036,0,1,1,Known_Family_Only
14037,1,0,1,Potential_Novel_Family
14039,1,0,1,Potential_Novel_Family
14040,0,1,1,Known_Family_Only
14041,1,0,1,Potential_Novel_Family
14019,1,0,1,Potential_Novel_Family
14020,1,0,1,Potential_Novel_Family
14021,0,1,1,Known_Family_Only
14024,0,1,1,Known_Family_Only
14025,0,1,1,Known_Family_Only
14026,1,0,1,Potential_Novel_Family
14028,1,0,1,Potential_Novel_Family
14030,1,0,1,Potential_Novel_Family
14008,1,0,1,Potential_Novel_Family
14009,0,1,1,Known_Family_Only
14010,1,0,1,Potential_Novel_Family
14011,1,0,1,Potential_Novel_Family
14013,0,1,1,Known_Family_Only
14015,1,0,1,Potential_Novel_Family
14016,0,1,1,Known_Family_Only
14017,0,1,1,Known_Family_Only
14067,0,1,1,Known_Family_Only
14069,0,1,1,Known_Family_Only
14070,1,0,1,Potential_Novel_Family
14071,1,0,1,Potential_Novel_Family
14072,0,1,1,Known_Family_Only
14073,1,0,1,Potential_Novel_Family
14074,1,0,1,Potential_Novel_Family
14075,1,0,1,Potential_Novel_Family
139,0,1,1,Known_Family_Only
140,1,0,1,Potential_Novel_Family
14061,1,0,1,Potential_Novel_Family
14062,1,0,1,Potential_Novel_Family
14063,0,1,1,Known_Family_Only
14064,1,0,1,Potential_Novel_Family
14065,0,1,1,Known_Family_Only
14066,1,0,1,Potential_Novel_Family
114,1,0,1,Potential_Novel_Family
119,1,0,1,Potential_Novel_Family
126,0,1,1,Known_Family_Only
127,1,0,1,Potential_Novel_Family
128,0,1,1,Known_Family_Only
129,1,0,1,Potential_Novel_Family
130,1,0,1,Potential_Novel_Family
136,0,1,1,Known_Family_Only
14053,0,1,1,Known_Family_Only
14054,1,0,1,Potential_Novel_Family
14055,1,0,1,Potential_Novel_Family
14057,1,0,1,Potential_Novel_Family
14059,1,0,1,Potential_Novel_Family
14060,1,0,1,Potential_Novel_Family
109,1,0,1,Potential_Novel_Family
113,0,1,1,Known_Family_Only
14107,1,0,1,Potential_Novel_Family
14108,1,0,1,Potential_Novel_Family
14109,0,1,1,Known_Family_Only
14110,0,1,1,Known_Family_Only
14111,1,0,1,Potential_Novel_Family
14112,0,1,1,Known_Family_Only
14113,1,0,1,Potential_Novel_Family
14114,1,0,1,Potential_Novel_Family
14098,0,1,1,Known_Family_Only
14099,0,1,1,Known_Family_Only
14100,1,0,1,Potential_Novel_Family
14101,0,1,1,Known_Family_Only
14102,1,0,1,Potential_Novel_Family
14103,1,0,1,Potential_Novel_Family
14105,0,1,1,Known_Family_Only
14106,0,1,1,Known_Family_Only
14089,0,1,1,Known_Family_Only
14090,0,1,1,Known_Family_Only
14091,1,0,1,Potential_Novel_Family
14093,1,0,1,Potential_Novel_Family
14094,1,0,1,Potential_Novel_Family
14095,0,1,1,Known_Family_Only
14096,1,0,1,Potential_Novel_Family
14097,1,0,1,Potential_Novel_Family
14077,0,1,1,Known_Family_Only
14078,0,1,1,Known_Family_Only
14080,1,0,1,Potential_Novel_Family
14083,0,1,1,Known_Family_Only
14084,1,0,1,Potential_Novel_Family
14086,1,0,1,Potential_Novel_Family
14087,1,0,1,Potential_Novel_Family
14088,0,1,1,Known_Family_Only
14142,0,1,1,Known_Family_Only
14143,1,0,1,Potential_Novel_Family
14144,0,1,1,Known_Family_Only
14145,0,1,1,Known_Family_Only
14146,1,0,1,Potential_Novel_Family
14147,1,0,1,Potential_Novel_Family
14148,1,0,1,Potential_Novel_Family
14149,0,1,1,Known_Family_Only
14133,1,0,1,Potential_Novel_Family
14134,1,0,1,Potential_Novel_Family
14135,1,0,1,Potential_Novel_Family
14136,0,1,1,Known_Family_Only
14137,0,1,1,Known_Family_Only
14138,1,0,1,Potential_Novel_Family
14139,1,0,1,Potential_Novel_Family
14141,1,0,1,Potential_Novel_Family
14125,0,1,1,Known_Family_Only
14126,0,1,1,Known_Family_Only
14127,1,0,1,Potential_Novel_Family
14128,1,0,1,Potential_Novel_Family
14129,0,1,1,Known_Family_Only
14130,0,1,1,Known_Family_Only
14131,0,1,1,Known_Family_Only
14132,1,0,1,Potential_Novel_Family
14115,0,1,1,Known_Family_Only
14116,0,1,1,Known_Family_Only
14117,1,0,1,Potential_Novel_Family
14119,1,0,1,Potential_Novel_Family
14120,1,0,1,Potential_Novel_Family
14121,0,1,1,Known_Family_Only
14122,0,1,1,Known_Family_Only
14124,0,1,1,Known_Family_Only
14164,0,1,1,Known_Family_Only
14166,0,1,1,Known_Family_Only
14167,1,0,1,Potential_Novel_Family
14168,0,1,1,Known_Family_Only
14169,1,0,1,Potential_Novel_Family
14171,1,0,1,Potential_Novel_Family
14172,1,0,1,Potential_Novel_Family
14173,0,1,1,Known_Family_Only
107,0,1,1,Known_Family_Only
14157,1,0,1,Potential_Novel_Family
14158,1,0,1,Potential_Novel_Family
14159,0,1,1,Known_Family_Only
14160,0,1,1,Known_Family_Only
14161,0,1,1,Known_Family_Only
14162,1,0,1,Potential_Novel_Family
14163,1,0,1,Potential_Novel_Family
87,1,0,1,Potential_Novel_Family
89,0,1,1,Known_Family_Only
92,1,0,1,Potential_Novel_Family
95,1,0,1,Potential_Novel_Family
98,1,0,1,Potential_Novel_Family
101,0,1,1,Known_Family_Only
104,1,0,1,Potential_Novel_Family
106,0,1,1,Known_Family_Only
14150,1,0,1,Potential_Novel_Family
14151,0,1,1,Known_Family_Only
14152,0,1,1,Known_Family_Only
14153,1,0,1,Potential_Novel_Family
14154,0,1,1,Known_Family_Only
14155,1,0,1,Potential_Novel_Family
14156,0,1,1,Known_Family_Only
86,1,0,1,Potential_Novel_Family
14201,0,1,1,Known_Family_Only
14202,1,0,1,Potential_Novel_Family
14203,0,1,1,Known_Family_Only
14204,0,1,1,Known_Family_Only
14205,0,1,1,Known_Family_Only
14206,1,0,1,Potential_Novel_Family
14207,1,0,1,Potential_Novel_Family
14208,1,0,1,Potential_Novel_Family
14193,1,0,1,Potential_Novel_Family
14194,1,0,1,Potential_Novel_Family
14195,0,1,1,Known_Family_Only
14196,1,0,1,Potential_Novel_Family
14197,1,0,1,Potential_Novel_Family
14198,0,1,1,Known_Family_Only
14199,1,0,1,Potential_Novel_Family
14200,1,0,1,Potential_Novel_Family
14184,0,1,1,Known_Family_Only
14185,0,1,1,Known_Family_Only
14186,1,0,1,Potential_Novel_Family
14187,1,0,1,Potential_Novel_Family
14188,1,0,1,Potential_Novel_Family
14189,0,1,1,Known_Family_Only
14190,0,1,1,Known_Family_Only
14192,0,1,1,Known_Family_Only
14174,0,1,1,Known_Family_Only
14175,1,0,1,Potential_Novel_Family
14176,1,0,1,Potential_Novel_Family
14178,0,1,1,Known_Family_Only
14179,0,1,1,Known_Family_Only
14180,0,1,1,Known_Family_Only
14182,0,1,1,Known_Family_Only
14183,0,1,1,Known_Family_Only
14229,1,0,1,Potential_Novel_Family
14230,1,0,1,Potential_Novel_Family
14231,0,1,1,Known_Family_Only
14232,0,1,1,Known_Family_Only
14233,1,0,1,Potential_Novel_Family
14234,0,1,1,Known_Family_Only
14235,1,0,1,Potential_Novel_Family
14236,1,0,1,Potential_Novel_Family
14221,0,1,1,Known_Family_Only
14222,1,0,1,Potential_Novel_Family
14223,0,1,1,Known_Family_Only
14224,1,0,1,Potential_Novel_Family
14225,0,1,1,Known_Family_Only
14226,1,0,1,Potential_Novel_Family
14227,0,1,1,Known_Family_Only
14228,1,0,1,Potential_Novel_Family
14218,0,1,1,Known_Family_Only
14219,1,0,1,Potential_Novel_Family
14220,1,0,1,Potential_Novel_Family
53,0,1,1,Known_Family_Only
63,0,1,1,Known_Family_Only
68,0,1,1,Known_Family_Only
70,1,0,1,Potential_Novel_Family
76,0,1,1,Known_Family_Only
14209,1,0,1,Potential_Novel_Family
14210,1,0,1,Potential_Novel_Family
14212,0,1,1,Known_Family_Only
14213,1,0,1,Potential_Novel_Family
14214,1,0,1,Potential_Novel_Family
14215,1,0,1,Potential_Novel_Family
14216,1,0,1,Potential_Novel_Family
14217,1,0,1,Potential_Novel_Family
14326,0,1,1,Known_Family_Only
14327,1,0,1,Potential_Novel_Family
14328,0,1,1,Known_Family_Only
14329,0,1,1,Known_Family_Only
14330,1,0,1,Potential_Novel_Family
8,0,1,1,Known_Family_Only
14332,0,1,1,Known_Family_Only
14289,1,0,1,Potential_Novel_Family
14318,0,1,1,Known_Family_Only
12,1,0,1,Potential_Novel_Family
14320,1,0,1,Potential_Novel_Family
14321,1,0,1,Potential_Novel_Family
14322,1,0,1,Potential_Novel_Family
14323,1,0,1,Potential_Novel_Family
14324,1,0,1,Potential_Novel_Family
14325,0,1,1,Known_Family_Only
14278,0,1,1,Known_Family_Only
14279,0,1,1,Known_Family_Only
14280,0,1,1,Known_Family_Only
14281,1,0,1,Potential_Novel_Family
14282,1,0,1,Potential_Novel_Family
14283,1,0,1,Potential_Novel_Family
14284,1,0,1,Potential_Novel_Family
14317,1,0,1,Potential_Novel_Family
14270,1,0,1,Potential_Novel_Family
14271,1,0,1,Potential_Novel_Family
14272,1,0,1,Potential_Novel_Family
14273,0,1,1,Known_Family_Only
14274,1,0,1,Potential_Novel_Family
14275,0,1,1,Known_Family_Only
14276,0,1,1,Known_Family_Only
14277,1,0,1,Potential_Novel_Family
14316,1,0,1,Potential_Novel_Family
4782,1,0,1,Potential_Novel_Family
4783,1,0,1,Potential_Novel_Family
4784,1,0,1,Potential_Novel_Family
4785,1,0,1,Potential_Novel_Family
4786,0,1,1,Known_Family_Only
4787,1,0,1,Potential_Novel_Family
4788,1,0,1,Potential_Novel_Family
14306,1,0,1,Potential_Novel_Family
14307,1,0,1,Potential_Novel_Family
14309,1,0,1,Potential_Novel_Family
14310,0,1,1,Known_Family_Only
14312,0,1,1,Known_Family_Only
14313,0,1,1,Known_Family_Only
14314,0,1,1,Known_Family_Only
14315,1,0,1,Potential_Novel_Family
14298,0,1,1,Known_Family_Only
14299,1,0,1,Potential_Novel_Family
14300,0,1,1,Known_Family_Only
14301,1,0,1,Potential_Novel_Family
14302,0,1,1,Known_Family_Only
14303,1,0,1,Potential_Novel_Family
14304,0,1,1,Known_Family_Only
14305,1,0,1,Potential_Novel_Family
14290,1,0,1,Potential_Novel_Family
14291,0,1,1,Known_Family_Only
14292,0,1,1,Known_Family_Only
14293,1,0,1,Potential_Novel_Family
14294,1,0,1,Potential_Novel_Family
14295,1,0,1,Potential_Novel_Family
14296,1,0,1,Potential_Novel_Family
14297,1,0,1,Potential_Novel_Family
